Year,Dive No,Stock Assessment Year,Vehicle,Submersible Type,Area Description,Management Area,Dive Start Time,Dive End Time,Dive Comments,Observer First Name,Observer Last Name,Pilot First Name,Pilot Last Name,Transect Type,Transect No,Transect Date,Transect Start Time,Transect End Time,Transect Fix Method,Transect Comment,Vehicle,Line Length Meters,Stage,Specimen No,Length Direction Deg,Length Mid X Mm,Length Mid Y Mm,Length Mid Z Mm,Length Mm,Length Obs Time,Length Precision Mm,Length Range Mm,Length Rms Mm,Length Comment,Horizontal Direction Deg,Vertical Direction Deg
1989,1338,,Delta,manned,"West Crawfish, offshore",CSEO,6/17/1989,6/17/1989,,Tory,O'Connell,Richard,Slater,Experimental,1,6/17/1989,,,5  minute,"Site 617A, test dive, saw Primnoa, ROV",Delta,1200,,,,,,,,,,,,,,
1989,1339,,Delta,manned,"Whale Bay, offshore",CSEO,6/18/1989,6/18/1989,,Gary,Gundstrom,Richard,Slater,Experimental,1,6/18/1989,,,,"Site 618D, minimal fix data, ROV and LL set here",Delta,,,,,,,,,,,,,,,
1989,1340,,Delta,manned,Triangle off Necker,CSEO,6/18/1989,6/18/1989,,Tory,O'Connell,Robert,Wicklund,Experimental,1,6/18/1989,,,,"Site 618C, set LL gear, one fix only for sub",Delta,,,,,,,,,,,,,,,
1989,1341,,Delta,manned,Triangle off Biorka,CSEO,6/18/1989,6/18/1989,,Dave,Gordon,Richard,Slater,Experimental,1,6/18/1989,,,,"Site 618A, minimal fix data, set LL gear",Delta,,,,,,,,,,,,,,,
1989,1342,,Delta,manned,Triangle off Necker,CSEO,6/18/1989,6/18/1989,,Tory,O'Connell,Robert,Wicklund,Experimental,1,6/18/1989,,,,"Site 618B, transect 5, ROV and LL set here",Delta,,,,,,,,,,,,,,,
1989,1343,,Delta,manned,"Pinnacle, 19 fa.",CSEO,6/19/1989,6/19/1989,,Tory,O'Connell,Richard,Slater,Pinnacles,1,6/19/1989,,,,"Site 619A, transect 6,  no fix data for sub, set LL gear here",Delta,,,,,,,,,,,,,,,
1989,1344,,Delta,manned,"Pinnacle, 34 fa",CSEO,6/19/1989,6/19/1989,,Tory,O'Connell,Richard,Slater,Pinnacles,1,6/19/1989,,,,"Transect 7, used hand held camera",Delta,,,,,,,,,,,,,,,
1989,1347,,Delta,manned,"Pinnacle, 34 fa.",CSEO,6/19/1989,6/19/1989,,Gordon,Kruse,Robert,Wicklund,Pinnacles,1,6/19/1989,,,,"Transect 8, 36 fathom repeat",Delta,,,,,,,,,,,,,,,
1989,1348,,Delta,manned,"Cape Edgecumbe, 8 fa hump",CSEO,6/19/1989,6/19/1989,,Dave,Barto,Richard,Slater,Experimental,1,6/19/1989,,,,"Site 621A, transect 9, ROV and LL set here",Delta,,,,,,,,,,,,,,,
1989,1349,,Delta,manned,"Pinnacle, 19 and 34 fa, edge in front of.",CSEO,6/20/1989,6/20/1989,,Dave,Carlile,Richard,Slater,Pinnacles,1,6/20/1989,,,,"Site 619C, transect 10, ROV and LL set here",Delta,,,,,,,,,,,,,,,
1989,1351,,Delta,manned,Cape Edgecumbe,CSEO,6/20/1989,6/20/1989,,Dave,Carlile,Robert,Wicklund,Experimental,1,6/20/1989,,,,"Site 620B, ROV and LL set here",Delta,,,,,,,,,,,,,,,
1989,1352,,Delta,manned,Cape Edgecumbe,CSEO,6/20/1989,6/20/1989,,Dave,Carlile,Richard,Slater,Experimental,1,6/20/1989,,,,"Site 619D, ROV and LL set here",Delta,,,,,,,,,,,,,,,
1989,1353,,Delta,manned,Cape Edgecumbe,CSEO,6/20/1989,6/20/1989,,Gary,Gundstrom,Robert,Wicklund,Experimental,1,6/20/1989,,,,"Site 620D, ROV and LL set here",Delta,,,,,,,,,,,,,,,
1989,1354,,Delta,manned,"Sitka Sound, western channel",CSEO,6/21/1989,6/21/1989,,Tory,O'Connell,Richard,Slater,Experimental,1,6/21/1989,,,,Site 621A,Delta,,,,,,,,,,,,,,,
1989,1355,,Delta,manned,Sitka Sound,CSEO,6/21/1989,6/21/1989,,Tory,O'Connell,Richard,Slater,Experimental,1,6/21/1989,,,,"Site 621B, ROV",Delta,,,,,,,,,,,,,,,
1989,1356,,Delta,manned,"Sitka Sound, N of Biorka Is.",CSEO,6/21/1989,6/21/1989,,Dave,Carlile,Robert,Wicklund,Experimental,1,6/21/1989,,,,Site 621D,Delta,,,,,,,,,,,,,,,
1989,1357,,Delta,manned,"Biorka Island, N of.",CSEO,6/21/1989,6/21/1989,,Gordon,Kruse,Robert,Wicklund,Experimental,1,6/21/1989,,,,"Site 621C, ROV",Delta,,,,,,,,,,,,,,,
1989,1358,,Delta,manned,"Biorka Island, N of.",CSEO,6/21/1989,6/21/1989,,Tory,O'Connell,Robert,Wicklund,Experimental,1,6/21/1989,,,,,Delta,,,,,,,,,,,,,,,
1990,2033,,Delta,manned,Bieli Rocks,CSEO,8/18/1990,8/18/1990,,Dave,Carlile,Richard,Slater,Reconnaissance,1,8/18/1990,,,5 minute,Transect T1,Delta,1450,,,,,,,,,,,,,,
1990,2034,,Delta,manned,"Pinnacle, 19 fa, east of",CSEO,8/18/1990,8/18/1990,,Tory,O'Connell,Richard,Slater,Line Transect,2,8/18/1990,11:41:00,,5  minute,"Transect T3, on flats E of pinnacle",Delta,1198,,,,,,,,,,,,,,
1990,2034,,Delta,manned,"Pinnacle, 19fa",CSEO,8/18/1990,8/18/1990,,Tory,O'Connell,Richard,Slater,Pinnacles,1,8/18/1990,,,5 minute,Transect T2,Delta,173,,,,,,,,,,,,,,
1990,2035,,Delta,manned,"Biorka Island, off Symonds Bay",CSEO,8/19/1990,8/19/1990,,Dave,Carlile,Richard,Slater,Line Transect,1,8/19/1990,,15:20:34,5  minute,Transect T4,Delta,1301,,,,,,,,,,,,,,
1990,2035,,Delta,manned,"Biorka Island, off Symonds Bay",CSEO,8/19/1990,8/19/1990,,Dave,Carlile,Richard,Slater,Line Transect,2,8/19/1990,,,5  minute,Transect T5,Delta,1766,,,,,,,,,,,,,,
1990,2036,,Delta,manned,"Biorka Island, N.",CSEO,8/19/1990,8/19/1990,,Tory,O'Connell,Robert,Wicklund,Line Transect,1,8/19/1990,,,5  minute,Transect T6,Delta,223,,,,,,,,,,,,,,
1990,2036,,Delta,manned,"Biorka Island, N.",CSEO,8/19/1990,8/19/1990,,Tory,O'Connell,Robert,Wicklund,Line Transect,2,8/19/1990,,,5  minute,Transect T7,Delta,1845,,,,,,,,,,,,,,
1990,2037,,Delta,manned,Sika Sound,CSEO,8/20/1990,8/20/1990,,Dave,Carlile,Richard,Slater,Line Transect,1,8/20/1990,,10:21:00,5  minute,Transect T8,Delta,1615,,,,,,,,,,,,,,
1990,2037,,Delta,manned,Sitka Sound,CSEO,8/20/1990,8/20/1990,,Dave,Carlile,Richard,Slater,Line Transect,2,8/20/1990,10:28:50,,5  minute,Transect T9,Delta,1260,,,,,,,,,,,,,,
1990,2038,,Delta,manned,Cape Edgecumbe,CSEO,8/20/1990,8/20/1990,,Tory,O'Connell,Richard,Slater,Line Transect,1,8/20/1990,,,5  minute,Transect T10,Delta,1465,,,,,,,,,,,,,,
1990,2038,,Delta,manned,Cape Edgecumbe,CSEO,8/20/1990,8/20/1990,,Tory,O'Connell,Richard,Slater,Line Transect,2,8/20/1990,,,5  minute,Transect T11,Delta,1786,,,,,,,,,,,,,,
1990,2039,,Delta,manned,Fairweather Grounds,EYKT,8/21/1990,8/21/1990,,Dave,Carlile,Richard,Slater,Line Transect,1,8/21/1990,,,5  minute,Transect T12,Delta,2005,,,,,,,,,,,,,,
1990,2039,,Delta,manned,Fairweather Grounds,EYKT,8/21/1990,8/21/1990,,Dave,Carlile,Richard,Slater,Line Transect,2,8/21/1990,,,5  minute,Transect T13,Delta,1548,,,,,,,,,,,,,,
1990,2040,,Delta,manned,Fairweather Grounds,EYKT,8/21/1990,8/21/1990,,Barry,Bracken,Robert,Wicklund,Line Transect,2,8/21/1990,,,5  minute,Transect T15,Delta,1347,,,,,,,,,,,,,,
1990,2040,,Delta,manned,Fairweather grounds,EYKT,8/21/1990,8/21/1990,,Barry,Bracken,Robert,Wicklund,Line Transect,1,8/21/1990,11:41:00,12:30:00,5  minute,Transect T14,Delta,1511,,,,,,,,,,,,,,
1990,2041,,Delta,manned,Fairweather Grounds,EYKT,8/21/1990,8/21/1990,,Tory,O'Connell,Richard,Slater,Line Transect,1,8/21/1990,,,5  minute,Transect T16,Delta,1650,,,,,,,,,,,,,,
1990,2041,,Delta,manned,Fairweather Grounds,EYKT,8/21/1990,8/21/1990,,Tory,O'Connell,Richard,Slater,Line Transect,2,8/21/1990,,,5  minute,Transect T17,Delta,1243,,,,,,,,,,,,,,
1990,2043,,Delta,manned,"Fairweather Grounds, 16 fa pinnacle.",EYKT,8/22/1990,8/22/1990,,Dave,Carlile,Richard,Slater,Line Transect,1,8/22/1990,,,5  minute,Transect T18,Delta,2029,,,,,,,,,,,,,,
1990,2045,,Delta,manned,"Fairweather Grounds, 13 fa pinnacle.",EYKT,8/22/1990,8/22/1990,,Tory,O'Connell,Robert,Wicklund,Line Transect,1,8/22/1990,,,5  minute,Transect T19,Delta,669,,,,,,,,,,,,,,
1990,2045,,Delta,manned,"Fairweather Grounds, N of 13 fa pinnacle.",EYKT,8/22/1990,8/22/1990,,Tory,O'Connell,Robert,Wicklund,Line Transect,3,8/22/1990,,,5  minute,Transect T21,Delta,1050,,,,,,,,,,,,,,
1990,2045,,Delta,manned,"Fairweather Grounds, near 13 fa pinnacle.",EYKT,8/22/1990,8/22/1990,,Tory,O'Connell,Robert,Wicklund,Line Transect,2,8/22/1990,,,5  minute,Transect T20,Delta,879,,,,,,,,,,,,,,
1990,2046,,Delta,manned,"Fairweather Grounds, west bank",EYKT,8/23/1990,8/23/1990,,Dave,Carlile,Richard,Slater,Line Transect,1,8/23/1990,,,5  minute,Transect T22,Delta,1156,,,,,,,,,,,,,,
1990,2046,,Delta,manned,"Fairweather Grounds, west bank",EYKT,8/23/1990,8/23/1990,,Dave,Carlile,Richard,Slater,Line Transect,2,8/23/1990,,,5  minute,Transect T23,Delta,1330,,,,,,,,,,,,,,
1990,2046,,Delta,manned,"Fairweather Grounds, west bank",EYKT,8/23/1990,8/23/1990,,Dave,Carlile,Richard,Slater,Line Transect,3,8/23/1990,,,5  minute,Transect T24,Delta,1229,,,,,,,,,,,,,,
1990,2047,,Delta,manned,"Fairweather Grounds, west bank",EYKT,8/23/1990,8/23/1990,,Tory,O'Connell,Robert,Wicklund,Line Transect,1,8/23/1990,,,5  minute,Transect T25,Delta,910,,,,,,,,,,,,,,
1990,2047,,Delta,manned,"Fairweather Grounds, west bank",EYKT,8/23/1990,8/23/1990,,Tory,O'Connell,Robert,Wicklund,Line Transect,2,8/23/1990,,,5  minute,Transect T26,Delta,976,,,,,,,,,,,,,,
1990,2047,,Delta,manned,"Fairweather Grounds, west bank",EYKT,8/23/1990,8/23/1990,,Tory,O'Connell,Robert,Wicklund,Line Transect,3,8/23/1990,,,5  minute,Transect T27,Delta,991,,,,,,,,,,,,,,
1990,2048,,Delta,manned,"Fairweather Grounds, NW end of east bank",EYKT,8/23/1990,8/23/1990,,Dave,Carlile,Richard,Slater,Line Transect,1,8/23/1990,,,5  minute,Transect T28,Delta,1243,,,,,,,,,,,,,,
1990,2048,,Delta,manned,"Fairweather Grounds, NW end of east bank",EYKT,8/23/1990,8/23/1990,,Dave,Carlile,Richard,Slater,Line Transect,2,8/23/1990,,,5  minute,Transect T29,Delta,1416,,,,,,,,,,,,,,
1990,2048,,Delta,manned,"Fairweather Grounds, NW end of east bank",EYKT,8/23/1990,8/23/1990,,Dave,Carlile,Richard,Slater,Line Transect,3,8/23/1990,,,5  minute,Transect T30,Delta,432,,,,,,,,,,,,,,
1990,2050,,Delta,manned,"Fairweather Grounds, west bank",EYKT,8/24/1990,8/24/1990,,Tory,O'Connell,Richard,Slater,Line Transect,1,8/24/1990,,,5  minute,Transect T31,Delta,1119,,,,,,,,,,,,,,
1990,2050,,Delta,manned,"Fairweather Grounds, west bank",EYKT,8/24/1990,8/24/1990,,Tory,O'Connell,Richard,Slater,Line Transect,2,8/24/1990,,,5  minute,Transect T32,Delta,1241,,,,,,,,,,,,,,
1990,2050,,Delta,manned,"Fairweather Grounds, west bank",EYKT,8/24/1990,8/24/1990,,Tory,O'Connell,Richard,Slater,Line Transect,3,8/24/1990,,,5  minute,Transect T33,Delta,1354,,,,,,,,,,,,,,
1990,2051,,Delta,manned,"Fairweather Grounds, west bank",EYKT,8/24/1990,8/24/1990,,Dave,Carlile,Robert,Wicklund,Line Transect,1,8/24/1990,,12:44:07,5  minute,Transect T34,Delta,945,,,,,,,,,,,,,,
1990,2051,,Delta,manned,"Fairweather Grounds, west bank",EYKT,8/24/1990,8/24/1990,,Dave,Carlile,Robert,Wicklund,Line Transect,2,8/24/1990,12:49:05,13:21:59,5  minute,Transect T35,Delta,1277,,,,,,,,,,,,,,
1990,2051,,Delta,manned,"Fairweather Grounds, west bank",EYKT,8/24/1990,8/24/1990,,Dave,Carlile,Robert,Wicklund,Line Transect,3,8/24/1990,13:26:57,13:57:43,5  minute,Transect T36,Delta,1304,,,,,,,,,,,,,,
1990,2052,,Delta,manned,Icy Point 70 fathom shelf,EYKT,8/24/1990,8/24/1990,,Barry,Bracken,Robert,Wicklund,Line Transect,1,8/24/1990,18:58:12,19:28:06,5  minute,Transect T37,Delta,299,,,,,,,,,,,,,,
1990,2054,,Delta,manned,Cape Edgecumbe,CSEO,8/25/1990,8/25/1990,,Tory,O'Connell,Richard,Slater,Line Transect,1,8/25/1990,8:11:30,8:41:02,5  minute,Transect T-38,Delta,1232,,,,,,,,,,,,,,
1990,2054,,Delta,manned,Cape Edgecumbe,CSEO,8/25/1990,8/25/1990,,Tory,O'Connell,Richard,Slater,Line Transect,2,8/25/1990,8:51:00,9:20:19,5  minute,Transect T39,Delta,1452,,,,,,,,,,,,,,
1990,2054,,Delta,manned,Cape Edgecumbe,CSEO,8/25/1990,8/25/1990,,Tory,O'Connell,Richard,Slater,Line Transect,3,8/25/1990,9:33:55,,5  minute,Transect T40,Delta,1269,,,,,,,,,,,,,,
1990,2055,,Delta,manned,Cape Edgecumbe,CSEO,8/25/1990,8/25/1990,,Dave,Carlile,Robert,Wicklund,Line Transect,1,8/25/1990,,11:52:11,5  minute,Transect T41,Delta,1155,,,,,,,,,,,,,,
1990,2055,,Delta,manned,Cape Edgecumbe,CSEO,8/25/1990,8/25/1990,,Dave,Carlile,Robert,Wicklund,Line Transect,2,8/25/1990,,12:32:18,5  minute,Transect T42,Delta,1227,,,,,,,,,,,,,,
1990,2055,,Delta,manned,Cape Edgecumbe,CSEO,8/25/1990,8/25/1990,,Dave,Carlile,Robert,Wicklund,Line Transect,3,8/25/1990,,,5  minute,Transect T43,Delta,1122,,,,,,,,,,,,,,
1990,2056,,Delta,manned,"Cape Edgecumbe, Lazaria",CSEO,8/25/1990,8/25/1990,,Tory,O'Connell,Richard,Slater,Line Transect,1,8/25/1990,,15:26:20,5  minute,Transect T44,Delta,1446,,,,,,,,,,,,,,
1990,2056,,Delta,manned,Sitka Point,CSEO,8/25/1990,8/25/1990,,Tory,O'Connell,Richard,Slater,Line Transect,2,8/25/1990,15:31:07,,5  minute,Transect T45,Delta,1345,,,,,,,,,,,,,,
1990,2056,,Delta,manned,Sitka Point,CSEO,8/25/1990,8/25/1990,,Tory,O'Connell,Richard,Slater,Line Transect,3,8/25/1990,,,5  minute,Transect T46,Delta,1215,,,,,,,,,,,,,,
1991,2227,,Delta,manned,34 fathom Pinnacle,CSEO,5/27/1991,5/27/1991,,Dave,Carlile,Richard,Slater,Line Transect,2,5/27/1991,11:52:08,12:22:00,5  minute,Transect 91-2,Delta,891,,,,,,,,,,,,,,
1991,2227,,Delta,manned,"Pinnacle, 19 fa",CSEO,5/27/1991,5/27/1991,,Dave,Carlile,Richard,Slater,Line Transect,1,5/27/1991,10:50:00,11:32:00,5  minute,Transect 91-1,Delta,623,,,,,,,,,,,,,,
1991,2228,,Delta,manned,Symonds Bay,CSEO,5/27/1991,5/27/1991,,Tory,O'Connell,Dave,Slater,Line Transect,1,5/27/1991,16:00:00,16:37:09,5  minute,Transect 91-03,Delta,1138,,,,,,,,,,,,,,
1991,2229,,Delta,manned,"Biorka Island, 4.5 miles north",CSEO,5/27/1991,5/27/1991,,Dave,Carlile,Dave,Slater,Line Transect,1,5/27/1991,,,5  minute,No picture on screen for fixed video,Delta,869,,,,,,,,,,,,,,
1991,2230,,Delta,manned,Sitka Sound N of Biorka,CSEO,5/28/1991,5/28/1991,,Tory,O'Connell,Richard,Slater,Line Transect,1,5/28/1991,9:45:00,10:15:00,5  minute,"Transect 91-5, circled knob at second fix, made circular transect",Delta,376,,,,,,,,,,,,,,
1991,2230,,Delta,manned,Sitka Sound N of Biorka,CSEO,5/28/1991,5/28/1991,,Tory,O'Connell,Richard,Slater,Line Transect,2,5/28/1991,10:17:31,10:48:00,5  minute,Transect 91-6,Delta,676,,,,,,,,,,,,,,
1991,2231,,Delta,manned,Sitka Sound,CSEO,5/28/1991,5/28/1991,,Dave,Carlile,Dave,Slater,Line Transect,1,5/28/1991,,,5  minute,Didn't turn on 8mm,Delta,192,,,,,,,,,,,,,,
1991,2231,,Delta,manned,Sitka Sound,CSEO,5/28/1991,5/28/1991,,Dave,Carlile,Dave,Slater,Line Transect,2,5/28/1991,12:38:23,13:17:00,5  minute,Transect 91-8,Delta,893,,,,,,,,,,,,,,
1991,2232,,Delta,manned,Salisbury offshore,CSEO,5/29/1991,5/29/1991,,Tory,O'Connell,Richard,Slater,Line Transect,1,5/29/1991,12:05:00,12:50:00,5  minute,"Transect 91-9, start and end time via Rich/Pisces",Delta,675,,,,,,,,,,,,,,
1991,2232,,Delta,manned,Salisbury offshore,CSEO,5/29/1991,5/29/1991,,Tory,O'Connell,Richard,Slater,Line Transect,2,5/29/1991,12:54:00,13:38:22,5  minute,"Transect 91-10, start and end Pisces time intermitant all from wheelhouse monitor",Delta,919,,,,,,,,,,,,,,
1991,2233,,Delta,manned,"Kruzof Island, NW",CSEO,5/29/1991,5/29/1991,,Dave,Carlile,Dave,Slater,Line Transect,1,5/29/1991,15:32:30,16:16:00,5  minute,"Transect 91-11, changed time on monitor to correspond with Pisces before first transect",Delta,1204,,,,,,,,,,,,,,
1991,2233,,Delta,manned,"Pt. Kruzof, NW of",CSEO,5/29/1991,5/29/1991,,Dave,Carlile,Dave,Slater,Line Transect,2,5/29/1991,16:27:00,17:16:00,5  minute,Transect 91-12,Delta,1659,,,,,,,,,,,,,,
1991,2236,,Delta,manned,"Shelikof Bay, due west 6 miles",CSEO,5/30/1991,5/30/1991,,Tory,O'Connell,Richard,Slater,Line Transect,1,5/30/1991,7:44:10,8:29:50,5  minute,"Alternate dive number 91-13, Lots of sponges",Delta,1548,,,,,,,,,,,,,,
1991,2237,,Delta,manned,Shelikof Bay,CSEO,5/30/1991,5/30/1991,,Dave,Carlile,Dave,Slater,Line Transect,2,5/30/1991,10:53:57,11:49:48,5  minute,"Transect 91-15, one hour transect",Delta,1954,,,,,,,,,,,,,,
1991,2237,,Delta,manned,Shelikof Bay #2,CSEO,5/30/1991,5/30/1991,,Dave,Carlile,Dave,Slater,Line Transect,1,5/30/1991,9:47:15,10:43:49,5  minute,"Alternate dive number 2237_1, trying 2 one hour transects",Delta,1943,,,,,,,,,,,,,,
1991,2243,,Delta,manned,"Biorka, offshore",CSEO,6/1/1991,6/6/1991,,Tory,O'Connell,Richard,Slater,Line Transect,1,6/6/1991,12:20:08,13:09:22,5  minute,"Transect 91-19, 5 dives yesterday were for the sea cucumber project",Delta,934,,,,,,,,,,,,,,
1991,2243,,Delta,manned,"Biorka, offshore",CSEO,6/1/1991,6/6/1991,,Tory,O'Connell,Richard,Slater,Line Transect,2,6/1/1991,13:13:30,13:43:07,5  minute,Transect 91-20,Delta,1008,,,,,,,,,,,,,,
1991,2244,,Delta,manned,"Cape Edgecumbe, SW",CSEO,6/1/1991,6/1/1991,,Dave,Carlile,Dave,Slater,Line Transect,1,6/1/1991,16:23:14,17:22:36,5  minute,Transect 91-21,Delta,2228,,,,,,,,,,,,,,
1991,2244,,Delta,manned,"Cape Edgecumbe, SW 2.25 miles",CSEO,6/1/1991,6/1/1991,,Dave,Carlile,Dave,Slater,Line Transect,2,6/1/1991,,,5  minute,"Fix 6 was taken at 18:27:25 video time and the tape ran out at 18:28:11Transect 91-22, one hour transect",Delta,2889,,,,,,,,,,,,,,
1991,2245,,Delta,manned,Kruzof Island,CSEO,6/1/1991,6/1/1991,,Dave,Gordon,Richard,Slater,Line Transect,1,6/1/1991,19:48:37,20:33:04,5  minute,Transect 91-23,Delta,1795,,,,,,,,,,,,,,
1991,2245,,Delta,manned,Kruzof Island,CSEO,6/1/1991,6/1/1991,,Dave,Gordon,Richard,Slater,Line Transect,2,6/1/1991,20:38:28,21:23:14,5  minute,Transect 91-24,Delta,2090,,,,,,,,,,,,,,
1991,2246,,Delta,manned,"Necker Bay, W offshore",CSEO,6/2/1991,6/2/1991,,Tory,O'Connell,Dave,Slater,Line Transect,1,6/2/1991,11:34:25,12:25:26,5  minute,Transect 91-25,Delta,1665,,,,,,,,,,,,,,
1991,2246,,Delta,manned,"Necker Bay, offshore",CSEO,6/2/1991,6/2/1991,,Tory,O'Connell,Dave,Slater,Line Transect,2,6/2/1991,12:32:39,13:16:30,5  minute,Transect 91-26,Delta,1618,,,,,,,,,,,,,,
1991,2247,,Delta,manned,Off Crawfish,CSEO,6/2/1991,6/2/1991,,Dave,Carlile,Richard,Slater,Line Transect,1,6/2/1991,14:23:55,15:50:18,5  minute,Transect 91-27,Delta,2353,,,,,,,,,,,,,,
1991,2248,,Delta,manned,St. Lazaria,CSEO,6/3/1991,6/3/1991,,Tory,O'Connell,Dave,Slater,Experimental,1,6/3/1991,0:03:36,1:05:00,5  minute,"Transect 91-28, night dive",Delta,2164,,,,,,,,,,,,,,
1991,2249,,Delta,manned,St. Lazaria,CSEO,6/3/1991,6/3/1991,,Tory,O'Connell,Dave,Slater,Experimental,1,6/3/1991,0:09:20,10:20:00,5  minute,"Transect 91-29, day dive in same place as 2248_1",Delta,2270,,,,,,,,,,,,,,
1991,2250,,Delta,manned,"Beaver Point, 80 fm",CSEO,6/3/1991,6/3/1991,,Dave,Carlile,Richard,Slater,Line Transect,2,6/3/1991,13:23:33,14:26:08,5  minute,Transect 91-31,Delta,1973,,,,,,,,,,,,,,
1991,2250,,Delta,manned,Cape Edgecumbe,CSEO,6/3/1991,6/3/1991,,Dave,Carlile,Richard,Slater,Line Transect,1,6/3/1991,12:22:20,13:18:53,5  minute,Transect 91-30,Delta,2109,,,,,,,,,,,,,,
1991,2251,,Delta,manned,Cape Edgecumbe,CSEO,6/3/1991,6/3/1991,,Dave,Gordon,Dave,Slater,Aborted,2,6/3/1991,17:24:05,17:47:55,5  minute,Transect 91-33,Delta,741,,,,,,,,,,,,,,
1991,2251,,Delta,manned,Cape Edgecumbe,CSEO,6/3/1991,6/3/1991,,Dave,Gordon,Dave,Slater,Line Transect,1,6/3/1991,16:19:18,17:20:12,5  minute,Transect 91-32,Delta,2470,,,,,,,,,,,,,,
1992,2713,,Delta,manned,"Shelikof Bay, (SW of), off Neva Bay 4 mi offshore",CSEO,4/22/1992,4/22/1992,,Tory,O'Connell,Richard,Slater,Lingcod Nesting,1,4/22/1992,,,5 minute,Lingcod Project,Delta,969,,,,,,,,,,,,,,
1992,2714,,Delta,manned,"Neva Bay, north of and 1 mile offshore",CSEO,4/22/1992,4/22/1992,,Tory,O'Connell,Chris,Ijames,Lingcod Nesting,1,4/22/1992,,,5 minute,,Delta,1296,,,,,,,,,,,,,,
1992,2715,,Delta,manned,"Shelikof, SW 3 mi offshore",CSEO,4/22/1992,4/22/1992,,Diedra,Holum,Dave,Slater,Lingcod Nesting,1,4/22/1992,,,5 minute,,Delta,580,,,,,,,,,,,,,,
1992,2716,,Delta,manned,,CSEO,4/22/1992,4/22/1992,,Tory,O'Connell,Chris,Ijames,Lingcod Nesting,1,4/22/1992,,,5 minute,,Delta,686,,,,,,,,,,,,,,
1992,2717,,Delta,manned,Pinnacles,CSEO,4/23/1992,4/23/1992,,Tory,O'Connell,Richard,Slater,Lingcod Nesting,1,4/23/1992,,,,"2 nests at 66 meter depth near fix 1, dive started at 9:45 but no GPS fix",Delta,,,,,,,,,,,,,,,
1992,2718,,Delta,manned,Pinnacle,CSEO,4/23/1992,4/23/1992,,Beverly,Richardson,Dave,Slater,Lingcod Nesting,1,4/23/1992,,,5 minute,,Delta,90,,,,,,,,,,,,,,
1992,2719,,Delta,manned,Pinnacle,CSEO,4/23/1992,4/23/1992,,Diedra,Holum,Chris,Ijames,Lingcod Nesting,1,4/23/1992,,,5 minute,,Delta,200,,,,,,,,,,,,,,
1992,2720,,Delta,manned,Pinnacle,CSEO,4/23/1992,4/23/1992,,Tory,O'Connell,Richard,Slater,Lingcod Nesting,1,4/23/1992,,,5 minute,"Nest at 38 meter depth, fix 1 (may be incorrect lat and long), habitat there Big B 10ft-20ft diameter",Delta,970,,,,,,,,,,,,,,
1992,2723,,Delta,manned,"Point Mary, NW of",CSEO,4/24/1992,4/24/1992,,Tory,O'Connell,Richard,Slater,Lingcod Nesting,1,4/24/1992,,,5 minute,Few lingcod,Delta,791,,,,,,,,,,,,,,
1992,2724,,Delta,manned,Gilmer Bay,CSEO,4/24/1992,4/24/1992,,Diedra,Holum,Dave,Slater,Lingcod Nesting,1,4/24/1992,,,5 minute,,Delta,1535,,,,,,,,,,,,,,
1992,2725,,Delta,manned,Cape Georgiana,CSEO,4/24/1992,4/24/1992,,Tory,O'Connell,Chris,Ijames,Aborted,1,4/24/1992,,,,Aborted due to leak,Delta,,,,,,,,,,,,,,,
1992,2726,,Delta,manned,"Khaz Bay, N of near rock offshore",NSEO,4/25/1992,4/25/1992,,Tory,O'Connell,Richard,Slater,Lingcod Nesting,1,4/25/1992,,,5 minute,,Delta,133,,,,,,,,,,,,,,
1992,2727,,Delta,manned,"Slocum Arm, Trap Point",NSEO,4/25/1992,4/25/1992,,Tory,O'Connell,Dave,Slater,Lingcod Nesting,1,4/25/1992,,,5 minute,"Dove here due to weather, steep rock wall for part of dive",Delta,169,,,,,,,,,,,,,,
1992,2728,,Delta,manned,Slocum Arm,NSEO,4/25/1992,4/25/1992,,Beverly,Richardson,Chris,Ijames,Lingcod Nesting,1,4/25/1992,,,5 minute,,Delta,146,,,,,,,,,,,,,,
1992,2729,,Delta,manned,Bieli Rocks,CSEO,4/25/1992,4/25/1992,,Diedra,Holum,Chris,Ijames,Lingcod Nesting,1,4/25/1992,,,,Short dive,Delta,,,,,,,,,,,,,,,
1992,2730,,Delta,manned,Kanga Bay,CSEO,4/26/1992,4/26/1992,,Tory,O'Connell,Richard,Slater,Lingcod Nesting,1,4/26/1992,,,5 minute,Weather dive,Delta,1171,,,,,,,,,,,,,,
1992,2731,,Delta,manned,Vasilef Bank,CSEO,4/26/1992,4/26/1992,,Tory,O'Connell,Dave,Slater,Lingcod Nesting,1,4/26/1992,,,5 minute,,Delta,416,,,,,,,,,,,,,,
1992,2732,,Delta,manned,Vasilef Bank,CSEO,4/26/1992,4/26/1992,,Diedra,Holum,Chris,Ijames,Lingcod Nesting,1,4/26/1992,,,5 minute,,Delta,1576,,,,,,,,,,,,,,
1992,2733,,Delta,manned,Kulichkof Rock,CSEO,4/26/1992,4/26/1992,,Beverly,Richardson,Dave,Slater,Lingcod Nesting,1,4/26/1992,,,5 minute,Nest at 90 feet fix 5,Delta,592,,,,,,,,,,,,,,
1992,2755,,Delta,manned,Cape Edgecumbe 50 fa,CSEO,4/30/1992,4/30/1992,,Tory,O'Connell,Dave,Slater,Lingcod Nesting,1,4/30/1992,,,5 minute,No nests,Delta,806,,,,,,,,,,,,,,
1992,2756,,Delta,manned,Cape Edgecumbe 45 fa,CSEO,4/30/1992,4/30/1992,,Gary,Gundstrom,Dave,Slater,Lingcod Nesting,1,4/30/1992,,,5 minute,"100 lingcod, no nests in notes",Delta,886,,,,,,,,,,,,,,
1992,2759,,Delta,manned,34 Fathom Pinnacle,CSEO,4/30/1992,4/30/1992,,Tory,O'Connell,Richard,Slater,Lingcod Nesting,1,4/30/1992,,,5 minute,Lots of lingcod but no nests,Delta,977,,,,,,,,,,,,,,
1994,3241,,Delta,manned,Six mile rock,CSEO,5/1/1994,5/1/1994,,Waldo,Wakefield,Dave,Slater,Reconnaissance,1,5/1/1994,,,5 minute,70 fathoms,Delta,312,,,,,,,,,,,,,,
1994,3241,,Delta,manned,Six mile rock,CSEO,5/1/1994,5/1/1994,,Waldo,Wakefield,Dave,Slater,Reconnaissance,2,5/1/1994,,,,70 fathoms,Delta,,,,,,,,,,,,,,,
1994,3242,,Delta,manned,Six mile rock,CSEO,5/1/1994,5/1/1994,,Richard,Starr,Chris,Ijames,Line Transect,1,5/1/1994,16:53:52,17:20:04,5  minute,Shallow,Delta,2480,,,,,,,,,,,,,,
1994,3242,,Delta,manned,Six mile rock,CSEO,5/1/1994,5/1/1994,,Richard,Starr,Chris,Ijames,,2,5/1/1994,,,5  minute,Shallow; no video and paper forms missing,Delta,,,,,,,,,,,,,,,
1994,3243,,Delta,manned,Six mile rock,CSEO,5/1/1994,5/1/1994,,Gary,Greene,Dave,Slater,Geology,1,5/1/1994,,,5  minute,,Delta,127,,,,,,,,,,,,,,
1994,3244,,Delta,manned,Pinnacle,CSEO,5/2/1994,5/2/1994,,Dave,Gordon,Chris,Ijames,Pinnacles,1,5/2/1994,,,5 minute,,Delta,228,,,,,,,,,,,,,,
1994,3245,,Delta,manned,Pinnacle,CSEO,5/2/1994,5/2/1994,,Richard,Starr,Dave,Slater,Pinnacles,1,5/2/1994,9:12:35,9:28:04,5 minute,,Delta,177,,,,,,,,,,,,,,
1994,3246,,Delta,manned,Pinnacle,CSEO,5/2/1994,5/2/1994,,Gary,Greene,Chris,Ijames,Geology,1,5/2/1994,9:56:02,10:30:22,5  minute,,Delta,428,,,,,,,,,,,,,,
1994,3247,,Delta,manned,"Pinnacle, 19 fa",CSEO,5/2/1994,5/2/1994,,Waldo,Wakefield,Dave,Slater,Pinnacles,1,5/2/1994,11:00:26,11:25:13,,Pinnacle dive #4,Delta,,,,,,,,,,,,,,,
1994,3248,,Delta,manned,Kruzof Island,CSEO,5/2/1994,5/2/1994,,Dave,Carlile,Chris,Ijames,Experimental,1,5/2/1994,16:29:17,16:59:00,5  minute,Fishing down 1st transect,Delta,798,,,,,,,,,,,,,,
1994,3248,,Delta,manned,Kruzof Island,CSEO,5/2/1994,5/2/1994,,Dave,Carlile,Chris,Ijames,Experimental,2,5/2/1994,17:13:21,17:40:00,5  minute,Fishing down 2nd transect,Delta,841,,,,,,,,,,,,,,
1994,3248,,Delta,manned,Kruzof Island,CSEO,5/2/1994,5/2/1994,,Dave,Carlile,Chris,Ijames,Experimental,3,5/2/1994,17:44:24,18:10:01,5  minute,Fishing down 3rd transect,Delta,775,,,,,,,,,,,,,,
1994,3248,,Delta,manned,Kruzof Island,CSEO,5/2/1994,5/2/1994,,Dave,Carlile,Chris,Ijames,Experimental,4,5/2/1994,18:18:47,18:45:53,5  minute,Fishing down 4th transect,Delta,840,,,,,,,,,,,,,,
1994,3249,,Delta,manned,Kruzof Island,CSEO,5/3/1994,5/3/1994,,Dave,Carlile,Dave,Slater,Experimental,1,5/3/1994,6:30:31,6:50:59,5  minute,Fishing down 2nd series,Delta,823,,,,,,,,,,,,,,
1994,3249,,Delta,manned,Kruzof Island,CSEO,5/3/1994,5/3/1994,,Dave,Carlile,Dave,Slater,Experimental,2,5/3/1994,7:13:09,7:37:24,5  minute,Fishing down 2nd series,Delta,746,,,,,,,,,,,,,,
1994,3249,,Delta,manned,Kruzof Island,CSEO,5/3/1994,5/3/1994,,Dave,Carlile,Dave,Slater,Experimental,3,5/3/1994,7:48:28,8:13:57,5  minute,Fishing down 2nd series,Delta,854,,,,,,,,,,,,,,
1994,3250,,Delta,manned,Kruzof Island,CSEO,5/3/1994,5/3/1994,,Gary,Greene,Dave,Slater,Geology,1,5/3/1994,,,5  minute,Near Fishing site,Delta,1069,,,,,,,,,,,,,,
1994,3251,,Delta,manned,Gilmer Bay outside,CSEO,5/3/1994,5/3/1994,,Richard,Starr,Chris,Ijames,Line Transect,1,5/3/1994,11:59:57,12:46:08,5  minute,,Delta,1552,,,,,,,,,,,,,,
1994,3251,,Delta,manned,Gilmer Bay outside,CSEO,5/3/1994,5/3/1994,,Richard,Starr,Chris,Ijames,Line Transect,2,5/3/1994,12:58:18,13:43:26,5  minute,,Delta,1554,,,,,,,,,,,,,,
1994,3252,,Delta,manned,Fairweather,EYKT,5/4/1994,5/4/1994,,Gary,Greene,Dave,Slater,Geology,1,5/4/1994,,,5  minute,,Delta,1459,,,,,,,,,,,,,,
1994,3253,,Delta,manned,Fairweather,EYKT,5/4/1994,5/4/1994,,Waldo,Wakefield,Chris,Ijames,Line Transect,1,5/4/1994,9:36:28,10:22:18,5  minute,handheld camera footage,Delta,1302,,,,,,,,,,,,,,
1994,3253,,Delta,manned,Fairweather,EYKT,5/4/1994,5/4/1994,,Waldo,Wakefield,Chris,Ijames,Reconnaissance,2,5/4/1994,,,5 minute,There is only an internal handheld camera tape with the 1994 tapes at the Sitka ADF&G office. The project code was changed from Line Transect to Reconaissance in Dec 2008 for this reason.,Delta,1501,,,,,,,,,,,,,,
1994,3254,,Delta,manned,Fairweather,EYKT,5/4/1994,5/4/1994,,Richard,Starr,Dave,Slater,Line Transect,1,5/4/1994,13:32:07,14:18:04,5  minute,Transect across habitats G & F,Delta,1539,,,,,,,,,,,,,,
1994,3254,,Delta,manned,Fairweather,EYKT,5/4/1994,5/4/1994,,Richard,Starr,Dave,Slater,Line Transect,2,5/4/1994,14:32:39,15:19:04,5  minute,Transect across habitats G & F,Delta,1187,,,,,,,,,,,,,,
1994,3255,,Delta,manned,Fairweather,EYKT,5/4/1994,5/4/1994,,Dave,Carlile,Chris,Ijames,Line Transect,1,5/4/1994,17:11:56,17:57:09,5  minute,,Delta,1596,,,,,,,,,,,,,,
1994,3256,,Delta,manned,Kruzof Lava Field,CSEO,5/6/1994,5/6/1994,,Dave,Carlile,Dave,Slater,Line Transect,1,5/6/1994,9:46:11,10:31:42,5  minute,,Delta,1335,,,,,,,,,,,,,,
1994,3256,,Delta,manned,Kruzof Lava Field,CSEO,5/6/1994,5/6/1994,,Dave,Carlile,Dave,Slater,Line Transect,2,5/6/1994,10:37:23,11:26:49,5  minute,,Delta,1562,,,,,,,,,,,,,,
1994,3257,,Delta,manned,Gilmer Bay,CSEO,5/6/1994,5/6/1994,,Waldo,Wakefield,Chris,Ijames,Aborted,1,5/6/1994,,,,,Delta,,,,,,,,,,,,,,,
1994,3258,,Delta,manned,Shelikof Bay,CSEO,5/6/1994,5/6/1994,,Waldo,Wakefield,Chris,Ijames,Line Transect,1,5/6/1994,14:47:00,15:32:10,5  minute,,Delta,1671,,,,,,,,,,,,,,
1994,3258,,Delta,manned,Shelikof Bay,CSEO,5/6/1994,5/6/1994,,Waldo,Wakefield,Chris,Ijames,Line Transect,2,5/6/1994,15:43:24,16:30:36,5  minute,"16:00:00 lost some video time, 16:04:34 to 16:06:47 audio may not be working properly for a few minutes",Delta,1780,,,,,,,,,,,,,,
1994,3259,,Delta,manned,Kruzof Lava Field,CSEO,5/6/1994,5/6/1994,,Dave,Carlile,Dave,Slater,Line Transect,1,5/6/1994,17:48:46,18:33:43,5  minute,,Delta,1460,,,,,,,,,,,,,,
1994,3260,,Delta,manned,Fishing Down Site,CSEO,5/7/1994,5/7/1994,,Dave,Carlile,Chris,Ijames,Experimental,1,5/7/1994,,,5  minute,Fishing Down,Delta,991,,,,,,,,,,,,,,
1994,3260,,Delta,manned,Fishing Down Site,CSEO,5/7/1994,5/7/1994,,Dave,Carlile,Chris,Ijames,Experimental,2,5/7/1994,,,5  minute,Fishing Down,Delta,998,,,,,,,,,,,,,,
1994,3260,,Delta,manned,Fishing Down Site,CSEO,5/7/1994,5/7/1994,,Dave,Carlile,Chris,Ijames,Experimental,3,5/7/1994,,,5  minute,Fishing Down,Delta,1069,,,,,,,,,,,,,,
1994,3260,,Delta,manned,Fishing Down Site,CSEO,5/7/1994,5/7/1994,,Dave,Carlile,Chris,Ijames,Experimental,4,5/7/1994,,,5  minute,Fishing Down,Delta,1017,,,,,,,,,,,,,,
1994,3261,,Delta,manned,Fishing Down Site,CSEO,5/7/1994,5/7/1994,,Dave,Carlile,Dave,Slater,Experimental,1,5/7/1994,,,5  minute,Fishing Down,Delta,885,,,,,,,,,,,,,,
1994,3261,,Delta,manned,Fishing Down Site,CSEO,5/7/1994,5/7/1994,,Dave,Carlile,Dave,Slater,Experimental,2,5/7/1994,,,5  minute,Fishing Down,Delta,819,,,,,,,,,,,,,,
1994,3261,,Delta,manned,Fishing Down Site,CSEO,5/7/1994,5/7/1994,,Dave,Carlile,Dave,Slater,Experimental,3,5/7/1994,,,5  minute,Fishing Down,Delta,891,,,,,,,,,,,,,,
1994,3261,,Delta,manned,Fishing Down Site,CSEO,5/7/1994,5/7/1994,,Dave,Carlile,Dave,Slater,Experimental,4,5/7/1994,,,5  minute,Fishing Down,Delta,924,,,,,,,,,,,,,,
1994,3262,,Delta,manned,Cape Edgecumbe,CSEO,5/7/1994,5/7/1994,,Waldo,Wakefield,Chris,Ijames,Aborted,2,5/7/1994,,,,Low power,Delta,,,,,,,,,,,,,,,
1994,3262,,Delta,manned,Cape Edgecumbe,CSEO,5/7/1994,5/7/1994,,Waldo,Wakefield,Chris,Ijames,Line Transect,1,5/7/1994,15:52:38,16:36:56,5  minute,,Delta,1755,,,,,,,,,,,,,,
1994,3263,,Delta,manned,,CSEO,5/8/1994,5/8/1994,,,,,,Bounce,1,5/8/1994,,,,Bounce ? Not sure,Delta,,,,,,,,,,,,,,,
1994,3264,,Delta,manned,,CSEO,5/8/1994,5/8/1994,,,,,,Bounce,1,5/8/1994,,,,Bounce ? Not sure,Delta,,,,,,,,,,,,,,,
1994,3265,,Delta,manned,,CSEO,5/8/1994,5/8/1994,,,,,,Bounce,1,5/8/1994,,,,Bounce ? Not sure,Delta,,,,,,,,,,,,,,,
1994,3266,,Delta,manned,,CSEO,5/8/1994,5/8/1994,,,,,,Bounce,1,5/8/1994,,,,Bounce ? Not sure,Delta,,,,,,,,,,,,,,,
1994,3267,,Delta,manned,Biorka Island North side,CSEO,5/8/1994,5/8/1994,,Tory,O'Connell,Chris,Ijames,Line Transect,1,5/8/1994,12:41:12,13:26:12,5  minute,,Delta,32,,,,,,,,,,,,,,
1994,3267,,Delta,manned,Biorka Island North side,CSEO,5/8/1994,5/8/1994,,Tory,O'Connell,Chris,Ijames,Line Transect,2,5/8/1994,13:27:52,13:54:00,5  minute,The video on this dive stopped early - the overlay with the date and time stopped at 13:57:47 and soon after the video went out but the audio remained. The EOT here is the last fix at which the overlay was working. The video went out between fixes.,Delta,33,,,,,,,,,,,,,,
1994,3268,,Delta,manned,Peisar Island/Biorka Channel,CSEO,5/8/1994,5/8/1994,,Waldo,Wakefield,Chris,Ijames,Line Transect,1,5/8/1994,22:39:24,23:24:21,5  minute,Time stamp on video and observer's time do not agree,Delta,1084,,,,,,,,,,,,,,
1994,3269,,Delta,manned,,CSEO,5/8/1994,5/8/1994,,,,,,Bounce,1,5/8/1994,,,5  minute,Bounce? Not sure,Delta,1084,,,,,,,,,,,,,,
1994,3270,,Delta,manned,,CSEO,5/8/1994,5/8/1994,,,,,,Bounce,1,5/8/1994,,,,Bounce? Not sure,Delta,,,,,,,,,,,,,,,
1994,3271,,Delta,manned,,CSEO,5/8/1994,5/8/1994,,,,,,Bounce,1,5/8/1994,,,,Bounce? Not sure,Delta,,,,,,,,,,,,,,,
1994,3272,,Delta,manned,,CSEO,5/8/1994,5/8/1994,,,,,,Bounce,1,5/8/1994,,,,Bounce? Not sure,Delta,,,,,,,,,,,,,,,
1994,3273,,Delta,manned,,CSEO,5/8/1994,5/8/1994,,,,,,Bounce,1,5/8/1994,,,,Bounce? Not sure,Delta,,,,,,,,,,,,,,,
1994,3274,,Delta,manned,Point Theodore,NSEO,5/10/1994,5/10/1994,,Tory,O'Connell,Chris,Ijames,Aborted,2,5/10/1994,,,,,Delta,,,,,,,,,,,,,,,
1994,3274,,Delta,manned,Point Theodore,NSEO,5/10/1994,5/10/1994,,Tory,O'Connell,Chris,Ijames,Line Transect,1,5/10/1994,26:40:43,27:26:38,5  minute,,Delta,1140,,,,,,,,,,,,,,
1994,3275,,Delta,manned,Point Theodore,NSEO,5/10/1994,5/10/1994,,Dave,Gordon,Dave,Slater,Line Transect,1,5/10/1994,29:12:11,29:57:54,5  minute,,Delta,1688,,,,,,,,,,,,,,
1994,3275,,Delta,manned,Point Theodore,NSEO,5/10/1994,5/10/1994,,Dave,Gordon,Dave,Slater,Line Transect,2,5/10/1994,,,5  minute,,Delta,2272,,,,,,,,,,,,,,
1994,3276,,Delta,manned,Squid Bay/Lisianski St.,NSEO,5/10/1994,5/10/1994,,Waldo,Wakefield,Chris,Ijames,Line Transect,1,5/10/1994,13:11:31,13:53:40,5  minute,,Delta,1214,,,,,,,,,,,,,,
1994,3276,,Delta,manned,Squid Bay/Lisianski St.,NSEO,5/10/1994,5/10/1994,,Waldo,Wakefield,Chris,Ijames,Line Transect,2,5/10/1994,14:01:58,14:43:39,5  minute,Time code overlay stopped at 14:22:49 & soon after video went out. Battery was changed & picture resumed at 14:29:26,Delta,1392,,,,,,,,,,,,,,
1994,3277,,Delta,manned,,NSEO,5/10/1994,5/10/1994,,,,,,Bounce,1,5/10/1994,,,,Bounce? Not sure,Delta,,,,,,,,,,,,,,,
1994,3278,,Delta,manned,Chichagof/Little Bay,NSEO,5/11/1994,5/11/1994,,Dave,Gordon,Chris,Ijames,Line Transect,1,5/11/1994,7:14:30,7:54:19,5  minute,,Delta,1540,,,,,,,,,,,,,,
1994,3278,,Delta,manned,Chichagof/Little Bay,NSEO,5/11/1994,5/11/1994,,Dave,Gordon,Chris,Ijames,Line Transect,2,5/11/1994,8:10:11,8:49:19,5  minute,,Delta,1255,,,,,,,,,,,,,,
1994,3279,,Delta,manned,Cape Dearborn,NSEO,5/11/1994,5/11/1994,,Waldo,Wakefield,Dave,Slater,Line Transect,1,5/11/1994,10:14:20,10:51:58,5  minute,,Delta,1104,,,,,,,,,,,,,,
1994,3279,,Delta,manned,Cape Dearborn,NSEO,5/11/1994,5/11/1994,,Waldo,Wakefield,Dave,Slater,Line Transect,2,5/11/1994,10:58:51,,5  minute,,Delta,1147,,,,,,,,,,,,,,
1994,3280,,Delta,manned,Soapstone Pt./Cross Sound,NSEI,5/11/1994,5/11/1994,,Dave,Gordon,Chris,Ijames,Aborted,1,5/11/1994,,,,"Too much current, not enough viz, topography too abrupt",Delta,,,,,,,,,,,,,,,
1994,3281,,Delta,manned,Chichagof/White Sisters,NSEO,5/12/1994,5/12/1994,,Tory,O'Connell,Dave,Slater,Line Transect,1,5/12/1994,14:26:56,15:07:20,5  minute,,Delta,1437,,,,,,,,,,,,,,
1994,3281,,Delta,manned,Chichagof/White Sisters,NSEO,5/12/1994,5/12/1994,,Tory,O'Connell,Dave,Slater,Line Transect,2,5/12/1994,15:14:01,,5  minute,,Delta,1191,,,,,,,,,,,,,,
1994,3282,,Delta,manned,White Sisters,NSEO,5/12/1994,5/12/1994,,Waldo,Wakefield,Chris,Ijames,Line Transect,1,5/12/1994,17:16:20,17:58:07,5  minute,,Delta,987,,,,,,,,,,,,,,
1994,3282,,Delta,manned,White Sisters,NSEO,5/12/1994,5/12/1994,,Waldo,Wakefield,Chris,Ijames,Line Transect,2,5/12/1994,,,5  minute,,Delta,1255,,,,,,,,,,,,,,
1994,3283,,Delta,manned,Cape Georgiana,CSEO,5/12/1994,5/12/1994,identified on video as dive 3282 by observer,Dave,Gordon,Dave,Slater,Line Transect,1,5/12/1994,7:11:18,7:51:24,5  minute,identified on video as dive 3282 by observer,Delta,1010,,,,,,,,,,,,,,
1994,3283,,Delta,manned,Cape Georgiana,CSEO,5/12/1994,5/12/1994,identified on video as dive 3282 by observer,Dave,Gordon,Dave,Slater,Line Transect,2,5/12/1994,7:59:25,,5  minute,identified on video as dive 3282 by observer,Delta,1343,,,,,,,,,,,,,,
1994,3284,,Delta,manned,Cape Georgiana (canyon),CSEO,5/13/1994,5/13/1994,identified on video as dive 3283 by observer,Waldo,Wakefield,Chris,Ijames,Line Transect,1,5/13/1994,9:58:52,10:39:02,5  minute,"identified on video as dive 3283 by observer, at start of tape galathied crab, longline gear, elasmobranch egg cases",Delta,57,,,,,,,,,,,,,,
1994,3284,,Delta,manned,Cape Georgiana (canyon),CSEO,5/13/1994,5/13/1994,identified on video as dive 3283 by observer,Waldo,Wakefield,Chris,Ijames,Line Transect,2,5/13/1994,10:50:25,,5  minute,identified on video as dive 3283 by observer,Delta,1286,,,,,,,,,,,,,,
1994,3285,,Delta,manned,Cape Georgiana,CSEO,5/13/1994,5/13/1994,,Tory,O'Connell,Dave,Slater,Line Transect,1,5/13/1994,12:43:23,13:28:23,5  minute,,Delta,858,,,,,,,,,,,,,,
1994,3286,,Delta,manned,Cape Georgiana,CSEO,5/13/1994,5/13/1994,,Dave,Gordon,Chris,Ijames,Line Transect,1,5/13/1994,14:11:22,14:52:47,5  minute,,Delta,1254,,,,,,,,,,,,,,
1994,3287,,Delta,manned,Beaver Point,CSEO,5/14/1994,5/14/1994,,Waldo,Wakefield,Dave,Slater,Line Transect,1,5/14/1994,8:03:32,8:44:15,5  minute,,Delta,1668,,,,,,,,,,,,,,
1994,3287,,Delta,manned,Beaver Point,CSEO,5/14/1994,5/14/1994,,Waldo,Wakefield,Dave,Slater,Line Transect,2,5/14/1994,8:54:48,,5  minute,,Delta,1679,,,,,,,,,,,,,,
1994,3288,,Delta,manned,Beaver Point,CSEO,5/14/1994,5/14/1994,,Tory,O'Connell,Chris,Ijames,Line Transect,1,5/14/1994,,,5  minute,,Delta,1307,,,,,,,,,,,,,,
1994,3289,,Delta,manned,Beaver Point,CSEO,5/14/1994,5/14/1994,,Jan,Straley,Dave,Slater,Line Transect,1,5/14/1994,12:02:37,12:42:40,5  minute,,Delta,1443,,,,,,,,,,,,,,
1994,3290,,Delta,manned,Cape Edgecumbe,CSEO,5/14/1994,5/14/1994,,Waldo,Wakefield,Chris,Ijames,Line Transect,1,5/14/1994,,15:04:56,5  minute,Deep,Delta,1093,,,,,,,,,,,,,,
1994,3290,,Delta,manned,Cape Edgecumbe,CSEO,5/14/1994,5/14/1994,,Waldo,Wakefield,Chris,Ijames,Line Transect,2,5/14/1994,15:16:19,,5  minute,Deep,Delta,1452,,,,,,,,,,,,,,
1994,3291,,Delta,manned,,CSEO,5/14/1994,5/14/1994,,,,,,Bounce,1,5/14/1994,,,,Bounce? Not sure,Delta,,,,,,,,,,,,,,,
1994,3292,,Delta,manned,,CSEO,5/14/1994,5/14/1994,,,,,,Bounce,1,5/14/1994,,,,Bounce? Not sure,Delta,,,,,,,,,,,,,,,
1994,3293,,Delta,manned,,CSEO,5/14/1994,5/14/1994,,,,,,Bounce,1,5/14/1994,,,,Bounce? Not sure,Delta,,,,,,,,,,,,,,,
1994,3294,,Delta,manned,Biorka Reef 60 Fa,CSEO,5/15/1994,5/15/1994,,Tory,O'Connell,Chris,Ijames,Line Transect,1,5/15/1994,,8:21:12,5  minute,,Delta,1025,,,,,,,,,,,,,,
1994,3294,,Delta,manned,Biorka Reef 60 Fa,CSEO,5/15/1994,5/15/1994,,Tory,O'Connell,Chris,Ijames,Line Transect,2,5/15/1994,8:32:54,,5  minute,,Delta,747,,,,,,,,,,,,,,
1994,3295,,Delta,manned,,CSEO,5/15/1994,5/15/1994,,,,,,Bounce,1,5/15/1994,,,,Bounce? Not sure,Delta,,,,,,,,,,,,,,,
1994,3296,,Delta,manned,,CSEO,5/15/1994,5/15/1994,,,,,,Bounce,1,5/15/1994,,,,,Delta,,,,,,,,,,,,,,,
1994,3297,,Delta,manned,,CSEO,5/15/1994,5/15/1994,,,,,,Bounce,1,5/15/1994,,,,,Delta,,,,,,,,,,,,,,,
1994,3298,,Delta,manned,Sitka Sound South,CSEO,5/15/1994,5/15/1994,,Dave,Carlile,Chris,Ijames,Experimental,1,5/15/1994,13:36:24,14:16:44,5  minute,Performed line transect off rocky habitat delineation in Sitka Sound,Delta,1069,,,,,,,,,,,,,,
1994,3298,,Delta,manned,Sitka Sound South,CSEO,5/15/1994,5/15/1994,,Dave,Carlile,Chris,Ijames,Experimental,2,5/15/1994,14:21:34,,5  minute,Performed line transect in Sitka Sound off rocky habitat delineation,Delta,553,,,,,,,,,,,,,,
1994,3299,,Delta,manned,Whale Bay,CSEO,5/16/1994,5/16/1994,,Dave,Gordon,Dave,Slater,Line Transect,1,5/16/1994,,8:33:31,5  minute,,Delta,1276,,,,,,,,,,,,,,
1994,3299,,Delta,manned,Whale Bay,CSEO,5/16/1994,5/16/1994,,Dave,Gordon,Dave,Slater,Line Transect,2,5/16/1994,8:45:05,,5  minute,,Delta,1265,,,,,,,,,,,,,,
1994,3300,,Delta,manned,Whale Bay,CSEO,5/16/1994,5/16/1994,,Waldo,Wakefield,Chris,Ijames,Line Transect,1,5/16/1994,,11:22:39,5  minute,,Delta,1472,,,,,,,,,,,,,,
1994,3300,,Delta,manned,Whale Bay,CSEO,5/16/1994,5/16/1994,,Waldo,Wakefield,Chris,Ijames,Line Transect,2,5/16/1994,11:32:50,,5  minute,,Delta,1433,,,,,,,,,,,,,,
1994,3301,,Delta,manned,Whale Bay,CSEO,5/16/1994,5/16/1994,,Dave,Gordon,Dave,Slater,Line Transect,1,5/16/1994,,14:14:06,5  minute,,Delta,2210,,,,,,,,,,,,,,
1994,3301,,Delta,manned,Whale Bay,CSEO,5/16/1994,5/16/1994,,Dave,Gordon,Dave,Slater,Line Transect,2,5/16/1994,14:22:47,,5  minute,,Delta,1575,,,,,,,,,,,,,,
1994,3302,,Delta,manned,Snipe Bay,CSEO,5/18/1994,5/18/1994,,Tory,O'Connell,Chris,Ijames,Line Transect,1,5/18/1994,,,5  minute,,Delta,1299,,,,,,,,,,,,,,
1994,3303,,Delta,manned,Snipe Bay,CSEO,5/18/1994,5/18/1994,,Tory,O'Connell,Dave,Slater,Line Transect,1,5/18/1994,9:01:28,9:43:33,5  minute,Good redtree footage,Delta,1377,,,,,,,,,,,,,,
1994,3303,,Delta,manned,,CSEO,5/18/1994,5/18/1994,,Tory,O'Connell,Dave,Slater,Random Observation,0,,,,,,Delta,,,,,,,,,,,,,,,
1994,3304,,Delta,manned,Snipe Bay,SSEO,5/18/1994,5/18/1994,,Waldo,Wakefield,Chris,Ijames,Aborted,1,5/18/1994,,,,Wolf eel eating brittle stars,Delta,,,,,,,,,,,,,,,
1994,3305,,Delta,manned,Snipe Bay,CSEO,5/18/1994,5/18/1994,,Waldo,Wakefield,Chris,Ijames,Line Transect,1,5/18/1994,13:38:53,14:18:59,5  minute,,Delta,1297,,,,,,,,,,,,,,
1994,3305,,Delta,manned,Snipe Bay,CSEO,5/18/1994,5/18/1994,,Waldo,Wakefield,Chris,Ijames,Line Transect,2,5/18/1994,14:29:36,,5  minute,,Delta,1426,,,,,,,,,,,,,,
1994,3306,,Delta,manned,Redfish Cape,CSEO,5/18/1994,5/18/1994,,Dave,Gordon,Dave,Slater,Line Transect,1,5/18/1994,16:29:54,17:09:39,5  minute,,Delta,1001,,,,,,,,,,,,,,
1994,3306,,Delta,manned,Redfish Cape,CSEO,5/18/1994,5/18/1994,,Dave,Gordon,Dave,Slater,Line Transect,2,5/18/1994,17:20:31,17:48:43,5  minute,Weird transect- tops of rocky areas with open water far off the bottom between them. Thousands of 1 to 2 cm rockfish in rocky areas.,Delta,661,,,,,,,,,,,,,,
1994,3307,,Delta,manned,Big Branch Bay inside,CSEO,5/19/1994,5/19/1994,,Waldo,Wakefield,Chris,Ijames,Reconnaissance,1,5/19/1994,,,,Checking for anaerobic condition half way up Big Branch Bay inside a sill,Delta,,,,,,,,,,,,,,,
1994,3308,,Delta,manned,Larch Bay,CSEO,5/19/1994,5/19/1994,,Tory,O'Connell,Dave,Slater,Line Transect,1,5/19/1994,10:44:52,11:26:47,5  minute,Large sponges throughout transect,Delta,1120,,,,,,,,,,,,,,
1994,3308,,Delta,manned,Larch Bay,CSEO,5/19/1994,5/19/1994,,Tory,O'Connell,Dave,Slater,Line Transect,2,5/19/1994,11:32:07,12:12:14,5  minute,,Delta,960,,,,,,,,,,,,,,
1994,3309,,Delta,manned,Bobrovoi Point,CSEO,5/19/1994,5/19/1994,,Dave,Gordon,Chris,Ijames,Line Transect,1,5/19/1994,12:58:51,13:39:40,5  minute,Shallow Lots of invertebrates including corals and basket stars throughout dive.,Delta,869,,,,,,,,,,,,,,
1994,3309,,Delta,manned,Bobrovoi Point,CSEO,5/19/1994,5/19/1994,,Dave,Gordon,Chris,Ijames,Line Transect,2,5/19/1994,13:44:48,14:24:50,5  minute,Shallow,Delta,931,,,,,,,,,,,,,,
1994,3310,,Delta,manned,Cape Ommaney,CSEO,5/19/1994,5/19/1994,,Waldo,Wakefield,Dave,Slater,Line Transect,1,5/19/1994,15:06:45,15:47:01,5  minute,"Sub fighting very strong current, often travelling at half normal speed. Lots of corals and other invertebrates on rocks.",Delta,863,,,,,,,,,,,,,,
1994,3310,,Delta,manned,Cape Ommaney,CSEO,5/19/1994,5/19/1994,,Waldo,Wakefield,Dave,Slater,Line Transect,2,5/19/1994,15:56:38,16:36:24,5  minute,About 13 yelloweye between dives,Delta,1105,,,,,,,,,,,,,,
1994,3311,,Delta,manned,Forrester Island east shore,SSEO,5/20/1994,5/20/1994,,Tory,O'Connell,Chris,Ijames,Aborted,1,5/20/1994,,,,no rock,Delta,,,,,,,,,,,,,,,
1994,3312,,Delta,manned,Cabras Island,SSEI,5/21/1994,5/21/1994,,Dave,Gordon,Dave,Slater,Line Transect,1,5/21/1994,6:41:54,7:22:10,5  minute,Deep,Delta,891,,,,,,,,,,,,,,
1994,3313,,Delta,manned,Cabras Island,SSEI,5/21/1994,5/21/1994,,Waldo,Wakefield,Chris,Ijames,Line Transect,1,5/21/1994,,8:39:46,5  minute,Middle depth,Delta,945,,,,,,,,,,,,,,
1994,3313,,Delta,manned,Cabras Island,SSEI,5/21/1994,5/21/1994,,Waldo,Wakefield,Chris,Ijames,Line Transect,2,5/21/1994,8:44:58,,5  minute,Middle depth,Delta,1178,,,,,,,,,,,,,,
1994,3314,,Delta,manned,San Juan Bautista Island,SSEI,5/21/1994,5/21/1994,,Tory,O'Connell,Dave,Slater,Line Transect,1,5/21/1994,,,5  minute,,Delta,1171,,,,,,,,,,,,,,
1994,3315,,Delta,manned,Wood Island,SSEO,5/22/1994,5/22/1994,,Milton,Love,Chris,Ijames,Line Transect,1,5/22/1994,,,5  minute,,Delta,1893,,,,,,,,,,,,,,
1994,3316,,Delta,manned,Coronation Island/Nation Point,NSEI,5/22/1994,5/22/1994,,Waldo,Wakefield,Dave,Slater,Line Transect,1,5/22/1994,,,5  minute,,Delta,1154,,,,,,,,,,,,,,
1994,3316,,Delta,manned,Coronation Island/Nation Point,NSEI,5/22/1994,5/22/1994,,Waldo,Wakefield,Dave,Slater,Line Transect,2,5/22/1994,,,5  minute,"edited to start transect at 18:38:00, which was time of first fix after missing/bad video",Delta,645,,,,,,,,,,,,,,
1994,3317,,Delta,manned,Pt. Cosmos E side Chat Strait,NSEI,5/23/1994,5/23/1994,,Tory,O'Connell,Chris,Ijames,Line Transect,1,5/23/1994,,,5  minute,,Delta,577,,,,,,,,,,,,,,
1994,3318,,Delta,manned,Tebenkof,NSEI,5/23/1994,5/23/1994,,Milton,Love,Dave,Slater,Line Transect,1,5/23/1994,,13:44:23,5  minute,,Delta,877,,,,,,,,,,,,,,
1994,3318,,Delta,manned,Tebenkof,NSEI,5/23/1994,5/23/1994,,Milton,Love,Dave,Slater,Line Transect,2,5/23/1994,,,5  minute,,Delta,843,,,,,,,,,,,,,,
1994,3319,,Delta,manned,Tebenkof Island,NSEI,5/23/1994,5/23/1994,,Waldo,Wakefield,Chris,Ijames,Line Transect,1,5/23/1994,,16:39:35,5  minute,,Delta,887,,,,,,,,,,,,,,
1994,3319,,Delta,manned,Tebenkof Island,NSEI,5/23/1994,5/23/1994,,Waldo,Wakefield,Chris,Ijames,Line Transect,2,5/23/1994,,,5  minute,,Delta,871,,,,,,,,,,,,,,
1994,3320,,Delta,manned,Coronation Island/Helm Point,SSEO,5/24/1994,5/24/1994,,Tory,O'Connell,Dave,Slater,Line Transect,1,5/24/1994,8:57:58,9:37:22,5  minute,Wayne's World,Delta,1121,,,,,,,,,,,,,,
1994,3321,,Delta,manned,Cape Addington/volcano,SSEO,5/24/1994,5/24/1994,,Milton,Love,Chris,Ijames,Line Transect,1,5/24/1994,13:15:58,13:56:07,5  minute,,Delta,1363,,,,,,,,,,,,,,
1994,3321,,Delta,manned,Cape Addington/volcano,SSEO,5/24/1994,5/24/1994,,Milton,Love,Chris,Ijames,Line Transect,2,5/24/1994,14:08:47,,5  minute,,Delta,1179,,,,,,,,,,,,,,
1994,3322,,Delta,manned,Cape Addington/volcano,SSEO,5/24/1994,5/24/1994,,Waldo,Wakefield,Dave,Slater,Reconnaissance,1,5/24/1994,16:00:36,16:28:34,5 minute,Cauldera of Volcano,Delta,827,,,,,,,,,,,,,,
1994,3323,,Delta,manned,Cape Addington/volcano,SSEO,5/24/1994,5/24/1994,,Waldo,Wakefield,Dave,Slater,Line Transect,1,5/24/1994,17:03:04,17:43:07,5  minute,,Delta,1702,,,,,,,,,,,,,,
1994,3323,,Delta,manned,Cape Addington/volcano,SSEO,5/24/1994,5/24/1994,,Waldo,Wakefield,Dave,Slater,Line Transect,2,5/24/1994,17:48:46,18:13:26,5  minute,Boulders are very jagged. Hard to distinguish between B and R because the boulders are so jagged and there are boulders covering bedrock. Video went bad before the last fix. EOT is last fix with good video.,Delta,1404,,,,,,,,,,,,,,
1994,3323,,Delta,manned,,SSEO,5/24/1994,5/24/1994,,Waldo,Wakefield,Dave,Slater,Random Observation,0,,,,,,Delta,,,,,,,,,,,,,,,
1994,3324,,Delta,manned,Learmont Bank,SSEO,5/25/1994,5/25/1994,,Tory,O'Connell,Chris,Ijames,Line Transect,1,5/25/1994,,7:44:24,5  minute,,Delta,978,,,,,,,,,,,,,,
1994,3324,,Delta,manned,Learmont Bank,SSEO,5/25/1994,5/25/1994,,Tory,O'Connell,Chris,Ijames,Line Transect,2,5/25/1994,7:49:27,,5  minute,Video goes bad between fixes three and four. Fix 3 labelled as EOT because it is the last fix with good video.,Delta,1120,,,,,,,,,,,,,,
1994,3325,,Delta,manned,Learmont Bank,SSEO,5/25/1994,5/25/1994,,Milton,Love,Dave,Slater,Line Transect,1,5/25/1994,9:32:53,10:13:03,5  minute,Visibility poor,Delta,910,,,,,,,,,,,,,,
1994,3326,,Delta,manned,Security Cove,SSEO,5/25/1994,5/25/1994,,Milton,Love,Chris,Ijames,Line Transect,1,5/25/1994,12:25:03,13:05:09,5  minute,,Delta,1055,,,,,,,,,,,,,,
1994,3326,,Delta,manned,Security Cove,SSEO,5/25/1994,5/25/1994,,Milton,Love,Chris,Ijames,Line Transect,2,5/25/1994,13:09:19,13:49:24,5  minute,,Delta,980,,,,,,,,,,,,,,
1994,3327,,Delta,manned,Point Bazan,SSEO,5/25/1994,5/25/1994,,Waldo,Wakefield,Dave,Slater,Reconnaissance,1,5/25/1994,,,5 minute,Shallow No audio on the dive tape. Originally was called a Line Transect Changed to Reconnaissance on 12/29/2008.,Delta,894,,,,,,,,,,,,,,
1994,3328,,Delta,manned,Ritter Point,SSEO,5/25/1994,5/25/1994,,Waldo,Wakefield,Dave,Slater,Line Transect,1,5/25/1994,16:46:45,17:26:07,5  minute,,Delta,645,,,,,,,,,,,,,,
1994,3329,,Delta,manned,Wolf Rock,SSEO,5/26/1994,5/26/1994,,Milton,Love,Dave,Slater,Line Transect,1,5/26/1994,7:29:13,8:09:44,5  minute,,Delta,1217,,,,,,,,,,,,,,
1994,3329,,Delta,manned,Wolf Rock,SSEO,5/26/1994,5/26/1994,,Milton,Love,Dave,Slater,Line Transect,2,5/26/1994,8:21:18,9:01:34,5  minute,Video went out before the transect started and between the first and second fix. Habitat review started at fix 2.,Delta,1375,,,,,,,,,,,,,,
1994,3330,,Delta,manned,"Cape Lookout, 6mi west",SSEO,5/26/1994,5/26/1994,,Waldo,Wakefield,Chris,Ijames,Line Transect,1,5/26/1994,9:48:04,10:29:17,5  minute,,Delta,1111,,,,,,,,,,,,,,
1994,3330,,Delta,manned,"Cape Lookout, 6mi west",SSEO,5/26/1994,5/26/1994,,Waldo,Wakefield,Chris,Ijames,Line Transect,2,5/26/1994,10:33:40,11:13:46,5  minute,,Delta,1150,,,,,,,,,,,,,,
1994,3333,,Delta,manned,"Pinnacle, 19fa",CSEO,5/27/1994,5/27/1994,,Tory,O'Connell,Dave,Slater,Pinnacles,1,5/27/1994,,,,Photo dive,Delta,,,,,,,,,,,,,,,
1994,3334,,Delta,manned,"Pinnacle, 19fa",CSEO,5/27/1994,5/27/1994,,Waldo,Wakefield,Chris,Ijames,Pinnacles,1,5/27/1994,,,,Photo dive,Delta,,,,,,,,,,,,,,,
1994,3335,,Delta,manned,none given,CSEO,5/27/1994,5/27/1994,,Waldo,Wakefield,Dave,Slater,Experimental,1,5/27/1994,,,,Scale dive for external video,Delta,,,,,,,,,,,,,,,
1995,3553,,Delta,manned,Cape Georgiana,CSEO,5/28/1995,5/28/1995,,Dave,Carlile,Chris,Ijames,Line Transect,1,5/28/1995,8:43:04,9:26:22,5  minute,No DGPS,Delta,805,,,,,,,,,,,,,,
1995,3553,,Delta,manned,Cape Georgiana,CSEO,5/28/1995,5/28/1995,,Dave,Carlile,Chris,Ijames,Line Transect,2,5/28/1995,9:36:20,10:17:34,5  minute,No DGPS,Delta,712,,,,,,,,,,,,,,
1995,3554,,Delta,manned,Cape Georgiana,CSEO,5/28/1995,5/28/1995,,Dave,Gordon,Dave,Slater,Line Transect,1,5/28/1995,11:40:13,12:25:00,5  minute,,Delta,643,,,,,,,,,,,,,,
1995,3555,,Delta,manned,Kalinin Bay,CSEO,5/28/1995,5/28/1995,,Dave,Carlile,Chris,Ijames,Reconnaissance,1,5/28/1995,16:01:28,16:49:35,5  minute,changed to recon transect because outside habitat delineation for CSEO,Delta,737,,,,,,,,,,,,,,
1995,3555,,Delta,manned,Kalinin Bay,CSEO,5/28/1995,5/28/1995,,Dave,Carlile,Chris,Ijames,Reconnaissance,2,5/28/1995,16:59:31,17:43:27,5  minute,"Changed to recon transect, because outside CSEO habitat delineation",Delta,883,,,,,,,,,,,,,,
1995,3556,,Delta,manned,Corner of the Cape,CSEO,5/29/1995,5/29/1995,,Dave,Gordon,Dave,Slater,Line Transect,1,5/29/1995,8:05:57,8:51:49,5  minute,,Delta,941,,,,,,,,,,,,,,
1995,3556,,Delta,manned,Corner of the Cape,CSEO,5/29/1995,5/29/1995,,Dave,Gordon,Dave,Slater,Line Transect,2,5/29/1995,8:58:05,9:42:29,5  minute,,Delta,994,,,,,,,,,,,,,,
1995,3557,,Delta,manned,Cape Edgecumbe,CSEO,5/29/1995,5/29/1995,,Waldo,Wakefield,Chris,Ijames,Line Transect,1,5/29/1995,11:01:39,11:46:30,5  minute,,Delta,1072,,,,,,,,,,,,,,
1995,3557,,Delta,manned,Cape Edgecumbe,CSEO,5/29/1995,5/29/1995,,Waldo,Wakefield,Chris,Ijames,Line Transect,2,5/29/1995,11:52:00,12:37:09,5  minute,,Delta,1361,,,,,,,,,,,,,,
1995,3558,,Delta,manned,Cape Edgecumbe,CSEO,5/29/1995,5/29/1995,,Tory,O'Connell,Dave,Slater,Line Transect,1,5/29/1995,13:38:27,14:24:02,5  minute,Side camera off between 13:38:27 and 13:58:32,Delta,802,,,,,,,,,,,,,,
1995,3558,,Delta,manned,Cape Edgecumbe,CSEO,5/29/1995,5/29/1995,,Tory,O'Connell,Dave,Slater,Line Transect,2,5/29/1995,14:30:46,15:15:43,5  minute,,Delta,1197,,,,,,,,,,,,,,
1995,3559,,Delta,manned,Cape Edgecumbe,CSEO,5/29/1995,5/29/1995,,Mark,Pritchett,Chris,Ijames,Bounce,1,5/29/1995,,,,,Delta,,,,,,,,,,,,,,,
1995,3560,,Delta,manned,Gilmer Bay,CSEO,5/31/1995,5/31/1995,,Dave,Carlile,Dave,Slater,Line Transect,1,5/31/1995,10:44:16,11:29:30,5  minute,"11:27:57 audio went out on f camera, here to end",Delta,1114,,,,,,,,,,,,,,
1995,3560,,Delta,manned,Gilmer Bay,CSEO,5/31/1995,5/31/1995,,Dave,Carlile,Dave,Slater,Line Transect,2,5/31/1995,11:34:55,12:20:10,5  minute,"Forward camera malfunctioning, no audio until 12:06:23",Delta,1044,,,,,,,,,,,,,,
1995,3561,,Delta,manned,Gilmer Bay,CSEO,5/31/1995,5/31/1995,,Waldo,Wakefield,Chris,Ijames,Aborted,1,5/31/1995,,,,Aborted - too turbid,Delta,,,,,,,,,,,,,,,
1995,3562,,Delta,manned,Gilmer Bay,CSEO,5/31/1995,5/31/1995,,Waldo,Wakefield,Dave,Slater,Experimental,1,5/31/1995,,,,"Longline set, only recorded target species, f&s camera off for 5 min., f camera off 15:31:15 to 15:33:55, missed one lc, all distances estimate",Delta,,,,,,,,,,,,,,,
1995,3563,,Delta,manned,Shelikof Bay,CSEO,5/31/1995,5/31/1995,,Dave,Carlile,Chris,Ijames,Line Transect,1,5/31/1995,17:20:43,18:05:54,5  minute,,Delta,1312,,,,,,,,,,,,,,
1995,3563,,Delta,manned,Shelikof Bay,CSEO,5/31/1995,5/31/1995,,Dave,Carlile,Chris,Ijames,Line Transect,2,5/31/1995,18:13:18,18:58:11,5  minute,,Delta,1311,,,,,,,,,,,,,,
1995,3564,,Delta,manned,Beaver Point,CSEO,6/1/1995,6/1/1995,,Waldo,Wakefield,Dave,Slater,Line Transect,1,6/1/1995,9:26:59,10:12:06,5  minute,,Delta,1193,,,,,,,,,,,,,,
1995,3564,,Delta,manned,Beaver Point,CSEO,6/1/1995,6/1/1995,,Waldo,Wakefield,Dave,Slater,Line Transect,2,6/1/1995,10:18:26,11:03:55,5  minute,,Delta,1221,,,,,,,,,,,,,,
1995,3565,,Delta,manned,Beaver Point,CSEO,6/1/1995,6/1/1995,,Dave,Carlile,Chris,Ijames,Line Transect,1,6/1/1995,12:16:06,13:01:20,5  minute,,Delta,1022,,,,,,,,,,,,,,
1995,3565,,Delta,manned,Beaver Point,CSEO,6/1/1995,6/1/1995,,Dave,Carlile,Chris,Ijames,Line Transect,2,6/1/1995,13:06:31,13:51:51,5  minute,,Delta,1344,,,,,,,,,,,,,,
1995,3566,,Delta,manned,Beaver Point,CSEO,6/1/1995,6/1/1995,,Dave,Carlile,Dave,Slater,Experimental,1,6/1/1995,15:40:25,16:25:48,5  minute,Post Longline set,Delta,1186,,,,,,,,,,,,,,
1995,3566,,Delta,manned,Beaver Point,CSEO,6/1/1995,6/1/1995,,Dave,Carlile,Dave,Slater,Experimental,2,6/1/1995,16:42:40,17:10:08,5  minute,"Post Longline set, clock stopped at 17:10:34, problems w/ power 17:10:34 to end",Delta,985,,,,,,,,,,,,,,
1995,3567,,Delta,manned,Biorka Reef,CSEO,6/2/1995,6/2/1995,,Bill,Davidson,Chris,Ijames,Line Transect,1,6/2/1995,9:01:41,9:47:35,5  minute,,Delta,779,,,,,,,,,,,,,,
1995,3567,,Delta,manned,Biorka Reef,CSEO,6/2/1995,6/2/1995,,Bill,Davidson,Chris,Ijames,Line Transect,2,6/2/1995,9:51:28,10:36:08,5  minute,,Delta,1033,,,,,,,,,,,,,,
1995,3568,,Delta,manned,Beaver Point,CSEO,6/2/1995,6/2/1995,,Waldo,Wakefield,Dave,Slater,Line Transect,1,6/2/1995,13:13:50,13:58:46,5  minute,,Delta,1240,,,,,,,,,,,,,,
1995,3568,,Delta,manned,Beaver Point,CSEO,6/2/1995,6/2/1995,,Waldo,Wakefield,Dave,Slater,Line Transect,2,6/2/1995,14:04:15,14:49:23,5  minute,Clock on f camera not working properly from 14:15:50 until 14:21:42,Delta,1349,,,,,,,,,,,,,,
1995,3569,,Delta,manned,Pt. Amelia,CSEO,6/2/1995,6/2/1995,,Dave,Carlile,Chris,Ijames,Line Transect,1,6/2/1995,16:30:14,17:15:25,5  minute,,Delta,1175,,,,,,,,,,,,,,
1995,3569,,Delta,manned,Pt. Amelia,CSEO,6/2/1995,6/2/1995,,Dave,Carlile,Chris,Ijames,Line Transect,2,6/2/1995,17:21:33,18:06:37,5  minute,,Delta,1303,,,,,,,,,,,,,,
1995,3570,,Delta,manned,Biorka,CSEO,6/3/1995,6/3/1995,,Bill,Davidson,Dave,Slater,Reconnaissance,1,6/3/1995,8:37:50,9:19:30,5  minute,Changed to recon line transect because outside CSEO habitat delineation,Delta,1356,,,,,,,,,,,,,,
1995,3571,,Delta,manned,Biorka,CSEO,6/3/1995,6/3/1995,,Bill,Davidson,Chris,Ijames,Reconnaissance,1,6/3/1995,9:59:45,10:45:08,5  minute,changed to recon transect because outside CSEO habitat delineation,Delta,1149,,,,,,,,,,,,,,
1995,3572,,Delta,manned,Peisar Island,CSEO,6/3/1995,6/3/1995,,Terry,Quinn,Dave,Slater,Bounce,1,6/3/1995,,,5  minute,"Bounce(?) not for LT, side camera focus not working right",Delta,1031,,,,,,,,,,,,,,
1995,3573,,Delta,manned,Biorka/Peisar,CSEO,6/3/1995,6/3/1995,,Doug,Eggers,Chris,Ijames,Experimental,1,6/3/1995,,,5  minute,Development dive not for LT,Delta,1438,,,,,,,,,,,,,,
1995,3574,,Delta,manned,Viesokoi Rock,CSEO,6/3/1995,6/3/1995,,Waldo,Wakefield,Dave,Slater,Reconnaissance,1,6/3/1995,15:37:47,16:23:00,5 minute,,Delta,1344,,,,,,,,,,,,,,
1995,3575,,Delta,manned,Pinnacle,CSEO,6/5/1995,6/5/1995,,Tory,O'Connell,Chris,Ijames,Pinnacles,1,6/5/1995,,,5 minute,,Delta,461,,,,,,,,,,,,,,
1995,3576,,Delta,manned,Pinnacle,CSEO,6/5/1995,6/5/1995,,Bea,Brooks,Dave,Slater,Bounce,1,6/5/1995,,,,,Delta,,,,,,,,,,,,,,,
1995,3577,,Delta,manned,Biorka off Shore,CSEO,6/5/1995,6/5/1995,,Bill,Bechtol,Chris,Ijames,Bounce,1,6/5/1995,14:01:00,14:30:18,5  minute,,Delta,685,,,,,,,,,,,,,,
1995,3578,,Delta,manned,Biorka off Shore,CSEO,6/5/1995,6/5/1995,,Lisa,Busch,Dave,Slater,Bounce,1,6/5/1995,,,,,Delta,,,,,,,,,,,,,,,
1995,3579,,Delta,manned,Biorka,CSEO,6/5/1995,6/5/1995,,Rob,Woolsey,Chris,Ijames,Bounce,1,6/5/1995,,,,,Delta,,,,,,,,,,,,,,,
1995,3580,,Delta,manned,Redfish Cape,CSEO,6/7/1995,6/7/1995,,Waldo,Wakefield,Dave,Slater,Line Transect,1,6/7/1995,7:50:09,8:35:16,5  minute,Couldn't find fish counts,Delta,1058,,,,,,,,,,,,,,
1995,3580,,Delta,manned,Redfish Cape,CSEO,6/7/1995,6/7/1995,,Waldo,Wakefield,Dave,Slater,Line Transect,2,6/7/1995,8:41:00,9:25:58,5  minute,,Delta,1389,,,,,,,,,,,,,,
1995,3581,,Delta,manned,Cape Ommaney,CSEO,6/7/1995,6/7/1995,,Tory,O'Connell,Chris,Ijames,Line Transect,1,6/7/1995,11:51:02,12:41:37,5  minute,,Delta,1166,,,,,,,,,,,,,,
1995,3581,,Delta,manned,Cape Ommaney,CSEO,6/7/1995,6/7/1995,,Tory,O'Connell,Chris,Ijames,Line Transect,2,6/7/1995,12:46:56,13:31:27,5  minute,,Delta,1524,,,,,,,,,,,,,,
1995,3582,,Delta,manned,Cape Ommaney,CSEO,6/7/1995,6/7/1995,,Gary,Greene,Dave,Slater,Geology,1,6/7/1995,,,5  minute,,Delta,439,,,,,,,,,,,,,,
1995,3583,,Delta,manned,Larch Bay,CSEO,6/7/1995,6/7/1995,,Waldo,Wakefield,Chris,Ijames,Aborted,1,6/7/1995,,,,Aborted - current too strong,Delta,,,,,,,,,,,,,,,
1995,3584,,Delta,manned,Larch Bay,CSEO,6/7/1995,6/7/1995,,Cleo,Klemzak,Dave,Slater,Bounce,1,6/7/1995,,,,Bounce,Delta,,,,,,,,,,,,,,,
1995,3585,,Delta,manned,Larch Bay,CSEO,6/8/1995,6/8/1995,,Tory,O'Connell,Chris,Ijames,Line Transect,1,6/8/1995,8:17:28,9:03:37,5  minute,Along glacial moraine,Delta,1046,,,,,,,,,,,,,,
1995,3586,,Delta,manned,Larch Bay,CSEO,6/8/1995,6/8/1995,,Waldo,Wakefield,Dave,Slater,Line Transect,1,6/8/1995,9:52:36,10:38:46,5  minute,,Delta,1192,,,,,,,,,,,,,,
1995,3587,,Delta,manned,Snipe Bay,CSEO,6/8/1995,6/8/1995,,Tory,O'Connell,Chris,Ijames,Line Transect,1,6/8/1995,13:15:23,14:00:33,5  minute,,Delta,1309,,,,,,,,,,,,,,
1995,3587,,Delta,manned,Snipe Bay,CSEO,6/8/1995,6/8/1995,,Tory,O'Connell,Chris,Ijames,Line Transect,2,6/8/1995,14:05:00,14:50:44,5  minute,,Delta,1122,,,,,,,,,,,,,,
1995,3588,,Delta,manned,Sandy Bay offshore,CSEO,6/8/1995,6/8/1995,,Waldo,Wakefield,Dave,Slater,Line Transect,1,6/8/1995,17:24:34,18:09:42,5  minute,,Delta,1894,,,,,,,,,,,,,,
1995,3588,,Delta,manned,Sandy Bay offshore,CSEO,6/8/1995,6/8/1995,,Waldo,Wakefield,Dave,Slater,Line Transect,2,6/8/1995,18:16:08,19:00:54,5  minute,,Delta,1658,,,,,,,,,,,,,,
1995,3589,,Delta,manned,Necker Bay triangle,CSEO,6/9/1995,6/9/1995,,Waldo,Wakefield,Chris,Ijames,Line Transect,1,6/9/1995,8:53:37,9:38:41,5  minute,,Delta,1561,,,,,,,,,,,,,,
1995,3589,,Delta,manned,Necker Bay triangle,CSEO,6/9/1995,6/9/1995,,Waldo,Wakefield,Chris,Ijames,Line Transect,2,6/9/1995,9:50:15,10:39:26,5  minute,,Delta,1486,,,,,,,,,,,,,,
1995,3590,,Delta,manned,Biorka bump,CSEO,6/9/1995,6/9/1995,,Gary,Greene,Dave,Slater,Geology,1,6/9/1995,13:36:34,14:14:09,5  minute,,Delta,594,,,,,,,,,,,,,,
1995,3591,,Delta,manned,Biorka bump,CSEO,6/9/1995,6/9/1995,,Tory,O'Connell,Chris,Ijames,Line Transect,1,6/9/1995,15:01:11,15:32:58,5  minute,,Delta,992,,,,,,,,,,,,,,
1995,3592,,Delta,manned,Fairweather,EYKT,6/10/1995,6/10/1995,,Becky,Wilson,Dave,Slater,Bounce,1,6/10/1995,,,,,Delta,,,,,,,,,,,,,,,
1995,3593,,Delta,manned,"Fairweather, West Bank",EYKT,6/10/1995,6/10/1995,,Tory,O'Connell,Chris,Ijames,Reconnaissance,1,6/10/1995,,,,,Delta,,,,,,,,,,,,,,,
1995,3594,,Delta,manned,"Fairweather, Ida June site",EYKT,6/10/1995,6/10/1995,,Tory,O'Connell,Dave,Slater,Line Transect,1,6/10/1995,16:02:32,16:28:18,5  minute,West Bank,Delta,500,,,,,,,,,,,,,,
1995,3594,,Delta,manned,"Fairweather, Ida June site",EYKT,6/10/1995,6/10/1995,,Tory,O'Connell,Dave,Slater,Line Transect,2,6/10/1995,16:34:28,17:19:32,5  minute,"West Bank, 16:51:33 to 16:53:48 off transect, 17:03:37 to 17:05:23 off transect",Delta,751,,,,,,,,,,,,,,
1995,3595,,Delta,manned,"Fairweather, West Bank",EYKT,6/10/1995,6/10/1995,,,Query,Chris,Ijames,Bounce,1,6/10/1995,17:58:10,18:28:43,,,Delta,,,,,,,,,,,,,,,
1995,3596,,Delta,manned,"Fairweather, LC",EYKT,6/11/1995,6/11/1995,,Waldo,Wakefield,Richard,Slater,Line Transect,1,6/11/1995,8:41:55,9:27:06,5  minute,West Bank,Delta,1491,,,,,,,,,,,,,,
1995,3596,,Delta,manned,"Fairweather, LC",EYKT,6/11/1995,6/11/1995,,Waldo,Wakefield,Richard,Slater,Line Transect,2,6/11/1995,9:40:40,10:26:05,5  minute,West Bank,Delta,1727,,,,,,,,,,,,,,
1995,3597,,Delta,manned,"Fairweather, 50 fm hump",EYKT,6/11/1995,6/11/1995,,Barry,Bracken,Dave,Slater,Line Transect,1,6/11/1995,12:16:27,13:01:33,5  minute,12:28:07 no video picture off drop off,Delta,1133,,,,,,,,,,,,,,
1995,3597,,Delta,manned,"Fairweather, 50 fm hump",EYKT,6/11/1995,6/11/1995,,Barry,Bracken,Dave,Slater,Line Transect,2,6/11/1995,13:08:24,13:53:45,5  minute,,Delta,1323,,,,,,,,,,,,,,
1995,3598,,Delta,manned,"Fairweather, 50 fm hump",EYKT,6/11/1995,6/11/1995,,Gary,Greene,Richard,Slater,Geology,1,6/11/1995,14:47:06,15:32:35,5  minute,,Delta,584,,,,,,,,,,,,,,
1995,3599,,Delta,manned,"Fairweather,  W bank 39 fm",EYKT,6/11/1995,6/11/1995,,Tory,O'Connell,Chris,Ijames,Line Transect,1,6/11/1995,17:10:39,17:55:50,5  minute,,Delta,1548,,,,,,,,,,,,,,
1995,3600,,Delta,manned,"Fairweather, 13 fm East",EYKT,6/12/1995,6/12/1995,,Waldo,Wakefield,Dave,Slater,Line Transect,1,6/12/1995,8:27:35,9:12:40,5  minute,,Delta,1724,,,,,,,,,,,,,,
1995,3600,,Delta,manned,"Fairweather, 13 fm East",EYKT,6/12/1995,6/12/1995,,Waldo,Wakefield,Dave,Slater,Line Transect,2,6/12/1995,9:20:00,10:05:09,5  minute,,Delta,1595,,,,,,,,,,,,,,
1995,3601,,Delta,manned,29 fm,EYKT,6/12/1995,6/12/1995,,Tory,O'Connell,Richard,Slater,Line Transect,1,6/12/1995,11:08:21,11:53:14,5  minute,,Delta,1907,,,,,,,,,,,,,,
1995,3601,,Delta,manned,29 fm,EYKT,6/12/1995,6/12/1995,,Tory,O'Connell,Richard,Slater,Line Transect,2,6/12/1995,12:03:00,12:48:03,5  minute,,Delta,1587,,,,,,,,,,,,,,
1995,3602,,Delta,manned,East bank SW,EYKT,6/12/1995,6/12/1995,,Gary,Greene,Chris,Ijames,Geology,1,6/12/1995,,,5  minute,,Delta,613,,,,,,,,,,,,,,
1995,3603,,Delta,manned,East bank - West side,EYKT,6/12/1995,6/12/1995,,Barry,Bracken,Dave,Slater,Line Transect,1,6/12/1995,15:18:11,16:03:11,5  minute,,Delta,1388,,,,,,,,,,,,,,
1995,3603,,Delta,manned,East bank - West side,EYKT,6/12/1995,6/12/1995,,Barry,Bracken,Dave,Slater,Line Transect,2,6/12/1995,16:08:09,16:22:30,5  minute,,Delta,386,,,,,,,,,,,,,,
1995,3605,,Delta,manned,East bank NE,EYKT,6/13/1995,6/13/1995,,Tory,O'Connell,Chris,Ijames,Line Transect,1,6/13/1995,6:36:11,7:21:42,5  minute,,Delta,1725,,,,,,,,,,,,,,
1995,3605,,Delta,manned,East bank NE,EYKT,6/13/1995,6/13/1995,,Tory,O'Connell,Chris,Ijames,Line Transect,2,6/13/1995,7:28:15,7:52:27,5  minute,,Delta,974,,,,,,,,,,,,,,
1995,3606,,Delta,manned,East Bank 40 fm,EYKT,6/13/1995,6/13/1995,,Waldo,Wakefield,Richard,Slater,Line Transect,1,6/13/1995,9:13:49,9:58:59,5  minute,,Delta,1797,,,,,,,,,,,,,,
1995,3606,,Delta,manned,East Bank 40 fm,EYKT,6/13/1995,6/13/1995,,Waldo,Wakefield,Richard,Slater,Line Transect,2,6/13/1995,10:06:53,10:52:00,5  minute,,Delta,1340,,,,,,,,,,,,,,
1995,3607,,Delta,manned,East Bank 40 fm,EYKT,6/13/1995,6/13/1995,,Gary,Greene,Dave,Slater,Geology,1,6/13/1995,,,5  minute,,Delta,552,,,,,,,,,,,,,,
1995,3609,,Delta,manned,Biorka,CSEO,6/14/1995,6/14/1995,,Barry,Bracken,Dave,Slater,Experimental,1,6/14/1995,,,,Straight LL measured transect,Delta,,,,,,,,,,,,,,,
1995,3609,,Delta,manned,,CSEO,6/14/1995,6/14/1995,,Barry,Bracken,Dave,Slater,Experimental,2,6/14/1995,,,,Straight Longline measured transect,Delta,,,,,,,,,,,,,,,
1995,3610,,Delta,manned,Biorka,CSEO,6/14/1995,6/14/1995,,Waldo,Wakefield,Chris,Ijames,Experimental,1,6/14/1995,,,,Sinuous LL measured transect,Delta,,,,,,,,,,,,,,,
1995,3610,,Delta,manned,Biorka,CSEO,6/14/1995,6/14/1995,,Waldo,Wakefield,Chris,Ijames,Experimental,2,6/14/1995,,,,Sinuous LL measured transect,Delta,,,,,,,,,,,,,,,
1995,3611,,Delta,manned,Pinnacle 19 fa backside,CSEO,6/14/1995,6/14/1995,,Gary,Greene,Richard,Slater,Geology,1,6/14/1995,,,5  minute,,Delta,531,,,,,,,,,,,,,,
1995,3612,,Delta,manned,Pinnacle 19 fa backside,CSEO,6/14/1995,6/14/1995,,Dave,Gordon,Dave,Slater,Pinnacles,1,6/14/1995,,,,,Delta,,,,,,,,,,,,,,,
1995,3613,,Delta,manned,Pinnacle 34 fa backside,CSEO,6/15/1995,6/15/1995,,Waldo,Wakefield,Chris,Ijames,Pinnacles,1,6/15/1995,,,5 minute,,Delta,390,,,,,,,,,,,,,,
1996,3836,,Delta,manned,"Pinnacle, 19fa",CSEO,8/15/1996,8/15/1996,,Tory,O'Connell,Dave,Slater,Line Transect,1,8/15/1996,,,5  minute,Mosaic # L26-1,Delta,675,,,,,,,,,,,,,,
1996,3837,,Delta,manned,"Pinnacle, 19fa",CSEO,8/15/1996,8/15/1996,,Jan,Straley,Richard,Slater,Line Transect,1,8/15/1996,9:23:27,9:54:48,5  minute,Mosaic # L 26,Delta,346,,,,,,,,,,,,,,
1996,3838,,Delta,manned,"Pinnacle, 19fa",CSEO,8/15/1996,8/15/1996,,Tom,Jagielo,Chris,Ijames,Line Transect,1,8/15/1996,10:21:44,10:57:34,5  minute,Mosaic # L 26,Delta,457,,,,,,,,,,,,,,
1996,3839,,Delta,manned,Trench (#3),CSEO,8/15/1996,8/15/1996,,Jan,Straley,Dave,Slater,Line Transect,1,8/15/1996,15:36:41,16:08:53,5  minute,,Delta,384,,,,,,,,,,,,,,
1996,3840,,Delta,manned,Outcrop 169 M,CSEO,8/15/1996,8/15/1996,,Tory,O'Connell,Richard,Slater,Line Transect,1,8/15/1996,,,5  minute,Mosaic #L30,Delta,143,,,,,,,,,,,,,,
1996,3841,,Delta,manned,lava field,CSEO,8/15/1996,8/15/1996,,Jan,Straley,Chris,Ijames,Line Transect,1,8/15/1996,,,5  minute,,Delta,864,,,,,,,,,,,,,,
1996,3842,,Delta,manned,Young/old lava,CSEO,8/15/1996,8/15/1996,,Jan,Straley,Dave,Slater,Line Transect,1,8/15/1996,,,5  minute,Mosaic # L10,Delta,911,,,,,,,,,,,,,,
1996,3843,,Delta,manned,Wreck off N Kruzof,CSEO,8/16/1996,8/16/1996,,Tory,O'Connell,Chris,Ijames,Reconnaissance,1,8/16/1996,,,5 minute,"Mosaic # L7, didn't find the wreck",Delta,1421,,,,,,,,,,,,,,
1996,3844,,Delta,manned,manadnock,CSEO,8/16/1996,8/16/1996,,Tom,Jagielo,Richard,Slater,Reconnaissance,1,8/16/1996,,,5 minute,No outcrop/manadnock found,Delta,971,,,,,,,,,,,,,,
1996,3845,,Delta,manned,fault,CSEO,8/16/1996,8/16/1996,,Jan,Straley,Dave,Slater,Line Transect,1,8/16/1996,,,5  minute,"Uncharted pinnacle, depth 132 to 96 M, at Fix 7",Delta,832,,,,,,,,,,,,,,
1996,3846,,Delta,manned,trawl/boat,CSEO,8/16/1996,8/16/1996,,Tory,O'Connell,Chris,Ijames,Line Transect,1,8/16/1996,,,5  minute,Mosaic # L2,Delta,1836,,,,,,,,,,,,,,
1996,3847,,Delta,manned,Pt. Mary,CSEO,8/16/1996,8/16/1996,,Tom,Jagielo,Richard,Slater,Line Transect,1,8/16/1996,,,5  minute,Mosaic# L7,Delta,1062,,,,,,,,,,,,,,
1996,3848,,Delta,manned,lava,CSEO,8/16/1996,8/16/1996,,Jan,Straley,Dave,Slater,Line Transect,1,8/16/1996,15:35:40,16:08:15,5  minute,,Delta,798,,,,,,,,,,,,,,
1996,3849,,Delta,manned,crater,CSEO,8/16/1996,8/16/1996,,Tory,O'Connell,Chris,Ijames,Line Transect,1,8/16/1996,,,5  minute,Mosaic # L9,Delta,218,,,,,,,,,,,,,,
1996,3850,,Delta,manned,N. end lava to dropstones-scours?,CSEO,8/17/1996,8/17/1996,,Tom,Jagielo,Richard,Slater,Line Transect,1,8/17/1996,,,5  minute,Mosaic # L9,Delta,1420,,,,,,,,,,,,,,
1996,3851,,Delta,manned,lava lobe and embayment,CSEO,8/17/1996,8/17/1996,,Tory,O'Connell,Chris,Ijames,Line Transect,1,8/17/1996,,,5  minute,,Delta,449,,,,,,,,,,,,,,
1996,3852,,Delta,manned,fault,CSEO,8/17/1996,8/17/1996,,Jan,Straley,Richard,Slater,Line Transect,1,8/17/1996,,,5  minute,"At fix 3 NW-SE fault, 120 degrees",Delta,224,,,,,,,,,,,,,,
1996,3853,,Delta,manned,erosional?,CSEO,8/17/1996,8/17/1996,,Tory,O'Connell,Dave,Slater,Line Transect,1,8/17/1996,,,5  minute,,Delta,624,,,,,,,,,,,,,,
1996,3854,,Delta,manned,packed gravel?,CSEO,8/17/1996,8/17/1996,,Jan,Straley,Chris,Ijames,Line Transect,1,8/17/1996,12:14:26,12:53:14,5  minute,,Delta,462,,,,,,,,,,,,,,
1997,4035,,Delta,manned,,,,,,Waldo,Wakefield,Chris,Ijames,Bounce,1,,,,,,Delta,,,,,,,,,,,,,,,
1997,4036,,Delta,manned,,,,,,James,McRea,Dave,Slater,Bounce,1,,,,,,Delta,,,,,,,,,,,,,,,
1997,4037,,Delta,manned,,,,,,Tory,O'Connell,Chris,Ijames,Bounce,1,,,,,,Delta,,,,,,,,,,,,,,,
1997,4038,,Delta,manned,Fairweather,EYKT,7/21/1997,7/21/1997,,Tory,O'Connell,Dave,Slater,Aborted,2,7/21/1997,,,5  minute,Aborted - off rock into sand,Delta,491,,,,,,,,,,,,,,
1997,4038,,Delta,manned,Fairweather,EYKT,7/21/1997,7/21/1997,,Tory,O'Connell,Dave,Slater,Line Transect,1,7/21/1997,7:23:22,8:08:43,5  minute,,Delta,741,,,,,,,,,,,,,,
1997,4039,,Delta,manned,Fairweather,EYKT,7/21/1997,7/21/1997,,Waldo,Wakefield,Chris,Ijames,Line Transect,1,7/21/1997,9:58:22,10:38:52,5  minute,,Delta,769,,,,,,,,,,,,,,
1997,4039,,Delta,manned,Fairweather,EYKT,7/21/1997,7/21/1997,,Waldo,Wakefield,Chris,Ijames,Line Transect,2,7/21/1997,10:52:00,11:36:38,5  minute,,Delta,1021,,,,,,,,,,,,,,
1997,4040,,Delta,manned,Fairweather,EYKT,7/21/1997,7/21/1997,,Tory,O'Connell,Dave,Slater,Aborted,1,7/21/1997,,,5  minute,"Aborted - looking for rock, not found",Delta,525,,,,,,,,,,,,,,
1997,4041,,Delta,manned,Fairweather,EYKT,7/21/1997,7/21/1997,,Tory,O'Connell,Dave,Slater,Line Transect,1,7/21/1997,,14:51:01,5  minute,,Delta,933,,,,,,,,,,,,,,
1997,4041,,Delta,manned,Fairweather,EYKT,7/21/1997,7/21/1997,,Tory,O'Connell,Dave,Slater,Line Transect,2,7/21/1997,15:00:28,15:31:58,5  minute,,Delta,688,,,,,,,,,,,,,,
1997,4042,,Delta,manned,Fairweather,EYKT,7/21/1997,7/21/1997,,Waldo,Wakefield,Chris,Ijames,Line Transect,1,7/21/1997,16:27:15,17:12:53,5  minute,"16:57:36 video dysfunction begins: low batttery; 17:04:05 end video, audio only",Delta,773,,,,,,,,,,,,,,
1997,4043,,Delta,manned,Fairweather,EYKT,7/22/1997,7/22/1997,,Meg,Cartwright,Dave,Slater,Bounce,1,7/22/1997,,,,,Delta,,,,,,,,,,,,,,,
1997,4044,,Delta,manned,"Fairweather,  50 fa hump NW",EYKT,7/22/1997,7/22/1997,,Tory,O'Connell,Chris,Ijames,Line Transect,1,7/22/1997,,8:44:06,5  minute,Rosethorn habitat,Delta,1185,,,,,,,,,,,,,,
1997,4044,,Delta,manned,"Fairweather,  50fa hump NW",EYKT,7/22/1997,7/22/1997,,Tory,O'Connell,Chris,Ijames,Line Transect,2,7/22/1997,8:51:10,9:20:18,5  minute,,Delta,795,,,,,,,,,,,,,,
1997,4045,,Delta,manned,Fairweather,EYKT,7/22/1997,7/22/1997,,Waldo,Wakefield,Dave,Slater,Line Transect,2,7/22/1997,11:16:15,11:46:00,5  minute,,Delta,1120,,,,,,,,,,,,,,
1997,4045,,Delta,manned,Fairweather,EYKT,7/22/1997,7/22/1997,,Waldo,Wakefield,Dave,Slater,,1,7/22/1997,,11:09:50,5  minute,"No forward camera on this transect, fish sightings not entered",Delta,963,,,,,,,,,,,,,,
1997,4046,,Delta,manned,Fairweather,EYKT,7/22/1997,7/22/1997,,Tory,O'Connell,Chris,Ijames,Line Transect,1,7/22/1997,,15:09:18,5  minute,Really cool dive,Delta,914,,,,,,,,,,,,,,
1997,4047,,Delta,manned,Fairweather,EYKT,7/22/1997,7/22/1997,,Waldo,Wakefield,Dave,Slater,Line Transect,1,7/22/1997,,17:40:56,5  minute,,Delta,1413,,,,,,,,,,,,,,
1997,4047,,Delta,manned,Fairweather,EYKT,7/22/1997,7/22/1997,,Waldo,Wakefield,Dave,Slater,Line Transect,2,7/22/1997,17:45:45,18:12:20,5  minute,,Delta,1044,,,,,,,,,,,,,,
1997,4048,,Delta,manned,"Fairweather, GB's 90 pinnacle",EYKT,7/23/1997,7/23/1997,,Tory,O'Connell,Chris,Ijames,Line Transect,1,7/23/1997,7:29:55,8:00:21,5  minute,08:00:21 - camera stopped end of transect,Delta,624,,,,,,,,,,,,,,
1997,4049,,Delta,manned,"Fairweather, lingcod 30's",EYKT,7/23/1997,7/23/1997,,Waldo,Wakefield,Dave,Slater,Line Transect,1,7/23/1997,,10:39:51,5  minute,Concretions also possible seep at 10:39:25,Delta,928,,,,,,,,,,,,,,
1997,4049,,Delta,manned,"Fairweather, lingcod 30's",EYKT,7/23/1997,7/23/1997,,Waldo,Wakefield,Dave,Slater,,2,7/23/1997,,,5  minute,Don't use for density estimate,Delta,711,,,,,,,,,,,,,,
1997,4050,,Delta,manned,Fairweather,EYKT,7/23/1997,7/23/1997,,Tory,O'Connell,Chris,Ijames,Line Transect,1,7/23/1997,,13:07:57,5  minute,,Delta,936,,,,,,,,,,,,,,
1997,4051,,Delta,manned,Fairweather,EYKT,7/23/1997,7/23/1997,,Mo,Ramsey,Dave,Slater,Bounce,1,7/23/1997,,,,,Delta,,,,,,,,,,,,,,,
1997,4052,,Delta,manned,Fairweather,EYKT,7/23/1997,7/23/1997,,Tory,O'Connell,Chris,Ijames,Line Transect,1,7/23/1997,,16:18:58,5  minute,,Delta,715,,,,,,,,,,,,,,
1997,4052,,Delta,manned,Fairweather,EYKT,7/23/1997,7/23/1997,,Tory,O'Connell,Chris,Ijames,Line Transect,2,7/23/1997,16:20:37,16:50:56,5  minute,"16:50:56 - screen went dead, EOT",Delta,1180,,,,,,,,,,,,,,
1997,4053,,Delta,manned,Fairweather,EYKT,7/23/1997,7/23/1997,,Doug,Morse,Dave,Slater,Bounce,1,7/23/1997,,,,,Delta,,,,,,,,,,,,,,,
1997,4054,,Delta,manned,Fairweather,EYKT,7/24/1997,7/24/1997,,Waldo,Wakefield,Chris,Ijames,Line Transect,1,7/24/1997,,7:57:58,5  minute,Non-metered dive,Delta,1175,,,,,,,,,,,,,,
1997,4054,,Delta,manned,Fairweather,EYKT,7/24/1997,7/24/1997,,Waldo,Wakefield,Chris,Ijames,Line Transect,2,7/24/1997,,8:35:57,5  minute,,Delta,1025,,,,,,,,,,,,,,
1997,4055,,Delta,manned,Fairweather,EYKT,7/24/1997,7/24/1997,,Tory,O'Connell,Dave,Slater,Line Transect,1,7/24/1997,,10:22:24,5  minute,,Delta,1261,,,,,,,,,,,,,,
1997,4055,,Delta,manned,Fairweather,EYKT,7/24/1997,7/24/1997,,Tory,O'Connell,Dave,Slater,,2,7/24/1997,,,5  minute,Don't use for density estimate,Delta,1951,,,,,,,,,,,,,,
1997,4056,,Delta,manned,Gilmer Bay 70's,CSEO,7/25/1997,7/25/1997,,Waldo,Wakefield,Chris,Ijames,Line Transect,1,7/25/1997,8:25:09,8:55:10,5  minute,,Delta,951,,,,,,,,,,,,,,
1997,4056,,Delta,manned,Gilmer Bay 70's,CSEO,7/25/1997,7/25/1997,,Waldo,Wakefield,Chris,Ijames,Line Transect,2,7/25/1997,,9:35:12,5  minute,,Delta,1136,,,,,,,,,,,,,,
1997,4057,,Delta,manned,Gilmer,CSEO,7/25/1997,7/25/1997,,Tory,O'Connell,Dave,Slater,Aborted,2,7/25/1997,,,,,Delta,,,,,,,,,,,,,,,
1997,4057,,Delta,manned,Gilmer,CSEO,7/25/1997,7/25/1997,,Tory,O'Connell,Dave,Slater,Experimental,1,7/25/1997,,,5  minute,Along Ida June's LL set,Delta,704,,,,,,,,,,,,,,
1997,4058,,Delta,manned,Beaver Pt.,CSEO,7/25/1997,7/25/1997,,Waldo,Wakefield,Chris,Ijames,Line Transect,1,7/25/1997,,13:40:09,5  minute,,Delta,1124,,,,,,,,,,,,,,
1997,4058,,Delta,manned,Beaver Pt.,CSEO,7/25/1997,7/25/1997,,Waldo,Wakefield,Chris,Ijames,Line Transect,2,7/25/1997,,14:15:07,5  minute,,Delta,1232,,,,,,,,,,,,,,
1997,4059,,Delta,manned,Beaver Pt. South 50fa,CSEO,7/25/1997,7/25/1997,,Tory,O'Connell,Dave,Slater,Line Transect,1,7/25/1997,,16:43:58,5  minute,,Delta,774,,,,,,,,,,,,,,
1997,4059,,Delta,manned,Beaver Pt. South 50fa,CSEO,7/25/1997,7/25/1997,,Tory,O'Connell,Dave,Slater,Line Transect,2,7/25/1997,,17:18:46,5  minute,,Delta,780,,,,,,,,,,,,,,
1997,4060,,Delta,manned,Pinnacle 19 fa,CSEO,7/26/1997,7/26/1997,,Doug,Woodby,Chris,Ijames,Bounce,1,7/26/1997,,,,,Delta,,,,,,,,,,,,,,,
1997,4061,,Delta,manned,Pinnacle 19fa,CSEO,7/26/1997,7/26/1997,,Beverly,Richardson,Dave,Slater,Bounce,1,7/26/1997,,,,,Delta,,,,,,,,,,,,,,,
1997,4062,,Delta,manned,Cape Edgecumbe deep,CSEO,7/26/1997,7/26/1997,,Waldo,Wakefield,Chris,Ijames,Line Transect,1,7/26/1997,,9:24:24,5  minute,,Delta,980,,,,,,,,,,,,,,
1997,4062,,Delta,manned,Cape Edgecumbe deep,CSEO,7/26/1997,7/26/1997,,Waldo,Wakefield,Chris,Ijames,Line Transect,2,7/26/1997,,10:00:24,5  minute,,Delta,1215,,,,,,,,,,,,,,
1997,4063,,Delta,manned,Cape Edgecumbe,CSEO,7/26/1997,7/26/1997,,Tory,O'Connell,Dave,Slater,Line Transect,1,7/26/1997,,11:23:17,5  minute,,Delta,758,,,,,,,,,,,,,,
1997,4063,,Delta,manned,Cape Edgecumbe,CSEO,7/26/1997,7/26/1997,,Tory,O'Connell,Dave,Slater,Line Transect,2,7/26/1997,11:28:54,11:58:50,5  minute,,Delta,876,,,,,,,,,,,,,,
1997,4064,,Delta,manned,Cape Edgecumbe,CSEO,7/26/1997,7/26/1997,,Waldo,Wakefield,Chris,Ijames,Line Transect,1,7/26/1997,12:48:17,13:18:31,5  minute,,Delta,992,,,,,,,,,,,,,,
1997,4064,,Delta,manned,Cape Edgecumbe,CSEO,7/26/1997,7/26/1997,,Waldo,Wakefield,Chris,Ijames,Line Transect,2,7/26/1997,13:22:37,13:52:37,5  minute,,Delta,1114,,,,,,,,,,,,,,
1997,4065,,Delta,manned,Cape Edgecumbe shallow,CSEO,7/26/1997,7/26/1997,,Tory,O'Connell,Dave,Slater,Line Transect,1,7/26/1997,14:33:26,15:03:42,5  minute,,Delta,958,,,,,,,,,,,,,,
1997,4065,,Delta,manned,Cape Edgecumbe shallow,CSEO,7/26/1997,7/26/1997,,Tory,O'Connell,Dave,Slater,Line Transect,2,7/26/1997,15:07:17,15:37:10,5  minute,,Delta,1100,,,,,,,,,,,,,,
1997,4066,,Delta,manned,Pinnacles Edgecumbe,CSEO,7/27/1997,7/27/1997,,Gary,Greene,Chris,Ijames,Geology,1,7/27/1997,,,5  minute,Dive area 10 (geo 1),Delta,749,,,,,,,,,,,,,,
1997,4067,,Delta,manned,Pinnacles Edgecumbe,CSEO,7/27/1997,7/27/1997,,James,McRea,Dave,Slater,Geology,1,7/27/1997,,,5  minute,Dive area 8 (geo 2),Delta,1582,,,,,,,,,,,,,,
1997,4068,,Delta,manned,"Cape Edgecumbe, North.",CSEO,7/27/1997,7/27/1997,,Andrea,Fildani,Chris,Ijames,Geology,1,7/27/1997,13:28:03,14:16:14,5  minute,Dive area 9 (geo 3),Delta,1750,,,,,,,,,,,,,,
1997,4069,,Delta,manned,Pinnacle 19fa,CSEO,7/27/1997,7/27/1997,,Tory,O'Connell,Dave,Slater,Bounce,1,7/27/1997,,,,Tory and Chandler bounce,Delta,,,,,,,,,,,,,,,
1997,4070,,Delta,manned,Pinnacle 19fa,CSEO,7/27/1997,7/27/1997,,Tory,O'Connell,Chris,Ijames,Bounce,1,7/27/1997,,,,Tory and Margot bounce,Delta,,,,,,,,,,,,,,,
1997,4071,,Delta,manned,Pinnacle 34fa,CSEO,7/27/1997,7/27/1997,,George,Plafker,Dave,Slater,Geology,1,7/27/1997,,,5  minute,Dive area 11 (geo 4),Delta,1675,,,,,,,,,,,,,,
1997,4072,,Delta,manned,Pt. Amelia,CSEO,7/29/1997,7/29/1997,,Andrea,Fildani,Chris,Ijames,Geology,1,7/29/1997,,,5  minute,Dive area 1,Delta,1243,,,,,,,,,,,,,,
1997,4073,,Delta,manned,Pt. Amelia,CSEO,7/29/1997,7/29/1997,,Gary,Greene,Dave,Slater,Geology,1,7/29/1997,,,5  minute,Dive area 2,Delta,2087,,,,,,,,,,,,,,
1997,4074,,Delta,manned,Pt. Amelia,CSEO,7/29/1997,7/29/1997,,George,Plafker,Chris,Ijames,Geology,1,7/29/1997,,,5  minute,,Delta,1436,,,,,,,,,,,,,,
1997,4075,,Delta,manned,Pt. Mary,CSEO,7/29/1997,7/29/1997,,James,McRea,Dave,Slater,Geology,1,7/29/1997,,,5  minute,Dive area 3,Delta,2716,,,,,,,,,,,,,,
1997,4076,,Delta,manned,Pt. Mary,CSEO,7/30/1997,7/30/1997,,George,Plafker,Chris,Ijames,Geology,1,7/30/1997,,,5  minute,,Delta,1908,,,,,,,,,,,,,,
1997,4077,,Delta,manned,Shelikof Bay N,CSEO,7/30/1997,7/30/1997,,James,McRea,Dave,Slater,Geology,1,7/30/1997,,,5  minute,Dive area 5,Delta,2171,,,,,,,,,,,,,,
1997,4078,,Delta,manned,Pt. Mary,CSEO,7/30/1997,7/30/1997,,Andrea,Fildani,Chris,Ijames,Geology,1,7/30/1997,,,5  minute,Dive area 5,Delta,1267,,,,,,,,,,,,,,
1997,4079,,Delta,manned,Pt. Mary,CSEO,7/30/1997,7/30/1997,,Gary,Greene,Dave,Slater,Geology,1,7/30/1997,,,5  minute,Dive area 4,Delta,2414,,,,,,,,,,,,,,
1997,4080,,Delta,manned,Pinnacle 19fa,CSEO,7/31/1997,7/31/1997,,Tory,O'Connell,Chris,Ijames,Pinnacles,1,7/31/1997,,,5 minute,"Set flags for perm transect, flag 2 at fix 1, flag 1 at fix 9",Delta,591,,,,,,,,,,,,,,
1997,4081,,Delta,manned,Pinnacle 19fa,CSEO,7/31/1997,7/31/1997,,Waldo,Wakefield,Dave,Slater,Pinnacles,1,7/31/1997,,,5 minute,"Set flags for perm transect bottom to top,flag 3 at fix 2, flag 4 at fix 7",Delta,389,,,,,,,,,,,,,,
1997,4081,,Delta,manned,Pinnacle 19fa,CSEO,7/31/1997,7/31/1997,,Waldo,Wakefield,Dave,Slater,Pinnacles,2,7/31/1997,,,5 minute,,Delta,209,,,,,,,,,,,,,,
1997,4082,,Delta,manned,Pinnacle 19fa,CSEO,7/31/1997,7/31/1997,,Cleo,Brylinsky,Chris,Ijames,Pinnacles,1,7/31/1997,,,5 minute,Dropping flag #5 at fix 3,Delta,546,,,,,,,,,,,,,,
1997,4082,,Delta,manned,Pinnacle 19fa,CSEO,7/31/1997,7/31/1997,,Cleo,Brylinsky,Chris,Ijames,Pinnacles,2,7/31/1997,,,5 minute,Flag 7 at fix 1,Delta,208,,,,,,,,,,,,,,
1997,4083,,Delta,manned,Pinnacle 19fa,CSEO,7/31/1997,7/31/1997,,Dave,Carlile,Dave,Slater,Pinnacles,1,7/31/1997,,,5 minute,"Dropped flag 12A at fix 2, and 12B at fix 7",Delta,368,,,,,,,,,,,,,,
1997,4084,,Delta,manned,Shelikof Bay,CSEO,8/1/1997,8/1/1997,,Dave,Carlile,Chris,Ijames,Line Transect,1,8/1/1997,,7:52:37,5  minute,,Delta,831,,,,,,,,,,,,,,
1997,4084,,Delta,manned,Shelikof Bay,CSEO,8/1/1997,8/1/1997,,Dave,Carlile,Chris,Ijames,Line Transect,2,8/1/1997,7:59:00,8:28:51,5  minute,,Delta,935,,,,,,,,,,,,,,
1997,4085,,Delta,manned,Pt. Mary 90's,CSEO,8/1/1997,8/1/1997,,Waldo,Wakefield,Dave,Slater,Line Transect,1,8/1/1997,10:49:09,11:19:07,5  minute,Seep at 10:36:19,Delta,991,,,,,,,,,,,,,,
1997,4086,,Delta,manned,Beaver Point 70's,CSEO,8/1/1997,8/1/1997,,Dave,Carlile,Chris,Ijames,Line Transect,1,8/1/1997,,14:22:46,5  minute,Whole transect silt covered,Delta,1011,,,,,,,,,,,,,,
1997,4086,,Delta,manned,Beaver Point 70's,CSEO,8/1/1997,8/1/1997,,Dave,Carlile,Chris,Ijames,Line Transect,2,8/1/1997,,15:03:57,5  minute,,Delta,988,,,,,,,,,,,,,,
1997,4087,,Delta,manned,Tlinget War Mask,CSEO,8/2/1997,8/2/1997,,Tory,O'Connell,Dave,Slater,Reconnaissance,1,8/2/1997,6:19:02,7:26:21,5 minute,Feature off Shelikof,Delta,935,,,,,,,,,,,,,,
1997,4088,,Delta,manned,Tlinget War Mask,CSEO,8/2/1997,8/2/1997,,Waldo,Wakefield,Chris,Ijames,Reconnaissance,1,8/2/1997,9:01:26,9:18:33,5 minute,Feature off Shelikof,Delta,530,,,,,,,,,,,,,,
1997,4089,,Delta,manned,Shelikof Geology Slump,CSEO,8/2/1997,8/2/1997,,Dave,Carlile,Dave,Slater,Line Transect,1,8/2/1997,10:28:22,10:57:41,5  minute,,Delta,852,,,,,,,,,,,,,,
1997,4089,,Delta,manned,Shelikof Geology Slump,CSEO,8/2/1997,8/2/1997,,Dave,Carlile,Dave,Slater,Line Transect,2,8/2/1997,11:08:30,11:38:51,5  minute,,Delta,973,,,,,,,,,,,,,,
1997,4090,,Delta,manned,Cape Edgecumbe,CSEO,8/2/1997,8/2/1997,,Tory,O'Connell,Chris,Ijames,Line Transect,1,8/2/1997,13:23:47,14:57:14,5  minute,,Delta,865,,,,,,,,,,,,,,
1997,4091,,Delta,manned,Beaver Point 40's,CSEO,8/2/1997,8/2/1997,,Waldo,Wakefield,Dave,Slater,Line Transect,1,8/2/1997,,15:27:13,5  minute,,Delta,659,,,,,,,,,,,,,,
1997,4091,,Delta,manned,Beaver Point 40's,CSEO,8/2/1997,8/2/1997,,Waldo,Wakefield,Dave,Slater,Line Transect,2,8/2/1997,15:33:50,16:03:55,5  minute,,Delta,781,,,,,,,,,,,,,,
1997,4092,,Delta,manned,Crawfish Inlet 40's & 50's,CSEO,8/3/1997,8/3/1997,,Dave,Carlile,Chris,Ijames,Line Transect,1,8/3/1997,7:03:12,7:33:19,5  minute,,Delta,885,,,,,,,,,,,,,,
1997,4092,,Delta,manned,Crawfish Inlet 40's & 50's,CSEO,8/3/1997,8/3/1997,,Dave,Carlile,Chris,Ijames,Line Transect,2,8/3/1997,7:39:01,8:09:12,5  minute,,Delta,1038,,,,,,,,,,,,,,
1997,4093,,Delta,manned,Necker Island,CSEO,8/3/1997,8/3/1997,,Tory,O'Connell,Dave,Slater,Line Transect,1,8/3/1997,,10:11:42,5  minute,,Delta,878,,,,,,,,,,,,,,
1997,4093,,Delta,manned,Necker Island,CSEO,8/3/1997,8/3/1997,,Tory,O'Connell,Dave,Slater,Line Transect,2,8/3/1997,10:16:15,10:46:20,5  minute,,Delta,738,,,,,,,,,,,,,,
1997,4094,,Delta,manned,Biorka Bump,CSEO,8/3/1997,8/3/1997,,Waldo,Wakefield,Chris,Ijames,Line Transect,1,8/3/1997,,12:29:35,5  minute,,Delta,439,,,,,,,,,,,,,,
1997,4094,,Delta,manned,Biorka Bump,CSEO,8/3/1997,8/3/1997,,Waldo,Wakefield,Chris,Ijames,Line Transect,2,8/3/1997,12:46:18,13:14:05,5  minute,Earthquake fault at 12:56,Delta,1174,,,,,,,,,,,,,,
1997,4095,,Delta,manned,Biorka Reef,CSEO,8/3/1997,8/3/1997,,Dave,Carlile,Dave,Slater,Line Transect,1,8/3/1997,,15:43:55,5  minute,Vertical relief extreme,Delta,550,,,,,,,,,,,,,,
1997,4095,,Delta,manned,Biorka Reef,CSEO,8/3/1997,8/3/1997,,Dave,Carlile,Dave,Slater,Line Transect,2,8/3/1997,,16:19:45,5  minute,,Delta,695,,,,,,,,,,,,,,
1999,4784,,Delta,manned,McLeod Bay,SSEI,7/21/1999,7/21/1999,,Dave,Carlile,Dave,Slater,Experimental,1,7/21/1999,,,,target distance test,Delta,,,,,,,,,,,,,,,
1999,4785,,Delta,manned,McLeod Bay,SSEI,7/21/1999,7/21/1999,,Waldo,Wakefield,Chris,Ijames,Experimental,1,7/21/1999,,,,target distance test,Delta,,,,,,,,,,,,,,,
1999,4786,,Delta,manned,McLeod Bay,SSEI,7/21/1999,7/21/1999,,Tory,O'Connell,Dave,Slater,Experimental,1,7/21/1999,,,,target distance test,Delta,,,,,,,,,,,,,,,
1999,4787,,Delta,manned,West of Forrester,SSEO,7/22/1999,7/22/1999,,Dave,Carlile,Chris,Ijames,Aborted,1,7/22/1999,,,,Aborted - faulty PISCES,Delta,,,,,,,,,,,,,,,
1999,4788,,Delta,manned,West of Forrester,SSEO,7/22/1999,7/22/1999,,Dave,Carlile,Chris,Ijames,Line Transect,1,7/22/1999,11:27:21,11:57:24,5  minute,Fishing site,Delta,618,,,,,,,,,,,,,,
1999,4788,,Delta,manned,West of Forrester,SSEO,7/22/1999,7/22/1999,,Dave,Carlile,Chris,Ijames,Line Transect,2,7/22/1999,12:14:00,12:44:00,5  minute,Fishing site,Delta,758,,,,,,,,,,,,,,
1999,4789,,Delta,manned,West of Forrester,SSEO,7/22/1999,7/22/1999,,Waldo,Wakefield,Dave,Slater,Line Transect,1,7/22/1999,14:04:00,14:34:50,5  minute,"Random Rocky  No lola for the rock sample, will need to watch tape to get a time then location, probably between transects.",Delta,847,,,,,,,,,,,,,,
1999,4789,,Delta,manned,West of Forrester,SSEO,7/22/1999,7/22/1999,,Waldo,Wakefield,Dave,Slater,Line Transect,2,7/22/1999,14:47:28,15:16:51,5  minute,Random Rocky,Delta,977,,,,,,,,,,,,,,
1999,4790,,Delta,manned,West of Forrester,SSEO,7/22/1999,7/22/1999,,Tory,O'Connell,Chris,Ijames,Line Transect,1,7/22/1999,16:50:29,17:20:37,5  minute,Fishing site,Delta,942,,,,,,,,,,,,,,
1999,4790,,Delta,manned,West of Forrester,SSEO,7/22/1999,7/22/1999,,Tory,O'Connell,Chris,Ijames,Line Transect,2,7/22/1999,17:40:34,18:11:13,5  minute,"Fishing site, 17:41:35 a camera went out",Delta,1003,,,,,,,,,,,,,,
1999,4790,,Delta,manned,,SSEO,7/22/1999,7/22/1999,,Tory,O'Connell,Chris,Ijames,Random Observation,0,,,,,,Delta,,,,,,,,,,,,,,,
1999,4791,,Delta,manned,East of Forrester,SSEO,7/23/1999,7/23/1999,,Dave,Carlile,Dave,Slater,Line Transect,1,7/23/1999,9:14:19,9:44:58,5  minute,"Random Rocky, no depths w fish sightings,  ye between transects, forward camera 7 sec ahead of side camera",Delta,962,,,,,,,,,,,,,,
1999,4791,,Delta,manned,East of Forrester,SSEO,7/23/1999,7/23/1999,,Dave,Carlile,Dave,Slater,Line Transect,2,7/23/1999,9:57:14,10:27:45,5  minute,"Random Rocky, no depths w fish sightings",Delta,1272,,,,,,,,,,,,,,
1999,4791,,Delta,manned,,SSEO,7/23/1999,7/23/1999,,Dave,Carlile,Dave,Slater,Random Observation,0,,,,,,Delta,,,,,,,,,,,,,,,
1999,4792,,Delta,manned,16 fm pinnacle east of Forrester,SSEO,7/23/1999,7/23/1999,,Diedra,Holum,Chris,Ijames,Pinnacles,1,7/23/1999,,,,Photo and Reconnaissance,Delta,,,,,,,,,,,,,,,
1999,4793,,Delta,manned,East of Forrester,SSEO,7/23/1999,7/23/1999,,Waldo,Wakefield,Dave,Slater,Line Transect,1,7/23/1999,13:14:10,13:44:27,5  minute,Fishing site,Delta,855,,,,,,,,,,,,,,
1999,4793,,Delta,manned,East of Forrester,SSEO,7/23/1999,7/23/1999,,Waldo,Wakefield,Dave,Slater,Line Transect,2,7/23/1999,13:58:49,14:29:09,5  minute,Fishing site,Delta,1005,,,,,,,,,,,,,,
1999,4794,,Delta,manned,East of Forrester,SSEO,7/23/1999,7/23/1999,,Tory,O'Connell,Chris,Ijames,Line Transect,1,7/23/1999,15:42:31,16:12:56,5  minute,"Random Rocky, sponges and 2 halibut",Delta,971,,,,,,,,,,,,,,
1999,4795,,Delta,manned,East of Forrester,SSEO,7/23/1999,7/23/1999,,Dave,Carlile,Dave,Slater,Line Transect,1,7/23/1999,17:23:07,18:24:02,5  minute,"Random Rocky, no depths w fish sightings, 17:33:34 forward camera stopped working",Delta,1802,,,,,,,,,,,,,,
1999,4796,,Delta,manned,East of Wolf Rock,SSEO,7/24/1999,7/24/1999,,Waldo,Wakefield,Chris,Ijames,Line Transect,1,7/24/1999,7:54:10,8:24:52,5  minute,"Fishing site, forward camera is 12 seconds ahead of side camera, 08:01:21 tracks on bottom",Delta,803,,,,,,,,,,,,,,
1999,4796,,Delta,manned,East of Wolf Rock,SSEO,7/24/1999,7/24/1999,,Waldo,Wakefield,Chris,Ijames,Line Transect,2,7/24/1999,8:31:31,9:01:51,5  minute,"Fishing site, line length takes big jump between last 2 fixes",Delta,1402,,,,,,,,,,,,,,
1999,4797,,Delta,manned,West of Cape Lookout,SSEO,7/24/1999,7/24/1999,,Tory,O'Connell,Dave,Slater,Line Transect,1,7/24/1999,10:15:55,10:46:00,5  minute,"Random Rocky, 10:46 Redtree w trawl web.  Shrimp, dogfish,grey cod, SG in rock 10:48.",Delta,1154,,,,,,,,,,,,,,
1999,4797,,Delta,manned,West of Cape Lookout,SSEO,7/24/1999,7/24/1999,,Tory,O'Connell,Dave,Slater,Line Transect,2,7/24/1999,11:01:06,11:31:09,5  minute,Random Rocky,Delta,1149,,,,,,,,,,,,,,
1999,4798,,Delta,manned,NE of Wolf Rocks,SSEO,7/24/1999,7/24/1999,,Dave,Carlile,Chris,Ijames,Line Transect,1,7/24/1999,12:36:57,13:07:13,5  minute,Fishing site,Delta,662,,,,,,,,,,,,,,
1999,4798,,Delta,manned,NE of Wolf Rocks,SSEO,7/24/1999,7/24/1999,,Dave,Carlile,Chris,Ijames,Line Transect,2,7/24/1999,13:19:33,13:49:39,5  minute,Fishing site,Delta,843,,,,,,,,,,,,,,
1999,4799,,Delta,manned,6 nm S.W. of Cape Felix,SSEO,7/24/1999,7/24/1999,,Waldo,Wakefield,Dave,Slater,Aborted,2,7/24/1999,15:37:55,15:44:14,,"Random Rocky. no depth data & lost side camera before fix 3, 15:47:16 - 15:48:04. Don't include in density estimate",Delta,,,,,,,,,,,,,,,
1999,4799,,Delta,manned,6 nm S.W. of Cape Felix,SSEO,7/24/1999,7/24/1999,,Waldo,Wakefield,Dave,Slater,Line Transect,1,7/24/1999,15:02:18,15:32:28,5  minute,Random Rocky. Forward tape is 12 seconds ahead of side. 15:22:00-15:22:45 no vis,Delta,1050,,,,,,,,,,,,,,
1999,4800,,Delta,manned,5 nm S.W. of Cape Felix,SSEO,7/25/1999,7/25/1999,,Tory,O'Connell,Chris,Ijames,Line Transect,1,7/25/1999,7:14:14,7:51:10,5  minute,"Starting transect at 7:31, because they stopped to collect a sponge before this time for 8min and first good fix at 7:31",Delta,495,,,,,,,,,,,,,,
1999,4800,,Delta,manned,5 nm S.W. of Cape Felix,SSEO,7/25/1999,7/25/1999,,Tory,O'Connell,Chris,Ijames,Line Transect,2,7/25/1999,8:03:52,8:33:59,5  minute,Fishing site,Delta,781,,,,,,,,,,,,,,
1999,4801,,Delta,manned,Pt. Arboleda,SSEO,7/25/1999,7/25/1999,,Dave,Carlile,Dave,Slater,Line Transect,1,7/25/1999,11:20:18,11:50:25,5  minute,Select weather site,Delta,777,,,,,,,,,,,,,,
1999,4801,,Delta,manned,Pt. Arboleda,SSEO,7/25/1999,7/25/1999,,Dave,Carlile,Dave,Slater,Line Transect,2,7/25/1999,12:01:06,12:31:22,5  minute,Select weather site,Delta,770,,,,,,,,,,,,,,
1999,4802,,Delta,manned,7 nm W-N.W. Cape Addington,SSEO,7/26/1999,7/26/1999,,Waldo,Wakefield,Chris,Ijames,Line Transect,1,7/26/1999,8:24:59,8:54:45,5  minute,Fishing site,Delta,1174,,,,,,,,,,,,,,
1999,4802,,Delta,manned,8 nm W-N.W. Cape Addington,SSEO,7/26/1999,7/26/1999,,Waldo,Wakefield,Chris,Ijames,Line Transect,2,7/26/1999,9:04:54,9:35:04,5  minute,Fishing site,Delta,1275,,,,,,,,,,,,,,
1999,4803,,Delta,manned,15.7 W. Cape Addington,SSEO,7/26/1999,7/26/1999,,Dave,Carlile,Dave,Slater,Line Transect,1,7/26/1999,11:41:55,12:11:23,5  minute,Fishing site  Lingcod near predation on canary or YE at 11:45:18 forward camera,Delta,1314,,,,,,,,,,,,,,
1999,4803,,Delta,manned,15.7 W. Cape Addington,SSEO,7/26/1999,7/26/1999,,Dave,Carlile,Dave,Slater,Line Transect,2,7/26/1999,12:16:22,12:46:26,5  minute,Fishing site Big halibut forward camera 12:45:00,Delta,1206,,,,,,,,,,,,,,
1999,4804,,Delta,manned,14.7 W. Cape Addington,SSEO,7/26/1999,7/26/1999,,Waldo,Wakefield,Chris,Ijames,Line Transect,1,7/26/1999,13:42:56,14:13:33,5  minute,"Random Rocky Forward camera is 20 seconds ahead, all times are from side camera,",Delta,1001,,,,,,,,,,,,,,
1999,4804,,Delta,manned,14.7 W. Cape Addington,SSEO,7/26/1999,7/26/1999,,Waldo,Wakefield,Chris,Ijames,Line Transect,2,7/26/1999,14:20:40,14:50:48,5  minute,Random Rocky,Delta,897,,,,,,,,,,,,,,
1999,4805,,Delta,manned,12 nm W. Cape Addington,SSEO,7/26/1999,7/26/1999,,Dave,Carlile,Dave,Slater,Line Transect,1,7/26/1999,15:52:25,16:22:44,5  minute,Fishing site,Delta,1059,,,,,,,,,,,,,,
1999,4805,,Delta,manned,12 nm W. Cape Addington,SSEO,7/26/1999,7/26/1999,,Dave,Carlile,Dave,Slater,Line Transect,2,7/26/1999,16:28:12,16:58:34,5  minute,Fishing site,Delta,913,,,,,,,,,,,,,,
1999,4806,,Delta,manned,12 nm W. Cape Addington,SSEO,7/26/1999,7/26/1999,,Scott,Kelley,Chris,Ijames,Bounce,1,7/26/1999,,,,Bounce,Delta,,,,,,,,,,,,,,,
1999,4807,,Delta,manned,4 nm S.W. Helm Point,SSEO,7/27/1999,7/27/1999,,Waldo,Wakefield,Dave,Slater,Line Transect,1,7/27/1999,8:42:16,9:12:26,5  minute,"Random Rocky. Clocks out of sync, strong current, particulates in water.",Delta,1050,,,,,,,,,,,,,,
1999,4807,,Delta,manned,4 nm S.W. Helm Point,SSEO,7/27/1999,7/27/1999,,Waldo,Wakefield,Dave,Slater,Line Transect,2,7/27/1999,9:17:58,9:47:27,5  minute,Random Rocky,Delta,1227,,,,,,,,,,,,,,
1999,4808,,Delta,manned,8 nm S.W. Warren Island,SSEO,7/27/1999,7/27/1999,,Dave,Carlile,Chris,Ijames,Line Transect,1,7/27/1999,11:38:00,12:03:49,5  minute,Fishing site,Delta,682,,,,,,,,,,,,,,
1999,4808,,Delta,manned,8 nm S.W. Warren Island,SSEO,7/27/1999,7/27/1999,,Dave,Carlile,Chris,Ijames,Line Transect,2,7/27/1999,12:09:44,12:39:31,5  minute,Fishing site,Delta,826,,,,,,,,,,,,,,
1999,4809,,Delta,manned,8 nm S.W. Warren Island,SSEO,7/27/1999,7/27/1999,,Waldo,Wakefield,Dave,Slater,Line Transect,1,7/27/1999,13:48:48,14:18:54,5  minute,Fishing site. Front camera 24 seconds behind side camera.,Delta,1588,,,,,,,,,,,,,,
1999,4809,,Delta,manned,8 nm S.W. Warren Island,SSEO,7/27/1999,7/27/1999,,Waldo,Wakefield,Dave,Slater,Line Transect,2,7/27/1999,14:26:49,14:57:20,5  minute,Fishing site,Delta,1284,,,,,,,,,,,,,,
1999,4810,,Delta,manned,2.4 S. southern-most tip Warren Island,SSEI,7/27/1999,7/27/1999,,Dave,Carlile,Chris,Ijames,Line Transect,1,7/27/1999,16:45:25,17:15:37,5  minute,Random Rocky,Delta,905,,,,,,,,,,,,,,
1999,4810,,Delta,manned,2.4 S. southern-most tip Warren Island,SSEI,7/27/1999,7/27/1999,,Dave,Carlile,Chris,Ijames,Line Transect,2,7/27/1999,17:21:04,17:47:00,5  minute,"Random Rocky, no DSR sighted.",Delta,967,,,,,,,,,,,,,,
1999,4811,,Delta,manned,0.9nm E. Middle Spanish Island,SSEI,7/28/1999,7/28/1999,,Waldo,Wakefield,Dave,Slater,Line Transect,1,7/28/1999,10:15:30,10:45:40,5  minute,Select weather site.  Looking up and down wall for fish.,Delta,867,,,,,,,,,,,,,,
1999,4811,,Delta,manned,0.9nm E. Middle Spanish Island,SSEI,7/28/1999,7/28/1999,,Waldo,Wakefield,Dave,Slater,Line Transect,2,7/28/1999,10:56:00,11:26:20,5  minute,Select weather site,Delta,1056,,,,,,,,,,,,,,
1999,4812,,Delta,manned,4 nm E. Fairway Islands,SSEI,7/28/1999,7/28/1999,,Dave,Carlile,Chris,Ijames,Line Transect,1,7/28/1999,13:14:46,13:45:15,5  minute,"Select weather site, current strong at times.",Delta,712,,,,,,,,,,,,,,
1999,4812,,Delta,manned,4 nm E. Fairway Islands,SSEI,7/28/1999,7/28/1999,,Dave,Carlile,Chris,Ijames,Line Transect,2,7/28/1999,13:51:24,14:21:52,5  minute,Select weather site,Delta,552,,,,,,,,,,,,,,
1999,4813,,Delta,manned,"3 nm N. Gish Bay, Coronation Island",NSEI,7/28/1999,7/28/1999,,Waldo,Wakefield,Dave,Slater,Line Transect,1,7/28/1999,16:16:14,16:46:30,5  minute,"Select weather site, rat fish dive. 16:28:14 longline gear f & s camera. Cameras in synch.",Delta,1110,,,,,,,,,,,,,,
1999,4813,,Delta,manned,"3 nm N. Gish Bay, Coronation Island",NSEI,7/28/1999,7/28/1999,,Waldo,Wakefield,Dave,Slater,Line Transect,2,7/28/1999,16:51:50,17:22:10,5  minute,Select weather site,Delta,814,,,,,,,,,,,,,,
1999,4814,,Delta,manned,1 nm W. southern-most Spanish I.,SSEO,7/28/1999,7/28/1999,,Wendy,Sisson,Chris,Ijames,Bounce,1,7/28/1999,,,,,Delta,,,,,,,,,,,,,,,
1999,4815,,Delta,manned,6.9 nm N.W. Hazy Islands,SSEO,7/29/1999,7/29/1999,,Dave,Carlile,Dave,Slater,Line Transect,1,7/29/1999,6:21:42,6:51:46,5  minute,Fishing site,Delta,963,,,,,,,,,,,,,,
1999,4815,,Delta,manned,6.9 nm N.W. Hazy Islands,SSEO,7/29/1999,7/29/1999,,Dave,Carlile,Dave,Slater,Line Transect,2,7/29/1999,6:57:01,7:27:20,5  minute,Fishing site,Delta,886,,,,,,,,,,,,,,
1999,4816,,Delta,manned,7 nm N.W. Hazy Islands,SSEO,7/29/1999,7/29/1999,,Waldo,Wakefield,Chris,Ijames,Line Transect,1,7/29/1999,8:11:40,8:41:47,5  minute,Random Rocky,Delta,820,,,,,,,,,,,,,,
1999,4816,,Delta,manned,7 nm N.W. Hazy Islands,SSEO,7/29/1999,7/29/1999,,Waldo,Wakefield,Chris,Ijames,Line Transect,2,7/29/1999,8:47:30,9:17:43,5  minute,Random Rocky,Delta,1270,,,,,,,,,,,,,,
1999,4816,,Delta,manned,,SSEO,7/29/1999,7/29/1999,,Waldo,Wakefield,Chris,Ijames,Random Observation,0,,,,,,Delta,,,,,,,,,,,,,,,
1999,4817,,Delta,manned,Pinnacle,CSEO,7/31/1999,7/31/1999,,Kaleb,Aldred,Dave,Slater,Bounce,1,7/31/1999,,,,,Delta,,,,,,,,,,,,,,,
1999,4818,,Delta,manned,Pinnacle,CSEO,7/31/1999,7/31/1999,,Kamala,Carroll,Dave,Slater,Bounce,1,7/31/1999,,,,,Delta,,,,,,,,,,,,,,,
1999,4819,,Delta,manned,Pinnacle,CSEO,7/31/1999,7/31/1999,,,Miller,Chris,Ijames,Bounce,1,7/31/1999,,,,,Delta,,,,,,,,,,,,,,,
1999,4820,,Delta,manned,Pinnacle,CSEO,7/31/1999,7/31/1999,,Herman,Savikko,Chris,Ijames,Bounce,1,7/31/1999,,,,,Delta,,,,,,,,,,,,,,,
1999,4821,,Delta,manned,Pinnacle,CSEO,7/31/1999,7/31/1999,,Pete,Jones,Dave,Slater,Bounce,1,7/31/1999,,,,,Delta,,,,,,,,,,,,,,,
1999,4822,,Delta,manned,Pinnacle,CSEO,7/31/1999,7/31/1999,,Shannon,Stragier,Dave,Slater,Bounce,1,7/31/1999,,,,,Delta,,,,,,,,,,,,,,,
1999,4823,,Delta,manned,Pinnacle,CSEO,7/31/1999,7/31/1999,,Jan,Straley,Chris,Ijames,Bounce,1,7/31/1999,,,,,Delta,,,,,,,,,,,,,,,
1999,4824,,Delta,manned,Pinnacle,CSEO,7/31/1999,7/31/1999,,Tom,Brookover,Chris,Ijames,Bounce,1,7/31/1999,,,,,Delta,,,,,,,,,,,,,,,
1999,4825,,Delta,manned,Pinnacle,CSEO,7/31/1999,7/31/1999,,Troy,Tydingco,Dave,Slater,Bounce,1,7/31/1999,,,,,Delta,,,,,,,,,,,,,,,
1999,4826,,Delta,manned,Pinnacle,CSEO,7/31/1999,7/31/1999,,Rick,Stanley,Dave,Slater,Bounce,1,7/31/1999,,,,,Delta,,,,,,,,,,,,,,,
1999,4827,,Delta,manned,Pinnacle,CSEO,7/31/1999,7/31/1999,,Lynne,Yamanaka,Chris,Ijames,Bounce,1,7/31/1999,,,,,Delta,,,,,,,,,,,,,,,
1999,4828,,Delta,manned,Pinnacle,CSEO,8/1/1999,8/1/1999,,Cyreis,Schmidt,Chris,Ijames,Bounce,1,8/1/1999,,,,,Delta,,,,,,,,,,,,,,,
1999,4829,,Delta,manned,Pinnacle,CSEO,8/1/1999,8/1/1999,,Megan,Macarty,Dave,Slater,Bounce,1,8/1/1999,,,,,Delta,,,,,,,,,,,,,,,
1999,4830,,Delta,manned,Pinnacle,CSEO,8/1/1999,8/1/1999,,Lynne,Yamanaka,Dave,Slater,Bounce,1,8/1/1999,,,,,Delta,,,,,,,,,,,,,,,
1999,4831,,Delta,manned,Pinnacle,CSEO,8/1/1999,8/1/1999,,Rick,Stanley,Chris,Ijames,Bounce,1,8/1/1999,,,,,Delta,,,,,,,,,,,,,,,
1999,4832,,Delta,manned,Pinnacle,CSEO,8/1/1999,8/1/1999,,Cyreis,Schmidt,Dave,Slater,Bounce,1,8/1/1999,,,,,Delta,,,,,,,,,,,,,,,
1999,4833,,Delta,manned,SW Fariweather,EYKT,8/2/1999,8/2/1999,,Gary,Greene,Dave,Slater,Geology,1,8/2/1999,,,5  minute,,Delta,640,,,,,,,,,,,,,,
1999,4834,,Delta,manned,Fairweather,EYKT,8/2/1999,8/2/1999,,Waldo,Wakefield,Richard,Slater,Line Transect,1,8/2/1999,14:50:41,15:20:42,5  minute,Random #54 Habitat 1 Forward camera 22 sec ahead of side.,Delta,1343,,,,,,,,,,,,,,
1999,4835,,Delta,manned,Fairweather,EYKT,8/2/1999,8/2/1999,,Waldo,Wakefield,Dave,Slater,Line Transect,1,8/2/1999,16:23:25,16:53:36,5  minute,Random #46 Habitat 1  Camera times out of synch.,Delta,985,,,,,,,,,,,,,,
1999,4836,,Delta,manned,Fairweather,EYKT,8/2/1999,8/2/1999,,Gary,Greene,Richard,Slater,Geology,1,8/2/1999,,,5  minute,Habitat 2,Delta,1464,,,,,,,,,,,,,,
1999,4838,,Delta,manned,Fairweather,EYKT,8/3/1999,8/3/1999,,Cleo,Brylinsky,Dave,Slater,Interface,1,8/3/1999,,,5  minute,Habitat 3,Delta,644,,,,,,,,,,,,,,
1999,4839,,Delta,manned,Fairweather,EYKT,8/3/1999,8/3/1999,,Gary,Greene,Richard,Slater,Geology,1,8/3/1999,,,5  minute,Habitat 2,Delta,719,,,,,,,,,,,,,,
1999,4840,,Delta,manned,Fairweather,EYKT,8/3/1999,8/3/1999,,Tory,O'Connell,Dave,Slater,Line Transect,1,8/3/1999,11:56:37,12:26:45,5  minute,Habitat 2 Interference on side camera this transect,Delta,1476,,,,,,,,,,,,,,
1999,4841,,Delta,manned,Fairweather,EYKT,8/3/1999,8/3/1999,,Waldo,Wakefield,Richard,Slater,Line Transect,1,8/3/1999,13:20:35,13:50:50,5  minute,Habitat 1 Forward camera 26 sec ahead of side camera,Delta,1441,,,,,,,,,,,,,,
1999,4841,,Delta,manned,Fairweather,EYKT,8/3/1999,8/3/1999,,Waldo,Wakefield,Richard,Slater,Line Transect,2,8/3/1999,14:01:09,14:31:34,5  minute,Habitat 1 Forward camera is 26 sec ahead of side camera,Delta,1584,,,,,,,,,,,,,,
1999,4842,,Delta,manned,Fairweather,EYKT,8/3/1999,8/3/1999,,Tory,O'Connell,Dave,Slater,Interface,1,8/3/1999,15:16:27,15:46:41,5  minute,Habitat 2,Delta,863,,,,,,,,,,,,,,
1999,4843,,Delta,manned,Fairweather,EYKT,8/3/1999,8/3/1999,,Bob,Frampton,Dave,Slater,Bounce,1,8/3/1999,,,,Bounce,Delta,,,,,,,,,,,,,,,
1999,4844,,Delta,manned,Fairweather,EYKT,8/3/1999,8/3/1999,,Russell,Sandstrom,Dave,Slater,Bounce,1,8/3/1999,,,,Bounce,Delta,,,,,,,,,,,,,,,
1999,4845,,Delta,manned,Fairweather,EYKT,8/4/1999,8/4/1999,,Gary,Greene,Richard,Slater,Geology,1,8/4/1999,,,5  minute,Habitat 4,Delta,1431,,,,,,,,,,,,,,
1999,4846,,Delta,manned,Fairweather,EYKT,8/4/1999,8/4/1999,,Waldo,Wakefield,Dave,Slater,Line Transect,1,8/4/1999,,,5  minute,Habitat 4  9:34:47 nice ye,Delta,1284,,,,,,,,,,,,,,
1999,4846,,Delta,manned,Fairweather,EYKT,8/4/1999,8/4/1999,,Waldo,Wakefield,Dave,Slater,Line Transect,2,8/4/1999,,,5  minute,,Delta,1140,,,,,,,,,,,,,,
1999,4847,,Delta,manned,Fairweather,EYKT,8/4/1999,8/4/1999,,Lynne,Yamanaka,Richard,Slater,Interface,1,8/4/1999,11:30:22,12:01:12,5  minute,Habitat 4,Delta,382,,,,,,,,,,,,,,
1999,4848,,Delta,manned,Fairweather,EYKT,8/4/1999,8/4/1999,,Tory,O'Connell,Dave,Slater,Line Transect,1,8/4/1999,12:44:18,13:14:27,5  minute,Habitat 4,Delta,1396,,,,,,,,,,,,,,
1999,4848,,Delta,manned,,EYKT,8/4/1999,8/4/1999,,Tory,O'Connell,Dave,Slater,Random Observation,0,,,,,,Delta,,,,,,,,,,,,,,,
1999,4849,,Delta,manned,Fairweather,EYKT,8/4/1999,8/4/1999,,Waldo,Wakefield,Richard,Slater,Line Transect,1,8/4/1999,14:09:10,14:39:16,5  minute,Forward camera 31 sec ahead side camera. Mysterious tracks at 14:35:38 on sediment possible marine mammel feeding marks?,Delta,971,,,,,,,,,,,,,,
1999,4850,,Delta,manned,Fairweather,EYKT,8/4/1999,8/4/1999,,Tory,O'Connell,Dave,Slater,Line Transect,1,8/4/1999,15:30:00,16:00:37,5  minute,"Habitat 4 Lots of schooling young, on wall with barrel sponges15:34:08 f-sponge,15:39:18 frame grab",Delta,608,,,,,,,,,,,,,,
1999,4851,,Delta,manned,Fairweather,EYKT,8/4/1999,8/4/1999,,Gary,Greene,Richard,Slater,Geology,1,8/4/1999,16:56:47,17:42:11,5  minute,Habitat 4,Delta,559,,,,,,,,,,,,,,
1999,4852,,Delta,manned,Fairweather,EYKT,8/5/1999,8/5/1999,,Cleo,Brylinsky,Dave,Slater,Line Transect,1,8/5/1999,8:24:31,8:54:35,5  minute,Forward camera ahead of side 37 seconds,Delta,1397,,,,,,,,,,,,,,
1999,4853,,Delta,manned,Fairweather,EYKT,8/5/1999,8/5/1999,,Waldo,Wakefield,Richard,Slater,Line Transect,1,8/5/1999,9:59:06,10:29:15,5  minute,"F camera 35 sec ahead of s, 09:54:34 big mudstone rock with clam holes, 12 ye congregate at mudstone",Delta,1493,,,,,,,,,,,,,,
1999,4854,,Delta,manned,Fairweather,EYKT,8/5/1999,8/5/1999,,Tory,O'Connell,Dave,Slater,Line Transect,1,8/5/1999,11:21:31,11:51:41,5  minute,"Flat bedrock with boulders, 6 ye in video at 11:16:10",Delta,1264,,,,,,,,,,,,,,
1999,4855,,Delta,manned,Fairweather,EYKT,8/5/1999,8/5/1999,,Gary,Greene,Richard,Slater,Geology,1,8/5/1999,,,5  minute,video images overlaid with video menu until 13:10,Delta,852,,,,,,,,,,,,,,
1999,4856,,Delta,manned,Fairweather,EYKT,8/5/1999,8/5/1999,,Waldo,Wakefield,Dave,Slater,Line Transect,1,8/5/1999,14:17:09,14:47:19,5  minute,"F camera is 35 sec ahead of side, dead sea pen stalks at beginning, concretions",Delta,1573,,,,,,,,,,,,,,
1999,4857,,Delta,manned,Fairweather,EYKT,8/5/1999,8/5/1999,,Gary,Greene,Richard,Slater,Geology,1,8/5/1999,,,5  minute,,Delta,1268,,,,,,,,,,,,,,
1999,4858,,Delta,manned,Fairweather,EYKT,8/5/1999,8/5/1999,,Lynne,Yamanaka,Dave,Slater,Interface,1,8/5/1999,,,5  minute,,Delta,1068,,,,,,,,,,,,,,
1999,4859,,Delta,manned,Fairweather,EYKT,8/6/1999,8/6/1999,,Tory,O'Connell,Richard,Slater,,1,8/6/1999,8:27:00,8:56:03,5  minute,"No sound, so distances estimated from video. Don't include in density estimate.",Delta,1177,,,,,,,,,,,,,,
1999,4860,,Delta,manned,Fairweather,EYKT,8/6/1999,8/6/1999,,Waldo,Wakefield,Dave,Slater,Line Transect,1,8/6/1999,10:09:42,10:44:30,5  minute,Went up 100 foot scarpe during this dive,Delta,1172,,,,,,,,,,,,,,
1999,4861,,Delta,manned,Fairweather,EYKT,8/6/1999,8/6/1999,,Gary,Greene,Richard,Slater,Geology,1,8/6/1999,,,5  minute,,Delta,690,,,,,,,,,,,,,,
1999,4862,,Delta,manned,Fairweather,EYKT,8/6/1999,8/6/1999,,Cleo,Brylinsky,Dave,Slater,Line Transect,1,8/6/1999,12:59:47,13:29:58,5  minute,Lots of jye this transect,Delta,1307,,,,,,,,,,,,,,
1999,4863,,Delta,manned,Fairweather,EYKT,8/6/1999,8/6/1999,,Dave,Slater,Joe,Lilly,Bounce,1,8/6/1999,,,5  minute,,Delta,421,,,,,,,,,,,,,,
1999,4864,,Delta,manned,Fairweather,EYKT,8/6/1999,8/6/1999,,Tory,O'Connell,Richard,Slater,Line Transect,1,8/6/1999,15:06:12,15:36:28,5  minute,Lots of rock changes,Delta,1223,,,,,,,,,,,,,,
1999,4865,,Delta,manned,Fairweather,EYKT,8/6/1999,8/6/1999,,Waldo,Wakefield,Dave,Slater,Line Transect,1,8/6/1999,16:51:38,17:11:45,5  minute,"Time code & video went out after fix 6, so called fix 6 end of transect.",Delta,981,,,,,,,,,,,,,,
1999,4866,,Delta,manned,Fairweather,EYKT,8/7/1999,8/7/1999,,Tory,O'Connell,Richard,Slater,Experimental,1,8/7/1999,6:38:32,7:05:25,5  minute,Experimental transect; placed near pre fishing hot spot South.,Delta,964,,,,,,,,,,,,,,
1999,4867,,Delta,manned,Fairweather,EYKT,8/7/1999,8/7/1999,,Waldo,Wakefield,Dave,Slater,Experimental,1,8/7/1999,8:27:39,8:58:06,5  minute,"Experiemntal dive, pre fishing hot spot North.  High relief at start ends in silt, sponges at 08:19:34 s camera, cameras are in sync",Delta,1228,,,,,,,,,,,,,,
1999,4868,,Delta,manned,Fairweather,EYKT,8/7/1999,8/7/1999,,Tory,O'Connell,Richard,Slater,Experimental,1,8/7/1999,,,5  minute,Longline set South,Delta,873,,,,,,,,,,,,,,
1999,4869,,Delta,manned,Fairweather,EYKT,8/7/1999,8/7/1999,,Lynne,Yamanaka,Dave,Slater,Experimental,1,8/7/1999,,,5  minute,Longline set North,Delta,851,,,,,,,,,,,,,,
1999,4870,,Delta,manned,Fairweather,EYKT,8/7/1999,8/7/1999,,Waldo,Wakefield,Richard,Slater,Experimental,1,8/7/1999,,,5  minute,Longline set South,Delta,785,,,,,,,,,,,,,,
1999,4871,,Delta,manned,Fairweather,EYKT,8/7/1999,8/7/1999,,Wade,Loofbourrow,Dave,Slater,Bounce,1,8/7/1999,,,5  minute,,Delta,135,,,,,,,,,,,,,,
2001,5400,,Delta,manned,Off Khaz Head,NSEO,7/2/2001,7/2/2001,,Gary,Greene,Joe,Lilly,Geology,1,7/2/2001,15:53,16:08,5  minute,,Delta,137,,,,,,,,,,,,,,
2001,5401,,Delta,manned,Off Khaz Head,NSEO,7/2/2001,7/2/2001,,Tory,O'Connell,Dave,Slater,Line Transect,1,7/2/2001,16:46:47,17:16:35,5  minute,"Sharpchin, pygmy, white urchin",Delta,1336,,,,,,,,,,,,,,
2001,5402,,Delta,manned,Black Island,NSEO,7/2/2001,7/2/2001,,Cleo,Brylinsky,Chris,Ijames,Line Transect,1,7/2/2001,18:01:39,18:31:45,5  minute,,Delta,832,,,,,,,,,,,,,,
2001,5403,,Delta,manned,Graves Harbor,NSEO,7/3/2001,7/3/2001,,Rick,Stanley,Joe,Lilly,Reconnaissance,1,7/3/2001,8:02,14:10,5 minute,Yellow Tail observation?,Delta,521,,,,,,,,,,,,,,
2001,5404,,Delta,manned,Graves Harbor,NSEO,7/3/2001,7/3/2001,,Rick,Stanley,Dave,Slater,Line Transect,1,7/3/2001,9:28:03,9:58:20,5  minute,,Delta,536,,,,,,,,,,,,,,
2001,5405,,Delta,manned,Cape Spencer,NSEO,7/3/2001,7/3/2001,,Tory,O'Connell,Chris,Ijames,Line Transect,1,7/3/2001,11:41:45,12:11:29,5  minute,"YOY rockfish, shrimp, 11:42:45 nice sponge, 44:51 basket star, 45:54 ratfish, 47:10 Primnoa",Delta,468,,,,,,,,,,,,,,
2001,5406,,Delta,manned,Cross Sound,NSEO,7/3/2001,7/3/2001,,Gary,Greene,Joe,Lilly,Geology,1,7/3/2001,13:38,14:17,5  minute,Fairweather fault,Delta,637,,,,,,,,,,,,,,
2001,5407,,Delta,manned,Yakobi Rk.,NSEO,7/3/2001,7/3/2001,,Cleo,Brylinsky,Dave,Slater,Line Transect,1,7/3/2001,17:02:19,17:33:16,5  minute,Juvenile pollock,Delta,989,,,,,,,,,,,,,,
2001,5407,,Delta,manned,Yakobi Rk.,NSEO,7/3/2001,7/3/2001,,Cleo,Brylinsky,Dave,Slater,Line Transect,2,7/3/2001,17:38:16,17:49:57,5  minute,Aborted after fix 3 due to trollers. Included beginning of dive in density estimate. LL gear at start.,Delta,310,,,,,,,,,,,,,,
2001,5408,,Delta,manned,Yakobi Rk. South,NSEO,7/4/2001,7/4/2001,,Rick,Stanley,Chris,Ijames,Line Transect,1,7/4/2001,7:41:38,8:11:53,5  minute,"NO DSR, lots of halibut and p-cod",Delta,1109,,,,,,,,,,,,,,
2001,5408,,Delta,manned,Yakobi Rk. South,NSEO,7/4/2001,7/4/2001,,Rick,Stanley,Chris,Ijames,Line Transect,2,7/4/2001,8:25:40,8:55:48,5  minute,"NO DSR, few gadids",Delta,1344,,,,,,,,,,,,,,
2001,5409,,Delta,manned,Armstrong Point,NSEI,7/5/2001,7/5/2001,,Cleo,Brylinsky,Dave,Slater,Line Transect,1,7/5/2001,14:20:30,14:50:35,5  minute,"Lots of wolf eels, basket stars, lots of sharpchin",Delta,1030,,,,,,,,,,,,,,
2001,5409,,Delta,manned,Armstrong Point,NSEI,7/5/2001,7/5/2001,,Cleo,Brylinsky,Dave,Slater,Line Transect,2,7/5/2001,14:54:08,15:24:31,5  minute,wolf eel 14:56:35,Delta,1654,,,,,,,,,,,,,,
2001,5410,,Delta,manned,Armstrong Point,NSEI,7/5/2001,7/5/2001,,Gary,Greene,Chris,Ijames,Geology,1,7/5/2001,16:27,16:45,5  minute,,Delta,482,,,,,,,,,,,,,,
2001,5411,,Delta,manned,Port Lucy,NSEI,7/5/2001,7/5/2001,,Rick,Stanley,Joe,Lilly,Line Transect,1,7/5/2001,17:47:18,18:17:24,5  minute,,Delta,536,,,,,,,,,,,,,,
2001,5412,,Delta,manned,Puffin Bay,CSEO,7/6/2001,7/6/2001,,Tory,O'Connell,Dave,Slater,Reconnaissance,1,7/6/2001,15:23,15:52,5 minute,Traverse a moraine,Delta,514,,,,,,,,,,,,,,
2001,5413,,Delta,manned,Puffin Bay,CSEO,7/6/2001,7/6/2001,,Gary,Greene,Chris,Ijames,Geology,1,7/6/2001,16:31,17:39,5  minute,,Delta,1843,,,,,,,,,,,,,,
2001,5414,,Delta,manned,Puffin Bay,CSEO,7/6/2001,7/6/2001,,Kevin,Beam,Joe,Lilly,Bounce,1,7/6/2001,,,,,Delta,,,,,,,,,,,,,,,
2001,5415,,Delta,manned,Puffin Bay,CSEO,7/6/2001,7/6/2001,,Ameriah,Beam,Joe,Lilly,Bounce,1,7/6/2001,,,,,Delta,,,,,,,,,,,,,,,
2001,5416,,Delta,manned,Puffin Bay,CSEO,7/6/2001,7/6/2001,,Canaan,Beam,Dave,Slater,Bounce,1,7/6/2001,,,,,Delta,,,,,,,,,,,,,,,
2001,5417,,Delta,manned,Puffin Bay,CSEO,7/6/2001,7/6/2001,,Audrey,Beam,Dave,Slater,Bounce,1,7/6/2001,,,,,Delta,,,,,,,,,,,,,,,
2001,5418,,Delta,manned,Puffin Bay,CSEO,7/6/2001,7/6/2001,,Mike,Benson,Chris,Ijames,Bounce,1,7/6/2001,,,,,Delta,,,,,,,,,,,,,,,
2001,5419,,Delta,manned,Necker Bay,CSEO,7/7/2001,7/7/2001,,Rick,Stanley,Joe,Lilly,Reconnaissance,1,7/7/2001,,,5 minute,Yellow Tail observation,Delta,644,,,,,,,,,,,,,,
2001,5420,,Delta,manned,Necker Bay,CSEO,7/7/2001,7/7/2001,,Gary,Greene,Dave,Slater,Geology,1,7/7/2001,15:24,16:26,5  minute,"Camera B started 30 minutes after Camera A, and ends prematurely",Delta,380,,,,,,,,,,,,,,
2001,5421,,Delta,manned,Pinnacles,CSEO,7/8/2001,7/8/2001,,Lynne,Greene,Chris,Ijames,Bounce,1,7/8/2001,,,,,Delta,,,,,,,,,,,,,,,
2001,5422,,Delta,manned,Pinnacles,CSEO,7/8/2001,7/8/2001,,Harlon,Christiansen,Chris,Ijames,Bounce,1,7/8/2001,,,,,Delta,,,,,,,,,,,,,,,
2001,5423,,Delta,manned,Pinnacles,CSEO,7/8/2001,7/8/2001,,Andy,McGreggor,Chris,Ijames,Bounce,1,7/8/2001,,,,,Delta,,,,,,,,,,,,,,,
2001,5424,,Delta,manned,Pinnacles,CSEO,7/8/2001,7/8/2001,,Wendy,Aldersen,Joe,Lilly,Bounce,1,7/8/2001,,,,,Delta,,,,,,,,,,,,,,,
2001,5425,,Delta,manned,Pinnacles,CSEO,7/8/2001,7/8/2001,,Clay,Culbert,Joe,Lilly,Bounce,1,7/8/2001,,,,,Delta,,,,,,,,,,,,,,,
2001,5426,,Delta,manned,Pinnacles,CSEO,7/8/2001,7/8/2001,,Jim,Faro,Joe,Lilly,Bounce,1,7/8/2001,,,,,Delta,,,,,,,,,,,,,,,
2001,5427,,Delta,manned,Pinnacles,CSEO,7/8/2001,7/8/2001,,Burgess,Bauder,Dave,Slater,Bounce,1,7/8/2001,,,,,Delta,,,,,,,,,,,,,,,
2001,5428,,Delta,manned,Sitka Sound,CSEO,7/8/2001,7/8/2001,,Anne,Carlson,Joe,Lilly,Bounce,1,7/8/2001,,,,,Delta,,,,,,,,,,,,,,,
2001,5429,,Delta,manned,Biorka,CSEO,7/9/2001,7/9/2001,,William,Bergman,Dave,Slater,Reconnaissance,1,7/9/2001,,,5 minute,Training,Delta,897,,,,,,,,,,,,,,
2001,5430,,Delta,manned,Biorka,CSEO,7/9/2001,7/9/2001,,Mike,Vaughn,Chris,Ijames,Reconnaissance,1,7/9/2001,,,5 minute,Training,Delta,1577,,,,,,,,,,,,,,
2001,5431,,Delta,manned,Between Peisar and Biorka,CSEO,7/9/2001,7/9/2001,,Tory,O'Connell,Joe,Lilly,Reconnaissance,1,7/9/2001,,,5 minute,Training Joe?,Delta,592,,,,,,,,,,,,,,
2001,5432,,Delta,manned,Peisar Island trench to the north,CSEO,7/9/2001,7/9/2001,,William,Bergman,Dave,Slater,Reconnaissance,1,7/9/2001,,,5 minute,Training,Delta,426,,,,,,,,,,,,,,
2001,5433,,Delta,manned,Biorka Channel,CSEO,7/9/2001,7/9/2001,,Mike,Vaughn,Chris,Ijames,Reconnaissance,1,7/9/2001,,,5 minute,Training,Delta,838,,,,,,,,,,,,,,
2001,5434,,Delta,manned,Pinnacles,CSEO,7/10/2001,7/10/2001,,William,Bergman,Joe,Lilly,Reconnaissance,1,7/10/2001,,,,Receiver Recon,Delta,,,,,,,,,,,,,,,
2001,5435,,Delta,manned,Pinnacles,CSEO,7/10/2001,7/10/2001,,Mike,Vaughn,Dave,Slater,Reconnaissance,1,7/10/2001,,,,Receiver Recon,Delta,,,,,,,,,,,,,,,
2001,5436,,Delta,manned,Pinnacles,CSEO,7/10/2001,7/10/2001,,Tory,O'Connell,Chris,Ijames,Reconnaissance,1,7/10/2001,,,,Receiver Recon,Delta,,,,,,,,,,,,,,,
2001,5437,,Delta,manned,Pinnacles,CSEO,7/10/2001,7/10/2001,,William,Bergman,Joe,Lilly,Pinnacles,1,7/10/2001,13:29,13:57,5 minute,"Placing Flags, 34-1 at fix 1, 34-2 at fix 3.",Delta,132,,,,,,,,,,,,,,
2001,5438,,Delta,manned,Pinnacles,CSEO,7/10/2001,7/10/2001,,Mike,Vaughn,Dave,Slater,Pinnacles,1,7/10/2001,14:32:28,15:15:04,5 minute,"Placing Flags, 34-4 at fix 1 (on flat rock in primnoa forest), 34-3 at fix 2, tagged ling seen at fix 4.",Delta,507,,,,,,,,,,,,,,
2001,5439,,Delta,manned,Pinnacles,CSEO,7/10/2001,7/10/2001,,William,Bergman,Chris,Ijames,Pinnacles,1,7/10/2001,15:49,16:43,5 minute,"Placing Flags, 19-2 at fix 2 (lingville), 19-1 at fix 4.",Delta,594,,,,,,,,,,,,,,
2003,5918,,Delta,manned,Port Lucy,NSEI,5/30/2003,5/30/2003,,Bill,Davidson,Chris,Ijames,Bounce,1,5/30/2003,10:21:56,10:34:44,,"Check dive to test trackpoint, trim and crane",Delta,,,,,,,,,,,,,,,
2003,5919,,Delta,manned,Larch Bay,CSEO,5/30/2003,5/30/2003,,Tory,O'Connell,Dave,Slater,Line Transect,1,5/30/2003,13:37:39,14:08:12,5  minute,"Area 1, random site 310, unfished. All fish depths were interpolated from NAV data because they are not overlaid on the video.",Delta,784,,,,,,,,,,,,,,
2003,5919,,Delta,manned,Larch Bay,CSEO,5/30/2003,5/30/2003,,Tory,O'Connell,Dave,Slater,Line Transect,2,5/30/2003,14:17:30,14:47:38,5  minute,"Area 1, random site 310, unfished. All fish depths were interpolated from NAV data because they are not overlaid on the video.",Delta,758,,,,,,,,,,,,,,
2003,5920,,Delta,manned,"Larch Bay, elephant skin",CSEO,5/30/2003,5/30/2003,,Cleo,Brylinsky,Joe,Lilly,Line Transect,1,5/30/2003,16:15:00,16:45:05,5  minute,"Area 1, random site 312 (current wrong, never made it to 312) All fish depths were interpolated from NAV data because they are not overlaid on the video.",Delta,547,,,,,,,,,,,,,,
2003,5920,,Delta,manned,"Larch Bay, elephant skin",CSEO,5/30/2003,5/30/2003,,Cleo,Brylinsky,Joe,Lilly,Line Transect,2,5/30/2003,16:56:20,17:26:27,5  minute,"Area 1, random site 312 (current wrong, never made it to 312) All fish depths were interpolated from NAV data because they are not overlaid on the video.",Delta,789,,,,,,,,,,,,,,
2003,5921,,Delta,manned,Cape Ommaney off shore,CSEO,5/31/2003,5/31/2003,,Rick,Stanley,Chris,Ijames,Line Transect,2,5/31/2003,8:58:59,9:29:36,5  minute,"Area 1, random site 255 fished,  Skate at 09:29:15, many primnoa 09:30 and beyond. All fish depths were interpolated from NAV data because they are not overlaid on the video.",Delta,672,,,,,,,,,,,,,,
2003,5921,,Delta,manned,Cape Ommaney off shore (Dick's coral site),CSEO,5/31/2003,5/31/2003,,Rick,Stanley,Chris,Ijames,Line Transect,1,5/31/2003,8:19:37,8:50:04,5  minute,"Area 1, random site 255 fished. All fish depths were interpolated from NAV data because they are not overlaid on the video.",Delta,530,,,,,,,,,,,,,,
2003,5922,,Delta,manned,Cape Ommaney off shore,CSEO,5/31/2003,5/31/2003,,Bill,Davidson,Dave,Slater,Line Transect,1,5/31/2003,10:20:39,10:50:45,5  minute,"Area 1, random site 23, going north",Delta,708,,,,,,,,,,,,,,
2003,5922,,Delta,manned,Cape Ommaney off shore,CSEO,5/31/2003,5/31/2003,,Bill,Davidson,Dave,Slater,Line Transect,2,5/31/2003,11:01:27,11:31:45,5  minute,"Area 1, random site 23, going north",Delta,1017,,,,,,,,,,,,,,
2003,5923,,Delta,manned,"Larch Bay nearshore, north",CSEO,5/31/2003,5/31/2003,,Cleo,Brylinsky,Joe,Lilly,Line Transect,2,5/31/2003,17:46:53,18:17:00,5  minute,"Area 1, random site 6 unfished",Delta,819,,,,,,,,,,,,,,
2003,5923,,Delta,manned,"Larch Bay, north,  nearshore",CSEO,5/31/2003,5/31/2003,,Cleo,Brylinsky,Joe,Lilly,Line Transect,1,5/31/2003,17:07:07,17:37:12,5  minute,"Area 1, random site 6 unfished",Delta,774,,,,,,,,,,,,,,
2003,5924,,Delta,manned,Larch Bay inshore,CSEO,6/1/2003,6/1/2003,,Tory,O'Connell,Chris,Ijames,Line Transect,1,6/1/2003,15:43:46,16:14:02,5  minute,"Area 1, east of random site 39 fished, heading SE",Delta,645,,,,,,,,,,,,,,
2003,5924,,Delta,manned,Larch Bay inshore,CSEO,6/1/2003,6/1/2003,,Tory,O'Connell,Chris,Ijames,Line Transect,2,6/1/2003,16:23:40,16:54:05,5  minute,"Area 1, east of random site 39 fished, heading SE",Delta,619,,,,,,,,,,,,,,
2003,5925,,Delta,manned,Larch Bay inshore,CSEO,6/1/2003,6/1/2003,,Rick,Stanley,Dave,Slater,Line Transect,1,6/1/2003,17:48:00,18:18:02,5  minute,"Area 1, random site 220 fished",Delta,771,,,,,,,,,,,,,,
2003,5925,,Delta,manned,Larch Bay inshore,CSEO,6/1/2003,6/1/2003,,Rick,Stanley,Dave,Slater,Line Transect,2,6/1/2003,18:26:07,18:56:19,5  minute,"Area 1, random site 220 fished",Delta,950,,,,,,,,,,,,,,
2003,5926,,Delta,manned,Larch Bay offshore,CSEO,6/2/2003,6/2/2003,,Bill,Davidson,Joe,Lilly,Line Transect,1,6/2/2003,8:23:57,8:54:01,5  minute,"Area 1, random site 21, fished",Delta,785,,,,,,,,,,,,,,
2003,5926,,Delta,manned,Larch Bay offshore,CSEO,6/2/2003,6/2/2003,,Bill,Davidson,Joe,Lilly,Line Transect,2,6/2/2003,9:04:10,9:34:26,5  minute,"Area 1, random site 21, fished",Delta,783,,,,,,,,,,,,,,
2003,5927,,Delta,manned,Larch Bay offshore,CSEO,6/2/2003,6/2/2003,,Cleo,Brylinsky,Chris,Ijames,Line Transect,1,6/2/2003,10:32:43,11:02:46,5  minute,"Area 1, random site 4, fished",Delta,1051,,,,,,,,,,,,,,
2003,5927,,Delta,manned,Larch Bay offshore,CSEO,6/2/2003,6/2/2003,,Cleo,Brylinsky,Chris,Ijames,Line Transect,2,6/2/2003,11:10:26,11:40:26,5  minute,"Area 1, random site 4, fished",Delta,851,,,,,,,,,,,,,,
2003,5928,,Delta,manned,Larch Bay inshore,CSEO,6/2/2003,6/2/2003,,Tory,O'Connell,Dave,Slater,Line Transect,1,6/2/2003,13:33:33,14:04:26,5  minute,"Area 1, random site 58, heading NW, unfished",Delta,1069,,,,,,,,,,,,,,
2003,5928,,Delta,manned,Larch Bay inshore,CSEO,6/2/2003,6/2/2003,,Tory,O'Connell,Dave,Slater,Line Transect,2,6/2/2003,14:11:28,14:41:31,5  minute,"Area 1, random site 58, heading NW, unfished",Delta,1114,,,,,,,,,,,,,,
2003,5929,,Delta,manned,Larch Bay nearshore,CSEO,6/2/2003,6/2/2003,,Rick,Stanley,Joe,Lilly,Line Transect,1,6/2/2003,15:31:57,16:02:01,5  minute,"Area 1, random site 181, fished",Delta,822,,,,,,,,,,,,,,
2003,5929,,Delta,manned,Larch Bay nearshore,CSEO,6/2/2003,6/2/2003,,Rick,Stanley,Joe,Lilly,Line Transect,2,6/2/2003,16:09:12,16:39:14,5  minute,"Area 1, random site 181, fished",Delta,614,,,,,,,,,,,,,,
2003,5929,,Delta,manned,Larch Bay nearshore,CSEO,6/2/2003,6/2/2003,,Rick,Stanley,Joe,Lilly,Line Transect,3,6/2/2003,16:46:08,16:53:37,5  minute,"Area 1, random site 181, fished, Aborted - lost power",Delta,198,,,,,,,,,,,,,,
2003,5930,,Delta,manned,Redfish Cape,CSEO,6/3/2003,6/3/2003,,Bill,Davidson,Chris,Ijames,Line Transect,1,6/3/2003,7:11:58,7:42:06,5  minute,"Area 2, random site 196 heading 300 toward site 62",Delta,1005,,,,,,,,,,,,,,
2003,5930,,Delta,manned,Redfish Cape,CSEO,6/3/2003,6/3/2003,,Bill,Davidson,Chris,Ijames,Line Transect,2,6/3/2003,7:51:10,8:21:20,5  minute,"Area 2, random site 196 heading 300 toward site 62",Delta,1066,,,,,,,,,,,,,,
2003,5931,,Delta,manned,First Kekur,CSEO,6/3/2003,6/3/2003,,Cleo,Brylinsky,Dave,Slater,Line Transect,1,6/3/2003,10:09:16,10:39:18,5  minute,"Area 2, random site 288, no fish this transect",Delta,1352,,,,,,,,,,,,,,
2003,5931,,Delta,manned,First Kekur,CSEO,6/3/2003,6/3/2003,,Cleo,Brylinsky,Dave,Slater,Line Transect,2,6/3/2003,10:46:38,11:16:42,5  minute,"Area 2, random site 288",Delta,1018,,,,,,,,,,,,,,
2003,5932,,Delta,manned,"Sandy Bay, outside",CSEO,6/3/2003,6/3/2003,,Tory,O'Connell,Joe,Lilly,Line Transect,1,6/3/2003,12:45:28,13:15:42,5  minute,"Area 2, random site 96, outside of fishing rocky hab. 13:06:40 no video down slope.",Delta,730,,,,,,,,,,,,,,
2003,5932,,Delta,manned,"Sandy Bay, outside",CSEO,6/3/2003,6/3/2003,,Tory,O'Connell,Joe,Lilly,Line Transect,2,6/3/2003,13:22:50,13:52:45,5  minute,"Area 2, random site 96, outside of fishing rocky hab",Delta,768,,,,,,,,,,,,,,
2003,5933,,Delta,manned,Third Kekur,CSEO,6/3/2003,6/3/2003,,Rick,Stanley,Chris,Ijames,Line Transect,1,6/3/2003,14:40:05,15:10:34,5  minute,"Area 2, random site 12",Delta,708,,,,,,,,,,,,,,
2003,5933,,Delta,manned,Third Kekur,CSEO,6/3/2003,6/3/2003,,Rick,Stanley,Chris,Ijames,Line Transect,2,6/3/2003,15:17:59,15:48:14,5  minute,"Area 2, random site 12",Delta,627,,,,,,,,,,,,,,
2003,5934,,Delta,manned,Third Kekur,CSEO,6/3/2003,6/3/2003,,Linda,Mancuso,Dave,Slater,Bounce,1,6/3/2003,,,,,Delta,,,,,,,,,,,,,,,
2003,5935,,Delta,manned,"Third Kekur, west of",CSEO,6/4/2003,6/4/2003,,Cleo,Brylinsky,Joe,Lilly,Line Transect,1,6/4/2003,8:00:32,8:30:36,5  minute,"Area 2, random site 120, good habitat - rock w/ boulders & some cobble and sand",Delta,803,,,,,,,,,,,,,,
2003,5935,,Delta,manned,"Third Kekur, west of",CSEO,6/4/2003,6/4/2003,,Cleo,Brylinsky,Joe,Lilly,Line Transect,2,6/4/2003,8:38:38,9:08:54,5  minute,"Area 2, random site 120, good habitat - rock w/ boulders & some cobble and sand",Delta,803,,,,,,,,,,,,,,
2003,5936,,Delta,manned,Sandy Bay off shore,CSEO,6/4/2003,6/4/2003,,Rick,Stanley,Chris,Ijames,Line Transect,2,6/4/2003,11:11:16,11:41:18,5  minute,"Area 2, random site 4, heading 110",Delta,741,,,,,,,,,,,,,,
2003,5936,,Delta,manned,"Sandy Bay, offshore",CSEO,6/4/2003,6/4/2003,,Rick,Stanley,Chris,Ijames,Line Transect,1,6/4/2003,10:31:50,11:02:00,5  minute,"Area 2, random site 4, heading 110",Delta,729,,,,,,,,,,,,,,
2003,5937,,Delta,manned,Close Bay off shore,CSEO,6/4/2003,6/4/2003,,Scott,Kelley,Dave,Slater,Line Transect,1,6/4/2003,13:01:21,13:31:26,5  minute,"Area 2, random site 236",Delta,1069,,,,,,,,,,,,,,
2003,5937,,Delta,manned,Close Bay off shore,CSEO,6/4/2003,6/4/2003,,Scott,Kelley,Dave,Slater,Line Transect,2,6/4/2003,13:40:00,14:10:10,5  minute,"Area 2, random site 236, over the line into Area 3",Delta,1140,,,,,,,,,,,,,,
2003,5938,,Delta,manned,"Third Kekur, offshore",CSEO,6/4/2003,6/4/2003,,Cleo,Brylinsky,Joe,Lilly,Line Transect,1,6/4/2003,16:14:50,16:44:53,5  minute,"Area 2, no random site",Delta,743,,,,,,,,,,,,,,
2003,5938,,Delta,manned,"Third Kekur, offshore",CSEO,6/4/2003,6/4/2003,,Cleo,Brylinsky,Joe,Lilly,Line Transect,2,6/4/2003,16:56:21,17:26:33,5  minute,"Area 2, no random site",Delta,782,,,,,,,,,,,,,,
2003,5939,,Delta,manned,Necker Bay,CSEO,6/5/2003,6/5/2003,,Tory,O'Connell,Chris,Ijames,Line Transect,1,6/5/2003,8:03:52,8:33:59,5  minute,"Area 3, random site 15",Delta,672,,,,,,,,,,,,,,
2003,5939,,Delta,manned,Necker Bay,CSEO,6/5/2003,6/5/2003,,Tory,O'Connell,Chris,Ijames,Line Transect,2,6/5/2003,8:42:04,9:13:39,5  minute,"Area 3, random site 15",Delta,718,,,,,,,,,,,,,,
2003,5940,,Delta,manned,"Walker Channel, outside",CSEO,6/5/2003,6/5/2003,,Rick,Stanley,Dave,Slater,Line Transect,1,6/5/2003,10:06:58,10:37:21,5  minute,"Area 3, random site 31, from west to it",Delta,874,,,,,,,,,,,,,,
2003,5940,,Delta,manned,"Walker Channel, outside",CSEO,6/5/2003,6/5/2003,,Rick,Stanley,Dave,Slater,Line Transect,2,6/5/2003,10:44:59,11:15:04,5  minute,"Area 3, random site 31, from west to it",Delta,1002,,,,,,,,,,,,,,
2003,5941,,Delta,manned,Whale Bay Offshore,CSEO,6/5/2003,6/5/2003,,Scott,Kelley,Joe,Lilly,Line Transect,1,6/5/2003,13:14:36,13:44:44,5  minute,"Area 3, random site 51",Delta,830,,,,,,,,,,,,,,
2003,5941,,Delta,manned,Whale Bay Offshore,CSEO,6/5/2003,6/5/2003,,Scott,Kelley,Joe,Lilly,Line Transect,2,6/5/2003,13:52:47,14:22:56,5  minute,"Area 3, random site 51",Delta,919,,,,,,,,,,,,,,
2003,5942,,Delta,manned,Whale Bay,CSEO,6/5/2003,6/5/2003,,Cleo,Brylinsky,Chris,Ijames,Line Transect,1,6/5/2003,15:41:18,16:11:22,5  minute,"Area 3, random site 112, good footage of schooling YT at 16:03:33",Delta,812,,,,,,,,,,,,,,
2003,5942,,Delta,manned,Whale Bay,CSEO,6/5/2003,6/5/2003,,Cleo,Brylinsky,Chris,Ijames,Line Transect,2,6/5/2003,16:18:47,16:48:56,5  minute,"Area 3, random site 112",Delta,777,,,,,,,,,,,,,,
2003,5943,,Delta,manned,Cape Edgecumbe west,CSEO,6/6/2003,6/6/2003,,Rick,Stanley,Dave,Slater,Line Transect,1,6/6/2003,8:42:12,9:12:14,5  minute,"Area 4, random site 324 heading north to it",Delta,1079,,,,,,,,,,,,,,
2003,5943,,Delta,manned,Cape Edgecumbe west,CSEO,6/6/2003,6/6/2003,,Rick,Stanley,Dave,Slater,Line Transect,2,6/6/2003,9:19:50,9:50:05,5  minute,"Area 4, random site 324 heading north to it",Delta,1198,,,,,,,,,,,,,,
2003,5944,,Delta,manned,Cape Edgecumbe,CSEO,6/6/2003,6/6/2003,,Scott,Kelley,Joe,Lilly,Line Transect,1,6/6/2003,10:57:56,11:28:06,5  minute,"Area 4, random site 46",Delta,667,,,,,,,,,,,,,,
2003,5944,,Delta,manned,Cape Edgecumbe,CSEO,6/6/2003,6/6/2003,,Scott,Kelley,Joe,Lilly,Line Transect,2,6/6/2003,11:36:56,12:07:09,5  minute,"Area 4, random site 46 - Review these 2 transects for species ID",Delta,743,,,,,,,,,,,,,,
2003,5945,,Delta,manned,Cape Edgecumbe,CSEO,6/6/2003,6/6/2003,,Tory,O'Connell,Chris,Ijames,Line Transect,1,6/6/2003,12:59:05,13:29:10,5  minute,"Area 4, random site 224, east of it",Delta,867,,,,,,,,,,,,,,
2003,5945,,Delta,manned,Cape Edgecumbe,CSEO,6/6/2003,6/6/2003,,Tory,O'Connell,Chris,Ijames,Line Transect,2,6/6/2003,13:39:25,14:09:57,5  minute,"Area 4, random site 224, east of it",Delta,858,,,,,,,,,,,,,,
2003,5946,,Delta,manned,Cape Edgecumbe,CSEO,6/6/2003,6/6/2003,,Cleo,Brylinsky,Dave,Slater,Line Transect,1,6/6/2003,15:43:39,16:13:50,5  minute,"Area 4, random site 199 going NE toward Cape E",Delta,1091,,,,,,,,,,,,,,
2003,5946,,Delta,manned,Cape Edgecumbe,CSEO,6/6/2003,6/6/2003,,Cleo,Brylinsky,Dave,Slater,Line Transect,2,6/6/2003,16:21:00,16:51:09,5  minute,"Area 4, random site 199 going NE toward Cape E. Lots of nice footage at end of this dive (qb, ye, jye,tiger,redstripe,both cameras).",Delta,1058,,,,,,,,,,,,,,
2003,5947,,Delta,manned,Cape Edgecumbe,CSEO,6/6/2003,6/6/2003,,Rick,Gottwald,Joe,Lilly,Bounce,1,6/6/2003,,,,,Delta,,,,,,,,,,,,,,,
2003,5948,,Delta,manned,"Sitka Point, north of pinnacle",CSEO,6/7/2003,6/7/2003,,Scott,Kelley,Chris,Ijames,Line Transect,1,6/7/2003,7:39:52,8:09:55,5  minute,"Area 4, random site 311",Delta,1010,,,,,,,,,,,,,,
2003,5948,,Delta,manned,"Sitka Point, north of pinnacle",CSEO,6/7/2003,6/7/2003,,Scott,Kelley,Chris,Ijames,Line Transect,2,6/7/2003,8:18:31,8:48:55,5  minute,"Area 4, random site 311",Delta,1095,,,,,,,,,,,,,,
2003,5949,,Delta,manned,Sitka Point,CSEO,6/7/2003,6/7/2003,,Rick,Stanley,Dave,Slater,Line Transect,1,6/7/2003,9:47:04,10:17:16,5  minute,"Area 4, random site 154",Delta,1112,,,,,,,,,,,,,,
2003,5949,,Delta,manned,Sitka Point,CSEO,6/7/2003,6/7/2003,,Rick,Stanley,Dave,Slater,Line Transect,2,6/7/2003,10:24:40,10:54:40,5  minute,"Area 4, random site 154",Delta,1202,,,,,,,,,,,,,,
2003,5950,,Delta,manned,Sitka Point,CSEO,6/7/2003,6/7/2003,,Cleo,Brylinsky,Joe,Lilly,Line Transect,1,6/7/2003,11:58:02,12:28:10,5  minute,"Area 4, random site 182",Delta,984,,,,,,,,,,,,,,
2003,5950,,Delta,manned,Sitka Point,CSEO,6/7/2003,6/7/2003,,Cleo,Brylinsky,Joe,Lilly,Line Transect,2,6/7/2003,12:36:42,13:06:49,5  minute,"Area 4, random site 182",Delta,870,,,,,,,,,,,,,,
2003,5951,,Delta,manned,Sitka Point,CSEO,6/7/2003,6/7/2003,,Tory,O'Connell,Chris,Ijames,Line Transect,1,6/7/2003,14:41:41,15:11:46,5  minute,"Area 4, random site 319",Delta,1101,,,,,,,,,,,,,,
2003,5952,,Delta,manned,Biorka,CSEO,6/9/2003,6/9/2003,,Betsy,Campen,Dave,Slater,Bounce,1,6/9/2003,,,,,Delta,,,,,,,,,,,,,,,
2003,5953,,Delta,manned,Biorka,CSEO,6/9/2003,6/9/2003,,Emily,Moore,Dave,Slater,Bounce,1,6/9/2003,,,,,Delta,,,,,,,,,,,,,,,
2003,5954,,Delta,manned,Biorka,CSEO,6/9/2003,6/9/2003,,Neil,Gilbertson,Joe,Lilly,Bounce,1,6/9/2003,,,,,Delta,,,,,,,,,,,,,,,
2003,5955,,Delta,manned,Biorka,CSEO,6/9/2003,6/9/2003,,Tim,Haverland,Joe,Lilly,Bounce,1,6/9/2003,,,,,Delta,,,,,,,,,,,,,,,
2003,5956,,Delta,manned,Biorka,CSEO,6/9/2003,6/9/2003,,Bill,Payden,Chris,Ijames,Bounce,1,6/9/2003,,,,,Delta,,,,,,,,,,,,,,,
2003,5957,,Delta,manned,Biorka,CSEO,6/9/2003,6/9/2003,,Eric,Gertsen,Chris,Ijames,Bounce,1,6/9/2003,,,,,Delta,,,,,,,,,,,,,,,
2003,5958,,Delta,manned,Biorka,CSEO,6/9/2003,6/9/2003,,John,Jensen,Dave,Slater,Bounce,1,6/9/2003,,,,,Delta,,,,,,,,,,,,,,,
2003,5959,,Delta,manned,Biorka,CSEO,6/9/2003,6/9/2003,,Jim,Gardener,Dave,Slater,Bounce,1,6/9/2003,,,,,Delta,,,,,,,,,,,,,,,
2003,5960,,Delta,manned,Gilmer Bay,CSEO,6/10/2003,6/10/2003,,Cleo,Brylinsky,Joe,Lilly,Line Transect,1,6/10/2003,9:33:25,10:03:20,5  minute,"Area 5, random site 18",Delta,946,,,,,,,,,,,,,,
2003,5960,,Delta,manned,Gilmer Bay,CSEO,6/10/2003,6/10/2003,,Cleo,Brylinsky,Joe,Lilly,Line Transect,2,6/10/2003,10:12:21,10:42:25,5  minute,"Area 5, random site 18",Delta,869,,,,,,,,,,,,,,
2003,5961,,Delta,manned,Gilmer Bay,CSEO,6/10/2003,6/10/2003,,Eric,Coonradt,Chris,Ijames,Line Transect,1,6/10/2003,11:45:33,12:15:43,5  minute,"Area 5, random site 3",Delta,775,,,,,,,,,,,,,,
2003,5961,,Delta,manned,Gilmer Bay,CSEO,6/10/2003,6/10/2003,,Eric,Coonradt,Chris,Ijames,Line Transect,2,6/10/2003,12:23:44,12:53:45,5  minute,"Area 5, random site 3",Delta,1132,,,,,,,,,,,,,,
2003,5962,,Delta,manned,Gilmer Bay,CSEO,6/10/2003,6/10/2003,,Jeff,Kelly,Dave,Slater,Line Transect,1,6/10/2003,13:44:00,14:14:39,5  minute,"Area 5, random site 55",Delta,1201,,,,,,,,,,,,,,
2003,5962,,Delta,manned,Gilmer Bay,CSEO,6/10/2003,6/10/2003,,Jeff,Kelly,Dave,Slater,Line Transect,2,6/10/2003,14:22:06,14:52:26,5  minute,"Area 5, random site 55",Delta,1329,,,,,,,,,,,,,,
2003,5963,,Delta,manned,Pt. Mary offshore,CSEO,6/10/2003,6/10/2003,,Tory,O'Connell,Joe,Lilly,Line Transect,1,6/10/2003,16:39:44,17:09:59,5  minute,"Area 5, random site 93",Delta,779,,,,,,,,,,,,,,
2003,5963,,Delta,manned,Pt. Mary offshore,CSEO,6/10/2003,6/10/2003,,Tory,O'Connell,Joe,Lilly,Line Transect,2,6/10/2003,17:16:43,17:48:00,5  minute,"Area 5, random site 93",Delta,918,,,,,,,,,,,,,,
2003,5964,,Delta,manned,Pt. Mary offshore,CSEO,6/11/2003,6/11/2003,,Cleo,Brylinsky,Chris,Ijames,Line Transect,1,6/11/2003,8:00:52,8:31:00,5  minute,"Area 5, random site 160",Delta,1022,,,,,,,,,,,,,,
2003,5964,,Delta,manned,Pt. Mary offshore,CSEO,6/11/2003,6/11/2003,,Cleo,Brylinsky,Chris,Ijames,Line Transect,2,6/11/2003,8:39:04,9:09:07,5  minute,"Area 5, random site 160 Many close ups of sponges at end of transect.",Delta,1099,,,,,,,,,,,,,,
2003,5965,,Delta,manned,Beaver Pt. Offshore,CSEO,6/11/2003,6/11/2003,,Eric,Coonradt,Dave,Slater,Line Transect,2,6/11/2003,10:54:04,11:24:16,5  minute,"Area 5, random site 54 Good sponge transect 10:51:24 Farrea occa.",Delta,1295,,,,,,,,,,,,,,
2003,5965,,Delta,manned,Beaver Pt. Offshorre,CSEO,6/11/2003,6/11/2003,,Eric,Coonradt,Dave,Slater,Line Transect,1,6/11/2003,10:16:37,10:46:23,5  minute,"Area 5, random site 54 Good sponge transect.",Delta,1239,,,,,,,,,,,,,,
2003,5966,,Delta,manned,Cape  Edgecumbe north and offshore,CSEO,6/11/2003,6/11/2003,,Tory,O'Connell,Joe,Lilly,Line Transect,1,6/11/2003,12:31:00,13:01:09,5  minute,"Area 5, random Site 143",Delta,740,,,,,,,,,,,,,,
2003,5966,,Delta,manned,Cape Edgecumbe north and offshore,CSEO,6/11/2003,6/11/2003,,Tory,O'Connell,Joe,Lilly,Line Transect,2,6/11/2003,13:08:09,13:38:14,5  minute,"Area 5, random Site 143",Delta,783,,,,,,,,,,,,,,
2003,5967,,Delta,manned,Shelikof Bay,CSEO,6/11/2003,6/11/2003,,Jeff,Kelly,Chris,Ijames,Line Transect,1,6/11/2003,15:19:58,15:50:09,5  minute,"Area 5, random site 124",Delta,881,,,,,,,,,,,,,,
2003,5967,,Delta,manned,Shelikof Bay,CSEO,6/11/2003,6/11/2003,,Jeff,Kelly,Chris,Ijames,Line Transect,2,6/11/2003,15:57:17,16:28:22,5  minute,"Area 5, random site 124",Delta,997,,,,,,,,,,,,,,
2003,5968,,Delta,manned,Gilmer,CSEO,6/11/2003,6/11/2003,,Bob,Frampton,Dave,Slater,Bounce,1,6/11/2003,,,,,Delta,,,,,,,,,,,,,,,
2003,5969,,Delta,manned,Salisbury offshore,CSEO,6/11/2003,6/12/2003,,Eric,Coonradt,Joe,Lilly,Line Transect,1,6/11/2003,8:26:06,8:56:06,5  minute,"Area 6, random site 89",Delta,948,,,,,,,,,,,,,,
2003,5969,,Delta,manned,Salisbury offshore,CSEO,6/11/2003,6/12/2003,,Eric,Coonradt,Joe,Lilly,Line Transect,2,6/12/2003,9:02:38,9:32:41,5  minute,"Area 6, random site 89",Delta,922,,,,,,,,,,,,,,
2003,5970,,Delta,manned,Sea Lion Rocks,CSEO,6/12/2003,6/12/2003,,Tory,O'Connell,Chris,Ijames,Line Transect,1,6/12/2003,11:03:33,11:33:40,5  minute,"Area 6, random site 91",Delta,1069,,,,,,,,,,,,,,
2003,5970,,Delta,manned,Sea Lion Rocks,CSEO,6/12/2003,6/12/2003,,Tory,O'Connell,Chris,Ijames,Line Transect,2,6/12/2003,11:40:45,12:10:51,5  minute,"Area 6, random site 91",Delta,1046,,,,,,,,,,,,,,
2003,5971,,Delta,manned,Cape Georgiana,CSEO,6/12/2003,6/12/2003,,Jeff,Kelly,Dave,Slater,Line Transect,1,6/12/2003,13:04:17,13:34:24,5  minute,"Area 6, random site 326",Delta,1089,,,,,,,,,,,,,,
2003,5971,,Delta,manned,Cape Georgiana,CSEO,6/12/2003,6/12/2003,,Jeff,Kelly,Dave,Slater,Line Transect,2,6/12/2003,13:41:35,14:11:45,5  minute,"Area 6, random site 326",Delta,1024,,,,,,,,,,,,,,
2003,5972,,Delta,manned,Cape Georgiana,CSEO,6/12/2003,6/12/2003,,Cleo,Brylinsky,Joe,Lilly,Line Transect,1,6/12/2003,15:48:40,16:18:50,5  minute,"Area 6, random site 368",Delta,965,,,,,,,,,,,,,,
2003,5972,,Delta,manned,Cape Georgiana,CSEO,6/12/2003,6/12/2003,,Cleo,Brylinsky,Joe,Lilly,Line Transect,2,6/12/2003,16:26:08,16:56:16,5  minute,"Area 6, random site 368",Delta,912,,,,,,,,,,,,,,
2003,5973,,Delta,manned,Cape Georgiana,CSEO,6/12/2003,6/12/2003,,Eric,Coonradt,Chris,Ijames,Reconnaissance,1,6/12/2003,17:47:05,18:23:30,5 minute,Black RF tagging site,Delta,411,,,,,,,,,,,,,,
2003,5974,,Delta,manned,Khaz offshore,CSEO,6/13/2003,6/13/2003,,Jeff,Kelly,Dave,Slater,Line Transect,1,6/13/2003,8:25:27,8:55:33,5  minute,"Area 6, random site 34",Delta,1068,,,,,,,,,,,,,,
2003,5974,,Delta,manned,Khaz offshore,CSEO,6/13/2003,6/13/2003,,Jeff,Kelly,Dave,Slater,Line Transect,2,6/13/2003,9:03:30,9:33:34,5  minute,"Area 6, random site 34",Delta,1293,,,,,,,,,,,,,,
2003,5975,,Delta,manned,Klokachef offshore,CSEO,6/13/2003,6/13/2003,,Eric,Coonradt,Joe,Lilly,Line Transect,1,6/13/2003,10:58:05,11:28:13,5  minute,"Area 6, random site 77",Delta,841,,,,,,,,,,,,,,
2003,5975,,Delta,manned,Klokachef offshore,CSEO,6/13/2003,6/13/2003,,Eric,Coonradt,Joe,Lilly,Line Transect,2,6/13/2003,11:35:02,12:05:10,5  minute,"Area 6, random site 77",Delta,838,,,,,,,,,,,,,,
2003,5975,,Delta,manned,Klokachef offshore,CSEO,6/13/2003,6/13/2003,,Eric,Coonradt,Joe,Lilly,Line Transect,3,6/13/2003,12:11:32,12:41:34,5  minute,"Area 6, random site 77",Delta,825,,,,,,,,,,,,,,
2003,5976,,Delta,manned,Necker Bay offshore,CSEO,6/14/2003,6/14/2003,,Mike,Vaughn,Chris,Ijames,Line Transect,1,6/14/2003,14:41:18,15:11:26,5  minute,"Area 3, random site 460, to it from SW",Delta,823,,,,,,,,,,,,,,
2003,5976,,Delta,manned,Necker Bay offshore,CSEO,6/14/2003,6/14/2003,,Mike,Vaughn,Chris,Ijames,Line Transect,2,6/14/2003,15:19:42,15:49:44,5  minute,"Area 3, random site 460, to it from SW",Delta,1039,,,,,,,,,,,,,,
2003,5976,,Delta,manned,Necker Bay offshore,CSEO,6/14/2003,6/14/2003,,Mike,Vaughn,Chris,Ijames,Line Transect,3,6/14/2003,15:57:48,16:28:06,5  minute,"Area 3, random site 460, to it from SW Forward camera only no side camera",Delta,1089,,,,,,,,,,,,,,
2003,5977,,Delta,manned,Rakof Islands,CSEO,6/14/2003,6/14/2003,,Cleo,Brylinsky,Dave,Slater,Line Transect,1,6/14/2003,17:04:36,17:34:37,5  minute,"Area 3, random site 388",Delta,718,,,,,,,,,,,,,,
2003,5977,,Delta,manned,Rakof Islands,CSEO,6/14/2003,6/14/2003,,Cleo,Brylinsky,Dave,Slater,Line Transect,2,6/14/2003,17:44:39,18:14:51,5  minute,"Area 3, random site 388",Delta,776,,,,,,,,,,,,,,
2003,5978,,Delta,manned,Cape Ommaney,CSEO,6/15/2003,6/15/2003,,Tory,O'Connell,Joe,Lilly,Line Transect,1,6/15/2003,8:22:46,8:44:19,5  minute,"Area 1, random site 305 toward 185",Delta,511,,,,,,,,,,,,,,
2003,5979,,Delta,manned,Larch Bay,CSEO,6/15/2003,6/15/2003,,Cleo,Brylinsky,Chris,Ijames,Line Transect,1,6/15/2003,10:32:33,11:02:54,5  minute,"Area 1, random site 76, middle habitat. Great video front camera 10:27:00 to start Yelloweye in sponge at 11:03:18",Delta,938,,,,,,,,,,,,,,
2003,5979,,Delta,manned,Larch Bay,CSEO,6/15/2003,6/15/2003,,Cleo,Brylinsky,Chris,Ijames,Line Transect,2,6/15/2003,11:12:04,11:42:10,5  minute,"Area 1, random site 76, middle habitat",Delta,1227,,,,,,,,,,,,,,
2003,5980,,Delta,manned,Larch Bay,CSEO,6/15/2003,6/15/2003,,Mike,Vaughn,Dave,Slater,Line Transect,1,6/15/2003,12:53:26,13:23:31,5  minute,"Area1, random site 6 unfished",Delta,972,,,,,,,,,,,,,,
2003,5980,,Delta,manned,Larch Bay,CSEO,6/15/2003,6/15/2003,,Mike,Vaughn,Dave,Slater,Line Transect,2,6/15/2003,13:31:02,14:01:14,5  minute,"Area1, random site 6 unfished Very spongy during 5 min run, skate (big skate) 13:29:54",Delta,1054,,,,,,,,,,,,,,
2003,5981,,Delta,manned,Patterson Point,NSEI,6/16/2003,6/16/2003,,Wade,Loofbourrow,Joe,Lilly,Bounce,1,6/16/2003,,,,,Delta,,,,,,,,,,,,,,,
2003,5982,,Delta,manned,Patterson Point,NSEI,6/16/2003,6/16/2003,,Tory,O'Connell,Chris,Ijames,Reconnaissance,1,6/16/2003,,,5 minute,"Looking for sablefish, assessing assemblages of deep Chatham edges",Delta,600,,,,,,,,,,,,,,
2003,5983,,Delta,manned,Patterson Point,NSEI,6/16/2003,6/16/2003,,Cleo,Brylinsky,Dave,Slater,Reconnaissance,1,6/16/2003,,,5 minute,"Looking for sablefish, assessing assemblages of deep Chatham edges",Delta,278,,,,,,,,,,,,,,
2003,5984,,Delta,manned,Patterson Point,NSEI,6/16/2003,6/16/2003,,Mike,Vaughn,Joe,Lilly,Aborted,1,6/16/2003,,,,"Current too strong, never reached ledge",Delta,,,,,,,,,,,,,,,
2003,6015,,Delta,manned,"Fairweather Grounds, west bank",EYKT,7/20/2003,7/20/2003,,Gary,Greene,Joe,Lilly,Geology,1,7/20/2003,8:57:00,9:56:08,5  minute,,Delta,818,,,,,,,,,,,,,,
2003,6016,,Delta,manned,"Fairweather Grounds, west bank",EYKT,7/20/2003,7/20/2003,,Tory,O'Connell,Chris,Ijames,Line Transect,1,7/20/2003,10:50:32,11:21:38,5  minute,"Random site 55, redtree, lots of slopes",Delta,965,,,,,,,,,,,,,,
2003,6016,,Delta,manned,"Fairweather Grounds, west bank",EYKT,7/20/2003,7/20/2003,,Tory,O'Connell,Chris,Ijames,Line Transect,2,7/20/2003,11:30:25,12:00:37,5  minute,Random site 55,Delta,675,,,,,,,,,,,,,,
2003,6017,,Delta,manned,"Fairweather Grounds, east bank",EYKT,7/22/2003,7/22/2003,,Cleo,Brylinsky,Dave,Slater,Line Transect,1,7/22/2003,7:25:17,8:00:21,5  minute,,Delta,1176,,,,,,,,,,,,,,
2003,6017,,Delta,manned,"Fairweather Grounds, east bank",EYKT,7/22/2003,7/22/2003,,Cleo,Brylinsky,Dave,Slater,Line Transect,2,7/22/2003,8:11:31,8:41:32,5  minute,"Great video footage at end of YE, T, and JYE.",Delta,930,,,,,,,,,,,,,,
2003,6018,,Delta,manned,"Fairweather Grounds, nw east bank",EYKT,7/22/2003,7/22/2003,,Gary,Greene,Joe,Lilly,Geology,1,7/22/2003,9:41:17,10:37:41,5  minute,,Delta,990,,,,,,,,,,,,,,
2003,6019,,Delta,manned,"Fairweather Grounds, east bank Random site 41",EYKT,7/22/2003,7/22/2003,,Joe,Bizzarro,Chris,Ijames,Line Transect,1,7/22/2003,11:46:41,12:16:49,5  minute,,Delta,626,,,,,,,,,,,,,,
2003,6019,,Delta,manned,"Fairweather Grounds, east bank, random site 41",EYKT,7/22/2003,7/22/2003,,Joe,Bizzarro,Chris,Ijames,Line Transect,2,7/22/2003,12:29:41,12:59:43,5  minute,Nice footage with ambient light at the end of this dive,Delta,828,,,,,,,,,,,,,,
2003,6020,,Delta,manned,"Fairweather Grounds, east bank, random site 3",EYKT,7/22/2003,7/22/2003,,Tory,O'Connell,Dave,Slater,Line Transect,1,7/22/2003,13:42:12,14:12:01,5  minute,,Delta,914,,,,,,,,,,,,,,
2003,6020,,Delta,manned,"Fairweather Grounds, east bank, random site 3",EYKT,7/22/2003,7/22/2003,,Tory,O'Connell,Dave,Slater,Line Transect,2,7/22/2003,14:19:30,14:50:00,5  minute,,Delta,975,,,,,,,,,,,,,,
2003,6021,,Delta,manned,"Fairweather Grounds, east bank",EYKT,7/22/2003,7/22/2003,,Gary,Greene,Joe,Lilly,Geology,1,7/22/2003,15:27:43,15:34:07,,Bounce to ground truth soft bottom,Delta,,,,,,,,,,,,,,,
2003,6022,,Delta,manned,"Fairweather Grounds, east bank, random site 93",EYKT,7/22/2003,7/22/2003,,Cleo,Brylinsky,Chris,Ijames,Line Transect,1,7/22/2003,17:09:51,17:39:58,5  minute,Columnar basalt wall with blocky stairsteps,Delta,703,,,,,,,,,,,,,,
2003,6022,,Delta,manned,"Fairweather Grounds, east bank, random site 93",EYKT,7/22/2003,7/22/2003,,Cleo,Brylinsky,Chris,Ijames,Line Transect,2,7/22/2003,17:48:18,18:18:34,5  minute,,Delta,591,,,,,,,,,,,,,,
2003,6023,,Delta,manned,"Fairweather Grounds, west bank",EYKT,7/23/2003,7/23/2003,,Joe,Bizzarro,Dave,Slater,Line Transect,1,7/23/2003,7:30:07,8:00:08,5  minute,,Delta,1331,,,,,,,,,,,,,,
2003,6023,,Delta,manned,"Fairweather Grounds, west bank",EYKT,7/23/2003,7/23/2003,,Joe,Bizzarro,Dave,Slater,Line Transect,2,7/23/2003,8:08:14,8:38:10,5  minute,,Delta,1253,,,,,,,,,,,,,,
2003,6024,,Delta,manned,"Fairweather Grounds, west bank",EYKT,7/23/2003,7/23/2003,,Tory,O'Connell,Joe,Lilly,Line Transect,1,7/23/2003,10:10:00,10:40:00,5  minute,,Delta,854,,,,,,,,,,,,,,
2003,6024,,Delta,manned,"Fairweather Grounds, west bank",EYKT,7/23/2003,7/23/2003,,Tory,O'Connell,Joe,Lilly,Line Transect,2,7/23/2003,10:47:12,11:17:18,5  minute,,Delta,897,,,,,,,,,,,,,,
2003,6025,,Delta,manned,"Fairweather Grounds, west bank",EYKT,7/23/2003,7/23/2003,,Gary,Greene,Chris,Ijames,Geology,1,7/23/2003,12:02:50,12:50:44,5  minute,Geology across 4 habitat types,Delta,1113,,,,,,,,,,,,,,
2003,6026,,Delta,manned,"Fairweather Grounds, west bank",EYKT,7/23/2003,7/23/2003,,Cleo,Brylinsky,Dave,Slater,Line Transect,1,7/23/2003,13:38:26,14:08:23,5  minute,,Delta,1030,,,,,,,,,,,,,,
2003,6026,,Delta,manned,"Fairweather Grounds, west bank",EYKT,7/23/2003,7/23/2003,,Cleo,Brylinsky,Dave,Slater,Line Transect,2,7/23/2003,14:16:39,14:46:54,5  minute,good footage of rosethorn at 14:15:40,Delta,923,,,,,,,,,,,,,,
2003,6027,,Delta,manned,"Fairweather Grounds, west bank",EYKT,7/23/2003,7/23/2003,,Joe,Bizzarro,Joe,Lilly,Line Transect,1,7/23/2003,16:35:23,17:05:27,5  minute,Sea cucumber close up at 16:34:51 forward camera,Delta,861,,,,,,,,,,,,,,
2003,6027,,Delta,manned,"Fairweather Grounds, west bank",EYKT,7/23/2003,7/23/2003,,Joe,Bizzarro,Joe,Lilly,Line Transect,2,7/23/2003,17:12:28,17:42:27,5  minute,,Delta,878,,,,,,,,,,,,,,
2003,6028,,Delta,manned,"Fairweather Grounds, east bank",EYKT,7/24/2003,7/24/2003,,Gary,Greene,Chris,Ijames,Geology,1,7/24/2003,12:54:39,14:20:49,5  minute,,Delta,1257,,,,,,,,,,,,,,
2003,6029,,Delta,manned,"Fairweather Grounds, east bank, devil's claw",EYKT,7/24/2003,7/24/2003,,Gary,Greene,Dave,Slater,Geology,1,7/24/2003,15:09:59,15:48:17,5  minute,,Delta,596,,,,,,,,,,,,,,
2003,6030,,Delta,manned,"Fairweather Grounds, east bank, devil's claw",EYKT,7/24/2003,7/24/2003,,Cleo,Brylinsky,Joe,Lilly,Line Transect,1,7/24/2003,16:23:07,16:53:06,5  minute,"Lingcod pinnacle at end of transect, YOY everywhere",Delta,744,,,,,,,,,,,,,,
2003,6030,,Delta,manned,"Fairweather Grounds, east bank, devil's claw",EYKT,7/24/2003,7/24/2003,,Cleo,Brylinsky,Joe,Lilly,Line Transect,2,7/24/2003,17:04:11,17:34:20,5  minute,,Delta,724,,,,,,,,,,,,,,
2003,6031,,Delta,manned,"Pinnacle, 19 fathom",CSEO,7/25/2003,7/25/2003,,Joe,Bizzarro,Chris,Ijames,Pinnacles,1,7/25/2003,7:17:49,8:42:30,5 minute,Photo dive,Delta,1942,,,,,,,,,,,,,,
2003,6032,,Delta,manned,"Pinnacle, 19 fathom",CSEO,7/25/2003,7/25/2003,,Tory,O'Connell,Dave,Slater,Pinnacles,1,7/25/2003,9:09:09,10:09:33,5 minute,photo dive,Delta,303,,,,,,,,,,,,,,
2003,6033,,Delta,manned,"Pinnacle, 19 fathom",CSEO,7/25/2003,7/25/2003,,Wanda,Bryant,Joe,Lilly,Bounce,1,7/25/2003,,,,,Delta,,,,,,,,,,,,,,,
2003,6034,,Delta,manned,"Pinnacle, 34 fathom",CSEO,7/25/2003,7/25/2003,,Gary,Greene,Chris,Ijames,Geology,1,7/25/2003,11:30:21,12:27:56,5  minute,,Delta,934,,,,,,,,,,,,,,
2003,6035,,Delta,manned,"Pinnacle, 34 fathom",CSEO,7/25/2003,7/25/2003,,Cleo,Brylinsky,Dave,Slater,Pinnacles,1,7/25/2003,13:04:29,14:35:31,5 minute,Photo dive,Delta,1351,,,,,,,,,,,,,,
2003,6036,,Delta,manned,"Pinnacle, 19 fathom",CSEO,7/25/2003,7/25/2003,,Joe,Bizzarro,Joe,Lilly,Pinnacles,1,7/25/2003,14:59:39,6:02:14,5 minute,Photo dive,Delta,1613,,,,,,,,,,,,,,
2003,6037,,Delta,manned,"Pinnacle, 19 fathom",CSEO,7/26/2003,7/26/2003,,Dick,Curran,Chris,Ijames,Pinnacles,1,7/26/2003,10:04:46,11:12:40,5 minute,Photo documentation of habitats,Delta,910,,,,,,,,,,,,,,
2003,6038,,Delta,manned,"Pinnacle, 19 fathom",CSEO,7/26/2003,7/26/2003,,Cleo,Brylinsky,Dave,Slater,Pinnacles,1,7/26/2003,11:41:38,12:31:16,5 minute,Photo dive,Delta,285,,,,,,,,,,,,,,
2003,6038,,Delta,manned,"Pinnacle, 19 fathom",CSEO,7/26/2003,7/26/2003,,Cleo,Brylinsky,Dave,Slater,Pinnacles,2,7/26/2003,12:33:25,13:25:38,5 minute,,Delta,251,,,,,,,,,,,,,,
2003,6038,,Delta,manned,"Pinnacle, 19 fathom",CSEO,7/26/2003,7/26/2003,,Cleo,Brylinsky,Dave,Slater,Pinnacles,3,7/26/2003,,,5 minute,,Delta,636,,,,,,,,,,,,,,
2003,6039,,Delta,manned,"Pinnacle, 19 fathom",CSEO,7/27/2003,7/27/2003,,Ed,Dursham,Joe,Lilly,Bounce,1,7/27/2003,,,,,Delta,,,,,,,,,,,,,,,
2003,6040,,Delta,manned,"Pinnacle, 19 fathom",CSEO,7/27/2003,7/27/2003,,Arnie,Fuglvog,Chris,Ijames,Bounce,1,7/27/2003,,,,,Delta,,,,,,,,,,,,,,,
2003,6041,,Delta,manned,"Pinnacle, 19 fathom",CSEO,7/27/2003,7/27/2003,,Scott,Brylinsky,Dave,Slater,Bounce,1,7/27/2003,,,,,Delta,,,,,,,,,,,,,,,
2003,6042,,Delta,manned,"Pinnacle, 19 fathom",CSEO,7/27/2003,7/27/2003,,Greg,Chaney,Joe,Lilly,Bounce,1,7/27/2003,,,,,Delta,,,,,,,,,,,,,,,
2003,6043,,Delta,manned,"Pinnacle, 19 fathom",CSEO,7/27/2003,7/27/2003,,Matt,Lawrie,Chris,Ijames,Bounce,1,7/27/2003,,,,,Delta,,,,,,,,,,,,,,,
2003,6044,,Delta,manned,"Pinnacle, 19 fathom",CSEO,7/27/2003,7/27/2003,,Amee,Puckett,Dave,Slater,Bounce,1,7/27/2003,,,,,Delta,,,,,,,,,,,,,,,
2003,6045,,Delta,manned,"Pinnacle, 19 fathom",CSEO,7/27/2003,7/27/2003,,Gary,Greene,Joe,Lilly,Geology,1,7/27/2003,13:30:31,14:30:41,5  minute,,Delta,1020,,,,,,,,,,,,,,
2003,6046,,Delta,manned,"Pinnacle, 19 fathom",CSEO,7/28/2003,7/28/2003,,Dick,Curran,Chris,Ijames,Pinnacles,1,7/28/2003,9:49:37,10:40:31,5 minute,Photo dive,Delta,371,,,,,,,,,,,,,,
2003,6046,,Delta,manned,"Pinnacle, 19 fathom",CSEO,7/28/2003,7/28/2003,,Dick,Curran,Chris,Ijames,Pinnacles,2,7/28/2003,10:49:27,10:54:06,5 minute,Photo dive,Delta,201,,,,,,,,,,,,,,
2003,6046,,Delta,manned,"Pinnacle, 34 base",CSEO,7/28/2003,7/28/2003,,Dick,Curran,Chris,Ijames,Pinnacles,3,7/28/2003,,,,,Delta,,,,,,,,,,,,,,,
2003,6047,,Delta,manned,Inner Point,CSEO,7/29/2003,7/29/2003,,Dave,Minks,Dave,Slater,Reconnaissance,1,7/29/2003,,,5 minute,Trying to locate lava contact,Delta,883,,,,,,,,,,,,,,
2005,6497,,Delta,manned,Deadman's Reach,NSEI,8/2/2005,8/2/2005,,Scott,Kelley,Joe,Lilly,Reconnaissance,1,8/2/2005,,,5 minute,Looking at crab habitat,Delta,1278,,,,,,,,,,,,,,
2005,6498,,Delta,manned,Hogart Reef,SSEI,8/2/2005,8/2/2005,,Sasha,Stortz,Chris,Ijames,Reconnaissance,1,8/2/2005,,,5 minute,Parallel crab dive,Delta,1236,,,,,,,,,,,,,,
2005,6499,,Delta,manned,Kelp Bay NE Pond Island,SSEI,8/2/2005,8/2/2005,,Gary,Greene,Dave,Slater,Geology,1,8/2/2005,18:54:21,19:41:27,5  minute,"Looking for a fault, strobe not working",Delta,718,,,,,,,,,,,,,,
2005,6500,,Delta,manned,"""Kelp Bay, NE Pond Is """"Fault scarp""""""",SSEI,8/3/2005,8/3/2005,,Scott,Kelley,Joe,Lilly,Geology,1,8/3/2005,8:03:26,8:52:56,5  minute,"Visibility poor,  20-25",Delta,657,,,,,,,,,,,,,,
2005,6501,,Delta,manned,Bay of Pillars,NSEI,8/3/2005,8/3/2005,,Gary,Greene,Chris,Ijames,Geology,1,8/3/2005,15:25:25,16:13:17,5  minute,Visibility 20',Delta,781,,,,,,,,,,,,,,
2005,6502,,Delta,manned,North of St. Joseph Island,SSEI,8/4/2005,8/4/2005,,Scott,Kelley,Dave,Slater,Line Transect,1,8/4/2005,11:16:50,11:46:35,5  minute,"Geology and groundfish observation, visibility 20'",Delta,1225,,,,,,,,,,,,,,
2005,6502,,Delta,manned,St. Joseph groundtruth,SSEI,8/4/2005,8/4/2005,,Scott,Kelley,Dave,Slater,Line Transect,2,8/4/2005,12:00:00,12:32:08,5  minute,,Delta,976,,,,,,,,,,,,,,
2005,6503,,Delta,manned,Lulu Island,SSEI,8/4/2005,8/4/2005,,Cleo,Brylinsky,Joe,Lilly,Reconnaissance,1,8/4/2005,,,5 minute,"Visibility less than 10',  mud silt throughout",Delta,888,,,,,,,,,,,,,,
2005,6503,,Delta,manned,,SSEI,8/4/2005,8/4/2005,,Cleo,Brylinsky,Joe,Lilly,Aborted,2,,,,,,Delta,,,,,,,,,,,,,,,
2005,6504,,Delta,manned,Gulf of Esquibel,SSEI,8/4/2005,8/4/2005,,Gary,Greene,Chris,Ijames,Geology,1,8/4/2005,16:23:59,17:01:00,5  minute,Groundtruthing,Delta,478,,,,,,,,,,,,,,
2005,6505,,Delta,manned,Gulf of Esquibel,SSEI,8/4/2005,8/4/2005,,Sasha,Stortz,Dave,Slater,Bounce,1,8/4/2005,,,,boulder slope,Delta,,,,,,,,,,,,,,,
2005,6506,,Delta,manned,"Cape Felix, SE Random Site 68",SSEO,8/6/2005,8/6/2005,,Tory,O'Connell,Joe,Lilly,Line Transect,2,8/6/2005,16:39:32,17:10:24,5  minute,"Water visiblty 10m Heading 220 degrees, changed at fix 5 to 270 degrees. Sponge is dominant biota, white sand changing  to black in middle of dive, juv gadids.",Delta,694,,,,,,,,,,,,,,
2005,6506,,Delta,manned,"Cape Felix, SE Random site 68",SSEO,8/6/2005,8/6/2005,,Tory,O'Connell,Joe,Lilly,Line Transect,1,8/6/2005,16:03:08,16:33:17,5  minute,Water visibility 10m Heading 330 degrees. Big rock at beginning covered with Primnoa - YE curled up in large tree. Much of this dive in gravel/silt.,Delta,707,,,,,,,,,,,,,,
2005,6507,,Delta,manned,"Cape Felix, SE Random Site 13",SSEO,8/7/2005,8/7/2005,,Sherri,Dressel,Chris,Ijames,Line Transect,1,8/7/2005,8:00:39,8:31:04,5  minute,Water visibility 10m Heading 040 degrees,Delta,861,,,,,,,,,,,,,,
2005,6507,,Delta,manned,"Cape Felix, SE Random Site 13",SSEO,8/7/2005,8/7/2005,,Sherri,Dressel,Chris,Ijames,Line Transect,2,8/7/2005,8:39:15,9:09:42,5  minute,Water visibility 10m Heading 040 degrees,Delta,633,,,,,,,,,,,,,,
2005,6508,,Delta,manned,"Cape Felix, SE Random Site 271",SSEO,8/7/2005,8/7/2005,,Cleo,Brylinsky,Dave,Slater,Line Transect,1,8/7/2005,10:05:07,10:36:57,5  minute,"Water visibility 10m, heading 180 degrees, good habitat",Delta,1162,,,,,,,,,,,,,,
2005,6508,,Delta,manned,"Cape Felix, SE Random Site 271",SSEO,8/7/2005,8/7/2005,,Cleo,Brylinsky,Dave,Slater,Line Transect,2,8/7/2005,10:46:23,11:17:21,5  minute,"Water visibility 10m, heading 180 degrees, good habitat",Delta,925,,,,,,,,,,,,,,
2005,6509,,Delta,manned,"Cape Felix SE, Transect #274",SSEO,8/6/2005,8/6/2005,,Gary,Greene,Joe,Lilly,Line Transect,2,8/6/2005,13:57:12,14:27:50,5  minute,"Water visibility 30ft, heading N",Delta,863,,,,,,,,,,,,,,
2005,6509,,Delta,manned,"Cape Felix, Transect #274",SSEO,8/6/2005,8/6/2005,,Gary,Greene,Joe,Lilly,Line Transect,1,8/6/2005,13:19:32,13:49:54,5  minute,"Water visibility 30 ft, heading 024 degrees, mostly sediment some boulders at the end of the dive.",Delta,727,,,,,,,,,,,,,,
2005,6510,,Delta,manned,"Cape Felix, SE, Random Site 256",SSEO,8/6/2005,8/6/2005,,Tory,O'Connell,Chris,Ijames,Line Transect,2,8/6/2005,16:33:11,17:03:12,5  minute,"Water visibility 10m, heading 045 degrees, mosly sediment one rock outcrop",Delta,1039,,,,,,,,,,,,,,
2005,6510,,Delta,manned,"Cape Felix, SE, Random site 256",SSEO,8/6/2005,8/6/2005,,Tory,O'Connell,Chris,Ijames,Line Transect,1,8/6/2005,15:55:27,16:25:37,5  minute,"Water visibility 10m, heading 090 degrees, total dive silt and mud",Delta,1218,,,,,,,,,,,,,,
2005,6511,,Delta,manned,"Coronation Island, Random Site 189",SSEO,8/8/2005,8/8/2005,,Cleo,Brylinsky,Dave,Slater,Line Transect,2,8/8/2005,12:45:00,13:15:05,5  minute,"Heading 045 degrees, This entire dive was good habitat even though it ended outside where we have record of fishing",Delta,908,,,,,,,,,,,,,,
2005,6511,,Delta,manned,"Coronation, Random Site 189",SSEO,8/8/2005,8/8/2005,,Cleo,Brylinsky,Dave,Slater,Line Transect,1,8/8/2005,12:07:08,12:37:11,5  minute,"Water visibility 25m, heading NW, great habitat",Delta,710,,,,,,,,,,,,,,
2005,6512,,Delta,manned,"Coronation Island, Random Site 162",SSEO,8/8/2005,8/8/2005,,Sherri,Dressel,Joe,Lilly,Line Transect,2,8/8/2005,14:57:00,15:27:00,5  minute,"Water visibility 8m, heading 030 degrees",Delta,907,,,,,,,,,,,,,,
2005,6512,,Delta,manned,"Coronation Island, Random site 162",SSEO,8/8/2005,8/8/2005,,Sherri,Dressel,Joe,Lilly,Line Transect,1,8/8/2005,14:19:34,14:49:54,5  minute,"Water visibility 8m, start heading was 045 degrees, changed course at 1422 to 090 degrees",Delta,853,,,,,,,,,,,,,,
2005,6513,,Delta,manned,"Coronation Island, Random site 301",SSEO,8/8/2005,8/8/2005,,Gary,Greene,Chris,Ijames,Line Transect,1,8/8/2005,16:16:43,16:46:52,5  minute,"Water visibility 30 ft, heading at fix 1 was 250 degrees, at fix 2 was 240 degrees, at fix 3 was 200 degrees. Good thornyhead video at start of transect.",Delta,674,,,,,,,,,,,,,,
2005,6513,,Delta,manned,Coronation random site 301,SSEO,8/8/2005,8/8/2005,,Gary,Greene,Chris,Ijames,Line Transect,2,8/8/2005,16:55:38,17:16:24,5  minute,Water visibility 30'  Heading 90 degrees switching to 180 after fix 4,Delta,491,,,,,,,,,,,,,,
2005,6514,,Delta,manned,Cape Addington N. site #428,SSEO,8/9/2005,8/9/2005,,Tory,O'Connell,Dave,Slater,Line Transect,2,8/9/2005,8:28:02,8:58:13,5  minute,Mud no rocks,Delta,1267,,,,,,,,,,,,,,
2005,6514,,Delta,manned,Cape Addington N. site#428,SSEO,8/9/2005,8/9/2005,,Tory,O'Connell,Dave,Slater,Line Transect,1,8/9/2005,7:48:24,8:18:40,5  minute,"Mostlly mud, in rocks after fix 6",Delta,1251,,,,,,,,,,,,,,
2005,6515,,Delta,manned,Cape Addington site # 462,SSEO,8/9/2005,8/9/2005,,Gary,Greene,Joe,Lilly,Geology,1,8/9/2005,10:42:13,11:34:16,5  minute,"Into cauldera part way down, visibility 30'",Delta,985,,,,,,,,,,,,,,
2005,6515,,Delta,manned,Cape Addington site # 462,SSEO,8/9/2005,8/9/2005,,Gary,Greene,Joe,Lilly,Line Transect,2,8/9/2005,11:39:06,12:09:22,5  minute,"Excellent habitat, rock and boulders",Delta,832,,,,,,,,,,,,,,
2005,6516,,Delta,manned,"Cape Addington, Random Site 658",SSEO,8/9/2005,8/9/2005,,Cleo,Brylinsky,Chris,Ijames,Line Transect,1,8/9/2005,13:16:18,13:46:26,5  minute,"Water visibility 40 ft, heading 045, winfrog crashed for 30 sec, lava habitat",Delta,848,,,,,,,,,,,,,,
2005,6516,,Delta,manned,"Cape Addington, Random sit 658",SSEO,8/9/2005,8/9/2005,,Cleo,Brylinsky,Chris,Ijames,Line Transect,3,8/9/2005,14:34:17,15:05:00,5  minute,"Water visibility 40 ft, heading 045",Delta,912,,,,,,,,,,,,,,
2005,6516,,Delta,manned,"Cape Addington, Random site 658",SSEO,8/9/2005,8/9/2005,,Cleo,Brylinsky,Chris,Ijames,Line Transect,2,8/9/2005,13:54:03,14:24:16,5  minute,"Lava habitat, heading 045, water visibility 40 ft",Delta,972,,,,,,,,,,,,,,
2005,6517,,Delta,manned,"Strata 8, Random Site 285",SSEO,8/10/2005,8/10/2005,,Sherri,Dressel,Dave,Slater,Line Transect,1,8/10/2005,8:03:28,8:33:35,5  minute,"Heading North, habitat was gravel with some small boulders",Delta,1298,,,,,,,,,,,,,,
2005,6517,,Delta,manned,"Strata 8, offshore Forester Isl, Random site 285",SSEO,8/10/2005,8/10/2005,,Sherri,Dressel,Dave,Slater,Line Transect,2,8/10/2005,8:40:22,9:10:32,5  minute,Heading North,Delta,1217,,,,,,,,,,,,,,
2005,6518,,Delta,manned,"Strata 8, offshore Forester Isl, Random site 345",SSEO,8/10/2005,8/10/2005,,Tory,O'Connell,Joe,Lilly,Line Transect,1,8/10/2005,10:06:55,10:37:00,5  minute,"Heading North, gravel and rock",Delta,751,,,,,,,,,,,,,,
2005,6518,,Delta,manned,"Strata 8, offshore Forester Isl, Random site 345",SSEO,8/10/2005,8/10/2005,,Tory,O'Connell,Joe,Lilly,Line Transect,2,8/10/2005,10:48:16,11:18:20,5  minute,"Heading North, habitat mostly rock outcrop with some gravel and cobble",Delta,684,,,,,,,,,,,,,,
2005,6519,,Delta,manned,"Strata 8, Random Site 768",SSEO,8/10/2005,8/10/2005,,Cleo,Brylinsky,Chris,Ijames,Line Transect,1,8/10/2005,12:42:37,13:13:00,5  minute,"Heading 090, rock and boulder changing to sediment last 3 fixes",Delta,708,,,,,,,,,,,,,,
2005,6519,,Delta,manned,"Strata 8, Random site 768",SSEO,8/10/2005,8/10/2005,,Cleo,Brylinsky,Chris,Ijames,Line Transect,2,8/10/2005,13:20:49,13:50:55,5  minute,"Heading 080, habitat mostly rock outcrop",Delta,695,,,,,,,,,,,,,,
2005,6520,,Delta,manned,"Strata 8, Random site 583",SSEO,8/10/2005,8/10/2005,,Gary,Greene,Dave,Slater,Line Transect,1,8/10/2005,16:02:39,16:32:56,5  minute,"Heading East, boulders rock and some sand",Delta,1217,,,,,,,,,,,,,,
2005,6520,,Delta,manned,"Strata 8, Random site 583",SSEO,8/10/2005,8/10/2005,,Gary,Greene,Dave,Slater,Line Transect,2,8/10/2005,16:39:38,17:09:49,5  minute,"Heading South, good habitat at end especially  Swarming canarys at 17:13:40, purple sponge at 17:14:12, stovepipe sponge at 17:22:00",Delta,1029,,,,,,,,,,,,,,
2005,6521,,Delta,manned,Hazy Island strata 1 random site 510,SSEO,8/11/2005,8/11/2005,,Gary,Greene,Chris,Ijames,Line Transect,1,8/11/2005,10:27:34,10:57:36,5  minute,"Heading North, visibility 25', smooth bedrock, boulders, cobble",Delta,896,,,,,,,,,,,,,,
2005,6521,,Delta,manned,Hazy Islands strata 1 random site 510,SSEO,8/11/2005,8/11/2005,,Gary,Greene,Chris,Ijames,Line Transect,2,8/11/2005,11:09:30,11:39:43,5  minute,"Heading North, starts on rock, bedrock and a wall, ends on gravel pavement",Delta,982,,,,,,,,,,,,,,
2005,6522,,Delta,manned,"St. Lazaria SW, 13 fathom bump",CSEO,8/12/2005,8/12/2005,,Tracy,Vaughn,Chris,Ijames,Bounce,1,8/12/2005,,,,"Spent all day here doing bounce dives in the same spot, rock feature",Delta,,,,,,,,,,,,,,,
2005,6523,,Delta,manned,"St. Lazaria SW, 13 fathom bump",CSEO,8/12/2005,8/12/2005,,Kelsey,Jacobsen,Joe,Lilly,Bounce,1,8/12/2005,,,,Same as 6522_1,Delta,,,,,,,,,,,,,,,
2005,6524,,Delta,manned,"St. Lazaria SW, 13 fathom bump",CSEO,8/12/2005,8/12/2005,,Kelsey,Jacobsen,Joe,Lilly,Bounce,1,8/12/2005,,,,Same as 6522_1,Delta,,,,,,,,,,,,,,,
2005,6525,,Delta,manned,"St. Lazaria SW, 13 fathom bump",CSEO,8/12/2005,8/12/2005,,Brian,Goodmanson,Chris,Ijames,Bounce,1,8/12/2005,,,,Same as 6522_1,Delta,,,,,,,,,,,,,,,
2005,6526,,Delta,manned,"St. Lazaria SW, 13 fathom bump",CSEO,8/12/2005,8/12/2005,,Dick,Curran,Dave,Slater,Bounce,1,8/12/2005,,,,Same as 6522_1,Delta,,,,,,,,,,,,,,,
2005,6527,,Delta,manned,"St. Lazaria SW, 13 fathom bump",CSEO,8/12/2005,8/12/2005,,,Chip,Chris,Ijames,Bounce,1,8/12/2005,,,,Same as 6522_1,Delta,,,,,,,,,,,,,,,
2005,6528,,Delta,manned,"St. Lazaria SW, 13 fathom bump",CSEO,8/12/2005,8/12/2005,,Sherri,Dressel,Chris,Ijames,Bounce,1,8/12/2005,,,,Same as 6522_1,Delta,,,,,,,,,,,,,,,
2005,6529,,Delta,manned,"St. Lazaria SW, 13 fathom bump",CSEO,8/12/2005,8/12/2005,,Bea,Brooks,Joe,Lilly,Bounce,1,8/12/2005,,,,Same as 6522_1,Delta,,,,,,,,,,,,,,,
2007,6733,,Delta,manned,Off Khaz,CSEO,8/12/2007,8/12/2007,,Gary,Greene,Chris,Ijames,Experimental,1,8/12/2007,,,,Can't use for line transect forward laser was not in forward view.,Delta,,,,,,,,,,,,,,,
2007,6733,,Delta,manned,Off Khaz,CSEO,8/12/2007,8/12/2007,,Gary,Greene,Chris,Ijames,Experimental,2,8/12/2007,,,,"Can't use for line transect, forward laser not in forward camera view.",Delta,,,,,,,,,,,,,,,
2007,6734,,Delta,manned,Off Khaz,CSEO,8/12/2007,8/12/2007,,Mike,Vaughn,Joe,Lilly,Experimental,2,8/12/2007,,,,"Can't use for line transect, forward laser not in forward view.",Delta,,,,,,,,,,,,,,,
2007,6734,,Delta,manned,Off khaz,CSEO,8/12/2007,8/12/2007,,Mike,Vaughn,Joe,Lilly,Experimental,1,8/12/2007,,,,"Can't use for Line Transect, forward laser not in forward view.",Delta,,,,,,,,,,,,,,,
2007,6735,,Delta,manned,Off Khaz,CSEO,8/12/2007,8/12/2007,,Cleo,Brylinsky,Chris,Ijames,Aborted,1,8/12/2007,,,,,Delta,,,,,,,,,,,,,,,
2007,6736,,Delta,manned,Off Khaz,CSEO,8/12/2007,8/12/2007,,Cleo,Brylinsky,Chris,Ijames,Line Transect,1,8/12/2007,15:21:35,15:51:40,winfrog,,Delta,853,,,,,,,,,,,,,,
2007,6736,,Delta,manned,Off Khaz,CSEO,8/12/2007,8/12/2007,,Cleo,Brylinsky,Chris,Ijames,Line Transect,2,8/12/2007,15:59:33,16:29:39,winfrog,,Delta,755,,,,,,,,,,,,,,
2007,6737,,Delta,manned,Off Khaz,CSEO,8/12/2007,8/12/2007,,Jenny,Stahl,Joe,Lilly,Bounce,1,8/12/2007,,,,No fixes were recorded,Delta,,,,,,,,,,,,,,,
2007,6738,,Delta,manned,Off Khaz,CSEO,8/13/2007,8/13/2007,,Mike,Vaughn,Chris,Ijames,Line Transect,1,8/13/2007,8:32:06,9:02:21,5 minute,Tracking system locked up for first 10 minutes of dive. Fixes 2 and 3 were approximated. Dive was logged with GIS for the last 20 minutes only.,Delta,844,,,,,,,,,,,,,,
2007,6738,,Delta,manned,Off Khaz,CSEO,8/13/2007,8/13/2007,,Mike,Vaughn,Chris,Ijames,Line Transect,2,8/13/2007,9:12:21,9:42:37,5 minute,"Tracking system not working, lat and longs from fix 2-5 were taken from vessel GPS after vessel positioned itself over the sub. Weather was calm, vessel was able to get pretty close over the sub. 2 bad fixes from Winfrog were deleted.",Delta,927,,,,,,,,,,,,,,
2007,6739,,Delta,manned,Off Khaz,CSEO,8/13/2007,8/13/2007,,Cleo,Brylinsky,Chris,Ijames,Line Transect,1,8/13/2007,11:45:27,12:16:24,5 minute,"Tracking system  not working properly, so all lat and longs were taken from the ship positioning itself over the sub. The weather was calm, so the positions were probably good.",Delta,990,,,,,,,,,,,,,,
2007,6739,,Delta,manned,Off Khaz,CSEO,8/13/2007,8/13/2007,,Cleo,Brylinsky,Chris,Ijames,Line Transect,2,8/13/2007,12:24:02,12:39:10,5 minute,"Tracking system not working, so positioned vessel over sub to get lats and longs. The weather was calm, so lat and longs were probably good. Dive was ended before last fix, check tape to edit.",Delta,501,,,,,,,,,,,,,,
2007,6740,,Delta,manned,Off Cape Georgiana,CSEO,8/13/2007,8/13/2007,,Gary,Greene,Joe,Lilly,Geology,2,8/13/2007,15:17:26,15:47:37,,Forward camera was accidentally zoomed in so the video is useless.,Delta,,,,,,,,,,,,,,,
2007,6740,,Delta,manned,Off Cape Georgiana,CSEO,8/13/2007,8/13/2007,,Gary,Greene,Joe,Lilly,Line Transect,1,8/13/2007,14:38:46,15:08:50,winfrog,,Delta,762,,,,,,,,,,,,,,
2007,6741,,Delta,manned,Off Cape Georgiana,CSEO,8/13/2007,8/13/2007,,Cleo,Brylinsky,Chris,Ijames,Line Transect,1,8/13/2007,16:47:06,17:17:15,winfrog,,Delta,847,,,,,,,,,,,,,,
2007,6741,,Delta,manned,Off Cape Georgiana,CSEO,8/13/2007,8/13/2007,,Cleo,Brylinsky,Chris,Ijames,Line Transect,2,8/13/2007,17:25:12,17:55:22,winfrog,,Delta,1162,,,,,,,,,,,,,,
2007,6742,,Delta,manned,Edgecumbe Lava Field,CSEO,8/14/2007,8/14/2007,,Mike,Vaughn,Joe,Lilly,Line Transect,1,8/14/2007,8:54:47,9:24:50,winfrog,Visibility mediocre for much of the dive,Delta,775,,,,,,,,,,,,,,
2007,6742,,Delta,manned,Edgecumbe Lava Field,CSEO,8/14/2007,8/14/2007,,Mike,Vaughn,Joe,Lilly,Line Transect,2,8/14/2007,9:32:57,10:03:00,winfrog,Many many sponges throughout transect. Patches of mediocre visibility on this transect.,Delta,813,,,,,,,,,,,,,,
2007,6743,,Delta,manned,Mid-shelf Cone,CSEO,8/14/2007,8/14/2007,,Gary,Greene,Chris,Ijames,Geology,1,8/14/2007,11:33:05,12:23:27,,looking for cone,Delta,,,,,,,,,,,,,,,
2007,6744,,Delta,manned,Edgecumbe Lava Field,CSEO,8/14/2007,8/14/2007,,Cleo,Brylinsky,Joe,Lilly,Line Transect,1,8/14/2007,13:44:52,14:14:59,winfrog,,Delta,675,,,,,,,,,,,,,,
2007,6744,,Delta,manned,Edgecumbe Lava Field,CSEO,8/14/2007,8/14/2007,,Cleo,Brylinsky,Joe,Lilly,Line Transect,2,8/14/2007,14:23:49,14:54:06,winfrog,,Delta,754,,,,,,,,,,,,,,
2007,6745,,Delta,manned,Edgecumbe Lava Field,CSEO,8/14/2007,8/14/2007,,Mike,Vaughn,Chris,Ijames,Line Transect,1,8/14/2007,16:27:47,16:57:57,winfrog,,Delta,887,,,,,,,,,,,,,,
2007,6745,,Delta,manned,Edgecumbe Lava Field,CSEO,8/14/2007,8/14/2007,,Mike,Vaughn,Chris,Ijames,Line Transect,2,8/14/2007,17:05:44,17:35:49,winfrog,"Excellent footage of fish at several points in the video, black sand.",Delta,925,,,,,,,,,,,,,,
2007,6746,,Delta,manned,Edgecumbe Lava Field,CSEO,8/15/2007,8/15/2007,,Cleo,Brylinsky,Joe,Lilly,Line Transect,1,8/15/2007,8:15:13,8:45:20,winfrog,,Delta,994,,,,,,,,,,,,,,
2007,6746,,Delta,manned,Edgecumbe Lava Field,CSEO,8/15/2007,8/15/2007,,Cleo,Brylinsky,Joe,Lilly,Line Transect,2,8/15/2007,8:54:20,9:24:24,winfrog,,Delta,1011,,,,,,,,,,,,,,
2007,6747,,Delta,manned,Edgecumbe Lava Field,CSEO,8/15/2007,8/15/2007,,Mike,Vaughn,Chris,Ijames,Line Transect,1,8/15/2007,10:19:19,10:49:23,winfrog,,Delta,972,,,,,,,,,,,,,,
2007,6747,,Delta,manned,Edgecumbe Lava Field,CSEO,8/15/2007,8/15/2007,,Mike,Vaughn,Chris,Ijames,Line Transect,2,8/15/2007,10:55:49,11:26:18,winfrog,,Delta,1028,,,,,,,,,,,,,,
2007,6748,,Delta,manned,Cape Edgecumbe,CSEO,8/15/2007,8/15/2007,,Gary,Greene,Joe,Lilly,Geology,1,8/15/2007,13:03:21,13:35:05,,,Delta,,,,,,,,,,,,,,,
2007,6748,,Delta,manned,Cape Edgecumbe,CSEO,8/15/2007,8/15/2007,,Gary,Greene,Joe,Lilly,Line Transect,2,8/15/2007,13:43:01,14:13:11,winfrog,"Thick sediment layer on much of rock surface, lots of crinoids early in the dive",Delta,943,,,,,,,,,,,,,,
2007,6748,,Delta,manned,Cape Edgecumbe,CSEO,8/15/2007,8/15/2007,,Gary,Greene,Joe,Lilly,Line Transect,3,8/15/2007,14:22:15,14:52:29,winfrog,,Delta,984,,,,,,,,,,,,,,
2007,6749,,Delta,manned,Cape Edgecumbe,CSEO,8/15/2007,8/15/2007,,Cleo,Brylinsky,Chris,Ijames,Line Transect,1,8/15/2007,15:44:09,16:14:12,winfrog,,Delta,917,,,,,,,,,,,,,,
2007,6749,,Delta,manned,Cape Edgecumbe,CSEO,8/15/2007,8/15/2007,,Cleo,Brylinsky,Chris,Ijames,Line Transect,2,8/15/2007,16:22:27,16:52:33,winfrog,,Delta,869,,,,,,,,,,,,,,
2007,6750,,Delta,manned,19 fathom Pinnacle,CSEO,8/16/2007,8/16/2007,,Jenny,Stahl,Joe,Lilly,Pinnacles,2,,8:41:34,9:23:50,,,Delta,,,,,,,,,,,,,,,
2007,6750,,Delta,manned,19 fathom Pinnacle Recon- repeat of dive 6031-1,CSEO,8/16/2007,8/16/2007,,Jenny,Stahl,Joe,Lilly,Pinnacles,1,8/16/2007,8:01:33,8:40:31,,,Delta,,,,,,,,,,,,,,,
2007,6751,,Delta,manned,34 Fathom Pinnacle,CSEO,8/16/2007,8/16/2007,,Mike,Vaughn,Chris,Ijames,Pinnacles,1,8/16/2007,10:04:06,10:59:41,,,Delta,,,,,,,,,,,,,,,
2007,6751,,Delta,manned,34 Fathom Pinnacle,CSEO,8/16/2007,8/16/2007,,Mike,Vaughn,Chris,Ijames,Pinnacles,2,,11:01:36,11:22:37,,,Delta,,,,,,,,,,,,,,,
2007,6752,,Delta,manned,19 Fathom Pinnacle,CSEO,8/16/2007,8/16/2007,,Dave,Sinsley,Joe,Lilly,Bounce,1,8/16/2007,,,,,Delta,,,,,,,,,,,,,,,
2007,6753,,Delta,manned,Cape Edgecumbe,CSEO,8/16/2007,8/16/2007,,Cleo,Brylinsky,Chris,Ijames,Line Transect,1,8/16/2007,13:47:33,14:18:20,winfrog,,Delta,941,,,,,,,,,,,,,,
2007,6753,,Delta,manned,Cape Edgecumbe,CSEO,8/16/2007,8/16/2007,,Cleo,Brylinsky,Chris,Ijames,Line Transect,2,8/16/2007,14:26:34,14:56:40,winfrog,"Narrow pressure ridges throughout dive, often sub was along top looking down to sand or boulders far below or was at the bottom of a ridge with cobble, boulders, or sand just below the sub Very high relief in the pressure ridges",Delta,977,,,,,,,,,,,,,,
2007,6754,,Delta,manned,Offshore Biorka (Necker Islands) Random point 1678,CSEO,8/16/2007,8/16/2007,,Mike,Vaughn,Joe,Lilly,Line Transect,1,8/16/2007,16:24:25,16:54:31,winfrog,,Delta,805,,,,,,,,,,,,,,
2007,6755,,Delta,manned,Offshore Biorka (Necker Islands),CSEO,8/17/2007,8/17/2007,,Cleo,Brylinsky,Chris,Ijames,Line Transect,2,8/17/2007,8:54:56,9:25:25,winfrog,,Delta,1027,,,,,,,,,,,,,,
2007,6755,,Delta,manned,Offshore Biorka (Necker Islands) Random Point 1678,CSEO,8/17/2007,8/17/2007,,Cleo,Brylinsky,Chris,Ijames,Line Transect,1,8/17/2007,8:16:22,8:46:26,winfrog,,Delta,1025,,,,,,,,,,,,,,
2007,6756,,Delta,manned,Biorka Channel,CSEO,8/17/2007,8/17/2007,,Mike,Vaughn,Joe,Lilly,Line Transect,2,8/17/2007,11:26:43,11:56:46,winfrog,"Mediocre visibility for much of the dive No sediment on rock, lots of ship sized boulders",Delta,755,,,,,,,,,,,,,,
2007,6756,,Delta,manned,Biorka Channel Random point 938,CSEO,8/17/2007,8/17/2007,,Mike,Vaughn,Joe,Lilly,Line Transect,1,8/17/2007,10:48:42,11:18:50,winfrog,,Delta,905,,,,,,,,,,,,,,
2007,6757,,Delta,manned,South of Necker Islands,CSEO,8/17/2007,8/17/2007,,Cleo,Brylinsky,Chris,Ijames,Line Transect,2,8/17/2007,13:56:39,14:26:56,winfrog,,Delta,1046,,,,,,,,,,,,,,
2007,6757,,Delta,manned,South of Necker Islands random point 829,CSEO,8/17/2007,8/17/2007,,Cleo,Brylinsky,Chris,Ijames,Line Transect,1,8/17/2007,13:16:22,13:46:25,winfrog,,Delta,909,,,,,,,,,,,,,,
2007,6758,,Delta,manned,South of Necker Islands,CSEO,8/17/2007,8/17/2007,,Gary,Greene,Joe,Lilly,Line Transect,2,8/17/2007,16:09:26,16:39:37,winfrog,,Delta,805,,,,,,,,,,,,,,
2007,6758,,Delta,manned,South of Necker Islands Random point 1749,CSEO,8/17/2007,8/17/2007,,Gary,Greene,Joe,Lilly,Line Transect,1,8/17/2007,15:30:20,16:00:29,winfrog,,Delta,872,,,,,,,,,,,,,,
2007,6759,,Delta,manned,South of Necker Islands Random Point 1164,CSEO,8/18/2007,8/18/2007,,Mike,Vaughn,Chris,Ijames,Line Transect,1,8/18/2007,8:19:58,8:50:03,winfrog,,Delta,941,,,,,,,,,,,,,,
2007,6759,,Delta,manned,South of Necker Islands Random point 1164,CSEO,8/18/2007,8/18/2007,,Mike,Vaughn,Chris,Ijames,Line Transect,2,8/18/2007,8:58:07,9:28:12,winfrog,,Delta,976,,,,,,,,,,,,,,
2007,6760,,Delta,manned,South of Necker Islands Random point 527,CSEO,8/18/2007,8/18/2007,,Cleo,Brylinsky,Joe,Lilly,Line Transect,1,8/18/2007,11:13:05,11:43:34,winfrog,"Lots of sediment covering the rock for much of this dive, also small and medium rockfish ubiquitous",Delta,1052,,,,,,,,,,,,,,
2007,6760,,Delta,manned,South of Necker Islands Random point 527,CSEO,8/18/2007,8/18/2007,,Cleo,Brylinsky,Joe,Lilly,Line Transect,2,8/18/2007,11:53:26,12:23:59,winfrog,Two yelloweye just before SOT.,Delta,1030,,,,,,,,,,,,,,
2007,6761,,Delta,manned,West of Whale Bay Random point 1984,CSEO,8/18/2007,8/18/2007,,Gary,Greene,Chris,Ijames,Line Transect,1,8/18/2007,13:56:34,14:26:43,winfrog,,Delta,989,,,,,,,,,,,,,,
2007,6761,,Delta,manned,West of Whale Bay Random point 1984,CSEO,8/18/2007,8/18/2007,,Gary,Greene,Chris,Ijames,Line Transect,2,8/18/2007,14:35:26,15:05:34,winfrog,,Delta,1075,,,,,,,,,,,,,,
2007,6762,,Delta,manned,West of Whale Bay Random point 1563,CSEO,8/18/2007,8/18/2007,,Mike,Vaughn,Joe,Lilly,Line Transect,1,8/18/2007,16:25:44,16:56:04,winfrog,,Delta,850,,,,,,,,,,,,,,
2007,6762,,Delta,manned,West of whale bay (Random point 1563),CSEO,8/18/2007,8/18/2007,,Mike,Vaughn,Joe,Lilly,Line Transect,2,8/18/2007,17:03:16,17:33:23,winfrog,,Delta,905,,,,,,,,,,,,,,
2007,6763,,Delta,manned,West of Whale Bay  Random point 154,CSEO,8/19/2007,8/19/2007,,Cleo,Brylinsky,Chris,Ijames,Line Transect,2,8/19/2007,9:11:03,9:41:11,winfrog,,Delta,1100,,,,,,,,,,,,,,
2007,6763,,Delta,manned,West of Whale Bay Random point 154,CSEO,8/19/2007,8/19/2007,,Cleo,Brylinsky,Chris,Ijames,Line Transect,1,8/19/2007,8:31:46,9:01:52,winfrog,,Delta,1007,,,,,,,,,,,,,,
2007,6764,,Delta,manned,West of Whale Bay Random point 519,CSEO,8/19/2007,8/19/2007,,Mike,Vaughn,Joe,Lilly,Line Transect,1,8/19/2007,11:25:30,11:55:35,winfrog,,Delta,910,,,,,,,,,,,,,,
2007,6764,,Delta,manned,West of Whale Bay Random point 519,CSEO,8/19/2007,8/19/2007,,Mike,Vaughn,Joe,Lilly,Line Transect,2,8/19/2007,12:04:12,12:34:30,winfrog,,Delta,989,,,,,,,,,,,,,,
2007,6765,,Delta,manned,West of Whale Bay Random point 575,CSEO,8/19/2007,8/19/2007,,Cleo,Brylinsky,Chris,Ijames,Line Transect,1,8/19/2007,13:40:21,14:11:48,winfrog,,Delta,1049,,,,,,,,,,,,,,
2007,6765,,Delta,manned,West of Whale Bay Random point 575,CSEO,8/19/2007,8/19/2007,,Cleo,Brylinsky,Chris,Ijames,Line Transect,2,8/19/2007,14:21:25,14:51:49,winfrog,,Delta,949,,,,,,,,,,,,,,
2007,6766,,Delta,manned,West of Whale Bay Random point 498,CSEO,8/19/2007,8/19/2007,,Gary,Greene,Joe,Lilly,Geology,1,8/19/2007,16:42:57,17:13:04,,This dive was meant to be a line transect but Gary took pictures during the transect so we won't use it for fish counts. 4 adult YE on side camera.,Delta,,,,,,,,,,,,,,,
2007,6766,,Delta,manned,West of Whale Bay Random point 498,CSEO,8/19/2007,8/19/2007,,Gary,Greene,Joe,Lilly,Geology,2,8/19/2007,17:20:08,17:50:09,,"This dive was meant to be a line transect but Gary took pictures during the transect so we won't use it for fish counts. 8 adult ye on side camera, 3 JYE.",Delta,,,,,,,,,,,,,,,
2007,6767,,Delta,manned,Third Kekur,CSEO,8/20/2007,8/20/2007,,Mike,Vaughn,Chris,Ijames,Line Transect,2,8/20/2007,9:08:18,9:38:01,winfrog,"Transect has a false start at 09:07:36, then starts for real 09:08:18.",Delta,1069,,,,,,,,,,,,,,
2007,6767,,Delta,manned,Third Kekur Random Point 564,CSEO,8/20/2007,8/20/2007,,Mike,Vaughn,Chris,Ijames,Line Transect,1,8/20/2007,8:29:42,8:59:37,winfrog,,Delta,883,,,,,,,,,,,,,,
2007,6768,,Delta,manned,Kekur Peninsula Random Point 613,CSEO,8/20/2007,8/20/2007,,Gary,Greene,Joe,Lilly,Line Transect,1,8/20/2007,11:31:48,12:01:53,winfrog,Good ambiant light at the SOT depth. Longline gear at 11:55:04 fwd and side.,Delta,1038,,,,,,,,,,,,,,
2007,6768,,Delta,manned,Kekur Peninsula Random point 613,CSEO,8/20/2007,8/20/2007,,Gary,Greene,Joe,Lilly,Line Transect,2,8/20/2007,12:20:03,12:49:57,winfrog,"Before SOT 12:14:44, four yelloweye in view on side camera. Big R habitat in 5 min. run before this transect.",Delta,936,,,,,,,,,,,,,,
2007,6769,,Delta,manned,Offshore Kekur,CSEO,8/20/2007,8/20/2007,,Jenny,Stahl,Chris,Ijames,Experimental,2,8/20/2007,,,,This was Jenny's first dive and it will not be used for Line Transect.,Delta,,,,,,,,,,,,,,,
2007,6769,,Delta,manned,Offshore first Kekur,CSEO,8/20/2007,8/20/2007,,Jenny,Stahl,Chris,Ijames,Experimental,1,8/20/2007,,,,This was Jenny's first dive and it will not be used for Line Transect.,Delta,,,,,,,,,,,,,,,
2007,6770,,Delta,manned,Offshore Big Branch,CSEO,8/21/2007,8/21/2007,,Jenny,Stahl,Joe,Lilly,Line Transect,1,8/21/2007,9:19:40,9:49:45,winfrog,,Delta,938,,,,,,,,,,,,,,
2007,6770,,Delta,manned,Offshore Big Branch,CSEO,8/21/2007,8/21/2007,,Jenny,Stahl,Joe,Lilly,Line Transect,2,8/21/2007,9:58:13,10:28:31,winfrog,"Sediment layer thick in many places. Some places described in habitat as m may have been f with a layer of sediment on top, but it was difficult to tell from the video.",Delta,1019,,,,,,,,,,,,,,
2007,6771,,Delta,manned,Offshore Cape Ommaney,CSEO,8/21/2007,8/21/2007,,Cleo,Brylinsky,Chris,Ijames,Line Transect,1,8/21/2007,12:36:16,13:06:29,winfrog,"Red tree coral wall 12:31-12:32, two YE right after EOT",Delta,773,,,,,,,,,,,,,,
2007,6771,,Delta,manned,Offshore Cape Ommaney,CSEO,8/21/2007,8/21/2007,,Cleo,Brylinsky,Chris,Ijames,Line Transect,2,8/21/2007,13:15:45,13:44:56,winfrog,Many yelloweye just before start.,Delta,889,,,,,,,,,,,,,,
2007,6772,,Delta,manned,Cape Ommaney MBES glaciated sed.  rock Rdm 143,CSEO,8/21/2007,8/21/2007,,Gary,Greene,Joe,Lilly,Line Transect,1,8/21/2007,15:22:46,15:52:53,winfrog,No target fish on this dive.,Delta,1008,,,,,,,,,,,,,,
2007,6772,,Delta,manned,Cape Ommaney glaciated sed rock,CSEO,8/21/2007,8/21/2007,,Gary,Greene,Joe,Lilly,Geology,2,8/21/2007,15:55:15,16:26:14,,,Delta,,,,,,,,,,,,,,,
2007,6772,,Delta,manned,,CSEO,8/21/2007,8/21/2007,,Gary,Greene,Joe,Lilly,Random Observation,0,,,,,,Delta,,,,,,,,,,,,,,,
2007,6773,,Delta,manned,Offshore Larch Bay (Random Site 182),CSEO,8/22/2007,8/22/2007,,Mike,Vaughn,Chris,Ijames,Line Transect,1,8/22/2007,7:50:30,8:20:37,winfrog,"Lots of nice sponges on all rocky surfaces, thick sea cucumbers in all pebbly and muddy areas.",Delta,1032,,,,,,,,,,,,,,
2007,6773,,Delta,manned,Offshore Larch Bay (Random site 182),CSEO,8/22/2007,8/22/2007,,Mike,Vaughn,Chris,Ijames,Line Transect,2,8/22/2007,8:30:31,8:59:58,winfrog,Lots of sponges on rocky surfaces and lots of cucumbers in muddy areas.,Delta,1083,,,,,,,,,,,,,,
2007,6773,,Delta,manned,,CSEO,8/22/2007,8/22/2007,,Mike,Vaughn,Chris,Ijames,Random Observation,0,,,,,,Delta,,,,,,,,,,,,,,,
2007,6774,,Delta,manned,Cape Ommaney,CSEO,8/22/2007,8/22/2007,,Cleo,Brylinsky,Joe,Lilly,Line Transect,1,8/22/2007,11:01:17,11:31:24,winfrog,"Gelatonous(?) 11:16:34, aprox 30cm, blue with orange spots. Covered with invertebrates, cup corals and basket stars, hydro corals, small primnoa, large skate just before start.",Delta,895,,,,,,,,,,,,,,
2007,6774,,Delta,manned,Cape Ommaney,CSEO,8/22/2007,8/22/2007,,Cleo,Brylinsky,Joe,Lilly,Reconnaissance,2,8/22/2007,11:45:56,12:14:57,,"don't use this transect for stock assessment, too much current, line direction not good for perpendicular distances.",Delta,,,,,,,,,,,,,,,
2009,7181,,Delta,manned,Young's Bay,NSEI,5/20/2009,5/20/2009,,Jenny,Stahl,Chris,Ijames,Experimental,1,5/20/2009,,,,Observer validation. Estimated fish distance from the line. Some of the fish were floating off of the bottom.,Delta,,,,,,,,,,,,,,,
2009,7181,,Delta,manned,Young's Bay,NSEI,5/20/2009,5/20/2009,,Jenny,Stahl,Chris,Ijames,Experimental,2,5/20/2009,,,,Observer validation. Estimated fish from the 0 line.,Delta,,,,,,,,,,,,,,,
2009,7182,,Delta,manned,Youngs Bay,NSEI,5/20/2009,5/20/2009,,Dave,Carlile,Joe,Lilly,Experimental,1,5/20/2009,,,,"Experimental estimates for fake, foam fish.",Delta,,,,,,,,,,,,,,,
2009,7182,,Delta,manned,Youngs Bay,NSEI,5/20/2009,5/20/2009,,Dave,Carlile,Joe,Lilly,Experimental,2,5/20/2009,,,,"Observer training with fake, foam fish",Delta,,,,,,,,,,,,,,,
2009,7183,,Delta,manned,Young Bay,NSEI,5/20/2009,5/20/2009,,Cleo,Brylinsky,Chris,Ijames,Experimental,1,5/20/2009,,,,"Calibration Dive, used perpendicular distances from my eye (not from the groundline)",Delta,,,,,,,,,,,,,,,
2009,7183,,Delta,manned,Young Bay,NSEI,5/20/2009,5/20/2009,,Cleo,Brylinsky,Chris,Ijames,Experimental,2,5/20/2009,,,,"Calibration dive, estimated distances from me, perpendicular to the groundline.",Delta,,,,,,,,,,,,,,,
2009,7184,,Delta,manned,Youngs Bay,NSEI,5/20/2009,5/20/2009,,Gary,Greene,Joe,Lilly,Experimental,1,5/20/2009,,,,Experiment to calibrate observer distance estimation with fake foam fish,Delta,,,,,,,,,,,,,,,
2009,7184,,Delta,manned,Youngs Bay,NSEI,5/20/2009,5/20/2009,,Gary,Greene,Joe,Lilly,Experimental,2,5/20/2009,,,,Experimental dive to calibrate observer distance estimation with fake foam fish,Delta,,,,,,,,,,,,,,,
2009,7185,,Delta,manned,Youngs Bay,NSEI,5/20/2009,5/20/2009,,Scott,Kelley,Joe,Lilly,Experimental,1,5/20/2009,,,,"Calibration, one transect only.  Values from sub to target.",Delta,,,,,,,,,,,,,,,
2009,7186,,Delta,manned,Youngs Bay,NSEI,5/20/2009,5/20/2009,,Allison,Sayer,Chris,Ijames,Experimental,1,5/20/2009,,,,"Experimental estimates for fake foam fish, one transect only. Observer estimated distance from the sub to the fish, not from the groundline. Visibility 15' or so, very poor.",Delta,,,,,,,,,,,,,,,
2009,7187,,Delta,manned,Eastern-most E. Yak dive sites Random point 521,EYKT,5/21/2009,5/21/2009,,Dave,Carlile,Chris,Ijames,Reconnaissance,1,5/21/2009,8:22:12,8:52:45,,,Delta,,,,,,,,,,,,,,,
2009,7187,,Delta,manned,Eastern-most E. Yak dives sites Random pont 521,EYKT,5/21/2009,5/21/2009,,Dave,Carlile,Chris,Ijames,Reconnaissance,2,5/21/2009,,,,"Mostly mud, very few boulders, no DSR, some thornyheads, prowfish and redbanded",Delta,,,,,,,,,,,,,,,
2009,7188,,Delta,manned,East Yakatat Random site #402,EYKT,5/21/2009,5/21/2009,,Jenny,Stahl,Joe,Lilly,Reconnaissance,1,5/21/2009,10:59:06,11:30:08,,Passed over start site during 5 min. run. Track point messy. Water visibility 20'.,Delta,,,,,,,,,,,,,,,
2009,7189,,Delta,manned,East Yakutat Random Site 185,EYKT,5/21/2009,5/21/2009,,Scott,Kelley,Chris,Ijames,Line Transect,1,5/21/2009,17:25:00,17:55:10,winfrog,,Delta,988,,,,,,,,,,,,,,
2009,7189,,Delta,manned,South of Fairweather Random site 185,EYKT,5/21/2009,5/21/2009,,Scott,Kelley,Chris,Ijames,Line Transect,2,5/21/2009,18:04:00,18:34:12,winfrog,"Two DSR (rosethorn) and no halibut, or lingcod on this transect. Nice longnose skate at 18:26:50. Changed the start time for this dive to be 18:04:26 because the winfrog data doesn't start until then.",Delta,975,,,,,,,,,,,,,,
2009,7190,,Delta,manned,Fairweather Grounds West Bank,EYKT,5/22/2009,5/22/2009,,Cleo,Brylinsky,Joe,Lilly,Line Transect,2,5/22/2009,9:32:04,10:02:24,winfrog,Good Habitat.,Delta,664,,,,,,,,,,,,,,
2009,7190,,Delta,manned,Fairweather West Bank,EYKT,5/22/2009,5/22/2009,,Cleo,Brylinsky,Joe,Lilly,Line Transect,1,5/22/2009,8:49:24,9:20:36,winfrog,"Random point 384, good habitat. Visibility 20-25'",Delta,693,,,,,,,,,,,,,,
2009,7191,,Delta,manned,Fairweather,EYKT,5/22/2009,5/22/2009,,Allison,Sayer,Chris,Ijames,Line Transect,1,5/22/2009,11:25:35,11:50:43,winfrog,Poor visibility for much of the dive. Because of low vis on first transect delta went up in the water column to try to travel away from low visibility area before descending to the bottom to start transect 2. Changed EOT  to fix 6 due to vis problems.,Delta,547,,,,,,,,,,,,,,
2009,7191,,Delta,manned,Fairweather,EYKT,5/22/2009,5/22/2009,,Allison,Sayer,Chris,Ijames,Line Transect,2,5/22/2009,12:12:57,12:43:01,winfrog,Visibility not great,Delta,708,,,,,,,,,,,,,,
2009,7192,,Delta,manned,Fairweather Random site 137,EYKT,5/22/2009,5/22/2009,,Dave,Carlile,Joe,Lilly,Line Transect,1,5/22/2009,14:26:07,14:56:58,winfrog,"visibility 20-25 feet, good.",Delta,808,,,,,,,,,,,,,,
2009,7192,,Delta,manned,Fairweather random site 137,EYKT,5/22/2009,5/22/2009,,Dave,Carlile,Joe,Lilly,Line Transect,2,5/22/2009,15:18:02,15:48:10,winfrog,,Delta,659,,,,,,,,,,,,,,
2009,7193,,Delta,manned,Fairweather East Bank Random Site #615,EYKT,5/22/2009,5/22/2009,,Jenny,Stahl,Chris,Ijames,Line Transect,1,5/22/2009,16:59:36,17:30:09,winfrog,"Some specimens removed during QC. Forward camera is zoomed in during the 5 min run, nice close ups. Observer calls out red stripes, probably these are pugets.",Delta,970,,,,,,,,,,,,,,
2009,7193,,Delta,manned,Fairweather East Bank Random Site #615,EYKT,5/22/2009,5/22/2009,,Jenny,Stahl,Chris,Ijames,Line Transect,2,5/22/2009,17:42:35,18:12:40,winfrog,Nice lingcod footage at 17:37:54 swimming along with sub. Halibut at 17:38:28.,Delta,978,,,,,,,,,,,,,,
2009,7194,,Delta,manned,Yakutat Bay MBES Image YB1,IBS,5/24/2009,5/24/2009,,Gary,Greene,Joe,Lilly,Geology,1,5/24/2009,8:04:50,9:05:50,,"Mud and shrimp, then probable lateral moraine made of pebble, cobble, boulder",Delta,,,,,,,,,,,,,,,
2009,7195,,Delta,manned,Yakutat Bay YB1,IBS,5/24/2009,5/24/2009,,Dave,Carlile,Chris,Ijames,Reconnaissance,1,5/24/2009,,,,Visibility 12',Delta,,,,,,,,,,,,,,,
2009,7196,,Delta,manned,Mouth of Yakutat Bay Moraine YB2,IBS,5/24/2009,5/24/2009,,Jenny,Stahl,Joe,Lilly,Reconnaissance,1,5/24/2009,,,,Visibility 15',Delta,,,,,,,,,,,,,,,
2009,7197,,Delta,manned,Mouth of Yakutat Bay- moraine,IBS,5/24/2009,5/24/2009,,Cleo,Brylinsky,Chris,Ijames,Aborted,1,5/24/2009,,,,Dive aborted due to extremely poor visibility,Delta,,,,,,,,,,,,,,,
2009,7198,,Delta,manned,Yakutat Bay Mouth Seaward of YB2 Moraine,IBS,5/24/2009,5/24/2009,,Scott,Kelley,Joe,Lilly,Reconnaissance,1,5/24/2009,,,,,Delta,,,,,,,,,,,,,,,
2009,7199,,Delta,manned,Fairweather Grounds West Bank,EYKT,5/25/2009,5/25/2009,,Cleo,Brylinsky,Chris,Ijames,Line Transect,1,5/25/2009,8:21:39,8:52:03,winfrog,"Stratum 5 random site 511. Different light configuratio from normal, making it harder for observer to see due to backscatter against marine snow. Lots of Sponges for first half of transect.",Delta,882,,,,,,,,,,,,,,
2009,7199,,Delta,manned,Fairweather Grounds West Bank,EYKT,5/25/2009,5/25/2009,,Cleo,Brylinsky,Chris,Ijames,Line Transect,2,5/25/2009,9:07:30,9:37:44,winfrog,Stratum 5 Random site 511,Delta,930,,,,,,,,,,,,,,
2009,7200,,Delta,manned,Fairweather,EYKT,5/25/2009,5/25/2009,,Allison,Sayer,Joe,Lilly,Line Transect,2,5/25/2009,11:33:14,12:03:17,winfrog,visibility about 25' There are gaps in fish specimen number sequence because quality control review of tapes found that the same fish were recorded twice.,Delta,950,,,,,,,,,,,,,,
2009,7200,,Delta,manned,Fairweather Grounds Wast Bank Random site 367,EYKT,5/25/2009,5/25/2009,,Allison,Sayer,Joe,Lilly,Line Transect,1,5/25/2009,10:55:22,11:25:45,winfrog,Visibility 30+ feet. Some fish were removed upon quality control so some specimen numbers are therefore missing.,Delta,835,,,,,,,,,,,,,,
2009,7201,,Delta,manned,Fairweather Grounds,EYKT,5/25/2009,5/25/2009,,Dave,Carlile,Joe,Lilly,Line Transect,1,5/25/2009,13:17:34,13:47:50,winfrog,,Delta,912,,,,,,,,,,,,,,
2009,7201,,Delta,manned,Fairweather Grounds Random Site 124,EYKT,5/25/2009,5/25/2009,,Dave,Carlile,Joe,Lilly,Line Transect,2,5/25/2009,13:55:44,14:25:50,winfrog,,Delta,850,,,,,,,,,,,,,,
2009,7202,,Delta,manned,Fairweather,EYKT,5/25/2009,5/25/2009,,Jenny,Stahl,Joe,Lilly,Line Transect,2,5/25/2009,16:01:35,16:31:40,winfrog,Visibility 30',Delta,1031,,,,,,,,,,,,,,
2009,7202,,Delta,manned,Fairweather grounds West Bank,EYKT,5/25/2009,5/25/2009,,Jenny,Stahl,Joe,Lilly,Line Transect,1,5/25/2009,15:24:36,15:54:45,winfrog,Stratum 4 Random site #461,Delta,999,,,,,,,,,,,,,,
2009,7203,,Delta,manned,Fairweather,EYKT,5/25/2009,5/25/2009,,Scott,Kelley,Chris,Ijames,Line Transect,2,5/25/2009,18:29:28,18:59:58,winfrog,,Delta,932,,,,,,,,,,,,,,
2009,7203,,Delta,manned,Fairweather West Bank Stratum 4 Random Site 20,EYKT,5/25/2009,5/25/2009,,Scott,Kelley,Chris,Ijames,Line Transect,1,5/25/2009,17:48:05,18:18:36,winfrog,,Delta,879,,,,,,,,,,,,,,
2009,7204,,Delta,manned,Fairweather Grounds East Bank,EYKT,5/26/2009,5/26/2009,,Cleo,Brylinsky,Chris,Ijames,Line Transect,2,5/26/2009,8:48:27,9:18:31,winfrog,"Viz 20 feet, random site 386, stratum 4",Delta,764,,,,,,,,,,,,,,
2009,7204,,Delta,manned,Fairweather Grounds East Bank,EYKT,5/26/2009,5/26/2009,,Cleo,Brylinsky,Chris,Ijames,Reconnaissance,1,5/26/2009,,,,"Random site 386, largely fishermen logbook data.",Delta,,,,,,,,,,,,,,,
2009,7205,,Delta,manned,Fairweather,EYKT,5/26/2009,5/26/2009,,Dave,Carlile,Chris,Ijames,Line Transect,2,5/26/2009,11:30:07,12:00:14,winfrog,Visibility 15',Delta,619,,,,,,,,,,,,,,
2009,7205,,Delta,manned,Fairweather East Bank Random Site 496,EYKT,5/26/2009,5/26/2009,,Dave,Carlile,Chris,Ijames,Line Transect,1,5/26/2009,10:51:28,11:21:39,winfrog,"Lots of flocula, visibility about 12'",Delta,480,,,,,,,,,,,,,,
2009,7206,,Delta,manned,Fairweather Ground East Bank,EYKT,5/26/2009,5/26/2009,,Jenny,Stahl,Joe,Lilly,Line Transect,2,5/26/2009,13:53:48,14:24:23,winfrog,Stratum 4- Random site 77. There is a gap in the specimen number sequence- a record was deleted when quality control determined the same fish appeared in different cameras and was recorded twice.,Delta,629,,,,,,,,,,,,,,
2009,7206,,Delta,manned,Fairweather Ground- East Bank,EYKT,5/26/2009,5/26/2009,,Jenny,Stahl,Joe,Lilly,Line Transect,1,5/26/2009,13:15:37,13:45:41,winfrog,"Stratum 4, Random site #77. There is a gap in the specimen number sequence- a record was deleted when quality control determined the same fish appeared in different cameras and was recorded twice.",Delta,633,,,,,,,,,,,,,,
2009,7207,,Delta,manned,Fairweather East bank syncline,EYKT,5/26/2009,5/26/2009,,Gary,Greene,Chris,Ijames,Geology,1,5/26/2009,16:03:25,17:28:42,,,Delta,,,,,,,,,,,,,,,
2009,7208,,Delta,manned,Fairweather East Bank Random Site 154,EYKT,5/27/2009,5/27/2009,,Allison,Sayer,Joe,Lilly,Line Transect,1,5/27/2009,8:20:58,8:51:16,winfrog,Visibility 10-15',Delta,618,,,,,,,,,,,,,,
2009,7208,,Delta,manned,Fairweather East Bank Random Site 154,EYKT,5/27/2009,5/27/2009,,Allison,Sayer,Joe,Lilly,Line Transect,2,5/27/2009,9:06:31,9:36:32,winfrog,Lots of lingcod on this transect. Visibility 10-15' Lots of gun estimates after EOT,Delta,680,,,,,,,,,,,,,,
2009,7209,,Delta,manned,Volcanic remnant neck east bank Fairweather Ground,EYKT,5/27/2009,5/27/2009,,Gary,Greene,Chris,Ijames,Geology,1,5/27/2009,11:02:47,11:43:42,,,Delta,,,,,,,,,,,,,,,
2009,7210,,Delta,manned,Fairweather East Bank random site 590,EYKT,5/27/2009,5/27/2009,,Scott,Kelley,Joe,Lilly,Line Transect,1,5/27/2009,12:59:16,13:29:23,winfrog,,Delta,785,,,,,,,,,,,,,,
2009,7210,,Delta,manned,Fairweather Grounds East Bank random site 590,EYKT,5/27/2009,5/27/2009,,Scott,Kelley,Joe,Lilly,Line Transect,2,5/27/2009,13:37:31,14:07:32,winfrog,,Delta,730,,,,,,,,,,,,,,
2009,7211,,Delta,manned,,EYKT,5/27/2009,5/27/2009,,Paul,Dunn,Chris,Ijames,Bounce,1,5/27/2009,,,,Beautiful Dive,Delta,,,,,,,,,,,,,,,
2009,7212,,Delta,manned,,EYKT,5/27/2009,5/27/2009,,Rick,Gottwald,Joe,Lilly,Bounce,1,5/27/2009,,,,Beautiful Dive,Delta,,,,,,,,,,,,,,,
2009,7213,,Delta,manned,,EYKT,5/27/2009,5/27/2009,,Bob,Frampton,Chris,Ijames,Bounce,1,5/27/2009,,,,Beautiful Dive,Delta,,,,,,,,,,,,,,,
2009,7214,,Delta,manned,Fairweather Ground East Bank,EYKT,5/28/2009,5/28/2009,,Cleo,Brylinsky,Joe,Lilly,Line Transect,1,5/28/2009,8:34:58,9:05:47,winfrog,"Stratum 3, random point 61, good habitat after fix 3, 08:38:05 plow marks in the sand, randomly scattered and shaped, Mycale bellabelensis sponges (huge) at 08:43:54",Delta,810,,,,,,,,,,,,,,
2009,7214,,Delta,manned,Fairweather Grounds East Bank,EYKT,5/28/2009,5/28/2009,,Cleo,Brylinsky,Joe,Lilly,Line Transect,2,5/28/2009,9:20:49,9:50:51,winfrog,good habitat,Delta,736,,,,,,,,,,,,,,
2009,7215,,Delta,manned,Fairweather Ground - East Bank - Random Site 327,EYKT,5/28/2009,5/28/2009,,Dave,Carlile,Chris,Ijames,Line Transect,1,5/28/2009,11:07:29,11:37:35,winfrog,,Delta,976,,,,,,,,,,,,,,
2009,7215,,Delta,manned,Fairweather Ground - East Bank - Random Site 327,EYKT,5/28/2009,5/28/2009,,Dave,Carlile,Chris,Ijames,Line Transect,2,5/28/2009,11:43:41,12:14:10,winfrog,There are gaps in the specimen number sequence- records were deleted when quality control determined the same fish appeared in different cameras and was recorded twice.,Delta,833,,,,,,,,,,,,,,
2009,7216,,Delta,manned,FW Grounds E Bank #346,EYKT,5/28/2009,5/28/2009,,Jenny,Stahl,Joe,Lilly,Line Transect,2,5/28/2009,14:28:38,14:58:48,winfrog,,Delta,811,,,,,,,,,,,,,,
2009,7216,,Delta,manned,FW grounds E Bank Random site #346,EYKT,5/28/2009,5/28/2009,,Jenny,Stahl,Joe,Lilly,Line Transect,1,5/28/2009,13:48:02,14:18:22,winfrog,"No zero line laser visible on f camera, position estimated during video review.",Delta,869,,,,,,,,,,,,,,
2009,7217,,Delta,manned,Fairweather Grounds- South end,EYKT,5/28/2009,5/28/2009,,Allison,Sayer,Chris,Ijames,Line Transect,1,5/28/2009,17:37:40,18:07:48,winfrog,Lots of large sponges and primnoa and other corals Visibility 30',Delta,1013,,,,,,,,,,,,,,
2009,7217,,Delta,manned,Fairweather Grounds- South end,EYKT,5/28/2009,5/28/2009,,Allison,Sayer,Chris,Ijames,Line Transect,2,5/28/2009,18:15:35,18:38:35,winfrog,"Sponges, primnoa! Transect shortened due to sub out of power. At end of dive Chris Ijames says there are more red tree coral than he has ever seen. Lots of fish, ye, jye, prowfish etc. Rock ridge at end. Camera out of focus. 2 ye seen after EOT deleted.",Delta,714,,,,,,,,,,,,,,
2012,6700,,Buttercup,ROV,,CSEO,8/20/2012,8/20/2012,,,,Mike,Byerly,Pinnacles,1,8/20/2012,13:35:35,14:06:28,Hypack,lots of lingcod,Buttercup,,,,,,,,,,,,,,,
2012,6736,,Buttercup,ROV,,CSEO,8/18/2012,8/18/2012,,,,Mike,Byerly,Line Transect,1,8/18/2012,17:10:56,17:40:22,Hypack,,Buttercup,786,adult,15,8.636,-435.726,347.6,-4065.375,393.131,,59,4103.408,9.92,,36.931,7.372
2012,6736,,Buttercup,ROV,,CSEO,8/18/2012,8/18/2012,,,,Mike,Byerly,Line Transect,1,8/18/2012,17:10:56,17:40:22,Hypack,,Buttercup,786,adult,18,11.066,-787.437,156.264,-4225.451,510.539,,32,4301.036,4.442,,15.419,27.76
2012,6736,,Buttercup,ROV,,CSEO,8/18/2012,8/18/2012,,,,Mike,Byerly,Line Transect,1,8/18/2012,17:10:56,17:40:22,Hypack,,Buttercup,786,adult,22,14.216,-454.531,-187.263,-1881.362,510.493,,10,1944.528,5.836,,21.213,7.696
2012,6736,,Buttercup,ROV,,CSEO,8/18/2012,8/18/2012,,,,Mike,Byerly,Line Transect,2,8/18/2012,17:49:55,18:13:20,Hypack,,Buttercup,625,adult,2,15.906,726.707,791.256,-4017.796,501.21,,21,4158.951,3.228,,4.27,13.413
2012,6736,,Buttercup,ROV,,CSEO,8/18/2012,8/18/2012,,,,Mike,Byerly,Line Transect,2,8/18/2012,17:49:55,18:13:20,Hypack,,Buttercup,625,adult,4,11.209,329.352,550.723,-3593.237,404.517,,31,3650.085,1.638,,22.665,4.656
2012,6736,,Buttercup,ROV,,CSEO,8/18/2012,8/18/2012,,,,Mike,Byerly,Line Transect,2,8/18/2012,17:49:55,18:13:20,Hypack,,Buttercup,625,,7,9.466,-521.093,-11.58,-3144.175,918.229,,49,3187.085,2.867,length is wing span,69.565,32.83
2012,6738,,Buttercup,ROV,,CSEO,8/18/2012,8/18/2012,,,,Mike,Byerly,Line Transect,1,8/18/2012,16:02:14,16:34:34,Hypack,note that this has the wrong header info on the dive. It says 6736 when it should be 6738.,Buttercup,822,adult,3,8.926,611.706,-87.242,-3893.646,474.441,,26,3942.369,2.818,,13.57,5.927
2012,6738,,Buttercup,ROV,,CSEO,8/18/2012,8/18/2012,,,,Mike,Byerly,Line Transect,1,8/18/2012,16:02:14,16:34:34,Hypack,note that this has the wrong header info on the dive. It says 6736 when it should be 6738.,Buttercup,822,adult,7,15.343,482.437,-506.702,-2405.213,598.588,,19,2504.904,7.796,,28.377,5.921
2012,6738,,Buttercup,ROV,,CSEO,8/18/2012,8/18/2012,,,,Mike,Byerly,Line Transect,1,8/18/2012,16:02:14,16:34:34,Hypack,note that this has the wrong header info on the dive. It says 6736 when it should be 6738.,Buttercup,822,adult,28,27.469,-1625.074,696.732,-3476.513,559.696,,49,3900.313,5.57,RMS high 1st site-took 3D later,12.014,19.787
2012,6738,,Buttercup,ROV,,CSEO,8/18/2012,8/18/2012,,,,Mike,Byerly,Line Transect,1,8/18/2012,16:02:14,16:34:34,Hypack,note that this has the wrong header info on the dive. It says 6736 when it should be 6738.,Buttercup,822,adult,31,23.733,1385.986,748.085,-3689.08,460.226,,59,4011.222,5.603,,33.32,8.951
2012,6738,,Buttercup,ROV,,CSEO,8/18/2012,8/18/2012,,,,Mike,Byerly,Line Transect,1,8/18/2012,16:02:14,16:34:34,Hypack,note that this has the wrong header info on the dive. It says 6736 when it should be 6738.,Buttercup,822,juvenile,49,17.728,561.648,-706.552,-2669.03,339.035,,33,2817.514,5.469,,49.057,10.664
2012,6738,,Buttercup,ROV,,CSEO,8/18/2012,8/18/2012,,,,Mike,Byerly,Line Transect,1,8/18/2012,16:02:14,16:34:34,Hypack,note that this has the wrong header info on the dive. It says 6736 when it should be 6738.,Buttercup,822,,53,12.355,371.066,-32.585,-1693.813,446.559,,10,1734.288,5.207,,36.182,36.483
2012,6738,,Buttercup,ROV,,CSEO,8/18/2012,8/18/2012,,,,Mike,Byerly,Line Transect,2,8/18/2012,14:54:10,15:27:07,Hypack,"everything on this transect, except for rock outcrops, is covered with thick mud or silt; note that this has the wrong header info on the dive. It says 6736 when it should be 6738. we started out doing one transect per mini DV for the first few tapes. Then, we were worried about running out of tapes, so we started doing two transects per mini DV. then, during our return to Sitka for the second leg",Buttercup,914,adult,21,15.57,921.682,221.253,-3480.443,541.333,,65,3607.206,0.713,,69.348,26.1
2012,6738,,Buttercup,ROV,,CSEO,8/18/2012,8/18/2012,,,,Mike,Byerly,Line Transect,2,8/18/2012,14:54:10,15:27:07,Hypack,"everything on this transect, except for rock outcrops, is covered with thick mud or silt; note that this has the wrong header info on the dive. It says 6736 when it should be 6738. we started out doing one transect per mini DV for the first few tapes. Then, we were worried about running out of tapes, so we started doing two transects per mini DV. then, during our return to Sitka for the second leg",Buttercup,914,subadult,29,26.391,-1935.162,-106.53,-3898.726,380.125,,62,4353.88,2.263,,2.557,14.866
2012,6738,,Buttercup,ROV,,CSEO,8/18/2012,8/18/2012,,,,Mike,Byerly,Line Transect,2,8/18/2012,14:54:10,15:27:07,Hypack,"everything on this transect, except for rock outcrops, is covered with thick mud or silt; note that this has the wrong header info on the dive. It says 6736 when it should be 6738. we started out doing one transect per mini DV for the first few tapes. Then, we were worried about running out of tapes, so we started doing two transects per mini DV. then, during our return to Sitka for the second leg",Buttercup,914,,11,21.844,-942.737,14.179,-2358.275,467.476,,27,2539.767,6.044,,51.393,35.269
2012,6738,,Buttercup,ROV,,CSEO,8/18/2012,8/18/2012,,,,Mike,Byerly,Line Transect,2,8/18/2012,14:54:10,15:27:07,Hypack,"everything on this transect, except for rock outcrops, is covered with thick mud or silt; note that this has the wrong header info on the dive. It says 6736 when it should be 6738. we started out doing one transect per mini DV for the first few tapes. Then, we were worried about running out of tapes, so we started doing two transects per mini DV. then, during our return to Sitka for the second leg",Buttercup,914,,26,15.5,587.565,-109.471,-2129.048,571.632,,16,2211.348,3.293,,29.283,15.221
2012,6739,,Buttercup,ROV,,CSEO,8/19/2012,8/19/2012,,,,Mike,Byerly,Line Transect,1,8/19/2012,8:49:21,9:27:49,Hypack,not much yelloweye habitat until end,Buttercup,997,adult,4,14.836,-63.546,870.102,-3606.904,446.817,,8,3710.913,7.522,,0.832,3.737
2012,6739,,Buttercup,ROV,,CSEO,8/19/2012,8/19/2012,,,,Mike,Byerly,Line Transect,1,8/19/2012,8:49:21,9:27:49,Hypack,not much yelloweye habitat until end,Buttercup,997,adult,12,20.785,1144.543,384.681,-3254.106,607.086,,26,3470.903,4.49,,0.969,13.407
2012,6739,,Buttercup,ROV,,CSEO,8/19/2012,8/19/2012,,,,Mike,Byerly,Line Transect,1,8/19/2012,8:49:21,9:27:49,Hypack,not much yelloweye habitat until end,Buttercup,997,,8,13.041,-284.937,271.173,-1826.359,885.514,,13,1868.237,3.589,,33.549,11.372
2012,6739,,Buttercup,ROV,,CSEO,8/19/2012,8/19/2012,,,,Mike,Byerly,Line Transect,2,8/19/2012,9:35:46,9:58:15,Hypack,some bad lighting,Buttercup,504,adult,2,12.622,549.53,-637.08,-3494.544,401.762,,13,3594.397,8.106,,0.635,10.886
2012,6739,,Buttercup,ROV,,CSEO,8/19/2012,8/19/2012,,,,Mike,Byerly,Line Transect,2,8/19/2012,9:35:46,9:58:15,Hypack,some bad lighting,Buttercup,504,adult,3,11.803,-377.009,-742.134,-3635.368,366.459,,37,3729.451,5.933,,28.955,21.237
2012,6739,,Buttercup,ROV,,CSEO,8/19/2012,8/19/2012,,,,Mike,Byerly,Line Transect,2,8/19/2012,9:35:46,9:58:15,Hypack,some bad lighting,Buttercup,504,adult,10,24.748,1080.025,1384.187,-3988.549,613.623,,50,4357.861,2.531,,24.102,16.411
2012,6739,,Buttercup,ROV,,CSEO,8/19/2012,8/19/2012,,,,Mike,Byerly,Line Transect,2,8/19/2012,9:35:46,9:58:15,Hypack,some bad lighting,Buttercup,504,subadult,4,10.837,-321.831,536.027,-3637.039,325.528,,33,3690.387,4.925,,24.195,0.034
2012,6740,,Buttercup,ROV,,CSEO,8/19/2012,8/19/2012,,,,Mike,Byerly,Line Transect,1,8/19/2012,11:03:27,11:32:27,Hypack,,Buttercup,733,adult,10,15.339,-981.118,126.879,-3658.371,523.886,,23,3789.771,7.305,,0.231,21.804
2012,6740,,Buttercup,ROV,,CSEO,8/19/2012,8/19/2012,,,,Mike,Byerly,Line Transect,1,8/19/2012,11:03:27,11:32:27,Hypack,,Buttercup,733,adult,17,19.715,-783.017,-119.676,-2192.278,519.101,,15,2330.992,3.183,,14.149,6.411
2012,6740,,Buttercup,ROV,,CSEO,8/19/2012,8/19/2012,,,,Mike,Byerly,Line Transect,1,8/19/2012,11:03:27,11:32:27,Hypack,,Buttercup,733,adult,26,22.653,-1396.866,1216.359,-4626.383,630.262,,59,4983.39,7.316,,16.875,15.479
2012,6740,,Buttercup,ROV,,CSEO,8/19/2012,8/19/2012,,,,Mike,Byerly,Line Transect,1,8/19/2012,11:03:27,11:32:27,Hypack,,Buttercup,733,adult,30,25.032,1076.146,1216.096,-3632.012,645.901,,32,3978.504,5.813,,11.02,10.568
2012,6740,,Buttercup,ROV,,CSEO,8/19/2012,8/19/2012,,,,Mike,Byerly,Line Transect,1,8/19/2012,11:03:27,11:32:27,Hypack,,Buttercup,733,subadult,1,15.814,125.68,-539.59,-1809.767,306.644,,5,1892.672,4.92,,10.6,8.548
2012,6741,,Buttercup,ROV,,CSEO,8/19/2012,8/19/2012,,,,Mike,Byerly,Line Transect,1,8/19/2012,13:09:48,13:38:32,Hypack,,Buttercup,785,adult,21,22.289,864.583,707.005,-2837.739,617.959,,17,3049.61,0.854,YE chased by lingcod,0.09,23.32
2012,6741,,Buttercup,ROV,,CSEO,8/19/2012,8/19/2012,,,,Mike,Byerly,Line Transect,1,8/19/2012,13:09:48,13:38:32,Hypack,,Buttercup,785,adult,23,28.049,-1534.87,800.175,-3331.475,612.097,,66,3754.308,8.5,,41.961,13.934
2012,6741,,Buttercup,ROV,,CSEO,8/19/2012,8/19/2012,,,,Mike,Byerly,Line Transect,1,8/19/2012,13:09:48,13:38:32,Hypack,,Buttercup,785,,16,3.485,52.305,103.143,-2839.913,522.185,,35,2842.267,9.02,,50.569,20.387
2012,6741,,Buttercup,ROV,,CSEO,8/19/2012,8/19/2012,,,,Mike,Byerly,Line Transect,1,8/19/2012,13:09:48,13:38:32,Hypack,,Buttercup,785,,20,14.486,-549.806,200.638,-2344.943,1038.934,,16,2416.878,7.776,,19.346,12.952
2012,6741,,Buttercup,ROV,,CSEO,8/19/2012,8/19/2012,,,,Mike,Byerly,Line Transect,2,8/19/2012,12:11:08,12:49:32,Hypack,no yelloweye habitat,Buttercup,1120,,1,21.433,-830.891,114.887,-2159.315,535.127,,19,2316.51,8.838,,24.738,9.385
2012,6742,,Buttercup,ROV,,CSEO,8/19/2012,8/19/2012,,,,Mike,Byerly,Line Transect,1,8/19/2012,16:08:09,16:34:16,Hypack,lots of sponges on this transect,Buttercup,736,adult,7,27.696,-2194.471,-404.545,-4215.164,565.617,,75,4769.378,11.643,"comes back in frame 17817, blurry-length RMS>10",30.006,44.554
2012,6742,,Buttercup,ROV,,CSEO,8/19/2012,8/19/2012,,,,Mike,Byerly,Line Transect,1,8/19/2012,16:08:09,16:34:16,Hypack,lots of sponges on this transect,Buttercup,736,adult,20,11.765,159.762,724.478,-3983.498,397.087,,28,4051.993,5.321,,17.025,18.684
2012,6742,,Buttercup,ROV,,CSEO,8/19/2012,8/19/2012,,,,Mike,Byerly,Line Transect,1,8/19/2012,16:08:09,16:34:16,Hypack,lots of sponges on this transect,Buttercup,736,subadult,2,18.354,-1036.453,309.384,-3336.641,422.1,,48,3507.581,3.775,,40.988,20.778
2012,6742,,Buttercup,ROV,,CSEO,8/19/2012,8/19/2012,,,,Mike,Byerly,Line Transect,2,8/19/2012,15:34:22,16:02:39,Hypack,,Buttercup,771,adult,2,21.037,1112.793,175.668,-2964.292,433.539,,35,3171.151,6.701,,32.437,23.145
2012,6742,,Buttercup,ROV,,CSEO,8/19/2012,8/19/2012,,,,Mike,Byerly,Line Transect,2,8/19/2012,15:34:22,16:02:39,Hypack,,Buttercup,771,adult,13,24.072,-1606.911,1342.577,-4871.887,634.969,,137,5302.826,7.539,,61.232,20.979
2012,6744,,Buttercup,ROV,,CSEO,8/20/2012,8/20/2012,,,,Mike,Byerly,Line Transect,1,8/20/2012,9:55:20,10:17:25,Hypack,,Buttercup,652,,,,,,,,,,,,,,
2012,6744,,Buttercup,ROV,,CSEO,8/20/2012,8/20/2012,,,,Mike,Byerly,Line Transect,2,8/20/2012,9:24:00,9:49:12,Hypack,,Buttercup,716,adult,2,11.521,48.141,503.499,-2787.548,492.33,,27,2833.064,7.497,,42.895,33.985
2012,6744,,Buttercup,ROV,,CSEO,8/20/2012,8/20/2012,,,,Mike,Byerly,Line Transect,2,8/20/2012,9:24:00,9:49:12,Hypack,,Buttercup,716,adult,8,22.641,1402.046,-353.839,-3420.677,409.203,,39,3713.753,6.531,,17.796,17.681
2012,6744,,Buttercup,ROV,,CSEO,8/20/2012,8/20/2012,,,,Mike,Byerly,Line Transect,2,8/20/2012,9:24:00,9:49:12,Hypack,,Buttercup,716,adult,11,25.349,-1666.386,983.819,-4207.935,777.184,,71,4631.572,6.045,,26.28,23.514
2012,6744,,Buttercup,ROV,,CSEO,8/20/2012,8/20/2012,,,,Mike,Byerly,Line Transect,2,8/20/2012,9:24:00,9:49:12,Hypack,,Buttercup,716,adult,18,15.735,1042.957,563.145,-4390.327,558.466,,75,4547.512,9.564,,36.685,2.274
2012,6745,,Buttercup,ROV,,CSEO,8/20/2012,8/20/2012,,,,Mike,Byerly,Line Transect,1,8/20/2012,7:55:31,8:23:36,Hypack,Dive was different orientation from orginial due to trollers in area.,Buttercup,833,adult,24,24.06,1021.349,567.343,-2695.541,407.193,,23,2937.852,4.746,,16.088,1.306
2012,6745,,Buttercup,ROV,,CSEO,8/20/2012,8/20/2012,,,,Mike,Byerly,Line Transect,1,8/20/2012,7:55:31,8:23:36,Hypack,Dive was different orientation from orginial due to trollers in area.,Buttercup,833,adult,29,16.888,876.239,-91.482,-2886.553,401.653,,47,3018.005,5.476,,75.51,25.15
2012,6745,,Buttercup,ROV,,CSEO,8/20/2012,8/20/2012,,,,Mike,Byerly,Line Transect,1,8/20/2012,7:55:31,8:23:36,Hypack,Dive was different orientation from orginial due to trollers in area.,Buttercup,833,juvenile,8,20.24,-982.174,368.511,-2918.274,231.027,,19,3101.095,9.225,,2.373,9.457
2012,6745,,Buttercup,ROV,,CSEO,8/20/2012,8/20/2012,,,,Mike,Byerly,Line Transect,1,8/20/2012,7:55:31,8:23:36,Hypack,Dive was different orientation from orginial due to trollers in area.,Buttercup,833,juvenile,9,9.194,-379.761,197.565,-2845.715,203.899,,16,2877.733,9.375,,19.411,31.953
2012,6745,,Buttercup,ROV,,CSEO,8/20/2012,8/20/2012,,,,Mike,Byerly,Line Transect,1,8/20/2012,7:55:31,8:23:36,Hypack,Dive was different orientation from orginial due to trollers in area.,Buttercup,833,juvenile,14,11.903,-442.44,556.1,-3688.011,269.062,,51,3755.852,9.34,,41.655,20.81
2012,6745,,Buttercup,ROV,,CSEO,8/20/2012,8/20/2012,,,,Mike,Byerly,Line Transect,1,8/20/2012,7:55:31,8:23:36,Hypack,Dive was different orientation from orginial due to trollers in area.,Buttercup,833,juvenile,55,10.293,-73.616,-374.625,-1875.18,165.716,,18,1913.652,6.49,,70.746,22.236
2012,6745,,Buttercup,ROV,,CSEO,8/20/2012,8/20/2012,,,,Mike,Byerly,Line Transect,1,8/20/2012,7:55:31,8:23:36,Hypack,Dive was different orientation from orginial due to trollers in area.,Buttercup,833,subadult,2,21.509,981.392,66.045,-2510.964,306.968,,33,2696.745,9.327,,50.353,20.41
2012,6745,,Buttercup,ROV,,CSEO,8/20/2012,8/20/2012,,,,Mike,Byerly,Line Transect,1,8/20/2012,7:55:31,8:23:36,Hypack,Dive was different orientation from orginial due to trollers in area.,Buttercup,833,subadult,6,4.765,-169.035,-58.049,-2033.778,411.858,,19,2041.616,6.746,,51.578,18.998
2012,6745,,Buttercup,ROV,,CSEO,8/20/2012,8/20/2012,,,,Mike,Byerly,Line Transect,2,8/20/2012,7:18:19,7:48:45,Hypack,,Buttercup,889,juvenile,21,14.544,-650.274,-13.495,-2511.778,199.468,,16,2594.623,4.869,,18.525,12.879
2012,6745,,Buttercup,ROV,,CSEO,8/20/2012,8/20/2012,,,,Mike,Byerly,Line Transect,2,8/20/2012,7:18:19,7:48:45,Hypack,,Buttercup,889,juvenile,28,22.104,-1047.67,128.19,-2622.885,177.462,,31,2827.29,8.825,,35.017,16.55
2012,6745,,Buttercup,ROV,,CSEO,8/20/2012,8/20/2012,,,,Mike,Byerly,Line Transect,2,8/20/2012,7:18:19,7:48:45,Hypack,,Buttercup,889,juvenile,29,12.584,375.399,245.109,-2134.419,307.273,,13,2180.997,1.769,,38.774,48.694
2012,6745,,Buttercup,ROV,,CSEO,8/20/2012,8/20/2012,,,,Mike,Byerly,Line Transect,2,8/20/2012,7:18:19,7:48:45,Hypack,,Buttercup,889,juvenile,37,18.135,857.447,20.935,-2629.762,282.858,,36,2766.098,7.862,,52.193,0.95
2012,6745,,Buttercup,ROV,,CSEO,8/20/2012,8/20/2012,,,,Mike,Byerly,Line Transect,2,8/20/2012,7:18:19,7:48:45,Hypack,,Buttercup,889,juvenile,50,25.254,-1182.275,-740.566,-2873.962,293.979,,25,3194.663,6.698,,12.54,35.661
2012,6745,,Buttercup,ROV,,CSEO,8/20/2012,8/20/2012,,,,Mike,Byerly,Line Transect,2,8/20/2012,7:18:19,7:48:45,Hypack,,Buttercup,889,juvenile,51,24.726,-848.542,-752.722,-2374.459,207.033,,21,2631.476,2.307,,31.749,40.053
2012,6745,,Buttercup,ROV,,CSEO,8/20/2012,8/20/2012,,,,Mike,Byerly,Line Transect,2,8/20/2012,7:18:19,7:48:45,Hypack,,Buttercup,889,subadult,36,15.93,459.038,170.277,-1770.68,294.96,,11,1837.122,2.065,,28.317,2.231
2012,6745,,Buttercup,ROV,,CSEO,8/20/2012,8/20/2012,,,,Mike,Byerly,Line Transect,2,8/20/2012,7:18:19,7:48:45,Hypack,,Buttercup,889,subadult,38,11.048,-235.985,774.502,-4660.844,306.526,,60,4730.645,7.794,,28.243,4.394
2012,6745,,Buttercup,ROV,,CSEO,8/20/2012,8/20/2012,,,,Mike,Byerly,Line Transect,2,8/20/2012,7:18:19,7:48:45,Hypack,,Buttercup,889,,40,12.363,-746.813,-293.547,-3542.297,985.351,,55,3632.047,11.132,length RMS>10,55.861,33.794
2012,6745,,Buttercup,ROV,,CSEO,8/20/2012,8/20/2012,,,,Mike,Byerly,Line Transect,2,8/20/2012,7:18:19,7:48:45,Hypack,,Buttercup,889,,41,24.555,-1446.762,270.373,-3259.897,831.469,,31,3576.751,11.596,RMS>10 for length,2.029,39.806
2012,6746,,Buttercup,ROV,,CSEO,8/19/2012,8/19/2012,,,,Mike,Byerly,Line Transect,1,8/19/2012,18:25:48,18:55:14,Hypack,"time stamp on tape and time stamp extraction for habitat review do not match, time stamp stopped working, inclomplete, do not use with species data",Buttercup,937,adult,13,6.091,-282.975,64.009,-2908.639,428.709,,36,2923.072,4.332,,56.201,30.927
2012,6746,,Buttercup,ROV,,CSEO,8/19/2012,8/19/2012,,,,Mike,Byerly,Line Transect,1,8/19/2012,18:25:48,18:55:14,Hypack,"time stamp on tape and time stamp extraction for habitat review do not match, time stamp stopped working, inclomplete, do not use with species data",Buttercup,937,adult,29,21.075,-1413.66,158.034,-3724.574,434.461,,35,3986.962,7.66,,17.55,41.852
2012,6746,,Buttercup,ROV,,CSEO,8/19/2012,8/19/2012,,,,Mike,Byerly,Line Transect,1,8/19/2012,18:25:48,18:55:14,Hypack,"time stamp on tape and time stamp extraction for habitat review do not match, time stamp stopped working, inclomplete, do not use with species data",Buttercup,937,adult,33,21.85,-1454.298,1085.619,-4706.747,601.689,,68,5044.504,9.969,,20.718,3.932
2012,6746,,Buttercup,ROV,,CSEO,8/19/2012,8/19/2012,,,,Mike,Byerly,Line Transect,1,8/19/2012,18:25:48,18:55:14,Hypack,"time stamp on tape and time stamp extraction for habitat review do not match, time stamp stopped working, inclomplete, do not use with species data",Buttercup,937,adult,39,23.766,2048.964,405.778,-4804.907,454.868,,95,5239.279,9.673,bad orientation,42.778,39.431
2012,6746,,Buttercup,ROV,,CSEO,8/19/2012,8/19/2012,,,,Mike,Byerly,Line Transect,1,8/19/2012,18:25:48,18:55:14,Hypack,"time stamp on tape and time stamp extraction for habitat review do not match, time stamp stopped working, inclomplete, do not use with species data",Buttercup,937,adult,49,11.847,517.309,395.92,-3335.324,514.511,,12,3398.345,3.463,,1.221,23.985
2012,6746,,Buttercup,ROV,,CSEO,8/19/2012,8/19/2012,,,,Mike,Byerly,Line Transect,1,8/19/2012,18:25:48,18:55:14,Hypack,"time stamp on tape and time stamp extraction for habitat review do not match, time stamp stopped working, inclomplete, do not use with species data",Buttercup,937,subadult,42,8.349,-46.736,296.285,-2401.163,376.006,,13,2419.825,6.334,,21.408,20.584
2012,6746,,Buttercup,ROV,,CSEO,8/19/2012,8/19/2012,,,,Mike,Byerly,Line Transect,2,8/19/2012,17:44:58,18:18:55,Hypack,"time stamp on tape and time stamp extraction for habitat review do not match, time stamp stopped working, inclomplete, do not use with species data",Buttercup,989,adult,24,16.373,-806.002,-241.711,-2806.894,394.852,,26,2930.31,4.301,,27.288,11.648
2012,6746,,Buttercup,ROV,,CSEO,8/19/2012,8/19/2012,,,,Mike,Byerly,Line Transect,2,8/19/2012,17:44:58,18:18:55,Hypack,"time stamp on tape and time stamp extraction for habitat review do not match, time stamp stopped working, inclomplete, do not use with species data",Buttercup,989,adult,26,18.228,-787.58,957.534,-3992.162,371.862,,54,4180.252,7.509,,51.834,50.477
2012,6746,,Buttercup,ROV,,CSEO,8/19/2012,8/19/2012,,,,Mike,Byerly,Line Transect,2,8/19/2012,17:44:58,18:18:55,Hypack,"time stamp on tape and time stamp extraction for habitat review do not match, time stamp stopped working, inclomplete, do not use with species data",Buttercup,989,adult,59,21.143,-1469.571,218.032,-3885.152,724.618,,72,4159.518,6.36,,38.318,11.886
2012,6747,,Buttercup,ROV,,CSEO,8/20/2012,8/20/2012,,,,Mike,Byerly,Line Transect,1,8/20/2012,12:03:52,12:34:49,Hypack,,Buttercup,936,adult,172,22.329,-1561.956,298.386,-3923.103,579.732,,43,4233.14,1.617,,0.312,21.64
2012,6747,,Buttercup,ROV,,CSEO,8/20/2012,8/20/2012,,,,Mike,Byerly,Line Transect,1,8/20/2012,12:03:52,12:34:49,Hypack,,Buttercup,936,adult,187,17.87,756.88,-332.818,-2494.935,585.555,,16,2628.371,6.507,,12.442,4.436
2012,6747,,Buttercup,ROV,,CSEO,8/20/2012,8/20/2012,,,,Mike,Byerly,Line Transect,1,8/20/2012,12:03:52,12:34:49,Hypack,,Buttercup,936,adult,190,21.846,-1116.1,581.451,-3236.785,510.566,,41,3472.829,3.219,chasing fish?,33.346,26.304
2012,6747,,Buttercup,ROV,,CSEO,8/20/2012,8/20/2012,,,,Mike,Byerly,Line Transect,1,8/20/2012,12:03:52,12:34:49,Hypack,,Buttercup,936,adult,195,22.148,840.742,899.086,-3169.346,581.929,,46,3399.994,8.861,,42.758,5.179
2012,6747,,Buttercup,ROV,,CSEO,8/20/2012,8/20/2012,,,,Mike,Byerly,Line Transect,1,8/20/2012,12:03:52,12:34:49,Hypack,,Buttercup,936,adult,198,21.227,-1206.24,1153.629,-4499.955,608.393,,45,4799.528,5.217,,11.729,0.083
2012,6747,,Buttercup,ROV,,CSEO,8/20/2012,8/20/2012,,,,Mike,Byerly,Line Transect,1,8/20/2012,12:03:52,12:34:49,Hypack,,Buttercup,936,adult,210,24.197,-1144.374,829.843,-3258.99,521.455,,43,3552.358,7.24,,32.482,22.047
2012,6747,,Buttercup,ROV,,CSEO,8/20/2012,8/20/2012,,,,Mike,Byerly,Line Transect,1,8/20/2012,12:03:52,12:34:49,Hypack,,Buttercup,936,adult,219,18.021,-745.073,766.899,-3473.336,489.967,,58,3634.189,6.809,,58.058,29.051
2012,6747,,Buttercup,ROV,,CSEO,8/20/2012,8/20/2012,,,,Mike,Byerly,Line Transect,1,8/20/2012,12:03:52,12:34:49,Hypack,,Buttercup,936,adult,253,22.411,984.818,798.518,-3200.694,425.794,,37,3442.664,6.326,,28.658,4.384
2012,6747,,Buttercup,ROV,,CSEO,8/20/2012,8/20/2012,,,,Mike,Byerly,Line Transect,2,8/20/2012,11:22:41,11:55:19,Hypack,may have to go a little shorter on this transect due to trollers in area,Buttercup,969,adult,28,24.215,1940.874,913.892,-4896.083,546.952,,70,5345.449,3.259,,8.196,0.962
2012,6747,,Buttercup,ROV,,CSEO,8/20/2012,8/20/2012,,,,Mike,Byerly,Line Transect,2,8/20/2012,11:22:41,11:55:19,Hypack,may have to go a little shorter on this transect due to trollers in area,Buttercup,969,adult,44,19.58,46.152,682.343,-2062.922,545.878,,5,2173.331,8.288,,0.022,11.92
2012,6747,,Buttercup,ROV,,CSEO,8/20/2012,8/20/2012,,,,Mike,Byerly,Line Transect,2,8/20/2012,11:22:41,11:55:19,Hypack,may have to go a little shorter on this transect due to trollers in area,Buttercup,969,juvenile,1,18.019,-450.525,-354.024,-1686.909,301.143,,6,1781.563,5.578,,9.978,30.37
2012,6747,,Buttercup,ROV,,CSEO,8/20/2012,8/20/2012,,,,Mike,Byerly,Line Transect,2,8/20/2012,11:22:41,11:55:19,Hypack,may have to go a little shorter on this transect due to trollers in area,Buttercup,969,,21,8.007,-180.431,-279.961,-2097.616,706.284,,24,2123.894,9.894,,80.008,30.211
2012,6748,,Buttercup,ROV,,CSEO,8/20/2012,8/20/2012,,,,Mike,Byerly,Line Transect,2,8/20/2012,14:54:08,15:30:17,Hypack,"restart, no DOE camera",Buttercup,839,juvenile,21,11.256,-357.79,-136.227,-1858.778,251.746,,13,1897.795,0.122,,44.217,29.434
2012,6748,,Buttercup,ROV,,CSEO,8/20/2012,8/20/2012,,,,Mike,Byerly,Line Transect,2,8/20/2012,14:54:08,15:30:17,Hypack,"restart, no DOE camera",Buttercup,839,,22,18.05,-664.575,-465.79,-2392.879,463.793,,12,2526.755,1.193,,2.135,3.488
2012,6748,,Buttercup,ROV,,CSEO,8/20/2012,8/20/2012,,,,Mike,Byerly,Line Transect,3,8/20/2012,15:38:13,16:15:14,Hypack,,Buttercup,927,adult,159,7.222,326.982,124.218,-2983.332,556.003,,25,3003.767,8.855,,26.505,2.897
2012,6749,,Buttercup,ROV,,CSEO,8/21/2012,8/21/2012,,,,Mike,Byerly,Line Transect,1,8/21/2012,11:16:05,11:46:04,Hypack,,Buttercup,849,,,,,,,,,,,,,,
2012,6749,,Buttercup,ROV,,CSEO,8/21/2012,8/21/2012,,,,Mike,Byerly,Line Transect,2,8/21/2012,12:16:54,12:50:06,Hypack,,Buttercup,826,adult,3,23.925,1981.087,835.114,-4964.053,649.045,,72,5409.616,9.93,,9.553,12.702
2012,6749,,Buttercup,ROV,,CSEO,8/21/2012,8/21/2012,,,,Mike,Byerly,Line Transect,2,8/21/2012,12:16:54,12:50:06,Hypack,,Buttercup,826,adult,16,4.798,-9.896,235.07,-3785.118,506.736,,49,3792.423,4.731,,36.388,5.047
2012,6749,,Buttercup,ROV,,CSEO,8/21/2012,8/21/2012,,,,Mike,Byerly,Line Transect,2,8/21/2012,12:16:54,12:50:06,Hypack,,Buttercup,826,adult,23,27.889,-1913.706,793.69,-3998.236,1159.111,,101,4503.121,8.085,,37.658,12.028
2012,6749,,Buttercup,ROV,,CSEO,8/21/2012,8/21/2012,,,,Mike,Byerly,Line Transect,2,8/21/2012,12:16:54,12:50:06,Hypack,,Buttercup,826,adult,29,20.234,1099.452,623.239,-3550.441,390.442,,42,3768.667,10.864,,27.319,19.053
2012,6749,,Buttercup,ROV,,CSEO,8/21/2012,8/21/2012,,,,Mike,Byerly,Line Transect,2,8/21/2012,12:16:54,12:50:06,Hypack,,Buttercup,826,,25,8.454,31.917,-338.086,-1988.898,507.249,,13,2017.681,2.751,,34.335,17.696
2012,6753,,Buttercup,ROV,,CSEO,8/21/2012,8/21/2012,,,,Mike,Byerly,Line Transect,1,8/21/2012,14:37:33,14:51:22,Hypack,"headers were labeled incorrectly. Chris went back later and put in correct header, but note that the time code display will be incorrect JUST for the time that the header is shown on the tape. The actual time code during transect is correct. Lots of great habitat on dive, not many yelloweye. evidence of fishing gear.",Buttercup,346,adult,1,15.159,709.532,8.266,-2630.832,544.539,,32,2724.845,3.855,on bottom then goes under rock,89.726,45.145
2012,6753,,Buttercup,ROV,,CSEO,8/21/2012,8/21/2012,,,,Mike,Byerly,Line Transect,1,8/21/2012,14:37:33,14:51:22,Hypack,"headers were labeled incorrectly. Chris went back later and put in correct header, but note that the time code display will be incorrect JUST for the time that the header is shown on the tape. The actual time code during transect is correct. Lots of great habitat on dive, not many yelloweye. evidence of fishing gear.",Buttercup,346,adult,4,19.959,827.531,-607.191,-2720.699,571.169,,33,2907.867,5.295,,74.283,48.183
2012,6753,,Buttercup,ROV,,CSEO,8/21/2012,8/21/2012,,,,Mike,Byerly,Line Transect,1,8/21/2012,14:37:33,14:51:22,Hypack,"headers were labeled incorrectly. Chris went back later and put in correct header, but note that the time code display will be incorrect JUST for the time that the header is shown on the tape. The actual time code during transect is correct. Lots of great habitat on dive, not many yelloweye. evidence of fishing gear.",Buttercup,346,adult,18,8.144,-160.98,-201.98,-1616.411,577.513,,7,1636.916,3.037,,22.271,28.111
2012,6753,,Buttercup,ROV,,CSEO,8/21/2012,8/21/2012,,,,Mike,Byerly,Line Transect,1,8/21/2012,14:37:33,14:51:22,Hypack,"headers were labeled incorrectly. Chris went back later and put in correct header, but note that the time code display will be incorrect JUST for the time that the header is shown on the tape. The actual time code during transect is correct. Lots of great habitat on dive, not many yelloweye. evidence of fishing gear.",Buttercup,346,adult,32,13.027,-495.847,589.31,-3606.912,590.957,,29,3688.22,7.793,,25.089,39.042
2012,6753,,Buttercup,ROV,,CSEO,8/21/2012,8/21/2012,,,,Mike,Byerly,Line Transect,1,8/21/2012,14:37:33,14:51:22,Hypack,"headers were labeled incorrectly. Chris went back later and put in correct header, but note that the time code display will be incorrect JUST for the time that the header is shown on the tape. The actual time code during transect is correct. Lots of great habitat on dive, not many yelloweye. evidence of fishing gear.",Buttercup,346,juvenile,14,9.553,306.819,212.525,-2413.192,279.835,,12,2441.885,7.564,,19.753,24.039
2012,6753,,Buttercup,ROV,,CSEO,8/21/2012,8/21/2012,,,,Mike,Byerly,Line Transect,1,8/21/2012,14:37:33,14:51:22,Hypack,"headers were labeled incorrectly. Chris went back later and put in correct header, but note that the time code display will be incorrect JUST for the time that the header is shown on the tape. The actual time code during transect is correct. Lots of great habitat on dive, not many yelloweye. evidence of fishing gear.",Buttercup,346,,19,12.794,482.251,-159.622,-2177.563,530.163,,10,2236.029,8.88,,12.121,19.737
2012,6753,,Buttercup,ROV,,CSEO,8/21/2012,8/21/2012,,,,Mike,Byerly,Line Transect,1,8/21/2012,14:37:33,14:51:22,Hypack,"headers were labeled incorrectly. Chris went back later and put in correct header, but note that the time code display will be incorrect JUST for the time that the header is shown on the tape. The actual time code during transect is correct. Lots of great habitat on dive, not many yelloweye. evidence of fishing gear.",Buttercup,346,,20,8.583,164.209,-342.362,-2224.713,411.957,,15,2256.884,11.381,,35.827,35.884
2012,6753,,Buttercup,ROV,,CSEO,8/21/2012,8/21/2012,,,,Mike,Byerly,Line Transect,1,8/21/2012,14:37:33,14:51:22,Hypack,"headers were labeled incorrectly. Chris went back later and put in correct header, but note that the time code display will be incorrect JUST for the time that the header is shown on the tape. The actual time code during transect is correct. Lots of great habitat on dive, not many yelloweye. evidence of fishing gear.",Buttercup,346,,24,22.344,-1026.85,-201.99,-2520.113,322.264,,27,2728.77,1.91,,38.196,33.229
2012,6753,,Buttercup,ROV,,CSEO,8/21/2012,8/21/2012,,,,Mike,Byerly,Line Transect,2,8/21/2012,13:52:29,14:31:31,Hypack,"headers were labeled incorrectly. Chris went back later and put in correct header, but note that the time code display will be incorrect JUST for the time that the header is shown on the tape. The actual time code during transect is correct.",Buttercup,979,adult,2,18.936,-833.892,1085.072,-4227.548,557.902,,68,4443.525,2.217,,40.957,28.771
2012,6753,,Buttercup,ROV,,CSEO,8/21/2012,8/21/2012,,,,Mike,Byerly,Line Transect,2,8/21/2012,13:52:29,14:31:31,Hypack,"headers were labeled incorrectly. Chris went back later and put in correct header, but note that the time code display will be incorrect JUST for the time that the header is shown on the tape. The actual time code during transect is correct.",Buttercup,979,adult,27,27.754,1532.985,1189.892,-3812.437,564.546,,67,4277.915,8.077,,66.757,50.062
2012,6754,,Buttercup,ROV,,CSEO,8/21/2012,8/21/2012,,,,Mike,Byerly,Line Transect,1,8/21/2012,9:54:24,10:18:13,Hypack,lots of ratfish,Buttercup,732,adult,157,14.403,356.556,-575.805,-2451.364,447.114,,10,2543.2,5.884,,10.182,19.671
2012,6754,,Buttercup,ROV,,CSEO,8/21/2012,8/21/2012,,,,Mike,Byerly,Line Transect,1,8/21/2012,9:54:24,10:18:13,Hypack,lots of ratfish,Buttercup,732,juvenile,4,5.718,-219.484,86.102,-2617.586,274.908,,14,2628.183,3.177,,19.757,21.444
2012,6754,,Buttercup,ROV,,CSEO,8/21/2012,8/21/2012,,,,Mike,Byerly,Line Transect,1,8/21/2012,9:54:24,10:18:13,Hypack,lots of ratfish,Buttercup,732,juvenile,5,24.857,-917.441,-565.022,-2260.299,284.708,,25,2503.977,6.813,,45.623,32.811
2012,6754,,Buttercup,ROV,,CSEO,8/21/2012,8/21/2012,,,,Mike,Byerly,Line Transect,1,8/21/2012,9:54:24,10:18:13,Hypack,lots of ratfish,Buttercup,732,subadult,8,21.713,-938.444,245.21,-2479.172,311.825,,17,2662.161,6.134,,6.714,5.777
2012,6755,,Buttercup,ROV,,CSEO,8/21/2012,8/21/2012,,,,Mike,Byerly,Line Transect,1,8/21/2012,8:22:23,8:52:27,Hypack,,Buttercup,951,adult,10,23.309,-1271.21,55.852,-2965.513,649.026,,39,3226.974,8.338,,23.725,3.961
2012,6755,,Buttercup,ROV,,CSEO,8/21/2012,8/21/2012,,,,Mike,Byerly,Line Transect,2,8/21/2012,7:22:10,8:17:45,Hypack,"stopped recording at 7:36,  due to groundline, restarted 8:00. had to abort tx because buttercup got tangled in longline gear. Stoppped, brought buttercup up, and then redeployed her on the same transect a little farther down past the groundline and continued the transect",Buttercup,736,,,,,,,,,,,,,,
2012,6756,,Buttercup,ROV,,CSEO,8/22/2012,8/22/2012,,,,Mike,Byerly,Line Transect,1,8/22/2012,16:03:19,16:36:26,Hypack,"seemed like good yelloweye habitat, but not many yelloweye",Buttercup,829,,11,14.174,-57.363,756.472,-3302.999,699.002,,22,3389.003,8.365,,18.407,11.984
2012,6756,,Buttercup,ROV,,CSEO,8/22/2012,8/22/2012,,,,Mike,Byerly,Line Transect,2,8/22/2012,15:14:13,15:39:51,Hypack,,Buttercup,614,,,,,,,,,,,,,,
2012,6757,,Buttercup,ROV,,CSEO,8/22/2012,8/22/2012,,,,Mike,Byerly,Line Transect,1,8/22/2012,18:00:09,18:22:03,Hypack,,Buttercup,600,adult,11,13.328,-2.242,750.116,-3503.104,513.863,,48,3582.515,1.482,,49.915,33.444
2012,6757,,Buttercup,ROV,,CSEO,8/22/2012,8/22/2012,,,,Mike,Byerly,Line Transect,1,8/22/2012,18:00:09,18:22:03,Hypack,,Buttercup,600,adult,25,14.236,-514.802,626.579,-3442.504,589.835,,16,3536.729,3.896,,7.04,18.424
2012,6757,,Buttercup,ROV,,CSEO,8/22/2012,8/22/2012,,,,Mike,Byerly,Line Transect,1,8/22/2012,18:00:09,18:22:03,Hypack,,Buttercup,600,juvenile,9,10.547,157.903,-385.144,-2012.527,289.845,,10,2055.124,2.269,,25.83,33.351
2012,6757,,Buttercup,ROV,,CSEO,8/22/2012,8/22/2012,,,,Mike,Byerly,Line Transect,2,8/22/2012,17:15:00,17:53:43,Hypack,,Buttercup,1043,adult,3,13.881,658.711,726.126,-4268.103,637.336,,80,4379.253,8.259,,48.229,17.248
2012,6757,,Buttercup,ROV,,CSEO,8/22/2012,8/22/2012,,,,Mike,Byerly,Line Transect,2,8/22/2012,17:15:00,17:53:43,Hypack,,Buttercup,1043,adult,30,12.229,-628.644,592.996,-4307.54,613.283,,73,4393.374,6.541,,40.448,6.22
2012,6757,,Buttercup,ROV,,CSEO,8/22/2012,8/22/2012,,,,Mike,Byerly,Line Transect,2,8/22/2012,17:15:00,17:53:43,Hypack,,Buttercup,1043,,28,17.936,984.849,-100.943,-3043.109,697.199,,22,3200.099,8.586,,0.884,5.566
2012,6758,,Buttercup,ROV,,CSEO,8/23/2012,8/23/2012,,,,Mike,Byerly,Line Transect,1,8/23/2012,7:33:45,8:11:59,Hypack,"Merlene (forward facing black and white camera) starting to have bad quality. Not sure why. Also there is lots of high relief on this sive, coming off and on rocks a lot.",Buttercup,800,adult,3,22.198,-1210.934,-246.93,-2996.338,670.991,,33,3241.2,2.106,,17.647,13.875
2012,6758,,Buttercup,ROV,,CSEO,8/23/2012,8/23/2012,,,,Mike,Byerly,Line Transect,1,8/23/2012,7:33:45,8:11:59,Hypack,"Merlene (forward facing black and white camera) starting to have bad quality. Not sure why. Also there is lots of high relief on this sive, coming off and on rocks a lot.",Buttercup,800,adult,34,22.705,1671.928,-321.011,-4028.693,479.767,,64,4373.643,10.07,,26.509,15.507
2012,6758,,Buttercup,ROV,,CSEO,8/23/2012,8/23/2012,,,,Mike,Byerly,Line Transect,1,8/23/2012,7:33:45,8:11:59,Hypack,"Merlene (forward facing black and white camera) starting to have bad quality. Not sure why. Also there is lots of high relief on this sive, coming off and on rocks a lot.",Buttercup,800,adult,42,20.525,-1129.157,-774.385,-3529.426,595.658,,47,3785.699,3.065,,36.982,35.808
2012,6758,,Buttercup,ROV,,CSEO,8/23/2012,8/23/2012,,,,Mike,Byerly,Line Transect,1,8/23/2012,7:33:45,8:11:59,Hypack,"Merlene (forward facing black and white camera) starting to have bad quality. Not sure why. Also there is lots of high relief on this sive, coming off and on rocks a lot.",Buttercup,800,juvenile,17,16.449,619.228,-342.878,-2312.961,189.483,,9,2418.842,3.068,,0.28,9.423
2012,6758,,Buttercup,ROV,,CSEO,8/23/2012,8/23/2012,,,,Mike,Byerly,Line Transect,1,8/23/2012,7:33:45,8:11:59,Hypack,"Merlene (forward facing black and white camera) starting to have bad quality. Not sure why. Also there is lots of high relief on this sive, coming off and on rocks a lot.",Buttercup,800,juvenile,43,17.392,-650.036,-291.12,-2209.964,230.174,,15,2321.904,3.94,,33.15,41.965
2012,6758,,Buttercup,ROV,,CSEO,8/23/2012,8/23/2012,,,,Mike,Byerly,Line Transect,1,8/23/2012,7:33:45,8:11:59,Hypack,"Merlene (forward facing black and white camera) starting to have bad quality. Not sure why. Also there is lots of high relief on this sive, coming off and on rocks a lot.",Buttercup,800,,22,7.425,-148.926,337.387,-3355.243,722.038,,16,3375.45,3.187,,12.486,14.191
2012,6758,,Buttercup,ROV,,CSEO,8/23/2012,8/23/2012,,,,Mike,Byerly,Line Transect,2,8/23/2012,8:24:19,8:54:03,Hypack,"after transect, lost power on way up to surface.",Buttercup,673,adult,4,22.896,884.911,1017.753,-3347.341,618.147,,41,3608.82,13.469,,34.356,27.004
2012,6758,,Buttercup,ROV,,CSEO,8/23/2012,8/23/2012,,,,Mike,Byerly,Line Transect,2,8/23/2012,8:24:19,8:54:03,Hypack,"after transect, lost power on way up to surface.",Buttercup,673,adult,22,6.188,249.766,-142.122,-2443.52,550.489,,7,2460.36,3.711,,5.057,6.335
2012,6758,,Buttercup,ROV,,CSEO,8/23/2012,8/23/2012,,,,Mike,Byerly,Line Transect,2,8/23/2012,8:24:19,8:54:03,Hypack,"after transect, lost power on way up to surface.",Buttercup,673,juvenile,5,12.767,-548.902,529.401,-3626.817,240.277,,19,3706.125,2.853,,9.918,15.887
2012,6758,,Buttercup,ROV,,CSEO,8/23/2012,8/23/2012,,,,Mike,Byerly,Line Transect,2,8/23/2012,8:24:19,8:54:03,Hypack,"after transect, lost power on way up to surface.",Buttercup,673,juvenile,25,22.056,-1067.324,308.558,-2794.687,180.278,,21,3007.435,1.946,,9.684,22.78
2012,6758,,Buttercup,ROV,,CSEO,8/23/2012,8/23/2012,,,,Mike,Byerly,Line Transect,2,8/23/2012,8:24:19,8:54:03,Hypack,"after transect, lost power on way up to surface.",Buttercup,673,,23,4.139,-113.089,135.956,-3257.507,664.272,,15,3262.304,6.453,,11.933,4.485
2012,6759,,Buttercup,ROV,,CSEO,8/23/2012,8/23/2012,,,,Mike,Byerly,Line Transect,1,8/23/2012,18:56:52,19:30:26,Hypack,,Buttercup,895,adult,1,23.246,1623.583,199.528,-3841.802,477.639,,53,4175.557,6.378,,17.875,5.648
2012,6759,,Buttercup,ROV,,CSEO,8/23/2012,8/23/2012,,,,Mike,Byerly,Line Transect,1,8/23/2012,18:56:52,19:30:26,Hypack,,Buttercup,895,adult,18,13.706,-506.033,-497.672,-2734.744,539.805,,38,2825.345,7.901,,88.637,34.993
2012,6759,,Buttercup,ROV,,CSEO,8/23/2012,8/23/2012,,,,Mike,Byerly,Line Transect,2,8/23/2012,17:46:47,18:23:53,Hypack,"had to pause and restart transect several times. Also the stereo right camera has had poor quality since the umbilical cord problems. It is very washed out. We only have two lights instead of four lights now, and this will be the case for the remaining dives.",Buttercup,789,adult,1,20.121,-638.179,796.754,-2941.804,543.132,,16,3113.889,9.429,,8.444,1.224
2012,6759,,Buttercup,ROV,,CSEO,8/23/2012,8/23/2012,,,,Mike,Byerly,Line Transect,2,8/23/2012,17:46:47,18:23:53,Hypack,"had to pause and restart transect several times. Also the stereo right camera has had poor quality since the umbilical cord problems. It is very washed out. We only have two lights instead of four lights now, and this will be the case for the remaining dives.",Buttercup,789,adult,11,19.583,626.132,1188.993,-4021.772,499.834,,20,4240.329,4.623,"debated whether to include this fish, but after discussion, decided to include it",1.92,24.204
2012,6761,,Buttercup,ROV,,CSEO,8/26/2012,8/26/2012,,,,Mike,Byerly,Line Transect,1,8/26/2012,9:42:43,10:15:01,Hypack,sand channels for a lot of dive,Buttercup,935,adult,18,13.065,1077.692,-71.163,-4645.379,526.423,,43,4769.279,5.556,,12.996,3.383
2012,6761,,Buttercup,ROV,,CSEO,8/26/2012,8/26/2012,,,,Mike,Byerly,Line Transect,1,8/26/2012,9:42:43,10:15:01,Hypack,sand channels for a lot of dive,Buttercup,935,,21,18.761,1192.002,626.992,-4107.985,832.748,,63,4323.139,6.664,,31.209,7.459
2012,6761,,Buttercup,ROV,,CSEO,8/26/2012,8/26/2012,,,,Mike,Byerly,Line Transect,2,8/26/2012,10:20:34,10:54:36,Hypack,sand channels for a lot of dive,Buttercup,1036,,2,11.092,418.288,-109.833,-2155.837,583.134,,10,2198.786,1.239,,16.685,20.604
2012,6762,,Buttercup,ROV,,CSEO,8/26/2012,8/26/2012,,,,Mike,Byerly,Line Transect,1,8/26/2012,7:47:17,8:14:09,Hypack,first dive after umbilical cord splice. Lights for stereo cameras still poor. We can use for Eventmeasure but will be hard to ID fish using stereo cameras. Will need to review stereo cameras in conjunction with the DOE camera.,Buttercup,799,adult,7,3.299,93.721,-120.782,-2086.466,434.946,,4,2092.059,5.494,,3.383,3.532
2012,6762,,Buttercup,ROV,,CSEO,8/26/2012,8/26/2012,,,,Mike,Byerly,Line Transect,1,8/26/2012,7:47:17,8:14:09,Hypack,first dive after umbilical cord splice. Lights for stereo cameras still poor. We can use for Eventmeasure but will be hard to ID fish using stereo cameras. Will need to review stereo cameras in conjunction with the DOE camera.,Buttercup,799,adult,10,19.064,-953.746,544.287,-3297.394,459.554,,32,3475.441,6.796,,21.168,14.372
2012,6762,,Buttercup,ROV,,CSEO,8/26/2012,8/26/2012,,,,Mike,Byerly,Line Transect,1,8/26/2012,7:47:17,8:14:09,Hypack,first dive after umbilical cord splice. Lights for stereo cameras still poor. We can use for Eventmeasure but will be hard to ID fish using stereo cameras. Will need to review stereo cameras in conjunction with the DOE camera.,Buttercup,799,adult,12,23.36,1360.938,372.194,-3323.334,561.35,,66,3610.434,12.648,,84.304,32.085
2012,6762,,Buttercup,ROV,,CSEO,8/26/2012,8/26/2012,,,,Mike,Byerly,Line Transect,2,8/26/2012,8:20:59,8:53:34,Hypack,,Buttercup,873,adult,1,26.342,-1275.608,1427.077,-4030.363,618.948,,54,4461.787,7.591,,23.637,27.037
2012,6762,,Buttercup,ROV,,CSEO,8/26/2012,8/26/2012,,,,Mike,Byerly,Line Transect,2,8/26/2012,8:20:59,8:53:34,Hypack,,Buttercup,873,juvenile,2,8.506,-135.003,-338.963,-2146.441,290.904,,13,2177.231,1.115,,27.164,17.575
2012,6762,,Buttercup,ROV,,CSEO,8/26/2012,8/26/2012,,,,Mike,Byerly,Line Transect,2,8/26/2012,8:20:59,8:53:34,Hypack,,Buttercup,873,juvenile,4,28.074,-1369.783,-940.093,-3027.082,277.629,,36,3453.014,9.875,,23.445,36.912
2012,6762,,Buttercup,ROV,,CSEO,8/26/2012,8/26/2012,,,,Mike,Byerly,Line Transect,2,8/26/2012,8:20:59,8:53:34,Hypack,,Buttercup,873,juvenile,22,24.597,-1124.643,680.791,-2962.098,204.256,,26,3240.729,3.162,,11.393,4.859
2012,6762,,Buttercup,ROV,,CSEO,8/26/2012,8/26/2012,,,,Mike,Byerly,Line Transect,2,8/26/2012,8:20:59,8:53:34,Hypack,,Buttercup,873,juvenile,23,13.89,517.751,-417.07,-2545.829,173.672,,34,2631.208,6.733,,74.987,26.6
2012,6762,,Buttercup,ROV,,CSEO,8/26/2012,8/26/2012,,,,Mike,Byerly,Line Transect,2,8/26/2012,8:20:59,8:53:34,Hypack,,Buttercup,873,,10,21.431,-1397.518,652.776,-4044.182,881.951,,58,4328.346,7.444,,21.886,3.094
2012,6765,,Buttercup,ROV,,CSEO,8/26/2012,8/26/2012,,,,Mike,Byerly,Line Transect,1,8/26/2012,12:45:54,13:21:51,Hypack,,Buttercup,1020,adult,2,14.678,-833.286,295.138,-3489.078,441.576,,19,3599.325,4.048,,3.439,17.076
2012,6765,,Buttercup,ROV,,CSEO,8/26/2012,8/26/2012,,,,Mike,Byerly,Line Transect,1,8/26/2012,12:45:54,13:21:51,Hypack,,Buttercup,1020,adult,15,27.485,1213.966,848.744,-2938.009,524.389,,49,3290.285,13.434,,57.809,29.292
2012,6765,,Buttercup,ROV,,CSEO,8/26/2012,8/26/2012,,,,Mike,Byerly,Line Transect,1,8/26/2012,12:45:54,13:21:51,Hypack,,Buttercup,1020,adult,17,21.017,-1380.353,537.329,-3954.099,543.721,,37,4222.44,8.012,,11.376,34.952
2012,6765,,Buttercup,ROV,,CSEO,8/26/2012,8/26/2012,,,,Mike,Byerly,Line Transect,2,8/26/2012,12:01:35,12:33:57,Hypack,started video early to capture a school of widows? In water column,Buttercup,818,adult,18,17.44,-107.661,1365.607,-4714.56,476.962,,98,4909.537,10.186,,50.373,20.219
2012,6765,,Buttercup,ROV,,CSEO,8/26/2012,8/26/2012,,,,Mike,Byerly,Line Transect,2,8/26/2012,12:01:35,12:33:57,Hypack,started video early to capture a school of widows? In water column,Buttercup,818,adult,23,14.488,-320.651,1149.73,-5053.906,635.944,,32,5192.943,3.653,,10.501,13.979
2012,6765,,Buttercup,ROV,,CSEO,8/26/2012,8/26/2012,,,,Mike,Byerly,Line Transect,2,8/26/2012,12:01:35,12:33:57,Hypack,started video early to capture a school of widows? In water column,Buttercup,818,adult,31,10.747,537.954,-99.293,-2839.808,529.088,,15,2892.017,6.345,,15.731,27.643
2012,6765,,Buttercup,ROV,,CSEO,8/26/2012,8/26/2012,,,,Mike,Byerly,Line Transect,2,8/26/2012,12:01:35,12:33:57,Hypack,started video early to capture a school of widows? In water column,Buttercup,818,adult,44,17.359,-1152.763,432.787,-4056.772,600.973,,57,4239.525,2.829,,27.624,2.898
2012,6765,,Buttercup,ROV,,CSEO,8/26/2012,8/26/2012,,,,Mike,Byerly,Line Transect,2,8/26/2012,12:01:35,12:33:57,Hypack,started video early to capture a school of widows? In water column,Buttercup,818,,33,6.726,197.475,-467.966,-3682.778,663.228,,12,3717.639,1.023,,4.872,44.901
2012,6770,,Buttercup,ROV,,CSEO,8/27/2012,8/27/2012,,,,Mike,Byerly,Line Transect,1,8/27/2012,16:29:40,17:07:50,Hypack,"this is one of our deeper transects, habitat review difficult, poor visibility due to ""snow""",Buttercup,939,adult,12,10.422,-29.781,-346.869,-1687.313,591.802,,8,1722.855,2.361,,26.255,15.702
2012,6770,,Buttercup,ROV,,CSEO,8/27/2012,8/27/2012,,,,Mike,Byerly,Line Transect,1,8/27/2012,16:29:40,17:07:50,Hypack,"this is one of our deeper transects, habitat review difficult, poor visibility due to ""snow""",Buttercup,939,,4,16.89,-691.175,-257.846,-2370.655,501.254,,32,2482.783,6.876,,83.506,30.306
2012,6770,,Buttercup,ROV,,CSEO,8/27/2012,8/27/2012,,,,Mike,Byerly,Line Transect,1,8/27/2012,16:29:40,17:07:50,Hypack,"this is one of our deeper transects, habitat review difficult, poor visibility due to ""snow""",Buttercup,939,,14,1.043,-11.43,-10.533,-2635.81,238.048,,31,2635.856,0.936,,55.74,24.55
2012,6770,,Buttercup,ROV,,CSEO,8/27/2012,8/27/2012,,,,Mike,Byerly,Line Transect,2,8/27/2012,17:18:37,17:52:54,Hypack,"Mike looked under ROV to confirm yelloweye in rocks that was right on zero line, habitat review difficult, poor visibility due to ""snow""",Buttercup,984,adult,2,25.1,-1493.278,803.04,-3722.262,637.36,,67,4090.231,7.585,,41.735,28.21
2012,6770,,Buttercup,ROV,,CSEO,8/27/2012,8/27/2012,,,,Mike,Byerly,Line Transect,2,8/27/2012,17:18:37,17:52:54,Hypack,"Mike looked under ROV to confirm yelloweye in rocks that was right on zero line, habitat review difficult, poor visibility due to ""snow""",Buttercup,984,adult,8,21.174,1209.209,1152.409,-4515.845,474.17,,50,4814.882,10.105,,17.667,23.654
2012,6770,,Buttercup,ROV,,CSEO,8/27/2012,8/27/2012,,,,Mike,Byerly,Line Transect,2,8/27/2012,17:18:37,17:52:54,Hypack,"Mike looked under ROV to confirm yelloweye in rocks that was right on zero line, habitat review difficult, poor visibility due to ""snow""",Buttercup,984,subadult,4,22.495,-1157.073,539.241,-3168.5,333.093,,33,3415.99,8.113,,25.749,34.454
2012,6770,,Buttercup,ROV,,CSEO,8/27/2012,8/27/2012,,,,Mike,Byerly,Line Transect,2,8/27/2012,17:18:37,17:52:54,Hypack,"Mike looked under ROV to confirm yelloweye in rocks that was right on zero line, habitat review difficult, poor visibility due to ""snow""",Buttercup,984,,3,14.215,573.49,-306.763,-2468.683,414.606,,11,2552.918,5.48,,8.552,13.878
2012,6773,,Buttercup,ROV,,CSEO,8/26/2012,8/27/2012,,,,Mike,Byerly,Line Transect,1,8/26/2012,17:31:35,18:14:11,Hypack,had to switch from original line to line 59_120 half way through dive due to current. I have more notes about this in my notebook if Jenny needs more info.,Buttercup,1044,adult,20,21.52,-1436.195,17.536,-3651.786,373.729,,36,3924.093,3.211,,2.466,18.21
2012,6773,,Buttercup,ROV,,CSEO,8/26/2012,8/27/2012,,,,Mike,Byerly,Line Transect,1,8/26/2012,17:31:35,18:14:11,Hypack,had to switch from original line to line 59_120 half way through dive due to current. I have more notes about this in my notebook if Jenny needs more info.,Buttercup,1044,juvenile,15,12.067,-627.216,-55.937,-2933.552,283.565,,22,3000.376,7.876,,21.137,4.075
2012,6773,,Buttercup,ROV,,CSEO,8/26/2012,8/27/2012,,,,Mike,Byerly,Line Transect,1,8/26/2012,17:31:35,18:14:11,Hypack,had to switch from original line to line 59_120 half way through dive due to current. I have more notes about this in my notebook if Jenny needs more info.,Buttercup,1044,juvenile,19,23.11,-1033.841,-227.465,-2452.429,316.372,,32,2671.138,3.992,,44.816,17.845
2012,6773,,Buttercup,ROV,,CSEO,8/26/2012,8/27/2012,,,,Mike,Byerly,Line Transect,1,8/26/2012,17:31:35,18:14:11,Hypack,had to switch from original line to line 59_120 half way through dive due to current. I have more notes about this in my notebook if Jenny needs more info.,Buttercup,1044,subadult,22,14.39,-523.263,650.452,-3503.548,424.537,,22,3601.63,8.617,,16.783,25.677
2012,6773,,Buttercup,ROV,,CSEO,8/26/2012,8/27/2012,,,,Mike,Byerly,Line Transect,1,8/26/2012,17:31:35,18:14:11,Hypack,had to switch from original line to line 59_120 half way through dive due to current. I have more notes about this in my notebook if Jenny needs more info.,Buttercup,1044,,1,17.621,775.788,-159.595,-2462.32,543.374,,17,2586.569,2.875,,16.853,4.894
2012,6773,,Buttercup,ROV,,CSEO,8/26/2012,8/27/2012,,,,Mike,Byerly,Line Transect,2,8/27/2012,13:54:20,14:32:52,Hypack,"difficult to stay on transect, had to pause and restart several times. Lots of current.",Buttercup,1000,adult,2,19.834,904.415,-234.457,-2551.636,490.21,,33,2717.312,3.979,,88.149,41.466
2012,6773,,Buttercup,ROV,,CSEO,8/26/2012,8/27/2012,,,,Mike,Byerly,Line Transect,2,8/27/2012,13:54:20,14:32:52,Hypack,"difficult to stay on transect, had to pause and restart several times. Lots of current.",Buttercup,1000,adult,7,8.974,401.529,-216.435,-2726.703,496.118,,22,2764.594,2.696,,27.422,10.663
2012,6773,,Buttercup,ROV,,CSEO,8/26/2012,8/27/2012,,,,Mike,Byerly,Line Transect,2,8/27/2012,13:54:20,14:32:52,Hypack,"difficult to stay on transect, had to pause and restart several times. Lots of current.",Buttercup,1000,,4,17.037,-502.911,-309.744,-1855.588,501.559,,17,1947.323,3.155,,55.687,24.994
2012,6773,,Buttercup,ROV,,CSEO,8/26/2012,8/27/2012,,,,Mike,Byerly,Line Transect,2,8/27/2012,13:54:20,14:32:52,Hypack,"difficult to stay on transect, had to pause and restart several times. Lots of current.",Buttercup,1000,,5,7.369,309.677,41.366,-2507.636,575.72,,24,2527.024,2.84,,42.553,24.714
2013,0,,Buttercup,ROV,,SSEO,8/23/2013,8/23/2013,Cape Addington volcano...transect over crater rim just to see what it looked like,,,Mike,Byerly,Experimental,1,8/23/2013,11:48,12:19,Hypack,,Buttercup,,,,,,,,,,,,,,,
2013,1,,Buttercup,ROV,,SSEO,8/20/2013,8/20/2013,,,,Mike,Byerly,Line Transect,1,8/20/2013,8:34,9:20,Hypack,"filmed with HD cameras, some yelloweye habitat; boulders",Buttercup,969,adult,2,9.641,-161.295,-514.928,-2933.673,465.531,8:32:58,34,2982.885,3.714,,26.287,23.533
2013,1,,Buttercup,ROV,,SSEO,8/20/2013,8/20/2013,,,,Mike,Byerly,Line Transect,1,8/20/2013,8:34,9:20,Hypack,"filmed with HD cameras, some yelloweye habitat; boulders",Buttercup,969,adult,24,13.365,-1395.344,-184.991,-5886.051,543.579,9:18:00,79,6052.008,5.413,,1.894,3.67
2013,1,,Buttercup,ROV,,SSEO,8/20/2013,8/20/2013,,,,Mike,Byerly,Random Observation,0,8/20/2013,8:30,8:33,Hypack,"filmed with HD cameras, observations prior to SOT",Buttercup,,,,,,,,,,,,,,,
2013,3,,Buttercup,ROV,,SSEO,8/20/2013,8/20/2013,,,,Mike,Byerly,Line Transect,1,8/20/2013,10:44,11:43,Hypack,"filmed with HD cameras, some yelloweye habitat; boulders and vase sponges",Buttercup,891,adult,15,34.063,2682.969,757.604,-4159.522,676.113,11:30:45,105,5007.385,8.736,,7.952,6.28
2013,4,,Buttercup,ROV,,SSEO,8/27/2013,8/27/2013,,,,Mike,Byerly,Line Transect,1,8/27/2013,17:53,18:34,Hypack,,Buttercup,989,adult,4,12.72,-817.336,841.558,-5401.286,457.913,18:20:34,65,5527.218,2.405,,20.468,5.233
2013,5,,Buttercup,ROV,,SSEO,8/27/2013,8/27/2013,,,,Mike,Byerly,Line Transect,1,8/27/2013,16:39,17:12,Hypack,not great yelloweye habitat; mostly flat with some boulders and low relief rock,Buttercup,1022,,2,23.223,-883.583,-371.675,-2208.367,399.159,16:47:48,26,2407.436,4.109,,59.585,29.965
2013,6,,Buttercup,ROV,,SSEO,8/27/2013,8/27/2013,"amazing coral and sponges, lots of primnoa and yelloweye",,,Mike,Byerly,Line Transect,1,8/27/2013,15:19,15:58,Hypack,good yelloweye habitat with coral and sponges; lots of yelloweye,Buttercup,1000,adult,6,9.958,269.329,-717.534,-4113.891,589.844,15:22:26,25,4184.674,6.127,,13.947,25.838
2013,6,,Buttercup,ROV,,SSEO,8/27/2013,8/27/2013,"amazing coral and sponges, lots of primnoa and yelloweye",,,Mike,Byerly,Line Transect,1,8/27/2013,15:19,15:58,Hypack,good yelloweye habitat with coral and sponges; lots of yelloweye,Buttercup,1000,adult,13,5.238,335.331,299.32,-5362.641,501.07,15:28:33,40,5381.445,3.099,,14.529,25.131
2013,6,,Buttercup,ROV,,SSEO,8/27/2013,8/27/2013,"amazing coral and sponges, lots of primnoa and yelloweye",,,Mike,Byerly,Line Transect,1,8/27/2013,15:19,15:58,Hypack,good yelloweye habitat with coral and sponges; lots of yelloweye,Buttercup,1000,adult,16,26.955,-961.104,-824.865,-2446.877,690.582,15:29:14,21,2755.237,3.696,,18.527,5.601
2013,6,,Buttercup,ROV,,SSEO,8/27/2013,8/27/2013,"amazing coral and sponges, lots of primnoa and yelloweye",,,Mike,Byerly,Line Transect,1,8/27/2013,15:19,15:58,Hypack,good yelloweye habitat with coral and sponges; lots of yelloweye,Buttercup,1000,adult,17,15.999,-718.008,-6.98,-2505.258,572.901,15:31:09,17,2606.128,1.324,,22.406,30.138
2013,6,,Buttercup,ROV,,SSEO,8/27/2013,8/27/2013,"amazing coral and sponges, lots of primnoa and yelloweye",,,Mike,Byerly,Line Transect,1,8/27/2013,15:19,15:58,Hypack,good yelloweye habitat with coral and sponges; lots of yelloweye,Buttercup,1000,adult,19,4.429,31.005,200.968,-3064.194,435.937,15:31:45,8,3070.933,3.777,,4.912,9.397
2013,6,,Buttercup,ROV,,SSEO,8/27/2013,8/27/2013,"amazing coral and sponges, lots of primnoa and yelloweye",,,Mike,Byerly,Line Transect,1,8/27/2013,15:19,15:58,Hypack,good yelloweye habitat with coral and sponges; lots of yelloweye,Buttercup,1000,adult,22,15.4,-1101.836,-735.889,-4699.451,566.587,15:34:03,58,4882.664,4.221,,21.857,9.094
2013,6,,Buttercup,ROV,,SSEO,8/27/2013,8/27/2013,"amazing coral and sponges, lots of primnoa and yelloweye",,,Mike,Byerly,Line Transect,1,8/27/2013,15:19,15:58,Hypack,good yelloweye habitat with coral and sponges; lots of yelloweye,Buttercup,1000,adult,28,12.091,-1153.24,-400.158,-5605.539,736.168,15:35:50,103,5736.912,4.538,Horiz. angle just over 30,31.582,7.841
2013,6,,Buttercup,ROV,,SSEO,8/27/2013,8/27/2013,"amazing coral and sponges, lots of primnoa and yelloweye",,,Mike,Byerly,Line Transect,1,8/27/2013,15:19,15:58,Hypack,good yelloweye habitat with coral and sponges; lots of yelloweye,Buttercup,1000,subadult,31,20.983,2017.694,1039.013,-6011.509,455.915,15:41:05,88,6425.642,8.213,,10.1,11.194
2013,6,,Buttercup,ROV,,SSEO,8/27/2013,8/27/2013,"amazing coral and sponges, lots of primnoa and yelloweye",,,Mike,Byerly,Line Transect,1,8/27/2013,15:19,15:58,Hypack,good yelloweye habitat with coral and sponges; lots of yelloweye,Buttercup,1000,,12,20.031,-928.781,136.68,-2589.283,974.952,15:28:31,37,2754.215,0.59,Bad Angle For Length,56.949,26.258
2013,6,,Buttercup,ROV,,SSEO,8/27/2013,8/27/2013,"amazing coral and sponges, lots of primnoa and yelloweye",,,Mike,Byerly,Line Transect,1,8/27/2013,15:19,15:58,Hypack,good yelloweye habitat with coral and sponges; lots of yelloweye,Buttercup,1000,,23,15.953,-562.623,-709.781,-3067.707,879.133,15:34:09,17,3198.618,9.63,,9.645,3.846
2013,9,,Buttercup,ROV,,SSEO,8/27/2013,8/27/2013,"they chose the 135 line due to currents but this was not my ideal choice since it was barely on the habitat, but turned out to be some rock and sponges",,,Mike,Byerly,Line Transect,1,8/27/2013,13:24,14:08,Hypack,,Buttercup,979,,6,17.893,728.394,-304.637,-2411.32,515.897,13:35:25,13,2537.287,7.4,,3.474,12.267
2013,11,,Buttercup,ROV,,SSEO,8/27/2013,8/27/2013,,,,Mike,Byerly,Line Transect,1,8/27/2013,6:34,7:10,Hypack,,Buttercup,975,adult,1,14.025,-466.542,-566.976,-2836.618,586.423,6:34:40,11,2930.107,3.132,,2.779,4.872
2013,11,,Buttercup,ROV,,SSEO,8/27/2013,8/27/2013,,,,Mike,Byerly,Line Transect,1,8/27/2013,6:34,7:10,Hypack,,Buttercup,975,adult,9,21.443,1391.448,178.839,-3588.47,552.474,6:41:38,43,3852.951,6.306,,18.315,2.229
2013,11,,Buttercup,ROV,,SSEO,8/27/2013,8/27/2013,,,,Mike,Byerly,Line Transect,1,8/27/2013,6:34,7:10,Hypack,,Buttercup,975,adult,21,12.642,-424.257,876.754,-4557.475,474.633,7:00:23,38,4660.394,2.996,,22.567,41.986
2013,11,,Buttercup,ROV,,SSEO,8/27/2013,8/27/2013,,,,Mike,Byerly,Line Transect,1,8/27/2013,6:34,7:10,Hypack,,Buttercup,975,adult,23,13.97,793.574,-127.515,-3209.936,426.447,7:01:10,20,3309.035,9.629,,9.607,3.858
2013,11,,Buttercup,ROV,,SSEO,8/27/2013,8/27/2013,,,,Mike,Byerly,Line Transect,1,8/27/2013,6:34,7:10,Hypack,,Buttercup,975,adult,25,14.162,-1310.308,84.207,-5224.699,584.862,7:02:05,45,5387.159,9.459,,10.512,31.058
2013,11,,Buttercup,ROV,,SSEO,8/27/2013,8/27/2013,,,,Mike,Byerly,Line Transect,1,8/27/2013,6:34,7:10,Hypack,,Buttercup,975,juvenile,19,14.169,361.723,-1102.468,-4399.475,384.459,7:00:05,60,4549.908,7.532,Horiz. angle just over 30,31.347,1.768
2013,11,,Buttercup,ROV,,SSEO,8/27/2013,8/27/2013,,,,Mike,Byerly,Line Transect,1,8/27/2013,6:34,7:10,Hypack,,Buttercup,975,subadult,22,25.409,1717.382,-714.073,-3873.573,383.1,7:00:42,44,4296.961,10.31,,21.857,45.548
2013,11,,Buttercup,ROV,,SSEO,8/27/2013,8/27/2013,,,,Mike,Byerly,Line Transect,1,8/27/2013,6:34,7:10,Hypack,,Buttercup,975,subadult,30,8.085,361.296,375.77,-3900.1,390.949,7:05:47,45,3934.783,2.774,Horiz Angle-just over 30,31.241,13.753
2013,13,,Buttercup,ROV,,SSEO,8/27/2013,8/27/2013,,,,Mike,Byerly,Line Transect,1,8/27/2013,8:00,8:54,Hypack,,Buttercup,918,adult,22,16.734,-109.469,1178.306,-4100.589,677.682,8:35:31,27,4267.93,4.914,,3.192,65.446
2013,13,,Buttercup,ROV,,SSEO,8/27/2013,8/27/2013,,,,Mike,Byerly,Line Transect,1,8/27/2013,8:00,8:54,Hypack,,Buttercup,918,adult,33,18.99,-1432.715,-608.214,-4461.908,536.271,8:49:53,51,4725.592,5.811,,18.198,27.064
2013,13,,Buttercup,ROV,,SSEO,8/27/2013,8/27/2013,,,,Mike,Byerly,Line Transect,1,8/27/2013,8:00,8:54,Hypack,,Buttercup,918,subadult,30,3.195,-1.806,-160.936,-2402.097,407.079,8:00:40,9,2407.483,2.627,good length specimen,13.346,6.837
2013,14,,Buttercup,ROV,,SSEO,8/27/2013,8/27/2013,went to # 14 instead of # 7 because # 7 was too deep,,,Mike,Byerly,Line Transect,1,8/27/2013,9:40,10:11,Hypack,,Buttercup,1007,adult,10,22.934,1851.732,11.672,-4379.12,462.435,10:06:55,60,4754.549,7.232,,12.188,16.485
2013,15,,Buttercup,ROV,,SSEO,8/27/2013,8/27/2013,,,,Mike,Byerly,Line Transect,1,8/27/2013,11:04,11:42,Hypack,only potential yelloweye habitat for ~1 minute at  end,Buttercup,1008,,12,21.512,-451.677,-283.8,-1330.617,130.89,11:18:27,9,1433.56,2.56,Juvenile,60.697,29.117
2013,15,,Buttercup,ROV,,SSEO,8/27/2013,8/27/2013,,,,Mike,Byerly,Line Transect,1,8/27/2013,11:04,11:42,Hypack,only potential yelloweye habitat for ~1 minute at  end,Buttercup,1008,,20,7.127,-53.466,-192.437,-1469.428,185.174,11:22:43,11,1482.939,0.411,Juvenile,67.012,18.57
2013,17,,Buttercup,ROV,,SSEO,8/21/2013,8/21/2013,,,,Mike,Byerly,Line Transect,1,8/21/2013,9:49,10:33,Hypack,"filmed with HD cameras, little yelloweye habitat; schools of cod; not all cod enumerated",Buttercup,996,,33,28.56,-589.053,-532.499,-1426.335,435.333,10:11:21,13,1632.474,1.429,High Horz OK cause on ground,41.611,22.461
2013,17,,Buttercup,ROV,,SSEO,8/21/2013,8/21/2013,,,,Mike,Byerly,Line Transect,1,8/21/2013,9:49,10:33,Hypack,"filmed with HD cameras, little yelloweye habitat; schools of cod; not all cod enumerated",Buttercup,996,,49,28.458,-1102.179,-69.679,-2034.13,746.745,10:29:09,32,2314.592,4.868,High Horiz Angle-swimming,52.16,25.881
2013,19,,Buttercup,ROV,,SSEO,8/21/2013,8/21/2013,,,,Mike,Byerly,Line Transect,1,8/21/2013,11:38,12:12,Hypack,"filmed with HD cameras, some yelloweye habitat",Buttercup,1013,subadult,7,25.252,-653.583,-805.814,-2138.205,587.879,12:10:06,16,2376.642,2.328,,9.027,15.381
2013,21,,Buttercup,ROV,,SSEO,8/21/2013,8/21/2013,,,,Mike,Byerly,Line Transect,1,8/21/2013,13:12,13:45,Hypack,"filmed with HD cameras, potential yelloweye habitat but none observed",Buttercup,1012,,,,,,,,,,,,,,
2013,22,,Buttercup,ROV,,SSEO,8/21/2013,8/21/2013,,,,Mike,Byerly,Line Transect,1,8/21/2013,15:07,15:41,Hypack,"filmed with HD cameras, yelloweye habitat; some high relief",Buttercup,1023,adult,13,14.983,-1259.733,284.978,-4894.92,548.241,15:14:51,85,5062.448,4.241,,16.441,1.561
2013,22,,Buttercup,ROV,,SSEO,8/21/2013,8/21/2013,,,,Mike,Byerly,Line Transect,1,8/21/2013,15:07,15:41,Hypack,"filmed with HD cameras, yelloweye habitat; some high relief",Buttercup,1023,subadult,18,29.613,2131.392,322.205,-3813.134,478.885,15:35:12,78,4380.256,7.127,,10.271,10.728
2013,25,,Buttercup,ROV,,SSEO,8/23/2013,8/23/2013,redid dive 25 with old (SD) cameras.,,,Mike,Byerly,Line Transect,1,8/23/2013,5:25,6:13,Hypack,,Buttercup,994,adult,15,12.647,-217.634,-292.534,-1560.125,573.813,5:34:58,11,1602.164,9.748,High Horiz Angle,46.494,14.202
2013,25,,Buttercup,ROV,,SSEO,8/23/2013,8/23/2013,redid dive 25 with old (SD) cameras.,,,Mike,Byerly,Line Transect,1,8/23/2013,5:25,6:13,Hypack,,Buttercup,994,adult,20,15.032,947.592,-81.999,-3531.553,534.024,5:38:48,23,3657.393,8.95,,6.038,18.958
2013,25,,Buttercup,ROV,,SSEO,8/23/2013,8/23/2013,redid dive 25 with old (SD) cameras.,,,Mike,Byerly,Line Transect,1,8/23/2013,5:25,6:13,Hypack,,Buttercup,994,adult,21,5.397,201.152,71.575,-2369.206,572.088,5:38:48,11,2378.806,4.98,,17.019,1.485
2013,25,,Buttercup,ROV,,SSEO,8/23/2013,8/23/2013,redid dive 25 with old (SD) cameras.,,,Mike,Byerly,Line Transect,1,8/23/2013,5:25,6:13,Hypack,,Buttercup,994,adult,42,7.668,305.247,196.162,-2830.839,631.278,5:09:25,8,2853.998,7.097,,1.397,22.595
2013,25,,Buttercup,ROV,,SSEO,8/23/2013,8/23/2013,redid dive 25 with old (SD) cameras.,,,Mike,Byerly,Line Transect,1,8/23/2013,5:25,6:13,Hypack,,Buttercup,994,subadult,33,17.846,-302.011,1420.767,-4686.341,555.84,5:53:24,47,4906.28,6.802,,20.225,5.115
2013,27,,Buttercup,ROV,,SSEO,8/23/2013,8/23/2013,"stereo camera was started late recording, at 7:56 AK, school of canaries and a lingcod prior to being able to start EventMeasure",,,Mike,Byerly,Line Transect,1,8/23/2013,7:53,8:29,Hypack,only yelloweye habitat for the 1st minute,Buttercup,952,,14,20.107,278.184,-444.044,-1390.702,199.704,8:09:24,11,1486.141,4.355,Juvenile,70.339,25.958
2013,27,,Buttercup,ROV,,SSEO,8/23/2013,8/23/2013,"stereo camera was started late recording, at 7:56 AK, school of canaries and a lingcod prior to being able to start EventMeasure",,,Mike,Byerly,Line Transect,1,8/23/2013,7:53,8:29,Hypack,only yelloweye habitat for the 1st minute,Buttercup,952,,29,10.697,-76.316,-413.383,-2099.007,240.383,8:20:41,21,2140.687,1.686,Juvenile,69.999,31.255
2013,27,,Buttercup,ROV,,SSEO,8/23/2013,8/23/2013,"stereo camera was started late recording, at 7:56 AK, school of canaries and a lingcod prior to being able to start EventMeasure",,,Mike,Byerly,Line Transect,1,8/23/2013,7:53,8:29,Hypack,only yelloweye habitat for the 1st minute,Buttercup,952,,30,23.109,843.636,-358.506,-2123.195,371.235,8:21:10,27,2312.618,6.914,Juvenile,65.11,22.113
2013,27,,Buttercup,ROV,,SSEO,8/23/2013,8/23/2013,"stereo camera was started late recording, at 7:56 AK, school of canaries and a lingcod prior to being able to start EventMeasure",,,Mike,Byerly,Line Transect,1,8/23/2013,7:53,8:29,Hypack,only yelloweye habitat for the 1st minute,Buttercup,952,,36,15.065,-390.057,-404.275,-2023.165,250.473,8:24:17,22,2099.71,4.74,Juvenile,72.5,26.164
2013,29,,Buttercup,ROV,,SSEO,8/23/2013,8/23/2013,,,,Mike,Byerly,Line Transect,1,8/23/2013,9:58,10:36,Hypack,not yelloweye habitat-sand waves,Buttercup,999,,,,,,,,,,,,,,
2013,31,,Buttercup,ROV,,SSEO,8/23/2013,8/23/2013,"rock habitat, lots of yelloweye",,,Mike,Byerly,Line Transect,1,8/23/2013,13:43,14:20,Hypack,good yelloweye habitat,Buttercup,1006,adult,1,16.59,197.927,-638.292,-2158.919,542.977,13:43:20,13,2259.983,9.878,,25.943,17.722
2013,31,,Buttercup,ROV,,SSEO,8/23/2013,8/23/2013,"rock habitat, lots of yelloweye",,,Mike,Byerly,Line Transect,1,8/23/2013,13:43,14:20,Hypack,good yelloweye habitat,Buttercup,1006,adult,21,23.448,1236.769,973.162,-3698.873,495.385,13:48:33,41,4019.739,4.097,,19.186,9.603
2013,31,,Buttercup,ROV,,SSEO,8/23/2013,8/23/2013,"rock habitat, lots of yelloweye",,,Mike,Byerly,Line Transect,1,8/23/2013,13:43,14:20,Hypack,good yelloweye habitat,Buttercup,1006,adult,22,27.625,1592.818,1344.374,-4054.019,492.026,13:48:30,52,4558.451,4.438,,16.589,20.018
2013,31,,Buttercup,ROV,,SSEO,8/23/2013,8/23/2013,"rock habitat, lots of yelloweye",,,Mike,Byerly,Line Transect,1,8/23/2013,13:43,14:20,Hypack,good yelloweye habitat,Buttercup,1006,adult,50,20.771,636.616,-509.523,-2106.087,445.846,13:53:03,15,2258.427,6.37,,29.771,26.539
2013,31,,Buttercup,ROV,,SSEO,8/23/2013,8/23/2013,"rock habitat, lots of yelloweye",,,Mike,Byerly,Line Transect,1,8/23/2013,13:43,14:20,Hypack,good yelloweye habitat,Buttercup,1006,adult,53,18.679,-982.572,1459.781,-5369.079,530.676,13:54:46,104,5650.081,9.676,High Horiz. Angle,46.957,39.945
2013,31,,Buttercup,ROV,,SSEO,8/23/2013,8/23/2013,"rock habitat, lots of yelloweye",,,Mike,Byerly,Line Transect,1,8/23/2013,13:43,14:20,Hypack,good yelloweye habitat,Buttercup,1006,adult,55,25.456,-556.118,-493.267,-1532.538,561.736,13:56:37,9,1703.306,7.148,,20.978,0.45
2013,31,,Buttercup,ROV,,SSEO,8/23/2013,8/23/2013,"rock habitat, lots of yelloweye",,,Mike,Byerly,Line Transect,1,8/23/2013,13:43,14:20,Hypack,good yelloweye habitat,Buttercup,1006,adult,84,17.416,1055.533,62.525,-3380.925,388.513,14:05:27,41,3542.416,3.085,,29.202,8.697
2013,31,,Buttercup,ROV,,SSEO,8/23/2013,8/23/2013,"rock habitat, lots of yelloweye",,,Mike,Byerly,Line Transect,1,8/23/2013,13:43,14:20,Hypack,good yelloweye habitat,Buttercup,1006,adult,164,12.015,-254.348,-139.504,-1329.486,624.808,14:19:39,5,1360.767,8.248,High Horiz. Angle,49.295,58.673
2013,31,,Buttercup,ROV,,SSEO,8/23/2013,8/23/2013,"rock habitat, lots of yelloweye",,,Mike,Byerly,Line Transect,1,8/23/2013,13:43,14:20,Hypack,good yelloweye habitat,Buttercup,1006,juvenile,113,5.515,290.55,-131.977,-3169.859,168.166,14:13:38,12,3185.881,7.19,,20.966,60.209
2013,31,,Buttercup,ROV,,SSEO,8/23/2013,8/23/2013,"rock habitat, lots of yelloweye",,,Mike,Byerly,Line Transect,1,8/23/2013,13:43,14:20,Hypack,good yelloweye habitat,Buttercup,1006,subadult,107,10.036,329.701,523.553,-3701.233,518.311,14:13:12,21,3752.591,5.776,,13.306,9.346
2013,33,,Buttercup,ROV,,SSEO,8/23/2013,8/23/2013,lots of sponges,,,Mike,Byerly,Line Transect,1,8/23/2013,15:04,15:50,Hypack,not quite half dive sand; remainder good yelloweye habitat with big boulders and sponges,Buttercup,1001,adult,22,18.61,-1401.576,-327.622,-4241.254,566.183,15:22:51,53,4478.838,4.984,,20.661,14.183
2013,33,,Buttercup,ROV,,SSEO,8/23/2013,8/23/2013,lots of sponges,,,Mike,Byerly,Line Transect,1,8/23/2013,15:04,15:50,Hypack,not quite half dive sand; remainder good yelloweye habitat with big boulders and sponges,Buttercup,1001,subadult,29,0.93,2.326,10.059,-1995.4,562.071,15:24:58,15,1995.427,7.474,High Horiz Orientation,66.679,46.692
2013,33,,Buttercup,ROV,,SSEO,8/23/2013,8/23/2013,lots of sponges,,,Mike,Byerly,Line Transect,1,8/23/2013,15:04,15:50,Hypack,not quite half dive sand; remainder good yelloweye habitat with big boulders and sponges,Buttercup,1001,,6,25.446,-764.492,-568.14,-1968.35,525.938,15:06:51,11,2186.695,1.538,,5.638,1.976
2013,39,,Buttercup,ROV,,SSEO,8/26/2013,8/26/2013,,,,Mike,Byerly,Line Transect,1,8/26/2013,19:29,20:06,Hypack,good yelloweye habitat,Buttercup,989,adult,1,17.138,-1383.888,378.303,-4704.679,486.195,19:29:35,80,4918.563,0.2,Horiz. angle just over 30,31.776,9.025
2013,39,,Buttercup,ROV,,SSEO,8/26/2013,8/26/2013,,,,Mike,Byerly,Line Transect,1,8/26/2013,19:29,20:06,Hypack,good yelloweye habitat,Buttercup,989,adult,24,14.882,1015.592,502.377,-4353.441,671.858,19:57:46,40,4498.473,4.777,,15.404,21.205
2013,39,,Buttercup,ROV,,SSEO,8/26/2013,8/26/2013,,,,Mike,Byerly,Line Transect,1,8/26/2013,19:29,20:06,Hypack,good yelloweye habitat,Buttercup,989,adult,25,24.852,-1220.308,-1076.056,-3446.48,471.561,19:59:17,33,3811.204,4.177,,15.404,21.408
2013,39,,Buttercup,ROV,,SSEO,8/26/2013,8/26/2013,,,,Mike,Byerly,Line Transect,1,8/26/2013,19:29,20:06,Hypack,good yelloweye habitat,Buttercup,989,juvenile,12,16.027,708.896,-414.286,-2800.523,320.71,19:31:54,13,2918.406,2.164,,6.502,26.359
2013,39,,Buttercup,ROV,,SSEO,8/26/2013,8/26/2013,,,,Mike,Byerly,Line Transect,1,8/26/2013,19:29,20:06,Hypack,good yelloweye habitat,Buttercup,989,juvenile,19,6.868,10.757,-291.289,-2212.303,186.216,19:46:33,10,2231.424,5.314,,21.026,30.492
2013,39,,Buttercup,ROV,,SSEO,8/26/2013,8/26/2013,,,,Mike,Byerly,Line Transect,1,8/26/2013,19:29,20:06,Hypack,good yelloweye habitat,Buttercup,989,,28,7.931,54.326,-317.012,-2136.954,565.37,20:02:18,13,2161.023,4.69,,27.663,9.065
2013,41,,Buttercup,ROV,,SSEO,8/26/2013,8/26/2013,,,,Mike,Byerly,Line Transect,1,8/26/2013,17:36,18:15,Hypack,,Buttercup,948,adult,9,7.969,-482.317,-235.193,-3710.962,513.764,17:59:51,15,3749.558,9.212,,6.366,14.917
2013,41,,Buttercup,ROV,,SSEO,8/26/2013,8/26/2013,,,,Mike,Byerly,Line Transect,1,8/26/2013,17:36,18:15,Hypack,,Buttercup,948,subadult,1,6.153,130.766,-341.593,-3092.688,493.052,17:37:35,13,3114.242,4.534,,11.678,19.882
2013,41,,Buttercup,ROV,,SSEO,8/26/2013,8/26/2013,,,,Mike,Byerly,Line Transect,1,8/26/2013,17:36,18:15,Hypack,,Buttercup,948,,5,8.143,-8.138,-328.348,-2126.263,334.726,17:51:46,15,2151.482,6.032,,33.688,12.92
2013,43,,Buttercup,ROV,,SSEO,8/26/2013,8/26/2013,poor video quality,,,Mike,Byerly,Line Transect,1,8/26/2013,14:12,14:49,Hypack,good yelloweye habitat,Buttercup,979,juvenile,5,18.78,-1091.354,-267.079,-3277.626,270.818,14:21:21,41,3464.855,4.585,Horiz. angle just over 30,31.551,4.262
2013,43,,Buttercup,ROV,,SSEO,8/26/2013,8/26/2013,poor video quality,,,Mike,Byerly,Line Transect,1,8/26/2013,14:12,14:49,Hypack,good yelloweye habitat,Buttercup,979,subadult,8,4.576,343.3,-73.74,-4300.663,479.985,14:25:05,20,4314.973,6.028,,8.418,3.845
2013,43,,Buttercup,ROV,,SSEO,8/26/2013,8/26/2013,poor video quality,,,Mike,Byerly,Line Transect,1,8/26/2013,14:12,14:49,Hypack,good yelloweye habitat,Buttercup,979,subadult,18,13.764,-2.841,1113.505,-4775.486,406.946,14:36:50,44,4903.588,2.542,,20.79,27.563
2013,43,,Buttercup,ROV,,SSEO,8/26/2013,8/26/2013,poor video quality,,,Mike,Byerly,Line Transect,1,8/26/2013,14:12,14:49,Hypack,good yelloweye habitat,Buttercup,979,subadult,37,7.651,315.537,-224.882,-2755.467,338.345,14:45:07,14,2782.576,2.434,,17.892,18.76
2013,43,,Buttercup,ROV,,SSEO,8/26/2013,8/26/2013,poor video quality,,,Mike,Byerly,Line Transect,1,8/26/2013,14:12,14:49,Hypack,good yelloweye habitat,Buttercup,979,,1,23.032,-1133.349,-371.682,-2779.789,716.85,14:12:14,45,3024.873,7.744,High horz Ang but Ok From Above,72.85,31.203
2013,45,,Buttercup,ROV,,SSEO,8/26/2013,8/26/2013,,,,Mike,Byerly,Line Transect,1,8/26/2013,15:40,16:16,Hypack,,Buttercup,1000,subadult,7,17.202,855.088,-259.582,-2855.636,417.779,16:06:31,23,2992.192,1.811,,22.913,22.211
2013,45,,Buttercup,ROV,,SSEO,8/26/2013,8/26/2013,,,,Mike,Byerly,Line Transect,1,8/26/2013,15:40,16:16,Hypack,,Buttercup,1000,,1,17.264,352.858,-462.779,-1816.127,353.461,15:41:01,19,1907.089,5.844,,69.047,6.151
2013,45,,Buttercup,ROV,,SSEO,8/26/2013,8/26/2013,,,,Mike,Byerly,Line Transect,1,8/26/2013,15:40,16:16,Hypack,,Buttercup,1000,,4,23.008,-790.761,-322.777,-1988.726,242.424,15:50:02,23,2164.375,5.785,poor horiz direction,61.543,17.45
2013,45,,Buttercup,ROV,,SSEO,8/26/2013,8/26/2013,,,,Mike,Byerly,Line Transect,1,8/26/2013,15:40,16:16,Hypack,,Buttercup,1000,,5,11.001,-171.226,-314.16,-1749.625,348.299,16:02:04,17,1785.834,0.665,,76.412,22.351
2013,45,,Buttercup,ROV,,SSEO,8/26/2013,8/26/2013,,,,Mike,Byerly,Line Transect,1,8/26/2013,15:40,16:16,Hypack,,Buttercup,1000,,6,12.316,220.812,-293.793,-1614.934,431.739,16:03:35,7,1656.226,5.678,,24.145,6.393
2013,45,,Buttercup,ROV,,SSEO,8/26/2013,8/26/2013,,,,Mike,Byerly,Line Transect,1,8/26/2013,15:40,16:16,Hypack,,Buttercup,1000,,9,9.484,-151.519,-321.475,-2003.789,410.531,16:10:00,19,2035.061,6.739,,55.21,20.711
2013,45,,Buttercup,ROV,,SSEO,8/26/2013,8/26/2013,,,,Mike,Byerly,Line Transect,1,8/26/2013,15:40,16:16,Hypack,,Buttercup,1000,,10,15.852,225.223,-466.451,-1757.1,322.099,16:15:57,9,1831.858,8.364,,26.857,12.834
2013,47,,Buttercup,ROV,,SSEO,8/26/2013,8/26/2013,,,,Mike,Byerly,Line Transect,1,8/26/2013,12:21,12:57,Hypack,,Buttercup,1002,adult,3,12.569,-697.374,252.841,-3391.52,612.283,12:21:07,22,3471.695,7.818,,13.2,1.101
2013,47,,Buttercup,ROV,,SSEO,8/26/2013,8/26/2013,,,,Mike,Byerly,Line Transect,1,8/26/2013,12:21,12:57,Hypack,,Buttercup,1002,,2,12.035,137.812,-504.997,-2332.269,549.229,12:23:21,13,2390.291,5.076,,21.059,7.685
2013,47,,Buttercup,ROV,,SSEO,8/26/2013,8/26/2013,,,,Mike,Byerly,Line Transect,1,8/26/2013,12:21,12:57,Hypack,,Buttercup,1002,,7,12.348,-241.274,-448.53,-2222.569,601.081,12:30:03,22,2280.176,6.544,,45.75,12.232
2013,47,,Buttercup,ROV,,SSEO,8/26/2013,8/26/2013,,,,Mike,Byerly,Line Transect,1,8/26/2013,12:21,12:57,Hypack,,Buttercup,1002,,9,15.181,-707.802,-289.968,-2774.751,423.577,12:37:53,29,2878.247,8.609,,36.792,17.202
2013,48,,Buttercup,ROV,,SSEO,8/26/2013,8/26/2013,"rock habitat, yelloweye",,,Mike,Byerly,Line Transect,1,8/26/2013,10:12,10:57,Hypack,OK yelloweye habitat,Buttercup,929,adult,1,10.355,-56.225,-580.359,-3002.337,573.66,10:15:18,11,3058.432,3.954,,10.222,15.93
2013,48,,Buttercup,ROV,,SSEO,8/26/2013,8/26/2013,"rock habitat, yelloweye",,,Mike,Byerly,Line Transect,1,8/26/2013,10:12,10:57,Hypack,OK yelloweye habitat,Buttercup,929,adult,36,12.724,-740.317,230.542,-3491.768,477.547,10:52:29,15,3576.823,3.869,,1.069,32.003
2013,48,,Buttercup,ROV,,SSEO,8/26/2013,8/26/2013,"rock habitat, yelloweye",,,Mike,Byerly,Line Transect,1,8/26/2013,10:12,10:57,Hypack,OK yelloweye habitat,Buttercup,929,subadult,27,17.589,689.579,-860.012,-3376.086,603.099,10:44:55,17,3551.492,4.001,,1.045,0.667
2013,48,,Buttercup,ROV,,SSEO,8/26/2013,8/26/2013,"rock habitat, yelloweye",,,Mike,Byerly,Line Transect,1,8/26/2013,10:12,10:57,Hypack,OK yelloweye habitat,Buttercup,929,,39,18.852,-567.168,-210.281,-1750.335,450.762,10:56:24,17,1851.91,2.943,High Horiz OK cause flatfish,58.754,14.715
2013,49,,Buttercup,ROV,,SSEO,8/24/2013,8/24/2013,,,,Mike,Byerly,Line Transect,1,8/24/2013,19:03,19:49,Hypack,,Buttercup,923,adult,10,14.281,985.345,-67.544,-3871.562,663.455,19:49:03,29,3995.554,6.675,,8.239,1.945
2013,49,,Buttercup,ROV,,SSEO,8/24/2013,8/24/2013,,,,Mike,Byerly,Line Transect,1,8/24/2013,19:03,19:49,Hypack,,Buttercup,923,subadult,3,20.079,-916.823,-889.548,-3413.243,417.162,,24,3644.459,5.395,,13.037,39.085
2013,49,,Buttercup,ROV,,SSEO,8/24/2013,8/24/2013,,,,Mike,Byerly,Line Transect,1,8/24/2013,19:03,19:49,Hypack,,Buttercup,923,,6,8.64,148.837,-201.367,-1555.344,519.913,19:38:35,14,1575.371,7.509,,77.734,18.362
2013,51,,Buttercup,ROV,,SSEO,8/24/2013,8/24/2013,,,,Mike,Byerly,Line Transect,1,8/24/2013,16:55,17:28,Hypack,"not great yelloweye habitat, some low relief and tube worms",Buttercup,1004,,13,13.945,203.46,-378.887,-1662.432,254.558,17:01:58,4,1717.158,7.41,,9.364,20.952
2013,52,,Buttercup,ROV,,SSEO,8/24/2013,8/24/2013,,,,Mike,Byerly,Line Transect,1,8/24/2013,15:37,16:13,Hypack,,Buttercup,942,adult,2,10.16,324.745,-258.753,-2230.347,495.725,15:42:38,15,2268.669,4.966,,28.966,21.804
2013,52,,Buttercup,ROV,,SSEO,8/24/2013,8/24/2013,,,,Mike,Byerly,Line Transect,1,8/24/2013,15:37,16:13,Hypack,,Buttercup,942,adult,7,11.731,1083.312,1.72,-5225.044,386.444,15:44:57,57,5336.165,5.753,,16.553,9.66
2013,52,,Buttercup,ROV,,SSEO,8/24/2013,8/24/2013,,,,Mike,Byerly,Line Transect,1,8/24/2013,15:37,16:13,Hypack,,Buttercup,942,adult,10,18.162,992.77,-337.346,-3159.825,447.535,15:55:37,24,3329.247,3.673,,13.141,19.867
2013,52,,Buttercup,ROV,,SSEO,8/24/2013,8/24/2013,,,,Mike,Byerly,Line Transect,1,8/24/2013,15:37,16:13,Hypack,,Buttercup,942,adult,15,15.656,865.77,-721.167,-3914.883,475.281,16:00:58,31,4073.812,4.855,,14.013,1.168
2013,52,,Buttercup,ROV,,SSEO,8/24/2013,8/24/2013,,,,Mike,Byerly,Line Transect,1,8/24/2013,15:37,16:13,Hypack,,Buttercup,942,juvenile,6,25.113,-896.661,-725.12,-2416.595,212.209,15:43:27,24,2677.635,4.897,Horiz. angle just over 30,32.166,10.022
2013,52,,Buttercup,ROV,,SSEO,8/24/2013,8/24/2013,,,,Mike,Byerly,Line Transect,1,8/24/2013,15:37,16:13,Hypack,,Buttercup,942,subadult,22,13.346,-270.488,-464.72,-2173.652,408.393,16:05:51,9,2239.172,7.548,,14.256,10.176
2013,56,,Buttercup,ROV,,SSEO,8/23/2013,8/23/2013,,,,Mike,Byerly,Line Transect,1,8/23/2013,19:38,20:17,Hypack,,Buttercup,999,,,,,,,,,,,,,,
2013,57,,Buttercup,ROV,,SSEO,8/24/2013,8/24/2013,,,,Mike,Byerly,Line Transect,1,8/24/2013,5:25,6:07,Hypack,not great yelloweye habitat; mostly flat with boulders and vase sponges,Buttercup,989,,1,18.626,657.608,-465.685,-2341.736,454.715,5:25:45,13,2476.497,7.414,,11.041,4.51
2013,59,,Buttercup,ROV,,SSEO,8/24/2013,8/24/2013,some yelloweye,,,Mike,Byerly,Line Transect,1,8/24/2013,7:24,8:06,Hypack,some good yelloweye habitat,Buttercup,981,adult,16,6.61,-368.639,-183.052,-3416.423,490.42,7:31:39,20,3441.126,0.744,,15.583,12.662
2013,59,,Buttercup,ROV,,SSEO,8/24/2013,8/24/2013,some yelloweye,,,Mike,Byerly,Line Transect,1,8/24/2013,7:24,8:06,Hypack,some good yelloweye habitat,Buttercup,981,adult,24,23.989,1461.358,-725.709,-3619.257,340.435,7:43:45,44,3970.043,8.135,Tail turned. Don't use for estimates,18.571,13.276
2013,59,,Buttercup,ROV,,SSEO,8/24/2013,8/24/2013,some yelloweye,,,Mike,Byerly,Line Transect,1,8/24/2013,7:24,8:06,Hypack,some good yelloweye habitat,Buttercup,981,adult,26,24.925,1293.698,-827.612,-3254.302,469.485,7:45:36,30,3598.483,3.261,,3.656,11.25
2013,59,,Buttercup,ROV,,SSEO,8/24/2013,8/24/2013,some yelloweye,,,Mike,Byerly,Line Transect,1,8/24/2013,7:24,8:06,Hypack,some good yelloweye habitat,Buttercup,981,adult,33,17.357,-1467.954,1159.104,-6135.226,514.335,7:52:31,83,6414.001,9.021,,15.931,4.965
2013,500,,Buttercup,ROV,,SSEO,8/20/2013,8/20/2013,"Original dive #5 - dive aborted, camera went out. Also strong currents at surface.",,,Mike,Byerly,Aborted,1,8/20/2013,,,Hypack,,Buttercup,,,,,,,,,,,,,,,
2013,2500,,Buttercup,ROV,,SSEO,8/21/2013,8/21/2013,Original dive #25 -  aborted dive because camera stopped,,,Mike,Byerly,Aborted,1,8/21/2013,18:35,,Hypack,,Buttercup,,,,,,,,,,,,,,,
2013,5500,,Buttercup,ROV,,SSEO,8/24/2013,8/24/2013,"Original dive #55 - aborted dive, lots of current",,,Mike,Byerly,Aborted,1,8/24/2013,,,Hypack,,Buttercup,,,,,,,,,,,,,,,
2015,1,,Buttercup,ROV,,EYKT,5/13/2015,5/13/2015,,,,Mike,Byerly,Line Transect,1,5/13/2015,,,Hypack,No DOE camera,Buttercup,982,adult,12,12.611,-707.207,324.224,-3477.383,702.014,15:02:19,36.879,3563.349,7.863,,25.235,8.571
2015,1,,Buttercup,ROV,,EYKT,5/13/2015,5/13/2015,,,,Mike,Byerly,Line Transect,1,5/13/2015,,,Hypack,No DOE camera,Buttercup,982,adult,14,20.996,-1881.991,289.131,-4961.24,679.991,15:03:30,66.87,5314.075,1.317,,18.619,31.53
2015,1,,Buttercup,ROV,,EYKT,5/13/2015,5/13/2015,,,,Mike,Byerly,Line Transect,1,5/13/2015,,,Hypack,No DOE camera,Buttercup,982,adult,16,15.6,808.738,61.996,-2905.144,698.144,15:06:07,27.088,3016.249,6.931,,29.842,30.575
2015,1,,Buttercup,ROV,,EYKT,5/13/2015,5/13/2015,,,,Mike,Byerly,Line Transect,1,5/13/2015,,,Hypack,No DOE camera,Buttercup,982,adult,17,28.76,1545.94,-687.708,-3082.861,557.153,15:06:41,45.548,3516.661,0.376,Hor Dir>30,37.374,3.334
2015,2,,Buttercup,ROV,,EYKT,5/13/2015,5/13/2015,,,,Mike,Byerly,Line Transect,1,5/13/2015,,,Hypack,No DOE camera; lots of vase sponges,Buttercup,1000,adult,13,27.859,2258.537,1744.005,-5398.617,874.93,17:01:58,118.596,6106.358,16.377,High RMS-blurry & far,28.81,4.736
2015,3,,Buttercup,ROV,,EYKT,5/13/2015,5/13/2015,,,,Mike,Byerly,Line Transect,1,5/13/2015,,,Hypack,No DOE camera,Buttercup,1014,adult,21,24,602.215,-340.166,-1553.482,562.797,18:01:08,7.617,1700.495,3.01,,17.682,17.463
2015,3,,Buttercup,ROV,,EYKT,5/13/2015,5/13/2015,,,,Mike,Byerly,Line Transect,1,5/13/2015,,,Hypack,No DOE camera,Buttercup,1014,adult,52,30.726,-2594.306,1355.867,-4924.927,507.798,18:18:19,96.008,5729.197,7.049,tail bent,25.732,13.658
2015,3,,Buttercup,ROV,,EYKT,5/13/2015,5/13/2015,,,,Mike,Byerly,Line Transect,1,5/13/2015,,,Hypack,No DOE camera,Buttercup,1014,adult,83,26.512,1721.513,2120.343,-5475.178,728.794,18:34:36,74.566,6118.581,15.465,RMS>10mm for length-blurry,11.395,13.706
2015,4,,Buttercup,ROV,,EYKT,5/13/2015,5/13/2015,,,,Mike,Byerly,Line Transect,1,5/13/2015,,,Hypack,Belly camera pointed upward by mistake; no DOE camera,Buttercup,997,adult,5,9.019,339.832,251.628,-2664.067,524.745,19:35:05,12.375,2697.416,1.092,,12.099,6.479
2015,4,,Buttercup,ROV,,EYKT,5/13/2015,5/13/2015,,,,Mike,Byerly,Line Transect,1,5/13/2015,,,Hypack,Belly camera pointed upward by mistake; no DOE camera,Buttercup,997,adult,47,16.377,994.788,573.097,-3906.653,519.296,19:59:39,42.188,4071.852,6.106,,21.418,19.49
2015,4,,Buttercup,ROV,,EYKT,5/13/2015,5/13/2015,,,,Mike,Byerly,Line Transect,1,5/13/2015,,,Hypack,Belly camera pointed upward by mistake; no DOE camera,Buttercup,997,adult,50,26.099,-910.86,-417.551,-2045.477,516.906,20:00:06,13.609,2277.716,0.476,,13.972,11.1
2015,4,,Buttercup,ROV,,EYKT,5/13/2015,5/13/2015,,,,Mike,Byerly,Line Transect,1,5/13/2015,,,Hypack,Belly camera pointed upward by mistake; no DOE camera,Buttercup,997,adult,54,22.355,-1017.933,54.733,-2478.841,591.996,20:02:06,28.946,2680.268,1.803,High Horiz orientation,52.995,32.188
2015,4,,Buttercup,ROV,,EYKT,5/13/2015,5/13/2015,,,,Mike,Byerly,Line Transect,1,5/13/2015,,,Hypack,Belly camera pointed upward by mistake; no DOE camera,Buttercup,997,adult,63,23.16,1686.112,617.506,-4197.669,558.861,20:05:48,57.036,4565.601,5.014,,16.722,2.137
2015,4,,Buttercup,ROV,,EYKT,5/13/2015,5/13/2015,,,,Mike,Byerly,Line Transect,1,5/13/2015,,,Hypack,Belly camera pointed upward by mistake; no DOE camera,Buttercup,997,adult,69,2.604,111.245,-89.23,-3136.135,553.487,20:10:54,15.784,3139.376,1.359,,14.269,21.27
2015,4,,Buttercup,ROV,,EYKT,5/13/2015,5/13/2015,,,,Mike,Byerly,Line Transect,1,5/13/2015,,,Hypack,Belly camera pointed upward by mistake; no DOE camera,Buttercup,997,,6,30.526,-3888.709,2928.907,-8256.155,1154.757,19:37:27,234.979,9584.605,1.17,,18.349,6.341
2015,4,,Buttercup,ROV,,EYKT,5/13/2015,5/13/2015,,,,Mike,Byerly,Line Transect,1,5/13/2015,,,Hypack,Belly camera pointed upward by mistake; no DOE camera,Buttercup,997,,7,26.898,-1735.366,1253.427,-4219.917,1076.515,19:37:31,57.725,4731.837,1.648,,16.252,0.634
2015,4,,Buttercup,ROV,,EYKT,5/13/2015,5/13/2015,,,,Mike,Byerly,Line Transect,1,5/13/2015,,,Hypack,Belly camera pointed upward by mistake; no DOE camera,Buttercup,997,,9,29.985,-2462.167,1594.006,-5083.297,964.993,19:37:34,81.891,5868.818,1.088,,9.305,8.977
2015,4,,Buttercup,ROV,,EYKT,5/13/2015,5/13/2015,,,,Mike,Byerly,Line Transect,1,5/13/2015,,,Hypack,Belly camera pointed upward by mistake; no DOE camera,Buttercup,997,,10,24.258,-1761.219,1273.296,-4822.61,997.687,19:37:37,57.984,5289.683,4.384,,3.374,6.619
2015,4,,Buttercup,ROV,,EYKT,5/13/2015,5/13/2015,,,,Mike,Byerly,Line Transect,1,5/13/2015,,,Hypack,Belly camera pointed upward by mistake; no DOE camera,Buttercup,997,,12,23.229,1649.529,2080.451,-6185.883,1042.968,19:37:40,121.608,6731.595,5.996,,23.949,10.696
2015,4,,Buttercup,ROV,,EYKT,5/13/2015,5/13/2015,,,,Mike,Byerly,Line Transect,1,5/13/2015,,,Hypack,Belly camera pointed upward by mistake; no DOE camera,Buttercup,997,,13,20.765,1262.288,2471.638,-7319.716,916.34,19:37:41,189.29,7828.193,1.137,blurry,31.072,9.301
2015,4,,Buttercup,ROV,,EYKT,5/13/2015,5/13/2015,,,,Mike,Byerly,Line Transect,1,5/13/2015,,,Hypack,Belly camera pointed upward by mistake; no DOE camera,Buttercup,997,,16,26.177,-1833.922,569.749,-3906.773,868.667,19:37:43,58.15,4353.247,0.502,,28.701,21.742
2015,4,,Buttercup,ROV,,EYKT,5/13/2015,5/13/2015,,,,Mike,Byerly,Line Transect,1,5/13/2015,,,Hypack,Belly camera pointed upward by mistake; no DOE camera,Buttercup,997,,17,22.26,-156.791,-698.237,-1748.307,1045.382,19:37:48,8.637,1889.1,4.484,,17.3,6.038
2015,4,,Buttercup,ROV,,EYKT,5/13/2015,5/13/2015,,,,Mike,Byerly,Line Transect,1,5/13/2015,,,Hypack,Belly camera pointed upward by mistake; no DOE camera,Buttercup,997,,18,13.941,754.516,579.342,-3832.287,867.545,19:37:47,22.872,3948.589,4.957,,3.083,0.972
2015,4,,Buttercup,ROV,,EYKT,5/13/2015,5/13/2015,,,,Mike,Byerly,Line Transect,1,5/13/2015,,,Hypack,Belly camera pointed upward by mistake; no DOE camera,Buttercup,997,,20,26.703,-2196.197,691.408,-4577.428,997.718,19:37:48,67.507,5123.883,3.926,,8.66,10.107
2015,4,,Buttercup,ROV,,EYKT,5/13/2015,5/13/2015,,,,Mike,Byerly,Line Transect,1,5/13/2015,,,Hypack,Belly camera pointed upward by mistake; no DOE camera,Buttercup,997,,23,3.737,171.915,-82.263,-2917.503,863.498,19:37:51,9.33,2923.721,1.591,,2.083,4.677
2015,4,,Buttercup,ROV,,EYKT,5/13/2015,5/13/2015,,,,Mike,Byerly,Line Transect,1,5/13/2015,,,Hypack,Belly camera pointed upward by mistake; no DOE camera,Buttercup,997,,25,26.431,-2382.641,1571.831,-5742.249,1036.077,19:37:47,105.431,6412.57,2.198,,16,5.923
2015,4,,Buttercup,ROV,,EYKT,5/13/2015,5/13/2015,,,,Mike,Byerly,Line Transect,1,5/13/2015,,,Hypack,Belly camera pointed upward by mistake; no DOE camera,Buttercup,997,,29,19.372,145.674,-742.939,-2153.219,832.983,19:38:16,6.717,2282.44,1.678,,2.558,5.801
2015,4,,Buttercup,ROV,,EYKT,5/13/2015,5/13/2015,,,,Mike,Byerly,Line Transect,1,5/13/2015,,,Hypack,Belly camera pointed upward by mistake; no DOE camera,Buttercup,997,,31,12.02,-502.142,-332.962,-2829.643,813.031,19:38:12,12.852,2893.076,1.135,,4.16,3.556
2015,4,,Buttercup,ROV,,EYKT,5/13/2015,5/13/2015,,,,Mike,Byerly,Line Transect,1,5/13/2015,,,Hypack,Belly camera pointed upward by mistake; no DOE camera,Buttercup,997,,32,25.187,-1332.669,621.53,-3126.709,952.171,19:38:28,50.035,3455.231,2.232,High Horiz but clear,54.978,27.56
2015,4,,Buttercup,ROV,,EYKT,5/13/2015,5/13/2015,,,,Mike,Byerly,Line Transect,1,5/13/2015,,,Hypack,Belly camera pointed upward by mistake; no DOE camera,Buttercup,997,,34,18.074,-949.279,1264.522,-4845.164,856.789,19:38:26,39.664,5096.642,8.979,,8.233,18.687
2015,4,,Buttercup,ROV,,EYKT,5/13/2015,5/13/2015,,,,Mike,Byerly,Line Transect,1,5/13/2015,,,Hypack,Belly camera pointed upward by mistake; no DOE camera,Buttercup,997,,35,17.689,82.343,-688.062,-2172.777,962.462,19:38:36,26.232,2280.608,2.758,High Horiz but clear bird's eye view,55.417,20.146
2015,4,,Buttercup,ROV,,EYKT,5/13/2015,5/13/2015,,,,Mike,Byerly,Line Transect,1,5/13/2015,,,Hypack,Belly camera pointed upward by mistake; no DOE camera,Buttercup,997,,37,22.37,-1136.24,-140.225,-2781.798,996.807,19:38:38,41.538,3008.173,2.427,High horiz angle; clear bird's eye,67.386,33.599
2015,4,,Buttercup,ROV,,EYKT,5/13/2015,5/13/2015,,,,Mike,Byerly,Line Transect,1,5/13/2015,,,Hypack,Belly camera pointed upward by mistake; no DOE camera,Buttercup,997,,38,21.684,1368.655,969.31,-4217.882,865.992,19:38:38,49.001,4539.087,2.092,,16.297,21.116
2015,4,,Buttercup,ROV,,EYKT,5/13/2015,5/13/2015,,,,Mike,Byerly,Line Transect,1,5/13/2015,,,Hypack,Belly camera pointed upward by mistake; no DOE camera,Buttercup,997,,43,14.613,-7.508,-493.525,-1893.199,768.389,19:48:36,16.472,1956.483,2.573,High Horiz but OK birds eye view,46.18,24.74
2015,4,,Buttercup,ROV,,EYKT,5/13/2015,5/13/2015,,,,Mike,Byerly,Line Transect,1,5/13/2015,,,Hypack,Belly camera pointed upward by mistake; no DOE camera,Buttercup,997,,51,23.969,1663.582,311.273,-3806.907,734.787,20:01:07,51.134,4166.165,3.65,,17.898,6.365
2015,4,,Buttercup,ROV,,EYKT,5/13/2015,5/13/2015,,,,Mike,Byerly,Line Transect,1,5/13/2015,,,Hypack,Belly camera pointed upward by mistake; no DOE camera,Buttercup,997,,71,14.102,599.903,1071.179,-4886.88,883.81,20:12:32,105.947,5038.741,5.042,,45.845,23.244
2015,4,,Buttercup,ROV,,EYKT,5/13/2015,5/13/2015,,,,Mike,Byerly,Line Transect,1,5/13/2015,,,Hypack,Belly camera pointed upward by mistake; no DOE camera,Buttercup,997,,73,6.543,487.843,20.916,-4257.022,789.845,20:12:37,28.478,4284.934,6.633,,12.117,18.298
2015,5,,Buttercup,ROV,,EYKT,5/13/2015,5/13/2015,,,,Mike,Byerly,Line Transect,1,5/13/2015,,,Hypack,Belly camera pointed upward by mistake; no DOE camera,Buttercup,1007,adult,12,29.034,-896.495,-574.622,-1918.362,587.24,21:25:51,15.345,2194.084,0.95,Tail a little curved,29.789,11.169
2015,5,,Buttercup,ROV,,EYKT,5/13/2015,5/13/2015,,,,Mike,Byerly,Line Transect,1,5/13/2015,,,Hypack,Belly camera pointed upward by mistake; no DOE camera,Buttercup,1007,adult,40,23.911,975.248,-306.33,-2305.561,528.438,21:45:31,17.818,2522.015,6.8,,24.364,28.7
2015,5,,Buttercup,ROV,,EYKT,5/13/2015,5/13/2015,,,,Mike,Byerly,Line Transect,1,5/13/2015,,,Hypack,Belly camera pointed upward by mistake; no DOE camera,Buttercup,1007,juvenile,55,17.36,900.205,367.255,-3110.055,178.989,21:40:25,31.682,3258.479,5.538,,25.378,12.995
2015,5,,Buttercup,ROV,,EYKT,5/13/2015,5/13/2015,,,,Mike,Byerly,Line Transect,1,5/13/2015,,,Hypack,Belly camera pointed upward by mistake; no DOE camera,Buttercup,1007,,13,16.861,-1444.733,-157.096,-4794.842,1142.839,21:27:21,49.571,5010.234,0.885,,3.885,9.129
2015,5,,Buttercup,ROV,,EYKT,5/13/2015,5/13/2015,,,,Mike,Byerly,Line Transect,1,5/13/2015,,,Hypack,Belly camera pointed upward by mistake; no DOE camera,Buttercup,1007,,15,24.588,1442.708,675.827,-3481.703,702.794,21:31:54,39.538,3828.891,4.12,,15.551,10.148
2015,5,,Buttercup,ROV,,EYKT,5/13/2015,5/13/2015,,,,Mike,Byerly,Line Transect,1,5/13/2015,,,Hypack,Belly camera pointed upward by mistake; no DOE camera,Buttercup,1007,,30,20.036,-543.24,-385.663,-1826.892,773.707,21:39:39,12.549,1944.577,1.91,Horiz>30 but I think OK  birds eye,38.972,34.653
2015,5,,Buttercup,ROV,,EYKT,5/13/2015,5/13/2015,,,,Mike,Byerly,Line Transect,1,5/13/2015,,,Hypack,Belly camera pointed upward by mistake; no DOE camera,Buttercup,1007,,32,17.52,-298.296,-680.555,-2353.812,1165.224,21:40:09,11.719,2468.312,1.356,,14.347,46.188
2015,5,,Buttercup,ROV,,EYKT,5/13/2015,5/13/2015,,,,Mike,Byerly,Line Transect,1,5/13/2015,,,Hypack,Belly camera pointed upward by mistake; no DOE camera,Buttercup,1007,,47,25.181,-1036.256,-470.28,-2420.353,797.888,21:49:54,23.622,2674.527,1.235,Horiz>30 but OK bird's eye,34.803,28.235
2015,5,,Buttercup,ROV,,EYKT,5/13/2015,5/13/2015,,,,Mike,Byerly,Line Transect,1,5/13/2015,,,Hypack,Belly camera pointed upward by mistake; no DOE camera,Buttercup,1007,,54,19.217,-709.73,-296.921,-2207.159,726.234,21:50:14,22.013,2337.398,1.162,high horiz but bird's eye view,49.92,32.411
2015,6,,Buttercup,ROV,,EYKT,5/14/2015,5/14/2015,,,,Mike,Byerly,Line Transect,1,5/14/2015,,,Hypack,Dive changed from 45 degree to 90 degree plan line mid transect.,Buttercup,1006,adult,2,23.385,-1905.829,-426.729,-4516.466,640.733,7:06:56,42.972,4920.645,0.942,,17.252,52.253
2015,6,,Buttercup,ROV,,EYKT,5/14/2015,5/14/2015,,,,Mike,Byerly,Line Transect,1,5/14/2015,,,Hypack,Dive changed from 45 degree to 90 degree plan line mid transect.,Buttercup,1006,adult,3,26.211,1465.396,1405.29,-4124.081,610.989,7:06:52,57.193,4596.767,6.375,,22.608,7.85
2015,6,,Buttercup,ROV,,EYKT,5/14/2015,5/14/2015,,,,Mike,Byerly,Line Transect,1,5/14/2015,,,Hypack,Dive changed from 45 degree to 90 degree plan line mid transect.,Buttercup,1006,juvenile,1,12.66,633.421,480.647,-3539.817,220.629,7:06:45,51.776,3628.023,4.492,horiz angle>30,44.269,28.4
2015,6,,Buttercup,ROV,,EYKT,5/14/2015,5/14/2015,,,,Mike,Byerly,Line Transect,1,5/14/2015,,,Hypack,Dive changed from 45 degree to 90 degree plan line mid transect.,Buttercup,1006,juvenile,8,14.206,-54.933,-635.628,-2520.193,273.971,7:12:46,14.852,2599.694,1.842,,20.795,10.309
2015,6,,Buttercup,ROV,,EYKT,5/14/2015,5/14/2015,,,,Mike,Byerly,Line Transect,1,5/14/2015,,,Hypack,Dive changed from 45 degree to 90 degree plan line mid transect.,Buttercup,1006,juvenile,9,30.217,-1121.051,-627.548,-2205.928,219.494,7:12:46,18.862,2552.781,0.919,,23.969,10.807
2015,6,,Buttercup,ROV,,EYKT,5/14/2015,5/14/2015,,,,Mike,Byerly,Line Transect,1,5/14/2015,,,Hypack,Dive changed from 45 degree to 90 degree plan line mid transect.,Buttercup,1006,juvenile,16,27.46,-892.084,-392.48,-1875.357,201.108,7:36:39,11.067,2113.485,0.571,,5.308,0.38
2015,6,,Buttercup,ROV,,EYKT,5/14/2015,5/14/2015,,,,Mike,Byerly,Line Transect,1,5/14/2015,,,Hypack,Dive changed from 45 degree to 90 degree plan line mid transect.,Buttercup,1006,juvenile,26,11.355,-526.418,523.13,-3695.694,262.869,7:42:38,16.676,3769.474,0.373,,6.59,9.712
2015,6,,Buttercup,ROV,,EYKT,5/14/2015,5/14/2015,,,,Mike,Byerly,Line Transect,1,5/14/2015,,,Hypack,Dive changed from 45 degree to 90 degree plan line mid transect.,Buttercup,1006,juvenile,30,17.922,656.073,-420.298,-2409.163,253.313,7:46:07,17.837,2532.025,2.484,,26.696,27.68
2015,6,,Buttercup,ROV,,EYKT,5/14/2015,5/14/2015,,,,Mike,Byerly,Line Transect,1,5/14/2015,,,Hypack,Dive changed from 45 degree to 90 degree plan line mid transect.,Buttercup,1006,juvenile,33,27.869,-1396.269,300.666,-2701.113,250.296,7:47:03,29.442,3055.483,1.12,,26.075,11.396
2015,6,,Buttercup,ROV,,EYKT,5/14/2015,5/14/2015,,,,Mike,Byerly,Line Transect,1,5/14/2015,,,Hypack,Dive changed from 45 degree to 90 degree plan line mid transect.,Buttercup,1006,subadult,37,10.118,-288.708,690.744,-4195.386,387.787,7:48:13,42.249,4261.66,0.578,,21.156,4.061
2015,6,,Buttercup,ROV,,EYKT,5/14/2015,5/14/2015,,,,Mike,Byerly,Line Transect,1,5/14/2015,,,Hypack,Dive changed from 45 degree to 90 degree plan line mid transect.,Buttercup,1006,,4,21.238,907.376,341.632,-2494.705,868.827,7:06:53,33.812,2676.49,1.388,,50.001,11.181
2015,6,,Buttercup,ROV,,EYKT,5/14/2015,5/14/2015,,,,Mike,Byerly,Line Transect,1,5/14/2015,,,Hypack,Dive changed from 45 degree to 90 degree plan line mid transect.,Buttercup,1006,,5,25.843,1216.577,699.565,-2897.503,899.657,7:06:53,32.458,3219.468,0.919,,26.675,6.201
2015,7,,Buttercup,ROV,,EYKT,5/14/2015,5/14/2015,,,,Mike,Byerly,Line Transect,1,5/14/2015,,,Hypack,not yelloweye habitat,Buttercup,1008,,,,,,,,,,,,,,
2015,8,,Buttercup,ROV,,EYKT,5/14/2015,5/14/2015,,,,Mike,Byerly,Aborted,1,5/14/2015,,,Hypack,Dive aborted due to full hard disks. Restarted plan line on dive 9.,Buttercup,,,,,,,,,,,,,,,
2015,9,,Buttercup,ROV,,EYKT,5/14/2015,5/14/2015,,,,Mike,Byerly,Line Transect,1,5/14/2015,,,Hypack,,Buttercup,991,,,,,,,,,,,,,,
2015,10,,Buttercup,ROV,,EYKT,5/14/2015,5/14/2015,,,,Mike,Byerly,Line Transect,1,5/14/2015,,,Hypack,"unusual schooling behavior for yelloweye, many gravid yelloweye",Buttercup,1001,adult,4,4.296,-73.962,57.355,-1245.992,486.32,13:07:53,2.548,1249.503,5.345,great length orientation,9.296,22.966
2015,10,,Buttercup,ROV,,EYKT,5/14/2015,5/14/2015,,,,Mike,Byerly,Line Transect,1,5/14/2015,,,Hypack,"unusual schooling behavior for yelloweye, many gravid yelloweye",Buttercup,1001,adult,6,25.812,-2305.755,1684.157,-5903.266,673.251,13:09:40,156.388,6557.549,8.291,horiz angle > 30,38.563,11.097
2015,10,,Buttercup,ROV,,EYKT,5/14/2015,5/14/2015,,,,Mike,Byerly,Line Transect,1,5/14/2015,,,Hypack,"unusual schooling behavior for yelloweye, many gravid yelloweye",Buttercup,1001,adult,7,24.684,-847.237,-590.224,-2246.597,646.204,13:09:49,19.846,2472.524,8.525,,30.847,5.611
2015,10,,Buttercup,ROV,,EYKT,5/14/2015,5/14/2015,,,,Mike,Byerly,Line Transect,1,5/14/2015,,,Hypack,"unusual schooling behavior for yelloweye, many gravid yelloweye",Buttercup,1001,adult,8,17.351,45.887,-512.205,-1645.882,549.311,13:09:50,4.126,1724.351,4.389,,4.092,31.24
2015,10,,Buttercup,ROV,,EYKT,5/14/2015,5/14/2015,,,,Mike,Byerly,Line Transect,1,5/14/2015,,,Hypack,"unusual schooling behavior for yelloweye, many gravid yelloweye",Buttercup,1001,adult,12,13.759,266.858,-189.406,-1336.423,502.859,13:10:15,4.851,1375.905,5.846,horiz angle > 30,33.924,51.437
2015,10,,Buttercup,ROV,,EYKT,5/14/2015,5/14/2015,,,,Mike,Byerly,Line Transect,1,5/14/2015,,,Hypack,"unusual schooling behavior for yelloweye, many gravid yelloweye",Buttercup,1001,adult,16,19.248,131.094,-714.504,-2080.381,597.704,13:11:13,11.362,2203.563,4.998,,21.563,9.46
2015,10,,Buttercup,ROV,,EYKT,5/14/2015,5/14/2015,,,,Mike,Byerly,Line Transect,1,5/14/2015,,,Hypack,"unusual schooling behavior for yelloweye, many gravid yelloweye",Buttercup,1001,adult,17,18.103,999.753,22.808,-3058.955,605.142,13:11:12,21.459,3218.265,6.729,,1.829,6.317
2015,10,,Buttercup,ROV,,EYKT,5/14/2015,5/14/2015,,,,Mike,Byerly,Line Transect,1,5/14/2015,,,Hypack,"unusual schooling behavior for yelloweye, many gravid yelloweye",Buttercup,1001,adult,18,18.568,982.783,420.589,-3182.355,643.663,13:11:13,32.273,3357.103,8.424,horiz angle > 30,64.15,60.221
2015,10,,Buttercup,ROV,,EYKT,5/14/2015,5/14/2015,,,,Mike,Byerly,Line Transect,1,5/14/2015,,,Hypack,"unusual schooling behavior for yelloweye, many gravid yelloweye",Buttercup,1001,adult,19,8.282,340.36,366.432,-3435.829,661.608,13:11:12,19.893,3472.037,8.044,,12.455,1.403
2015,10,,Buttercup,ROV,,EYKT,5/14/2015,5/14/2015,,,,Mike,Byerly,Line Transect,1,5/14/2015,,,Hypack,"unusual schooling behavior for yelloweye, many gravid yelloweye",Buttercup,1001,adult,20,17.794,697.771,985.27,-3761.702,603.692,13:11:09,48.65,3950.702,5.972,,29.514,6.033
2015,10,,Buttercup,ROV,,EYKT,5/14/2015,5/14/2015,,,,Mike,Byerly,Line Transect,1,5/14/2015,,,Hypack,"unusual schooling behavior for yelloweye, many gravid yelloweye",Buttercup,1001,adult,22,20.986,806.898,-34.59,-2105.457,624.036,13:11:15,21.629,2255.046,4.331,horiz angle > 30,41.535,5.507
2015,10,,Buttercup,ROV,,EYKT,5/14/2015,5/14/2015,,,,Mike,Byerly,Line Transect,1,5/14/2015,,,Hypack,"unusual schooling behavior for yelloweye, many gravid yelloweye",Buttercup,1001,adult,26,27.209,-2607.18,1775.749,-6135.689,458.97,13:14:34,193.539,6899.083,12.755,"not a great length view. RMS > 10, horiz angle > 30",50.225,15.399
2015,10,,Buttercup,ROV,,EYKT,5/14/2015,5/14/2015,,,,Mike,Byerly,Line Transect,1,5/14/2015,,,Hypack,"unusual schooling behavior for yelloweye, many gravid yelloweye",Buttercup,1001,adult,27,21.065,840.358,1135.169,-3666.868,644.569,13:17:55,28.229,3929.47,6.396,,11.976,8.343
2015,10,,Buttercup,ROV,,EYKT,5/14/2015,5/14/2015,,,,Mike,Byerly,Line Transect,1,5/14/2015,,,Hypack,"unusual schooling behavior for yelloweye, many gravid yelloweye",Buttercup,1001,adult,29,25.763,868.973,1007.44,-2756.634,555.796,13:18:13,23.616,3060.895,8.737,,20.111,7.829
2015,10,,Buttercup,ROV,,EYKT,5/14/2015,5/14/2015,,,,Mike,Byerly,Line Transect,1,5/14/2015,,,Hypack,"unusual schooling behavior for yelloweye, many gravid yelloweye",Buttercup,1001,adult,35,22.986,-1025.87,-116.579,-2433.984,582.241,13:27:47,24.559,2643.914,2.292,horiz angle > 30,35.931,24.273
2015,10,,Buttercup,ROV,,EYKT,5/14/2015,5/14/2015,,,,Mike,Byerly,Line Transect,1,5/14/2015,,,Hypack,"unusual schooling behavior for yelloweye, many gravid yelloweye",Buttercup,1001,adult,52,20.572,406.276,346.788,-1423.2,660.083,13:50:15,12.06,1520.138,6.664,horiz angle > 30,54.285,2.306
2015,10,,Buttercup,ROV,,EYKT,5/14/2015,5/14/2015,,,,Mike,Byerly,Line Transect,1,5/14/2015,,,Hypack,"unusual schooling behavior for yelloweye, many gravid yelloweye",Buttercup,1001,juvenile,2,23.988,1188.765,-231.922,-2721.826,198.226,13:07:35,29.12,2979.142,7.595,,25.515,2.028
2015,10,,Buttercup,ROV,,EYKT,5/14/2015,5/14/2015,,,,Mike,Byerly,Line Transect,1,5/14/2015,,,Hypack,"unusual schooling behavior for yelloweye, many gravid yelloweye",Buttercup,1001,juvenile,13,17.569,292.862,-374.907,-1502.51,165.213,13:10:23,6.399,1576.027,2.988,,22.293,4.866
2015,10,,Buttercup,ROV,,EYKT,5/14/2015,5/14/2015,,,,Mike,Byerly,Line Transect,1,5/14/2015,,,Hypack,"unusual schooling behavior for yelloweye, many gravid yelloweye",Buttercup,1001,juvenile,33,28.028,1018.07,-98.623,-1921.444,163.808,13:23:02,21.628,2176.727,1.672,horiz angle > 30,58.579,11.95
2015,10,,Buttercup,ROV,,EYKT,5/14/2015,5/14/2015,,,,Mike,Byerly,Line Transect,1,5/14/2015,,,Hypack,"unusual schooling behavior for yelloweye, many gravid yelloweye",Buttercup,1001,juvenile,42,29.064,-728.089,-960.405,-2168.504,153.346,13:44:10,27.093,2480.907,1.784,horiz angle > 30,87.631,30.53
2015,10,,Buttercup,ROV,,EYKT,5/14/2015,5/14/2015,,,,Mike,Byerly,Line Transect,1,5/14/2015,,,Hypack,"unusual schooling behavior for yelloweye, many gravid yelloweye",Buttercup,1001,juvenile,46,6.386,-221.181,-87.77,-2126.287,217.669,13:48:28,12.056,2139.561,3.949,,23.205,2.618
2015,10,,Buttercup,ROV,,EYKT,5/14/2015,5/14/2015,,,,Mike,Byerly,Line Transect,1,5/14/2015,,,Hypack,"unusual schooling behavior for yelloweye, many gravid yelloweye",Buttercup,1001,juvenile,47,15.967,-718.229,410.714,-2891.618,139.784,13:48:26,14.695,3007.655,6.382,,5.286,0.276
2015,10,,Buttercup,ROV,,EYKT,5/14/2015,5/14/2015,,,,Mike,Byerly,Line Transect,1,5/14/2015,,,Hypack,"unusual schooling behavior for yelloweye, many gravid yelloweye",Buttercup,1001,juvenile,54,20.764,-380.263,1169.915,-3244.528,325.415,13:50:51,17.019,3469.908,3.315,,10.247,22.881
2015,10,,Buttercup,ROV,,EYKT,5/14/2015,5/14/2015,,,,Mike,Byerly,Line Transect,1,5/14/2015,,,Hypack,"unusual schooling behavior for yelloweye, many gravid yelloweye",Buttercup,1001,subadult,28,29.389,1440.82,503.19,-2709.685,287.036,13:17:57,27.083,3109.913,7.389,,12.261,8.182
2015,10,,Buttercup,ROV,,EYKT,5/14/2015,5/14/2015,,,,Mike,Byerly,Line Transect,1,5/14/2015,,,Hypack,"unusual schooling behavior for yelloweye, many gravid yelloweye",Buttercup,1001,,5,19.15,-1165.562,139.644,-3380.496,1002.571,13:08:08,75.88,3578.518,4.796,horiz angle > 30,83.597,16.237
2015,10,,Buttercup,ROV,,EYKT,5/14/2015,5/14/2015,,,,Mike,Byerly,Line Transect,1,5/14/2015,,,Hypack,"unusual schooling behavior for yelloweye, many gravid yelloweye",Buttercup,1001,,21,15.76,362.6,-517.568,-2239.237,1055.272,13:11:18,9.391,2326.701,0.508,,9.532,42.429
2015,10,,Buttercup,ROV,,EYKT,5/14/2015,5/14/2015,,,,Mike,Byerly,Line Transect,1,5/14/2015,,,Hypack,"unusual schooling behavior for yelloweye, many gravid yelloweye",Buttercup,1001,,37,5.527,-73.34,305.931,-3251.009,879.765,13:29:47,37.183,3266.196,10.5,horiz angle > 30,36.143,27.148
2015,10,,Buttercup,ROV,,EYKT,5/14/2015,5/14/2015,,,,Mike,Byerly,Line Transect,1,5/14/2015,,,Hypack,"unusual schooling behavior for yelloweye, many gravid yelloweye",Buttercup,1001,,44,19.08,1036.935,96.105,-3010.729,695.753,13:47:09,27.76,3185.743,6.621,,19.348,13.882
2015,11,,Buttercup,ROV,,EYKT,5/14/2015,5/14/2015,,,,Mike,Byerly,Line Transect,1,5/14/2015,,,Hypack,"unusual schooling behavior for yelloweye; many gravid yelloweye. Video split into 11a and 11b due to pause to fix belly camera, but only 11b was reviewed.",Buttercup,800,adult,2,20.004,-1070.805,-844.957,-3746.866,561.294,14:39:50,33.579,3987.427,7.129,,13.778,17.265
2015,11,,Buttercup,ROV,,EYKT,5/14/2015,5/14/2015,,,,Mike,Byerly,Line Transect,1,5/14/2015,,,Hypack,"unusual schooling behavior for yelloweye; many gravid yelloweye. Video split into 11a and 11b due to pause to fix belly camera, but only 11b was reviewed.",Buttercup,800,adult,5,28.256,-823.384,-764.929,-2091.127,464.429,14:43:56,12.38,2374.003,3.528,,10.258,9.673
2015,11,,Buttercup,ROV,,EYKT,5/14/2015,5/14/2015,,,,Mike,Byerly,Line Transect,1,5/14/2015,,,Hypack,"unusual schooling behavior for yelloweye; many gravid yelloweye. Video split into 11a and 11b due to pause to fix belly camera, but only 11b was reviewed.",Buttercup,800,adult,16,14.568,368.406,274.137,-1767.027,580.312,14:53:44,7.409,1825.722,4.051,,14.589,2.454
2015,11,,Buttercup,ROV,,EYKT,5/14/2015,5/14/2015,,,,Mike,Byerly,Line Transect,1,5/14/2015,,,Hypack,"unusual schooling behavior for yelloweye; many gravid yelloweye. Video split into 11a and 11b due to pause to fix belly camera, but only 11b was reviewed.",Buttercup,800,adult,32,16.681,474.754,-33.106,-1588.193,626.906,15:01:35,12.843,1657.964,3.784,horiz angle > 30,45.079,5.628
2015,11,,Buttercup,ROV,,EYKT,5/14/2015,5/14/2015,,,,Mike,Byerly,Line Transect,1,5/14/2015,,,Hypack,"unusual schooling behavior for yelloweye; many gravid yelloweye. Video split into 11a and 11b due to pause to fix belly camera, but only 11b was reviewed.",Buttercup,800,adult,36,20.41,1247.108,-55.935,-3355.026,430.923,15:02:11,31.745,3579.749,11.908,RMS = 11,12.091,10.049
2015,11,,Buttercup,ROV,,EYKT,5/14/2015,5/14/2015,,,,Mike,Byerly,Line Transect,1,5/14/2015,,,Hypack,"unusual schooling behavior for yelloweye; many gravid yelloweye. Video split into 11a and 11b due to pause to fix belly camera, but only 11b was reviewed.",Buttercup,800,adult,38,12.688,-245.699,-334.009,-1841.727,622.888,15:04:18,10.599,1887.826,4.577,,30.441,29.308
2015,11,,Buttercup,ROV,,EYKT,5/14/2015,5/14/2015,,,,Mike,Byerly,Line Transect,1,5/14/2015,,,Hypack,"unusual schooling behavior for yelloweye; many gravid yelloweye. Video split into 11a and 11b due to pause to fix belly camera, but only 11b was reviewed.",Buttercup,800,adult,39,21.077,-201.892,-697.255,-1883.503,648.979,15:04:19,13.383,2018.541,1.306,horiz angle > 30,32.963,0.803
2015,11,,Buttercup,ROV,,EYKT,5/14/2015,5/14/2015,,,,Mike,Byerly,Line Transect,1,5/14/2015,,,Hypack,"unusual schooling behavior for yelloweye; many gravid yelloweye. Video split into 11a and 11b due to pause to fix belly camera, but only 11b was reviewed.",Buttercup,800,adult,41,20.26,1100.257,1548.972,-5147.259,620.663,15:04:20,69.2,5486.726,15.07,"precision, RMS & horiz angle poor",20.266,17.94
2015,11,,Buttercup,ROV,,EYKT,5/14/2015,5/14/2015,,,,Mike,Byerly,Line Transect,1,5/14/2015,,,Hypack,"unusual schooling behavior for yelloweye; many gravid yelloweye. Video split into 11a and 11b due to pause to fix belly camera, but only 11b was reviewed.",Buttercup,800,adult,50,17.574,-522.241,131.497,-1700.34,548.523,15:05:55,12.302,1783.587,3.354,horiz angle > 30,45.36,32.083
2015,11,,Buttercup,ROV,,EYKT,5/14/2015,5/14/2015,,,,Mike,Byerly,Line Transect,1,5/14/2015,,,Hypack,"unusual schooling behavior for yelloweye; many gravid yelloweye. Video split into 11a and 11b due to pause to fix belly camera, but only 11b was reviewed.",Buttercup,800,adult,51,23.815,-796.425,657.485,-2339.854,573.63,15:05:56,22.196,2557.635,1.75,,39.432,30.049
2015,11,,Buttercup,ROV,,EYKT,5/14/2015,5/14/2015,,,,Mike,Byerly,Line Transect,1,5/14/2015,,,Hypack,"unusual schooling behavior for yelloweye; many gravid yelloweye. Video split into 11a and 11b due to pause to fix belly camera, but only 11b was reviewed.",Buttercup,800,adult,53,19.437,-515.322,-379.844,-1814.195,645.803,15:06:02,11.775,1923.835,2.581,,29.97,16.795
2015,11,,Buttercup,ROV,,EYKT,5/14/2015,5/14/2015,,,,Mike,Byerly,Line Transect,1,5/14/2015,,,Hypack,"unusual schooling behavior for yelloweye; many gravid yelloweye. Video split into 11a and 11b due to pause to fix belly camera, but only 11b was reviewed.",Buttercup,800,adult,54,22.565,-980.384,-78.251,-2366.817,647.265,15:06:02,15.775,2563.025,3.65,,3.026,4.443
2015,11,,Buttercup,ROV,,EYKT,5/14/2015,5/14/2015,,,,Mike,Byerly,Line Transect,1,5/14/2015,,,Hypack,"unusual schooling behavior for yelloweye; many gravid yelloweye. Video split into 11a and 11b due to pause to fix belly camera, but only 11b was reviewed.",Buttercup,800,adult,57,14.829,-575.926,607.989,-3163.24,702.467,15:06:06,21.047,3272.22,4.357,,15.76,24.82
2015,11,,Buttercup,ROV,,EYKT,5/14/2015,5/14/2015,,,,Mike,Byerly,Line Transect,1,5/14/2015,,,Hypack,"unusual schooling behavior for yelloweye; many gravid yelloweye. Video split into 11a and 11b due to pause to fix belly camera, but only 11b was reviewed.",Buttercup,800,adult,58,4.652,-179.425,180.318,-3125.887,597.76,15:06:06,12.282,3136.22,4.121,,9.242,12.908
2015,11,,Buttercup,ROV,,EYKT,5/14/2015,5/14/2015,,,,Mike,Byerly,Line Transect,1,5/14/2015,,,Hypack,"unusual schooling behavior for yelloweye; many gravid yelloweye. Video split into 11a and 11b due to pause to fix belly camera, but only 11b was reviewed.",Buttercup,800,adult,62,20.429,1250.825,78.917,-3364.928,556.094,15:06:45,36.018,3590.756,14.907,RMS > 10,18.681,8.741
2015,11,,Buttercup,ROV,,EYKT,5/14/2015,5/14/2015,,,,Mike,Byerly,Line Transect,1,5/14/2015,,,Hypack,"unusual schooling behavior for yelloweye; many gravid yelloweye. Video split into 11a and 11b due to pause to fix belly camera, but only 11b was reviewed.",Buttercup,800,adult,63,20.282,778.606,-473.34,-2465.721,621.207,15:06:43,21.606,2628.699,12.523,"horiz angle > 30, RMS > 10",59.603,55.507
2015,11,,Buttercup,ROV,,EYKT,5/14/2015,5/14/2015,,,,Mike,Byerly,Line Transect,1,5/14/2015,,,Hypack,"unusual schooling behavior for yelloweye; many gravid yelloweye. Video split into 11a and 11b due to pause to fix belly camera, but only 11b was reviewed.",Buttercup,800,adult,65,20.083,624.919,-669.119,-2504.167,728.778,15:06:45,18.169,2666.288,2.668,horiz angle > 30,31.99,48.22
2015,11,,Buttercup,ROV,,EYKT,5/14/2015,5/14/2015,,,,Mike,Byerly,Line Transect,1,5/14/2015,,,Hypack,"unusual schooling behavior for yelloweye; many gravid yelloweye. Video split into 11a and 11b due to pause to fix belly camera, but only 11b was reviewed.",Buttercup,800,adult,66,17.366,437.657,964.398,-3386.436,548.957,15:06:45,18.046,3548.176,5.771,,2.956,47.818
2015,11,,Buttercup,ROV,,EYKT,5/14/2015,5/14/2015,,,,Mike,Byerly,Line Transect,1,5/14/2015,,,Hypack,"unusual schooling behavior for yelloweye; many gravid yelloweye. Video split into 11a and 11b due to pause to fix belly camera, but only 11b was reviewed.",Buttercup,800,adult,71,9.66,-675.56,554.627,-5134.899,652.292,15:08:57,90.824,5208.76,8.888,"horiz angle > 30, precision poor",32.845,18.2
2015,11,,Buttercup,ROV,,EYKT,5/14/2015,5/14/2015,,,,Mike,Byerly,Line Transect,1,5/14/2015,,,Hypack,"unusual schooling behavior for yelloweye; many gravid yelloweye. Video split into 11a and 11b due to pause to fix belly camera, but only 11b was reviewed.",Buttercup,800,adult,72,11.272,-552.212,1126.998,-6296.735,642.456,15:08:54,102.885,6420.587,7.605,poor precision,23.812,17.163
2015,11,,Buttercup,ROV,,EYKT,5/14/2015,5/14/2015,,,,Mike,Byerly,Line Transect,1,5/14/2015,,,Hypack,"unusual schooling behavior for yelloweye; many gravid yelloweye. Video split into 11a and 11b due to pause to fix belly camera, but only 11b was reviewed.",Buttercup,800,adult,75,6.925,-219.2,-296.478,-3035.65,578.222,15:08:54,15.272,3057.96,5.734,,13.073,8.876
2015,11,,Buttercup,ROV,,EYKT,5/14/2015,5/14/2015,,,,Mike,Byerly,Line Transect,1,5/14/2015,,,Hypack,"unusual schooling behavior for yelloweye; many gravid yelloweye. Video split into 11a and 11b due to pause to fix belly camera, but only 11b was reviewed.",Buttercup,800,adult,77,8.168,-541.364,-49.066,-3787.359,574.069,15:08:57,15.92,3826.169,7.194,,2.821,8.785
2015,11,,Buttercup,ROV,,EYKT,5/14/2015,5/14/2015,,,,Mike,Byerly,Line Transect,1,5/14/2015,,,Hypack,"unusual schooling behavior for yelloweye; many gravid yelloweye. Video split into 11a and 11b due to pause to fix belly camera, but only 11b was reviewed.",Buttercup,800,adult,78,23.99,-658.841,-837.248,-2394.057,624.881,15:08:59,11.76,2620.413,1.863,,4.29,20.16
2015,11,,Buttercup,ROV,,EYKT,5/14/2015,5/14/2015,,,,Mike,Byerly,Line Transect,1,5/14/2015,,,Hypack,"unusual schooling behavior for yelloweye; many gravid yelloweye. Video split into 11a and 11b due to pause to fix belly camera, but only 11b was reviewed.",Buttercup,800,adult,79,13.717,-804.243,-354.435,-3600.533,591.539,15:08:58,19.943,3706.247,11.801,RMS = 11,0.516,13.508
2015,11,,Buttercup,ROV,,EYKT,5/14/2015,5/14/2015,,,,Mike,Byerly,Line Transect,1,5/14/2015,,,Hypack,"unusual schooling behavior for yelloweye; many gravid yelloweye. Video split into 11a and 11b due to pause to fix belly camera, but only 11b was reviewed.",Buttercup,800,adult,80,13.188,130.1,-632.97,-2757.647,543.996,15:08:58,10.815,2832.348,1.432,,10.637,21.611
2015,11,,Buttercup,ROV,,EYKT,5/14/2015,5/14/2015,,,,Mike,Byerly,Line Transect,1,5/14/2015,,,Hypack,"unusual schooling behavior for yelloweye; many gravid yelloweye. Video split into 11a and 11b due to pause to fix belly camera, but only 11b was reviewed.",Buttercup,800,adult,83,8.431,-20.824,-455.766,-3077.972,605.594,15:08:59,8.893,3111.602,5.89,,5.799,19.486
2015,11,,Buttercup,ROV,,EYKT,5/14/2015,5/14/2015,,,,Mike,Byerly,Line Transect,1,5/14/2015,,,Hypack,"unusual schooling behavior for yelloweye; many gravid yelloweye. Video split into 11a and 11b due to pause to fix belly camera, but only 11b was reviewed.",Buttercup,800,adult,86,11.148,605.805,-21.999,-3076.12,605.99,15:09:06,14.741,3135.283,4.732,,7.138,20.396
2015,11,,Buttercup,ROV,,EYKT,5/14/2015,5/14/2015,,,,Mike,Byerly,Line Transect,1,5/14/2015,,,Hypack,"unusual schooling behavior for yelloweye; many gravid yelloweye. Video split into 11a and 11b due to pause to fix belly camera, but only 11b was reviewed.",Buttercup,800,adult,87,24.386,649.83,-745.261,-2181.171,717.633,15:09:02,23.992,2394.827,6.364,horiz angle > 30,45.773,7.512
2015,11,,Buttercup,ROV,,EYKT,5/14/2015,5/14/2015,,,,Mike,Byerly,Line Transect,1,5/14/2015,,,Hypack,"unusual schooling behavior for yelloweye; many gravid yelloweye. Video split into 11a and 11b due to pause to fix belly camera, but only 11b was reviewed.",Buttercup,800,adult,88,9.268,-161.08,-76.124,-1091.763,676.668,15:09:21,4.377,1106.204,1.626,horiz angle > 30,41.245,41.178
2015,11,,Buttercup,ROV,,EYKT,5/14/2015,5/14/2015,,,,Mike,Byerly,Line Transect,1,5/14/2015,,,Hypack,"unusual schooling behavior for yelloweye; many gravid yelloweye. Video split into 11a and 11b due to pause to fix belly camera, but only 11b was reviewed.",Buttercup,800,adult,89,15.147,-212.631,1482.218,-5531.621,635.537,15:09:21,57.518,5730.708,7.098,precision poor,16.276,4.377
2015,11,,Buttercup,ROV,,EYKT,5/14/2015,5/14/2015,,,,Mike,Byerly,Line Transect,1,5/14/2015,,,Hypack,"unusual schooling behavior for yelloweye; many gravid yelloweye. Video split into 11a and 11b due to pause to fix belly camera, but only 11b was reviewed.",Buttercup,800,adult,118,3.785,139.401,140.698,-2993.863,634.023,15:09:06,10.728,3000.407,3.395,,8.011,1.421
2015,11,,Buttercup,ROV,,EYKT,5/14/2015,5/14/2015,,,,Mike,Byerly,Line Transect,1,5/14/2015,,,Hypack,"unusual schooling behavior for yelloweye; many gravid yelloweye. Video split into 11a and 11b due to pause to fix belly camera, but only 11b was reviewed.",Buttercup,800,juvenile,7,26.823,906.652,556.457,-2103.838,172.067,14:46:28,10.629,2357.498,5.047,,6.144,48.133
2015,11,,Buttercup,ROV,,EYKT,5/14/2015,5/14/2015,,,,Mike,Byerly,Line Transect,1,5/14/2015,,,Hypack,"unusual schooling behavior for yelloweye; many gravid yelloweye. Video split into 11a and 11b due to pause to fix belly camera, but only 11b was reviewed.",Buttercup,800,juvenile,8,29.017,829.911,893.172,-2198.031,141.25,14:46:29,13.299,2513.533,10.286,horiz angle > 30,33.439,82.051
2015,11,,Buttercup,ROV,,EYKT,5/14/2015,5/14/2015,,,,Mike,Byerly,Line Transect,1,5/14/2015,,,Hypack,"unusual schooling behavior for yelloweye; many gravid yelloweye. Video split into 11a and 11b due to pause to fix belly camera, but only 11b was reviewed.",Buttercup,800,juvenile,10,22.789,111.051,-817.986,-1964.847,233.136,14:48:49,24.435,2131.211,4.718,horiz angle > 30,74.989,9.426
2015,11,,Buttercup,ROV,,EYKT,5/14/2015,5/14/2015,,,,Mike,Byerly,Line Transect,1,5/14/2015,,,Hypack,"unusual schooling behavior for yelloweye; many gravid yelloweye. Video split into 11a and 11b due to pause to fix belly camera, but only 11b was reviewed.",Buttercup,800,juvenile,11,21.716,-4.067,1339.579,-3363.415,350.86,14:49:23,14.655,3620.366,3.603,,9.288,15.409
2015,11,,Buttercup,ROV,,EYKT,5/14/2015,5/14/2015,,,,Mike,Byerly,Line Transect,1,5/14/2015,,,Hypack,"unusual schooling behavior for yelloweye; many gravid yelloweye. Video split into 11a and 11b due to pause to fix belly camera, but only 11b was reviewed.",Buttercup,800,juvenile,23,11.267,169.293,665.823,-3448.576,268.45,14:56:42,16.347,3516.342,7.621,,11.483,8.131
2015,11,,Buttercup,ROV,,EYKT,5/14/2015,5/14/2015,,,,Mike,Byerly,Line Transect,1,5/14/2015,,,Hypack,"unusual schooling behavior for yelloweye; many gravid yelloweye. Video split into 11a and 11b due to pause to fix belly camera, but only 11b was reviewed.",Buttercup,800,juvenile,28,26.867,-1532.52,-41.307,-3026.125,287.272,15:00:14,41.022,3392.308,2.243,,41.298,24.823
2015,11,,Buttercup,ROV,,EYKT,5/14/2015,5/14/2015,,,,Mike,Byerly,Line Transect,1,5/14/2015,,,Hypack,"unusual schooling behavior for yelloweye; many gravid yelloweye. Video split into 11a and 11b due to pause to fix belly camera, but only 11b was reviewed.",Buttercup,800,subadult,18,28.13,1329.331,757.773,-2862.149,403.54,14:55:09,30.153,3245.495,11.529,RMS = 11,20.192,6.268
2015,11,,Buttercup,ROV,,EYKT,5/14/2015,5/14/2015,,,,Mike,Byerly,Line Transect,1,5/14/2015,,,Hypack,"unusual schooling behavior for yelloweye; many gravid yelloweye. Video split into 11a and 11b due to pause to fix belly camera, but only 11b was reviewed.",Buttercup,800,subadult,26,16.895,97.414,-561.266,-1875.506,387.865,14:59:38,12.939,1960.11,1.808,horiz angle = 40,40.957,37.245
2015,11,,Buttercup,ROV,,EYKT,5/14/2015,5/14/2015,,,,Mike,Byerly,Line Transect,1,5/14/2015,,,Hypack,"unusual schooling behavior for yelloweye; many gravid yelloweye. Video split into 11a and 11b due to pause to fix belly camera, but only 11b was reviewed.",Buttercup,800,,27,27.41,1765.562,1407.014,-4353.498,1083.771,15:00:03,60.982,4904.064,19.379,"high RMS,precisionhoriz angle > 30",16.821,20.298
2015,11,,Buttercup,ROV,,EYKT,5/14/2015,5/14/2015,,,,Mike,Byerly,Line Transect,1,5/14/2015,,,Hypack,"unusual schooling behavior for yelloweye; many gravid yelloweye. Video split into 11a and 11b due to pause to fix belly camera, but only 11b was reviewed.",Buttercup,800,,47,24.167,-83.566,2471.105,-5510.191,1293.417,15:05:50,80.808,6039.499,11.196,poor precision  in length . RMS=11,22.868,9.547
2015,11,,Buttercup,ROV,,EYKT,5/14/2015,5/14/2015,,,,Mike,Byerly,Line Transect,1,5/14/2015,,,Hypack,"unusual schooling behavior for yelloweye; many gravid yelloweye. Video split into 11a and 11b due to pause to fix belly camera, but only 11b was reviewed.",Buttercup,800,,52,17.526,-866.949,525.767,-3210.673,1055.597,15:06:00,23.121,3366.965,10.703,,9.066,5.47
2015,11,,Buttercup,ROV,,EYKT,5/14/2015,5/14/2015,,,,Mike,Byerly,Line Transect,1,5/14/2015,,,Hypack,"unusual schooling behavior for yelloweye; many gravid yelloweye. Video split into 11a and 11b due to pause to fix belly camera, but only 11b was reviewed.",Buttercup,800,,61,26.507,1185.892,1051.88,-3178.468,1068.517,15:06:21,44.246,3551.824,6.056,horiz angle > 30,41.859,30.639
2015,11,,Buttercup,ROV,,EYKT,5/14/2015,5/14/2015,,,,Mike,Byerly,Line Transect,1,5/14/2015,,,Hypack,"unusual schooling behavior for yelloweye; many gravid yelloweye. Video split into 11a and 11b due to pause to fix belly camera, but only 11b was reviewed.",Buttercup,800,,96,19.619,1108.037,73.546,-3115.392,849.224,15:10:16,24.309,3307.389,2.669,,1.457,11.745
2015,11,,Buttercup,ROV,,EYKT,5/14/2015,5/14/2015,,,,Mike,Byerly,Line Transect,1,5/14/2015,,,Hypack,"unusual schooling behavior for yelloweye; many gravid yelloweye. Video split into 11a and 11b due to pause to fix belly camera, but only 11b was reviewed.",Buttercup,800,,101,9.132,488.669,-186.409,-3253.674,1015.167,15:11:21,52.235,3295.442,19.5,"RMS > 10, horiz angle > 30",50.355,20.348
2015,11,,Buttercup,ROV,,EYKT,5/14/2015,5/14/2015,,,,Mike,Byerly,Line Transect,1,5/14/2015,,,Hypack,"unusual schooling behavior for yelloweye; many gravid yelloweye. Video split into 11a and 11b due to pause to fix belly camera, but only 11b was reviewed.",Buttercup,800,,107,7.231,-291.564,-151.389,-2589.447,899.1,15:14:21,9.845,2610.204,4.787,,4.229,6.413
2015,11,,Buttercup,ROV,,EYKT,5/14/2015,5/14/2015,,,,Mike,Byerly,Line Transect,1,5/14/2015,,,Hypack,"unusual schooling behavior for yelloweye; many gravid yelloweye. Video split into 11a and 11b due to pause to fix belly camera, but only 11b was reviewed.",Buttercup,800,,111,16.285,-856.1,506.761,-3405.357,1023.613,15:16:28,21.762,3547.699,2.286,,7.681,30.203
2015,12,,Buttercup,ROV,,EYKT,5/14/2015,5/14/2015,,,,Mike,Byerly,Line Transect,1,5/14/2015,,,Hypack,,Buttercup,997,adult,3,24.342,-1637.96,667.668,-3909.918,535.234,15:51:25,46.74,4291.405,5.56,poor precision,14.301,14.575
2015,12,,Buttercup,ROV,,EYKT,5/14/2015,5/14/2015,,,,Mike,Byerly,Line Transect,1,5/14/2015,,,Hypack,,Buttercup,997,adult,20,27.977,1776.998,514.494,-3482.63,547.101,16:08:47,39.718,3943.493,10.131,RMS just over 10,21.724,36.704
2015,12,,Buttercup,ROV,,EYKT,5/14/2015,5/14/2015,,,,Mike,Byerly,Line Transect,1,5/14/2015,,,Hypack,,Buttercup,997,adult,27,17.06,-347.046,-518.433,-2032.997,635.024,16:14:15,11.274,2126.568,2.289,great orientation,21.156,3.933
2015,12,,Buttercup,ROV,,EYKT,5/14/2015,5/14/2015,,,,Mike,Byerly,Line Transect,1,5/14/2015,,,Hypack,,Buttercup,997,adult,39,21.81,694.001,-438.055,-2050.82,488.467,16:27:46,10.039,2208.934,7.311,,3.375,14.867
2015,12,,Buttercup,ROV,,EYKT,5/14/2015,5/14/2015,,,,Mike,Byerly,Line Transect,1,5/14/2015,,,Hypack,,Buttercup,997,juvenile,4,14.308,-200.432,-485.965,-2061.04,187.249,15:51:44,4.228,2127.022,3.923,,4.49,13.251
2015,12,,Buttercup,ROV,,EYKT,5/14/2015,5/14/2015,,,,Mike,Byerly,Line Transect,1,5/14/2015,,,Hypack,,Buttercup,997,,30,24.482,-1552.614,468.095,-3561.348,715.959,16:15:14,38.172,3913.173,9.609,,9.004,1.992
2015,12,,Buttercup,ROV,,EYKT,5/14/2015,5/14/2015,,,,Mike,Byerly,Line Transect,1,5/14/2015,,,Hypack,,Buttercup,997,,32,11.48,-631.246,-250.506,-3344.029,886.346,16:18:09,48.823,3412.294,10.153,horiz angle > 30,39.578,7.854
2015,13,,Buttercup,ROV,,EYKT,5/14/2015,5/14/2015,,,,Mike,Byerly,Line Transect,1,5/14/2015,,,Hypack,,Buttercup,992,adult,2,22.761,-586.129,-863.432,-2487.333,487.708,17:01:44,25.295,2697.386,1.931,horiz angle > 30,45.461,36.906
2015,13,,Buttercup,ROV,,EYKT,5/14/2015,5/14/2015,,,,Mike,Byerly,Line Transect,1,5/14/2015,,,Hypack,,Buttercup,992,adult,5,13.999,-558.318,-330.781,-2603.012,601.015,17:04:08,22.241,2682.686,6.266,,27.012,0.161
2015,13,,Buttercup,ROV,,EYKT,5/14/2015,5/14/2015,,,,Mike,Byerly,Line Transect,1,5/14/2015,,,Hypack,,Buttercup,992,adult,18,24.752,1043.332,-677.809,-2698.514,530.397,17:23:38,42.349,2971.522,5.226,"horiz angle > 30 , precision poor",56.453,3.216
2015,13,,Buttercup,ROV,,EYKT,5/14/2015,5/14/2015,,,,Mike,Byerly,Line Transect,1,5/14/2015,,,Hypack,,Buttercup,992,subadult,26,8.051,-478.926,231.864,-3761.906,525.231,17:30:26,24.813,3799.351,4.211,,14.733,23.177
2015,14,,Buttercup,ROV,,EYKT,5/14/2015,5/14/2015,,,,Mike,Byerly,Line Transect,1,5/14/2015,,,Hypack,,Buttercup,992,adult,9,12.844,-853.871,698.323,-4838.062,629.536,18:19:19,32.276,4962.216,4.915,,5.897,12.489
2015,14,,Buttercup,ROV,,EYKT,5/14/2015,5/14/2015,,,,Mike,Byerly,Line Transect,1,5/14/2015,,,Hypack,,Buttercup,992,adult,17,26.832,1968.192,744.766,-4160.231,542.557,18:37:27,53.977,4662.186,10.086,hard to get a good precision,3.508,14.764
2015,14,,Buttercup,ROV,,EYKT,5/14/2015,5/14/2015,,,,Mike,Byerly,Line Transect,1,5/14/2015,,,Hypack,,Buttercup,992,,1,1.471,-52.305,62.344,-3168.319,944.303,18:14:14,18.521,3169.364,3.603,,13.969,2.116
2015,14,,Buttercup,ROV,,EYKT,5/14/2015,5/14/2015,,,,Mike,Byerly,Line Transect,1,5/14/2015,,,Hypack,,Buttercup,992,,40,15.468,-974.84,502.651,-3963.494,832.453,18:52:45,29.368,4112.451,9.095,,70.028,75.646
2015,15,,Buttercup,ROV,,EYKT,5/14/2015,5/14/2015,,,,Mike,Byerly,Line Transect,1,5/14/2015,,,Hypack,,Buttercup,995,adult,2,20.498,521.055,-697.183,-2328.178,441.139,19:51:20,16.54,2485.553,8.822,,29.427,38.744
2015,15,,Buttercup,ROV,,EYKT,5/14/2015,5/14/2015,,,,Mike,Byerly,Line Transect,1,5/14/2015,,,Hypack,,Buttercup,995,adult,5,15.089,597.816,-301.778,-2483.761,507.976,19:56:07,12.89,2572.455,4.821,good length orientation,11.979,18.176
2015,15,,Buttercup,ROV,,EYKT,5/14/2015,5/14/2015,,,,Mike,Byerly,Line Transect,1,5/14/2015,,,Hypack,,Buttercup,995,juvenile,3,22.323,-817.104,-551.255,-2400.516,304.794,19:51:20,11.882,2594.999,2.26,horiz angle > 30,52.92,75.384
2015,15,,Buttercup,ROV,,EYKT,5/14/2015,5/14/2015,,,,Mike,Byerly,Line Transect,1,5/14/2015,,,Hypack,,Buttercup,995,juvenile,17,20.203,-165.785,-688.781,-1925.176,349.138,20:20:28,4.361,2051.391,5.734,,6.345,2.501
2015,15,,Buttercup,ROV,,EYKT,5/14/2015,5/14/2015,,,,Mike,Byerly,Line Transect,1,5/14/2015,,,Hypack,,Buttercup,995,,4,16.536,844.693,704.355,-3704.337,927.748,19:52:01,24.627,3864.16,6.673,,3.099,0.043
2015,16,,Buttercup,ROV,,EYKT,5/15/2015,5/15/2015,,,,Mike,Byerly,Line Transect,1,5/15/2015,,,Hypack,,Buttercup,984,adult,8,19.061,831.629,-294.504,-2553.3,558.082,6:44:45,17.642,2701.422,15.506,"RMS > 10, hard to improve RMS",13.48,1.035
2015,16,,Buttercup,ROV,,EYKT,5/15/2015,5/15/2015,,,,Mike,Byerly,Line Transect,1,5/15/2015,,,Hypack,,Buttercup,984,juvenile,14,22.571,-730.835,-402.929,-2007.723,187.695,6:57:29,19.336,2174.264,1.176,horiz angle > 30,44.317,12.18
2015,16,,Buttercup,ROV,,EYKT,5/15/2015,5/15/2015,,,,Mike,Byerly,Line Transect,1,5/15/2015,,,Hypack,,Buttercup,984,subadult,18,25.148,1223.131,90.567,-2612.507,330.003,7:05:43,22.062,2886.077,4.209,,11.317,16.66
2015,17,,Buttercup,ROV,,EYKT,5/15/2015,5/15/2015,,,,Mike,Byerly,Line Transect,1,5/15/2015,,,Hypack,,Buttercup,986,adult,3,20.011,868.289,-200.342,-2446.758,476.47,7:41:56,23.882,2603.975,8.175,,30.674,4.624
2015,17,,Buttercup,ROV,,EYKT,5/15/2015,5/15/2015,,,,Mike,Byerly,Line Transect,1,5/15/2015,,,Hypack,,Buttercup,986,adult,6,23.107,1735.047,851.095,-4529.231,354.934,7:44:12,62.642,4924.295,14.251,RMS poor and precision poor,15.517,7.638
2015,17,,Buttercup,ROV,,EYKT,5/15/2015,5/15/2015,,,,Mike,Byerly,Line Transect,1,5/15/2015,,,Hypack,,Buttercup,986,adult,36,19.377,-282.052,-685.81,-2108.396,593.764,8:13:41,15.432,2234.999,2.155,horiz angle > 30,32.917,25.619
2015,17,,Buttercup,ROV,,EYKT,5/15/2015,5/15/2015,,,,Mike,Byerly,Line Transect,1,5/15/2015,,,Hypack,,Buttercup,986,adult,49,15.349,-982.85,629.374,-4251.931,518.583,8:19:16,43.657,4409.198,2.653,precision poor,17.058,10.27
2015,17,,Buttercup,ROV,,EYKT,5/15/2015,5/15/2015,,,,Mike,Byerly,Line Transect,1,5/15/2015,,,Hypack,,Buttercup,986,adult,51,9.49,294.399,-248.407,-2304.202,504.985,8:22:14,8.789,2336.177,5.937,,11.999,20.655
2015,17,,Buttercup,ROV,,EYKT,5/15/2015,5/15/2015,,,,Mike,Byerly,Line Transect,1,5/15/2015,,,Hypack,,Buttercup,986,adult,52,31.961,1713.154,897.866,-3100.065,615.095,8:22:19,61.901,3653.966,24.003,"not great rms, precision, or horiz",77.321,12.112
2015,17,,Buttercup,ROV,,EYKT,5/15/2015,5/15/2015,,,,Mike,Byerly,Line Transect,1,5/15/2015,,,Hypack,,Buttercup,986,adult,53,14.725,-161.857,-451.888,-1826.396,547.558,8:22:32,10.513,1888.418,1.639,,26.787,7.06
2015,17,,Buttercup,ROV,,EYKT,5/15/2015,5/15/2015,,,,Mike,Byerly,Line Transect,1,5/15/2015,,,Hypack,,Buttercup,986,adult,60,22.962,-1016.491,216.762,-2453.012,458.316,8:25:43,25.979,2664.115,4.894,horiz angle > 30,36.314,15.042
2015,17,,Buttercup,ROV,,EYKT,5/15/2015,5/15/2015,,,,Mike,Byerly,Line Transect,1,5/15/2015,,,Hypack,,Buttercup,986,subadult,45,6.576,-327.22,136.919,-3076.908,371.731,8:18:03,36.706,3097.287,3.73,horiz angle and precision poor,53.908,42.957
2015,17,,Buttercup,ROV,,EYKT,5/15/2015,5/15/2015,,,,Mike,Byerly,Line Transect,1,5/15/2015,,,Hypack,,Buttercup,986,,42,18.698,1054.88,1486.931,-5386.878,904.162,8:16:29,93.041,5687.02,19.328,RMS > 10,26.837,8.425
2015,17,,Buttercup,ROV,,EYKT,5/15/2015,5/15/2015,,,,Mike,Byerly,Line Transect,1,5/15/2015,,,Hypack,,Buttercup,986,,47,14.326,-209.264,-520.218,-2195.662,1099.703,8:18:41,33.238,2266.131,1.854,not a great orientation for length,72.336,14.588
2015,17,,Buttercup,ROV,,EYKT,5/15/2015,5/15/2015,,,,Mike,Byerly,Line Transect,1,5/15/2015,,,Hypack,,Buttercup,986,,48,13.574,88.73,-577.173,-2418.509,703.437,8:18:57,17.598,2488.009,9.679,"not great orientation for length , horiz angle > 30",58.632,62.648
2015,17,,Buttercup,ROV,,EYKT,5/15/2015,5/15/2015,,,,Mike,Byerly,Line Transect,1,5/15/2015,,,Hypack,,Buttercup,986,,50,22.692,317.594,-605.617,-1635.399,902.409,8:19:39,7.695,1772.616,4.569,,14.883,2.656
2015,17,,Buttercup,ROV,,EYKT,5/15/2015,5/15/2015,,,,Mike,Byerly,Line Transect,1,5/15/2015,,,Hypack,,Buttercup,986,,61,7.271,8.276,-275.788,-2162.468,831.409,8:27:24,11.692,2179.999,7.595,,20.202,12.88
2015,18,,Buttercup,ROV,,EYKT,5/15/2015,5/15/2015,,,,Mike,Byerly,Line Transect,1,5/15/2015,,,Hypack,"nice corals, including red tree",Buttercup,980,adult,20,22.656,-1214.913,-104.004,-2921.22,710.759,9:34:13,16.093,3165.494,4.216,good length orientation,2.492,49.585
2015,18,,Buttercup,ROV,,EYKT,5/15/2015,5/15/2015,,,,Mike,Byerly,Line Transect,1,5/15/2015,,,Hypack,"nice corals, including red tree",Buttercup,980,adult,27,25.429,-1424.297,-1154.45,-3856.04,651.85,9:36:12,92.544,4269.709,7.662,poor precision and horiz angle,81.305,19.656
2015,18,,Buttercup,ROV,,EYKT,5/15/2015,5/15/2015,,,,Mike,Byerly,Line Transect,1,5/15/2015,,,Hypack,"nice corals, including red tree",Buttercup,980,adult,32,20.919,-715.763,-535.373,-2338.36,549.135,9:39:31,21.761,2503.371,3.282,horiz angle > 30,35.125,17.317
2015,18,,Buttercup,ROV,,EYKT,5/15/2015,5/15/2015,,,,Mike,Byerly,Line Transect,1,5/15/2015,,,Hypack,"nice corals, including red tree",Buttercup,980,juvenile,24,10.008,-3.536,-443.165,-2511.328,191.562,9:35:24,14.907,2550.132,4.568,,22.715,24.219
2015,18,,Buttercup,ROV,,EYKT,5/15/2015,5/15/2015,,,,Mike,Byerly,Line Transect,1,5/15/2015,,,Hypack,"nice corals, including red tree",Buttercup,980,juvenile,31,23.776,55.805,-971.36,-2208.46,343.098,9:39:08,14.567,2413.286,2.189,,26.668,24.761
2015,18,,Buttercup,ROV,,EYKT,5/15/2015,5/15/2015,,,,Mike,Byerly,Line Transect,1,5/15/2015,,,Hypack,"nice corals, including red tree",Buttercup,980,juvenile,37,27.418,1043.08,-702.727,-2424.496,280.148,9:44:29,17.007,2731.304,5.774,,2.423,8.064
2015,18,,Buttercup,ROV,,EYKT,5/15/2015,5/15/2015,,,,Mike,Byerly,Line Transect,1,5/15/2015,,,Hypack,"nice corals, including red tree",Buttercup,980,subadult,23,11.379,-775.603,-226.868,-4015.223,428.614,9:35:21,23.184,4095.735,1.18,,5.409,9.429
2015,18,,Buttercup,ROV,,EYKT,5/15/2015,5/15/2015,,,,Mike,Byerly,Line Transect,1,5/15/2015,,,Hypack,"nice corals, including red tree",Buttercup,980,subadult,40,9.344,501.812,369.003,-3785.498,372.067,9:44:41,32.14,3836.401,8.419,,18.651,9.324
2015,18,,Buttercup,ROV,,EYKT,5/15/2015,5/15/2015,,,,Mike,Byerly,Line Transect,1,5/15/2015,,,Hypack,"nice corals, including red tree",Buttercup,980,subadult,42,21.998,245.258,-1171.083,-2961.672,483.688,9:45:25,50.813,3194.227,3.224,bad horiz angle > 30 and poor precision,76.957,29.381
2015,18,,Buttercup,ROV,,EYKT,5/15/2015,5/15/2015,,,,Mike,Byerly,Line Transect,1,5/15/2015,,,Hypack,"nice corals, including red tree",Buttercup,980,subadult,43,14.31,46.053,-657.946,-2585.652,411.493,9:45:48,21.742,2668.447,5.817,,29.751,9.348
2015,18,,Buttercup,ROV,,EYKT,5/15/2015,5/15/2015,,,,Mike,Byerly,Line Transect,1,5/15/2015,,,Hypack,"nice corals, including red tree",Buttercup,980,,9,22.425,882.309,-983.64,-3201.878,963.437,9:27:06,42.372,3463.818,11.836,"poor horiz direction and precision , RMS > 10",49.405,41.893
2015,18,,Buttercup,ROV,,EYKT,5/15/2015,5/15/2015,,,,Mike,Byerly,Line Transect,1,5/15/2015,,,Hypack,"nice corals, including red tree",Buttercup,980,,18,10.825,-262.421,831.913,-4562.045,865.813,9:33:05,20.917,4644.695,20.368,RMS > 10,5.958,0.415
2015,18,,Buttercup,ROV,,EYKT,5/15/2015,5/15/2015,,,,Mike,Byerly,Line Transect,1,5/15/2015,,,Hypack,"nice corals, including red tree",Buttercup,980,,19,24.445,-1931.99,963.822,-4749.648,908.958,9:33:04,60.205,5217.346,3.408,precision poor,4.44,15.119
2015,18,,Buttercup,ROV,,EYKT,5/15/2015,5/15/2015,,,,Mike,Byerly,Line Transect,1,5/15/2015,,,Hypack,"nice corals, including red tree",Buttercup,980,,39,12.273,188.209,-540.558,-2631.088,838.224,9:44:35,26.982,2692.628,13.485,"birds eye length view, horiz angle > 30 , RMS > 10",36.526,16.513
2015,19,,Buttercup,ROV,,EYKT,5/15/2015,5/15/2015,,,,Mike,Byerly,Line Transect,1,5/15/2015,,,Hypack,Great sponges.,Buttercup,961,adult,10,6.617,-311.915,-84.042,-2784.695,693.102,11:05:01,34.848,2803.37,3.19,horiz angle > 30,67.585,43.184
2015,19,,Buttercup,ROV,,EYKT,5/15/2015,5/15/2015,,,,Mike,Byerly,Line Transect,1,5/15/2015,,,Hypack,Great sponges.,Buttercup,961,,1,21.982,-1376.027,438.67,-3577.838,813.182,10:37:34,49.229,3858.342,2.713,horiz angle > 30,35.441,28.45
2015,19,,Buttercup,ROV,,EYKT,5/15/2015,5/15/2015,,,,Mike,Byerly,Line Transect,1,5/15/2015,,,Hypack,Great sponges.,Buttercup,961,,2,11.486,638.109,-119.335,-3194.742,1055.043,10:41:51,55.595,3260.031,7.457,poor RMS and horiz angle,55.22,17.053
2015,19,,Buttercup,ROV,,EYKT,5/15/2015,5/15/2015,,,,Mike,Byerly,Line Transect,1,5/15/2015,,,Hypack,Great sponges.,Buttercup,961,,3,20.696,1251.157,-15.53,-3311.959,917.442,10:45:34,37.102,3540.439,8.074,,21.334,17.645
2015,19,,Buttercup,ROV,,EYKT,5/15/2015,5/15/2015,,,,Mike,Byerly,Line Transect,1,5/15/2015,,,Hypack,Great sponges.,Buttercup,961,,5,14.818,464.923,-380.812,-2271.7,789.072,10:50:34,24.997,2349.85,6.674,horiz angle > 30,51.843,27.825
2015,19,,Buttercup,ROV,,EYKT,5/15/2015,5/15/2015,,,,Mike,Byerly,Line Transect,1,5/15/2015,,,Hypack,Great sponges.,Buttercup,961,,14,24.102,-1494.569,-140.313,-3355.503,1084.621,11:10:20,51.389,3675.98,3.394,"poor rms, horiz angle > 30",34.266,1.446
2015,19,,Buttercup,ROV,,EYKT,5/15/2015,5/15/2015,,,,Mike,Byerly,Line Transect,1,5/15/2015,,,Hypack,Great sponges.,Buttercup,961,,15,21.56,662.042,-651.152,-2350.211,640.489,11:11:51,16.661,2527.012,9.467,,28.071,41.243
2015,20,,Buttercup,ROV,,EYKT,5/15/2015,5/15/2015,,,,Mike,Byerly,Line Transect,1,5/15/2015,,,Hypack,great coral.,Buttercup,1000,adult,1,19.98,-1393.122,96.07,-3840.938,581.736,12:43:19,34.61,4086.909,3.679,,2.163,16.59
2015,21,,Buttercup,ROV,,EYKT,5/15/2015,5/15/2015,,,,Mike,Byerly,Line Transect,1,5/15/2015,,,Hypack,,Buttercup,998,adult,4,22.884,-196.828,1575.386,-3761.447,626.91,14:17:13,42.121,4082.777,2.358,,26.365,10.082
2015,21,,Buttercup,ROV,,EYKT,5/15/2015,5/15/2015,,,,Mike,Byerly,Line Transect,1,5/15/2015,,,Hypack,,Buttercup,998,adult,8,10.087,-616.143,317.11,-3895.373,682.616,14:20:08,37.948,3956.529,0.604,,20.69,13.443
2015,21,,Buttercup,ROV,,EYKT,5/15/2015,5/15/2015,,,,Mike,Byerly,Line Transect,1,5/15/2015,,,Hypack,,Buttercup,998,adult,30,23.775,378.275,1112.855,-2668.066,518.328,14:29:02,17.757,2915.495,0.267,,19.933,1.902
2015,21,,Buttercup,ROV,,EYKT,5/15/2015,5/15/2015,,,,Mike,Byerly,Line Transect,1,5/15/2015,,,Hypack,,Buttercup,998,adult,38,24.469,137.168,-560.461,-1267.923,599.61,14:31:26,4.455,1393.04,2.033,,19.703,22.58
2015,21,,Buttercup,ROV,,EYKT,5/15/2015,5/15/2015,,,,Mike,Byerly,Line Transect,1,5/15/2015,,,Hypack,,Buttercup,998,adult,45,21.28,-1028.005,1178.135,-4014.592,562.994,14:33:31,30.745,4308.335,1.811,,6.739,4.68
2015,21,,Buttercup,ROV,,EYKT,5/15/2015,5/15/2015,,,,Mike,Byerly,Line Transect,1,5/15/2015,,,Hypack,,Buttercup,998,adult,76,29.776,1914.291,1610.7,-4372.667,615.237,14:14:36,76.218,5037.766,3.467,,28.457,12.614
2015,21,,Buttercup,ROV,,EYKT,5/15/2015,5/15/2015,,,,Mike,Byerly,Line Transect,1,5/15/2015,,,Hypack,,Buttercup,998,,1,7.334,-300.87,-106.875,-2480.681,1062.567,14:13:49,11.159,2501.144,2.746,,12.818,28.203
2015,22,,Buttercup,ROV,,EYKT,5/15/2015,5/15/2015,,,,Mike,Byerly,Line Transect,1,5/15/2015,,,Hypack,,Buttercup,964,adult,8,24.799,-1603.264,235.834,-3507.317,686.773,15:55:50,47.441,3863.593,4.519,,23.822,0.678
2015,22,,Buttercup,ROV,,EYKT,5/15/2015,5/15/2015,,,,Mike,Byerly,Line Transect,1,5/15/2015,,,Hypack,,Buttercup,964,adult,25,19.117,-1427.342,291.367,-4202.842,600.15,16:15:07,54.592,4448.155,1.06,,20.167,9.961
2015,22,,Buttercup,ROV,,EYKT,5/15/2015,5/15/2015,,,,Mike,Byerly,Line Transect,1,5/15/2015,,,Hypack,,Buttercup,964,adult,28,21.574,1112.448,-384.358,-2976.572,652.264,16:16:05,30.137,3200.82,0.958,,20.093,0.615
2015,22,,Buttercup,ROV,,EYKT,5/15/2015,5/15/2015,,,,Mike,Byerly,Line Transect,1,5/15/2015,,,Hypack,,Buttercup,964,adult,30,6.326,352.056,-229.539,-3791.078,595.103,16:16:21,15.32,3814.302,2.964,,6.441,12.375
2015,23,,Buttercup,ROV,,EYKT,5/15/2015,5/15/2015,,,,Mike,Byerly,Line Transect,1,5/15/2015,,,Hypack,,Buttercup,958,adult,2,12.744,855.572,522.601,-4432.784,510.239,16:52:28,35.016,4544.743,2.553,,13.643,30.999
2015,23,,Buttercup,ROV,,EYKT,5/15/2015,5/15/2015,,,,Mike,Byerly,Line Transect,1,5/15/2015,,,Hypack,,Buttercup,958,adult,7,12.79,-754.171,355.161,-3672.13,539.848,17:02:10,40.299,3765.562,1.165,,25.314,13.786
2015,23,,Buttercup,ROV,,EYKT,5/15/2015,5/15/2015,,,,Mike,Byerly,Line Transect,1,5/15/2015,,,Hypack,,Buttercup,958,adult,10,16.755,245.113,1181.513,-4008.053,638.654,17:04:05,43.916,4185.754,3.224,,25.98,28.678
2015,23,,Buttercup,ROV,,EYKT,5/15/2015,5/15/2015,,,,Mike,Byerly,Line Transect,1,5/15/2015,,,Hypack,,Buttercup,958,adult,17,24.181,-1634.694,545.475,-3837.912,426.258,17:06:23,38.938,4207.058,0.244,,3.662,22.698
2015,23,,Buttercup,ROV,,EYKT,5/15/2015,5/15/2015,,,,Mike,Byerly,Line Transect,1,5/15/2015,,,Hypack,,Buttercup,958,adult,22,7.908,362.954,-10.294,-2613.965,646.025,17:09:20,20.196,2639.063,2.809,,27.873,24.253
2015,23,,Buttercup,ROV,,EYKT,5/15/2015,5/15/2015,,,,Mike,Byerly,Line Transect,1,5/15/2015,,,Hypack,,Buttercup,958,adult,37,21.922,844.026,-669.16,-2676.463,504.205,17:18:45,18.694,2885.066,3.89,,13.168,2.423
2015,23,,Buttercup,ROV,,EYKT,5/15/2015,5/15/2015,,,,Mike,Byerly,Line Transect,1,5/15/2015,,,Hypack,,Buttercup,958,adult,38,26.916,-1239.267,-552.543,-2672.631,572.295,17:18:51,22.107,2997.34,1.63,,6.381,8.256
2015,23,,Buttercup,ROV,,EYKT,5/15/2015,5/15/2015,,,,Mike,Byerly,Line Transect,1,5/15/2015,,,Hypack,,Buttercup,958,adult,47,17.554,467.232,-782.288,-2880.421,448.691,17:25:19,20.41,3021.11,2.635,,19.671,11.181
2015,23,,Buttercup,ROV,,EYKT,5/15/2015,5/15/2015,,,,Mike,Byerly,Line Transect,1,5/15/2015,,,Hypack,,Buttercup,958,,27,25.543,1199.788,-229.932,-2556.261,623.147,17:10:39,23.24,2833.166,7.129,time doesn't match when aligned,14.386,5.732
2015,24,,Buttercup,ROV,,EYKT,5/15/2015,5/15/2015,,,,Mike,Byerly,Line Transect,1,5/15/2015,,,Hypack,,Buttercup,994,adult,1,21.314,-1234.469,265.024,-3235.992,585.127,18:06:06,26.61,3473.585,2.572,,6.1,17.774
2015,24,,Buttercup,ROV,,EYKT,5/15/2015,5/15/2015,,,,Mike,Byerly,Line Transect,1,5/15/2015,,,Hypack,,Buttercup,994,juvenile,16,24.663,-1212.924,46.702,-2643.526,259.412,18:24:53,24.733,2908.882,0.748,,22.222,18.155
2015,24,,Buttercup,ROV,,EYKT,5/15/2015,5/15/2015,,,,Mike,Byerly,Line Transect,1,5/15/2015,,,Hypack,,Buttercup,994,subadult,4,23.324,1235.728,358.822,-2984.364,322.962,18:09:19,43.138,3249.955,1.017,High Horiz,51.818,30.055
2015,25,,Buttercup,ROV,,EYKT,5/15/2015,5/15/2015,,,,Mike,Byerly,Line Transect,1,5/15/2015,,,Hypack,,Buttercup,981,adult,2,19.947,-1184.949,794.029,-3930.255,513.506,19:30:12,68.175,4181.087,1.757,high horiz,42.108,19.721
2015,25,,Buttercup,ROV,,EYKT,5/15/2015,5/15/2015,,,,Mike,Byerly,Line Transect,1,5/15/2015,,,Hypack,,Buttercup,981,adult,5,27.209,-1421.266,-200.959,-2791.934,523.243,19:31:03,17.135,3139.312,0.771,high horiz,73.454,70.69
2015,25,,Buttercup,ROV,,EYKT,5/15/2015,5/15/2015,,,,Mike,Byerly,Line Transect,1,5/15/2015,,,Hypack,,Buttercup,981,adult,18,10.181,87.611,-557.337,-3141.493,535.988,19:35:21,30.103,3191.752,4.123,high horiz,70.503,62.516
2015,25,,Buttercup,ROV,,EYKT,5/15/2015,5/15/2015,,,,Mike,Byerly,Line Transect,1,5/15/2015,,,Hypack,,Buttercup,981,adult,34,19.714,793.435,675.331,-2907.74,547.324,19:42:03,16.163,3088.78,0.929,,2.459,18.884
2015,25,,Buttercup,ROV,,EYKT,5/15/2015,5/15/2015,,,,Mike,Byerly,Line Transect,1,5/15/2015,,,Hypack,,Buttercup,981,adult,39,32.405,2236.952,1043.7,-3888.863,475.013,19:53:15,53.474,4606.139,4.338,,0.801,21.154
2015,25,,Buttercup,ROV,,EYKT,5/15/2015,5/15/2015,,,,Mike,Byerly,Line Transect,1,5/15/2015,,,Hypack,,Buttercup,981,adult,46,25.7,-1364.953,131.932,-2849.427,491.957,19:56:49,32.018,3162.236,0.128,,25.058,8.954
2015,26,,Buttercup,ROV,,EYKT,5/16/2015,5/16/2015,,,,Mike,Byerly,Line Transect,1,5/16/2015,,,Hypack,,Buttercup,990,adult,3,24.039,39.631,-417.107,-939.331,480.354,6:00:14,1.801,1028.538,1.385,,5.601,9.402
2015,26,,Buttercup,ROV,,EYKT,5/16/2015,5/16/2015,,,,Mike,Byerly,Line Transect,1,5/16/2015,,,Hypack,,Buttercup,990,adult,15,24.576,-322.393,-967.923,-2230.784,474.458,6:11:20,8.906,2453,0.698,,5.142,28.443
2015,26,,Buttercup,ROV,,EYKT,5/16/2015,5/16/2015,,,,Mike,Byerly,Line Transect,1,5/16/2015,,,Hypack,,Buttercup,990,adult,34,22.276,360.547,-508.849,-1522.383,582.296,6:36:40,5.084,1645.166,0.815,,5.503,37.437
2015,26,,Buttercup,ROV,,EYKT,5/16/2015,5/16/2015,,,,Mike,Byerly,Line Transect,1,5/16/2015,,,Hypack,,Buttercup,990,juvenile,22,8.756,186.878,-295.912,-2272.344,293.038,6:22:07,5.383,2299.138,1.203,older juvenile,6.321,8.936
2015,26,,Buttercup,ROV,,EYKT,5/16/2015,5/16/2015,,,,Mike,Byerly,Line Transect,1,5/16/2015,,,Hypack,,Buttercup,990,juvenile,23,24.621,762.063,-449.2,-1930.238,199.524,6:22:07,11.973,2123.285,1.255,younger juvenile,17.566,10.098
2015,27,,Buttercup,ROV,,EYKT,5/16/2015,5/16/2015,,,,Mike,Byerly,Line Transect,1,5/16/2015,,,Hypack,,Buttercup,1000,adult,4,18.853,925.227,-205.003,-2775.303,585.445,7:49:03,26.24,2932.64,1.528,very pregnant,27.2,22.025
2015,27,,Buttercup,ROV,,EYKT,5/16/2015,5/16/2015,,,,Mike,Byerly,Line Transect,1,5/16/2015,,,Hypack,,Buttercup,1000,adult,7,13.831,-137.94,-522.026,-2193.144,611.612,7:51:19,10.722,2258.632,2.485,,18.486,16.172
2015,28,,Buttercup,ROV,,EYKT,5/16/2015,5/16/2015,,,,Mike,Byerly,Line Transect,1,5/16/2015,,,Hypack,,Buttercup,1004,,,,,,,,,,,,,,
2015,29,,Buttercup,ROV,,EYKT,5/16/2015,5/16/2015,,,,Mike,Byerly,Line Transect,1,5/16/2015,,,Hypack,,Buttercup,983,adult,3,12.349,49.147,-419.682,-1930.107,629.425,10:34:37,5.102,1975.819,0.82,,6.626,2.148
2015,29,,Buttercup,ROV,,EYKT,5/16/2015,5/16/2015,,,,Mike,Byerly,Line Transect,1,5/16/2015,,,Hypack,,Buttercup,983,adult,19,25.304,1793.915,221.718,-3823.179,563.853,10:56:04,45.898,4228.946,3.278,,17.692,30.6
2015,30,,Buttercup,ROV,,EYKT,5/16/2015,5/16/2015,,,,Mike,Byerly,Line Transect,1,5/16/2015,,,Hypack,not yelloweye habitat,Buttercup,1000,,,,,,,,,,,,,,
2015,31,,Buttercup,ROV,,EYKT,5/16/2015,5/16/2015,,,,Mike,Byerly,Line Transect,1,5/16/2015,,,Hypack,,Buttercup,986,,1,9.281,-238.851,-410.888,-2908.475,1026.816,13:33:09,50.995,2947.05,0.67,high RMS-bird's eye,73.6,25.159
2015,32,,Buttercup,ROV,,EYKT,5/16/2015,5/16/2015,,,,Mike,Byerly,Line Transect,1,5/16/2015,,,Hypack,,Buttercup,908,adult,20,10.352,193.085,-453.825,-2699.902,519.141,15:02:51,22.938,2744.578,1.355,just over 30 horizontal direction,31.235,26.3
2015,32,,Buttercup,ROV,,EYKT,5/16/2015,5/16/2015,,,,Mike,Byerly,Line Transect,1,5/16/2015,,,Hypack,,Buttercup,908,adult,39,26.404,1023.099,-916.861,-2766.999,554.263,15:15:23,19.459,3089.28,2.66,,1.639,8.525
2015,32,,Buttercup,ROV,,EYKT,5/16/2015,5/16/2015,,,,Mike,Byerly,Line Transect,1,5/16/2015,,,Hypack,,Buttercup,908,adult,52,12.122,-560.343,-412.758,-3240.371,613.865,15:24:58,22.459,3314.266,4.617,,15.575,3.25
2015,32,,Buttercup,ROV,,EYKT,5/16/2015,5/16/2015,,,,Mike,Byerly,Line Transect,1,5/16/2015,,,Hypack,,Buttercup,908,juvenile,24,24.453,-605.779,895.172,-2376.965,245.432,15:04:24,14.409,2611.181,0.797,,17.972,38.643
2015,32,,Buttercup,ROV,,EYKT,5/16/2015,5/16/2015,,,,Mike,Byerly,Line Transect,1,5/16/2015,,,Hypack,,Buttercup,908,juvenile,36,26.887,-1877.064,666.089,-3928.184,263.875,15:11:54,38.903,4404.279,1.822,,6.489,40.55
2015,32,,Buttercup,ROV,,EYKT,5/16/2015,5/16/2015,,,,Mike,Byerly,Line Transect,1,5/16/2015,,,Hypack,,Buttercup,908,juvenile,37,4.043,6.325,-217.163,-3073.875,230.111,15:12:31,25.736,3081.543,4.038,,26.055,18.236
2015,32,,Buttercup,ROV,,EYKT,5/16/2015,5/16/2015,,,,Mike,Byerly,Line Transect,1,5/16/2015,,,Hypack,,Buttercup,908,juvenile,47,28.342,-647.287,-668.295,-1724.878,266.231,15:23:07,8.897,1959.796,1.093,,16.883,22.269
2015,32,,Buttercup,ROV,,EYKT,5/16/2015,5/16/2015,,,,Mike,Byerly,Line Transect,1,5/16/2015,,,Hypack,,Buttercup,908,juvenile,59,22.29,329.14,-708.302,-1905.294,156.835,15:12:05,7.002,2059.168,3.536,,10.285,29.933
2015,32,,Buttercup,ROV,,EYKT,5/16/2015,5/16/2015,,,,Mike,Byerly,Line Transect,1,5/16/2015,,,Hypack,,Buttercup,908,subadult,35,23.313,-133.941,-843.656,-1982.259,328.543,15:11:57,10.521,2158.482,2.52,,23.107,12.255
2015,32,,Buttercup,ROV,,EYKT,5/16/2015,5/16/2015,,,,Mike,Byerly,Line Transect,1,5/16/2015,,,Hypack,,Buttercup,908,,44,27.082,-1128.07,-853.867,-2766.835,807.835,15:20:48,22.997,3107.572,2.16,,15.936,28.252
2015,32,,Buttercup,ROV,,EYKT,5/16/2015,5/16/2015,,,,Mike,Byerly,Line Transect,1,5/16/2015,,,Hypack,,Buttercup,908,,45,5.223,-178.88,268.701,-3531.064,1389.088,15:20:52,42.087,3545.788,2.151,,29.274,9.269
2015,32,,Buttercup,ROV,,EYKT,5/16/2015,5/16/2015,,,,Mike,Byerly,Line Transect,1,5/16/2015,,,Hypack,,Buttercup,908,,51,22.113,-314.011,-575.529,-1613.543,948.616,15:24:13,6.571,1741.654,1.866,,13.2,10.477
2015,33,,Buttercup,ROV,,EYKT,5/16/2015,5/16/2015,,,,Mike,Byerly,Line Transect,1,5/16/2015,,,Hypack,Transect began 75m after start of plan line to avoid cliff.,Buttercup,882,adult,2,32.161,2201.144,1320.957,-4082.566,572.38,16:42:07,67.231,4822.583,11.793,"poor precison, fish far away",22.379,6.82
2015,33,,Buttercup,ROV,,EYKT,5/16/2015,5/16/2015,,,,Mike,Byerly,Line Transect,1,5/16/2015,,,Hypack,Transect began 75m after start of plan line to avoid cliff.,Buttercup,882,adult,7,23.242,1090.143,1713.182,-4728.178,710.087,16:45:13,55.321,5145.782,14.05,precision poor,17.58,37.935
2015,33,,Buttercup,ROV,,EYKT,5/16/2015,5/16/2015,,,,Mike,Byerly,Line Transect,1,5/16/2015,,,Hypack,Transect began 75m after start of plan line to avoid cliff.,Buttercup,882,adult,26,24.324,908.134,-39.788,-2010.997,445.52,16:52:29,13.332,2206.898,7.641,,16.596,19.675
2015,33,,Buttercup,ROV,,EYKT,5/16/2015,5/16/2015,,,,Mike,Byerly,Line Transect,1,5/16/2015,,,Hypack,Transect began 75m after start of plan line to avoid cliff.,Buttercup,882,adult,49,25.661,-1797.855,1869.282,-5398.378,540.145,16:58:49,65.481,5989.072,3.716,poor precision bc fish far away,4.164,17.738
2015,33,,Buttercup,ROV,,EYKT,5/16/2015,5/16/2015,,,,Mike,Byerly,Line Transect,1,5/16/2015,,,Hypack,Transect began 75m after start of plan line to avoid cliff.,Buttercup,882,adult,58,28.079,-1934.589,592.298,-3792.473,631.813,17:02:07,56.136,4298.407,2.861,precision and angle poor,47.367,43.11
2015,33,,Buttercup,ROV,,EYKT,5/16/2015,5/16/2015,,,,Mike,Byerly,Line Transect,1,5/16/2015,,,Hypack,Transect began 75m after start of plan line to avoid cliff.,Buttercup,882,adult,66,25.472,-1460.438,121.268,-3076.237,536.059,17:03:41,48.046,3407.465,6.938,poor precision and angle,68.438,35.645
2015,33,,Buttercup,ROV,,EYKT,5/16/2015,5/16/2015,,,,Mike,Byerly,Line Transect,1,5/16/2015,,,Hypack,Transect began 75m after start of plan line to avoid cliff.,Buttercup,882,adult,90,26.3,-1673.103,-21.519,-3385.572,472.116,17:11:44,35.376,3776.484,10.071,precision poor,21.458,36.068
2015,33,,Buttercup,ROV,,EYKT,5/16/2015,5/16/2015,,,,Mike,Byerly,Line Transect,1,5/16/2015,,,Hypack,Transect began 75m after start of plan line to avoid cliff.,Buttercup,882,adult,91,21.312,-1070.045,184.338,-2783.248,584.933,17:13:09,29.854,2987.549,5.808,,30.852,16.52
2015,33,,Buttercup,ROV,,EYKT,5/16/2015,5/16/2015,,,,Mike,Byerly,Line Transect,1,5/16/2015,,,Hypack,Transect began 75m after start of plan line to avoid cliff.,Buttercup,882,adult,92,29.931,-1438.605,1217.808,-3273.715,657.173,17:13:34,47.17,3777.546,3.061,precision and horiz angle poor,40.633,24.22
2015,33,,Buttercup,ROV,,EYKT,5/16/2015,5/16/2015,,,,Mike,Byerly,Line Transect,1,5/16/2015,,,Hypack,Transect began 75m after start of plan line to avoid cliff.,Buttercup,882,adult,99,17.395,-831.513,-383.822,-2923.241,462.026,17:16:10,39.927,3063.344,0.701,poor precision and angle,50.624,27.454
2015,33,,Buttercup,ROV,,EYKT,5/16/2015,5/16/2015,,,,Mike,Byerly,Line Transect,1,5/16/2015,,,Hypack,Transect began 75m after start of plan line to avoid cliff.,Buttercup,882,juvenile,9,15.015,-15.691,-712.635,-2657.381,376.197,16:45:24,8.138,2751.321,2.61,,5.043,31.889
2015,33,,Buttercup,ROV,,EYKT,5/16/2015,5/16/2015,,,,Mike,Byerly,Line Transect,1,5/16/2015,,,Hypack,Transect began 75m after start of plan line to avoid cliff.,Buttercup,882,juvenile,98,32.558,786.621,-760.138,-1713.194,118.469,17:16:02,18.058,2032.638,4.882,horiz angle > 30,72.788,12.352
2015,33,,Buttercup,ROV,,EYKT,5/16/2015,5/16/2015,,,,Mike,Byerly,Line Transect,1,5/16/2015,,,Hypack,Transect began 75m after start of plan line to avoid cliff.,Buttercup,882,,8,10.62,240.951,-307.156,-2081.943,971.332,16:45:55,16.984,2118.228,5.731,horiz angle > 30,41.036,33.952
2015,33,,Buttercup,ROV,,EYKT,5/16/2015,5/16/2015,,,,Mike,Byerly,Line Transect,1,5/16/2015,,,Hypack,Transect began 75m after start of plan line to avoid cliff.,Buttercup,882,,33,25.201,-1755.729,589.347,-3935.521,907.909,16:53:40,86.556,4349.51,8.907,poor precision and angle,54.791,10.309
2015,33,,Buttercup,ROV,,EYKT,5/16/2015,5/16/2015,,,,Mike,Byerly,Line Transect,1,5/16/2015,,,Hypack,Transect began 75m after start of plan line to avoid cliff.,Buttercup,882,,40,20.226,539.89,-580.077,-2150.736,675.418,16:55:18,20.457,2292.081,2.382,horiz angle > 30,43.705,25.618
2015,33,,Buttercup,ROV,,EYKT,5/16/2015,5/16/2015,,,,Mike,Byerly,Line Transect,1,5/16/2015,,,Hypack,Transect began 75m after start of plan line to avoid cliff.,Buttercup,882,,48,10.476,236.429,-324.665,-2172.057,761.384,16:58:40,7.369,2208.877,5.263,,5.59,3.25
2015,34,,Buttercup,ROV,,EYKT,5/16/2015,5/16/2015,,,,Mike,Byerly,Line Transect,1,5/16/2015,,,Hypack,Transect began 300m after start of plan line to avoid cliff. No lower starboard light. Great sponges.,Buttercup,640,,,,,,,,,,,,,,
2016,1,,buttercup,ROV,nseo,pws,6/7/2016,6/7/2016,,,,mike,byerly,Shakedown,1,6/7/2016,,,,"Shakedown dive in Orca Bay, PWS. No ROV tracking.",buttercup,,,,,,,,,,,,,,,
2016,2,,buttercup,ROV,nseo,NSEO,6/9/2016,6/9/2016,,,,mike,byerly,Line Transect,1,6/9/2016,,,hypack,,buttercup,934,juvenile,32,8.139,-387.229,-164.569,-2942.162,229.312,9:29:06,6.168,2972.095,1.03,,12.553,72.369
2016,2,,buttercup,ROV,nseo,NSEO,6/9/2016,6/9/2016,,,,mike,byerly,Line Transect,1,6/9/2016,,,hypack,,buttercup,934,subadult,3,27.994,-1063.615,731.045,-2427.883,430.198,8:54:02,21.409,2749.603,1.821,,24.415,17.4
2016,2,,buttercup,ROV,nseo,NSEO,6/9/2016,6/9/2016,,,,mike,byerly,Line Transect,1,6/9/2016,,,hypack,,buttercup,934,subadult,7,30.391,559.826,-493.47,-1272.438,309.587,8:59:36,4.692,1475.132,1.524,,11.713,45.253
2016,2,,buttercup,ROV,nseo,NSEO,6/9/2016,6/9/2016,,,,mike,byerly,Line Transect,1,6/9/2016,,,hypack,,buttercup,934,subadult,14,15.848,484.031,-341.774,-2087.324,433.464,9:10:09,8.453,2169.796,1.267,,9.073,14.282
2016,3,,buttercup,ROV,nseo,NSEO,6/9/2016,6/9/2016,,,,mike,byerly,Groundtruth,1,6/9/2016,,,,Groundtruth of NOS chart induration. Only ran 500m of planned line over midpoint.  No rocks seen this dive.,buttercup,,,,,,,,,,,,,,,
2016,4,,buttercup,ROV,nseo,NSEO,6/9/2016,6/9/2016,,,,mike,byerly,Calibration,1,6/9/2016,,,,calibration bar on surface,buttercup,,,,,,,,,,,,,,,
2016,5,,buttercup,ROV,nseo,NSEO,6/9/2016,6/9/2016,,,,mike,byerly,Line Transect,1,6/9/2016,,,hypack,,buttercup,981,adult,11,11.254,-476.683,-187.883,-2574.83,545.72,12:10:18,10.497,2625.314,1.789,,9.411,27.527
2016,5,,buttercup,ROV,nseo,NSEO,6/9/2016,6/9/2016,,,,mike,byerly,Line Transect,1,6/9/2016,,,hypack,,buttercup,981,adult,20,26.176,1299.178,212.114,-2678.116,704.231,12:19:33,26.787,2984.152,3.36,"dark, length estimated",30.558,31.671
2016,5,,buttercup,ROV,nseo,NSEO,6/9/2016,6/9/2016,,,,mike,byerly,Line Transect,1,6/9/2016,,,hypack,,buttercup,981,subadult,26,26.91,-956.196,246.773,-1945.674,373.065,12:29:26,15.328,2181.939,8.737,very high horizontal angle,69.99,50.406
2016,5,,buttercup,ROV,nseo,NSEO,6/9/2016,6/9/2016,,,,mike,byerly,Line Transect,1,6/9/2016,,,hypack,,buttercup,981,subadult,27,20.851,-725.534,-148.387,-1944.255,279.319,12:30:23,8.635,2080.516,1.853,"high horiz, but OK bird's eye view",64.826,69.044
2016,5,,buttercup,ROV,nseo,NSEO,6/9/2016,6/9/2016,,,,mike,byerly,Line Transect,1,6/9/2016,,,hypack,,buttercup,981,,7,14.661,-312.171,-247.425,-1522.619,727.161,12:01:40,4.685,1573.861,1.702,,2.463,19.186
2016,5,,buttercup,ROV,nseo,NSEO,6/9/2016,6/9/2016,,,,mike,byerly,Line Transect,1,6/9/2016,,,hypack,,buttercup,981,,9,4.208,83.384,-58.703,-1385.887,654.153,12:03:52,5.918,1389.633,1.195,,24.847,11.044
2016,5,,buttercup,ROV,nseo,NSEO,6/9/2016,6/9/2016,,,,mike,byerly,Line Transect,1,6/9/2016,,,hypack,,buttercup,981,,23,17.784,482.646,-314.629,-1796.202,950.916,12:22:09,14.991,1886.341,2.172,high horizontal angle,47.127,29.633
2016,5,,buttercup,ROV,nseo,NSEO,6/9/2016,6/9/2016,,,,mike,byerly,Line Transect,1,6/9/2016,,,hypack,,buttercup,981,,24,8.005,-99.494,-244.56,-1877.513,980.31,12:22:18,8.752,1895.986,7.8,"tail bent, length estimated",18.071,16.593
2016,6,,buttercup,ROV,nseo,NSEO,6/9/2016,6/9/2016,,,,mike,byerly,Line Transect,1,6/9/2016,,,hypack,End transect early due to wind + depth.  Repeatedly blown off line.  Completed most of dive in habitat delineation; lots of arrowtooth flounder,buttercup,280,,3,27.285,-722.638,151.925,-1431.629,488.79,14:11:54,9.528,1610.854,8.57,high horiz,73.635,45.027
2016,7,,buttercup,ROV,nseo,NSEO,6/10/2016,6/10/2016,,,,mike,byerly,Aborted,1,6/10/2016,,,,Abort dive early due to tracking failure.  Dive 8 redo from start.,buttercup,,,,,,,,,,,,,,,
2016,8,,buttercup,ROV,nseo,NSEO,6/10/2016,6/10/2016,,,,mike,byerly,Line Transect,1,6/10/2016,,,hypack,Redo of 4_135 from start. Stopped a little early due to hangup.,buttercup,942,,4,6.122,-204.946,77.537,-2043.117,809.862,9:08:50,12.555,2054.834,1.924,,24.125,8.798
2016,8,,buttercup,ROV,nseo,NSEO,6/10/2016,6/10/2016,,,,mike,byerly,Line Transect,1,6/10/2016,,,hypack,Redo of 4_135 from start. Stopped a little early due to hangup.,buttercup,942,,33,15.942,548.244,4.796,-1919.414,981.962,9:36:52,10.644,1996.183,1.574,,15.604,1.93
2016,9,,buttercup,ROV,nseo,NSEO,6/10/2016,6/10/2016,,,,mike,byerly,Groundtruth,1,6/10/2016,,,,Groundtruth of multibeam hard-flat,buttercup,,,,,,,,,,,,,,,
2016,10,,buttercup,ROV,nseo,NSEO,6/10/2016,6/10/2016,,,,mike,byerly,Groundtruth,1,6/10/2016,,,,Groundtruth of multibeam hard-flat,buttercup,,,,,,,,,,,,,,,
2016,11,,buttercup,ROV,nseo,NSEO,6/10/2016,6/10/2016,,,,mike,byerly,Line Transect,1,6/10/2016,,,hypack,Lots of schools of juvenile rockfish. Very rugose habitat with lots of fish.,buttercup,989,adult,53,16.264,-939.095,67.688,-3227.375,480.513,16:28:58,24.685,3361.909,0.618,,24.593,44.067
2016,11,,buttercup,ROV,nseo,NSEO,6/10/2016,6/10/2016,,,,mike,byerly,Line Transect,1,6/10/2016,,,hypack,Lots of schools of juvenile rockfish. Very rugose habitat with lots of fish.,buttercup,989,adult,56,13.574,-528.561,299.73,-2516.728,509.142,16:29:18,13.688,2589.041,2.304,,28.117,52.709
2016,11,,buttercup,ROV,nseo,NSEO,6/10/2016,6/10/2016,,,,mike,byerly,Line Transect,1,6/10/2016,,,hypack,Lots of schools of juvenile rockfish. Very rugose habitat with lots of fish.,buttercup,989,adult,62,29.927,-679.708,-895.976,-1953.634,541.797,16:30:33,10.29,2254.21,1.47,,13.551,3.851
2016,11,,buttercup,ROV,nseo,NSEO,6/10/2016,6/10/2016,,,,mike,byerly,Line Transect,1,6/10/2016,,,hypack,Lots of schools of juvenile rockfish. Very rugose habitat with lots of fish.,buttercup,989,adult,103,16.134,-770.593,-398.963,-2999.715,455.612,16:40:32,16.537,3122.703,0.669,,5.865,13.975
2016,11,,buttercup,ROV,nseo,NSEO,6/10/2016,6/10/2016,,,,mike,byerly,Line Transect,1,6/10/2016,,,hypack,Lots of schools of juvenile rockfish. Very rugose habitat with lots of fish.,buttercup,989,adult,116,8.184,42.829,-369.666,-2587.628,585.296,16:42:15,11.195,2614.25,1.893,,13.122,0.221
2016,11,,buttercup,ROV,nseo,NSEO,6/10/2016,6/10/2016,,,,mike,byerly,Line Transect,1,6/10/2016,,,hypack,Lots of schools of juvenile rockfish. Very rugose habitat with lots of fish.,buttercup,989,juvenile,151,23.202,132.753,-963.093,-2268.135,317.133,16:48:35,12.842,2467.713,1.051,,12.64,54.641
2016,11,,buttercup,ROV,nseo,NSEO,6/10/2016,6/10/2016,,,,mike,byerly,Line Transect,1,6/10/2016,,,hypack,Lots of schools of juvenile rockfish. Very rugose habitat with lots of fish.,buttercup,989,,15,22.566,1051.198,9.494,-2529.661,772.651,16:17:39,39.713,2739.396,2.977,high horiz,65.721,16.995
2016,11,,buttercup,ROV,nseo,NSEO,6/10/2016,6/10/2016,,,,mike,byerly,Line Transect,1,6/10/2016,,,hypack,Lots of schools of juvenile rockfish. Very rugose habitat with lots of fish.,buttercup,989,,19,11.114,477.872,113.163,-2499.828,832.88,16:20:46,18.464,2547.608,3.919,"tail bent, so end estimated",21.545,1.128
2016,11,,buttercup,ROV,nseo,NSEO,6/10/2016,6/10/2016,,,,mike,byerly,Line Transect,1,6/10/2016,,,hypack,Lots of schools of juvenile rockfish. Very rugose habitat with lots of fish.,buttercup,989,,37,21.905,242.618,-583.979,-1572.646,924.586,16:22:07,5.524,1695.026,2.376,,5.783,12.52
2016,11,,buttercup,ROV,nseo,NSEO,6/10/2016,6/10/2016,,,,mike,byerly,Line Transect,1,6/10/2016,,,hypack,Lots of schools of juvenile rockfish. Very rugose habitat with lots of fish.,buttercup,989,,40,14.804,409.157,1030.24,-4194.233,769.941,16:23:04,36.99,4338.248,1.542,,20.655,43.528
2016,11,,buttercup,ROV,nseo,NSEO,6/10/2016,6/10/2016,,,,mike,byerly,Line Transect,1,6/10/2016,,,hypack,Lots of schools of juvenile rockfish. Very rugose habitat with lots of fish.,buttercup,989,,42,19.808,-207.623,-525.217,-1568.01,630.736,16:24:44,6.858,1666.618,0.949,,20.606,12.168
2016,11,,buttercup,ROV,nseo,NSEO,6/10/2016,6/10/2016,,,,mike,byerly,Line Transect,1,6/10/2016,,,hypack,Lots of schools of juvenile rockfish. Very rugose habitat with lots of fish.,buttercup,989,,44,20.888,-1000.494,1047.132,-3795.088,708.417,16:26:20,36.835,4062.04,1.383,,17.163,12.336
2016,11,,buttercup,ROV,nseo,NSEO,6/10/2016,6/10/2016,,,,mike,byerly,Line Transect,1,6/10/2016,,,hypack,Lots of schools of juvenile rockfish. Very rugose habitat with lots of fish.,buttercup,989,,97,13.196,342.194,-465.552,-2464.074,636.638,16:39:59,37.095,2530.909,7.27,high horiz,70.001,17.382
2016,11,,buttercup,ROV,nseo,NSEO,6/10/2016,6/10/2016,,,,mike,byerly,Line Transect,1,6/10/2016,,,hypack,Lots of schools of juvenile rockfish. Very rugose habitat with lots of fish.,buttercup,989,,104,7.364,627.056,-203.079,-5099.841,798.434,16:40:31,39.699,5142.258,9.457,a little blurry,11.53,17.572
2016,11,,buttercup,ROV,nseo,NSEO,6/10/2016,6/10/2016,,,,mike,byerly,Line Transect,1,6/10/2016,,,hypack,Lots of schools of juvenile rockfish. Very rugose habitat with lots of fish.,buttercup,989,,135,16.983,-208.08,-558.61,-1951.79,893.593,16:47:27,10.211,2040.791,3.589,a little bend in body,24.137,34.318
2016,11,,buttercup,ROV,nseo,NSEO,6/10/2016,6/10/2016,,,,mike,byerly,Line Transect,1,6/10/2016,,,hypack,Lots of schools of juvenile rockfish. Very rugose habitat with lots of fish.,buttercup,989,,136,19.498,62.491,-721.085,-2044.189,897.913,16:47:23,6.549,2168.543,2.089,,0.021,18.209
2016,12,,buttercup,ROV,nseo,NSEO,6/10/2016,6/10/2016,,,,mike,byerly,Line Transect,1,6/10/2016,,,hypack,,buttercup,994,adult,3,28.034,-1097.87,1291.066,-3182.821,698.365,17:21:58,24.406,3605.9,1.218,,6.538,2.196
2016,12,,buttercup,ROV,nseo,NSEO,6/10/2016,6/10/2016,,,,mike,byerly,Line Transect,1,6/10/2016,,,hypack,,buttercup,994,juvenile,7,28.611,-662.262,-684.042,-1745.505,300.357,17:23:23,7.886,1988.289,0.755,,5.567,15.54
2016,12,,buttercup,ROV,nseo,NSEO,6/10/2016,6/10/2016,,,,mike,byerly,Line Transect,1,6/10/2016,,,hypack,,buttercup,994,subadult,14,26.116,996.153,-354.782,-2156.981,262.583,17:25:34,12.149,2402.24,2.327,,7.453,38.833
2016,12,,buttercup,ROV,nseo,NSEO,6/10/2016,6/10/2016,,,,mike,byerly,Line Transect,1,6/10/2016,,,hypack,,buttercup,994,,19,14.624,-206.518,-325.667,-1477.877,825.723,17:34:03,13.117,1527.36,0.699,high horizontal angle,54.055,11.714
2016,12,,buttercup,ROV,nseo,NSEO,6/10/2016,6/10/2016,,,,mike,byerly,Line Transect,1,6/10/2016,,,hypack,,buttercup,994,,32,21.927,60.73,-613.922,-1532.537,478.87,17:46:39,7.318,1652.046,1.087,,27.006,17.28
2016,13,,buttercup,ROV,nseo,NSEO,6/10/2016,6/10/2016,,,,mike,byerly,Groundtruth,1,6/10/2016,,,,Groundtruth of NOS chart induration. Only ran center 500m of plan line. Midpoint called coral on chart,buttercup,,,,,,,,,,,,,,,
2016,14,,buttercup,ROV,nseo,NSEO,6/11/2016,6/11/2016,,,,mike,byerly,Line Transect,1,6/11/2016,,,hypack,lots of halibut this dive,buttercup,991,,13,8.28,-221.727,-197.737,-2041.57,758.447,7:52:14,21.44,2063.073,1.213,high horiz angle,49.242,12.769
2016,14,,buttercup,ROV,nseo,NSEO,6/11/2016,6/11/2016,,,,mike,byerly,Line Transect,1,6/11/2016,,,hypack,lots of halibut this dive,buttercup,991,,16,19.714,868.196,128.69,-2449.389,636.984,7:56:23,17.066,2601.89,1.047,,13.381,7.851
2016,14,,buttercup,ROV,nseo,NSEO,6/11/2016,6/11/2016,,,,mike,byerly,Line Transect,1,6/11/2016,,,hypack,lots of halibut this dive,buttercup,991,,17,18.893,-873.927,485.782,-2921.536,770.455,7:56:21,34.647,3087.897,2.554,high horiz angle,35.812,16.076
2016,14,,buttercup,ROV,nseo,NSEO,6/11/2016,6/11/2016,,,,mike,byerly,Line Transect,1,6/11/2016,,,hypack,lots of halibut this dive,buttercup,991,,19,11.383,-74.37,-289.497,-1484.626,655.03,7:58:30,6.191,1514.415,1.069,,23.152,17.473
2016,14,,buttercup,ROV,nseo,NSEO,6/11/2016,6/11/2016,,,,mike,byerly,Line Transect,1,6/11/2016,,,hypack,lots of halibut this dive,buttercup,991,,22,22.3,-1046.317,266.849,-2632.835,756.147,7:58:51,28.275,2845.665,2.49,,31.71,5.1
2016,14,,buttercup,ROV,nseo,NSEO,6/11/2016,6/11/2016,,,,mike,byerly,Line Transect,1,6/11/2016,,,hypack,lots of halibut this dive,buttercup,991,,27,17.612,123.419,-540.35,-1745.978,538.833,8:02:32,5.872,1831.844,1.029,,13.689,1.285
2016,14,,buttercup,ROV,nseo,NSEO,6/11/2016,6/11/2016,,,,mike,byerly,Line Transect,1,6/11/2016,,,hypack,lots of halibut this dive,buttercup,991,,38,28.541,-997.841,-442.028,-2006.643,714.694,8:09:05,22.437,2284.226,1.113,high horiz,61.319,26.053
2016,15,,buttercup,ROV,nseo,NSEO,6/11/2016,6/11/2016,,,,mike,byerly,Line Transect,1,6/11/2016,,,hypack,,buttercup,1005,adult,9,32.11,-2566.096,1582.222,-4803.906,715.308,9:22:25,84.25,5671.488,0.36,,17.097,8.858
2016,15,,buttercup,ROV,nseo,NSEO,6/11/2016,6/11/2016,,,,mike,byerly,Line Transect,1,6/11/2016,,,hypack,,buttercup,1005,subadult,23,27.472,-1207.303,305.089,-2394.991,335.941,9:44:38,18.594,2699.378,0.591,,14.664,24.784
2016,15,,buttercup,ROV,nseo,NSEO,6/11/2016,6/11/2016,,,,mike,byerly,Line Transect,1,6/11/2016,,,hypack,,buttercup,1005,,30,26.9,-1037.25,-329.892,-2145.457,273.157,9:18:21,17.422,2405.764,1.348,,28.319,24.042
2016,16,,buttercup,ROV,nseo,NSEO,6/11/2016,6/11/2016,,,,mike,byerly,Line Transect,1,6/11/2016,,,hypack,,buttercup,1001,adult,3,17.315,-327.748,-537.909,-2020.506,592.547,10:32:01,15.189,2116.415,2.534,high horiz,38.639,33.362
2016,16,,buttercup,ROV,nseo,NSEO,6/11/2016,6/11/2016,,,,mike,byerly,Line Transect,1,6/11/2016,,,hypack,,buttercup,1001,adult,9,18.634,983.975,963.468,-4084.021,523.301,10:43:08,28.406,4309.954,3.444,,2.999,4.287
2016,16,,buttercup,ROV,nseo,NSEO,6/11/2016,6/11/2016,,,,mike,byerly,Line Transect,1,6/11/2016,,,hypack,,buttercup,1001,adult,13,22.079,-1687.466,1421.114,-5438.69,588.559,10:48:02,71.573,5869.11,1.043,high precision,12.133,13.54
2016,17,,buttercup,ROV,nseo,NSEO,6/11/2016,6/11/2016,,,,mike,byerly,Line Transect,1,6/11/2016,,,hypack,,buttercup,980,,,,,,,,,,,,,,
2016,18,,buttercup,ROV,nseo,NSEO,6/11/2016,6/11/2016,,,,mike,byerly,Line Transect,1,6/11/2016,,,hypack,,buttercup,995,,,,,,,,,,,,,,
2016,19,,buttercup,ROV,nseo,NSEO,6/11/2016,6/11/2016,,,,mike,byerly,Line Transect,1,6/11/2016,,,hypack,,buttercup,1004,adult,16,25.95,-1641.994,-133.101,-3385.181,478.33,14:15:44,37.518,3764.746,0.286,,9.287,8.7
2016,19,,buttercup,ROV,nseo,NSEO,6/11/2016,6/11/2016,,,,mike,byerly,Line Transect,1,6/11/2016,,,hypack,,buttercup,1004,adult,23,30.637,-2116.938,992.709,-3947.687,456.635,14:18:19,54.26,4588.151,0.377,high precision,9.217,5.982
2016,19,,buttercup,ROV,nseo,NSEO,6/11/2016,6/11/2016,,,,mike,byerly,Line Transect,1,6/11/2016,,,hypack,,buttercup,1004,adult,74,31.76,-1360.173,1126.505,-2852.833,530.713,14:35:53,25.175,3355.256,1.1,,8.456,6.182
2016,19,,buttercup,ROV,nseo,NSEO,6/11/2016,6/11/2016,,,,mike,byerly,Line Transect,1,6/11/2016,,,hypack,,buttercup,1004,adult,89,15.963,840.738,304.27,-3125.786,365.555,14:42:06,34.01,3251.147,5.797,tail slightly bent,27.699,2.997
2016,19,,buttercup,ROV,nseo,NSEO,6/11/2016,6/11/2016,,,,mike,byerly,Line Transect,1,6/11/2016,,,hypack,,buttercup,1004,subadult,18,25.062,-1216.722,-312.403,-2686.286,335.629,14:16:03,20.03,2965.492,1.276,,0.643,22.417
2016,19,,buttercup,ROV,nseo,NSEO,6/11/2016,6/11/2016,,,,mike,byerly,Line Transect,1,6/11/2016,,,hypack,,buttercup,1004,,47,20.295,328.147,-568.092,-1774.065,632.211,14:29:28,8.952,1891.485,2.035,,21.582,9.482
2016,20,,buttercup,ROV,nseo,NSEO,6/11/2016,6/11/2016,,,,mike,byerly,Line Transect,1,6/11/2016,,,hypack,"This dive may cross FW fault.  lots of gravid sharpchin rockfish. lot of other ""little red rockfish"", many not digitized from video.",buttercup,1022,adult,13,26.436,1658.457,681.399,-3606.312,584.407,15:59:13,63.915,4027.44,11.06,high horiz angle and precision,43.113,16.52
2016,20,,buttercup,ROV,nseo,NSEO,6/11/2016,6/11/2016,,,,mike,byerly,Line Transect,1,6/11/2016,,,hypack,"This dive may cross FW fault.  lots of gravid sharpchin rockfish. lot of other ""little red rockfish"", many not digitized from video.",buttercup,1022,adult,17,31.301,-1898.969,1289.652,-3775.252,538.023,16:05:25,74.187,4418.349,1.042,high precision and horizontal angle,49.26,5.841
2016,20,,buttercup,ROV,nseo,NSEO,6/11/2016,6/11/2016,,,,mike,byerly,Line Transect,1,6/11/2016,,,hypack,"This dive may cross FW fault.  lots of gravid sharpchin rockfish. lot of other ""little red rockfish"", many not digitized from video.",buttercup,1022,,2,18.845,-224.925,-458.639,-1496.704,428.645,15:54:22,13.081,1581.476,5.323,high horizontal angle,74.148,28.634
2016,20,,buttercup,ROV,nseo,NSEO,6/11/2016,6/11/2016,,,,mike,byerly,Line Transect,1,6/11/2016,,,hypack,"This dive may cross FW fault.  lots of gravid sharpchin rockfish. lot of other ""little red rockfish"", many not digitized from video.",buttercup,1022,,19,21.096,821.512,-80.288,-2139.539,420.839,16:06:57,22.723,2293.241,4.806,high horiz,50.971,26.715
2016,20,,buttercup,ROV,nseo,NSEO,6/11/2016,6/11/2016,,,,mike,byerly,Line Transect,1,6/11/2016,,,hypack,"This dive may cross FW fault.  lots of gravid sharpchin rockfish. lot of other ""little red rockfish"", many not digitized from video.",buttercup,1022,,68,23.798,77.28,1474.07,-3347.014,1303.018,16:31:58,16.14,3658.054,4.674,,2.467,13.366
2016,21,,buttercup,ROV,nseo,NSEO,6/11/2016,6/11/2016,,,,mike,byerly,Line Transect,1,6/11/2016,,,hypack,,buttercup,998,adult,5,17.897,-721.496,-524.926,-2762.909,578.122,17:09:06,14.938,2903.406,0.304,,6.983,18.537
2016,22,,buttercup,ROV,nseo,NSEO,6/12/2016,6/12/2016,,,,mike,byerly,Line Transect,1,6/12/2016,,,hypack,"habitat includes columnar basalt, lots of juvenile yelloweye",buttercup,992,adult,13,29.232,-2162.683,415.045,-3935.133,362.883,7:50:34,85.319,4509.405,0.856,high horiz and high precision,53.38,5.533
2016,22,,buttercup,ROV,nseo,NSEO,6/12/2016,6/12/2016,,,,mike,byerly,Line Transect,1,6/12/2016,,,hypack,"habitat includes columnar basalt, lots of juvenile yelloweye",buttercup,992,adult,41,14.788,-893.764,178.725,-3452.672,502.582,8:04:05,20.103,3570.952,0.663,,3.315,21.596
2016,22,,buttercup,ROV,nseo,NSEO,6/12/2016,6/12/2016,,,,mike,byerly,Line Transect,1,6/12/2016,,,hypack,"habitat includes columnar basalt, lots of juvenile yelloweye",buttercup,992,adult,72,9.108,-228.97,148.803,-1703.375,441.863,8:18:17,9.323,1725.125,0.786,,27.16,5.456
2016,22,,buttercup,ROV,nseo,NSEO,6/12/2016,6/12/2016,,,,mike,byerly,Line Transect,1,6/12/2016,,,hypack,"habitat includes columnar basalt, lots of juvenile yelloweye",buttercup,992,juvenile,21,27.926,-1246.08,-148.672,-2367.49,179.035,7:54:49,20.645,2679.52,0.792,,26.816,28.708
2016,22,,buttercup,ROV,nseo,NSEO,6/12/2016,6/12/2016,,,,mike,byerly,Line Transect,1,6/12/2016,,,hypack,"habitat includes columnar basalt, lots of juvenile yelloweye",buttercup,992,juvenile,24,24.11,684.779,-250.095,-1628.976,172.691,7:58:02,8.118,1784.666,1.386,,9.721,0.858
2016,22,,buttercup,ROV,nseo,NSEO,6/12/2016,6/12/2016,,,,mike,byerly,Line Transect,1,6/12/2016,,,hypack,"habitat includes columnar basalt, lots of juvenile yelloweye",buttercup,992,juvenile,35,18.169,-382.991,-330.233,-1540.875,206.957,8:02:11,5.478,1621.737,0.068,,14.053,9.164
2016,22,,buttercup,ROV,nseo,NSEO,6/12/2016,6/12/2016,,,,mike,byerly,Line Transect,1,6/12/2016,,,hypack,"habitat includes columnar basalt, lots of juvenile yelloweye",buttercup,992,juvenile,49,25.361,-299.85,-742.935,-1690.225,224.041,8:06:26,4.255,1870.487,0.563,,2.374,13.727
2016,22,,buttercup,ROV,nseo,NSEO,6/12/2016,6/12/2016,,,,mike,byerly,Line Transect,1,6/12/2016,,,hypack,"habitat includes columnar basalt, lots of juvenile yelloweye",buttercup,992,juvenile,51,31.33,884.436,-698.391,-1851.322,203.768,8:07:20,10.83,2167.341,2.183,,2.045,9.738
2016,22,,buttercup,ROV,nseo,NSEO,6/12/2016,6/12/2016,,,,mike,byerly,Line Transect,1,6/12/2016,,,hypack,"habitat includes columnar basalt, lots of juvenile yelloweye",buttercup,992,juvenile,75,27.96,-1322.495,20.79,-2491.754,193.482,8:18:19,28.599,2821.039,0.197,high horizontal angle,34.962,4.678
2016,22,,buttercup,ROV,nseo,NSEO,6/12/2016,6/12/2016,,,,mike,byerly,Line Transect,1,6/12/2016,,,hypack,"habitat includes columnar basalt, lots of juvenile yelloweye",buttercup,992,juvenile,83,25.042,798.176,-281.983,-1811.881,196.818,8:22:51,9.936,1999.878,1.947,,3.973,1.547
2016,22,,buttercup,ROV,nseo,NSEO,6/12/2016,6/12/2016,,,,mike,byerly,Line Transect,1,6/12/2016,,,hypack,"habitat includes columnar basalt, lots of juvenile yelloweye",buttercup,992,subadult,2,24.468,-880.105,-19.444,-1934.577,250.54,7:47:39,17.227,2125.453,1.451,high horizontal angle,46.047,26.649
2016,22,,buttercup,ROV,nseo,NSEO,6/12/2016,6/12/2016,,,,mike,byerly,Line Transect,1,6/12/2016,,,hypack,"habitat includes columnar basalt, lots of juvenile yelloweye",buttercup,992,subadult,7,28.003,-1466.564,132.069,-2769.045,280.612,7:48:56,25.575,3136.218,1.443,,13.941,24.156
2016,22,,buttercup,ROV,nseo,NSEO,6/12/2016,6/12/2016,,,,mike,byerly,Line Transect,1,6/12/2016,,,hypack,"habitat includes columnar basalt, lots of juvenile yelloweye",buttercup,992,subadult,42,28.326,-1645.399,262.614,-3091.152,323.684,8:04:29,41.806,3511.627,1.16,high precision and horizontal angle,54.142,38.673
2016,22,,buttercup,ROV,nseo,NSEO,6/12/2016,6/12/2016,,,,mike,byerly,Line Transect,1,6/12/2016,,,hypack,"habitat includes columnar basalt, lots of juvenile yelloweye",buttercup,992,subadult,43,20.671,-1165.816,336.043,-3215.717,234.139,8:04:36,26.178,3436.988,0.573,,7.284,2.449
2016,23,,buttercup,ROV,nseo,NSEO,6/12/2016,6/12/2016,,,,mike,byerly,Line Transect,1,6/12/2016,,,hypack,columnar basalt,buttercup,995,adult,13,25.282,-1315.995,636.281,-3094.908,646.056,9:13:06,30.478,3422.741,0.745,,16.402,9.315
2016,23,,buttercup,ROV,nseo,NSEO,6/12/2016,6/12/2016,,,,mike,byerly,Line Transect,1,6/12/2016,,,hypack,columnar basalt,buttercup,995,adult,21,22.268,849.907,2248.057,-5869.19,649.782,9:15:32,102.61,6342.2,0.568,high precision,25.471,8.698
2016,23,,buttercup,ROV,nseo,NSEO,6/12/2016,6/12/2016,,,,mike,byerly,Line Transect,1,6/12/2016,,,hypack,columnar basalt,buttercup,995,adult,22,18.674,149.366,605.49,-1845.274,637.194,9:15:38,10.967,1947.81,1.454,,27.643,13.987
2016,23,,buttercup,ROV,nseo,NSEO,6/12/2016,6/12/2016,,,,mike,byerly,Line Transect,1,6/12/2016,,,hypack,columnar basalt,buttercup,995,adult,27,16.041,714.668,332.801,-2741.876,637.702,9:17:46,35.284,2852.961,0.603,high horizontal angle,42.383,6.954
2016,23,,buttercup,ROV,nseo,NSEO,6/12/2016,6/12/2016,,,,mike,byerly,Line Transect,1,6/12/2016,,,hypack,columnar basalt,buttercup,995,adult,52,25.583,939.712,467.566,-2192.397,425.347,9:38:00,15.632,2430.695,1.626,,14.307,4.266
2016,23,,buttercup,ROV,nseo,NSEO,6/12/2016,6/12/2016,,,,mike,byerly,Line Transect,1,6/12/2016,,,hypack,columnar basalt,buttercup,995,adult,53,18.457,327.546,652.546,-2187.56,478.324,9:38:02,18.542,2306.192,1.285,high horizontal,36.118,19.046
2016,23,,buttercup,ROV,nseo,NSEO,6/12/2016,6/12/2016,,,,mike,byerly,Line Transect,1,6/12/2016,,,hypack,columnar basalt,buttercup,995,adult,80,4.763,-337.835,4.138,-4054.623,571.414,9:39:14,38.849,4068.675,0.391,,20.632,8.949
2016,23,,buttercup,ROV,nseo,NSEO,6/12/2016,6/12/2016,,,,mike,byerly,Line Transect,1,6/12/2016,,,hypack,columnar basalt,buttercup,995,adult,81,21.468,68.258,-731.193,-1867.35,609.017,9:39:14,5.394,2006.564,2.566,,8.644,5.555
2016,23,,buttercup,ROV,nseo,NSEO,6/12/2016,6/12/2016,,,,mike,byerly,Line Transect,1,6/12/2016,,,hypack,columnar basalt,buttercup,995,adult,100,14.779,-70.658,-382.159,-1473.106,478.596,9:45:24,6.398,1523.509,0.113,,24.534,6.367
2016,23,,buttercup,ROV,nseo,NSEO,6/12/2016,6/12/2016,,,,mike,byerly,Line Transect,1,6/12/2016,,,hypack,columnar basalt,buttercup,995,juvenile,1,17.17,-28.899,960.6,-3110.459,206.466,9:09:05,15.871,3255.54,1.162,,14.16,5.49
2016,23,,buttercup,ROV,nseo,NSEO,6/12/2016,6/12/2016,,,,mike,byerly,Line Transect,1,6/12/2016,,,hypack,columnar basalt,buttercup,995,juvenile,4,27.924,857.998,-445.759,-1824.269,213.518,9:09:48,14.411,2064.659,0.873,,30.739,3.185
2016,23,,buttercup,ROV,nseo,NSEO,6/12/2016,6/12/2016,,,,mike,byerly,Line Transect,1,6/12/2016,,,hypack,columnar basalt,buttercup,995,juvenile,23,15.987,-308.244,-583.872,-2304.453,129.679,9:16:09,5.577,2397.17,1.598,,2.586,12.874
2016,23,,buttercup,ROV,nseo,NSEO,6/12/2016,6/12/2016,,,,mike,byerly,Line Transect,1,6/12/2016,,,hypack,columnar basalt,buttercup,995,juvenile,28,27.796,1270.082,-463.753,-2564.958,196.384,9:17:46,25.027,2899.515,1.384,high horizontal angle,45.866,45.922
2016,23,,buttercup,ROV,nseo,NSEO,6/12/2016,6/12/2016,,,,mike,byerly,Line Transect,1,6/12/2016,,,hypack,columnar basalt,buttercup,995,juvenile,87,9.802,407.2,333.615,-3047.027,249.113,9:41:29,38.21,3092.165,1.885,high horizontal angle,42.58,23.918
2016,23,,buttercup,ROV,nseo,NSEO,6/12/2016,6/12/2016,,,,mike,byerly,Line Transect,1,6/12/2016,,,hypack,columnar basalt,buttercup,995,juvenile,90,21.217,-941.384,19.496,-2425.411,219.292,9:41:47,31.97,2601.769,0.325,high horizontal angle,73.766,31.353
2016,23,,buttercup,ROV,nseo,NSEO,6/12/2016,6/12/2016,,,,mike,byerly,Line Transect,1,6/12/2016,,,hypack,columnar basalt,buttercup,995,juvenile,97,11.68,407.834,-80.683,-2011.12,215.479,9:45:19,6.573,2053.641,0.25,,7.847,15.641
2016,23,,buttercup,ROV,nseo,NSEO,6/12/2016,6/12/2016,,,,mike,byerly,Line Transect,1,6/12/2016,,,hypack,columnar basalt,buttercup,995,juvenile,99,30.079,1344.242,306.838,-2380.618,136.499,9:45:24,23.285,2751.087,4.66,,18.383,0.727
2016,23,,buttercup,ROV,nseo,NSEO,6/12/2016,6/12/2016,,,,mike,byerly,Line Transect,1,6/12/2016,,,hypack,columnar basalt,buttercup,995,subadult,31,11.06,828.813,-154.9,-4313.77,306.344,9:17:58,31.477,4395.4,1.573,,9.654,2.543
2016,23,,buttercup,ROV,nseo,NSEO,6/12/2016,6/12/2016,,,,mike,byerly,Line Transect,1,6/12/2016,,,hypack,columnar basalt,buttercup,995,subadult,49,7.982,157.895,-165.422,-1630.825,296.225,9:33:55,6.559,1646.781,0.213,,21.044,13.954
2016,23,,buttercup,ROV,nseo,NSEO,6/12/2016,6/12/2016,,,,mike,byerly,Line Transect,1,6/12/2016,,,hypack,columnar basalt,buttercup,995,subadult,101,17.774,-1280.63,352.3,-4143.259,393.062,9:45:35,35.176,4350.945,1.259,,1.537,8.423
2016,23,,buttercup,ROV,nseo,NSEO,6/12/2016,6/12/2016,,,,mike,byerly,Line Transect,1,6/12/2016,,,hypack,columnar basalt,buttercup,995,,18,21.751,367.985,-559.843,-1679.192,290.799,9:15:18,6.873,1807.906,0.835,,16.496,18.49
2016,23,,buttercup,ROV,nseo,NSEO,6/12/2016,6/12/2016,,,,mike,byerly,Line Transect,1,6/12/2016,,,hypack,columnar basalt,buttercup,995,,44,4.783,152.159,83.18,-2072.368,291.119,9:28:59,21.649,2079.611,2.099,"juvenile, high horizontal angle",65.144,32.486
2016,24,,buttercup,ROV,nseo,NSEO,6/12/2016,6/12/2016,,,,mike,byerly,Line Transect,1,6/12/2016,,,hypack,,buttercup,1003,adult,27,14.907,-554.478,-268.547,-2314.303,608.199,10:53:59,13.291,2394.903,0.302,,17.946,23.018
2016,24,,buttercup,ROV,nseo,NSEO,6/12/2016,6/12/2016,,,,mike,byerly,Line Transect,1,6/12/2016,,,hypack,,buttercup,1003,adult,41,19.555,-415.3,-348.635,-1526.588,431.667,11:04:13,7.486,1620.029,0.288,,23.005,5.064
2016,24,,buttercup,ROV,nseo,NSEO,6/12/2016,6/12/2016,,,,mike,byerly,Line Transect,1,6/12/2016,,,hypack,,buttercup,1003,adult,44,5.551,-55.539,-172.659,-1866.351,480.768,11:09:05,6.992,1875.143,0.151,,16.387,12.005
2016,24,,buttercup,ROV,nseo,NSEO,6/12/2016,6/12/2016,,,,mike,byerly,Line Transect,1,6/12/2016,,,hypack,,buttercup,1003,,32,29.896,1122.612,-122.837,-1964.266,639.922,10:57:34,15.613,2265.764,1.34,high horizontal angle,65.04,50.611
2016,25,,buttercup,ROV,nseo,NSEO,6/12/2016,6/12/2016,,,,mike,byerly,Line Transect,1,6/12/2016,,,hypack,Only 500 m surveyed because looks like poor habitat and no clump tracking.,buttercup,510,,,,,,,,,,,,,,
2016,26,,buttercup,ROV,nseo,NSEO,6/12/2016,6/12/2016,,,,mike,byerly,Line Transect,1,6/12/2016,,,hypack,,buttercup,992,adult,25,31.968,2363.038,1201.796,-4247.822,441.035,14:19:15,81.028,5007.22,0.507,high precision and horiz direction,44.771,33.04
2016,27,,buttercup,ROV,nseo,NSEO,6/12/2016,6/12/2016,,,,mike,byerly,Line Transect,1,6/12/2016,,,hypack,not yelloweye habitat,buttercup,993,,,,,,,,,,,,,,
2016,28,,buttercup,ROV,nseo,NSEO,6/12/2016,6/12/2016,,,,mike,byerly,Aborted,1,6/12/2016,,,,Abort dive 2 min from start because tangled umbilical.,buttercup,,,,,,,,,,,,,,,
2016,29,,buttercup,ROV,nseo,NSEO,6/12/2016,6/12/2016,,,,mike,byerly,Line Transect,1,6/12/2016,,,hypack,columnar basalt; longline or wire line at 17:26:17,buttercup,996,adult,8,22.79,1450.035,317.556,-3532.952,373.286,16:54:05,60.659,3832.126,0.308,high horiz and precision,40.567,3.372
2016,29,,buttercup,ROV,nseo,NSEO,6/12/2016,6/12/2016,,,,mike,byerly,Line Transect,1,6/12/2016,,,hypack,columnar basalt; longline or wire line at 17:26:17,buttercup,996,adult,27,8.829,-64.462,572.982,-3712.173,390.002,17:01:19,33.722,3756.686,0.264,,22.864,18.673
2016,29,,buttercup,ROV,nseo,NSEO,6/12/2016,6/12/2016,,,,mike,byerly,Line Transect,1,6/12/2016,,,hypack,columnar basalt; longline or wire line at 17:26:17,buttercup,996,adult,42,7.029,-302.327,11.438,-2453.593,394.057,17:08:41,18.986,2472.176,0.769,,28.896,16.092
2016,29,,buttercup,ROV,nseo,NSEO,6/12/2016,6/12/2016,,,,mike,byerly,Line Transect,1,6/12/2016,,,hypack,columnar basalt; longline or wire line at 17:26:17,buttercup,996,juvenile,17,29.099,-1758.355,325.217,-3212.804,167.66,16:58:12,44.446,3676.913,0.239,,34.167,17.084
2016,29,,buttercup,ROV,nseo,NSEO,6/12/2016,6/12/2016,,,,mike,byerly,Line Transect,1,6/12/2016,,,hypack,columnar basalt; longline or wire line at 17:26:17,buttercup,996,juvenile,25,22.256,-43.484,-651.005,-1594.332,249.024,17:01:09,10.691,1722.67,0.325,high horizontal angle,41.802,23.494
2016,29,,buttercup,ROV,nseo,NSEO,6/12/2016,6/12/2016,,,,mike,byerly,Line Transect,1,6/12/2016,,,hypack,columnar basalt; longline or wire line at 17:26:17,buttercup,996,juvenile,35,15.196,-568.439,-87.252,-2117.322,206.675,17:04:35,10.799,2194.034,0.284,,14.906,10.245
2016,29,,buttercup,ROV,nseo,NSEO,6/12/2016,6/12/2016,,,,mike,byerly,Line Transect,1,6/12/2016,,,hypack,columnar basalt; longline or wire line at 17:26:17,buttercup,996,juvenile,51,11.156,529.561,445.527,-3509.271,244.479,17:10:01,27.118,3576.858,0.905,,17.828,12.475
2016,29,,buttercup,ROV,nseo,NSEO,6/12/2016,6/12/2016,,,,mike,byerly,Line Transect,1,6/12/2016,,,hypack,columnar basalt; longline or wire line at 17:26:17,buttercup,996,juvenile,73,27.724,1204.531,-310.089,-2366.723,240.365,17:16:30,20.945,2673.654,0.581,,15.469,1.231
2016,29,,buttercup,ROV,nseo,NSEO,6/12/2016,6/12/2016,,,,mike,byerly,Line Transect,1,6/12/2016,,,hypack,columnar basalt; longline or wire line at 17:26:17,buttercup,996,subadult,5,28.38,1219.499,-110.494,-2266.499,265.809,16:53:40,18.228,2576.122,0.709,,0.668,8.333
2016,29,,buttercup,ROV,nseo,NSEO,6/12/2016,6/12/2016,,,,mike,byerly,Line Transect,1,6/12/2016,,,hypack,columnar basalt; longline or wire line at 17:26:17,buttercup,996,subadult,20,24.276,1043.037,-77.991,-2319.146,285.615,16:59:38,16.881,2544.101,0.893,,9.544,12.09
2016,29,,buttercup,ROV,nseo,NSEO,6/12/2016,6/12/2016,,,,mike,byerly,Line Transect,1,6/12/2016,,,hypack,columnar basalt; longline or wire line at 17:26:17,buttercup,996,subadult,26,9.443,240.201,522.005,-3454.864,318.193,17:01:12,55.31,3502.323,0.896,high precision and horizontal angle,48.381,19.856
2016,29,,buttercup,ROV,nseo,NSEO,6/12/2016,6/12/2016,,,,mike,byerly,Line Transect,1,6/12/2016,,,hypack,columnar basalt; longline or wire line at 17:26:17,buttercup,996,subadult,40,31.499,2068.29,519.191,-3479.957,299.394,17:08:25,72.947,4081.358,0.956,,73.364,17.84
2016,29,,buttercup,ROV,nseo,NSEO,6/12/2016,6/12/2016,,,,mike,byerly,Line Transect,1,6/12/2016,,,hypack,columnar basalt; longline or wire line at 17:26:17,buttercup,996,subadult,50,30.728,1879.788,47.663,-3163.414,322.552,17:09:58,63.855,3680.09,1.321,high precision and horizontal angle,76.87,7.94
2016,30,,buttercup,ROV,nseo,NSEO,6/12/2016,6/12/2016,,,,mike,byerly,Line Transect,1,6/12/2016,,,hypack,,buttercup,999,juvenile,18,28.179,1000.432,-860.219,-2462.906,207.748,18:08:06,17.976,2794.056,0.914,,11.659,8.847
2016,30,,buttercup,ROV,nseo,NSEO,6/12/2016,6/12/2016,,,,mike,byerly,Line Transect,1,6/12/2016,,,hypack,,buttercup,999,juvenile,27,12.67,666.808,-38.427,-2971.08,184.746,18:08:38,28.813,3045.23,3.142,,28.745,19.347
2016,30,,buttercup,ROV,nseo,NSEO,6/12/2016,6/12/2016,,,,mike,byerly,Line Transect,1,6/12/2016,,,hypack,,buttercup,999,juvenile,35,18.031,497.41,-262.583,-1727.884,199.545,18:16:18,10.073,1817.126,4.807,,25.318,0.71
2016,30,,buttercup,ROV,nseo,NSEO,6/12/2016,6/12/2016,,,,mike,byerly,Line Transect,1,6/12/2016,,,hypack,,buttercup,999,juvenile,58,20.947,-706.185,-361.321,-2072.271,311.281,18:26:10,18.674,2218.909,6.365,,54.971,39.575
2016,30,,buttercup,ROV,nseo,NSEO,6/12/2016,6/12/2016,,,,mike,byerly,Line Transect,1,6/12/2016,,,hypack,,buttercup,999,juvenile,72,13.597,-542.86,-245.613,-2463.481,130.625,18:24:02,9.098,2534.514,8.747,,2.221,7.34
2016,30,,buttercup,ROV,nseo,NSEO,6/12/2016,6/12/2016,,,,mike,byerly,Line Transect,1,6/12/2016,,,hypack,,buttercup,999,,30,19.475,-690.882,-246.82,-2074.589,295.493,18:12:14,9.492,2200.49,4.07,,6.108,21.073
2016,30,,buttercup,ROV,nseo,NSEO,6/12/2016,6/12/2016,,,,mike,byerly,Line Transect,1,6/12/2016,,,hypack,,buttercup,999,,33,23.93,-1142.439,64.571,-2578.548,858.299,18:15:28,22.824,2821.037,2.541,,18.335,12.563
2016,30,,buttercup,ROV,nseo,NSEO,6/12/2016,6/12/2016,,,,mike,byerly,Line Transect,1,6/12/2016,,,hypack,,buttercup,999,,43,26.98,-1279.95,-265.192,-2567.648,378.325,18:19:32,20.966,2881.218,5.075,"juvenile, slightly bent",65.675,58.582
2016,31,,buttercup,ROV,nseo,NSEO,6/13/2016,6/13/2016,,,,mike,byerly,Line Transect,1,6/13/2016,,,hypack,,buttercup,990,adult,14,17.48,-498.805,-565.434,-2394.314,377.042,8:13:36,12.738,2510.232,0.979,,15.148,1.997
2016,31,,buttercup,ROV,nseo,NSEO,6/13/2016,6/13/2016,,,,mike,byerly,Line Transect,1,6/13/2016,,,hypack,,buttercup,990,adult,19,20.401,997.473,266.779,-2776.221,396.135,8:18:47,26.03,2962.014,0.253,,24.393,20.199
2016,31,,buttercup,ROV,nseo,NSEO,6/13/2016,6/13/2016,,,,mike,byerly,Line Transect,1,6/13/2016,,,hypack,,buttercup,990,subadult,27,29.569,-2487.268,72.948,-4385.855,300.697,8:24:11,55.806,5042.573,1.184,bad precision,8.034,36.044
2016,31,,buttercup,ROV,nseo,NSEO,6/13/2016,6/13/2016,,,,mike,byerly,Line Transect,1,6/13/2016,,,hypack,,buttercup,990,subadult,35,27.46,-1817.239,646.058,-3711.286,314.827,8:25:07,54.223,4182.51,1.027,high precision and angle,25.926,6.94
2016,31,,buttercup,ROV,nseo,NSEO,6/13/2016,6/13/2016,,,,mike,byerly,Line Transect,1,6/13/2016,,,hypack,,buttercup,990,subadult,55,29.948,1487.931,341.903,-2649.904,243.061,8:38:11,33.632,3058.239,0.645,,39.364,18.504
2016,32,,buttercup,ROV,nseo,NSEO,6/13/2016,6/13/2016,,,,mike,byerly,Line Transect,1,6/13/2016,,,hypack,columnar basalt,buttercup,1002,adult,3,33.799,2518.662,1624.728,-4477.371,731.048,9:16:05,82.354,5387.972,0.385,high precision,34.104,31.393
2016,32,,buttercup,ROV,nseo,NSEO,6/13/2016,6/13/2016,,,,mike,byerly,Line Transect,1,6/13/2016,,,hypack,columnar basalt,buttercup,1002,adult,22,28.963,1822.232,451.89,-3392.074,387.121,9:24:37,40.768,3876.971,1.599,,12.632,20.841
2016,32,,buttercup,ROV,nseo,NSEO,6/13/2016,6/13/2016,,,,mike,byerly,Line Transect,1,6/13/2016,,,hypack,columnar basalt,buttercup,1002,adult,23,23.716,-707.901,-349.719,-1797.305,498.527,9:25:03,11.046,1963.093,2.377,,27.852,25.937
2016,32,,buttercup,ROV,nseo,NSEO,6/13/2016,6/13/2016,,,,mike,byerly,Line Transect,1,6/13/2016,,,hypack,columnar basalt,buttercup,1002,juvenile,7,15.469,1012.285,-185.969,-3719.077,212.707,9:19:04,64.821,3858.865,0.635,high precision and horizontal angle,44.063,13.674
2016,32,,buttercup,ROV,nseo,NSEO,6/13/2016,6/13/2016,,,,mike,byerly,Line Transect,1,6/13/2016,,,hypack,columnar basalt,buttercup,1002,juvenile,9,29.503,-922.004,-499.843,-1853.459,144.15,9:19:11,10.801,2129.611,1.767,,1.366,0.956
2016,32,,buttercup,ROV,nseo,NSEO,6/13/2016,6/13/2016,,,,mike,byerly,Line Transect,1,6/13/2016,,,hypack,columnar basalt,buttercup,1002,juvenile,44,18.2,-141.397,-475.799,-1509.697,140.879,9:31:25,5.752,1589.201,0.483,,21.679,15.923
2016,32,,buttercup,ROV,nseo,NSEO,6/13/2016,6/13/2016,,,,mike,byerly,Line Transect,1,6/13/2016,,,hypack,columnar basalt,buttercup,1002,juvenile,69,30.071,1221.058,-282.707,-2164.713,133.196,9:41:57,19.027,2501.377,0.622,,18.013,2.166
2016,32,,buttercup,ROV,nseo,NSEO,6/13/2016,6/13/2016,,,,mike,byerly,Line Transect,1,6/13/2016,,,hypack,columnar basalt,buttercup,1002,juvenile,82,28.574,1434.578,390.551,-2729.968,209.252,9:48:16,27.056,3108.58,0.479,,10.609,5.484
2016,32,,buttercup,ROV,nseo,NSEO,6/13/2016,6/13/2016,,,,mike,byerly,Line Transect,1,6/13/2016,,,hypack,columnar basalt,buttercup,1002,juvenile,86,25.52,494.854,-608.806,-1643.358,156.39,9:50:11,10.112,1821.031,0.92,,30.147,10.541
2016,32,,buttercup,ROV,nseo,NSEO,6/13/2016,6/13/2016,,,,mike,byerly,Line Transect,1,6/13/2016,,,hypack,columnar basalt,buttercup,1002,juvenile,87,24.063,577.382,-637.961,-1926.862,122.594,9:50:11,20.164,2110.251,0.297,,52.809,4.712
2016,32,,buttercup,ROV,nseo,NSEO,6/13/2016,6/13/2016,,,,mike,byerly,Line Transect,1,6/13/2016,,,hypack,columnar basalt,buttercup,1002,juvenile,94,1.738,115.459,8.771,-3816.012,263.046,9:51:28,51.406,3817.768,1.224,high precision,33.619,12.337
2016,32,,buttercup,ROV,nseo,NSEO,6/13/2016,6/13/2016,,,,mike,byerly,Line Transect,1,6/13/2016,,,hypack,columnar basalt,buttercup,1002,juvenile,99,28.327,-1678.496,222.291,-3140.938,172.201,9:55:15,33.279,3568.228,1.384,,1.126,0.294
2016,32,,buttercup,ROV,nseo,NSEO,6/13/2016,6/13/2016,,,,mike,byerly,Line Transect,1,6/13/2016,,,hypack,columnar basalt,buttercup,1002,juvenile,100,13.141,441.682,-312.514,-2317.616,114.675,9:44:32,8.889,2379.935,0.804,,8.964,2.969
2016,32,,buttercup,ROV,nseo,NSEO,6/13/2016,6/13/2016,,,,mike,byerly,Line Transect,1,6/13/2016,,,hypack,columnar basalt,buttercup,1002,subadult,6,27.794,2086.152,946.609,-4346.073,301.824,9:18:56,60.794,4912.886,0.669,high precision,10.213,19.117
2016,32,,buttercup,ROV,nseo,NSEO,6/13/2016,6/13/2016,,,,mike,byerly,Line Transect,1,6/13/2016,,,hypack,columnar basalt,buttercup,1002,subadult,35,2.965,182.197,-44.739,-3622.424,295.415,9:29:30,23.986,3627.279,0.999,,16.021,9.355
2016,32,,buttercup,ROV,nseo,NSEO,6/13/2016,6/13/2016,,,,mike,byerly,Line Transect,1,6/13/2016,,,hypack,columnar basalt,buttercup,1002,,13,8.386,-496.825,204.4,-3644.433,476.244,9:21:07,35.241,3683.816,0.484,,23.437,15.12
2016,32,,buttercup,ROV,nseo,NSEO,6/13/2016,6/13/2016,,,,mike,byerly,Line Transect,1,6/13/2016,,,hypack,columnar basalt,buttercup,1002,,19,14.19,724.538,271.239,-3059.636,385.544,9:22:45,27.861,3155.931,0.8,,23.079,10.396
2016,32,,buttercup,ROV,nseo,NSEO,6/13/2016,6/13/2016,,,,mike,byerly,Line Transect,1,6/13/2016,,,hypack,columnar basalt,buttercup,1002,,43,17.79,594.13,363.796,-2171.118,963.622,9:30:46,12.972,2280.152,0.26,,15.493,4.87
2016,33,,buttercup,ROV,nseo,NSEO,6/13/2016,6/13/2016,,,,mike,byerly,Line Transect,1,6/13/2016,,,hypack,small boulders in last 1/3 of dive the rest not DSR habitat,buttercup,1002,juvenile,19,28.712,-1738.481,12.591,-3173.855,205.99,10:55:00,32.478,3618.816,1.368,,5.809,21.884
2016,34,,buttercup,ROV,nseo,NSEO,6/13/2016,6/13/2016,,,,mike,byerly,Line Transect,1,6/13/2016,,,hypack,Line slid S approximately 200m to avoid drop off; still crosses point.,buttercup,975,adult,40,3.932,28.069,-167.672,-2473.222,658.83,12:20:49,21.585,2479.058,0.979,,31.752,6.921
2016,34,,buttercup,ROV,nseo,NSEO,6/13/2016,6/13/2016,,,,mike,byerly,Line Transect,1,6/13/2016,,,hypack,Line slid S approximately 200m to avoid drop off; still crosses point.,buttercup,975,adult,44,26.99,1563.78,225.48,-3102.11,431.32,12:22:51,54.801,3481.284,0.806,high horizontal,63.095,23.358
2016,34,,buttercup,ROV,nseo,NSEO,6/13/2016,6/13/2016,,,,mike,byerly,Line Transect,1,6/13/2016,,,hypack,Line slid S approximately 200m to avoid drop off; still crosses point.,buttercup,975,adult,86,9.528,-393.915,-171.621,-2560.084,370.052,12:32:57,7.37,2595.891,1.368,,4.738,29.483
2016,34,,buttercup,ROV,nseo,NSEO,6/13/2016,6/13/2016,,,,mike,byerly,Line Transect,1,6/13/2016,,,hypack,Line slid S approximately 200m to avoid drop off; still crosses point.,buttercup,975,subadult,71,12.176,565.642,706.151,-4193.054,290.569,12:27:46,28.121,4289.557,0.669,,11.832,14.562
2016,34,,buttercup,ROV,nseo,NSEO,6/13/2016,6/13/2016,,,,mike,byerly,Line Transect,1,6/13/2016,,,hypack,Line slid S approximately 200m to avoid drop off; still crosses point.,buttercup,975,subadult,77,28.101,-1526.296,398.713,-2954.319,285.279,12:29:38,32.779,3349.113,1.088,,27.434,24.806
2016,34,,buttercup,ROV,nseo,NSEO,6/13/2016,6/13/2016,,,,mike,byerly,Line Transect,1,6/13/2016,,,hypack,Line slid S approximately 200m to avoid drop off; still crosses point.,buttercup,975,subadult,81,25.472,-1097.931,-176.94,-2334.539,320.111,12:30:40,21.075,2585.891,1.198,,35.256,30.073
2016,34,,buttercup,ROV,nseo,NSEO,6/13/2016,6/13/2016,,,,mike,byerly,Line Transect,1,6/13/2016,,,hypack,Line slid S approximately 200m to avoid drop off; still crosses point.,buttercup,975,,33,27.26,-679.374,-383.871,-1514.438,380.335,12:06:21,11.168,1703.651,0.694,high horiz angle-OK from above,83.538,42.891
2016,34,,buttercup,ROV,nseo,NSEO,6/13/2016,6/13/2016,,,,mike,byerly,Line Transect,1,6/13/2016,,,hypack,Line slid S approximately 200m to avoid drop off; still crosses point.,buttercup,975,,84,20.283,-294.722,-510.069,-1593.944,532.018,12:30:47,10.111,1699.32,1.106,,35.202,9.23
2016,35,,buttercup,ROV,nseo,NSEO,6/13/2016,6/13/2016,,,,mike,byerly,Line Transect,1,6/13/2016,,,hypack,,buttercup,1003,,36,10.443,-235.544,-161.875,-1550.736,739.292,14:43:32,10.893,1576.853,0.996,high horizontal angle,47.448,31.257
2016,36,,buttercup,ROV,nseo,NSEO,6/13/2016,6/13/2016,,,,mike,byerly,Line Transect,1,6/13/2016,,,hypack,,buttercup,990,adult,2,27.453,-1043.654,-485.798,-2215.849,405.026,15:32:32,19.956,2497.038,1.882,,28.682,3.227
2016,36,,buttercup,ROV,nseo,NSEO,6/13/2016,6/13/2016,,,,mike,byerly,Line Transect,1,6/13/2016,,,hypack,,buttercup,990,subadult,5,22.214,-944.917,-352.095,-2469.253,328.331,15:33:53,32.121,2667.218,2.354,high horizontal angle,53.271,15.798
2016,36,,buttercup,ROV,nseo,NSEO,6/13/2016,6/13/2016,,,,mike,byerly,Line Transect,1,6/13/2016,,,hypack,,buttercup,990,,11,8.21,33.752,-218.502,-1532.394,786.542,15:35:57,6.225,1548.262,1.213,,18.476,3.684
2016,36,,buttercup,ROV,nseo,NSEO,6/13/2016,6/13/2016,,,,mike,byerly,Line Transect,1,6/13/2016,,,hypack,,buttercup,990,,17,7.095,-195.045,19.913,-1575.243,791.326,15:47:39,16.312,1587.398,1.824,high horizontal angle,82.786,27.028
2016,37,,buttercup,ROV,nseo,NSEO,6/13/2016,6/13/2016,,,,mike,byerly,Line Transect,1,6/13/2016,,,hypack,,buttercup,973,adult,15,34.471,2988.5,1962.524,-5207.626,427.357,17:00:28,101.157,6316.803,2.341,,11.461,0.382
2016,37,,buttercup,ROV,nseo,NSEO,6/13/2016,6/13/2016,,,,mike,byerly,Line Transect,1,6/13/2016,,,hypack,,buttercup,973,adult,42,19.658,533.353,-580.104,-2205.965,348.016,17:16:52,20.566,2342.492,0.183,high horizontal angle,43.468,29.367
2016,37,,buttercup,ROV,nseo,NSEO,6/13/2016,6/13/2016,,,,mike,byerly,Line Transect,1,6/13/2016,,,hypack,,buttercup,973,subadult,2,15.102,877.947,24.766,-3254.75,352.489,16:52:22,34.17,3371.172,0.591,,32.462,34.289
2016,38,,buttercup,ROV,nseo,NSEO,6/14/2016,6/14/2016,,,,mike,byerly,Line Transect,1,6/14/2016,,,hypack,lots of shrimp and ratfish,buttercup,971,,,,,,,,,,,,,,
2016,39,,buttercup,ROV,nseo,NSEO,6/14/2016,6/14/2016,,,,mike,byerly,Line Transect,1,6/14/2016,,,hypack,Navigation (SMO) logged continously during last transit.,buttercup,999,subadult,66,25.99,-537.698,-876.73,-2109.655,306.177,9:36:25,10.504,2347.002,0.892,,10.276,39.983
2016,40,,buttercup,ROV,nseo,NSEO,6/14/2016,6/14/2016,,,,mike,byerly,Line Transect,1,6/14/2016,,,hypack,,buttercup,982,adult,26,27.956,1257.607,884.041,-2896.538,402.525,10:38:11,33.058,3279.182,1.367,,28.225,14.478
2016,40,,buttercup,ROV,nseo,NSEO,6/14/2016,6/14/2016,,,,mike,byerly,Line Transect,1,6/14/2016,,,hypack,,buttercup,982,juvenile,7,28.123,-906.316,-551.656,-1985.192,213.766,10:33:51,11.984,2250.938,0.914,"tail bent, end point estimated",7.356,2.438
2016,40,,buttercup,ROV,nseo,NSEO,6/14/2016,6/14/2016,,,,mike,byerly,Line Transect,1,6/14/2016,,,hypack,,buttercup,982,juvenile,17,31.109,-811.974,-593.066,-1666.238,256.637,10:35:41,13.85,1946.119,1.397,high horizontal,76.798,38.879
2016,40,,buttercup,ROV,nseo,NSEO,6/14/2016,6/14/2016,,,,mike,byerly,Line Transect,1,6/14/2016,,,hypack,,buttercup,982,juvenile,32,31.303,1170.848,-410.014,-2040.116,194.197,10:39:38,10.756,2387.691,1.008,,49.192,65.662
2016,40,,buttercup,ROV,nseo,NSEO,6/14/2016,6/14/2016,,,,mike,byerly,Line Transect,1,6/14/2016,,,hypack,,buttercup,982,juvenile,33,33.412,1836.612,1124.533,-3264.47,218.024,10:40:48,44.729,3910.816,2.206,,25.8,11.134
2016,40,,buttercup,ROV,nseo,NSEO,6/14/2016,6/14/2016,,,,mike,byerly,Line Transect,1,6/14/2016,,,hypack,,buttercup,982,juvenile,49,15.61,183.439,-482.133,-1846.308,204.205,11:03:36,9.459,1917.018,0.116,,29.869,41.449
2016,40,,buttercup,ROV,nseo,NSEO,6/14/2016,6/14/2016,,,,mike,byerly,Line Transect,1,6/14/2016,,,hypack,,buttercup,982,subadult,13,25.437,-229.929,-730.052,-1609.262,272.672,10:34:11,11.957,1782.012,1.634,tail bent-end estimated; high horizontal,44.69,14.731
2016,40,,buttercup,ROV,nseo,NSEO,6/14/2016,6/14/2016,,,,mike,byerly,Line Transect,1,6/14/2016,,,hypack,,buttercup,982,subadult,21,30.297,1540.607,259.993,-2674.037,233.191,10:36:41,22.888,3097.021,2.882,,1.789,33.102
2016,40,,buttercup,ROV,nseo,NSEO,6/14/2016,6/14/2016,,,,mike,byerly,Line Transect,1,6/14/2016,,,hypack,,buttercup,982,subadult,34,21.895,-1210.265,834.093,-3657.293,311.54,10:46:02,60.795,3941.604,2.233,high horiz and precision,50.033,31.109
2016,40,,buttercup,ROV,nseo,NSEO,6/14/2016,6/14/2016,,,,mike,byerly,Line Transect,1,6/14/2016,,,hypack,,buttercup,982,,6,26.245,-435.865,-679.362,-1637.095,419.234,10:32:26,5.64,1825.265,5.981,tail curved so end point estimated,0.008,23.758
2016,40,,buttercup,ROV,nseo,NSEO,6/14/2016,6/14/2016,,,,mike,byerly,Line Transect,1,6/14/2016,,,hypack,,buttercup,982,,16,28.929,-1127.964,-681.198,-2384.177,460.423,10:34:37,20.335,2724.084,1.484,tail a little bent,34.755,38.686
2016,41,,buttercup,ROV,nseo,NSEO,6/14/2016,6/14/2016,,,,mike,byerly,Line Transect,1,6/14/2016,,,hypack,lower left bulb burned out so may be shadow in video,buttercup,987,subadult,88,29.02,-1660.116,604.134,-3184.419,425.034,12:28:51,38.222,3641.632,1.438,estimated-tail bent,38.846,38.236
2016,41,,buttercup,ROV,nseo,NSEO,6/14/2016,6/14/2016,,,,mike,byerly,Line Transect,1,6/14/2016,,,hypack,lower left bulb burned out so may be shadow in video,buttercup,987,,22,17.775,-618.754,-106.022,-1958.181,744.721,12:05:56,11.536,2056.349,0.689,,18.224,15.835
2016,42,,buttercup,ROV,nseo,NSEO,6/14/2016,6/14/2016,,,,mike,byerly,Line Transect,1,6/14/2016,,,hypack,,buttercup,975,juvenile,22,17.333,-859.501,92.171,-2769.814,260.358,13:40:30,16.762,2901.57,1.326,,6.305,1.899
2016,43,,buttercup,ROV,nseo,NSEO,6/14/2016,6/14/2016,,,,mike,byerly,Line Transect,1,6/14/2016,,,hypack,,buttercup,999,adult,43,24.171,1453.555,308.707,-3310.861,433.697,14:50:51,47.762,3629.039,0.386,,33.316,11.665
2016,43,,buttercup,ROV,nseo,NSEO,6/14/2016,6/14/2016,,,,mike,byerly,Line Transect,1,6/14/2016,,,hypack,,buttercup,999,adult,49,7.185,148.373,-93.597,-1391.683,630.225,14:51:30,6.24,1402.696,1.56,,27.419,22.093
2016,43,,buttercup,ROV,nseo,NSEO,6/14/2016,6/14/2016,,,,mike,byerly,Line Transect,1,6/14/2016,,,hypack,,buttercup,999,adult,62,9.233,-48,-464.692,-2873.904,625.87,14:53:32,19.404,2911.626,0.917,,20.451,11.634
2016,43,,buttercup,ROV,nseo,NSEO,6/14/2016,6/14/2016,,,,mike,byerly,Line Transect,1,6/14/2016,,,hypack,,buttercup,999,adult,66,22.669,-911.004,-298.075,-2294.928,681.173,14:54:54,20.93,2487.061,0.515,,29.847,13.004
2016,43,,buttercup,ROV,nseo,NSEO,6/14/2016,6/14/2016,,,,mike,byerly,Line Transect,1,6/14/2016,,,hypack,,buttercup,999,adult,78,6.322,176.194,-240.037,-2687.457,376.587,14:56:14,6.04,2703.902,0.705,,4.141,5.278
2016,43,,buttercup,ROV,nseo,NSEO,6/14/2016,6/14/2016,,,,mike,byerly,Line Transect,1,6/14/2016,,,hypack,,buttercup,999,adult,92,9.891,-62.312,-446.78,-2587.104,449.914,14:58:26,7.48,2626.138,0.868,,7.95,30.372
2016,43,,buttercup,ROV,nseo,NSEO,6/14/2016,6/14/2016,,,,mike,byerly,Line Transect,1,6/14/2016,,,hypack,,buttercup,999,adult,95,27.328,-1764.925,457.153,-3528.033,604.003,14:59:23,39.099,3971.267,2.581,,1.417,7.729
2016,43,,buttercup,ROV,nseo,NSEO,6/14/2016,6/14/2016,,,,mike,byerly,Line Transect,1,6/14/2016,,,hypack,,buttercup,999,juvenile,80,27.953,555.069,-862.05,-1932.148,216.548,14:57:11,7.725,2187.334,0.36,,0.796,15.716
2016,43,,buttercup,ROV,nseo,NSEO,6/14/2016,6/14/2016,,,,mike,byerly,Line Transect,1,6/14/2016,,,hypack,,buttercup,999,juvenile,111,31.433,1337.027,-471.018,-2319.386,138.794,15:02:43,16.717,2718.281,0.368,,9.893,39.203
2016,43,,buttercup,ROV,nseo,NSEO,6/14/2016,6/14/2016,,,,mike,byerly,Line Transect,1,6/14/2016,,,hypack,,buttercup,999,juvenile,115,22.668,-46.307,-1151.096,-2758.375,200.3,14:51:45,14.504,2989.281,3.032,,1.201,42.722
2016,44,,buttercup,ROV,nseo,NSEO,6/15/2016,6/15/2016,,,,mike,byerly,Calibration,1,6/15/2016,,,,Scale bar dive at surface at Squid Bay. Tracking not used.,buttercup,,,,,,,,,,,,,,,
2016,45,,buttercup,ROV,nseo,NSEO,6/15/2016,6/15/2016,,,,mike,byerly,Line Transect,1,6/15/2016,,,hypack,Line added to replace planned dive 5 because troll fleet on plan line.,buttercup,991,juvenile,104,15.685,-520.302,-297.478,-2134.318,184.169,12:01:57,14.309,2216.872,0.673,,27.103,20.579
2016,45,,buttercup,ROV,nseo,NSEO,6/15/2016,6/15/2016,,,,mike,byerly,Line Transect,1,6/15/2016,,,hypack,Line added to replace planned dive 5 because troll fleet on plan line.,buttercup,991,juvenile,113,20.009,-558.618,-303.592,-1745.928,298.149,12:08:32,14.259,1858.087,0.572,,42.076,2.911
2016,45,,buttercup,ROV,nseo,NSEO,6/15/2016,6/15/2016,,,,mike,byerly,Line Transect,1,6/15/2016,,,hypack,Line added to replace planned dive 5 because troll fleet on plan line.,buttercup,991,subadult,37,21.224,635.837,-487.223,-2062.648,283.945,11:36:33,9.304,2212.734,1.891,,8.271,28.907
2016,46,,buttercup,ROV,cseo,CSEO,8/17/2016,8/17/2016,,,,mike,byerly,Line Transect,1,8/17/2016,,,hypack,First dive of 2016 CSEO.,buttercup,993,adult,15,8.174,-278.024,35.354,-1951.128,525.422,19:05:19,4.64,1971.154,0.939,,4.306,30.759
2016,46,,buttercup,ROV,cseo,CSEO,8/17/2016,8/17/2016,,,,mike,byerly,Line Transect,1,8/17/2016,,,hypack,First dive of 2016 CSEO.,buttercup,993,adult,51,15.474,-225.423,-431.165,-1757.51,435.026,19:23:40,11.964,1823.612,0.799,,47.637,41.592
2016,46,,buttercup,ROV,cseo,CSEO,8/17/2016,8/17/2016,,,,mike,byerly,Line Transect,1,8/17/2016,,,hypack,First dive of 2016 CSEO.,buttercup,993,juvenile,8,29.747,1496.049,-261.558,-2657.551,224.236,18:59:59,44.242,3060.907,2.438,High Horiz Angle,71.27,9.452
2016,46,,buttercup,ROV,cseo,CSEO,8/17/2016,8/17/2016,,,,mike,byerly,Line Transect,1,8/17/2016,,,hypack,First dive of 2016 CSEO.,buttercup,993,juvenile,71,29.415,-1650.856,314.396,-2980.622,130.926,18:57:35,25.726,3421.736,1.559,"length estimated, can't see tail",34.56,51.073
2016,46,,buttercup,ROV,cseo,CSEO,8/17/2016,8/17/2016,,,,mike,byerly,Line Transect,1,8/17/2016,,,hypack,First dive of 2016 CSEO.,buttercup,993,subadult,13,20.397,-923.374,983.831,-3628.746,299.531,19:03:21,30.84,3871.478,0.889,,14.799,8.114
2016,47,,buttercup,ROV,cseo,CSEO,8/17/2016,8/17/2016,,,,mike,byerly,Line Transect,1,8/17/2016,,,hypack,Adjusted BEL cam settings this dive. Saturation from 0 to 150 and Gamma from 100 to 150 and hue from 4 to 0.,buttercup,916,adult,3,24.415,1651.706,338.866,-3714.346,464.752,20:18:25,49.786,4079.133,1.282,,23.859,21.061
2016,47,,buttercup,ROV,cseo,CSEO,8/17/2016,8/17/2016,,,,mike,byerly,Line Transect,1,8/17/2016,,,hypack,Adjusted BEL cam settings this dive. Saturation from 0 to 150 and Gamma from 100 to 150 and hue from 4 to 0.,buttercup,916,adult,6,25.82,-2372.815,361.096,-4960.582,650.567,20:22:48,113.366,5510.718,2.598,,48.924,29.175
2016,47,,buttercup,ROV,cseo,CSEO,8/17/2016,8/17/2016,,,,mike,byerly,Line Transect,1,8/17/2016,,,hypack,Adjusted BEL cam settings this dive. Saturation from 0 to 150 and Gamma from 100 to 150 and hue from 4 to 0.,buttercup,916,adult,41,22.835,1078.896,-456.595,-2782.261,578.765,20:52:50,26.312,3018.852,1.112,,19.949,9.936
2016,47,,buttercup,ROV,cseo,CSEO,8/17/2016,8/17/2016,,,,mike,byerly,Line Transect,1,8/17/2016,,,hypack,Adjusted BEL cam settings this dive. Saturation from 0 to 150 and Gamma from 100 to 150 and hue from 4 to 0.,buttercup,916,adult,48,6.967,346.898,-260.178,-3548.483,454.059,20:56:08,15.545,3574.879,1.284,tail a little curved,8.52,10.503
2016,47,,buttercup,ROV,cseo,CSEO,8/17/2016,8/17/2016,,,,mike,byerly,Line Transect,1,8/17/2016,,,hypack,Adjusted BEL cam settings this dive. Saturation from 0 to 150 and Gamma from 100 to 150 and hue from 4 to 0.,buttercup,916,,15,27.13,1278.574,102.109,-2503.25,609.062,20:27:58,21.428,2812.728,1.489,,0.413,1.292
2016,47,,buttercup,ROV,cseo,CSEO,8/17/2016,8/17/2016,,,,mike,byerly,Line Transect,1,8/17/2016,,,hypack,Adjusted BEL cam settings this dive. Saturation from 0 to 150 and Gamma from 100 to 150 and hue from 4 to 0.,buttercup,916,,40,16.692,-690.318,-287.444,-2493.781,740.006,20:52:30,34.729,2603.48,2.949,High Horiz,75.52,33.044
2016,47,,buttercup,ROV,cseo,CSEO,8/17/2016,8/17/2016,,,,mike,byerly,Line Transect,1,8/17/2016,,,hypack,Adjusted BEL cam settings this dive. Saturation from 0 to 150 and Gamma from 100 to 150 and hue from 4 to 0.,buttercup,916,,50,25.771,1859.105,-494.342,-3984.537,1985.497,20:56:31,81.436,4424.61,0.837,,36.821,2.747
2016,48,,buttercup,ROV,cseo,CSEO,8/18/2016,8/18/2016,,,,mike,byerly,Line Transect,1,8/18/2016,,,hypack,,buttercup,992,juvenile,58,26.286,-843.48,-851.786,-2427.007,268.346,8:49:19,24.925,2706.91,0.791,High Horiz,52.48,42.039
2016,48,,buttercup,ROV,cseo,CSEO,8/18/2016,8/18/2016,,,,mike,byerly,Line Transect,1,8/18/2016,,,hypack,,buttercup,992,subadult,54,30.551,-1806.433,864.211,-3392.72,382.996,8:46:35,35.443,3939.62,0.842,,3.042,23.643
2016,48,,buttercup,ROV,cseo,CSEO,8/18/2016,8/18/2016,,,,mike,byerly,Line Transect,1,8/18/2016,,,hypack,,buttercup,992,,61,4.467,101.615,-31.327,-1361.229,806.17,8:54:44,3.982,1365.376,0.457,,8.578,14.674
2016,48,,buttercup,ROV,cseo,CSEO,8/18/2016,8/18/2016,,,,mike,byerly,Line Transect,1,8/18/2016,,,hypack,,buttercup,992,,69,11.067,-659.983,782.533,-5233.491,991.044,9:00:45,77.032,5332.67,4.288,,23.822,3.299
2016,49,,buttercup,ROV,cseo,CSEO,8/19/2016,8/19/2016,,,,mike,byerly,Line Transect,1,8/19/2016,,,hypack,"BEL cam settings changed this dive Gamma and saturation from 150 to 100, saturation to 100.",buttercup,978,,2,23.397,317.377,-542.441,-1452.512,418.602,8:19:48,4.792,1582.644,1.249,,12.997,0.816
2016,49,,buttercup,ROV,cseo,CSEO,8/19/2016,8/19/2016,,,,mike,byerly,Line Transect,1,8/19/2016,,,hypack,"BEL cam settings changed this dive Gamma and saturation from 150 to 100, saturation to 100.",buttercup,978,,3,30.057,-2762.718,1554.921,-5478.418,1029.667,8:20:10,114.678,6329.57,2.802,blurry,23.464,0.912
2016,49,,buttercup,ROV,cseo,CSEO,8/19/2016,8/19/2016,,,,mike,byerly,Line Transect,1,8/19/2016,,,hypack,"BEL cam settings changed this dive Gamma and saturation from 150 to 100, saturation to 100.",buttercup,978,,42,22.554,-591.855,-481.582,-1837.185,418.231,8:40:41,10.207,1989.337,0.36,,19.377,10.059
2016,49,,buttercup,ROV,cseo,CSEO,8/19/2016,8/19/2016,,,,mike,byerly,Line Transect,1,8/19/2016,,,hypack,"BEL cam settings changed this dive Gamma and saturation from 150 to 100, saturation to 100.",buttercup,978,,43,16.048,371.645,-324.569,-1715.342,660.115,8:40:46,19.129,1784.899,0.456,"high horiz, aerial view",88.354,25.47
2016,49,,buttercup,ROV,cseo,CSEO,8/19/2016,8/19/2016,,,,mike,byerly,Line Transect,1,8/19/2016,,,hypack,"BEL cam settings changed this dive Gamma and saturation from 150 to 100, saturation to 100.",buttercup,978,,61,24.373,-1049.981,-178.189,-2350.663,498.753,8:50:00,31.073,2580.665,1.233,,89.82,32.114
2016,50,,buttercup,ROV,cseo,CSEO,8/19/2016,8/19/2016,,,,mike,byerly,Line Transect,1,8/19/2016,,,hypack,Transect slid ~ 50m south from start and end of planned line.,buttercup,981,adult,47,31.637,1960.476,1323.514,-3839.431,634.865,10:21:29,51.91,4509.588,0.598,weird angle,17.367,24.045
2016,50,,buttercup,ROV,cseo,CSEO,8/19/2016,8/19/2016,,,,mike,byerly,Line Transect,1,8/19/2016,,,hypack,Transect slid ~ 50m south from start and end of planned line.,buttercup,981,subadult,20,12.13,934.431,69.235,-4359.672,356.724,10:03:36,27.713,4459.225,6.736,,0.464,1.374
2016,50,,buttercup,ROV,cseo,CSEO,8/19/2016,8/19/2016,,,,mike,byerly,Line Transect,1,8/19/2016,,,hypack,Transect slid ~ 50m south from start and end of planned line.,buttercup,981,,15,21.388,-1392.6,126.914,-3570.498,1603.242,10:00:29,31.283,3834.567,6.265,,2.079,26.897
2016,51,,buttercup,ROV,cseo,CSEO,8/19/2016,8/19/2016,,,,mike,byerly,Line Transect,1,8/19/2016,,,hypack,Transect slid ~ 150m south from start and end of planned line.,buttercup,1004,adult,31,6.62,-193.028,-236.215,-2628.257,392.362,11:59:13,13.522,2645.901,2.382,,16.686,12.766
2016,51,,buttercup,ROV,cseo,CSEO,8/19/2016,8/19/2016,,,,mike,byerly,Line Transect,1,8/19/2016,,,hypack,Transect slid ~ 150m south from start and end of planned line.,buttercup,1004,adult,40,27.82,-2084.406,208.527,-3969.779,412.439,12:04:14,42.894,4488.583,1.968,,2.81,35.516
2016,51,,buttercup,ROV,cseo,CSEO,8/19/2016,8/19/2016,,,,mike,byerly,Line Transect,1,8/19/2016,,,hypack,Transect slid ~ 150m south from start and end of planned line.,buttercup,1004,adult,44,4.54,186.581,-59.711,-2467.421,388.354,12:05:25,23.612,2475.186,1.358,,38.429,19.975
2016,51,,buttercup,ROV,cseo,CSEO,8/19/2016,8/19/2016,,,,mike,byerly,Line Transect,1,8/19/2016,,,hypack,Transect slid ~ 150m south from start and end of planned line.,buttercup,1004,adult,63,22.017,1329.545,813.459,-3854.418,603.937,12:13:59,79.539,4157.636,1.781,High Horizontal angle and precision,49.492,1.522
2016,51,,buttercup,ROV,cseo,CSEO,8/19/2016,8/19/2016,,,,mike,byerly,Line Transect,1,8/19/2016,,,hypack,Transect slid ~ 150m south from start and end of planned line.,buttercup,1004,juvenile,5,25.893,1298.479,-142.302,-2690.956,206.293,11:47:27,20.988,2991.245,3.73,,4.484,28.522
2016,51,,buttercup,ROV,cseo,CSEO,8/19/2016,8/19/2016,,,,mike,byerly,Line Transect,1,8/19/2016,,,hypack,Transect slid ~ 150m south from start and end of planned line.,buttercup,1004,subadult,24,19.994,-619.075,-337.93,-1938.446,388.572,11:56:58,12.692,2062.771,0.288,,27.876,21.29
2016,51,,buttercup,ROV,cseo,CSEO,8/19/2016,8/19/2016,,,,mike,byerly,Line Transect,1,8/19/2016,,,hypack,Transect slid ~ 150m south from start and end of planned line.,buttercup,1004,subadult,47,14.754,348.499,-434.184,-2114.017,318.392,12:07:24,19.501,2186.101,0.135,High Horizontal angle,40.072,1.736
2016,51,,buttercup,ROV,cseo,CSEO,8/19/2016,8/19/2016,,,,mike,byerly,Line Transect,1,8/19/2016,,,hypack,Transect slid ~ 150m south from start and end of planned line.,buttercup,1004,,29,24.397,-736.286,-473.901,-1930.587,757.08,11:58:53,13.444,2119.874,4.889,"tail bent, estimate",45.435,46.143
2016,52,,buttercup,ROV,cseo,CSEO,8/19/2016,8/19/2016,,,,mike,byerly,Line Transect,1,8/19/2016,,,hypack,Transect slid ~ 100m SE from start and end of planned line,buttercup,980,adult,1,17.427,-1422.45,363.655,-4677.228,614.874,13:50:50,42.828,4902.252,2.55,,1.649,18.235
2016,52,,buttercup,ROV,cseo,CSEO,8/19/2016,8/19/2016,,,,mike,byerly,Line Transect,1,8/19/2016,,,hypack,Transect slid ~ 100m SE from start and end of planned line,buttercup,980,adult,18,28.696,1705.436,48.06,-3116.819,667.021,14:11:43,37.742,3553.222,1.007,,17.037,13.83
2016,52,,buttercup,ROV,cseo,CSEO,8/19/2016,8/19/2016,,,,mike,byerly,Line Transect,1,8/19/2016,,,hypack,Transect slid ~ 100m SE from start and end of planned line,buttercup,980,adult,37,11.078,-119.548,-417.02,-2215.697,478.856,14:22:25,5.82,2257.767,0.881,,7.239,27.63
2016,52,,buttercup,ROV,cseo,CSEO,8/19/2016,8/19/2016,,,,mike,byerly,Line Transect,1,8/19/2016,,,hypack,Transect slid ~ 100m SE from start and end of planned line,buttercup,980,adult,38,24.401,1349.114,2528.186,-6317.023,586.267,14:02:40,77.795,6936.614,3.853,,11.299,6.967
2016,53,,buttercup,ROV,cseo,CSEO,8/19/2016,8/19/2016,,,,mike,byerly,Line Transect,1,8/19/2016,,,hypack,,buttercup,968,adult,4,28.95,2566.658,516.388,-4732.85,645.904,15:01:44,78.794,5408.721,4.699,,9.841,19.387
2016,53,,buttercup,ROV,cseo,CSEO,8/19/2016,8/19/2016,,,,mike,byerly,Line Transect,1,8/19/2016,,,hypack,,buttercup,968,adult,18,24.678,1700.316,1018.86,-4313.984,531.65,15:09:03,91.006,4747.589,2.186,same ye as saw at 23:08:35,46.958,22.045
2016,53,,buttercup,ROV,cseo,CSEO,8/19/2016,8/19/2016,,,,mike,byerly,Line Transect,1,8/19/2016,,,hypack,,buttercup,968,adult,36,26.804,-1322.984,2043.327,-4818.097,574.479,15:15:36,98.172,5398.105,0.155,High Horiz Angle,38.369,13.78
2016,53,,buttercup,ROV,cseo,CSEO,8/19/2016,8/19/2016,,,,mike,byerly,Line Transect,1,8/19/2016,,,hypack,,buttercup,968,adult,37,21.181,1206.307,-313.635,-3216.675,571.185,15:16:17,27.172,3449.717,1.235,,4.553,4.801
2016,53,,buttercup,ROV,cseo,CSEO,8/19/2016,8/19/2016,,,,mike,byerly,Line Transect,1,8/19/2016,,,hypack,,buttercup,968,adult,39,28.299,1555.128,-295.292,-2939.898,611.73,15:16:54,48.711,3338.955,0.622,High Horizontal Angle,66.856,27.654
2016,53,,buttercup,ROV,cseo,CSEO,8/19/2016,8/19/2016,,,,mike,byerly,Line Transect,1,8/19/2016,,,hypack,,buttercup,968,adult,45,15.113,378.013,1209.289,-4691.341,580.38,15:22:49,17.157,4859.419,6.908,,1.059,13.188
2016,53,,buttercup,ROV,cseo,CSEO,8/19/2016,8/19/2016,,,,mike,byerly,Line Transect,1,8/19/2016,,,hypack,,buttercup,968,adult,51,21.792,673.901,-282.903,-1828.048,532.861,15:24:29,9.093,1968.74,0.686,,8.375,11.659
2016,53,,buttercup,ROV,cseo,CSEO,8/19/2016,8/19/2016,,,,mike,byerly,Line Transect,1,8/19/2016,,,hypack,,buttercup,968,adult,65,3.234,10.646,-192.186,-3406.227,504.345,15:29:14,6.318,3411.661,3.282,,0.682,0.408
2016,53,,buttercup,ROV,cseo,CSEO,8/19/2016,8/19/2016,,,,mike,byerly,Line Transect,1,8/19/2016,,,hypack,,buttercup,968,adult,70,19.628,1204.324,308.132,-3485.743,490.903,15:34:10,41.226,3700.777,2.82,,26.744,23.052
2016,53,,buttercup,ROV,cseo,CSEO,8/19/2016,8/19/2016,,,,mike,byerly,Line Transect,1,8/19/2016,,,hypack,,buttercup,968,,42,23.988,1085.081,-48.299,-2440.952,478.591,15:19:08,30.745,2671.7,4.826,,46.574,14.323
2016,53,,buttercup,ROV,cseo,CSEO,8/19/2016,8/19/2016,,,,mike,byerly,Line Transect,1,8/19/2016,,,hypack,,buttercup,968,,55,14.92,344.518,-241.991,-1580.042,416.826,15:25:46,4.439,1635.171,0.765,,5.733,23.852
2016,53,,buttercup,ROV,cseo,CSEO,8/19/2016,8/19/2016,,,,mike,byerly,Line Transect,1,8/19/2016,,,hypack,,buttercup,968,,56,2.094,-39.056,-61.775,-1998.806,453.289,15:25:46,15.678,2000.142,0.4,,45.898,34.697
2016,53,,buttercup,ROV,cseo,CSEO,8/19/2016,8/19/2016,,,,mike,byerly,Line Transect,1,8/19/2016,,,hypack,,buttercup,968,,60,26.941,1191.845,-272.168,-2405.498,538.163,15:27:34,21.011,2698.331,1.553,,16.032,1.739
2016,53,,buttercup,ROV,cseo,CSEO,8/19/2016,8/19/2016,,,,mike,byerly,Line Transect,1,8/19/2016,,,hypack,,buttercup,968,,61,22.236,238.167,-658.935,-1713.799,393.936,15:27:47,9.882,1851.493,1.598,,31.954,32.678
2016,54,,buttercup,ROV,cseo,CSEO,8/19/2016,8/19/2016,,,,mike,byerly,Line Transect,1,8/19/2016,,,hypack,,buttercup,1002,adult,28,28.164,-1602.346,604.305,-3198.647,491.423,16:31:46,32.505,3628.228,1.336,,3.266,4.267
2016,54,,buttercup,ROV,cseo,CSEO,8/19/2016,8/19/2016,,,,mike,byerly,Line Transect,1,8/19/2016,,,hypack,,buttercup,1002,adult,44,25.456,1272.493,154.803,-2692.814,402.719,16:36:50,23.158,2982.356,1.07,,2.491,5.981
2016,54,,buttercup,ROV,cseo,CSEO,8/19/2016,8/19/2016,,,,mike,byerly,Line Transect,1,8/19/2016,,,hypack,,buttercup,1002,adult,84,16.8,973.859,391.421,-3476.331,391.589,16:50:23,29.008,3631.32,5.176,,13.092,0.05
2016,55,,buttercup,ROV,cseo,CSEO,8/19/2016,8/19/2016,,,,mike,byerly,Line Transect,1,8/19/2016,,,hypack,,buttercup,999,adult,49,22.079,-1589.751,1031.506,-4671.961,651.492,17:46:13,49.465,5041.68,0.656,,3.772,13.49
2016,55,,buttercup,ROV,cseo,CSEO,8/19/2016,8/19/2016,,,,mike,byerly,Line Transect,1,8/19/2016,,,hypack,,buttercup,999,adult,66,8.126,184.706,-230.777,-2070.194,612.257,17:53:17,5.77,2091.191,2.018,,5.465,9.05
2016,55,,buttercup,ROV,cseo,CSEO,8/19/2016,8/19/2016,,,,mike,byerly,Line Transect,1,8/19/2016,,,hypack,,buttercup,999,,6,21.739,-1253.739,16.257,-3144.612,986.662,17:31:14,30.845,3385.367,0.981,"length estimated, tail bent",17.428,5.421
2016,56,,buttercup,ROV,cseo,CSEO,8/20/2016,8/20/2016,,,,mike,byerly,Line Transect,1,8/20/2016,,,hypack,,buttercup,1000,adult,19,29.501,2599.376,-63.371,-4595.622,623.527,9:04:27,77.134,5280.2,7.916,,4.764,13.137
2016,56,,buttercup,ROV,cseo,CSEO,8/20/2016,8/20/2016,,,,mike,byerly,Line Transect,1,8/20/2016,,,hypack,,buttercup,1000,adult,53,26.451,-685.983,-1132.494,-2661.35,582.931,9:24:16,21.598,2972.524,0.206,,22.82,1.625
2016,56,,buttercup,ROV,cseo,CSEO,8/20/2016,8/20/2016,,,,mike,byerly,Line Transect,1,8/20/2016,,,hypack,,buttercup,1000,subadult,26,13.32,-711.971,414.134,-3478.83,332.953,9:07:37,16.64,3575.006,0.114,,2.352,16.816
2016,56,,buttercup,ROV,cseo,CSEO,8/20/2016,8/20/2016,,,,mike,byerly,Line Transect,1,8/20/2016,,,hypack,,buttercup,1000,subadult,58,32.824,1181.875,-815.432,-2225.979,284.507,9:28:39,17.225,2648.913,0.972,,8.606,7.273
2016,57,,buttercup,ROV,cseo,CSEO,8/20/2016,8/20/2016,,,,mike,byerly,Line Transect,1,8/20/2016,,,hypack,,buttercup,1003,adult,59,11.806,-91.525,705.886,-3405.358,434.047,10:52:15,17.769,3478.953,0.526,,13.06,19.464
2016,57,,buttercup,ROV,cseo,CSEO,8/20/2016,8/20/2016,,,,mike,byerly,Line Transect,1,8/20/2016,,,hypack,,buttercup,1003,adult,63,16.516,662.289,-379.926,-2575.015,466.704,10:53:24,18.161,2685.828,4.709,tail a little curved,18.248,2.705
2016,58,,buttercup,ROV,cseo,CSEO,8/20/2016,8/20/2016,,,,mike,byerly,Pinnacles,1,8/20/2016,,,hypack,"S Edgecumbe pinnacle,  many LC, YE.  Same line as surveyed in 2012.  Off line near end exploring opportunistically .",buttercup,,,,,,,,,,,,,,,
2016,59,,buttercup,ROV,cseo,CSEO,8/20/2016,8/20/2016,,,,mike,byerly,Line Transect,1,8/20/2016,,,hypack,,buttercup,996,adult,1,15.631,640.315,-171.929,-2369.591,437.011,13:22:57,12.943,2460.594,0.526,,11.789,5.888
2016,59,,buttercup,ROV,cseo,CSEO,8/20/2016,8/20/2016,,,,mike,byerly,Line Transect,1,8/20/2016,,,hypack,,buttercup,996,adult,3,5.301,-151.462,-176.907,-2509.768,642.117,13:25:10,10.009,2520.55,0.613,,11.167,2.102
2016,59,,buttercup,ROV,cseo,CSEO,8/20/2016,8/20/2016,,,,mike,byerly,Line Transect,1,8/20/2016,,,hypack,,buttercup,996,adult,15,13.241,-249.241,-587.015,-2710.239,511.971,13:28:24,17.866,2784.26,1.67,,21.842,21.88
2016,59,,buttercup,ROV,cseo,CSEO,8/20/2016,8/20/2016,,,,mike,byerly,Line Transect,1,8/20/2016,,,hypack,,buttercup,996,adult,34,27.689,-2243.757,250.404,-4302.277,550.523,13:46:17,63.983,4858.676,0.672,,19.228,22.085
2016,59,,buttercup,ROV,cseo,CSEO,8/20/2016,8/20/2016,,,,mike,byerly,Line Transect,1,8/20/2016,,,hypack,,buttercup,996,adult,40,28.288,2203.128,429.74,-4170.903,629.277,13:50:10,60.245,4736.548,4.362,,6.162,13.148
2016,59,,buttercup,ROV,cseo,CSEO,8/20/2016,8/20/2016,,,,mike,byerly,Line Transect,1,8/20/2016,,,hypack,,buttercup,996,juvenile,32,29.802,-820.685,-552.337,-1727.192,213.491,13:46:08,14.417,1990.425,0.952,high horizontal angle,59.254,32.568
2016,60,,buttercup,ROV,cseo,CSEO,8/20/2016,8/20/2016,,,,mike,byerly,Line Transect,1,8/20/2016,,,hypack,,buttercup,989,adult,1,22.854,969.268,108.347,-2314.082,396.871,14:42:06,16.093,2511.214,1.11,estimate tail bent,17.657,29.292
2016,60,,buttercup,ROV,cseo,CSEO,8/20/2016,8/20/2016,,,,mike,byerly,Line Transect,1,8/20/2016,,,hypack,,buttercup,989,,23,27.301,-1232.753,1070.283,-3162.865,951.761,15:12:54,24.295,3559.34,0.341,,0.623,30.807
2016,61,,buttercup,ROV,cseo,CSEO,8/20/2016,8/20/2016,,,,mike,byerly,Line Transect,1,8/20/2016,,,hypack,No motion reference unit (MRU). Wiring running down pole damaged.,buttercup,962,adult,24,20.355,-139.338,-581.438,-1611.563,547.883,16:27:19,7.61,1718.901,1.25,,25.463,23.641
2016,62,,buttercup,ROV,cseo,CSEO,8/21/2016,8/21/2016,,,,mike,byerly,Line Transect,1,8/21/2016,,,hypack,No motion reference unit (MRU),buttercup,997,adult,20,27.773,1754.802,659.456,-3559.568,567.312,9:36:06,55.667,4023.026,4.014,,30.681,1.334
2016,62,,buttercup,ROV,cseo,CSEO,8/21/2016,8/21/2016,,,,mike,byerly,Line Transect,1,8/21/2016,,,hypack,No motion reference unit (MRU),buttercup,997,adult,38,22.687,-1411.325,-439.919,-3536.16,653.161,9:49:01,71.178,3832.727,1.105,high horizontal,75.148,28.507
2016,62,,buttercup,ROV,cseo,CSEO,8/21/2016,8/21/2016,,,,mike,byerly,Line Transect,1,8/21/2016,,,hypack,No motion reference unit (MRU),buttercup,997,adult,39,27.12,-2451.009,-84.225,-4788.436,520.888,9:49:16,72.186,5379.931,2.13,,6.605,17.899
2016,62,,buttercup,ROV,cseo,CSEO,8/21/2016,8/21/2016,,,,mike,byerly,Line Transect,1,8/21/2016,,,hypack,No motion reference unit (MRU),buttercup,997,,26,21.296,-280.967,-499.368,-1469.916,509.304,9:40:50,4.311,1577.645,0.668,,7.727,18.661
2016,63,,buttercup,ROV,cseo,CSEO,8/21/2016,8/21/2016,,,,mike,byerly,Line Transect,1,8/21/2016,,,hypack,No motion reference unit (MRU),buttercup,1013,adult,2,21.965,-1870.498,454.406,-4772.732,549.247,10:50:36,58.31,5146.282,2.029,,23.448,44.317
2016,63,,buttercup,ROV,cseo,CSEO,8/21/2016,8/21/2016,,,,mike,byerly,Line Transect,1,8/21/2016,,,hypack,No motion reference unit (MRU),buttercup,1013,adult,14,28.451,1454.274,-309.415,-2744.026,581.817,10:55:18,39.794,3120.95,1.171,high horiz angle,74.369,36.627
2016,63,,buttercup,ROV,cseo,CSEO,8/21/2016,8/21/2016,,,,mike,byerly,Line Transect,1,8/21/2016,,,hypack,No motion reference unit (MRU),buttercup,1013,adult,31,12.075,698.12,474.166,-3944.934,545.213,11:05:22,72.623,4034.192,1.506,,47.214,19.393
2016,63,,buttercup,ROV,cseo,CSEO,8/21/2016,8/21/2016,,,,mike,byerly,Line Transect,1,8/21/2016,,,hypack,No motion reference unit (MRU),buttercup,1013,adult,40,12.22,-703.111,824.462,-5003.163,502.236,11:08:01,84.14,5119.154,3.081,,30.422,10.575
2016,63,,buttercup,ROV,cseo,CSEO,8/21/2016,8/21/2016,,,,mike,byerly,Line Transect,1,8/21/2016,,,hypack,No motion reference unit (MRU),buttercup,1013,adult,49,18.586,241.086,2103.938,-6297.815,639.966,11:10:06,85.225,6644.333,6.392,,18.641,26.02
2016,63,,buttercup,ROV,cseo,CSEO,8/21/2016,8/21/2016,,,,mike,byerly,Line Transect,1,8/21/2016,,,hypack,No motion reference unit (MRU),buttercup,1013,adult,57,23.167,378.71,1866.371,-4450.43,467.238,11:13:14,30.202,4840.773,1.748,,11.707,7.24
2016,64,,buttercup,ROV,cseo,CSEO,8/21/2016,8/21/2016,,,,mike,byerly,Line Transect,1,8/21/2016,,,hypack,"Line slid 150 m n. Seas build to 7', NW 30kts. No motion reference unit (MRU)",buttercup,963,adult,3,27.613,-504.565,-662.32,-1591.739,487.556,12:49:20,11.461,1796.353,0.664,High Horizontal angle,42.663,19.936
2016,64,,buttercup,ROV,cseo,CSEO,8/21/2016,8/21/2016,,,,mike,byerly,Line Transect,1,8/21/2016,,,hypack,"Line slid 150 m n. Seas build to 7', NW 30kts. No motion reference unit (MRU)",buttercup,963,adult,10,15.637,-828.673,1084.808,-4877.021,550.49,12:51:30,60.386,5064.469,1.529,,26.613,40.749
2016,64,,buttercup,ROV,cseo,CSEO,8/21/2016,8/21/2016,,,,mike,byerly,Line Transect,1,8/21/2016,,,hypack,"Line slid 150 m n. Seas build to 7', NW 30kts. No motion reference unit (MRU)",buttercup,963,adult,20,7.825,248.023,-470.618,-3870.836,514.378,12:55:42,22.542,3907.22,1.408,,13.612,28.502
2016,64,,buttercup,ROV,cseo,CSEO,8/21/2016,8/21/2016,,,,mike,byerly,Line Transect,1,8/21/2016,,,hypack,"Line slid 150 m n. Seas build to 7', NW 30kts. No motion reference unit (MRU)",buttercup,963,adult,28,28.096,1468.651,436.612,-2869.988,532.598,13:00:32,23.751,3253.367,5.31,,2.709,34.773
2016,64,,buttercup,ROV,cseo,CSEO,8/21/2016,8/21/2016,,,,mike,byerly,Line Transect,1,8/21/2016,,,hypack,"Line slid 150 m n. Seas build to 7', NW 30kts. No motion reference unit (MRU)",buttercup,963,adult,32,18.676,223.995,-519.449,-1673.566,385.508,13:04:22,7.004,1766.585,0.28,,19.975,13.893
2016,64,,buttercup,ROV,cseo,CSEO,8/21/2016,8/21/2016,,,,mike,byerly,Line Transect,1,8/21/2016,,,hypack,"Line slid 150 m n. Seas build to 7', NW 30kts. No motion reference unit (MRU)",buttercup,963,adult,33,23.638,-1402.602,-674.034,-3555.523,464.648,13:05:51,31.343,3881.154,0.862,,5.876,23.983
2016,64,,buttercup,ROV,cseo,CSEO,8/21/2016,8/21/2016,,,,mike,byerly,Line Transect,1,8/21/2016,,,hypack,"Line slid 150 m n. Seas build to 7', NW 30kts. No motion reference unit (MRU)",buttercup,963,adult,38,27.609,-1424.562,-428.022,-2844.241,436.636,13:10:03,26.486,3209.717,1.895,,7.885,0.123
2016,64,,buttercup,ROV,cseo,CSEO,8/21/2016,8/21/2016,,,,mike,byerly,Line Transect,1,8/21/2016,,,hypack,"Line slid 150 m n. Seas build to 7', NW 30kts. No motion reference unit (MRU)",buttercup,963,juvenile,47,27.363,-1208.523,-324.52,-2417.875,274.835,13:13:41,18.955,2722.492,0.832,,8.321,8.458
2016,65,,buttercup,ROV,cseo,CSEO,8/22/2016,8/22/2016,,,,mike,byerly,Line Transect,1,8/22/2016,,,hypack,No motion reference unit (MRU),buttercup,1007,adult,31,22.511,356.968,2085.898,-5106.36,418.207,8:39:29,30.889,5527.505,1.976,gravid,1.798,23.111
2016,65,,buttercup,ROV,cseo,CSEO,8/22/2016,8/22/2016,,,,mike,byerly,Line Transect,1,8/22/2016,,,hypack,No motion reference unit (MRU),buttercup,1007,adult,56,13.975,889.23,249.467,-3711,669.924,8:50:06,50.662,3824.197,2.564,gravid,32.869,18.571
2016,66,,buttercup,ROV,cseo,CSEO,8/22/2016,8/22/2016,,,,mike,byerly,Line Transect,1,8/22/2016,,,hypack,No motion reference unit (MRU),buttercup,960,adult,14,10.898,911.944,496.477,-5393,484.46,9:27:10,34.842,5492.047,0.639,,3.348,12.893
2016,66,,buttercup,ROV,cseo,CSEO,8/22/2016,8/22/2016,,,,mike,byerly,Line Transect,1,8/22/2016,,,hypack,No motion reference unit (MRU),buttercup,960,adult,37,26.56,-1510.42,1284.485,-3966.291,516.701,9:30:45,55.902,4434.268,1.258,,25.152,6.027
2016,66,,buttercup,ROV,cseo,CSEO,8/22/2016,8/22/2016,,,,mike,byerly,Line Transect,1,8/22/2016,,,hypack,No motion reference unit (MRU),buttercup,960,,58,19.6,-374.472,-509.206,-1775.114,559.601,9:45:03,5.685,1884.29,3.29,,2.537,7.222
2016,66,,buttercup,ROV,cseo,CSEO,8/22/2016,8/22/2016,,,,mike,byerly,Line Transect,1,8/22/2016,,,hypack,No motion reference unit (MRU),buttercup,960,,68,11.045,245.402,250.154,-1795.292,766.223,9:54:12,9.96,1829.172,1.448,,24.21,2.29
2016,67,,buttercup,ROV,cseo,CSEO,8/22/2016,8/22/2016,,,,mike,byerly,Line Transect,1,8/22/2016,,,hypack,No motion reference unit (MRU),buttercup,985,adult,1,25.133,568.318,-896.226,-2262.136,422.727,11:01:19,21.122,2498.692,2.045,,37.542,19.437
2016,67,,buttercup,ROV,cseo,CSEO,8/22/2016,8/22/2016,,,,mike,byerly,Line Transect,1,8/22/2016,,,hypack,No motion reference unit (MRU),buttercup,985,adult,21,28.336,1986.383,493.609,-3795.655,423.825,11:13:53,50.12,4312.35,5.978,,22.033,32.157
2016,67,,buttercup,ROV,cseo,CSEO,8/22/2016,8/22/2016,,,,mike,byerly,Line Transect,1,8/22/2016,,,hypack,No motion reference unit (MRU),buttercup,985,adult,23,30.005,1778.939,30.482,-3081.102,368.052,11:15:34,58.178,3557.913,2.019,High Horizontal angle,63.165,1.072
2016,67,,buttercup,ROV,cseo,CSEO,8/22/2016,8/22/2016,,,,mike,byerly,Line Transect,1,8/22/2016,,,hypack,No motion reference unit (MRU),buttercup,985,adult,27,11.656,-353.467,-558.275,-3203.184,512.655,11:20:20,18.931,3270.626,1.526,,14.933,15.964
2016,67,,buttercup,ROV,cseo,CSEO,8/22/2016,8/22/2016,,,,mike,byerly,Line Transect,1,8/22/2016,,,hypack,No motion reference unit (MRU),buttercup,985,adult,28,23.868,438.584,-1259.15,-3013.442,601.169,11:22:23,24.195,3295.246,0.59,,21.543,17.744
2016,67,,buttercup,ROV,cseo,CSEO,8/22/2016,8/22/2016,,,,mike,byerly,Line Transect,1,8/22/2016,,,hypack,No motion reference unit (MRU),buttercup,985,adult,36,25.166,-983.935,-390.807,-2253.323,507.116,11:27:08,14.971,2489.643,0.264,,10.046,9.816
2016,67,,buttercup,ROV,cseo,CSEO,8/22/2016,8/22/2016,,,,mike,byerly,Line Transect,1,8/22/2016,,,hypack,No motion reference unit (MRU),buttercup,985,adult,39,27.598,-2089.076,-120.995,-4003.089,350.877,11:33:05,63.227,4517.035,0.25,,37.004,31.685
2016,67,,buttercup,ROV,cseo,CSEO,8/22/2016,8/22/2016,,,,mike,byerly,Line Transect,1,8/22/2016,,,hypack,No motion reference unit (MRU),buttercup,985,juvenile,3,10.318,413.086,598.966,-3996.768,274.883,11:01:35,81.365,4062.457,2.289,high horizontal angle,53.11,14.998
2016,67,,buttercup,ROV,cseo,CSEO,8/22/2016,8/22/2016,,,,mike,byerly,Line Transect,1,8/22/2016,,,hypack,No motion reference unit (MRU),buttercup,985,juvenile,25,16.174,-392.58,-578.407,-2410.188,200.582,11:19:28,9.39,2509.518,1.572,,10.214,9.379
2016,67,,buttercup,ROV,cseo,CSEO,8/22/2016,8/22/2016,,,,mike,byerly,Line Transect,1,8/22/2016,,,hypack,No motion reference unit (MRU),buttercup,985,subadult,38,20.928,-246.302,-1049.159,-2818.064,382.997,11:31:41,15.012,3017.098,1.377,,12.525,32.029
2016,68,,buttercup,ROV,cseo,CSEO,8/22/2016,8/22/2016,,,,mike,byerly,Line Transect,1,8/22/2016,,,hypack,Difficult due to depth and current. No motion reference unit (MRU),buttercup,834,adult,26,18.687,225.132,-641.843,-2011.016,567.654,13:21:34,12.871,2122.93,2.122,"high horizontal angle, slightly bent",35.223,44.319
2016,68,,buttercup,ROV,cseo,CSEO,8/22/2016,8/22/2016,,,,mike,byerly,Line Transect,1,8/22/2016,,,hypack,Difficult due to depth and current. No motion reference unit (MRU),buttercup,834,adult,29,28.814,-997.583,-672.06,-2186.674,505.919,13:28:58,23.035,2495.672,1.498,,75.132,41.985
2016,69,,buttercup,ROV,cseo,CSEO,8/22/2016,8/22/2016,,,,mike,byerly,Line Transect,1,8/22/2016,,,hypack,Running this line with current. No motion reference unit (MRU),buttercup,988,,,,,,,,,,,,,,
2016,70,,buttercup,ROV,cseo,CSEO,8/22/2016,8/22/2016,,,,mike,byerly,Line Transect,1,8/22/2016,,,hypack,"New line (85_45) added in field to replace 8, because too deep. No motion reference unit (MRU)",buttercup,1108,,,,,,,,,,,,,,
2016,71,,buttercup,ROV,cseo,CSEO,8/23/2016,8/23/2016,,,,mike,byerly,Line Transect,1,8/23/2016,,,hypack,Clump hung up on bottom. Terminate early. ~650m complete.  No motion reference unit (MRU),buttercup,721,adult,1,21.059,-588.471,-862.25,-2711.178,493.332,9:48:14,11.571,2905.212,0.564,,1.3,1.331
2016,71,,buttercup,ROV,cseo,CSEO,8/23/2016,8/23/2016,,,,mike,byerly,Line Transect,1,8/23/2016,,,hypack,Clump hung up on bottom. Terminate early. ~650m complete.  No motion reference unit (MRU),buttercup,721,adult,4,2.849,-83.933,167.711,-3768.718,571.343,9:50:03,34.475,3773.382,0.721,,21.895,11.784
2016,71,,buttercup,ROV,cseo,CSEO,8/23/2016,8/23/2016,,,,mike,byerly,Line Transect,1,8/23/2016,,,hypack,Clump hung up on bottom. Terminate early. ~650m complete.  No motion reference unit (MRU),buttercup,721,adult,14,22.424,-984.705,-295.518,-2491.353,540.89,9:53:45,37.529,2695.146,1.485,high horizontal angle,74.037,21.072
2016,71,,buttercup,ROV,cseo,CSEO,8/23/2016,8/23/2016,,,,mike,byerly,Line Transect,1,8/23/2016,,,hypack,Clump hung up on bottom. Terminate early. ~650m complete.  No motion reference unit (MRU),buttercup,721,adult,22,27.879,-1182.431,-671.541,-2570.498,660.451,9:55:27,20.804,2908.018,1.485,,10.928,1.986
2016,71,,buttercup,ROV,cseo,CSEO,8/23/2016,8/23/2016,,,,mike,byerly,Line Transect,1,8/23/2016,,,hypack,Clump hung up on bottom. Terminate early. ~650m complete.  No motion reference unit (MRU),buttercup,721,,29,20.619,-22.88,-705.917,-1877.134,621.627,9:58:42,8.695,2005.611,0.745,,19.736,17.778
2016,71,,buttercup,ROV,cseo,CSEO,8/23/2016,8/23/2016,,,,mike,byerly,Line Transect,1,8/23/2016,,,hypack,Clump hung up on bottom. Terminate early. ~650m complete.  No motion reference unit (MRU),buttercup,721,,47,14.933,757.557,900.193,-4411.412,777.191,10:16:54,50.185,4565.61,6.363,,23.441,29.487
2016,71,,buttercup,ROV,cseo,CSEO,8/23/2016,8/23/2016,,,,mike,byerly,Line Transect,1,8/23/2016,,,hypack,Clump hung up on bottom. Terminate early. ~650m complete.  No motion reference unit (MRU),buttercup,721,,51,16.135,-915.176,-485.382,-3580.889,812.343,10:18:02,33.253,3727.721,2.882,,17.396,2.58
2016,72,,buttercup,ROV,cseo,CSEO,8/23/2016,8/23/2016,,,,mike,byerly,Line Transect,1,8/23/2016,,,hypack,Ended 150 before end of plan line because too shallow. No motion reference unit (MRU),buttercup,863,adult,4,31.842,2455.273,983.764,-4259.062,517.68,11:12:02,67.29,5013.559,4.71,,4.084,5.628
2016,72,,buttercup,ROV,cseo,CSEO,8/23/2016,8/23/2016,,,,mike,byerly,Line Transect,1,8/23/2016,,,hypack,Ended 150 before end of plan line because too shallow. No motion reference unit (MRU),buttercup,863,juvenile,15,9.859,521.781,-572.157,-4455.444,245.618,11:20:17,76.195,4522.234,2.207,,36.704,15.084
2016,72,,buttercup,ROV,cseo,CSEO,8/23/2016,8/23/2016,,,,mike,byerly,Line Transect,1,8/23/2016,,,hypack,Ended 150 before end of plan line because too shallow. No motion reference unit (MRU),buttercup,863,,44,17.067,-174.151,-436.936,-1532.079,477.332,11:32:43,6.773,1602.656,5.835,,26.991,31.254
2016,73,,buttercup,ROV,cseo,CSEO,8/23/2016,8/23/2016,,,,mike,byerly,Line Transect,1,8/23/2016,,,hypack,Ended 350m early due to cross current and high relief.No motion reference unit (MRU),buttercup,622,adult,22,24.573,-964.91,-842.076,-2800.783,476.26,12:34:08,23.766,3079.696,1.753,,26.744,39.902
2016,73,,buttercup,ROV,cseo,CSEO,8/23/2016,8/23/2016,,,,mike,byerly,Line Transect,1,8/23/2016,,,hypack,Ended 350m early due to cross current and high relief.No motion reference unit (MRU),buttercup,622,adult,24,22.761,-1587.989,-342.159,-3871.753,481.092,12:36:07,59.172,4198.72,5.758,high horizontal angle and precision,33.338,22.038
2016,73,,buttercup,ROV,cseo,CSEO,8/23/2016,8/23/2016,,,,mike,byerly,Line Transect,1,8/23/2016,,,hypack,Ended 350m early due to cross current and high relief.No motion reference unit (MRU),buttercup,622,,27,24.397,-1579.802,160.945,-3501.175,743.525,12:40:22,45.437,3844.464,2.143,,28.435,21.51
2016,74,,buttercup,ROV,cseo,CSEO,8/23/2016,8/23/2016,,,,mike,byerly,Line Transect,1,8/23/2016,,,hypack,No motion reference unit (MRU),buttercup,996,adult,18,22.136,1445.442,77.734,-3558.462,585.955,14:47:03,39.887,3841.614,3.722,,15.213,9.821
2016,74,,buttercup,ROV,cseo,CSEO,8/23/2016,8/23/2016,,,,mike,byerly,Line Transect,1,8/23/2016,,,hypack,No motion reference unit (MRU),buttercup,996,adult,23,16.62,435.156,-619.463,-2536.196,519.292,14:50:57,12.811,2646.769,3.903,,13.446,12.767
2016,74,,buttercup,ROV,cseo,CSEO,8/23/2016,8/23/2016,,,,mike,byerly,Line Transect,1,8/23/2016,,,hypack,No motion reference unit (MRU),buttercup,996,adult,29,25.375,-1278.455,-68.744,-2699.339,443.289,14:55:10,22.996,2987.575,5.267,,11.15,12.299
2016,74,,buttercup,ROV,cseo,CSEO,8/23/2016,8/23/2016,,,,mike,byerly,Line Transect,1,8/23/2016,,,hypack,No motion reference unit (MRU),buttercup,996,juvenile,9,28.572,-2003.229,7.455,-3678.49,206.349,14:43:27,66.031,4188.588,1.719,high horizontal angle,51.539,24.198
2016,74,,buttercup,ROV,cseo,CSEO,8/23/2016,8/23/2016,,,,mike,byerly,Line Transect,1,8/23/2016,,,hypack,No motion reference unit (MRU),buttercup,996,juvenile,10,7.735,3.275,-457.394,-3367.615,229.896,14:44:42,32.247,3398.537,8.896,,26.314,11.799
2016,74,,buttercup,ROV,cseo,CSEO,8/23/2016,8/23/2016,,,,mike,byerly,Line Transect,1,8/23/2016,,,hypack,No motion reference unit (MRU),buttercup,996,,33,30.238,1896.264,1023.174,-3696.479,1459.802,14:59:00,68.6,4278.628,1.815,,40.328,15.348
2016,75,,buttercup,ROV,cseo,CSEO,8/23/2016,8/23/2016,,,,mike,byerly,Line Transect,1,8/23/2016,,,hypack,No motion reference unit (MRU),buttercup,980,adult,44,27.25,1563.279,589.383,-3243.816,436.267,16:52:41,46.945,3648.774,1.506,high horizontal angle,37.742,22.866
2016,75,,buttercup,ROV,cseo,CSEO,8/23/2016,8/23/2016,,,,mike,byerly,Line Transect,1,8/23/2016,,,hypack,No motion reference unit (MRU),buttercup,980,juvenile,38,24.449,-773.399,-705.23,-2302.133,164.683,16:49:25,16.065,2528.895,1.185,,20.665,14.741
2016,75,,buttercup,ROV,cseo,CSEO,8/23/2016,8/23/2016,,,,mike,byerly,Line Transect,1,8/23/2016,,,hypack,No motion reference unit (MRU),buttercup,980,juvenile,47,23.517,-797.231,-663.258,-2383.103,187.718,16:49:25,12.987,2598.974,0.386,,6.966,20.384
2016,76,,buttercup,ROV,cseo,CSEO,8/23/2016,8/23/2016,,,,mike,byerly,Line Transect,1,8/23/2016,,,hypack,No motion reference unit (MRU),buttercup,989,adult,1,12.814,-688.667,833.988,-4755.362,417.793,17:53:47,58.496,4876.809,1.199,,23.453,22.449
2016,76,,buttercup,ROV,cseo,CSEO,8/23/2016,8/23/2016,,,,mike,byerly,Line Transect,1,8/23/2016,,,hypack,No motion reference unit (MRU),buttercup,989,adult,3,29.005,-2239.635,391.281,-4100.8,334.597,17:54:47,69.302,4688.883,0.837,,27.476,8.716
2016,76,,buttercup,ROV,cseo,CSEO,8/23/2016,8/23/2016,,,,mike,byerly,Line Transect,1,8/23/2016,,,hypack,No motion reference unit (MRU),buttercup,989,juvenile,22,24.169,1311.022,-185.494,-2950.507,320.687,18:07:41,26.514,3233.988,2.208,,10.418,18.806
2016,76,,buttercup,ROV,cseo,CSEO,8/23/2016,8/23/2016,,,,mike,byerly,Line Transect,1,8/23/2016,,,hypack,No motion reference unit (MRU),buttercup,989,subadult,19,9.83,-611.3,-193.36,-3700.186,425.032,18:05:58,55.28,3755.323,1.734,,37.361,8.03
2016,77,,buttercup,ROV,cseo,CSEO,8/24/2016,8/24/2016,,,,mike,byerly,Line Transect,1,8/24/2016,,,hypack,,buttercup,940,adult,12,22.154,-666.246,-443.463,-1965.637,463.05,8:16:49,9.286,2122.327,0.321,,4.45,3.287
2016,77,,buttercup,ROV,cseo,CSEO,8/24/2016,8/24/2016,,,,mike,byerly,Line Transect,1,8/24/2016,,,hypack,,buttercup,940,adult,14,26.748,-1595.158,294.184,-3218.336,366.155,8:17:32,45.55,3603.992,0.98,,45.335,30.013
2016,77,,buttercup,ROV,cseo,CSEO,8/24/2016,8/24/2016,,,,mike,byerly,Line Transect,1,8/24/2016,,,hypack,,buttercup,940,adult,22,23.092,1084.857,241.658,-2606.779,502.524,8:20:37,24.077,2833.833,0.602,,21.053,6.784
2016,77,,buttercup,ROV,cseo,CSEO,8/24/2016,8/24/2016,,,,mike,byerly,Line Transect,1,8/24/2016,,,hypack,,buttercup,940,adult,37,8.962,326.229,739.139,-5122.82,555.884,8:25:17,21.216,5186.139,4.576,,4.946,19.09
2016,77,,buttercup,ROV,cseo,CSEO,8/24/2016,8/24/2016,,,,mike,byerly,Line Transect,1,8/24/2016,,,hypack,,buttercup,940,,39,22.724,-626.634,-617.829,-2101.204,1370.509,8:25:54,18.057,2278.035,1.41,,27.519,0.62
2016,78,,buttercup,ROV,cseo,CSEO,8/24/2016,8/24/2016,,,,mike,byerly,Line Transect,1,8/24/2016,,,hypack,Last dive of 2016 CSEO.  Halibut knocks out lower left light ~ 150m from end of planned line.,buttercup,997,adult,18,29.687,-2372.145,731.337,-4354.262,360.975,11:08:03,65.164,5012.138,3.856,,18.014,24.204
2016,78,,buttercup,ROV,cseo,CSEO,8/24/2016,8/24/2016,,,,mike,byerly,Line Transect,1,8/24/2016,,,hypack,Last dive of 2016 CSEO.  Halibut knocks out lower left light ~ 150m from end of planned line.,buttercup,997,adult,28,12.064,197.311,-478.221,-2420.524,510.26,11:10:07,29.244,2475.19,1.646,high horizontal angle,48.219,0.685
2016,78,,buttercup,ROV,cseo,CSEO,8/24/2016,8/24/2016,,,,mike,byerly,Line Transect,1,8/24/2016,,,hypack,Last dive of 2016 CSEO.  Halibut knocks out lower left light ~ 150m from end of planned line.,buttercup,997,adult,46,7.767,-334.712,182.308,-2794.22,487.569,11:18:10,17.441,2820.095,1.369,,22.289,32.504
2016,78,,buttercup,ROV,cseo,CSEO,8/24/2016,8/24/2016,,,,mike,byerly,Line Transect,1,8/24/2016,,,hypack,Last dive of 2016 CSEO.  Halibut knocks out lower left light ~ 150m from end of planned line.,buttercup,997,adult,47,14.49,-324.54,976.201,-3980.583,488.07,11:18:08,15.46,4111.367,3.765,,0.207,28.914
2016,78,,buttercup,ROV,cseo,CSEO,8/24/2016,8/24/2016,,,,mike,byerly,Line Transect,1,8/24/2016,,,hypack,Last dive of 2016 CSEO.  Halibut knocks out lower left light ~ 150m from end of planned line.,buttercup,997,adult,57,9.551,-290.949,73.99,-1784.139,632.638,11:19:22,9.845,1809.22,1.429,,23.918,3.876
2016,78,,buttercup,ROV,cseo,CSEO,8/24/2016,8/24/2016,,,,mike,byerly,Line Transect,1,8/24/2016,,,hypack,Last dive of 2016 CSEO.  Halibut knocks out lower left light ~ 150m from end of planned line.,buttercup,997,subadult,22,27.814,-1850.384,-122.034,-3515.157,598.049,11:08:28,43.311,3974.31,4.315,,25.451,30.491
2016,78,,buttercup,ROV,cseo,CSEO,8/24/2016,8/24/2016,,,,mike,byerly,Line Transect,1,8/24/2016,,,hypack,Last dive of 2016 CSEO.  Halibut knocks out lower left light ~ 150m from end of planned line.,buttercup,997,,3,21.174,-556.041,-343.645,-1687.539,604.626,10:46:19,7.982,1809.713,2.317,,15.813,4.564
2016,78,,buttercup,ROV,cseo,CSEO,8/24/2016,8/24/2016,,,,mike,byerly,Line Transect,1,8/24/2016,,,hypack,Last dive of 2016 CSEO.  Halibut knocks out lower left light ~ 150m from end of planned line.,buttercup,997,,30,19.08,-1114.38,134.525,-3245.106,1564.008,11:11:28,63.583,3433.752,2.179,high horizontal,62.776,21.687
2016,79,,buttercup,ROV,cseo,CSEO,8/20/2016,8/20/2016,,,,mike,byerly,Calibration,1,8/20/2016,,,,Scale bar calibration in air on deck. Best image near end of recording. No hypack log,buttercup,,,,,,,,,,,,,,,
2016,80,,buttercup,ROV,cseo,CSEO,8/24/2016,8/24/2016,,,,mike,byerly,Calibration,1,8/24/2016,,,,Post survey scale bar calibration in air on deck. No hypack log.,buttercup,,,,,,,,,,,,,,,
2017,0,,buttercup,ROV,EYKT,EYKT,5/5/2017,5/5/2017,shakedown,,,mike,byerly,Shakedown,1,5/5/2017,,,hypack,,buttercup,,,,,,,,,,,,,,,
2017,1,,buttercup,ROV,EYKT,EYKT,5/10/2017,5/10/2017,HD stereo,,,mike,byerly,Line Transect,1,5/10/2017,,,hypack,,buttercup,968,adult,4,16.29,391.853,-173.435,-1466.367,523.997,13:38:48,11.345,1527.698,1.68,High horizontal angle,48.507,9.389
2017,1,,buttercup,ROV,EYKT,EYKT,5/10/2017,5/10/2017,HD stereo,,,mike,byerly,Line Transect,1,5/10/2017,,,hypack,,buttercup,968,adult,9,20.863,255.401,-570.327,-1639.604,560.139,13:59:39,11.72,1754.652,1.087,,38.756,6.844
2017,2,,buttercup,ROV,EYKT,EYKT,5/10/2017,5/10/2017,"Analog stereo, No forward cam, belly on proboscis",,,mike,byerly,Line Transect,1,5/10/2017,,,hypack,,buttercup,992,adult,3,23.016,-950.629,527.488,-2559.255,441.817,19:10:52,35.223,2780.598,1.392,,4.058,11.741
2017,2,,buttercup,ROV,EYKT,EYKT,5/10/2017,5/10/2017,"Analog stereo, No forward cam, belly on proboscis",,,mike,byerly,Line Transect,1,5/10/2017,,,hypack,,buttercup,992,adult,5,16.829,-749.122,519.335,-3013.588,407.687,19:11:52,39.104,3148.429,2.44,,13.485,13.843
2017,2,,buttercup,ROV,EYKT,EYKT,5/10/2017,5/10/2017,"Analog stereo, No forward cam, belly on proboscis",,,mike,byerly,Line Transect,1,5/10/2017,,,hypack,,buttercup,992,adult,28,4.221,143.793,40.077,-2022.427,584.164,19:38:46,8.224,2027.928,2.107,,0.079,13.558
2017,2,,buttercup,ROV,EYKT,EYKT,5/10/2017,5/10/2017,"Analog stereo, No forward cam, belly on proboscis",,,mike,byerly,Line Transect,1,5/10/2017,,,hypack,,buttercup,992,adult,42,14.15,-684.712,-439.962,-3228.257,558.587,19:42:41,31.863,3329.27,3.643,,25.89,66.215
2017,2,,buttercup,ROV,EYKT,EYKT,5/10/2017,5/10/2017,"Analog stereo, No forward cam, belly on proboscis",,,mike,byerly,Line Transect,1,5/10/2017,,,hypack,,buttercup,992,adult,46,28.877,1304.328,1300.833,-3340.133,425.002,19:44:43,65.437,3814.436,2.429,,8.101,9.081
2017,2,,buttercup,ROV,EYKT,EYKT,5/10/2017,5/10/2017,"Analog stereo, No forward cam, belly on proboscis",,,mike,byerly,Line Transect,1,5/10/2017,,,hypack,,buttercup,992,adult,52,18.643,991.387,1256.974,-4745.053,447.359,19:49:55,90.846,5007.83,0.464,,15.36,30.082
2017,2,,buttercup,ROV,EYKT,EYKT,5/10/2017,5/10/2017,"Analog stereo, No forward cam, belly on proboscis",,,mike,byerly,Line Transect,1,5/10/2017,,,hypack,,buttercup,992,juvenile,7,18.096,-839.485,80.086,-2580.724,130.683,19:12:06,35.78,2715.011,1.155,,17.923,21.727
2017,2,,buttercup,ROV,EYKT,EYKT,5/10/2017,5/10/2017,"Analog stereo, No forward cam, belly on proboscis",,,mike,byerly,Line Transect,1,5/10/2017,,,hypack,,buttercup,992,juvenile,36,6.717,-97.458,-204.146,-1920.657,206.459,19:41:20,26.075,1933.933,1.409,high horizontal angle,39.613,23.528
2017,2,,buttercup,ROV,EYKT,EYKT,5/10/2017,5/10/2017,"Analog stereo, No forward cam, belly on proboscis",,,mike,byerly,Line Transect,1,5/10/2017,,,hypack,,buttercup,992,juvenile,51,17.949,557.213,-42.217,-1725.1,148.675,19:49:18,14.938,1813.35,0.446,,11.702,2.34
2017,2,,buttercup,ROV,EYKT,EYKT,5/10/2017,5/10/2017,"Analog stereo, No forward cam, belly on proboscis",,,mike,byerly,Line Transect,1,5/10/2017,,,hypack,,buttercup,992,,30,14.444,323.063,1159.764,-4673.963,868.659,19:39:22,46.025,4826.526,1.49,,6.42,20.357
2017,3,,buttercup,ROV,EYKT,EYKT,5/11/2017,5/11/2017,"Analog stereo, No forward cam, belly on proboscis",,,mike,byerly,Line Transect,1,5/11/2017,,,hypack,,buttercup,994,adult,35,22.978,-1055.621,545.794,-2802.681,566.451,6:45:53,58.921,3044.215,5.614,,25.457,13.367
2017,3,,buttercup,ROV,EYKT,EYKT,5/11/2017,5/11/2017,"Analog stereo, No forward cam, belly on proboscis",,,mike,byerly,Line Transect,1,5/11/2017,,,hypack,,buttercup,994,juvenile,4,6.531,144.303,-191.691,-2095.791,157.507,6:24:48,8.727,2109.481,6.243,,8.245,20.418
2017,3,,buttercup,ROV,EYKT,EYKT,5/11/2017,5/11/2017,"Analog stereo, No forward cam, belly on proboscis",,,mike,byerly,Line Transect,1,5/11/2017,,,hypack,,buttercup,994,,25,6.893,257.529,-110.005,-2316.609,663.901,6:40:56,17.152,2333.474,5.46,,10.706,2.756
2017,4,,buttercup,ROV,EYKT,EYKT,5/11/2017,5/11/2017,"Analog stereo, No forward cam, belly on proboscis",,,mike,byerly,Line Transect,1,5/11/2017,,,hypack,,buttercup,962,subadult,16,17.99,954.429,147.81,-2974.294,404.308,8:18:16,41.173,3127.173,6.777,,6.847,1.752
2017,5,,buttercup,ROV,EYKT,EYKT,5/11/2017,5/11/2017,"Analog stereo, No forward cam, belly on proboscis",,,mike,byerly,Line Transect,1,5/11/2017,,,hypack,,buttercup,985,adult,3,12.454,-845.843,285.851,-4042.607,569.732,10:15:57,75.337,4140.028,5.167,,17.972,10.889
2017,6,,buttercup,ROV,EYKT,EYKT,5/11/2017,5/11/2017,"Analog stereo, No forward cam, belly on proboscis",,,mike,byerly,Line Transect,1,5/11/2017,,,hypack,,buttercup,982,adult,6,24.227,-1479.056,458.871,-3441.42,449.04,11:37:50,64.08,3773.797,8.432,tail slightly bent,4.446,32.357
2017,6,,buttercup,ROV,EYKT,EYKT,5/11/2017,5/11/2017,"Analog stereo, No forward cam, belly on proboscis",,,mike,byerly,Line Transect,1,5/11/2017,,,hypack,,buttercup,982,,1,8.1,-272.945,-177.502,-2287.596,505.426,11:26:13,12.268,2310.65,7.343,"tail bent, length estimated",4.497,1.437
2017,7,,buttercup,ROV,EYKT,EYKT,5/11/2017,5/11/2017,"Analog stereo, No forward cam, belly on proboscis",,,mike,byerly,Line Transect,1,5/11/2017,,,hypack,,buttercup,995,,,,,,,,,,,,,,
2017,8,,buttercup,ROV,EYKT,EYKT,5/11/2017,5/11/2017,"Analog stereo, No forward cam, belly on proboscis",,,mike,byerly,Line Transect,1,5/11/2017,,,hypack,,buttercup,990,adult,11,11.613,177.264,594.691,-3019.513,515.858,13:57:22,15.688,3082.619,3.577,,5.089,6.578
2017,8,,buttercup,ROV,EYKT,EYKT,5/11/2017,5/11/2017,"Analog stereo, No forward cam, belly on proboscis",,,mike,byerly,Line Transect,1,5/11/2017,,,hypack,,buttercup,990,adult,17,8.678,123.793,-265.589,-1919.906,537.273,14:08:29,21.403,1942.138,0.613,,27.113,5.187
2017,9,,buttercup,ROV,EYKT,EYKT,5/11/2017,5/11/2017,"Analog stereo, No forward cam, belly on proboscis",,,mike,byerly,Line Transect,1,5/11/2017,,,hypack,,buttercup,997,,,,,,,,,,,,,,
2017,10,,buttercup,ROV,EYKT,EYKT,5/11/2017,5/11/2017,"Analog stereo, No forward cam, belly on proboscis",,,mike,byerly,Line Transect,1,5/11/2017,,,hypack,,buttercup,981,adult,31,14.605,792.723,164.673,-3107.198,495.842,16:53:08,69.931,3210.951,3.261,high horizontal angle,36.948,27.157
2017,10,,buttercup,ROV,EYKT,EYKT,5/11/2017,5/11/2017,"Analog stereo, No forward cam, belly on proboscis",,,mike,byerly,Line Transect,1,5/11/2017,,,hypack,,buttercup,981,juvenile,19,27.551,-733.852,-725.692,-1978.298,143.687,16:39:14,23.212,2231.329,3.781,,12.636,7.352
2017,10,,buttercup,ROV,EYKT,EYKT,5/11/2017,5/11/2017,"Analog stereo, No forward cam, belly on proboscis",,,mike,byerly,Line Transect,1,5/11/2017,,,hypack,,buttercup,981,juvenile,24,20.193,-583.437,-668.127,-2411.784,241.76,16:50:21,61.411,2569.726,0.814,High Horizontal angle,55.725,12.56
2017,10,,buttercup,ROV,EYKT,EYKT,5/11/2017,5/11/2017,"Analog stereo, No forward cam, belly on proboscis",,,mike,byerly,Line Transect,1,5/11/2017,,,hypack,,buttercup,981,juvenile,25,20.113,726.496,-431.025,-2306.767,245.521,16:50:27,20.663,2456.574,2.095,,0.979,31.446
2017,10,,buttercup,ROV,EYKT,EYKT,5/11/2017,5/11/2017,"Analog stereo, No forward cam, belly on proboscis",,,mike,byerly,Line Transect,1,5/11/2017,,,hypack,,buttercup,981,juvenile,32,20.293,916.541,-251.906,-2570.609,192.809,16:54:22,71.876,2740.718,2.308,High Horizontal angle,52.744,12.615
2017,10,,buttercup,ROV,EYKT,EYKT,5/11/2017,5/11/2017,"Analog stereo, No forward cam, belly on proboscis",,,mike,byerly,Line Transect,1,5/11/2017,,,hypack,,buttercup,981,juvenile,34,23.955,-1105.049,-177.133,-2518.955,137.131,16:44:50,38.999,2756.383,3.96,,21.727,39.177
2017,10,,buttercup,ROV,EYKT,EYKT,5/11/2017,5/11/2017,"Analog stereo, No forward cam, belly on proboscis",,,mike,byerly,Line Transect,1,5/11/2017,,,hypack,,buttercup,981,subadult,3,9.317,128.36,456.519,-2890.363,216.869,16:22:43,57.759,2929.007,1.84,high horizontal angle,35.048,0.007
2017,10,,buttercup,ROV,EYKT,EYKT,5/11/2017,5/11/2017,"Analog stereo, No forward cam, belly on proboscis",,,mike,byerly,Line Transect,1,5/11/2017,,,hypack,,buttercup,981,,18,4.904,-247.595,157.005,-3417.235,640.7,16:38:54,82.165,3429.789,4.466,,35.338,2.536
2017,11,,buttercup,ROV,EYKT,EYKT,5/11/2017,5/11/2017,"Analog stereo, No forward cam, belly on proboscis",,,mike,byerly,Line Transect,1,5/11/2017,,,hypack,Dive 11 in 2015 had schooling ye but not seen in 2017,buttercup,966,adult,15,21.57,-828.346,1318.498,-3938.776,622.395,17:55:36,66.479,4235.393,1.741,,14.223,10.22
2017,11,,buttercup,ROV,EYKT,EYKT,5/11/2017,5/11/2017,"Analog stereo, No forward cam, belly on proboscis",,,mike,byerly,Line Transect,1,5/11/2017,,,hypack,Dive 11 in 2015 had schooling ye but not seen in 2017,buttercup,966,adult,21,21.973,-1049.078,-62.17,-2604.643,432.83,18:02:33,39.619,2808.664,2.139,,6.427,14.997
2017,11,,buttercup,ROV,EYKT,EYKT,5/11/2017,5/11/2017,"Analog stereo, No forward cam, belly on proboscis",,,mike,byerly,Line Transect,1,5/11/2017,,,hypack,Dive 11 in 2015 had schooling ye but not seen in 2017,buttercup,966,juvenile,4,11.912,213.212,-206.055,-1405.628,195.945,17:31:56,8.75,1436.561,0.741,,19.735,21.009
2017,11,,buttercup,ROV,EYKT,EYKT,5/11/2017,5/11/2017,"Analog stereo, No forward cam, belly on proboscis",,,mike,byerly,Line Transect,1,5/11/2017,,,hypack,Dive 11 in 2015 had schooling ye but not seen in 2017,buttercup,966,juvenile,18,20.829,-438.11,-460.143,-1670.019,235.344,17:58:23,10.405,1786.795,0.664,,2.126,10.979
2017,11,,buttercup,ROV,EYKT,EYKT,5/11/2017,5/11/2017,"Analog stereo, No forward cam, belly on proboscis",,,mike,byerly,Line Transect,1,5/11/2017,,,hypack,Dive 11 in 2015 had schooling ye but not seen in 2017,buttercup,966,juvenile,20,21.071,1010.959,5.452,-2623.91,301.776,18:01:42,46.361,2811.934,1.8,,18.45,0.205
2017,11,,buttercup,ROV,EYKT,EYKT,5/11/2017,5/11/2017,"Analog stereo, No forward cam, belly on proboscis",,,mike,byerly,Line Transect,1,5/11/2017,,,hypack,Dive 11 in 2015 had schooling ye but not seen in 2017,buttercup,966,juvenile,24,11.14,-617.659,-38,-3142.691,308.437,18:09:06,99.748,3203.038,5.459,high horizontal angle,56.754,14.009
2017,11,,buttercup,ROV,EYKT,EYKT,5/11/2017,5/11/2017,"Analog stereo, No forward cam, belly on proboscis",,,mike,byerly,Line Transect,1,5/11/2017,,,hypack,Dive 11 in 2015 had schooling ye but not seen in 2017,buttercup,966,juvenile,26,19.909,741.494,-141.478,-2084.31,196.159,18:11:23,44.959,2216.794,6.377,high horizontal angle,53.274,22.71
2017,12,,buttercup,ROV,EYKT,EYKT,5/11/2017,5/11/2017,"Analog stereo, No forward cam, belly on proboscis",,,mike,byerly,Line Transect,1,5/11/2017,,,hypack,,buttercup,943,,,,,,,,,,,,,,
2017,13,,buttercup,ROV,EYKT,EYKT,5/12/2017,5/12/2017,"Analog stereo, No forward cam, belly on proboscis",,,mike,byerly,Line Transect,1,5/12/2017,,,hypack,,buttercup,972,adult,13,15.067,-743.788,-806.481,-4075.233,508.352,6:38:58,86.104,4220.327,5.949,high horizontal angle,44.384,57.944
2017,13,,buttercup,ROV,EYKT,EYKT,5/12/2017,5/12/2017,"Analog stereo, No forward cam, belly on proboscis",,,mike,byerly,Line Transect,1,5/12/2017,,,hypack,,buttercup,972,adult,23,24.568,-853.866,-844.323,-2626.737,567.59,6:44:15,37.685,2888.203,1.286,slightly bent,13.787,21.679
2017,13,,buttercup,ROV,EYKT,EYKT,5/12/2017,5/12/2017,"Analog stereo, No forward cam, belly on proboscis",,,mike,byerly,Line Transect,1,5/12/2017,,,hypack,,buttercup,972,adult,28,9.764,-101.506,623.652,-3671.801,422.923,6:46:40,47.398,3725.771,2.97,,18.725,31.028
2017,13,,buttercup,ROV,EYKT,EYKT,5/12/2017,5/12/2017,"Analog stereo, No forward cam, belly on proboscis",,,mike,byerly,Line Transect,1,5/12/2017,,,hypack,,buttercup,972,adult,56,21.524,949.905,-547.229,-2779.629,533.552,6:57:05,39.488,2987.995,5.344,,5.93,1.603
2017,13,,buttercup,ROV,EYKT,EYKT,5/12/2017,5/12/2017,"Analog stereo, No forward cam, belly on proboscis",,,mike,byerly,Line Transect,1,5/12/2017,,,hypack,,buttercup,972,adult,96,17.771,437.496,-596.912,-2309.072,504.703,7:08:07,31.48,2424.773,6.511,,25.032,5.522
2017,13,,buttercup,ROV,EYKT,EYKT,5/12/2017,5/12/2017,"Analog stereo, No forward cam, belly on proboscis",,,mike,byerly,Line Transect,1,5/12/2017,,,hypack,,buttercup,972,,37,9.888,-404.189,-182.895,-2545.102,602.938,6:49:36,21.243,2583.479,4.131,,10.007,5.245
2017,14,,buttercup,ROV,EYKT,EYKT,5/12/2017,5/12/2017,"Analog stereo, No forward cam, belly on proboscis",,,mike,byerly,Line Transect,1,5/12/2017,,,hypack,,buttercup,990,adult,24,22.022,-538.532,-418.727,-1686.535,454.795,8:11:58,17.651,1819.271,1.57,,19.249,13.894
2017,15,,buttercup,ROV,EYKT,EYKT,5/12/2017,5/12/2017,"Analog stereo, No forward cam, belly on proboscis",,,mike,byerly,Line Transect,1,5/12/2017,,,hypack,,buttercup,992,,,,,,,,,,,,,,
2017,16,,buttercup,ROV,EYKT,EYKT,5/12/2017,5/12/2017,"Analog stereo, No forward cam, belly on proboscis",,,mike,byerly,Experimental,1,5/12/2017,,,hypack,,buttercup,,adult,13,16.827,-743.564,522.041,-3004.037,537.157,11:22:23,41.6,3138.415,1.201,,14.462,10.389
2017,16,,buttercup,ROV,EYKT,EYKT,5/12/2017,5/12/2017,"Analog stereo, No forward cam, belly on proboscis",,,mike,byerly,Experimental,1,5/12/2017,,,hypack,,buttercup,,adult,27,16.992,543.232,-580.822,-2602.59,554.18,11:31:16,22.463,2721.384,1.272,,6.316,14.556
2017,16,,buttercup,ROV,EYKT,EYKT,5/12/2017,5/12/2017,"Analog stereo, No forward cam, belly on proboscis",,,mike,byerly,Experimental,1,5/12/2017,,,hypack,,buttercup,,adult,28,4.272,111.789,-87.208,-1898.185,695.343,11:31:26,19.344,1903.473,1.036,,28.016,29.608
2017,16,,buttercup,ROV,EYKT,EYKT,5/12/2017,5/12/2017,"Analog stereo, No forward cam, belly on proboscis",,,mike,byerly,Experimental,1,5/12/2017,,,hypack,,buttercup,,adult,29,9.884,94.932,-426.08,-2505.378,592.663,11:31:32,16.008,2543.123,0.894,,9.789,13.876
2017,16,,buttercup,ROV,EYKT,EYKT,5/12/2017,5/12/2017,"Analog stereo, No forward cam, belly on proboscis",,,mike,byerly,Experimental,1,5/12/2017,,,hypack,,buttercup,,adult,34,11.787,-556.685,-401.178,-3288.169,658.422,11:31:51,74.648,3359.002,3.56,,32.297,8.551
2017,16,,buttercup,ROV,EYKT,EYKT,5/12/2017,5/12/2017,"Analog stereo, No forward cam, belly on proboscis",,,mike,byerly,Experimental,1,5/12/2017,,,hypack,,buttercup,,juvenile,9,18.998,528.646,-279.303,-1736.653,166.766,11:17:37,23.402,1836.692,0.301,,32.401,10.449
2017,16,,buttercup,ROV,EYKT,EYKT,5/12/2017,5/12/2017,"Analog stereo, No forward cam, belly on proboscis",,,mike,byerly,Experimental,1,5/12/2017,,,hypack,,buttercup,,juvenile,31,21.961,-1540.965,-273.317,-3881.142,265.507,11:31:34,83.002,4184.799,1.192,,1.694,7.378
2017,16,,buttercup,ROV,EYKT,EYKT,5/12/2017,5/12/2017,"Analog stereo, No forward cam, belly on proboscis",,,mike,byerly,Experimental,1,5/12/2017,,,hypack,,buttercup,,subadult,12,23.31,-1414.848,429.985,-3431.931,337.614,11:21:42,67.907,3736.955,3.82,,9.393,22.993
2017,16,,buttercup,ROV,EYKT,EYKT,5/12/2017,5/12/2017,"Analog stereo, No forward cam, belly on proboscis",,,mike,byerly,Experimental,1,5/12/2017,,,hypack,,buttercup,,,15,18.51,-1006.08,202.961,-3065.586,1063.716,11:23:46,99.25,3232.832,5.328,,55.945,24.78
2017,16,,buttercup,ROV,EYKT,EYKT,5/12/2017,5/12/2017,"Analog stereo, No forward cam, belly on proboscis",,,mike,byerly,Experimental,1,5/12/2017,,,hypack,,buttercup,,,25,3.981,277.459,15.757,-3993.385,1055.34,11:31:12,98.331,4003.044,1.242,,30.345,13.685
2017,16,,buttercup,ROV,EYKT,EYKT,5/12/2017,5/12/2017,"Analog stereo, No forward cam, belly on proboscis",,,mike,byerly,Experimental,1,5/12/2017,,,hypack,,buttercup,,,26,11.506,518.071,-364.953,-3113.085,898.16,11:31:19,92.307,3176.93,3.427,high horizontal angle,73.337,38.688
2017,16,,buttercup,ROV,EYKT,EYKT,5/12/2017,5/12/2017,"Analog stereo, No forward cam, belly on proboscis",,,mike,byerly,Experimental,1,5/12/2017,,,hypack,,buttercup,,,36,11.594,178.753,-618.99,-3140.488,1014.719,11:31:52,30.86,3205.896,4.603,,11.114,8.503
2017,17,,buttercup,ROV,EYKT,EYKT,5/12/2017,5/12/2017,"Analog stereo, No forward cam, belly on proboscis",,,mike,byerly,Line Transect,1,5/12/2017,,,hypack,,buttercup,988,juvenile,18,8.372,-398.928,255.924,-3220.568,177.572,12:34:57,95.226,3255.257,2.279,high horizontal angle,51.435,14.093
2017,17,,buttercup,ROV,EYKT,EYKT,5/12/2017,5/12/2017,"Analog stereo, No forward cam, belly on proboscis",,,mike,byerly,Line Transect,1,5/12/2017,,,hypack,,buttercup,988,,1,17.171,485.557,1259.191,-4367.659,694.242,12:09:46,92.136,4571.408,4.419,,21.513,3.986
2017,18,,buttercup,ROV,EYKT,EYKT,5/15/2017,5/15/2017,"Analog stereo, No forward cam, belly on proboscis",,,mike,byerly,Line Transect,1,5/15/2017,,,hypack,,buttercup,976,,3,10.357,-275.881,-228.967,-1961.638,467.774,12:06:04,36.953,1994.131,1.077,High Horizontal angle,82.599,39.274
2017,18,,buttercup,ROV,EYKT,EYKT,5/15/2017,5/15/2017,"Analog stereo, No forward cam, belly on proboscis",,,mike,byerly,Line Transect,1,5/15/2017,,,hypack,,buttercup,976,,5,15.845,-324.348,-375.361,-1747.82,233.76,12:13:19,16.342,1816.858,1.037,,23.581,17.339
2017,18,,buttercup,ROV,EYKT,EYKT,5/15/2017,5/15/2017,"Analog stereo, No forward cam, belly on proboscis",,,mike,byerly,Line Transect,1,5/15/2017,,,hypack,,buttercup,976,,7,21.883,-700.82,-217.78,-1827.137,269.233,12:17:24,18.316,1969.012,3.682,juvenile lingcod,3.25,10.101
2017,19,,buttercup,ROV,EYKT,EYKT,5/15/2017,5/15/2017,"Analog stereo, No forward cam, belly on proboscis",,,mike,byerly,Line Transect,1,5/15/2017,,,hypack,,buttercup,946,adult,8,25.3,-1796.638,-490.759,-3940.05,535.046,14:30:44,60.896,4358.067,4.977,,10.267,60.198
2017,19,,buttercup,ROV,EYKT,EYKT,5/15/2017,5/15/2017,"Analog stereo, No forward cam, belly on proboscis",,,mike,byerly,Line Transect,1,5/15/2017,,,hypack,,buttercup,946,adult,46,22.201,-1353.867,518.806,-3552.542,322.185,14:57:41,83.462,3837.013,1.196,,19.19,11.126
2017,19,,buttercup,ROV,EYKT,EYKT,5/15/2017,5/15/2017,"Analog stereo, No forward cam, belly on proboscis",,,mike,byerly,Line Transect,1,5/15/2017,,,hypack,,buttercup,946,juvenile,4,20.712,-1071.934,-13.618,-2835.295,156.843,14:26:48,33.074,3031.193,4.159,,3.246,38.563
2017,19,,buttercup,ROV,EYKT,EYKT,5/15/2017,5/15/2017,"Analog stereo, No forward cam, belly on proboscis",,,mike,byerly,Line Transect,1,5/15/2017,,,hypack,,buttercup,946,,32,8.786,-69.743,-312.3,-2070.391,639.468,14:47:52,8.444,2094.974,5.802,,0.71,37.5
2017,20,,buttercup,ROV,EYKT,EYKT,5/15/2017,5/15/2017,"Analog stereo, No forward cam, belly on proboscis",,,mike,byerly,Line Transect,1,5/15/2017,,,hypack,,buttercup,1006,,,,,,,,,,,,,,
2017,21,,buttercup,ROV,EYKT,EYKT,5/15/2017,5/15/2017,"Analog stereo, No forward cam, belly on proboscis",,,mike,byerly,Line Transect,1,5/15/2017,,,hypack,,buttercup,957,adult,4,15.813,834.568,-668.214,-3774.952,436.662,17:04:34,43.101,3923.426,6.536,,3.631,0.111
2017,21,,buttercup,ROV,EYKT,EYKT,5/15/2017,5/15/2017,"Analog stereo, No forward cam, belly on proboscis",,,mike,byerly,Line Transect,1,5/15/2017,,,hypack,,buttercup,957,adult,17,10.532,-128.452,926.11,-5029.155,500.736,17:11:59,87.319,5115.328,5.726,,16.431,5.294
2017,21,,buttercup,ROV,EYKT,EYKT,5/15/2017,5/15/2017,"Analog stereo, No forward cam, belly on proboscis",,,mike,byerly,Line Transect,1,5/15/2017,,,hypack,,buttercup,957,adult,20,6.327,224.276,176.267,-2572.869,642.601,17:13:17,20.398,2588.634,5.41,,13.48,24.833
2017,21,,buttercup,ROV,EYKT,EYKT,5/15/2017,5/15/2017,"Analog stereo, No forward cam, belly on proboscis",,,mike,byerly,Line Transect,1,5/15/2017,,,hypack,,buttercup,957,adult,59,14.54,-209.264,-404.739,-1756.715,510.405,17:26:34,28.56,1814.843,0.442,high horizontal angle,68.724,39.696
2017,21,,buttercup,ROV,EYKT,EYKT,5/15/2017,5/15/2017,"Analog stereo, No forward cam, belly on proboscis",,,mike,byerly,Line Transect,1,5/15/2017,,,hypack,,buttercup,957,adult,61,5.657,-67.589,339.739,-3497.23,503.697,17:28:43,12.233,3514.343,1.335,,0.776,2.979
2017,21,,buttercup,ROV,EYKT,EYKT,5/15/2017,5/15/2017,"Analog stereo, No forward cam, belly on proboscis",,,mike,byerly,Line Transect,1,5/15/2017,,,hypack,,buttercup,957,adult,70,3.357,-98.302,-112.818,-2551.081,542.696,17:35:50,47.104,2555.465,2.126,high horizontal angle,37.637,13.664
2017,21,,buttercup,ROV,EYKT,EYKT,5/15/2017,5/15/2017,"Analog stereo, No forward cam, belly on proboscis",,,mike,byerly,Line Transect,1,5/15/2017,,,hypack,,buttercup,957,adult,78,6.506,288.86,-83.104,-2635.692,574.183,17:43:26,24.401,2652.776,2.238,,14.255,9.728
2017,21,,buttercup,ROV,EYKT,EYKT,5/15/2017,5/15/2017,"Analog stereo, No forward cam, belly on proboscis",,,mike,byerly,Line Transect,1,5/15/2017,,,hypack,,buttercup,957,juvenile,31,21.621,-1156.736,-5.774,-2918.451,303.472,17:16:46,57.269,3139.335,1.869,,17.101,0.116
2017,21,,buttercup,ROV,EYKT,EYKT,5/15/2017,5/15/2017,"Analog stereo, No forward cam, belly on proboscis",,,mike,byerly,Line Transect,1,5/15/2017,,,hypack,,buttercup,957,subadult,2,23.512,1007.059,-894.814,-3096.456,342.543,17:04:35,81.39,3376.818,1.702,high horizontal angle,35.507,9.652
2017,21,,buttercup,ROV,EYKT,EYKT,5/15/2017,5/15/2017,"Analog stereo, No forward cam, belly on proboscis",,,mike,byerly,Line Transect,1,5/15/2017,,,hypack,,buttercup,957,subadult,7,10.424,366.54,-281.543,-2512.329,346.451,17:06:09,27.273,2554.489,1.117,high horizontal angle,19.574,17.69
2017,22,,buttercup,ROV,EYKT,EYKT,5/15/2017,5/15/2017,"Analog stereo, No forward cam, belly on proboscis",,,mike,byerly,Line Transect,1,5/15/2017,,,hypack,,buttercup,987,adult,3,19.612,-969.072,-97.834,-2733.419,352.334,18:31:50,37.186,2901.767,0.783,,2.462,1.8
2017,22,,buttercup,ROV,EYKT,EYKT,5/15/2017,5/15/2017,"Analog stereo, No forward cam, belly on proboscis",,,mike,byerly,Line Transect,1,5/15/2017,,,hypack,,buttercup,987,adult,26,11.46,311.811,-521.061,-2995.328,474.123,18:51:07,22.954,3056.259,1.289,a little bent,11.119,45.899
2017,22,,buttercup,ROV,EYKT,EYKT,5/15/2017,5/15/2017,"Analog stereo, No forward cam, belly on proboscis",,,mike,byerly,Line Transect,1,5/15/2017,,,hypack,,buttercup,987,adult,29,14.924,-157.345,-445.685,-1773.386,560.563,18:54:05,13.676,1835.29,0.522,,16.938,4.735
2017,22,,buttercup,ROV,EYKT,EYKT,5/15/2017,5/15/2017,"Analog stereo, No forward cam, belly on proboscis",,,mike,byerly,Line Transect,1,5/15/2017,,,hypack,,buttercup,987,adult,33,15.949,-58.73,-432.015,-1525.628,449.879,18:55:50,20.538,1586.704,1.43,High horizontal angle,44.339,11.096
2017,22,,buttercup,ROV,EYKT,EYKT,5/15/2017,5/15/2017,"Analog stereo, No forward cam, belly on proboscis",,,mike,byerly,Line Transect,1,5/15/2017,,,hypack,,buttercup,987,adult,37,11.403,-381.384,-177.485,-2085.732,543.185,18:57:35,13.321,2127.729,1.818,,4.742,15.123
2017,22,,buttercup,ROV,EYKT,EYKT,5/15/2017,5/15/2017,"Analog stereo, No forward cam, belly on proboscis",,,mike,byerly,Line Transect,1,5/15/2017,,,hypack,,buttercup,987,adult,50,27.941,-1438.686,996.798,-3300.026,413.903,19:08:20,88.663,3735.451,1.48,,27.257,22.884
2017,22,,buttercup,ROV,EYKT,EYKT,5/15/2017,5/15/2017,"Analog stereo, No forward cam, belly on proboscis",,,mike,byerly,Line Transect,1,5/15/2017,,,hypack,,buttercup,987,juvenile,9,21.828,509.953,-537.794,-1850.309,225.232,18:35:19,19.414,1993.218,0.57,,20.074,13.328
2017,22,,buttercup,ROV,EYKT,EYKT,5/15/2017,5/15/2017,"Analog stereo, No forward cam, belly on proboscis",,,mike,byerly,Line Transect,1,5/15/2017,,,hypack,,buttercup,987,juvenile,25,21.714,-605.928,-443.761,-1885.984,298.958,18:50:03,38.082,2030.027,1.232,High Horizontal angle,70.408,33.892
2017,22,,buttercup,ROV,EYKT,EYKT,5/15/2017,5/15/2017,"Analog stereo, No forward cam, belly on proboscis",,,mike,byerly,Line Transect,1,5/15/2017,,,hypack,,buttercup,987,juvenile,30,3.755,-97.314,-183.361,-3163.095,246.287,18:53:59,55.174,3169.899,2.115,,28.236,12.576
2017,22,,buttercup,ROV,EYKT,EYKT,5/15/2017,5/15/2017,"Analog stereo, No forward cam, belly on proboscis",,,mike,byerly,Line Transect,1,5/15/2017,,,hypack,,buttercup,987,juvenile,34,5.722,309.699,-13.304,-3093.804,156.966,18:56:33,34.652,3109.294,9.359,,17.607,19.008
2017,22,,buttercup,ROV,EYKT,EYKT,5/15/2017,5/15/2017,"Analog stereo, No forward cam, belly on proboscis",,,mike,byerly,Line Transect,1,5/15/2017,,,hypack,,buttercup,987,subadult,1,11.933,-140.926,-369.652,-1871.868,286.152,18:28:21,8.305,1913.215,0.935,,8.637,2.217
2017,22,,buttercup,ROV,EYKT,EYKT,5/15/2017,5/15/2017,"Analog stereo, No forward cam, belly on proboscis",,,mike,byerly,Line Transect,1,5/15/2017,,,hypack,,buttercup,987,subadult,20,11.266,350.663,-285.829,-2271.016,270.175,18:43:13,24.737,2315.637,0.207,,22.492,20.768
2017,22,,buttercup,ROV,EYKT,EYKT,5/15/2017,5/15/2017,"Analog stereo, No forward cam, belly on proboscis",,,mike,byerly,Line Transect,1,5/15/2017,,,hypack,,buttercup,987,,22,18.583,-1083.33,-112.125,-3239.396,594.168,18:47:28,69.844,3417.582,0.537,High Horizontal angle,37.489,41.598
2017,22,,buttercup,ROV,EYKT,EYKT,5/15/2017,5/15/2017,"Analog stereo, No forward cam, belly on proboscis",,,mike,byerly,Line Transect,1,5/15/2017,,,hypack,,buttercup,987,,40,13.834,-458.701,-84.86,-1894.383,607.987,18:59:22,15.378,1950.973,8.515,,7.893,7.785
2017,23,,buttercup,ROV,EYKT,EYKT,5/15/2017,5/15/2017,"Analog stereo, No forward cam, belly on proboscis",,,mike,byerly,Line Transect,1,5/15/2017,,,hypack,,buttercup,884,adult,5,19.407,-662.914,-639.545,-2614.715,477.612,20:06:37,38.847,2772.221,1.374,,22.533,22.265
2017,23,,buttercup,ROV,EYKT,EYKT,5/15/2017,5/15/2017,"Analog stereo, No forward cam, belly on proboscis",,,mike,byerly,Line Transect,1,5/15/2017,,,hypack,,buttercup,884,adult,10,20.285,763.985,1479.564,-4505.25,515.161,20:14:29,81.641,4803.13,5.819,,15.354,2.078
2017,23,,buttercup,ROV,EYKT,EYKT,5/15/2017,5/15/2017,"Analog stereo, No forward cam, belly on proboscis",,,mike,byerly,Line Transect,1,5/15/2017,,,hypack,,buttercup,884,adult,45,14.923,-758.672,374.327,-3174.412,486.289,20:45:21,81.217,3285.209,1.143,high horizontal angle,42.748,25.448
2017,23,,buttercup,ROV,EYKT,EYKT,5/15/2017,5/15/2017,"Analog stereo, No forward cam, belly on proboscis",,,mike,byerly,Line Transect,1,5/15/2017,,,hypack,,buttercup,884,subadult,46,8.088,479.311,-5.149,-3373.146,348.604,20:45:24,61.323,3407.034,4.397,,28.896,27.772
2017,23,,buttercup,ROV,EYKT,EYKT,5/15/2017,5/15/2017,"Analog stereo, No forward cam, belly on proboscis",,,mike,byerly,Line Transect,1,5/15/2017,,,hypack,,buttercup,884,,1,18.597,-1213.158,248.055,-3680.092,1387.848,20:02:53,179.765,3882.829,6.821,"High Horizontal angle, a litlle bent",75.712,14.598
2017,23,,buttercup,ROV,EYKT,EYKT,5/15/2017,5/15/2017,"Analog stereo, No forward cam, belly on proboscis",,,mike,byerly,Line Transect,1,5/15/2017,,,hypack,,buttercup,884,,13,22.072,-1151.982,-288.586,-2928.812,666.047,20:18:57,89.282,3160.425,0.344,High Horizontal angle,59.31,32.532
2017,24,,buttercup,ROV,EYKT,EYKT,5/16/2017,5/16/2017,"Analog stereo, No forward cam, belly on proboscis",,,mike,byerly,Line Transect,1,5/16/2017,,,hypack,,buttercup,918,adult,19,6.958,148.728,-248.53,-2373.242,521.43,5:40:04,30.107,2390.85,7.077,,26.465,17.419
2017,24,,buttercup,ROV,EYKT,EYKT,5/16/2017,5/16/2017,"Analog stereo, No forward cam, belly on proboscis",,,mike,byerly,Line Transect,1,5/16/2017,,,hypack,,buttercup,918,adult,45,6.117,-300.886,257.528,-3695.55,598.711,6:01:29,73.853,3716.711,2.494,,30.336,28.967
2017,24,,buttercup,ROV,EYKT,EYKT,5/16/2017,5/16/2017,"Analog stereo, No forward cam, belly on proboscis",,,mike,byerly,Line Transect,1,5/16/2017,,,hypack,,buttercup,918,juvenile,1,20.53,-741.178,-870.631,-3053.344,176.46,5:19:03,41.234,3260.407,1.943,,14.471,12.634
2017,24,,buttercup,ROV,EYKT,EYKT,5/16/2017,5/16/2017,"Analog stereo, No forward cam, belly on proboscis",,,mike,byerly,Line Transect,1,5/16/2017,,,hypack,,buttercup,918,,18,18.805,-1550.121,134.029,-4569.251,621.637,5:39:51,41.291,4826.893,3.609,high horizontal angle,37.85,78.898
2017,24,,buttercup,ROV,EYKT,EYKT,5/16/2017,5/16/2017,"Analog stereo, No forward cam, belly on proboscis",,,mike,byerly,Line Transect,1,5/16/2017,,,hypack,,buttercup,918,,54,4.895,238.756,-92.62,-2990.083,706.484,6:02:27,22.176,3001.03,1.912,,8.651,9.648
2017,25,,buttercup,ROV,EYKT,EYKT,5/16/2017,5/16/2017,"Analog stereo, No forward cam, belly on proboscis",,,mike,byerly,Line Transect,1,5/16/2017,,,hypack,,buttercup,930,adult,2,19.438,-1149.473,-1043.889,-4399.797,615.141,6:50:40,81.116,4665.748,2.157,,11.215,17.43
2017,25,,buttercup,ROV,EYKT,EYKT,5/16/2017,5/16/2017,"Analog stereo, No forward cam, belly on proboscis",,,mike,byerly,Line Transect,1,5/16/2017,,,hypack,,buttercup,930,adult,25,26.124,1237.75,-1129.099,-3416.272,563.623,7:17:54,60.258,3804.971,4.037,,4.781,27.21
2017,25,,buttercup,ROV,EYKT,EYKT,5/16/2017,5/16/2017,"Analog stereo, No forward cam, belly on proboscis",,,mike,byerly,Line Transect,1,5/16/2017,,,hypack,,buttercup,930,adult,29,7.896,163.404,539.521,-4064.504,535.675,7:31:02,17.064,4103.41,2.033,,0.691,15.124
2017,25,,buttercup,ROV,EYKT,EYKT,5/16/2017,5/16/2017,"Analog stereo, No forward cam, belly on proboscis",,,mike,byerly,Line Transect,1,5/16/2017,,,hypack,,buttercup,930,subadult,34,10.384,63.025,-562.014,-3086.358,349.839,7:32:50,67.741,3137.744,7.423,high horizontal angle,62.912,49.895
2017,26,,buttercup,ROV,EYKT,EYKT,5/16/2017,5/16/2017,"Analog stereo, No forward cam, belly on proboscis",,,mike,byerly,Line Transect,1,5/16/2017,,,hypack,,buttercup,954,adult,15,13.527,-716.03,1505.569,-6929.834,577.153,8:26:17,77.673,7127.555,1.219,,3.006,16.164
2017,26,,buttercup,ROV,EYKT,EYKT,5/16/2017,5/16/2017,"Analog stereo, No forward cam, belly on proboscis",,,mike,byerly,Line Transect,1,5/16/2017,,,hypack,,buttercup,954,,22,20.579,853.62,-639.837,-2841.259,791.087,8:30:01,89.676,3034.932,8.745,high horizontal angle,63.044,24.524
2017,27,,buttercup,ROV,EYKT,EYKT,5/16/2017,5/16/2017,"Analog stereo, No forward cam, belly on proboscis",,,mike,byerly,Line Transect,1,5/16/2017,,,hypack,,buttercup,989,adult,20,9.237,354.248,-121.939,-2303.607,594.102,9:33:33,40.344,2333.874,0.705,High Horizontal angle,36.428,3.155
2017,28,,buttercup,ROV,EYKT,EYKT,5/16/2017,5/16/2017,"Analog stereo, No forward cam, belly on proboscis",,,mike,byerly,Line Transect,1,5/16/2017,,,hypack,,buttercup,994,,,,,,,,,,,,,,
2017,29,,buttercup,ROV,EYKT,EYKT,5/16/2017,5/16/2017,"Analog stereo, No forward cam, belly on proboscis",,,mike,byerly,Line Transect,1,5/16/2017,,,hypack,,buttercup,983,adult,7,19.683,1052.007,283.941,-3046.087,482.996,12:18:48,62.84,3235.118,1.236,,22.534,3.317
2017,29,,buttercup,ROV,EYKT,EYKT,5/16/2017,5/16/2017,"Analog stereo, No forward cam, belly on proboscis",,,mike,byerly,Line Transect,1,5/16/2017,,,hypack,,buttercup,983,adult,21,23.536,1109.861,812.869,-3158.485,503.553,12:44:49,59.957,3445.08,2.434,,15.168,2.992
2017,29,,buttercup,ROV,EYKT,EYKT,5/16/2017,5/16/2017,"Analog stereo, No forward cam, belly on proboscis",,,mike,byerly,Line Transect,1,5/16/2017,,,hypack,,buttercup,983,subadult,1,22.065,922.086,513.204,-2603.414,275.295,12:10:07,28.038,2809.161,1.187,,2.989,39.901
2017,29,,buttercup,ROV,EYKT,EYKT,5/16/2017,5/16/2017,"Analog stereo, No forward cam, belly on proboscis",,,mike,byerly,Line Transect,1,5/16/2017,,,hypack,,buttercup,983,,11,19.822,-750.308,-20.275,-2082.308,504.017,12:21:41,24.732,2213.454,2.884,,8.321,8.619
2017,29,,buttercup,ROV,EYKT,EYKT,5/16/2017,5/16/2017,"Analog stereo, No forward cam, belly on proboscis",,,mike,byerly,Line Transect,1,5/16/2017,,,hypack,,buttercup,983,,22,9.669,-39.473,-288.445,-1708.718,541.679,12:46:49,6.309,1733.342,1.801,,1.798,9.453
2017,30,,buttercup,ROV,EYKT,EYKT,5/16/2017,5/16/2017,"Analog stereo, No forward cam, belly on proboscis",,,mike,byerly,Line Transect,1,5/16/2017,,,hypack,,buttercup,981,,4,13.514,-269.01,-317.916,-1732.834,534.499,14:01:44,28.108,1782.176,1.65,High Horizontal angle,51.127,21.381
2017,31,,buttercup,ROV,EYKT,EYKT,5/16/2017,5/16/2017,"Analog stereo, No forward cam, belly on proboscis",,,mike,byerly,Line Transect,1,5/16/2017,,,hypack,,buttercup,989,adult,8,21.458,-1104.818,-75.812,-2817.325,587.157,15:11:14,79.622,3027.158,3.796,high horizontal angle,61.365,36.543
2017,32,,buttercup,ROV,EYKT,EYKT,5/16/2017,5/16/2017,"Analog stereo, No forward cam, belly on proboscis",,,mike,byerly,Line Transect,1,5/16/2017,,,hypack,,buttercup,982,,,,,,,,,,,,,,
2017,33,,buttercup,ROV,EYKT,EYKT,5/16/2017,5/16/2017,"Analog stereo, No forward cam, belly on proboscis",,,mike,byerly,Line Transect,1,5/16/2017,,,hypack,,buttercup,974,adult,6,19.221,1030.747,324.914,-3099.841,644.678,18:48:59,86.627,3282.838,1.698,,67.585,44.653
2017,33,,buttercup,ROV,EYKT,EYKT,5/16/2017,5/16/2017,"Analog stereo, No forward cam, belly on proboscis",,,mike,byerly,Line Transect,1,5/16/2017,,,hypack,,buttercup,974,,2,15.605,657.742,-140.304,-2407.904,557.841,18:41:11,48.094,2500.062,9.447,high horizontal angle,36.957,13.551
2017,33,,buttercup,ROV,EYKT,EYKT,5/16/2017,5/16/2017,"Analog stereo, No forward cam, belly on proboscis",,,mike,byerly,Line Transect,1,5/16/2017,,,hypack,,buttercup,974,,8,9.072,374.414,-95.763,-2420.261,870.057,18:53:20,65.361,2450.922,2.227,,76.434,28.564
2017,33,,buttercup,ROV,EYKT,EYKT,5/16/2017,5/16/2017,"Analog stereo, No forward cam, belly on proboscis",,,mike,byerly,Line Transect,1,5/16/2017,,,hypack,,buttercup,974,,19,14.553,637.65,-143.065,-2517.349,668.552,19:13:02,36.121,2600.79,2.761,,20.231,11.127
2017,34,,buttercup,ROV,EYKT,EYKT,5/16/2017,5/16/2017,"Analog stereo, No forward cam, belly on proboscis",,,mike,byerly,Line Transect,1,5/16/2017,,,hypack,,buttercup,970,adult,12,20.084,-655.296,-314.944,-1988.497,549.819,20:15:16,25.119,2117.244,1.234,,19.215,16.612
2017,34,,buttercup,ROV,EYKT,EYKT,5/16/2017,5/16/2017,"Analog stereo, No forward cam, belly on proboscis",,,mike,byerly,Line Transect,1,5/16/2017,,,hypack,,buttercup,970,adult,21,18.133,-892.484,-262.242,-2840.49,481.233,20:29:01,81.309,2988.926,4.081,,50.502,16.872
2017,34,,buttercup,ROV,EYKT,EYKT,5/16/2017,5/16/2017,"Analog stereo, No forward cam, belly on proboscis",,,mike,byerly,Line Transect,1,5/16/2017,,,hypack,,buttercup,970,adult,33,14.004,416.791,513.357,-2651.423,542.084,20:14:54,56.957,2732.635,4.95,,39.894,11.815
2017,35,,buttercup,ROV,EYKT,EYKT,5/17/2017,5/17/2017,"Analog stereo, No forward cam, belly on proboscis",,,mike,byerly,Line Transect,1,5/17/2017,,,hypack,,buttercup,981,adult,9,17.832,-1054.276,-299.603,-3407.261,476.318,7:19:11,49.758,3579.202,1.283,tail a little bent,2.51,0.086
2017,36,,buttercup,ROV,EYKT,EYKT,5/17/2017,5/17/2017,"Analog stereo, No forward cam, belly on proboscis",,,mike,byerly,Line Transect,1,5/17/2017,,,hypack,,buttercup,862,adult,2,3.878,60.645,-144.968,-2318.128,421.866,8:23:55,15.169,2323.448,1.657,,12.207,2.451
2017,36,,buttercup,ROV,EYKT,EYKT,5/17/2017,5/17/2017,"Analog stereo, No forward cam, belly on proboscis",,,mike,byerly,Line Transect,1,5/17/2017,,,hypack,,buttercup,862,adult,42,16.963,703.824,339.946,-2562.539,522.735,8:55:41,25.604,2679.092,3.265,,12.565,36.302
2017,36,,buttercup,ROV,EYKT,EYKT,5/17/2017,5/17/2017,"Analog stereo, No forward cam, belly on proboscis",,,mike,byerly,Line Transect,1,5/17/2017,,,hypack,,buttercup,862,adult,57,16.341,518.942,144.637,-1837.347,475.661,9:04:23,34.963,1914.697,0.788,High Horizontal direction,55.054,20.707
2017,36,,buttercup,ROV,EYKT,EYKT,5/17/2017,5/17/2017,"Analog stereo, No forward cam, belly on proboscis",,,mike,byerly,Line Transect,1,5/17/2017,,,hypack,,buttercup,862,juvenile,43,12.866,-888.887,514.655,-4496.912,220.076,8:58:28,83.271,4612.722,3.698,,15.886,6.936
2017,36,,buttercup,ROV,EYKT,EYKT,5/17/2017,5/17/2017,"Analog stereo, No forward cam, belly on proboscis",,,mike,byerly,Line Transect,1,5/17/2017,,,hypack,,buttercup,862,,22,8.071,-416.258,155.004,-3132.185,549.696,8:46:33,27.799,3163.524,1.54,,9.649,1.976
2017,36,,buttercup,ROV,EYKT,EYKT,5/17/2017,5/17/2017,"Analog stereo, No forward cam, belly on proboscis",,,mike,byerly,Line Transect,1,5/17/2017,,,hypack,,buttercup,862,,24,13.527,-849.59,-686.787,-4541.086,730.064,8:48:09,79.439,4670.647,8.947,,14.44,17.777
2017,36,,buttercup,ROV,EYKT,EYKT,5/17/2017,5/17/2017,"Analog stereo, No forward cam, belly on proboscis",,,mike,byerly,Line Transect,1,5/17/2017,,,hypack,,buttercup,862,,36,13.346,-641.385,50.415,-2711.86,588.515,8:54:53,49.56,2787.131,3.061,,29.922,13.232
2017,36,,buttercup,ROV,EYKT,EYKT,5/17/2017,5/17/2017,"Analog stereo, No forward cam, belly on proboscis",,,mike,byerly,Line Transect,1,5/17/2017,,,hypack,,buttercup,862,,44,10.226,-651.859,520.634,-4624.515,835.998,8:58:29,65.408,4699.161,3.787,,10.868,6.555
