"","FILENAME","FRAME","TIME..HMS.","PERIOD","PERIOD.TIME..HMS.","LENGTH..mm.","PRECISION..mm.","RMS..mm.","RANGE..mm.","DIRECTION..deg.","HORZ..DIR...deg.","VERT..DIR...deg.","MID_X..mm.","MID_Y..mm.","MID_Z..mm.","OPCODE","TAPEREADER","DEPTH","COMMENT","YEAR","DIVE","TRANSECT_NUMBER","X","DIVE_NO","X.1","X.2","X.3","FAMILY","GENUS","SPECIES","CODE","NUMBER","STAGE","ACTIVITY","CHECK_ID","COMMENT.1","EVENT.TIME.HH.MM.SS"
"1","SL_2018SSEO_Dive_01_09-06-32.000.avi",61401,"40:58.7",NA,"",NA,10.643,0.346,2336.572,11.69,NA,NA,-285.919,-388.874,-2286.175,1,"KelliiWood",0,"N/A",2018,"SSEO_1",44,NA,1,NA,NA,NA,"rockfish","greenstripe",135,135,17,"","","","",NA
"2","SL_2018SSEO_Dive_01_09-06-32.000.avi",33623,"25:32.8",NA,"",620.39,78.411,2.519,6736.415,25.016,2.985,40.575,1319.665,2524.573,-6104.449,1,"KelliiWood",0,"N/A",2018,"SSEO_1",44,NA,1,NA,NA,NA,"rockfish","yelloweye",145,145,6,"AD","Fish seeking cover","","",NA
"3","SL_2018SSEO_Dive_01_09-06-32.000.avi",38909,"28:29.0",NA,"",313.972,72.959,2.358,6172.876,24.778,0.038,17.929,-2002.888,1637.556,-5604.574,1,"KelliiWood",0,"N/A",2018,"SSEO_1",44,NA,1,NA,NA,NA,"rockfish","yelloweye",145,145,7,"SU","Fish moving slowly out of frame","","",NA
"4","SL_2018SSEO_Dive_01_09-06-32.000.avi",56835,"38:26.5",NA,"",503.611,124.195,2.343,6857.165,13.679,21.7,3.62,1456.345,713.271,-6662.658,1,"KelliiWood",0,"N/A",2018,"SSEO_1",44,NA,1,NA,NA,NA,"rockfish","yelloweye",145,145,15,"AD","Fish chasing other fish","","",NA
"5","SL_2018SSEO_Dive_01_09-06-32.000.avi",86442,"54:53.4",NA,"",392.852,102.945,0.976,5847.022,32.353,22.298,2.956,2926.477,1107.361,-4939.347,1,"KelliiWood",0,"N/A",2018,"SSEO_1",44,NA,1,NA,NA,NA,"rockfish","yelloweye",145,145,20,"SU","Fish milling/hovering","","",NA
"6","SL_2018SSEO_Dive_01_09-06-32.000.avi",86502,"54:55.4",NA,"",383.717,178.766,1.378,7444.995,19.516,31.59,5.677,1339.389,2095.648,-7017.282,1,"KelliiWood",0,"N/A",2018,"SSEO_1",44,NA,1,NA,NA,NA,"rockfish","yelloweye",145,145,20,"JV","Fish milling/hovering","","",NA
"7","SL_2018SSEO_Dive_01_09-06-32.000.avi",51498,"35:28.6",NA,"",NA,74.311,3.536,5911.861,24.123,NA,NA,1502.358,1865.079,-5405.044,1,"KelliiWood",0,"N/A",2018,"SSEO_1",44,NA,1,NA,NA,NA,"rockfish","canary",146,146,10,"","","","",NA
"8","SL_2018SSEO_Dive_01_09-06-32.000.avi",23605,"19:58.8",NA,"",NA,32.559,2.978,4210.584,11.795,NA,NA,109.137,832.988,-4125.922,1,"KelliiWood",0,"N/A",2018,"SSEO_1",44,NA,1,NA,NA,NA,"rockfish","quillback",147,147,2,"","","","",NA
"9","SL_2018SSEO_Dive_01_09-06-32.000.avi",26947,"21:50.2",NA,"",NA,56.878,0.461,5223.305,28.165,NA,NA,2171.278,1144.668,-4610.662,1,"KelliiWood",0,"N/A",2018,"SSEO_1",44,NA,1,NA,NA,NA,"rockfish","quillback",147,147,3,"","","","",NA
"10","SL_2018SSEO_Dive_01_09-06-32.000.avi",31733,"24:29.8",NA,"",NA,17.434,1.489,3011.734,12.953,NA,NA,198.395,-660.071,-2931.806,1,"KelliiWood",0,"N/A",2018,"SSEO_1",44,NA,1,NA,NA,NA,"rockfish","quillback",147,147,4,"","","","",NA
"11","SL_2018SSEO_Dive_01_09-06-32.000.avi",52939,"36:16.6",NA,"",NA,46.239,1.335,4749.549,18.09,NA,NA,1273.317,721.304,-4518.473,1,"KelliiWood",0,"N/A",2018,"SSEO_1",44,NA,1,NA,NA,NA,"rockfish","quillback",147,147,12,"","","","",NA
"12","SL_2018SSEO_Dive_01_09-06-32.000.avi",39126,"28:36.2",NA,"",NA,90.384,2,6730.535,15.095,NA,NA,1141.065,1297.769,-6504.911,1,"KelliiWood",0,"N/A",2018,"SSEO_1",44,NA,1,NA,NA,NA,"rockfish","tiger",148,148,8,"","","","",NA
"13","SL_2018SSEO_Dive_01_09-06-32.000.avi",33076,"25:14.5",NA,"",NA,28.307,0.375,3812.367,28.708,NA,NA,-1762.597,479.94,-3346.2,1,"KelliiWood",0,"N/A",2018,"SSEO_1",44,NA,1,NA,NA,NA,"rockfish","rosethorn",150,150,5,"","","","",NA
"14","SL_2018SSEO_Dive_01_09-06-32.000.avi",52619,"36:06.0",NA,"",NA,22.994,0.339,3383.826,27.277,NA,NA,-1459.426,509.234,-3010.155,1,"KelliiWood",0,"N/A",2018,"SSEO_1",44,NA,1,NA,NA,NA,"rockfish","rosethorn",150,150,11,"","","","",NA
"15","SL_2018SSEO_Dive_01_09-06-32.000.avi",56027,"37:59.6",NA,"",NA,14.025,1.894,2628.996,18.571,NA,NA,811.582,-218.412,-2491.033,1,"KelliiWood",0,"N/A",2018,"SSEO_1",44,NA,1,NA,NA,NA,"rockfish","rosethorn",150,150,14,"","","","",NA
"16","SL_2018SSEO_Dive_01_09-06-32.000.avi",69114,"45:15.8",NA,"",NA,16.376,2.316,3137.733,0.573,NA,NA,-27.347,-31.152,-3137.459,1,"KelliiWood",0,"N/A",2018,"SSEO_1",44,NA,1,NA,NA,NA,"rockfish","rosethorn",150,150,18,"","","","",NA
"17","SL_2018SSEO_Dive_01_09-06-32.000.avi",86214,"54:45.8",NA,"",NA,62.026,1.248,5432.87,20.521,NA,NA,1365.263,1302.155,-5094.755,1,"KelliiWood",0,"N/A",2018,"SSEO_1",44,NA,1,NA,NA,NA,"rockfish","rosethorn",150,150,19,"","","","",NA
"18","SL_2018SSEO_Dive_01_09-06-32.000.avi",42088,"30:14.9",NA,"",NA,32.61,0.144,4037.224,31.922,NA,NA,-1677.387,1303.157,-3433.268,1,"KelliiWood",0,"N/A",2018,"SSEO_1",44,NA,1,NA,NA,NA,"rockfish","dusky",172,172,9,"","","","",NA
"19","SL_2018SSEO_Dive_01_09-06-32.000.avi",57145,"38:36.8",NA,"",NA,49.374,3.348,4921.976,16.783,NA,NA,1005.27,980.921,-4717.316,1,"KelliiWood",0,"N/A",2018,"SSEO_1",44,NA,1,NA,NA,NA,"rockfish","dusky",172,172,16,"","","","",NA
"20","SL_2018SSEO_Dive_01_09-06-32.000.avi",13651,"14:27.0",NA,"",NA,40.428,1.112,4469.761,31.124,NA,NA,2040.126,1064.993,-3831.767,1,"KelliiWood",0,"N/A",2018,"SSEO_1",44,NA,1,NA,NA,NA,"","unknown",NA,NA,1,"","","","",NA
"21","SL_2018SSEO_Dive_01_09-06-32.000.avi",55585,"37:44.8",NA,"",NA,28.889,2.614,3820.527,19.511,NA,NA,304.181,1221.096,-3607.329,1,"KelliiWood",0,"N/A",2018,"SSEO_1",44,NA,1,NA,NA,NA,"rockfish","unknown",NA,NA,13,"","","YES","",NA
"22","SL_2018SSEO_Dive_02_10-28-44.000.avi",11700,"35:18.0",NA,"",NA,72.836,6.37,6226.985,33.915,NA,NA,-2967.575,1780.913,-5176.6,1,"KelliiWood",0,"N/A",2018,"SSEO_2",45,NA,2,NA,NA,NA,"rockfish","yelloweye",145,145,4,"AD","Fish milling/hovering","","NO LENGTH, 1/2 body in frame",NA
"23","SL_2018SSEO_Dive_02_10-28-44.000.avi",24077,"42:10.6",NA,"",NA,20.163,0.434,3294.493,30.032,NA,NA,1648.813,-18.541,-2852.15,1,"KelliiWood",0,"N/A",2018,"SSEO_2",45,NA,2,NA,NA,NA,"rockfish","yelloweye",145,145,7,"JV","Fish resting on bottom","","Hiding body",NA
"24","SL_2018SSEO_Dive_02_10-28-44.000.avi",30171,"45:33.7",NA,"",376.504,57.224,1.96,4369.7,29.897,23.079,15.325,-2156.937,302.653,-3788.179,1,"KelliiWood",0,"N/A",2018,"SSEO_2",45,NA,2,NA,NA,NA,"rockfish","yelloweye",145,145,10,"SU","Fish milling/hovering","","",NA
"25","SL_2018SSEO_Dive_02_10-28-44.000.avi",31752,"46:26.4",NA,"",NA,31.407,0.594,3956.709,27.748,NA,NA,-1721.359,638.522,-3504.962,1,"KelliiWood",0,"N/A",2018,"SSEO_2",45,NA,2,NA,NA,NA,"rockfish","yelloweye",145,145,14,"JV","Fish resting on bottom","","No Length, 1/2 body hidden",NA
"26","SL_2018SSEO_Dive_02_10-28-44.000.avi",66830,"05:55.7",NA,"",NA,42.444,1.925,4525.828,24.424,NA,NA,1745.173,654.776,-4124.167,1,"KelliiWood",0,"N/A",2018,"SSEO_2",45,NA,2,NA,NA,NA,"rockfish","yelloweye",145,145,21,"AD","Fish resting on bottom","","NO LENGTH, 1/2 body in rock",NA
"27","SL_2018SSEO_Dive_02_10-28-44.000.avi",108,"28:51.6",NA,"",NA,37.817,1.337,4246.461,25.949,NA,NA,-1522.439,1046.022,-3823.669,1,"KelliiWood",0,"N/A",2018,"SSEO_2",45,NA,2,NA,NA,NA,"rockfish","quillback",147,147,1,"","","","",NA
"28","SL_2018SSEO_Dive_02_10-28-44.000.avi",12792,"35:54.4",NA,"",NA,34.366,1.028,4217.637,13.513,NA,NA,-447.534,857.407,-4105.244,1,"KelliiWood",0,"N/A",2018,"SSEO_2",45,NA,2,NA,NA,NA,"rockfish","quillback",147,147,5,"","","","",NA
"29","SL_2018SSEO_Dive_02_10-28-44.000.avi",28033,"44:22.4",NA,"",NA,20.318,2.129,3148.76,24.413,NA,NA,1245.948,361.499,-2869.08,1,"KelliiWood",0,"N/A",2018,"SSEO_2",45,NA,2,NA,NA,NA,"rockfish","quillback",147,147,8,"","","","",NA
"30","SL_2018SSEO_Dive_02_10-28-44.000.avi",28181,"44:27.4",NA,"",NA,66.777,0.77,5608.782,27.791,NA,NA,2071.198,1571.544,-4969.791,1,"KelliiWood",0,"N/A",2018,"SSEO_2",45,NA,2,NA,NA,NA,"rockfish","quillback",147,147,9,"","","","",NA
"31","SL_2018SSEO_Dive_02_10-28-44.000.avi",30680,"45:50.7",NA,"",NA,34.398,2.445,4395.917,9.126,NA,NA,-58.169,672.948,-4343.714,1,"KelliiWood",0,"N/A",2018,"SSEO_2",45,NA,2,NA,NA,NA,"rockfish","quillback",147,147,11,"","","","",NA
"32","SL_2018SSEO_Dive_02_10-28-44.000.avi",31489,"46:17.6",NA,"",NA,49.328,0.471,4977.454,18.704,NA,NA,502.643,1491.217,-4722.147,1,"KelliiWood",0,"N/A",2018,"SSEO_2",45,NA,2,NA,NA,NA,"rockfish","quillback",147,147,13,"","","","",NA
"33","SL_2018SSEO_Dive_02_10-28-44.000.avi",32697,"46:57.9",NA,"",NA,35.514,0.23,4428.289,34.909,NA,NA,-2216.446,1210.281,-3637.627,1,"KelliiWood",0,"N/A",2018,"SSEO_2",45,NA,2,NA,NA,NA,"rockfish","quillback",147,147,15,"","","","",NA
"34","SL_2018SSEO_Dive_02_10-28-44.000.avi",38394,"50:07.8",NA,"",NA,60.401,1.59,5457.975,29.575,NA,NA,-2315.645,1352.494,-4753.74,1,"KelliiWood",0,"N/A",2018,"SSEO_2",45,NA,2,NA,NA,NA,"rockfish","quillback",147,147,16,"","","","",NA
"35","SL_2018SSEO_Dive_02_10-28-44.000.avi",49528,"56:18.9",NA,"",NA,38.73,1.949,4305.562,19.586,NA,NA,1013.694,1006.999,-4061.557,1,"KelliiWood",0,"N/A",2018,"SSEO_2",45,NA,2,NA,NA,NA,"rockfish","quillback",147,147,17,"","","","",NA
"36","SL_2018SSEO_Dive_02_10-28-44.000.avi",56759,"00:20.0",NA,"",NA,47.509,0.377,4924.521,14.032,NA,NA,-689.488,950.781,-4782.418,1,"KelliiWood",0,"N/A",2018,"SSEO_2",45,NA,2,NA,NA,NA,"rockfish","quillback",147,147,19,"","","","",NA
"37","SL_2018SSEO_Dive_02_10-28-44.000.avi",63473,"04:03.8",NA,"",NA,45.363,1.815,4661.387,20.176,NA,NA,985.453,1248.293,-4381.686,1,"KelliiWood",0,"N/A",2018,"SSEO_2",45,NA,2,NA,NA,NA,"rockfish","quillback",147,147,20,"","","","",NA
"38","SL_2018SSEO_Dive_02_10-28-44.000.avi",10205,"34:28.2",NA,"",NA,57.038,0.879,5427.706,33.669,NA,NA,2654.272,1394.735,-4524.328,1,"KelliiWood",0,"N/A",2018,"SSEO_2",45,NA,2,NA,NA,NA,"rockfish","rosethorn",150,150,3,"","","","",NA
"39","SL_2018SSEO_Dive_02_10-28-44.000.avi",30771,"45:53.7",NA,"",NA,33.198,0.473,4288.136,7.897,NA,NA,342.981,457.604,-4249.832,1,"KelliiWood",0,"N/A",2018,"SSEO_2",45,NA,2,NA,NA,NA,"rockfish","rosethorn",150,150,12,"","","","",NA
"40","SL_2018SSEO_Dive_02_10-28-44.000.avi",24077,"42:10.6",NA,"",NA,13.659,1.377,2630.228,30.346,NA,NA,1271.224,-398.543,-2267.874,1,"KelliiWood",0,"N/A",2018,"SSEO_2",45,NA,2,NA,NA,NA,"rockfish","silvergray",157,157,6,"","","","",NA
"41","SL_2018SSEO_Dive_02_10-28-44.000.avi",54537,"59:05.9",NA,"",NA,36.995,0.752,4269.991,25.805,NA,NA,-1741.15,631.263,-3847.431,1,"KelliiWood",0,"N/A",2018,"SSEO_2",45,NA,2,NA,NA,NA,"rockfish","dusky",172,172,18,"","","","",NA
"42","SL_2018SSEO_Dive_02_10-28-44.000.avi",7938,"33:12.6",NA,"",NA,7.875,1.203,2018.227,13.271,NA,NA,70.727,-467.742,-1962.003,1,"KelliiWood",0,"N/A",2018,"SSEO_2",45,NA,2,NA,NA,NA,"rockfish","quillback",NA,NA,2,"","","","",NA
"43","SL_2018SSEO_Dive_03_12-02-36.000.avi",7228,"06:43.9",NA,"",NA,47.262,1.045,4787.589,18.113,NA,NA,-966.164,-1155.113,-4544.585,1,"KelliiWood",0,"N/A",2018,"SSEO_3",46,NA,3,NA,NA,NA,"greenling","lingcod",130,130,11,"","","","NO LENGTH, not clear image",NA
"44","SL_2018SSEO_Dive_03_12-02-36.000.avi",6491,"06:19.4",NA,"",NA,58.264,1.018,5249.172,24.927,NA,NA,-1523.747,1579.943,-4768.206,1,"KelliiWood",0,"N/A",2018,"SSEO_3",46,NA,3,NA,NA,NA,"rockfish","black",142,142,4,"","","","",NA
"45","SL_2018SSEO_Dive_03_12-02-36.000.avi",7338,"06:47.6",NA,"",420.733,80.302,2.065,4360.808,27.212,51.097,10.996,-1918.847,-542.659,-3878.168,1,"KelliiWood",0,"N/A",2018,"SSEO_3",46,NA,3,NA,NA,NA,"rockfish","black",142,142,13,"","","","",NA
"46","SL_2018SSEO_Dive_03_12-02-36.000.avi",7338,"06:47.6",NA,"",557.378,142.119,4.111,5882.189,18.601,47.152,25.371,-1493.441,1135.843,-5574.911,1,"KelliiWood",0,"N/A",2018,"SSEO_3",46,NA,3,NA,NA,NA,"rockfish","black",142,142,15,"","","","",NA
"47","SL_2018SSEO_Dive_03_12-02-36.000.avi",7338,"06:47.6",NA,"",415.561,61.68,3.72,5379.483,29.437,20.157,54.517,-1918.05,1819.652,-4684.953,1,"KelliiWood",0,"N/A",2018,"SSEO_3",46,NA,3,NA,NA,NA,"rockfish","black",142,142,16,"","","","",NA
"48","SL_2018SSEO_Dive_03_12-02-36.000.avi",7338,"06:47.6",NA,"",NA,52.999,1.709,5460.494,7.516,NA,NA,318.254,612.201,-5416.726,1,"KelliiWood",0,"N/A",2018,"SSEO_3",46,NA,3,NA,NA,NA,"rockfish","black",142,142,12,"","","","",NA
"49","SL_2018SSEO_Dive_03_12-02-36.000.avi",7338,"06:47.6",NA,"",NA,26.689,0.962,3719.77,12.298,NA,NA,-628.598,464.014,-3636.79,1,"KelliiWood",0,"N/A",2018,"SSEO_3",46,NA,3,NA,NA,NA,"rockfish","black",142,142,14,"","","","",NA
"50","SL_2018SSEO_Dive_03_12-02-36.000.avi",7338,"06:47.6",NA,"",NA,53.937,4.819,5194.884,18.166,NA,NA,-1520.643,532.555,-4938.71,1,"KelliiWood",0,"N/A",2018,"SSEO_3",46,NA,3,NA,NA,NA,"rockfish","black",142,142,17,"","","","",NA
"51","SL_2018SSEO_Dive_03_12-02-36.000.avi",7338,"06:47.6",NA,"",NA,66.357,2.012,5647.937,24.001,NA,NA,-2007.328,1091.193,-5165.184,1,"KelliiWood",0,"N/A",2018,"SSEO_3",46,NA,3,NA,NA,NA,"rockfish","black",142,142,18,"","","","",NA
"52","SL_2018SSEO_Dive_03_12-02-36.000.avi",7371,"06:48.7",NA,"",NA,36.765,0.951,4443.14,27.887,NA,NA,-2077.593,-68.299,-3926.886,1,"KelliiWood",0,"N/A",2018,"SSEO_3",46,NA,3,NA,NA,NA,"rockfish","black",142,142,19,"","","","",NA
"53","SL_2018SSEO_Dive_03_12-02-36.000.avi",7633,"06:57.4",NA,"",496.847,4.727,3.372,1785.247,9.231,12.153,36.686,147.151,245.695,-1762.126,1,"KelliiWood",0,"N/A",2018,"SSEO_3",46,NA,3,NA,NA,NA,"rockfish","black",142,142,20,"","Attracted","","",NA
"54","SL_2018SSEO_Dive_03_12-02-36.000.avi",7633,"06:57.4",NA,"",501.961,8.999,1.504,2710.487,18.04,6.856,58.646,834.639,-89.174,-2577.24,1,"KelliiWood",0,"N/A",2018,"SSEO_3",46,NA,3,NA,NA,NA,"rockfish","black",142,142,21,"","","","",NA
"55","SL_2018SSEO_Dive_03_12-02-36.000.avi",7633,"06:57.4",NA,"",385.212,42.821,2.838,4095.39,15.525,23.133,28.294,-1094.305,-63.484,-3945.971,1,"KelliiWood",0,"N/A",2018,"SSEO_3",46,NA,3,NA,NA,NA,"rockfish","black",142,142,22,"","","","",NA
"56","SL_2018SSEO_Dive_03_12-02-36.000.avi",7633,"06:57.4",NA,"",NA,58.921,0.871,5489.218,25.545,NA,NA,-2327.266,407.475,-4954.727,1,"KelliiWood",0,"N/A",2018,"SSEO_3",46,NA,3,NA,NA,NA,"rockfish","black",142,142,23,"","","","",NA
"57","SL_2018SSEO_Dive_03_12-02-36.000.avi",7781,"07:02.4",NA,"",NA,11.283,0.298,2462.467,28.954,NA,NA,-1190.355,53.89,-2154.97,1,"KelliiWood",0,"N/A",2018,"SSEO_3",46,NA,3,NA,NA,NA,"rockfish","black",142,142,24,"","","","",NA
"58","SL_2018SSEO_Dive_03_12-02-36.000.avi",10246,"08:24.5",NA,"",NA,51.243,0.26,4907.266,23.153,NA,NA,1316.496,1387.8,-4519.083,1,"KelliiWood",0,"N/A",2018,"SSEO_3",46,NA,3,NA,NA,NA,"rockfish","black",142,142,25,"","","","",NA
"59","SL_2018SSEO_Dive_03_12-02-36.000.avi",43794,"27:02.8",NA,"",531.844,30.178,1.217,2814.168,17.624,50.125,37.895,-850.423,-52.407,-2682.084,1,"KelliiWood",0,"N/A",2018,"SSEO_3",46,NA,3,NA,NA,NA,"rockfish","black",142,142,30,"","Fish resting on bottom","","",NA
"60","SL_2018SSEO_Dive_03_12-02-36.000.avi",44968,"27:41.9",NA,"",510.793,3.599,0.686,1408.321,20.712,11.479,15.265,141.323,-477.603,-1317.305,1,"KelliiWood",0,"N/A",2018,"SSEO_3",46,NA,3,NA,NA,NA,"rockfish","black",142,142,31,"","Attracted","","",NA
"61","SL_2018SSEO_Dive_03_12-02-36.000.avi",54258,"32:51.6",NA,"",513.352,6.777,2.862,1800.615,28.467,0.047,33.454,-671.25,-534.845,-1582.902,1,"KelliiWood",0,"N/A",2018,"SSEO_3",46,NA,3,NA,NA,NA,"rockfish","black",142,142,49,"","Fish actively swimming in frame","","",NA
"62","SL_2018SSEO_Dive_03_12-02-36.000.avi",56518,"34:06.9",NA,"",482.54,22.288,3.074,3712.801,12.936,7.93,16.54,796.274,238.311,-3618.57,1,"KelliiWood",0,"N/A",2018,"SSEO_3",46,NA,3,NA,NA,NA,"rockfish","black",142,142,53,"","Fish resting on bottom","","",NA
"63","SL_2018SSEO_Dive_03_12-02-36.000.avi",6952,"06:34.7",NA,"",634.522,143.729,3.684,6901.2,16.764,35.758,37.911,-1348.105,1464.528,-6607.899,1,"KelliiWood",0,"N/A",2018,"SSEO_3",46,NA,3,NA,NA,NA,"rockfish","yelloweye",145,145,9,"AD","Fish milling/hovering","","",NA
"64","SL_2018SSEO_Dive_03_12-02-36.000.avi",45937,"28:14.2",NA,"",NA,26.358,0.154,3852.023,8.641,NA,NA,-28.415,558.882,-3811.158,1,"KelliiWood",0,"N/A",2018,"SSEO_3",46,NA,3,NA,NA,NA,"rockfish","yelloweye",145,145,32,"AD","Feeding","","NO LENGTH, 1/2 body in rocks",NA
"65","SL_2018SSEO_Dive_03_12-02-36.000.avi",46353,"28:28.1",NA,"",NA,22.216,0.388,3279.562,29.925,NA,NA,1413.319,809.849,-2846.437,1,"KelliiWood",0,"N/A",2018,"SSEO_3",46,NA,3,NA,NA,NA,"rockfish","yelloweye",145,145,33,"JV","Fish actively swimming in frame","","NO LENGTH, 1/2 body seen",NA
"66","SL_2018SSEO_Dive_03_12-02-36.000.avi",46901,"28:46.4",NA,"",278.227,48.204,2.358,3670.595,12.079,34.984,9.578,-303.111,-705.773,-3589.329,1,"KelliiWood",0,"N/A",2018,"SSEO_3",46,NA,3,NA,NA,NA,"rockfish","yelloweye",145,145,32,"JV","Fish resting on bottom","","",NA
"67","SL_2018SSEO_Dive_03_12-02-36.000.avi",47403,"29:03.1",NA,"",NA,73.662,1.401,6130.367,16.585,NA,NA,1696.859,397.763,-5877.402,1,"KelliiWood",0,"N/A",2018,"SSEO_3",46,NA,3,NA,NA,NA,"rockfish","yelloweye",145,145,35,"AD","Fish resting on bottom","","NO LENGTH, 1/2 body in rocks",NA
"68","SL_2018SSEO_Dive_03_12-02-36.000.avi",48448,"29:37.9",NA,"",NA,76.821,1.36,6032.531,23.694,NA,NA,-1679.058,1720.664,-5532.767,1,"KelliiWood",0,"N/A",2018,"SSEO_3",46,NA,3,NA,NA,NA,"rockfish","yelloweye",145,145,37,"AD","Attracted","","NO LENGTH, coming toward cam",NA
"69","SL_2018SSEO_Dive_03_12-02-36.000.avi",50073,"30:32.1",NA,"",671.215,44.771,1.402,4086.852,14.173,30.573,38.191,44.392,999.68,-3962.452,1,"KelliiWood",0,"N/A",2018,"SSEO_3",46,NA,3,NA,NA,NA,"rockfish","yelloweye",145,145,44,"AD","Feeding","","",NA
"70","SL_2018SSEO_Dive_03_12-02-36.000.avi",53786,"32:35.9",NA,"",472.996,116.157,3.027,4618.851,3.794,57.101,6.309,213.212,-218.927,-4608.731,1,"KelliiWood",0,"N/A",2018,"SSEO_3",46,NA,3,NA,NA,NA,"rockfish","yelloweye",145,145,47,"SU","Feeding","","",NA
"71","SL_2018SSEO_Dive_03_12-02-36.000.avi",64868,"38:45.3",NA,"",NA,26.774,0.589,3570.981,26.659,NA,NA,1434.793,-729.095,-3187.741,1,"KelliiWood",0,"N/A",2018,"SSEO_3",46,NA,3,NA,NA,NA,"rockfish","yelloweye",145,145,57,"JV","Fish resting on bottom","","NO LENGTH, 1/2 body shown",NA
"72","SL_2018SSEO_Dive_03_12-02-36.000.avi",4861,"05:25.0",NA,"",NA,95.169,0.335,6935.363,23.554,NA,NA,527.129,2688.874,-6371.134,1,"KelliiWood",0,"N/A",2018,"SSEO_3",46,NA,3,NA,NA,NA,"rockfish","canary",146,146,1,"","","","",NA
"73","SL_2018SSEO_Dive_03_12-02-36.000.avi",4861,"05:25.0",NA,"",NA,100.812,0.116,6989.516,26.381,NA,NA,1165.336,2847.254,-6276.023,1,"KelliiWood",0,"N/A",2018,"SSEO_3",46,NA,3,NA,NA,NA,"rockfish","canary",146,146,2,"","","","",NA
"74","SL_2018SSEO_Dive_03_12-02-36.000.avi",37636,"23:37.5",NA,"",NA,23.382,1.435,3374.28,22.159,NA,NA,-1198.324,-444.439,-3122.86,1,"KelliiWood",0,"N/A",2018,"SSEO_3",46,NA,3,NA,NA,NA,"rockfish","quillback",147,147,26,"","","","",NA
"75","SL_2018SSEO_Dive_03_12-02-36.000.avi",37636,"23:37.5",NA,"",NA,40.492,0.351,4571.431,12.835,NA,NA,-812.624,586.517,-4460.227,1,"KelliiWood",0,"N/A",2018,"SSEO_3",46,NA,3,NA,NA,NA,"rockfish","quillback",147,147,27,"","","","",NA
"76","SL_2018SSEO_Dive_03_12-02-36.000.avi",43460,"26:51.7",NA,"",NA,11.789,0.567,2490.535,11.603,NA,NA,-472.661,153.586,-2440.444,1,"KelliiWood",0,"N/A",2018,"SSEO_3",46,NA,3,NA,NA,NA,"rockfish","quillback",147,147,29,"","","","",NA
"77","SL_2018SSEO_Dive_03_12-02-36.000.avi",50296,"30:39.5",NA,"",NA,73.478,2.418,5910.485,26.989,NA,NA,-2014.494,1744.524,-5275.631,1,"KelliiWood",0,"N/A",2018,"SSEO_3",46,NA,3,NA,NA,NA,"rockfish","quillback",147,147,46,"","","","",NA
"78","SL_2018SSEO_Dive_03_12-02-36.000.avi",54061,"32:45.0",NA,"",NA,28.049,0.371,3680.736,26.252,NA,NA,-1432.712,756.64,-3304.944,1,"KelliiWood",0,"N/A",2018,"SSEO_3",46,NA,3,NA,NA,NA,"rockfish","quillback",147,147,48,"AD","","","",NA
"79","SL_2018SSEO_Dive_03_12-02-36.000.avi",60565,"36:21.8",NA,"",NA,34.903,0.612,4191.36,18.52,NA,NA,-1279.192,348.796,-3976.117,1,"KelliiWood",0,"N/A",2018,"SSEO_3",46,NA,3,NA,NA,NA,"rockfish","quillback",147,147,55,"","","","",NA
"80","SL_2018SSEO_Dive_03_12-02-36.000.avi",64170,"38:22.0",NA,"",NA,27.704,0.574,3758.942,26.372,NA,NA,-1645.195,-302.012,-3366.269,1,"KelliiWood",0,"N/A",2018,"SSEO_3",46,NA,3,NA,NA,NA,"rockfish","quillback",147,147,56,"","","","",NA
"81","SL_2018SSEO_Dive_03_12-02-36.000.avi",6491,"06:19.4",NA,"",NA,51.911,0.557,5035.097,22.78,NA,NA,-752.365,1775.16,-4651.339,1,"KelliiWood",0,"N/A",2018,"SSEO_3",46,NA,3,NA,NA,NA,"rockfish","tiger",148,148,3,"","","","",NA
"82","SL_2018SSEO_Dive_03_12-02-36.000.avi",6491,"06:19.4",NA,"",NA,23.833,0.476,3543.935,32.245,NA,NA,-1732.055,743.29,-3001.164,1,"KelliiWood",0,"N/A",2018,"SSEO_3",46,NA,3,NA,NA,NA,"rockfish","dusky",172,172,5,"","","","",NA
"83","SL_2018SSEO_Dive_03_12-02-36.000.avi",6811,"06:30.0",NA,"",NA,18.499,1.443,3168.754,10.197,NA,NA,-160.379,521.822,-3121.375,1,"KelliiWood",0,"N/A",2018,"SSEO_3",46,NA,3,NA,NA,NA,"rockfish","dusky",172,172,6,"","","","",NA
"84","SL_2018SSEO_Dive_03_12-02-36.000.avi",6952,"06:34.7",NA,"",NA,31.657,1.428,4119.773,10.109,NA,NA,-422.74,566.257,-4058.716,1,"KelliiWood",0,"N/A",2018,"SSEO_3",46,NA,3,NA,NA,NA,"rockfish","dusky",172,172,8,"","","","",NA
"85","SL_2018SSEO_Dive_03_12-02-36.000.avi",6952,"06:34.7",NA,"",NA,15.322,5.131,2721.434,26.25,NA,NA,-1083.136,-537.246,-2438.111,1,"KelliiWood",0,"N/A",2018,"SSEO_3",46,NA,3,NA,NA,NA,"rockfish","dusky",172,172,10,"","","","",NA
"86","SL_2018SSEO_Dive_03_12-02-36.000.avi",47290,"28:59.3",NA,"",NA,83.353,0.61,6521.585,14.385,NA,NA,1460.676,669.295,-6320.565,1,"KelliiWood",0,"N/A",2018,"SSEO_3",46,NA,3,NA,NA,NA,"rockfish","dusky",172,172,34,"","","","",NA
"87","SL_2018SSEO_Dive_03_12-02-36.000.avi",47999,"29:23.0",NA,"",NA,13.695,1.111,2618.86,29.5,NA,NA,1234.27,-385.075,-2277.438,1,"KelliiWood",0,"N/A",2018,"SSEO_3",46,NA,3,NA,NA,NA,"rockfish","dusky",172,172,36,"","","","",NA
"88","SL_2018SSEO_Dive_03_12-02-36.000.avi",48759,"29:48.3",NA,"",NA,43.178,3.053,4780.961,12.105,NA,NA,381.955,903.446,-4679.261,1,"KelliiWood",0,"N/A",2018,"SSEO_3",46,NA,3,NA,NA,NA,"rockfish","dusky",172,172,38,"","","","",NA
"89","SL_2018SSEO_Dive_03_12-02-36.000.avi",48759,"29:48.3",NA,"",NA,68.906,0.421,6053.015,11.137,NA,NA,582.454,983.88,-5944.049,1,"KelliiWood",0,"N/A",2018,"SSEO_3",46,NA,3,NA,NA,NA,"rockfish","dusky",172,172,39,"","","","",NA
"90","SL_2018SSEO_Dive_03_12-02-36.000.avi",48759,"29:48.3",NA,"",NA,79.331,0.618,6166.267,24.942,NA,NA,2372.93,1035.263,-5596.453,1,"KelliiWood",0,"N/A",2018,"SSEO_3",46,NA,3,NA,NA,NA,"rockfish","dusky",172,172,40,"","","","",NA
"91","SL_2018SSEO_Dive_03_12-02-36.000.avi",48825,"29:50.5",NA,"",NA,29.455,3.801,3802.951,19.276,NA,NA,1176.331,420.502,-3591.916,1,"KelliiWood",0,"N/A",2018,"SSEO_3",46,NA,3,NA,NA,NA,"rockfish","dusky",172,172,41,"","","","",NA
"92","SL_2018SSEO_Dive_03_12-02-36.000.avi",48936,"29:54.2",NA,"",NA,48.035,0.181,5109.906,30.764,NA,NA,2604.557,196.938,-4391.883,1,"KelliiWood",0,"N/A",2018,"SSEO_3",46,NA,3,NA,NA,NA,"rockfish","dusky",172,172,42,"","","","",NA
"93","SL_2018SSEO_Dive_03_12-02-36.000.avi",49183,"30:02.4",NA,"",NA,63.49,0.438,5561.228,27.11,NA,NA,879.644,2351.739,-4962.137,1,"KelliiWood",0,"N/A",2018,"SSEO_3",46,NA,3,NA,NA,NA,"rockfish","dusky",172,172,43,"","","","",NA
"94","SL_2018SSEO_Dive_03_12-02-36.000.avi",50196,"30:36.2",NA,"",NA,61.67,1.932,5775.591,34.579,NA,NA,-2787.246,1701.11,-4763.92,1,"KelliiWood",0,"N/A",2018,"SSEO_3",46,NA,3,NA,NA,NA,"rockfish","dusky",172,172,45,"","","","",NA
"95","SL_2018SSEO_Dive_03_12-02-36.000.avi",55135,"33:20.8",NA,"",NA,28.709,0.166,3899.63,16.306,NA,NA,40.558,1075.266,-3748.236,1,"KelliiWood",0,"N/A",2018,"SSEO_3",46,NA,3,NA,NA,NA,"rockfish","dusky",172,172,50,"","","","",NA
"96","SL_2018SSEO_Dive_03_12-02-36.000.avi",56001,"33:49.7",NA,"",NA,48.659,0.53,4803.418,22.693,NA,NA,1063.711,1495.108,-4439.143,1,"KelliiWood",0,"N/A",2018,"SSEO_3",46,NA,3,NA,NA,NA,"rockfish","dusky",172,172,51,"","","","",NA
"97","SL_2018SSEO_Dive_03_12-02-36.000.avi",56319,"34:00.3",NA,"",NA,12.275,2.324,2562.318,10.746,NA,NA,475.944,28.871,-2517.561,1,"KelliiWood",0,"N/A",2018,"SSEO_3",46,NA,3,NA,NA,NA,"rockfish","dusky",172,172,52,"","","","",NA
"98","SL_2018SSEO_Dive_03_12-02-36.000.avi",58582,"35:15.7",NA,"",NA,33.618,0.708,3967.172,25.057,NA,NA,1310.416,1033.467,-3599.057,1,"KelliiWood",0,"N/A",2018,"SSEO_3",46,NA,3,NA,NA,NA,"rockfish","dusky",172,172,54,"","","","",NA
"99","SL_2018SSEO_Dive_03_12-02-36.000.avi",38884,"24:19.1",NA,"",1222.809,10.644,1.223,2367.706,13.796,1.272,16.779,379.441,418.084,-2299.405,1,"KelliiWood",0,"N/A",2018,"SSEO_3",46,NA,3,NA,NA,NA,"halibut","halibut",200,200,28,"","","","",NA
"100","SL_2018SSEO_Dive_04_13-18-19.000.avi",65158,"55:13.9",NA,"",392.72,28.703,0.463,2375.883,16.289,62.844,22.606,-329.895,-579.024,-2280.508,1,"KelliiWood",0,"N/A",2018,"SSEO_4",47,NA,4,NA,NA,NA,"cod","Pacific cod",110,110,11,"","","","",NA
"101","SL_2018SSEO_Dive_04_13-18-19.000.avi",698,"19:25.3",NA,"",286.017,64.993,2.077,3900.221,25.19,45.124,0.225,1646.647,-210.431,-3529.305,1,"KelliiWood",0,"N/A",2018,"SSEO_4",47,NA,4,NA,NA,NA,"rockfish","yelloweye",145,145,1,"JV","Fish resting on bottom","","",NA
"102","SL_2018SSEO_Dive_04_13-18-19.000.avi",2326,"20:19.5",NA,"",167.089,12.24,2.702,2993.103,22.208,4.583,30.087,-362.669,-1071.6,-2771.066,1,"KelliiWood",0,"N/A",2018,"SSEO_4",47,NA,4,NA,NA,NA,"rockfish","yelloweye",145,145,2,"JV","Fish resting on bottom","","",NA
"103","SL_2018SSEO_Dive_04_13-18-19.000.avi",3117,"20:45.9",NA,"",634.156,86.271,3.221,4895.522,10.299,43.491,36.447,-873.013,62.631,-4816.644,1,"KelliiWood",0,"N/A",2018,"SSEO_4",47,NA,4,NA,NA,NA,"rockfish","yelloweye",145,145,3,"AD","Fish resting on bottom","","",NA
"104","SL_2018SSEO_Dive_04_13-18-19.000.avi",4360,"21:27.3",NA,"",284.776,70.718,1.126,4671.079,10.703,30.642,0.03,-259.39,827.785,-4589.822,1,"KelliiWood",0,"N/A",2018,"SSEO_4",47,NA,4,NA,NA,NA,"rockfish","yelloweye",145,145,4,"JV","Fish resting on bottom","","",NA
"105","SL_2018SSEO_Dive_04_13-18-19.000.avi",9206,"24:08.9",NA,"",134.842,8.289,1.769,2881.142,8.352,4.615,17.794,374.284,-187.192,-2850.588,1,"KelliiWood",0,"N/A",2018,"SSEO_4",47,NA,4,NA,NA,NA,"rockfish","yelloweye",145,145,5,"JV","Fish resting on bottom","","",NA
"106","SL_2018SSEO_Dive_04_13-18-19.000.avi",18512,"29:19.1",NA,"",506.833,59.065,7.661,5235.529,27.019,11.084,19.406,-1781.55,1575.724,-4664.111,1,"KelliiWood",0,"N/A",2018,"SSEO_4",47,NA,4,NA,NA,NA,"halibut","halibut",200,200,7,"","","","",NA
"107","SL_2018SSEO_Dive_04_13-18-19.000.avi",40082,"41:18.1",NA,"",513.567,84.149,3.192,4312.047,23.891,51.587,9.736,1454.357,966.835,-3942.566,1,"KelliiWood",0,"N/A",2018,"SSEO_4",47,NA,4,NA,NA,NA,"halibut","halibut",200,200,9,"","","","",NA
"108","SL_2018SSEO_Dive_04_13-18-19.000.avi",9644,"24:23.5",NA,"",632.631,28.979,2.133,3573.095,30.391,7.745,2.25,-1447.881,1082.174,-3082.134,1,"KelliiWood",0,"N/A",2018,"SSEO_4",47,NA,4,NA,NA,NA,"salmon","Chinook",410,410,6,"","","","",NA
"109","SL_2018SSEO_Dive_04_13-18-19.000.avi",48352,"45:53.7",NA,"",NA,6.331,0.002,1738.423,18.794,NA,NA,302.399,-479.673,-1643.345,1,"KelliiWood",0,"N/A",2018,"SSEO_4",47,NA,4,NA,NA,NA,"skate","longnose skate",701,701,10,"","","","",NA
"110","SL_2018SSEO_Dive_04_13-18-19.000.avi",21647,"31:03.6",NA,"",354.407,10.415,0.655,1762.29,21.637,31.073,8.833,-502.146,-412.407,-1638.119,1,"KelliiWood",0,"N/A",2018,"SSEO_4",47,NA,4,NA,NA,NA,"sablefish","sablefish",710,710,8,"","","","",NA
"111","SL_2018SSEO_Dive_05_14-55-21.000.avi",47844,"21:58.8",NA,"7:21:59",450.427,68.254,1.632,5082.708,15.92,35.658,46.855,-1341.969,377.816,-4887.77,1,"KelliiWood",0,"N/A",2018,"SSEO_5",48,NA,5,NA,NA,NA,"greenling","lingcod",130,130,23,"","","","",NA
"112","SL_2018SSEO_Dive_05_14-55-21.000.avi",68103,"33:14.1",NA,"7:33:14",500.364,60.489,4.25,3881.158,17.158,47.767,31.175,1021.754,516.661,-3708.432,1,"KelliiWood",0,"N/A",2018,"SSEO_5",48,NA,5,NA,NA,NA,"rockfish","black",142,142,61,"","","","",NA
"113","SL_2018SSEO_Dive_05_14-55-21.000.avi",35311,"15:01.0",NA,"7:15:01",219.096,34.511,1.955,3354.371,27.408,19.679,9.799,1541.777,84.165,-2977.858,1,"KelliiWood",0,"N/A",2018,"SSEO_5",48,NA,5,NA,NA,NA,"rockfish","yelloweye",145,145,3,"JV","Fish resting on bottom","","",NA
"114","SL_2018SSEO_Dive_05_14-55-21.000.avi",42207,"18:50.9",NA,"7:18:51",363.853,82.253,1.647,5540.337,27.863,9.59,3.089,-2502.01,666.846,-4898.02,1,"KelliiWood",0,"N/A",2018,"SSEO_5",48,NA,5,NA,NA,NA,"rockfish","yelloweye",145,145,8,"SU","Fish milling/hovering","","",NA
"115","SL_2018SSEO_Dive_05_14-55-21.000.avi",42224,"18:51.5",NA,"7:18:51",139.929,40.008,0.641,3786.135,19.639,25.344,27.959,-1270.591,-69.445,-3565.893,1,"KelliiWood",0,"N/A",2018,"SSEO_5",48,NA,5,NA,NA,NA,"rockfish","yelloweye",145,145,9,"JV","Fish actively swimming in frame","","",NA
"116","SL_2018SSEO_Dive_05_14-55-21.000.avi",42892,"19:13.7",NA,"7:19:14",260.549,85.079,0.596,4274.535,16.623,50.053,12.647,910.385,816.422,-4095.888,1,"KelliiWood",0,"N/A",2018,"SSEO_5",48,NA,5,NA,NA,NA,"rockfish","yelloweye",145,145,10,"JV","Fish milling/hovering","","",NA
"117","SL_2018SSEO_Dive_05_14-55-21.000.avi",44532,"20:08.4",NA,"7:20:08",NA,28.206,1.037,3791.33,22.856,NA,NA,1472.32,9.287,-3493.762,1,"KelliiWood",0,"N/A",2018,"SSEO_5",48,NA,5,NA,NA,NA,"rockfish","yelloweye",145,145,13,"AD","Fish resting on bottom","","NO LENGTH, fish behind rock",NA
"118","SL_2018SSEO_Dive_05_14-55-21.000.avi",45552,"20:42.4",NA,"7:20:42",584.901,102.093,1.314,5683.905,28.729,25.204,10.143,-2709.827,347.813,-4984.24,1,"KelliiWood",0,"N/A",2018,"SSEO_5",48,NA,5,NA,NA,NA,"rockfish","yelloweye",145,145,15,"AD","Feeding","","",NA
"119","SL_2018SSEO_Dive_05_14-55-21.000.avi",45763,"20:49.4",NA,"7:20:49",98.096,26.732,0.406,2738.246,26.846,45.965,32.833,1233.001,94.065,-2443.123,1,"KelliiWood",0,"N/A",2018,"SSEO_5",48,NA,5,NA,NA,NA,"rockfish","yelloweye",145,145,17,"JV","Fish resting on bottom","","",NA
"120","SL_2018SSEO_Dive_05_14-55-21.000.avi",45817,"20:51.2",NA,"7:20:51",145.601,8.823,0.213,2274.752,15.237,9.563,1.758,471.364,-367.722,-2194.788,1,"KelliiWood",0,"N/A",2018,"SSEO_5",48,NA,5,NA,NA,NA,"rockfish","yelloweye",145,145,18,"JV","Fish resting on bottom","","",NA
"121","SL_2018SSEO_Dive_05_14-55-21.000.avi",46603,"21:17.4",NA,"7:21:17",379.539,76.106,1.348,4235.711,24.175,47.778,15.381,-1725.147,181.289,-3864.228,1,"KelliiWood",0,"N/A",2018,"SSEO_5",48,NA,5,NA,NA,NA,"rockfish","yelloweye",145,145,19,"JV","Fish resting on bottom","","",NA
"122","SL_2018SSEO_Dive_05_14-55-21.000.avi",47434,"21:45.1",NA,"7:21:45",201.975,69.291,2.156,4311.846,6.495,34.637,1.548,486.9,-27.982,-4284.175,1,"KelliiWood",0,"N/A",2018,"SSEO_5",48,NA,5,NA,NA,NA,"rockfish","yelloweye",145,145,20,"JV","Fish milling/hovering","","",NA
"123","SL_2018SSEO_Dive_05_14-55-21.000.avi",47601,"21:50.7",NA,"7:21:51",567.218,59.649,1.598,5860.631,12.679,15.491,16.437,483.035,1192.207,-5717.72,1,"KelliiWood",0,"N/A",2018,"SSEO_5",48,NA,5,NA,NA,NA,"rockfish","yelloweye",145,145,21,"AD","Fish milling/hovering","","",NA
"124","SL_2018SSEO_Dive_05_14-55-21.000.avi",47667,"21:52.9",NA,"7:21:53",171.322,4.629,0.334,2392.188,17.393,3.357,12.838,181.571,-691.664,-2282.805,1,"KelliiWood",0,"N/A",2018,"SSEO_5",48,NA,5,NA,NA,NA,"rockfish","yelloweye",145,145,22,"JV","Fish moving quickly into frame","","",NA
"125","SL_2018SSEO_Dive_05_14-55-21.000.avi",48121,"22:08.0",NA,"7:22:08",280.145,44.02,1.038,3252.857,25.33,49.932,16.24,-1139.212,-799.327,-2940.128,1,"KelliiWood",0,"N/A",2018,"SSEO_5",48,NA,5,NA,NA,NA,"rockfish","yelloweye",145,145,24,"JV","Fish milling/hovering","","",NA
"126","SL_2018SSEO_Dive_05_14-55-21.000.avi",48599,"22:24.0",NA,"7:22:24",253.624,45.509,1.083,3460.213,13.865,35.453,8.787,809.395,180.074,-3359.394,1,"KelliiWood",0,"N/A",2018,"SSEO_5",48,NA,5,NA,NA,NA,"rockfish","yelloweye",145,145,25,"JV","Fish milling/hovering","","",NA
"127","SL_2018SSEO_Dive_05_14-55-21.000.avi",49099,"22:40.6",NA,"7:22:41",562.455,86.013,1.642,4788.725,15.119,34.115,4.054,1212.215,301.037,-4622.964,1,"KelliiWood",0,"N/A",2018,"SSEO_5",48,NA,5,NA,NA,NA,"rockfish","yelloweye",145,145,26,"AD","Fish milling/hovering","","",NA
"128","SL_2018SSEO_Dive_05_14-55-21.000.avi",49323,"22:48.1",NA,"7:22:48",392.879,108.533,0.813,5127.635,4.421,40.071,9.835,-313.63,-240.585,-5112.377,1,"KelliiWood",0,"N/A",2018,"SSEO_5",48,NA,5,NA,NA,NA,"rockfish","yelloweye",145,145,27,"SU","Fish milling/hovering","","",NA
"129","SL_2018SSEO_Dive_05_14-55-21.000.avi",49323,"22:48.1",NA,"7:22:48",NA,22.738,0.141,3366.904,28.934,NA,NA,1562.844,443.384,-2949.063,1,"KelliiWood",0,"N/A",2018,"SSEO_5",48,NA,5,NA,NA,NA,"rockfish","yelloweye",145,145,28,"AD","Attracted","","NO LENGTH, facing ROV",NA
"130","SL_2018SSEO_Dive_05_14-55-21.000.avi",50009,"23:11.0",NA,"7:23:11",373.305,49.344,0.545,3748.61,6.389,77.363,56.302,-414.837,-43.712,-3725.329,1,"KelliiWood",0,"N/A",2018,"SSEO_5",48,NA,5,NA,NA,NA,"rockfish","yelloweye",145,145,29,"SU","Fish milling/hovering","","",NA
"131","SL_2018SSEO_Dive_05_14-55-21.000.avi",50303,"23:20.8",NA,"7:23:21",297.163,63.762,3.179,4225.076,6.123,35.954,21.004,294.067,341.523,-4200.971,1,"KelliiWood",0,"N/A",2018,"SSEO_5",48,NA,5,NA,NA,NA,"rockfish","yelloweye",145,145,30,"JV","Feeding","","",NA
"132","SL_2018SSEO_Dive_05_14-55-21.000.avi",50431,"23:25.0",NA,"7:23:25",184.09,29.107,0.568,3767.361,8.18,17.994,2.235,-308.053,-438.635,-3729.037,1,"KelliiWood",0,"N/A",2018,"SSEO_5",48,NA,5,NA,NA,NA,"rockfish","yelloweye",145,145,31,"JV","Fish milling/hovering","","",NA
"133","SL_2018SSEO_Dive_05_14-55-21.000.avi",50844,"23:38.8",NA,"7:23:39",199.826,20.789,4.951,3763.137,26.395,43.204,70.838,-1626.27,-392.23,-3370.846,1,"KelliiWood",0,"N/A",2018,"SSEO_5",48,NA,5,NA,NA,NA,"rockfish","yelloweye",145,145,32,"JV","Fish resting on bottom","","",NA
"134","SL_2018SSEO_Dive_05_14-55-21.000.avi",52925,"24:48.2",NA,"7:24:48",NA,61.437,0.247,5747.475,30.719,NA,NA,-2865.392,613.384,-4944.366,1,"KelliiWood",0,"N/A",2018,"SSEO_5",48,NA,5,NA,NA,NA,"rockfish","yelloweye",145,145,33,"AD","Fish milling/hovering","","NO LENGTH, can't see all body",NA
"135","SL_2018SSEO_Dive_05_14-55-21.000.avi",53648,"25:12.3",NA,"7:25:12",139.509,30.27,1.084,3114.03,26.738,25.439,11.621,-1344.837,-392.911,-2781.045,1,"KelliiWood",0,"N/A",2018,"SSEO_5",48,NA,5,NA,NA,NA,"rockfish","yelloweye",145,145,34,"JV","Fish milling/hovering","","",NA
"136","SL_2018SSEO_Dive_05_14-55-21.000.avi",53648,"25:12.3",NA,"7:25:12",212.85,15.541,1.075,4793.223,20.089,6.068,4.252,84.827,1644.194,-4501.601,1,"KelliiWood",0,"N/A",2018,"SSEO_5",48,NA,5,NA,NA,NA,"rockfish","yelloweye",145,145,35,"JV","Fish milling/hovering","","",NA
"137","SL_2018SSEO_Dive_05_14-55-21.000.avi",53648,"25:12.3",NA,"7:25:12",242.387,85.374,0.731,4616.813,20.955,46.78,20.842,-221.92,1636.18,-4311.453,1,"KelliiWood",0,"N/A",2018,"SSEO_5",48,NA,5,NA,NA,NA,"rockfish","yelloweye",145,145,36,"JV","Fish milling/hovering","","",NA
"138","SL_2018SSEO_Dive_05_14-55-21.000.avi",54021,"25:24.7",NA,"7:25:25",432.972,111.172,2.973,5649.028,9.173,32.632,9.618,-776.217,456.614,-5576.783,1,"KelliiWood",0,"N/A",2018,"SSEO_5",48,NA,5,NA,NA,NA,"rockfish","yelloweye",145,145,37,"AD","Fish resting on bottom","","",NA
"139","SL_2018SSEO_Dive_05_14-55-21.000.avi",54021,"25:24.7",NA,"7:25:25",328.376,89.162,3.033,6901.94,15.086,14.633,18.035,1263.496,1276.903,-6664.074,1,"KelliiWood",0,"N/A",2018,"SSEO_5",48,NA,5,NA,NA,NA,"rockfish","yelloweye",145,145,38,"SU","Fish milling/hovering","","",NA
"140","SL_2018SSEO_Dive_05_14-55-21.000.avi",54213,"25:31.1",NA,"7:25:31",117.82,13.825,1.194,3888.257,8.721,2.776,28.212,-572.542,140.622,-3843.302,1,"KelliiWood",0,"N/A",2018,"SSEO_5",48,NA,5,NA,NA,NA,"rockfish","yelloweye",145,145,39,"JV","Fish resting on bottom","","",NA
"141","SL_2018SSEO_Dive_05_14-55-21.000.avi",54250,"25:32.3",NA,"7:25:32",359.611,110.299,3.032,4681.777,22.554,58.623,6.09,1783.607,207.926,-4323.72,1,"KelliiWood",0,"N/A",2018,"SSEO_5",48,NA,5,NA,NA,NA,"rockfish","yelloweye",145,145,41,"AD","Fish resting on bottom","","",NA
"142","SL_2018SSEO_Dive_05_14-55-21.000.avi",54428,"25:38.3",NA,"7:25:38",258.812,59.707,1.972,4671.562,29.152,47.221,47.32,-2241.133,-394.814,-4079.821,1,"KelliiWood",0,"N/A",2018,"SSEO_5",48,NA,5,NA,NA,NA,"rockfish","yelloweye",145,145,42,"SU","Fish resting on bottom","","",NA
"143","SL_2018SSEO_Dive_05_14-55-21.000.avi",54499,"25:40.6",NA,"7:25:41",194.348,47.208,1.458,4200.691,26.708,9.614,10.516,-1885.537,95.973,-3752.511,1,"KelliiWood",0,"N/A",2018,"SSEO_5",48,NA,5,NA,NA,NA,"rockfish","yelloweye",145,145,43,"JV","Fish resting on bottom","","",NA
"144","SL_2018SSEO_Dive_05_14-55-21.000.avi",54637,"25:45.2",NA,"7:25:45",239.479,46.523,0.183,3583.438,20.842,32.823,6.152,-1272.29,-82.725,-3348.95,1,"KelliiWood",0,"N/A",2018,"SSEO_5",48,NA,5,NA,NA,NA,"rockfish","yelloweye",145,145,46,"SU","Fish milling/hovering","","",NA
"145","SL_2018SSEO_Dive_05_14-55-21.000.avi",54715,"25:47.8",NA,"7:25:48",NA,14.139,1.404,2645.683,29.19,NA,NA,-1155.092,-587.41,-2306.589,1,"KelliiWood",0,"N/A",2018,"SSEO_5",48,NA,5,NA,NA,NA,"rockfish","yelloweye",145,145,47,"JV","Fish resting on bottom","","NO LENGTH, hiding part body",NA
"146","SL_2018SSEO_Dive_05_14-55-21.000.avi",55000,"25:57.3",NA,"7:25:57",246.275,104.604,1.861,4852.455,26.947,54.888,6.418,1523.164,1585.975,-4325.619,1,"KelliiWood",0,"N/A",2018,"SSEO_5",48,NA,5,NA,NA,NA,"rockfish","yelloweye",145,145,48,"JV","Fish milling/hovering","","",NA
"147","SL_2018SSEO_Dive_05_14-55-21.000.avi",55311,"26:07.7",NA,"7:26:08",NA,8.899,1.466,2130.329,17.793,NA,NA,34.683,-660.902,-2024.922,1,"KelliiWood",0,"N/A",2018,"SSEO_5",48,NA,5,NA,NA,NA,"rockfish","yelloweye",145,145,49,"AD","Fish resting on bottom","","NO LENGTH, part body hidden",NA
"148","SL_2018SSEO_Dive_05_14-55-21.000.avi",55964,"26:29.5",NA,"7:26:29",133.671,54.07,0.44,4218.727,21.003,27.34,19.975,1332.199,715.3,-3938.432,1,"KelliiWood",0,"N/A",2018,"SSEO_5",48,NA,5,NA,NA,NA,"rockfish","yelloweye",145,145,50,"JV","Fish milling/hovering","","",NA
"149","SL_2018SSEO_Dive_05_14-55-21.000.avi",56001,"26:30.7",NA,"7:26:31",NA,28.225,0.446,3776.8,30.923,NA,NA,1836.926,609.19,-3243.271,1,"KelliiWood",0,"N/A",2018,"SSEO_5",48,NA,5,NA,NA,NA,"rockfish","yelloweye",145,145,51,"AD","Fish resting on bottom","","NO LENGTH, just head visible",NA
"150","SL_2018SSEO_Dive_05_14-55-21.000.avi",56073,"26:33.1",NA,"7:26:33",123.51,8.98,0.843,2210.152,12.967,11.359,10.133,-473.548,-147.279,-2153.795,1,"KelliiWood",0,"N/A",2018,"SSEO_5",48,NA,5,NA,NA,NA,"rockfish","yelloweye",145,145,52,"JV","Fish milling/hovering","","",NA
"151","SL_2018SSEO_Dive_05_14-55-21.000.avi",65274,"31:39.8",NA,"7:31:40",119.75,44.026,0.895,3394.004,20.839,37.41,11,1068.429,562.333,-3171.988,1,"KelliiWood",0,"N/A",2018,"SSEO_5",48,NA,5,NA,NA,NA,"rockfish","yelloweye",145,145,57,"JV","Fish milling/hovering","","",NA
"152","SL_2018SSEO_Dive_05_14-55-21.000.avi",65987,"32:03.6",NA,"7:32:04",127.506,6.656,0.614,3082.352,4.951,2.843,8.889,-264.308,30.262,-3070.849,1,"KelliiWood",0,"N/A",2018,"SSEO_5",48,NA,5,NA,NA,NA,"rockfish","yelloweye",145,145,58,"JV","Fish resting on bottom","","",NA
"153","SL_2018SSEO_Dive_05_14-55-21.000.avi",67704,"33:00.8",NA,"7:33:01",228.48,28.875,1.175,3799.546,26.465,3.779,35.427,-1431.88,-903.769,-3401.393,1,"KelliiWood",0,"N/A",2018,"SSEO_5",48,NA,5,NA,NA,NA,"rockfish","yelloweye",145,145,59,"JV","Fish milling/hovering","","",NA
"154","SL_2018SSEO_Dive_05_14-55-21.000.avi",68100,"33:14.0",NA,"7:33:14",NA,18.368,1.082,3082.452,15.904,NA,NA,844.185,13.12,-2964.572,1,"KelliiWood",0,"N/A",2018,"SSEO_5",48,NA,5,NA,NA,NA,"rockfish","yelloweye",145,145,60,"JV","Fish milling/hovering","","NO LENGTH, can't see tail",NA
"155","SL_2018SSEO_Dive_05_14-55-21.000.avi",68528,"33:28.3",NA,"7:33:28",76.634,18.674,0.877,2967.428,29.513,2.952,37.961,-1365.178,-522.746,-2582.374,1,"KelliiWood",0,"N/A",2018,"SSEO_5",48,NA,5,NA,NA,NA,"rockfish","yelloweye",145,145,62,"JV","Fish milling/hovering","","",NA
"156","SL_2018SSEO_Dive_05_14-55-21.000.avi",69322,"33:54.7",NA,"7:33:55",321.435,45.259,1.418,4263.028,32.417,7.643,23.669,2071.217,965.799,-3598.708,1,"KelliiWood",0,"N/A",2018,"SSEO_5",48,NA,5,NA,NA,NA,"rockfish","yelloweye",145,145,63,"SU","Fish milling/hovering","","",NA
"157","SL_2018SSEO_Dive_05_14-55-21.000.avi",69559,"34:02.6",NA,"7:34:03",181.197,68.857,3.145,4569.53,25.298,28.54,13.607,-1951.965,-54.105,-4131.284,1,"KelliiWood",0,"N/A",2018,"SSEO_5",48,NA,5,NA,NA,NA,"rockfish","yelloweye",145,145,64,"JV","Fish resting on bottom","","",NA
"158","SL_2018SSEO_Dive_05_14-55-21.000.avi",70857,"34:45.9",NA,"7:34:46",343.21,13.839,0.393,2223.729,20.027,26.568,21.318,-493.628,-579.88,-2089.269,1,"KelliiWood",0,"N/A",2018,"SSEO_5",48,NA,5,NA,NA,NA,"rockfish","yelloweye",145,145,65,"AD","Fish resting on bottom","","",NA
"159","SL_2018SSEO_Dive_05_14-55-21.000.avi",34122,"14:21.4",NA,"7:14:21",NA,19.857,0.292,3297.205,7.708,NA,NA,405.613,-193.752,-3266.42,1,"KelliiWood",0,"N/A",2018,"SSEO_5",48,NA,5,NA,NA,NA,"rockfish","quillback",147,147,2,"","","","",NA
"160","SL_2018SSEO_Dive_05_14-55-21.000.avi",41502,"18:27.4",NA,"7:18:27",NA,73.602,1.022,6060.17,22.572,NA,NA,596.952,2218.23,-5607.919,1,"KelliiWood",0,"N/A",2018,"SSEO_5",48,NA,5,NA,NA,NA,"rockfish","quillback",147,147,5,"","","","",NA
"161","SL_2018SSEO_Dive_05_14-55-21.000.avi",41981,"18:43.4",NA,"7:18:43",NA,59.235,1.135,5342.011,28.709,NA,NA,2295.207,1122.383,-4691.413,1,"KelliiWood",0,"N/A",2018,"SSEO_5",48,NA,5,NA,NA,NA,"rockfish","quillback",147,147,6,"","","","",NA
"162","SL_2018SSEO_Dive_05_14-55-21.000.avi",42097,"18:47.2",NA,"7:18:47",NA,32.001,0.382,4193.654,9.217,NA,NA,240.735,604.926,-4142.806,1,"KelliiWood",0,"N/A",2018,"SSEO_5",48,NA,5,NA,NA,NA,"rockfish","quillback",147,147,7,"","","","",NA
"163","SL_2018SSEO_Dive_05_14-55-21.000.avi",43605,"19:37.5",NA,"7:19:37",NA,96.063,0.819,6756.684,23.708,NA,NA,-1704.517,2082.244,-6197.714,1,"KelliiWood",0,"N/A",2018,"SSEO_5",48,NA,5,NA,NA,NA,"rockfish","quillback",147,147,12,"","","","",NA
"164","SL_2018SSEO_Dive_05_14-55-21.000.avi",45127,"20:28.2",NA,"7:20:28",NA,18.545,0.683,3259.506,5.454,NA,NA,-269.218,135.891,-3245.526,1,"KelliiWood",0,"N/A",2018,"SSEO_5",48,NA,5,NA,NA,NA,"rockfish","quillback",147,147,14,"","","","",NA
"165","SL_2018SSEO_Dive_05_14-55-21.000.avi",45639,"20:45.3",NA,"7:20:45",NA,39.599,1.393,4487.762,14.25,NA,NA,596.512,906.478,-4354.593,1,"KelliiWood",0,"N/A",2018,"SSEO_5",48,NA,5,NA,NA,NA,"rockfish","quillback",147,147,16,"","","","",NA
"166","SL_2018SSEO_Dive_05_14-55-21.000.avi",54524,"25:41.5",NA,"7:25:41",NA,54.488,1.166,5386.242,30.279,NA,NA,2708.208,-228.11,-4650.288,1,"KelliiWood",0,"N/A",2018,"SSEO_5",48,NA,5,NA,NA,NA,"rockfish","quillback",147,147,44,"","","","",NA
"167","SL_2018SSEO_Dive_05_14-55-21.000.avi",56667,"26:52.9",NA,"7:26:53",NA,27.104,0.443,3751.158,23.717,NA,NA,-1508.673,-0.02,-3434.398,1,"KelliiWood",0,"N/A",2018,"SSEO_5",48,NA,5,NA,NA,NA,"rockfish","quillback",147,147,53,"","","","",NA
"168","SL_2018SSEO_Dive_05_14-55-21.000.avi",54213,"25:31.1",NA,"7:25:31",NA,64.26,1.927,5837.978,11.344,NA,NA,-997.5,538.262,-5726.889,1,"KelliiWood",0,"N/A",2018,"SSEO_5",48,NA,5,NA,NA,NA,"rockfish","tiger",148,148,40,"","","","",NA
"169","SL_2018SSEO_Dive_05_14-55-21.000.avi",54561,"25:42.7",NA,"7:25:43",NA,14.317,0.324,2670.464,13.878,NA,NA,473.619,-445.108,-2590.163,1,"KelliiWood",0,"N/A",2018,"SSEO_5",48,NA,5,NA,NA,NA,"rockfish","tiger",148,148,45,"","","","",NA
"170","SL_2018SSEO_Dive_05_14-55-21.000.avi",43605,"19:37.5",NA,"7:19:37",NA,35.762,0.295,4333.455,12.53,NA,NA,-400.522,827.885,-4234.74,1,"KelliiWood",0,"N/A",2018,"SSEO_5",48,NA,5,NA,NA,NA,"rockfish","rosethorn",150,150,11,"","","","",NA
"171","SL_2018SSEO_Dive_05_14-55-21.000.avi",57468,"27:19.6",NA,"7:27:20",NA,19.03,0.068,3112.603,13.694,NA,NA,695.182,-260.547,-3022.77,1,"KelliiWood",0,"N/A",2018,"SSEO_5",48,NA,5,NA,NA,NA,"rockfish","rosethorn",150,150,54,"","","","",NA
"172","SL_2018SSEO_Dive_05_14-55-21.000.avi",57952,"27:35.7",NA,"7:27:36",NA,9.312,0.41,2250.637,7.37,NA,NA,101.705,-282.131,-2230.566,1,"KelliiWood",0,"N/A",2018,"SSEO_5",48,NA,5,NA,NA,NA,"rockfish","rosethorn",150,150,55,"","","","",NA
"173","SL_2018SSEO_Dive_05_14-55-21.000.avi",6609,"59:04.3",NA,"6:59:04",495.248,60.742,0.328,3815.218,29.494,77.534,32.84,1808.038,509.083,-3320.801,1,"KelliiWood",0,"N/A",2018,"SSEO_5",48,NA,5,NA,NA,NA,"halibut","halibut",200,200,1,"","","","",NA
"174","SL_2018SSEO_Dive_05_14-55-21.000.avi",38369,"16:43.0",NA,"7:16:43",NA,11.878,0.3,2472.975,11.901,NA,NA,-457.387,-238.55,-2418.573,1,"KelliiWood",0,"N/A",2018,"SSEO_5",48,NA,5,NA,NA,NA,"","",NA,NA,4,"","","","Pyrosome",NA
"175","SL_2018SSEO_Dive_05_14-55-21.000.avi",58275,"27:46.5",NA,"7:27:46",NA,12.923,0.759,2636.704,8.828,NA,NA,-377.792,-158.985,-2604.651,1,"KelliiWood",0,"N/A",2018,"SSEO_5",48,NA,5,NA,NA,NA,"","",NA,NA,56,"","","","Group of pyrosomes",NA
"176","SL_2018SSEO_Dive_06_17-02-30.000.avi",3706,"04:39.5",NA,"9:04:40",539.951,13.377,0.558,2028.966,18.529,26.929,8.519,635.236,-110.433,-1923.793,1,"KelliiWood",0,"N/A",2018,"SSEO_6",51,NA,6,NA,NA,NA,"cod","Pacific cod",110,110,12,"","","","",NA
"177","SL_2018SSEO_Dive_06_17-02-30.000.avi",17266,"12:11.5",NA,"9:12:12",364.362,158.275,0.408,6006.523,32.251,68.685,3.232,2799.112,1561.649,-5079.818,1,"KelliiWood",0,"N/A",2018,"SSEO_6",51,NA,6,NA,NA,NA,"cod","Pacific cod",110,110,17,"","","","",NA
"178","SL_2018SSEO_Dive_06_17-02-30.000.avi",21008,"14:16.3",NA,"9:14:16",680.85,157.688,0.977,5915.545,29.248,88.039,26.339,-2339.157,1697.624,-5161.404,1,"KelliiWood",0,"N/A",2018,"SSEO_6",51,NA,6,NA,NA,NA,"cod","Pacific cod",110,110,18,"","","","",NA
"179","SL_2018SSEO_Dive_06_17-02-30.000.avi",30513,"19:33.1",NA,"9:19:33",795.851,49.008,1.412,2967.924,23.148,83.06,20.26,1115.735,-341.185,-2728.975,1,"KelliiWood",0,"N/A",2018,"SSEO_6",51,NA,6,NA,NA,NA,"greenling","lingcod",130,130,19,"","","","",NA
"180","SL_2018SSEO_Dive_06_17-02-30.000.avi",32611,"20:43.0",NA,"9:20:43",712.344,197.573,1.23,6336.931,24.569,64.431,15.849,1995.277,1720.873,-5763.173,1,"KelliiWood",0,"N/A",2018,"SSEO_6",51,NA,6,NA,NA,NA,"greenling","lingcod",130,130,20,"","","","",NA
"181","SL_2018SSEO_Dive_06_17-02-30.000.avi",46080,"28:12.0",NA,"9:28:12",383.074,76.832,0.847,5160.81,22.94,22.327,20.96,1977.376,368.907,-4752.668,1,"KelliiWood",0,"N/A",2018,"SSEO_6",51,NA,6,NA,NA,NA,"greenling","lingcod",130,130,32,"","","","",NA
"182","SL_2018SSEO_Dive_06_17-02-30.000.avi",48938,"29:47.3",NA,"9:29:47",715.175,67.545,0.477,4728.288,26.322,31.484,22.671,-1491.736,1473.23,-4238.045,1,"KelliiWood",0,"N/A",2018,"SSEO_6",51,NA,6,NA,NA,NA,"greenling","lingcod",130,130,33,"","","","",NA
"183","SL_2018SSEO_Dive_06_17-02-30.000.avi",49122,"29:53.4",NA,"9:29:53",532.804,58.88,0.708,4714.336,31.58,17.03,1.509,-2149.22,1214.91,-4016.194,1,"KelliiWood",0,"N/A",2018,"SSEO_6",51,NA,6,NA,NA,NA,"greenling","lingcod",130,130,34,"","","","",NA
"184","SL_2018SSEO_Dive_06_17-02-30.000.avi",49554,"30:07.8",NA,"9:30:08",668.632,44.104,4.005,3675.736,25.808,30.709,4.472,-1337.811,878.161,-3309.098,1,"KelliiWood",0,"N/A",2018,"SSEO_6",51,NA,6,NA,NA,NA,"greenling","lingcod",130,130,37,"","","","",NA
"185","SL_2018SSEO_Dive_06_17-02-30.000.avi",50787,"30:48.9",NA,"9:30:49",969.686,82.366,2.329,4794.793,7.143,32.707,9.498,596.139,8.414,-4757.582,1,"KelliiWood",0,"N/A",2018,"SSEO_6",51,NA,6,NA,NA,NA,"greenling","lingcod",130,130,40,"","","","",NA
"186","SL_2018SSEO_Dive_06_17-02-30.000.avi",50924,"30:53.5",NA,"9:30:53",543.764,78.788,1.282,4813.075,30.389,36.614,11.021,-2251.946,925.632,-4151.823,1,"KelliiWood",0,"N/A",2018,"SSEO_6",51,NA,6,NA,NA,NA,"greenling","lingcod",130,130,41,"","","","",NA
"187","SL_2018SSEO_Dive_06_17-02-30.000.avi",51916,"31:26.5",NA,"9:31:27",NA,13.617,0.045,2594.738,24.042,NA,NA,-1025.138,-270.71,-2368.221,1,"KelliiWood",0,"N/A",2018,"SSEO_6",51,NA,6,NA,NA,NA,"greenling","lingcod",130,130,43,"","","","",NA
"188","SL_2018SSEO_Dive_06_17-02-30.000.avi",54014,"32:36.5",NA,"9:32:36",NA,36.607,0.872,4177.419,28.546,NA,NA,1721.544,990.922,-3674.941,1,"KelliiWood",0,"N/A",2018,"SSEO_6",51,NA,6,NA,NA,NA,"greenling","lingcod",130,130,45,"","","","NO LENGTH, partial view",NA
"189","SL_2018SSEO_Dive_06_17-02-30.000.avi",56521,"34:00.0",NA,"9:34:00",1231.968,69.767,0.813,3952.947,24.382,46.536,1.044,-1475.788,696.391,-3600.4,1,"KelliiWood",0,"N/A",2018,"SSEO_6",51,NA,6,NA,NA,NA,"greenling","lingcod",130,130,54,"","","","",NA
"190","SL_2018SSEO_Dive_06_17-02-30.000.avi",56521,"34:00.0",NA,"9:34:00",930.782,120.678,8.529,5643.894,18.565,38.791,0.008,-517.223,1720.883,-5350.195,1,"KelliiWood",0,"N/A",2018,"SSEO_6",51,NA,6,NA,NA,NA,"greenling","lingcod",130,130,55,"","","","",NA
"191","SL_2018SSEO_Dive_06_17-02-30.000.avi",32969,"20:55.0",NA,"9:20:55",638.375,57.731,1.056,6741.235,6.649,9.258,11.024,-737.183,256.579,-6695.892,1,"KelliiWood",0,"N/A",2018,"SSEO_6",51,NA,6,NA,NA,NA,"rockfish","yelloweye",145,145,21,"AD","Fish milling/hovering","","",NA
"192","SL_2018SSEO_Dive_06_17-02-30.000.avi",37739,"23:34.0",NA,"9:23:34",333.9,65.311,0.499,6036.838,15.26,16.898,1.548,101.024,1585.708,-5823.98,1,"KelliiWood",0,"N/A",2018,"SSEO_6",51,NA,6,NA,NA,NA,"rockfish","yelloweye",145,145,24,"AD","Fish milling/hovering","","",NA
"193","SL_2018SSEO_Dive_06_17-02-30.000.avi",38234,"23:50.5",NA,"9:23:50",543.923,17.108,3.592,2527.361,28.51,20.13,26.223,-1134.112,411.119,-2220.883,1,"KelliiWood",0,"N/A",2018,"SSEO_6",51,NA,6,NA,NA,NA,"rockfish","yelloweye",145,145,25,"AD","Attracted","","",NA
"194","SL_2018SSEO_Dive_06_17-02-30.000.avi",39368,"24:28.3",NA,"9:24:28",NA,27.83,0.606,3848.171,13.006,NA,NA,862.957,52.819,-3749.791,1,"KelliiWood",0,"N/A",2018,"SSEO_6",51,NA,6,NA,NA,NA,"rockfish","yelloweye",145,145,27,"AD","Fish resting on bottom","","NO LENGTH, hiding behind rock",NA
"195","SL_2018SSEO_Dive_06_17-02-30.000.avi",39368,"24:28.3",NA,"9:24:28",NA,45.039,0.359,4813.923,13.967,NA,NA,-560.797,992.534,-4676.991,1,"KelliiWood",0,"N/A",2018,"SSEO_6",51,NA,6,NA,NA,NA,"rockfish","yelloweye",145,145,28,"AD","Fish resting on bottom","","NO LENGTH, hiding behind rock",NA
"196","SL_2018SSEO_Dive_06_17-02-30.000.avi",49446,"30:04.2",NA,"9:30:04",NA,33.07,1.435,4166.009,32.766,NA,NA,-2012.682,997.475,-3508.53,1,"KelliiWood",0,"N/A",2018,"SSEO_6",51,NA,6,NA,NA,NA,"rockfish","yelloweye",145,145,36,"AD","Fish resting on bottom","","NO LENGTH, partial view",NA
"197","SL_2018SSEO_Dive_06_17-02-30.000.avi",53701,"32:26.0",NA,"9:32:26",465.441,67.333,1.062,6010.737,24.634,6.769,29.055,1751.735,1791.158,-5463.711,1,"KelliiWood",0,"N/A",2018,"SSEO_6",51,NA,6,NA,NA,NA,"rockfish","yelloweye",145,145,44,"AD","Fish milling/hovering","","",NA
"198","SL_2018SSEO_Dive_06_17-02-30.000.avi",55413,"33:23.1",NA,"9:33:23",653.914,150.915,1.949,5726.108,19.121,53.879,18.588,-812.614,1690.485,-5410.197,1,"KelliiWood",0,"N/A",2018,"SSEO_6",51,NA,6,NA,NA,NA,"rockfish","yelloweye",145,145,48,"JV","Fish milling/hovering","","",NA
"199","SL_2018SSEO_Dive_06_17-02-30.000.avi",55675,"33:31.8",NA,"9:33:32",NA,24.581,0.654,3645.661,11.358,NA,NA,-717.75,-36.658,-3574.12,1,"KelliiWood",0,"N/A",2018,"SSEO_6",51,NA,6,NA,NA,NA,"rockfish","yelloweye",145,145,51,"AD","Fish resting on bottom","","NO LENGTH, partial view",NA
"200","SL_2018SSEO_Dive_06_17-02-30.000.avi",57397,"34:29.2",NA,"9:34:29",368.939,58.543,0.952,5154.765,19.599,6.053,3.138,1722.629,149.499,-4856.109,1,"KelliiWood",0,"N/A",2018,"SSEO_6",51,NA,6,NA,NA,NA,"rockfish","yelloweye",145,145,56,"AD","Fish resting on bottom","","",NA
"201","SL_2018SSEO_Dive_06_17-02-30.000.avi",57989,"34:49.0",NA,"9:34:49",695.916,62.034,3.975,4335.262,30.861,36.605,25.914,2222.416,79.402,-3721.433,1,"KelliiWood",0,"N/A",2018,"SSEO_6",51,NA,6,NA,NA,NA,"rockfish","yelloweye",145,145,58,"AD","","","",NA
"202","SL_2018SSEO_Dive_06_17-02-30.000.avi",59513,"35:39.8",NA,"9:35:40",384.717,106.006,3.51,5701.802,27.218,34.308,19.992,-2152.982,1471.568,-5070.473,1,"KelliiWood",0,"N/A",2018,"SSEO_6",51,NA,6,NA,NA,NA,"rockfish","yelloweye",145,145,59,"AD","Fish actively swimming in frame","","",NA
"203","SL_2018SSEO_Dive_06_17-02-30.000.avi",2218,"03:49.9",NA,"9:03:50",NA,28.833,1.461,3680.631,23.955,NA,NA,1230.34,830.254,-3368.083,1,"KelliiWood",0,"N/A",2018,"SSEO_6",51,NA,6,NA,NA,NA,"rockfish","canary",146,146,1,"","","","",NA
"204","SL_2018SSEO_Dive_06_17-02-30.000.avi",2262,"03:51.4",NA,"9:03:51",NA,27.985,0.28,3811.078,25.163,NA,NA,62.265,1600.75,-3458.039,1,"KelliiWood",0,"N/A",2018,"SSEO_6",51,NA,6,NA,NA,NA,"rockfish","canary",146,146,2,"","","","",NA
"205","SL_2018SSEO_Dive_06_17-02-30.000.avi",2418,"03:56.6",NA,"9:03:57",NA,35.105,0.7,4246.352,31.45,NA,NA,2119.667,625.427,-3625.928,1,"KelliiWood",0,"N/A",2018,"SSEO_6",51,NA,6,NA,NA,NA,"rockfish","canary",146,146,3,"","","","",NA
"206","SL_2018SSEO_Dive_06_17-02-30.000.avi",3686,"04:38.9",NA,"9:04:39",NA,35.008,0.464,4215.276,30.13,NA,NA,-1942.251,820.029,-3650.173,1,"KelliiWood",0,"N/A",2018,"SSEO_6",51,NA,6,NA,NA,NA,"rockfish","canary",146,146,11,"","","","",NA
"207","SL_2018SSEO_Dive_06_17-02-30.000.avi",5437,"05:37.2",NA,"9:05:37",NA,78.656,0.999,6337.634,21.138,NA,NA,-415.042,2215.75,-5923.158,1,"KelliiWood",0,"N/A",2018,"SSEO_6",51,NA,6,NA,NA,NA,"rockfish","canary",146,146,13,"","","","",NA
"208","SL_2018SSEO_Dive_06_17-02-30.000.avi",9616,"07:56.5",NA,"9:07:57",NA,87.778,1.199,6734.944,31.965,NA,NA,-3181.033,1579.875,-5722.281,1,"KelliiWood",0,"N/A",2018,"SSEO_6",51,NA,6,NA,NA,NA,"rockfish","canary",146,146,14,"","","","",NA
"209","SL_2018SSEO_Dive_06_17-02-30.000.avi",10180,"08:15.3",NA,"9:08:15",NA,55.114,0.56,5283.712,30.409,NA,NA,-2420.442,1113.206,-4562.877,1,"KelliiWood",0,"N/A",2018,"SSEO_6",51,NA,6,NA,NA,NA,"rockfish","canary",146,146,15,"","","","",NA
"210","SL_2018SSEO_Dive_06_17-02-30.000.avi",33973,"21:28.4",NA,"9:21:28",NA,18.931,0.486,3086.431,24.898,NA,NA,-1277.742,-251.185,-2798.274,1,"KelliiWood",0,"N/A",2018,"SSEO_6",51,NA,6,NA,NA,NA,"rockfish","rosethorn",150,150,22,"","","","",NA
"211","SL_2018SSEO_Dive_06_17-02-30.000.avi",34946,"22:00.9",NA,"9:22:01",NA,28.333,0.404,3850.743,16.358,NA,NA,-1081.831,56.673,-3695.22,1,"KelliiWood",0,"N/A",2018,"SSEO_6",51,NA,6,NA,NA,NA,"rockfish","rosethorn",150,150,23,"","","","",NA
"212","SL_2018SSEO_Dive_06_17-02-30.000.avi",38849,"24:11.0",NA,"9:24:11",NA,18.577,0.201,3075.482,21.681,NA,NA,-1133.074,-99.606,-2857.413,1,"KelliiWood",0,"N/A",2018,"SSEO_6",51,NA,6,NA,NA,NA,"rockfish","rosethorn",150,150,26,"","","","",NA
"213","SL_2018SSEO_Dive_06_17-02-30.000.avi",39893,"24:45.8",NA,"9:24:46",NA,13.309,0.483,2647.934,9.718,NA,NA,256.336,-380.11,-2607.942,1,"KelliiWood",0,"N/A",2018,"SSEO_6",51,NA,6,NA,NA,NA,"rockfish","rosethorn",150,150,29,"","","","",NA
"214","SL_2018SSEO_Dive_06_17-02-30.000.avi",40098,"24:52.6",NA,"9:24:53",NA,11.235,0.041,2415.078,11.04,NA,NA,-239.816,-408.12,-2368.233,1,"KelliiWood",0,"N/A",2018,"SSEO_6",51,NA,6,NA,NA,NA,"rockfish","rosethorn",150,150,30,"","","","",NA
"215","SL_2018SSEO_Dive_06_17-02-30.000.avi",40189,"24:55.6",NA,"9:24:56",NA,17.48,0.374,2900.589,19.202,NA,NA,-807.417,-522.82,-2736.449,1,"KelliiWood",0,"N/A",2018,"SSEO_6",51,NA,6,NA,NA,NA,"rockfish","rosethorn",150,150,31,"","","","",NA
"216","SL_2018SSEO_Dive_06_17-02-30.000.avi",49331,"30:00.4",NA,"9:30:00",NA,27.959,0.658,3737.278,24.338,NA,NA,-1487.675,380.547,-3407.236,1,"KelliiWood",0,"N/A",2018,"SSEO_6",51,NA,6,NA,NA,NA,"rockfish","rosethorn",150,150,35,"","","","",NA
"217","SL_2018SSEO_Dive_06_17-02-30.000.avi",61644,"36:50.8",NA,"9:36:51",NA,35.982,1.299,4318.369,28.036,NA,NA,-1985.739,400.114,-3813.799,1,"KelliiWood",0,"N/A",2018,"SSEO_6",51,NA,6,NA,NA,NA,"rockfish","rosethorn",150,150,60,"","","","",NA
"218","SL_2018SSEO_Dive_06_17-02-30.000.avi",64790,"38:35.7",NA,"9:38:36",NA,17.266,1.376,2975.756,22.192,NA,NA,-1123.889,-29.198,-2755.203,1,"KelliiWood",0,"N/A",2018,"SSEO_6",51,NA,6,NA,NA,NA,"rockfish","rosethorn",150,150,61,"","","","",NA
"219","SL_2018SSEO_Dive_06_17-02-30.000.avi",65175,"38:48.5",NA,"9:38:49",NA,23.268,0.734,3685.318,4.416,NA,NA,191.748,189.503,-3675.444,1,"KelliiWood",0,"N/A",2018,"SSEO_6",51,NA,6,NA,NA,NA,"rockfish","rosethorn",150,150,62,"","","","",NA
"220","SL_2018SSEO_Dive_06_17-02-30.000.avi",2705,"04:06.2",NA,"9:04:06",NA,6.617,0.219,1791.184,20.048,NA,NA,-580.147,-210.169,-1681.547,1,"KelliiWood",0,"N/A",2018,"SSEO_6",51,NA,6,NA,NA,NA,"rockfish","yellowtail",155,155,8,"","","","",NA
"221","SL_2018SSEO_Dive_06_17-02-30.000.avi",50376,"30:35.2",NA,"9:30:35",NA,47.973,0.678,5012.505,21.762,NA,NA,-32.176,1833.135,-4665.168,1,"KelliiWood",0,"N/A",2018,"SSEO_6",51,NA,6,NA,NA,NA,"rockfish","yellowtail",155,155,38,"","","","",NA
"222","SL_2018SSEO_Dive_06_17-02-30.000.avi",51213,"31:03.1",NA,"9:31:03",NA,7.627,0.236,2041.192,6.237,NA,NA,-119.685,-197.55,-2028.081,1,"KelliiWood",0,"N/A",2018,"SSEO_6",51,NA,6,NA,NA,NA,"rockfish","yellowtail",155,155,42,"","","","",NA
"223","SL_2018SSEO_Dive_06_17-02-30.000.avi",54722,"33:00.1",NA,"9:33:00",NA,63.435,0.625,5469.949,23.112,NA,NA,1776.258,1179.28,-5037.316,1,"KelliiWood",0,"N/A",2018,"SSEO_6",51,NA,6,NA,NA,NA,"rockfish","yellowtail",155,155,46,"","","","",NA
"224","SL_2018SSEO_Dive_06_17-02-30.000.avi",55199,"33:16.0",NA,"9:33:16",NA,76.122,0.475,6180.64,21.573,NA,NA,559.331,2171.863,-5759.382,1,"KelliiWood",0,"N/A",2018,"SSEO_6",51,NA,6,NA,NA,NA,"rockfish","yellowtail",155,155,47,"","","","",NA
"225","SL_2018SSEO_Dive_06_17-02-30.000.avi",55580,"33:28.7",NA,"9:33:29",NA,11.219,1.089,2324.758,19.062,NA,NA,-418.29,-645.384,-2193.858,1,"KelliiWood",0,"N/A",2018,"SSEO_6",51,NA,6,NA,NA,NA,"rockfish","yellowtail",155,155,49,"","","","",NA
"226","SL_2018SSEO_Dive_06_17-02-30.000.avi",55675,"33:31.8",NA,"9:33:32",NA,37.857,1.651,4389.286,30.6,NA,NA,-2032.326,908.155,-3782.954,1,"KelliiWood",0,"N/A",2018,"SSEO_6",51,NA,6,NA,NA,NA,"rockfish","yellowtail",155,155,50,"","","","",NA
"227","SL_2018SSEO_Dive_06_17-02-30.000.avi",55675,"33:31.8",NA,"9:33:32",NA,42.037,5.274,4604.315,19.758,NA,NA,1546.791,-196.367,-4332.274,1,"KelliiWood",0,"N/A",2018,"SSEO_6",51,NA,6,NA,NA,NA,"rockfish","yellowtail",155,155,52,"AD","Fish resting on bottom","","NO LENGTH, partial view",NA
"228","SL_2018SSEO_Dive_06_17-02-30.000.avi",56256,"33:51.2",NA,"9:33:51",NA,43.348,0.502,4523.383,29.776,NA,NA,1554.401,1600.663,-3934.808,1,"KelliiWood",0,"N/A",2018,"SSEO_6",51,NA,6,NA,NA,NA,"rockfish","yellowtail",155,155,53,"","","","",NA
"229","SL_2018SSEO_Dive_06_17-02-30.000.avi",2418,"03:56.6",NA,"9:03:57",NA,53.858,0.774,5115.835,21.17,NA,NA,-876.987,1600.521,-4779.225,1,"KelliiWood",0,"N/A",2018,"SSEO_6",51,NA,6,NA,NA,NA,"rockfish","silvergray",157,157,4,"","","","",NA
"230","SL_2018SSEO_Dive_06_17-02-30.000.avi",2514,"03:59.8",NA,"9:04:00",NA,32.971,0.494,4145.288,19.204,NA,NA,-114.87,1337.72,-3921.826,1,"KelliiWood",0,"N/A",2018,"SSEO_6",51,NA,6,NA,NA,NA,"rockfish","silvergray",157,157,5,"","","","",NA
"231","SL_2018SSEO_Dive_06_17-02-30.000.avi",2589,"04:02.3",NA,"9:04:02",NA,26.072,0.481,3515.65,23.126,NA,NA,-1022.778,910.297,-3238.068,1,"KelliiWood",0,"N/A",2018,"SSEO_6",51,NA,6,NA,NA,NA,"rockfish","silvergray",157,157,6,"","","","",NA
"232","SL_2018SSEO_Dive_06_17-02-30.000.avi",2589,"04:02.3",NA,"9:04:02",NA,53.064,0.226,5216.761,22.084,NA,NA,-275.701,1915.929,-4844.357,1,"KelliiWood",0,"N/A",2018,"SSEO_6",51,NA,6,NA,NA,NA,"rockfish","silvergray",157,157,7,"","","","",NA
"233","SL_2018SSEO_Dive_06_17-02-30.000.avi",2876,"04:11.9",NA,"9:04:12",NA,59.418,0.359,5412.922,23.996,NA,NA,646.528,2077.688,-4956.302,1,"KelliiWood",0,"N/A",2018,"SSEO_6",51,NA,6,NA,NA,NA,"rockfish","silvergray",157,157,9,"","","","",NA
"234","SL_2018SSEO_Dive_06_17-02-30.000.avi",50533,"30:40.4",NA,"9:30:40",NA,21.348,0.274,3210.718,20.378,NA,NA,-952.704,568.946,-3012.867,1,"KelliiWood",0,"N/A",2018,"SSEO_6",51,NA,6,NA,NA,NA,"rockfish","dusky",172,172,39,"","","","",NA
"235","SL_2018SSEO_Dive_06_17-02-30.000.avi",57875,"34:45.2",NA,"9:34:45",NA,33.424,0.273,4080.382,19.768,NA,NA,1339.816,310.277,-3841.633,1,"KelliiWood",0,"N/A",2018,"SSEO_6",51,NA,6,NA,NA,NA,"rockfish","dusky",172,172,57,"","","","",NA
"236","SL_2018SSEO_Dive_06_17-02-30.000.avi",3004,"04:16.1",NA,"9:04:16",460.967,46.807,0.281,3057.045,10.937,58.039,24.186,561.447,145.527,-3001.52,1,"KelliiWood",0,"N/A",2018,"SSEO_6",51,NA,6,NA,NA,NA,"halibut","halibut",200,200,10,"","","","",NA
"237","SL_2018SSEO_Dive_06_17-02-30.000.avi",13560,"10:08.0",NA,"9:10:08",379.57,121.038,0.929,5505.354,18.419,39.417,4.706,1373.949,1066.752,-5223.335,1,"KelliiWood",0,"N/A",2018,"SSEO_6",51,NA,6,NA,NA,NA,"halibut","halibut",200,200,16,"","","","",NA
"238","SL_2018SSEO_Dive_07_18-16-03.000.avi",3395,"18:01.2",NA,"",NA,20.829,0.423,3214.841,16.598,NA,NA,-786.134,458.217,-3083.38,1,"KelliiWood",0,"N/A",2018,"SSEO_7",52,NA,7,NA,NA,NA,"","quillfish",NA,NA,1,"","","","",NA
"239","SL_2018SSEO_Dive_09_07-57-18.000.avi",3250,"0:59:11",NA,"16:59:11",945.447,97.524,3.901,6916.714,15.452,19.098,5.933,63.932,1841.718,-6666.702,1,"KelliiWood",0,"N/A",2018,"SSEO_9",57,NA,9,NA,NA,NA,"greenling","lingcod",130,130,2,"","","","",NA
"240","SL_2018SSEO_Dive_09_07-57-18.000.avi",3275,"0:59:12",NA,"16:59:12",530.612,50.055,0.58,3624.409,5.084,40.952,27.673,274.302,167.019,-3610.152,1,"KelliiWood",0,"N/A",2018,"SSEO_9",57,NA,9,NA,NA,NA,"greenling","lingcod",130,130,3,"","","","",NA
"241","SL_2018SSEO_Dive_09_07-57-18.000.avi",3459,"0:59:18",NA,"16:59:18",1518.317,87.633,8.716,4789.79,25.28,36.554,9.682,-1964.896,-568.436,-4331.068,1,"KelliiWood",0,"N/A",2018,"SSEO_9",57,NA,9,NA,NA,NA,"greenling","lingcod",130,130,4,"","","","",NA
"242","SL_2018SSEO_Dive_09_07-57-18.000.avi",17714,"0:07:13",NA,"16:07:13",771.715,28.395,0.276,2795.781,9.563,35.01,16.281,-22.113,-463.956,-2756.927,1,"KelliiWood",0,"N/A",2018,"SSEO_9",57,NA,9,NA,NA,NA,"greenling","lingcod",130,130,5,"","","","",NA
"243","SL_2018SSEO_Dive_09_07-57-18.000.avi",21079,"0:09:06",NA,"16:09:06",728.13,21.543,0.88,3977.341,9.16,8.183,2.895,-490.133,400.877,-3926.616,1,"KelliiWood",0,"N/A",2018,"SSEO_9",57,NA,9,NA,NA,NA,"greenling","lingcod",130,130,8,"","","","",NA
"244","SL_2018SSEO_Dive_09_07-57-18.000.avi",25780,"0:11:42",NA,"16:11:42",502.77,32.127,2.36,3518.733,28.467,19.892,12.859,1265.204,1101.025,-3093.296,1,"KelliiWood",0,"N/A",2018,"SSEO_9",57,NA,9,NA,NA,NA,"greenling","lingcod",130,130,12,"","","","",NA
"245","SL_2018SSEO_Dive_09_07-57-18.000.avi",33070,"0:15:45",NA,"16:15:45",852.155,46.656,0.725,3708.926,32.606,48.013,30.685,1384.797,1441.037,-3124.401,1,"KelliiWood",0,"N/A",2018,"SSEO_9",57,NA,9,NA,NA,NA,"greenling","lingcod",130,130,17,"","","","",NA
"246","SL_2018SSEO_Dive_09_07-57-18.000.avi",55718,"0:28:20",NA,"16:28:20",1074.103,37.126,6.377,3231.01,25.838,27.777,4.236,1407.923,26.544,-2908.002,1,"KelliiWood",0,"N/A",2018,"SSEO_9",57,NA,9,NA,NA,NA,"greenling","lingcod",130,130,45,"","","","",NA
"247","SL_2018SSEO_Dive_09_07-57-18.000.avi",63800,"0:32:50",NA,"16:32:50",962.291,43.495,1.999,4066.735,23.853,12.449,7.088,1594.691,401.856,-3719.383,1,"KelliiWood",0,"N/A",2018,"SSEO_9",57,NA,9,NA,NA,NA,"greenling","lingcod",130,130,54,"","","","",NA
"248","SL_2018SSEO_Dive_09_07-57-18.000.avi",71175,"0:36:55",NA,"16:36:56",761.61,74.347,0.57,5677.652,16.602,21.599,14.384,587.1,1512.289,-5440.958,1,"KelliiWood",0,"N/A",2018,"SSEO_9",57,NA,9,NA,NA,NA,"greenling","lingcod",130,130,58,"","","","",NA
"249","SL_2018SSEO_Dive_09_07-57-18.000.avi",71349,"0:37:01",NA,"16:37:01",775.575,54.712,1.194,4550.969,17.895,25.24,20.671,734.132,1190.173,-4330.804,1,"KelliiWood",0,"N/A",2018,"SSEO_9",57,NA,9,NA,NA,NA,"greenling","lingcod",130,130,59,"","","","",NA
"250","SL_2018SSEO_Dive_09_07-57-18.000.avi",77297,"0:40:20",NA,"16:40:20",339.918,24.834,0.577,2363.466,13.885,48.824,23.335,499.3,-269.065,-2294.401,1,"KelliiWood",0,"N/A",2018,"SSEO_9",57,NA,9,NA,NA,NA,"greenling","lingcod",130,130,69,"","","","",NA
"251","SL_2018SSEO_Dive_09_07-57-18.000.avi",28427,"0:13:11",NA,"16:13:11",582.003,67.195,1.098,4255.714,26.505,47.634,29.381,821.334,1712.443,-3808.418,1,"KelliiWood",0,"N/A",2018,"SSEO_9",57,NA,9,NA,NA,NA,"rockfish","black",142,142,13,"","","","",NA
"252","SL_2018SSEO_Dive_09_07-57-18.000.avi",18993,"0:07:56",NA,"16:07:56",582.842,33.268,0.234,4273.663,28.204,8.883,7.084,1165.909,1649.339,-3766.236,1,"KelliiWood",0,"N/A",2018,"SSEO_9",57,NA,9,NA,NA,NA,"rockfish","yelloweye",145,145,7,"AD","Fish resting on bottom","","Looks like gravid female",NA
"253","SL_2018SSEO_Dive_09_07-57-18.000.avi",25221,"0:11:24",NA,"16:11:24",416.606,92.248,0.654,4929.545,28.199,80.409,41.036,-2214.002,724.037,-4344.466,1,"KelliiWood",0,"N/A",2018,"SSEO_9",57,NA,9,NA,NA,NA,"rockfish","yelloweye",145,145,11,"AD","Fish milling/hovering","","",NA
"254","SL_2018SSEO_Dive_09_07-57-18.000.avi",35605,"0:17:10",NA,"16:17:10",578.046,107.388,0.689,4748.658,24.106,70.403,28.422,288.169,1917.929,-4334.543,1,"KelliiWood",0,"N/A",2018,"SSEO_9",57,NA,9,NA,NA,NA,"rockfish","yelloweye",145,145,19,"AD","Attracted","","",NA
"255","SL_2018SSEO_Dive_09_07-57-18.000.avi",37290,"0:18:06",NA,"16:18:06",233.615,57.576,0.749,4556.499,25.905,14.603,14.379,1960.874,343.105,-4098.65,1,"KelliiWood",0,"N/A",2018,"SSEO_9",57,NA,9,NA,NA,NA,"rockfish","yelloweye",145,145,22,"JV","Fish milling/hovering","","",NA
"256","SL_2018SSEO_Dive_09_07-57-18.000.avi",39554,"0:19:22",NA,"16:19:22",292.099,53.988,0.928,3865.505,25.831,75.327,48.574,1490.98,783.402,-3479.28,1,"KelliiWood",0,"N/A",2018,"SSEO_9",57,NA,9,NA,NA,NA,"rockfish","yelloweye",145,145,26,"JV","Fish actively swimming in frame","","",NA
"257","SL_2018SSEO_Dive_09_07-57-18.000.avi",42211,"0:20:50",NA,"16:20:50",329.491,72.591,1.383,5248.188,33.225,6.519,9.545,2614.972,1196.394,-4390.221,1,"KelliiWood",0,"N/A",2018,"SSEO_9",57,NA,9,NA,NA,NA,"rockfish","yelloweye",145,145,29,"AD","Fish milling/hovering","","",NA
"258","SL_2018SSEO_Dive_09_07-57-18.000.avi",42345,"0:20:55",NA,"16:20:55",599.551,191.158,1.846,5636.334,13.741,74.045,6.463,1063.849,812.795,-5475.02,1,"KelliiWood",0,"N/A",2018,"SSEO_9",57,NA,9,NA,NA,NA,"rockfish","yelloweye",145,145,30,"AD","Fish milling/hovering","","",NA
"259","SL_2018SSEO_Dive_09_07-57-18.000.avi",42464,"0:20:59",NA,"16:20:59",446.576,17.37,0.241,4669.1,8.672,1.059,15.242,516.129,478.818,-4615.716,1,"KelliiWood",0,"N/A",2018,"SSEO_9",57,NA,9,NA,NA,NA,"rockfish","yelloweye",145,145,31,"AD","Fish actively swimming in frame","","",NA
"260","SL_2018SSEO_Dive_09_07-57-18.000.avi",43609,"0:21:37",NA,"16:21:37",416.025,37.119,0.548,3274.197,29.597,36.532,10.972,1357.465,878.807,-2846.99,1,"KelliiWood",0,"N/A",2018,"SSEO_9",57,NA,9,NA,NA,NA,"rockfish","yelloweye",145,145,35,"AD","Attracted","","",NA
"261","SL_2018SSEO_Dive_09_07-57-18.000.avi",43998,"0:21:50",NA,"16:21:50",198.75,50.468,0.965,5693.134,16.579,13.782,19.419,474.504,1553.665,-5456.44,1,"KelliiWood",0,"N/A",2018,"SSEO_9",57,NA,9,NA,NA,NA,"rockfish","yelloweye",145,145,38,"JV","Fish milling/hovering","","",NA
"262","SL_2018SSEO_Dive_09_07-57-18.000.avi",44226,"0:21:57",NA,"16:21:57",152.329,75.93,0.354,4353.76,5.747,38.267,3.323,-246.027,359.885,-4331.88,1,"KelliiWood",0,"N/A",2018,"SSEO_9",57,NA,9,NA,NA,NA,"rockfish","yelloweye",145,145,39,"JV","Fish milling/hovering","","",NA
"263","SL_2018SSEO_Dive_09_07-57-18.000.avi",53328,"0:27:01",NA,"16:27:01",255.791,38.095,0.878,4064.801,19.52,26.659,48.177,-540.709,1245.898,-3831.185,1,"KelliiWood",0,"N/A",2018,"SSEO_9",57,NA,9,NA,NA,NA,"rockfish","yelloweye",145,145,44,"JV","Fish milling/hovering","","",NA
"264","SL_2018SSEO_Dive_09_07-57-18.000.avi",56954,"0:29:01",NA,"16:29:01",328.534,78.602,3.36,4055.382,28.75,74.237,15.131,1946.694,-123.666,-3555.448,1,"KelliiWood",0,"N/A",2018,"SSEO_9",57,NA,9,NA,NA,NA,"rockfish","yelloweye",145,145,46,"SU","Fish milling/hovering","","",NA
"265","SL_2018SSEO_Dive_09_07-57-18.000.avi",56954,"0:29:01",NA,"16:29:01",199.916,61.326,1.067,4521.741,22.564,39.324,42.668,1730.646,-123.344,-4175.619,1,"KelliiWood",0,"N/A",2018,"SSEO_9",57,NA,9,NA,NA,NA,"rockfish","yelloweye",145,145,47,"JV","Fish milling/hovering","","",NA
"266","SL_2018SSEO_Dive_09_07-57-18.000.avi",57226,"0:29:11",NA,"16:29:11",608.839,95.058,0.656,5173.985,30.474,38.277,18.154,2600.258,352.123,-4459.236,1,"KelliiWood",0,"N/A",2018,"SSEO_9",57,NA,9,NA,NA,NA,"rockfish","yelloweye",145,145,48,"AD","Fish milling/hovering","","",NA
"267","SL_2018SSEO_Dive_09_07-57-18.000.avi",57966,"0:29:35",NA,"16:29:35",598.546,88.339,0.259,5352.121,30.896,31.907,19.356,2179.051,1674.591,-4592.676,1,"KelliiWood",0,"N/A",2018,"SSEO_9",57,NA,9,NA,NA,NA,"rockfish","yelloweye",145,145,50,"AD","Fish resting on bottom","","",NA
"268","SL_2018SSEO_Dive_09_07-57-18.000.avi",59974,"0:30:42",NA,"16:30:42",483.611,39.075,0.476,3612.113,24.816,28.405,17.591,-1157.046,-979.598,-3278.565,1,"KelliiWood",0,"N/A",2018,"SSEO_9",57,NA,9,NA,NA,NA,"rockfish","yelloweye",145,145,51,"AD","Fish actively swimming in frame","","",NA
"269","SL_2018SSEO_Dive_09_07-57-18.000.avi",63741,"0:32:48",NA,"16:32:48",495.823,39.915,0.879,4494.712,20.847,14.373,12.651,991.011,1255.527,-4200.475,1,"KelliiWood",0,"N/A",2018,"SSEO_9",57,NA,9,NA,NA,NA,"rockfish","yelloweye",145,145,52,"AD","Fish actively swimming in frame","","",NA
"270","SL_2018SSEO_Dive_09_07-57-18.000.avi",63956,"0:32:55",NA,"16:32:55",224.254,100.808,1.121,4606.015,28.479,69.192,0.345,-1952.23,1006.322,-4048.641,1,"KelliiWood",0,"N/A",2018,"SSEO_9",57,NA,9,NA,NA,NA,"rockfish","yelloweye",145,145,55,"JV","Fish milling/hovering","","",NA
"271","SL_2018SSEO_Dive_09_07-57-18.000.avi",76316,"0:39:47",NA,"16:39:47",388.468,139.799,1.064,6268.84,21.615,34.388,8.708,1823.602,1416.631,-5828.034,1,"KelliiWood",0,"N/A",2018,"SSEO_9",57,NA,9,NA,NA,NA,"rockfish","yelloweye",145,145,64,"AD","Fish milling/hovering","","",NA
"272","SL_2018SSEO_Dive_09_07-57-18.000.avi",76847,"0:40:05",NA,"16:40:05",278.741,79.351,0.693,4232.401,11.581,64.725,39.907,-449.282,721.175,-4146.236,1,"KelliiWood",0,"N/A",2018,"SSEO_9",57,NA,9,NA,NA,NA,"rockfish","yelloweye",145,145,66,"SU","Fish milling/hovering","","",NA
"273","SL_2018SSEO_Dive_09_07-57-18.000.avi",77006,"0:40:10",NA,"16:40:10",507.523,58.559,1.1,4042.988,24.526,60.53,49.49,775.348,1488.41,-3678.209,1,"KelliiWood",0,"N/A",2018,"SSEO_9",57,NA,9,NA,NA,NA,"rockfish","yelloweye",145,145,67,"AD","Attracted","","",NA
"274","SL_2018SSEO_Dive_09_07-57-18.000.avi",78191,"0:40:49",NA,"16:40:49",162.977,5.426,2.248,2887.717,6.047,5.643,52.956,300.463,-47.479,-2871.651,1,"KelliiWood",0,"N/A",2018,"SSEO_9",57,NA,9,NA,NA,NA,"rockfish","yelloweye",145,145,71,"JV","Fish resting on bottom","","",NA
"275","SL_2018SSEO_Dive_09_07-57-18.000.avi",21492,"0:09:19",NA,"16:09:19",NA,38.491,2.049,4346.143,24.082,NA,NA,-1658.651,606.329,-3971.172,1,"KelliiWood",0,"N/A",2018,"SSEO_9",57,NA,9,NA,NA,NA,"rockfish","quillback",147,147,9,"","","","",NA
"276","SL_2018SSEO_Dive_09_07-57-18.000.avi",29791,"0:13:56",NA,"16:13:56",NA,40.988,0.964,4595.942,21.901,NA,NA,-192.202,1680.634,-4273.313,1,"KelliiWood",0,"N/A",2018,"SSEO_9",57,NA,9,NA,NA,NA,"rockfish","quillback",147,147,14,"","","","",NA
"277","SL_2018SSEO_Dive_09_07-57-18.000.avi",30862,"0:14:32",NA,"16:14:32",NA,51.536,3.781,5379.733,9.33,NA,NA,109.721,836.745,-5313.13,1,"KelliiWood",0,"N/A",2018,"SSEO_9",57,NA,9,NA,NA,NA,"rockfish","quillback",147,147,15,"","","","",NA
"278","SL_2018SSEO_Dive_09_07-57-18.000.avi",35742,"0:17:14",NA,"16:17:14",NA,77.273,3.495,6252.77,28.418,NA,NA,-2814.562,936.321,-5504.423,1,"KelliiWood",0,"N/A",2018,"SSEO_9",57,NA,9,NA,NA,NA,"rockfish","quillback",147,147,20,"","","","",NA
"279","SL_2018SSEO_Dive_09_07-57-18.000.avi",37794,"0:18:23",NA,"16:18:23",NA,46.48,1.32,4796.353,24.175,NA,NA,-1866.842,587.273,-4378.928,1,"KelliiWood",0,"N/A",2018,"SSEO_9",57,NA,9,NA,NA,NA,"rockfish","quillback",147,147,23,"","","","",NA
"280","SL_2018SSEO_Dive_09_07-57-18.000.avi",39269,"0:19:12",NA,"16:19:12",NA,35.878,0.591,4202.419,20.872,NA,NA,-570.661,1363.18,-3934.007,1,"KelliiWood",0,"N/A",2018,"SSEO_9",57,NA,9,NA,NA,NA,"rockfish","quillback",147,147,25,"","","","",NA
"281","SL_2018SSEO_Dive_09_07-57-18.000.avi",42603,"0:21:03",NA,"16:21:03",NA,25.833,0.902,3934.145,2.748,NA,NA,-185.86,11.053,-3929.737,1,"KelliiWood",0,"N/A",2018,"SSEO_9",57,NA,9,NA,NA,NA,"rockfish","quillback",147,147,32,"","","","",NA
"282","SL_2018SSEO_Dive_09_07-57-18.000.avi",42603,"0:21:03",NA,"16:21:03",NA,29.483,0.78,3924.845,16.372,NA,NA,-1100.675,91.05,-3766.25,1,"KelliiWood",0,"N/A",2018,"SSEO_9",57,NA,9,NA,NA,NA,"rockfish","quillback",147,147,33,"","","","",NA
"283","SL_2018SSEO_Dive_09_07-57-18.000.avi",42738,"0:21:08",NA,"16:21:08",NA,27.624,0.177,3746.57,27.514,NA,NA,1709.221,254.537,-3324.239,1,"KelliiWood",0,"N/A",2018,"SSEO_9",57,NA,9,NA,NA,NA,"rockfish","quillback",147,147,34,"","","","",NA
"284","SL_2018SSEO_Dive_09_07-57-18.000.avi",43946,"0:21:48",NA,"16:21:48",NA,54.576,2.82,5402.151,15.726,NA,NA,81.704,1433.995,-5207.707,1,"KelliiWood",0,"N/A",2018,"SSEO_9",57,NA,9,NA,NA,NA,"rockfish","quillback",147,147,37,"","","","",NA
"285","SL_2018SSEO_Dive_09_07-57-18.000.avi",47676,"0:23:52",NA,"16:23:52",NA,54.755,0.023,5194.257,24.973,NA,NA,-2058.594,730.499,-4712.629,1,"KelliiWood",0,"N/A",2018,"SSEO_9",57,NA,9,NA,NA,NA,"rockfish","quillback",147,147,41,"","","","",NA
"286","SL_2018SSEO_Dive_09_07-57-18.000.avi",48177,"0:24:09",NA,"16:24:09",NA,69.696,0.799,5937.037,21.945,NA,NA,-475.135,2137.735,-5518.4,1,"KelliiWood",0,"N/A",2018,"SSEO_9",57,NA,9,NA,NA,NA,"rockfish","quillback",147,147,42,"","","","",NA
"287","SL_2018SSEO_Dive_09_07-57-18.000.avi",49156,"0:24:41",NA,"16:24:41",NA,51.837,0.601,5091.006,33.655,NA,NA,2294.149,1619.552,-4246.443,1,"KelliiWood",0,"N/A",2018,"SSEO_9",57,NA,9,NA,NA,NA,"rockfish","quillback",147,147,43,"","","","",NA
"288","SL_2018SSEO_Dive_09_07-57-18.000.avi",63741,"0:32:48",NA,"16:32:48",NA,61.624,0.006,5672.459,23.44,NA,NA,100.231,2226.348,-5216.332,1,"KelliiWood",0,"N/A",2018,"SSEO_9",57,NA,9,NA,NA,NA,"rockfish","quillback",147,147,53,"","","","",NA
"289","SL_2018SSEO_Dive_09_07-57-18.000.avi",66797,"0:34:30",NA,"16:34:30",NA,39.139,0.838,4435.53,18.68,NA,NA,-1386.108,-333.722,-4200.15,1,"KelliiWood",0,"N/A",2018,"SSEO_9",57,NA,9,NA,NA,NA,"rockfish","quillback",147,147,56,"","","","",NA
"290","SL_2018SSEO_Dive_09_07-57-18.000.avi",68366,"0:35:22",NA,"16:35:22",NA,24.981,0.641,3573.529,25.337,NA,NA,-1516.852,-211.625,-3228.697,1,"KelliiWood",0,"N/A",2018,"SSEO_9",57,NA,9,NA,NA,NA,"rockfish","quillback",147,147,57,"","","","",NA
"291","SL_2018SSEO_Dive_09_07-57-18.000.avi",71596,"0:37:10",NA,"16:37:10",NA,49.724,0.585,4835.939,22.785,NA,NA,1292.124,1331.767,-4465.772,1,"KelliiWood",0,"N/A",2018,"SSEO_9",57,NA,9,NA,NA,NA,"rockfish","quillback",147,147,60,"","","","",NA
"292","SL_2018SSEO_Dive_09_07-57-18.000.avi",74985,"0:39:02",NA,"16:39:02",NA,40.4,1.332,4495.663,24.074,NA,NA,1806.675,292.622,-4106.249,1,"KelliiWood",0,"N/A",2018,"SSEO_9",57,NA,9,NA,NA,NA,"rockfish","quillback",147,147,61,"","","","",NA
"293","SL_2018SSEO_Dive_09_07-57-18.000.avi",75595,"0:39:23",NA,"16:39:23",NA,25.358,0.39,3541.348,17.995,NA,NA,1020.981,374.977,-3370.183,1,"KelliiWood",0,"N/A",2018,"SSEO_9",57,NA,9,NA,NA,NA,"rockfish","quillback",147,147,62,"","","","",NA
"294","SL_2018SSEO_Dive_09_07-57-18.000.avi",76603,"0:39:56",NA,"16:39:56",NA,47.506,0.627,4989.558,16.949,NA,NA,195.26,1415.786,-4780.493,1,"KelliiWood",0,"N/A",2018,"SSEO_9",57,NA,9,NA,NA,NA,"rockfish","quillback",147,147,65,"","","","",NA
"295","SL_2018SSEO_Dive_09_07-57-18.000.avi",77297,"0:40:20",NA,"16:40:20",NA,17.416,0.806,2882.935,25.193,NA,NA,1118.738,490.369,-2611.374,1,"KelliiWood",0,"N/A",2018,"SSEO_9",57,NA,9,NA,NA,NA,"rockfish","quillback",147,147,68,"","","","",NA
"296","SL_2018SSEO_Dive_09_07-57-18.000.avi",77665,"0:40:32",NA,"16:40:32",NA,7.696,0.386,1943.228,14.806,NA,NA,319.428,-390.265,-1876.644,1,"KelliiWood",0,"N/A",2018,"SSEO_9",57,NA,9,NA,NA,NA,"rockfish","quillback",147,147,70,"","","","",NA
"297","SL_2018SSEO_Dive_09_07-57-18.000.avi",80692,"0:42:13",NA,"16:42:13",NA,28.656,0.671,3778.498,15.905,NA,NA,-838.156,588.511,-3637.059,1,"KelliiWood",0,"N/A",2018,"SSEO_9",57,NA,9,NA,NA,NA,"rockfish","quillback",147,147,72,"","","","",NA
"298","SL_2018SSEO_Dive_09_07-57-18.000.avi",22069,"0:09:39",NA,"16:09:39",NA,38.394,0.331,4252.97,28.621,NA,NA,1209.746,1619.151,-3742.007,1,"KelliiWood",0,"N/A",2018,"SSEO_9",57,NA,9,NA,NA,NA,"rockfish","tiger",148,148,10,"","","","",NA
"299","SL_2018SSEO_Dive_09_07-57-18.000.avi",37008,"0:17:57",NA,"16:17:57",NA,63.647,0.418,5621.089,19.756,NA,NA,666.804,1750.79,-5299.693,1,"KelliiWood",0,"N/A",2018,"SSEO_9",57,NA,9,NA,NA,NA,"rockfish","tiger",148,148,21,"","","","",NA
"300","SL_2018SSEO_Dive_09_07-57-18.000.avi",42110,"0:20:47",NA,"16:20:47",NA,24.017,1.039,3802.004,2.076,NA,NA,-137.636,-14.53,-3799.484,1,"KelliiWood",0,"N/A",2018,"SSEO_9",57,NA,9,NA,NA,NA,"rockfish","tiger",148,148,28,"","","","",NA
"301","SL_2018SSEO_Dive_09_07-57-18.000.avi",43881,"0:21:46",NA,"16:21:46",NA,27.309,0.512,3715.523,23.824,NA,NA,1491.957,144.583,-3399.745,1,"KelliiWood",0,"N/A",2018,"SSEO_9",57,NA,9,NA,NA,NA,"rockfish","tiger",148,148,36,"","","","",NA
"302","SL_2018SSEO_Dive_09_07-57-18.000.avi",47007,"0:23:30",NA,"16:23:30",NA,15.299,0.852,2832.637,29.158,NA,NA,1377.375,73.749,-2474.112,1,"KelliiWood",0,"N/A",2018,"SSEO_9",57,NA,9,NA,NA,NA,"rockfish","tiger",148,148,40,"","","","",NA
"303","SL_2018SSEO_Dive_09_07-57-18.000.avi",40260,"0:19:45",NA,"16:19:45",NA,21.142,0.203,3240.886,21.298,NA,NA,1164.784,-186.248,-3018.597,1,"KelliiWood",0,"N/A",2018,"SSEO_9",57,NA,9,NA,NA,NA,"rockfish","China",149,149,27,"","","","",NA
"304","SL_2018SSEO_Dive_09_07-57-18.000.avi",17960,"0:07:22",NA,"16:07:22",NA,22.633,0.603,3267.71,24.916,NA,NA,744.573,1142.05,-2969.724,1,"KelliiWood",0,"N/A",2018,"SSEO_9",57,NA,9,NA,NA,NA,"rockfish","rosethorn",150,150,6,"","","","",NA
"305","SL_2018SSEO_Dive_09_07-57-18.000.avi",31202,"0:14:43",NA,"16:14:43",NA,11.913,0.517,2636.99,3.257,NA,NA,76.769,114.572,-2633.381,1,"KelliiWood",0,"N/A",2018,"SSEO_9",57,NA,9,NA,NA,NA,"rockfish","silvergray",157,157,16,"","","","",NA
"306","SL_2018SSEO_Dive_09_07-57-18.000.avi",33638,"0:16:04",NA,"16:16:04",NA,29.155,0.542,3759.962,18.049,NA,NA,937.773,671.971,-3578.596,1,"KelliiWood",0,"N/A",2018,"SSEO_9",57,NA,9,NA,NA,NA,"greenling","kelp greenling",194,194,18,"","","","",NA
"307","SL_2018SSEO_Dive_09_07-57-18.000.avi",38970,"0:19:02",NA,"16:19:02",NA,41.897,1.36,4449.509,29.15,NA,NA,1703.152,1319.583,-3893.084,1,"KelliiWood",0,"N/A",2018,"SSEO_9",57,NA,9,NA,NA,NA,"greenling","kelp greenling",194,194,24,"","","","",NA
"308","SL_2018SSEO_Dive_09_07-57-18.000.avi",57463,"0:29:18",NA,"16:29:18",NA,45.346,1.053,4885.086,29.643,NA,NA,-2364.924,-517.628,-4243.025,1,"KelliiWood",0,"N/A",2018,"SSEO_9",57,NA,9,NA,NA,NA,"greenling","kelp greenling",194,194,49,"","","","",NA
"309","SL_2018SSEO_Dive_09_07-57-18.000.avi",76031,"0:39:37",NA,"16:39:37",NA,53.719,1.284,5014.007,25.336,NA,NA,1396.001,1605.101,-4540.385,1,"KelliiWood",0,"N/A",2018,"SSEO_9",57,NA,9,NA,NA,NA,"greenling","kelp greenling",194,194,63,"","","","",NA
"310","SL_2018SSEO_Dive_09_07-57-18.000.avi",3192,"0:59:09",NA,"16:59:09",527.112,140.995,0.669,6205.159,22.506,39.936,14.397,1096.709,2106.864,-5732.569,1,"KelliiWood",0,"N/A",2018,"SSEO_9",57,NA,9,NA,NA,NA,"halibut","halibut",200,200,1,"","","","",NA
"311","SL_2018SSEO_Dive_10_09-25-54.000.avi",55138,"0:56:35",NA,"1:56:35",579.46,58.715,0.83,5168.056,30.788,1.966,6.062,-2083.978,1629.378,-4439.704,1,"KelliiWood",0,"N/A",2018,"SSEO_10",58,NA,10,NA,NA,NA,"cod","Pacific cod",110,110,2,"","","","",NA
"312","SL_2018SSEO_Dive_10_09-25-54.000.avi",67679,"0:03:33",NA,"2:03:33",409.479,16.571,0.98,1831.968,3.002,53.571,22.865,-83.238,-47.687,-1829.454,1,"KelliiWood",0,"N/A",2018,"SSEO_10",58,NA,10,NA,NA,NA,"cod","Pacific cod",110,110,5,"","","","",NA
"313","SL_2018SSEO_Dive_10_09-25-54.000.avi",73928,"0:07:01",NA,"2:07:01",340.985,11.329,0.414,1706.533,23.697,38.157,11.976,641.936,-241.452,-1562.65,1,"KelliiWood",0,"N/A",2018,"SSEO_10",58,NA,10,NA,NA,NA,"cod","Pacific cod",110,110,6,"","","","",NA
"314","SL_2018SSEO_Dive_10_09-25-54.000.avi",57728,"0:58:01",NA,"1:58:01",NA,10.438,0.401,2258.445,23.396,NA,NA,877.15,-197.137,-2071.791,1,"KelliiWood",0,"N/A",2018,"SSEO_10",58,NA,10,NA,NA,NA,"rockfish","greenstripe",135,135,3,"","","","",NA
"315","SL_2018SSEO_Dive_10_09-25-54.000.avi",62584,"0:00:43",NA,"2:00:43",NA,12.893,1.741,2530.945,14.912,NA,NA,-556.055,-351.436,-2443.968,1,"KelliiWood",0,"N/A",2018,"SSEO_10",58,NA,10,NA,NA,NA,"rockfish","greenstripe",135,135,4,"","","","",NA
"316","SL_2018SSEO_Dive_10_09-25-54.000.avi",51708,"0:54:41",NA,"1:54:41",NA,14.545,0.286,2723.924,15.567,NA,NA,-701.832,191.266,-2624.997,1,"KelliiWood",0,"N/A",2018,"SSEO_10",58,NA,10,NA,NA,NA,"rockfish","redbanded",153,153,1,"","","","",NA
"317","SL_2018SSEO_Dive_11_10-51-24.000.avi",16057,"11:00:24",NA,"3:00:24",472.598,17.775,5.252,2636.599,17.167,17.858,0.85,-742.435,233.192,-2519.139,1,"KelliiWood",0,"N/A",2018,"SSEO_11",59,NA,11,NA,NA,NA,"cod","Pacific cod",110,110,4,"","","","",NA
"318","SL_2018SSEO_Dive_11_10-51-24.000.avi",66510,"11:28:26",NA,"3:28:26",359.14,40.362,0.831,3758.891,16.256,29.841,28.351,505.432,922.908,-3608.606,1,"KelliiWood",0,"N/A",2018,"SSEO_11",59,NA,11,NA,NA,NA,"cod","Pacific cod",110,110,7,"","","","",NA
"319","SL_2018SSEO_Dive_11_10-51-24.000.avi",67661,"11:29:04",NA,"3:29:04",405.61,12.309,0.522,1627.55,20.999,68.724,34.914,-467.443,348.798,-1519.459,1,"KelliiWood",0,"N/A",2018,"SSEO_11",59,NA,11,NA,NA,NA,"cod","Pacific cod",110,110,9,"","","","",NA
"320","SL_2018SSEO_Dive_11_10-51-24.000.avi",67559,"11:29:01",NA,"3:29:01",NA,3.206,0.022,1241.401,16.795,NA,NA,-155.33,-329.308,-1186.805,1,"KelliiWood",0,"N/A",2018,"SSEO_11",59,NA,11,NA,NA,NA,"rockfish","greenstripe",135,135,8,"","","","",NA
"321","SL_2018SSEO_Dive_11_10-51-24.000.avi",7641,"10:55:44",NA,"2:55:44",716.977,67.603,1.329,4632.998,25.859,37.259,31.52,-1174.961,-1643.985,-4169.106,1,"KelliiWood",0,"N/A",2018,"SSEO_11",59,NA,11,NA,NA,NA,"rockfish","yelloweye",145,145,2,"AD","Feeding","","",NA
"322","SL_2018SSEO_Dive_11_10-51-24.000.avi",10725,"10:57:27",NA,"2:57:27",423.983,146.463,0.781,5169.286,16.672,62.66,6.016,1415.417,-442.594,-4951.992,1,"KelliiWood",0,"N/A",2018,"SSEO_11",59,NA,11,NA,NA,NA,"rockfish","yelloweye",145,145,3,"SU","Fish milling/hovering","","",NA
"323","SL_2018SSEO_Dive_11_10-51-24.000.avi",19350,"11:02:14",NA,"3:02:14",511.981,78.333,1.439,4712.806,3.774,44.093,39.134,50.972,306.009,-4702.584,1,"KelliiWood",0,"N/A",2018,"SSEO_11",59,NA,11,NA,NA,NA,"rockfish","yelloweye",145,145,5,"AD","Feeding","","",NA
"324","SL_2018SSEO_Dive_11_10-51-24.000.avi",74040,"11:32:37",NA,"3:32:37",749.666,152.871,0.74,6264.973,33.222,66.384,25.681,2572.458,2272.567,-5240.971,1,"KelliiWood",0,"N/A",2018,"SSEO_11",59,NA,11,NA,NA,NA,"rockfish","yelloweye",145,145,11,"AD","Fish milling/hovering","","",NA
"325","SL_2018SSEO_Dive_11_10-51-24.000.avi",71268,"11:31:05",NA,"3:31:05",NA,50.507,0.839,5146.7,20.612,NA,NA,51.069,1786.828,-4826.299,1,"KelliiWood",0,"N/A",2018,"SSEO_11",59,NA,11,NA,NA,NA,"rockfish","rosethorn",150,150,10,"","","","",NA
"326","SL_2018SSEO_Dive_11_10-51-24.000.avi",74293,"11:32:45",NA,"3:32:45",NA,32.556,0.288,4083.787,12.429,NA,NA,-691.37,-562.846,-3985.289,1,"KelliiWood",0,"N/A",2018,"SSEO_11",59,NA,11,NA,NA,NA,"rockfish","rosethorn",150,150,12,"","","","",NA
"327","SL_2018SSEO_Dive_11_10-51-24.000.avi",2963,"10:53:08",NA,"2:53:08",NA,17.228,0.704,2887.201,25.799,NA,NA,-1126.8,543.009,-2602.189,1,"KelliiWood",0,"N/A",2018,"SSEO_11",59,NA,11,NA,NA,NA,"rockfish","dusky",172,172,1,"","","","",NA
"328","SL_2018SSEO_Dive_11_10-51-24.000.avi",30893,"11:08:39",NA,"3:08:39",NA,14.993,0.164,2907.83,6.31,NA,NA,-159.997,262.122,-2891.568,1,"KelliiWood",0,"N/A",2018,"SSEO_11",59,NA,11,NA,NA,NA,"","",NA,NA,6,"","","","Pyrosome for Aaron",NA
"329","SL_2018SSEO_Dive_12_12-58-50.000.avi",12777,"13:06:01",NA,"5:06:01",415.706,62.843,2.505,4758.96,28.449,15.315,5.861,2083.969,892.451,-4184.292,1,"KelliiWood",0,"N/A",2018,"SSEO_12",60,NA,12,NA,NA,NA,"greenling","lingcod",130,130,10,"","Fish resting on bottom","","",NA
"330","SL_2018SSEO_Dive_12_12-58-50.000.avi",10754,"13:04:53",NA,"5:04:53",259.574,26.386,1.763,2459.698,26.806,62.78,27.481,670.189,883.894,-2195.38,1,"KelliiWood",0,"N/A",2018,"SSEO_12",60,NA,12,NA,NA,NA,"rockfish","black",142,142,7,"","Fish milling/hovering","","",NA
"331","SL_2018SSEO_Dive_12_12-58-50.000.avi",10554,"13:04:47",NA,"5:04:47",161.947,22.76,1.974,3074.728,10.7,20.274,15.384,570.846,4.524,-3021.27,1,"KelliiWood",0,"N/A",2018,"SSEO_12",60,NA,12,NA,NA,NA,"rockfish","yelloweye",145,145,6,"JV","Fish moving quickly out of frame","","",NA
"332","SL_2018SSEO_Dive_12_12-58-50.000.avi",11233,"13:05:09",NA,"5:05:09",141.07,66.869,4.6,4463.647,31.543,46.627,30.404,1925.257,1321.437,-3804.121,1,"KelliiWood",0,"N/A",2018,"SSEO_12",60,NA,12,NA,NA,NA,"rockfish","yelloweye",145,145,8,"JV","Feeding","","",NA
"333","SL_2018SSEO_Dive_12_12-58-50.000.avi",22202,"13:11:15",NA,"5:11:15",216.139,48.369,2.465,3608.487,22.467,36.933,16.587,-1363.384,-207.005,-3334.593,1,"KelliiWood",0,"N/A",2018,"SSEO_12",60,NA,12,NA,NA,NA,"rockfish","yelloweye",145,145,16,"JV","Feeding","","",NA
"334","SL_2018SSEO_Dive_12_12-58-50.000.avi",26282,"13:13:31",NA,"5:13:31",202.234,78.366,2.437,5408.06,32.576,21.405,10.976,2310.388,1772.177,-4557.259,1,"KelliiWood",0,"N/A",2018,"SSEO_12",60,NA,12,NA,NA,NA,"rockfish","yelloweye",145,145,20,"JV","Fish milling/hovering","","",NA
"335","SL_2018SSEO_Dive_12_12-58-50.000.avi",45241,"13:24:03",NA,"5:24:03",291.317,108.861,3.344,4695.684,24.898,86.843,24.323,-1930.7,-424.906,-4259.261,1,"KelliiWood",0,"N/A",2018,"SSEO_12",60,NA,12,NA,NA,NA,"rockfish","yelloweye",145,145,30,"JV","Fish resting on bottom","","",NA
"336","SL_2018SSEO_Dive_12_12-58-50.000.avi",49609,"13:26:29",NA,"5:26:29",332.84,110.846,4.677,5425.097,34.111,55.162,0.68,2365.826,1912.784,-4491.748,1,"KelliiWood",0,"N/A",2018,"SSEO_12",60,NA,12,NA,NA,NA,"rockfish","yelloweye",145,145,32,"JV","Fish milling/hovering","","",NA
"337","SL_2018SSEO_Dive_12_12-58-50.000.avi",58770,"13:31:34",NA,"5:31:34",454.753,145.455,3.105,5447.249,19.826,58.908,13.68,-162.686,1840.358,-5124.367,1,"KelliiWood",0,"N/A",2018,"SSEO_12",60,NA,12,NA,NA,NA,"rockfish","yelloweye",145,145,37,"JV","Fish milling/hovering","","",NA
"338","SL_2018SSEO_Dive_12_12-58-50.000.avi",68647,"13:37:03",NA,"5:37:03",146.51,66.352,2.906,3892.267,17.353,50.437,22.117,536.537,1029.459,-3715.116,1,"KelliiWood",0,"N/A",2018,"SSEO_12",60,NA,12,NA,NA,NA,"rockfish","yelloweye",145,145,41,"JV","Fish moving quickly out of frame","","",NA
"339","SL_2018SSEO_Dive_12_12-58-50.000.avi",1330,"12:59:39",NA,"4:59:39",NA,43.362,2.333,4570.561,23.685,NA,NA,-846.611,1608.066,-4193.733,1,"KelliiWood",0,"N/A",2018,"SSEO_12",60,NA,12,NA,NA,NA,"rockfish","quillback",147,147,1,"","","","",NA
"340","SL_2018SSEO_Dive_12_12-58-50.000.avi",1330,"12:59:39",NA,"4:59:39",NA,76.459,1.91,6169.759,24.224,NA,NA,630.923,2423.218,-5638.783,1,"KelliiWood",0,"N/A",2018,"SSEO_12",60,NA,12,NA,NA,NA,"rockfish","quillback",147,147,2,"","","","",NA
"341","SL_2018SSEO_Dive_12_12-58-50.000.avi",1732,"12:59:53",NA,"4:59:53",NA,50.215,0.127,4894.396,22.215,NA,NA,-1132.466,1440.629,-4538.416,1,"KelliiWood",0,"N/A",2018,"SSEO_12",60,NA,12,NA,NA,NA,"rockfish","quillback",147,147,3,"","","","",NA
"342","SL_2018SSEO_Dive_12_12-58-50.000.avi",10018,"13:04:29",NA,"5:04:29",NA,39.251,0.683,4620.407,11.777,NA,NA,-157.494,907.031,-4527.765,1,"KelliiWood",0,"N/A",2018,"SSEO_12",60,NA,12,NA,NA,NA,"rockfish","quillback",147,147,5,"","","","",NA
"343","SL_2018SSEO_Dive_12_12-58-50.000.avi",16368,"13:08:01",NA,"5:08:01",NA,48.5,3.64,4922.011,24.494,NA,NA,-1968.603,515.012,-4481.692,1,"KelliiWood",0,"N/A",2018,"SSEO_12",60,NA,12,NA,NA,NA,"rockfish","quillback",147,147,11,"","","","",NA
"344","SL_2018SSEO_Dive_12_12-58-50.000.avi",16841,"13:08:16",NA,"5:08:16",NA,66.889,3.938,5819.026,15.328,NA,NA,-1362.362,685.969,-5615.556,1,"KelliiWood",0,"N/A",2018,"SSEO_12",60,NA,12,NA,NA,NA,"rockfish","quillback",147,147,13,"","","","",NA
"345","SL_2018SSEO_Dive_12_12-58-50.000.avi",17275,"13:08:31",NA,"5:08:31",NA,77.486,2.517,6226.21,32.817,NA,NA,2833.614,1805.828,-5241.689,1,"KelliiWood",0,"N/A",2018,"SSEO_12",60,NA,12,NA,NA,NA,"rockfish","quillback",147,147,14,"","","","",NA
"346","SL_2018SSEO_Dive_12_12-58-50.000.avi",22779,"13:11:34",NA,"5:11:34",NA,15.993,0.46,2762.627,28.062,NA,NA,-961.645,-886.472,-2433.417,1,"KelliiWood",0,"N/A",2018,"SSEO_12",60,NA,12,NA,NA,NA,"rockfish","quillback",147,147,17,"","","","",NA
"347","SL_2018SSEO_Dive_12_12-58-50.000.avi",27113,"13:13:59",NA,"5:13:59",NA,55.209,3.485,5192.279,23.576,NA,NA,722.262,1923.084,-4768.632,1,"KelliiWood",0,"N/A",2018,"SSEO_12",60,NA,12,NA,NA,NA,"rockfish","quillback",147,147,21,"","","","",NA
"348","SL_2018SSEO_Dive_12_12-58-50.000.avi",27838,"13:14:23",NA,"5:14:23",NA,95.6,6.477,7123.22,27.077,NA,NA,-3228.415,268.885,-6343.918,1,"KelliiWood",0,"N/A",2018,"SSEO_12",60,NA,12,NA,NA,NA,"rockfish","quillback",147,147,22,"","","","",NA
"349","SL_2018SSEO_Dive_12_12-58-50.000.avi",34332,"13:17:59",NA,"5:17:59",NA,106.537,3.653,8108.601,1.558,NA,NA,144.571,-207.22,-8104.663,1,"KelliiWood",0,"N/A",2018,"SSEO_12",60,NA,12,NA,NA,NA,"rockfish","quillback",147,147,24,"","","","",NA
"350","SL_2018SSEO_Dive_12_12-58-50.000.avi",35574,"13:18:41",NA,"5:18:41",NA,42.232,1.082,4660.661,14.502,NA,NA,1139.127,-276.657,-4510.833,1,"KelliiWood",0,"N/A",2018,"SSEO_12",60,NA,12,NA,NA,NA,"rockfish","quillback",147,147,25,"","","","",NA
"351","SL_2018SSEO_Dive_12_12-58-50.000.avi",41011,"13:21:42",NA,"5:21:42",NA,25.624,1.461,3763.234,9.067,NA,NA,587.512,61.948,-3716.574,1,"KelliiWood",0,"N/A",2018,"SSEO_12",60,NA,12,NA,NA,NA,"rockfish","quillback",147,147,26,"","","","",NA
"352","SL_2018SSEO_Dive_12_12-58-50.000.avi",42120,"13:22:19",NA,"5:22:19",NA,44.677,0.309,4914.052,9.515,NA,NA,-564.206,560.045,-4849.323,1,"KelliiWood",0,"N/A",2018,"SSEO_12",60,NA,12,NA,NA,NA,"rockfish","quillback",147,147,27,"","","","",NA
"353","SL_2018SSEO_Dive_12_12-58-50.000.avi",44279,"13:23:31",NA,"5:23:31",NA,87.886,1.78,6610.599,30.948,NA,NA,-2798.86,1901.096,-5679.105,1,"KelliiWood",0,"N/A",2018,"SSEO_12",60,NA,12,NA,NA,NA,"rockfish","quillback",147,147,28,"","","","",NA
"354","SL_2018SSEO_Dive_12_12-58-50.000.avi",44633,"13:23:43",NA,"5:23:43",NA,60.253,4.502,5536.562,25.425,NA,NA,-384.328,2320.505,-5012.092,1,"KelliiWood",0,"N/A",2018,"SSEO_12",60,NA,12,NA,NA,NA,"rockfish","quillback",147,147,29,"","","","",NA
"355","SL_2018SSEO_Dive_12_12-58-50.000.avi",49198,"13:26:15",NA,"5:26:15",NA,52.322,1.922,5413.554,8.767,NA,NA,-209.203,771.16,-5354.262,1,"KelliiWood",0,"N/A",2018,"SSEO_12",60,NA,12,NA,NA,NA,"rockfish","quillback",147,147,31,"","","","",NA
"356","SL_2018SSEO_Dive_12_12-58-50.000.avi",49609,"13:26:29",NA,"5:26:29",NA,86.831,2.492,6404.24,25.076,NA,NA,1504.985,2229.544,-5811.923,1,"KelliiWood",0,"N/A",2018,"SSEO_12",60,NA,12,NA,NA,NA,"rockfish","quillback",147,147,33,"","","","",NA
"357","SL_2018SSEO_Dive_12_12-58-50.000.avi",50151,"13:26:47",NA,"5:26:47",NA,55.379,4.004,5098.506,26.945,NA,NA,1431.503,1790.437,-4554.108,1,"KelliiWood",0,"N/A",2018,"SSEO_12",60,NA,12,NA,NA,NA,"rockfish","quillback",147,147,35,"","","","",NA
"358","SL_2018SSEO_Dive_12_12-58-50.000.avi",59657,"13:32:04",NA,"5:32:04",NA,37.733,1.261,4423.495,26.462,NA,NA,-1950.156,266.93,-3961.433,1,"KelliiWood",0,"N/A",2018,"SSEO_12",60,NA,12,NA,NA,NA,"rockfish","quillback",147,147,38,"","","","",NA
"359","SL_2018SSEO_Dive_12_12-58-50.000.avi",63311,"13:34:05",NA,"5:34:05",NA,49.671,6.032,5274.322,9.157,NA,NA,-157.571,798.242,-5211.186,1,"KelliiWood",0,"N/A",2018,"SSEO_12",60,NA,12,NA,NA,NA,"rockfish","quillback",147,147,40,"","","","",NA
"360","SL_2018SSEO_Dive_12_12-58-50.000.avi",73544,"13:39:46",NA,"5:39:46",NA,78.757,1.631,6124.776,21.662,NA,NA,1321.876,1805.421,-5701.401,1,"KelliiWood",0,"N/A",2018,"SSEO_12",60,NA,12,NA,NA,NA,"rockfish","quillback",147,147,42,"","","","",NA
"361","SL_2018SSEO_Dive_12_12-58-50.000.avi",73544,"13:39:46",NA,"5:39:46",NA,84.917,3.751,6520.842,33.14,NA,NA,2931.213,2001.402,-5470.262,1,"KelliiWood",0,"N/A",2018,"SSEO_12",60,NA,12,NA,NA,NA,"rockfish","quillback",147,147,43,"","","","",NA
"362","SL_2018SSEO_Dive_12_12-58-50.000.avi",74344,"13:40:13",NA,"5:40:13",NA,126.831,5.878,7776.92,30.61,NA,NA,2767.525,2798.572,-6707.405,1,"KelliiWood",0,"N/A",2018,"SSEO_12",60,NA,12,NA,NA,NA,"rockfish","quillback",147,147,44,"","","","",NA
"363","SL_2018SSEO_Dive_12_12-58-50.000.avi",74612,"13:40:22",NA,"5:40:22",NA,35.053,2.748,4194.832,31.665,NA,NA,1986.295,932.644,-3575.112,1,"KelliiWood",0,"N/A",2018,"SSEO_12",60,NA,12,NA,NA,NA,"rockfish","quillback",147,147,45,"","","","",NA
"364","SL_2018SSEO_Dive_12_12-58-50.000.avi",11327,"13:05:13",NA,"5:05:13",NA,16.827,0.488,3102.184,5.891,NA,NA,91.599,289.375,-3087.3,1,"KelliiWood",0,"N/A",2018,"SSEO_12",60,NA,12,NA,NA,NA,"rockfish","tiger",148,148,9,"","","","",NA
"365","SL_2018SSEO_Dive_12_12-58-50.000.avi",25476,"13:13:04",NA,"5:13:04",NA,25.377,0.563,3817.268,6.717,NA,NA,-47.158,424.881,-3793.255,1,"KelliiWood",0,"N/A",2018,"SSEO_12",60,NA,12,NA,NA,NA,"rockfish","tiger",148,148,19,"","","","",NA
"366","SL_2018SSEO_Dive_12_12-58-50.000.avi",30660,"13:15:57",NA,"5:15:57",NA,24.746,2.053,3567.458,17.812,NA,NA,1090.946,9.944,-3396.542,1,"KelliiWood",0,"N/A",2018,"SSEO_12",60,NA,12,NA,NA,NA,"rockfish","China",149,149,23,"","","","",NA
"367","SL_2018SSEO_Dive_12_12-58-50.000.avi",16650,"13:08:10",NA,"5:08:10",NA,36.721,1.578,4152.38,27.014,NA,NA,1149.618,1476.485,-3706.836,1,"KelliiWood",0,"N/A",2018,"SSEO_12",60,NA,12,NA,NA,NA,"rockfish","yellowtail",155,155,12,"","","","",NA
"368","SL_2018SSEO_Dive_12_12-58-50.000.avi",9373,"13:04:07",NA,"5:04:07",NA,26.799,0.39,3650.781,23.925,NA,NA,1451.76,273.574,-3338.526,1,"KelliiWood",0,"N/A",2018,"SSEO_12",60,NA,12,NA,NA,NA,"greenling","kelp greenling",194,194,4,"","","","",NA
"369","SL_2018SSEO_Dive_12_12-58-50.000.avi",17370,"13:08:34",NA,"5:08:34",NA,15.554,0.853,2820.551,20.63,NA,NA,-993.738,-6.753,-2639.687,1,"KelliiWood",0,"N/A",2018,"SSEO_12",60,NA,12,NA,NA,NA,"greenling","kelp greenling",194,194,15,"","","","",NA
"370","SL_2018SSEO_Dive_12_12-58-50.000.avi",49670,"13:26:31",NA,"5:26:31",NA,76.705,6.99,6405.246,12.176,NA,NA,406.342,1256.897,-6267.558,1,"KelliiWood",0,"N/A",2018,"SSEO_12",60,NA,12,NA,NA,NA,"greenling","kelp greenling",194,194,34,"","","","",NA
"371","SL_2018SSEO_Dive_12_12-58-50.000.avi",50687,"13:27:05",NA,"5:27:05",NA,30.201,3.188,3775.358,23.651,NA,NA,1282.531,788.112,-3462.271,1,"KelliiWood",0,"N/A",2018,"SSEO_12",60,NA,12,NA,NA,NA,"greenling","kelp greenling",194,194,36,"","","","",NA
"372","SL_2018SSEO_Dive_12_12-58-50.000.avi",60562,"13:32:34",NA,"5:32:34",NA,45.865,2.658,4925.621,29.55,NA,NA,-2375.618,486.077,-4287.413,1,"KelliiWood",0,"N/A",2018,"SSEO_12",60,NA,12,NA,NA,NA,"greenling","kelp greenling",194,194,39,"","","","",NA
"373","SL_2018SSEO_Dive_12_12-58-50.000.avi",25476,"13:13:04",NA,"5:13:04",NA,14.876,0.607,2870.174,7.863,NA,NA,141.908,351.795,-2844.996,1,"KelliiWood",0,"N/A",2018,"SSEO_12",60,NA,12,NA,NA,NA,"rockfish","unknown",NA,NA,18,"","","YES","",NA
"374","SL_2018SSEO_Dive_13_14-30-46.000.avi",52779,"15:00:06",NA,"7:00:06",NA,27.543,0.123,3655.6,17.862,NA,NA,889.869,664.674,-3482.779,1,"KelliiWood",0,"N/A",2018,"SSEO_13",61,NA,13,NA,NA,NA,"rockfish","greenstripe",135,135,27,"","","","",NA
"375","SL_2018SSEO_Dive_13_14-30-46.000.avi",10292,"14:36:30",NA,"6:36:30",180.078,23.226,1.194,3115.932,9.565,28.199,41.373,481.633,-190.01,-3072.614,1,"KelliiWood",0,"N/A",2018,"SSEO_13",61,NA,13,NA,NA,NA,"rockfish","yelloweye",145,145,3,"JV","Fish resting on bottom","","",NA
"376","SL_2018SSEO_Dive_13_14-30-46.000.avi",10476,"14:36:36",NA,"6:36:36",NA,36.073,4.448,4270.186,22.099,NA,NA,1594.377,177.15,-3957.407,1,"KelliiWood",0,"N/A",2018,"SSEO_13",61,NA,13,NA,NA,NA,"rockfish","yelloweye",145,145,4,"AD","Feeding","","NO LENGTH, 1/2 body hidden",NA
"377","SL_2018SSEO_Dive_13_14-30-46.000.avi",10664,"14:36:42",NA,"6:36:42",284.282,78.8,8.491,5569.775,11.004,27.757,34.556,530.411,921.333,-5467.376,1,"KelliiWood",0,"N/A",2018,"SSEO_13",61,NA,13,NA,NA,NA,"rockfish","yelloweye",145,145,5,"JV","Fish seeking cover","","",NA
"378","SL_2018SSEO_Dive_13_14-30-46.000.avi",12590,"14:37:47",NA,"6:37:47",190.314,85.842,0.789,4522.915,15.643,42.503,4.908,707.927,993.068,-4355.389,1,"KelliiWood",0,"N/A",2018,"SSEO_13",61,NA,13,NA,NA,NA,"rockfish","yelloweye",145,145,6,"JV","Fish resting on bottom","","",NA
"379","SL_2018SSEO_Dive_13_14-30-46.000.avi",13140,"14:38:05",NA,"6:38:05",244.648,31.021,2.438,2916.878,28.312,47.972,25.512,-874.489,-1071.924,-2567.961,1,"KelliiWood",0,"N/A",2018,"SSEO_13",61,NA,13,NA,NA,NA,"rockfish","yelloweye",145,145,7,"JV","Fish resting on bottom","","",NA
"380","SL_2018SSEO_Dive_13_14-30-46.000.avi",16717,"14:40:04",NA,"6:40:04",490.22,141.348,2.152,5320.35,19.437,60.633,17.04,-1290.796,1211.795,-5017.123,1,"KelliiWood",0,"N/A",2018,"SSEO_13",61,NA,13,NA,NA,NA,"rockfish","yelloweye",145,145,8,"AD","Fish milling/hovering","","",NA
"381","SL_2018SSEO_Dive_13_14-30-46.000.avi",18232,"14:40:55",NA,"6:40:55",257.038,56.077,6.196,3839.622,7.121,36.158,3.668,165.699,446.195,-3810.006,1,"KelliiWood",0,"N/A",2018,"SSEO_13",61,NA,13,NA,NA,NA,"rockfish","yelloweye",145,145,9,"JV","Fish resting on bottom","","",NA
"382","SL_2018SSEO_Dive_13_14-30-46.000.avi",20414,"14:42:07",NA,"6:42:07",206.486,28.92,0.151,5066.447,7.764,9.602,9.006,251.813,636.425,-5020.004,1,"KelliiWood",0,"N/A",2018,"SSEO_13",61,NA,13,NA,NA,NA,"rockfish","yelloweye",145,145,10,"JV","Fish resting on bottom","","",NA
"383","SL_2018SSEO_Dive_13_14-30-46.000.avi",20816,"14:42:21",NA,"6:42:21",836.795,318.236,8.43,8247.191,12.605,50.86,17.7,935.664,1537.508,-8048.401,1,"KelliiWood",0,"N/A",2018,"SSEO_13",61,NA,13,NA,NA,NA,"rockfish","yelloweye",145,145,11,"AD","Fish moving quickly into frame","","",NA
"384","SL_2018SSEO_Dive_13_14-30-46.000.avi",24945,"14:44:38",NA,"6:44:38",NA,62.297,0.725,5526.383,17.816,NA,NA,1481.713,788.082,-5265.393,1,"KelliiWood",0,"N/A",2018,"SSEO_13",61,NA,13,NA,NA,NA,"rockfish","yelloweye",145,145,13,"AD","Attracted","","NO LENGTH, coming toward rov",NA
"385","SL_2018SSEO_Dive_13_14-30-46.000.avi",26108,"14:45:17",NA,"6:45:17",418.868,112.124,1.087,5711.126,19.795,42.028,35.792,1194.111,1521.46,-5373.659,1,"KelliiWood",0,"N/A",2018,"SSEO_13",61,NA,13,NA,NA,NA,"rockfish","yelloweye",145,145,14,"SU","Fish milling/hovering","","",NA
"386","SL_2018SSEO_Dive_13_14-30-46.000.avi",27197,"14:45:54",NA,"6:45:54",387.105,157.836,1.771,6590.226,27.931,38.291,10.157,2613.542,1642.766,-5822.525,1,"KelliiWood",0,"N/A",2018,"SSEO_13",61,NA,13,NA,NA,NA,"rockfish","yelloweye",145,145,15,"SU","Fish milling/hovering","","",NA
"387","SL_2018SSEO_Dive_13_14-30-46.000.avi",29630,"14:47:15",NA,"6:47:15",167.476,13.443,0.635,2218.928,28.269,15.793,1.363,-954.54,-439.639,-1954.28,1,"KelliiWood",0,"N/A",2018,"SSEO_13",61,NA,13,NA,NA,NA,"rockfish","yelloweye",145,145,19,"JV","Fish resting on bottom","","",NA
"388","SL_2018SSEO_Dive_13_14-30-46.000.avi",32432,"14:48:48",NA,"6:48:48",126.65,15.191,1.25,3249.715,14.47,3.076,29.636,-810.515,49.609,-3146.626,1,"KelliiWood",0,"N/A",2018,"SSEO_13",61,NA,13,NA,NA,NA,"rockfish","yelloweye",145,145,21,"JV","Fish resting on bottom","","",NA
"389","SL_2018SSEO_Dive_13_14-30-46.000.avi",32637,"14:48:55",NA,"6:48:55",246.337,37.214,0.585,3465.551,27.89,27.309,20.122,-1619.384,-74.667,-3063.015,1,"KelliiWood",0,"N/A",2018,"SSEO_13",61,NA,13,NA,NA,NA,"rockfish","yelloweye",145,145,22,"JV","Fish resting on bottom","","",NA
"390","SL_2018SSEO_Dive_13_14-30-46.000.avi",37044,"14:51:22",NA,"6:51:22",379.619,91.369,4.999,5739.474,31.824,23.559,27.065,2868.726,964.398,-4876.67,1,"KelliiWood",0,"N/A",2018,"SSEO_13",61,NA,13,NA,NA,NA,"rockfish","yelloweye",145,145,23,"SU","Fish milling/hovering","","",NA
"391","SL_2018SSEO_Dive_13_14-30-46.000.avi",38610,"14:52:14",NA,"6:52:14",681.604,121.096,1.99,5406.477,30.396,61.685,18.35,-2475.668,1163.796,-4663.33,1,"KelliiWood",0,"N/A",2018,"SSEO_13",61,NA,13,NA,NA,NA,"rockfish","yelloweye",145,145,24,"AD","Fish moving slowly into frame","","",NA
"392","SL_2018SSEO_Dive_13_14-30-46.000.avi",40515,"14:53:17",NA,"6:53:17",441.959,24.993,1.252,2536.812,25.465,71.857,43.622,-896.922,-620.632,-2290.363,1,"KelliiWood",0,"N/A",2018,"SSEO_13",61,NA,13,NA,NA,NA,"rockfish","yelloweye",145,145,25,"AD","Fish resting on bottom","","",NA
"393","SL_2018SSEO_Dive_13_14-30-46.000.avi",42471,"14:54:23",NA,"6:54:23",897.026,163.258,1.21,6100.311,8.871,42.23,0.678,723.097,601.772,-6027.337,1,"KelliiWood",0,"N/A",2018,"SSEO_13",61,NA,13,NA,NA,NA,"rockfish","yelloweye",145,145,26,"AD","Fish chasing other fish","","",NA
"394","SL_2018SSEO_Dive_13_14-30-46.000.avi",59216,"15:03:41",NA,"7:03:41",432.795,60.512,1.181,4649.366,20.641,28.796,21.785,-673.035,1494.395,-4350.909,1,"KelliiWood",0,"N/A",2018,"SSEO_13",61,NA,13,NA,NA,NA,"rockfish","yelloweye",145,145,28,"SU","Attracted","","Fish swam right to ROV",NA
"395","SL_2018SSEO_Dive_13_14-30-46.000.avi",78644,"15:14:28",NA,"7:14:28",594.722,61.311,2.806,3612.735,20.352,59.784,27.242,1225.247,-278.211,-3387.215,1,"KelliiWood",0,"N/A",2018,"SSEO_13",61,NA,13,NA,NA,NA,"rockfish","yelloweye",145,145,30,"AD","Fish resting on bottom","","",NA
"396","SL_2018SSEO_Dive_13_14-30-46.000.avi",85224,"15:18:08",NA,"7:18:08",354.305,72.379,0.673,4410.982,28.9,53.729,31.555,2077.925,-475.877,-3861.675,1,"KelliiWood",0,"N/A",2018,"SSEO_13",61,NA,13,NA,NA,NA,"rockfish","yelloweye",145,145,34,"AD","Fish resting on bottom","","",NA
"397","SL_2018SSEO_Dive_13_14-30-46.000.avi",22072,"14:43:03",NA,"6:43:03",NA,10.021,0.272,2183.677,29.575,NA,NA,614.06,-895.294,-1894.683,1,"KelliiWood",0,"N/A",2018,"SSEO_13",61,NA,13,NA,NA,NA,"rockfish","quillback",147,147,12,"","","","",NA
"398","SL_2018SSEO_Dive_13_14-30-46.000.avi",27602,"14:46:07",NA,"6:46:07",NA,32.88,1.222,4313.295,7.753,NA,NA,131.122,545.367,-4276.669,1,"KelliiWood",0,"N/A",2018,"SSEO_13",61,NA,13,NA,NA,NA,"rockfish","quillback",147,147,16,"","","","",NA
"399","SL_2018SSEO_Dive_13_14-30-46.000.avi",27743,"14:46:12",NA,"6:46:12",NA,20.537,0.334,3379.568,30.878,NA,NA,-1729.1,-150.714,-2899.824,1,"KelliiWood",0,"N/A",2018,"SSEO_13",61,NA,13,NA,NA,NA,"rockfish","quillback",147,147,17,"","","","",NA
"400","SL_2018SSEO_Dive_13_14-30-46.000.avi",28107,"14:46:24",NA,"6:46:24",NA,22.412,1.832,3354.658,20.287,NA,NA,-297.433,1108.632,-3152.174,1,"KelliiWood",0,"N/A",2018,"SSEO_13",61,NA,13,NA,NA,NA,"rockfish","quillback",147,147,18,"","","","",NA
"401","SL_2018SSEO_Dive_13_14-30-46.000.avi",31105,"14:48:04",NA,"6:48:04",NA,33.155,0.079,4204.819,13.111,NA,NA,-203.446,911.258,-4099.844,1,"KelliiWood",0,"N/A",2018,"SSEO_13",61,NA,13,NA,NA,NA,"rockfish","quillback",147,147,20,"","","","",NA
"402","SL_2018SSEO_Dive_13_14-30-46.000.avi",5070,"14:33:36",NA,"6:33:36",NA,62.724,0.602,5459.485,24.316,NA,NA,-1798.856,1323.212,-4981.887,1,"KelliiWood",0,"N/A",2018,"SSEO_13",61,NA,13,NA,NA,NA,"rockfish","rosethorn",150,150,1,"","","","",NA
"403","SL_2018SSEO_Dive_13_14-30-46.000.avi",6577,"14:34:26",NA,"6:34:26",NA,13.51,1.014,2560.413,23.307,NA,NA,-951.882,-358.572,-2349.694,1,"KelliiWood",0,"N/A",2018,"SSEO_13",61,NA,13,NA,NA,NA,"rockfish","rosethorn",150,150,2,"","","","",NA
"404","SL_2018SSEO_Dive_13_14-30-46.000.avi",85224,"15:18:08",NA,"7:18:08",NA,17.361,0.727,2893.239,21.175,NA,NA,-950.928,-447.146,-2695.669,1,"KelliiWood",0,"N/A",2018,"SSEO_13",61,NA,13,NA,NA,NA,"rockfish","rosethorn",150,150,33,"","","","",NA
"405","SL_2018SSEO_Dive_13_14-30-46.000.avi",78863,"15:14:36",NA,"7:14:36",NA,40.448,0.518,4550.33,21.104,NA,NA,1636.46,58.338,-4245.48,1,"KelliiWood",0,"N/A",2018,"SSEO_13",61,NA,13,NA,NA,NA,"rockfish","dusky",172,172,31,"","","","",NA
"406","SL_2018SSEO_Dive_13_14-30-46.000.avi",79365,"15:14:53",NA,"7:14:53",NA,63.203,0.852,5664.115,32.43,NA,NA,-2461.7,1755.319,-4789.686,1,"KelliiWood",0,"N/A",2018,"SSEO_13",61,NA,13,NA,NA,NA,"rockfish","dusky",172,172,32,"","","","",NA
"407","SL_2018SSEO_Dive_13_14-30-46.000.avi",69464,"15:09:22",NA,"7:09:22",664.784,26.219,1.947,3316.491,21.411,14.608,27.493,1177.219,282.767,-3087.606,1,"KelliiWood",0,"N/A",2018,"SSEO_13",61,NA,13,NA,NA,NA,"halibut","halibut",200,200,29,"","","","",NA
"408","SL_2018SSEO_Dive_13_14-30-46.000.avi",28107,"14:46:24",NA,"6:46:24",NA,32.223,7.467,3947.011,30.366,NA,NA,1674.923,1067.2,-3410.954,1,"KelliiWood",0,"N/A",2018,"SSEO_13",61,NA,13,NA,NA,NA,"","",NA,NA,NA,"","","","ROV STOPPED",NA
"409","SL_2018SSEO_Dive_13_14-30-46.000.avi",29629,"14:47:15",NA,"6:47:15",NA,13.232,0.69,2587.605,17.676,NA,NA,777.756,98.849,-2465.974,1,"KelliiWood",0,"N/A",2018,"SSEO_13",61,NA,13,NA,NA,NA,"","",NA,NA,NA,"","","","ROV RESTARTED",NA
"410","SL_2018SSEO_Dive_13_14-30-46.000.avi",48450,"14:57:42",NA,"6:57:42",NA,2.834,1.377,1201.617,8.063,NA,NA,89.595,-148.752,-1189.003,1,"KelliiWood",0,"N/A",2018,"SSEO_13",61,NA,13,NA,NA,NA,"","",NA,NA,NA,"","","","ROV STOPPED",NA
"411","SL_2018SSEO_Dive_13_14-30-46.000.avi",52340,"14:59:52",NA,"6:59:52",NA,12.665,2.702,2670.978,5.138,NA,NA,122.11,-219.051,-2659.178,1,"KelliiWood",0,"N/A",2018,"SSEO_13",61,NA,13,NA,NA,NA,"","",NA,NA,NA,"","","","ROV RESTARTED",NA
"412","SL_2018SSEO_Dive_14_15-54-22.000.avi",5622,"15:58:24",NA,"",NA,37.474,0.37,4390.55,29.359,NA,NA,2108.499,414.308,-3828.775,1,"KelliiWood",0,"N/A",2018,"SSEO_14",62,NA,14,NA,NA,NA,"rockfish","greenstripe",135,135,1,"","","","",NA
"413","SL_2018SSEO_Dive_14_15-54-22.000.avi",15681,"16:04:00",NA,"",NA,25.916,1.154,3573.125,27.262,NA,NA,1562.888,470.017,-3178.63,1,"KelliiWood",0,"N/A",2018,"SSEO_14",62,NA,14,NA,NA,NA,"rockfish","greenstripe",135,135,2,"","","","",NA
"414","SL_2018SSEO_Dive_14_15-54-22.000.avi",49068,"16:22:33",NA,"",NA,41.419,1.216,4611.608,16.188,NA,NA,371.807,1208.409,-4434.911,1,"KelliiWood",0,"N/A",2018,"SSEO_14",62,NA,14,NA,NA,NA,"rockfish","greenstripe",135,135,8,"","","","",NA
"415","SL_2018SSEO_Dive_14_15-54-22.000.avi",29593,"16:11:43",NA,"",535.993,96.079,0.26,5535.878,24.429,28.276,14.427,1892.099,1289.06,-5040.26,1,"KelliiWood",0,"N/A",2018,"SSEO_14",62,NA,14,NA,NA,NA,"rockfish","yelloweye",145,145,3,"AD","Fish resting on bottom","","",NA
"416","SL_2018SSEO_Dive_14_15-54-22.000.avi",36848,"16:15:45",NA,"",444.216,136.39,0.326,5263.562,24.318,61.714,2.088,1120.22,1855.585,-4796.561,1,"KelliiWood",0,"N/A",2018,"SSEO_14",62,NA,14,NA,NA,NA,"rockfish","yelloweye",145,145,4,"AD","Fish milling/hovering","","",NA
"417","SL_2018SSEO_Dive_14_15-54-22.000.avi",42991,"16:19:10",NA,"",367.468,36.018,1.271,2693.612,26.78,72.795,11.76,-886.476,-828.904,-2404.709,1,"KelliiWood",0,"N/A",2018,"SSEO_14",62,NA,14,NA,NA,NA,"rockfish","yelloweye",145,145,5,"SU","Fish resting on bottom","","",NA
"418","SL_2018SSEO_Dive_14_15-54-22.000.avi",46505,"16:21:07",NA,"",470.195,30.067,2.365,3991.655,21.355,2.67,31.638,-1373.267,476.359,-3717.598,1,"KelliiWood",0,"N/A",2018,"SSEO_14",62,NA,14,NA,NA,NA,"rockfish","yelloweye",145,145,6,"AD","Fish resting on bottom","","",NA
"419","SL_2018SSEO_Dive_14_15-54-22.000.avi",48443,"16:22:12",NA,"",351.853,37.222,4.508,5078.765,19.119,13.724,10.594,2.206,1663.447,-4798.624,1,"KelliiWood",0,"N/A",2018,"SSEO_14",62,NA,14,NA,NA,NA,"rockfish","yelloweye",145,145,7,"SU","Fish milling/hovering","","",NA
"420","SL_2018SSEO_Dive_14_15-54-22.000.avi",52948,"16:24:42",NA,"",130.964,34.169,2.02,3409.995,23.497,19.421,0.345,-1356.378,92.756,-3127.252,1,"KelliiWood",0,"N/A",2018,"SSEO_14",62,NA,14,NA,NA,NA,"rockfish","yelloweye",145,145,10,"JV","Fish actively swimming in frame","","",NA
"421","SL_2018SSEO_Dive_14_15-54-22.000.avi",62251,"16:29:52",NA,"",531.31,8.662,1.001,2307.46,8.522,11.131,20.302,340.77,28.413,-2281.982,1,"KelliiWood",0,"N/A",2018,"SSEO_14",62,NA,14,NA,NA,NA,"rockfish","yelloweye",145,145,13,"AD","Fish resting on bottom","","",NA
"422","SL_2018SSEO_Dive_14_15-54-22.000.avi",63945,"16:30:48",NA,"",519.951,109.041,4.128,4897.796,17.154,46.59,8.292,-1434.083,173.907,-4679.911,1,"KelliiWood",0,"N/A",2018,"SSEO_14",62,NA,14,NA,NA,NA,"rockfish","yelloweye",145,145,14,"AD","Fish resting on bottom","","",NA
"423","SL_2018SSEO_Dive_14_15-54-22.000.avi",67466,"16:32:46",NA,"",236.559,9.127,0.488,2384.911,11.444,8.497,6.84,457.734,-119.925,-2337.498,1,"KelliiWood",0,"N/A",2018,"SSEO_14",62,NA,14,NA,NA,NA,"rockfish","yelloweye",145,145,16,"JV","Fish milling/hovering","","",NA
"424","SL_2018SSEO_Dive_14_15-54-22.000.avi",67763,"16:32:56",NA,"",235,36.475,4.776,3190.441,7.082,36.748,22.993,-282.535,-273.666,-3166.101,1,"KelliiWood",0,"N/A",2018,"SSEO_14",62,NA,14,NA,NA,NA,"rockfish","yelloweye",145,145,17,"JV","Fish actively swimming in frame","","",NA
"425","SL_2018SSEO_Dive_14_15-54-22.000.avi",70956,"16:34:42",NA,"",382.277,45.355,4.564,5542.867,9.562,13.072,9.353,-250.046,886.119,-5465.862,1,"KelliiWood",0,"N/A",2018,"SSEO_14",62,NA,14,NA,NA,NA,"rockfish","yelloweye",145,145,18,"AD","Fish milling/hovering","","",NA
"426","SL_2018SSEO_Dive_14_15-54-22.000.avi",72345,"16:35:28",NA,"",269.471,39.853,3.584,3730.643,23.921,19.376,16.72,1509.181,-103.284,-3410.191,1,"KelliiWood",0,"N/A",2018,"SSEO_14",62,NA,14,NA,NA,NA,"rockfish","yelloweye",145,145,20,"JV","Fish resting on bottom","","",NA
"427","SL_2018SSEO_Dive_14_15-54-22.000.avi",73240,"16:35:58",NA,"",498.636,205.134,6.794,6293.907,20.311,59.967,8.952,2183.92,-58.595,-5902.57,1,"KelliiWood",0,"N/A",2018,"SSEO_14",62,NA,14,NA,NA,NA,"rockfish","yelloweye",145,145,21,"AD","Fish moving slowly into frame","","",NA
"428","SL_2018SSEO_Dive_14_15-54-22.000.avi",77746,"16:38:29",NA,"",149.258,37.735,1.31,3412.325,14.583,30.595,18.768,-819.993,-256.477,-3302.392,1,"KelliiWood",0,"N/A",2018,"SSEO_14",62,NA,14,NA,NA,NA,"rockfish","yelloweye",145,145,23,"JV","Fish actively swimming in frame","","",NA
"429","SL_2018SSEO_Dive_14_15-54-22.000.avi",86505,"16:43:21",NA,"",NA,23.029,2.359,3393.491,15.287,NA,NA,-803.807,-409.423,-3271.398,1,"KelliiWood",0,"N/A",2018,"SSEO_14",62,NA,14,NA,NA,NA,"rockfish","yelloweye",145,145,26,"AD","Fish resting on bottom","","NO LENGTH, 1/2 body in rock",NA
"430","SL_2018SSEO_Dive_14_15-54-22.000.avi",53128,"16:24:48",NA,"",NA,17.211,0.442,3046.921,10.293,NA,NA,176.041,500.095,-3000.44,1,"KelliiWood",0,"N/A",2018,"SSEO_14",62,NA,14,NA,NA,NA,"rockfish","quillback",147,147,11,"","Attracted","","",NA
"431","SL_2018SSEO_Dive_14_15-54-22.000.avi",66631,"16:32:18",NA,"",NA,36.052,0.995,4111.158,25.316,NA,NA,1404.385,1038.678,-3721.622,1,"KelliiWood",0,"N/A",2018,"SSEO_14",62,NA,14,NA,NA,NA,"rockfish","quillback",147,147,15,"","","","",NA
"432","SL_2018SSEO_Dive_14_15-54-22.000.avi",71147,"16:34:49",NA,"",NA,47.579,0.555,4914.98,20.392,NA,NA,-1682.53,296.37,-4608.502,1,"KelliiWood",0,"N/A",2018,"SSEO_14",62,NA,14,NA,NA,NA,"rockfish","quillback",147,147,19,"","","","",NA
"433","SL_2018SSEO_Dive_14_15-54-22.000.avi",76739,"16:37:55",NA,"",NA,56.284,4.871,5254.754,16.835,NA,NA,1071.039,1055.878,-5034.922,1,"KelliiWood",0,"N/A",2018,"SSEO_14",62,NA,14,NA,NA,NA,"rockfish","quillback",147,147,22,"","","","",NA
"434","SL_2018SSEO_Dive_14_15-54-22.000.avi",80432,"16:39:58",NA,"",NA,37.198,0.903,4347.625,25.696,NA,NA,-1844.451,369.792,-3919.579,1,"KelliiWood",0,"N/A",2018,"SSEO_14",62,NA,14,NA,NA,NA,"rockfish","quillback",147,147,24,"","","","",NA
"435","SL_2018SSEO_Dive_14_15-54-22.000.avi",83469,"16:41:39",NA,"",NA,24.282,0.515,3504.642,21.095,NA,NA,-1241.506,206.377,-3270.869,1,"KelliiWood",0,"N/A",2018,"SSEO_14",62,NA,14,NA,NA,NA,"rockfish","quillback",147,147,25,"","","","",NA
"436","SL_2018SSEO_Dive_14_15-54-22.000.avi",52182,"16:24:16",NA,"",NA,28.247,2.008,3686.823,22.557,NA,NA,1303.804,530.885,-3407.481,1,"KelliiWood",0,"N/A",2018,"SSEO_14",62,NA,14,NA,NA,NA,"rockfish","rosethorn",150,150,9,"","","","",NA
"437","SL_2018SSEO_Dive_14_15-54-22.000.avi",58354,"16:27:42",NA,"",NA,46.838,4.998,5093.824,8.368,NA,NA,-368.133,618.027,-5042.774,1,"KelliiWood",0,"N/A",2018,"SSEO_14",62,NA,14,NA,NA,NA,"rockfish","rosethorn",150,150,12,"","","","",NA
"438","SL_2018SSEO_Dive_15_17-11-22.000.avi",17143,"17:20:55",NA,"",NA,23.11,0.418,3423.34,27.089,NA,NA,1545.512,-219.059,-3046.746,1,"KelliiWood",0,"N/A",2018,"SSEO_15",63,NA,15,NA,NA,NA,"greenling","lingcod",130,130,11,"","","","NO LENGTH, 1/2 body seen",NA
"439","SL_2018SSEO_Dive_15_17-11-22.000.avi",6828,"17:15:12",NA,"",360.551,23.61,0.405,4106.522,25.618,5.097,29.916,297.887,1750.334,-3702.853,1,"KelliiWood",0,"N/A",2018,"SSEO_15",63,NA,15,NA,NA,NA,"rockfish","yelloweye",145,145,2,"AD","Fish milling/hovering","","",NA
"440","SL_2018SSEO_Dive_15_17-11-22.000.avi",9002,"17:16:24",NA,"",NA,58.555,2.917,5354.104,22.015,NA,NA,-1862.676,722.176,-4967.427,1,"KelliiWood",0,"N/A",2018,"SSEO_15",63,NA,15,NA,NA,NA,"rockfish","yelloweye",145,145,3,"JV","Feeding","","NO LENGTH, difficult to see",NA
"441","SL_2018SSEO_Dive_15_17-11-22.000.avi",10432,"17:17:12",NA,"",592.685,91.706,1.157,5918.394,25.627,28.833,33.753,-793.712,2433.592,-5336.201,1,"KelliiWood",0,"N/A",2018,"SSEO_15",63,NA,15,NA,NA,NA,"rockfish","yelloweye",145,145,4,"AD","Fish moving slowly into frame","","",NA
"442","SL_2018SSEO_Dive_15_17-11-22.000.avi",11077,"17:17:33",NA,"",558.303,46.279,2.293,5455.784,17.139,11.488,43.115,474.168,1536.303,-5213.494,1,"KelliiWood",0,"N/A",2018,"SSEO_15",63,NA,15,NA,NA,NA,"rockfish","yelloweye",145,145,5,"AD","Fish resting on bottom","","",NA
"443","SL_2018SSEO_Dive_15_17-11-22.000.avi",16144,"17:20:22",NA,"",101.06,29.618,1.103,3253.164,21.24,77.79,64.836,-834.611,-832.06,-3032.19,1,"KelliiWood",0,"N/A",2018,"SSEO_15",63,NA,15,NA,NA,NA,"rockfish","yelloweye",145,145,8,"JV","Feeding","","",NA
"444","SL_2018SSEO_Dive_15_17-11-22.000.avi",18344,"17:21:35",NA,"",117.815,68.778,1.205,4260.877,18.851,35.925,2.267,1185.805,699.5,-4032.325,1,"KelliiWood",0,"N/A",2018,"SSEO_15",63,NA,15,NA,NA,NA,"rockfish","yelloweye",145,145,14,"JV","Fish actively swimming in frame","","",NA
"445","SL_2018SSEO_Dive_15_17-11-22.000.avi",20696,"17:22:54",NA,"",177.233,46.796,2.079,4657.348,21.064,3.001,10.199,-1627.593,390.877,-4346.153,1,"KelliiWood",0,"N/A",2018,"SSEO_15",63,NA,15,NA,NA,NA,"rockfish","yelloweye",145,145,16,"JV","Fish actively swimming in frame","","",NA
"446","SL_2018SSEO_Dive_15_17-11-22.000.avi",21499,"17:23:21",NA,"",391.16,26.234,7.467,3437.756,22.711,8.762,76.481,380.888,1271.457,-3171.196,1,"KelliiWood",0,"N/A",2018,"SSEO_15",63,NA,15,NA,NA,NA,"rockfish","yelloweye",145,145,18,"SU","Fish milling/hovering","","",NA
"447","SL_2018SSEO_Dive_15_17-11-22.000.avi",21530,"17:23:22",NA,"",315.648,14.296,0.549,3580.095,23.467,8.426,17.903,-32.347,1425.294,-3283.987,1,"KelliiWood",0,"N/A",2018,"SSEO_15",63,NA,15,NA,NA,NA,"rockfish","yelloweye",145,145,19,"SU","Fish milling/hovering","","",NA
"448","SL_2018SSEO_Dive_15_17-11-22.000.avi",23776,"17:24:37",NA,"",181.55,15.798,0.311,3767.566,30.996,17.417,68.627,-1934.667,-146.716,-3229.565,1,"KelliiWood",0,"N/A",2018,"SSEO_15",63,NA,15,NA,NA,NA,"rockfish","yelloweye",145,145,22,"JV","Fish actively swimming in frame","","",NA
"449","SL_2018SSEO_Dive_15_17-11-22.000.avi",25815,"17:25:45",NA,"",511.219,28.644,3.044,4851.789,15.272,10.676,7.719,160.104,1267.872,-4680.462,1,"KelliiWood",0,"N/A",2018,"SSEO_15",63,NA,15,NA,NA,NA,"rockfish","yelloweye",145,145,23,"AD","Fish milling/hovering","","",NA
"450","SL_2018SSEO_Dive_15_17-11-22.000.avi",25815,"17:25:45",NA,"",425.431,71.759,1.357,5279.965,31.682,17.804,10.441,2180.581,1713.142,-4493.132,1,"KelliiWood",0,"N/A",2018,"SSEO_15",63,NA,15,NA,NA,NA,"rockfish","yelloweye",145,145,24,"AD","Fish milling/hovering","","",NA
"451","SL_2018SSEO_Dive_15_17-11-22.000.avi",28276,"17:27:07",NA,"",214.899,26.372,0.924,3312.336,23.939,0.936,9.051,-1329.026,-200.165,-3027.407,1,"KelliiWood",0,"N/A",2018,"SSEO_15",63,NA,15,NA,NA,NA,"rockfish","yelloweye",145,145,26,"JV","Fish milling/hovering","","",NA
"452","SL_2018SSEO_Dive_15_17-11-22.000.avi",30478,"17:28:20",NA,"",290.87,118.848,1.678,5081.356,5.205,56.569,31.734,-458.419,48.217,-5060.406,1,"KelliiWood",0,"N/A",2018,"SSEO_15",63,NA,15,NA,NA,NA,"rockfish","yelloweye",145,145,29,"JV","Fish chasing other fish","","",NA
"453","SL_2018SSEO_Dive_15_17-11-22.000.avi",30502,"17:28:21",NA,"",545.201,45.965,0.454,4065.21,18.005,28.6,31.878,-1015.692,-739.768,-3866.14,1,"KelliiWood",0,"N/A",2018,"SSEO_15",63,NA,15,NA,NA,NA,"rockfish","yelloweye",145,145,30,"AD","Fish resting on bottom","","",NA
"454","SL_2018SSEO_Dive_15_17-11-22.000.avi",32286,"17:29:20",NA,"",461.451,48.636,0.213,5250.624,7.116,13.96,1.932,647.361,63.377,-5210.178,1,"KelliiWood",0,"N/A",2018,"SSEO_15",63,NA,15,NA,NA,NA,"rockfish","yelloweye",145,145,31,"AD","Fish milling/hovering","","",NA
"455","SL_2018SSEO_Dive_15_17-11-22.000.avi",41394,"17:34:24",NA,"",668.537,174.248,1.353,8351.525,31.605,3.009,10.073,3857.837,2066.943,-7112.863,1,"KelliiWood",0,"N/A",2018,"SSEO_15",63,NA,15,NA,NA,NA,"rockfish","yelloweye",145,145,34,"AD","Fish milling/hovering","","",NA
"456","SL_2018SSEO_Dive_15_17-11-22.000.avi",43757,"17:35:43",NA,"",703.888,166.8,1.694,6216.161,14.742,58.335,36.719,-236.449,1564.012,-6011.54,1,"KelliiWood",0,"N/A",2018,"SSEO_15",63,NA,15,NA,NA,NA,"rockfish","yelloweye",145,145,35,"AD","Fish milling/hovering","","",NA
"457","SL_2018SSEO_Dive_15_17-11-22.000.avi",46321,"17:37:08",NA,"",255.266,33.024,0.909,3563.18,27.345,15.439,13.98,-1469.246,-721.264,-3165.019,1,"KelliiWood",0,"N/A",2018,"SSEO_15",63,NA,15,NA,NA,NA,"rockfish","yelloweye",145,145,36,"JV","Fish resting on bottom","","",NA
"458","SL_2018SSEO_Dive_15_17-11-22.000.avi",48330,"17:38:15",NA,"",635.952,97.335,0.976,6031.943,29.064,19.146,2.702,2316.603,1794.318,-5272.392,1,"KelliiWood",0,"N/A",2018,"SSEO_15",63,NA,15,NA,NA,NA,"rockfish","yelloweye",145,145,38,"AD","Fish milling/hovering","","",NA
"459","SL_2018SSEO_Dive_15_17-11-22.000.avi",48594,"17:38:24",NA,"",557.321,146.853,0.626,7450.512,20.974,27.433,11.771,94.947,2665.123,-6956.884,1,"KelliiWood",0,"N/A",2018,"SSEO_15",63,NA,15,NA,NA,NA,"rockfish","yelloweye",145,145,39,"AD","Fish milling/hovering","","",NA
"460","SL_2018SSEO_Dive_15_17-11-22.000.avi",58792,"17:44:04",NA,"",506.29,44.258,1.492,4982.761,18.084,3.165,25.8,-1512.637,-322.956,-4736.617,1,"KelliiWood",0,"N/A",2018,"SSEO_15",63,NA,15,NA,NA,NA,"rockfish","yelloweye",145,145,45,"AD","Fish resting on bottom","","",NA
"461","SL_2018SSEO_Dive_15_17-11-22.000.avi",61506,"17:45:34",NA,"",469.281,71.8,0.552,4896.907,22.062,21.666,8.828,1821.744,253.646,-4538.349,1,"KelliiWood",0,"N/A",2018,"SSEO_15",63,NA,15,NA,NA,NA,"rockfish","yelloweye",145,145,47,"AD","Fish milling/hovering","","",NA
"462","SL_2018SSEO_Dive_15_17-11-22.000.avi",69439,"17:49:59",NA,"",584.229,65.185,0.159,3607.267,20.269,58.925,16.359,1151.956,484.371,-3383.897,1,"KelliiWood",0,"N/A",2018,"SSEO_15",63,NA,15,NA,NA,NA,"rockfish","yelloweye",145,145,51,"AD","Fish chasing other fish","","",NA
"463","SL_2018SSEO_Dive_15_17-11-22.000.avi",17119,"17:20:55",NA,"",NA,46.112,0.456,4991.779,32.405,NA,NA,2616.952,533.595,-4217.191,1,"KelliiWood",0,"N/A",2018,"SSEO_15",63,NA,15,NA,NA,NA,"rockfish","quillback",147,147,10,"","","","",NA
"464","SL_2018SSEO_Dive_15_17-11-22.000.avi",23554,"17:24:29",NA,"",NA,48.611,0.965,4876.415,25.768,NA,NA,-1975.615,-790.781,-4387.6,1,"KelliiWood",0,"N/A",2018,"SSEO_15",63,NA,15,NA,NA,NA,"rockfish","quillback",147,147,20,"","","","",NA
"465","SL_2018SSEO_Dive_15_17-11-22.000.avi",23676,"17:24:33",NA,"",NA,84.203,0.417,6281.671,24.805,NA,NA,2052.449,1624.291,-5710.387,1,"KelliiWood",0,"N/A",2018,"SSEO_15",63,NA,15,NA,NA,NA,"rockfish","quillback",147,147,21,"","","","",NA
"466","SL_2018SSEO_Dive_15_17-11-22.000.avi",27420,"17:26:38",NA,"",NA,48.462,0.986,4933.92,23.719,NA,NA,1959.092,294.66,-4518.706,1,"KelliiWood",0,"N/A",2018,"SSEO_15",63,NA,15,NA,NA,NA,"rockfish","quillback",147,147,25,"","","","",NA
"467","SL_2018SSEO_Dive_15_17-11-22.000.avi",29672,"17:27:53",NA,"",NA,11.024,2.396,2299.639,18.782,NA,NA,-607.209,-434.658,-2175.019,1,"KelliiWood",0,"N/A",2018,"SSEO_15",63,NA,15,NA,NA,NA,"rockfish","quillback",147,147,27,"","","","",NA
"468","SL_2018SSEO_Dive_15_17-11-22.000.avi",30293,"17:28:14",NA,"",NA,28.28,0.003,3996.038,7.026,NA,NA,-216.498,418.288,-3968.183,1,"KelliiWood",0,"N/A",2018,"SSEO_15",63,NA,15,NA,NA,NA,"rockfish","quillback",147,147,28,"","","","",NA
"469","SL_2018SSEO_Dive_15_17-11-22.000.avi",37968,"17:32:30",NA,"",NA,89.066,0.641,6601.177,29.872,NA,NA,-2669.597,1890.169,-5733.764,1,"KelliiWood",0,"N/A",2018,"SSEO_15",63,NA,15,NA,NA,NA,"rockfish","quillback",147,147,33,"","","","",NA
"470","SL_2018SSEO_Dive_15_17-11-22.000.avi",17752,"17:21:16",NA,"",NA,60.404,0.201,5552.977,22.199,NA,NA,2090.214,155.301,-5142.221,1,"KelliiWood",0,"N/A",2018,"SSEO_15",63,NA,15,NA,NA,NA,"rockfish","tiger",148,148,13,"","","","",NA
"471","SL_2018SSEO_Dive_15_17-11-22.000.avi",18904,"17:21:54",NA,"",NA,85.111,0.28,6402.191,21.735,NA,NA,-2120.238,-1090.828,-5941.61,1,"KelliiWood",0,"N/A",2018,"SSEO_15",63,NA,15,NA,NA,NA,"rockfish","tiger",148,148,15,"","","","",NA
"472","SL_2018SSEO_Dive_15_17-11-22.000.avi",21007,"17:23:04",NA,"",NA,93.818,0.504,7155.768,30.218,NA,NA,3601.239,-69.428,-6183.144,1,"KelliiWood",0,"N/A",2018,"SSEO_15",63,NA,15,NA,NA,NA,"rockfish","tiger",148,148,17,"","","","",NA
"473","SL_2018SSEO_Dive_15_17-11-22.000.avi",1729,"17:12:22",NA,"",NA,45.862,0.359,4692.689,20.918,NA,NA,-1370.884,941.054,-4388.214,1,"KelliiWood",0,"N/A",2018,"SSEO_15",63,NA,15,NA,NA,NA,"rockfish","rosethorn",150,150,1,"","","","",NA
"474","SL_2018SSEO_Dive_15_17-11-22.000.avi",37968,"17:32:30",NA,"",NA,65.177,0.911,5871.21,16.093,NA,NA,-1627.188,3.794,-5641.219,1,"KelliiWood",0,"N/A",2018,"SSEO_15",63,NA,15,NA,NA,NA,"rockfish","rosethorn",150,150,32,"","","","",NA
"475","SL_2018SSEO_Dive_15_17-11-22.000.avi",47832,"17:37:58",NA,"",NA,43.757,1.098,4936.64,9.106,NA,NA,-196.766,731.548,-4878.169,1,"KelliiWood",0,"N/A",2018,"SSEO_15",63,NA,15,NA,NA,NA,"rockfish","rosethorn",150,150,37,"","","","",NA
"476","SL_2018SSEO_Dive_15_17-11-22.000.avi",49101,"17:38:41",NA,"",NA,27.735,2.055,3753.021,22.184,NA,NA,1416.385,-60.957,-3474.954,1,"KelliiWood",0,"N/A",2018,"SSEO_15",63,NA,15,NA,NA,NA,"rockfish","rosethorn",150,150,40,"","","","",NA
"477","SL_2018SSEO_Dive_15_17-11-22.000.avi",50156,"17:39:16",NA,"",NA,52.503,0.462,5341.971,28.99,NA,NA,-2585.376,-160.898,-4671.894,1,"KelliiWood",0,"N/A",2018,"SSEO_15",63,NA,15,NA,NA,NA,"rockfish","rosethorn",150,150,41,"","","","",NA
"478","SL_2018SSEO_Dive_15_17-11-22.000.avi",53227,"17:40:58",NA,"",NA,11.257,0.752,2325.759,17.442,NA,NA,490.674,-506.344,-2216.305,1,"KelliiWood",0,"N/A",2018,"SSEO_15",63,NA,15,NA,NA,NA,"rockfish","rosethorn",150,150,42,"","","","",NA
"479","SL_2018SSEO_Dive_15_17-11-22.000.avi",54919,"17:41:55",NA,"",NA,79.492,2.462,6210.455,26.779,NA,NA,1029.026,2574.078,-5557.426,1,"KelliiWood",0,"N/A",2018,"SSEO_15",63,NA,15,NA,NA,NA,"rockfish","rosethorn",150,150,43,"","","","",NA
"480","SL_2018SSEO_Dive_15_17-11-22.000.avi",56548,"17:42:49",NA,"",NA,63.582,2.274,5776.109,13.871,NA,NA,1373.471,-204.819,-5606.698,1,"KelliiWood",0,"N/A",2018,"SSEO_15",63,NA,15,NA,NA,NA,"rockfish","rosethorn",150,150,44,"","","","",NA
"481","SL_2018SSEO_Dive_15_17-11-22.000.avi",60189,"17:44:50",NA,"",NA,25.873,0.817,3610.093,23.547,NA,NA,1437.05,-138.731,-3308.838,1,"KelliiWood",0,"N/A",2018,"SSEO_15",63,NA,15,NA,NA,NA,"rockfish","rosethorn",150,150,46,"","","","",NA
"482","SL_2018SSEO_Dive_15_17-11-22.000.avi",65546,"17:47:49",NA,"",NA,62.64,3.527,5568.367,16.648,NA,NA,-1031.22,1190.259,-5341.028,1,"KelliiWood",0,"N/A",2018,"SSEO_15",63,NA,15,NA,NA,NA,"rockfish","rosethorn",150,150,48,"","","","",NA
"483","SL_2018SSEO_Dive_15_17-11-22.000.avi",66300,"17:48:14",NA,"",NA,57.2,1.83,5186.355,24.772,NA,NA,1789.926,1208.65,-4715.253,1,"KelliiWood",0,"N/A",2018,"SSEO_15",63,NA,15,NA,NA,NA,"rockfish","rosethorn",150,150,49,"","","","",NA
"484","SL_2018SSEO_Dive_15_17-11-22.000.avi",68966,"17:49:43",NA,"",NA,79.333,4.511,6268.918,15.972,NA,NA,1337.155,1059.438,-6032.324,1,"KelliiWood",0,"N/A",2018,"SSEO_15",63,NA,15,NA,NA,NA,"rockfish","rosethorn",150,150,50,"","","","",NA
"485","SL_2018SSEO_Dive_15_17-11-22.000.avi",71413,"17:51:04",NA,"",NA,32.964,0.088,4314.265,6.542,NA,NA,474.22,-150.921,-4285.467,1,"KelliiWood",0,"N/A",2018,"SSEO_15",63,NA,15,NA,NA,NA,"rockfish","rosethorn",150,150,52,"","","","",NA
"486","SL_2018SSEO_Dive_15_17-11-22.000.avi",12067,"17:18:06",NA,"",NA,64.006,0.398,5565.58,23.198,NA,NA,2051.849,746.316,-5119.434,1,"KelliiWood",0,"N/A",2018,"SSEO_15",63,NA,15,NA,NA,NA,"rockfish","silvergray",157,157,6,"","","","",NA
"487","SL_2018SSEO_Dive_15_17-11-22.000.avi",12067,"17:18:06",NA,"",NA,81.106,0.907,6314.523,16.927,NA,NA,1511.872,1015.639,-6046.149,1,"KelliiWood",0,"N/A",2018,"SSEO_15",63,NA,15,NA,NA,NA,"rockfish","silvergray",157,157,7,"","","","",NA
"488","SL_2018SSEO_Dive_15_17-11-22.000.avi",17002,"17:20:51",NA,"",NA,81.275,0.091,6277.933,26.211,NA,NA,2591.069,959.13,-5637.275,1,"KelliiWood",0,"N/A",2018,"SSEO_15",63,NA,15,NA,NA,NA,"greenling","kelp greenling",194,194,9,"","","","",NA
"489","SL_2018SSEO_Dive_15_17-11-22.000.avi",17398,"17:21:04",NA,"",NA,63.731,1.291,5988.614,8.908,NA,NA,169.901,881.802,-5920.9,1,"KelliiWood",0,"N/A",2018,"SSEO_15",63,NA,15,NA,NA,NA,"greenling","kelp greenling",194,194,12,"","","","",NA
"490","SL_2018SSEO_Dive_16_19-03-14.000.avi",799,"03:41.6",NA,"",NA,23.989,3.507,3427.139,20.687,NA,NA,-1119.098,445.811,-3208.451,1,"KelliiWood",0,"N/A",2018,"SSEO_1",64,NA,16,NA,NA,NA,"rockfish","greenstripe",135,135,1,"","","","",NA
"491","SL_2018SSEO_Dive_16_19-03-14.000.avi",64225,"38:55.8",NA,"",NA,11.191,0.218,2436.01,9.388,NA,NA,189.721,-361.251,-2401.593,1,"KelliiWood",0,"N/A",2018,"SSEO_1",64,NA,16,NA,NA,NA,"rockfish","rosethorn",150,150,3,"","","","",NA
"492","SL_2018SSEO_Dive_16_19-03-14.000.avi",26988,"18:14.6",NA,"",NA,13.295,1.089,2567.879,18.691,NA,NA,807.779,-169.245,-2431.636,1,"KelliiWood",0,"N/A",2018,"SSEO_1",64,NA,16,NA,NA,NA,"skate","longnose skate",701,701,2,"","","","",NA
"493","SL_2018SSEO_Dive_16_19-03-14.000.avi",92563,"54:40.4",NA,"",NA,7.781,0.99,1965.599,31.534,NA,NA,901.233,-503.024,-1672.82,1,"KelliiWood",0,"N/A",2018,"SSEO_1",64,NA,16,NA,NA,NA,"skate","longnose skate",701,701,5,"","","","",NA
"494","SL_2018SSEO_Dive_16_19-03-14.000.avi",64312,"38:58.7",NA,"",NA,8.093,1.044,1984.895,24.848,NA,NA,810.463,-206.135,-1800.13,1,"KelliiWood",0,"N/A",2018,"SSEO_1",64,NA,16,NA,NA,NA,"rockfish","unknown",NA,NA,4,"","","YES","",NA
"495","SL_2018SSEO_Dive_17_04-55-02.000.avi",33189,"5:13:30",NA,"",715.154,21.951,0.504,2022.061,9.492,66.424,30.351,315.76,-107.197,-1994.376,1,"KelliiWood",0,"N/A",2018,"SSEO_17",65,NA,17,NA,NA,NA,"greenling","lingcod",130,130,5,"","","","",NA
"496","SL_2018SSEO_Dive_17_04-55-02.000.avi",41492,"5:18:07",NA,"",NA,74.519,3.128,6305.129,16.301,NA,NA,114.037,1735.58,-6060.479,1,"KelliiWood",0,"N/A",2018,"SSEO_17",65,NA,17,NA,NA,NA,"rockfish","yelloweye",145,145,9,"AD","Feeding","","NO LENGTH, 1/2 body hidden",NA
"497","SL_2018SSEO_Dive_17_04-55-02.000.avi",42359,"5:18:36",NA,"",NA,47.423,2.014,4740.368,25.656,NA,NA,1785.206,991.114,-4278.062,1,"KelliiWood",0,"N/A",2018,"SSEO_17",65,NA,17,NA,NA,NA,"rockfish","yelloweye",145,145,12,"AD","Attracted","","NO LENGTH, swimming to ROV",NA
"498","SL_2018SSEO_Dive_17_04-55-02.000.avi",35695,"14:53.8",NA,"",669.752,45.572,0.187,3746.584,23.79,26.734,4.609,-1407.229,551.215,-3428.23,1,"KelliiWood",0,"N/A",2018,"SSEO_17",65,NA,17,NA,NA,NA,"rockfish","silvergray",157,157,6,"","","","",NA
"499","SL_2018SSEO_Dive_17_04-55-02.000.avi",36253,"15:12.4",NA,"",405.939,28.671,0.782,3409.17,26.345,11.047,3.966,1305.361,764.847,-3055.075,1,"KelliiWood",0,"N/A",2018,"SSEO_17",65,NA,17,NA,NA,NA,"rockfish","silvergray",157,157,7,"","","","",NA
"500","SL_2018SSEO_Dive_17_04-55-02.000.avi",41492,"18:07.1",NA,"",NA,60.159,0.347,5742.655,32.157,NA,NA,-2949.307,777.69,-4865.683,1,"KelliiWood",0,"N/A",2018,"SSEO_17",65,NA,17,NA,NA,NA,"rockfish","silvergray",157,157,8,"","","","",NA
"501","SL_2018SSEO_Dive_17_04-55-02.000.avi",41997,"18:23.9",NA,"",NA,32.618,2.931,4100.199,13.04,NA,NA,500.364,757.993,-3998.339,1,"KelliiWood",0,"N/A",2018,"SSEO_17",65,NA,17,NA,NA,NA,"rockfish","silvergray",157,157,10,"","","","",NA
"502","SL_2018SSEO_Dive_17_04-55-02.000.avi",42295,"18:33.8",NA,"",NA,28.654,0.941,3944.576,8.868,NA,NA,451.79,387.402,-3899.421,1,"KelliiWood",0,"N/A",2018,"SSEO_17",65,NA,17,NA,NA,NA,"rockfish","silvergray",157,157,11,"","","","",NA
"503","SL_2018SSEO_Dive_17_04-55-02.000.avi",51619,"23:44.6",NA,"",NA,17.272,0.044,2985.566,25.631,NA,NA,-1288.004,-108.361,-2691.265,1,"KelliiWood",0,"N/A",2018,"SSEO_17",65,NA,17,NA,NA,NA,"rockfish","silvergray",157,157,13,"","","","",NA
"504","SL_2018SSEO_Dive_17_04-55-02.000.avi",11021,"5:01:11",NA,"",478.324,35.433,1.668,3257.655,9.219,33.601,22.218,-273.443,444.56,-3215.574,1,"KelliiWood",0,"N/A",2018,"SSEO_17",65,NA,17,NA,NA,NA,"halibut","halibut",200,200,1,"","","","",NA
"505","SL_2018SSEO_Dive_17_04-55-02.000.avi",13708,"5:02:41",NA,"",441.108,20.129,1.069,2920.682,18.958,15.051,12.353,838.165,444.796,-2762.249,1,"KelliiWood",0,"N/A",2018,"SSEO_17",65,NA,17,NA,NA,NA,"halibut","halibut",200,200,2,"","","","",NA
"506","SL_2018SSEO_Dive_17_04-55-02.000.avi",21146,"5:06:49",NA,"",576.839,17.369,0.525,2913.485,12.235,16.458,11.437,410.978,460.747,-2847.315,1,"KelliiWood",0,"N/A",2018,"SSEO_17",65,NA,17,NA,NA,NA,"halibut","halibut",200,200,3,"","","","",NA
"507","SL_2018SSEO_Dive_17_04-55-02.000.avi",26610,"5:09:51",NA,"",559.515,46.572,2.196,2897.544,16.191,89.727,28.245,775.298,227.427,-2782.616,1,"KelliiWood",0,"N/A",2018,"SSEO_17",65,NA,17,NA,NA,NA,"halibut","halibut",200,200,4,"","","","",NA
"508","SL_2018SSEO_Dive_18_06-23-09.000.avi",7147,"6:27:10",NA,"",662.433,43.419,3.64,2860.443,17.454,79.105,30.514,855.271,-67.614,-2728.75,1,"KelliiWood",0,"N/A",2018,"SSEO_18",66,NA,18,NA,NA,NA,"greenling","lingcod",130,130,1,"","","","",NA
"509","SL_2018SSEO_Dive_18_06-23-09.000.avi",30752,"6:40:17",NA,"",624.543,11.085,0.72,2546.972,24.318,7.296,0.733,-577.851,-875.303,-2320.991,1,"KelliiWood",0,"N/A",2018,"SSEO_18",66,NA,18,NA,NA,NA,"greenling","lingcod",130,130,3,"","","","",NA
"510","SL_2018SSEO_Dive_18_06-23-09.000.avi",35170,"6:42:44",NA,"",208.558,32.7,3.699,2652.273,18.52,49.745,10.848,-827.771,-156.637,-2514.918,1,"KelliiWood",0,"N/A",2018,"SSEO_18",66,NA,18,NA,NA,NA,"rockfish","black",142,142,9,"JV","Fish resting on bottom","","Assuming JV by size.",NA
"511","SL_2018SSEO_Dive_18_06-23-09.000.avi",31222,"40:32.7",NA,"",302.146,128.63,2,5237.104,19.868,57.005,19.513,-770.064,1604.598,-4925.395,1,"KelliiWood",0,"N/A",2018,"SSEO_18",66,NA,18,NA,NA,NA,"rockfish","yelloweye",145,145,4,"JV","Fish chasing other fish","","",NA
"512","SL_2018SSEO_Dive_18_06-23-09.000.avi",32024,"40:59.5",NA,"",NA,55.155,3.405,5324.648,15.213,NA,NA,491.755,1281.955,-5144.574,1,"KelliiWood",0,"N/A",2018,"SSEO_18",66,NA,18,NA,NA,NA,"rockfish","yelloweye",145,145,6,"AD","Fish resting on bottom","","NO LENGTH, 1/2 body hidden",NA
"513","SL_2018SSEO_Dive_18_06-23-09.000.avi",33888,"42:01.6",NA,"",359.676,129.609,2.799,5050.053,24.875,77.267,18.047,-1913.612,922.335,-4581.531,1,"KelliiWood",0,"N/A",2018,"SSEO_18",66,NA,18,NA,NA,NA,"rockfish","yelloweye",145,145,8,"JV","Fish resting on bottom","","",NA
"514","SL_2018SSEO_Dive_18_06-23-09.000.avi",35996,"43:11.9",NA,"",785.912,147.393,4.214,6802.921,29.975,28.377,9.53,3024.882,1550.098,-5892.963,1,"KelliiWood",0,"N/A",2018,"SSEO_18",66,NA,18,NA,NA,NA,"rockfish","yelloweye",145,145,10,"AD","Fish moving slowly into frame","","",NA
"515","SL_2018SSEO_Dive_18_06-23-09.000.avi",37558,"44:03.9",NA,"",NA,30.422,2.24,3980.615,19.398,NA,NA,32.367,-1340.541,-3747.959,1,"KelliiWood",0,"N/A",2018,"SSEO_18",66,NA,18,NA,NA,NA,"rockfish","yelloweye",145,145,11,"AD","Feeding","","NO LENGTH, 1/2 body in rocks",NA
"516","SL_2018SSEO_Dive_18_06-23-09.000.avi",38616,"44:39.2",NA,"",262.961,32.848,2.983,2514.93,10.42,62.77,23.743,-192.588,-412.076,-2473.455,1,"KelliiWood",0,"N/A",2018,"SSEO_18",66,NA,18,NA,NA,NA,"rockfish","yelloweye",145,145,14,"JV","Fish milling/hovering","","",NA
"517","SL_2018SSEO_Dive_18_06-23-09.000.avi",40479,"45:41.3",NA,"",504.867,43.557,0.797,4342.386,17.325,15.277,5.699,-1167.56,-555.855,-4145.377,1,"KelliiWood",0,"N/A",2018,"SSEO_18",66,NA,18,NA,NA,NA,"rockfish","yelloweye",145,145,15,"AD","Feeding","","",NA
"518","SL_2018SSEO_Dive_18_06-23-09.000.avi",75465,"05:07.5",NA,"",627.846,167.044,1.773,6083.784,13.777,60.381,35.139,1310.492,617.727,-5908.76,1,"KelliiWood",0,"N/A",2018,"SSEO_18",66,NA,18,NA,NA,NA,"rockfish","yelloweye",145,145,18,"AD","Fish resting on bottom","","",NA
"519","SL_2018SSEO_Dive_18_06-23-09.000.avi",29603,"39:38.8",NA,"",NA,46.384,1.251,4927.146,21.449,NA,NA,38.805,1778.215,-4594.912,1,"KelliiWood",0,"N/A",2018,"SSEO_18",66,NA,18,NA,NA,NA,"rockfish","quillback",147,147,2,"","","","",NA
"520","SL_2018SSEO_Dive_18_06-23-09.000.avi",31653,"40:47.1",NA,"",NA,71.753,0.089,6034.052,20.678,NA,NA,443.14,2055.717,-5655.744,1,"KelliiWood",0,"N/A",2018,"SSEO_18",66,NA,18,NA,NA,NA,"rockfish","quillback",147,147,5,"","","","",NA
"521","SL_2018SSEO_Dive_18_06-23-09.000.avi",33759,"41:57.3",NA,"",NA,68.55,0.876,5695.342,24.333,NA,NA,-1626.084,1665.855,-5197.856,1,"KelliiWood",0,"N/A",2018,"SSEO_18",66,NA,18,NA,NA,NA,"rockfish","quillback",147,147,7,"","","","",NA
"522","SL_2018SSEO_Dive_18_06-23-09.000.avi",37678,"44:07.9",NA,"",NA,35.687,0.888,4370.707,12.015,NA,NA,907.3,-89.307,-4274.566,1,"KelliiWood",0,"N/A",2018,"SSEO_18",66,NA,18,NA,NA,NA,"rockfish","quillback",147,147,13,"","","","",NA
"523","SL_2018SSEO_Dive_18_06-23-09.000.avi",54211,"53:19.0",NA,"",NA,49.207,0.651,5021.978,33.502,NA,NA,2417.833,1334.626,-4194.415,1,"KelliiWood",0,"N/A",2018,"SSEO_18",66,NA,18,NA,NA,NA,"rockfish","quillback",147,147,16,"","","","",NA
"524","SL_2018SSEO_Dive_18_06-23-09.000.avi",57492,"55:08.4",NA,"",NA,30.91,0.135,4044.719,14.363,NA,NA,-997.739,86.063,-3918.784,1,"KelliiWood",0,"N/A",2018,"SSEO_18",66,NA,18,NA,NA,NA,"rockfish","quillback",147,147,17,"","","","",NA
"525","SL_2018SSEO_Dive_18_06-23-09.000.avi",37558,"44:03.9",NA,"",NA,22.239,3.584,3437.185,10.316,NA,NA,-271.191,-569.575,-3378.798,1,"KelliiWood",0,"N/A",2018,"SSEO_18",66,NA,18,NA,NA,NA,"","",NA,NA,12,"","","","Pyrosome - for Aaron",NA
"526","SL_2018SSEO_Dive_19_08-14-34.000.avi",20480,"8:26:01",NA,"",NA,19.698,1.025,3186.893,11.398,NA,NA,497.67,-401.68,-3122.06,1,"KelliiWood",0,"N/A",2018,"SSEO_19",67,NA,19,NA,NA,NA,"rockfish","greenstripe",135,135,6,"","","","",NA
"527","SL_2018SSEO_Dive_19_08-14-34.000.avi",26395,"8:29:18",NA,"",NA,13.301,0.592,2668.184,11.368,NA,NA,-1.876,-539.084,-2613.157,1,"KelliiWood",0,"N/A",2018,"SSEO_19",67,NA,19,NA,NA,NA,"rockfish","greenstripe",135,135,8,"","","","",NA
"528","SL_2018SSEO_Dive_19_08-14-34.000.avi",38911,"8:36:15",NA,"",365.076,78.56,5.428,3828.342,19.221,77.037,22.734,370.014,-1204.832,-3614.923,1,"KelliiWood",0,"N/A",2018,"SSEO_19",67,NA,19,NA,NA,NA,"rockfish","yelloweye",145,145,9,"JV","Fish milling/hovering","","",NA
"529","SL_2018SSEO_Dive_19_08-14-34.000.avi",40500,"8:37:08",NA,"",255.376,107.136,2.52,5715.801,7.517,44.283,43.793,-393.5,635.863,-5666.676,1,"KelliiWood",0,"N/A",2018,"SSEO_19",67,NA,19,NA,NA,NA,"rockfish","yelloweye",145,145,11,"JV","Fish milling/hovering","","",NA
"530","SL_2018SSEO_Dive_19_08-14-34.000.avi",40968,"8:37:24",NA,"",376.087,36.18,1.181,3055.996,22.165,43.806,23.095,-927.3,685.122,-2830.165,1,"KelliiWood",0,"N/A",2018,"SSEO_19",67,NA,19,NA,NA,NA,"rockfish","yelloweye",145,145,12,"SU","Fish moving slowly into frame","","",NA
"531","SL_2018SSEO_Dive_19_08-14-34.000.avi",45492,"8:39:54",NA,"",551.295,135.691,5.529,5330.938,15.538,63.313,30.948,152.48,1419.878,-5136.107,1,"KelliiWood",0,"N/A",2018,"SSEO_19",67,NA,19,NA,NA,NA,"rockfish","yelloweye",145,145,14,"AD","Fish chasing other fish","","",NA
"532","SL_2018SSEO_Dive_19_08-14-34.000.avi",49004,"8:41:51",NA,"",624.39,17.001,1.331,2135.317,29.304,46.055,25.927,923.415,-489.463,-1862.071,1,"KelliiWood",0,"N/A",2018,"SSEO_19",67,NA,19,NA,NA,NA,"rockfish","yelloweye",145,145,16,"AD","Fish moving quickly out of frame","","",NA
"533","SL_2018SSEO_Dive_19_08-14-34.000.avi",58390,"8:47:04",NA,"",475.202,33.571,0.644,4361.222,4.377,16.397,19.677,-56.72,327.979,-4348.502,1,"KelliiWood",0,"N/A",2018,"SSEO_19",67,NA,19,NA,NA,NA,"rockfish","yelloweye",145,145,25,"AD","Fish actively swimming in frame","","",NA
"534","SL_2018SSEO_Dive_19_08-14-34.000.avi",68419,"8:52:39",NA,"",560.365,73.668,0.774,4323.26,14.234,37.005,0.514,919.94,532.706,-4190.527,1,"KelliiWood",0,"N/A",2018,"SSEO_19",67,NA,19,NA,NA,NA,"rockfish","yelloweye",145,145,28,"AD","Fish milling/hovering","","",NA
"535","SL_2018SSEO_Dive_19_08-14-34.000.avi",71300,"8:54:15",NA,"",688.94,121.831,2.181,5570.271,11.905,36.312,1.568,1133.058,191.426,-5450.455,1,"KelliiWood",0,"N/A",2018,"SSEO_19",67,NA,19,NA,NA,NA,"rockfish","yelloweye",145,145,31,"AD","Fish milling/hovering","","",NA
"536","SL_2018SSEO_Dive_19_08-14-34.000.avi",73506,"8:55:28",NA,"",293.118,88.5,2.447,5176.444,27.033,30.572,3.227,1954.109,1310.291,-4610.875,1,"KelliiWood",0,"N/A",2018,"SSEO_19",67,NA,19,NA,NA,NA,"rockfish","yelloweye",145,145,32,"JV","Fish resting on bottom","","",NA
"537","SL_2018SSEO_Dive_19_08-14-34.000.avi",2578,"8:16:04",NA,"",NA,60.959,0.586,5508.226,17.207,NA,NA,757.653,1416.12,-5268.882,1,"KelliiWood",0,"N/A",2018,"SSEO_19",67,NA,19,NA,NA,NA,"rockfish","canary",146,146,1,"","","","",NA
"538","SL_2018SSEO_Dive_19_08-14-34.000.avi",39930,"8:36:49",NA,"",NA,24.581,0.208,3419.369,26.978,NA,NA,-870.277,1268.694,-3053.706,1,"KelliiWood",0,"N/A",2018,"SSEO_19",67,NA,19,NA,NA,NA,"rockfish","quillback",147,147,10,"","","","",NA
"539","SL_2018SSEO_Dive_19_08-14-34.000.avi",75838,"8:56:46",NA,"",NA,25.078,0.084,3476.837,19.324,NA,NA,-819.067,791.404,-3284.997,1,"KelliiWood",0,"N/A",2018,"SSEO_19",67,NA,19,NA,NA,NA,"rockfish","quillback",147,147,34,"","","","",NA
"540","SL_2018SSEO_Dive_19_08-14-34.000.avi",77423,"8:57:39",NA,"",NA,18.207,0.296,2973.172,26.242,NA,NA,-1184.295,557.307,-2669.57,1,"KelliiWood",0,"N/A",2018,"SSEO_19",67,NA,19,NA,NA,NA,"rockfish","quillback",147,147,35,"","","","",NA
"541","SL_2018SSEO_Dive_19_08-14-34.000.avi",78451,"8:58:13",NA,"",NA,22.494,0.033,3540.026,8.131,NA,NA,-499.398,-53.324,-3504.218,1,"KelliiWood",0,"N/A",2018,"SSEO_19",67,NA,19,NA,NA,NA,"rockfish","quillback",147,147,36,"","","","",NA
"542","SL_2018SSEO_Dive_19_08-14-34.000.avi",79617,"8:58:52",NA,"",NA,38.733,1.155,4420.369,15.199,NA,NA,-637.679,946.144,-4270.579,1,"KelliiWood",0,"N/A",2018,"SSEO_19",67,NA,19,NA,NA,NA,"rockfish","quillback",147,147,37,"","","","",NA
"543","SL_2018SSEO_Dive_19_08-14-34.000.avi",56858,"8:46:13",NA,"",NA,40.194,0.979,4515.394,19.822,NA,NA,-351.487,1468.864,-4255.312,1,"KelliiWood",0,"N/A",2018,"SSEO_19",67,NA,19,NA,NA,NA,"rockfish","tiger",148,148,18,"","","","",NA
"544","SL_2018SSEO_Dive_19_08-14-34.000.avi",3956,"8:16:50",NA,"",NA,42.387,0.846,4503.664,20.599,NA,NA,1354.683,800.589,-4219.82,1,"KelliiWood",0,"N/A",2018,"SSEO_19",67,NA,19,NA,NA,NA,"rockfish","rosethorn",150,150,2,"","","","",NA
"545","SL_2018SSEO_Dive_19_08-14-34.000.avi",12068,"8:21:20",NA,"",NA,57.605,1.053,5251.977,19.623,NA,NA,1249.003,1220.451,-4953.156,1,"KelliiWood",0,"N/A",2018,"SSEO_19",67,NA,19,NA,NA,NA,"rockfish","rosethorn",150,150,4,"","","","",NA
"546","SL_2018SSEO_Dive_19_08-14-34.000.avi",20480,"8:26:01",NA,"",NA,34.208,2.557,4177.327,15.286,NA,NA,1046.943,321.485,-4031.205,1,"KelliiWood",0,"N/A",2018,"SSEO_19",67,NA,19,NA,NA,NA,"rockfish","rosethorn",150,150,7,"","","","",NA
"547","SL_2018SSEO_Dive_19_08-14-34.000.avi",45045,"8:39:40",NA,"",NA,33.765,3.209,4159.743,32.565,NA,NA,-1872.459,1209.972,-3511.883,1,"KelliiWood",0,"N/A",2018,"SSEO_19",67,NA,19,NA,NA,NA,"rockfish","rosethorn",150,150,13,"","","","",NA
"548","SL_2018SSEO_Dive_19_08-14-34.000.avi",56858,"8:46:13",NA,"",NA,10.046,0.281,2300.577,33.6,NA,NA,-1093.509,642.326,-1919.455,1,"KelliiWood",0,"N/A",2018,"SSEO_19",67,NA,19,NA,NA,NA,"rockfish","rosethorn",150,150,17,"","","","",NA
"549","SL_2018SSEO_Dive_19_08-14-34.000.avi",57603,"8:46:38",NA,"",NA,33.457,0.981,4358.399,6.334,NA,NA,386.839,263.793,-4333.176,1,"KelliiWood",0,"N/A",2018,"SSEO_19",67,NA,19,NA,NA,NA,"rockfish","rosethorn",150,150,19,"","","","",NA
"550","SL_2018SSEO_Dive_19_08-14-34.000.avi",62196,"8:49:11",NA,"",NA,82.211,1.585,6524.481,16.167,NA,NA,458.995,1726.111,-6275.246,1,"KelliiWood",0,"N/A",2018,"SSEO_19",67,NA,19,NA,NA,NA,"rockfish","rosethorn",150,150,26,"","","","",NA
"551","SL_2018SSEO_Dive_19_08-14-34.000.avi",62654,"8:49:26",NA,"",NA,63.453,0.183,5511.886,27.962,NA,NA,1172.892,2278.411,-4879.965,1,"KelliiWood",0,"N/A",2018,"SSEO_19",67,NA,19,NA,NA,NA,"rockfish","rosethorn",150,150,27,"","","","",NA
"552","SL_2018SSEO_Dive_19_08-14-34.000.avi",58065,"8:46:53",NA,"",NA,39.12,0.467,4322.95,20.38,NA,NA,1333.476,-719.182,-4048.767,1,"KelliiWood",0,"N/A",2018,"SSEO_19",67,NA,19,NA,NA,NA,"rockfish","yellowtail",155,155,20,"","","","",NA
"553","SL_2018SSEO_Dive_19_08-14-34.000.avi",58065,"8:46:53",NA,"",NA,41.633,0.006,4533.718,17.119,NA,NA,-1114.373,712.418,-4336.5,1,"KelliiWood",0,"N/A",2018,"SSEO_19",67,NA,19,NA,NA,NA,"rockfish","yellowtail",155,155,21,"","","","",NA
"554","SL_2018SSEO_Dive_19_08-14-34.000.avi",58065,"8:46:53",NA,"",NA,62.695,0.454,5502.304,19.416,NA,NA,-1284.577,1276,-5195.867,1,"KelliiWood",0,"N/A",2018,"SSEO_19",67,NA,19,NA,NA,NA,"rockfish","yellowtail",155,155,22,"","","","",NA
"555","SL_2018SSEO_Dive_19_08-14-34.000.avi",58065,"8:46:53",NA,"",NA,58.994,1.042,5393.253,17.939,NA,NA,-884.495,1380.22,-5138.077,1,"KelliiWood",0,"N/A",2018,"SSEO_19",67,NA,19,NA,NA,NA,"rockfish","yellowtail",155,155,23,"","","","",NA
"556","SL_2018SSEO_Dive_19_08-14-34.000.avi",58065,"8:46:53",NA,"",NA,67.474,2.325,6097.281,12.177,NA,NA,-48.076,1255.173,-5966.496,1,"KelliiWood",0,"N/A",2018,"SSEO_19",67,NA,19,NA,NA,NA,"rockfish","yellowtail",155,155,24,"","","","",NA
"557","SL_2018SSEO_Dive_19_08-14-34.000.avi",69253,"8:53:06",NA,"",NA,13.21,0.342,2608.684,31.878,NA,NA,-1226.838,615.642,-2218.352,1,"KelliiWood",0,"N/A",2018,"SSEO_19",67,NA,19,NA,NA,NA,"rockfish","yellowtail",155,155,30,"","","","",NA
"558","SL_2018SSEO_Dive_19_08-14-34.000.avi",69087,"8:53:01",NA,"",NA,53.022,0.139,5026.449,28.067,NA,NA,-1452.328,1844.134,-4444.671,1,"KelliiWood",0,"N/A",2018,"SSEO_19",67,NA,19,NA,NA,NA,"rockfish","silvergray",157,157,29,"","","","",NA
"559","SL_2018SSEO_Dive_19_08-14-34.000.avi",75838,"8:56:46",NA,"",NA,51.11,0.685,4927.971,22.863,NA,NA,-1480.328,1191.41,-4546.875,1,"KelliiWood",0,"N/A",2018,"SSEO_19",67,NA,19,NA,NA,NA,"rockfish","silvergray",157,157,33,"","","","",NA
"560","SL_2018SSEO_Dive_19_08-14-34.000.avi",4074,"8:16:54",NA,"",NA,50.282,2.978,5008.956,15.812,NA,NA,-875.621,1022.719,-4824.622,1,"KelliiWood",0,"N/A",2018,"SSEO_19",67,NA,19,NA,NA,NA,"rockfish","dusky",172,172,3,"","","","",NA
"561","SL_2018SSEO_Dive_19_08-14-34.000.avi",13483,"8:22:07",NA,"",NA,14.025,2.42,2634.704,27.478,NA,NA,-324.511,1159.755,-2343.357,1,"KelliiWood",0,"N/A",2018,"SSEO_19",67,NA,19,NA,NA,NA,"rockfish","unknown",NA,NA,5,"","","NO","",NA
"562","SL_2018SSEO_Dive_19_08-14-34.000.avi",48610,"8:41:38",NA,"",NA,88.851,0.887,6910.112,30.479,NA,NA,3492.74,-322.122,-5953.708,1,"KelliiWood",0,"N/A",2018,"SSEO_19",67,NA,19,NA,NA,NA,"rockfish","unknown",NA,NA,15,"","","NO","Possibly a YE",NA
"563","SL_2018SSEO_Dive_20_09-31-15.000.avi",8023,"9:35:44",NA,"",574.215,32.297,0.331,5045.43,18.253,10.506,3.116,439.808,1517.821,-4791.571,1,"KelliiWood",0,"N/A",2018,"SSEO_20",68,NA,20,NA,NA,NA,"rockfish","yelloweye",145,145,10,"AD","Fish milling/hovering","","",NA
"564","SL_2018SSEO_Dive_20_09-31-15.000.avi",9353,"9:36:29",NA,"",NA,16.512,1.987,2838.017,23.922,NA,NA,1117.135,-289.387,-2592.798,1,"KelliiWood",0,"N/A",2018,"SSEO_20",68,NA,20,NA,NA,NA,"rockfish","yelloweye",145,145,11,"AD","Fish resting on bottom","","NO LENGTH, in rock",NA
"565","SL_2018SSEO_Dive_20_09-31-15.000.avi",12805,"9:38:24",NA,"",219.529,21.866,2.53,3078.22,18.097,18.613,31.174,937.693,-187.139,-2925.944,1,"KelliiWood",0,"N/A",2018,"SSEO_20",68,NA,20,NA,NA,NA,"rockfish","yelloweye",145,145,12,"JV","Fish resting on bottom","","",NA
"566","SL_2018SSEO_Dive_20_09-31-15.000.avi",13526,"9:38:48",NA,"",606.073,175.067,1.758,6320.75,30.108,62.414,13.086,2270.976,2212.726,-5467.943,1,"KelliiWood",0,"N/A",2018,"SSEO_20",68,NA,20,NA,NA,NA,"rockfish","yelloweye",145,145,13,"AD","Fish milling/hovering","","",NA
"567","SL_2018SSEO_Dive_20_09-31-15.000.avi",14933,"9:39:35",NA,"",773.586,124.391,1.452,5822.628,9.325,34.49,2.075,480.462,811.941,-5745.685,1,"KelliiWood",0,"N/A",2018,"SSEO_20",68,NA,20,NA,NA,NA,"rockfish","yelloweye",145,145,17,"AD","Fish milling/hovering","","",NA
"568","SL_2018SSEO_Dive_20_09-31-15.000.avi",15651,"9:39:59",NA,"",NA,22.398,0.945,3354.856,27.764,NA,NA,1532.779,-319.854,-2967.043,1,"KelliiWood",0,"N/A",2018,"SSEO_20",68,NA,20,NA,NA,NA,"rockfish","yelloweye",145,145,20,"AD","Fish resting on bottom","","NO LENGTH, hiding in rock",NA
"569","SL_2018SSEO_Dive_20_09-31-15.000.avi",25195,"9:45:17",NA,"",NA,51.069,1.338,4899.132,25.017,NA,NA,1699.548,1162.454,-4445.417,1,"KelliiWood",0,"N/A",2018,"SSEO_20",68,NA,20,NA,NA,NA,"rockfish","yelloweye",145,145,22,"AD","Attracted","","NO LENGTH, facing ROV",NA
"570","SL_2018SSEO_Dive_20_09-31-15.000.avi",26688,"9:46:07",NA,"",164.257,37.932,1.283,3534.161,25.792,20.342,4.69,1498.064,346.986,-3182.09,1,"KelliiWood",0,"N/A",2018,"SSEO_20",68,NA,20,NA,NA,NA,"rockfish","yelloweye",145,145,23,"JV","Fish moving slowly out of frame","","",NA
"571","SL_2018SSEO_Dive_20_09-31-15.000.avi",28162,"9:46:56",NA,"",NA,48.659,1.029,4995.021,13.632,NA,NA,631.209,969.22,-4859.262,1,"KelliiWood",0,"N/A",2018,"SSEO_20",68,NA,20,NA,NA,NA,"rockfish","yelloweye",145,145,26,"AD","","","",NA
"572","SL_2018SSEO_Dive_20_09-31-15.000.avi",29568,"9:47:43",NA,"",NA,75.462,0.882,6330.79,33.55,NA,NA,-3042.015,1701.919,-5284.744,1,"KelliiWood",0,"N/A",2018,"SSEO_20",68,NA,20,NA,NA,NA,"rockfish","yelloweye",145,145,28,"AD","Fish milling/hovering","","NO LENGTH, only 1/2 body seen",NA
"573","SL_2018SSEO_Dive_20_09-31-15.000.avi",29851,"9:47:52",NA,"",647.489,62.013,0.859,4150.526,18.51,38.599,25.368,-998.984,859.183,-3935.823,1,"KelliiWood",0,"N/A",2018,"SSEO_20",68,NA,20,NA,NA,NA,"rockfish","yelloweye",145,145,29,"AD","Fish milling/hovering","","",NA
"574","SL_2018SSEO_Dive_20_09-31-15.000.avi",31051,"9:48:32",NA,"",620.522,59.017,2.03,5455.542,17.342,5.766,2.779,1584.135,367.194,-5207.554,1,"KelliiWood",0,"N/A",2018,"SSEO_20",68,NA,20,NA,NA,NA,"rockfish","yelloweye",145,145,32,"AD","Feeding","","",NA
"575","SL_2018SSEO_Dive_20_09-31-15.000.avi",31886,"9:49:00",NA,"",NA,14.337,0.069,2666.71,29.683,NA,NA,-1160.647,-641.56,-2313.578,1,"KelliiWood",0,"N/A",2018,"SSEO_20",68,NA,20,NA,NA,NA,"rockfish","yelloweye",145,145,33,"AD","Fish actively swimming in frame","","NO Length, only 1/2 body seen ",NA
"576","SL_2018SSEO_Dive_20_09-31-15.000.avi",37278,"9:52:00",NA,"",426.963,111.779,1.274,5297.877,17.814,40.63,0.816,-883.872,1358.507,-5043.881,1,"KelliiWood",0,"N/A",2018,"SSEO_20",68,NA,20,NA,NA,NA,"rockfish","yelloweye",145,145,43,"AD","Fish milling/hovering","","",NA
"577","SL_2018SSEO_Dive_20_09-31-15.000.avi",43523,"9:55:28",NA,"",590.859,86.361,2.127,4285.779,30.781,89.034,10.023,-1652.402,-1442.258,-3682.032,1,"KelliiWood",0,"N/A",2018,"SSEO_20",68,NA,20,NA,NA,NA,"rockfish","yelloweye",145,145,43,"AD","Fish milling/hovering","","",NA
"578","SL_2018SSEO_Dive_20_09-31-15.000.avi",44821,"9:56:11",NA,"",282.264,13.517,0.273,1978.097,23.194,41.853,32.111,-450.829,-635.377,-1818.218,1,"KelliiWood",0,"N/A",2018,"SSEO_20",68,NA,20,NA,NA,NA,"rockfish","yelloweye",145,145,52,"JV","Fish resting on bottom","","",NA
"579","SL_2018SSEO_Dive_20_09-31-15.000.avi",47484,"9:57:40",NA,"",629.253,96.125,1.514,6558.885,32.343,11.248,4.877,2504.229,2457.922,-5541.338,1,"KelliiWood",0,"N/A",2018,"SSEO_20",68,NA,20,NA,NA,NA,"rockfish","yelloweye",145,145,53,"AD","Fish milling/hovering","","",NA
"580","SL_2018SSEO_Dive_20_09-31-15.000.avi",52340,"10:00:22",NA,"",277.9,13.913,0.714,3334.557,12.928,0.696,9.76,-628.775,401.463,-3250.037,1,"KelliiWood",0,"N/A",2018,"SSEO_20",68,NA,20,NA,NA,NA,"rockfish","yelloweye",145,145,54,"SU","Fish milling/hovering","","",NA
"581","SL_2018SSEO_Dive_20_09-31-15.000.avi",60151,"10:04:42",NA,"",NA,19.203,1.796,3202.473,30.655,NA,NA,-1594.867,-363.97,-2753.136,1,"KelliiWood",0,"N/A",2018,"SSEO_20",68,NA,20,NA,NA,NA,"rockfish","yelloweye",145,145,58,"JV","Fish resting on bottom","","NO LENGTH, hiding in rock",NA
"582","SL_2018SSEO_Dive_20_09-31-15.000.avi",63137,"10:06:22",NA,"",NA,14.359,0.667,2634.636,27.262,NA,NA,-1058.422,-591.564,-2339.038,1,"KelliiWood",0,"N/A",2018,"SSEO_20",68,NA,20,NA,NA,NA,"rockfish","yelloweye",145,145,59,"AD","Feeding","","NO LENGTH, hiding 1/2 body",NA
"583","SL_2018SSEO_Dive_20_09-31-15.000.avi",67597,"10:08:50",NA,"",589.277,63.529,1.433,3667.733,12.183,47.605,0.147,432.725,-641.758,-3585.13,1,"KelliiWood",0,"N/A",2018,"SSEO_20",68,NA,20,NA,NA,NA,"rockfish","yelloweye",145,145,60,"AD","Feeding","","",NA
"584","SL_2018SSEO_Dive_20_09-31-15.000.avi",68681,"10:09:26",NA,"",324.768,55.349,1.025,3400.835,26.231,77.457,22.791,-1421.755,-487.908,-3050.612,1,"KelliiWood",0,"N/A",2018,"SSEO_20",68,NA,20,NA,NA,NA,"rockfish","yelloweye",145,145,61,"SU","Fish resting on bottom","","",NA
"585","SL_2018SSEO_Dive_20_09-31-15.000.avi",76110,"10:13:34",NA,"",237.197,65.958,1.999,4119.579,11.864,40.275,20.764,585.33,612.147,-4031.575,1,"KelliiWood",0,"N/A",2018,"SSEO_20",68,NA,20,NA,NA,NA,"rockfish","yelloweye",145,145,64,"JV","Fish milling/hovering","","",NA
"586","SL_2018SSEO_Dive_20_09-31-15.000.avi",77539,"10:14:22",NA,"",NA,17.309,0.257,2893.048,25.083,NA,NA,-489.832,-1137.58,-2614.517,1,"KelliiWood",0,"N/A",2018,"SSEO_20",68,NA,20,NA,NA,NA,"rockfish","yelloweye",145,145,65,"AD","Feeding","","Fish upside down, head in rock",NA
"587","SL_2018SSEO_Dive_20_09-31-15.000.avi",82040,"10:16:52",NA,"",NA,61.705,0.876,5420.673,28.268,NA,NA,2177.506,1335.764,-4780.994,1,"KelliiWood",0,"N/A",2018,"SSEO_20",68,NA,20,NA,NA,NA,"rockfish","yelloweye",145,145,66,"AD","Fish milling/hovering","","NO LENGTH, difficult to see",NA
"588","SL_2018SSEO_Dive_20_09-31-15.000.avi",4287,"9:33:40",NA,"",NA,7.285,1.147,1843.895,23.773,NA,NA,594.052,438.274,-1689.664,1,"KelliiWood",0,"N/A",2018,"SSEO_20",68,NA,20,NA,NA,NA,"rockfish","canary",146,146,1,"","","","",NA
"589","SL_2018SSEO_Dive_20_09-31-15.000.avi",4287,"9:33:40",NA,"",NA,7.025,0.404,1843.967,21.765,NA,NA,663.836,-172.46,-1711.664,1,"KelliiWood",0,"N/A",2018,"SSEO_20",68,NA,20,NA,NA,NA,"rockfish","canary",146,146,2,"","","","",NA
"590","SL_2018SSEO_Dive_20_09-31-15.000.avi",4287,"9:33:40",NA,"",NA,5.718,0.947,1690.826,21.358,NA,NA,-615.768,-11.977,-1574.669,1,"KelliiWood",0,"N/A",2018,"SSEO_20",68,NA,20,NA,NA,NA,"rockfish","canary",146,146,3,"","","","",NA
"591","SL_2018SSEO_Dive_20_09-31-15.000.avi",4287,"9:33:40",NA,"",NA,15.723,1.032,2873.642,12.002,NA,NA,230.753,537.035,-2813.568,1,"KelliiWood",0,"N/A",2018,"SSEO_20",68,NA,20,NA,NA,NA,"rockfish","canary",146,146,4,"","","","",NA
"592","SL_2018SSEO_Dive_20_09-31-15.000.avi",4287,"9:33:40",NA,"",NA,23.323,1.381,3396.788,18.934,NA,NA,420.611,1002.604,-3218.081,1,"KelliiWood",0,"N/A",2018,"SSEO_20",68,NA,20,NA,NA,NA,"rockfish","canary",146,146,5,"","","","",NA
"593","SL_2018SSEO_Dive_20_09-31-15.000.avi",4357,"9:33:42",NA,"",NA,14.708,4.471,2776.307,10.947,NA,NA,441.368,274.681,-2727.201,1,"KelliiWood",0,"N/A",2018,"SSEO_20",68,NA,20,NA,NA,NA,"rockfish","canary",146,146,6,"","","","",NA
"594","SL_2018SSEO_Dive_20_09-31-15.000.avi",4357,"9:33:42",NA,"",NA,19.132,3.11,3216.928,12.259,NA,NA,25.525,666.764,-3146.967,1,"KelliiWood",0,"N/A",2018,"SSEO_20",68,NA,20,NA,NA,NA,"rockfish","canary",146,146,7,"","","","",NA
"595","SL_2018SSEO_Dive_20_09-31-15.000.avi",4427,"9:33:45",NA,"",NA,14.121,0.719,2597.45,28.064,NA,NA,-637.22,1031.114,-2297.281,1,"KelliiWood",0,"N/A",2018,"SSEO_20",68,NA,20,NA,NA,NA,"rockfish","canary",146,146,8,"","","","",NA
"596","SL_2018SSEO_Dive_20_09-31-15.000.avi",4427,"9:33:45",NA,"",NA,9.478,0.81,2239.277,9.059,NA,NA,312.042,-175.312,-2210.488,1,"KelliiWood",0,"N/A",2018,"SSEO_20",68,NA,20,NA,NA,NA,"rockfish","canary",146,146,9,"","","","",NA
"597","SL_2018SSEO_Dive_20_09-31-15.000.avi",15431,"9:39:51",NA,"",NA,14.551,0.429,2687.287,23.102,NA,NA,-1019.507,256.53,-2473.117,1,"KelliiWood",0,"N/A",2018,"SSEO_20",68,NA,20,NA,NA,NA,"rockfish","canary",146,146,19,"","","","",NA
"598","SL_2018SSEO_Dive_20_09-31-15.000.avi",28162,"9:46:56",NA,"",NA,19.888,1.624,3352.665,6.063,NA,NA,344.347,-99.38,-3333.454,1,"KelliiWood",0,"N/A",2018,"SSEO_20",68,NA,20,NA,NA,NA,"rockfish","canary",146,146,24,"","","","",NA
"599","SL_2018SSEO_Dive_20_09-31-15.000.avi",28162,"9:46:56",NA,"",NA,22.348,3.941,3321.7,27.551,NA,NA,1468.381,437.325,-2947.252,1,"KelliiWood",0,"N/A",2018,"SSEO_20",68,NA,20,NA,NA,NA,"rockfish","canary",146,146,25,"","","","",NA
"600","SL_2018SSEO_Dive_20_09-31-15.000.avi",28162,"9:46:56",NA,"",NA,42.691,2.327,4571.78,17.549,NA,NA,-993.082,934.037,-4363.775,1,"KelliiWood",0,"N/A",2018,"SSEO_20",68,NA,20,NA,NA,NA,"rockfish","canary",146,146,27,"","","","",NA
"601","SL_2018SSEO_Dive_20_09-31-15.000.avi",30444,"9:48:12",NA,"",NA,34.834,1.876,4315.122,33.875,NA,NA,-2087.168,1177.229,-3588.613,1,"KelliiWood",0,"N/A",2018,"SSEO_20",68,NA,20,NA,NA,NA,"rockfish","canary",146,146,30,"","","","",NA
"602","SL_2018SSEO_Dive_20_09-31-15.000.avi",30444,"9:48:12",NA,"",NA,54.379,0.557,5319.046,18.378,NA,NA,-231.392,1635.556,-5056.052,1,"KelliiWood",0,"N/A",2018,"SSEO_20",68,NA,20,NA,NA,NA,"rockfish","canary",146,146,31,"","","","",NA
"603","SL_2018SSEO_Dive_20_09-31-15.000.avi",31886,"9:49:00",NA,"",NA,18.581,2.151,3084.708,27.038,NA,NA,-1381.828,-252.216,-2746.336,1,"KelliiWood",0,"N/A",2018,"SSEO_20",68,NA,20,NA,NA,NA,"rockfish","canary",146,146,34,"","","","",NA
"604","SL_2018SSEO_Dive_20_09-31-15.000.avi",31886,"9:49:00",NA,"",NA,14.356,0.745,2601.922,28.186,NA,NA,739.688,-993.015,-2288.401,1,"KelliiWood",0,"N/A",2018,"SSEO_20",68,NA,20,NA,NA,NA,"rockfish","canary",146,146,35,"","","","",NA
"605","SL_2018SSEO_Dive_20_09-31-15.000.avi",31886,"9:49:00",NA,"",NA,18.635,1.152,3141.816,27.154,NA,NA,-1433.619,12.12,-2795.639,1,"KelliiWood",0,"N/A",2018,"SSEO_20",68,NA,20,NA,NA,NA,"rockfish","canary",146,146,36,"","","","",NA
"606","SL_2018SSEO_Dive_20_09-31-15.000.avi",31886,"9:49:00",NA,"",NA,14.726,2.243,2761.449,15.933,NA,NA,-91.091,-765.912,-2651.543,1,"KelliiWood",0,"N/A",2018,"SSEO_20",68,NA,20,NA,NA,NA,"rockfish","canary",146,146,37,"","","","",NA
"607","SL_2018SSEO_Dive_20_09-31-15.000.avi",31886,"9:49:00",NA,"",NA,17.448,0.484,3086.097,8.985,NA,NA,99.956,-486.861,-3045.812,1,"KelliiWood",0,"N/A",2018,"SSEO_20",68,NA,20,NA,NA,NA,"rockfish","canary",146,146,38,"","","","",NA
"608","SL_2018SSEO_Dive_20_09-31-15.000.avi",31941,"9:49:02",NA,"",NA,22.137,0.77,3440.826,9.892,NA,NA,-445.053,371.915,-3391.591,1,"KelliiWood",0,"N/A",2018,"SSEO_20",68,NA,20,NA,NA,NA,"rockfish","canary",146,146,39,"","","","",NA
"609","SL_2018SSEO_Dive_20_09-31-15.000.avi",31941,"9:49:02",NA,"",NA,42.121,1.135,4678.146,12.255,NA,NA,-670.49,709.391,-4575.179,1,"KelliiWood",0,"N/A",2018,"SSEO_20",68,NA,20,NA,NA,NA,"rockfish","canary",146,146,40,"","","","",NA
"610","SL_2018SSEO_Dive_20_09-31-15.000.avi",32059,"9:49:06",NA,"",NA,49.374,0.208,5055.287,13.173,NA,NA,-602.718,956.989,-4927.152,1,"KelliiWood",0,"N/A",2018,"SSEO_20",68,NA,20,NA,NA,NA,"rockfish","canary",146,146,41,"","","","",NA
"611","SL_2018SSEO_Dive_20_09-31-15.000.avi",32059,"9:49:06",NA,"",NA,44.036,5.193,4853.712,11.201,NA,NA,367.769,844.152,-4765.571,1,"KelliiWood",0,"N/A",2018,"SSEO_20",68,NA,20,NA,NA,NA,"rockfish","canary",146,146,42,"","","","",NA
"612","SL_2018SSEO_Dive_20_09-31-15.000.avi",53306,"10:00:54",NA,"",NA,11.757,0.04,2367.078,22.009,NA,NA,-469.304,-763.812,-2190.754,1,"KelliiWood",0,"N/A",2018,"SSEO_20",68,NA,20,NA,NA,NA,"rockfish","rosethorn",150,150,55,"","","","",NA
"613","SL_2018SSEO_Dive_20_09-31-15.000.avi",58888,"10:04:00",NA,"",NA,46.823,1.345,4812.359,16.625,NA,NA,-901.591,1017.36,-4616.374,1,"KelliiWood",0,"N/A",2018,"SSEO_20",68,NA,20,NA,NA,NA,"rockfish","rosethorn",150,150,56,"","","","",NA
"614","SL_2018SSEO_Dive_20_09-31-15.000.avi",58973,"10:04:03",NA,"",NA,34.851,0.338,4165.607,20.341,NA,NA,-1385.77,400.176,-3907.913,1,"KelliiWood",0,"N/A",2018,"SSEO_20",68,NA,20,NA,NA,NA,"rockfish","rosethorn",150,150,57,"","","","",NA
"615","SL_2018SSEO_Dive_20_09-31-15.000.avi",73587,"10:12:10",NA,"",NA,32.824,0.725,3924.795,23.997,NA,NA,1274.811,942.421,-3590.365,1,"KelliiWood",0,"N/A",2018,"SSEO_20",68,NA,20,NA,NA,NA,"rockfish","rosethorn",150,150,62,"","","","",NA
"616","SL_2018SSEO_Dive_20_09-31-15.000.avi",74901,"10:12:54",NA,"",NA,49.694,0.764,5128.358,33.409,NA,NA,2641.053,977.677,-4285.912,1,"KelliiWood",0,"N/A",2018,"SSEO_20",68,NA,20,NA,NA,NA,"rockfish","rosethorn",150,150,63,"","","","",NA
"617","SL_2018SSEO_Dive_20_09-31-15.000.avi",82179,"10:16:56",NA,"",NA,13.37,1.358,2578.51,16.796,NA,NA,281.168,-702.425,-2465.007,1,"KelliiWood",0,"N/A",2018,"SSEO_20",68,NA,20,NA,NA,NA,"rockfish","rosethorn",150,150,67,"","","","",NA
"618","SL_2018SSEO_Dive_20_09-31-15.000.avi",90553,"10:21:35",NA,"",NA,15.651,1.962,2904.742,8.64,NA,NA,201.338,-401.627,-2869.788,1,"KelliiWood",0,"N/A",2018,"SSEO_20",68,NA,20,NA,NA,NA,"rockfish","rosethorn",150,150,68,"","","","",NA
"619","SL_2018SSEO_Dive_20_09-31-15.000.avi",14267,"9:39:13",NA,"",NA,19.092,0.77,3119.169,25.742,NA,NA,156.726,1331.475,-2816.349,1,"KelliiWood",0,"N/A",2018,"SSEO_20",68,NA,20,NA,NA,NA,"rockfish","yellowtail",155,155,15,"","","","",NA
"620","SL_2018SSEO_Dive_20_09-31-15.000.avi",14267,"9:39:13",NA,"",NA,19.486,0.189,3017.916,26.89,NA,NA,949.946,966.596,-2696.5,1,"KelliiWood",0,"N/A",2018,"SSEO_20",68,NA,20,NA,NA,NA,"rockfish","yellowtail",155,155,16,"","","","",NA
"621","SL_2018SSEO_Dive_20_09-31-15.000.avi",15050,"9:39:39",NA,"",NA,25.617,0.964,3814.817,6.063,NA,NA,-108.576,-407.142,-3791.474,1,"KelliiWood",0,"N/A",2018,"SSEO_20",68,NA,20,NA,NA,NA,"rockfish","yellowtail",155,155,18,"","","","",NA
"622","SL_2018SSEO_Dive_20_09-31-15.000.avi",44513,"9:56:01",NA,"",NA,18.148,1.634,2938.968,24.223,NA,NA,-645.514,1004.992,-2685.299,1,"KelliiWood",0,"N/A",2018,"SSEO_20",68,NA,20,NA,NA,NA,"rockfish","yellowtail",155,155,45,"","","","",NA
"623","SL_2018SSEO_Dive_20_09-31-15.000.avi",44545,"9:56:02",NA,"",NA,21.447,2.359,3172.449,23.324,NA,NA,829.03,928.962,-2917.905,1,"KelliiWood",0,"N/A",2018,"SSEO_20",68,NA,20,NA,NA,NA,"rockfish","yellowtail",155,155,46,"","","","",NA
"624","SL_2018SSEO_Dive_20_09-31-15.000.avi",44545,"9:56:02",NA,"",NA,21.231,3.817,3246.255,31.379,NA,NA,1497.068,770.88,-2775.374,1,"KelliiWood",0,"N/A",2018,"SSEO_20",68,NA,20,NA,NA,NA,"rockfish","yellowtail",155,155,47,"","","","",NA
"625","SL_2018SSEO_Dive_20_09-31-15.000.avi",44545,"9:56:02",NA,"",NA,15.204,1.292,2705.174,21.809,NA,NA,-487.401,866.258,-2515.949,1,"KelliiWood",0,"N/A",2018,"SSEO_20",68,NA,20,NA,NA,NA,"rockfish","yellowtail",155,155,48,"","","","",NA
"626","SL_2018SSEO_Dive_20_09-31-15.000.avi",44545,"9:56:02",NA,"",NA,32.533,3.569,4067.119,21.99,NA,NA,244.006,1484.238,-3778.751,1,"KelliiWood",0,"N/A",2018,"SSEO_20",68,NA,20,NA,NA,NA,"rockfish","yellowtail",155,155,49,"","","","",NA
"627","SL_2018SSEO_Dive_20_09-31-15.000.avi",44545,"9:56:02",NA,"",NA,33.956,2.44,4012.366,23.156,NA,NA,-1196.701,1009.664,-3694.261,1,"KelliiWood",0,"N/A",2018,"SSEO_20",68,NA,20,NA,NA,NA,"rockfish","yellowtail",155,155,50,"","","","",NA
"628","SL_2018SSEO_Dive_20_09-31-15.000.avi",44545,"9:56:02",NA,"",NA,29.21,5.577,3887.833,15.379,NA,NA,-290.064,970.5,-3753.564,1,"KelliiWood",0,"N/A",2018,"SSEO_20",68,NA,20,NA,NA,NA,"rockfish","yellowtail",155,155,51,"","","","",NA
"629","SL_2018SSEO_Dive_20_09-31-15.000.avi",14267,"9:39:13",NA,"",NA,40.942,1.292,4481.051,25.995,NA,NA,1878.54,552.743,-4030.556,1,"KelliiWood",0,"N/A",2018,"SSEO_20",68,NA,20,NA,NA,NA,"rockfish","dusky",172,172,14,"","","","",NA
"630","SL_2018SSEO_Dive_20_09-31-15.000.avi",44513,"9:56:01",NA,"",NA,5.855,0.132,1668.179,22.107,NA,NA,586.776,-230.999,-1544.394,1,"KelliiWood",0,"N/A",2018,"SSEO_20",68,NA,20,NA,NA,NA,"rockfish","dusky",172,172,44,"","","","",NA
"631","SL_2018SSEO_Dive_20_09-31-15.000.avi",19987,"9:42:23",NA,"",NA,18.992,0.916,3002.793,27.425,NA,NA,-827.554,1094.712,-2670.866,1,"KelliiWood",0,"N/A",2018,"SSEO_20",68,NA,20,NA,NA,NA,"","",NA,NA,21,"","","","PYROSOME",NA
"632","SL_2018SSEO_Dive_21_10-59-57.000.avi",58100,"11:32:19",NA,"",NA,17.765,1.058,2996.02,15.096,NA,NA,355.253,680.142,-2896.09,1,"KelliiWood",0,"N/A",2018,"SSEO_21",69,NA,21,NA,NA,NA,"rockfish","redbanded",153,153,9,"","","","",NA
"633","SL_2018SSEO_Dive_21_10-59-57.000.avi",12988,"11:07:15",NA,"",NA,8.3,2.584,2086.692,10.075,NA,NA,302.615,193.775,-2055.519,1,"KelliiWood",0,"N/A",2018,"SSEO_21",69,NA,21,NA,NA,NA,"rockfish","yellowtail",155,155,4,"","","","",NA
"634","SL_2018SSEO_Dive_21_10-59-57.000.avi",13089,"11:07:18",NA,"",NA,14.268,1.278,2713.342,12.049,NA,NA,355.76,427.346,-2655.755,1,"KelliiWood",0,"N/A",2018,"SSEO_21",69,NA,21,NA,NA,NA,"rockfish","yellowtail",155,155,5,"","","","",NA
"635","SL_2018SSEO_Dive_21_10-59-57.000.avi",14179,"11:07:55",NA,"",NA,5.317,0.118,1578.614,25.537,NA,NA,-431.067,-533.768,-1421.723,1,"KelliiWood",0,"N/A",2018,"SSEO_21",69,NA,21,NA,NA,NA,"rockfish","yellowtail",155,155,7,"","","","",NA
"636","SL_2018SSEO_Dive_21_10-59-57.000.avi",14408,"11:08:02",NA,"",NA,17.293,0.376,3129.353,6.019,NA,NA,190.705,251.325,-3113.409,1,"KelliiWood",0,"N/A",2018,"SSEO_21",69,NA,21,NA,NA,NA,"rockfish","yellowtail",155,155,8,"","","","",NA
"637","SL_2018SSEO_Dive_21_10-59-57.000.avi",4488,"11:02:32",NA,"",NA,25.208,0.097,3523.584,29.89,NA,NA,1603.187,700.962,-3058.445,1,"KelliiWood",0,"N/A",2018,"SSEO_21",69,NA,21,NA,NA,NA,"rockfish","silvergray",157,157,3,"","","","",NA
"638","SL_2018SSEO_Dive_21_10-59-57.000.avi",14048,"11:07:50",NA,"",NA,16.287,0.479,2988.317,8.742,NA,NA,-173.48,404.888,-2955.674,1,"KelliiWood",0,"N/A",2018,"SSEO_21",69,NA,21,NA,NA,NA,"rockfish","silvergray",157,157,6,"","","","",NA
"639","SL_2018SSEO_Dive_21_10-59-57.000.avi",683,"11:00:25",NA,"",497.416,13.371,0.863,2324.594,2.832,22.489,17.383,-9.096,-114.496,-2321.755,1,"KelliiWood",0,"N/A",2018,"SSEO_21",69,NA,21,NA,NA,NA,"halibut","halibut",200,200,2,"","","","",NA
"640","SL_2018SSEO_Dive_21_10-59-57.000.avi",72283,"11:40:11",NA,"",NA,105.732,1.561,7287.057,30.363,NA,NA,3453.427,1249.512,-6293.947,1,"KelliiWood",0,"N/A",2018,"SSEO_21",69,NA,21,NA,NA,NA,"halibut","halibut",200,200,10,"","","","",NA
"641","SL_2018SSEO_Dive_21_10-59-57.000.avi",300,"11:00:12",NA,"",NA,10.537,0.222,2384.607,7.74,NA,NA,279.666,-169.793,-2362.056,1,"KelliiWood",0,"N/A",2018,"SSEO_21",69,NA,21,NA,NA,NA,"","",NA,NA,1,"","","","PYROSOME",NA
"642","SL_2018SSEO_Dive_22_14-16-23.000.avi",225,"14:16:35",NA,"",461.958,19.142,1.612,3351.944,7.584,13.743,14.835,-381.203,-224.512,-3322.62,1,"KelliiWood",0,"N/A",2018,"SSEO_22",76,NA,22,NA,NA,NA,"greenling","lingcod",130,130,1,"","","","",NA
"643","SL_2018SSEO_Dive_22_14-16-23.000.avi",46429,"14:42:16",NA,"",457.446,17.796,0.413,3512.028,10.771,7.727,18.544,-645.095,-120.824,-3450.158,1,"KelliiWood",0,"N/A",2018,"SSEO_22",76,NA,22,NA,NA,NA,"greenling","lingcod",130,130,21,"","","","",NA
"644","SL_2018SSEO_Dive_22_14-16-23.000.avi",69191,"14:54:54",NA,"",NA,31.785,0.804,4191.887,8.549,NA,NA,616.467,-111.711,-4144.805,1,"KelliiWood",0,"N/A",2018,"SSEO_22",76,NA,22,NA,NA,NA,"greenling","lingcod",130,130,43,"","","","NO LENGTH, just head",NA
"645","SL_2018SSEO_Dive_22_14-16-23.000.avi",6952,"14:20:20",NA,"",633.147,129.117,1.076,4902.149,13.846,72.752,26.162,-393.967,-1105.023,-4759.703,1,"KelliiWood",0,"N/A",2018,"SSEO_22",76,NA,22,NA,NA,NA,"rockfish","yelloweye",145,145,2,"AD","Fish resting on bottom","","",NA
"646","SL_2018SSEO_Dive_22_14-16-23.000.avi",14101,"14:24:18",NA,"",NA,41.017,0.31,4597.373,13.742,NA,NA,-980.19,459.023,-4468.15,1,"KelliiWood",0,"N/A",2018,"SSEO_22",76,NA,22,NA,NA,NA,"rockfish","yelloweye",145,145,5,"SU","Fish resting on bottom","","NO LENGTH, hiding",NA
"647","SL_2018SSEO_Dive_22_14-16-23.000.avi",18799,"14:26:55",NA,"",671.378,188.34,1.357,7562.625,22.352,45.806,44.098,1658.049,2350.014,-6994.398,1,"KelliiWood",0,"N/A",2018,"SSEO_22",76,NA,22,NA,NA,NA,"rockfish","yelloweye",145,145,6,"AD","Fish milling/hovering","","",NA
"648","SL_2018SSEO_Dive_22_14-16-23.000.avi",57302,"14:48:18",NA,"",478.222,119.81,2.587,5428.068,30.031,69.884,27.694,-2557.139,917.043,-4699.36,1,"KelliiWood",0,"N/A",2018,"SSEO_22",76,NA,22,NA,NA,NA,"rockfish","yelloweye",145,145,28,"AD","Fish actively swimming in frame","","",NA
"649","SL_2018SSEO_Dive_22_14-16-23.000.avi",60263,"14:49:57",NA,"",NA,16.806,3.191,2888.68,31.399,NA,NA,-1148.342,-985.169,-2460.737,1,"KelliiWood",0,"N/A",2018,"SSEO_22",76,NA,22,NA,NA,NA,"rockfish","yelloweye",145,145,31,"AD","Feeding","","NO LENGTH - head in rocks",NA
"650","SL_2018SSEO_Dive_22_14-16-23.000.avi",9792,"14:21:54",NA,"",NA,62.608,3.502,5860.337,11.381,NA,NA,-1154.218,41.813,-5745.397,1,"KelliiWood",0,"N/A",2018,"SSEO_22",76,NA,22,NA,NA,NA,"rockfish","tiger",148,148,3,"","","","",NA
"651","SL_2018SSEO_Dive_22_14-16-23.000.avi",27830,"14:31:56",NA,"",NA,25.369,1.027,3535.143,15.364,NA,NA,749.198,-579.293,-3405.93,1,"KelliiWood",0,"N/A",2018,"SSEO_22",76,NA,22,NA,NA,NA,"rockfish","tiger",148,148,14,"","","","",NA
"652","SL_2018SSEO_Dive_22_14-16-23.000.avi",31966,"14:34:14",NA,"",NA,58.681,0.316,5490.744,12.911,NA,NA,841.974,865.312,-5356.359,1,"KelliiWood",0,"N/A",2018,"SSEO_22",76,NA,22,NA,NA,NA,"rockfish","tiger",148,148,18,"","","","",NA
"653","SL_2018SSEO_Dive_22_14-16-23.000.avi",50631,"14:44:36",NA,"",NA,26.524,0.6,3674.595,28.141,NA,NA,1711.502,-289.049,-3238.805,1,"KelliiWood",0,"N/A",2018,"SSEO_22",76,NA,22,NA,NA,NA,"rockfish","tiger",148,148,22,"","","","",NA
"654","SL_2018SSEO_Dive_22_14-16-23.000.avi",55090,"14:47:04",NA,"",NA,42.953,0.043,4793.647,9.639,NA,NA,721.606,-375.273,-4724.141,1,"KelliiWood",0,"N/A",2018,"SSEO_22",76,NA,22,NA,NA,NA,"rockfish","tiger",148,148,27,"","","","",NA
"655","SL_2018SSEO_Dive_22_14-16-23.000.avi",61063,"14:50:23",NA,"",NA,15.541,0.336,2798.262,19.919,NA,NA,-189.57,-947.55,-2626.115,1,"KelliiWood",0,"N/A",2018,"SSEO_22",76,NA,22,NA,NA,NA,"rockfish","tiger",148,148,32,"","","","",NA
"656","SL_2018SSEO_Dive_22_14-16-23.000.avi",11151,"14:22:40",NA,"",NA,24.551,1.213,3499.749,20.656,NA,NA,1222.132,-191.017,-3273.858,1,"KelliiWood",0,"N/A",2018,"SSEO_22",76,NA,22,NA,NA,NA,"rockfish","rosethorn",150,150,4,"","","","",NA
"657","SL_2018SSEO_Dive_22_14-16-23.000.avi",19413,"14:27:15",NA,"",NA,39.189,1.216,4432.279,30.832,NA,NA,2099.106,849.289,-3810.192,1,"KelliiWood",0,"N/A",2018,"SSEO_22",76,NA,22,NA,NA,NA,"rockfish","rosethorn",150,150,7,"","","","",NA
"658","SL_2018SSEO_Dive_22_14-16-23.000.avi",21741,"14:28:33",NA,"",NA,41.493,2.464,4444.864,22.665,NA,NA,1508.078,791.287,-4105.652,1,"KelliiWood",0,"N/A",2018,"SSEO_22",76,NA,22,NA,NA,NA,"rockfish","rosethorn",150,150,8,"","","","",NA
"659","SL_2018SSEO_Dive_22_14-16-23.000.avi",22609,"14:29:02",NA,"",NA,66.81,0.114,5742.371,16.959,NA,NA,-1086.284,1247.229,-5499.021,1,"KelliiWood",0,"N/A",2018,"SSEO_22",76,NA,22,NA,NA,NA,"rockfish","rosethorn",150,150,9,"","","","",NA
"660","SL_2018SSEO_Dive_22_14-16-23.000.avi",23277,"14:29:24",NA,"",NA,14.79,0.932,2681.62,18.062,NA,NA,-452.752,-710.146,-2545.937,1,"KelliiWood",0,"N/A",2018,"SSEO_22",76,NA,22,NA,NA,NA,"rockfish","rosethorn",150,150,10,"","","","",NA
"661","SL_2018SSEO_Dive_22_14-16-23.000.avi",23538,"14:29:33",NA,"",NA,17.869,1.444,2957.12,15.801,NA,NA,568.997,-584.07,-2842.475,1,"KelliiWood",0,"N/A",2018,"SSEO_22",76,NA,22,NA,NA,NA,"rockfish","rosethorn",150,150,11,"","","","",NA
"662","SL_2018SSEO_Dive_22_14-16-23.000.avi",26437,"14:31:09",NA,"",NA,23.434,0.673,3336.027,24.12,NA,NA,-764.237,-1144.215,-3039.045,1,"KelliiWood",0,"N/A",2018,"SSEO_22",76,NA,22,NA,NA,NA,"rockfish","rosethorn",150,150,12,"","","","",NA
"663","SL_2018SSEO_Dive_22_14-16-23.000.avi",27541,"14:31:46",NA,"",NA,30.063,0.434,3987.552,11.909,NA,NA,-764.737,284.079,-3903.21,1,"KelliiWood",0,"N/A",2018,"SSEO_22",76,NA,22,NA,NA,NA,"rockfish","rosethorn",150,150,13,"","","","",NA
"664","SL_2018SSEO_Dive_22_14-16-23.000.avi",27830,"14:31:56",NA,"",NA,43.852,2.993,4746.36,16.616,NA,NA,1334.905,222.517,-4549.335,1,"KelliiWood",0,"N/A",2018,"SSEO_22",76,NA,22,NA,NA,NA,"rockfish","rosethorn",150,150,15,"","","","",NA
"665","SL_2018SSEO_Dive_22_14-16-23.000.avi",29131,"14:32:39",NA,"",NA,23.932,0.565,3550.451,13.9,NA,NA,-131.177,-860.127,-3442.19,1,"KelliiWood",0,"N/A",2018,"SSEO_22",76,NA,22,NA,NA,NA,"rockfish","rosethorn",150,150,16,"","","","",NA
"666","SL_2018SSEO_Dive_22_14-16-23.000.avi",31862,"14:34:10",NA,"",NA,29.962,0.948,3873.783,22.622,NA,NA,-1465.241,-288.711,-3574.34,1,"KelliiWood",0,"N/A",2018,"SSEO_22",76,NA,22,NA,NA,NA,"rockfish","rosethorn",150,150,17,"","","","",NA
"667","SL_2018SSEO_Dive_22_14-16-23.000.avi",32147,"14:34:20",NA,"",NA,38.014,0.306,4722.112,5.351,NA,NA,86.759,408.018,-4703.651,1,"KelliiWood",0,"N/A",2018,"SSEO_22",76,NA,22,NA,NA,NA,"rockfish","rosethorn",150,150,19,"","","","",NA
"668","SL_2018SSEO_Dive_22_14-16-23.000.avi",35425,"14:36:09",NA,"",NA,41.076,3.612,4596.809,16.862,NA,NA,-1321.293,-201.242,-4398.22,1,"KelliiWood",0,"N/A",2018,"SSEO_22",76,NA,22,NA,NA,NA,"rockfish","rosethorn",150,150,20,"","","","",NA
"669","SL_2018SSEO_Dive_22_14-16-23.000.avi",50851,"14:44:43",NA,"",NA,31.255,2.274,4300.706,4.68,NA,NA,-7.976,329.226,-4288.079,1,"KelliiWood",0,"N/A",2018,"SSEO_22",76,NA,22,NA,NA,NA,"rockfish","rosethorn",150,150,23,"","","","",NA
"670","SL_2018SSEO_Dive_22_14-16-23.000.avi",52337,"14:45:33",NA,"",NA,21.738,0.136,3325.092,13.46,NA,NA,712.824,-317.834,-3232.197,1,"KelliiWood",0,"N/A",2018,"SSEO_22",76,NA,22,NA,NA,NA,"rockfish","rosethorn",150,150,24,"","","","",NA
"671","SL_2018SSEO_Dive_22_14-16-23.000.avi",52790,"14:45:48",NA,"",NA,63.548,2.829,5921.846,10.955,NA,NA,157.715,1084.982,-5819.467,1,"KelliiWood",0,"N/A",2018,"SSEO_22",76,NA,22,NA,NA,NA,"rockfish","rosethorn",150,150,25,"","","","",NA
"672","SL_2018SSEO_Dive_22_14-16-23.000.avi",53870,"14:46:24",NA,"",NA,26.909,0.268,3658.167,23.554,NA,NA,1445.393,-235.555,-3352.244,1,"KelliiWood",0,"N/A",2018,"SSEO_22",76,NA,22,NA,NA,NA,"rockfish","rosethorn",150,150,26,"","","","",NA
"673","SL_2018SSEO_Dive_22_14-16-23.000.avi",58846,"14:49:10",NA,"",NA,37.678,0.54,4677.682,5.417,NA,NA,415.545,126.032,-4657.483,1,"KelliiWood",0,"N/A",2018,"SSEO_22",76,NA,22,NA,NA,NA,"rockfish","rosethorn",150,150,29,"","","","",NA
"674","SL_2018SSEO_Dive_22_14-16-23.000.avi",59717,"14:49:39",NA,"",NA,30.885,0.845,3991.517,14.309,NA,NA,967.937,-210.085,-3866.674,1,"KelliiWood",0,"N/A",2018,"SSEO_22",76,NA,22,NA,NA,NA,"rockfish","rosethorn",150,150,30,"","","","",NA
"675","SL_2018SSEO_Dive_22_14-16-23.000.avi",62774,"14:51:20",NA,"",NA,48.433,0.3,5019.192,12.374,NA,NA,-883.166,589.266,-4905.616,1,"KelliiWood",0,"N/A",2018,"SSEO_22",76,NA,22,NA,NA,NA,"rockfish","rosethorn",150,150,33,"","","","",NA
"676","SL_2018SSEO_Dive_22_14-16-23.000.avi",62970,"14:51:27",NA,"",NA,40.084,1.399,4503.104,18.422,NA,NA,1411.008,-206.337,-4271.35,1,"KelliiWood",0,"N/A",2018,"SSEO_22",76,NA,22,NA,NA,NA,"rockfish","rosethorn",150,150,34,"","","","",NA
"677","SL_2018SSEO_Dive_22_14-16-23.000.avi",63089,"14:51:31",NA,"",NA,38.682,3.048,4802.328,3.687,NA,NA,275.587,115.174,-4793.03,1,"KelliiWood",0,"N/A",2018,"SSEO_22",76,NA,22,NA,NA,NA,"rockfish","rosethorn",150,150,35,"","","","",NA
"678","SL_2018SSEO_Dive_22_14-16-23.000.avi",65432,"14:52:49",NA,"",NA,36.062,0.409,4287.434,13.462,NA,NA,914.791,-420.161,-4167.579,1,"KelliiWood",0,"N/A",2018,"SSEO_22",76,NA,22,NA,NA,NA,"rockfish","rosethorn",150,150,36,"","","","",NA
"679","SL_2018SSEO_Dive_22_14-16-23.000.avi",65432,"14:52:49",NA,"",NA,47.731,0.804,4915.956,17.621,NA,NA,1448.203,318.977,-4686.959,1,"KelliiWood",0,"N/A",2018,"SSEO_22",76,NA,22,NA,NA,NA,"rockfish","rosethorn",150,150,37,"","","","",NA
"680","SL_2018SSEO_Dive_22_14-16-23.000.avi",65610,"14:52:55",NA,"",NA,40.099,0.028,4398.074,18.687,NA,NA,-940.802,-1070.054,-4160.881,1,"KelliiWood",0,"N/A",2018,"SSEO_22",76,NA,22,NA,NA,NA,"rockfish","rosethorn",150,150,38,"","","","",NA
"681","SL_2018SSEO_Dive_22_14-16-23.000.avi",65785,"14:53:01",NA,"",NA,45.916,0.244,4859.722,14.567,NA,NA,-1178.614,-347.319,-4701.823,1,"KelliiWood",0,"N/A",2018,"SSEO_22",76,NA,22,NA,NA,NA,"rockfish","rosethorn",150,150,39,"","","","",NA
"682","SL_2018SSEO_Dive_22_14-16-23.000.avi",67906,"14:54:12",NA,"",NA,15.474,1.706,2739.736,28.065,NA,NA,1192.692,-501.012,-2415.083,1,"KelliiWood",0,"N/A",2018,"SSEO_22",76,NA,22,NA,NA,NA,"rockfish","rosethorn",150,150,40,"","","","",NA
"683","SL_2018SSEO_Dive_22_14-16-23.000.avi",68684,"14:54:37",NA,"",NA,49.461,0.81,4951.571,18.578,NA,NA,-1496.68,-522.234,-4690.978,1,"KelliiWood",0,"N/A",2018,"SSEO_22",76,NA,22,NA,NA,NA,"rockfish","rosethorn",150,150,41,"","","","",NA
"684","SL_2018SSEO_Dive_22_14-16-23.000.avi",68883,"14:54:44",NA,"",NA,49.755,1.081,5119.708,14.079,NA,NA,308.477,1181.584,-4971.933,1,"KelliiWood",0,"N/A",2018,"SSEO_22",76,NA,22,NA,NA,NA,"rockfish","rosethorn",150,150,42,"","","","",NA
"685","SL_2018SSEO_Dive_22_14-16-23.000.avi",70280,"14:55:31",NA,"",NA,15.552,0.607,2737.186,23.049,NA,NA,-983.75,-437.796,-2516.497,1,"KelliiWood",0,"N/A",2018,"SSEO_22",76,NA,22,NA,NA,NA,"rockfish","rosethorn",150,150,44,"","","","",NA
"686","SL_2018SSEO_Dive_22_14-16-23.000.avi",70759,"14:55:47",NA,"",NA,29.531,1.701,4003.693,10.679,NA,NA,741.221,-51.587,-3934.144,1,"KelliiWood",0,"N/A",2018,"SSEO_22",76,NA,22,NA,NA,NA,"rockfish","rosethorn",150,150,45,"","","","",NA
"687","SL_2018SSEO_Dive_22_14-16-23.000.avi",54109,"14:46:32",NA,"",517.08,50.796,1.384,3904.03,17.356,75.243,58.841,-602.131,996.837,-3726.285,1,"KelliiWood",0,"N/A",2018,"SSEO_22",76,NA,22,NA,NA,NA,"halibut","halibut",200,200,12,"","","","",NA
"688","SL_2018SSEO_Dive_23_15-28-33.000.avi",13722,"15:39:55",NA,"",747.637,9.901,2.137,1773.193,18.287,30.444,21.034,-29.792,-555.584,-1683.642,1,"KelliiWood",0,"N/A",2018,"SSEO_23",75,NA,23,NA,NA,NA,"greenling","lingcod",130,130,11,"","","","Fish was curved",NA
"689","SL_2018SSEO_Dive_23_15-28-33.000.avi",21032,"15:43:59",NA,"",746.457,140.043,1.176,6134.534,8.264,37.1,19.322,-806.052,357.319,-6070.841,1,"KelliiWood",0,"N/A",2018,"SSEO_23",75,NA,23,NA,NA,NA,"greenling","lingcod",130,130,26,"","","","",NA
"690","SL_2018SSEO_Dive_23_15-28-33.000.avi",30367,"15:49:10",NA,"",NA,38.725,0.976,4467.859,16.813,NA,NA,1289.378,-109.194,-4276.371,1,"KelliiWood",0,"N/A",2018,"SSEO_23",75,NA,23,NA,NA,NA,"greenling","lingcod",130,130,44,"","","","NO LENGTH, can't see entire bod",NA
"691","SL_2018SSEO_Dive_23_15-28-33.000.avi",41752,"15:55:30",NA,"",885.576,72.486,1.65,5152.22,24.075,24.87,13.003,1298.752,-1652.479,-4704.033,1,"KelliiWood",0,"N/A",2018,"SSEO_23",75,NA,23,NA,NA,NA,"greenling","lingcod",130,130,63,"","","","",NA
"692","SL_2018SSEO_Dive_23_15-28-33.000.avi",49616,"15:59:52",NA,"",917.857,37.389,1.05,4233.939,23.54,16.686,37.195,834.326,1470.866,-3881.584,1,"KelliiWood",0,"N/A",2018,"SSEO_23",75,NA,23,NA,NA,NA,"greenling","lingcod",130,130,73,"","","","",NA
"693","SL_2018SSEO_Dive_23_15-28-33.000.avi",62076,"16:06:47",NA,"",864.585,219.456,0.656,7679.886,11.668,36.168,4.763,248.235,1533.244,-7521.183,1,"KelliiWood",0,"N/A",2018,"SSEO_23",75,NA,23,NA,NA,NA,"greenling","lingcod",130,130,112,"","","","",NA
"694","SL_2018SSEO_Dive_23_15-28-33.000.avi",67265,"16:09:40",NA,"",720.95,45.475,1.297,4622.591,10.613,16.088,5.502,-838.272,148.822,-4543.512,1,"KelliiWood",0,"N/A",2018,"SSEO_23",75,NA,23,NA,NA,NA,"greenling","lingcod",130,130,120,"","","","",NA
"695","SL_2018SSEO_Dive_23_15-28-33.000.avi",77777,"16:15:31",NA,"",829.657,95.474,1.225,6451.446,23.354,1.608,11.644,-2466.038,-677.558,-5922.898,1,"KelliiWood",0,"N/A",2018,"SSEO_23",75,NA,23,NA,NA,NA,"greenling","lingcod",130,130,134,"","","","",NA
"696","SL_2018SSEO_Dive_23_15-28-33.000.avi",6750,"15:36:03",NA,"",NA,20.861,0.351,3276.639,31.423,NA,NA,1628.715,-529.382,-2793.457,1,"KelliiWood",0,"N/A",2018,"SSEO_23",75,NA,23,NA,NA,NA,"rockfish","yelloweye",145,145,4,"AD","Feeding","","NO LENGTH, head in rock",NA
"697","SL_2018SSEO_Dive_23_15-28-33.000.avi",11225,"15:38:32",NA,"",357.994,18.609,1.612,3681.413,15.102,8.224,45.24,518.431,-806.991,-3554.265,1,"KelliiWood",0,"N/A",2018,"SSEO_23",75,NA,23,NA,NA,NA,"rockfish","yelloweye",145,145,10,"SU","Fish resting on bottom","","Is that a YE?",NA
"698","SL_2018SSEO_Dive_23_15-28-33.000.avi",14421,"15:40:19",NA,"",147.981,20.18,1.019,2798.354,29.605,25.511,38.414,1353.126,-283.152,-2433.035,1,"KelliiWood",0,"N/A",2018,"SSEO_23",75,NA,23,NA,NA,NA,"rockfish","yelloweye",145,145,12,"JV","Fish milling/hovering","","",NA
"699","SL_2018SSEO_Dive_23_15-28-33.000.avi",16553,"15:41:30",NA,"",NA,61.146,0.418,5576.545,33.423,NA,NA,-2255.356,2061.817,-4664.776,1,"KelliiWood",0,"N/A",2018,"SSEO_23",75,NA,23,NA,NA,NA,"rockfish","yelloweye",145,145,14,"AD","Fish moving slowly into frame","","NO LENGTH, can't see entire fish",NA
"700","SL_2018SSEO_Dive_23_15-28-33.000.avi",17432,"15:41:59",NA,"",435.226,98.658,0.38,5649.399,28.715,35.28,30.852,2248.213,1520.843,-4954.622,1,"KelliiWood",0,"N/A",2018,"SSEO_23",75,NA,23,NA,NA,NA,"rockfish","yelloweye",145,145,17,"AD","Fish milling/hovering","","",NA
"701","SL_2018SSEO_Dive_23_15-28-33.000.avi",17883,"15:42:14",NA,"",NA,19.478,0.192,3184.809,28.802,NA,NA,-1506.373,-305.922,-2789.312,1,"KelliiWood",0,"N/A",2018,"SSEO_23",75,NA,23,NA,NA,NA,"rockfish","yelloweye",145,145,19,"JV","Fish resting on bottom","","NO LENGTH, hiding behind rock",NA
"702","SL_2018SSEO_Dive_23_15-28-33.000.avi",18191,"15:42:24",NA,"",823.172,152.862,0.43,6131.437,29.047,61.811,28.207,-2269.535,1926.482,-5360.261,1,"KelliiWood",0,"N/A",2018,"SSEO_23",75,NA,23,NA,NA,NA,"rockfish","yelloweye",145,145,20,"AD","Fish resting on bottom","","",NA
"703","SL_2018SSEO_Dive_23_15-28-33.000.avi",19429,"15:43:06",NA,"",781.161,90.327,1.023,6336.548,34.529,12.388,22.668,2665.562,2407.322,-5220.288,1,"KelliiWood",0,"N/A",2018,"SSEO_23",75,NA,23,NA,NA,NA,"rockfish","yelloweye",145,145,22,"AD","Fish actively swimming in frame","","",NA
"704","SL_2018SSEO_Dive_23_15-28-33.000.avi",19559,"15:43:10",NA,"",545.282,124.337,1.029,5943.426,19.719,33.043,0.887,1574.274,1242.172,-5594.907,1,"KelliiWood",0,"N/A",2018,"SSEO_23",75,NA,23,NA,NA,NA,"rockfish","yelloweye",145,145,23,"AD","Fish actively swimming in frame","","",NA
"705","SL_2018SSEO_Dive_23_15-28-33.000.avi",21496,"15:44:15",NA,"",499.497,16.866,0.643,2892.894,18.938,83.976,71.076,-929.361,133.341,-2736.301,1,"KelliiWood",0,"N/A",2018,"SSEO_23",75,NA,23,NA,NA,NA,"rockfish","yelloweye",145,145,27,"AD","Fish actively swimming in frame","","",NA
"706","SL_2018SSEO_Dive_23_15-28-33.000.avi",23450,"15:45:20",NA,"",707.648,154.757,1.395,6022.272,9.861,44.251,20.402,993.761,275.819,-5933.307,1,"KelliiWood",0,"N/A",2018,"SSEO_23",75,NA,23,NA,NA,NA,"rockfish","yelloweye",145,145,28,"AD","Fish milling/hovering","","",NA
"707","SL_2018SSEO_Dive_23_15-28-33.000.avi",23553,"15:45:23",NA,"",751.206,192.888,1.423,6097.444,25.613,73.266,6.399,-2270.922,1338.113,-5498.29,1,"KelliiWood",0,"N/A",2018,"SSEO_23",75,NA,23,NA,NA,NA,"rockfish","yelloweye",145,145,29,"AD","Fish milling/hovering","","",NA
"708","SL_2018SSEO_Dive_23_15-28-33.000.avi",23721,"15:45:29",NA,"",863.39,161.642,0.926,6229.857,26.713,76.093,39.256,-1997.14,1963.138,-5564.947,1,"KelliiWood",0,"N/A",2018,"SSEO_23",75,NA,23,NA,NA,NA,"rockfish","yelloweye",145,145,30,"AD","Fish actively swimming in frame","","",NA
"709","SL_2018SSEO_Dive_23_15-28-33.000.avi",27218,"15:47:25",NA,"",179.119,78.513,0.444,4106.196,20.348,51.851,12.458,-1361.843,429.064,-3849.953,1,"KelliiWood",0,"N/A",2018,"SSEO_23",75,NA,23,NA,NA,NA,"rockfish","yelloweye",145,145,37,"JV","Fish milling/hovering","","",NA
"710","SL_2018SSEO_Dive_23_15-28-33.000.avi",28527,"15:48:09",NA,"",460.368,64.985,0.426,4044.539,28.237,48.337,9.685,1159.884,1521.917,-3563.247,1,"KelliiWood",0,"N/A",2018,"SSEO_23",75,NA,23,NA,NA,NA,"rockfish","yelloweye",145,145,38,"AD","Fish milling/hovering","","",NA
"711","SL_2018SSEO_Dive_23_15-28-33.000.avi",29094,"15:48:28",NA,"",431.357,112.744,0.926,5992.649,29.445,37.453,28.549,-2476.502,1595.358,-5218.584,1,"KelliiWood",0,"N/A",2018,"SSEO_23",75,NA,23,NA,NA,NA,"rockfish","yelloweye",145,145,39,"AD","Fish milling/hovering","","",NA
"712","SL_2018SSEO_Dive_23_15-28-33.000.avi",30339,"15:49:09",NA,"",99.661,33.003,0.56,3312.01,22.427,25.04,20.028,-1263.284,-24.816,-3061.52,1,"KelliiWood",0,"N/A",2018,"SSEO_23",75,NA,23,NA,NA,NA,"rockfish","yelloweye",145,145,43,"JV","Fish milling/hovering","","",NA
"713","SL_2018SSEO_Dive_23_15-28-33.000.avi",32022,"15:50:05",NA,"",NA,2.094,0.766,999.301,13.927,NA,NA,-205.361,-130.078,-969.283,1,"KelliiWood",0,"N/A",2018,"SSEO_23",75,NA,23,NA,NA,NA,"rockfish","yelloweye",145,145,45,"AD","Attracted","","NO LENGTH, partial body view",NA
"714","SL_2018SSEO_Dive_23_15-28-33.000.avi",33992,"15:51:11",NA,"",186.668,27.303,0.368,3558.368,25.829,19.582,45.469,-1223.883,951.697,-3202.868,1,"KelliiWood",0,"N/A",2018,"SSEO_23",75,NA,23,NA,NA,NA,"rockfish","yelloweye",145,145,48,"JV","Fish milling/hovering","","",NA
"715","SL_2018SSEO_Dive_23_15-28-33.000.avi",34606,"15:51:32",NA,"",428.376,71.486,0.583,3851.018,26.788,71.94,17.993,-1405.489,1018.339,-3437.721,1,"KelliiWood",0,"N/A",2018,"SSEO_23",75,NA,23,NA,NA,NA,"rockfish","yelloweye",145,145,50,"AD","Fish milling/hovering","","",NA
"716","SL_2018SSEO_Dive_23_15-28-33.000.avi",34850,"15:51:40",NA,"",329.131,38.563,0.564,3151.029,8.249,45.493,32.773,-127.486,-433.761,-3118.427,1,"KelliiWood",0,"N/A",2018,"SSEO_23",75,NA,23,NA,NA,NA,"rockfish","yelloweye",145,145,51,"SU","Fish milling/hovering","","",NA
"717","SL_2018SSEO_Dive_23_15-28-33.000.avi",36985,"15:52:51",NA,"",352.484,95.652,1.193,4381.232,12.194,78.834,36.836,59.16,-923.538,-4282.379,1,"KelliiWood",0,"N/A",2018,"SSEO_23",75,NA,23,NA,NA,NA,"rockfish","yelloweye",145,145,55,"SU","Fish resting on bottom","","",NA
"718","SL_2018SSEO_Dive_23_15-28-33.000.avi",37147,"15:52:56",NA,"",429.43,38.413,0.282,2782.998,21.269,62.374,17.035,180.987,-993.15,-2593.449,1,"KelliiWood",0,"N/A",2018,"SSEO_23",75,NA,23,NA,NA,NA,"rockfish","yelloweye",145,145,56,"AD","Fish resting on bottom","","",NA
"719","SL_2018SSEO_Dive_23_15-28-33.000.avi",38718,"15:53:49",NA,"",516.486,16.67,0.39,3356.972,12.069,12.245,1.147,-215.587,-667.957,-3282.776,1,"KelliiWood",0,"N/A",2018,"SSEO_23",75,NA,23,NA,NA,NA,"rockfish","yelloweye",145,145,59,"AD","Fish milling/hovering","","",NA
"720","SL_2018SSEO_Dive_23_15-28-33.000.avi",40663,"15:54:53",NA,"",579.983,292.927,0.782,7317.923,15.347,63.865,11.354,-1785.579,750.114,-7056.985,1,"KelliiWood",0,"N/A",2018,"SSEO_23",75,NA,23,NA,NA,NA,"rockfish","yelloweye",145,145,61,"AD","Fish milling/hovering","","",NA
"721","SL_2018SSEO_Dive_23_15-28-33.000.avi",45539,"15:57:36",NA,"",652.315,50.353,2.486,7407.082,18.869,8.438,0.325,107.097,2393.107,-7009.025,1,"KelliiWood",0,"N/A",2018,"SSEO_23",75,NA,23,NA,NA,NA,"rockfish","yelloweye",145,145,65,"AD","Fish milling/hovering","","",NA
"722","SL_2018SSEO_Dive_23_15-28-33.000.avi",47321,"15:58:35",NA,"",671.664,43.658,1.24,3660.16,29.395,30.189,19.982,1766.578,326.454,-3188.95,1,"KelliiWood",0,"N/A",2018,"SSEO_23",75,NA,23,NA,NA,NA,"rockfish","yelloweye",145,145,69,"AD","Attracted","","",NA
"723","SL_2018SSEO_Dive_23_15-28-33.000.avi",48217,"15:59:05",NA,"",NA,44.465,0.621,4718.496,31.301,NA,NA,2221.953,-1055.929,-4026.431,1,"KelliiWood",0,"N/A",2018,"SSEO_23",75,NA,23,NA,NA,NA,"rockfish","yelloweye",145,145,70,"AD","Fish moving slowly out of frame","","NO LENGTH, too dark",NA
"724","SL_2018SSEO_Dive_23_15-28-33.000.avi",51435,"16:00:52",NA,"",227.33,31.509,1.004,3923.224,21.457,11.34,14.669,-1127.146,888.371,-3651.304,1,"KelliiWood",0,"N/A",2018,"SSEO_23",75,NA,23,NA,NA,NA,"rockfish","yelloweye",145,145,77,"JV","Fish resting on bottom","","",NA
"725","SL_2018SSEO_Dive_23_15-28-33.000.avi",51926,"16:01:09",NA,"",272.573,48.573,0.352,5072.409,22.179,17.729,1.743,629.089,1808.566,-4697.092,1,"KelliiWood",0,"N/A",2018,"SSEO_23",75,NA,23,NA,NA,NA,"rockfish","yelloweye",145,145,79,"JV","Fish milling/hovering","","",NA
"726","SL_2018SSEO_Dive_23_15-28-33.000.avi",51946,"16:01:10",NA,"",444.454,80.306,3.231,5762.175,28.314,23.424,21.503,-1481.574,2296.557,-5072.812,1,"KelliiWood",0,"N/A",2018,"SSEO_23",75,NA,23,NA,NA,NA,"rockfish","yelloweye",145,145,80,"AD","Fish milling/hovering","","",NA
"727","SL_2018SSEO_Dive_23_15-28-33.000.avi",52360,"16:01:23",NA,"",95.963,27.176,2.438,2649.406,22.751,40.875,18.543,-1009.599,-174.628,-2443.27,1,"KelliiWood",0,"N/A",2018,"SSEO_23",75,NA,23,NA,NA,NA,"rockfish","yelloweye",145,145,81,"JV","Fish milling/hovering","","",NA
"728","SL_2018SSEO_Dive_23_15-28-33.000.avi",52612,"16:01:32",NA,"",445.288,155.265,3.375,5745.578,21.25,60.796,24.085,-1755.482,1120.157,-5354.922,1,"KelliiWood",0,"N/A",2018,"SSEO_23",75,NA,23,NA,NA,NA,"rockfish","yelloweye",145,145,82,"AD","Fish milling/hovering","","",NA
"729","SL_2018SSEO_Dive_23_15-28-33.000.avi",52737,"16:01:36",NA,"",328.221,76.757,1.061,4198.172,14.709,47.24,21.282,-1044.846,-211.259,-4060.581,1,"KelliiWood",0,"N/A",2018,"SSEO_23",75,NA,23,NA,NA,NA,"rockfish","yelloweye",145,145,83,"SU","Fish milling/hovering","","",NA
"730","SL_2018SSEO_Dive_23_15-28-33.000.avi",53201,"16:01:51",NA,"",573.708,238.522,1.711,9563.418,22.821,24.716,17.765,-2196.708,2988.753,-8814.805,1,"KelliiWood",0,"N/A",2018,"SSEO_23",75,NA,23,NA,NA,NA,"rockfish","yelloweye",145,145,84,"AD","Fish milling/hovering","","",NA
"731","SL_2018SSEO_Dive_23_15-28-33.000.avi",53707,"16:02:08",NA,"",384.753,85.898,3.599,4592.558,3.341,42.446,22.463,264.85,-38.758,-4584.751,1,"KelliiWood",0,"N/A",2018,"SSEO_23",75,NA,23,NA,NA,NA,"rockfish","yelloweye",145,145,85,"AD","Fish resting on bottom","","",NA
"732","SL_2018SSEO_Dive_23_15-28-33.000.avi",53707,"16:02:08",NA,"",395.615,96.634,0.23,4639.238,4.596,46.318,17.59,-344.847,138.838,-4624.32,1,"KelliiWood",0,"N/A",2018,"SSEO_23",75,NA,23,NA,NA,NA,"rockfish","yelloweye",145,145,86,"AD","Fish resting on bottom","","",NA
"733","SL_2018SSEO_Dive_23_15-28-33.000.avi",54513,"16:02:35",NA,"",NA,153.885,0.643,8666.766,20.901,NA,NA,-1416.702,2707.478,-8110.201,1,"KelliiWood",0,"N/A",2018,"SSEO_23",75,NA,23,NA,NA,NA,"rockfish","yelloweye",145,145,88,"AD","Attracted","","NO LENGTH, facing ROV",NA
"734","SL_2018SSEO_Dive_23_15-28-33.000.avi",54763,"16:02:43",NA,"",NA,59.223,1.901,5686.336,29.109,NA,NA,-2757.868,189.97,-4969.155,1,"KelliiWood",0,"N/A",2018,"SSEO_23",75,NA,23,NA,NA,NA,"rockfish","yelloweye",145,145,89,"AD","Attracted","","NO LENGTH, facing ROV",NA
"735","SL_2018SSEO_Dive_23_15-28-33.000.avi",54988,"16:02:51",NA,"",513.51,6.592,0.809,2886.558,11.365,4.054,10.306,-4.984,-568.776,-2829.963,1,"KelliiWood",0,"N/A",2018,"SSEO_23",75,NA,23,NA,NA,NA,"rockfish","yelloweye",145,145,90,"AD","Fish resting on bottom","","",NA
"736","SL_2018SSEO_Dive_23_15-28-33.000.avi",55175,"16:02:57",NA,"",626.881,178.873,1.523,5792.7,8.176,56.104,5.318,-476.384,672.086,-5733.823,1,"KelliiWood",0,"N/A",2018,"SSEO_23",75,NA,23,NA,NA,NA,"rockfish","yelloweye",145,145,91,"AD","Fish milling/hovering","","",NA
"737","SL_2018SSEO_Dive_23_15-28-33.000.avi",55555,"16:03:10",NA,"",614.71,224.548,2.068,6652.988,8.302,55.315,17,-881.561,-381.679,-6583.268,1,"KelliiWood",0,"N/A",2018,"SSEO_23",75,NA,23,NA,NA,NA,"rockfish","yelloweye",145,145,92,"AD","Fish milling/hovering","","",NA
"738","SL_2018SSEO_Dive_23_15-28-33.000.avi",55628,"16:03:12",NA,"",539.738,322.365,3.455,7448.092,10.164,71.513,16.285,-1275.061,319.144,-7331.196,1,"KelliiWood",0,"N/A",2018,"SSEO_23",75,NA,23,NA,NA,NA,"rockfish","yelloweye",145,145,93,"AD","Fish milling/hovering","","",NA
"739","SL_2018SSEO_Dive_23_15-28-33.000.avi",55886,"16:03:21",NA,"",427.364,36.286,0.637,4659.484,19.946,12.848,34.573,431.113,-1529.95,-4379.975,1,"KelliiWood",0,"N/A",2018,"SSEO_23",75,NA,23,NA,NA,NA,"rockfish","yelloweye",145,145,94,"AD","Fish resting on bottom","","",NA
"740","SL_2018SSEO_Dive_23_15-28-33.000.avi",56810,"16:03:52",NA,"",623.225,118.612,1.849,4797.446,15.155,54.956,6.891,1149.31,-502.03,-4630.61,1,"KelliiWood",0,"N/A",2018,"SSEO_23",75,NA,23,NA,NA,NA,"rockfish","yelloweye",145,145,95,"AD","Attracted","","",NA
"741","SL_2018SSEO_Dive_23_15-28-33.000.avi",56948,"16:03:56",NA,"",501.846,264.066,1.163,8339.432,29.773,50.592,23.541,3168.125,2666.632,-7238.659,1,"KelliiWood",0,"N/A",2018,"SSEO_23",75,NA,23,NA,NA,NA,"rockfish","yelloweye",145,145,96,"AD","Fish milling/hovering","","",NA
"742","SL_2018SSEO_Dive_23_15-28-33.000.avi",57409,"16:04:12",NA,"",NA,64.497,1.704,5764.327,13.958,NA,NA,-1320.648,-462.93,-5591.874,1,"KelliiWood",0,"N/A",2018,"SSEO_23",75,NA,23,NA,NA,NA,"rockfish","yelloweye",145,145,97,"AD","Fish resting on bottom","","NO LENGTH, body hidden",NA
"743","SL_2018SSEO_Dive_23_15-28-33.000.avi",58569,"16:04:50",NA,"",408.875,59.306,1.982,4150.054,19.389,30.611,0.161,1225.724,-629.077,-3914.692,1,"KelliiWood",0,"N/A",2018,"SSEO_23",75,NA,23,NA,NA,NA,"rockfish","yelloweye",145,145,99,"AD","Fish resting on bottom","","",NA
"744","SL_2018SSEO_Dive_23_15-28-33.000.avi",59024,"16:05:05",NA,"",NA,38.819,2.502,4377.168,18.34,NA,NA,-592.917,-1264.064,-4148.517,1,"KelliiWood",0,"N/A",2018,"SSEO_23",75,NA,23,NA,NA,NA,"rockfish","yelloweye",145,145,100,"AD","Attracted","","NO LENGTH, facing ROV",NA
"745","SL_2018SSEO_Dive_23_15-28-33.000.avi",61576,"16:06:31",NA,"",669.589,212.547,2.727,6444.743,9.581,65.341,28.668,-518.67,938.932,-6354.848,1,"KelliiWood",0,"N/A",2018,"SSEO_23",75,NA,23,NA,NA,NA,"rockfish","yelloweye",145,145,109,"AD","Fish moving quickly into frame","","",NA
"746","SL_2018SSEO_Dive_23_15-28-33.000.avi",61748,"16:06:36",NA,"",221.858,21.39,2.261,3125.013,18.52,20.001,23.272,-517.401,-847.1,-2963.178,1,"KelliiWood",0,"N/A",2018,"SSEO_23",75,NA,23,NA,NA,NA,"rockfish","yelloweye",145,145,110,"JV","Fish milling/hovering","","",NA
"747","SL_2018SSEO_Dive_23_15-28-33.000.avi",61839,"16:06:39",NA,"",NA,82.016,5.447,6467.086,31.488,NA,NA,-2957.265,1604.579,-5522.961,1,"KelliiWood",0,"N/A",2018,"SSEO_23",75,NA,23,NA,NA,NA,"rockfish","yelloweye",145,145,111,"AD","Attracted","","NO LENGTH, facing ROV",NA
"748","SL_2018SSEO_Dive_23_15-28-33.000.avi",64578,"16:08:11",NA,"",609.506,74.681,3.765,5835.359,21.873,20.307,41.801,-2161.431,232.874,-5415.293,1,"KelliiWood",0,"N/A",2018,"SSEO_23",75,NA,23,NA,NA,NA,"rockfish","yelloweye",145,145,116,"AD","Fish resting on bottom","","",NA
"749","SL_2018SSEO_Dive_23_15-28-33.000.avi",65430,"16:08:39",NA,"",385.985,53.174,2.958,4213.803,27.086,30.251,24.497,1506.936,-1187.583,-3751.657,1,"KelliiWood",0,"N/A",2018,"SSEO_23",75,NA,23,NA,NA,NA,"rockfish","yelloweye",145,145,117,"AD","Fish resting on bottom","","",NA
"750","SL_2018SSEO_Dive_23_15-28-33.000.avi",67564,"16:09:50",NA,"",NA,93.927,2.733,7084.048,29.625,NA,NA,-3441.923,614.021,-6161.158,1,"KelliiWood",0,"N/A",2018,"SSEO_23",75,NA,23,NA,NA,NA,"rockfish","yelloweye",145,145,121,"AD","Fish actively swimming in frame","","NO LENGTH, too dark",NA
"751","SL_2018SSEO_Dive_23_15-28-33.000.avi",68868,"16:10:34",NA,"",453.033,90.555,0.734,7294.167,25.055,11.199,18.69,1524.139,2686.861,-6607.772,1,"KelliiWood",0,"N/A",2018,"SSEO_23",75,NA,23,NA,NA,NA,"rockfish","yelloweye",145,145,122,"AD","Fish milling/hovering","","",NA
"752","SL_2018SSEO_Dive_23_15-28-33.000.avi",69338,"16:10:49",NA,"",647.708,241.359,2.235,7988.095,25.947,46.35,21.833,-1825.293,2980.645,-7182.878,1,"KelliiWood",0,"N/A",2018,"SSEO_23",75,NA,23,NA,NA,NA,"rockfish","yelloweye",145,145,123,"AD","Fish milling/hovering","","",NA
"753","SL_2018SSEO_Dive_23_15-28-33.000.avi",69510,"16:10:55",NA,"",658.172,234.353,1.093,6957.691,29.192,76.394,10.738,3341.375,592.73,-6073.989,1,"KelliiWood",0,"N/A",2018,"SSEO_23",75,NA,23,NA,NA,NA,"rockfish","yelloweye",145,145,124,"AD","Fish milling/hovering","","",NA
"754","SL_2018SSEO_Dive_23_15-28-33.000.avi",71676,"16:12:07",NA,"",NA,51.564,1.026,5137.964,28.666,NA,NA,-2361.335,683.571,-4511.707,1,"KelliiWood",0,"N/A",2018,"SSEO_23",75,NA,23,NA,NA,NA,"rockfish","yelloweye",145,145,127,"SU","Fish actively swimming in frame","","NO LENGTH, swimming away",NA
"755","SL_2018SSEO_Dive_23_15-28-33.000.avi",72012,"16:12:18",NA,"",277.496,105.841,5.779,6507.558,13.682,21.887,2.101,-1031.318,1142.736,-6322.883,1,"KelliiWood",0,"N/A",2018,"SSEO_23",75,NA,23,NA,NA,NA,"rockfish","yelloweye",145,145,128,"JV","Fish seeking cover","","",NA
"756","SL_2018SSEO_Dive_23_15-28-33.000.avi",75271,"16:14:07",NA,"",414.499,25.631,0.688,4831.45,17.669,0.036,56.627,1466.238,-24.757,-4603.525,1,"KelliiWood",0,"N/A",2018,"SSEO_23",75,NA,23,NA,NA,NA,"rockfish","yelloweye",145,145,130,"AD","Fish milling/hovering","","",NA
"757","SL_2018SSEO_Dive_23_15-28-33.000.avi",75856,"16:14:27",NA,"",525.391,138.352,8.694,5907.592,20.818,45.305,24.48,-1694.174,1240.178,-5521.9,1,"KelliiWood",0,"N/A",2018,"SSEO_23",75,NA,23,NA,NA,NA,"rockfish","yelloweye",145,145,131,"AD","Fish resting on bottom","","",NA
"758","SL_2018SSEO_Dive_23_15-28-33.000.avi",77508,"16:15:22",NA,"",514.265,142.09,1.743,6555.564,14.229,28.713,3.529,1598.224,-205.528,-6354.436,1,"KelliiWood",0,"N/A",2018,"SSEO_23",75,NA,23,NA,NA,NA,"rockfish","yelloweye",145,145,132,"AD","Feeding","","",NA
"759","SL_2018SSEO_Dive_23_15-28-33.000.avi",29610,"15:48:45",NA,"",NA,124.132,1.3,8047.36,13.551,NA,NA,1786.506,563.872,-7826.267,1,"KelliiWood",0,"N/A",2018,"SSEO_23",75,NA,23,NA,NA,NA,"rockfish","quillback",147,147,40,"","","","",NA
"760","SL_2018SSEO_Dive_23_15-28-33.000.avi",37655,"15:53:13",NA,"",NA,51.182,2.196,5018.894,17.546,NA,NA,-1361.311,-684.611,-4781.991,1,"KelliiWood",0,"N/A",2018,"SSEO_23",75,NA,23,NA,NA,NA,"rockfish","quillback",147,147,57,"","","","",NA
"761","SL_2018SSEO_Dive_23_15-28-33.000.avi",40880,"15:55:01",NA,"",NA,44.584,0.02,4621.047,19.746,NA,NA,1258.645,901.797,-4353.923,1,"KelliiWood",0,"N/A",2018,"SSEO_23",75,NA,23,NA,NA,NA,"rockfish","quillback",147,147,62,"","","","",NA
"762","SL_2018SSEO_Dive_23_15-28-33.000.avi",53803,"16:02:11",NA,"",NA,73.266,0.979,6030.798,25.085,NA,NA,2490.117,552.544,-5464.846,1,"KelliiWood",0,"N/A",2018,"SSEO_23",75,NA,23,NA,NA,NA,"rockfish","quillback",147,147,87,"","","","",NA
"763","SL_2018SSEO_Dive_23_15-28-33.000.avi",74961,"16:13:57",NA,"",NA,34.026,0.643,4328.59,7.388,NA,NA,463.767,-329.341,-4291.055,1,"KelliiWood",0,"N/A",2018,"SSEO_23",75,NA,23,NA,NA,NA,"rockfish","quillback",147,147,129,"","","","",NA
"764","SL_2018SSEO_Dive_23_15-28-33.000.avi",29921,"15:48:55",NA,"",NA,93.285,2.025,6708.273,23.803,NA,NA,-2399.663,1222.672,-6143.909,1,"KelliiWood",0,"N/A",2018,"SSEO_23",75,NA,23,NA,NA,NA,"rockfish","tiger",148,148,41,"","","","",NA
"765","SL_2018SSEO_Dive_23_15-28-33.000.avi",33636,"15:50:59",NA,"",NA,90.555,0.629,6623.855,22.733,NA,NA,-1147.213,2257.38,-6120.751,1,"KelliiWood",0,"N/A",2018,"SSEO_23",75,NA,23,NA,NA,NA,"rockfish","tiger",148,148,46,"","","","",NA
"766","SL_2018SSEO_Dive_23_15-28-33.000.avi",50812,"16:00:32",NA,"",NA,52.928,0.557,5126.345,24.095,NA,NA,-576.573,1988.293,-4689.74,1,"KelliiWood",0,"N/A",2018,"SSEO_23",75,NA,23,NA,NA,NA,"rockfish","tiger",148,148,75,"","","","",NA
"767","SL_2018SSEO_Dive_23_15-28-33.000.avi",61383,"16:06:24",NA,"",NA,48.366,0.459,4994.326,18.728,NA,NA,-1599.603,-136.806,-4729.254,1,"KelliiWood",0,"N/A",2018,"SSEO_23",75,NA,23,NA,NA,NA,"rockfish","tiger",148,148,108,"","","","",NA
"768","SL_2018SSEO_Dive_23_15-28-33.000.avi",3840,"15:34:26",NA,"",NA,26.895,0.31,4017.526,3.065,NA,NA,-90.796,174.477,-4012.708,1,"KelliiWood",0,"N/A",2018,"SSEO_23",75,NA,23,NA,NA,NA,"rockfish","rosethorn",150,150,1,"","","","",NA
"769","SL_2018SSEO_Dive_23_15-28-33.000.avi",4914,"15:35:02",NA,"",NA,18.567,0.264,3031.941,16.815,NA,NA,830.369,-296.976,-2900.855,1,"KelliiWood",0,"N/A",2018,"SSEO_23",75,NA,23,NA,NA,NA,"rockfish","rosethorn",150,150,2,"","","","",NA
"770","SL_2018SSEO_Dive_23_15-28-33.000.avi",6587,"15:35:58",NA,"",NA,18.135,1.971,3098.696,10.474,NA,NA,-524.048,-221.95,-3045.986,1,"KelliiWood",0,"N/A",2018,"SSEO_23",75,NA,23,NA,NA,NA,"rockfish","rosethorn",150,150,3,"","","","",NA
"771","SL_2018SSEO_Dive_23_15-28-33.000.avi",8411,"15:36:58",NA,"",NA,29.506,0.244,3885.522,13.197,NA,NA,821.17,-354.555,-3781.17,1,"KelliiWood",0,"N/A",2018,"SSEO_23",75,NA,23,NA,NA,NA,"rockfish","rosethorn",150,150,5,"","","","",NA
"772","SL_2018SSEO_Dive_23_15-28-33.000.avi",9090,"15:37:21",NA,"",NA,25.19,0.538,3876.727,3.125,NA,NA,-206.632,24.781,-3871.137,1,"KelliiWood",0,"N/A",2018,"SSEO_23",75,NA,23,NA,NA,NA,"rockfish","rosethorn",150,150,6,"","","","",NA
"773","SL_2018SSEO_Dive_23_15-28-33.000.avi",9090,"15:37:21",NA,"",NA,18.408,2.282,3127.858,9.522,NA,NA,-433.558,-297.998,-3083.297,1,"KelliiWood",0,"N/A",2018,"SSEO_23",75,NA,23,NA,NA,NA,"rockfish","rosethorn",150,150,7,"","","","",NA
"774","SL_2018SSEO_Dive_23_15-28-33.000.avi",9379,"15:37:31",NA,"",NA,22.461,1.632,3679.828,2.237,NA,NA,82.554,99.002,-3677.569,1,"KelliiWood",0,"N/A",2018,"SSEO_23",75,NA,23,NA,NA,NA,"rockfish","rosethorn",150,150,8,"","","","",NA
"775","SL_2018SSEO_Dive_23_15-28-33.000.avi",11079,"15:38:27",NA,"",NA,38.439,3.026,4519.587,13.502,NA,NA,1049.637,86.364,-4395.165,1,"KelliiWood",0,"N/A",2018,"SSEO_23",75,NA,23,NA,NA,NA,"rockfish","rosethorn",150,150,9,"","","","",NA
"776","SL_2018SSEO_Dive_23_15-28-33.000.avi",15850,"15:41:06",NA,"",NA,32.263,1.98,3987.194,22.573,NA,NA,1482.749,360.956,-3683.596,1,"KelliiWood",0,"N/A",2018,"SSEO_23",75,NA,23,NA,NA,NA,"rockfish","rosethorn",150,150,13,"","","","",NA
"777","SL_2018SSEO_Dive_23_15-28-33.000.avi",17627,"15:42:06",NA,"",NA,29.139,0.719,4009.692,30.726,NA,NA,-2037.171,-234.313,-3445.673,1,"KelliiWood",0,"N/A",2018,"SSEO_23",75,NA,23,NA,NA,NA,"rockfish","rosethorn",150,150,18,"","","","",NA
"778","SL_2018SSEO_Dive_23_15-28-33.000.avi",18772,"15:42:44",NA,"",NA,31.276,0.461,4018.648,17.59,NA,NA,1212.847,43.591,-3831.009,1,"KelliiWood",0,"N/A",2018,"SSEO_23",75,NA,23,NA,NA,NA,"rockfish","rosethorn",150,150,21,"","","","",NA
"779","SL_2018SSEO_Dive_23_15-28-33.000.avi",20269,"15:43:34",NA,"",NA,30.652,3.647,4243.241,3.557,NA,NA,-167.793,-224.176,-4233.992,1,"KelliiWood",0,"N/A",2018,"SSEO_23",75,NA,23,NA,NA,NA,"rockfish","rosethorn",150,150,24,"","","","",NA
"780","SL_2018SSEO_Dive_23_15-28-33.000.avi",20325,"15:43:35",NA,"",NA,37.621,3.829,4420.991,16.293,NA,NA,1239.781,-57.379,-4243.208,1,"KelliiWood",0,"N/A",2018,"SSEO_23",75,NA,23,NA,NA,NA,"rockfish","rosethorn",150,150,25,"","","","",NA
"781","SL_2018SSEO_Dive_23_15-28-33.000.avi",24563,"15:45:57",NA,"",NA,22.578,0.818,3420.278,24.641,NA,NA,-21.362,-1441.492,-3101.603,1,"KelliiWood",0,"N/A",2018,"SSEO_23",75,NA,23,NA,NA,NA,"rockfish","rosethorn",150,150,31,"","","","",NA
"782","SL_2018SSEO_Dive_23_15-28-33.000.avi",25057,"15:46:13",NA,"",NA,34.125,0.23,4213.896,23.57,NA,NA,-51.614,1664.752,-3870.769,1,"KelliiWood",0,"N/A",2018,"SSEO_23",75,NA,23,NA,NA,NA,"rockfish","rosethorn",150,150,32,"","","","",NA
"783","SL_2018SSEO_Dive_23_15-28-33.000.avi",25276,"15:46:21",NA,"",NA,33.011,0.579,4254.312,10.594,NA,NA,-781.875,-0.197,-4181.847,1,"KelliiWood",0,"N/A",2018,"SSEO_23",75,NA,23,NA,NA,NA,"rockfish","rosethorn",150,150,33,"","","","",NA
"784","SL_2018SSEO_Dive_23_15-28-33.000.avi",25690,"15:46:34",NA,"",NA,41.296,0.751,4747.251,33.63,NA,NA,-2409.176,1032.893,-3957.953,1,"KelliiWood",0,"N/A",2018,"SSEO_23",75,NA,23,NA,NA,NA,"rockfish","rosethorn",150,150,34,"","","","",NA
"785","SL_2018SSEO_Dive_23_15-28-33.000.avi",25953,"15:46:43",NA,"",NA,27.32,0.063,3720.704,16.871,NA,NA,-1030.731,303.948,-3562.141,1,"KelliiWood",0,"N/A",2018,"SSEO_23",75,NA,23,NA,NA,NA,"rockfish","rosethorn",150,150,35,"","","","",NA
"786","SL_2018SSEO_Dive_23_15-28-33.000.avi",26099,"15:46:48",NA,"",NA,35.243,0.967,4483.837,6.119,NA,NA,297.452,351.655,-4460.118,1,"KelliiWood",0,"N/A",2018,"SSEO_23",75,NA,23,NA,NA,NA,"rockfish","rosethorn",150,150,36,"","","","",NA
"787","SL_2018SSEO_Dive_23_15-28-33.000.avi",30031,"15:48:59",NA,"",NA,68.013,2.109,5898.497,17.018,NA,NA,1690.618,320.945,-5641.904,1,"KelliiWood",0,"N/A",2018,"SSEO_23",75,NA,23,NA,NA,NA,"rockfish","rosethorn",150,150,42,"","","","",NA
"788","SL_2018SSEO_Dive_23_15-28-33.000.avi",33756,"15:51:03",NA,"",NA,47.559,1.425,4780.883,25.494,NA,NA,-1783.306,1005.089,-4320.47,1,"KelliiWood",0,"N/A",2018,"SSEO_23",75,NA,23,NA,NA,NA,"rockfish","rosethorn",150,150,47,"","","","",NA
"789","SL_2018SSEO_Dive_23_15-28-33.000.avi",34489,"15:51:28",NA,"",NA,38.907,2.038,4404.204,17.003,NA,NA,1234.005,-389.815,-4209.785,1,"KelliiWood",0,"N/A",2018,"SSEO_23",75,NA,23,NA,NA,NA,"rockfish","rosethorn",150,150,49,"","","","",NA
"790","SL_2018SSEO_Dive_23_15-28-33.000.avi",35216,"15:51:52",NA,"",NA,33.974,0.07,4098.715,23.081,NA,NA,-1554.372,-426.087,-3768.533,1,"KelliiWood",0,"N/A",2018,"SSEO_23",75,NA,23,NA,NA,NA,"rockfish","rosethorn",150,150,52,"","","","",NA
"791","SL_2018SSEO_Dive_23_15-28-33.000.avi",35610,"15:52:05",NA,"",NA,59.399,2.306,5611.069,11.876,NA,NA,360.1,-1124.805,-5485.366,1,"KelliiWood",0,"N/A",2018,"SSEO_23",75,NA,23,NA,NA,NA,"rockfish","rosethorn",150,150,53,"","","","",NA
"792","SL_2018SSEO_Dive_23_15-28-33.000.avi",36547,"15:52:36",NA,"",NA,24.267,0.731,3570.123,14.076,NA,NA,-864.711,-95.976,-3462.49,1,"KelliiWood",0,"N/A",2018,"SSEO_23",75,NA,23,NA,NA,NA,"rockfish","rosethorn",150,150,54,"","","","",NA
"793","SL_2018SSEO_Dive_23_15-28-33.000.avi",38459,"15:53:40",NA,"",NA,57.427,0.645,5756.545,5.893,NA,NA,294.717,483.473,-5728.63,1,"KelliiWood",0,"N/A",2018,"SSEO_23",75,NA,23,NA,NA,NA,"rockfish","rosethorn",150,150,58,"","","","",NA
"794","SL_2018SSEO_Dive_23_15-28-33.000.avi",39918,"15:54:29",NA,"",NA,34.703,1.708,4243.649,11.47,NA,NA,-564.653,-648.055,-4155.689,1,"KelliiWood",0,"N/A",2018,"SSEO_23",75,NA,23,NA,NA,NA,"rockfish","rosethorn",150,150,60,"","","","",NA
"795","SL_2018SSEO_Dive_23_15-28-33.000.avi",45539,"15:57:36",NA,"",NA,61.997,0.892,5614.204,16.21,NA,NA,-1472.537,509.353,-5393.652,1,"KelliiWood",0,"N/A",2018,"SSEO_23",75,NA,23,NA,NA,NA,"rockfish","rosethorn",150,150,64,"","","","",NA
"796","SL_2018SSEO_Dive_23_15-28-33.000.avi",45782,"15:57:44",NA,"",NA,48.964,0.396,4954.902,15.991,NA,NA,1240.287,545.977,-4765.989,1,"KelliiWood",0,"N/A",2018,"SSEO_23",75,NA,23,NA,NA,NA,"rockfish","rosethorn",150,150,66,"","","","",NA
"797","SL_2018SSEO_Dive_23_15-28-33.000.avi",46075,"15:57:54",NA,"",NA,71.479,1.965,6105.234,30.642,NA,NA,-2937.769,999.211,-5257.848,1,"KelliiWood",0,"N/A",2018,"SSEO_23",75,NA,23,NA,NA,NA,"rockfish","rosethorn",150,150,67,"","","","",NA
"798","SL_2018SSEO_Dive_23_15-28-33.000.avi",46561,"15:58:10",NA,"",NA,33.533,3.523,4095.065,15.365,NA,NA,-573.895,-940.735,-3944.01,1,"KelliiWood",0,"N/A",2018,"SSEO_23",75,NA,23,NA,NA,NA,"rockfish","rosethorn",150,150,68,"","","","",NA
"799","SL_2018SSEO_Dive_23_15-28-33.000.avi",48625,"15:59:19",NA,"",NA,58.776,0.053,5644.342,12.827,NA,NA,163.142,1214.679,-5509.677,1,"KelliiWood",0,"N/A",2018,"SSEO_23",75,NA,23,NA,NA,NA,"rockfish","rosethorn",150,150,71,"","","","",NA
"800","SL_2018SSEO_Dive_23_15-28-33.000.avi",49106,"15:59:35",NA,"",NA,38.232,0.76,4502.134,31.171,NA,NA,2296.525,-414.709,-3850.09,1,"KelliiWood",0,"N/A",2018,"SSEO_23",75,NA,23,NA,NA,NA,"rockfish","rosethorn",150,150,72,"","","","",NA
"801","SL_2018SSEO_Dive_23_15-28-33.000.avi",50112,"16:00:08",NA,"",NA,23.153,2.615,3315.028,26.472,NA,NA,-1151.765,-940.732,-2962.747,1,"KelliiWood",0,"N/A",2018,"SSEO_23",75,NA,23,NA,NA,NA,"rockfish","rosethorn",150,150,74,"","","","",NA
"802","SL_2018SSEO_Dive_23_15-28-33.000.avi",51320,"16:00:49",NA,"",NA,51.256,1.117,5122.18,27.356,NA,NA,-2289.763,522.189,-4552.036,1,"KelliiWood",0,"N/A",2018,"SSEO_23",75,NA,23,NA,NA,NA,"rockfish","rosethorn",150,150,76,"","","","",NA
"803","SL_2018SSEO_Dive_23_15-28-33.000.avi",51771,"16:01:04",NA,"",NA,43.471,2.729,4652.363,15.835,NA,NA,-685.411,-1091.11,-4470.366,1,"KelliiWood",0,"N/A",2018,"SSEO_23",75,NA,23,NA,NA,NA,"rockfish","rosethorn",150,150,78,"","","","",NA
"804","SL_2018SSEO_Dive_23_15-28-33.000.avi",58354,"16:04:43",NA,"",NA,71.778,1.184,6013.889,14.816,NA,NA,-1111.624,1033.368,-5819.218,1,"KelliiWood",0,"N/A",2018,"SSEO_23",75,NA,23,NA,NA,NA,"rockfish","rosethorn",150,150,98,"","","","",NA
"805","SL_2018SSEO_Dive_23_15-28-33.000.avi",59941,"16:05:36",NA,"",NA,18.089,0.257,2957.354,20.805,NA,NA,-485.785,-945.224,-2759.802,1,"KelliiWood",0,"N/A",2018,"SSEO_23",75,NA,23,NA,NA,NA,"rockfish","rosethorn",150,150,101,"","","","",NA
"806","SL_2018SSEO_Dive_23_15-28-33.000.avi",59941,"16:05:36",NA,"",NA,33.482,2.265,4151.501,12.368,NA,NA,-763.014,-477.072,-4052.798,1,"KelliiWood",0,"N/A",2018,"SSEO_23",75,NA,23,NA,NA,NA,"rockfish","rosethorn",150,150,102,"","","","",NA
"807","SL_2018SSEO_Dive_23_15-28-33.000.avi",59941,"16:05:36",NA,"",NA,49.528,0.572,4974.628,23.884,NA,NA,1994.156,-305.957,-4547.159,1,"KelliiWood",0,"N/A",2018,"SSEO_23",75,NA,23,NA,NA,NA,"rockfish","rosethorn",150,150,103,"","","","",NA
"808","SL_2018SSEO_Dive_23_15-28-33.000.avi",59987,"16:05:38",NA,"",NA,16.321,0.188,2896.155,25.085,NA,NA,66.752,-1239.249,-2616.777,1,"KelliiWood",0,"N/A",2018,"SSEO_23",75,NA,23,NA,NA,NA,"rockfish","rosethorn",150,150,104,"","","","",NA
"809","SL_2018SSEO_Dive_23_15-28-33.000.avi",60667,"16:06:00",NA,"",NA,25.279,1.509,3681.939,8.956,NA,NA,-434.066,-392.664,-3635.117,1,"KelliiWood",0,"N/A",2018,"SSEO_23",75,NA,23,NA,NA,NA,"rockfish","rosethorn",150,150,105,"","","","",NA
"810","SL_2018SSEO_Dive_23_15-28-33.000.avi",60667,"16:06:00",NA,"",NA,50.088,1.182,4981.316,20.902,NA,NA,-1686.396,537.409,-4656.261,1,"KelliiWood",0,"N/A",2018,"SSEO_23",75,NA,23,NA,NA,NA,"rockfish","rosethorn",150,150,106,"","","","",NA
"811","SL_2018SSEO_Dive_23_15-28-33.000.avi",60671,"16:06:00",NA,"",NA,34.044,3.351,4152.268,29.588,NA,NA,-1898.296,756.37,-3614.651,1,"KelliiWood",0,"N/A",2018,"SSEO_23",75,NA,23,NA,NA,NA,"rockfish","rosethorn",150,150,107,"","","","",NA
"812","SL_2018SSEO_Dive_23_15-28-33.000.avi",63019,"16:07:19",NA,"",NA,25.593,0.378,3584.083,20.97,NA,NA,-292.485,-1265.728,-3340.365,1,"KelliiWood",0,"N/A",2018,"SSEO_23",75,NA,23,NA,NA,NA,"rockfish","rosethorn",150,150,113,"","","","",NA
"813","SL_2018SSEO_Dive_23_15-28-33.000.avi",64161,"16:07:57",NA,"",NA,52.046,0.971,5116.882,15.181,NA,NA,-1215.627,-588.606,-4935.41,1,"KelliiWood",0,"N/A",2018,"SSEO_23",75,NA,23,NA,NA,NA,"rockfish","rosethorn",150,150,114,"","","","",NA
"814","SL_2018SSEO_Dive_23_15-28-33.000.avi",66497,"16:09:15",NA,"",NA,34.385,0.065,4080.762,18.696,NA,NA,-773.117,-1074.623,-3860.064,1,"KelliiWood",0,"N/A",2018,"SSEO_23",75,NA,23,NA,NA,NA,"rockfish","rosethorn",150,150,118,"","","","",NA
"815","SL_2018SSEO_Dive_23_15-28-33.000.avi",66970,"16:09:30",NA,"",NA,27.248,2.111,3789.458,14.757,NA,NA,-965.116,-34.914,-3664.332,1,"KelliiWood",0,"N/A",2018,"SSEO_23",75,NA,23,NA,NA,NA,"rockfish","rosethorn",150,150,119,"","","","",NA
"816","SL_2018SSEO_Dive_23_15-28-33.000.avi",70022,"16:11:12",NA,"",NA,32.532,1.324,4058.399,15.96,NA,NA,-1034.226,399.506,-3904.02,1,"KelliiWood",0,"N/A",2018,"SSEO_23",75,NA,23,NA,NA,NA,"rockfish","rosethorn",150,150,125,"","","","",NA
"817","SL_2018SSEO_Dive_23_15-28-33.000.avi",70741,"16:11:36",NA,"",NA,42.847,3.329,4711.841,18.419,NA,NA,-1480.561,133.907,-4471.181,1,"KelliiWood",0,"N/A",2018,"SSEO_23",75,NA,23,NA,NA,NA,"rockfish","rosethorn",150,150,126,"","","","",NA
"818","SL_2018SSEO_Dive_23_15-28-33.000.avi",16553,"15:41:30",NA,"",NA,60.594,0.659,5417.852,25.939,NA,NA,-970.753,2137.376,-4882.867,1,"KelliiWood",0,"N/A",2018,"SSEO_23",75,NA,23,NA,NA,NA,"rockfish","silvergray",157,157,15,"","","","",NA
"819","SL_2018SSEO_Dive_23_15-28-33.000.avi",16589,"15:41:31",NA,"",NA,91.671,0.167,6860.189,32.878,NA,NA,3365.354,1565.629,-5769.349,1,"KelliiWood",0,"N/A",2018,"SSEO_23",75,NA,23,NA,NA,NA,"rockfish","silvergray",157,157,16,"","","","",NA
"820","SL_2018SSEO_Dive_23_15-28-33.000.avi",64161,"16:07:57",NA,"",NA,82.093,0.393,6338.985,33.024,NA,NA,2355.538,2500.314,-5327.532,1,"KelliiWood",0,"N/A",2018,"SSEO_23",75,NA,23,NA,NA,NA,"rockfish","silvergray",157,157,115,"","","","",NA
"821","SL_2018SSEO_Dive_23_15-28-33.000.avi",77614,"16:15:25",NA,"",NA,76.385,4.932,6371.653,10.941,NA,NA,-997.886,651.594,-6259.202,1,"KelliiWood",0,"N/A",2018,"SSEO_23",75,NA,23,NA,NA,NA,"rockfish","silvergray",157,157,133,"","","","",NA
"822","SL_2018SSEO_Dive_24_19-48-04.000.avi",4077,"50:21.9",NA,"",NA,9.087,0.338,2055.659,24.345,NA,NA,588.177,-619.467,-1869.771,1,"KelliiWood",0,"N/A",2018,"SSEO_24",73,NA,24,NA,NA,NA,"","",NA,NA,1,"","","","Pyrosome - For Aaron",NA
"823","SL_2018SSEO_Dive_24_19-48-04.000.avi",4213,"50:26.4",NA,"",NA,11.023,0.891,2396.513,10.377,NA,NA,377.028,-222.042,-2356.23,1,"KelliiWood",0,"N/A",2018,"SSEO_24",73,NA,24,NA,NA,NA,"","",NA,NA,2,"","","","Pyrosome - For Aaron",NA
"824","SL_2018SSEO_Dive_24_19-48-04.000.avi",4213,"50:26.4",NA,"",NA,16.946,0.856,2928.789,20.166,NA,NA,1009.458,-33.946,-2749.118,1,"KelliiWood",0,"N/A",2018,"SSEO_24",73,NA,24,NA,NA,NA,"","",NA,NA,3,"","","","Pyrosome - For Aaron",NA
"825","SL_2018SSEO_Dive_24_19-48-04.000.avi",5950,"51:24.3",NA,"",NA,9.763,4.157,2226.265,15.435,NA,NA,147.203,-584.735,-2143.052,1,"KelliiWood",0,"N/A",2018,"SSEO_24",73,NA,24,NA,NA,NA,"","",NA,NA,4,"","","","Pyrosome  - For Aaron",NA
"826","SL_2018SSEO_Dive_25_04-59-12.000.avi",13792,"5:06:55",NA,"",NA,29.752,0.096,3989.385,31.825,NA,NA,2061.494,402.262,-3391.698,1,"KelliiWood",0,"N/A",2018,"SSEO_25",72,NA,25,NA,NA,NA,"rockfish","yelloweye",145,145,1,"AD","Fish moving slowly into frame","","NO LENGTH, 1/2 body seen",NA
"827","SL_2018SSEO_Dive_25_04-59-12.000.avi",13939,"5:07:00",NA,"",422.635,24.666,0.562,2518.804,27.112,39.689,11.902,1144.781,84.576,-2242.029,1,"KelliiWood",0,"N/A",2018,"SSEO_25",72,NA,25,NA,NA,NA,"rockfish","yelloweye",145,145,4,"AD","Fish actively swimming in frame","","",NA
"828","SL_2018SSEO_Dive_25_04-59-12.000.avi",14705,"5:07:25",NA,"",NA,46.012,2.474,5192.563,5.87,NA,NA,-51.772,502.52,-5167.93,1,"KelliiWood",0,"N/A",2018,"SSEO_25",72,NA,25,NA,NA,NA,"rockfish","canary",146,146,8,"","","","",NA
"829","SL_2018SSEO_Dive_25_04-59-12.000.avi",14705,"5:07:25",NA,"",NA,64.48,3.063,5857.334,10.714,NA,NA,-704.287,801.547,-5759.328,1,"KelliiWood",0,"N/A",2018,"SSEO_25",72,NA,25,NA,NA,NA,"rockfish","canary",146,146,9,"","","","",NA
"830","SL_2018SSEO_Dive_25_04-59-12.000.avi",14902,"5:07:32",NA,"",NA,71.118,1.645,5916.851,21.99,NA,NA,-2082.918,727.253,-5490.145,1,"KelliiWood",0,"N/A",2018,"SSEO_25",72,NA,25,NA,NA,NA,"rockfish","canary",146,146,12,"","","","",NA
"831","SL_2018SSEO_Dive_25_04-59-12.000.avi",51003,"5:27:35",NA,"",492.724,119.828,1.05,7693.301,30.073,1.638,15.467,-2807.833,2641.667,-6657.669,1,"KelliiWood",0,"N/A",2018,"SSEO_25",72,NA,25,NA,NA,NA,"rockfish","canary",146,146,20,"","","","",NA
"832","SL_2018SSEO_Dive_25_04-59-12.000.avi",51326,"5:27:46",NA,"",NA,13.359,0.52,2626.405,29.406,NA,NA,-1246.752,-341.033,-2286.331,1,"KelliiWood",0,"N/A",2018,"SSEO_25",72,NA,25,NA,NA,NA,"rockfish","canary",146,146,21,"","","","",NA
"833","SL_2018SSEO_Dive_25_04-59-12.000.avi",56638,"5:30:43",NA,"",NA,86.419,4.716,6636.206,31.409,NA,NA,-3033.513,1632.321,-5672.086,1,"KelliiWood",0,"N/A",2018,"SSEO_25",72,NA,25,NA,NA,NA,"rockfish","canary",146,146,22,"","","","",NA
"834","SL_2018SSEO_Dive_25_04-59-12.000.avi",14902,"5:07:32",NA,"",NA,50.32,1.151,5114.306,14.811,NA,NA,-1261.413,318.795,-4946.042,1,"KelliiWood",0,"N/A",2018,"SSEO_25",72,NA,25,NA,NA,NA,"rockfish","rosethorn",150,150,11,"","","","",NA
"835","SL_2018SSEO_Dive_25_04-59-12.000.avi",15233,"5:07:43",NA,"",NA,30.563,3.293,4128.321,7.569,NA,NA,-459.652,269.936,-4093.762,1,"KelliiWood",0,"N/A",2018,"SSEO_25",72,NA,25,NA,NA,NA,"rockfish","rosethorn",150,150,14,"","","","",NA
"836","SL_2018SSEO_Dive_25_04-59-12.000.avi",26313,"5:13:52",NA,"",NA,22.315,0.318,3243.627,24.817,NA,NA,-984.401,-955.246,-2939.315,1,"KelliiWood",0,"N/A",2018,"SSEO_25",72,NA,25,NA,NA,NA,"rockfish","rosethorn",150,150,16,"","","","",NA
"837","SL_2018SSEO_Dive_25_04-59-12.000.avi",33709,"5:17:59",NA,"",NA,23.113,1.543,3516.96,30.801,NA,NA,-1756.301,-413.535,-3018.842,1,"KelliiWood",0,"N/A",2018,"SSEO_25",72,NA,25,NA,NA,NA,"rockfish","rosethorn",150,150,17,"","","","",NA
"838","SL_2018SSEO_Dive_25_04-59-12.000.avi",13792,"5:06:55",NA,"",NA,45.459,1.274,4854.053,12.799,NA,NA,-611.149,860.913,-4737.843,1,"KelliiWood",0,"N/A",2018,"SSEO_25",72,NA,25,NA,NA,NA,"rockfish","redbanded",153,153,2,"","","","",NA
"839","SL_2018SSEO_Dive_25_04-59-12.000.avi",13792,"5:06:55",NA,"",NA,106.044,0.52,7104.087,23.175,NA,NA,-1716.009,2174.259,-6541.862,1,"KelliiWood",0,"N/A",2018,"SSEO_25",72,NA,25,NA,NA,NA,"rockfish","redbanded",153,153,3,"","","","",NA
"840","SL_2018SSEO_Dive_25_04-59-12.000.avi",14185,"5:07:08",NA,"",NA,34.845,2.141,4163.343,23.639,NA,NA,-1607.127,432.336,-3816.236,1,"KelliiWood",0,"N/A",2018,"SSEO_25",72,NA,25,NA,NA,NA,"rockfish","redbanded",153,153,5,"","","","",NA
"841","SL_2018SSEO_Dive_25_04-59-12.000.avi",50294,"5:27:11",NA,"",NA,107.288,0.377,7336.401,18.55,NA,NA,-838.545,2142.991,-6966.148,1,"KelliiWood",0,"N/A",2018,"SSEO_25",72,NA,25,NA,NA,NA,"rockfish","redbanded",153,153,19,"","","","",NA
"842","SL_2018SSEO_Dive_25_04-59-12.000.avi",23402,"5:12:15",NA,"",NA,44.014,0.026,4756.581,23.284,NA,NA,-213.546,1846.037,-4378.54,1,"KelliiWood",0,"N/A",2018,"SSEO_25",72,NA,25,NA,NA,NA,"rockfish","yellowtail",155,155,15,"","","","",NA
"843","SL_2018SSEO_Dive_25_04-59-12.000.avi",14428,"5:07:16",NA,"",NA,50.693,1.912,4978.307,25.006,NA,NA,-1945.515,779.415,-4515.643,1,"KelliiWood",0,"N/A",2018,"SSEO_25",72,NA,25,NA,NA,NA,"rockfish","silvergray",157,157,6,"","","","",NA
"844","SL_2018SSEO_Dive_25_04-59-12.000.avi",14428,"5:07:16",NA,"",NA,108.451,0.454,7223.86,23.102,NA,NA,1279.048,2495.975,-6657.199,1,"KelliiWood",0,"N/A",2018,"SSEO_25",72,NA,25,NA,NA,NA,"rockfish","silvergray",157,157,7,"","","","",NA
"845","SL_2018SSEO_Dive_25_04-59-12.000.avi",14764,"5:07:27",NA,"",NA,80.619,0.412,6528.761,32.308,NA,NA,3355.38,930.084,-5522.779,1,"KelliiWood",0,"N/A",2018,"SSEO_25",72,NA,25,NA,NA,NA,"rockfish","silvergray",157,157,10,"","","","",NA
"846","SL_2018SSEO_Dive_25_04-59-12.000.avi",49839,"5:26:56",NA,"",NA,19.829,0.06,3163.291,26.452,NA,NA,-1365.706,332.667,-2833.829,1,"KelliiWood",0,"N/A",2018,"SSEO_25",72,NA,25,NA,NA,NA,"rockfish","harlequin",176,176,18,"","","YES","",NA
"847","SL_2018SSEO_Dive_25_04-59-12.000.avi",60480,"5:32:51",NA,"",469.125,8.995,1.625,2834.942,8.457,1.495,3.024,-404.63,-100.446,-2804.118,1,"KelliiWood",0,"N/A",2018,"SSEO_25",72,NA,25,NA,NA,NA,"halibut","halibut",200,200,23,"","","","",NA
"848","SL_2018SSEO_Dive_25_04-59-12.000.avi",15233,"5:07:43",NA,"",NA,29.7,1.206,4066.198,30.669,NA,NA,-2069.281,-158.884,-3496.684,1,"KelliiWood",0,"N/A",2018,"SSEO_25",72,NA,25,NA,NA,NA,"rockfish","unknown",NA,NA,13,"","","YES","",NA
"849","SL_2018SSEO_Dive_26_11-56-23.000.avi",5156,"11:59:16",NA,"",537.173,71.552,1.433,4714.138,13.168,38.799,37.719,-273.634,1038.504,-4590.178,1,"KelliiWood",0,"N/A",2018,"SSEO_26",71,NA,26,NA,NA,NA,"rockfish","yelloweye",145,145,2,"AD","Fish actively swimming in frame","","",NA
"850","SL_2018SSEO_Dive_26_11-56-23.000.avi",8665,"12:01:13",NA,"",NA,45.104,0.038,4751.404,15.807,NA,NA,-1093.563,669.289,-4575.152,1,"KelliiWood",0,"N/A",2018,"SSEO_26",71,NA,26,NA,NA,NA,"rockfish","yelloweye",145,145,3,"JV","Fish resting on bottom","","NO LENGTH, 1/2 body hidden",NA
"851","SL_2018SSEO_Dive_26_11-56-23.000.avi",9191,"12:01:30",NA,"",535.736,80.113,1.112,4348.771,14.019,67.468,43.879,860.552,607.593,-4219.252,1,"KelliiWood",0,"N/A",2018,"SSEO_26",71,NA,26,NA,NA,NA,"rockfish","yelloweye",145,145,4,"AD","Fish resting on bottom","","",NA
"852","SL_2018SSEO_Dive_26_11-56-23.000.avi",10984,"12:02:30",NA,"",509.964,6.856,0.485,3035.725,5.017,1.586,26.524,256.546,68.22,-3024.095,1,"KelliiWood",0,"N/A",2018,"SSEO_26",71,NA,26,NA,NA,NA,"rockfish","yelloweye",145,145,8,"AD","Fish resting on bottom","","",NA
"853","SL_2018SSEO_Dive_26_11-56-23.000.avi",20110,"12:07:34",NA,"",630.013,102.379,0.299,6607.93,33.7,10.561,18.776,2942.51,2187.195,-5497.505,1,"KelliiWood",0,"N/A",2018,"SSEO_26",71,NA,26,NA,NA,NA,"rockfish","yelloweye",145,145,14,"AD","Fish resting on bottom","","",NA
"854","SL_2018SSEO_Dive_26_11-56-23.000.avi",29690,"12:12:54",NA,"",558.982,91.095,2.163,5400.516,29.488,24.459,4.866,-2590.614,596.36,-4700.92,1,"KelliiWood",0,"N/A",2018,"SSEO_26",71,NA,26,NA,NA,NA,"rockfish","yelloweye",145,145,17,"AD","Fish resting on bottom","","",NA
"855","SL_2018SSEO_Dive_26_11-56-23.000.avi",26515,"12:11:08",NA,"",NA,52.886,0.11,5089.174,18.276,NA,NA,-1346.922,831.731,-4836.705,1,"KelliiWood",0,"N/A",2018,"SSEO_26",71,NA,26,NA,NA,NA,"rockfish","canary",146,146,15,"","","","",NA
"856","SL_2018SSEO_Dive_26_11-56-23.000.avi",3707,"11:58:28",NA,"",NA,46.12,0.168,4901.239,12.519,NA,NA,-916.859,512.579,-4787.356,1,"KelliiWood",0,"N/A",2018,"SSEO_26",71,NA,26,NA,NA,NA,"rockfish","rosethorn",150,150,1,"","","","",NA
"857","SL_2018SSEO_Dive_26_11-56-23.000.avi",9240,"12:01:32",NA,"",NA,42.61,3.152,4679.245,16.65,NA,NA,-1305.373,283.199,-4484.544,1,"KelliiWood",0,"N/A",2018,"SSEO_26",71,NA,26,NA,NA,NA,"rockfish","rosethorn",150,150,5,"","","","",NA
"858","SL_2018SSEO_Dive_26_11-56-23.000.avi",9449,"12:01:39",NA,"",NA,33.659,0.108,4156.799,13.552,NA,NA,874.898,407.826,-4043.168,1,"KelliiWood",0,"N/A",2018,"SSEO_26",71,NA,26,NA,NA,NA,"rockfish","rosethorn",150,150,6,"","","","",NA
"859","SL_2018SSEO_Dive_26_11-56-23.000.avi",9525,"12:01:41",NA,"",NA,27.076,0.47,3776.708,15.138,NA,NA,-985.35,23.64,-3645.826,1,"KelliiWood",0,"N/A",2018,"SSEO_26",71,NA,26,NA,NA,NA,"rockfish","rosethorn",150,150,7,"","","","",NA
"860","SL_2018SSEO_Dive_26_11-56-23.000.avi",12930,"12:03:35",NA,"",NA,60.494,0.502,5342.826,23.964,NA,NA,1829.572,1142.392,-4888.087,1,"KelliiWood",0,"N/A",2018,"SSEO_26",71,NA,26,NA,NA,NA,"rockfish","rosethorn",150,150,10,"","","","",NA
"861","SL_2018SSEO_Dive_26_11-56-23.000.avi",14903,"12:04:41",NA,"",NA,45.795,1.219,4776.71,22.868,NA,NA,-1790.343,468.029,-4403.7,1,"KelliiWood",0,"N/A",2018,"SSEO_26",71,NA,26,NA,NA,NA,"rockfish","rosethorn",150,150,11,"","","","",NA
"862","SL_2018SSEO_Dive_26_11-56-23.000.avi",15678,"12:05:07",NA,"",NA,32.989,1.197,3982.187,26.292,NA,NA,1614.82,691.788,-3573.737,1,"KelliiWood",0,"N/A",2018,"SSEO_26",71,NA,26,NA,NA,NA,"rockfish","rosethorn",150,150,12,"","","","",NA
"863","SL_2018SSEO_Dive_26_11-56-23.000.avi",28835,"12:12:25",NA,"",NA,11.883,1.724,2514.576,9.682,NA,NA,157.441,-404.967,-2476.753,1,"KelliiWood",0,"N/A",2018,"SSEO_26",71,NA,26,NA,NA,NA,"rockfish","rosethorn",150,150,16,"","","","",NA
"864","SL_2018SSEO_Dive_26_11-56-23.000.avi",30066,"12:13:06",NA,"",NA,34.057,1.577,4253.944,11.105,NA,NA,384.809,702.34,-4177.88,1,"KelliiWood",0,"N/A",2018,"SSEO_26",71,NA,26,NA,NA,NA,"rockfish","rosethorn",150,150,18,"","","","",NA
"865","SL_2018SSEO_Dive_26_11-56-23.000.avi",12615,"12:03:24",NA,"",NA,54.204,1.251,5177.094,31.268,NA,NA,2362.049,1258.82,-4431.523,1,"KelliiWood",0,"N/A",2018,"SSEO_26",71,NA,26,NA,NA,NA,"halibut","halibut",200,200,9,"","","","NO LENGTH, too far away",NA
"866","SL_2018SSEO_Dive_26_11-56-23.000.avi",17305,"12:06:01",NA,"",614.007,20.207,0.562,2174.822,14.352,50.034,31.013,-187.461,505.449,-2106.948,1,"KelliiWood",0,"N/A",2018,"SSEO_26",71,NA,26,NA,NA,NA,"halibut","halibut",200,200,13,"","","","",NA
"867","SL_2018SSEO_Dive_27_07-25-46.000.avi",41141,"7:48:39",NA,"",944.06,67.982,4.799,3522.033,6.339,76.987,32.769,131.293,-366.049,-3500.498,1,"KelliiWood",0,"N/A",2018,"SSEO_27",54,NA,27,NA,NA,NA,"greenling","lingcod",130,130,82,"","","","",NA
"868","SL_2018SSEO_Dive_27_07-25-46.000.avi",48149,"7:52:33",NA,"",NA,36.233,0.541,4314.741,18.105,NA,NA,1334.112,113.487,-4101.738,1,"KelliiWood",0,"N/A",2018,"SSEO_27",54,NA,27,NA,NA,NA,"greenling","lingcod",130,130,92,"","","","NO LENGTH, head only",NA
"869","SL_2018SSEO_Dive_27_07-25-46.000.avi",17912,"7:35:45",NA,"",327.474,93.833,2.962,5950.179,26.323,23.307,26.788,-2188.317,1474.161,-5333.174,1,"KelliiWood",0,"N/A",2018,"SSEO_27",54,NA,27,NA,NA,NA,"rockfish","yelloweye",145,145,25,"SU","Fish milling/hovering","","",NA
"870","SL_2018SSEO_Dive_27_07-25-46.000.avi",19498,"7:36:38",NA,"",468.203,155.326,2.134,8002.572,20.318,25.488,35.612,1161.823,2524.214,-7504.643,1,"KelliiWood",0,"N/A",2018,"SSEO_27",54,NA,27,NA,NA,NA,"rockfish","yelloweye",145,145,28,"AD","Fish milling/hovering","","",NA
"871","SL_2018SSEO_Dive_27_07-25-46.000.avi",25389,"7:39:54",NA,"",238.454,88.472,4.184,5490.09,16.99,27.343,25.506,1569.631,331.181,-5250.492,1,"KelliiWood",0,"N/A",2018,"SSEO_27",54,NA,27,NA,NA,NA,"rockfish","yelloweye",145,145,38,"JV","Fish milling/hovering","","",NA
"872","SL_2018SSEO_Dive_27_07-25-46.000.avi",26775,"7:40:40",NA,"",248.268,66.008,0.843,5452.714,9.869,20.017,5.507,402.118,843.685,-5372.019,1,"KelliiWood",0,"N/A",2018,"SSEO_27",54,NA,27,NA,NA,NA,"rockfish","yelloweye",145,145,41,"JV","Fish milling/hovering","","",NA
"873","SL_2018SSEO_Dive_27_07-25-46.000.avi",27381,"7:41:01",NA,"",462.145,83.23,0.843,5033.884,27.92,26.752,0.32,-2343.658,250.976,-4447.951,1,"KelliiWood",0,"N/A",2018,"SSEO_27",54,NA,27,NA,NA,NA,"rockfish","yelloweye",145,145,43,"AD","Fish moving slowly into frame","","",NA
"874","SL_2018SSEO_Dive_27_07-25-46.000.avi",28412,"7:41:35",NA,"",184.185,46.286,1.505,3502.475,5.804,35.631,1.836,128.782,329.944,-3484.521,1,"KelliiWood",0,"N/A",2018,"SSEO_27",54,NA,27,NA,NA,NA,"rockfish","yelloweye",145,145,46,"JV","Fish milling/hovering","","",NA
"875","SL_2018SSEO_Dive_27_07-25-46.000.avi",29210,"7:42:02",NA,"",612.908,176.36,3.811,7644.75,15.014,29.586,9.048,-380.361,1943.549,-7383.776,1,"KelliiWood",0,"N/A",2018,"SSEO_27",54,NA,27,NA,NA,NA,"rockfish","yelloweye",145,145,47,"AD","Fish milling/hovering","","",NA
"876","SL_2018SSEO_Dive_27_07-25-46.000.avi",29366,"7:42:07",NA,"",435.003,37.492,1.817,8179.879,13.385,2.447,0.657,581.28,1802.111,-7957.697,1,"KelliiWood",0,"N/A",2018,"SSEO_27",54,NA,27,NA,NA,NA,"rockfish","yelloweye",145,145,48,"AD","Fish milling/hovering","","",NA
"877","SL_2018SSEO_Dive_27_07-25-46.000.avi",29468,"7:42:10",NA,"",504.643,66.097,1.39,7296.164,15.058,4.535,9.159,1281.949,1396.206,-7045.653,1,"KelliiWood",0,"N/A",2018,"SSEO_27",54,NA,27,NA,NA,NA,"rockfish","yelloweye",145,145,49,"AD","Fish milling/hovering","","",NA
"878","SL_2018SSEO_Dive_27_07-25-46.000.avi",30846,"7:42:56",NA,"",460.104,217.132,1.969,7905.475,13.346,32.942,0.085,1088.337,1464.823,-7691.967,1,"KelliiWood",0,"N/A",2018,"SSEO_27",54,NA,27,NA,NA,NA,"rockfish","yelloweye",145,145,1,"AD","Fish milling/hovering","","",NA
"879","SL_2018SSEO_Dive_27_07-25-46.000.avi",42701,"7:49:31",NA,"",596.09,176.424,1.52,6052.971,20.766,59.877,20.402,-1763.321,1223.323,-5659.739,1,"KelliiWood",0,"N/A",2018,"SSEO_27",54,NA,27,NA,NA,NA,"rockfish","yelloweye",145,145,85,"AD","Fish milling/hovering","","",NA
"880","SL_2018SSEO_Dive_27_07-25-46.000.avi",46459,"7:51:37",NA,"",346.334,53.19,1.319,5389.17,18.907,6.392,27.67,1633.035,618.515,-5098.41,1,"KelliiWood",0,"N/A",2018,"SSEO_27",54,NA,27,NA,NA,NA,"rockfish","yelloweye",145,145,88,"AD","Fish milling/hovering","","",NA
"881","SL_2018SSEO_Dive_27_07-25-46.000.avi",54880,"7:56:17",NA,"",NA,14.458,0.907,2720.111,18.122,NA,NA,-109.846,-851.909,-2580.928,1,"KelliiWood",0,"N/A",2018,"SSEO_27",54,NA,27,NA,NA,NA,"rockfish","yelloweye",145,145,97,"AD","Fish seeking cover","","NO LENGTH, hiding in rock",NA
"882","SL_2018SSEO_Dive_27_07-25-46.000.avi",55036,"7:56:23",NA,"",569.755,129.515,0.311,5587.233,14.606,39.998,9.575,1384.414,261.632,-5406.673,1,"KelliiWood",0,"N/A",2018,"SSEO_27",54,NA,27,NA,NA,NA,"rockfish","yelloweye",145,145,98,"AD","Fish resting on bottom","","",NA
"883","SL_2018SSEO_Dive_27_07-25-46.000.avi",6659,"7:29:30",NA,"",NA,42.513,0.675,4541.564,19.413,NA,NA,-1263.722,804.06,-4287.458,1,"KelliiWood",0,"N/A",2018,"SSEO_27",54,NA,27,NA,NA,NA,"rockfish","quillback",147,147,11,"","","","",NA
"884","SL_2018SSEO_Dive_27_07-25-46.000.avi",8289,"7:30:24",NA,"",NA,40.947,0.336,4657.233,12.955,NA,NA,-1010.71,239.143,-4539.944,1,"KelliiWood",0,"N/A",2018,"SSEO_27",54,NA,27,NA,NA,NA,"rockfish","quillback",147,147,13,"","","","",NA
"885","SL_2018SSEO_Dive_27_07-25-46.000.avi",13451,"7:33:16",NA,"",NA,64.776,2.416,5635.839,18.79,NA,NA,1660.521,706.513,-5339.119,1,"KelliiWood",0,"N/A",2018,"SSEO_27",54,NA,27,NA,NA,NA,"rockfish","quillback",147,147,16,"","","","",NA
"886","SL_2018SSEO_Dive_27_07-25-46.000.avi",14673,"7:33:57",NA,"",NA,60.593,1.197,5486.575,16.137,NA,NA,-1164.091,958.483,-5275.292,1,"KelliiWood",0,"N/A",2018,"SSEO_27",54,NA,27,NA,NA,NA,"rockfish","quillback",147,147,17,"","","","",NA
"887","SL_2018SSEO_Dive_27_07-25-46.000.avi",16126,"7:34:46",NA,"",NA,58.326,2.28,5808.315,7.238,NA,NA,-42.157,701.525,-5765.64,1,"KelliiWood",0,"N/A",2018,"SSEO_27",54,NA,27,NA,NA,NA,"rockfish","quillback",147,147,21,"","","","",NA
"888","SL_2018SSEO_Dive_27_07-25-46.000.avi",17075,"7:35:17",NA,"",NA,72.826,1.203,5867.776,22.749,NA,NA,1388.603,1767.248,-5420.278,1,"KelliiWood",0,"N/A",2018,"SSEO_27",54,NA,27,NA,NA,NA,"rockfish","quillback",147,147,23,"","","","",NA
"889","SL_2018SSEO_Dive_27_07-25-46.000.avi",19498,"7:36:38",NA,"",NA,75.487,0.405,6029.789,20.06,NA,NA,-1351.406,1537.158,-5671.79,1,"KelliiWood",0,"N/A",2018,"SSEO_27",54,NA,27,NA,NA,NA,"rockfish","quillback",147,147,27,"","","","",NA
"890","SL_2018SSEO_Dive_27_07-25-46.000.avi",20257,"7:37:03",NA,"",NA,74.023,2.288,6204.735,32.548,NA,NA,-2917.204,1596.322,-5238.359,1,"KelliiWood",0,"N/A",2018,"SSEO_27",54,NA,27,NA,NA,NA,"rockfish","quillback",147,147,29,"","","","",NA
"891","SL_2018SSEO_Dive_27_07-25-46.000.avi",20576,"7:37:14",NA,"",NA,46.809,1.488,4699.387,27.258,NA,NA,1770.984,1202.095,-4183.638,1,"KelliiWood",0,"N/A",2018,"SSEO_27",54,NA,27,NA,NA,NA,"rockfish","quillback",147,147,31,"","","","",NA
"892","SL_2018SSEO_Dive_27_07-25-46.000.avi",20732,"7:37:19",NA,"",NA,57.405,1.422,5325.03,20.116,NA,NA,670.13,1679.207,-5008.706,1,"KelliiWood",0,"N/A",2018,"SSEO_27",54,NA,27,NA,NA,NA,"rockfish","quillback",147,147,32,"","","","",NA
"893","SL_2018SSEO_Dive_27_07-25-46.000.avi",24119,"7:39:12",NA,"",NA,80.749,0.344,6529.752,17.093,NA,NA,195.39,1877.806,-6250.866,1,"KelliiWood",0,"N/A",2018,"SSEO_27",54,NA,27,NA,NA,NA,"rockfish","quillback",147,147,35,"","","","",NA
"894","SL_2018SSEO_Dive_27_07-25-46.000.avi",25326,"7:39:52",NA,"",NA,25.299,0.545,3825.618,5.488,NA,NA,132.149,322.009,-3809.751,1,"KelliiWood",0,"N/A",2018,"SSEO_27",54,NA,27,NA,NA,NA,"rockfish","quillback",147,147,37,"","","","",NA
"895","SL_2018SSEO_Dive_27_07-25-46.000.avi",26058,"7:40:17",NA,"",NA,40.387,0.31,4710.06,8.631,NA,NA,-407.058,554.437,-4659.567,1,"KelliiWood",0,"N/A",2018,"SSEO_27",54,NA,27,NA,NA,NA,"rockfish","quillback",147,147,39,"","","","",NA
"896","SL_2018SSEO_Dive_27_07-25-46.000.avi",27162,"7:40:53",NA,"",NA,60.31,2.019,5559.248,30.186,NA,NA,2700.905,695.935,-4808.952,1,"KelliiWood",0,"N/A",2018,"SSEO_27",54,NA,27,NA,NA,NA,"rockfish","quillback",147,147,42,"","","","",NA
"897","SL_2018SSEO_Dive_27_07-25-46.000.avi",27704,"7:41:11",NA,"",NA,53.972,1.251,5079.535,21.94,NA,NA,1680.643,857.959,-4716.039,1,"KelliiWood",0,"N/A",2018,"SSEO_27",54,NA,27,NA,NA,NA,"rockfish","quillback",147,147,44,"","","","",NA
"898","SL_2018SSEO_Dive_27_07-25-46.000.avi",27883,"7:41:17",NA,"",NA,23.974,0.269,3528.692,14.848,NA,NA,891.801,132.347,-3411.574,1,"KelliiWood",0,"N/A",2018,"SSEO_27",54,NA,27,NA,NA,NA,"rockfish","quillback",147,147,45,"","","","",NA
"899","SL_2018SSEO_Dive_27_07-25-46.000.avi",30603,"7:42:48",NA,"",NA,69.426,0.999,5832.396,17.917,NA,NA,-1458.461,1017.203,-5554.73,1,"KelliiWood",0,"N/A",2018,"SSEO_27",54,NA,27,NA,NA,NA,"rockfish","quillback",147,147,52,"","","","",NA
"900","SL_2018SSEO_Dive_27_07-25-46.000.avi",30782,"7:42:54",NA,"",NA,88.107,2.529,6676.137,14.64,NA,NA,1454.755,822.441,-6463.597,1,"KelliiWood",0,"N/A",2018,"SSEO_27",54,NA,27,NA,NA,NA,"rockfish","quillback",147,147,53,"","","","",NA
"901","SL_2018SSEO_Dive_27_07-25-46.000.avi",30782,"7:42:54",NA,"",NA,108.397,1.447,7573.251,11.128,NA,NA,-1091.251,934.905,-7435.675,1,"KelliiWood",0,"N/A",2018,"SSEO_27",54,NA,27,NA,NA,NA,"rockfish","quillback",147,147,54,"","","","",NA
"902","SL_2018SSEO_Dive_27_07-25-46.000.avi",30782,"7:42:54",NA,"",NA,108.321,1.256,7732.652,8.916,NA,NA,-566.206,1017.716,-7644.447,1,"KelliiWood",0,"N/A",2018,"SSEO_27",54,NA,27,NA,NA,NA,"rockfish","quillback",147,147,55,"","","","",NA
"903","SL_2018SSEO_Dive_27_07-25-46.000.avi",30782,"7:42:54",NA,"",NA,130.76,1.921,8128.556,14.299,NA,NA,1470.346,1327.356,-7883.504,1,"KelliiWood",0,"N/A",2018,"SSEO_27",54,NA,27,NA,NA,NA,"rockfish","quillback",147,147,56,"","","","",NA
"904","SL_2018SSEO_Dive_27_07-25-46.000.avi",30846,"7:42:56",NA,"",NA,71.348,0.178,5998.24,17.86,NA,NA,1779.332,438.294,-5711.459,1,"KelliiWood",0,"N/A",2018,"SSEO_27",54,NA,27,NA,NA,NA,"rockfish","quillback",147,147,57,"","","","",NA
"905","SL_2018SSEO_Dive_27_07-25-46.000.avi",30846,"7:42:56",NA,"",NA,106.928,0.514,7341.876,15.005,NA,NA,1644.277,918.05,-7096.244,1,"KelliiWood",0,"N/A",2018,"SSEO_27",54,NA,27,NA,NA,NA,"rockfish","quillback",147,147,59,"","","","",NA
"906","SL_2018SSEO_Dive_27_07-25-46.000.avi",30846,"7:42:56",NA,"",NA,66.796,0.788,6167.072,6.616,NA,NA,-586.461,370.209,-6127.951,1,"KelliiWood",0,"N/A",2018,"SSEO_27",54,NA,27,NA,NA,NA,"rockfish","quillback",147,147,60,"","","","",NA
"907","SL_2018SSEO_Dive_27_07-25-46.000.avi",31025,"7:43:02",NA,"",NA,91.145,1.054,6767.115,27.293,NA,NA,3026.528,654.377,-6017.122,1,"KelliiWood",0,"N/A",2018,"SSEO_27",54,NA,27,NA,NA,NA,"rockfish","quillback",147,147,61,"","","","",NA
"908","SL_2018SSEO_Dive_27_07-25-46.000.avi",31025,"7:43:02",NA,"",NA,123.077,0.02,7758.62,26.385,NA,NA,3269.329,1060.199,-6955.835,1,"KelliiWood",0,"N/A",2018,"SSEO_27",54,NA,27,NA,NA,NA,"rockfish","quillback",147,147,62,"","","","",NA
"909","SL_2018SSEO_Dive_27_07-25-46.000.avi",31025,"7:43:02",NA,"",NA,93.196,1.781,6842.993,15.718,NA,NA,1662.67,786.598,-6591.156,1,"KelliiWood",0,"N/A",2018,"SSEO_27",54,NA,27,NA,NA,NA,"rockfish","quillback",147,147,63,"","","","",NA
"910","SL_2018SSEO_Dive_27_07-25-46.000.avi",31205,"7:43:08",NA,"",NA,53.04,1.047,5571.824,5.243,NA,NA,486.2,123.131,-5549.204,1,"KelliiWood",0,"N/A",2018,"SSEO_27",54,NA,27,NA,NA,NA,"rockfish","quillback",147,147,67,"","","","",NA
"911","SL_2018SSEO_Dive_27_07-25-46.000.avi",31205,"7:43:08",NA,"",NA,47.622,0.509,4928.16,22.684,NA,NA,1899.351,-89.008,-4546.57,1,"KelliiWood",0,"N/A",2018,"SSEO_27",54,NA,27,NA,NA,NA,"rockfish","quillback",147,147,68,"","","","",NA
"912","SL_2018SSEO_Dive_27_07-25-46.000.avi",31253,"7:43:10",NA,"",NA,93.891,1.188,6760.064,19.614,NA,NA,-1952.249,1124.698,-6373.558,1,"KelliiWood",0,"N/A",2018,"SSEO_27",54,NA,27,NA,NA,NA,"rockfish","quillback",147,147,69,"","","","",NA
"913","SL_2018SSEO_Dive_27_07-25-46.000.avi",31355,"7:43:13",NA,"",NA,90.997,1.427,6657.609,26.563,NA,NA,2799.348,983.547,-5959.87,1,"KelliiWood",0,"N/A",2018,"SSEO_27",54,NA,27,NA,NA,NA,"rockfish","quillback",147,147,70,"","","","",NA
"914","SL_2018SSEO_Dive_27_07-25-46.000.avi",32364,"7:43:47",NA,"",NA,55.75,0.142,5512.68,9.281,NA,NA,-496.354,710.219,-5444.158,1,"KelliiWood",0,"N/A",2018,"SSEO_27",54,NA,27,NA,NA,NA,"rockfish","quillback",147,147,71,"","","","",NA
"915","SL_2018SSEO_Dive_27_07-25-46.000.avi",34654,"7:45:03",NA,"",NA,47.902,0.694,4806.798,20.014,NA,NA,-1337.867,934.669,-4521.263,1,"KelliiWood",0,"N/A",2018,"SSEO_27",54,NA,27,NA,NA,NA,"rockfish","quillback",147,147,72,"","","","",NA
"916","SL_2018SSEO_Dive_27_07-25-46.000.avi",35405,"7:45:28",NA,"",NA,58.116,2.078,5335.56,17.665,NA,NA,-1255.212,996.993,-5089.072,1,"KelliiWood",0,"N/A",2018,"SSEO_27",54,NA,27,NA,NA,NA,"rockfish","quillback",147,147,73,"","","","",NA
"917","SL_2018SSEO_Dive_27_07-25-46.000.avi",38376,"7:47:07",NA,"",NA,33.765,2.749,4419.545,4.604,NA,NA,-190.88,-321.168,-4403.725,1,"KelliiWood",0,"N/A",2018,"SSEO_27",54,NA,27,NA,NA,NA,"rockfish","quillback",147,147,77,"","","","",NA
"918","SL_2018SSEO_Dive_27_07-25-46.000.avi",50439,"7:53:49",NA,"",NA,56.489,4.01,5455.091,34.529,NA,NA,2726.421,1436,-4501.394,1,"KelliiWood",0,"N/A",2018,"SSEO_27",54,NA,27,NA,NA,NA,"rockfish","quillback",147,147,93,"","","","",NA
"919","SL_2018SSEO_Dive_27_07-25-46.000.avi",50510,"7:53:52",NA,"",NA,57.281,0.112,5291.721,28.215,NA,NA,-2189.762,1186.472,-4668.998,1,"KelliiWood",0,"N/A",2018,"SSEO_27",54,NA,27,NA,NA,NA,"rockfish","quillback",147,147,94,"","","","",NA
"920","SL_2018SSEO_Dive_27_07-25-46.000.avi",51020,"7:54:09",NA,"",NA,32.442,0.15,4015.744,21.246,NA,NA,1420.496,297.066,-3744.348,1,"KelliiWood",0,"N/A",2018,"SSEO_27",54,NA,27,NA,NA,NA,"rockfish","quillback",147,147,95,"","","","",NA
"921","SL_2018SSEO_Dive_27_07-25-46.000.avi",54285,"7:55:57",NA,"",NA,64.88,1.193,5908.682,11.098,NA,NA,411.12,1031.263,-5803.447,1,"KelliiWood",0,"N/A",2018,"SSEO_27",54,NA,27,NA,NA,NA,"rockfish","quillback",147,147,96,"","","","",NA
"922","SL_2018SSEO_Dive_27_07-25-46.000.avi",57695,"7:57:51",NA,"",NA,123.387,0.61,7685.574,23.626,NA,NA,2790.148,1269.055,-7047.881,1,"KelliiWood",0,"N/A",2018,"SSEO_27",54,NA,27,NA,NA,NA,"rockfish","quillback",147,147,103,"","","","",NA
"923","SL_2018SSEO_Dive_27_07-25-46.000.avi",60544,"7:59:26",NA,"",NA,69.929,0.422,6015.081,31.506,NA,NA,-2850.29,1299.52,-5135.006,1,"KelliiWood",0,"N/A",2018,"SSEO_27",54,NA,27,NA,NA,NA,"rockfish","quillback",147,147,105,"","","","",NA
"924","SL_2018SSEO_Dive_27_07-25-46.000.avi",30846,"7:42:56",NA,"",NA,100.989,0.42,7124.136,21.558,NA,NA,2576.953,426.455,-6628.029,1,"KelliiWood",0,"N/A",2018,"SSEO_27",54,NA,27,NA,NA,NA,"rockfish","tiger",148,148,58,"","","","",NA
"925","SL_2018SSEO_Dive_27_07-25-46.000.avi",31113,"7:43:05",NA,"",NA,117.325,1.265,7906.076,10.481,NA,NA,1087.245,902.227,-7778.813,1,"KelliiWood",0,"N/A",2018,"SSEO_27",54,NA,27,NA,NA,NA,"rockfish","tiger",148,148,65,"","","","",NA
"926","SL_2018SSEO_Dive_27_07-25-46.000.avi",2204,"7:27:01",NA,"",NA,26.294,0.467,3583.674,28.02,NA,NA,1581.477,-593.246,-3160.651,1,"KelliiWood",0,"N/A",2018,"SSEO_27",54,NA,27,NA,NA,NA,"rockfish","rosethorn",150,150,1,"","","","",NA
"927","SL_2018SSEO_Dive_27_07-25-46.000.avi",3597,"7:27:48",NA,"",NA,11.865,0.914,2418.726,20.194,NA,NA,-259.95,-804.864,-2266.021,1,"KelliiWood",0,"N/A",2018,"SSEO_27",54,NA,27,NA,NA,NA,"rockfish","rosethorn",150,150,3,"","","","",NA
"928","SL_2018SSEO_Dive_27_07-25-46.000.avi",4527,"7:28:19",NA,"",NA,24.017,1.729,3492.458,23.54,NA,NA,-1385.66,-175.906,-3200.979,1,"KelliiWood",0,"N/A",2018,"SSEO_27",54,NA,27,NA,NA,NA,"rockfish","rosethorn",150,150,4,"","","","",NA
"929","SL_2018SSEO_Dive_27_07-25-46.000.avi",5319,"7:28:45",NA,"",NA,35.345,1.018,4315.001,29.418,NA,NA,2104.843,229.399,-3759.82,1,"KelliiWood",0,"N/A",2018,"SSEO_27",54,NA,27,NA,NA,NA,"rockfish","rosethorn",150,150,5,"","","","",NA
"930","SL_2018SSEO_Dive_27_07-25-46.000.avi",5730,"7:28:59",NA,"",NA,68.756,2.236,6062.371,11.929,NA,NA,1240.684,-205.957,-5930.483,1,"KelliiWood",0,"N/A",2018,"SSEO_27",54,NA,27,NA,NA,NA,"rockfish","rosethorn",150,150,6,"","","","",NA
"931","SL_2018SSEO_Dive_27_07-25-46.000.avi",6061,"7:29:10",NA,"",NA,43.576,1.958,4710.69,23.798,NA,NA,1898.543,-115.33,-4309.621,1,"KelliiWood",0,"N/A",2018,"SSEO_27",54,NA,27,NA,NA,NA,"rockfish","rosethorn",150,150,7,"","","","",NA
"932","SL_2018SSEO_Dive_27_07-25-46.000.avi",6287,"7:29:18",NA,"",NA,44.138,1.451,4833.691,13.369,NA,NA,-1089.523,225.549,-4703.895,1,"KelliiWood",0,"N/A",2018,"SSEO_27",54,NA,27,NA,NA,NA,"rockfish","rosethorn",150,150,8,"","","","",NA
"933","SL_2018SSEO_Dive_27_07-25-46.000.avi",6592,"7:29:28",NA,"",NA,18.268,1.773,3221.203,5.118,NA,NA,-167.796,-249.424,-3207.145,1,"KelliiWood",0,"N/A",2018,"SSEO_27",54,NA,27,NA,NA,NA,"rockfish","rosethorn",150,150,9,"","","","",NA
"934","SL_2018SSEO_Dive_27_07-25-46.000.avi",6860,"7:29:37",NA,"",NA,31.428,0.508,4104.852,29.694,NA,NA,2030.069,98.474,-3566.362,1,"KelliiWood",0,"N/A",2018,"SSEO_27",54,NA,27,NA,NA,NA,"rockfish","rosethorn",150,150,12,"","","","",NA
"935","SL_2018SSEO_Dive_27_07-25-46.000.avi",9155,"7:30:53",NA,"",NA,16.674,2.411,3091.748,4.777,NA,NA,53.533,-267.374,-3079.699,1,"KelliiWood",0,"N/A",2018,"SSEO_27",54,NA,27,NA,NA,NA,"rockfish","rosethorn",150,150,14,"","","","",NA
"936","SL_2018SSEO_Dive_27_07-25-46.000.avi",10191,"7:31:28",NA,"",NA,15.702,0.708,2758.754,20.087,NA,NA,-437.245,-853.595,-2586.681,1,"KelliiWood",0,"N/A",2018,"SSEO_27",54,NA,27,NA,NA,NA,"rockfish","rosethorn",150,150,15,"","","","",NA
"937","SL_2018SSEO_Dive_27_07-25-46.000.avi",15499,"7:34:25",NA,"",NA,100.705,1.348,7183.618,14.19,NA,NA,-921.411,1465.531,-6971.914,1,"KelliiWood",0,"N/A",2018,"SSEO_27",54,NA,27,NA,NA,NA,"rockfish","rosethorn",150,150,18,"","","","",NA
"938","SL_2018SSEO_Dive_27_07-25-46.000.avi",15505,"7:34:25",NA,"",NA,8.418,1.584,1984.628,21.236,NA,NA,545.025,-478.045,-1847.476,1,"KelliiWood",0,"N/A",2018,"SSEO_27",54,NA,27,NA,NA,NA,"rockfish","rosethorn",150,150,19,"","","","",NA
"939","SL_2018SSEO_Dive_27_07-25-46.000.avi",16126,"7:34:46",NA,"",NA,32.782,0.96,4398.758,4.351,NA,NA,-330.738,22.535,-4386.249,1,"KelliiWood",0,"N/A",2018,"SSEO_27",54,NA,27,NA,NA,NA,"rockfish","rosethorn",150,150,20,"","","","",NA
"940","SL_2018SSEO_Dive_27_07-25-46.000.avi",16462,"7:34:57",NA,"",NA,46.285,4.299,4832.638,25.959,NA,NA,2085.466,332.388,-4346.808,1,"KelliiWood",0,"N/A",2018,"SSEO_27",54,NA,27,NA,NA,NA,"rockfish","rosethorn",150,150,22,"","","","",NA
"941","SL_2018SSEO_Dive_27_07-25-46.000.avi",17769,"7:35:40",NA,"",NA,79.994,1.163,6274.627,30.968,NA,NA,2832.055,1523.359,-5387.929,1,"KelliiWood",0,"N/A",2018,"SSEO_27",54,NA,27,NA,NA,NA,"rockfish","rosethorn",150,150,24,"","","","",NA
"942","SL_2018SSEO_Dive_27_07-25-46.000.avi",19087,"7:36:24",NA,"",NA,61.494,0.622,5509.621,18.421,NA,NA,1616.766,619.67,-5230.488,1,"KelliiWood",0,"N/A",2018,"SSEO_27",54,NA,27,NA,NA,NA,"rockfish","rosethorn",150,150,26,"","","","",NA
"943","SL_2018SSEO_Dive_27_07-25-46.000.avi",20576,"7:37:14",NA,"",NA,99.504,1.885,6905.624,21.447,NA,NA,-2048.739,1443.505,-6434.796,1,"KelliiWood",0,"N/A",2018,"SSEO_27",54,NA,27,NA,NA,NA,"rockfish","rosethorn",150,150,30,"","","","",NA
"944","SL_2018SSEO_Dive_27_07-25-46.000.avi",22042,"7:38:03",NA,"",NA,71.65,2.837,6259.637,13.086,NA,NA,-63.449,1385.118,-6104.136,1,"KelliiWood",0,"N/A",2018,"SSEO_27",54,NA,27,NA,NA,NA,"rockfish","rosethorn",150,150,33,"","","","",NA
"945","SL_2018SSEO_Dive_27_07-25-46.000.avi",23612,"7:38:55",NA,"",NA,47.736,0.337,5181.236,9.191,NA,NA,-101.712,795.504,-5118.792,1,"KelliiWood",0,"N/A",2018,"SSEO_27",54,NA,27,NA,NA,NA,"rockfish","rosethorn",150,150,34,"","","","",NA
"946","SL_2018SSEO_Dive_27_07-25-46.000.avi",24506,"7:39:25",NA,"",NA,42.528,4.17,4688.611,12.62,NA,NA,614.863,796.323,-4579.398,1,"KelliiWood",0,"N/A",2018,"SSEO_27",54,NA,27,NA,NA,NA,"rockfish","rosethorn",150,150,36,"","","","",NA
"947","SL_2018SSEO_Dive_27_07-25-46.000.avi",26450,"7:40:30",NA,"",NA,22.318,0.955,3255.723,20.938,NA,NA,-885.618,-769.83,-3036.902,1,"KelliiWood",0,"N/A",2018,"SSEO_27",54,NA,27,NA,NA,NA,"rockfish","rosethorn",150,150,40,"","","","",NA
"948","SL_2018SSEO_Dive_27_07-25-46.000.avi",29838,"7:42:23",NA,"",NA,22.106,2.165,3323.415,14.617,NA,NA,-699.863,-478.292,-3213.49,1,"KelliiWood",0,"N/A",2018,"SSEO_27",54,NA,27,NA,NA,NA,"rockfish","rosethorn",150,150,50,"","","","",NA
"949","SL_2018SSEO_Dive_27_07-25-46.000.avi",30603,"7:42:48",NA,"",NA,71.209,2.414,5984.567,16.059,NA,NA,-1472.701,727.18,-5754.772,1,"KelliiWood",0,"N/A",2018,"SSEO_27",54,NA,27,NA,NA,NA,"rockfish","rosethorn",150,150,51,"","","","",NA
"950","SL_2018SSEO_Dive_27_07-25-46.000.avi",31113,"7:43:05",NA,"",NA,45.263,3.578,5140.164,4.166,NA,NA,-272.671,-280.904,-5125.235,1,"KelliiWood",0,"N/A",2018,"SSEO_27",54,NA,27,NA,NA,NA,"rockfish","rosethorn",150,150,64,"","","","",NA
"951","SL_2018SSEO_Dive_27_07-25-46.000.avi",31113,"7:43:05",NA,"",NA,66.68,2.936,6375.878,2.85,NA,NA,175.399,232.046,-6369.24,1,"KelliiWood",0,"N/A",2018,"SSEO_27",54,NA,27,NA,NA,NA,"rockfish","rosethorn",150,150,66,"","","","",NA
"952","SL_2018SSEO_Dive_27_07-25-46.000.avi",37412,"7:46:35",NA,"",NA,45.064,2.518,4760.872,21.271,NA,NA,-1702.034,-315.93,-4434.994,1,"KelliiWood",0,"N/A",2018,"SSEO_27",54,NA,27,NA,NA,NA,"rockfish","rosethorn",150,150,74,"","","","",NA
"953","SL_2018SSEO_Dive_27_07-25-46.000.avi",37916,"7:46:52",NA,"",NA,36.539,2.684,4319.237,23.689,NA,NA,1734.77,-64.025,-3955.033,1,"KelliiWood",0,"N/A",2018,"SSEO_27",54,NA,27,NA,NA,NA,"rockfish","rosethorn",150,150,75,"","","","",NA
"954","SL_2018SSEO_Dive_27_07-25-46.000.avi",38038,"7:46:56",NA,"",NA,77.351,4.237,6282.191,15.902,NA,NA,1648.381,465.294,-6044.192,1,"KelliiWood",0,"N/A",2018,"SSEO_27",54,NA,27,NA,NA,NA,"rockfish","rosethorn",150,150,76,"","","","",NA
"955","SL_2018SSEO_Dive_27_07-25-46.000.avi",39782,"7:47:54",NA,"",NA,34.82,0.335,4247.346,26.664,NA,NA,-1892.402,-246.693,-3794.456,1,"KelliiWood",0,"N/A",2018,"SSEO_27",54,NA,27,NA,NA,NA,"rockfish","rosethorn",150,150,79,"","","","",NA
"956","SL_2018SSEO_Dive_27_07-25-46.000.avi",40109,"7:48:05",NA,"",NA,32.175,0.288,4250.767,30.622,NA,NA,-2164.35,-79.626,-3657.631,1,"KelliiWood",0,"N/A",2018,"SSEO_27",54,NA,27,NA,NA,NA,"rockfish","rosethorn",150,150,80,"","","","",NA
"957","SL_2018SSEO_Dive_27_07-25-46.000.avi",41050,"7:48:36",NA,"",NA,23.951,2.738,3402.739,18.941,NA,NA,-952.578,-575.227,-3215.64,1,"KelliiWood",0,"N/A",2018,"SSEO_27",54,NA,27,NA,NA,NA,"rockfish","rosethorn",150,150,81,"","","","",NA
"958","SL_2018SSEO_Dive_27_07-25-46.000.avi",41854,"7:49:03",NA,"",NA,46.145,1.966,4844.046,13.775,NA,NA,945.377,637.042,-4707.996,1,"KelliiWood",0,"N/A",2018,"SSEO_27",54,NA,27,NA,NA,NA,"rockfish","rosethorn",150,150,83,"","","","",NA
"959","SL_2018SSEO_Dive_27_07-25-46.000.avi",42206,"7:49:15",NA,"",NA,47.285,0.448,4891.344,24.175,NA,NA,1986.135,238.157,-4463.607,1,"KelliiWood",0,"N/A",2018,"SSEO_27",54,NA,27,NA,NA,NA,"rockfish","rosethorn",150,150,84,"","","","",NA
"960","SL_2018SSEO_Dive_27_07-25-46.000.avi",45928,"7:51:19",NA,"",NA,49.44,0.911,5059.154,12.764,NA,NA,-676.191,865.153,-4938.554,1,"KelliiWood",0,"N/A",2018,"SSEO_27",54,NA,27,NA,NA,NA,"rockfish","rosethorn",150,150,87,"","","","",NA
"961","SL_2018SSEO_Dive_27_07-25-46.000.avi",45989,"7:51:21",NA,"",NA,36.265,1.514,4469.825,8.228,NA,NA,-463.73,418.359,-4425.976,1,"KelliiWood",0,"N/A",2018,"SSEO_27",54,NA,27,NA,NA,NA,"rockfish","rosethorn",150,150,86,"","","","",NA
"962","SL_2018SSEO_Dive_27_07-25-46.000.avi",46459,"7:51:37",NA,"",NA,52.553,2.628,5155.887,20.617,NA,NA,-1776.901,347.872,-4827.502,1,"KelliiWood",0,"N/A",2018,"SSEO_27",54,NA,27,NA,NA,NA,"rockfish","rosethorn",150,150,89,"","","","",NA
"963","SL_2018SSEO_Dive_27_07-25-46.000.avi",47137,"7:51:59",NA,"",NA,70.006,0.588,5954.63,23.397,NA,NA,-2319.966,429.811,-5467.233,1,"KelliiWood",0,"N/A",2018,"SSEO_27",54,NA,27,NA,NA,NA,"rockfish","rosethorn",150,150,90,"","","","",NA
"964","SL_2018SSEO_Dive_27_07-25-46.000.avi",55165,"7:56:27",NA,"",NA,21.935,0.775,3261.4,19.139,NA,NA,-953.619,-499.192,-3078.66,1,"KelliiWood",0,"N/A",2018,"SSEO_27",54,NA,27,NA,NA,NA,"rockfish","rosethorn",150,150,99,"","","","",NA
"965","SL_2018SSEO_Dive_27_07-25-46.000.avi",55979,"7:56:54",NA,"",NA,31.283,0.037,3987.833,20.706,NA,NA,1408.848,-75.863,-3729.906,1,"KelliiWood",0,"N/A",2018,"SSEO_27",54,NA,27,NA,NA,NA,"rockfish","rosethorn",150,150,100,"","","","",NA
"966","SL_2018SSEO_Dive_27_07-25-46.000.avi",57237,"7:57:36",NA,"",NA,52.586,2.087,5304.193,12.726,NA,NA,1155.726,146.055,-5174.691,1,"KelliiWood",0,"N/A",2018,"SSEO_27",54,NA,27,NA,NA,NA,"rockfish","rosethorn",150,150,101,"","","","",NA
"967","SL_2018SSEO_Dive_27_07-25-46.000.avi",57297,"7:57:38",NA,"",NA,35.226,2.195,4230.94,17.726,NA,NA,1278.676,-176.416,-4029.234,1,"KelliiWood",0,"N/A",2018,"SSEO_27",54,NA,27,NA,NA,NA,"rockfish","rosethorn",150,150,102,"","","","",NA
"968","SL_2018SSEO_Dive_27_07-25-46.000.avi",58167,"7:58:07",NA,"",NA,51.436,0.899,5028.103,24.3,NA,NA,1995.61,523.525,-4585.333,1,"KelliiWood",0,"N/A",2018,"SSEO_27",54,NA,27,NA,NA,NA,"rockfish","rosethorn",150,150,104,"","","","",NA
"969","SL_2018SSEO_Dive_27_07-25-46.000.avi",61689,"8:00:04",NA,"",NA,14.282,0.066,2604.066,21,NA,NA,-752.727,-563.857,-2428.297,1,"KelliiWood",0,"N/A",2018,"SSEO_27",54,NA,27,NA,NA,NA,"rockfish","rosethorn",150,150,107,"","","","",NA
"970","SL_2018SSEO_Dive_27_07-25-46.000.avi",61689,"8:00:04",NA,"",NA,19.808,0.292,3130.54,26.017,NA,NA,-1311.79,-420.174,-2811.217,1,"KelliiWood",0,"N/A",2018,"SSEO_27",54,NA,27,NA,NA,NA,"rockfish","rosethorn",150,150,108,"","","","",NA
"971","SL_2018SSEO_Dive_27_07-25-46.000.avi",2847,"7:27:23",NA,"",NA,14.468,2.598,2657.949,18.678,NA,NA,-750.682,388.637,-2519.947,1,"KelliiWood",0,"N/A",2018,"SSEO_27",54,NA,27,NA,NA,NA,"","",NA,NA,2,"","","","Pyrosome",NA
"972","SL_2018SSEO_Dive_27_07-25-46.000.avi",6592,"7:29:28",NA,"",NA,28.533,2.332,4059.308,5.672,NA,NA,393.364,58.368,-4039.782,1,"KelliiWood",0,"N/A",2018,"SSEO_27",54,NA,27,NA,NA,NA,"","",NA,NA,10,"","","","Pyrosome",NA
"973","SL_2018SSEO_Dive_27_07-25-46.000.avi",39004,"7:47:28",NA,"",NA,9.346,0.188,2163.456,19.092,NA,NA,-147.063,-702.484,-2040.938,1,"KelliiWood",0,"N/A",2018,"SSEO_27",54,NA,27,NA,NA,NA,"","",NA,NA,78,"","","","Pyrosomes covering seastar",NA
"974","SL_2018SSEO_Dive_27_07-25-46.000.avi",47848,"7:52:23",NA,"",NA,39.248,0.781,4358.582,17.369,NA,NA,1042.748,-799.123,-4155.877,1,"KelliiWood",0,"N/A",2018,"SSEO_27",54,NA,27,NA,NA,NA,"","",NA,NA,91,"","","","Large group of pyrosomes",NA
"975","SL_2018SSEO_Dive_27_07-25-46.000.avi",60963,"7:59:40",NA,"",NA,26.883,3.286,3757.193,12.56,NA,NA,-764.597,269.5,-3668.687,1,"KelliiWood",0,"N/A",2018,"SSEO_27",54,NA,27,NA,NA,NA,"","",NA,NA,106,"","","","Large grouping of pyrosomes",NA
"976","SL_2018SSEO_Dive_28_09-51-08.000.avi",60050,"10:24:32",NA,"",NA,56.738,0.5,5202.994,30.461,NA,NA,1950.247,1753.321,-4493.723,1,"KelliiWood",0,"N/A",2018,"SSEO_28",53,NA,28,NA,NA,NA,"rockfish","canary",146,146,8,"","","","",NA
"977","SL_2018SSEO_Dive_28_09-51-08.000.avi",60398,"10:24:43",NA,"",NA,30.226,3.839,3766.395,26.007,NA,NA,1333.699,956.989,-3389.86,1,"KelliiWood",0,"N/A",2018,"SSEO_28",53,NA,28,NA,NA,NA,"rockfish","canary",146,146,9,"","","","",NA
"978","SL_2018SSEO_Dive_28_09-51-08.000.avi",60486,"10:24:46",NA,"",NA,65.026,0.053,5687.265,22.829,NA,NA,586.777,2100.679,-5252.411,1,"KelliiWood",0,"N/A",2018,"SSEO_28",53,NA,28,NA,NA,NA,"rockfish","canary",146,146,10,"","","","",NA
"979","SL_2018SSEO_Dive_28_09-51-08.000.avi",60486,"10:24:46",NA,"",NA,40.903,3.737,4372.888,25.16,NA,NA,1307.326,1301.917,-3964.601,1,"KelliiWood",0,"N/A",2018,"SSEO_28",53,NA,28,NA,NA,NA,"rockfish","canary",146,146,11,"","","","",NA
"980","SL_2018SSEO_Dive_28_09-51-08.000.avi",60486,"10:24:46",NA,"",NA,18.549,4.06,2995.742,21.319,NA,NA,1013.825,383.872,-2792.718,1,"KelliiWood",0,"N/A",2018,"SSEO_28",53,NA,28,NA,NA,NA,"rockfish","canary",146,146,12,"","","","",NA
"981","SL_2018SSEO_Dive_28_09-51-08.000.avi",60486,"10:24:46",NA,"",NA,42.033,0.439,4469.524,28.756,NA,NA,1766.404,1206.337,-3924.438,1,"KelliiWood",0,"N/A",2018,"SSEO_28",53,NA,28,NA,NA,NA,"rockfish","canary",146,146,13,"","","","",NA
"982","SL_2018SSEO_Dive_28_09-51-08.000.avi",60486,"10:24:46",NA,"",NA,19.257,8.255,3071.992,30.778,NA,NA,1371.793,754.357,-2643.154,1,"KelliiWood",0,"N/A",2018,"SSEO_28",53,NA,28,NA,NA,NA,"rockfish","canary",146,146,14,"","","","",NA
"983","SL_2018SSEO_Dive_28_09-51-08.000.avi",60486,"10:24:46",NA,"",NA,66.358,1.02,5723.094,33.063,NA,NA,2366.131,2013.015,-4806.558,1,"KelliiWood",0,"N/A",2018,"SSEO_28",53,NA,28,NA,NA,NA,"rockfish","canary",146,146,15,"","","","",NA
"984","SL_2018SSEO_Dive_28_09-51-08.000.avi",60553,"10:24:48",NA,"",NA,12.473,0.229,2557.126,12.085,NA,NA,518.178,121.934,-2501.103,1,"KelliiWood",0,"N/A",2018,"SSEO_28",53,NA,28,NA,NA,NA,"rockfish","canary",146,146,16,"","","","",NA
"985","SL_2018SSEO_Dive_28_09-51-08.000.avi",60553,"10:24:48",NA,"",NA,15.69,0.39,2800.785,15.298,NA,NA,656.824,324.991,-2703.213,1,"KelliiWood",0,"N/A",2018,"SSEO_28",53,NA,28,NA,NA,NA,"rockfish","canary",146,146,17,"","","","",NA
"986","SL_2018SSEO_Dive_28_09-51-08.000.avi",60625,"10:24:51",NA,"",NA,12.321,0.573,2432.853,23.342,NA,NA,896.929,341.902,-2235.486,1,"KelliiWood",0,"N/A",2018,"SSEO_28",53,NA,28,NA,NA,NA,"rockfish","canary",146,146,18,"","","","",NA
"987","SL_2018SSEO_Dive_28_09-51-08.000.avi",60625,"10:24:51",NA,"",NA,7.261,0.043,1948.028,29.702,NA,NA,959.418,97.111,-1692.602,1,"KelliiWood",0,"N/A",2018,"SSEO_28",53,NA,28,NA,NA,NA,"rockfish","canary",146,146,19,"","","","",NA
"988","SL_2018SSEO_Dive_28_09-51-08.000.avi",9048,"9:56:12",NA,"",425.711,30.727,2.342,2450.766,13.702,61.768,25.129,550.786,-183.412,-2381.018,1,"KelliiWood",0,"N/A",2018,"SSEO_28",53,NA,28,NA,NA,NA,"halibut","halibut",200,200,2,"","","","",NA
"989","SL_2018SSEO_Dive_28_09-51-08.000.avi",39547,"10:13:08",NA,"",441.701,24.531,2.035,2228.385,12.948,56.87,24.134,414.679,-278.088,-2171.729,1,"KelliiWood",0,"N/A",2018,"SSEO_28",53,NA,28,NA,NA,NA,"sablefish","sablefish",710,710,7,"","","","",NA
"990","SL_2018SSEO_Dive_28_09-51-08.000.avi",6762,"9:54:55",NA,"",120.944,19.087,1.095,2764.956,27.555,11.596,25.57,-1251.977,-261.85,-2451.32,1,"KelliiWood",0,"N/A",2018,"SSEO_28",53,NA,28,NA,NA,NA,"crab","box crab",900,900,1,"","","","",NA
"991","SL_2018SSEO_Dive_28_09-51-08.000.avi",10675,"9:57:06",NA,"",NA,9.914,0.372,2377.181,3.889,NA,NA,34.777,-169.377,-2370.884,1,"KelliiWood",0,"N/A",2018,"SSEO_28",53,NA,28,NA,NA,NA,"","",NA,NA,3,"","","","Pyrosome - for Aaron",NA
"992","SL_2018SSEO_Dive_28_09-51-08.000.avi",16404,"10:00:17",NA,"",NA,34.476,0.688,4179.104,26.099,NA,NA,-1789.55,402.325,-3755.071,1,"KelliiWood",0,"N/A",2018,"SSEO_28",53,NA,28,NA,NA,NA,"crab","crab",NA,NA,4,"","","YES","Another box?",NA
"993","SL_2018SSEO_Dive_28_09-51-08.000.avi",20085,"10:02:19",NA,"",NA,18.572,0.156,3176.691,9.175,NA,NA,-456.862,202.99,-3137.106,1,"KelliiWood",0,"N/A",2018,"SSEO_28",53,NA,28,NA,NA,NA,"","",NA,NA,5,"","","","Pyrosome - for Aaron",NA
"994","SL_2018SSEO_Dive_28_09-51-08.000.avi",25150,"10:05:08",NA,"",NA,6.025,0.775,1715.641,21.136,NA,NA,-172.778,-602.06,-1597.215,1,"KelliiWood",0,"N/A",2018,"SSEO_28",53,NA,28,NA,NA,NA,"","",NA,NA,6,"","","","Pyrosome - for Aaron",NA
"995","SL_2018SSEO_Dive_28_09-51-08.000.avi",61408,"10:25:17",NA,"",NA,8.914,0.317,2068.117,20.006,NA,NA,-630.421,-331.016,-1941.676,1,"KelliiWood",0,"N/A",2018,"SSEO_28",53,NA,28,NA,NA,NA,"","",NA,NA,20,"","","","Pyrosome - for Aaron",NA
"996","SL_2018SSEO_Dive_29_13-39-34.000.avi",37906,"14:00:39",NA,"",430.205,29.3,0.566,3607.088,20.99,2.226,3.344,1273.758,-216.632,-3367.743,1,"KelliiWood",0,"N/A",2018,"SSEO_29",43,NA,29,NA,NA,NA,"greenling","lingcod",130,130,22,"","","","",NA
"997","SL_2018SSEO_Dive_29_13-39-34.000.avi",20229,"13:50:49",NA,"",497.799,15.458,0.932,1828.084,21.193,66.161,35.736,-166.747,639.499,-1704.443,1,"KelliiWood",0,"N/A",2018,"SSEO_29",43,NA,29,NA,NA,NA,"rockfish","yelloweye",145,145,13,"AD","Attracted","","",NA
"998","SL_2018SSEO_Dive_29_13-39-34.000.avi",26649,"13:54:23",NA,"",NA,33.611,0.938,4093.278,14.325,NA,NA,741.602,-709.706,-3962.482,1,"KelliiWood",0,"N/A",2018,"SSEO_29",43,NA,29,NA,NA,NA,"rockfish","yelloweye",145,145,17,"AD","Fish resting on bottom","","NO LENGTH, hiding body",NA
"999","SL_2018SSEO_Dive_29_13-39-34.000.avi",56897,"14:11:12",NA,"",591.27,42.259,1.843,4197.418,21.933,11.299,11.227,-1480.666,-515.452,-3893.618,1,"KelliiWood",0,"N/A",2018,"SSEO_29",43,NA,29,NA,NA,NA,"rockfish","yelloweye",145,145,32,"AD","Fish resting on bottom","","",NA
"1000","SL_2018SSEO_Dive_29_13-39-34.000.avi",60690,"14:13:18",NA,"",414.064,93.077,0.777,4235.488,11.523,55.793,7.034,31.551,845.532,-4150.113,1,"KelliiWood",0,"N/A",2018,"SSEO_29",43,NA,29,NA,NA,NA,"rockfish","yelloweye",145,145,33,"AD","Fish resting on bottom","","",NA
"1001","SL_2018SSEO_Dive_29_13-39-34.000.avi",62684,"14:14:24",NA,"",421.305,107.251,1.46,5185.337,28.469,45.727,1.672,-2376.885,678.239,-4558.303,1,"KelliiWood",0,"N/A",2018,"SSEO_29",43,NA,29,NA,NA,NA,"rockfish","yelloweye",145,145,34,"AD","Fish resting on bottom","","",NA
"1002","SL_2018SSEO_Dive_29_13-39-34.000.avi",72022,"14:19:36",NA,"",NA,52.66,0.646,5156.229,26.557,NA,NA,-2243.258,-554.367,-4609.466,1,"KelliiWood",0,"N/A",2018,"SSEO_29",43,NA,29,NA,NA,NA,"rockfish","yelloweye",145,145,41,"AD","Fish milling/hovering","","NO LENGTH, poor visibility",NA
"1003","SL_2018SSEO_Dive_29_13-39-34.000.avi",747,"13:40:00",NA,"",NA,67.955,2.029,5696.187,20.511,NA,NA,1642.732,1106.688,-5340.714,1,"KelliiWood",0,"N/A",2018,"SSEO_29",43,NA,29,NA,NA,NA,"rockfish","rosethorn",150,150,1,"","","","",NA
"1004","SL_2018SSEO_Dive_29_13-39-34.000.avi",1311,"13:40:19",NA,"",NA,52.636,0.632,5217.144,30.778,NA,NA,2580.791,660.517,-4485.736,1,"KelliiWood",0,"N/A",2018,"SSEO_29",43,NA,29,NA,NA,NA,"rockfish","rosethorn",150,150,2,"","","","",NA
"1005","SL_2018SSEO_Dive_29_13-39-34.000.avi",1349,"13:40:20",NA,"",NA,61.315,0.206,5631.267,13.05,NA,NA,-723,1018.387,-5491.022,1,"KelliiWood",0,"N/A",2018,"SSEO_29",43,NA,29,NA,NA,NA,"rockfish","rosethorn",150,150,3,"","","","",NA
"1006","SL_2018SSEO_Dive_29_13-39-34.000.avi",10049,"13:45:10",NA,"",NA,34.003,0.493,4196.294,22.157,NA,NA,-1582.057,22.435,-3886.576,1,"KelliiWood",0,"N/A",2018,"SSEO_29",43,NA,29,NA,NA,NA,"rockfish","rosethorn",150,150,6,"","","","",NA
"1007","SL_2018SSEO_Dive_29_13-39-34.000.avi",13281,"13:46:58",NA,"",NA,41.214,0.516,4519.462,26.985,NA,NA,1977.009,524.784,-4030.084,1,"KelliiWood",0,"N/A",2018,"SSEO_29",43,NA,29,NA,NA,NA,"rockfish","rosethorn",150,150,7,"","","","",NA
"1008","SL_2018SSEO_Dive_29_13-39-34.000.avi",14050,"13:47:23",NA,"",NA,10.158,1.231,2348.245,7.325,NA,NA,-176.08,-253.887,-2327.829,1,"KelliiWood",0,"N/A",2018,"SSEO_29",43,NA,29,NA,NA,NA,"rockfish","rosethorn",150,150,8,"","","","",NA
"1009","SL_2018SSEO_Dive_29_13-39-34.000.avi",18675,"13:49:58",NA,"",NA,54.079,0.494,5244.797,14.24,NA,NA,-778.841,1002.915,-5088.759,1,"KelliiWood",0,"N/A",2018,"SSEO_29",43,NA,29,NA,NA,NA,"rockfish","rosethorn",150,150,11,"","","","",NA
"1010","SL_2018SSEO_Dive_29_13-39-34.000.avi",19309,"13:50:19",NA,"",NA,17.872,0.866,3030.368,16.975,NA,NA,884.033,20.763,-2898.48,1,"KelliiWood",0,"N/A",2018,"SSEO_29",43,NA,29,NA,NA,NA,"rockfish","rosethorn",150,150,12,"","","","",NA
"1011","SL_2018SSEO_Dive_29_13-39-34.000.avi",23613,"13:52:42",NA,"",NA,21.359,3.406,3604.834,0.553,NA,NA,-28.903,1.21,-3604.718,1,"KelliiWood",0,"N/A",2018,"SSEO_29",43,NA,29,NA,NA,NA,"rockfish","rosethorn",150,150,14,"","","","",NA
"1012","SL_2018SSEO_Dive_29_13-39-34.000.avi",29573,"13:56:01",NA,"",NA,20.182,1.071,3094.309,27.214,NA,NA,1229.576,-714.216,-2748.234,1,"KelliiWood",0,"N/A",2018,"SSEO_29",43,NA,29,NA,NA,NA,"rockfish","rosethorn",150,150,18,"","","","",NA
"1013","SL_2018SSEO_Dive_29_13-39-34.000.avi",33387,"13:58:08",NA,"",NA,17.837,1.701,2930.805,20.076,NA,NA,-890.409,-482.114,-2750.338,1,"KelliiWood",0,"N/A",2018,"SSEO_29",43,NA,29,NA,NA,NA,"rockfish","rosethorn",150,150,20,"","","","",NA
"1014","SL_2018SSEO_Dive_29_13-39-34.000.avi",37571,"14:00:27",NA,"",NA,28.428,1.611,3846.916,15.666,NA,NA,1038.654,-35.419,-3703.878,1,"KelliiWood",0,"N/A",2018,"SSEO_29",43,NA,29,NA,NA,NA,"rockfish","rosethorn",150,150,21,"","","","",NA
"1015","SL_2018SSEO_Dive_29_13-39-34.000.avi",38966,"14:01:14",NA,"",NA,52.271,1.741,5266.954,10.632,NA,NA,640.61,704.567,-5180.155,1,"KelliiWood",0,"N/A",2018,"SSEO_29",43,NA,29,NA,NA,NA,"rockfish","rosethorn",150,150,23,"","","","",NA
"1016","SL_2018SSEO_Dive_29_13-39-34.000.avi",39455,"14:01:30",NA,"",NA,23.168,0.506,3431.066,26.561,NA,NA,-1506.126,-307.655,-3067.433,1,"KelliiWood",0,"N/A",2018,"SSEO_29",43,NA,29,NA,NA,NA,"rockfish","rosethorn",150,150,24,"","","","",NA
"1017","SL_2018SSEO_Dive_29_13-39-34.000.avi",39677,"14:01:38",NA,"",NA,55.128,1.79,5180.354,24.17,NA,NA,2041.656,-598.856,-4723.249,1,"KelliiWood",0,"N/A",2018,"SSEO_29",43,NA,29,NA,NA,NA,"rockfish","rosethorn",150,150,25,"","","","",NA
"1018","SL_2018SSEO_Dive_29_13-39-34.000.avi",43629,"14:03:49",NA,"",NA,24.826,0.977,3594.204,13.031,NA,NA,792.027,-189.33,-3500.736,1,"KelliiWood",0,"N/A",2018,"SSEO_29",43,NA,29,NA,NA,NA,"rockfish","rosethorn",150,150,26,"","","","",NA
"1019","SL_2018SSEO_Dive_29_13-39-34.000.avi",47044,"14:05:43",NA,"",NA,37.72,0.187,4492.323,30.772,NA,NA,-2230.416,535.426,-3862.581,1,"KelliiWood",0,"N/A",2018,"SSEO_29",43,NA,29,NA,NA,NA,"rockfish","rosethorn",150,150,27,"","","","",NA
"1020","SL_2018SSEO_Dive_29_13-39-34.000.avi",55826,"14:10:36",NA,"",NA,22.072,0.206,3388.355,28.089,NA,NA,-1575.381,-266.962,-2987.952,1,"KelliiWood",0,"N/A",2018,"SSEO_29",43,NA,29,NA,NA,NA,"rockfish","rosethorn",150,150,28,"","","","",NA
"1021","SL_2018SSEO_Dive_29_13-39-34.000.avi",56380,"14:10:54",NA,"",NA,17,0.268,2854.034,25.505,NA,NA,1142.878,-464.718,-2573.592,1,"KelliiWood",0,"N/A",2018,"SSEO_29",43,NA,29,NA,NA,NA,"rockfish","rosethorn",150,150,29,"","","","",NA
"1022","SL_2018SSEO_Dive_29_13-39-34.000.avi",56760,"14:11:07",NA,"",NA,29.665,4.332,3951.652,10.462,NA,NA,405.332,-611.673,-3882.926,1,"KelliiWood",0,"N/A",2018,"SSEO_29",43,NA,29,NA,NA,NA,"rockfish","rosethorn",150,150,31,"","","","",NA
"1023","SL_2018SSEO_Dive_29_13-39-34.000.avi",66411,"14:16:29",NA,"",NA,21.159,1.981,3205.268,27.263,NA,NA,1379.446,-517.182,-2846.646,1,"KelliiWood",0,"N/A",2018,"SSEO_29",43,NA,29,NA,NA,NA,"rockfish","rosethorn",150,150,35,"","","","",NA
"1024","SL_2018SSEO_Dive_29_13-39-34.000.avi",66854,"14:16:43",NA,"",NA,49.128,0.284,4913.391,18.061,NA,NA,-845.493,1243.59,-4677.61,1,"KelliiWood",0,"N/A",2018,"SSEO_29",43,NA,29,NA,NA,NA,"rockfish","rosethorn",150,150,37,"","","","",NA
"1025","SL_2018SSEO_Dive_29_13-39-34.000.avi",66854,"14:16:43",NA,"",NA,27.579,0.988,3888.372,8.534,NA,NA,314.109,464.632,-3847.713,1,"KelliiWood",0,"N/A",2018,"SSEO_29",43,NA,29,NA,NA,NA,"rockfish","rosethorn",150,150,38,"","","","",NA
"1026","SL_2018SSEO_Dive_29_13-39-34.000.avi",67287,"14:16:58",NA,"",NA,18.458,1.771,3108.506,14.183,NA,NA,759.842,37.551,-3013.974,1,"KelliiWood",0,"N/A",2018,"SSEO_29",43,NA,29,NA,NA,NA,"rockfish","rosethorn",150,150,39,"","","","",NA
"1027","SL_2018SSEO_Dive_29_13-39-34.000.avi",68057,"14:17:24",NA,"",NA,40.005,1.1,4441.552,16.53,NA,NA,672.915,-1091.1,-4252.537,1,"KelliiWood",0,"N/A",2018,"SSEO_29",43,NA,29,NA,NA,NA,"rockfish","rosethorn",150,150,40,"","","","",NA
"1028","SL_2018SSEO_Dive_29_13-39-34.000.avi",74556,"14:21:00",NA,"",NA,16.368,0.153,2834.103,16.33,NA,NA,-668.399,-447.581,-2717.546,1,"KelliiWood",0,"N/A",2018,"SSEO_29",43,NA,29,NA,NA,NA,"rockfish","rosethorn",150,150,42,"","","","",NA
"1029","SL_2018SSEO_Dive_29_13-39-34.000.avi",75494,"14:21:31",NA,"",NA,25.821,1.64,3613.804,17.173,NA,NA,-1020.394,294.605,-3454.212,1,"KelliiWood",0,"N/A",2018,"SSEO_29",43,NA,29,NA,NA,NA,"rockfish","rosethorn",150,150,43,"","","","",NA
"1030","SL_2018SSEO_Dive_29_13-39-34.000.avi",24997,"13:53:28",NA,"",NA,51.085,0.417,5081.209,15.655,NA,NA,622.546,1197.015,-4898.803,1,"KelliiWood",0,"N/A",2018,"SSEO_29",43,NA,29,NA,NA,NA,"rockfish","silvergray",157,157,15,"","","","",NA
"1031","SL_2018SSEO_Dive_29_13-39-34.000.avi",24997,"13:53:28",NA,"",NA,72.04,1.033,5842.07,22.638,NA,NA,1902.365,1171.796,-5397.934,1,"KelliiWood",0,"N/A",2018,"SSEO_29",43,NA,29,NA,NA,NA,"rockfish","silvergray",157,157,16,"","","","",NA
"1032","SL_2018SSEO_Dive_29_13-39-34.000.avi",32374,"13:57:34",NA,"",NA,48.544,1.247,4796.024,29.834,NA,NA,1669.78,1683.337,-4168.939,1,"KelliiWood",0,"N/A",2018,"SSEO_29",43,NA,29,NA,NA,NA,"rockfish","silvergray",157,157,19,"","","","",NA
"1033","SL_2018SSEO_Dive_29_13-39-34.000.avi",66641,"14:16:36",NA,"",NA,34.475,0.406,4125.407,28.383,NA,NA,-1766.8,832.746,-3633.722,1,"KelliiWood",0,"N/A",2018,"SSEO_29",43,NA,29,NA,NA,NA,"rockfish","silvergray",157,157,36,"","","","",NA
"1034","SL_2018SSEO_Dive_29_13-39-34.000.avi",17435,"13:49:16",NA,"",NA,23.471,0.73,3433.406,22.781,NA,NA,-1312.046,-230.5,-3164.44,1,"KelliiWood",0,"N/A",2018,"SSEO_29",43,NA,29,NA,NA,NA,"rockfish","dusky",172,172,10,"","","","",NA
"1035","SL_2018SSEO_Dive_29_13-39-34.000.avi",56436,"14:10:56",NA,"",NA,28.12,0.883,3827.619,27.881,NA,NA,-1761.988,297.944,-3384.863,1,"KelliiWood",0,"N/A",2018,"SSEO_29",43,NA,29,NA,NA,NA,"rockfish","dusky",172,172,30,"","","","",NA
"1036","SL_2018SSEO_Dive_29_13-39-34.000.avi",9034,"13:44:36",NA,"",NA,6.43,0.249,1764.527,26.989,NA,NA,758.14,-265.693,-1571.046,1,"KelliiWood",0,"N/A",2018,"SSEO_29",43,NA,29,NA,NA,NA,"greenling","kelp greenling",194,194,5,"","","","",NA
"1037","SL_2018SSEO_Dive_29_13-39-34.000.avi",14533,"13:47:39",NA,"",490.775,12.259,0.389,2127.776,16.534,21.275,4.681,473.73,-377.172,-2039.792,1,"KelliiWood",0,"N/A",2018,"SSEO_29",43,NA,29,NA,NA,NA,"halibut","halibut",200,200,9,"","","","",NA
"1038","SL_2018SSEO_Dive_29_13-39-34.000.avi",7059,"13:43:30",NA,"",NA,24.681,0.653,3597.527,11.338,NA,NA,421.992,549.787,-3530.135,1,"KelliiWood",0,"N/A",2018,"SSEO_29",43,NA,29,NA,NA,NA,"skate","skate",700,700,4,"","","","",NA
"1039","SL_2018SSEO_Dive_30_14-57-58.000.avi",12431,"15:04:55",NA,"",502.614,40.556,3.338,3108.441,17.896,44.954,21.165,-913.598,278.875,-2958.035,1,"KelliiWood",0,"N/A",2018,"SSEO_30",42,NA,30,NA,NA,NA,"cod","Pacific cod",110,110,2,"","","","",NA
"1040","SL_2018SSEO_Dive_30_14-57-58.000.avi",36471,"15:18:17",NA,"",547.394,88.728,0.864,4873.853,9.375,36.49,12.206,-288.225,739.739,-4808.758,1,"KelliiWood",0,"N/A",2018,"SSEO_30",42,NA,30,NA,NA,NA,"cod","Pacific cod",110,110,7,"","","","",NA
"1041","SL_2018SSEO_Dive_30_14-57-58.000.avi",57356,"15:29:53",NA,"",335.279,49.039,0.803,4201.806,23.997,14.659,5.106,1700.81,165.437,-3838.626,1,"KelliiWood",0,"N/A",2018,"SSEO_30",42,NA,30,NA,NA,NA,"cod","Pacific cod",110,110,22,"","","","",NA
"1042","SL_2018SSEO_Dive_30_14-57-58.000.avi",63011,"15:33:01",NA,"",NA,34.294,1.025,4096.81,22.665,NA,NA,-560.637,-1494.821,-3772.937,1,"KelliiWood",0,"N/A",2018,"SSEO_30",42,NA,30,NA,NA,NA,"greenling","lingcod",130,130,31,"","","","NO LENGTH, too dark",NA
"1043","SL_2018SSEO_Dive_30_14-57-58.000.avi",23446,"15:11:03",NA,"",NA,43.331,0.653,4687.976,20.068,NA,NA,-363.085,1544.91,-4411.184,1,"KelliiWood",0,"N/A",2018,"SSEO_30",42,NA,30,NA,NA,NA,"rockfish","yelloweye",145,145,5,"AD","Fish resting on bottom","","",NA
"1044","SL_2018SSEO_Dive_30_14-57-58.000.avi",53722,"15:27:52",NA,"",508.91,46.342,0.586,6709.383,14.599,5.214,1.882,-872.653,1448.623,-6492.749,1,"KelliiWood",0,"N/A",2018,"SSEO_30",42,NA,30,NA,NA,NA,"rockfish","yelloweye",145,145,20,"AD","Fish milling/hovering","","",NA
"1045","SL_2018SSEO_Dive_30_14-57-58.000.avi",63354,"15:33:13",NA,"",458.352,2.994,0.502,1071.058,19.504,11.608,19.565,349.49,-75.689,-1009.601,1,"KelliiWood",0,"N/A",2018,"SSEO_30",42,NA,30,NA,NA,NA,"rockfish","yelloweye",145,145,32,"AD","Attracted","","",NA
"1046","SL_2018SSEO_Dive_30_14-57-58.000.avi",64450,"15:33:49",NA,"",651.98,70.667,3.046,6674.563,31.165,85.768,72.975,3314.958,970.58,-5711.289,1,"KelliiWood",0,"N/A",2018,"SSEO_30",42,NA,30,NA,NA,NA,"rockfish","yelloweye",145,145,35,"AD","Fish milling/hovering","","",NA
"1047","SL_2018SSEO_Dive_30_14-57-58.000.avi",69082,"15:36:24",NA,"",472.255,51.865,1.257,4674.911,25.18,15.589,12.742,1516.33,-1287.158,-4230.693,1,"KelliiWood",0,"N/A",2018,"SSEO_30",42,NA,30,NA,NA,NA,"rockfish","yelloweye",145,145,45,"AD","Fish resting on bottom","","",NA
"1048","SL_2018SSEO_Dive_30_14-57-58.000.avi",62100,"15:32:31",NA,"",NA,30.37,2.438,3805.331,27.967,NA,NA,-1170.324,-1364.118,-3354.112,1,"KelliiWood",0,"N/A",2018,"SSEO_30",42,NA,30,NA,NA,NA,"rockfish","canary",146,146,27,"","","","",NA
"1049","SL_2018SSEO_Dive_30_14-57-58.000.avi",62110,"15:32:31",NA,"",NA,40.225,1.32,4436.072,21.648,NA,NA,-618.898,-1535.678,-4115.507,1,"KelliiWood",0,"N/A",2018,"SSEO_30",42,NA,30,NA,NA,NA,"rockfish","canary",146,146,28,"","","","",NA
"1050","SL_2018SSEO_Dive_30_14-57-58.000.avi",63991,"15:33:34",NA,"",NA,8.069,0.653,2050.023,33.162,NA,NA,-938.832,-621.911,-1713.013,1,"KelliiWood",0,"N/A",2018,"SSEO_30",42,NA,30,NA,NA,NA,"rockfish","tiger",148,148,33,"","","","",NA
"1051","SL_2018SSEO_Dive_30_14-57-58.000.avi",1979,"14:59:07",NA,"",NA,31.157,0.074,4008.495,20.234,NA,NA,-1386.111,-46.586,-3760.926,1,"KelliiWood",0,"N/A",2018,"SSEO_30",42,NA,30,NA,NA,NA,"rockfish","rosethorn",150,150,1,"","","","",NA
"1052","SL_2018SSEO_Dive_30_14-57-58.000.avi",21986,"15:10:14",NA,"",NA,53.914,1.007,5234.556,14.695,NA,NA,-713.776,1094.202,-5068.907,1,"KelliiWood",0,"N/A",2018,"SSEO_30",42,NA,30,NA,NA,NA,"rockfish","rosethorn",150,150,3,"","","","",NA
"1053","SL_2018SSEO_Dive_30_14-57-58.000.avi",22915,"15:10:45",NA,"",NA,30.05,0.235,3911.303,16.996,NA,NA,-1103.559,279.95,-3741.935,1,"KelliiWood",0,"N/A",2018,"SSEO_30",42,NA,30,NA,NA,NA,"rockfish","rosethorn",150,150,4,"","","","",NA
"1054","SL_2018SSEO_Dive_30_14-57-58.000.avi",39983,"15:20:14",NA,"",NA,18.699,1.881,3107.251,13.853,NA,NA,-698.321,241.468,-3018.12,1,"KelliiWood",0,"N/A",2018,"SSEO_30",42,NA,30,NA,NA,NA,"rockfish","rosethorn",150,150,8,"","","","",NA
"1055","SL_2018SSEO_Dive_30_14-57-58.000.avi",40671,"15:20:37",NA,"",NA,36.194,1.048,4306.131,16.867,NA,NA,1242.689,-150.566,-4120.172,1,"KelliiWood",0,"N/A",2018,"SSEO_30",42,NA,30,NA,NA,NA,"rockfish","rosethorn",150,150,9,"","","","",NA
"1056","SL_2018SSEO_Dive_30_14-57-58.000.avi",44012,"15:22:28",NA,"",NA,43.419,9.248,4959.078,7.647,NA,NA,659.739,-9.757,-4914.988,1,"KelliiWood",0,"N/A",2018,"SSEO_30",42,NA,30,NA,NA,NA,"rockfish","rosethorn",150,150,14,"","","","",NA
"1057","SL_2018SSEO_Dive_30_14-57-58.000.avi",44640,"15:22:49",NA,"",NA,30.529,0.437,4003.603,18.671,NA,NA,-19.893,1262.404,-3799.313,1,"KelliiWood",0,"N/A",2018,"SSEO_30",42,NA,30,NA,NA,NA,"rockfish","rosethorn",150,150,15,"","","","",NA
"1058","SL_2018SSEO_Dive_30_14-57-58.000.avi",45029,"15:23:02",NA,"",NA,13.533,1.014,2521.364,25.747,NA,NA,930.648,-588.945,-2268.108,1,"KelliiWood",0,"N/A",2018,"SSEO_30",42,NA,30,NA,NA,NA,"rockfish","rosethorn",150,150,16,"","","","",NA
"1059","SL_2018SSEO_Dive_30_14-57-58.000.avi",53389,"15:27:41",NA,"",NA,14.18,0.332,2691.487,13.254,NA,NA,-571.593,-245.681,-2618.592,1,"KelliiWood",0,"N/A",2018,"SSEO_30",42,NA,30,NA,NA,NA,"rockfish","rosethorn",150,150,19,"","","","",NA
"1060","SL_2018SSEO_Dive_30_14-57-58.000.avi",54262,"15:28:10",NA,"",NA,46.272,2.265,5231.303,5.247,NA,NA,0.475,452.179,-5211.723,1,"KelliiWood",0,"N/A",2018,"SSEO_30",42,NA,30,NA,NA,NA,"rockfish","rosethorn",150,150,21,"","","","",NA
"1061","SL_2018SSEO_Dive_30_14-57-58.000.avi",59594,"15:31:07",NA,"",NA,39.384,1.792,4633.175,10.589,NA,NA,226.959,797.626,-4558.354,1,"KelliiWood",0,"N/A",2018,"SSEO_30",42,NA,30,NA,NA,NA,"rockfish","rosethorn",150,150,23,"","","","",NA
"1062","SL_2018SSEO_Dive_30_14-57-58.000.avi",64520,"15:33:52",NA,"",NA,28.921,2.843,3714.349,20.039,NA,NA,867.96,913.317,-3494.122,1,"KelliiWood",0,"N/A",2018,"SSEO_30",42,NA,30,NA,NA,NA,"rockfish","rosethorn",150,150,36,"","","","",NA
"1063","SL_2018SSEO_Dive_30_14-57-58.000.avi",64599,"15:33:54",NA,"",NA,30.347,1.625,3928.229,15.293,NA,NA,977.474,324.47,-3790.81,1,"KelliiWood",0,"N/A",2018,"SSEO_30",42,NA,30,NA,NA,NA,"rockfish","rosethorn",150,150,37,"","","","",NA
"1064","SL_2018SSEO_Dive_30_14-57-58.000.avi",61710,"15:32:18",NA,"",NA,49.579,1.224,4869.586,20.793,NA,NA,1011.046,1379.243,-4559.424,1,"KelliiWood",0,"N/A",2018,"SSEO_30",42,NA,30,NA,NA,NA,"rockfish","yellowtail",155,155,26,"","","","",NA
"1065","SL_2018SSEO_Dive_30_14-57-58.000.avi",52587,"15:27:14",NA,"",NA,25.81,0.227,3509.514,21.139,NA,NA,-854.065,917.552,-3278.012,1,"KelliiWood",0,"N/A",2018,"SSEO_30",42,NA,30,NA,NA,NA,"rockfish","silvergray",157,157,18,"","","","",NA
"1066","SL_2018SSEO_Dive_30_14-57-58.000.avi",62458,"15:32:43",NA,"",NA,40.218,0.774,4375.14,26.314,NA,NA,-1544.057,1153.843,-3927.643,1,"KelliiWood",0,"N/A",2018,"SSEO_30",42,NA,30,NA,NA,NA,"rockfish","silvergray",157,157,29,"","","","",NA
"1067","SL_2018SSEO_Dive_30_14-57-58.000.avi",25382,"15:12:07",NA,"",NA,44.817,0.492,4845.216,17.023,NA,NA,-1415.135,74.181,-4633.358,1,"KelliiWood",0,"N/A",2018,"SSEO_30",42,NA,30,NA,NA,NA,"rockfish","dusky",172,172,6,"","","","",NA
"1068","SL_2018SSEO_Dive_30_14-57-58.000.avi",43181,"15:22:00",NA,"",NA,32.5,0.736,4275.481,6.989,NA,NA,-324.872,384.994,-4245.701,1,"KelliiWood",0,"N/A",2018,"SSEO_30",42,NA,30,NA,NA,NA,"rockfish","dusky",172,172,10,"","","","",NA
"1069","SL_2018SSEO_Dive_30_14-57-58.000.avi",43181,"15:22:00",NA,"",NA,37.472,0.33,4361.97,16.186,NA,NA,-1143.861,391.358,-4191.086,1,"KelliiWood",0,"N/A",2018,"SSEO_30",42,NA,30,NA,NA,NA,"rockfish","dusky",172,172,11,"","","","",NA
"1070","SL_2018SSEO_Dive_30_14-57-58.000.avi",43181,"15:22:00",NA,"",NA,25.417,1.933,3620.841,24.963,NA,NA,-1524.188,-126.248,-3281.981,1,"KelliiWood",0,"N/A",2018,"SSEO_30",42,NA,30,NA,NA,NA,"rockfish","dusky",172,172,12,"","","","",NA
"1071","SL_2018SSEO_Dive_30_14-57-58.000.avi",43355,"15:22:06",NA,"",NA,20.515,1.092,3272.829,10.773,NA,NA,530.628,-320.597,-3213.575,1,"KelliiWood",0,"N/A",2018,"SSEO_30",42,NA,30,NA,NA,NA,"rockfish","dusky",172,172,13,"","","","",NA
"1072","SL_2018SSEO_Dive_30_14-57-58.000.avi",51900,"15:26:51",NA,"",NA,31.868,0.798,4246.908,6.315,NA,NA,155.503,-461.783,-4218.863,1,"KelliiWood",0,"N/A",2018,"SSEO_30",42,NA,30,NA,NA,NA,"rockfish","dusky",172,172,17,"","","","",NA
"1073","SL_2018SSEO_Dive_30_14-57-58.000.avi",61311,"15:32:05",NA,"",NA,8.069,0.604,1939.29,24.428,NA,NA,519.677,601.955,-1768.737,1,"KelliiWood",0,"N/A",2018,"SSEO_30",42,NA,30,NA,NA,NA,"rockfish","dusky",172,172,24,"","","","",NA
"1074","SL_2018SSEO_Dive_30_14-57-58.000.avi",61617,"15:32:15",NA,"",NA,27.554,0.352,3735.502,33.336,NA,NA,1742.239,1069.988,-3126.292,1,"KelliiWood",0,"N/A",2018,"SSEO_30",42,NA,30,NA,NA,NA,"rockfish","dusky",172,172,25,"","","","",NA
"1075","SL_2018SSEO_Dive_30_14-57-58.000.avi",64199,"15:33:41",NA,"",NA,14.873,0.071,2909.482,5.765,NA,NA,120.366,251.736,-2896.071,1,"KelliiWood",0,"N/A",2018,"SSEO_30",42,NA,30,NA,NA,NA,"rockfish","dusky",172,172,34,"","","","",NA
"1076","SL_2018SSEO_Dive_30_14-57-58.000.avi",64637,"15:33:56",NA,"",NA,43.492,0.399,4722.383,29.755,NA,NA,2279.338,524.798,-4102.451,1,"KelliiWood",0,"N/A",2018,"SSEO_30",42,NA,30,NA,NA,NA,"rockfish","dusky",172,172,38,"","","","",NA
"1077","SL_2018SSEO_Dive_30_14-57-58.000.avi",64664,"15:33:56",NA,"",NA,24.538,0.812,3543.84,33.844,NA,NA,1677.51,1025.031,-2948.572,1,"KelliiWood",0,"N/A",2018,"SSEO_30",42,NA,30,NA,NA,NA,"rockfish","dusky",172,172,39,"","","","",NA
"1078","SL_2018SSEO_Dive_30_14-57-58.000.avi",64843,"15:34:02",NA,"",NA,31.107,0.098,3854.751,22.486,NA,NA,745.136,1254.14,-3568.054,1,"KelliiWood",0,"N/A",2018,"SSEO_30",42,NA,30,NA,NA,NA,"rockfish","dusky",172,172,40,"","","","",NA
"1079","SL_2018SSEO_Dive_30_14-57-58.000.avi",65120,"15:34:12",NA,"",NA,28.606,2.536,3933.283,28.672,NA,NA,-1886.142,-79.98,-3450.62,1,"KelliiWood",0,"N/A",2018,"SSEO_30",42,NA,30,NA,NA,NA,"rockfish","dusky",172,172,41,"","","","",NA
"1080","SL_2018SSEO_Dive_30_14-57-58.000.avi",65120,"15:34:12",NA,"",NA,29.79,0.777,3980.661,12.991,NA,NA,-212.606,849.669,-3883.107,1,"KelliiWood",0,"N/A",2018,"SSEO_30",42,NA,30,NA,NA,NA,"rockfish","dusky",172,172,42,"","","","",NA
"1081","SL_2018SSEO_Dive_30_14-57-58.000.avi",68146,"15:35:53",NA,"",NA,68.672,0.174,5935.917,17.379,NA,NA,1747.931,268.675,-5666.362,1,"KelliiWood",0,"N/A",2018,"SSEO_30",42,NA,30,NA,NA,NA,"rockfish","dusky",172,172,43,"","","","",NA
"1082","SL_2018SSEO_Dive_30_14-57-58.000.avi",69082,"15:36:24",NA,"",NA,21.756,0.179,3309.802,17.261,NA,NA,-305.276,-949.354,-3155.998,1,"KelliiWood",0,"N/A",2018,"SSEO_30",42,NA,30,NA,NA,NA,"rockfish","dusky",172,172,44,"","","","",NA
"1083","SL_2018SSEO_Dive_30_14-57-58.000.avi",62459,"15:32:43",NA,"",228.909,25.041,0.258,2877.521,32.227,51.925,42.43,1360.576,709.656,-2434.205,1,"KelliiWood",0,"N/A",2018,"SSEO_30",42,NA,30,NA,NA,NA,"rockfish","unknown",NA,NA,30,"","","YES","Not YE, too small",NA
"1084","SL_2018SSEO_Dive_31_16-12-26.000.avi",31156,"16:29:54",NA,"",519.17,28.381,1.386,3383.501,25.455,26.685,20.026,-65.814,1452.733,-3055.047,1,"KelliiWood",0,"N/A",2018,"SSEO_31",41,NA,31,NA,NA,NA,"rockfish","black",142,142,22,"","","","",NA
"1085","SL_2018SSEO_Dive_31_16-12-26.000.avi",32054,"16:30:23",NA,"",NA,65.782,0.74,5777.632,30.756,NA,NA,2792.138,941.169,-4969.829,1,"KelliiWood",0,"N/A",2018,"SSEO_31",41,NA,31,NA,NA,NA,"rockfish","black",142,142,48,"","Fish resting on bottom","","NO LENGTH, partially visible",NA
"1086","SL_2018SSEO_Dive_31_16-12-26.000.avi",43892,"16:36:58",NA,"",379.348,114.199,1.892,5384.395,27.837,45.652,6.828,-2098.594,1384.69,-4761.328,1,"KelliiWood",0,"N/A",2018,"SSEO_31",41,NA,31,NA,NA,NA,"rockfish","black",142,142,54,"","","","",NA
"1087","SL_2018SSEO_Dive_31_16-12-26.000.avi",44093,"16:37:05",NA,"",485.202,42.338,5.459,3845.608,32.559,35.86,31.328,-1887.398,848.999,-3241.239,1,"KelliiWood",0,"N/A",2018,"SSEO_31",41,NA,31,NA,NA,NA,"rockfish","black",142,142,56,"","","","",NA
"1088","SL_2018SSEO_Dive_31_16-12-26.000.avi",44676,"16:37:24",NA,"",361.904,21.789,2.246,2366.54,28.617,72.387,36.894,-1092.373,302.45,-2077.44,1,"KelliiWood",0,"N/A",2018,"SSEO_31",41,NA,31,NA,NA,NA,"rockfish","black",142,142,58,"","","","",NA
"1089","SL_2018SSEO_Dive_31_16-12-26.000.avi",44720,"16:37:26",NA,"",635.228,44.318,5.456,3532.665,28.797,65.457,45.143,-1276.225,1125.653,-3095.784,1,"KelliiWood",0,"N/A",2018,"SSEO_31",41,NA,31,NA,NA,NA,"rockfish","black",142,142,59,"","","","",NA
"1090","SL_2018SSEO_Dive_31_16-12-26.000.avi",44764,"16:37:27",NA,"",380.823,6.355,2.409,2227.263,27.248,10.164,64.933,-1018.499,-50.561,-1980.101,1,"KelliiWood",0,"N/A",2018,"SSEO_31",41,NA,31,NA,NA,NA,"rockfish","black",142,142,60,"","","","",NA
"1091","SL_2018SSEO_Dive_31_16-12-26.000.avi",44860,"16:37:30",NA,"",503.639,16.604,5.138,3486.361,30.143,7.122,72.889,-1594.553,722.764,-3014.917,1,"KelliiWood",0,"N/A",2018,"SSEO_31",41,NA,31,NA,NA,NA,"rockfish","black",142,142,61,"","","","",NA
"1092","SL_2018SSEO_Dive_31_16-12-26.000.avi",45042,"16:37:36",NA,"",491.571,14.059,7.123,2438.942,9.871,48.763,63.752,-217.033,-357.363,-2402.837,1,"KelliiWood",0,"N/A",2018,"SSEO_31",41,NA,31,NA,NA,NA,"rockfish","black",142,142,62,"","","","",NA
"1093","SL_2018SSEO_Dive_31_16-12-26.000.avi",45099,"16:37:38",NA,"",468.508,9.578,0.445,2463.454,23.094,0.202,36.121,-406.221,876.712,-2266.047,1,"KelliiWood",0,"N/A",2018,"SSEO_31",41,NA,31,NA,NA,NA,"rockfish","black",142,142,63,"","","","",NA
"1094","SL_2018SSEO_Dive_31_16-12-26.000.avi",45221,"16:37:42",NA,"",NA,46.445,3.252,5065.384,32.831,NA,NA,-2629.631,-813.192,-4252.279,1,"KelliiWood",0,"N/A",2018,"SSEO_31",41,NA,31,NA,NA,NA,"rockfish","black",142,142,64,"","","","",NA
"1095","SL_2018SSEO_Dive_31_16-12-26.000.avi",45337,"16:37:46",NA,"",520.339,3.129,2.112,1220.885,21.392,12.323,22.968,-296.415,-332.318,-1136.777,1,"KelliiWood",0,"N/A",2018,"SSEO_31",41,NA,31,NA,NA,NA,"rockfish","black",142,142,65,"","","","",NA
"1096","SL_2018SSEO_Dive_31_16-12-26.000.avi",45362,"16:37:47",NA,"",NA,3.474,0.75,1294.628,28.978,NA,NA,-525.383,-348.295,-1130.807,1,"KelliiWood",0,"N/A",2018,"SSEO_31",41,NA,31,NA,NA,NA,"rockfish","black",142,142,66,"","","","NO LENGTH, 1/2 body only",NA
"1097","SL_2018SSEO_Dive_31_16-12-26.000.avi",45387,"16:37:48",NA,"",526.633,4.092,3.286,1546.488,24.325,4.418,20.873,296.991,563.543,-1409.199,1,"KelliiWood",0,"N/A",2018,"SSEO_31",41,NA,31,NA,NA,NA,"rockfish","black",142,142,67,"","","","",NA
"1098","SL_2018SSEO_Dive_31_16-12-26.000.avi",45505,"16:37:52",NA,"",515.798,12.005,2.485,2014.687,11.963,32,34.831,253.504,-331.872,-1970.929,1,"KelliiWood",0,"N/A",2018,"SSEO_31",41,NA,31,NA,NA,NA,"rockfish","black",142,142,68,"","","","",NA
"1099","SL_2018SSEO_Dive_31_16-12-26.000.avi",45505,"16:37:52",NA,"",516.137,8.629,1.232,1805.42,16.057,21.596,20.638,-478.489,-142.845,-1734.989,1,"KelliiWood",0,"N/A",2018,"SSEO_31",41,NA,31,NA,NA,NA,"rockfish","black",142,142,69,"","","","",NA
"1100","SL_2018SSEO_Dive_31_16-12-26.000.avi",45505,"16:37:52",NA,"",509.85,17.621,3.123,2814.851,31.695,5.187,1.373,-1151.41,928.113,-2395.047,1,"KelliiWood",0,"N/A",2018,"SSEO_31",41,NA,31,NA,NA,NA,"rockfish","black",142,142,70,"","","","",NA
"1101","SL_2018SSEO_Dive_31_16-12-26.000.avi",50040,"16:40:23",NA,"",528.337,127.718,1.413,5159.825,22.287,60.435,18.482,-1482.722,1277.072,-4774.35,1,"KelliiWood",0,"N/A",2018,"SSEO_31",41,NA,31,NA,NA,NA,"rockfish","black",142,142,94,"","","","",NA
"1102","SL_2018SSEO_Dive_31_16-12-26.000.avi",50040,"16:40:23",NA,"",629.128,169.622,1.096,6068.561,25.809,68.555,26.091,-1764.873,1966.22,-5463.207,1,"KelliiWood",0,"N/A",2018,"SSEO_31",41,NA,31,NA,NA,NA,"rockfish","black",142,142,95,"","","","",NA
"1103","SL_2018SSEO_Dive_31_16-12-26.000.avi",17546,"16:22:20",NA,"",478.869,183.224,0.739,7657.575,18.181,33.879,24.475,34.591,2389.108,-7275.261,1,"KelliiWood",0,"N/A",2018,"SSEO_31",41,NA,31,NA,NA,NA,"rockfish","yelloweye",145,145,2,"AD","Fish actively swimming in frame","","",NA
"1104","SL_2018SSEO_Dive_31_16-12-26.000.avi",23570,"16:25:41",NA,"",483.22,122.148,1.957,6252.187,25.608,37.135,27.809,-396.472,2673.046,-5638.038,1,"KelliiWood",0,"N/A",2018,"SSEO_31",41,NA,31,NA,NA,NA,"rockfish","yelloweye",145,145,4,"AD","Fish milling/hovering","","",NA
"1105","SL_2018SSEO_Dive_31_16-12-26.000.avi",26984,"16:27:34",NA,"",492.384,132.921,0.585,5188.132,13.114,84.563,38.446,936.032,713.722,-5052.837,1,"KelliiWood",0,"N/A",2018,"SSEO_31",41,NA,31,NA,NA,NA,"rockfish","yelloweye",145,145,6,"AD","Fish resting on bottom","","",NA
"1106","SL_2018SSEO_Dive_31_16-12-26.000.avi",30984,"16:29:48",NA,"",NA,65.71,0.513,5557.105,23.016,NA,NA,1545.841,1501.128,-5122.344,1,"KelliiWood",0,"N/A",2018,"SSEO_31",41,NA,31,NA,NA,NA,"rockfish","yellowtail",145,145,21,"","","","",NA
"1107","SL_2018SSEO_Dive_31_16-12-26.000.avi",47335,"16:38:53",NA,"",NA,32.301,0.949,3951.193,21.319,NA,NA,1323.698,539.499,-3683.571,1,"KelliiWood",0,"N/A",2018,"SSEO_31",41,NA,31,NA,NA,NA,"rockfish","yelloweye",145,145,91,"AD","Fish resting on bottom","","NO LENGTH, only head visible",NA
"1108","SL_2018SSEO_Dive_31_16-12-26.000.avi",29395,"16:28:55",NA,"",NA,27.923,0.916,3770.766,22.606,NA,NA,-1442.808,-156.329,-3480.308,1,"KelliiWood",0,"N/A",2018,"SSEO_31",41,NA,31,NA,NA,NA,"rockfish","canary",146,146,8,"","","","",NA
"1109","SL_2018SSEO_Dive_31_16-12-26.000.avi",29458,"16:28:57",NA,"",NA,16.173,0.6,2849.31,18.534,NA,NA,-889.39,-184.792,-2700.63,1,"KelliiWood",0,"N/A",2018,"SSEO_31",41,NA,31,NA,NA,NA,"rockfish","canary",146,146,9,"","","","",NA
"1110","SL_2018SSEO_Dive_31_16-12-26.000.avi",29737,"16:29:06",NA,"",NA,50.146,0.129,5027.795,15.706,NA,NA,-688.741,1149.499,-4845.927,1,"KelliiWood",0,"N/A",2018,"SSEO_31",41,NA,31,NA,NA,NA,"rockfish","canary",146,146,10,"","","","",NA
"1111","SL_2018SSEO_Dive_31_16-12-26.000.avi",30730,"16:29:39",NA,"",NA,46.555,1.465,4716.171,29.831,NA,NA,1883.064,1378.617,-4098.263,1,"KelliiWood",0,"N/A",2018,"SSEO_31",41,NA,31,NA,NA,NA,"rockfish","canary",146,146,16,"","","","",NA
"1112","SL_2018SSEO_Dive_31_16-12-26.000.avi",43454,"16:36:43",NA,"",NA,67.172,1.435,5659.964,27.954,NA,NA,2289.95,1314.786,-5006.262,1,"KelliiWood",0,"N/A",2018,"SSEO_31",41,NA,31,NA,NA,NA,"rockfish","canary",146,146,52,"","","","",NA
"1113","SL_2018SSEO_Dive_31_16-12-26.000.avi",43892,"16:36:58",NA,"",NA,28.156,4.521,3865.039,30.724,NA,NA,-1904.276,505.682,-3325.139,1,"KelliiWood",0,"N/A",2018,"SSEO_31",41,NA,31,NA,NA,NA,"rockfish","canary",146,146,53,"","","","",NA
"1114","SL_2018SSEO_Dive_31_16-12-26.000.avi",44034,"16:37:03",NA,"",NA,34.698,2.89,4072.321,20.877,NA,NA,-1039.944,993.058,-3810.007,1,"KelliiWood",0,"N/A",2018,"SSEO_31",41,NA,31,NA,NA,NA,"rockfish","canary",146,146,55,"","","","",NA
"1115","SL_2018SSEO_Dive_31_16-12-26.000.avi",18428,"16:22:49",NA,"",NA,26.619,0.013,3693.585,30.912,NA,NA,-1726.29,-803.61,-3164.918,1,"KelliiWood",0,"N/A",2018,"SSEO_31",41,NA,31,NA,NA,NA,"rockfish","quillback",147,147,3,"","","","",NA
"1116","SL_2018SSEO_Dive_31_16-12-26.000.avi",49331,"16:39:59",NA,"",NA,42.97,1.895,4643.588,22.042,NA,NA,-1696.482,376.936,-4306.132,1,"KelliiWood",0,"N/A",2018,"SSEO_31",41,NA,31,NA,NA,NA,"rockfish","quillback",147,147,92,"","","","",NA
"1117","SL_2018SSEO_Dive_31_16-12-26.000.avi",49331,"16:39:59",NA,"",NA,62.554,1.698,5603.254,14.731,NA,NA,1055.407,929.934,-5423.817,1,"KelliiWood",0,"N/A",2018,"SSEO_31",41,NA,31,NA,NA,NA,"rockfish","quillback",147,147,93,"","","","",NA
"1118","SL_2018SSEO_Dive_31_16-12-26.000.avi",16450,"16:21:43",NA,"",NA,18.966,0.11,3110.18,24.14,NA,NA,-1266.34,-133.88,-2837.548,1,"KelliiWood",0,"N/A",2018,"SSEO_31",41,NA,31,NA,NA,NA,"rockfish","rosethorn",150,150,1,"","","","",NA
"1119","SL_2018SSEO_Dive_31_16-12-26.000.avi",24548,"16:26:13",NA,"",NA,70.642,0.748,5779.125,27.861,NA,NA,2211.18,1524.975,-5116.973,1,"KelliiWood",0,"N/A",2018,"SSEO_31",41,NA,31,NA,NA,NA,"rockfish","rosethorn",150,150,5,"","","","",NA
"1120","SL_2018SSEO_Dive_31_16-12-26.000.avi",28118,"16:28:12",NA,"",NA,20.506,1.265,3257.615,13.299,NA,NA,-721.014,-220.114,-3169.186,1,"KelliiWood",0,"N/A",2018,"SSEO_31",41,NA,31,NA,NA,NA,"rockfish","rosethorn",150,150,7,"","","","",NA
"1121","SL_2018SSEO_Dive_31_16-12-26.000.avi",30431,"16:29:29",NA,"",NA,26.067,2.966,3665.808,28.67,NA,NA,1736.269,263.956,-3217.739,1,"KelliiWood",0,"N/A",2018,"SSEO_31",41,NA,31,NA,NA,NA,"rockfish","rosethorn",150,150,11,"","","","",NA
"1122","SL_2018SSEO_Dive_31_16-12-26.000.avi",45505,"16:37:52",NA,"",NA,18.584,0.666,3001.418,19.22,NA,NA,511.646,830.971,-2838.347,1,"KelliiWood",0,"N/A",2018,"SSEO_31",41,NA,31,NA,NA,NA,"rockfish","rosethorn",150,150,71,"","","","",NA
"1123","SL_2018SSEO_Dive_31_16-12-26.000.avi",45535,"16:37:53",NA,"",NA,25.057,2.94,3683.062,10.68,NA,NA,-202.271,633.679,-3622.497,1,"KelliiWood",0,"N/A",2018,"SSEO_31",41,NA,31,NA,NA,NA,"rockfish","rosethorn",150,150,72,"","","","",NA
"1124","SL_2018SSEO_Dive_31_16-12-26.000.avi",30545,"16:29:33",NA,"",NA,27.272,1.62,3728.404,18.158,NA,NA,-1151.92,-170.002,-3541.917,1,"KelliiWood",0,"N/A",2018,"SSEO_31",41,NA,31,NA,NA,NA,"rockfish","yellowtail",155,155,12,"","","","",NA
"1125","SL_2018SSEO_Dive_31_16-12-26.000.avi",30730,"16:29:39",NA,"",NA,6.029,0.552,1692.584,23.991,NA,NA,-321.687,600.59,-1549.402,1,"KelliiWood",0,"N/A",2018,"SSEO_31",41,NA,31,NA,NA,NA,"rockfish","yellowtail",155,155,13,"","","","",NA
"1126","SL_2018SSEO_Dive_31_16-12-26.000.avi",30730,"16:29:39",NA,"",NA,27.831,0.938,3667.656,20.599,NA,NA,623.047,1112.717,-3438.804,1,"KelliiWood",0,"N/A",2018,"SSEO_31",41,NA,31,NA,NA,NA,"rockfish","yellowtail",155,155,14,"","","","",NA
"1127","SL_2018SSEO_Dive_31_16-12-26.000.avi",30730,"16:29:39",NA,"",NA,48.52,3.259,4792.059,27.714,NA,NA,1197.045,1858.421,-4251.728,1,"KelliiWood",0,"N/A",2018,"SSEO_31",41,NA,31,NA,NA,NA,"rockfish","yellowtail",155,155,15,"","","","",NA
"1128","SL_2018SSEO_Dive_31_16-12-26.000.avi",30730,"16:29:39",NA,"",NA,39.366,0.108,4349.079,30.047,NA,NA,1043.6,1892.315,-3774.193,1,"KelliiWood",0,"N/A",2018,"SSEO_31",41,NA,31,NA,NA,NA,"rockfish","yellowtail",155,155,17,"","","","",NA
"1129","SL_2018SSEO_Dive_31_16-12-26.000.avi",30845,"16:29:43",NA,"",NA,39.67,0.071,4541.659,22.469,NA,NA,87.259,1712.401,-4205.56,1,"KelliiWood",0,"N/A",2018,"SSEO_31",41,NA,31,NA,NA,NA,"rockfish","yellowtail",155,155,18,"","","","",NA
"1130","SL_2018SSEO_Dive_31_16-12-26.000.avi",30845,"16:29:43",NA,"",NA,46.593,0.559,4677.429,23.15,NA,NA,1303.295,1275.583,-4307.279,1,"KelliiWood",0,"N/A",2018,"SSEO_31",41,NA,31,NA,NA,NA,"rockfish","yellowtail",155,155,19,"","","","",NA
"1131","SL_2018SSEO_Dive_31_16-12-26.000.avi",30845,"16:29:43",NA,"",NA,35.338,0.507,4221.208,34.584,NA,NA,1725.367,1644.984,-3483.638,1,"KelliiWood",0,"N/A",2018,"SSEO_31",41,NA,31,NA,NA,NA,"rockfish","yellowtail",155,155,20,"","","","",NA
"1132","SL_2018SSEO_Dive_31_16-12-26.000.avi",31460,"16:30:04",NA,"",NA,25.328,0.633,3694.892,12.933,NA,NA,73.7,805.545,-3605.259,1,"KelliiWood",0,"N/A",2018,"SSEO_31",41,NA,31,NA,NA,NA,"rockfish","yellowtail",155,155,23,"","","","",NA
"1133","SL_2018SSEO_Dive_31_16-12-26.000.avi",31460,"16:30:04",NA,"",NA,26.688,1.191,3609.463,18.678,NA,NA,-639.854,945.481,-3424.16,1,"KelliiWood",0,"N/A",2018,"SSEO_31",41,NA,31,NA,NA,NA,"rockfish","yellowtail",155,155,25,"","","","",NA
"1134","SL_2018SSEO_Dive_31_16-12-26.000.avi",31460,"16:30:04",NA,"",NA,29.051,1.839,3887.462,21.49,NA,NA,-45.631,1405.161,-3624.334,1,"KelliiWood",0,"N/A",2018,"SSEO_31",41,NA,31,NA,NA,NA,"rockfish","yellowtail",155,155,26,"","","","",NA
"1135","SL_2018SSEO_Dive_31_16-12-26.000.avi",31460,"16:30:04",NA,"",NA,44.771,1.472,4633.438,25.386,NA,NA,-1704.367,999.196,-4191.121,1,"KelliiWood",0,"N/A",2018,"SSEO_31",41,NA,31,NA,NA,NA,"rockfish","yellowtail",155,155,27,"","","","",NA
"1136","SL_2018SSEO_Dive_31_16-12-26.000.avi",31460,"16:30:04",NA,"",NA,26.194,2.474,3520.045,29.691,NA,NA,1177.142,1270.766,-3064.344,1,"KelliiWood",0,"N/A",2018,"SSEO_31",41,NA,31,NA,NA,NA,"rockfish","yellowtail",155,155,28,"","","","",NA
"1137","SL_2018SSEO_Dive_31_16-12-26.000.avi",31460,"16:30:04",NA,"",NA,44.895,6.629,4811.581,19.245,NA,NA,-249.651,1543.274,-4550.526,1,"KelliiWood",0,"N/A",2018,"SSEO_31",41,NA,31,NA,NA,NA,"rockfish","yellowtail",155,155,29,"","","","",NA
"1138","SL_2018SSEO_Dive_31_16-12-26.000.avi",31460,"16:30:04",NA,"",NA,54.098,0.647,5200.168,19.577,NA,NA,544.688,1630.381,-4907.843,1,"KelliiWood",0,"N/A",2018,"SSEO_31",41,NA,31,NA,NA,NA,"rockfish","yellowtail",155,155,30,"","","","",NA
"1139","SL_2018SSEO_Dive_31_16-12-26.000.avi",31460,"16:30:04",NA,"",NA,21.656,0.708,3416.353,30.802,NA,NA,-1710.02,354.42,-2936.271,1,"KelliiWood",0,"N/A",2018,"SSEO_31",41,NA,31,NA,NA,NA,"rockfish","yellowtail",155,155,31,"","","","",NA
"1140","SL_2018SSEO_Dive_31_16-12-26.000.avi",31460,"16:30:04",NA,"",NA,37.837,0.214,4364.894,27.738,NA,NA,-1930.289,614.02,-3866.428,1,"KelliiWood",0,"N/A",2018,"SSEO_31",41,NA,31,NA,NA,NA,"rockfish","yellowtail",155,155,32,"","","","",NA
"1141","SL_2018SSEO_Dive_31_16-12-26.000.avi",31460,"16:30:04",NA,"",NA,67.202,1.833,5723.756,18.594,NA,NA,1006.99,1494.833,-5432.571,1,"KelliiWood",0,"N/A",2018,"SSEO_31",41,NA,31,NA,NA,NA,"rockfish","yellowtail",155,155,33,"","","","",NA
"1142","SL_2018SSEO_Dive_31_16-12-26.000.avi",31460,"16:30:04",NA,"",NA,47.564,1.05,4953.917,25.957,NA,NA,204.402,2136.201,-4464.993,1,"KelliiWood",0,"N/A",2018,"SSEO_31",41,NA,31,NA,NA,NA,"rockfish","yellowtail",155,155,34,"","","","",NA
"1143","SL_2018SSEO_Dive_31_16-12-26.000.avi",31460,"16:30:04",NA,"",NA,75.965,0.76,6384.591,10.186,NA,NA,-893.39,658.811,-6287.354,1,"KelliiWood",0,"N/A",2018,"SSEO_31",41,NA,31,NA,NA,NA,"rockfish","yellowtail",155,155,35,"","","","",NA
"1144","SL_2018SSEO_Dive_31_16-12-26.000.avi",31460,"16:30:04",NA,"",NA,138.592,0.331,8153.8,23.822,NA,NA,-1673.886,2798.523,-7473.341,1,"KelliiWood",0,"N/A",2018,"SSEO_31",41,NA,31,NA,NA,NA,"rockfish","yellowtail",155,155,36,"","","","",NA
"1145","SL_2018SSEO_Dive_31_16-12-26.000.avi",31460,"16:30:04",NA,"",NA,84.67,0.967,6517.73,30.563,NA,NA,-2889.102,1595.54,-5620.333,1,"KelliiWood",0,"N/A",2018,"SSEO_31",41,NA,31,NA,NA,NA,"rockfish","yellowtail",155,155,37,"","","","",NA
"1146","SL_2018SSEO_Dive_31_16-12-26.000.avi",31460,"16:30:04",NA,"",NA,79.347,0.763,6241.961,20.613,NA,NA,-2026.744,819.956,-5846.542,1,"KelliiWood",0,"N/A",2018,"SSEO_31",41,NA,31,NA,NA,NA,"rockfish","yellowtail",155,155,38,"","","","",NA
"1147","SL_2018SSEO_Dive_31_16-12-26.000.avi",31460,"16:30:04",NA,"",NA,68.266,6.847,5837.465,25.914,NA,NA,-2436.406,730.004,-5254.238,1,"KelliiWood",0,"N/A",2018,"SSEO_31",41,NA,31,NA,NA,NA,"rockfish","yellowtail",155,155,39,"","","","",NA
"1148","SL_2018SSEO_Dive_31_16-12-26.000.avi",31460,"16:30:04",NA,"",NA,48.744,7.553,4999.418,18.976,NA,NA,-1604.489,237.711,-4728.984,1,"KelliiWood",0,"N/A",2018,"SSEO_31",41,NA,31,NA,NA,NA,"rockfish","yellowtail",155,155,40,"","","","",NA
"1149","SL_2018SSEO_Dive_31_16-12-26.000.avi",31460,"16:30:04",NA,"",NA,60.288,1.548,5613.014,14.93,NA,NA,-1410.443,291.781,-5425.075,1,"KelliiWood",0,"N/A",2018,"SSEO_31",41,NA,31,NA,NA,NA,"rockfish","yellowtail",155,155,41,"","","","",NA
"1150","SL_2018SSEO_Dive_31_16-12-26.000.avi",31706,"16:30:12",NA,"",NA,20.648,3.087,3183.143,23.707,NA,NA,-1206.972,410.935,-2916.633,1,"KelliiWood",0,"N/A",2018,"SSEO_31",41,NA,31,NA,NA,NA,"rockfish","yellowtail",155,155,42,"","","","",NA
"1151","SL_2018SSEO_Dive_31_16-12-26.000.avi",31706,"16:30:12",NA,"",NA,7.562,1.467,1932.663,17.597,NA,NA,572.505,-126.017,-1841.614,1,"KelliiWood",0,"N/A",2018,"SSEO_31",41,NA,31,NA,NA,NA,"rockfish","yellowtail",155,155,43,"","","","",NA
"1152","SL_2018SSEO_Dive_31_16-12-26.000.avi",31706,"16:30:12",NA,"",NA,13.476,1.785,2697.695,9.06,NA,NA,123.315,-419.942,-2661.955,1,"KelliiWood",0,"N/A",2018,"SSEO_31",41,NA,31,NA,NA,NA,"rockfish","yellowtail",155,155,44,"","","","",NA
"1153","SL_2018SSEO_Dive_31_16-12-26.000.avi",31706,"16:30:12",NA,"",NA,38.324,0.659,4698.72,6.191,NA,NA,506.214,-1.038,-4671.372,1,"KelliiWood",0,"N/A",2018,"SSEO_31",41,NA,31,NA,NA,NA,"rockfish","yellowtail",155,155,45,"","","","",NA
"1154","SL_2018SSEO_Dive_31_16-12-26.000.avi",31706,"16:30:12",NA,"",NA,10.964,0.528,2276.988,23.111,NA,NA,-743.309,-506.781,-2091.731,1,"KelliiWood",0,"N/A",2018,"SSEO_31",41,NA,31,NA,NA,NA,"rockfish","yellowtail",155,155,46,"","","","",NA
"1155","SL_2018SSEO_Dive_31_16-12-26.000.avi",31706,"16:30:12",NA,"",NA,21.483,1.85,3238.607,20.862,NA,NA,-1087.44,-399.436,-3024.318,1,"KelliiWood",0,"N/A",2018,"SSEO_31",41,NA,31,NA,NA,NA,"rockfish","yellowtail",155,155,47,"","","","",NA
"1156","SL_2018SSEO_Dive_31_16-12-26.000.avi",32470,"16:30:37",NA,"",NA,10.398,0.301,2204.166,21.998,NA,NA,622.037,-553.162,-2040.938,1,"KelliiWood",0,"N/A",2018,"SSEO_31",41,NA,31,NA,NA,NA,"rockfish","yellowtail",155,155,49,"","","","",NA
"1157","SL_2018SSEO_Dive_31_16-12-26.000.avi",32534,"16:30:39",NA,"",NA,40.321,0.107,4546.216,25.115,NA,NA,-1905.462,283.591,-4117.872,1,"KelliiWood",0,"N/A",2018,"SSEO_31",41,NA,31,NA,NA,NA,"rockfish","yellowtail",155,155,50,"","","","",NA
"1158","SL_2018SSEO_Dive_31_16-12-26.000.avi",31460,"16:30:04",NA,"",NA,12.994,0.304,2519.943,25.62,NA,NA,1055.054,-283.706,-2270.789,1,"KelliiWood",0,"N/A",2018,"SSEO_31",41,NA,31,NA,NA,NA,"rockfish","dusky",172,172,24,"","","","",NA
"1159","SL_2018SSEO_Dive_31_16-12-26.000.avi",44634,"16:37:23",NA,"",NA,14.01,2.2,2586.365,26.051,NA,NA,-551.555,981.242,-2328.569,1,"KelliiWood",0,"N/A",2018,"SSEO_31",41,NA,31,NA,NA,NA,"rockfish","dusky",172,172,57,"","","","",NA
"1160","SL_2018SSEO_Dive_31_16-12-26.000.avi",45655,"16:37:57",NA,"",NA,11.751,1.169,2382.289,27.087,NA,NA,1002.452,403.814,-2123.046,1,"KelliiWood",0,"N/A",2018,"SSEO_31",41,NA,31,NA,NA,NA,"rockfish","dusky",172,172,73,"","","","",NA
"1161","SL_2018SSEO_Dive_31_16-12-26.000.avi",45686,"16:37:58",NA,"",NA,5.449,2.091,1671.581,12.351,NA,NA,121.357,328.094,-1634.568,1,"KelliiWood",0,"N/A",2018,"SSEO_31",41,NA,31,NA,NA,NA,"rockfish","dusky",172,172,74,"","","","",NA
"1162","SL_2018SSEO_Dive_31_16-12-26.000.avi",45774,"16:38:01",NA,"",NA,24.753,3.54,3510.919,24.054,NA,NA,-1381.045,358.704,-3207.896,1,"KelliiWood",0,"N/A",2018,"SSEO_31",41,NA,31,NA,NA,NA,"rockfish","dusky",172,172,75,"","","","",NA
"1163","SL_2018SSEO_Dive_31_16-12-26.000.avi",45774,"16:38:01",NA,"",NA,61.921,2.005,5573.209,25.52,NA,NA,504.41,2322.159,-5041.211,1,"KelliiWood",0,"N/A",2018,"SSEO_31",41,NA,31,NA,NA,NA,"rockfish","dusky",172,172,76,"","","","",NA
"1164","SL_2018SSEO_Dive_31_16-12-26.000.avi",45924,"16:38:06",NA,"",NA,28.209,2.944,3637.356,23.324,NA,NA,999.929,1019.61,-3345.28,1,"KelliiWood",0,"N/A",2018,"SSEO_31",41,NA,31,NA,NA,NA,"rockfish","dusky",172,172,77,"","","","",NA
"1165","SL_2018SSEO_Dive_31_16-12-26.000.avi",45924,"16:38:06",NA,"",NA,15.258,2.951,2759.49,15.179,NA,NA,-472.105,533.525,-2665.943,1,"KelliiWood",0,"N/A",2018,"SSEO_31",41,NA,31,NA,NA,NA,"rockfish","dusky",172,172,78,"","","","",NA
"1166","SL_2018SSEO_Dive_31_16-12-26.000.avi",45924,"16:38:06",NA,"",NA,41.587,1.113,4482.287,21.092,NA,NA,765.596,1398.716,-4189.076,1,"KelliiWood",0,"N/A",2018,"SSEO_31",41,NA,31,NA,NA,NA,"rockfish","dusky",172,172,79,"","","","",NA
"1167","SL_2018SSEO_Dive_31_16-12-26.000.avi",45924,"16:38:06",NA,"",NA,26.928,0.461,3696.513,21.323,NA,NA,232.422,1306.55,-3450.089,1,"KelliiWood",0,"N/A",2018,"SSEO_31",41,NA,31,NA,NA,NA,"rockfish","dusky",172,172,80,"","","","",NA
"1168","SL_2018SSEO_Dive_31_16-12-26.000.avi",45924,"16:38:06",NA,"",NA,22.658,5.409,3669.369,3.376,NA,NA,109.485,167.863,-3663.892,1,"KelliiWood",0,"N/A",2018,"SSEO_31",41,NA,31,NA,NA,NA,"rockfish","dusky",172,172,81,"","","","",NA
"1169","SL_2018SSEO_Dive_31_16-12-26.000.avi",45924,"16:38:06",NA,"",NA,95.226,1.041,7528.579,5.015,NA,NA,132.059,606.974,-7502.909,1,"KelliiWood",0,"N/A",2018,"SSEO_31",41,NA,31,NA,NA,NA,"rockfish","dusky",172,172,82,"","","","",NA
"1170","SL_2018SSEO_Dive_31_16-12-26.000.avi",45924,"16:38:06",NA,"",NA,58.544,1.221,5337.624,22.507,NA,NA,-1867.949,803.111,-4935.181,1,"KelliiWood",0,"N/A",2018,"SSEO_31",41,NA,31,NA,NA,NA,"rockfish","dusky",172,172,83,"","","","",NA
"1171","SL_2018SSEO_Dive_31_16-12-26.000.avi",45924,"16:38:06",NA,"",NA,15.278,0.277,2778.713,23.29,NA,NA,-1091.377,-139.275,-2551.616,1,"KelliiWood",0,"N/A",2018,"SSEO_31",41,NA,31,NA,NA,NA,"rockfish","dusky",172,172,84,"","","","",NA
"1172","SL_2018SSEO_Dive_31_16-12-26.000.avi",45924,"16:38:06",NA,"",NA,36.089,3.469,4215.216,20.768,NA,NA,-1429.235,-457.187,-3939.075,1,"KelliiWood",0,"N/A",2018,"SSEO_31",41,NA,31,NA,NA,NA,"rockfish","dusky",172,172,85,"","","","",NA
"1173","SL_2018SSEO_Dive_31_16-12-26.000.avi",45924,"16:38:06",NA,"",NA,48.766,6.836,5039.362,17.297,NA,NA,-247.378,1453.538,-4818.838,1,"KelliiWood",0,"N/A",2018,"SSEO_31",41,NA,31,NA,NA,NA,"rockfish","dusky",172,172,86,"","","","",NA
"1174","SL_2018SSEO_Dive_31_16-12-26.000.avi",45968,"16:38:07",NA,"",NA,26.716,2.123,3761.94,35.557,NA,NA,1820.857,1197.086,-3066.539,1,"KelliiWood",0,"N/A",2018,"SSEO_31",41,NA,31,NA,NA,NA,"rockfish","dusky",172,172,87,"","","","",NA
"1175","SL_2018SSEO_Dive_31_16-12-26.000.avi",45968,"16:38:07",NA,"",NA,58.756,7.603,5395.586,33.596,NA,NA,2154.245,2044.373,-4504.677,1,"KelliiWood",0,"N/A",2018,"SSEO_31",41,NA,31,NA,NA,NA,"rockfish","dusky",172,172,88,"","","","",NA
"1176","SL_2018SSEO_Dive_31_16-12-26.000.avi",46242,"16:38:16",NA,"",NA,33.06,1.404,4175.531,16.421,NA,NA,-6.799,-1200.496,-3999.228,1,"KelliiWood",0,"N/A",2018,"SSEO_31",41,NA,31,NA,NA,NA,"rockfish","dusky",172,172,89,"","","","",NA
"1177","SL_2018SSEO_Dive_31_16-12-26.000.avi",46242,"16:38:16",NA,"",NA,60.923,1.651,5410.014,25.578,NA,NA,-2049.621,-1144.615,-4874.132,1,"KelliiWood",0,"N/A",2018,"SSEO_31",41,NA,31,NA,NA,NA,"rockfish","dusky",172,172,90,"","","","",NA
"1178","SL_2018SSEO_Dive_31_16-12-26.000.avi",37859,"16:33:37",NA,"",443.926,43.974,1.057,3412.672,14.734,34.19,2.99,856.426,141.106,-3300.448,1,"KelliiWood",0,"N/A",2018,"SSEO_31",41,NA,31,NA,NA,NA,"greenling","unknown",NA,NA,51,"","","","Rock greenling?",NA
"1179","SL_2018SSEO_Dive_32_19-20-48.000.avi",1505,"19:21:43",NA,"",508.075,114.942,1.446,5310.601,24.275,44.131,14.036,-2170.695,-233.893,-4841.059,1,"KelliiWood",0,"N/A",2018,"SSEO_32",37,NA,32,NA,NA,NA,"rockfish","yelloweye",145,145,1,"AD","Feeding","","",NA
"1180","SL_2018SSEO_Dive_32_19-20-48.000.avi",69180,"19:59:19",NA,"",556.611,166.187,5.863,6239.964,27.475,54.328,19.284,2793.495,695.939,-5536.173,1,"KelliiWood",0,"N/A",2018,"SSEO_32",37,NA,32,NA,NA,NA,"rockfish","yelloweye",145,145,13,"AD","Fish actively swimming in frame","","",NA
"1181","SL_2018SSEO_Dive_32_19-20-48.000.avi",70926,"20:00:17",NA,"",NA,35.788,0.759,4457.791,7.947,NA,NA,-525.554,299.647,-4416.549,1,"KelliiWood",0,"N/A",2018,"SSEO_32",37,NA,32,NA,NA,NA,"rockfish","yelloweye",145,145,17,"AD","Fish resting on bottom","","NO LENGTH, Partial Visibility",NA
"1182","SL_2018SSEO_Dive_32_19-20-48.000.avi",72739,"20:01:18",NA,"",NA,59.102,1.591,5425.396,31.268,NA,NA,-2206.476,-1772.99,-4628.487,1,"KelliiWood",0,"N/A",2018,"SSEO_32",37,NA,32,NA,NA,NA,"rockfish","yelloweye",145,145,19,"AD","Fish resting on bottom","","NO LENGTH, hiding body",NA
"1183","SL_2018SSEO_Dive_32_19-20-48.000.avi",80251,"20:05:28",NA,"",583.478,224.541,0.58,7779.88,10.791,35.75,1.368,415.819,1395.972,-7642.31,1,"KelliiWood",0,"N/A",2018,"SSEO_32",37,NA,32,NA,NA,NA,"rockfish","yelloweye",145,145,26,"AD","Fish milling/hovering","","",NA
"1184","SL_2018SSEO_Dive_32_19-20-48.000.avi",1691,"19:21:49",NA,"",NA,16.815,0.463,2863.643,17.305,NA,NA,771.037,-375.851,-2732.158,1,"KelliiWood",0,"N/A",2018,"SSEO_32",37,NA,32,NA,NA,NA,"rockfish","rosethorn",150,150,3,"","","","",NA
"1185","SL_2018SSEO_Dive_32_19-20-48.000.avi",2287,"19:22:09",NA,"",NA,22.303,0.102,3326.355,15.449,NA,NA,795.65,-406.166,-3204.155,1,"KelliiWood",0,"N/A",2018,"SSEO_32",37,NA,32,NA,NA,NA,"rockfish","rosethorn",150,150,4,"","","","",NA
"1186","SL_2018SSEO_Dive_32_19-20-48.000.avi",6072,"19:24:15",NA,"",NA,27.144,0.178,3704.55,13.41,NA,NA,740.374,-454.001,-3601.308,1,"KelliiWood",0,"N/A",2018,"SSEO_32",37,NA,32,NA,NA,NA,"rockfish","rosethorn",150,150,7,"","","","",NA
"1187","SL_2018SSEO_Dive_32_19-20-48.000.avi",6150,"19:24:18",NA,"",NA,40.699,3.246,4655.206,12.297,NA,NA,966.875,196.344,-4549.455,1,"KelliiWood",0,"N/A",2018,"SSEO_32",37,NA,32,NA,NA,NA,"rockfish","rosethorn",150,150,8,"","","","",NA
"1188","SL_2018SSEO_Dive_32_19-20-48.000.avi",67032,"19:58:07",NA,"",NA,39.911,1.41,4390.359,19.569,NA,NA,-1279.276,-746.057,-4133.05,1,"KelliiWood",0,"N/A",2018,"SSEO_32",37,NA,32,NA,NA,NA,"rockfish","rosethorn",150,150,11,"","","","",NA
"1189","SL_2018SSEO_Dive_32_19-20-48.000.avi",67032,"19:58:07",NA,"",NA,70.247,0.875,6142.103,10.22,NA,NA,948.796,505.723,-6047.269,1,"KelliiWood",0,"N/A",2018,"SSEO_32",37,NA,32,NA,NA,NA,"rockfish","rosethorn",150,150,12,"","","","",NA
"1190","SL_2018SSEO_Dive_32_19-20-48.000.avi",69476,"19:59:29",NA,"",NA,51.38,3.374,5143.896,24.313,NA,NA,2117.741,-5.529,-4687.73,1,"KelliiWood",0,"N/A",2018,"SSEO_32",37,NA,32,NA,NA,NA,"rockfish","rosethorn",150,150,14,"","","","",NA
"1191","SL_2018SSEO_Dive_32_19-20-48.000.avi",69537,"19:59:31",NA,"",NA,37.391,2.592,4378.767,27.713,NA,NA,2022.826,-253.573,-3875.239,1,"KelliiWood",0,"N/A",2018,"SSEO_32",37,NA,32,NA,NA,NA,"rockfish","rosethorn",150,150,15,"","","","",NA
"1192","SL_2018SSEO_Dive_32_19-20-48.000.avi",70022,"19:59:47",NA,"",NA,41.763,2.621,4999.635,3.535,NA,NA,-245.03,161.925,-4991.001,1,"KelliiWood",0,"N/A",2018,"SSEO_32",37,NA,32,NA,NA,NA,"rockfish","rosethorn",150,150,16,"","","","",NA
"1193","SL_2018SSEO_Dive_32_19-20-48.000.avi",71604,"20:00:40",NA,"",NA,33.164,2.637,4241.269,11.43,NA,NA,-831.415,102.091,-4157.727,1,"KelliiWood",0,"N/A",2018,"SSEO_32",37,NA,32,NA,NA,NA,"rockfish","rosethorn",150,150,18,"","","","",NA
"1194","SL_2018SSEO_Dive_32_19-20-48.000.avi",75255,"20:02:42",NA,"",NA,31.533,1.402,3909.358,19.433,NA,NA,-1157.983,-610.77,-3683.628,1,"KelliiWood",0,"N/A",2018,"SSEO_32",37,NA,32,NA,NA,NA,"rockfish","rosethorn",150,150,20,"","","","",NA
"1195","SL_2018SSEO_Dive_32_19-20-48.000.avi",75295,"20:02:43",NA,"",NA,20.18,2.641,3241.351,14.692,NA,NA,-153.166,-823.467,-3131.262,1,"KelliiWood",0,"N/A",2018,"SSEO_32",37,NA,32,NA,NA,NA,"rockfish","rosethorn",150,150,21,"","","","",NA
"1196","SL_2018SSEO_Dive_32_19-20-48.000.avi",76024,"20:03:07",NA,"",NA,28.702,0.36,3717.019,25.446,NA,NA,-1425.177,-737.572,-3352.773,1,"KelliiWood",0,"N/A",2018,"SSEO_32",37,NA,32,NA,NA,NA,"rockfish","rosethorn",150,150,22,"","","","",NA
"1197","SL_2018SSEO_Dive_32_19-20-48.000.avi",76236,"20:03:14",NA,"",NA,25.83,0.094,3490.44,20.761,NA,NA,909.772,-854.974,-3259.526,1,"KelliiWood",0,"N/A",2018,"SSEO_32",37,NA,32,NA,NA,NA,"rockfish","rosethorn",150,150,23,"","","","",NA
"1198","SL_2018SSEO_Dive_32_19-20-48.000.avi",78389,"20:04:26",NA,"",NA,27.399,0.58,3672.874,23.371,NA,NA,-448.726,-1403.113,-3364.509,1,"KelliiWood",0,"N/A",2018,"SSEO_32",37,NA,32,NA,NA,NA,"rockfish","rosethorn",150,150,24,"","","","",NA
"1199","SL_2018SSEO_Dive_32_19-20-48.000.avi",79452,"20:05:01",NA,"",NA,79.711,1.271,6646.332,35.75,NA,NA,-3203.301,2167.621,-5404.998,1,"KelliiWood",0,"N/A",2018,"SSEO_32",37,NA,32,NA,NA,NA,"rockfish","rosethorn",150,150,25,"","","","",NA
"1200","SL_2018SSEO_Dive_32_19-20-48.000.avi",80423,"20:05:34",NA,"",NA,22.663,0.512,3322.415,27.428,NA,NA,-1369.04,-698.897,-2945.457,1,"KelliiWood",0,"N/A",2018,"SSEO_32",37,NA,32,NA,NA,NA,"rockfish","rosethorn",150,150,27,"","","","",NA
"1201","SL_2018SSEO_Dive_32_19-20-48.000.avi",80680,"20:05:42",NA,"",NA,44.063,0.82,4707.692,14.868,NA,NA,-895.531,787.808,-4554.091,1,"KelliiWood",0,"N/A",2018,"SSEO_32",37,NA,32,NA,NA,NA,"rockfish","rosethorn",150,150,28,"","","","",NA
"1202","SL_2018SSEO_Dive_32_19-20-48.000.avi",5113,"19:23:43",NA,"",NA,17.274,4.185,2874.634,21.556,NA,NA,945.907,456.394,-2675.908,1,"KelliiWood",0,"N/A",2018,"SSEO_32",37,NA,32,NA,NA,NA,"rockfish","dusky",172,172,5,"","","","",NA
"1203","SL_2018SSEO_Dive_32_19-20-48.000.avi",5113,"19:23:43",NA,"",NA,41.847,1.233,5040.633,2.658,NA,NA,-191.391,108.787,-5035.823,1,"KelliiWood",0,"N/A",2018,"SSEO_32",37,NA,32,NA,NA,NA,"rockfish","dusky",172,172,6,"","","","",NA
"1204","SL_2018SSEO_Dive_32_19-20-48.000.avi",25606,"19:35:07",NA,"",1451.923,209.679,1.83,5915.315,18.21,78.585,13.815,1677.532,776.614,-5619.049,1,"KelliiWood",0,"N/A",2018,"SSEO_32",37,NA,32,NA,NA,NA,"halibut","halibut",200,200,9,"","","","",NA
"1205","SL_2018SSEO_Dive_32_19-20-48.000.avi",26595,"19:35:39",NA,"",640.438,43.917,1.571,3616.444,19.516,31.893,21.849,-1175.726,-278.066,-3408.667,1,"KelliiWood",0,"N/A",2018,"SSEO_32",37,NA,32,NA,NA,NA,"halibut","halibut",200,200,10,"","","","",NA
"1206","SL_2018SSEO_Dive_32_19-20-48.000.avi",533,"19:21:11",NA,"",NA,65.324,1.541,5864.318,32.112,NA,NA,-2856.041,1224.184,-4973.392,1,"KelliiWood",0,"N/A",2018,"SSEO_32",37,NA,32,NA,NA,NA,"rockfish","unknown",NA,NA,1,"","","","",NA
"1207","SL_2018SSEO_Dive_33_20-39-00.000.avi",12235,"20:45:53",NA,"",NA,15.922,0.679,2816.432,15.462,NA,NA,-382.267,-659.917,-2711.212,1,"KelliiWood",0,"N/A",2018,"SSEO_33",38,NA,33,NA,NA,NA,"rockfish","yelloweye",145,145,3,"JV","Fish resting on bottom","","NO LENGTH, hiding",NA
"1208","SL_2018SSEO_Dive_33_20-39-00.000.avi",12367,"20:45:57",NA,"",218.964,70.284,6.756,4006.419,5.167,49.335,27.487,343.885,109.245,-3990.138,1,"KelliiWood",0,"N/A",2018,"SSEO_33",38,NA,33,NA,NA,NA,"rockfish","yelloweye",145,145,4,"JV","Fish resting on bottom","","",NA
"1209","SL_2018SSEO_Dive_33_20-39-00.000.avi",18210,"20:49:12",NA,"",356.797,19.006,1.198,4885.148,8.354,6.486,13.097,116.054,700.164,-4833.319,1,"KelliiWood",0,"N/A",2018,"SSEO_33",38,NA,33,NA,NA,NA,"rockfish","yelloweye",145,145,8,"AD","Fish resting on bottom","","",NA
"1210","SL_2018SSEO_Dive_33_20-39-00.000.avi",24426,"20:52:39",NA,"",262.768,77.029,4.416,4509.736,16.938,36.683,2.398,950.171,907.378,-4314.112,1,"KelliiWood",0,"N/A",2018,"SSEO_33",38,NA,33,NA,NA,NA,"rockfish","yelloweye",145,145,12,"JV","Fish resting on bottom","","",NA
"1211","SL_2018SSEO_Dive_33_20-39-00.000.avi",25971,"20:53:31",NA,"",224.733,12.316,10.139,2819.251,24.409,13.896,20.757,-14.117,-1164.947,-2567.27,1,"KelliiWood",0,"N/A",2018,"SSEO_33",38,NA,33,NA,NA,NA,"rockfish","yelloweye",145,145,13,"JV","Fish resting on bottom","","",NA
"1212","SL_2018SSEO_Dive_33_20-39-00.000.avi",40040,"21:01:20",NA,"",398.746,63.06,2.901,4128.007,18.479,40.983,21.807,-239.298,1286.341,-3915.163,1,"KelliiWood",0,"N/A",2018,"SSEO_33",38,NA,33,NA,NA,NA,"rockfish","yelloweye",145,145,18,"SU","Fish resting on bottom","","",NA
"1213","SL_2018SSEO_Dive_33_20-39-00.000.avi",40373,"21:01:31",NA,"",328.474,40.419,0.267,3734.509,27.508,13.427,0.878,1716.281,172.116,-3312.297,1,"KelliiWood",0,"N/A",2018,"SSEO_33",38,NA,33,NA,NA,NA,"rockfish","yelloweye",145,145,19,"JV","Fish resting on bottom","","",NA
"1214","SL_2018SSEO_Dive_33_20-39-00.000.avi",41804,"21:02:18",NA,"",417.689,40.672,0.992,3262.456,11.662,58.954,46.621,328.897,-571.609,-3195.107,1,"KelliiWood",0,"N/A",2018,"SSEO_33",38,NA,33,NA,NA,NA,"rockfish","yelloweye",145,145,20,"AD","Fish resting on bottom","","",NA
"1215","SL_2018SSEO_Dive_33_20-39-00.000.avi",44012,"21:03:32",NA,"",173.474,35.97,0.893,3966.046,5.213,19.965,1.022,347.183,-96.479,-3949.643,1,"KelliiWood",0,"N/A",2018,"SSEO_33",38,NA,33,NA,NA,NA,"rockfish","yelloweye",145,145,22,"JV","Fish resting on bottom","","",NA
"1216","SL_2018SSEO_Dive_33_20-39-00.000.avi",46451,"21:04:53",NA,"",NA,17.702,3.827,2874.057,25.696,NA,NA,955.823,-812.631,-2585.776,1,"KelliiWood",0,"N/A",2018,"SSEO_33",38,NA,33,NA,NA,NA,"rockfish","yelloweye",145,145,23,"AD","Fish moving quickly into frame","","NO LENGTH, facing ROV",NA
"1217","SL_2018SSEO_Dive_33_20-39-00.000.avi",47082,"21:05:14",NA,"",353.239,16.225,1.447,2657.058,27.022,10.23,23.227,1019.545,-646.361,-2367.003,1,"KelliiWood",0,"N/A",2018,"SSEO_33",38,NA,33,NA,NA,NA,"rockfish","yelloweye",145,145,24,"SU","Fish moving quickly out of frame","","",NA
"1218","SL_2018SSEO_Dive_33_20-39-00.000.avi",47342,"21:05:23",NA,"",491.244,59.525,3.364,5000.007,17.224,20.037,15.327,1039.636,1054.094,-4775.784,1,"KelliiWood",0,"N/A",2018,"SSEO_33",38,NA,33,NA,NA,NA,"rockfish","yelloweye",145,145,25,"AD","Fish actively swimming in frame","","",NA
"1219","SL_2018SSEO_Dive_33_20-39-00.000.avi",55863,"21:10:07",NA,"",172.927,7.406,0.381,2954.345,9.071,0.855,39.567,465.012,26.957,-2917.395,1,"KelliiWood",0,"N/A",2018,"SSEO_33",38,NA,33,NA,NA,NA,"rockfish","yelloweye",145,145,30,"JV","Fish resting on bottom","","",NA
"1220","SL_2018SSEO_Dive_33_20-39-00.000.avi",12235,"20:45:53",NA,"",NA,24.613,4.073,3729.676,7.402,NA,NA,-478.678,22.888,-3698.76,1,"KelliiWood",0,"N/A",2018,"SSEO_33",38,NA,33,NA,NA,NA,"rockfish","quillback",147,147,2,"","","","",NA
"1221","SL_2018SSEO_Dive_33_20-39-00.000.avi",26568,"20:53:51",NA,"",NA,20.708,2.671,3181.665,18.753,NA,NA,968.809,-343.367,-3011.063,1,"KelliiWood",0,"N/A",2018,"SSEO_33",38,NA,33,NA,NA,NA,"rockfish","quillback",147,147,14,"","","","",NA
"1222","SL_2018SSEO_Dive_33_20-39-00.000.avi",35560,"20:58:50",NA,"",NA,19.2,0.071,3108.543,20.149,NA,NA,-229.447,-1060.61,-2912.988,1,"KelliiWood",0,"N/A",2018,"SSEO_33",38,NA,33,NA,NA,NA,"rockfish","quillback",147,147,16,"","","","",NA
"1223","SL_2018SSEO_Dive_33_20-39-00.000.avi",39700,"21:01:08",NA,"",NA,11.355,0.559,2382.186,25.346,NA,NA,-997.908,-220.847,-2151.794,1,"KelliiWood",0,"N/A",2018,"SSEO_33",38,NA,33,NA,NA,NA,"rockfish","quillback",147,147,17,"","","","",NA
"1224","SL_2018SSEO_Dive_33_20-39-00.000.avi",51028,"21:07:26",NA,"",NA,37.588,1.126,4718.248,4.039,NA,NA,287.326,143.297,-4707.311,1,"KelliiWood",0,"N/A",2018,"SSEO_33",38,NA,33,NA,NA,NA,"rockfish","quillback",147,147,26,"","","","",NA
"1225","SL_2018SSEO_Dive_33_20-39-00.000.avi",70499,"21:18:15",NA,"",NA,31.365,6.016,3997.313,15.951,NA,NA,-1040.219,333.785,-3845.132,1,"KelliiWood",0,"N/A",2018,"SSEO_33",38,NA,33,NA,NA,NA,"rockfish","quillback",147,147,34,"","","","",NA
"1226","SL_2018SSEO_Dive_33_20-39-00.000.avi",10969,"20:45:11",NA,"",NA,43.322,2.861,4922.509,8.421,NA,NA,-228.336,659.204,-4872.823,1,"KelliiWood",0,"N/A",2018,"SSEO_33",38,NA,33,NA,NA,NA,"rockfish","rosethorn",150,150,1,"","","","",NA
"1227","SL_2018SSEO_Dive_33_20-39-00.000.avi",12653,"20:46:07",NA,"",NA,12.434,8.534,2420.93,23.969,NA,NA,527.022,-841.467,-2207.959,1,"KelliiWood",0,"N/A",2018,"SSEO_33",38,NA,33,NA,NA,NA,"rockfish","rosethorn",150,150,5,"","","","",NA
"1228","SL_2018SSEO_Dive_33_20-39-00.000.avi",15743,"20:47:50",NA,"",NA,24.892,2.378,3656.75,12.162,NA,NA,-764.659,75.713,-3575.107,1,"KelliiWood",0,"N/A",2018,"SSEO_33",38,NA,33,NA,NA,NA,"rockfish","rosethorn",150,150,6,"","","","",NA
"1229","SL_2018SSEO_Dive_33_20-39-00.000.avi",17662,"20:48:54",NA,"",NA,18.989,2.758,3167.168,9.861,NA,NA,-356.701,-424.345,-3118.277,1,"KelliiWood",0,"N/A",2018,"SSEO_33",38,NA,33,NA,NA,NA,"rockfish","rosethorn",150,150,7,"","","","",NA
"1230","SL_2018SSEO_Dive_33_20-39-00.000.avi",19124,"20:49:42",NA,"",NA,25.068,3.603,3673.408,12.056,NA,NA,-767.247,-12.551,-3592.367,1,"KelliiWood",0,"N/A",2018,"SSEO_33",38,NA,33,NA,NA,NA,"rockfish","rosethorn",150,150,9,"","","","",NA
"1231","SL_2018SSEO_Dive_33_20-39-00.000.avi",20717,"20:50:36",NA,"",NA,8.889,3.514,2049.509,28.615,NA,NA,566.526,-810.611,-1795.117,1,"KelliiWood",0,"N/A",2018,"SSEO_33",38,NA,33,NA,NA,NA,"rockfish","rosethorn",150,150,10,"","","","",NA
"1232","SL_2018SSEO_Dive_33_20-39-00.000.avi",21032,"20:50:46",NA,"",NA,21.345,2.14,3177.101,23.095,NA,NA,-789.268,-979.177,-2917.574,1,"KelliiWood",0,"N/A",2018,"SSEO_33",38,NA,33,NA,NA,NA,"rockfish","rosethorn",150,150,11,"","","","",NA
"1233","SL_2018SSEO_Dive_33_20-39-00.000.avi",30166,"20:55:51",NA,"",NA,22.761,0.587,3364.643,15.834,NA,NA,443.585,-820.033,-3232.893,1,"KelliiWood",0,"N/A",2018,"SSEO_33",38,NA,33,NA,NA,NA,"rockfish","rosethorn",150,150,15,"","","","",NA
"1234","SL_2018SSEO_Dive_33_20-39-00.000.avi",42321,"21:02:36",NA,"",NA,8.171,0.751,2016.476,13.877,NA,NA,425.833,-239.088,-1956.446,1,"KelliiWood",0,"N/A",2018,"SSEO_33",38,NA,33,NA,NA,NA,"rockfish","rosethorn",150,150,21,"","","","",NA
"1235","SL_2018SSEO_Dive_33_20-39-00.000.avi",52040,"21:08:00",NA,"",NA,21.097,3.889,3570.323,0.931,NA,NA,-22.751,-71.338,-3569.538,1,"KelliiWood",0,"N/A",2018,"SSEO_33",38,NA,33,NA,NA,NA,"rockfish","rosethorn",150,150,27,"","","","",NA
"1236","SL_2018SSEO_Dive_33_20-39-00.000.avi",53639,"21:08:53",NA,"",NA,18.431,1.492,2959.108,21.294,NA,NA,-681.372,-844.85,-2752.868,1,"KelliiWood",0,"N/A",2018,"SSEO_33",38,NA,33,NA,NA,NA,"rockfish","rosethorn",150,150,28,"","","","",NA
"1237","SL_2018SSEO_Dive_33_20-39-00.000.avi",54515,"21:09:22",NA,"",NA,16.78,3.696,3109.734,4.035,NA,NA,-149.413,-175.503,-3101.181,1,"KelliiWood",0,"N/A",2018,"SSEO_33",38,NA,33,NA,NA,NA,"rockfish","rosethorn",150,150,29,"","","","",NA
"1238","SL_2018SSEO_Dive_33_20-39-00.000.avi",57502,"21:11:02",NA,"",NA,11.193,1.007,2494.612,7.304,NA,NA,-95.682,289.899,-2475.862,1,"KelliiWood",0,"N/A",2018,"SSEO_33",38,NA,33,NA,NA,NA,"rockfish","rosethorn",150,150,31,"","","","",NA
"1239","SL_2018SSEO_Dive_33_20-39-00.000.avi",68616,"21:17:12",NA,"",NA,32.577,0.431,4104.794,16.724,NA,NA,-1164.681,177.013,-3932.114,1,"KelliiWood",0,"N/A",2018,"SSEO_33",38,NA,33,NA,NA,NA,"rockfish","rosethorn",150,150,32,"","","","",NA
"1240","SL_2018SSEO_Dive_33_20-39-00.000.avi",70276,"21:18:08",NA,"",NA,33.634,6.458,4109.727,17.157,NA,NA,1156.269,344.735,-3928.62,1,"KelliiWood",0,"N/A",2018,"SSEO_33",38,NA,33,NA,NA,NA,"rockfish","rosethorn",150,150,33,"","","","",NA
"1241","SL_2018SSEO_Dive_33_20-39-00.000.avi",74698,"21:20:35",NA,"",NA,13.967,0.236,2588.818,17.812,NA,NA,560.514,-571.8,-2461.878,1,"KelliiWood",0,"N/A",2018,"SSEO_33",38,NA,33,NA,NA,NA,"rockfish","rosethorn",150,150,35,"","","","",NA
"1242","SL_2018SSEO_Dive_33_20-39-00.000.avi",77120,"21:21:56",NA,"",NA,10.137,0.167,2223.498,16.513,NA,NA,564.986,-293.956,-2130.334,1,"KelliiWood",0,"N/A",2018,"SSEO_33",38,NA,33,NA,NA,NA,"rockfish","dusky",172,172,36,"","","","",NA
