"","Filename","Frame","Time..HMS.","Period","Period.time..HMS.","Length..mm.","Precision..mm.","RMS..mm.","Range..mm.","Direction..deg.","Horz..Dir...deg.","Vert..Dir...deg.","Mid.X..mm.","Mid.Y..mm.","Mid.Z..mm.","OpCode","TapeReader","Depth","Comment","Year","Dive","Transect.Number","Dive.Type","X","X.1","X.2","X.3","Family","Genus","Species","Code","Number","Stage","Activity","Check.ID","Comment.1","Event.Time.HH.MM.SS"
"1","SL_2022_CSEO_Dive_01_08-41-43.000.avi",1440,"9:16:46",NA,NA,NA,3.154,3.418,1179.399,13.584,NA,NA,108.16,-259.599,-1145.378,1,"KelliiWood",135,"N/A",2022,1,20,"Line",NA,NA,NA,NA,"halibut","halibut",200,200,1,NA,NA,NA,"NO LENGTH - wrong direction",NA
"2","SL_2022_CSEO_Dive_01_08-41-43.000.avi",4552,"9:18:30",NA,NA,116.906,7.19,1.106,2261.643,1.915,11.358,21.909,71.948,-23.162,-2260.379,1,"KelliiWood",135,"N/A",2022,1,20,"Line",NA,NA,NA,NA,"crab","box crab",900,900,2,NA,NA,NA,"Caparace width taken",NA
"3","SL_2022_CSEO_Dive_01_08-41-43.000.avi",5217,"9:18:52",NA,NA,369.93,20.758,0.238,2466.059,24.441,22.099,12.098,999.203,206.684,-2245.066,1,"KelliiWood",135,"N/A",2022,1,20,"Line",NA,NA,NA,NA,"halibut","halibut",200,200,3,NA,NA,NA,"",NA
"4","SL_2022_CSEO_Dive_01_08-41-43.000.avi",5392,"9:18:58",NA,NA,373.076,25.769,3.414,2524.435,16.393,34.576,16.469,-653.196,284.533,-2421.807,1,"KelliiWood",135,"N/A",2022,1,20,"Line",NA,NA,NA,NA,"halibut","halibut",200,200,4,NA,NA,NA,"",NA
"5","SL_2022_CSEO_Dive_01_08-41-43.000.avi",6479,"9:19:34",NA,NA,NA,8.174,1.507,1897.405,22.961,NA,NA,-729.184,120.142,-1747.571,1,"KelliiWood",135,"N/A",2022,1,20,"Line",NA,NA,NA,NA,"halibut","halibut",200,200,5,NA,NA,NA,"NO LENGTH - wrong direction",NA
"6","SL_2022_CSEO_Dive_01_08-41-43.000.avi",7857,"9:20:20",NA,NA,NA,11.028,0.258,2227.119,14.728,NA,NA,-520.054,215.247,-2154.825,1,"KelliiWood",135,"N/A",2022,1,20,"Line",NA,NA,NA,NA,"halibut","halibut",200,200,6,NA,NA,NA,"NO LENGTH - wrong direction",NA
"7","SL_2022_CSEO_Dive_01_08-41-43.000.avi",10057,"9:21:33",NA,NA,NA,10.131,2.509,2156.999,29.034,NA,NA,-1037.715,130.495,-1886.468,1,"KelliiWood",135,"N/A",2022,1,20,"Line",NA,NA,NA,NA,"cod","Pacific tomcod",250,250,7,NA,NA,NA,"",NA
"8","SL_2022_CSEO_Dive_01_08-41-43.000.avi",10278,"9:21:41",NA,NA,NA,12.497,0.881,2300.314,20.542,NA,NA,-651.992,467.2,-2155.939,1,"KelliiWood",135,"N/A",2022,1,20,"Line",NA,NA,NA,NA,"cod","Pacific tomcod",250,250,8,NA,NA,NA,"",NA
"9","SL_2022_CSEO_Dive_01_08-41-43.000.avi",11262,"9:22:13",NA,NA,NA,9.408,1.164,2070.584,26.918,NA,NA,-936.442,34.959,-1846.394,1,"KelliiWood",135,"N/A",2022,1,20,"Line",NA,NA,NA,NA,"cod","Pacific tomcod",250,250,9,NA,NA,NA,"",NA
"10","SL_2022_CSEO_Dive_01_08-41-43.000.avi",12712,"9:23:02",NA,NA,NA,13.054,2.75,2398.459,25.123,NA,NA,-994.794,208.751,-2172.421,1,"KelliiWood",135,"N/A",2022,1,20,"Line",NA,NA,NA,NA,"halibut","halibut",200,200,10,NA,NA,NA,"NO LENGTH - wrong direction",NA
"11","SL_2022_CSEO_Dive_01_08-41-43.000.avi",14049,"9:23:46",NA,NA,237.877,15.374,4.155,1967.954,15.294,41.041,33.937,-453.193,253.102,-1898.262,1,"KelliiWood",135,"N/A",2022,1,20,"Line",NA,NA,NA,NA,"halibut","halibut",200,200,11,NA,NA,NA,"NO LENGTH - wrong direction",NA
"12","SL_2022_CSEO_Dive_01_08-41-43.000.avi",15526,"9:24:36",NA,NA,NA,17.577,0.236,2806.088,27.887,NA,NA,1269.629,322.744,-2481.534,1,"KelliiWood",135,"N/A",2022,1,20,"Line",NA,NA,NA,NA,"halibut","halibut",200,200,12,NA,NA,NA,"NO LENGTH - wrong direction",NA
"13","SL_2022_CSEO_Dive_01_08-41-43.000.avi",16446,"9:25:06",NA,NA,NA,12.86,1.469,2358.064,21.488,NA,NA,800.746,315.087,-2195.448,1,"KelliiWood",135,"N/A",2022,1,20,"Line",NA,NA,NA,NA,"halibut","halibut",200,200,13,NA,NA,NA,"NO LENGTH - wrong direction",NA
"14","SL_2022_CSEO_Dive_01_08-41-43.000.avi",17231,"9:25:32",NA,NA,123.907,23.672,1.898,2996.853,18.866,17.724,4.869,749.306,614.479,-2835.857,1,"KelliiWood",135,"N/A",2022,1,20,"Line",NA,NA,NA,NA,"crab","box crab",900,900,14,NA,NA,NA,"Carapace width taken",NA
"15","SL_2022_CSEO_Dive_01_08-41-43.000.avi",18688,"9:26:21",NA,NA,NA,11.207,0.907,2290.962,10.551,NA,NA,299.691,284.536,-2253.382,1,"KelliiWood",135,"N/A",2022,1,20,"Line",NA,NA,NA,NA,"halibut","halibut",200,200,15,NA,NA,NA,"NO LENGTH - wrong direction",NA
"16","SL_2022_CSEO_Dive_01_08-41-43.000.avi",19961,"9:27:03",NA,NA,NA,12.512,0.697,2380.133,13.129,NA,NA,-396.799,357.918,-2319.37,1,"KelliiWood",135,"N/A",2022,1,20,"Line",NA,NA,NA,NA,"cod","Pacific tomcod",250,250,16,NA,NA,NA,"",NA
"17","SL_2022_CSEO_Dive_01_08-41-43.000.avi",21339,"9:27:49",NA,NA,247.955,12.129,1.372,1876.11,19.672,23.39,8.055,-630.294,-40,-1766.612,1,"KelliiWood",135,"N/A",2022,1,20,"Line",NA,NA,NA,NA,"halibut","halibut",200,200,17,NA,NA,NA,"",NA
"18","SL_2022_CSEO_Dive_01_08-41-43.000.avi",21575,"9:27:57",NA,NA,NA,3.973,0.155,1344.577,12.282,NA,NA,49.863,-286.91,-1312.663,1,"KelliiWood",135,"N/A",2022,1,20,"Line",NA,NA,NA,NA,"flatfish","rex sole",125,125,18,NA,NA,NA,"",NA
"19","SL_2022_CSEO_Dive_01_08-41-43.000.avi",23817,"9:29:12",NA,NA,NA,11.488,1.911,2306.668,11.798,NA,NA,260.047,384.417,-2259.495,1,"KelliiWood",135,"N/A",2022,1,20,"Line",NA,NA,NA,NA,"cod","Pacific tomcod",250,250,19,NA,NA,NA,"",NA
"20","SL_2022_CSEO_Dive_01_08-41-43.000.avi",25928,"9:30:22",NA,NA,NA,9.161,0.561,2086.365,31.273,NA,NA,-1075.669,119.177,-1783.718,1,"KelliiWood",135,"N/A",2022,1,20,"Line",NA,NA,NA,NA,"halibut","halibut",200,200,20,NA,NA,NA,"NO LENGTH - wrong direction",NA
"21","SL_2022_CSEO_Dive_01_08-41-43.000.avi",32506,"9:34:02",NA,NA,248.265,4.386,1.924,1590.143,5.481,11.308,7.103,147.465,36.311,-1582.874,1,"KelliiWood",135,"N/A",2022,1,20,"Line",NA,NA,NA,NA,"halibut","halibut",200,200,21,NA,NA,NA,"",NA
"22","SL_2022_CSEO_Dive_01_08-41-43.000.avi",33647,"9:34:40",NA,NA,NA,6.689,1.705,1704.238,23.305,NA,NA,-659.754,-145.217,-1564.629,1,"KelliiWood",135,"N/A",2022,1,20,"Line",NA,NA,NA,NA,"halibut","halibut",200,200,22,NA,NA,NA,"NO LENGTH - wrong direction",NA
"23","SL_2022_CSEO_Dive_01_08-41-43.000.avi",34160,"9:34:57",NA,NA,191.169,8.841,4.694,1960.636,10.061,18.643,11.555,-21.842,341.827,-1930.485,1,"KelliiWood",135,"N/A",2022,1,20,"Line",NA,NA,NA,NA,"halibut","halibut",200,200,23,NA,NA,NA,"",NA
"24","SL_2022_CSEO_Dive_01_08-41-43.000.avi",34864,"9:35:20",NA,NA,299.668,21.425,1.443,2195.026,19.372,42.052,22.249,-700.063,200.1,-2070.751,1,"KelliiWood",135,"N/A",2022,1,20,"Line",NA,NA,NA,NA,"halibut","halibut",200,200,24,NA,NA,NA,"",NA
"25","SL_2022_CSEO_Dive_01_08-41-43.000.avi",43010,"9:39:52",NA,NA,NA,29.931,1.551,3808.326,12.649,NA,NA,44.69,817.853,-3719.203,1,"KelliiWood",135,"N/A",2022,1,20,"Line",NA,NA,NA,NA,"rockfish","redbanded",153,153,25,NA,NA,NA,"",NA
"26","SL_2022_CSEO_Dive_01_08-41-43.000.avi",43010,"9:39:52",NA,NA,NA,15.128,1.216,2707.092,8.53,NA,NA,307.003,248.09,-2678.162,1,"KelliiWood",135,"N/A",2022,1,20,"Line",NA,NA,NA,NA,"rockfish","redbanded",153,153,26,NA,NA,NA,"",NA
"27","SL_2022_CSEO_Dive_01_08-41-43.000.avi",43940,"9:40:23",NA,NA,291.872,10.589,0.346,2214.053,7.054,17.062,11.242,-31.545,270.055,-2197.296,1,"KelliiWood",135,"N/A",2022,1,20,"Line",NA,NA,NA,NA,"halibut","halibut",200,200,27,NA,NA,NA,"",NA
"28","SL_2022_CSEO_Dive_01_08-41-43.000.avi",44166,"9:40:30",NA,NA,NA,8.651,0.437,1975.298,23.313,NA,NA,781.554,8.88,-1814.083,1,"KelliiWood",135,"N/A",2022,1,20,"Line",NA,NA,NA,NA,"halibut","halibut",200,200,28,NA,NA,NA,"NO LENGTH - wrong direction",NA
"29","SL_2022_CSEO_Dive_01_08-41-43.000.avi",44756,"9:40:50",NA,NA,NA,9.956,0.656,2138.306,28.394,NA,NA,-1012.172,89.799,-1881.435,1,"KelliiWood",135,"N/A",2022,1,20,"Line",NA,NA,NA,NA,"halibut","halibut",200,200,29,NA,NA,NA,"NO LENGTH - wrong direction",NA
"30","SL_2022_CSEO_Dive_01_08-41-43.000.avi",46081,"9:41:34",NA,NA,274.456,15.535,1.6,2187.145,17.746,23.147,11.847,636.463,198.298,-2083.074,1,"KelliiWood",135,"N/A",2022,1,20,"Line",NA,NA,NA,NA,"halibut","halibut",200,200,30,NA,NA,NA,"",NA
"31","SL_2022_CSEO_Dive_01_08-41-43.000.avi",47178,"9:42:11",NA,NA,NA,5.383,0.141,1519.767,16.462,NA,NA,-320.082,-293.965,-1456.305,1,"KelliiWood",135,"N/A",2022,1,20,"Line",NA,NA,NA,NA,"halibut","halibut",200,200,31,NA,NA,NA,"NO LENGTH - wrong direction",NA
"32","SL_2022_CSEO_Dive_01_08-41-43.000.avi",49490,"9:43:28",NA,NA,NA,9.55,0.695,2102.549,28.39,NA,NA,993.611,102.78,-1850.105,1,"KelliiWood",135,"N/A",2022,1,20,"Line",NA,NA,NA,NA,"halibut","halibut",200,200,32,NA,NA,NA,"Partial view only",NA
"33","SL_2022_CSEO_Dive_01_08-41-43.000.avi",50511,"9:44:02",NA,NA,NA,15.612,0.055,2597.963,21.97,NA,NA,-915.868,315.718,-2410.585,1,"KelliiWood",135,"N/A",2022,1,20,"Line",NA,NA,NA,NA,"crab","box crab",900,900,33,NA,NA,NA,"",NA
"34","SL_2022_CSEO_Dive_01_08-41-43.000.avi",52696,"9:45:15",NA,NA,NA,6.009,3.199,1723.559,5.48,NA,NA,-94.509,127.896,-1716.207,1,"KelliiWood",135,"N/A",2022,1,20,"Line",NA,NA,NA,NA,"halibut","halibut",200,200,34,NA,NA,NA,"NO LENGTH - wrong direction",NA
"35","SL_2022_CSEO_Dive_01_08-41-43.000.avi",53518,"9:45:42",NA,NA,NA,23.804,0.713,3321.372,14.884,NA,NA,227.327,809.438,-3213.199,1,"KelliiWood",135,"N/A",2022,1,20,"Line",NA,NA,NA,NA,"crab","box crab",900,900,35,NA,NA,NA,"",NA
"36","SL_2022_CSEO_Dive_01_08-41-43.000.avi",53518,"9:45:42",NA,NA,NA,28.448,0.809,3486.214,27.004,NA,NA,-1432.106,661.868,-3108.808,1,"KelliiWood",135,"N/A",2022,1,20,"Line",NA,NA,NA,NA,"halibut","halibut",200,200,36,NA,NA,NA,"NO LENGTH - wrong direction",NA
"37","SL_2022_CSEO_Dive_01_08-41-43.000.avi",54209,"9:46:05",NA,NA,NA,11.488,1.438,2277.823,15.165,NA,NA,-566.501,175.93,-2199.228,1,"KelliiWood",135,"N/A",2022,1,20,"Line",NA,NA,NA,NA,"halibut","halibut",200,200,37,NA,NA,NA,"NO LENGTH - wrong direction",NA
"38","SL_2022_CSEO_Dive_01_08-41-43.000.avi",54978,"9:46:31",NA,NA,303.387,13.884,1.351,2137.309,12.573,24.867,21.718,-403.621,231.381,-2086.059,1,"KelliiWood",135,"N/A",2022,1,20,"Line",NA,NA,NA,NA,"halibut","halibut",200,200,38,NA,NA,NA,"",NA
"39","SL_2022_CSEO_Dive_01_08-41-43.000.avi",55365,"9:46:44",NA,NA,NA,12.538,4.121,2349.836,26.898,NA,NA,-1029.527,256.565,-2096.659,1,"KelliiWood",135,"N/A",2022,1,20,"Line",NA,NA,NA,NA,"halibut","halibut",200,200,39,NA,NA,NA,"NO LENGTH - wrong direction",NA
"40","SL_2022_CSEO_Dive_01_08-41-43.000.avi",55890,"9:47:01",NA,NA,NA,7.059,1.304,1875.382,5.569,NA,NA,81.851,155.064,-1867.167,1,"KelliiWood",135,"N/A",2022,1,20,"Line",NA,NA,NA,NA,"halibut","halibut",200,200,40,NA,NA,NA,"NO LENGTH - wrong direction",NA
"41","SL_2022_CSEO_Dive_01_08-41-43.000.avi",56117,"9:47:09",NA,NA,NA,13.741,0.042,2558.819,10.469,NA,NA,-181.295,418.061,-2517.918,1,"KelliiWood",135,"N/A",2022,1,20,"Line",NA,NA,NA,NA,"halibut","halibut",200,200,41,NA,NA,NA,"NO LENGTH - wrong direction",NA
"42","SL_2022_CSEO_Dive_01_08-41-43.000.avi",56117,"9:47:09",NA,NA,NA,12.424,0.06,2399.027,30.447,NA,NA,-1196.128,208.863,-2069.054,1,"KelliiWood",135,"N/A",2022,1,20,"Line",NA,NA,NA,NA,"halibut","halibut",200,200,42,NA,NA,NA,"NO LENGTH - wrong direction",NA
"43","SL_2022_CSEO_Dive_01_08-41-43.000.avi",56873,"9:47:34",NA,NA,NA,7.658,0.044,1953.898,5.537,NA,NA,126.776,131.759,-1945.324,1,"KelliiWood",135,"N/A",2022,1,20,"Line",NA,NA,NA,NA,"halibut","halibut",200,200,43,NA,NA,NA,"NO LENGTH - wrong direction",NA
"44","SL_2022_CSEO_Dive_01_08-41-43.000.avi",59258,"9:48:53",NA,NA,NA,8.705,0.252,1972.554,18.098,NA,NA,-604.208,94.601,-1875.354,1,"KelliiWood",135,"N/A",2022,1,20,"Line",NA,NA,NA,NA,"halibut","halibut",200,200,44,NA,NA,NA,"NO LENGTH - wrong direction",NA
"45","SL_2022_CSEO_Dive_01_08-41-43.000.avi",60140,"9:49:23",NA,NA,NA,8.651,0.437,1992.737,12.829,NA,NA,-416.74,140.898,-1943.573,1,"KelliiWood",135,"N/A",2022,1,20,"Line",NA,NA,NA,NA,"halibut","halibut",200,200,45,NA,NA,NA,"NO LENGTH - wrong direction",NA
"46","SL_2022_CSEO_Dive_01_08-41-43.000.avi",60654,"9:49:40",NA,NA,237.331,13.199,1.978,2112.314,25.813,3.702,5.954,-916.99,71.655,-1901.543,1,"KelliiWood",135,"N/A",2022,1,20,"Line",NA,NA,NA,NA,"halibut","halibut",200,200,46,NA,NA,NA,"",NA
"47","SL_2022_CSEO_Dive_01_08-41-43.000.avi",62161,"9:50:30",NA,NA,NA,4.102,0.451,1415.047,4.302,NA,NA,15.896,-110.6,-1410.629,1,"KelliiWood",135,"N/A",2022,1,20,"Line",NA,NA,NA,NA,"flatfish","rex sole",125,125,47,NA,NA,NA,"",NA
"48","SL_2022_CSEO_Dive_01_08-41-43.000.avi",64160,"9:51:37",NA,NA,368.918,17.439,1.244,1932.742,24.763,48.764,22.096,-809.565,-2.55,-1755.019,1,"KelliiWood",135,"N/A",2022,1,20,"Line",NA,NA,NA,NA,"halibut","halibut",200,200,48,NA,NA,NA,"",NA
"49","SL_2022_CSEO_Dive_01_08-41-43.000.avi",70315,"9:55:02",NA,NA,307.781,13.525,0.285,1926.696,16.472,29.234,16.803,541.716,70.677,-1847.622,1,"KelliiWood",135,"N/A",2022,1,20,"Line",NA,NA,NA,NA,"halibut","halibut",200,200,49,NA,NA,NA,"",NA
"50","SL_2022_CSEO_Dive_01_08-41-43.000.avi",70639,"9:55:13",NA,NA,NA,11.748,0.209,2367.844,11.004,NA,NA,-113.009,428.303,-2326.042,1,"KelliiWood",135,"N/A",2022,1,20,"Line",NA,NA,NA,NA,"crab","box crab",900,900,50,NA,NA,NA,"",NA
"51","SL_2022_CSEO_Dive_01_08-41-43.000.avi",75892,"9:58:08",NA,NA,322.729,19.462,0.919,1833.762,13.008,63.509,25.935,402.623,-90.849,-1786.707,1,"KelliiWood",135,"N/A",2022,1,20,"Line",NA,NA,NA,NA,"halibut","halibut",200,200,51,NA,NA,NA,"",NA
"52","SL_2022_CSEO_Dive_01_08-41-43.000.avi",76662,"9:58:33",NA,NA,NA,31.565,3.19,3646.467,28.771,NA,NA,-1399.049,1046.887,-3200.533,1,"KelliiWood",135,"N/A",2022,1,20,"Line",NA,NA,NA,NA,"cod","Pacific tomcod",250,250,52,NA,NA,NA,"",NA
"53","SL_2022_CSEO_Dive_02_11-04-25.000.avi",286,"11:18:10",NA,NA,NA,46.28,0.264,4408.749,24.73,NA,NA,1428.355,1150.815,-4009.051,1,"KelliiWood",125,"N/A",2022,2,19,"Line",NA,NA,NA,NA,"rockfish","canary",146,146,1,"","",NA,"",NA
"54","SL_2022_CSEO_Dive_02_11-04-25.000.avi",2576,"11:19:26",NA,NA,NA,48.624,1.682,4693.158,20.124,NA,NA,-339.628,1560.91,-4412.929,1,"KelliiWood",125,"N/A",2022,2,19,"Line",NA,NA,NA,NA,"rockfish","canary",146,146,2,"","",NA,"",NA
"55","SL_2022_CSEO_Dive_02_11-04-25.000.avi",4034,"11:20:14",NA,NA,NA,51.429,0.873,4808.424,30.542,NA,NA,-2318.292,755.592,-4144.339,1,"KelliiWood",125,"N/A",2022,2,19,"Line",NA,NA,NA,NA,"rockfish","rosethorn",150,150,3,"","",NA,"",NA
"56","SL_2022_CSEO_Dive_02_11-04-25.000.avi",6135,"11:21:24",NA,NA,NA,24.372,1.481,3233.687,28.841,NA,NA,-1385.669,704.946,-2835.437,1,"KelliiWood",125,"N/A",2022,2,19,"Line",NA,NA,NA,NA,"rockfish","canary",146,146,4,"","",NA,"",NA
"57","SL_2022_CSEO_Dive_02_11-04-25.000.avi",10123,"11:23:37",NA,NA,NA,5.399,0.338,1528.818,24.45,NA,NA,609.756,-174.672,-1391.033,1,"KelliiWood",125,"N/A",2022,2,19,"Line",NA,NA,NA,NA,"halibut","halibut",200,200,5,"","",NA,"NO LENGTH - Wrong direction",NA
"58","SL_2022_CSEO_Dive_02_11-04-25.000.avi",11484,"11:24:23",NA,NA,NA,6.517,2.035,1749.805,9.406,NA,NA,-218.899,177.125,-1727,1,"KelliiWood",125,"N/A",2022,2,19,"Line",NA,NA,NA,NA,"cod","Pacific tomcod",250,250,6,"","",NA,"",NA
"59","SL_2022_CSEO_Dive_02_11-04-25.000.avi",11740,"11:24:31",NA,NA,NA,44.39,0.922,4336.137,26.976,NA,NA,1639.756,1070.809,-3868.676,1,"KelliiWood",125,"N/A",2022,2,19,"Line",NA,NA,NA,NA,"rockfish","rosethorn",150,150,7,"","",NA,"",NA
"60","SL_2022_CSEO_Dive_02_11-04-25.000.avi",15764,"11:26:45",NA,NA,NA,26.792,0.709,3434.841,27.023,NA,NA,-1503.751,405.094,-3061.497,1,"KelliiWood",125,"N/A",2022,2,19,"Line",NA,NA,NA,NA,"rockfish","dusky",172,172,8,"","",NA,"",NA
"61","SL_2022_CSEO_Dive_02_11-04-25.000.avi",16143,"11:26:58",NA,NA,NA,40.656,2.494,4518.89,7.831,NA,NA,592.758,148.592,-4477.38,1,"KelliiWood",125,"N/A",2022,2,19,"Line",NA,NA,NA,NA,"rockfish","canary",146,146,9,"","",NA,"",NA
"62","SL_2022_CSEO_Dive_02_11-04-25.000.avi",17556,"11:27:45",NA,NA,NA,26.568,0.097,3373.543,28.002,NA,NA,-1424.367,680.759,-2981.366,1,"KelliiWood",125,"N/A",2022,2,19,"Line",NA,NA,NA,NA,"rockfish","rosethorn",150,150,10,"","",NA,"",NA
"63","SL_2022_CSEO_Dive_02_11-04-25.000.avi",18763,"11:28:25",NA,NA,NA,35.547,1.434,4035.819,31.589,NA,NA,1980.766,725.059,-3440.74,1,"KelliiWood",125,"N/A",2022,2,19,"Line",NA,NA,NA,NA,"rockfish","quillback",147,147,11,"","",NA,"",NA
"64","SL_2022_CSEO_Dive_02_11-04-25.000.avi",19432,"11:28:48",NA,NA,NA,55.129,1.018,4972.87,20.667,NA,NA,449.24,1678.025,-4659.598,1,"KelliiWood",125,"N/A",2022,2,19,"Line",NA,NA,NA,NA,"rockfish","silvergray",157,157,12,"","",NA,"",NA
"65","SL_2022_CSEO_Dive_02_11-04-25.000.avi",19723,"11:28:57",NA,NA,521.523,33.488,2.02,3252.208,16.098,29.909,29.83,-271.073,860.088,-3124.68,1,"KelliiWood",125,"N/A",2022,2,19,"Line",NA,NA,NA,NA,"rockfish","yelloweye",145,145,13,"AD","Fish milling/hovering",NA,"",NA
"66","SL_2022_CSEO_Dive_02_11-04-25.000.avi",19736,"11:28:58",NA,NA,NA,6.924,1.375,1720.269,24.366,NA,NA,282.655,-657.262,-1564.429,1,"KelliiWood",125,"N/A",2022,2,19,"Line",NA,NA,NA,NA,"rockfish","silvergray",157,157,14,"","",NA,"",NA
"67","SL_2022_CSEO_Dive_02_11-04-25.000.avi",20043,"11:29:08",NA,NA,NA,73.361,5.739,5573.926,30.507,NA,NA,-1853.794,2118.481,-4810.835,1,"KelliiWood",125,"N/A",2022,2,19,"Line",NA,NA,NA,NA,"rockfish","canary",146,146,15,"","",NA,"",NA
"68","SL_2022_CSEO_Dive_02_11-04-25.000.avi",26728,"11:32:51",NA,NA,NA,50.162,2.497,4829.779,33.025,NA,NA,-2474.642,880.899,-4053.015,1,"KelliiWood",125,"N/A",2022,2,19,"Line",NA,NA,NA,NA,"rockfish","rosethorn",150,150,16,"","",NA,"",NA
"69","SL_2022_CSEO_Dive_02_11-04-25.000.avi",28023,"11:33:34",NA,NA,NA,5.055,0.204,1473.854,19.373,NA,NA,-465.184,-156.005,-1389.789,1,"KelliiWood",125,"N/A",2022,2,19,"Line",NA,NA,NA,NA,"rockfish","rosethorn",150,150,17,"","",NA,"",NA
"70","SL_2022_CSEO_Dive_02_11-04-25.000.avi",30821,"11:35:07",NA,NA,NA,15.795,0.052,2723.646,32.738,NA,NA,1390.503,476.699,-2292.925,1,"KelliiWood",125,"N/A",2022,2,19,"Line",NA,NA,NA,NA,"halibut","halibut",200,200,18,"","",NA,"NO LENGTH - wrong direction",NA
"71","SL_2022_CSEO_Dive_02_11-04-25.000.avi",34350,"11:37:05",NA,NA,NA,17.04,1.214,2796.983,12.663,NA,NA,512.553,325.542,-2730.279,1,"KelliiWood",125,"N/A",2022,2,19,"Line",NA,NA,NA,NA,"rockfish","quillback",147,147,19,"","",NA,"",NA
"72","SL_2022_CSEO_Dive_02_11-04-25.000.avi",34935,"11:37:25",NA,NA,NA,43.076,2.158,4311.887,26.959,NA,NA,-1816.689,706.327,-3846.181,1,"KelliiWood",125,"N/A",2022,2,19,"Line",NA,NA,NA,NA,"rockfish","rosethorn",150,150,20,"","",NA,"",NA
"73","SL_2022_CSEO_Dive_02_11-04-25.000.avi",35266,"11:37:36",NA,NA,NA,24.722,0.181,3253.208,21.142,NA,NA,1018.123,571.17,-3036.536,1,"KelliiWood",125,"N/A",2022,2,19,"Line",NA,NA,NA,NA,"rockfish","rosethorn",150,150,21,"","",NA,"",NA
"74","SL_2022_CSEO_Dive_02_11-04-25.000.avi",36524,"11:38:17",NA,NA,NA,29.549,0.169,3526.534,24.018,NA,NA,1149.85,846.292,-3224.605,1,"KelliiWood",125,"N/A",2022,2,19,"Line",NA,NA,NA,NA,"rockfish","greenstripe",135,135,22,"","",NA,"",NA
"75","SL_2022_CSEO_Dive_02_11-04-25.000.avi",37880,"11:39:03",NA,NA,NA,98.408,3.478,6437.435,23.887,NA,NA,2047.058,1590.328,-5892.451,1,"KelliiWood",125,"N/A",2022,2,19,"Line",NA,NA,NA,NA,"rockfish","quillback",147,147,23,"","",NA,"",NA
"76","SL_2022_CSEO_Dive_02_11-04-25.000.avi",40609,"11:40:34",NA,NA,NA,91.534,1.538,6271.2,19.455,NA,NA,1462.332,1467.766,-5919.053,1,"KelliiWood",125,"N/A",2022,2,19,"Line",NA,NA,NA,NA,"rockfish","rosethorn",150,150,24,"","",NA,"",NA
"77","SL_2022_CSEO_Dive_02_11-04-25.000.avi",43143,"11:41:58",NA,NA,NA,42.048,1.423,4290.991,23.017,NA,NA,563.289,1564.595,-3955.674,1,"KelliiWood",125,"N/A",2022,2,19,"Line",NA,NA,NA,NA,"rockfish","silvergray",157,157,25,"","",NA,"",NA
"78","SL_2022_CSEO_Dive_02_11-04-25.000.avi",43671,"11:42:16",NA,NA,696.544,288.317,6.684,7470.395,20.155,54.84,16.955,-35.584,2573.82,-7012.916,1,"KelliiWood",125,"N/A",2022,2,19,"Line",NA,NA,NA,NA,"rockfish","yelloweye",145,145,26,"AD","Fish milling/hovering",NA,"Gravid female?",NA
"79","SL_2022_CSEO_Dive_02_11-04-25.000.avi",43881,"11:42:23",NA,NA,NA,88.099,3.287,6232.157,18.177,NA,NA,-900.576,1699.211,-5928.021,1,"KelliiWood",125,"N/A",2022,2,19,"Line",NA,NA,NA,NA,"rockfish","rosethorn",150,150,27,"","",NA,"",NA
"80","SL_2022_CSEO_Dive_02_11-04-25.000.avi",44869,"11:42:56",NA,NA,NA,72.325,1.734,5519.673,25.597,NA,NA,-2040.615,1214.13,-4982.827,1,"KelliiWood",125,"N/A",2022,2,19,"Line",NA,NA,NA,NA,"rockfish","canary",146,146,28,"","",NA,"",NA
"81","SL_2022_CSEO_Dive_02_11-04-25.000.avi",46817,"11:44:01",NA,NA,NA,39.299,3.226,4298.501,15.445,NA,NA,179.281,1114.013,-4147.764,1,"KelliiWood",125,"N/A",2022,2,19,"Line",NA,NA,NA,NA,"rockfish","rosethorn",150,150,29,"","",NA,"",NA
"82","SL_2022_CSEO_Dive_02_11-04-25.000.avi",47679,"11:44:29",NA,NA,NA,67.352,1.16,5372.66,29.393,NA,NA,2174.338,1472.976,-4687.01,1,"KelliiWood",125,"N/A",2022,2,19,"Line",NA,NA,NA,NA,"rockfish","rosethorn",150,150,30,"","",NA,"",NA
"83","SL_2022_CSEO_Dive_02_11-04-25.000.avi",48449,"11:44:55",NA,NA,NA,8.767,0.409,2141.892,1.805,NA,NA,-9.103,58.275,-2141.08,1,"KelliiWood",125,"N/A",2022,2,19,"Line",NA,NA,NA,NA,"halibut","halibut",200,200,31,"","",NA,"NO LENGTH - wrong angle",NA
"84","SL_2022_CSEO_Dive_02_11-04-25.000.avi",48683,"11:45:03",NA,NA,NA,31.451,3.465,3681.705,19.214,NA,NA,752.37,935.792,-3480.4,1,"KelliiWood",125,"N/A",2022,2,19,"Line",NA,NA,NA,NA,"rockfish","rosethorn",150,150,32,"","",NA,"",NA
"85","SL_2022_CSEO_Dive_02_11-04-25.000.avi",49335,"11:45:25",NA,NA,NA,55.1,1.879,4843.765,25.519,NA,NA,-1883.125,881.591,-4374.78,1,"KelliiWood",125,"N/A",2022,2,19,"Line",NA,NA,NA,NA,"rockfish","silvergray",157,157,33,"","",NA,"",NA
"86","SL_2022_CSEO_Dive_02_11-04-25.000.avi",49335,"11:45:25",NA,NA,NA,68.413,1.423,5398.228,21.23,NA,NA,-1673.136,990.716,-5035.868,1,"KelliiWood",125,"N/A",2022,2,19,"Line",NA,NA,NA,NA,"rockfish","silvergray",157,157,34,"","",NA,"",NA
"87","SL_2022_CSEO_Dive_02_11-04-25.000.avi",49629,"11:45:34",NA,NA,NA,42.382,2.8,4374.185,17.673,NA,NA,-410.741,1246.157,-4172.754,1,"KelliiWood",125,"N/A",2022,2,19,"Line",NA,NA,NA,NA,"rockfish","silvergray",157,157,35,"","",NA,"",NA
"88","SL_2022_CSEO_Dive_02_11-04-25.000.avi",52464,"11:47:09",NA,NA,NA,64.689,0.476,5436.822,16.709,NA,NA,459.562,1473.221,-5213.201,1,"KelliiWood",125,"N/A",2022,2,19,"Line",NA,NA,NA,NA,"rockfish","rosethorn",150,150,36,"","",NA,"",NA
"89","SL_2022_CSEO_Dive_02_11-04-25.000.avi",52601,"11:47:13",NA,NA,381.018,43.628,2.138,3799.434,32.062,24.285,8.158,-1460.082,1391.357,-3219.936,1,"KelliiWood",125,"N/A",2022,2,19,"Line",NA,NA,NA,NA,"rockfish","yelloweye",145,145,37,"SU","Fish milling/hovering",NA,"",NA
"90","SL_2022_CSEO_Dive_02_11-04-25.000.avi",54543,"11:48:18",NA,NA,NA,18.507,1.506,2886.241,26.655,NA,NA,1269.654,243.751,-2580.494,1,"KelliiWood",125,"N/A",2022,2,19,"Line",NA,NA,NA,NA,"halibut","halibut",200,200,38,"","",NA,"NO LENGTH - no full picture",NA
"91","SL_2022_CSEO_Dive_02_11-04-25.000.avi",54871,"11:48:29",NA,NA,677.028,40.589,0.381,3946.696,19.742,9.083,8.478,-1313.31,229.202,-3714.713,1,"KelliiWood",125,"N/A",2022,2,19,"Line",NA,NA,NA,NA,"halibut","halibut",200,200,39,"","",NA,"",NA
"92","SL_2022_CSEO_Dive_02_11-04-25.000.avi",55018,"11:48:34",NA,NA,NA,39.712,2.726,4233.859,14.527,NA,NA,-599.52,860.196,-4101.976,1,"KelliiWood",125,"N/A",2022,2,19,"Line",NA,NA,NA,NA,"rockfish","rosethorn",150,150,40,"","",NA,"",NA
"93","SL_2022_CSEO_Dive_02_11-04-25.000.avi",56203,"11:49:13",NA,NA,NA,12.748,0.939,2444.869,13.586,NA,NA,573.891,12.301,-2376.527,1,"KelliiWood",125,"N/A",2022,2,19,"Line",NA,NA,NA,NA,"rockfish","rosethorn",150,150,41,"","",NA,"",NA
"94","SL_2022_CSEO_Dive_02_11-04-25.000.avi",56501,"11:49:23",NA,NA,NA,6.545,3.509,1717.246,15.151,NA,NA,-118.884,-439.435,-1655.807,1,"KelliiWood",125,"N/A",2022,2,19,"Line",NA,NA,NA,NA,"shrimp","spot",965,965,42,"","",NA,"BIG GIANT SPOT PRAWN!",NA
"95","SL_2022_CSEO_Dive_02_11-04-25.000.avi",58448,"11:50:28",NA,NA,NA,37.703,2.53,4005.869,28.528,NA,NA,983.482,1626.912,-3526.032,1,"KelliiWood",125,"N/A",2022,2,19,"Line",NA,NA,NA,NA,"rockfish","silvergray",157,157,43,"","",NA,"",NA
"96","SL_2022_CSEO_Dive_02_11-04-25.000.avi",58718,"11:50:37",NA,NA,NA,7.389,0.073,1841.94,14.431,NA,NA,458.922,-17.805,-1783.765,1,"KelliiWood",125,"N/A",2022,2,19,"Line",NA,NA,NA,NA,"rockfish","rosethorn",150,150,44,"","",NA,"",NA
"97","SL_2022_CSEO_Dive_02_11-04-25.000.avi",60069,"11:51:22",NA,NA,NA,26.878,5.328,3443.7,28.217,NA,NA,-1556.889,464.455,-3036.354,1,"KelliiWood",125,"N/A",2022,2,19,"Line",NA,NA,NA,NA,"rockfish","silvergray",157,157,45,"","",NA,"",NA
"98","SL_2022_CSEO_Dive_02_11-04-25.000.avi",60922,"11:51:51",NA,NA,NA,22.097,2.083,3248.531,12.265,NA,NA,-688.128,39.681,-3174.564,1,"KelliiWood",125,"N/A",2022,2,19,"Line",NA,NA,NA,NA,"rockfish","rosethorn",150,150,46,"","",NA,"",NA
"99","SL_2022_CSEO_Dive_02_11-04-25.000.avi",60945,"11:51:52",NA,NA,NA,52.424,3.502,4890.457,32.218,NA,NA,2375.664,1057.721,-4141.741,1,"KelliiWood",125,"N/A",2022,2,19,"Line",NA,NA,NA,NA,"rockfish","silvergray",157,157,47,"","",NA,"",NA
"100","SL_2022_CSEO_Dive_02_11-04-25.000.avi",61995,"11:52:26",NA,NA,NA,21.286,1.116,3157.238,32.136,NA,NA,-1626.814,406.386,-2675.16,1,"KelliiWood",125,"N/A",2022,2,19,"Line",NA,NA,NA,NA,"rockfish","rosethorn",150,150,48,"","",NA,"",NA
"101","SL_2022_CSEO_Dive_02_11-04-25.000.avi",62861,"11:52:55",NA,NA,NA,47.419,3.333,4551.614,31.69,NA,NA,1919.633,1409.997,-3878.674,1,"KelliiWood",125,"N/A",2022,2,19,"Line",NA,NA,NA,NA,"rockfish","silvergray",157,157,49,"","",NA,"",NA
"102","SL_2022_CSEO_Dive_02_11-04-25.000.avi",64069,"11:53:36",NA,NA,NA,37.144,2.454,4167.944,34.031,NA,NA,-2139.025,916.385,-3457.827,1,"KelliiWood",125,"N/A",2022,2,19,"Line",NA,NA,NA,NA,"rockfish","rosethorn",150,150,50,"","",NA,"",NA
"103","SL_2022_CSEO_Dive_02_11-04-25.000.avi",67834,"11:55:41",NA,NA,NA,40.902,3.602,4150.401,24.825,NA,NA,-1494.554,880.858,-3770.441,1,"KelliiWood",125,"N/A",2022,2,19,"Line",NA,NA,NA,NA,"rockfish","rosethorn",150,150,51,"","",NA,"",NA
"104","SL_2022_CSEO_Dive_02_11-04-25.000.avi",69925,"11:56:51",NA,NA,NA,35.901,1.332,4145.158,13.162,NA,NA,-146.962,916.179,-4039.969,1,"KelliiWood",125,"N/A",2022,2,19,"Line",NA,NA,NA,NA,"rockfish","rosethorn",150,150,52,"","",NA,"",NA
"105","SL_2022_CSEO_Dive_02_11-04-25.000.avi",71906,"11:57:57",NA,NA,NA,18.508,0.312,2958.752,12.357,NA,NA,175.523,596.816,-2892.614,1,"KelliiWood",125,"N/A",2022,2,19,"Line",NA,NA,NA,NA,"rockfish","rosethorn",150,150,53,"","",NA,"",NA
"106","SL_2022_CSEO_Dive_02_11-04-25.000.avi",76262,"12:00:22",NA,NA,NA,86.578,2.214,6192.462,22.98,NA,NA,-666.751,2301.04,-5710.275,1,"KelliiWood",125,"N/A",2022,2,19,"Line",NA,NA,NA,NA,"rockfish","silvergray",157,157,54,"","",NA,"",NA
"107","SL_2022_CSEO_Dive_02_11-04-25.000.avi",77824,"12:01:14",NA,NA,NA,48.311,2.813,4494.087,26.997,NA,NA,-1291.655,1563.054,-4010.65,1,"KelliiWood",125,"N/A",2022,2,19,"Line",NA,NA,NA,NA,"rockfish","rosethorn",150,150,55,"","",NA,"",NA
"108","SL_2022_CSEO_Dive_02_11-04-25.000.avi",79391,"12:02:06",NA,NA,NA,62.676,3.36,5130.538,25.216,NA,NA,-1831.11,1174.957,-4646.39,1,"KelliiWood",125,"N/A",2022,2,19,"Line",NA,NA,NA,NA,"rockfish","rosethorn",150,150,56,"","",NA,"",NA
"109","SL_2022_CSEO_Dive_03_12-54-47.000.avi",4354,"13:06:32",NA,NA,NA,16.686,2.882,2852.314,31.25,NA,NA,1475.896,-115.784,-2438.036,1,"KelliiWood",95,"N/A",2022,3,17,"Line",NA,NA,NA,NA,"rockfish","rosethorn",150,150,1,"","",NA,"",NA
"110","SL_2022_CSEO_Dive_03_12-54-47.000.avi",5101,"13:06:57",NA,NA,NA,22.48,0.054,3250.636,16.819,NA,NA,30.24,927.613,-3115.325,1,"KelliiWood",95,"N/A",2022,3,17,"Line",NA,NA,NA,NA,"rockfish","rosethorn",150,150,2,"","",NA,"",NA
"111","SL_2022_CSEO_Dive_03_12-54-47.000.avi",5368,"13:07:06",NA,NA,NA,91.231,3.794,6252.43,25.658,NA,NA,1206.481,2401.039,-5645.555,1,"KelliiWood",95,"N/A",2022,3,17,"Line",NA,NA,NA,NA,"rockfish","rosethorn",150,150,3,"","",NA,"",NA
"112","SL_2022_CSEO_Dive_03_12-54-47.000.avi",6508,"13:07:44",NA,NA,NA,66.837,2.357,5538.34,27.991,NA,NA,2559.434,434.147,-4892.241,1,"KelliiWood",95,"N/A",2022,3,17,"Line",NA,NA,NA,NA,"rockfish","rosethorn",150,150,4,"","",NA,"",NA
"113","SL_2022_CSEO_Dive_03_12-54-47.000.avi",8110,"13:08:37",NA,NA,NA,36.379,1.101,3968.4,24.998,NA,NA,-1585.977,530.633,-3598.792,1,"KelliiWood",95,"N/A",2022,3,17,"Line",NA,NA,NA,NA,"rockfish","rosethorn",150,150,5,"","",NA,"",NA
"114","SL_2022_CSEO_Dive_03_12-54-47.000.avi",9289,"13:09:17",NA,NA,NA,19.655,0.139,3027.755,27.842,NA,NA,1409.136,107.128,-2677.715,1,"KelliiWood",95,"N/A",2022,3,17,"Line",NA,NA,NA,NA,"rockfish","rosethorn",150,150,6,"","",NA,"",NA
"115","SL_2022_CSEO_Dive_03_12-54-47.000.avi",9350,"13:09:19",NA,NA,NA,20.095,1.097,3027.943,13.344,NA,NA,591.601,360.209,-2947.66,1,"KelliiWood",95,"N/A",2022,3,17,"Line",NA,NA,NA,NA,"rockfish","rosethorn",150,150,7,"","",NA,"",NA
"116","SL_2022_CSEO_Dive_03_12-54-47.000.avi",9975,"13:09:40",NA,NA,NA,36.444,0.511,4002.253,16.531,NA,NA,-737.543,852.267,-3840.273,1,"KelliiWood",95,"N/A",2022,3,17,"Line",NA,NA,NA,NA,"rockfish","rosethorn",150,150,8,"","",NA,"",NA
"117","SL_2022_CSEO_Dive_03_12-54-47.000.avi",12104,"13:10:50",NA,NA,NA,11.991,1.059,2387.369,9.675,NA,NA,-341.294,201.525,-2354.237,1,"KelliiWood",95,"N/A",2022,3,17,"Line",NA,NA,NA,NA,"rockfish","rosethorn",150,150,9,"","",NA,"",NA
"118","SL_2022_CSEO_Dive_03_12-54-47.000.avi",13722,"13:11:44",NA,NA,NA,22.491,0.919,3232.343,11.414,NA,NA,556.493,-328.124,-3167.127,1,"KelliiWood",95,"N/A",2022,3,17,"Line",NA,NA,NA,NA,"rockfish","rosethorn",150,150,10,"","",NA,"",NA
"119","SL_2022_CSEO_Dive_03_12-54-47.000.avi",14213,"13:12:01",NA,NA,NA,46.281,0.872,4584.837,32.998,NA,NA,-2250.41,1066.462,-3849.552,1,"KelliiWood",95,"N/A",2022,3,17,"Line",NA,NA,NA,NA,"rockfish","tiger",148,148,11,"","",NA,"",NA
"120","SL_2022_CSEO_Dive_03_12-54-47.000.avi",14603,"13:12:14",NA,NA,579.379,117.496,1.813,5806.376,29.677,32.843,20.505,-2191.314,1860.774,-5044.766,1,"KelliiWood",95,"N/A",2022,3,17,"Line",NA,NA,NA,NA,"rockfish","yelloweye",145,145,12,"AD","Fish milling/hovering",NA,"",NA
"121","SL_2022_CSEO_Dive_03_12-54-47.000.avi",14954,"13:12:25",NA,NA,NA,34.983,1.086,4009.83,34.724,NA,NA,1823.53,1362.239,-3301.179,1,"KelliiWood",95,"N/A",2022,3,17,"Line",NA,NA,NA,NA,"rockfish","silvergray",157,157,13,"","",NA,"",NA
"122","SL_2022_CSEO_Dive_03_12-54-47.000.avi",15746,"13:12:52",NA,NA,NA,48.674,1.347,4618.966,16.655,NA,NA,-994.562,855.986,-4428.655,1,"KelliiWood",95,"N/A",2022,3,17,"Line",NA,NA,NA,NA,"rockfish","rosethorn",150,150,14,"","",NA,"",NA
"123","SL_2022_CSEO_Dive_03_12-54-47.000.avi",15982,"13:13:00",NA,NA,NA,50.919,3.474,4867.811,17.81,NA,NA,-196.539,1457.256,-4640.405,1,"KelliiWood",95,"N/A",2022,3,17,"Line",NA,NA,NA,NA,"rockfish","rosethorn",150,150,15,"","",NA,"",NA
"124","SL_2022_CSEO_Dive_03_12-54-47.000.avi",16343,"13:13:12",NA,NA,NA,11.007,2.457,2197.802,30.768,NA,NA,976.002,-565.706,-1886.195,1,"KelliiWood",95,"N/A",2022,3,17,"Line",NA,NA,NA,NA,"rockfish","rosethorn",150,150,16,"","",NA,"",NA
"125","SL_2022_CSEO_Dive_03_12-54-47.000.avi",18565,"13:14:26",NA,NA,NA,50.61,1.981,4712.038,30.186,NA,NA,2100.529,1079.653,-4077.429,1,"KelliiWood",95,"N/A",2022,3,17,"Line",NA,NA,NA,NA,"rockfish","rosethorn",150,150,17,"","",NA,"",NA
"126","SL_2022_CSEO_Dive_03_12-54-47.000.avi",22167,"13:16:26",NA,NA,NA,44.567,4.434,4461.138,28.016,NA,NA,-2034.605,485.514,-3940.357,1,"KelliiWood",95,"N/A",2022,3,17,"Line",NA,NA,NA,NA,"rockfish","rosethorn",150,150,18,"","",NA,"",NA
"127","SL_2022_CSEO_Dive_03_12-54-47.000.avi",23028,"13:16:55",NA,NA,NA,34.478,0.063,3857.775,18.799,NA,NA,815.237,923.902,-3655.711,1,"KelliiWood",95,"N/A",2022,3,17,"Line",NA,NA,NA,NA,"rockfish","rosethorn",150,150,19,"","",NA,"",NA
"128","SL_2022_CSEO_Dive_03_12-54-47.000.avi",24042,"13:17:28",NA,NA,NA,18.421,5.084,2825.991,31.427,NA,NA,1094.096,-996.624,-2407.472,1,"KelliiWood",95,"N/A",2022,3,17,"Line",NA,NA,NA,NA,"rockfish","rosethorn",150,150,20,"","",NA,"",NA
"129","SL_2022_CSEO_Dive_03_12-54-47.000.avi",25103,"13:18:04",NA,NA,NA,5.613,1.348,1576.505,33.253,NA,NA,621.591,-606.04,-1315.944,1,"KelliiWood",95,"N/A",2022,3,17,"Line",NA,NA,NA,NA,"rockfish","rosethorn",150,150,21,"","",NA,"",NA
"130","SL_2022_CSEO_Dive_03_12-54-47.000.avi",25871,"13:18:29",NA,NA,NA,57.731,0.293,5167.767,16.562,NA,NA,324.775,1416.991,-4959.08,1,"KelliiWood",95,"N/A",2022,3,17,"Line",NA,NA,NA,NA,"rockfish","rosethorn",150,150,22,"","",NA,"",NA
"131","SL_2022_CSEO_Dive_03_12-54-47.000.avi",26597,"13:18:54",NA,NA,NA,24.41,1.889,3316.395,25.195,NA,NA,-1399.802,171.448,-3001.606,1,"KelliiWood",95,"N/A",2022,3,17,"Line",NA,NA,NA,NA,"rockfish","rosethorn",150,150,23,"","",NA,"",NA
"132","SL_2022_CSEO_Dive_03_12-54-47.000.avi",27275,"13:19:16",NA,NA,NA,75.508,2.609,5672.142,23.266,NA,NA,1173.227,1887.904,-5218.482,1,"KelliiWood",95,"N/A",2022,3,17,"Line",NA,NA,NA,NA,"rockfish","rosethorn",150,150,24,"","",NA,"",NA
"133","SL_2022_CSEO_Dive_03_12-54-47.000.avi",29836,"13:20:42",NA,NA,NA,40.27,3.212,4128.099,21.403,NA,NA,-980.121,1128.654,-3847.948,1,"KelliiWood",95,"N/A",2022,3,17,"Line",NA,NA,NA,NA,"rockfish","dusky",172,172,25,"","",NA,"",NA
"134","SL_2022_CSEO_Dive_03_12-54-47.000.avi",30097,"13:20:50",NA,NA,NA,6.427,0.217,1639.633,25.492,NA,NA,568.713,411.861,-1481.666,1,"KelliiWood",95,"N/A",2022,3,17,"Line",NA,NA,NA,NA,"rockfish","dusky",172,172,26,"","",NA,"",NA
"135","SL_2022_CSEO_Dive_03_12-54-47.000.avi",30612,"13:21:07",NA,NA,NA,22.886,0.467,3256.683,34.877,NA,NA,-1598.994,943.803,-2675.526,1,"KelliiWood",95,"N/A",2022,3,17,"Line",NA,NA,NA,NA,"rockfish","rosethorn",150,150,27,"","",NA,"",NA
"136","SL_2022_CSEO_Dive_03_12-54-47.000.avi",32668,"13:22:16",NA,NA,NA,32.09,0.287,3840.341,13.81,NA,NA,841.55,348.629,-3730.746,1,"KelliiWood",95,"N/A",2022,3,17,"Line",NA,NA,NA,NA,"rockfish","rosethorn",150,150,28,"","",NA,"",NA
"137","SL_2022_CSEO_Dive_03_12-54-47.000.avi",34834,"13:23:28",NA,NA,NA,27.506,4.353,3628.047,9.728,NA,NA,-569.19,-241.985,-3574.94,1,"KelliiWood",95,"N/A",2022,3,17,"Line",NA,NA,NA,NA,"rockfish","rosethorn",150,150,29,"","",NA,"",NA
"138","SL_2022_CSEO_Dive_03_12-54-47.000.avi",35904,"13:24:04",NA,NA,NA,74.648,2.371,5686.282,18.623,NA,NA,-1541.124,938.688,-5392.365,1,"KelliiWood",95,"N/A",2022,3,17,"Line",NA,NA,NA,NA,"rockfish","rosethorn",150,150,30,"","",NA,"",NA
"139","SL_2022_CSEO_Dive_03_12-54-47.000.avi",36074,"13:24:09",NA,NA,NA,38.651,1.915,4156.459,27.729,NA,NA,-1884.047,421.723,-3680.852,1,"KelliiWood",95,"N/A",2022,3,17,"Line",NA,NA,NA,NA,"rockfish","rosethorn",150,150,31,"","",NA,"",NA
"140","SL_2022_CSEO_Dive_03_12-54-47.000.avi",36074,"13:24:09",NA,NA,NA,86.025,3.205,6283.893,19.326,NA,NA,365.807,2023.416,-5937.952,1,"KelliiWood",95,"N/A",2022,3,17,"Line",NA,NA,NA,NA,"rockfish","canary",146,146,32,"","",NA,"",NA
"141","SL_2022_CSEO_Dive_03_12-54-47.000.avi",36382,"13:24:20",NA,NA,444.737,114.37,4.976,5767.023,23.012,33.079,21.592,-938.765,2049.754,-5308.087,1,"KelliiWood",95,"N/A",2022,3,17,"Line",NA,NA,NA,NA,"rockfish","yelloweye",145,145,33,"AD","Fish milling/hovering",NA,"",NA
"142","SL_2022_CSEO_Dive_03_12-54-47.000.avi",37626,"13:25:01",NA,NA,NA,159.582,3.554,8518.299,33.355,NA,NA,-4154.585,2133.692,-7123.777,1,"KelliiWood",95,"N/A",2022,3,17,"Line",NA,NA,NA,NA,"rockfish","rosethorn",150,150,34,"","",NA,"",NA
"143","SL_2022_CSEO_Dive_03_12-54-47.000.avi",37870,"13:25:09",NA,NA,NA,48.376,4.747,4669.087,32.938,NA,NA,2159.423,1319.229,-3923.889,1,"KelliiWood",95,"N/A",2022,3,17,"Line",NA,NA,NA,NA,"rockfish","rosethorn",150,150,35,"","",NA,"",NA
"144","SL_2022_CSEO_Dive_03_12-54-47.000.avi",38732,"13:25:38",NA,NA,NA,46.215,2.86,4474.748,22.799,NA,NA,-678.473,1579.218,-4131.478,1,"KelliiWood",95,"N/A",2022,3,17,"Line",NA,NA,NA,NA,"rockfish","rosethorn",150,150,36,"","",NA,"",NA
"145","SL_2022_CSEO_Dive_03_12-54-47.000.avi",42094,"13:27:30",NA,NA,NA,28.955,1.476,3575.2,16.159,NA,NA,-617.36,766.515,-3437.06,1,"KelliiWood",95,"N/A",2022,3,17,"Line",NA,NA,NA,NA,"rockfish","rosethorn",150,150,37,"","",NA,"",NA
"146","SL_2022_CSEO_Dive_03_12-54-47.000.avi",43712,"13:28:24",NA,NA,NA,39.284,0.295,4245.895,23.764,NA,NA,174.745,1686.422,-3892.694,1,"KelliiWood",95,"N/A",2022,3,17,"Line",NA,NA,NA,NA,"rockfish","rosethorn",150,150,38,"","",NA,"",NA
"147","SL_2022_CSEO_Dive_03_12-54-47.000.avi",44544,"13:28:52",NA,NA,NA,44.066,3.052,4581.782,14.131,NA,NA,158.848,1089.43,-4447.542,1,"KelliiWood",95,"N/A",2022,3,17,"Line",NA,NA,NA,NA,"rockfish","rosethorn",150,150,39,"","",NA,"",NA
"148","SL_2022_CSEO_Dive_03_12-54-47.000.avi",45100,"13:29:10",NA,NA,NA,16.918,0.617,2797.336,15.202,NA,NA,730.207,-80.317,-2699.155,1,"KelliiWood",95,"N/A",2022,3,17,"Line",NA,NA,NA,NA,"rockfish","rosethorn",150,150,40,"","",NA,"",NA
"149","SL_2022_CSEO_Dive_03_12-54-47.000.avi",45446,"13:29:22",NA,NA,NA,19.74,1.539,2958.129,19.377,NA,NA,-961.335,-208.926,-2789.751,1,"KelliiWood",95,"N/A",2022,3,17,"Line",NA,NA,NA,NA,"rockfish","rosethorn",150,150,41,"","",NA,"",NA
"150","SL_2022_CSEO_Dive_03_12-54-47.000.avi",45614,"13:29:27",NA,NA,677.544,28.468,2.278,3177.973,20.536,12.155,10.596,1108.208,121.451,-2976.011,1,"KelliiWood",95,"N/A",2022,3,17,"Line",NA,NA,NA,NA,"halibut","halibut",200,200,42,"","",NA,"",NA
"151","SL_2022_CSEO_Dive_03_12-54-47.000.avi",47970,"13:30:46",NA,NA,NA,27.119,2.63,3397.86,20.09,NA,NA,-928.103,694.959,-3193.917,1,"KelliiWood",95,"N/A",2022,3,17,"Line",NA,NA,NA,NA,"rockfish","rosethorn",150,150,43,"","",NA,"",NA
"152","SL_2022_CSEO_Dive_03_12-54-47.000.avi",48738,"13:31:12",NA,NA,NA,19.731,0.022,2927.924,17.594,NA,NA,-787.268,-415.457,-2789.326,1,"KelliiWood",95,"N/A",2022,3,17,"Line",NA,NA,NA,NA,"rockfish","rosethorn",150,150,44,"","",NA,"",NA
"153","SL_2022_CSEO_Dive_03_12-54-47.000.avi",50291,"13:32:03",NA,NA,NA,53.259,0.633,4876.786,21.179,NA,NA,471.834,1679.331,-4554.147,1,"KelliiWood",95,"N/A",2022,3,17,"Line",NA,NA,NA,NA,"rockfish","rosethorn",150,150,45,"","",NA,"",NA
"154","SL_2022_CSEO_Dive_03_12-54-47.000.avi",50758,"13:32:19",NA,NA,NA,22.945,0.458,3323.519,10.263,NA,NA,-219.695,536.753,-3272.523,1,"KelliiWood",95,"N/A",2022,3,17,"Line",NA,NA,NA,NA,"rockfish","rosethorn",150,150,46,"","",NA,"",NA
"155","SL_2022_CSEO_Dive_03_12-54-47.000.avi",50833,"13:32:21",NA,NA,NA,42.423,1.408,4239.151,24.743,NA,NA,1514.587,908.766,-3853.644,1,"KelliiWood",95,"N/A",2022,3,17,"Line",NA,NA,NA,NA,"greenling","lingcod",130,130,47,"","",NA,"NO LENGTH - Partial view only",NA
"156","SL_2022_CSEO_Dive_03_12-54-47.000.avi",53730,"13:33:58",NA,NA,NA,18.794,1.454,3082.217,6.667,NA,NA,121.104,324.446,-3062.7,1,"KelliiWood",95,"N/A",2022,3,17,"Line",NA,NA,NA,NA,"rockfish","rosethorn",150,150,48,"","",NA,"",NA
"157","SL_2022_CSEO_Dive_03_12-54-47.000.avi",54142,"13:34:12",NA,NA,NA,44.578,1.262,4443.124,15.655,NA,NA,-862.738,815.415,-4281.604,1,"KelliiWood",95,"N/A",2022,3,17,"Line",NA,NA,NA,NA,"rockfish","rosethorn",150,150,49,"","",NA,"",NA
"158","SL_2022_CSEO_Dive_03_12-54-47.000.avi",54241,"13:34:15",NA,NA,444.303,37.775,2.432,3259.888,24.633,37.632,33.299,-613.341,1212.441,-2963.22,1,"KelliiWood",95,"N/A",2022,3,17,"Line",NA,NA,NA,NA,"rockfish","black",142,142,50,"","",NA,"",NA
"159","SL_2022_CSEO_Dive_03_12-54-47.000.avi",54260,"13:34:16",NA,NA,NA,23.126,1.077,3330.537,10.144,NA,NA,-568.805,-156.411,-3277.876,1,"KelliiWood",95,"N/A",2022,3,17,"Line",NA,NA,NA,NA,"rockfish","rosethorn",150,150,51,"","",NA,"",NA
"160","SL_2022_CSEO_Dive_03_12-54-47.000.avi",55415,"13:34:54",NA,NA,NA,2.916,1.029,1112.834,23.286,NA,NA,141.615,-420.598,-1020.511,1,"KelliiWood",95,"N/A",2022,3,17,"Line",NA,NA,NA,NA,"rockfish","black",142,142,52,"","",NA,"NO LENGTH - partial view only",NA
"161","SL_2022_CSEO_Dive_03_12-54-47.000.avi",55539,"13:34:58",NA,NA,500.069,42.828,2.675,3824.357,25.644,24.838,10.046,-871.239,1407.245,-3447.654,1,"KelliiWood",95,"N/A",2022,3,17,"Line",NA,NA,NA,NA,"rockfish","black",142,142,53,"","",NA,"",NA
"162","SL_2022_CSEO_Dive_03_12-54-47.000.avi",55844,"13:35:08",NA,NA,NA,4.31,0.458,1339.87,28.702,NA,NA,-484.961,418.245,-1176.918,1,"KelliiWood",95,"N/A",2022,3,17,"Line",NA,NA,NA,NA,"rockfish","yellowtail",155,155,54,"","",NA,"",NA
"163","SL_2022_CSEO_Dive_03_12-54-47.000.avi",55939,"13:35:12",NA,NA,NA,39.144,0.213,4302.205,13.102,NA,NA,-957.908,166.323,-4190.908,1,"KelliiWood",95,"N/A",2022,3,17,"Line",NA,NA,NA,NA,"rockfish","yelloweye",145,145,55,"JV","",NA,"NO LENGTH - partial view only",NA
"164","SL_2022_CSEO_Dive_03_12-54-47.000.avi",56099,"13:35:17",NA,NA,NA,33.836,0.99,3949.659,33.929,NA,NA,-1972.381,971.64,-3281.073,1,"KelliiWood",95,"N/A",2022,3,17,"Line",NA,NA,NA,NA,"rockfish","yelloweye",145,145,56,"JV","",NA,"NO LENGTH - partial view only",NA
"165","SL_2022_CSEO_Dive_03_12-54-47.000.avi",56452,"13:35:29",NA,NA,578.871,34.299,0.334,3875.04,23.107,14.233,50.785,462.028,1448.843,-3564.172,1,"KelliiWood",95,"N/A",2022,3,17,"Line",NA,NA,NA,NA,"rockfish","yelloweye",145,145,57,"AD","Fish milling/hovering",NA,"",NA
"166","SL_2022_CSEO_Dive_03_12-54-47.000.avi",56716,"13:35:38",NA,NA,NA,17.879,0.201,2912.359,11.362,NA,NA,562.763,-123.222,-2854.812,1,"KelliiWood",95,"N/A",2022,3,17,"Line",NA,NA,NA,NA,"rockfish","black",142,142,59,"","",NA,"",NA
"167","SL_2022_CSEO_Dive_03_12-54-47.000.avi",57522,"13:36:04",NA,NA,NA,17.543,1.872,2878.091,12.377,NA,NA,-613.832,-72.604,-2810.933,1,"KelliiWood",95,"N/A",2022,3,17,"Line",NA,NA,NA,NA,"rockfish","rosethorn",150,150,60,"","",NA,"",NA
"168","SL_2022_CSEO_Dive_03_12-54-47.000.avi",58991,"13:36:53",NA,NA,NA,30.914,1.181,4019.131,4.697,NA,NA,-306.408,104.001,-4006.084,1,"KelliiWood",95,"N/A",2022,3,17,"Line",NA,NA,NA,NA,"rockfish","rosethorn",150,150,61,"","",NA,"",NA
"169","SL_2022_CSEO_Dive_03_12-54-47.000.avi",59099,"13:36:57",NA,NA,NA,20.56,0.434,3000.532,18.313,NA,NA,-864.734,364.185,-2850.052,1,"KelliiWood",95,"N/A",2022,3,17,"Line",NA,NA,NA,NA,"rockfish","rosethorn",150,150,62,"","",NA,"",NA
"170","SL_2022_CSEO_Dive_03_12-54-47.000.avi",59414,"13:37:07",NA,NA,NA,21.19,0.677,3086.626,14.248,NA,NA,-685.116,-340.154,-2990.346,1,"KelliiWood",95,"N/A",2022,3,17,"Line",NA,NA,NA,NA,"rockfish","rosethorn",150,150,63,"","",NA,"",NA
"171","SL_2022_CSEO_Dive_03_12-54-47.000.avi",60017,"13:37:28",NA,NA,NA,58.095,1.404,5234.378,11.193,NA,NA,-878.733,489.513,-5136.82,1,"KelliiWood",95,"N/A",2022,3,17,"Line",NA,NA,NA,NA,"rockfish","rosethorn",150,150,64,"","",NA,"",NA
"172","SL_2022_CSEO_Dive_03_12-54-47.000.avi",60406,"13:37:41",NA,NA,NA,23.052,1.394,3310.683,11.866,NA,NA,-675.777,-95.177,-3239.582,1,"KelliiWood",95,"N/A",2022,3,17,"Line",NA,NA,NA,NA,"rockfish","rosethorn",150,150,65,"","",NA,"",NA
"173","SL_2022_CSEO_Dive_03_12-54-47.000.avi",61853,"13:38:29",NA,NA,NA,29.777,0.817,3662.229,14.316,NA,NA,-562.786,695.193,-3551.324,1,"KelliiWood",95,"N/A",2022,3,17,"Line",NA,NA,NA,NA,"rockfish","rosethorn",150,150,66,"","",NA,"",NA
"174","SL_2022_CSEO_Dive_03_12-54-47.000.avi",61853,"13:38:29",NA,NA,NA,43.491,1.504,4346.639,22.929,NA,NA,651.703,1546.979,-4009.415,1,"KelliiWood",95,"N/A",2022,3,17,"Line",NA,NA,NA,NA,"rockfish","tiger",148,148,67,"","",NA,"",NA
"175","SL_2022_CSEO_Dive_03_12-54-47.000.avi",62510,"13:38:51",NA,NA,NA,61.737,1.217,5185.944,18.81,NA,NA,-868.354,1409.321,-4914.651,1,"KelliiWood",95,"N/A",2022,3,17,"Line",NA,NA,NA,NA,"rockfish","rosethorn",150,150,68,"","",NA,"",NA
"176","SL_2022_CSEO_Dive_03_12-54-47.000.avi",64326,"13:39:51",NA,NA,NA,22.087,0.014,3164.915,13.633,NA,NA,592.097,441.442,-3077.537,1,"KelliiWood",95,"N/A",2022,3,17,"Line",NA,NA,NA,NA,"rockfish","rosethorn",150,150,69,"","",NA,"",NA
"177","SL_2022_CSEO_Dive_03_12-54-47.000.avi",64326,"13:39:51",NA,NA,NA,61.113,2.261,5185.239,17.144,NA,NA,-1333.174,727.781,-4957.791,1,"KelliiWood",95,"N/A",2022,3,17,"Line",NA,NA,NA,NA,"rockfish","rosethorn",150,150,70,"","",NA,"",NA
"178","SL_2022_CSEO_Dive_03_12-54-47.000.avi",65080,"13:40:16",NA,NA,NA,28.186,0.503,3545.431,19.462,NA,NA,-1150.482,254.517,-3343.904,1,"KelliiWood",95,"N/A",2022,3,17,"Line",NA,NA,NA,NA,"rockfish","rosethorn",150,150,71,"","",NA,"",NA
"179","SL_2022_CSEO_Dive_03_12-54-47.000.avi",65665,"13:40:36",NA,NA,NA,69.076,0.16,5663.206,13.117,NA,NA,-570.627,1129.505,-5520.01,1,"KelliiWood",95,"N/A",2022,3,17,"Line",NA,NA,NA,NA,"rockfish","rosethorn",150,150,72,"","",NA,"",NA
"180","SL_2022_CSEO_Dive_03_12-54-47.000.avi",66014,"13:40:47",NA,NA,NA,45.031,0.802,4501.894,20.552,NA,NA,375.351,1518.351,-4221.466,1,"KelliiWood",95,"N/A",2022,3,17,"Line",NA,NA,NA,NA,"rockfish","dusky",172,172,73,"","",NA,"",NA
"181","SL_2022_CSEO_Dive_03_12-54-47.000.avi",66598,"13:41:07",NA,NA,NA,23.092,1.551,3499.78,2.685,NA,NA,111.479,-134.207,-3495.429,1,"KelliiWood",95,"N/A",2022,3,17,"Line",NA,NA,NA,NA,"rockfish","yelloweye",145,145,74,"AD","Fish milling/hovering",NA,"NO LENGTH - facing ROV",NA
"182","SL_2022_CSEO_Dive_03_12-54-47.000.avi",67736,"13:41:45",NA,NA,NA,11.613,1.028,2297.932,18.431,NA,NA,-97.06,-728.742,-2177.156,1,"KelliiWood",95,"N/A",2022,3,17,"Line",NA,NA,NA,NA,"rockfish","rosethorn",150,150,75,"","",NA,"",NA
"183","SL_2022_CSEO_Dive_03_12-54-47.000.avi",68913,"13:42:24",NA,NA,NA,33.455,0.893,3785.522,24.109,NA,NA,-1426.692,582.399,-3457.678,1,"KelliiWood",95,"N/A",2022,3,17,"Line",NA,NA,NA,NA,"rockfish","rosethorn",150,150,76,"","",NA,"",NA
"184","SL_2022_CSEO_Dive_03_12-54-47.000.avi",69903,"13:42:57",NA,NA,NA,8.806,0.349,1916.907,24.21,NA,NA,607.477,-505.896,-1746.302,1,"KelliiWood",95,"N/A",2022,3,17,"Line",NA,NA,NA,NA,"rockfish","yelloweye",145,145,77,"AD","Attracted",NA,"NO LENGTH - wrong angle",NA
"185","SL_2022_CSEO_Dive_03_12-54-47.000.avi",71008,"13:43:34",NA,NA,NA,70.561,3.944,5443.295,26.449,NA,NA,-1397.167,1961.813,-4881.463,1,"KelliiWood",95,"N/A",2022,3,17,"Line",NA,NA,NA,NA,"rockfish","rosethorn",150,150,78,"","",NA,"",NA
"186","SL_2022_CSEO_Dive_03_12-54-47.000.avi",71819,"13:44:01",NA,NA,NA,45.746,0.141,4493.036,15.308,NA,NA,-882.132,-810.417,-4330.409,1,"KelliiWood",95,"N/A",2022,3,17,"Line",NA,NA,NA,NA,"rockfish","tiger",148,148,79,"","",NA,"",NA
"187","SL_2022_CSEO_Dive_03_12-54-47.000.avi",72899,"13:44:37",NA,NA,NA,11.691,0.693,2388.615,7.157,NA,NA,-175.637,-249.731,-2369.022,1,"KelliiWood",95,"N/A",2022,3,17,"Line",NA,NA,NA,NA,"rockfish","quillback",147,147,80,"","",NA,"",NA
"188","SL_2022_CSEO_Dive_03_12-54-47.000.avi",73188,"13:44:47",NA,NA,NA,23.229,1.457,3130.485,29.237,NA,NA,-1207.79,926.635,-2735.421,1,"KelliiWood",95,"N/A",2022,3,17,"Line",NA,NA,NA,NA,"rockfish","yellowtail",155,155,81,"","",NA,"",NA
"189","SL_2022_CSEO_Dive_03_12-54-47.000.avi",73280,"13:44:50",NA,NA,NA,23.793,1.41,3303.871,32.439,NA,NA,-1662.264,603.36,-2790.77,1,"KelliiWood",95,"N/A",2022,3,17,"Line",NA,NA,NA,NA,"rockfish","yellowtail",155,155,82,"","",NA,"",NA
"190","SL_2022_CSEO_Dive_03_12-54-47.000.avi",73280,"13:44:50",NA,NA,NA,40.045,2.563,4226.909,32.318,NA,NA,-2004.973,1028.201,-3576.262,1,"KelliiWood",95,"N/A",2022,3,17,"Line",NA,NA,NA,NA,"rockfish","yellowtail",155,155,83,"","",NA,"",NA
"191","SL_2022_CSEO_Dive_03_12-54-47.000.avi",73482,"13:44:56",NA,NA,NA,28.553,1.865,3536.94,17.477,NA,NA,-586.396,872.216,-3377.176,1,"KelliiWood",95,"N/A",2022,3,17,"Line",NA,NA,NA,NA,"rockfish","yellowtail",155,155,84,"","",NA,"",NA
"192","SL_2022_CSEO_Dive_03_12-54-47.000.avi",73482,"13:44:56",NA,NA,NA,12.139,0.749,2257.617,27.868,NA,NA,772.457,711.01,-1998.652,1,"KelliiWood",95,"N/A",2022,3,17,"Line",NA,NA,NA,NA,"rockfish","yellowtail",155,155,85,"","",NA,"",NA
"193","SL_2022_CSEO_Dive_03_12-54-47.000.avi",73482,"13:44:56",NA,NA,NA,27.467,3.039,3432.391,31.176,NA,NA,1219.978,1280.036,-2941.848,1,"KelliiWood",95,"N/A",2022,3,17,"Line",NA,NA,NA,NA,"rockfish","yellowtail",155,155,86,"","",NA,"",NA
"194","SL_2022_CSEO_Dive_03_12-54-47.000.avi",73482,"13:44:56",NA,NA,NA,32.016,8.008,3779.143,20.63,NA,NA,-1305.012,250.143,-3537.838,1,"KelliiWood",95,"N/A",2022,3,17,"Line",NA,NA,NA,NA,"rockfish","yellowtail",155,155,87,"","",NA,"",NA
"195","SL_2022_CSEO_Dive_03_12-54-47.000.avi",73635,"13:45:02",NA,NA,NA,49.691,1.663,4575.766,28.035,NA,NA,-1194.545,1772.206,-4045.983,1,"KelliiWood",95,"N/A",2022,3,17,"Line",NA,NA,NA,NA,"rockfish","yellowtail",155,155,88,"","",NA,"",NA
"196","SL_2022_CSEO_Dive_03_12-54-47.000.avi",73635,"13:45:02",NA,NA,NA,41.579,5.612,4249.548,27.079,NA,NA,693.899,1790.58,-3790.908,1,"KelliiWood",95,"N/A",2022,3,17,"Line",NA,NA,NA,NA,"rockfish","yellowtail",155,155,89,"","",NA,"",NA
"197","SL_2022_CSEO_Dive_03_12-54-47.000.avi",73635,"13:45:02",NA,NA,NA,37.094,3.712,4099.606,21.388,NA,NA,273.305,1454.557,-3823.132,1,"KelliiWood",95,"N/A",2022,3,17,"Line",NA,NA,NA,NA,"rockfish","yellowtail",155,155,90,"","",NA,"",NA
"198","SL_2022_CSEO_Dive_03_12-54-47.000.avi",73635,"13:45:02",NA,NA,NA,33.371,2.854,3842.886,32.52,NA,NA,-1766.347,1058.419,-3244.616,1,"KelliiWood",95,"N/A",2022,3,17,"Line",NA,NA,NA,NA,"rockfish","yellowtail",155,155,91,"","",NA,"",NA
"199","SL_2022_CSEO_Dive_03_12-54-47.000.avi",73635,"13:45:02",NA,NA,NA,57.811,2.51,4936.604,29.683,NA,NA,-1553.48,1870.331,-4296.35,1,"KelliiWood",95,"N/A",2022,3,17,"Line",NA,NA,NA,NA,"rockfish","yellowtail",155,155,92,"","",NA,"",NA
"200","SL_2022_CSEO_Dive_03_12-54-47.000.avi",73635,"13:45:02",NA,NA,NA,1.106,0.744,676.689,25.519,NA,NA,22.214,-293.121,-609.503,1,"KelliiWood",95,"N/A",2022,3,17,"Line",NA,NA,NA,NA,"rockfish","yellowtail",155,155,93,"","",NA,"",NA
"201","SL_2022_CSEO_Dive_03_12-54-47.000.avi",74447,"13:45:29",NA,NA,NA,10.829,0.388,2220.136,27.747,NA,NA,-1026.544,113.035,-1965.307,1,"KelliiWood",95,"N/A",2022,3,17,"Line",NA,NA,NA,NA,"rockfish","yellowtail",155,155,94,"","",NA,"",NA
"202","SL_2022_CSEO_Dive_03_12-54-47.000.avi",74447,"13:45:29",NA,NA,NA,13.534,0.554,2487.823,13.245,NA,NA,-281.178,486.103,-2423.615,1,"KelliiWood",95,"N/A",2022,3,17,"Line",NA,NA,NA,NA,"rockfish","yellowtail",155,155,95,"","",NA,"",NA
"203","SL_2022_CSEO_Dive_03_12-54-47.000.avi",74447,"13:45:29",NA,NA,NA,19.534,0.824,2883.911,29.854,NA,NA,-1184.368,801.247,-2504.44,1,"KelliiWood",95,"N/A",2022,3,17,"Line",NA,NA,NA,NA,"rockfish","yellowtail",155,155,96,"","",NA,"",NA
"204","SL_2022_CSEO_Dive_03_12-54-47.000.avi",74447,"13:45:29",NA,NA,NA,68.959,6.597,5769.849,33.873,NA,NA,-3091.254,867.307,-4794.068,1,"KelliiWood",95,"N/A",2022,3,17,"Line",NA,NA,NA,NA,"rockfish","yellowtail",155,155,97,"","",NA,"",NA
"205","SL_2022_CSEO_Dive_03_12-54-47.000.avi",74447,"13:45:29",NA,NA,NA,24.457,0.635,3413.072,32.502,NA,NA,-1791.006,382.876,-2880.063,1,"KelliiWood",95,"N/A",2022,3,17,"Line",NA,NA,NA,NA,"rockfish","yellowtail",155,155,98,"","",NA,"",NA
"206","SL_2022_CSEO_Dive_03_12-54-47.000.avi",74447,"13:45:29",NA,NA,NA,48.567,3.488,4632.239,24.892,NA,NA,-515.851,1863.412,-4209.421,1,"KelliiWood",95,"N/A",2022,3,17,"Line",NA,NA,NA,NA,"rockfish","yellowtail",155,155,99,"","",NA,"",NA
"207","SL_2022_CSEO_Dive_03_12-54-47.000.avi",74447,"13:45:29",NA,NA,NA,23.277,3.189,3284.663,25.498,NA,NA,10.507,1402.08,-2970.366,1,"KelliiWood",95,"N/A",2022,3,17,"Line",NA,NA,NA,NA,"rockfish","yellowtail",155,155,100,"","",NA,"",NA
"208","SL_2022_CSEO_Dive_03_12-54-47.000.avi",74447,"13:45:29",NA,NA,NA,78.341,4.232,6025.966,19.682,NA,NA,-234.378,1993.279,-5681.916,1,"KelliiWood",95,"N/A",2022,3,17,"Line",NA,NA,NA,NA,"rockfish","yellowtail",155,155,101,"","",NA,"",NA
"209","SL_2022_CSEO_Dive_03_12-54-47.000.avi",74447,"13:45:29",NA,NA,NA,42.705,0.853,4505.867,34.687,NA,NA,-2354.69,1000.5,-3709.08,1,"KelliiWood",95,"N/A",2022,3,17,"Line",NA,NA,NA,NA,"rockfish","yellowtail",155,155,102,"","",NA,"",NA
"210","SL_2022_CSEO_Dive_03_12-54-47.000.avi",74447,"13:45:29",NA,NA,NA,78.963,6.071,5908.174,23.378,NA,NA,673.565,2223.725,-5432.116,1,"KelliiWood",95,"N/A",2022,3,17,"Line",NA,NA,NA,NA,"rockfish","yellowtail",155,155,103,"","",NA,"",NA
"211","SL_2022_CSEO_Dive_03_12-54-47.000.avi",75200,"13:45:54",NA,NA,NA,30.96,2.315,3991.069,6.772,NA,NA,-1.763,454.754,-3965.076,1,"KelliiWood",95,"N/A",2022,3,17,"Line",NA,NA,NA,NA,"rockfish","yellowtail",155,155,104,"","",NA,"",NA
"212","SL_2022_CSEO_Dive_03_12-54-47.000.avi",75200,"13:45:54",NA,NA,NA,17.428,0.235,2794.9,14.661,NA,NA,583.767,388.677,-2705.478,1,"KelliiWood",95,"N/A",2022,3,17,"Line",NA,NA,NA,NA,"rockfish","yellowtail",155,155,105,"","",NA,"",NA
"213","SL_2022_CSEO_Dive_03_12-54-47.000.avi",75200,"13:45:54",NA,NA,NA,17.081,2.802,2700.906,20.64,NA,NA,802.605,501.936,-2529.581,1,"KelliiWood",95,"N/A",2022,3,17,"Line",NA,NA,NA,NA,"rockfish","yellowtail",155,155,106,"","",NA,"",NA
"214","SL_2022_CSEO_Dive_03_12-54-47.000.avi",75200,"13:45:54",NA,NA,NA,11.779,0.592,2246.871,30.088,NA,NA,903.374,665.083,-1946.795,1,"KelliiWood",95,"N/A",2022,3,17,"Line",NA,NA,NA,NA,"rockfish","yellowtail",155,155,107,"","",NA,"",NA
"215","SL_2022_CSEO_Dive_03_12-54-47.000.avi",75200,"13:45:54",NA,NA,NA,20.13,1.055,3047.195,28.327,NA,NA,1428.975,209.875,-2683.166,1,"KelliiWood",95,"N/A",2022,3,17,"Line",NA,NA,NA,NA,"rockfish","yellowtail",155,155,108,"","",NA,"",NA
"216","SL_2022_CSEO_Dive_03_12-54-47.000.avi",75200,"13:45:54",NA,NA,NA,7.73,0.871,1865.44,14.708,NA,NA,-460.339,-118.585,-1803.855,1,"KelliiWood",95,"N/A",2022,3,17,"Line",NA,NA,NA,NA,"rockfish","yellowtail",155,155,109,"","",NA,"",NA
"217","SL_2022_CSEO_Dive_03_12-54-47.000.avi",75200,"13:45:54",NA,NA,NA,9.964,2.159,2121.55,13.867,NA,NA,-456.894,214.887,-2060.594,1,"KelliiWood",95,"N/A",2022,3,17,"Line",NA,NA,NA,NA,"rockfish","yellowtail",155,155,110,"","",NA,"",NA
"218","SL_2022_CSEO_Dive_03_12-54-47.000.avi",75200,"13:45:54",NA,NA,NA,18.835,0.232,2840.805,21.719,NA,NA,-501.828,913.185,-2642.809,1,"KelliiWood",95,"N/A",2022,3,17,"Line",NA,NA,NA,NA,"rockfish","yellowtail",155,155,111,"","",NA,"",NA
"219","SL_2022_CSEO_Dive_03_12-54-47.000.avi",75200,"13:45:54",NA,NA,NA,25.749,1.963,3436.298,14.268,NA,NA,-339.023,762.743,-3333.381,1,"KelliiWood",95,"N/A",2022,3,17,"Line",NA,NA,NA,NA,"rockfish","yellowtail",155,155,112,"","",NA,"",NA
"220","SL_2022_CSEO_Dive_03_12-54-47.000.avi",75200,"13:45:54",NA,NA,NA,15.703,3.295,2813.342,5.997,NA,NA,-230.727,170.929,-2798.65,1,"KelliiWood",95,"N/A",2022,3,17,"Line",NA,NA,NA,NA,"rockfish","yellowtail",155,155,113,"","",NA,"",NA
"221","SL_2022_CSEO_Dive_03_12-54-47.000.avi",75200,"13:45:54",NA,NA,NA,13.886,0.543,2505.384,33.99,NA,NA,-1182.093,742.992,-2080.281,1,"KelliiWood",95,"N/A",2022,3,17,"Line",NA,NA,NA,NA,"rockfish","yellowtail",155,155,114,"","",NA,"",NA
"222","SL_2022_CSEO_Dive_03_12-54-47.000.avi",75200,"13:45:54",NA,NA,NA,47.652,3.841,4718.648,20.733,NA,NA,-58.083,1651.76,-4419.723,1,"KelliiWood",95,"N/A",2022,3,17,"Line",NA,NA,NA,NA,"rockfish","yellowtail",155,155,115,"","",NA,"",NA
"223","SL_2022_CSEO_Dive_03_12-54-47.000.avi",75200,"13:45:54",NA,NA,NA,25.458,0.36,3303.368,23.879,NA,NA,1212.087,552.734,-3022.841,1,"KelliiWood",95,"N/A",2022,3,17,"Line",NA,NA,NA,NA,"rockfish","yellowtail",155,155,116,"","",NA,"",NA
"224","SL_2022_CSEO_Dive_03_12-54-47.000.avi",75200,"13:45:54",NA,NA,NA,34.533,1.224,3930.616,23.621,NA,NA,339.516,1523.455,-3607.431,1,"KelliiWood",95,"N/A",2022,3,17,"Line",NA,NA,NA,NA,"rockfish","yellowtail",155,155,117,"","",NA,"",NA
"225","SL_2022_CSEO_Dive_03_12-54-47.000.avi",75200,"13:45:54",NA,NA,NA,26.565,3.259,3369.281,20.805,NA,NA,703.219,955.686,-3153.443,1,"KelliiWood",95,"N/A",2022,3,17,"Line",NA,NA,NA,NA,"rockfish","yellowtail",155,155,118,"","",NA,"",NA
"226","SL_2022_CSEO_Dive_03_12-54-47.000.avi",75200,"13:45:54",NA,NA,NA,50.109,0.132,4826.597,15.59,NA,NA,302.342,1242.842,-4654.028,1,"KelliiWood",95,"N/A",2022,3,17,"Line",NA,NA,NA,NA,"rockfish","yellowtail",155,155,119,"","",NA,"",NA
"227","SL_2022_CSEO_Dive_03_12-54-47.000.avi",75200,"13:45:54",NA,NA,NA,26.382,2.711,3419.315,25.615,NA,NA,-353.889,1422.881,-3088.994,1,"KelliiWood",95,"N/A",2022,3,17,"Line",NA,NA,NA,NA,"rockfish","yellowtail",155,155,120,"","",NA,"",NA
"228","SL_2022_CSEO_Dive_03_12-54-47.000.avi",75200,"13:45:54",NA,NA,NA,38.301,2.346,4018.303,27.373,NA,NA,-1559.611,976.168,-3572.32,1,"KelliiWood",95,"N/A",2022,3,17,"Line",NA,NA,NA,NA,"rockfish","yellowtail",155,155,121,"","",NA,"",NA
"229","SL_2022_CSEO_Dive_03_12-54-47.000.avi",75200,"13:45:54",NA,NA,NA,15.403,4.14,2725.084,31.243,NA,NA,-1411.364,-85.091,-2329.569,1,"KelliiWood",95,"N/A",2022,3,17,"Line",NA,NA,NA,NA,"rockfish","yellowtail",155,155,122,"","",NA,"",NA
"230","SL_2022_CSEO_Dive_03_12-54-47.000.avi",76076,"13:46:23",NA,NA,NA,42.272,3.397,4238.945,21.349,NA,NA,-1367.189,-731.409,-3945.186,1,"KelliiWood",95,"N/A",2022,3,17,"Line",NA,NA,NA,NA,"greenling","lingcod",130,130,123,"","",NA,"NO LENGTH - partial view only",NA
"231","SL_2022_CSEO_Dive_03_12-54-47.000.avi",77343,"13:47:05",NA,NA,NA,98.508,4.222,6727.351,23.28,NA,NA,309.272,2615.997,-6190.166,1,"KelliiWood",95,"N/A",2022,3,17,"Line",NA,NA,NA,NA,"rockfish","tiger",148,148,124,"","",NA,"",NA
"232","SL_2022_CSEO_Dive_03_12-54-47.000.avi",80126,"13:48:38",NA,NA,NA,35.881,1.326,3941.122,29.073,NA,NA,1683.096,899.899,-3448.161,1,"KelliiWood",95,"N/A",2022,3,17,"Line",NA,NA,NA,NA,"rockfish","rosethorn",150,150,125,"","",NA,"",NA
"233","SL_2022_CSEO_Dive_03_12-54-47.000.avi",80494,"13:48:50",NA,NA,NA,14.031,1.192,2515.122,19.083,NA,NA,-820.183,-68.225,-2376.654,1,"KelliiWood",95,"N/A",2022,3,17,"Line",NA,NA,NA,NA,"rockfish","rosethorn",150,150,126,"","",NA,"",NA
"234","SL_2022_CSEO_Dive_03_12-54-47.000.avi",81647,"13:49:29",NA,NA,NA,22.748,0.192,3241.239,30.366,NA,NA,-1612.164,-303.892,-2795.391,1,"KelliiWood",95,"N/A",2022,3,17,"Line",NA,NA,NA,NA,"rockfish","rosethorn",150,150,127,"","",NA,"",NA
"235","SL_2022_CSEO_Dive_03_12-54-47.000.avi",83283,"13:50:23",NA,NA,NA,32.948,1.418,3896.961,15.571,NA,NA,1020.304,215.67,-3754.834,1,"KelliiWood",95,"N/A",2022,3,17,"Line",NA,NA,NA,NA,"rockfish","rosethorn",150,150,128,"","",NA,"",NA
"236","SL_2022_CSEO_Dive_03_12-54-47.000.avi",83500,"13:50:30",NA,NA,NA,59.902,0.42,5048.928,25.484,NA,NA,1071.72,1871.31,-4565.226,1,"KelliiWood",95,"N/A",2022,3,17,"Line",NA,NA,NA,NA,"rockfish","silvergray",157,157,129,"","",NA,"",NA
"237","SL_2022_CSEO_Dive_04_14-39-10.000.avi",2382,"14:53:28",NA,NA,NA,23.967,0.877,3191.511,20.82,NA,NA,878.777,705.363,-2985.96,1,"KelliiWood",135,"N/A",2022,4,16,"Line",NA,NA,NA,NA,"shrimp","spot",965,965,1,"","",NA,"",NA
"238","SL_2022_CSEO_Dive_04_14-39-10.000.avi",3203,"14:53:56",NA,NA,NA,27.656,1.506,3474.114,29.201,NA,NA,-1566.358,635.417,-3035.167,1,"KelliiWood",135,"N/A",2022,4,16,"Line",NA,NA,NA,NA,"rockfish","rosethorn",150,150,2,"","",NA,"",NA
"239","SL_2022_CSEO_Dive_04_14-39-10.000.avi",8953,"14:57:07",NA,NA,279.138,45.693,3.597,4043.758,20.394,15.781,10.805,-1307.934,524.395,-3790.29,1,"KelliiWood",135,"N/A",2022,4,16,"Line",NA,NA,NA,NA,"rockfish","yelloweye",145,145,3,"JV","Fish resting on bottom",NA,"",NA
"240","SL_2022_CSEO_Dive_04_14-39-10.000.avi",10403,"14:57:56",NA,NA,NA,37.078,1.721,4064.79,30.202,NA,NA,-1927.224,669.348,-3515.721,1,"KelliiWood",135,"N/A",2022,4,16,"Line",NA,NA,NA,NA,"rockfish","rosethorn",150,150,4,"","",NA,"",NA
"241","SL_2022_CSEO_Dive_04_14-39-10.000.avi",11468,"14:58:31",NA,NA,NA,30.28,2.656,3580.256,25.533,NA,NA,1312.964,798.027,-3233.808,1,"KelliiWood",135,"N/A",2022,4,16,"Line",NA,NA,NA,NA,"rockfish","rosethorn",150,150,5,"","",NA,"",NA
"242","SL_2022_CSEO_Dive_04_14-39-10.000.avi",13428,"14:59:37",NA,NA,NA,33.222,0.298,3959.091,15.569,NA,NA,-120.842,1040.45,-3818.018,1,"KelliiWood",135,"N/A",2022,4,16,"Line",NA,NA,NA,NA,"rockfish","rosethorn",150,150,6,"","",NA,"",NA
"243","SL_2022_CSEO_Dive_04_14-39-10.000.avi",13680,"14:59:45",NA,NA,NA,44.96,2.028,4481.675,30.71,NA,NA,-2143.102,788.075,-3856.353,1,"KelliiWood",135,"N/A",2022,4,16,"Line",NA,NA,NA,NA,"rockfish","yelloweye",145,145,7,"SU","Attracted",NA,"NO LENGTH - facing ROV",NA
"244","SL_2022_CSEO_Dive_04_14-39-10.000.avi",14459,"15:00:11",NA,NA,NA,12.602,0.62,2385.587,25.776,NA,NA,-1032.438,92.403,-2148.618,1,"KelliiWood",135,"N/A",2022,4,16,"Line",NA,NA,NA,NA,"rockfish","greenstripe",135,135,8,"","",NA,"",NA
"245","SL_2022_CSEO_Dive_04_14-39-10.000.avi",14459,"15:00:11",NA,NA,NA,46.099,0.489,4426.567,28.657,NA,NA,1710.7,1241.342,-3889.353,1,"KelliiWood",135,"N/A",2022,4,16,"Line",NA,NA,NA,NA,"rockfish","greenstripe",135,135,9,"","",NA,"",NA
"246","SL_2022_CSEO_Dive_04_14-39-10.000.avi",18961,"15:02:41",NA,NA,NA,17.275,0.068,2805.707,26.012,NA,NA,-1227.186,80.019,-2521.825,1,"KelliiWood",135,"N/A",2022,4,16,"Line",NA,NA,NA,NA,"rockfish","rosethorn",150,150,10,"","",NA,"",NA
"247","SL_2022_CSEO_Dive_04_14-39-10.000.avi",22716,"15:04:46",NA,NA,NA,7.018,3.378,1722.784,24.541,NA,NA,638.922,-328.457,-1565.849,1,"KelliiWood",135,"N/A",2022,4,16,"Line",NA,NA,NA,NA,"rockfish","greenstripe",135,135,11,"","",NA,"",NA
"248","SL_2022_CSEO_Dive_04_14-39-10.000.avi",23810,"15:05:23",NA,NA,NA,58.115,0.668,4930.613,24.496,NA,NA,-1620.62,1228.246,-4491.765,1,"KelliiWood",135,"N/A",2022,4,16,"Line",NA,NA,NA,NA,"rockfish","rosethorn",150,150,12,"","",NA,"",NA
"249","SL_2022_CSEO_Dive_04_14-39-10.000.avi",26307,"15:06:46",NA,NA,NA,29.315,0.235,3581.338,29.402,NA,NA,1585.653,747.113,-3123.061,1,"KelliiWood",135,"N/A",2022,4,16,"Line",NA,NA,NA,NA,"rockfish","rosethorn",150,150,13,"","",NA,"",NA
"250","SL_2022_CSEO_Dive_04_14-39-10.000.avi",26731,"15:07:00",NA,NA,NA,7.485,1.645,1834.062,13.314,NA,NA,309.347,280.415,-1785.904,1,"KelliiWood",135,"N/A",2022,4,16,"Line",NA,NA,NA,NA,"cod","Pacific cod",110,110,14,"","",NA,"",NA
"251","SL_2022_CSEO_Dive_04_14-39-10.000.avi",32387,"15:10:09",NA,NA,NA,35.589,0.425,3870.526,22.977,NA,NA,1123.885,995.503,-3567.468,1,"KelliiWood",135,"N/A",2022,4,16,"Line",NA,NA,NA,NA,"rockfish","rosethorn",150,150,15,"","",NA,"",NA
"252","SL_2022_CSEO_Dive_04_14-39-10.000.avi",35696,"15:11:59",NA,NA,NA,26.469,1.558,3502.688,30.901,NA,NA,-1757.152,372.833,-3007.031,1,"KelliiWood",135,"N/A",2022,4,16,"Line",NA,NA,NA,NA,"rockfish","rosethorn",150,150,16,"","",NA,"",NA
"253","SL_2022_CSEO_Dive_04_14-39-10.000.avi",39228,"15:13:57",NA,NA,NA,7.322,0.222,1845.081,30.518,NA,NA,-929.43,-124.847,-1588.992,1,"KelliiWood",135,"N/A",2022,4,16,"Line",NA,NA,NA,NA,"rockfish","rosethorn",150,150,17,"","",NA,"",NA
"254","SL_2022_CSEO_Dive_04_14-39-10.000.avi",40394,"15:14:35",NA,NA,NA,46.47,1.438,4653.528,16.693,NA,NA,-214.821,1301.446,-4462.669,1,"KelliiWood",135,"N/A",2022,4,16,"Line",NA,NA,NA,NA,"rockfish","silvergray",157,157,18,"","",NA,"",NA
"255","SL_2022_CSEO_Dive_04_14-39-10.000.avi",42014,"15:15:29",NA,NA,NA,10.894,0.007,2348.476,5.296,NA,NA,191.201,92.759,-2338.841,1,"KelliiWood",135,"N/A",2022,4,16,"Line",NA,NA,NA,NA,"halibut","halibut",200,200,19,"","",NA,"",NA
"256","SL_2022_CSEO_Dive_04_14-39-10.000.avi",43156,"15:16:08",NA,NA,NA,29.315,1.224,3670.825,31.84,NA,NA,1812.148,670.453,-3121.149,1,"KelliiWood",135,"N/A",2022,4,16,"Line",NA,NA,NA,NA,"greenling","lingcod",130,130,20,"","",NA,"NO LENGTH - partial view only",NA
"257","SL_2022_CSEO_Dive_04_14-39-10.000.avi",50847,"15:20:24",NA,NA,NA,24.825,3.988,3289.125,26.133,NA,NA,-1382.806,420.213,-2954.591,1,"KelliiWood",135,"N/A",2022,4,16,"Line",NA,NA,NA,NA,"rockfish","rosethorn",150,150,21,"","",NA,"",NA
"258","SL_2022_CSEO_Dive_04_14-39-10.000.avi",59277,"15:25:05",NA,NA,NA,6.248,1.535,1757.956,4.976,NA,NA,71.804,-141.534,-1750.777,1,"KelliiWood",135,"N/A",2022,4,16,"Line",NA,NA,NA,NA,"rockfish","rosethorn",150,150,22,"","",NA,"",NA
"259","SL_2022_CSEO_Dive_04_14-39-10.000.avi",63744,"15:27:34",NA,NA,NA,13.446,0.958,2516.133,29.377,NA,NA,-1234.093,13.823,-2192.657,1,"KelliiWood",135,"N/A",2022,4,16,"Line",NA,NA,NA,NA,"octopus","octopus",870,870,23,"","",NA,"Juvenile - very small",NA
"260","SL_2022_CSEO_Dive_04_14-39-10.000.avi",64571,"15:28:01",NA,NA,NA,56.438,1.814,4878.43,27.315,NA,NA,1765.919,1358.469,-4339.95,1,"KelliiWood",135,"N/A",2022,4,16,"Line",NA,NA,NA,NA,"rockfish","rosethorn",150,150,24,"","",NA,"",NA
"261","SL_2022_CSEO_Dive_04_14-39-10.000.avi",69331,"15:30:40",NA,NA,NA,49.388,0.869,4697.747,16.971,NA,NA,-583.142,1223.018,-4498.11,1,"KelliiWood",135,"N/A",2022,4,16,"Line",NA,NA,NA,NA,"rockfish","rosethorn",150,150,25,"","",NA,"",NA
"262","SL_2022_CSEO_Dive_04_14-39-10.000.avi",69611,"15:30:49",NA,NA,NA,57.579,0.145,4908.935,26.16,NA,NA,-1744.928,1262.702,-4411.174,1,"KelliiWood",135,"N/A",2022,4,16,"Line",NA,NA,NA,NA,"rockfish","rosethorn",150,150,26,"","",NA,"",NA
"263","SL_2022_CSEO_Dive_04_14-39-10.000.avi",70439,"15:31:17",NA,NA,NA,41.326,2.41,4283.758,17.259,NA,NA,-575.099,1117.006,-4095.381,1,"KelliiWood",135,"N/A",2022,4,16,"Line",NA,NA,NA,NA,"rockfish","rosethorn",150,150,27,"","",NA,"",NA
"264","SL_2022_CSEO_Dive_04_14-39-10.000.avi",70577,"15:31:22",NA,NA,NA,5.542,0.262,1556.896,15.829,NA,NA,-203.954,-378.467,-1496.359,1,"KelliiWood",135,"N/A",2022,4,16,"Line",NA,NA,NA,NA,"octopus","octopus",870,870,28,"","",NA,"Big octopus hiding in rocks",NA
"265","SL_2022_CSEO_Dive_04_14-39-10.000.avi",70599,"15:31:22",NA,NA,NA,14.212,0.07,2556.067,12.324,NA,NA,-463.163,278.271,-2498.304,1,"KelliiWood",135,"N/A",2022,4,16,"Line",NA,NA,NA,NA,"rockfish","rosethorn",150,150,29,"","",NA,"",NA
"266","SL_2022_CSEO_Dive_04_14-39-10.000.avi",74394,"15:33:29",NA,NA,NA,59.337,1.17,4991.536,26.615,NA,NA,1447.56,1686.524,-4469.412,1,"KelliiWood",135,"N/A",2022,4,16,"Line",NA,NA,NA,NA,"rockfish","rosethorn",150,150,30,"","",NA,"",NA
"267","SL_2022_CSEO_Dive_04_14-39-10.000.avi",77586,"15:35:15",NA,NA,NA,9.1,1.195,2050.141,31.752,NA,NA,-1044.509,-277.098,-1742.21,1,"KelliiWood",135,"N/A",2022,4,16,"Line",NA,NA,NA,NA,"cod","Pacific cod",110,110,31,"","",NA,"",NA
"268","SL_2022_CSEO_Dive_05_16-23-30.000.avi",2073,"16:36:24",NA,NA,NA,5.004,1.079,1473.788,19.988,NA,NA,-154.01,-485.194,-1383.083,1,"KelliiWood",140,"N/A",2022,5,11,"Line",NA,NA,NA,NA,"rockfish","yelloweye",145,145,1,"AD","Fish resting on bottom",NA,"NO LENGTH - wrong angle",NA
"269","SL_2022_CSEO_Dive_05_16-23-30.000.avi",2097,"16:36:25",NA,NA,386.361,28.394,1.735,2629.302,19.228,34.445,8.944,-727.688,469.339,-2482.624,1,"KelliiWood",140,"N/A",2022,5,11,"Line",NA,NA,NA,NA,"rockfish","yelloweye",145,145,2,"SU","Fish milling/hovering",NA,"",NA
"270","SL_2022_CSEO_Dive_05_16-23-30.000.avi",2225,"16:36:29",NA,NA,NA,21.277,0.114,3362.805,3.455,NA,NA,33.556,186.418,-3357.467,1,"KelliiWood",140,"N/A",2022,5,11,"Line",NA,NA,NA,NA,"rockfish","rosethorn",150,150,3,"","",NA,"",NA
"271","SL_2022_CSEO_Dive_05_16-23-30.000.avi",2597,"16:36:42",NA,NA,NA,4.568,0.853,1380.117,28.061,NA,NA,-516.954,-397.615,-1216.299,1,"KelliiWood",140,"N/A",2022,5,11,"Line",NA,NA,NA,NA,"rockfish","yelloweye",145,145,4,"AD","Fish resting on bottom",NA,"NO LENGTH - hiding in rocks",NA
"272","SL_2022_CSEO_Dive_05_16-23-30.000.avi",2844,"16:36:50",NA,NA,349.978,21.573,0.233,2242.766,24.583,40.662,15.82,846.322,-392.782,-2039.475,1,"KelliiWood",140,"N/A",2022,5,11,"Line",NA,NA,NA,NA,"halibut","halibut",200,200,5,"","",NA,"",NA
"273","SL_2022_CSEO_Dive_05_16-23-30.000.avi",3353,"16:37:07",NA,NA,NA,11.89,0.837,2237.876,22.778,NA,NA,733.919,-468.758,-2061.484,1,"KelliiWood",140,"N/A",2022,5,11,"Line",NA,NA,NA,NA,"rockfish","rosethorn",150,150,6,"","",NA,"",NA
"274","SL_2022_CSEO_Dive_05_16-23-30.000.avi",3510,"16:37:12",NA,NA,NA,10.357,0.653,2181.124,11.96,NA,NA,-284.927,342.343,-2135.162,1,"KelliiWood",140,"N/A",2022,5,11,"Line",NA,NA,NA,NA,"","unknown",NA,NA,7,"","",NA,"Fast fish that just flew by - PCod?",NA
"275","SL_2022_CSEO_Dive_05_16-23-30.000.avi",10872,"16:41:17",NA,NA,NA,6.876,0.333,1792.634,30.92,NA,NA,-910.984,130.162,-1538.408,1,"KelliiWood",140,"N/A",2022,5,11,"Line",NA,NA,NA,NA,"octopus","octopus",870,870,8,"","",NA,"",NA
"276","SL_2022_CSEO_Dive_05_16-23-30.000.avi",11839,"16:41:50",NA,NA,NA,24.088,2.126,3178.126,26.775,NA,NA,-1180.192,799.17,-2840.591,1,"KelliiWood",140,"N/A",2022,5,11,"Line",NA,NA,NA,NA,"rockfish","yelloweye",145,145,9,"AD","Fish resting on bottom",NA,"NO LENGTH - hiding in rock",NA
"277","SL_2022_CSEO_Dive_05_16-23-30.000.avi",12098,"16:41:58",NA,NA,NA,28.104,1.678,3471.127,19.504,NA,NA,-720.4,894.717,-3275.55,1,"KelliiWood",140,"N/A",2022,5,11,"Line",NA,NA,NA,NA,"rockfish","rosethorn",150,150,10,"","",NA,"",NA
"278","SL_2022_CSEO_Dive_05_16-23-30.000.avi",17014,"16:44:42",NA,NA,NA,6.961,1.509,1777.359,12.676,NA,NA,360.768,-155.154,-1733.429,1,"KelliiWood",140,"N/A",2022,5,11,"Line",NA,NA,NA,NA,"octopus","octopus",870,870,11,"","",NA,"",NA
"279","SL_2022_CSEO_Dive_05_16-23-30.000.avi",27061,"16:50:17",NA,NA,NA,20.682,0.881,3009.987,16.651,NA,NA,-556.529,647.366,-2886.384,1,"KelliiWood",140,"N/A",2022,5,11,"Line",NA,NA,NA,NA,"rockfish","rosethorn",150,150,12,"","",NA,"",NA
"280","SL_2022_CSEO_Dive_05_16-23-30.000.avi",27227,"16:50:23",NA,NA,NA,9.092,0.419,2060.139,10.7,NA,NA,318.41,203.857,-2025.149,1,"KelliiWood",140,"N/A",2022,5,11,"Line",NA,NA,NA,NA,"octopus","octopus",870,870,13,"","",NA,"",NA
"281","SL_2022_CSEO_Dive_05_16-23-30.000.avi",27415,"16:50:29",NA,NA,NA,13.348,0.569,2480.061,27.503,NA,NA,-1144.473,34.386,-2199.932,1,"KelliiWood",140,"N/A",2022,5,11,"Line",NA,NA,NA,NA,"rockfish","greenstripe",135,135,14,"","",NA,"",NA
"282","SL_2022_CSEO_Dive_05_16-23-30.000.avi",29195,"16:51:28",NA,NA,NA,18.664,1.878,2854.766,23.522,NA,NA,-1098.74,291.005,-2618.735,1,"KelliiWood",140,"N/A",2022,5,11,"Line",NA,NA,NA,NA,"rockfish","rosethorn",150,150,15,"","",NA,"",NA
"283","SL_2022_CSEO_Dive_05_16-23-30.000.avi",33776,"16:54:01",NA,NA,297.66,15.383,0.894,4130.191,8.767,5.724,20.388,-238.875,582.42,-4081.937,1,"KelliiWood",140,"N/A",2022,5,11,"Line",NA,NA,NA,NA,"rockfish","yelloweye",145,145,16,"JV","Fish milling/hovering",NA,"",NA
"284","SL_2022_CSEO_Dive_05_16-23-30.000.avi",37872,"16:56:17",NA,NA,NA,6.691,1.306,1684.609,23.312,NA,NA,-610.334,261.997,-1548.147,1,"KelliiWood",140,"N/A",2022,5,11,"Line",NA,NA,NA,NA,"rockfish","dusky",172,172,17,"","",NA,"",NA
"285","SL_2022_CSEO_Dive_05_16-23-30.000.avi",41369,"16:58:14",NA,NA,NA,12.909,0.273,2393.78,24.529,NA,NA,978.22,-184.02,-2177.017,1,"KelliiWood",140,"N/A",2022,5,11,"Line",NA,NA,NA,NA,"rockfish","yelloweye",145,145,18,"SU","Fish resting on bottom",NA,"NO LENGTH - hiding in rocks",NA
"286","SL_2022_CSEO_Dive_05_16-23-30.000.avi",42064,"16:58:37",NA,NA,NA,24.776,0.797,3306.129,17.171,NA,NA,-883.371,402.421,-3160.412,1,"KelliiWood",140,"N/A",2022,5,11,"Line",NA,NA,NA,NA,"rockfish","rosethorn",150,150,19,"","",NA,"",NA
"287","SL_2022_CSEO_Dive_05_16-23-30.000.avi",44852,"17:00:10",NA,NA,NA,8.843,0.471,1964.384,24.327,NA,NA,783.714,-208.77,-1789.137,1,"KelliiWood",140,"N/A",2022,5,11,"Line",NA,NA,NA,NA,"rockfish","rosethorn",150,150,20,"","",NA,"",NA
"288","SL_2022_CSEO_Dive_05_16-23-30.000.avi",51190,"17:03:41",NA,NA,NA,28.67,0.512,3661.219,11.351,NA,NA,-590.014,399.283,-3591.237,1,"KelliiWood",140,"N/A",2022,5,11,"Line",NA,NA,NA,NA,"rockfish","rosethorn",150,150,21,"","",NA,"",NA
"289","SL_2022_CSEO_Dive_05_16-23-30.000.avi",54095,"17:05:18",NA,NA,NA,20.682,0.475,3059.775,17.778,NA,NA,913.784,182.793,-2914.413,1,"KelliiWood",140,"N/A",2022,5,11,"Line",NA,NA,NA,NA,"cod","Pacific cod",110,110,22,"","",NA,"",NA
"290","SL_2022_CSEO_Dive_05_16-23-30.000.avi",54729,"17:05:39",NA,NA,NA,6.884,0.066,1802.799,30.391,NA,NA,-912.021,-6.53,-1555.075,1,"KelliiWood",140,"N/A",2022,5,11,"Line",NA,NA,NA,NA,"rockfish","dusky",172,172,23,"","",NA,"",NA
"291","SL_2022_CSEO_Dive_05_16-23-30.000.avi",57617,"17:07:16",NA,NA,NA,4.222,0.393,1393.119,11.483,NA,NA,-33.585,-280.762,-1364.121,1,"KelliiWood",140,"N/A",2022,5,11,"Line",NA,NA,NA,NA,"rockfish","rosethorn",150,150,24,"","",NA,"",NA
"292","SL_2022_CSEO_Dive_05_16-23-30.000.avi",58970,"17:08:01",NA,NA,NA,16.287,0.715,2695.15,15.897,NA,NA,-674.353,290.029,-2593.254,1,"KelliiWood",140,"N/A",2022,5,11,"Line",NA,NA,NA,NA,"rockfish","rosethorn",150,150,25,"","",NA,"",NA
"293","SL_2022_CSEO_Dive_05_16-23-30.000.avi",61378,"17:09:21",NA,NA,NA,21.761,0.157,3144.392,24.789,NA,NA,1309.137,144.312,-2855.265,1,"KelliiWood",140,"N/A",2022,5,11,"Line",NA,NA,NA,NA,"rockfish","rosethorn",150,150,26,"","",NA,"",NA
"294","SL_2022_CSEO_Dive_05_16-23-30.000.avi",65153,"17:11:27",NA,NA,NA,22.01,0.377,3186.813,26.947,NA,NA,-1442.618,55.525,-2841.047,1,"KelliiWood",140,"N/A",2022,5,11,"Line",NA,NA,NA,NA,"rockfish","rosethorn",150,150,27,"","",NA,"",NA
"295","SL_2022_CSEO_Dive_05_16-23-30.000.avi",66888,"17:12:25",NA,NA,374.291,15.003,1.313,2521.159,9.667,18.968,12.598,-103.815,410.424,-2485.361,1,"KelliiWood",140,"N/A",2022,5,11,"Line",NA,NA,NA,NA,"rockfish","yelloweye",145,145,28,"AD","Fish resting on bottom",NA,"",NA
"296","SL_2022_CSEO_Dive_05_16-23-30.000.avi",71148,"17:14:47",NA,NA,NA,11.812,1.674,2310.969,28.067,NA,NA,1067.581,-214.31,-2038.363,1,"KelliiWood",140,"N/A",2022,5,11,"Line",NA,NA,NA,NA,"rockfish","rosethorn",150,150,29,"","",NA,"",NA
"297","SL_2022_CSEO_Dive_05_16-23-30.000.avi",72659,"17:15:37",NA,NA,NA,27.728,1.08,3546.351,31.861,NA,NA,1708.076,753.912,-3015.079,1,"KelliiWood",140,"N/A",2022,5,11,"Line",NA,NA,NA,NA,"rockfish","silvergray",157,157,30,"","",NA,"",NA
"298","SL_2022_CSEO_Dive_05_16-23-30.000.avi",75134,"17:16:59",NA,NA,NA,16.129,0.022,2734.427,32.336,NA,NA,-1397.128,423.512,-2312.091,1,"KelliiWood",140,"N/A",2022,5,11,"Line",NA,NA,NA,NA,"rockfish","rosethorn",150,150,31,"","",NA,"",NA
"299","SL_2022_CSEO_Dive_05_16-23-30.000.avi",75223,"17:17:02",NA,NA,NA,41.048,1.777,4187.982,30.566,NA,NA,1259.207,1703.137,-3612.882,1,"KelliiWood",140,"N/A",2022,5,11,"Line",NA,NA,NA,NA,"rockfish","canary",146,146,32,"","",NA,"",NA
"300","SL_2022_CSEO_Dive_05_16-23-30.000.avi",84107,"17:21:59",NA,NA,NA,69.605,1.037,5640.561,14.887,NA,NA,606.573,1294.238,-5456.459,1,"KelliiWood",140,"N/A",2022,5,11,"Line",NA,NA,NA,NA,"rockfish","canary",146,146,33,"","",NA,"",NA
"301","SL_2022_CSEO_Dive_05_16-23-30.000.avi",84107,"17:21:59",NA,NA,NA,15.718,2.468,2672.694,23.901,NA,NA,114.235,-1086.58,-2439.178,1,"KelliiWood",140,"N/A",2022,5,11,"Line",NA,NA,NA,NA,"rockfish","rosethorn",150,150,34,"","",NA,"",NA
"302","SL_2022_CSEO_Dive_05_16-23-30.000.avi",84279,"17:22:04",NA,NA,NA,11.647,0.007,2292.941,22.578,NA,NA,879.525,-46.437,-2117.04,1,"KelliiWood",140,"N/A",2022,5,11,"Line",NA,NA,NA,NA,"rockfish","yelloweye",145,145,35,"SU","Fish milling/hovering",NA,"NO LENGTH - wrong angle",NA
"303","SL_2022_CSEO_Dive_05_16-23-30.000.avi",84395,"17:22:08",NA,NA,NA,30.118,5.291,3811.004,31.465,NA,NA,-1977.03,207.059,-3251.496,1,"KelliiWood",140,"N/A",2022,5,11,"Line",NA,NA,NA,NA,"rockfish","tiger",148,148,36,"","",NA,"",NA
"304","SL_2022_CSEO_Dive_06_08-22-23.000.avi",4833,"8:28:38",NA,NA,NA,25.507,0.253,3300.471,21.922,NA,NA,-1105.811,531.369,-3063.974,1,"KelliiWood",80,"N/A",2022,6,14,"Line",NA,NA,NA,NA,"rockfish","quillback",147,147,1,"","",NA,"",NA
"305","SL_2022_CSEO_Dive_06_08-22-23.000.avi",7472,"8:30:06",NA,NA,NA,26.62,0.299,3481.392,13.238,NA,NA,-528.391,583.397,-3391.245,1,"KelliiWood",80,"N/A",2022,6,14,"Line",NA,NA,NA,NA,"rockfish","rosethorn",150,150,2,"","",NA,"",NA
"306","SL_2022_CSEO_Dive_06_08-22-23.000.avi",8357,"8:30:36",NA,NA,NA,10.777,0.865,2170.053,25.016,NA,NA,-256.67,-888.89,-1962.938,1,"KelliiWood",80,"N/A",2022,6,14,"Line",NA,NA,NA,NA,"rockfish","rosethorn",150,150,3,"","",NA,"",NA
"307","SL_2022_CSEO_Dive_06_08-22-23.000.avi",9419,"8:31:11",NA,NA,549.206,106.629,4.918,5748.753,14.898,27.095,0.087,632.767,1335.712,-5555.505,1,"KelliiWood",80,"N/A",2022,6,14,"Line",NA,NA,NA,NA,"rockfish","yelloweye",145,145,5,"AD","Fish milling/hovering",NA,"",NA
"308","SL_2022_CSEO_Dive_06_08-22-23.000.avi",9419,"8:31:11",NA,NA,NA,30.575,0.933,3699.737,23.193,NA,NA,-1440.109,208.211,-3401.586,1,"KelliiWood",80,"N/A",2022,6,14,"Line",NA,NA,NA,NA,"rockfish","rosethorn",150,150,4,"","",NA,"",NA
"309","SL_2022_CSEO_Dive_06_08-22-23.000.avi",11088,"8:32:07",NA,NA,NA,45.649,0.408,4544.482,32.13,NA,NA,2168.369,1052.198,-3852.709,1,"KelliiWood",80,"N/A",2022,6,14,"Line",NA,NA,NA,NA,"rockfish","quillback",147,147,6,"","",NA,"",NA
"310","SL_2022_CSEO_Dive_06_08-22-23.000.avi",22996,"8:38:44",NA,NA,NA,60.363,2.738,5305.68,22.789,NA,NA,-78.031,2033.976,-4899.703,1,"KelliiWood",80,"N/A",2022,6,14,"Line",NA,NA,NA,NA,"rockfish","rosethorn",150,150,7,"","",NA,"",NA
"311","SL_2022_CSEO_Dive_06_08-22-23.000.avi",23642,"8:39:05",NA,NA,NA,24.682,1.044,3327.52,15.586,NA,NA,-816.721,350.9,-3206.591,1,"KelliiWood",80,"N/A",2022,6,14,"Line",NA,NA,NA,NA,"rockfish","rosethorn",150,150,8,"","",NA,"",NA
"312","SL_2022_CSEO_Dive_06_08-22-23.000.avi",24749,"8:39:42",NA,NA,NA,16.68,0.243,2814.373,31.329,NA,NA,1435.437,274.834,-2405.136,1,"KelliiWood",80,"N/A",2022,6,14,"Line",NA,NA,NA,NA,"rockfish","rosethorn",150,150,9,"","",NA,"",NA
"313","SL_2022_CSEO_Dive_06_08-22-23.000.avi",24820,"8:39:44",NA,NA,NA,13.814,1.63,2555.393,11.574,NA,NA,505.723,-94.271,-2503.076,1,"KelliiWood",80,"N/A",2022,6,14,"Line",NA,NA,NA,NA,"rockfish","rosethorn",150,150,10,"","",NA,"",NA
"314","SL_2022_CSEO_Dive_06_08-22-23.000.avi",26316,"8:40:34",NA,NA,NA,30.581,1.607,3597.001,23.458,NA,NA,1201.45,765.804,-3302.798,1,"KelliiWood",80,"N/A",2022,6,14,"Line",NA,NA,NA,NA,"rockfish","rosethorn",150,150,11,"","",NA,"",NA
"315","SL_2022_CSEO_Dive_06_08-22-23.000.avi",29621,"8:42:24",NA,NA,NA,37.948,1.044,4042.313,18.676,NA,NA,-873.81,939.631,-3833.255,1,"KelliiWood",80,"N/A",2022,6,14,"Line",NA,NA,NA,NA,"rockfish","rosethorn",150,150,12,"","",NA,"",NA
"316","SL_2022_CSEO_Dive_06_08-22-23.000.avi",32713,"8:44:07",NA,NA,NA,28.606,0.693,3606.837,28.716,NA,NA,-1702.613,310.165,-3164.519,1,"KelliiWood",80,"N/A",2022,6,14,"Line",NA,NA,NA,NA,"rockfish","yelloweye",145,145,13,"SU","Fish resting on bottom",NA,"NO LENGTH - wrong angle",NA
"317","SL_2022_CSEO_Dive_06_08-22-23.000.avi",33418,"8:44:31",NA,NA,NA,42.323,2.037,4244.82,24.777,NA,NA,1562.827,834.436,-3857.432,1,"KelliiWood",80,"N/A",2022,6,14,"Line",NA,NA,NA,NA,"rockfish","rosethorn",150,150,14,"","",NA,"",NA
"318","SL_2022_CSEO_Dive_06_08-22-23.000.avi",38809,"8:47:31",NA,NA,NA,54.516,4.603,4860.138,30.332,NA,NA,-2150.346,1166.458,-4199.563,1,"KelliiWood",80,"N/A",2022,6,14,"Line",NA,NA,NA,NA,"rockfish","rosethorn",150,150,15,"","",NA,"",NA
"319","SL_2022_CSEO_Dive_06_08-22-23.000.avi",44618,"8:50:44",NA,NA,NA,19.654,0.222,3080.726,30.735,NA,NA,-1574.014,27.515,-2648.13,1,"KelliiWood",80,"N/A",2022,6,14,"Line",NA,NA,NA,NA,"rockfish","rosethorn",150,150,16,"","",NA,"",NA
"320","SL_2022_CSEO_Dive_06_08-22-23.000.avi",46118,"8:51:34",NA,NA,NA,17.685,1.01,2974.401,6.57,NA,NA,-240.818,228.655,-2955.805,1,"KelliiWood",80,"N/A",2022,6,14,"Line",NA,NA,NA,NA,"rockfish","rosethorn",150,150,17,"","",NA,"",NA
"321","SL_2022_CSEO_Dive_06_08-22-23.000.avi",47033,"8:52:05",NA,NA,NA,54.597,1.975,5054.255,14.252,NA,NA,340.852,1177.06,-4903.452,1,"KelliiWood",80,"N/A",2022,6,14,"Line",NA,NA,NA,NA,"rockfish","quillback",147,147,18,"","",NA,"",NA
"322","SL_2022_CSEO_Dive_06_08-22-23.000.avi",48344,"8:52:48",NA,NA,NA,17.265,1.186,2908.532,8.711,NA,NA,163.23,397.644,-2876.594,1,"KelliiWood",80,"N/A",2022,6,14,"Line",NA,NA,NA,NA,"rockfish","rosethorn",150,150,19,"","",NA,"",NA
"323","SL_2022_CSEO_Dive_06_08-22-23.000.avi",48759,"8:53:02",NA,NA,NA,41.33,0.272,4422.13,34.65,NA,NA,2220.298,1165.19,-3642.505,1,"KelliiWood",80,"N/A",2022,6,14,"Line",NA,NA,NA,NA,"rockfish","quillback",147,147,20,"","",NA,"",NA
"324","SL_2022_CSEO_Dive_06_08-22-23.000.avi",48936,"8:53:08",NA,NA,NA,49.022,0.174,4701.959,30.933,NA,NA,-2286.574,767.099,-4036.28,1,"KelliiWood",80,"N/A",2022,6,14,"Line",NA,NA,NA,NA,"rockfish","quillback",147,147,21,"","",NA,"",NA
"325","SL_2022_CSEO_Dive_06_08-22-23.000.avi",51284,"8:54:26",NA,NA,205.238,30.627,2.305,4151.993,15.531,13.613,10.548,-423.388,1027.958,-4000.387,1,"KelliiWood",80,"N/A",2022,6,14,"Line",NA,NA,NA,NA,"rockfish","yelloweye",145,145,22,"JV","Fish milling/hovering",NA,"",NA
"326","SL_2022_CSEO_Dive_06_08-22-23.000.avi",51398,"8:54:30",NA,NA,NA,21.507,0.696,3201.311,10.039,NA,NA,464.094,297.229,-3153.516,1,"KelliiWood",80,"N/A",2022,6,14,"Line",NA,NA,NA,NA,"rockfish","tiger",148,148,23,"","",NA,"",NA
"327","SL_2022_CSEO_Dive_06_08-22-23.000.avi",51760,"8:54:42",NA,NA,NA,6.12,1.607,1615.318,27.605,NA,NA,-685.036,-307.312,-1430.223,1,"KelliiWood",80,"N/A",2022,6,14,"Line",NA,NA,NA,NA,"octopus","octopus",870,870,24,"","",NA,"Large swimming octopus",NA
"328","SL_2022_CSEO_Dive_06_08-22-23.000.avi",53118,"8:55:28",NA,NA,NA,20.05,2.369,2993.176,15.6,NA,NA,-724.799,338.548,-2884.295,1,"KelliiWood",80,"N/A",2022,6,14,"Line",NA,NA,NA,NA,"rockfish","rosethorn",150,150,25,"","",NA,"",NA
"329","SL_2022_CSEO_Dive_06_08-22-23.000.avi",55546,"8:56:49",NA,NA,NA,22.47,0.714,3181.967,14.115,NA,NA,-639.374,427.376,-3087.63,1,"KelliiWood",80,"N/A",2022,6,14,"Line",NA,NA,NA,NA,"rockfish","rosethorn",150,150,26,"","",NA,"",NA
"330","SL_2022_CSEO_Dive_06_08-22-23.000.avi",57647,"8:57:59",NA,NA,NA,20.211,0.777,3114.053,11.315,NA,NA,155.31,578.697,-3055.866,1,"KelliiWood",80,"N/A",2022,6,14,"Line",NA,NA,NA,NA,"rockfish","rosethorn",150,150,27,"","",NA,"",NA
"331","SL_2022_CSEO_Dive_06_08-22-23.000.avi",59559,"8:59:02",NA,NA,NA,24.424,0.004,3341.813,15.836,NA,NA,281.374,854.549,-3218.429,1,"KelliiWood",80,"N/A",2022,6,14,"Line",NA,NA,NA,NA,"rockfish","quillback",147,147,28,"","",NA,"",NA
"332","SL_2022_CSEO_Dive_06_08-22-23.000.avi",61001,"8:59:50",NA,NA,NA,8.063,1.927,1870.667,24.468,NA,NA,-753.774,-186.038,-1701.943,1,"KelliiWood",80,"N/A",2022,6,14,"Line",NA,NA,NA,NA,"rockfish","rosethorn",150,150,29,"","",NA,"",NA
"333","SL_2022_CSEO_Dive_06_08-22-23.000.avi",63111,"9:01:01",NA,NA,NA,8.892,1.408,2053.275,10.056,NA,NA,333.237,124.186,-2022.244,1,"KelliiWood",80,"N/A",2022,6,14,"Line",NA,NA,NA,NA,"halibut","halibut",200,200,30,"","",NA,"",NA
"334","SL_2022_CSEO_Dive_06_08-22-23.000.avi",73162,"9:06:36",NA,NA,478.165,41.912,2.594,2756.788,17.773,66.263,29.648,749.713,382.175,-2625.215,1,"KelliiWood",80,"N/A",2022,6,14,"Line",NA,NA,NA,NA,"greenling","lingcod",130,130,31,"","",NA,"",NA
"335","SL_2022_CSEO_Dive_06_08-22-23.000.avi",74029,"9:07:05",NA,NA,NA,11.448,0.109,2339.349,30.589,NA,NA,-1190.094,20.864,-2013.9,1,"KelliiWood",80,"N/A",2022,6,14,"Line",NA,NA,NA,NA,"rockfish","quillback",147,147,32,"","",NA,"",NA
"336","SL_2022_CSEO_Dive_06_08-22-23.000.avi",74714,"9:07:27",NA,NA,NA,13.92,0.198,2481.538,15.481,NA,NA,-548.008,362.474,-2392.975,1,"KelliiWood",80,"N/A",2022,6,14,"Line",NA,NA,NA,NA,"rockfish","rosethorn",150,150,33,"","",NA,"",NA
"337","SL_2022_CSEO_Dive_06_08-22-23.000.avi",74714,"9:07:27",NA,NA,NA,69.231,3.251,5656.507,33.184,NA,NA,2789.37,1324.369,-4739.359,1,"KelliiWood",80,"N/A",2022,6,14,"Line",NA,NA,NA,NA,"rockfish","quillback",147,147,34,"","",NA,"",NA
"338","SL_2022_CSEO_Dive_07_09-45-45.000.avi",4911,"9:57:42",NA,NA,NA,37.04,0.665,4029.4,19.044,NA,NA,601.649,1153.797,-3813.507,1,"KelliiWood",95,"N/A",2022,7,13,"Line",NA,NA,NA,NA,"rockfish","rosethorn",150,150,1,"","",NA,"",NA
"339","SL_2022_CSEO_Dive_07_09-45-45.000.avi",11854,"10:01:33",NA,NA,NA,45.927,1.682,4482.083,17.149,NA,NA,-1089.984,730.162,-4285.775,1,"KelliiWood",95,"N/A",2022,7,13,"Line",NA,NA,NA,NA,"rockfish","rosethorn",150,150,2,"","",NA,"",NA
"340","SL_2022_CSEO_Dive_07_09-45-45.000.avi",14870,"10:03:14",NA,NA,NA,11.296,0.583,2255.773,17.553,NA,NA,-670.863,104.404,-2151.175,1,"KelliiWood",95,"N/A",2022,7,13,"Line",NA,NA,NA,NA,"rockfish","rosethorn",150,150,3,"","",NA,"",NA
"341","SL_2022_CSEO_Dive_07_09-45-45.000.avi",15249,"10:03:26",NA,NA,NA,30.02,0.496,3603.932,28.521,NA,NA,1533.43,768.243,-3169.656,1,"KelliiWood",95,"N/A",2022,7,13,"Line",NA,NA,NA,NA,"rockfish","rosethorn",150,150,4,"","",NA,"",NA
"342","SL_2022_CSEO_Dive_07_09-45-45.000.avi",17765,"10:04:50",NA,NA,NA,26.465,1.059,3563.208,13.93,NA,NA,15.214,843.822,-3461.818,1,"KelliiWood",95,"N/A",2022,7,13,"Line",NA,NA,NA,NA,"rockfish","rosethorn",150,150,5,"","",NA,"",NA
"343","SL_2022_CSEO_Dive_07_09-45-45.000.avi",19641,"10:05:53",NA,NA,452.381,56.806,2.021,5017.386,23.203,5.74,0.812,-1567.283,1204.695,-4611.561,1,"KelliiWood",95,"N/A",2022,7,13,"Line",NA,NA,NA,NA,"rockfish","yelloweye",145,145,6,"AD","Fish milling/hovering",NA,"",NA
"344","SL_2022_CSEO_Dive_07_09-45-45.000.avi",21326,"10:06:49",NA,NA,NA,8.697,1.228,2064.027,6.437,NA,NA,-133.893,-196.937,-2050.243,1,"KelliiWood",95,"N/A",2022,7,13,"Line",NA,NA,NA,NA,"rockfish","yelloweye",145,145,7,"JV","Fish seeking cover",NA,"NO LENGTH - hiding in rocks",NA
"345","SL_2022_CSEO_Dive_07_09-45-45.000.avi",23706,"10:08:08",NA,NA,NA,58.566,1.297,5199.329,15.898,NA,NA,-373.994,1354.221,-5005.92,1,"KelliiWood",95,"N/A",2022,7,13,"Line",NA,NA,NA,NA,"rockfish","yelloweye",145,145,8,"SU","Fish milling/hovering",NA,"NO LENGTH - facing ROV",NA
"346","SL_2022_CSEO_Dive_07_09-45-45.000.avi",24147,"10:08:23",NA,NA,NA,17.092,0.289,2854.735,30.039,NA,NA,-1428.687,21.365,-2471.418,1,"KelliiWood",95,"N/A",2022,7,13,"Line",NA,NA,NA,NA,"rockfish","rosethorn",150,150,9,"","",NA,"",NA
"347","SL_2022_CSEO_Dive_07_09-45-45.000.avi",25615,"10:09:12",NA,NA,NA,14.812,2.569,2694.002,10.041,NA,NA,-7.038,459.034,-2654.597,1,"KelliiWood",95,"N/A",2022,7,13,"Line",NA,NA,NA,NA,"rockfish","quillback",147,147,10,"","",NA,"",NA
"348","SL_2022_CSEO_Dive_07_09-45-45.000.avi",27711,"10:10:22",NA,NA,NA,47.177,2.059,4510.923,19.036,NA,NA,-888.803,1155.4,-4268.9,1,"KelliiWood",95,"N/A",2022,7,13,"Line",NA,NA,NA,NA,"rockfish","rosethorn",150,150,11,"","",NA,"",NA
"349","SL_2022_CSEO_Dive_07_09-45-45.000.avi",31120,"10:12:15",NA,NA,NA,21.584,0.529,3244.522,8.176,NA,NA,419.738,-204.479,-3210.752,1,"KelliiWood",95,"N/A",2022,7,13,"Line",NA,NA,NA,NA,"rockfish","rosethorn",150,150,12,"","",NA,"",NA
"350","SL_2022_CSEO_Dive_07_09-45-45.000.avi",31644,"10:12:33",NA,NA,NA,66.67,0.245,5371.186,18.582,NA,NA,-1434.384,913.478,-5094.874,1,"KelliiWood",95,"N/A",2022,7,13,"Line",NA,NA,NA,NA,"rockfish","rosethorn",150,150,13,"","",NA,"",NA
"351","SL_2022_CSEO_Dive_07_09-45-45.000.avi",33529,"10:13:36",NA,NA,NA,52.5,1.094,4744.451,24.549,NA,NA,-1820.871,737.646,-4318.579,1,"KelliiWood",95,"N/A",2022,7,13,"Line",NA,NA,NA,NA,"rockfish","rosethorn",150,150,14,"","",NA,"",NA
"352","SL_2022_CSEO_Dive_07_09-45-45.000.avi",33940,"10:13:49",NA,NA,NA,24.775,0.167,3415.163,29.219,NA,NA,-1665.683,-81.1,-2980.312,1,"KelliiWood",95,"N/A",2022,7,13,"Line",NA,NA,NA,NA,"rockfish","rosethorn",150,150,15,"","",NA,"",NA
"353","SL_2022_CSEO_Dive_07_09-45-45.000.avi",35614,"10:14:45",NA,NA,NA,31.128,1.379,3840.383,30.05,NA,NA,1904.467,253.601,-3325.242,1,"KelliiWood",95,"N/A",2022,7,13,"Line",NA,NA,NA,NA,"rockfish","rosethorn",150,150,16,"","",NA,"",NA
"354","SL_2022_CSEO_Dive_07_09-45-45.000.avi",36317,"10:15:09",NA,NA,NA,7.79,0.524,1958.47,6.761,NA,NA,-230.535,-11.229,-1944.822,1,"KelliiWood",95,"N/A",2022,7,13,"Line",NA,NA,NA,NA,"rockfish","rosethorn",150,150,17,"","",NA,"",NA
"355","SL_2022_CSEO_Dive_07_09-45-45.000.avi",37214,"10:15:38",NA,NA,NA,39.641,0.072,4276.152,31.236,NA,NA,-2145.217,546.802,-3658.487,1,"KelliiWood",95,"N/A",2022,7,13,"Line",NA,NA,NA,NA,"rockfish","rosethorn",150,150,18,"","",NA,"",NA
"356","SL_2022_CSEO_Dive_07_09-45-45.000.avi",42234,"10:18:26",NA,NA,NA,19.969,2.369,3092.573,10.1,NA,NA,492.876,214.062,-3045.531,1,"KelliiWood",95,"N/A",2022,7,13,"Line",NA,NA,NA,NA,"rockfish","rosethorn",150,150,19,"","",NA,"",NA
"357","SL_2022_CSEO_Dive_07_09-45-45.000.avi",43323,"10:19:02",NA,NA,NA,56.763,2.767,5031.419,16.83,NA,NA,1327.772,579.986,-4818.279,1,"KelliiWood",95,"N/A",2022,7,13,"Line",NA,NA,NA,NA,"rockfish","rosethorn",150,150,20,"","",NA,"",NA
"358","SL_2022_CSEO_Dive_07_09-45-45.000.avi",45286,"10:20:08",NA,NA,NA,23.347,0.204,3198.49,16.758,NA,NA,707.696,579.045,-3064.998,1,"KelliiWood",95,"N/A",2022,7,13,"Line",NA,NA,NA,NA,"rockfish","rosethorn",150,150,21,"","",NA,"",NA
"359","SL_2022_CSEO_Dive_07_09-45-45.000.avi",46062,"10:20:33",NA,NA,NA,43.555,0.573,4483.647,19.533,NA,NA,1496.457,72.352,-4225.928,1,"KelliiWood",95,"N/A",2022,7,13,"Line",NA,NA,NA,NA,"rockfish","rosethorn",150,150,22,"","",NA,"",NA
"360","SL_2022_CSEO_Dive_07_09-45-45.000.avi",46227,"10:20:39",NA,NA,NA,64.305,1.096,5673.985,8.606,NA,NA,829.986,156.626,-5610.766,1,"KelliiWood",95,"N/A",2022,7,13,"Line",NA,NA,NA,NA,"rockfish","rosethorn",150,150,23,"","",NA,"",NA
"361","SL_2022_CSEO_Dive_07_09-45-45.000.avi",48141,"10:21:43",NA,NA,NA,17.505,0.261,2872.723,12.732,NA,NA,-624.691,91.684,-2802.48,1,"KelliiWood",95,"N/A",2022,7,13,"Line",NA,NA,NA,NA,"halibut","halibut",200,200,24,"","",NA,"NO LENGTH - wrong angle",NA
"362","SL_2022_CSEO_Dive_07_09-45-45.000.avi",48402,"10:21:51",NA,NA,340.986,16.79,0.897,1985.508,20.857,39.215,22.225,692.459,-142.189,-1855.404,1,"KelliiWood",95,"N/A",2022,7,13,"Line",NA,NA,NA,NA,"halibut","halibut",200,200,25,"","",NA,"",NA
"363","SL_2022_CSEO_Dive_07_09-45-45.000.avi",48402,"10:21:51",NA,NA,NA,66.126,2.545,5387.201,17.509,NA,NA,-898.462,1328.378,-5142.967,1,"KelliiWood",95,"N/A",2022,7,13,"Line",NA,NA,NA,NA,"rockfish","rosethorn",150,150,26,"","",NA,"",NA
"364","SL_2022_CSEO_Dive_07_09-45-45.000.avi",49455,"10:22:26",NA,NA,NA,16.397,0.14,2691.471,23.616,NA,NA,1047.928,243.963,-2467.052,1,"KelliiWood",95,"N/A",2022,7,13,"Line",NA,NA,NA,NA,"rockfish","rosethorn",150,150,27,"","",NA,"",NA
"365","SL_2022_CSEO_Dive_07_09-45-45.000.avi",57202,"10:26:45",NA,NA,437.121,62.02,1.815,3396.938,20.537,59.62,22.765,-978.829,679.695,-3181.053,1,"KelliiWood",95,"N/A",2022,7,13,"Line",NA,NA,NA,NA,"rockfish","yelloweye",145,145,28,"AD","Fish milling/hovering",NA,"",NA
"366","SL_2022_CSEO_Dive_07_09-45-45.000.avi",58588,"10:27:31",NA,NA,NA,20.951,0.121,3094.945,19.798,NA,NA,1045.959,58.317,-2912.259,1,"KelliiWood",95,"N/A",2022,7,13,"Line",NA,NA,NA,NA,"rockfish","rosethorn",150,150,29,"","",NA,"",NA
"367","SL_2022_CSEO_Dive_07_09-45-45.000.avi",60206,"10:28:25",NA,NA,676.763,22.475,0.573,3076.548,16.683,13.696,1.041,-669.934,-575.566,-2947.042,1,"KelliiWood",95,"N/A",2022,7,13,"Line",NA,NA,NA,NA,"rockfish","yelloweye",145,145,30,"AD","Fish milling/hovering",NA,"Gravid female",NA
"368","SL_2022_CSEO_Dive_07_09-45-45.000.avi",62578,"10:29:44",NA,NA,NA,10.203,0.651,2117.964,17.701,NA,NA,-617.151,-192.031,-2016.934,1,"KelliiWood",95,"N/A",2022,7,13,"Line",NA,NA,NA,NA,"rockfish","greenstripe",135,135,31,"","",NA,"",NA
"369","SL_2022_CSEO_Dive_07_09-45-45.000.avi",65282,"10:31:14",NA,NA,NA,14.675,0.417,2698.13,7.038,NA,NA,273.717,174.706,-2678.519,1,"KelliiWood",95,"N/A",2022,7,13,"Line",NA,NA,NA,NA,"rockfish","rosethorn",150,150,32,"","",NA,"",NA
"370","SL_2022_CSEO_Dive_07_09-45-45.000.avi",66528,"10:31:56",NA,NA,NA,47.082,0.019,4721.771,16.463,NA,NA,92.066,1316.818,-4533.502,1,"KelliiWood",95,"N/A",2022,7,13,"Line",NA,NA,NA,NA,"rockfish","rosethorn",150,150,33,"","",NA,"",NA
"371","SL_2022_CSEO_Dive_07_09-45-45.000.avi",67043,"10:32:13",NA,NA,NA,49.204,1.397,4849.772,14.517,NA,NA,-118.237,1191.14,-4699.734,1,"KelliiWood",95,"N/A",2022,7,13,"Line",NA,NA,NA,NA,"rockfish","rosethorn",150,150,34,"","",NA,"",NA
"372","SL_2022_CSEO_Dive_07_09-45-45.000.avi",68029,"10:32:46",NA,NA,602.327,130.429,1.067,5528.17,17.869,49.894,37.667,746.01,1523.415,-5261.496,1,"KelliiWood",95,"N/A",2022,7,13,"Line",NA,NA,NA,NA,"rockfish","yelloweye",145,145,35,"AD","Fish milling/hovering",NA,"",NA
"373","SL_2022_CSEO_Dive_07_09-45-45.000.avi",68676,"10:33:07",NA,NA,NA,74.937,0.763,5841.63,30.162,NA,NA,2805.599,842.096,-5054.12,1,"KelliiWood",95,"N/A",2022,7,13,"Line",NA,NA,NA,NA,"rockfish","rosethorn",150,150,36,"","",NA,"",NA
"374","SL_2022_CSEO_Dive_07_09-45-45.000.avi",69476,"10:33:34",NA,NA,NA,34.001,1.487,3954.007,29.952,NA,NA,1915.123,465.317,-3427.821,1,"KelliiWood",95,"N/A",2022,7,13,"Line",NA,NA,NA,NA,"rockfish","rosethorn",150,150,37,"","",NA,"",NA
"375","SL_2022_CSEO_Dive_07_09-45-45.000.avi",70377,"10:34:04",NA,NA,NA,25.482,4.859,3413.184,17.773,NA,NA,-1034.094,113.943,-3250.768,1,"KelliiWood",95,"N/A",2022,7,13,"Line",NA,NA,NA,NA,"rockfish","rosethorn",150,150,38,"","",NA,"",NA
"376","SL_2022_CSEO_Dive_07_09-45-45.000.avi",71693,"10:34:48",NA,NA,NA,79.196,1.862,6029.445,34.194,NA,NA,2818.605,1860.804,-4994.706,1,"KelliiWood",95,"N/A",2022,7,13,"Line",NA,NA,NA,NA,"rockfish","yelloweye",145,145,39,"AD","Fish milling/hovering",NA,"NO LENGTH - partial view only",NA
"377","SL_2022_CSEO_Dive_07_09-45-45.000.avi",73005,"10:35:32",NA,NA,NA,12.158,0.49,2277.12,20.867,NA,NA,-740.323,-339.933,-2126.416,1,"KelliiWood",95,"N/A",2022,7,13,"Line",NA,NA,NA,NA,"rockfish","yelloweye",145,145,40,"AD","Fish chasing other fish",NA,"NO LENGTH - Partial view only",NA
"378","SL_2022_CSEO_Dive_07_09-45-45.000.avi",73242,"10:35:39",NA,NA,NA,26.744,1.621,3763.122,3.684,NA,NA,-229.18,62.13,-3755.622,1,"KelliiWood",95,"N/A",2022,7,13,"Line",NA,NA,NA,NA,"rockfish","rosethorn",150,150,41,"","",NA,"",NA
"379","SL_2022_CSEO_Dive_07_09-45-45.000.avi",73242,"10:35:39",NA,NA,NA,18.022,0.789,3007.287,6.838,NA,NA,-336.282,110.941,-2986.366,1,"KelliiWood",95,"N/A",2022,7,13,"Line",NA,NA,NA,NA,"rockfish","silvergray",157,157,42,"","",NA,"",NA
"380","SL_2022_CSEO_Dive_07_09-45-45.000.avi",74729,"10:36:29",NA,NA,NA,18.4,1.534,2891.221,17.394,NA,NA,856.488,-127.066,-2758.522,1,"KelliiWood",95,"N/A",2022,7,13,"Line",NA,NA,NA,NA,"rockfish","tiger",148,148,43,"","",NA,"",NA
"381","SL_2022_CSEO_Dive_07_09-45-45.000.avi",74899,"10:36:35",NA,NA,NA,57.138,1.017,4913.958,27.744,NA,NA,-1939.766,1195.077,-4353.858,1,"KelliiWood",95,"N/A",2022,7,13,"Line",NA,NA,NA,NA,"rockfish","yelloweye",145,145,44,"JV","Fish milling/hovering",NA,"NO LENGTH - hiding in rocks",NA
"382","SL_2022_CSEO_Dive_08_11-20-06.000.avi",3367,"11:32:41",NA,NA,NA,39.768,0.237,4194.762,24.418,NA,NA,1679.292,417.236,-3821.246,1,"KelliiWood",115,"N/A",2022,8,12,"Line",NA,NA,NA,NA,"rockfish","rosethorn",150,150,1,"","",NA,"",NA
"383","SL_2022_CSEO_Dive_08_11-20-06.000.avi",3853,"11:32:57",NA,NA,785.355,105.456,0.681,4651.612,31.284,87.237,27.175,-2176.473,1047.689,-3975.275,1,"KelliiWood",115,"N/A",2022,8,12,"Line",NA,NA,NA,NA,"rockfish","yelloweye",145,145,2,"AD","Fish milling/hovering",NA,"",NA
"384","SL_2022_CSEO_Dive_08_11-20-06.000.avi",4040,"11:33:04",NA,NA,NA,26.97,0.532,3549.03,31.579,NA,NA,-1810.56,407.442,-3025.141,1,"KelliiWood",115,"N/A",2022,8,12,"Line",NA,NA,NA,NA,"rockfish","yelloweye",145,145,3,"SU","Fish milling/hovering",NA,"NO LENGTH - facing ROV",NA
"385","SL_2022_CSEO_Dive_08_11-20-06.000.avi",4126,"11:33:07",NA,NA,539.095,79.756,2.113,4919.165,24.147,22.273,8.448,-1787.286,924.628,-4488.748,1,"KelliiWood",115,"N/A",2022,8,12,"Line",NA,NA,NA,NA,"rockfish","yelloweye",145,145,4,"AD","Fish milling/hovering",NA,"",NA
"386","SL_2022_CSEO_Dive_08_11-20-06.000.avi",5079,"11:33:38",NA,NA,NA,16.09,0.492,2662.268,21.077,NA,NA,-930.242,216.556,-2485.04,1,"KelliiWood",115,"N/A",2022,8,12,"Line",NA,NA,NA,NA,"halibut","halibut",200,200,5,"","",NA,"NO LENGTH - just showing tail",NA
"387","SL_2022_CSEO_Dive_08_11-20-06.000.avi",6672,"11:34:31",NA,NA,NA,19.692,1.93,2923.453,20.621,NA,NA,-963.274,352.603,-2737.582,1,"KelliiWood",115,"N/A",2022,8,12,"Line",NA,NA,NA,NA,"rockfish","rosethorn",150,150,6,"","",NA,"",NA
"388","SL_2022_CSEO_Dive_08_11-20-06.000.avi",8293,"11:35:25",NA,NA,NA,55.334,2.479,4844.5,26.252,NA,NA,-1045.216,1853.239,-4352.264,1,"KelliiWood",115,"N/A",2022,8,12,"Line",NA,NA,NA,NA,"rockfish","canary",146,146,7,"","",NA,"",NA
"389","SL_2022_CSEO_Dive_08_11-20-06.000.avi",10429,"11:36:37",NA,NA,NA,47.899,0.549,4576.436,29.3,NA,NA,2019.112,953.115,-3994.813,1,"KelliiWood",115,"N/A",2022,8,12,"Line",NA,NA,NA,NA,"rockfish","rosethorn",150,150,8,"","",NA,"",NA
"390","SL_2022_CSEO_Dive_08_11-20-06.000.avi",12811,"11:37:56",NA,NA,NA,48.042,3.501,4574.075,23.125,NA,NA,-1714.417,519.649,-4208.67,1,"KelliiWood",115,"N/A",2022,8,12,"Line",NA,NA,NA,NA,"rockfish","rosethorn",150,150,9,"","",NA,"",NA
"391","SL_2022_CSEO_Dive_08_11-20-06.000.avi",16343,"11:39:54",NA,NA,NA,14.033,0.526,2518.95,22.647,NA,NA,965.79,79.992,-2325.072,1,"KelliiWood",115,"N/A",2022,8,12,"Line",NA,NA,NA,NA,"rockfish","rosethorn",150,150,10,"","",NA,"",NA
"392","SL_2022_CSEO_Dive_08_11-20-06.000.avi",21059,"11:42:31",NA,NA,NA,51.035,0.382,4884.144,20.327,NA,NA,-75.974,1676.611,-4586.727,1,"KelliiWood",115,"N/A",2022,8,12,"Line",NA,NA,NA,NA,"rockfish","silvergray",157,157,11,"","",NA,"",NA
"393","SL_2022_CSEO_Dive_08_11-20-06.000.avi",21797,"11:42:56",NA,NA,651.616,72.925,4.037,4011.466,30.822,58.157,22.596,-1710.569,1139.469,-3444.913,1,"KelliiWood",115,"N/A",2022,8,12,"Line",NA,NA,NA,NA,"rockfish","yelloweye",145,145,12,"AD","Attracted",NA,"",NA
"394","SL_2022_CSEO_Dive_08_11-20-06.000.avi",23212,"11:43:43",NA,NA,NA,7.128,2.847,1821.057,30.188,NA,NA,-911.35,-95.554,-1573.709,1,"KelliiWood",115,"N/A",2022,8,12,"Line",NA,NA,NA,NA,"sablefish","sablefish",710,710,13,"","",NA,"",NA
"395","SL_2022_CSEO_Dive_08_11-20-06.000.avi",25784,"11:45:08",NA,NA,NA,6.613,1.51,1666.059,27.805,NA,NA,476.558,-619.773,-1471.233,1,"KelliiWood",115,"N/A",2022,8,12,"Line",NA,NA,NA,NA,"rockfish","rosethorn",150,150,14,"","",NA,"",NA
"396","SL_2022_CSEO_Dive_08_11-20-06.000.avi",27151,"11:45:54",NA,NA,NA,16.697,3.878,2854.567,8.898,NA,NA,416.842,134.232,-2820.776,1,"KelliiWood",115,"N/A",2022,8,12,"Line",NA,NA,NA,NA,"rockfish","rosethorn",150,150,15,"","",NA,"",NA
"397","SL_2022_CSEO_Dive_08_11-20-06.000.avi",27996,"11:46:22",NA,NA,NA,33.663,4.686,3891.246,15.268,NA,NA,-925.319,425.136,-3755.641,1,"KelliiWood",115,"N/A",2022,8,12,"Line",NA,NA,NA,NA,"rockfish","rosethorn",150,150,16,"","",NA,"",NA
"398","SL_2022_CSEO_Dive_08_11-20-06.000.avi",29402,"11:47:09",NA,NA,NA,46.237,2.492,4544.638,17.077,NA,NA,576.37,1186.267,-4349.058,1,"KelliiWood",115,"N/A",2022,8,12,"Line",NA,NA,NA,NA,"rockfish","rosethorn",150,150,17,"","",NA,"",NA
"399","SL_2022_CSEO_Dive_08_11-20-06.000.avi",30465,"11:47:45",NA,NA,167.14,19.798,2.212,2606.302,21.265,13.823,4.044,944.221,44.624,-2428.84,1,"KelliiWood",115,"N/A",2022,8,12,"Line",NA,NA,NA,NA,"rockfish","yelloweye",145,145,18,"JV","Fish milling/hovering",NA,"",NA
"400","SL_2022_CSEO_Dive_08_11-20-06.000.avi",30852,"11:47:57",NA,NA,NA,32.038,3.382,3760.543,22.29,NA,NA,-1388.579,312.268,-3480.808,1,"KelliiWood",115,"N/A",2022,8,12,"Line",NA,NA,NA,NA,"rockfish","rosethorn",150,150,19,"","",NA,"",NA
"401","SL_2022_CSEO_Dive_08_11-20-06.000.avi",31136,"11:48:07",NA,NA,NA,11.853,1.282,2267.099,22.776,NA,NA,-298.245,-833.793,-2087.002,1,"KelliiWood",115,"N/A",2022,8,12,"Line",NA,NA,NA,NA,"rockfish","rosethorn",150,150,20,"","",NA,"",NA
"402","SL_2022_CSEO_Dive_08_11-20-06.000.avi",33463,"11:49:24",NA,NA,NA,8.216,0.751,1966.21,29.07,NA,NA,954.904,22.029,-1718.62,1,"KelliiWood",115,"N/A",2022,8,12,"Line",NA,NA,NA,NA,"rockfish","yelloweye",145,145,21,"SU","Fish milling/hovering",NA,"NO LENGTH - wrong angle",NA
"403","SL_2022_CSEO_Dive_08_11-20-06.000.avi",39127,"11:52:33",NA,NA,NA,9.631,1.779,2060.886,26.366,NA,NA,882.54,235.103,-1847.458,1,"KelliiWood",115,"N/A",2022,8,12,"Line",NA,NA,NA,NA,"rockfish","rosethorn",150,150,22,"","",NA,"",NA
"404","SL_2022_CSEO_Dive_08_11-20-06.000.avi",40832,"11:53:30",NA,NA,NA,7.168,2.237,1797.145,15.695,NA,NA,-482.277,-68.131,-1729.884,1,"KelliiWood",115,"N/A",2022,8,12,"Line",NA,NA,NA,NA,"halibut","halibut",200,200,23,"","",NA,"",NA
"405","SL_2022_CSEO_Dive_08_11-20-06.000.avi",44622,"11:55:36",NA,NA,NA,13.55,0.568,2478.624,16.85,NA,NA,710.832,-113.886,-2371.777,1,"KelliiWood",115,"N/A",2022,8,12,"Line",NA,NA,NA,NA,"rockfish","rosethorn",150,150,24,"","",NA,"",NA
"406","SL_2022_CSEO_Dive_08_11-20-06.000.avi",46398,"11:56:36",NA,NA,NA,28.948,0.115,3699.554,10.453,NA,NA,-473.358,461.269,-3640.036,1,"KelliiWood",115,"N/A",2022,8,12,"Line",NA,NA,NA,NA,"rockfish","rosethorn",150,150,25,"","",NA,"",NA
"407","SL_2022_CSEO_Dive_08_11-20-06.000.avi",47008,"11:56:56",NA,NA,NA,20.736,1.332,3153.386,9.696,NA,NA,-284.235,436.169,-3110.115,1,"KelliiWood",115,"N/A",2022,8,12,"Line",NA,NA,NA,NA,"rockfish","rosethorn",150,150,26,"","",NA,"",NA
"408","SL_2022_CSEO_Dive_08_11-20-06.000.avi",49724,"11:58:26",NA,NA,NA,16.484,2.027,2832.679,31.307,NA,NA,-1471.694,15.75,-2420.318,1,"KelliiWood",115,"N/A",2022,8,12,"Line",NA,NA,NA,NA,"rockfish","rosethorn",150,150,27,"","",NA,"",NA
"409","SL_2022_CSEO_Dive_08_11-20-06.000.avi",50667,"11:58:58",NA,NA,NA,12.898,0.499,2533.64,7.643,NA,NA,74.75,318.523,-2512.427,1,"KelliiWood",115,"N/A",2022,8,12,"Line",NA,NA,NA,NA,"rockfish","rosethorn",150,150,28,"","",NA,"",NA
"410","SL_2022_CSEO_Dive_08_11-20-06.000.avi",51272,"11:59:18",NA,NA,NA,7.568,0.156,1818.632,19.559,NA,NA,-585.531,159.93,-1714.35,1,"KelliiWood",115,"N/A",2022,8,12,"Line",NA,NA,NA,NA,"rockfish","rosethorn",150,150,29,"","",NA,"",NA
"411","SL_2022_CSEO_Dive_08_11-20-06.000.avi",53574,"12:00:35",NA,NA,NA,27.273,2.212,3447.462,20.402,NA,NA,-498.85,1080.454,-3235.547,1,"KelliiWood",115,"N/A",2022,8,12,"Line",NA,NA,NA,NA,"rockfish","silvergray",157,157,30,"","",NA,"",NA
"412","SL_2022_CSEO_Dive_08_11-20-06.000.avi",55375,"12:01:35",NA,NA,NA,57.487,2.44,5105.593,17.355,NA,NA,471.757,1428.565,-4878.907,1,"KelliiWood",115,"N/A",2022,8,12,"Line",NA,NA,NA,NA,"rockfish","yelloweye",145,145,31,"AD","Fish milling/hovering",NA,"NO LENGTH - hidden by rocks",NA
"413","SL_2022_CSEO_Dive_08_11-20-06.000.avi",56136,"12:02:00",NA,NA,NA,17.051,1.095,2936.238,6.04,NA,NA,-168.805,247.099,-2920.949,1,"KelliiWood",115,"N/A",2022,8,12,"Line",NA,NA,NA,NA,"rockfish","rosethorn",150,150,32,"","",NA,"",NA
"414","SL_2022_CSEO_Dive_08_11-20-06.000.avi",57361,"12:02:41",NA,NA,NA,30.708,1.683,3836.795,31.935,NA,NA,-2003.51,310.597,-3257.372,1,"KelliiWood",115,"N/A",2022,8,12,"Line",NA,NA,NA,NA,"rockfish","rosethorn",150,150,33,"","",NA,"",NA
"415","SL_2022_CSEO_Dive_08_11-20-06.000.avi",59173,"12:03:41",NA,NA,NA,25.073,1.071,3439.052,33.08,NA,NA,-1796.713,531.812,-2883.761,1,"KelliiWood",115,"N/A",2022,8,12,"Line",NA,NA,NA,NA,"rockfish","yelloweye",145,145,34,"SU","Fish milling/hovering",NA,"NO LENGTH - facing ROV",NA
"416","SL_2022_CSEO_Dive_08_11-20-06.000.avi",60105,"12:04:12",NA,NA,NA,27.474,0.964,3482.929,27.402,NA,NA,1524.849,481.896,-3094.093,1,"KelliiWood",115,"N/A",2022,8,12,"Line",NA,NA,NA,NA,"rockfish","rosethorn",150,150,35,"","",NA,"",NA
"417","SL_2022_CSEO_Dive_08_11-20-06.000.avi",62531,"12:05:33",NA,NA,NA,31.807,0.376,3961.636,31.734,NA,NA,2073.485,192.902,-3370.165,1,"KelliiWood",115,"N/A",2022,8,12,"Line",NA,NA,NA,NA,"rockfish","silvergray",157,157,36,"","",NA,"",NA
"418","SL_2022_CSEO_Dive_08_11-20-06.000.avi",63711,"12:06:13",NA,NA,NA,29.159,0.939,3607.33,15.23,NA,NA,-570.156,742.958,-3483.643,1,"KelliiWood",115,"N/A",2022,8,12,"Line",NA,NA,NA,NA,"rockfish","rosethorn",150,150,37,"","",NA,"",NA
"419","SL_2022_CSEO_Dive_08_11-20-06.000.avi",64770,"12:06:48",NA,NA,NA,10.16,0.412,2305.389,2.603,NA,NA,-47.009,84.346,-2303.366,1,"KelliiWood",115,"N/A",2022,8,12,"Line",NA,NA,NA,NA,"rockfish","rosethorn",150,150,38,"","",NA,"",NA
"420","SL_2022_CSEO_Dive_08_11-20-06.000.avi",68270,"12:08:45",NA,NA,NA,46.501,0.052,4437.902,23.634,NA,NA,1546.289,-896.232,-4062.11,1,"KelliiWood",115,"N/A",2022,8,12,"Line",NA,NA,NA,NA,"rockfish","rosethorn",150,150,39,"","",NA,"",NA
"421","SL_2022_CSEO_Dive_08_11-20-06.000.avi",71207,"12:10:23",NA,NA,NA,23.524,0.695,3227.466,20.185,NA,NA,1071.266,292.26,-3030.43,1,"KelliiWood",115,"N/A",2022,8,12,"Line",NA,NA,NA,NA,"rockfish","rosethorn",150,150,40,"","",NA,"",NA
"422","SL_2022_CSEO_Dive_08_11-20-06.000.avi",73946,"12:11:54",NA,NA,NA,23.279,0.817,3182.356,27.964,NA,NA,-1398.084,510.417,-2812.868,1,"KelliiWood",115,"N/A",2022,8,12,"Line",NA,NA,NA,NA,"rockfish","rosethorn",150,150,41,"","",NA,"",NA
"423","SL_2022_CSEO_Dive_08_11-20-06.000.avi",76142,"12:13:07",NA,NA,NA,22.292,1.161,3134.568,17.996,NA,NA,887.206,376.236,-2982.755,1,"KelliiWood",115,"N/A",2022,8,12,"Line",NA,NA,NA,NA,"rockfish","rosethorn",150,150,42,"","",NA,"",NA
"424","SL_2022_CSEO_Dive_08_11-20-06.000.avi",76919,"12:13:33",NA,NA,NA,18.09,0.926,2936.634,11.108,NA,NA,-547.534,131.02,-2882.162,1,"KelliiWood",115,"N/A",2022,8,12,"Line",NA,NA,NA,NA,"rockfish","rosethorn",150,150,43,"","",NA,"",NA
"425","SL_2022_CSEO_Dive_08_11-20-06.000.avi",79753,"12:15:07",NA,NA,NA,48.908,2.348,4570.131,20.176,NA,NA,1122.307,1089.656,-4294.086,1,"KelliiWood",115,"N/A",2022,8,12,"Line",NA,NA,NA,NA,"rockfish","rosethorn",150,150,44,"","",NA,"",NA
"426","SL_2022_CSEO_Dive_08_11-20-06.000.avi",81934,"12:16:20",NA,NA,NA,20.72,0.911,3027.501,15.65,NA,NA,-662.314,466.196,-2917.15,1,"KelliiWood",115,"N/A",2022,8,12,"Line",NA,NA,NA,NA,"rockfish","rosethorn",150,150,45,"","",NA,"",NA
"427","SL_2022_CSEO_Dive_08_11-20-06.000.avi",82863,"12:16:51",NA,NA,NA,23.58,2.75,3179.085,19.52,NA,NA,-891.121,566.142,-2998.661,1,"KelliiWood",115,"N/A",2022,8,12,"Line",NA,NA,NA,NA,"rockfish","rosethorn",150,150,46,"","",NA,"",NA
"428","SL_2022_CSEO_Dive_08_11-20-06.000.avi",84476,"12:17:45",NA,NA,NA,24.527,0.273,3329.308,14.959,NA,NA,776.369,355.664,-3217.925,1,"KelliiWood",115,"N/A",2022,8,12,"Line",NA,NA,NA,NA,"rockfish","rosethorn",150,150,47,"","",NA,"",NA
"429","SL_2022_CSEO_Dive_08_11-20-06.000.avi",85499,"12:18:19",NA,NA,NA,10.812,0.221,2184.575,21.607,NA,NA,-795.646,-126.838,-2030.573,1,"KelliiWood",115,"N/A",2022,8,12,"Line",NA,NA,NA,NA,"rockfish","rosethorn",150,150,48,"","",NA,"",NA
"430","SL_2022_CSEO_Dive_08_11-20-06.000.avi",85651,"12:18:24",NA,NA,NA,11.87,0.379,2375.459,10.244,NA,NA,-395.257,139.786,-2338.169,1,"KelliiWood",115,"N/A",2022,8,12,"Line",NA,NA,NA,NA,"rockfish","rosethorn",150,150,49,"","",NA,"",NA
"431","SL_2022_CSEO_Dive_09_13-09-48.000.avi",3688,"13:30:05",NA,NA,NA,10.11,0.232,2062.162,27.648,NA,NA,-811.965,-513.706,-1824.646,1,"KelliiWood",100,"N/A",2022,9,10,"Line",NA,NA,NA,NA,"rockfish","rosethorn",150,150,1,"","",NA,"",NA
"432","SL_2022_CSEO_Dive_09_13-09-48.000.avi",4583,"13:30:35",NA,NA,NA,10.498,0.173,2326.162,3.453,NA,NA,-134.76,-47.605,-2321.767,1,"KelliiWood",100,"N/A",2022,9,10,"Line",NA,NA,NA,NA,"rockfish","rosethorn",150,150,2,"","",NA,"",NA
"433","SL_2022_CSEO_Dive_09_13-09-48.000.avi",4872,"13:30:44",NA,NA,NA,28.069,1.096,3666.87,14.279,NA,NA,-12.745,890.073,-3557.182,1,"KelliiWood",100,"N/A",2022,9,10,"Line",NA,NA,NA,NA,"rockfish","canary",146,146,3,"","",NA,"",NA
"434","SL_2022_CSEO_Dive_09_13-09-48.000.avi",23255,"13:40:57",NA,NA,NA,6.521,0.022,1654.453,24.686,NA,NA,-618.002,-315.05,-1502.009,1,"KelliiWood",100,"N/A",2022,9,10,"Line",NA,NA,NA,NA,"rockfish","dusky",172,172,4,"","",NA,"",NA
"435","SL_2022_CSEO_Dive_09_13-09-48.000.avi",23351,"13:41:00",NA,NA,NA,9,0.099,1997.748,22.515,NA,NA,752.496,130.305,-1846.014,1,"KelliiWood",100,"N/A",2022,9,10,"Line",NA,NA,NA,NA,"rockfish","rosethorn",150,150,5,"","",NA,"",NA
"436","SL_2022_CSEO_Dive_09_13-09-48.000.avi",24738,"13:41:47",NA,NA,NA,8.413,0.121,1910.96,23.514,NA,NA,726.151,225.361,-1753.193,1,"KelliiWood",100,"N/A",2022,9,10,"Line",NA,NA,NA,NA,"rockfish","rosethorn",150,150,6,"","",NA,"",NA
"437","SL_2022_CSEO_Dive_09_13-09-48.000.avi",30834,"13:45:10",NA,NA,NA,18.44,1.013,2912.793,13.498,NA,NA,-288.664,604.188,-2834.782,1,"KelliiWood",100,"N/A",2022,9,10,"Line",NA,NA,NA,NA,"rockfish","rosethorn",150,150,7,"","",NA,"",NA
"438","SL_2022_CSEO_Dive_09_13-09-48.000.avi",37333,"13:48:46",NA,NA,NA,11.001,0.435,2146.108,23.673,NA,NA,-516.895,681.567,-1968.264,1,"KelliiWood",100,"N/A",2022,9,10,"Line",NA,NA,NA,NA,"rockfish","rosethorn",150,150,8,"","",NA,"",NA
"439","SL_2022_CSEO_Dive_09_13-09-48.000.avi",38806,"13:49:36",NA,NA,NA,16.295,2.676,2641.248,19.962,NA,NA,503.175,-758.195,-2479.545,1,"KelliiWood",100,"N/A",2022,9,10,"Line",NA,NA,NA,NA,"rockfish","rosethorn",150,150,9,"","",NA,"",NA
"440","SL_2022_CSEO_Dive_09_13-09-48.000.avi",39742,"13:50:07",NA,NA,NA,6.912,0.426,1777.755,15.924,NA,NA,21.528,-494.124,-1707.568,1,"KelliiWood",100,"N/A",2022,9,10,"Line",NA,NA,NA,NA,"rockfish","rosethorn",150,150,10,"","",NA,"",NA
"441","SL_2022_CSEO_Dive_09_13-09-48.000.avi",40293,"13:50:25",NA,NA,NA,36.828,0.828,3919.444,24.731,NA,NA,-1225.886,1074.714,-3564.3,1,"KelliiWood",100,"N/A",2022,9,10,"Line",NA,NA,NA,NA,"rockfish","yelloweye",145,145,11,"AD","Fish milling/hovering",NA,"NO LENGTH - visibility too bad",NA
"442","SL_2022_CSEO_Dive_09_13-09-48.000.avi",42209,"13:51:29",NA,NA,NA,9.435,0.006,2164.015,5.604,NA,NA,-142.392,-164.755,-2153.031,1,"KelliiWood",100,"N/A",2022,9,10,"Line",NA,NA,NA,NA,"rockfish","rosethorn",150,150,12,"","",NA,"",NA
"443","SL_2022_CSEO_Dive_09_13-09-48.000.avi",57615,"14:00:02",NA,NA,NA,9.782,0.281,2033.873,24.179,NA,NA,722.122,407.93,-1857.087,1,"KelliiWood",100,"N/A",2022,9,10,"Line",NA,NA,NA,NA,"rockfish","rosethorn",150,150,13,"","",NA,"",NA
"444","SL_2022_CSEO_Dive_09_13-09-48.000.avi",59716,"14:01:13",NA,NA,NA,10.863,0.019,2169.826,29.271,NA,NA,937.734,488.584,-1894.752,1,"KelliiWood",100,"N/A",2022,9,10,"Line",NA,NA,NA,NA,"rockfish","silvergray",157,157,14,"","",NA,"",NA
"445","SL_2022_CSEO_Dive_09_13-09-48.000.avi",60289,"14:01:32",NA,NA,NA,10.725,0.436,2226.85,30.479,NA,NA,-1114.098,-193.672,-1918.369,1,"KelliiWood",100,"N/A",2022,9,10,"Line",NA,NA,NA,NA,"rockfish","rosethorn",150,150,15,"","",NA,"",NA
"446","SL_2022_CSEO_Dive_09_13-09-48.000.avi",64028,"14:03:36",NA,NA,NA,7.253,0.486,1803.44,28.897,NA,NA,-854.534,-177.451,-1578.188,1,"KelliiWood",100,"N/A",2022,9,10,"Line",NA,NA,NA,NA,"rockfish","rosethorn",150,150,16,"","",NA,"",NA
"447","SL_2022_CSEO_Dive_09_13-09-48.000.avi",67000,"14:05:15",NA,NA,NA,5.494,0.74,1509.201,25.424,NA,NA,-402.596,502.183,-1365.07,1,"KelliiWood",100,"N/A",2022,9,10,"Line",NA,NA,NA,NA,"rockfish","dusky",172,172,17,"","",NA,"",NA
"448","SL_2022_CSEO_Dive_09_13-09-48.000.avi",69885,"14:06:52",NA,NA,NA,7.92,0.901,1924.553,10.365,NA,NA,-300.916,163.75,-1893.816,1,"KelliiWood",100,"N/A",2022,9,10,"Line",NA,NA,NA,NA,"rockfish","rosethorn",150,150,18,"","",NA,"",NA
"449","SL_2022_CSEO_Dive_09_13-09-48.000.avi",73330,"14:08:46",NA,NA,NA,22.575,1.565,3109.738,19.489,NA,NA,-647.093,799.239,-2934.784,1,"KelliiWood",100,"N/A",2022,9,10,"Line",NA,NA,NA,NA,"rockfish","tiger",148,148,19,"","",NA,"",NA
"450","SL_2022_CSEO_Dive_09_13-09-48.000.avi",74440,"14:09:23",NA,NA,NA,13.843,2.284,2417.236,22.249,NA,NA,-530.117,737.109,-2240.24,1,"KelliiWood",100,"N/A",2022,9,10,"Line",NA,NA,NA,NA,"rockfish","rosethorn",150,150,20,"","",NA,"",NA
"451","SL_2022_CSEO_Dive_09_13-09-48.000.avi",76764,"14:10:41",NA,NA,NA,9.89,0.515,2033.114,21.548,NA,NA,-560.085,-501.437,-1889.025,1,"KelliiWood",100,"N/A",2022,9,10,"Line",NA,NA,NA,NA,"rockfish","rosethorn",150,150,21,"","",NA,"",NA
"452","SL_2022_CSEO_Dive_09_13-09-48.000.avi",79972,"14:12:28",NA,NA,NA,16.699,1.366,2742.92,27.472,NA,NA,1235.992,261.218,-2434.687,1,"KelliiWood",100,"N/A",2022,9,10,"Line",NA,NA,NA,NA,"rockfish","rosethorn",150,150,22,"","",NA,"",NA
"453","SL_2022_CSEO_Dive_09_13-09-48.000.avi",83330,"14:14:20",NA,NA,NA,20.842,0.844,3085.569,16.122,NA,NA,-242.118,810.004,-2967.492,1,"KelliiWood",100,"N/A",2022,9,10,"Line",NA,NA,NA,NA,"rockfish","rosethorn",150,150,23,"","",NA,"",NA
"454","SL_2022_CSEO_Dive_09_13-09-48.000.avi",83518,"14:14:26",NA,NA,NA,19.031,0.224,2832.637,21.551,NA,NA,-827.803,619.877,-2637.106,1,"KelliiWood",100,"N/A",2022,9,10,"Line",NA,NA,NA,NA,"rockfish","yelloweye",145,145,24,"SU","Fish resting on bottom",NA,"NO LENGTH - facing camera",NA
"455","SL_2022_CSEO_Dive_09_13-09-48.000.avi",85635,"14:15:37",NA,NA,NA,15.791,0.16,2623.547,26.185,NA,NA,-1108.078,325.89,-2355.623,1,"KelliiWood",100,"N/A",2022,9,10,"Line",NA,NA,NA,NA,"rockfish","rosethorn",150,150,25,"","",NA,"",NA
"456","SL_2022_CSEO_Dive_09_13-09-48.000.avi",86194,"14:15:55",NA,NA,560.662,2.638,1.376,821.246,10.207,27.241,16.736,-53.138,135.476,-808.25,1,"KelliiWood",100,"N/A",2022,9,10,"Line",NA,NA,NA,NA,"halibut","halibut",200,200,26,"","",NA,"",NA
"457","SL_2022_CSEO_Dive_09_13-09-48.000.avi",94005,"14:20:15",NA,NA,NA,21.03,0.739,3056.126,32.393,NA,NA,-1430.301,786.372,-2583.75,1,"KelliiWood",100,"N/A",2022,9,10,"Line",NA,NA,NA,NA,"rockfish","rosethorn",150,150,27,"","",NA,"",NA
"458","SL_2022_CSEO_Dive_09_13-09-48.000.avi",95692,"14:21:12",NA,NA,NA,21.89,0.248,3103.413,22.998,NA,NA,359.046,1146.671,-2861.364,1,"KelliiWood",100,"N/A",2022,9,10,"Line",NA,NA,NA,NA,"rockfish","rosethorn",150,150,28,"","",NA,"",NA
"459","SL_2022_CSEO_Dive_09_13-09-48.000.avi",96124,"14:21:26",NA,NA,NA,13.016,0.027,2481.771,12.097,NA,NA,-125.227,495.093,-2428.66,1,"KelliiWood",100,"N/A",2022,9,10,"Line",NA,NA,NA,NA,"rockfish","rosethorn",150,150,29,"","",NA,"",NA
"460","SL_2022_CSEO_Dive_09_13-09-48.000.avi",97150,"14:22:00",NA,NA,NA,11.366,1.151,2210.1,24.065,NA,NA,832.509,337.038,-2019.375,1,"KelliiWood",100,"N/A",2022,9,10,"Line",NA,NA,NA,NA,"rockfish","rosethorn",150,150,30,"","",NA,"",NA
"461","SL_2022_CSEO_Dive_09_13-09-48.000.avi",99336,"14:23:13",NA,NA,NA,27.727,2.105,3573.885,17.379,NA,NA,-1067.068,-43.717,-3410.587,1,"KelliiWood",100,"N/A",2022,9,10,"Line",NA,NA,NA,NA,"rockfish","yellowtail",155,155,31,"","",NA,"",NA
"462","SL_2022_CSEO_Dive_09_13-09-48.000.avi",99618,"14:23:23",NA,NA,499.344,52.72,2.858,4865.517,3.097,18.027,13.328,73.869,252.238,-4858.413,1,"KelliiWood",100,"N/A",2022,9,10,"Line",NA,NA,NA,NA,"rockfish","yelloweye",145,145,32,"AD","Fish moving quickly out of frame",NA,"",NA
"463","SL_2022_CSEO_Dive_09_13-09-48.000.avi",100940,"14:24:07",NA,NA,NA,10.589,0.215,2153.436,24.839,NA,NA,877.041,-229.406,-1953.32,1,"KelliiWood",100,"N/A",2022,9,10,"Line",NA,NA,NA,NA,"rockfish","rosethorn",150,150,33,"","",NA,"",NA
"464","SL_2022_CSEO_Dive_10_14-50-39.000.avi",3790,"15:01:17",NA,NA,NA,13.154,0.041,2447.836,12.87,NA,NA,421.107,336.804,-2387.705,1,"KelliiWood",115,"N/A",2022,10,9,"Line",NA,NA,NA,NA,"rockfish","yelloweye",145,145,1,"AD","Fish milling/hovering",NA,"NO LENGTH - facing ROV",NA
"465","SL_2022_CSEO_Dive_10_14-50-39.000.avi",9378,"15:04:24",NA,NA,493.474,12.25,0.451,1779.928,11.651,32.223,18.371,359.391,6.099,-1743.256,1,"KelliiWood",115,"N/A",2022,10,9,"Line",NA,NA,NA,NA,"halibut","halibut",200,200,2,"","",NA,"",NA
"466","SL_2022_CSEO_Dive_10_14-50-39.000.avi",11023,"15:05:18",NA,NA,NA,3.441,0.108,1234.741,12.14,NA,NA,-221.008,-141.166,-1206.57,1,"KelliiWood",115,"N/A",2022,10,9,"Line",NA,NA,NA,NA,"halibut","halibut",200,200,3,"","",NA,"",NA
"467","SL_2022_CSEO_Dive_10_14-50-39.000.avi",11494,"15:05:34",NA,NA,NA,5.321,0.265,1509.749,19.573,NA,NA,-476.141,-176.292,-1421.813,1,"KelliiWood",115,"N/A",2022,10,9,"Line",NA,NA,NA,NA,"halibut","halibut",200,200,4,"","",NA,"",NA
"468","SL_2022_CSEO_Dive_10_14-50-39.000.avi",16979,"15:08:37",NA,NA,401.541,10.06,0.529,1328.91,14.87,59.753,24.786,272.654,-204.849,-1284.406,1,"KelliiWood",115,"N/A",2022,10,9,"Line",NA,NA,NA,NA,"halibut","halibut",200,200,5,"","",NA,"",NA
"469","SL_2022_CSEO_Dive_10_14-50-39.000.avi",19691,"15:10:07",NA,NA,NA,1.958,0.03,895.883,26.529,NA,NA,-220.944,-336.831,-800.21,1,"KelliiWood",115,"N/A",2022,10,9,"Line",NA,NA,NA,NA,"halibut","halibut",200,200,6,"","",NA,"",NA
"470","SL_2022_CSEO_Dive_10_14-50-39.000.avi",32679,"15:17:20",NA,NA,225.957,2.723,1.888,1261.829,13.362,7.596,15.438,-210.137,-202.201,-1227.668,1,"KelliiWood",115,"N/A",2022,10,9,"Line",NA,NA,NA,NA,"halibut","halibut",200,200,7,"","",NA,"",NA
"471","SL_2022_CSEO_Dive_10_14-50-39.000.avi",37413,"15:19:58",NA,NA,NA,12.103,0.631,2375.387,12.533,NA,NA,494.028,137.883,-2319.351,1,"KelliiWood",115,"N/A",2022,10,9,"Line",NA,NA,NA,NA,"rockfish","rosethorn",150,150,8,"","",NA,"",NA
"472","SL_2022_CSEO_Dive_10_14-50-39.000.avi",39857,"15:21:20",NA,NA,NA,16.657,0.151,2794.791,16.098,NA,NA,-39.321,763.174,-2688.285,1,"KelliiWood",115,"N/A",2022,10,9,"Line",NA,NA,NA,NA,"rockfish","tiger",148,148,9,"","",NA,"",NA
"473","SL_2022_CSEO_Dive_10_14-50-39.000.avi",41524,"15:22:15",NA,NA,621.693,88.06,1.918,4179.733,27.866,73.963,28.611,-1808.095,739.941,-3695.057,1,"KelliiWood",115,"N/A",2022,10,9,"Line",NA,NA,NA,NA,"rockfish","yelloweye",145,145,10,"AD","Fish milling/hovering",NA,"",NA
"474","SL_2022_CSEO_Dive_10_14-50-39.000.avi",42153,"15:22:36",NA,NA,NA,31.383,1.38,3821.66,18.072,NA,NA,-122.137,1164.638,-3637.827,1,"KelliiWood",115,"N/A",2022,10,9,"Line",NA,NA,NA,NA,"rockfish","rosethorn",150,150,11,"","",NA,"",NA
"475","SL_2022_CSEO_Dive_10_14-50-39.000.avi",44095,"15:23:41",NA,NA,NA,28.824,2.717,3762.933,31.701,NA,NA,-1974.266,97.683,-3201.937,1,"KelliiWood",115,"N/A",2022,10,9,"Line",NA,NA,NA,NA,"greenling","lingcod",130,130,12,"","",NA,"NO LENGTH - poor visibility",NA
"476","SL_2022_CSEO_Dive_10_14-50-39.000.avi",44418,"15:23:52",NA,NA,NA,13.062,4.03,2480.143,31,NA,NA,-1266.639,-173.71,-2125.22,1,"KelliiWood",115,"N/A",2022,10,9,"Line",NA,NA,NA,NA,"rockfish","rosethorn",150,150,13,"","",NA,"",NA
"477","SL_2022_CSEO_Dive_10_14-50-39.000.avi",51226,"15:27:39",NA,NA,NA,33.835,1.559,4160.291,5.132,NA,NA,-227.691,-310.954,-4142.401,1,"KelliiWood",115,"N/A",2022,10,9,"Line",NA,NA,NA,NA,"rockfish","yelloweye",145,145,14,"AD","Fish milling/hovering",NA,"NO LENGTH - facing ROV",NA
"478","SL_2022_CSEO_Dive_10_14-50-39.000.avi",52946,"15:28:36",NA,NA,NA,7.475,0.059,1911.847,7.081,NA,NA,-30.256,-241.335,-1896.313,1,"KelliiWood",115,"N/A",2022,10,9,"Line",NA,NA,NA,NA,"rockfish","rosethorn",150,150,15,"","",NA,"",NA
"479","SL_2022_CSEO_Dive_10_14-50-39.000.avi",58674,"15:31:47",NA,NA,NA,8.021,0.897,1894.608,24.471,NA,NA,-784.418,-31.66,-1724.305,1,"KelliiWood",115,"N/A",2022,10,9,"Line",NA,NA,NA,NA,"rockfish","greenstripe",135,135,16,"","",NA,"",NA
"480","SL_2022_CSEO_Dive_10_14-50-39.000.avi",62684,"15:34:00",NA,NA,NA,7.218,1.338,1907.975,3.816,NA,NA,93.563,-93.483,-1903.385,1,"KelliiWood",115,"N/A",2022,10,9,"Line",NA,NA,NA,NA,"halibut","halibut",200,200,17,"","",NA,"NO LENGTH - wrong angle",NA
"481","SL_2022_CSEO_Dive_10_14-50-39.000.avi",74035,"15:40:19",NA,NA,NA,24.176,1.905,3205.305,20.13,NA,NA,-786.183,761.755,-3012.578,1,"KelliiWood",115,"N/A",2022,10,9,"Line",NA,NA,NA,NA,"rockfish","rosethorn",150,150,18,"","",NA,"",NA
"482","SL_2022_CSEO_Dive_10_14-50-39.000.avi",80874,"15:44:07",NA,NA,382.024,22.669,1.989,3062.203,28.861,10.491,16.401,-1053.308,1036.927,-2681.868,1,"KelliiWood",115,"N/A",2022,10,9,"Line",NA,NA,NA,NA,"rockfish","yelloweye",145,145,13,"AD","Fish milling/hovering",NA,"",NA
"483","SL_2022_CSEO_Dive_11_16-18-54.000.avi",5438,"16:32:33",NA,NA,430.866,13.814,1.809,2000.77,18.451,26.205,17.221,632.832,22.559,-1897.918,1,"KelliiWood",95,"N/A",2022,11,8,"Line",NA,NA,NA,NA,"halibut","halibut",200,200,1,"","",NA,"",NA
"484","SL_2022_CSEO_Dive_11_16-18-54.000.avi",6035,"16:32:53",NA,NA,NA,7.583,0.418,1838.681,21.549,NA,NA,-675.274,1.85,-1710.19,1,"KelliiWood",95,"N/A",2022,11,8,"Line",NA,NA,NA,NA,"halibut","halibut",200,200,2,"","",NA,"NO LENGTH - wrong angle",NA
"485","SL_2022_CSEO_Dive_11_16-18-54.000.avi",17671,"16:39:21",NA,NA,NA,30.604,1.5,3659.778,20.06,NA,NA,1169.947,441.265,-3439.547,1,"KelliiWood",95,"N/A",2022,11,8,"Line",NA,NA,NA,NA,"rockfish","rosethorn",150,150,3,"","",NA,"",NA
"486","SL_2022_CSEO_Dive_11_16-18-54.000.avi",19337,"16:40:17",NA,NA,NA,26.256,2.53,3553.094,31.208,NA,NA,-1831.357,176.447,-3039.651,1,"KelliiWood",95,"N/A",2022,11,8,"Line",NA,NA,NA,NA,"rockfish","yelloweye",145,145,4,"AD","Fish milling/hovering",NA,"NO LENGTH - partial view",NA
"487","SL_2022_CSEO_Dive_11_16-18-54.000.avi",21259,"16:41:21",NA,NA,NA,23.045,0.525,3181.156,29.036,NA,NA,1419.154,597.133,-2783.736,1,"KelliiWood",95,"N/A",2022,11,8,"Line",NA,NA,NA,NA,"rockfish","rosethorn",150,150,5,"","",NA,"",NA
"488","SL_2022_CSEO_Dive_11_16-18-54.000.avi",27314,"16:44:42",NA,NA,NA,7.905,1.601,1904.084,28.8,NA,NA,907.605,-139.78,-1668.008,1,"KelliiWood",95,"N/A",2022,11,8,"Line",NA,NA,NA,NA,"halibut","halibut",200,200,6,"","",NA,"NO LENGTH - wrong angle",NA
"489","SL_2022_CSEO_Dive_11_16-18-54.000.avi",32063,"16:47:21",NA,NA,NA,26.443,0.125,3530.551,13.255,NA,NA,208.603,768.377,-3439.604,1,"KelliiWood",95,"N/A",2022,11,8,"Line",NA,NA,NA,NA,"rockfish","rosethorn",150,150,7,"","",NA,"",NA
"490","SL_2022_CSEO_Dive_11_16-18-54.000.avi",34750,"16:48:50",NA,NA,NA,14.303,1.77,2593.393,15.067,NA,NA,40.36,662.916,-2506.911,1,"KelliiWood",95,"N/A",2022,11,8,"Line",NA,NA,NA,NA,"rockfish","rosethorn",150,150,8,"","",NA,"",NA
"491","SL_2022_CSEO_Dive_11_16-18-54.000.avi",35294,"16:49:08",NA,NA,NA,57.146,0.662,5326.588,8.114,NA,NA,-347.176,645.687,-5275.898,1,"KelliiWood",95,"N/A",2022,11,8,"Line",NA,NA,NA,NA,"rockfish","yelloweye",145,145,9,"AD","Fish resting on bottom",NA,"NO LENGTH - wrong angle GRAVID",NA
"492","SL_2022_CSEO_Dive_11_16-18-54.000.avi",37673,"16:50:28",NA,NA,NA,7.981,0.876,1842.413,18.273,NA,NA,-425.765,-397.412,-1747.934,1,"KelliiWood",95,"N/A",2022,11,8,"Line",NA,NA,NA,NA,"shrimp","spot",965,965,10,"","",NA,"",NA
"493","SL_2022_CSEO_Dive_11_16-18-54.000.avi",38463,"16:50:54",NA,NA,NA,33.192,2.395,3954.111,10.836,NA,NA,-482.272,550.174,-3885.835,1,"KelliiWood",95,"N/A",2022,11,8,"Line",NA,NA,NA,NA,"rockfish","rosethorn",150,150,11,"","",NA,"",NA
"494","SL_2022_CSEO_Dive_11_16-18-54.000.avi",39631,"16:51:33",NA,NA,NA,12.68,1.149,2378.646,15.129,NA,NA,-577.893,-236.058,-2295.272,1,"KelliiWood",95,"N/A",2022,11,8,"Line",NA,NA,NA,NA,"rockfish","yelloweye",145,145,12,"AD","Fish milling/hovering",NA,"NO LENGTH - partial view only",NA
"495","SL_2022_CSEO_Dive_11_16-18-54.000.avi",43568,"16:53:44",NA,NA,NA,19.758,1.234,2992.771,16.051,NA,NA,-798.843,204.364,-2876.936,1,"KelliiWood",95,"N/A",2022,11,8,"Line",NA,NA,NA,NA,"rockfish","rosethorn",150,150,13,"","",NA,"",NA
"496","SL_2022_CSEO_Dive_11_16-18-54.000.avi",44647,"16:54:20",NA,NA,NA,37.423,2.992,4031.169,24.696,NA,NA,1579.487,569.96,-3664.791,1,"KelliiWood",95,"N/A",2022,11,8,"Line",NA,NA,NA,NA,"rockfish","rosethorn",150,150,14,"","",NA,"",NA
"497","SL_2022_CSEO_Dive_11_16-18-54.000.avi",47694,"16:56:02",NA,NA,NA,22.936,0.377,3153.648,25.038,NA,NA,-1269.105,401.831,-2858.916,1,"KelliiWood",95,"N/A",2022,11,8,"Line",NA,NA,NA,NA,"rockfish","rosethorn",150,150,15,"","",NA,"",NA
"498","SL_2022_CSEO_Dive_11_16-18-54.000.avi",54115,"16:59:36",NA,NA,NA,20.666,1.552,3057.569,23.503,NA,NA,-1218.233,-63.631,-2803.674,1,"KelliiWood",95,"N/A",2022,11,8,"Line",NA,NA,NA,NA,"rockfish","rosethorn",150,150,16,"","",NA,"",NA
"499","SL_2022_CSEO_Dive_11_16-18-54.000.avi",55281,"17:00:15",NA,NA,NA,26.65,1.277,3559.974,12.69,NA,NA,771.702,113.014,-3473.488,1,"KelliiWood",95,"N/A",2022,11,8,"Line",NA,NA,NA,NA,"rockfish","yelloweye",145,145,17,"AD","Fish resting on bottom",NA,"GRAVID - NO LENGTH-wrong angle",NA
"500","SL_2022_CSEO_Dive_11_16-18-54.000.avi",55754,"17:00:30",NA,NA,NA,8.907,1.079,1961.871,30.397,NA,NA,815.787,-572.377,-1689.915,1,"KelliiWood",95,"N/A",2022,11,8,"Line",NA,NA,NA,NA,"rockfish","tiger",148,148,18,"","",NA,"",NA
"501","SL_2022_CSEO_Dive_11_16-18-54.000.avi",56659,"17:01:01",NA,NA,NA,38.474,0.526,4346.699,30.505,NA,NA,2206.061,25.655,-3745.188,1,"KelliiWood",95,"N/A",2022,11,8,"Line",NA,NA,NA,NA,"rockfish","rosethorn",150,150,19,"","",NA,"",NA
"502","SL_2022_CSEO_Dive_11_16-18-54.000.avi",67960,"17:07:17",NA,NA,NA,11.171,1.395,2268.575,14.529,NA,NA,-567.411,-52.749,-2195.836,1,"KelliiWood",95,"N/A",2022,11,8,"Line",NA,NA,NA,NA,"halibut","halibut",200,200,20,"","",NA,"NO LEGNTH - wrong angle",NA
"503","SL_2022_CSEO_Dive_11_16-18-54.000.avi",70829,"17:08:53",NA,NA,NA,50.537,0.404,4816.344,17.764,NA,NA,315.021,1416.956,-4592.403,1,"KelliiWood",95,"N/A",2022,11,8,"Line",NA,NA,NA,NA,"rockfish","rosethorn",150,150,21,"","",NA,"",NA
"504","SL_2022_CSEO_Dive_11_16-18-54.000.avi",72086,"17:09:35",NA,NA,NA,9.827,0.686,2092.882,17.954,NA,NA,624.368,154.473,-1991.596,1,"KelliiWood",95,"N/A",2022,11,8,"Line",NA,NA,NA,NA,"halibut","halibut",200,200,22,"","",NA,"NO LENGTH - partial view only",NA
"505","SL_2022_CSEO_Dive_11_16-18-54.000.avi",77060,"17:12:21",NA,NA,NA,11.893,0.289,2325.003,25.883,NA,NA,-1014.905,-16.519,-2091.73,1,"KelliiWood",95,"N/A",2022,11,8,"Line",NA,NA,NA,NA,"skate","longnose skate",701,701,23,"","",NA,"",NA
"506","SL_2022_CSEO_Dive_12_08-07-25.000.avi",1406,"8:25:02",NA,NA,NA,1.889,0.693,885.359,29.362,NA,NA,-326.653,-289.021,-770.47,1,"KelliiWood",95,"N/A",2022,12,7,"Line",NA,NA,NA,NA,"halibut","halibut",200,200,1,"","",NA,"NO LENGTH - wrong angle",NA
"507","SL_2022_CSEO_Dive_12_08-07-25.000.avi",4413,"8:26:42",NA,NA,372.428,9.818,1.654,1696.815,21.584,21.773,0.858,-624.165,-5.212,-1577.838,1,"KelliiWood",95,"N/A",2022,12,7,"Line",NA,NA,NA,NA,"halibut","halibut",200,200,2,"","",NA,"",NA
"508","SL_2022_CSEO_Dive_12_08-07-25.000.avi",4917,"8:26:59",NA,NA,NA,2.33,0.11,983.599,25.249,NA,NA,-378.689,-184.169,-888.9,1,"KelliiWood",95,"N/A",2022,12,7,"Line",NA,NA,NA,NA,"halibut","halibut",200,200,3,"","",NA,"NO LENGTH - wrong angle",NA
"509","SL_2022_CSEO_Dive_12_08-07-25.000.avi",22266,"8:36:37",NA,NA,NA,3.408,1.038,1206.057,18.858,NA,NA,364.258,-143.444,-1140.752,1,"KelliiWood",95,"N/A",2022,12,7,"Line",NA,NA,NA,NA,"halibut","halibut",200,200,4,"","",NA,"NO LENGTH - partial view",NA
"510","SL_2022_CSEO_Dive_12_08-07-25.000.avi",27086,"8:39:18",NA,NA,392.495,6.403,1.025,1557.221,12.073,16.952,10.011,-325.619,-6.944,-1522.781,1,"KelliiWood",95,"N/A",2022,12,7,"Line",NA,NA,NA,NA,"halibut","halibut",200,200,5,"","",NA,"",NA
"511","SL_2022_CSEO_Dive_12_08-07-25.000.avi",36877,"8:44:44",NA,NA,NA,3.796,0.54,1269.074,27.612,NA,NA,-536.818,-244.906,-1123.563,1,"KelliiWood",95,"N/A",2022,12,7,"Line",NA,NA,NA,NA,"halibut","halibut",200,200,6,"","",NA,"NO LENGTH - wrong angle",NA
"512","SL_2022_CSEO_Dive_12_08-07-25.000.avi",44585,"8:49:01",NA,NA,NA,9.738,0.707,2088.065,14.349,NA,NA,306.696,408.683,-2024.581,1,"KelliiWood",95,"N/A",2022,12,7,"Line",NA,NA,NA,NA,"halibut","halibut",200,200,7,"","",NA,"",NA
"513","SL_2022_CSEO_Dive_12_08-07-25.000.avi",53666,"8:54:04",NA,NA,320.841,13.467,1.646,1984.801,13.789,26.604,13.97,-460.399,108.794,-1927.598,1,"KelliiWood",95,"N/A",2022,12,7,"Line",NA,NA,NA,NA,"halibut","halibut",200,200,8,"","",NA,"",NA
"514","SL_2022_CSEO_Dive_12_08-07-25.000.avi",53975,"8:54:14",NA,NA,307.086,5.232,0.862,1913.06,0.861,9.735,0.354,26.991,9.929,-1912.844,1,"KelliiWood",95,"N/A",2022,12,7,"Line",NA,NA,NA,NA,"halibut","halibut",200,200,9,"","",NA,"",NA
"515","SL_2022_CSEO_Dive_12_08-07-25.000.avi",59079,"8:57:04",NA,NA,NA,19.218,0.907,2912.981,23.456,NA,NA,-1134.31,229.612,-2673.215,1,"KelliiWood",95,"N/A",2022,12,7,"Line",NA,NA,NA,NA,"rockfish","rosethorn",150,150,10,"","",NA,"",NA
"516","SL_2022_CSEO_Dive_12_08-07-25.000.avi",60530,"8:57:53",NA,NA,NA,51.618,0.912,4800.108,15.574,NA,NA,-642.409,-1135.729,-4619.357,1,"KelliiWood",95,"N/A",2022,12,7,"Line",NA,NA,NA,NA,"rockfish","rosethorn",150,150,11,"","",NA,"",NA
"517","SL_2022_CSEO_Dive_12_08-07-25.000.avi",62089,"8:58:45",NA,NA,NA,22.895,0.662,3267.026,27.888,NA,NA,-1528.109,-2.793,-2887.617,1,"KelliiWood",95,"N/A",2022,12,7,"Line",NA,NA,NA,NA,"rockfish","silvergray",157,157,12,"","",NA,"",NA
"518","SL_2022_CSEO_Dive_12_08-07-25.000.avi",65303,"9:00:32",NA,NA,NA,11.195,1.633,2371.327,6.1,NA,NA,-106.777,218.823,-2358.793,1,"KelliiWood",95,"N/A",2022,12,7,"Line",NA,NA,NA,NA,"rockfish","rosethorn",150,150,13,"","",NA,"",NA
"519","SL_2022_CSEO_Dive_12_08-07-25.000.avi",66501,"9:01:12",NA,NA,NA,18.998,0.387,2888.878,23.366,NA,NA,1103.32,298.221,-2653.18,1,"KelliiWood",95,"N/A",2022,12,7,"Line",NA,NA,NA,NA,"rockfish","quillback",147,147,14,"","",NA,"",NA
"520","SL_2022_CSEO_Dive_12_08-07-25.000.avi",67209,"9:01:35",NA,NA,718.19,8.172,1.483,2170.138,14.759,7.547,6.237,-238.357,-498.822,-2098.538,1,"KelliiWood",95,"N/A",2022,12,7,"Line",NA,NA,NA,NA,"greenling","lingcod",130,130,15,"","",NA,"",NA
"521","SL_2022_CSEO_Dive_12_08-07-25.000.avi",69384,"9:02:48",NA,NA,NA,17.849,0.092,2837.729,29.962,NA,NA,-1366.79,364.903,-2459.966,1,"KelliiWood",95,"N/A",2022,12,7,"Line",NA,NA,NA,NA,"rockfish","quillback",147,147,16,"","",NA,"",NA
"522","SL_2022_CSEO_Dive_12_08-07-25.000.avi",69902,"9:03:05",NA,NA,NA,22.065,2.801,3123.762,29.617,NA,NA,1423.382,586.757,-2718.012,1,"KelliiWood",95,"N/A",2022,12,7,"Line",NA,NA,NA,NA,"rockfish","yelloweye",145,145,17,"AD","Fish milling/hovering",NA,"NO LENGTH - wrong angle",NA
"523","SL_2022_CSEO_Dive_12_08-07-25.000.avi",71020,"9:03:42",NA,NA,NA,42.485,1.361,4288.095,24.384,NA,NA,-657.066,1628.264,-3912.133,1,"KelliiWood",95,"N/A",2022,12,7,"Line",NA,NA,NA,NA,"rockfish","yelloweye",145,145,18,"AD","Fish milling/hovering",NA,"NO LENGTH - wrong angle",NA
"524","SL_2022_CSEO_Dive_12_08-07-25.000.avi",71771,"9:04:07",NA,NA,NA,39.719,2.13,4197.802,16.878,NA,NA,-1109.482,488.387,-4018.963,1,"KelliiWood",95,"N/A",2022,12,7,"Line",NA,NA,NA,NA,"rockfish","black",142,142,19,"","",NA,"NO LENGTH - partial view",NA
"525","SL_2022_CSEO_Dive_12_08-07-25.000.avi",74079,"9:05:24",NA,NA,NA,21.858,0.752,3212.927,28.458,NA,NA,1528.532,75.45,-2825.03,1,"KelliiWood",95,"N/A",2022,12,7,"Line",NA,NA,NA,NA,"rockfish","quillback",147,147,20,"","",NA,"",NA
"526","SL_2022_CSEO_Dive_12_08-07-25.000.avi",74649,"9:05:43",NA,NA,NA,13.614,0.213,2443.376,23.234,NA,NA,937.577,-232.694,-2244.302,1,"KelliiWood",95,"N/A",2022,12,7,"Line",NA,NA,NA,NA,"greenling","lingcod",130,130,21,"","",NA,"NO LENGTH - partial view only",NA
"527","SL_2022_CSEO_Dive_12_08-07-25.000.avi",74751,"9:05:47",NA,NA,NA,31.913,1.399,4001.895,8.684,NA,NA,-74.894,583.7,-3958.389,1,"KelliiWood",95,"N/A",2022,12,7,"Line",NA,NA,NA,NA,"rockfish","quillback",147,147,22,"","",NA,"",NA
"528","SL_2022_CSEO_Dive_12_08-07-25.000.avi",78643,"9:07:56",NA,NA,NA,44.214,1.943,4302.387,24.745,NA,NA,-1460.19,1038.38,-3911.54,1,"KelliiWood",95,"N/A",2022,12,7,"Line",NA,NA,NA,NA,"rockfish","tiger",148,148,23,"","",NA,"",NA
"529","SL_2022_CSEO_Dive_12_08-07-25.000.avi",82458,"9:10:04",NA,NA,NA,7.416,0.162,1873.52,10.735,NA,NA,-22.938,-355.58,-1839.324,1,"KelliiWood",95,"N/A",2022,12,7,"Line",NA,NA,NA,NA,"rockfish","rosethorn",150,150,24,"","",NA,"",NA
"530","SL_2022_CSEO_Dive_13_10-21-58.000.avi",13516,"10:41:01",NA,NA,NA,37.903,4.23,4261.553,32.321,NA,NA,-2244.352,-407.327,-3599.695,1,"KelliiWood",120,"N/A",2022,13,6,"Line",NA,NA,NA,NA,"rockfish","rosethorn",150,150,1,"","",NA,"",NA
"531","SL_2022_CSEO_Dive_13_10-21-58.000.avi",14125,"10:41:21",NA,NA,NA,26.579,0.038,3699.959,5.22,NA,NA,244.475,216.624,-3685.513,1,"KelliiWood",120,"N/A",2022,13,6,"Line",NA,NA,NA,NA,"rockfish","rosethorn",150,150,2,"","",NA,"",NA
"532","SL_2022_CSEO_Dive_13_10-21-58.000.avi",16617,"10:42:44",NA,NA,NA,25.65,0.018,3344.367,18.691,NA,NA,-972.363,438.038,-3169.767,1,"KelliiWood",120,"N/A",2022,13,6,"Line",NA,NA,NA,NA,"rockfish","rosethorn",150,150,3,"","",NA,"",NA
"533","SL_2022_CSEO_Dive_13_10-21-58.000.avi",22858,"10:46:12",NA,NA,NA,56.052,1.709,4920.993,26.948,NA,NA,871.877,2035.021,-4394.848,1,"KelliiWood",120,"N/A",2022,13,6,"Line",NA,NA,NA,NA,"rockfish","yelloweye",145,145,4,"AD","Fish milling/hovering",NA,"NO LENGTH - partial view - GRAVID",NA
"534","SL_2022_CSEO_Dive_13_10-21-58.000.avi",22881,"10:46:13",NA,NA,NA,11.39,0.494,2276.115,12.663,NA,NA,438.026,-247.838,-2219.777,1,"KelliiWood",120,"N/A",2022,13,6,"Line",NA,NA,NA,NA,"rockfish","rosethorn",150,150,5,"","",NA,"",NA
"535","SL_2022_CSEO_Dive_13_10-21-58.000.avi",23518,"10:46:34",NA,NA,NA,19.925,1.236,2891.611,23.495,NA,NA,826.021,793.507,-2655.08,1,"KelliiWood",120,"N/A",2022,13,6,"Line",NA,NA,NA,NA,"rockfish","dusky",172,172,6,"","",NA,"",NA
"536","SL_2022_CSEO_Dive_13_10-21-58.000.avi",24644,"10:47:11",NA,NA,NA,0.737,0.205,540.336,12.063,NA,NA,-112.89,0.73,-528.411,1,"KelliiWood",120,"N/A",2022,13,6,"Line",NA,NA,NA,NA,"rockfish","dusky",172,172,7,"","",NA,"",NA
"537","SL_2022_CSEO_Dive_13_10-21-58.000.avi",29867,"10:50:06",NA,NA,NA,12.78,0.137,2405.331,15.462,NA,NA,-628.078,-138.584,-2317.742,1,"KelliiWood",120,"N/A",2022,13,6,"Line",NA,NA,NA,NA,"rockfish","rosethorn",150,150,8,"","",NA,"",NA
"538","SL_2022_CSEO_Dive_13_10-21-58.000.avi",32356,"10:51:29",NA,NA,NA,49.865,0.361,4556.91,24.783,NA,NA,-1393.357,-1323.238,-4131.952,1,"KelliiWood",120,"N/A",2022,13,6,"Line",NA,NA,NA,NA,"rockfish","rosethorn",150,150,9,"","",NA,"",NA
"539","SL_2022_CSEO_Dive_13_10-21-58.000.avi",33141,"10:51:55",NA,NA,NA,22.456,2.769,3234.182,13.033,NA,NA,-714.095,-160.949,-3150.253,1,"KelliiWood",120,"N/A",2022,13,6,"Line",NA,NA,NA,NA,"halibut","halibut",200,200,10,"","",NA,"NO LENGTH - wrong direction",NA
"540","SL_2022_CSEO_Dive_13_10-21-58.000.avi",33229,"10:51:58",NA,NA,NA,39.948,0.65,4180.75,19.994,NA,NA,-1344.979,468.462,-3930.68,1,"KelliiWood",120,"N/A",2022,13,6,"Line",NA,NA,NA,NA,"cod","Pacific cod",110,110,11,"","",NA,"",NA
"541","SL_2022_CSEO_Dive_13_10-21-58.000.avi",34568,"10:52:42",NA,NA,NA,31.896,2.825,3758.28,18.267,NA,NA,490.31,1056.858,-3573.139,1,"KelliiWood",120,"N/A",2022,13,6,"Line",NA,NA,NA,NA,"rockfish","rosethorn",150,150,12,"","",NA,"",NA
"542","SL_2022_CSEO_Dive_13_10-21-58.000.avi",35207,"10:53:04",NA,NA,NA,15.13,0.2,2666.914,13.182,NA,NA,-605.118,50.713,-2596.862,1,"KelliiWood",120,"N/A",2022,13,6,"Line",NA,NA,NA,NA,"rockfish","rosethorn",150,150,13,"","",NA,"",NA
"543","SL_2022_CSEO_Dive_13_10-21-58.000.avi",43700,"10:57:47",NA,NA,NA,14.796,0.01,2627.761,12.963,NA,NA,-143.261,-582.034,-2558.484,1,"KelliiWood",120,"N/A",2022,13,6,"Line",NA,NA,NA,NA,"rockfish","rosethorn",150,150,14,"","",NA,"",NA
"544","SL_2022_CSEO_Dive_13_10-21-58.000.avi",45914,"10:59:00",NA,NA,NA,22.838,1.924,3289.477,11.066,NA,NA,287.211,549.316,-3230.545,1,"KelliiWood",120,"N/A",2022,13,6,"Line",NA,NA,NA,NA,"rockfish","rosethorn",150,150,15,"","",NA,"",NA
"545","SL_2022_CSEO_Dive_13_10-21-58.000.avi",46350,"10:59:15",NA,NA,NA,10.966,0.65,2323.421,6.904,NA,NA,260.192,-110.683,-2306.151,1,"KelliiWood",120,"N/A",2022,13,6,"Line",NA,NA,NA,NA,"rockfish","rosethorn",150,150,16,"","",NA,"",NA
"546","SL_2022_CSEO_Dive_13_10-21-58.000.avi",47249,"10:59:45",NA,NA,NA,26.451,0.187,3598.362,9.469,NA,NA,-181.252,549.347,-3551.559,1,"KelliiWood",120,"N/A",2022,13,6,"Line",NA,NA,NA,NA,"rockfish","rosethorn",150,150,17,"","",NA,"",NA
"547","SL_2022_CSEO_Dive_13_10-21-58.000.avi",48991,"11:00:43",NA,NA,NA,39.54,0.326,4100.627,21.253,NA,NA,-1265.586,764.337,-3824.817,1,"KelliiWood",120,"N/A",2022,13,6,"Line",NA,NA,NA,NA,"rockfish","rosethorn",150,150,18,"","",NA,"",NA
"548","SL_2022_CSEO_Dive_13_10-21-58.000.avi",50994,"11:01:50",NA,NA,NA,35.921,3.939,4063.794,33.687,NA,NA,-2026.614,973.122,-3385.305,1,"KelliiWood",120,"N/A",2022,13,6,"Line",NA,NA,NA,NA,"rockfish","yelloweye",145,145,19,"JV","Fish milling/hovering",NA,"NO LENGTH - partial view",NA
"549","SL_2022_CSEO_Dive_13_10-21-58.000.avi",55332,"11:04:14",NA,NA,NA,29.464,1.331,3749.272,10.996,NA,NA,286.885,640.302,-3683.035,1,"KelliiWood",120,"N/A",2022,13,6,"Line",NA,NA,NA,NA,"rockfish","rosethorn",150,150,20,"","",NA,"",NA
"550","SL_2022_CSEO_Dive_13_10-21-58.000.avi",59515,"11:06:34",NA,NA,NA,28.053,1.134,3471.337,23.621,NA,NA,-1293.319,499.117,-3182.513,1,"KelliiWood",120,"N/A",2022,13,6,"Line",NA,NA,NA,NA,"rockfish","rosethorn",150,150,21,"","",NA,"",NA
"551","SL_2022_CSEO_Dive_13_10-21-58.000.avi",61896,"11:07:53",NA,NA,NA,35.732,1.152,3876.663,26.55,NA,NA,1066.262,-1379.737,-3462.358,1,"KelliiWood",120,"N/A",2022,13,6,"Line",NA,NA,NA,NA,"rockfish","rosethorn",150,150,22,"","",NA,"",NA
"552","SL_2022_CSEO_Dive_13_10-21-58.000.avi",67775,"11:11:09",NA,NA,NA,26.358,2.678,3480.02,28.33,NA,NA,-1637.133,204.686,-3064.055,1,"KelliiWood",120,"N/A",2022,13,6,"Line",NA,NA,NA,NA,"rockfish","rosethorn",150,150,23,"","",NA,"",NA
"553","SL_2022_CSEO_Dive_13_10-21-58.000.avi",68726,"11:11:41",NA,NA,NA,7.191,0.726,1785.393,13.864,NA,NA,300.011,-311.922,-1732.145,1,"KelliiWood",120,"N/A",2022,13,6,"Line",NA,NA,NA,NA,"shrimp","spot",965,965,24,"","",NA,"",NA
"554","SL_2022_CSEO_Dive_13_10-21-58.000.avi",68988,"11:11:50",NA,NA,NA,23.927,1.062,3200.454,23.114,NA,NA,-1154.975,482.667,-2945.5,1,"KelliiWood",120,"N/A",2022,13,6,"Line",NA,NA,NA,NA,"rockfish","rosethorn",150,150,25,"","",NA,"",NA
"555","SL_2022_CSEO_Dive_13_10-21-58.000.avi",71551,"11:13:15",NA,NA,NA,13.011,1.03,2495.029,10.566,NA,NA,444.295,99.264,-2453.145,1,"KelliiWood",120,"N/A",2022,13,6,"Line",NA,NA,NA,NA,"rockfish","rosethorn",150,150,26,"","",NA,"",NA
"556","SL_2022_CSEO_Dive_13_10-21-58.000.avi",72123,"11:13:34",NA,NA,NA,23.064,2.719,3371.99,32.048,NA,NA,-1787.842,-83.682,-2857.785,1,"KelliiWood",120,"N/A",2022,13,6,"Line",NA,NA,NA,NA,"rockfish","rosethorn",150,150,27,"","",NA,"",NA
"557","SL_2022_CSEO_Dive_13_10-21-58.000.avi",73001,"11:14:03",NA,NA,NA,10.282,0.128,2134.66,16.025,NA,NA,548.805,-222.875,-2050.832,1,"KelliiWood",120,"N/A",2022,13,6,"Line",NA,NA,NA,NA,"rockfish","rosethorn",150,150,28,"","",NA,"",NA
"558","SL_2022_CSEO_Dive_13_10-21-58.000.avi",75418,"11:15:24",NA,NA,NA,29.438,0.741,3732.646,13.081,NA,NA,840.278,-101.623,-3635.417,1,"KelliiWood",120,"N/A",2022,13,6,"Line",NA,NA,NA,NA,"rockfish","rosethorn",150,150,29,"","",NA,"",NA
"559","SL_2022_CSEO_Dive_14_12-10-34.000.avi",5625,"12:25:39",NA,NA,NA,3.108,0.122,1130.129,22.368,NA,NA,-309.739,-302.545,-1043.896,1,"KelliiWood",125,"N/A",2022,14,5,"Line",NA,NA,NA,NA,"rockfish","rosethorn",150,150,1,"","",NA,"",NA
"560","SL_2022_CSEO_Dive_14_12-10-34.000.avi",12040,"12:29:13",NA,NA,NA,1.957,0.686,902.567,18.834,NA,NA,137.951,-260.073,-853.204,1,"KelliiWood",125,"N/A",2022,14,5,"Line",NA,NA,NA,NA,"skate","skate",700,700,2,"","",NA,"",NA
"561","SL_2022_CSEO_Dive_14_12-10-34.000.avi",20964,"12:34:11",NA,NA,NA,7.091,0.473,1761.767,24.567,NA,NA,-721.186,-134.536,-1601.753,1,"KelliiWood",125,"N/A",2022,14,5,"Line",NA,NA,NA,NA,"crab","box crab",900,900,3,"","",NA,"",NA
"562","SL_2022_CSEO_Dive_14_12-10-34.000.avi",33994,"12:41:25",NA,NA,NA,6.771,0.455,1721.089,17.866,NA,NA,502.677,-168.192,-1637.429,1,"KelliiWood",125,"N/A",2022,14,5,"Line",NA,NA,NA,NA,"shrimp","spot",965,965,4,"","",NA,"",NA
"563","SL_2022_CSEO_Dive_14_12-10-34.000.avi",36648,"12:42:54",NA,NA,NA,8.631,2.517,2027.224,31.328,NA,NA,-1047.826,107.337,-1732.103,1,"KelliiWood",125,"N/A",2022,14,5,"Line",NA,NA,NA,NA,"octopus","octopus",870,870,5,"","",NA,"",NA
"564","SL_2022_CSEO_Dive_14_12-10-34.000.avi",46261,"12:48:14",NA,NA,NA,14.056,0.272,2552.653,29.09,NA,NA,-1233.849,124.527,-2231.176,1,"KelliiWood",125,"N/A",2022,14,5,"Line",NA,NA,NA,NA,"rockfish","rosethorn",150,150,6,"","",NA,"",NA
"565","SL_2022_CSEO_Dive_14_12-10-34.000.avi",52532,"12:51:43",NA,NA,NA,7.203,0.883,1764.104,26.43,NA,NA,-751.689,-233.27,-1578.8,1,"KelliiWood",125,"N/A",2022,14,5,"Line",NA,NA,NA,NA,"rockfish","rosethorn",150,150,7,"","",NA,"",NA
"566","SL_2022_CSEO_Dive_14_12-10-34.000.avi",53325,"12:52:09",NA,NA,NA,14.666,1.365,2580.656,31.178,NA,NA,-1278.213,-397.498,-2206.343,1,"KelliiWood",125,"N/A",2022,14,5,"Line",NA,NA,NA,NA,"rockfish","rosethorn",150,150,8,"","",NA,"",NA
"567","SL_2022_CSEO_Dive_14_12-10-34.000.avi",53581,"12:52:18",NA,NA,NA,4.749,4.898,1457.573,12.066,NA,NA,-205.112,-231.013,-1424.458,1,"KelliiWood",125,"N/A",2022,14,5,"Line",NA,NA,NA,NA,"rockfish","rosethorn",150,150,9,"","",NA,"",NA
"568","SL_2022_CSEO_Dive_14_12-10-34.000.avi",54131,"12:52:36",NA,NA,NA,33.481,2.885,3793.258,22.003,NA,NA,1278.011,607.542,-3519.43,1,"KelliiWood",125,"N/A",2022,14,5,"Line",NA,NA,NA,NA,"rockfish","redbanded",153,153,10,"","",NA,"",NA
"569","SL_2022_CSEO_Dive_14_12-10-34.000.avi",55103,"12:53:09",NA,NA,NA,16.996,1.288,2799.322,13.21,NA,NA,590.59,234.908,-2726.21,1,"KelliiWood",125,"N/A",2022,14,5,"Line",NA,NA,NA,NA,"rockfish","rosethorn",150,150,11,"","",NA,"",NA
"570","SL_2022_CSEO_Dive_14_12-10-34.000.avi",57262,"12:54:21",NA,NA,NA,29.186,0.733,3835.51,8.412,NA,NA,-37.381,544.652,-3796.458,1,"KelliiWood",125,"N/A",2022,14,5,"Line",NA,NA,NA,NA,"rockfish","silvergray",157,157,12,"","",NA,"",NA
"571","SL_2022_CSEO_Dive_14_12-10-34.000.avi",68000,"13:00:19",NA,NA,NA,23.514,0.599,3389.583,10.865,NA,NA,-73.133,621.378,-3331.338,1,"KelliiWood",125,"N/A",2022,14,5,"Line",NA,NA,NA,NA,"rockfish","rosethorn",150,150,13,"","",NA,"",NA
"572","SL_2022_CSEO_Dive_14_12-10-34.000.avi",68878,"13:00:48",NA,NA,NA,16.312,1.835,2770.135,31.946,NA,NA,-1430.997,307.8,-2351.841,1,"KelliiWood",125,"N/A",2022,14,5,"Line",NA,NA,NA,NA,"rockfish","rosethorn",150,150,14,"","",NA,"",NA
"573","SL_2022_CSEO_Dive_14_12-10-34.000.avi",69870,"13:01:21",NA,NA,NA,9.686,0.769,2061.919,15.232,NA,NA,383.146,-390.911,-1987.938,1,"KelliiWood",125,"N/A",2022,14,5,"Line",NA,NA,NA,NA,"rockfish","rosethorn",150,150,15,"","",NA,"",NA
"574","SL_2022_CSEO_Dive_14_12-10-34.000.avi",77449,"13:05:34",NA,NA,NA,17.542,0.29,2871.911,13.189,NA,NA,-648.79,80.75,-2796.503,1,"KelliiWood",125,"N/A",2022,14,5,"Line",NA,NA,NA,NA,"rockfish","rosethorn",150,150,16,"","",NA,"",NA
"575","SL_2022_CSEO_Dive_14_12-10-34.000.avi",78326,"13:06:03",NA,NA,NA,12.129,3.498,2321.97,28.294,NA,NA,1057.072,-314.609,-2043.322,1,"KelliiWood",125,"N/A",2022,14,5,"Line",NA,NA,NA,NA,"rockfish","rosethorn",150,150,17,"","",NA,"",NA
"576","SL_2022_CSEO_Dive_14_12-10-34.000.avi",84071,"13:09:14",NA,NA,NA,11.742,2.398,2296.78,20.941,NA,NA,814.306,95.168,-2145.471,1,"KelliiWood",125,"N/A",2022,14,5,"Line",NA,NA,NA,NA,"rockfish","rosethorn",150,150,18,"","",NA,"",NA
"577","SL_2022_CSEO_Dive_14_12-10-34.000.avi",84855,"13:09:40",NA,NA,NA,8.326,0.155,1913.429,18.517,NA,NA,-583.278,163.181,-1815.04,1,"KelliiWood",125,"N/A",2022,14,5,"Line",NA,NA,NA,NA,"rockfish","rosethorn",150,150,19,"","",NA,"",NA
"578","SL_2022_CSEO_Dive_14_12-10-34.000.avi",88741,"13:11:50",NA,NA,NA,12.512,1.997,2560.125,3.138,NA,NA,78.368,105.943,-2556.732,1,"KelliiWood",125,"N/A",2022,14,5,"Line",NA,NA,NA,NA,"rockfish","rosethorn",150,150,20,"","",NA,"",NA
"579","SL_2022_CSEO_Dive_14_12-10-34.000.avi",89358,"13:12:11",NA,NA,NA,4.569,0.482,1471.209,7.63,NA,NA,-184.289,-70.617,-1457.912,1,"KelliiWood",125,"N/A",2022,14,5,"Line",NA,NA,NA,NA,"rockfish","rosethorn",150,150,21,"","",NA,"",NA
"580","SL_2022_CSEO_Dive_14_12-10-34.000.avi",96536,"13:16:10",NA,NA,NA,5.706,1.857,1572.932,18.968,NA,NA,-189.721,-480.723,-1485.606,1,"KelliiWood",125,"N/A",2022,14,5,"Line",NA,NA,NA,NA,"crab","crab",NA,NA,22,"","",NA,"Red King Crab - Juvenile",NA
"581","SL_2022_CSEO_Dive_14_12-10-34.000.avi",96653,"13:16:14",NA,NA,NA,10.994,0.881,2240.674,27.282,NA,NA,-1024.087,70.311,-1991.713,1,"KelliiWood",125,"N/A",2022,14,5,"Line",NA,NA,NA,NA,"rockfish","rosethorn",150,150,23,"","",NA,"",NA
"582","SL_2022_CSEO_Dive_14_12-10-34.000.avi",99440,"13:17:47",NA,NA,NA,19.547,0.316,3016.773,13.002,NA,NA,644.071,202.37,-2940.261,1,"KelliiWood",125,"N/A",2022,14,5,"Line",NA,NA,NA,NA,"rockfish","rosethorn",150,150,24,"","",NA,"",NA
"583","SL_2022_CSEO_Dive_14_12-10-34.000.avi",99936,"13:18:03",NA,NA,NA,13.153,0.808,2450.463,15.638,NA,NA,-648.884,114.051,-2360.235,1,"KelliiWood",125,"N/A",2022,14,5,"Line",NA,NA,NA,NA,"rockfish","rosethorn",150,150,25,"","",NA,"",NA
"584","SL_2022_CSEO_Dive_14_12-10-34.000.avi",102294,"13:19:22",NA,NA,NA,28.245,2.864,3627.777,27.958,NA,NA,1695.531,-146.124,-3203.84,1,"KelliiWood",125,"N/A",2022,14,5,"Line",NA,NA,NA,NA,"rockfish","rosethorn",150,150,26,"","",NA,"",NA
"585","SL_2022_CSEO_Dive_14_12-10-34.000.avi",103375,"13:19:58",NA,NA,NA,7.266,1.823,1747.024,25.125,NA,NA,-661.186,-342.601,-1580.364,1,"KelliiWood",125,"N/A",2022,14,5,"Line",NA,NA,NA,NA,"rockfish","rosethorn",150,150,27,"","",NA,"",NA
"586","SL_2022_CSEO_Dive_14_12-10-34.000.avi",103692,"13:20:08",NA,NA,NA,11.785,1.656,2225.495,24.185,NA,NA,767.942,-499.598,-2028.175,1,"KelliiWood",125,"N/A",2022,14,5,"Line",NA,NA,NA,NA,"rockfish","yelloweye",145,145,28,"SU","Fish resting on bottom",NA,"NO LENGTH - partial view",NA
"587","SL_2022_CSEO_Dive_15_14-01-19.000.avi",1412,"14:21:57",NA,NA,NA,86.985,6.236,6453.904,35.292,NA,NA,-3368.885,1576.943,-5274.158,1,"KelliiWood",130,"N/A",2022,15,4,"Line",NA,NA,NA,NA,"greenling","lingcod",130,130,1,"","",NA,"NO LENGTH - partial view only",NA
"588","SL_2022_CSEO_Dive_15_14-01-19.000.avi",2368,"14:22:29",NA,NA,NA,45.696,0.697,4679.95,11.94,NA,NA,256.46,915.313,-4582.397,1,"KelliiWood",130,"N/A",2022,15,4,"Line",NA,NA,NA,NA,"rockfish","rosethorn",150,150,2,"","",NA,"",NA
"589","SL_2022_CSEO_Dive_15_14-01-19.000.avi",3244,"14:22:58",NA,NA,NA,37.837,2.16,4358.222,7.203,NA,NA,271.4,456.964,-4325.693,1,"KelliiWood",130,"N/A",2022,15,4,"Line",NA,NA,NA,NA,"rockfish","redbanded",153,153,3,"","",NA,"",NA
"590","SL_2022_CSEO_Dive_15_14-01-19.000.avi",3244,"14:22:58",NA,NA,NA,78.585,1.168,5918.767,15.388,NA,NA,1116.575,1081.703,-5710.953,1,"KelliiWood",130,"N/A",2022,15,4,"Line",NA,NA,NA,NA,"rockfish","redbanded",153,153,4,"","",NA,"",NA
"591","SL_2022_CSEO_Dive_15_14-01-19.000.avi",25480,"14:35:19",NA,NA,NA,13.711,1.791,2665.736,4.102,NA,NA,190.085,4.384,-2658.946,1,"KelliiWood",130,"N/A",2022,15,4,"Line",NA,NA,NA,NA,"rockfish","yelloweye",145,145,5,"AD","Fish resting on bottom",NA,"NO LENGTH - wrong angle",NA
"592","SL_2022_CSEO_Dive_15_14-01-19.000.avi",37041,"14:41:45",NA,NA,NA,3.06,0.272,1156.127,24.26,NA,NA,-45.797,-477.021,-1052.132,1,"KelliiWood",130,"N/A",2022,15,4,"Line",NA,NA,NA,NA,"rockfish","rosethorn",150,150,6,"","",NA,"",NA
"593","SL_2022_CSEO_Dive_15_14-01-19.000.avi",57385,"14:53:03",NA,NA,NA,21.307,0.709,3054.319,21.806,NA,NA,-1092.492,294.866,-2836.967,1,"KelliiWood",130,"N/A",2022,15,4,"Line",NA,NA,NA,NA,"rockfish","rosethorn",150,150,7,"","",NA,"",NA
"594","SL_2022_CSEO_Dive_15_14-01-19.000.avi",60742,"14:54:55",NA,NA,NA,6.243,0.674,1660.057,14.237,NA,NA,339.205,-233.626,-1608.151,1,"KelliiWood",130,"N/A",2022,15,4,"Line",NA,NA,NA,NA,"rockfish","rosethorn",150,150,8,"","",NA,"",NA
"595","SL_2022_CSEO_Dive_15_14-01-19.000.avi",62211,"14:55:44",NA,NA,450.169,13.053,0.204,2047.768,11.654,22.667,5.786,-370.841,-183.238,-2005.556,1,"KelliiWood",130,"N/A",2022,15,4,"Line",NA,NA,NA,NA,"halibut","halibut",200,200,9,"","",NA,"",NA
"596","SL_2022_CSEO_Dive_15_14-01-19.000.avi",65436,"14:57:31",NA,NA,NA,10.696,0.223,2118.977,24.365,NA,NA,-769.286,-422.919,-1928.575,1,"KelliiWood",130,"N/A",2022,15,4,"Line",NA,NA,NA,NA,"rockfish","rosethorn",150,150,10,"","",NA,"",NA
"597","SL_2022_CSEO_Dive_15_14-01-19.000.avi",68794,"14:59:23",NA,NA,NA,4.995,0.238,1494.24,14.044,NA,NA,136.801,-341.608,-1448.22,1,"KelliiWood",130,"N/A",2022,15,4,"Line",NA,NA,NA,NA,"rockfish","rosethorn",150,150,11,"","",NA,"",NA
"598","SL_2022_CSEO_Dive_15_14-01-19.000.avi",69967,"15:00:02",NA,NA,NA,14.6,0.941,2696.801,7.591,NA,NA,-97.329,331.999,-2674.517,1,"KelliiWood",130,"N/A",2022,15,4,"Line",NA,NA,NA,NA,"rockfish","rosethorn",150,150,12,"","",NA,"",NA
"599","SL_2022_CSEO_Dive_15_14-01-19.000.avi",77060,"15:03:59",NA,NA,NA,48.116,2.607,4740.17,14.128,NA,NA,-333.069,1089.643,-4601.19,1,"KelliiWood",130,"N/A",2022,15,4,"Line",NA,NA,NA,NA,"rockfish","rosethorn",150,150,13,"","",NA,"",NA
"600","SL_2022_CSEO_Dive_15_14-01-19.000.avi",82157,"15:06:49",NA,NA,NA,4.154,0.488,1315.855,28.31,NA,NA,-489.526,-391.663,-1156.91,1,"KelliiWood",130,"N/A",2022,15,4,"Line",NA,NA,NA,NA,"octopus","octopus",870,870,14,"","",NA,"THE CUTEST LITTLE OCTOPUS!",NA
"601","SL_2022_CSEO_Dive_16_16-15-41.000.avi",7197,"16:46:56",NA,NA,NA,6.231,2.895,1638.404,16.339,NA,NA,-363.2,-290.076,-1571.086,1,"KelliiWood",140,"N/A",2022,16,3,"Line",NA,NA,NA,NA,"crab","box crab",900,900,1,NA,NA,NA,"",NA
"602","SL_2022_CSEO_Dive_16_16-15-41.000.avi",10689,"16:48:52",NA,NA,NA,9.442,1.17,2123.998,10.107,NA,NA,-367.105,56.086,-2091.281,1,"KelliiWood",140,"N/A",2022,16,3,"Line",NA,NA,NA,NA,"halibut","halibut",200,200,2,NA,NA,NA,"NO LENGTH - wrong angle",NA
"603","SL_2022_CSEO_Dive_16_16-15-41.000.avi",18384,"16:53:09",NA,NA,261.996,11.616,1.228,1642.993,7.058,38.882,20.961,-54.062,-194.498,-1630.544,1,"KelliiWood",140,"N/A",2022,16,3,"Line",NA,NA,NA,NA,"halibut","halibut",200,200,3,NA,NA,NA,"",NA
"604","SL_2022_CSEO_Dive_16_16-15-41.000.avi",23007,"16:55:43",NA,NA,442.73,12.316,0.779,2143.998,20.472,9.267,10.493,-749.146,32.776,-2008.59,1,"KelliiWood",140,"N/A",2022,16,3,"Line",NA,NA,NA,NA,"halibut","halibut",200,200,4,NA,NA,NA,"",NA
"605","SL_2022_CSEO_Dive_16_16-15-41.000.avi",26496,"16:57:39",NA,NA,NA,11.68,0.897,2311.916,27.471,NA,NA,-1063.206,75.463,-2051.549,1,"KelliiWood",140,"N/A",2022,16,3,"Line",NA,NA,NA,NA,"halibut","halibut",200,200,5,NA,NA,NA,"NO LENGTH - wrong angle",NA
"606","SL_2022_CSEO_Dive_16_16-15-41.000.avi",28091,"16:58:32",NA,NA,395.817,15.211,1.628,1804.333,8.187,40.636,15.813,230.374,-113.8,-1785.944,1,"KelliiWood",140,"N/A",2022,16,3,"Line",NA,NA,NA,NA,"halibut","halibut",200,200,6,NA,NA,NA,"",NA
"607","SL_2022_CSEO_Dive_16_16-15-41.000.avi",29064,"16:59:05",NA,NA,NA,5.361,0.163,1521.699,16.16,NA,NA,280.732,-322.96,-1460.293,1,"KelliiWood",140,"N/A",2022,16,3,"Line",NA,NA,NA,NA,"halibut","halibut",200,200,7,NA,NA,NA,"NO LENGTH - wrong angle",NA
"608","SL_2022_CSEO_Dive_16_16-15-41.000.avi",31155,"17:00:14",NA,NA,NA,6.181,1.024,1654.737,14.811,NA,NA,-395.125,-157.431,-1599.139,1,"KelliiWood",140,"N/A",2022,16,3,"Line",NA,NA,NA,NA,"halibut","halibut",200,200,8,NA,NA,NA,"NO LENGTH - wrong angle",NA
"609","SL_2022_CSEO_Dive_16_16-15-41.000.avi",31949,"17:00:41",NA,NA,NA,10.321,1.071,2175.593,15.355,NA,NA,569.54,78.144,-2098.267,1,"KelliiWood",140,"N/A",2022,16,3,"Line",NA,NA,NA,NA,"halibut","halibut",200,200,9,NA,NA,NA,"NO LENGTH - wrong angle",NA
"610","SL_2022_CSEO_Dive_16_16-15-41.000.avi",33612,"17:01:36",NA,NA,406.494,22.163,1.077,2428.105,14.761,30.338,13.809,-598.331,157.317,-2347.966,1,"KelliiWood",140,"N/A",2022,16,3,"Line",NA,NA,NA,NA,"halibut","halibut",200,200,10,NA,NA,NA,"",NA
"611","SL_2022_CSEO_Dive_16_16-15-41.000.avi",36079,"17:02:59",NA,NA,320.697,13.296,0.752,1624.173,6.76,45.376,16.215,115.903,-152.045,-1612.882,1,"KelliiWood",140,"N/A",2022,16,3,"Line",NA,NA,NA,NA,"halibut","halibut",200,200,11,NA,NA,NA,"",NA
"612","SL_2022_CSEO_Dive_16_16-15-41.000.avi",37027,"17:03:30",NA,NA,448.359,12.591,1.019,1860.37,22.902,26.598,15.126,698.064,-191.914,-1713.725,1,"KelliiWood",140,"N/A",2022,16,3,"Line",NA,NA,NA,NA,"halibut","halibut",200,200,12,NA,NA,NA,"",NA
"613","SL_2022_CSEO_Dive_16_16-15-41.000.avi",38920,"17:04:33",NA,NA,310.658,25.583,0.734,2255.648,26.348,61.757,23.933,-999.992,-47.148,-2021.321,1,"KelliiWood",140,"N/A",2022,16,3,"Line",NA,NA,NA,NA,"halibut","halibut",200,200,13,NA,NA,NA,"",NA
"614","SL_2022_CSEO_Dive_16_16-15-41.000.avi",39373,"17:04:48",NA,NA,285.575,5.317,0.612,2098.086,5.601,6.252,1.378,190.005,76.329,-2088.07,1,"KelliiWood",140,"N/A",2022,16,3,"Line",NA,NA,NA,NA,"halibut","halibut",200,200,14,NA,NA,NA,"",NA
"615","SL_2022_CSEO_Dive_16_16-15-41.000.avi",39972,"17:05:08",NA,NA,383.425,16.088,0.706,1989.936,13.805,34.96,19.246,-470.428,64.48,-1932.455,1,"KelliiWood",140,"N/A",2022,16,3,"Line",NA,NA,NA,NA,"halibut","halibut",200,200,15,NA,NA,NA,"",NA
"616","SL_2022_CSEO_Dive_16_16-15-41.000.avi",40659,"17:05:31",NA,NA,439.116,8.966,0.277,2278.202,4.729,11.616,10.155,180.419,-52.281,-2270.445,1,"KelliiWood",140,"N/A",2022,16,3,"Line",NA,NA,NA,NA,"halibut","halibut",200,200,16,NA,NA,NA,"",NA
"617","SL_2022_CSEO_Dive_16_16-15-41.000.avi",41041,"17:05:44",NA,NA,339.346,13.148,0.871,2136.471,24.898,3.301,5.087,896.916,-67.625,-1937.905,1,"KelliiWood",140,"N/A",2022,16,3,"Line",NA,NA,NA,NA,"halibut","halibut",200,200,17,NA,NA,NA,"",NA
"618","SL_2022_CSEO_Dive_16_16-15-41.000.avi",43055,"17:06:51",NA,NA,453.921,19.487,0.259,2643.198,8.218,22.395,13.585,-219.703,307.349,-2616.059,1,"KelliiWood",140,"N/A",2022,16,3,"Line",NA,NA,NA,NA,"halibut","halibut",200,200,18,NA,NA,NA,"",NA
"619","SL_2022_CSEO_Dive_16_16-15-41.000.avi",43700,"17:07:13",NA,NA,322.585,27.771,0.506,2267.183,20.349,55.021,16.34,-783.781,84.938,-2125.698,1,"KelliiWood",140,"N/A",2022,16,3,"Line",NA,NA,NA,NA,"halibut","halibut",200,200,19,NA,NA,NA,"",NA
"620","SL_2022_CSEO_Dive_16_16-15-41.000.avi",44069,"17:07:25",NA,NA,NA,15.095,0.376,2679.57,9.652,NA,NA,-335.982,287.68,-2642.811,1,"KelliiWood",140,"N/A",2022,16,3,"Line",NA,NA,NA,NA,"halibut","halibut",200,200,20,NA,NA,NA,"NO LENGTH - wrong angle",NA
"621","SL_2022_CSEO_Dive_16_16-15-41.000.avi",46334,"17:08:40",NA,NA,NA,7.72,0.934,1927.738,8.868,NA,NA,-293.367,39.73,-1904.87,1,"KelliiWood",140,"N/A",2022,16,3,"Line",NA,NA,NA,NA,"halibut","halibut",200,200,21,NA,NA,NA,"NO LENGTH - wrong angle",NA
"622","SL_2022_CSEO_Dive_16_16-15-41.000.avi",47028,"17:09:04",NA,NA,NA,12.31,1.039,2438.264,9.914,NA,NA,-417.914,30.187,-2401.993,1,"KelliiWood",140,"N/A",2022,16,3,"Line",NA,NA,NA,NA,"halibut","halibut",200,200,22,NA,NA,NA,"NO LENGTH - wrong angle",NA
"623","SL_2022_CSEO_Dive_16_16-15-41.000.avi",49758,"17:10:35",NA,NA,NA,18.956,1.111,2892.514,25.974,NA,NA,-1232.93,280.6,-2601.497,1,"KelliiWood",140,"N/A",2022,16,3,"Line",NA,NA,NA,NA,"halibut","halibut",200,200,23,NA,NA,NA,"",NA
"624","SL_2022_CSEO_Dive_16_16-15-41.000.avi",51364,"17:11:28",NA,NA,NA,8.008,0.034,1874.312,25.691,NA,NA,788.564,-202.669,-1688.235,1,"KelliiWood",140,"N/A",2022,16,3,"Line",NA,NA,NA,NA,"halibut","halibut",200,200,24,NA,NA,NA,"NO LENGTH - partial view only",NA
"625","SL_2022_CSEO_Dive_16_16-15-41.000.avi",52230,"17:11:57",NA,NA,479.528,18.018,2.239,2525.41,23.628,8.345,16.099,-1008.63,-84.607,-2313.699,1,"KelliiWood",140,"N/A",2022,16,3,"Line",NA,NA,NA,NA,"halibut","halibut",200,200,25,NA,NA,NA,"",NA
"626","SL_2022_CSEO_Dive_16_16-15-41.000.avi",52352,"17:12:01",NA,NA,339.053,5.819,0.976,2092.64,9.062,0.592,4.239,-322.875,-66.302,-2066.518,1,"KelliiWood",140,"N/A",2022,16,3,"Line",NA,NA,NA,NA,"halibut","halibut",200,200,26,NA,NA,NA,"",NA
"627","SL_2022_CSEO_Dive_16_16-15-41.000.avi",52352,"17:12:01",NA,NA,NA,10.87,0.308,2252.585,27.981,NA,NA,1056.821,1.903,-1989.287,1,"KelliiWood",140,"N/A",2022,16,3,"Line",NA,NA,NA,NA,"halibut","halibut",200,200,27,NA,NA,NA,"NO LENGTH - wrong angle",NA
"628","SL_2022_CSEO_Dive_16_16-15-41.000.avi",53257,"17:12:31",NA,NA,NA,8.285,0.196,1918.827,18.022,NA,NA,574.67,141.557,-1825.27,1,"KelliiWood",140,"N/A",2022,16,3,"Line",NA,NA,NA,NA,"halibut","halibut",200,200,28,NA,NA,NA,"NO LENGTH - wrong angle",NA
"629","SL_2022_CSEO_Dive_16_16-15-41.000.avi",55826,"17:13:57",NA,NA,273.864,3.331,0.546,1556.214,8.943,4.723,8.801,-205.048,-128.37,-1537.296,1,"KelliiWood",140,"N/A",2022,16,3,"Line",NA,NA,NA,NA,"halibut","halibut",200,200,29,NA,NA,NA,"",NA
"630","SL_2022_CSEO_Dive_16_16-15-41.000.avi",60037,"17:16:17",NA,NA,419.601,5.638,0.905,1769.199,11.586,6.905,9.173,311.356,-171.231,-1733.148,1,"KelliiWood",140,"N/A",2022,16,3,"Line",NA,NA,NA,NA,"halibut","halibut",200,200,30,NA,NA,NA,"",NA
"631","SL_2022_CSEO_Dive_16_16-15-41.000.avi",60037,"17:16:17",NA,NA,NA,13.153,0.949,2586.867,5.457,NA,NA,111.819,208.813,-2575.999,1,"KelliiWood",140,"N/A",2022,16,3,"Line",NA,NA,NA,NA,"halibut","halibut",200,200,31,NA,NA,NA,"NO LENGTH - partial view only",NA
"632","SL_2022_CSEO_Dive_16_16-15-41.000.avi",62730,"17:17:47",NA,NA,NA,6.167,2.298,1681.518,11.556,NA,NA,-319.147,-114.344,-1646.989,1,"KelliiWood",140,"N/A",2022,16,3,"Line",NA,NA,NA,NA,"halibut","halibut",200,200,32,NA,NA,NA,"NO LENGTH - wrong angle",NA
"633","SL_2022_CSEO_Dive_17b_07-57-18.000.avi",2210,"8:16:57",NA,NA,NA,22.976,0.278,3223.734,18.589,NA,NA,1018.088,-152.148,-3054.965,1,"KelliiWood",130,"N/A",2022,17,2,"Line",NA,NA,NA,NA,"rockfish","rosethorn",150,150,1,"","",NA,"",NA
"634","SL_2022_CSEO_Dive_17b_07-57-18.000.avi",7840,"8:20:04",NA,NA,NA,14.029,2.041,2661.314,6.128,NA,NA,123.17,245.401,-2647.111,1,"KelliiWood",130,"N/A",2022,17,2,"Line",NA,NA,NA,NA,"halibut","halibut",200,200,2,"","",NA,"NO LENGTH - wrong direction",NA
"635","SL_2022_CSEO_Dive_17b_07-57-18.000.avi",15362,"8:24:15",NA,NA,NA,31.324,1.084,3639.769,22.063,NA,NA,-1151.494,723.532,-3376.163,1,"KelliiWood",130,"N/A",2022,17,2,"Line",NA,NA,NA,NA,"rockfish","rosethorn",150,150,3,"","",NA,"",NA
"636","SL_2022_CSEO_Dive_17b_07-57-18.000.avi",16067,"8:24:39",NA,NA,NA,28.794,0.517,3658.003,26.41,NA,NA,1624.513,77.454,-3276.575,1,"KelliiWood",130,"N/A",2022,17,2,"Line",NA,NA,NA,NA,"rockfish","dusky",172,172,4,"","",NA,"",NA
"637","SL_2022_CSEO_Dive_17b_07-57-18.000.avi",19065,"8:26:19",NA,NA,NA,16.505,1.062,2669.843,28.692,NA,NA,-1168.922,516.589,-2344.103,1,"KelliiWood",130,"N/A",2022,17,2,"Line",NA,NA,NA,NA,"rockfish","dusky",172,172,5,"","",NA,"",NA
"638","SL_2022_CSEO_Dive_17b_07-57-18.000.avi",19763,"8:26:42",NA,NA,NA,31.742,0.591,3853.133,33.975,NA,NA,-1980.038,833.317,-3198.698,1,"KelliiWood",130,"N/A",2022,17,2,"Line",NA,NA,NA,NA,"rockfish","rosethorn",150,150,6,"","",NA,"",NA
"639","SL_2022_CSEO_Dive_17b_07-57-18.000.avi",21519,"8:27:40",NA,NA,NA,22.499,1.769,3411.037,5.221,NA,NA,310.367,-8.572,-3396.876,1,"KelliiWood",130,"N/A",2022,17,2,"Line",NA,NA,NA,NA,"rockfish","rosethorn",150,150,7,"","",NA,"",NA
"640","SL_2022_CSEO_Dive_17b_07-57-18.000.avi",23063,"8:28:32",NA,NA,NA,13.705,0.919,2476.468,23.297,NA,NA,176.33,-972.514,-2270.686,1,"KelliiWood",130,"N/A",2022,17,2,"Line",NA,NA,NA,NA,"rockfish","rosethorn",150,150,8,"","",NA,"",NA
"641","SL_2022_CSEO_Dive_17b_07-57-18.000.avi",25039,"8:29:38",NA,NA,409.185,57.869,1.386,3461.305,32.701,67.197,7.501,-1454.232,1175.62,-2912.689,1,"KelliiWood",130,"N/A",2022,17,2,"Line",NA,NA,NA,NA,"rockfish","yelloweye",145,145,9,"AD","Fish milling/hovering",NA,"",NA
"642","SL_2022_CSEO_Dive_17b_07-57-18.000.avi",25160,"8:29:42",NA,NA,NA,10.22,0.511,2128.322,22.086,NA,NA,-790.67,115.468,-1972.628,1,"KelliiWood",130,"N/A",2022,17,2,"Line",NA,NA,NA,NA,"rockfish","yelloweye",145,145,10,"AD","Fish milling/hovering",NA,"NO LENGTH - wrong angle",NA
"643","SL_2022_CSEO_Dive_17b_07-57-18.000.avi",25376,"8:29:49",NA,NA,NA,6.793,0.529,1807.466,7.212,NA,NA,151.104,-176.461,-1792.474,1,"KelliiWood",130,"N/A",2022,17,2,"Line",NA,NA,NA,NA,"rockfish","dusky",172,172,11,"","",NA,"",NA
"644","SL_2022_CSEO_Dive_17b_07-57-18.000.avi",25543,"8:29:54",NA,NA,NA,15.87,0.21,2828.111,6.451,NA,NA,299.238,95.669,-2810.608,1,"KelliiWood",130,"N/A",2022,17,2,"Line",NA,NA,NA,NA,"rockfish","dusky",172,172,12,"","",NA,"",NA
"645","SL_2022_CSEO_Dive_17b_07-57-18.000.avi",26876,"8:30:39",NA,NA,NA,30.327,0.731,3790.67,33.927,NA,NA,-1988.998,708.638,-3148.158,1,"KelliiWood",130,"N/A",2022,17,2,"Line",NA,NA,NA,NA,"rockfish","dusky",172,172,13,"","",NA,"",NA
"646","SL_2022_CSEO_Dive_17b_07-57-18.000.avi",27801,"8:31:10",NA,NA,NA,11.408,0.075,2202.145,29.634,NA,NA,798.813,-747.589,-1911.138,1,"KelliiWood",130,"N/A",2022,17,2,"Line",NA,NA,NA,NA,"rockfish","yelloweye",145,145,14,"AD","Fish resting on bottom",NA,"NO LENGTH - facing ROV",NA
"647","SL_2022_CSEO_Dive_17b_07-57-18.000.avi",27801,"8:31:10",NA,NA,NA,32.237,0.5,3718.627,20.602,NA,NA,-1158.464,594.423,-3483.218,1,"KelliiWood",130,"N/A",2022,17,2,"Line",NA,NA,NA,NA,"rockfish","rosethorn",150,150,15,"","",NA,"",NA
"648","SL_2022_CSEO_Dive_17b_07-57-18.000.avi",31450,"8:33:11",NA,NA,NA,14.474,0.413,2546.633,14.949,NA,NA,605.516,-264.597,-2459.406,1,"KelliiWood",130,"N/A",2022,17,2,"Line",NA,NA,NA,NA,"rockfish","rosethorn",150,150,16,"","",NA,"",NA
"649","SL_2022_CSEO_Dive_17b_07-57-18.000.avi",38754,"8:37:15",NA,NA,NA,38.138,0.304,4205.383,11.901,NA,NA,-616.837,593.075,-4117.405,1,"KelliiWood",130,"N/A",2022,17,2,"Line",NA,NA,NA,NA,"rockfish","rosethorn",150,150,17,"","",NA,"",NA
"650","SL_2022_CSEO_Dive_17b_07-57-18.000.avi",39066,"8:37:25",NA,NA,494.893,80.828,0.648,4434.582,20.114,33.791,0.89,1410.91,578.836,-4164.109,1,"KelliiWood",130,"N/A",2022,17,2,"Line",NA,NA,NA,NA,"rockfish","yelloweye",145,145,18,"AD","Fish milling/hovering",NA,"",NA
"651","SL_2022_CSEO_Dive_17b_07-57-18.000.avi",40697,"8:38:20",NA,NA,NA,35.722,4.515,3870.408,22.868,NA,NA,-1247.032,-855.146,-3562.821,1,"KelliiWood",130,"N/A",2022,17,2,"Line",NA,NA,NA,NA,"rockfish","yelloweye",145,145,19,"SU","Fish milling/hovering",NA,"NO LENGTH - facing ROV",NA
"652","SL_2022_CSEO_Dive_17b_07-57-18.000.avi",46454,"8:41:31",NA,NA,NA,18.215,0.978,2756.609,26.153,NA,NA,-767.126,932.337,-2478.136,1,"KelliiWood",130,"N/A",2022,17,2,"Line",NA,NA,NA,NA,"rockfish","yellowtail",155,155,20,"","",NA,"",NA
"653","SL_2022_CSEO_Dive_17b_07-57-18.000.avi",46564,"8:41:35",NA,NA,NA,13.414,3.082,2381.434,21.257,NA,NA,-532.827,670.482,-2222.11,1,"KelliiWood",130,"N/A",2022,17,2,"Line",NA,NA,NA,NA,"rockfish","yellowtail",155,155,21,"","",NA,"",NA
"654","SL_2022_CSEO_Dive_17b_07-57-18.000.avi",46564,"8:41:35",NA,NA,NA,14.789,0.976,2590.673,34.238,NA,NA,-1225.095,781.163,-2144.88,1,"KelliiWood",130,"N/A",2022,17,2,"Line",NA,NA,NA,NA,"rockfish","yellowtail",155,155,22,"","",NA,"",NA
"655","SL_2022_CSEO_Dive_17b_07-57-18.000.avi",49034,"8:42:57",NA,NA,NA,6.26,0.253,1686.243,16.237,NA,NA,41.877,-476.094,-1617.095,1,"KelliiWood",130,"N/A",2022,17,2,"Line",NA,NA,NA,NA,"rockfish","dusky",172,172,23,"","",NA,"",NA
"656","SL_2022_CSEO_Dive_17b_07-57-18.000.avi",49034,"8:42:57",NA,NA,NA,7.509,0.415,1882.541,11.223,NA,NA,15.452,-373.471,-1845.059,1,"KelliiWood",130,"N/A",2022,17,2,"Line",NA,NA,NA,NA,"rockfish","dusky",172,172,24,"","",NA,"",NA
"657","SL_2022_CSEO_Dive_17b_07-57-18.000.avi",49364,"8:43:08",NA,NA,NA,6.731,0.536,1717.545,16.984,NA,NA,212.947,-460.835,-1640.806,1,"KelliiWood",130,"N/A",2022,17,2,"Line",NA,NA,NA,NA,"rockfish","rosethorn",150,150,25,"","",NA,"",NA
"658","SL_2022_CSEO_Dive_17b_07-57-18.000.avi",61587,"8:49:56",NA,NA,NA,13.441,0.814,2390.883,29.818,NA,NA,-971.327,-693.785,-2071.595,1,"KelliiWood",130,"N/A",2022,17,2,"Line",NA,NA,NA,NA,"octopus","octopus",870,870,26,"","",NA,"",NA
"659","SL_2022_CSEO_Dive_17b_07-57-18.000.avi",69346,"8:54:15",NA,NA,NA,44.119,1.397,4647.549,10.454,NA,NA,832.158,118.086,-4570.917,1,"KelliiWood",130,"N/A",2022,17,2,"Line",NA,NA,NA,NA,"rockfish","yelloweye",145,145,27,"JV","Fish resting on bottom",NA,"NO LENGTH - hiding in rocks",NA
"660","SL_2022_CSEO_Dive_17b_07-57-18.000.avi",77314,"8:58:40",NA,NA,NA,4.745,0.237,1481.308,10.881,NA,NA,-60.902,-278.727,-1453.573,1,"KelliiWood",130,"N/A",2022,17,2,"Line",NA,NA,NA,NA,"halibut","halibut",200,200,28,"","",NA,"",NA
"661","SL_2022_CSEO_Dive_17b_07-57-18.000.avi",78797,"8:59:30",NA,NA,NA,34.561,0.173,3922.047,15.646,NA,NA,652.064,817.77,-3780.015,1,"KelliiWood",130,"N/A",2022,17,2,"Line",NA,NA,NA,NA,"rockfish","rosethorn",150,150,29,"","",NA,"",NA
"662","SL_2022_CSEO_Dive_17b_07-57-18.000.avi",87813,"9:04:30",NA,NA,NA,11.67,0.157,2439.29,4.183,NA,NA,-121.295,-139.895,-2432.253,1,"KelliiWood",130,"N/A",2022,17,2,"Line",NA,NA,NA,NA,"rockfish","rosethorn",150,150,30,"","",NA,"",NA
"663","SL_2022_CSEO_Dive_17b_07-57-18.000.avi",90193,"9:05:49",NA,NA,NA,56.055,1.875,5146.895,32.01,NA,NA,-2663.852,571.473,-4366.674,1,"KelliiWood",130,"N/A",2022,17,2,"Line",NA,NA,NA,NA,"rockfish","yelloweye",145,145,31,"SU","Fish resting on bottom",NA,"NO LENGTH - wrong angle",NA
"664","SL_2022_CSEO_Dive_17b_07-57-18.000.avi",91397,"9:06:30",NA,NA,NA,17.638,0.382,2795.468,22.427,NA,NA,-1054.498,-169.9,-2583.372,1,"KelliiWood",130,"N/A",2022,17,2,"Line",NA,NA,NA,NA,"halibut","halibut",200,200,32,"","",NA,"NO LENGTH - wrong angle",NA
"665","SL_2022_CSEO_Dive_17b_07-57-18.000.avi",93009,"9:07:23",NA,NA,NA,38.335,2.969,4343.74,32.17,NA,NA,-2303.144,195.681,-3677.678,1,"KelliiWood",130,"N/A",2022,17,2,"Line",NA,NA,NA,NA,"rockfish","rosethorn",150,150,33,"","",NA,"",NA
"666","SL_2022_CSEO_Dive_17b_07-57-18.000.avi",96864,"9:09:32",NA,NA,939.81,49.535,1.382,4889.235,6.367,15.663,12.367,298.171,452.895,-4859.074,1,"KelliiWood",130,"N/A",2022,17,2,"Line",NA,NA,NA,NA,"greenling","lingcod",130,130,34,"","",NA,"",NA
"667","SL_2022_CSEO_Dive_17b_07-57-18.000.avi",96864,"9:09:32",NA,NA,NA,48.025,0.853,4956.913,5.874,NA,NA,-350.24,347.268,-4932.315,1,"KelliiWood",130,"N/A",2022,17,2,"Line",NA,NA,NA,NA,"greenling","lingcod",130,130,35,"","",NA,"NO LENGTH - nuzzled behind other",NA
"668","SL_2022_CSEO_Dive_17b_07-57-18.000.avi",98895,"9:10:39",NA,NA,407.995,43.698,1.582,2924.724,27.076,65.002,22.767,-1267.797,-406.131,-2604.18,1,"KelliiWood",130,"N/A",2022,17,2,"Line",NA,NA,NA,NA,"rockfish","yelloweye",145,145,36,"AD","Fish resting on bottom",NA,"",NA
"669","SL_2022_CSEO_Dive_18_14-14-08.000.avi",4208,"14:41:52",NA,NA,NA,19.37,0.431,3002.023,31.477,NA,NA,1505.041,427.973,-2561.998,1,"KelliiWood",NA,"N/A",2022,18,15,"Line",NA,NA,NA,NA,"rockfish","rosethorn",150,150,1,"","",NA,"",NA
"670","SL_2022_CSEO_Dive_18_14-14-08.000.avi",4318,"14:41:56",NA,NA,NA,62.237,0.811,5141.783,28.443,NA,NA,1981.228,1421.427,-4526.833,1,"KelliiWood",NA,"N/A",2022,18,15,"Line",NA,NA,NA,NA,"rockfish","rosethorn",150,150,2,"","",NA,"",NA
"671","SL_2022_CSEO_Dive_18_14-14-08.000.avi",4448,"14:42:00",NA,NA,NA,8.714,0.457,1942.004,18.664,NA,NA,-581.372,-226.971,-1838.986,1,"KelliiWood",NA,"N/A",2022,18,15,"Line",NA,NA,NA,NA,"rockfish","rosethorn",150,150,3,"","",NA,"",NA
"672","SL_2022_CSEO_Dive_18_14-14-08.000.avi",5348,"14:42:30",NA,NA,NA,10.834,0.077,2166.025,21.794,NA,NA,765.668,-253.887,-2010.214,1,"KelliiWood",NA,"N/A",2022,18,15,"Line",NA,NA,NA,NA,"rockfish","rosethorn",150,150,4,"","",NA,"",NA
"673","SL_2022_CSEO_Dive_18_14-14-08.000.avi",5440,"14:42:33",NA,NA,NA,29.003,0.437,3922.037,4.089,NA,NA,53.287,258.897,-3913.12,1,"KelliiWood",NA,"N/A",2022,18,15,"Line",NA,NA,NA,NA,"rockfish","rosethorn",150,150,5,"","",NA,"",NA
"674","SL_2022_CSEO_Dive_18_14-14-08.000.avi",7735,"14:43:50",NA,NA,NA,23.209,0.408,3463.435,5.711,NA,NA,-61.935,325.218,-3447.576,1,"KelliiWood",NA,"N/A",2022,18,15,"Line",NA,NA,NA,NA,"rockfish","rosethorn",150,150,6,"","",NA,"",NA
"675","SL_2022_CSEO_Dive_18_14-14-08.000.avi",8274,"14:44:08",NA,NA,NA,18.204,0.966,2789.144,21.264,NA,NA,-928.839,-410.963,-2597.632,1,"KelliiWood",NA,"N/A",2022,18,15,"Line",NA,NA,NA,NA,"rockfish","tiger",148,148,7,"","",NA,"",NA
"676","SL_2022_CSEO_Dive_18_14-14-08.000.avi",8711,"14:44:22",NA,NA,NA,11.173,0.077,2190.385,21.541,NA,NA,355.422,-729.578,-2034.496,1,"KelliiWood",NA,"N/A",2022,18,15,"Line",NA,NA,NA,NA,"rockfish","rosethorn",150,150,8,"","",NA,"",NA
"677","SL_2022_CSEO_Dive_18_14-14-08.000.avi",9354,"14:44:44",NA,NA,NA,15.681,1.367,2554.859,23.805,NA,NA,-718.113,-749.405,-2334.526,1,"KelliiWood",NA,"N/A",2022,18,15,"Line",NA,NA,NA,NA,"rockfish","rosethorn",150,150,9,"","",NA,"",NA
"678","SL_2022_CSEO_Dive_18_14-14-08.000.avi",9487,"14:44:48",NA,NA,NA,26.959,0.19,3621.591,10.604,NA,NA,-662.692,56.345,-3559.998,1,"KelliiWood",NA,"N/A",2022,18,15,"Line",NA,NA,NA,NA,"rockfish","rosethorn",150,150,10,"","",NA,"",NA
"679","SL_2022_CSEO_Dive_18_14-14-08.000.avi",10226,"14:45:13",NA,NA,NA,44.088,0.099,4410.13,16.907,NA,NA,735.457,1033.802,-4223.695,1,"KelliiWood",NA,"N/A",2022,18,15,"Line",NA,NA,NA,NA,"rockfish","rosethorn",150,150,11,"","",NA,"",NA
"680","SL_2022_CSEO_Dive_18_14-14-08.000.avi",12103,"14:46:15",NA,NA,NA,22.345,0.02,3195.672,22.441,NA,NA,1219.806,-24.314,-2953.609,1,"KelliiWood",NA,"N/A",2022,18,15,"Line",NA,NA,NA,NA,"rockfish","rosethorn",150,150,12,"","",NA,"",NA
"681","SL_2022_CSEO_Dive_18_14-14-08.000.avi",12382,"14:46:25",NA,NA,NA,94.646,0.294,6317.947,22.804,NA,NA,1828.81,1605.075,-5830.578,1,"KelliiWood",NA,"N/A",2022,18,15,"Line",NA,NA,NA,NA,"greenling","lingcod",130,130,13,"","",NA,"NO LENGTH - too far away",NA
"682","SL_2022_CSEO_Dive_18_14-14-08.000.avi",14873,"14:47:48",NA,NA,NA,43.646,0.861,4462.058,21.784,NA,NA,245.177,1621.028,-4149.954,1,"KelliiWood",NA,"N/A",2022,18,15,"Line",NA,NA,NA,NA,"rockfish","rosethorn",150,150,14,"","",NA,"",NA
"683","SL_2022_CSEO_Dive_18_14-14-08.000.avi",15270,"14:48:01",NA,NA,NA,24.535,0.016,3311.846,15.676,NA,NA,789.649,408.152,-3190.327,1,"KelliiWood",NA,"N/A",2022,18,15,"Line",NA,NA,NA,NA,"rockfish","rosethorn",150,150,15,"","",NA,"",NA
"684","SL_2022_CSEO_Dive_18_14-14-08.000.avi",15758,"14:48:17",NA,NA,NA,45.47,0.825,4483.536,24.064,NA,NA,-1783.77,384.163,-4095.446,1,"KelliiWood",NA,"N/A",2022,18,15,"Line",NA,NA,NA,NA,"rockfish","rosethorn",150,150,16,"","",NA,"",NA
"685","SL_2022_CSEO_Dive_18_14-14-08.000.avi",17031,"14:49:00",NA,NA,NA,24.016,0.487,3421.829,8.44,NA,NA,354.21,342.464,-3386.173,1,"KelliiWood",NA,"N/A",2022,18,15,"Line",NA,NA,NA,NA,"rockfish","rosethorn",150,150,17,"","",NA,"",NA
"686","SL_2022_CSEO_Dive_18_14-14-08.000.avi",19013,"14:50:06",NA,NA,NA,32.535,0.142,3766.263,20.456,NA,NA,1219.226,481.942,-3530.716,1,"KelliiWood",NA,"N/A",2022,18,15,"Line",NA,NA,NA,NA,"rockfish","rosethorn",150,150,18,"","",NA,"",NA
"687","SL_2022_CSEO_Dive_18_14-14-08.000.avi",22009,"14:51:46",NA,NA,NA,30.316,0.542,3665.556,16.09,NA,NA,849.881,542.442,-3524.168,1,"KelliiWood",NA,"N/A",2022,18,15,"Line",NA,NA,NA,NA,"rockfish","rosethorn",150,150,19,"","",NA,"",NA
"688","SL_2022_CSEO_Dive_18_14-14-08.000.avi",22309,"14:51:56",NA,NA,NA,42.254,0.482,4332.908,16.634,NA,NA,641.066,1045.179,-4155.807,1,"KelliiWood",NA,"N/A",2022,18,15,"Line",NA,NA,NA,NA,"rockfish","rosethorn",150,150,20,"","",NA,"",NA
"689","SL_2022_CSEO_Dive_18_14-14-08.000.avi",22885,"14:52:15",NA,NA,NA,37.599,1.122,4438.937,4.712,NA,NA,163.321,308.324,-4425.203,1,"KelliiWood",NA,"N/A",2022,18,15,"Line",NA,NA,NA,NA,"rockfish","rosethorn",150,150,21,"","",NA,"",NA
"690","SL_2022_CSEO_Dive_18_14-14-08.000.avi",28578,"14:55:25",NA,NA,NA,30.135,0.716,3621.835,18.21,NA,NA,959.512,586.497,-3442.825,1,"KelliiWood",NA,"N/A",2022,18,15,"Line",NA,NA,NA,NA,"rockfish","tiger",148,148,22,"","",NA,"",NA
"691","SL_2022_CSEO_Dive_18_14-14-08.000.avi",32042,"14:57:20",NA,NA,NA,42.777,0.057,4737.479,4.735,NA,NA,361.735,129.77,-4721.866,1,"KelliiWood",NA,"N/A",2022,18,15,"Line",NA,NA,NA,NA,"rockfish","yelloweye",145,145,23,"AD","Fish milling/hovering",NA,"NO LENGTH - facing ROV",NA
"692","SL_2022_CSEO_Dive_18_14-14-08.000.avi",33142,"14:57:57",NA,NA,NA,13.475,0.266,2368.549,25.149,NA,NA,-648.949,-778.018,-2140.929,1,"KelliiWood",NA,"N/A",2022,18,15,"Line",NA,NA,NA,NA,"rockfish","rosethorn",150,150,24,"","",NA,"",NA
"693","SL_2022_CSEO_Dive_18_14-14-08.000.avi",35442,"14:59:13",NA,NA,NA,38.605,0.16,4149.591,25.6,NA,NA,-1760.428,325.056,-3743.572,1,"KelliiWood",NA,"N/A",2022,18,15,"Line",NA,NA,NA,NA,"rockfish","rosethorn",150,150,25,"","",NA,"",NA
"694","SL_2022_CSEO_Dive_18_14-14-08.000.avi",38399,"15:00:52",NA,NA,NA,42.713,0.383,4401.943,14.44,NA,NA,587.266,910.358,-4266.553,1,"KelliiWood",NA,"N/A",2022,18,15,"Line",NA,NA,NA,NA,"rockfish","rosethorn",150,150,26,"","",NA,"",NA
"695","SL_2022_CSEO_Dive_18_14-14-08.000.avi",41294,"15:02:28",NA,NA,NA,13.13,0.075,2468.476,31.968,NA,NA,-1263.979,-340.613,-2092.777,1,"KelliiWood",NA,"N/A",2022,18,15,"Line",NA,NA,NA,NA,"rockfish","rosethorn",150,150,27,"","",NA,"",NA
"696","SL_2022_CSEO_Dive_18_14-14-08.000.avi",41847,"15:02:47",NA,NA,NA,13.133,0.085,2362.036,23.871,NA,NA,-881.817,-377.557,-2158.486,1,"KelliiWood",NA,"N/A",2022,18,15,"Line",NA,NA,NA,NA,"rockfish","rosethorn",150,150,28,"","",NA,"",NA
"697","SL_2022_CSEO_Dive_18_14-14-08.000.avi",43705,"15:03:49",NA,NA,560.867,64.846,0.436,4855.931,27.154,21.989,2.896,1302.977,1792.703,-4320.71,1,"KelliiWood",NA,"N/A",2022,18,15,"Line",NA,NA,NA,NA,"rockfish","yelloweye",145,145,29,"AD","Fish milling/hovering",NA,"",NA
"698","SL_2022_CSEO_Dive_18_14-14-08.000.avi",43705,"15:03:49",NA,NA,NA,59.1,4.721,5256.716,22.917,NA,NA,29.576,2027.319,-4849.965,1,"KelliiWood",NA,"N/A",2022,18,15,"Line",NA,NA,NA,NA,"rockfish","yellowtail",155,155,30,"","",NA,"",NA
"699","SL_2022_CSEO_Dive_18_14-14-08.000.avi",43705,"15:03:49",NA,NA,NA,71.071,5.452,5646.221,21.637,NA,NA,498.119,2000.451,-5256.413,1,"KelliiWood",NA,"N/A",2022,18,15,"Line",NA,NA,NA,NA,"rockfish","yellowtail",155,155,31,"","",NA,"",NA
"700","SL_2022_CSEO_Dive_18_14-14-08.000.avi",43705,"15:03:49",NA,NA,NA,74.954,3.175,5657.293,25.336,NA,NA,-1086.329,2142.985,-5121.764,1,"KelliiWood",NA,"N/A",2022,18,15,"Line",NA,NA,NA,NA,"rockfish","yellowtail",155,155,32,"","",NA,"",NA
"701","SL_2022_CSEO_Dive_18_14-14-08.000.avi",45603,"15:04:52",NA,NA,NA,38.645,1.638,4113.264,27.427,NA,NA,-1816.074,-554.549,-3648.738,1,"KelliiWood",NA,"N/A",2022,18,15,"Line",NA,NA,NA,NA,"rockfish","rosethorn",150,150,33,"","",NA,"",NA
"702","SL_2022_CSEO_Dive_18_14-14-08.000.avi",47552,"15:05:57",NA,NA,NA,15.073,0.936,2598.46,32.967,NA,NA,-1233.981,681.592,-2182.824,1,"KelliiWood",NA,"N/A",2022,18,15,"Line",NA,NA,NA,NA,"rockfish","rosethorn",150,150,34,"","",NA,"",NA
"703","SL_2022_CSEO_Dive_18_14-14-08.000.avi",47552,"15:05:57",NA,NA,NA,80.3,0.677,5852.781,23.57,NA,NA,2059.141,1090.706,-5368.923,1,"KelliiWood",NA,"N/A",2022,18,15,"Line",NA,NA,NA,NA,"rockfish","rosethorn",150,150,35,"","",NA,"",NA
"704","SL_2022_CSEO_Dive_18_14-14-08.000.avi",48713,"15:06:36",NA,NA,NA,11.142,0.196,2175.556,30.733,NA,NA,-739.734,-837.466,-1866.679,1,"KelliiWood",NA,"N/A",2022,18,15,"Line",NA,NA,NA,NA,"rockfish","rosethorn",150,150,36,"","",NA,"",NA
"705","SL_2022_CSEO_Dive_18_14-14-08.000.avi",53304,"15:09:09",NA,NA,NA,8.542,0.165,1987.44,13.961,NA,NA,-67.641,-482.419,-1926.814,1,"KelliiWood",NA,"N/A",2022,18,15,"Line",NA,NA,NA,NA,"rockfish","rosethorn",150,150,37,"","",NA,"",NA
"706","SL_2022_CSEO_Dive_18_14-14-08.000.avi",55912,"15:10:36",NA,NA,NA,71.18,0.155,5606.734,29.692,NA,NA,2542.059,1098.912,-4875.017,1,"KelliiWood",NA,"N/A",2022,18,15,"Line",NA,NA,NA,NA,"rockfish","rosethorn",150,150,38,"","",NA,"",NA
"707","SL_2022_CSEO_Dive_18_14-14-08.000.avi",57970,"15:11:44",NA,NA,NA,77.477,0.366,6060.079,35.373,NA,NA,-3088.098,1644.781,-4948.02,1,"KelliiWood",NA,"N/A",2022,18,15,"Line",NA,NA,NA,NA,"rockfish","rosethorn",150,150,39,"","",NA,"",NA
"708","SL_2022_CSEO_Dive_18_14-14-08.000.avi",59552,"15:12:37",NA,NA,NA,13.593,0.463,2478.738,22.361,NA,NA,939.226,75.461,-2292.662,1,"KelliiWood",NA,"N/A",2022,18,15,"Line",NA,NA,NA,NA,"rockfish","rosethorn",150,150,40,"","",NA,"",NA
"709","SL_2022_CSEO_Dive_18_14-14-08.000.avi",59971,"15:12:51",NA,NA,NA,47.665,0.007,4611.696,25.794,NA,NA,-1968.836,371.514,-4153.722,1,"KelliiWood",NA,"N/A",2022,18,15,"Line",NA,NA,NA,NA,"rockfish","rosethorn",150,150,41,"","",NA,"",NA
"710","SL_2022_CSEO_Dive_18_14-14-08.000.avi",60318,"15:13:03",NA,NA,NA,41.023,1.073,4222.102,25.81,NA,NA,-1745.453,561.373,-3803.209,1,"KelliiWood",NA,"N/A",2022,18,15,"Line",NA,NA,NA,NA,"rockfish","rosethorn",150,150,42,"","",NA,"",NA
"711","SL_2022_CSEO_Dive_18_14-14-08.000.avi",60851,"15:13:20",NA,NA,NA,22.655,1.056,3221.956,12.109,NA,NA,-427.066,-536.492,-3148.141,1,"KelliiWood",NA,"N/A",2022,18,15,"Line",NA,NA,NA,NA,"rockfish","rosethorn",150,150,43,"","",NA,"",NA
"712","SL_2022_CSEO_Dive_18_14-14-08.000.avi",60995,"15:13:25",NA,NA,NA,26.934,0.669,3719.543,5.965,NA,NA,-386.31,-1.319,-3699.427,1,"KelliiWood",NA,"N/A",2022,18,15,"Line",NA,NA,NA,NA,"rockfish","rosethorn",150,150,44,"","",NA,"",NA
"713","SL_2022_CSEO_Dive_18_14-14-08.000.avi",68274,"15:17:28",NA,NA,NA,36.328,2.155,4026.663,18.944,NA,NA,-1282.235,-269.581,-3807.521,1,"KelliiWood",NA,"N/A",2022,18,15,"Line",NA,NA,NA,NA,"rockfish","rosethorn",150,150,45,"","",NA,"",NA
"714","SL_2022_CSEO_Dive_18_14-14-08.000.avi",70204,"15:18:32",NA,NA,NA,21.782,0.719,3157.141,18.837,NA,NA,144.479,-1021.01,-2983.991,1,"KelliiWood",NA,"N/A",2022,18,15,"Line",NA,NA,NA,NA,"rockfish","rosethorn",150,150,46,"","",NA,"",NA
"715","SL_2022_CSEO_Dive_18_14-14-08.000.avi",70400,"15:18:39",NA,NA,NA,17.91,0.265,2806.941,22.135,NA,NA,311.367,-1021.157,-2595.999,1,"KelliiWood",NA,"N/A",2022,18,15,"Line",NA,NA,NA,NA,"rockfish","rosethorn",150,150,47,"","",NA,"",NA
"716","SL_2022_CSEO_Dive_18_14-14-08.000.avi",71096,"15:19:02",NA,NA,NA,33.111,0.65,3972.516,9.401,NA,NA,-527.887,-392.985,-3917.625,1,"KelliiWood",NA,"N/A",2022,18,15,"Line",NA,NA,NA,NA,"rockfish","rosethorn",150,150,48,"","",NA,"",NA
"717","SL_2022_CSEO_Dive_18_14-14-08.000.avi",71615,"15:19:19",NA,NA,NA,27.421,0.154,3516.806,21.312,NA,NA,-1268.794,141.5,-3276.898,1,"KelliiWood",NA,"N/A",2022,18,15,"Line",NA,NA,NA,NA,"rockfish","rosethorn",150,150,49,"","",NA,"",NA
"718","SL_2022_CSEO_Dive_18_14-14-08.000.avi",72555,"15:19:50",NA,NA,NA,58.285,0.091,5032.392,28.23,NA,NA,-2226.192,-860.502,-4430.415,1,"KelliiWood",NA,"N/A",2022,18,15,"Line",NA,NA,NA,NA,"rockfish","rosethorn",150,150,50,"","",NA,"",NA
"719","SL_2022_CSEO_Dive_18_14-14-08.000.avi",72739,"15:19:57",NA,NA,NA,53.352,2.55,4951.622,20.372,NA,NA,-1723.714,-16.074,-4641.886,1,"KelliiWood",NA,"N/A",2022,18,15,"Line",NA,NA,NA,NA,"rockfish","rosethorn",150,150,51,"","",NA,"",NA
"720","SL_2022_CSEO_Dive_18_14-14-08.000.avi",74768,"15:21:04",NA,NA,NA,39.109,0.132,4067.023,22.909,NA,NA,1299.044,889.953,-3749.819,1,"KelliiWood",NA,"N/A",2022,18,15,"Line",NA,NA,NA,NA,"rockfish","rosethorn",150,150,52,"","",NA,"",NA
"721","SL_2022_CSEO_Dive_18_14-14-08.000.avi",76744,"15:22:10",NA,NA,NA,15.9,0.215,2707.026,27.249,NA,NA,-1239.354,-22.882,-2406.547,1,"KelliiWood",NA,"N/A",2022,18,15,"Line",NA,NA,NA,NA,"rockfish","rosethorn",150,150,53,"","",NA,"",NA
"722","SL_2022_CSEO_Dive_18_14-14-08.000.avi",77071,"15:22:21",NA,NA,NA,35.113,0.983,4270.291,5.011,NA,NA,-323.115,169.319,-4254.681,1,"KelliiWood",NA,"N/A",2022,18,15,"Line",NA,NA,NA,NA,"rockfish","rosethorn",150,150,54,"","",NA,"",NA
"723","SL_2022_CSEO_Dive_18_14-14-08.000.avi",79103,"15:23:29",NA,NA,NA,55.013,0.626,4998.994,18.245,NA,NA,1532.189,300.212,-4748.917,1,"KelliiWood",NA,"N/A",2022,18,15,"Line",NA,NA,NA,NA,"rockfish","rosethorn",150,150,55,"","",NA,"",NA
"724","SL_2022_CSEO_Dive_18_14-14-08.000.avi",80153,"15:24:04",NA,NA,NA,45.634,1.85,4579.286,13.767,NA,NA,-501.371,949.72,-4451.575,1,"KelliiWood",NA,"N/A",2022,18,15,"Line",NA,NA,NA,NA,"rockfish","rosethorn",150,150,56,"","",NA,"",NA
"725","SL_2022_CSEO_Dive_18_14-14-08.000.avi",80235,"15:24:07",NA,NA,NA,36.671,0.102,4000.049,25.433,NA,NA,1622.96,548.616,-3614.611,1,"KelliiWood",NA,"N/A",2022,18,15,"Line",NA,NA,NA,NA,"rockfish","rosethorn",150,150,57,"","",NA,"",NA
"726","SL_2022_CSEO_Dive_18_14-14-08.000.avi",80823,"15:24:26",NA,NA,NA,49.629,2.336,4583.031,26.783,NA,NA,1717.516,1130.409,-4095.911,1,"KelliiWood",NA,"N/A",2022,18,15,"Line",NA,NA,NA,NA,"rockfish","yelloweye",145,145,58,"AD","Attracted",NA,"NO LENGTH - facing ROV",NA
"727","SL_2022_CSEO_Dive_18_14-14-08.000.avi",81238,"15:24:40",NA,NA,NA,39.015,0.362,4266.495,26.141,NA,NA,1878.936,39.375,-3830.278,1,"KelliiWood",NA,"N/A",2022,18,15,"Line",NA,NA,NA,NA,"rockfish","rosethorn",150,150,59,"","",NA,"",NA
"728","SL_2022_CSEO_Dive_18_14-14-08.000.avi",82523,"15:25:23",NA,NA,NA,70.619,0.402,5741.833,30.714,NA,NA,2853.973,655.026,-4939.071,1,"KelliiWood",NA,"N/A",2022,18,15,"Line",NA,NA,NA,NA,"rockfish","rosethorn",150,150,60,"","",NA,"",NA
"729","SL_2022_CSEO_Dive_18_14-14-08.000.avi",86742,"15:27:43",NA,NA,NA,12.482,0.226,2363.729,15.903,NA,NA,-608.375,213.053,-2274.138,1,"KelliiWood",NA,"N/A",2022,18,15,"Line",NA,NA,NA,NA,"rockfish","rosethorn",150,150,61,"","",NA,"",NA
"730","SL_2022_CSEO_Dive_18_14-14-08.000.avi",87049,"15:27:54",NA,NA,NA,51.295,0.304,4654.154,22.667,NA,NA,1174.416,1338.421,-4300.061,1,"KelliiWood",NA,"N/A",2022,18,15,"Line",NA,NA,NA,NA,"rockfish","yelloweye",145,145,62,"AD","Attracted",NA,"NO LENGTH - facing ROV",NA
"731","SL_2022_CSEO_Dive_18_14-14-08.000.avi",87926,"15:28:23",NA,NA,NA,44.845,1.125,4706.818,8.093,NA,NA,561.301,333.428,-4661.32,1,"KelliiWood",NA,"N/A",2022,18,15,"Line",NA,NA,NA,NA,"rockfish","rosethorn",150,150,63,"","",NA,"",NA
"732","SL_2022_CSEO_Dive_18_14-14-08.000.avi",91343,"15:30:17",NA,NA,NA,36.13,0.409,3987.462,16.273,NA,NA,-760.182,803.57,-3830.96,1,"KelliiWood",NA,"N/A",2022,18,15,"Line",NA,NA,NA,NA,"rockfish","rosethorn",150,150,64,"","",NA,"",NA
"733","SL_2022_CSEO_Dive_19_08-52-51.000.avi",1160,"9:06:38",NA,NA,NA,36.29,1.467,4034.733,25.886,NA,NA,-1736.177,282.992,-3631.071,1,"KelliiWood",65,"N/A",2022,19,18,"Line",NA,NA,NA,NA,"rockfish","silvergray",157,157,1,"","",NA,"",NA
"734","SL_2022_CSEO_Dive_19_08-52-51.000.avi",1229,"9:06:40",NA,NA,NA,66.699,1.6,5404.946,20.868,NA,NA,-1857.669,-526.298,-5048.318,1,"KelliiWood",65,"N/A",2022,19,18,"Line",NA,NA,NA,NA,"rockfish","yelloweye",145,145,2,"AD","Fish milling/hovering",NA,"NO LENGTH - facing away ROV",NA
"735","SL_2022_CSEO_Dive_19_08-52-51.000.avi",1442,"9:06:47",NA,NA,NA,42.483,0.575,4234.44,26.766,NA,NA,1568.157,-1100.176,-3776.371,1,"KelliiWood",65,"N/A",2022,19,18,"Line",NA,NA,NA,NA,"rockfish","yellowtail",155,155,3,"","",NA,"",NA
"736","SL_2022_CSEO_Dive_19_08-52-51.000.avi",1845,"9:07:00",NA,NA,NA,15.729,0.375,2661.36,21.591,NA,NA,174.862,953.688,-2478.455,1,"KelliiWood",65,"N/A",2022,19,18,"Line",NA,NA,NA,NA,"rockfish","quillback",147,147,4,"","",NA,"",NA
"737","SL_2022_CSEO_Dive_19_08-52-51.000.avi",3914,"9:08:09",NA,NA,NA,37.733,0.371,4135.754,14.204,NA,NA,-562.552,828.584,-4012.661,1,"KelliiWood",65,"N/A",2022,19,18,"Line",NA,NA,NA,NA,"rockfish","yellowtail",155,155,5,"","",NA,"",NA
"738","SL_2022_CSEO_Dive_19_08-52-51.000.avi",4149,"9:08:17",NA,NA,NA,9.401,1.339,2152.825,6.317,NA,NA,-214.891,-108.208,-2139.338,1,"KelliiWood",65,"N/A",2022,19,18,"Line",NA,NA,NA,NA,"rockfish","yellowtail",155,155,6,"","",NA,"",NA
"739","SL_2022_CSEO_Dive_19_08-52-51.000.avi",4266,"9:08:21",NA,NA,NA,5.235,0.229,1556.122,29.117,NA,NA,754.147,-73.375,-1359.189,1,"KelliiWood",65,"N/A",2022,19,18,"Line",NA,NA,NA,NA,"rockfish","quillback",147,147,7,"","",NA,"",NA
"740","SL_2022_CSEO_Dive_19_08-52-51.000.avi",5584,"9:09:05",NA,NA,NA,10.144,0.795,2210.949,7.789,NA,NA,232.338,-197.973,-2189.776,1,"KelliiWood",65,"N/A",2022,19,18,"Line",NA,NA,NA,NA,"rockfish","dusky",172,172,8,"","",NA,"",NA
"741","SL_2022_CSEO_Dive_20_12-21-57.000.avi",645,"12:38:39",NA,NA,NA,18.892,0.56,2867.035,22.143,NA,NA,1018.347,350.921,-2657.012,1,"KelliiWood",100,"N/A",2022,20,21,"Line",NA,NA,NA,NA,"rockfish","rosethorn",150,150,1,"","",NA,"",NA
"742","SL_2022_CSEO_Dive_20_12-21-57.000.avi",1814,"12:39:18",NA,NA,NA,32.699,1.003,3806.3,24.681,NA,NA,-1554.907,315.247,-3459.885,1,"KelliiWood",100,"N/A",2022,20,21,"Line",NA,NA,NA,NA,"rockfish","rosethorn",150,150,2,"","",NA,"",NA
"743","SL_2022_CSEO_Dive_20_12-21-57.000.avi",3898,"12:40:28",NA,NA,NA,35.016,1.005,3940.611,15.926,NA,NA,882.39,609.826,-3791.822,1,"KelliiWood",100,"N/A",2022,20,21,"Line",NA,NA,NA,NA,"rockfish","rosethorn",150,150,3,"","",NA,"",NA
"744","SL_2022_CSEO_Dive_20_12-21-57.000.avi",4640,"12:40:53",NA,NA,NA,49.185,0.928,4913.358,11.226,NA,NA,114.806,930.32,-4823.113,1,"KelliiWood",100,"N/A",2022,20,21,"Line",NA,NA,NA,NA,"rockfish","rosethorn",150,150,4,"","",NA,"",NA
"745","SL_2022_CSEO_Dive_20_12-21-57.000.avi",7094,"12:42:14",NA,NA,NA,70.158,2.936,5631.95,30.524,NA,NA,2688.032,958.776,-4855.317,1,"KelliiWood",100,"N/A",2022,20,21,"Line",NA,NA,NA,NA,"rockfish","yelloweye",145,145,5,"AD","Fish milling/hovering",NA,"NO LENGTH - too far away",NA
"746","SL_2022_CSEO_Dive_20_12-21-57.000.avi",7320,"12:42:22",NA,NA,NA,14.964,0.115,2559.937,29.06,NA,NA,-1170.436,-428.676,-2235.977,1,"KelliiWood",100,"N/A",2022,20,21,"Line",NA,NA,NA,NA,"rockfish","rosethorn",150,150,6,"","",NA,"",NA
"747","SL_2022_CSEO_Dive_20_12-21-57.000.avi",7976,"12:42:44",NA,NA,NA,93.645,0.341,6916.213,6.143,NA,NA,-548.199,469.771,-6878.43,1,"KelliiWood",100,"N/A",2022,20,21,"Line",NA,NA,NA,NA,"rockfish","silvergray",157,157,7,"","",NA,"",NA
"748","SL_2022_CSEO_Dive_20_12-21-57.000.avi",9238,"12:43:26",NA,NA,NA,18.628,0.13,3131.413,3.38,NA,NA,184.1,-26.728,-3125.882,1,"KelliiWood",100,"N/A",2022,20,21,"Line",NA,NA,NA,NA,"rockfish","rosethorn",150,150,8,"","",NA,"",NA
"749","SL_2022_CSEO_Dive_20_12-21-57.000.avi",10285,"12:44:01",NA,NA,NA,87.877,0.493,6087.035,24.264,NA,NA,-1411.807,2042.682,-5557.539,1,"KelliiWood",100,"N/A",2022,20,21,"Line",NA,NA,NA,NA,"rockfish","yelloweye",145,145,9,"AD","Fish milling/hovering",NA,"NO LENGTH - facing ROV- GRAVID ",NA
"750","SL_2022_CSEO_Dive_20_12-21-57.000.avi",10733,"12:44:16",NA,NA,NA,62.535,1.01,5527.155,11.134,NA,NA,-198.267,1027.034,-5427.276,1,"KelliiWood",100,"N/A",2022,20,21,"Line",NA,NA,NA,NA,"rockfish","rosethorn",150,150,10,"","",NA,"",NA
"751","SL_2022_CSEO_Dive_20_12-21-57.000.avi",10972,"12:44:24",NA,NA,606.304,264.177,1.837,7063.981,9.259,48.068,6.281,-106.869,1131.59,-6971.937,1,"KelliiWood",100,"N/A",2022,20,21,"Line",NA,NA,NA,NA,"rockfish","rosethorn",150,150,11,"AD","Fish milling/hovering",NA,"",NA
"752","SL_2022_CSEO_Dive_20_12-21-57.000.avi",11614,"12:44:45",NA,NA,502.148,273.879,3.276,7350.59,9.823,47.129,14.463,318.019,1213.06,-7242.825,1,"KelliiWood",100,"N/A",2022,20,21,"Line",NA,NA,NA,NA,"rockfish","yelloweye",145,145,12,"AD","Fish milling/hovering",NA,"GRAVID female",NA
"753","SL_2022_CSEO_Dive_20_12-21-57.000.avi",14140,"12:46:09",NA,NA,NA,13.483,0.217,2490.613,11.284,NA,NA,-352.212,-346.626,-2441.096,1,"KelliiWood",100,"N/A",2022,20,21,"Line",NA,NA,NA,NA,"rockfish","rosethorn",150,150,13,"","",NA,"",NA
"754","SL_2022_CSEO_Dive_20_12-21-57.000.avi",15327,"12:46:49",NA,NA,NA,55.084,1.462,4892.211,21.182,NA,NA,-1655.807,600.722,-4564.117,1,"KelliiWood",100,"N/A",2022,20,21,"Line",NA,NA,NA,NA,"rockfish","rosethorn",150,150,14,"","",NA,"",NA
"755","SL_2022_CSEO_Dive_20_12-21-57.000.avi",17257,"12:47:53",NA,NA,NA,50.034,0.001,5006.244,7.181,NA,NA,393.176,467.036,-4968.88,1,"KelliiWood",100,"N/A",2022,20,21,"Line",NA,NA,NA,NA,"rockfish","rosethorn",150,150,15,"","",NA,"",NA
"756","SL_2022_CSEO_Dive_20_12-21-57.000.avi",17502,"12:48:01",NA,NA,678.962,48.401,3.474,5734.806,18.317,3.628,9.907,-1080.717,1442.364,-5444.23,1,"KelliiWood",100,"N/A",2022,20,21,"Line",NA,NA,NA,NA,"halibut","halibut",200,200,16,"","",NA,"",NA
"757","SL_2022_CSEO_Dive_20_12-21-57.000.avi",18184,"12:48:24",NA,NA,NA,44.177,0.349,4528.973,12.351,NA,NA,-848.957,448.842,-4425.993,1,"KelliiWood",100,"N/A",2022,20,21,"Line",NA,NA,NA,NA,"rockfish","dusky",172,172,17,"","",NA,"",NA
"758","SL_2022_CSEO_Dive_20_12-21-57.000.avi",20360,"12:49:37",NA,NA,65.306,48.56,0.557,2862.249,25.746,80.173,4.266,1224.619,-214.899,-2578.099,1,"KelliiWood",100,"N/A",2022,20,21,"Line",NA,NA,NA,NA,"crab","crab",NA,NA,18,"JV","",NA,"red king crab jv - carapace length",NA
"759","SL_2022_CSEO_Dive_20_12-21-57.000.avi",21130,"12:50:02",NA,NA,NA,42.818,0.022,4426.558,15.289,NA,NA,-1120.56,309.788,-4271.158,1,"KelliiWood",100,"N/A",2022,20,21,"Line",NA,NA,NA,NA,"rockfish","rosethorn",150,150,19,"","",NA,"",NA
"760","SL_2022_CSEO_Dive_20_12-21-57.000.avi",21495,"12:50:15",NA,NA,576.706,148.687,1.46,6628.582,11.641,34.519,34.912,-269.764,1310.028,-6492.238,1,"KelliiWood",100,"N/A",2022,20,21,"Line",NA,NA,NA,NA,"rockfish","yelloweye",145,145,20,"AD","Fish resting on bottom",NA,"GRAVID female",NA
"761","SL_2022_CSEO_Dive_20_12-21-57.000.avi",23499,"12:51:21",NA,NA,NA,6.488,0.038,1712.431,17.78,NA,NA,44.106,-527.57,-1628.54,1,"KelliiWood",100,"N/A",2022,20,21,"Line",NA,NA,NA,NA,"crab","box crab",900,900,21,"","",NA,"",NA
"762","SL_2022_CSEO_Dive_20_12-21-57.000.avi",24986,"12:52:11",NA,NA,NA,68.099,0.307,5389.174,25.128,NA,NA,2020.803,1054.394,-4883.421,1,"KelliiWood",100,"N/A",2022,20,21,"Line",NA,NA,NA,NA,"rockfish","yelloweye",145,145,22,"AD","Fish milling/hovering",NA,"NO LENGTH - partial view only",NA
"763","SL_2022_CSEO_Dive_20_12-21-57.000.avi",26171,"12:52:50",NA,NA,NA,6.352,2.03,1652.326,18.404,NA,NA,-258.492,-459.4,-1565.987,1,"KelliiWood",100,"N/A",2022,20,21,"Line",NA,NA,NA,NA,"rockfish","rosethorn",150,150,23,"","",NA,"",NA
"764","SL_2022_CSEO_Dive_20_12-21-57.000.avi",28246,"12:54:00",NA,NA,652.59,101.411,1.286,4420.526,30.739,72.247,12.026,-2097.813,839.242,-3799.461,1,"KelliiWood",100,"N/A",2022,20,21,"Line",NA,NA,NA,NA,"rockfish","yelloweye",145,145,24,"AD","Fish milling/hovering",NA,"",NA
"765","SL_2022_CSEO_Dive_20_12-21-57.000.avi",29956,"12:54:57",NA,NA,NA,41.217,0.122,4215.392,23.597,NA,NA,1552.483,645.721,-3865.536,1,"KelliiWood",100,"N/A",2022,20,21,"Line",NA,NA,NA,NA,"rockfish","rosethorn",150,150,25,"","",NA,"",NA
"766","SL_2022_CSEO_Dive_20_12-21-57.000.avi",30001,"12:54:58",NA,NA,NA,86.601,0.13,6247.126,31.847,NA,NA,-3042.31,1247.63,-5311.718,1,"KelliiWood",100,"N/A",2022,20,21,"Line",NA,NA,NA,NA,"rockfish","rosethorn",150,150,26,"","",NA,"",NA
"767","SL_2022_CSEO_Dive_20_12-21-57.000.avi",31672,"12:55:54",NA,NA,NA,10.446,0.212,2126.653,17.441,NA,NA,-356.578,-536.448,-2026.753,1,"KelliiWood",100,"N/A",2022,20,21,"Line",NA,NA,NA,NA,"rockfish","rosethorn",150,150,27,"","",NA,"",NA
"768","SL_2022_CSEO_Dive_20_12-21-57.000.avi",34433,"12:57:26",NA,NA,441.483,79.606,1.101,4107.137,26.652,77.832,36.278,1806.229,-363.061,-3670.736,1,"KelliiWood",100,"N/A",2022,20,21,"Line",NA,NA,NA,NA,"rockfish","yelloweye",145,145,28,"AD","Fish milling/hovering",NA,"",NA
"769","SL_2022_CSEO_Dive_20_12-21-57.000.avi",34491,"12:57:28",NA,NA,NA,103.67,1.054,6747.906,25.831,NA,NA,2798.466,877.59,-6077.225,1,"KelliiWood",100,"N/A",2022,20,21,"Line",NA,NA,NA,NA,"rockfish","yelloweye",145,145,29,"AD","Fish milling/hovering",NA,"NO LENGTH - too far away",NA
"770","SL_2022_CSEO_Dive_20_12-21-57.000.avi",35450,"12:58:00",NA,NA,NA,31.916,2.407,3785.188,30.786,NA,NA,-1826.962,631.723,-3254.348,1,"KelliiWood",100,"N/A",2022,20,21,"Line",NA,NA,NA,NA,"rockfish","dusky",172,172,30,"","",NA,"",NA
"771","SL_2022_CSEO_Dive_20_12-21-57.000.avi",36125,"12:58:22",NA,NA,NA,30.043,0.97,3900.09,6.301,NA,NA,-348.624,232.824,-3877.493,1,"KelliiWood",100,"N/A",2022,20,21,"Line",NA,NA,NA,NA,"rockfish","rosethorn",150,150,31,"","",NA,"",NA
"772","SL_2022_CSEO_Dive_20_12-21-57.000.avi",36234,"12:58:26",NA,NA,NA,21.558,0.844,3237.551,9.109,NA,NA,467.57,197.171,-3197.536,1,"KelliiWood",100,"N/A",2022,20,21,"Line",NA,NA,NA,NA,"rockfish","dusky",172,172,32,"","",NA,"",NA
"773","SL_2022_CSEO_Dive_20_12-21-57.000.avi",38045,"12:59:26",NA,NA,NA,27.69,0.497,3486.076,30.181,NA,NA,1556.932,-816.666,-3010.273,1,"KelliiWood",100,"N/A",2022,20,21,"Line",NA,NA,NA,NA,"rockfish","dusky",172,172,33,"","",NA,"",NA
"774","SL_2022_CSEO_Dive_20_12-21-57.000.avi",38771,"12:59:50",NA,NA,NA,11.317,0.663,2388.444,5.207,NA,NA,-78.164,-211.694,-2377.76,1,"KelliiWood",100,"N/A",2022,20,21,"Line",NA,NA,NA,NA,"rockfish","rosethorn",150,150,34,"","",NA,"",NA
"775","SL_2022_CSEO_Dive_20_12-21-57.000.avi",39235,"13:00:06",NA,NA,NA,25.114,0.462,3473.545,10.41,NA,NA,-595.335,185.008,-3417.143,1,"KelliiWood",100,"N/A",2022,20,21,"Line",NA,NA,NA,NA,"rockfish","rosethorn",150,150,35,"","",NA,"",NA
"776","SL_2022_CSEO_Dive_20_12-21-57.000.avi",39672,"13:00:20",NA,NA,434.612,167.068,1.816,6492.63,15.006,33.455,1.968,-1158.676,1217.999,-6271.219,1,"KelliiWood",100,"N/A",2022,20,21,"Line",NA,NA,NA,NA,"rockfish","yelloweye",145,145,36,"AD","Fish milling/hovering",NA,"",NA
"777","SL_2022_CSEO_Dive_20_12-21-57.000.avi",40870,"13:01:00",NA,NA,NA,32.783,0.331,3904.626,16.026,NA,NA,-1073.33,85.175,-3753.24,1,"KelliiWood",100,"N/A",2022,20,21,"Line",NA,NA,NA,NA,"rockfish","quillback",147,147,37,"","",NA,"",NA
"778","SL_2022_CSEO_Dive_20_12-21-57.000.avi",41141,"13:01:09",NA,NA,NA,72.551,1.313,5592.398,25.098,NA,NA,2176.688,922.552,-5068.12,1,"KelliiWood",100,"N/A",2022,20,21,"Line",NA,NA,NA,NA,"rockfish","rosethorn",150,150,38,"","",NA,"",NA
"779","SL_2022_CSEO_Dive_20_12-21-57.000.avi",41227,"13:01:12",NA,NA,NA,55.436,1.392,5244.059,10.58,NA,NA,81.266,938.763,-5158.709,1,"KelliiWood",100,"N/A",2022,20,21,"Line",NA,NA,NA,NA,"rockfish","rosethorn",150,150,39,"","",NA,"",NA
"780","SL_2022_CSEO_Dive_20_12-21-57.000.avi",41948,"13:01:36",NA,NA,NA,62.869,0.181,5352.328,29.47,NA,NA,2544.222,660.08,-4662.471,1,"KelliiWood",100,"N/A",2022,20,21,"Line",NA,NA,NA,NA,"rockfish","rosethorn",150,150,40,"","",NA,"",NA
"781","SL_2022_CSEO_Dive_20_12-21-57.000.avi",43796,"13:02:38",NA,NA,NA,40.171,0.893,4523.363,7.104,NA,NA,559.26,-30.298,-4488.555,1,"KelliiWood",100,"N/A",2022,20,21,"Line",NA,NA,NA,NA,"rockfish","yelloweye",145,145,41,"AD","Fish resting on bottom",NA,"NO LENGTH - facing ROV",NA
"782","SL_2022_CSEO_Dive_20_12-21-57.000.avi",44160,"13:02:50",NA,NA,NA,52.638,1.42,4907.869,21.313,NA,NA,-1783.418,-55.865,-4572.033,1,"KelliiWood",100,"N/A",2022,20,21,"Line",NA,NA,NA,NA,"rockfish","rosethorn",150,150,42,"","",NA,"",NA
"783","SL_2022_CSEO_Dive_20_12-21-57.000.avi",45149,"13:03:23",NA,NA,NA,20.043,1.241,3103.681,30.982,NA,NA,-1592.367,119.44,-2661.379,1,"KelliiWood",100,"N/A",2022,20,21,"Line",NA,NA,NA,NA,"rockfish","rosethorn",150,150,43,"","",NA,"",NA
"784","SL_2022_CSEO_Dive_20_12-21-57.000.avi",45967,"13:03:50",NA,NA,NA,35.418,0.008,3956.93,15.926,NA,NA,-880.004,620.742,-3807.567,1,"KelliiWood",100,"N/A",2022,20,21,"Line",NA,NA,NA,NA,"rockfish","rosethorn",150,150,44,"","",NA,"",NA
"785","SL_2022_CSEO_Dive_20_12-21-57.000.avi",47744,"13:04:49",NA,NA,NA,13.146,0.339,2389.933,27.947,NA,NA,-1058.233,-375.429,-2109.734,1,"KelliiWood",100,"N/A",2022,20,21,"Line",NA,NA,NA,NA,"rockfish","rosethorn",150,150,45,"","",NA,"",NA
"786","SL_2022_CSEO_Dive_20_12-21-57.000.avi",48180,"13:05:04",NA,NA,NA,58.75,0.146,5207.314,15.059,NA,NA,1304.247,339.698,-5029.877,1,"KelliiWood",100,"N/A",2022,20,21,"Line",NA,NA,NA,NA,"rockfish","rosethorn",150,150,46,"","",NA,"",NA
"787","SL_2022_CSEO_Dive_20_12-21-57.000.avi",49582,"13:05:51",NA,NA,672.033,337.274,3.045,7920.974,15.473,52.557,10.938,726.183,1984.552,-7633.875,1,"KelliiWood",100,"N/A",2022,20,21,"Line",NA,NA,NA,NA,"rockfish","yelloweye",145,145,47,"AD","Fish actively swimming in frame",NA,"",NA
"788","SL_2022_CSEO_Dive_20_12-21-57.000.avi",49860,"13:06:00",NA,NA,NA,8.886,0.184,1995.776,29.224,NA,NA,-949.962,-223.782,-1740.866,1,"KelliiWood",100,"N/A",2022,20,21,"Line",NA,NA,NA,NA,"rockfish","rosethorn",150,150,48,"","",NA,"",NA
"789","SL_2022_CSEO_Dive_20_12-21-57.000.avi",51086,"13:06:41",NA,NA,NA,29.71,0.021,3634.234,19.291,NA,NA,1151.278,327.022,-3431.512,1,"KelliiWood",100,"N/A",2022,20,21,"Line",NA,NA,NA,NA,"rockfish","rosethorn",150,150,49,"","",NA,"",NA
"790","SL_2022_CSEO_Dive_20_12-21-57.000.avi",53007,"13:07:45",NA,NA,428.264,152.265,2.009,6247.291,26.913,35.039,18.36,-2601.543,1108.3,-5570.663,1,"KelliiWood",100,"N/A",2022,20,21,"Line",NA,NA,NA,NA,"rockfish","yelloweye",145,145,50,"AD","Fish milling/hovering",NA,"",NA
"791","SL_2022_CSEO_Dive_20_12-21-57.000.avi",55864,"13:09:20",NA,NA,NA,17.526,0.124,2881.459,12.523,NA,NA,616.897,87.856,-2813.276,1,"KelliiWood",100,"N/A",2022,20,21,"Line",NA,NA,NA,NA,"rockfish","rosethorn",150,150,51,"","",NA,"",NA
"792","SL_2022_CSEO_Dive_20_12-21-57.000.avi",57902,"13:10:28",NA,NA,NA,73.582,1.223,5796.035,28.055,NA,NA,2672.799,515.19,-5117.104,1,"KelliiWood",100,"N/A",2022,20,21,"Line",NA,NA,NA,NA,"rockfish","rosethorn",150,150,52,"","",NA,"",NA
"793","SL_2022_CSEO_Dive_20_12-21-57.000.avi",59229,"13:11:12",NA,NA,NA,5.333,0.389,1518.642,24.718,NA,NA,188.379,-611.95,-1377.063,1,"KelliiWood",100,"N/A",2022,20,21,"Line",NA,NA,NA,NA,"rockfish","rosethorn",150,150,53,"","",NA,"",NA
"794","SL_2022_CSEO_Dive_20_12-21-57.000.avi",60793,"13:12:04",NA,NA,NA,28.654,0.429,3609.441,24.872,NA,NA,-1516.014,-93.136,-3274.308,1,"KelliiWood",100,"N/A",2022,20,21,"Line",NA,NA,NA,NA,"rockfish","rosethorn",150,150,54,"","",NA,"",NA
"795","SL_2022_CSEO_Dive_20_12-21-57.000.avi",62324,"13:12:55",NA,NA,647.746,159.591,0.285,6444.643,12.661,32.695,3.306,634.536,1261.99,-6287.938,1,"KelliiWood",100,"N/A",2022,20,21,"Line",NA,NA,NA,NA,"rockfish","yelloweye",145,145,55,"AD","Fish milling/hovering",NA,"GRAVID female",NA
"796","SL_2022_CSEO_Dive_20_12-21-57.000.avi",64306,"13:14:02",NA,NA,NA,20.601,1.605,3313.045,2.817,NA,NA,-134.483,78.518,-3309.383,1,"KelliiWood",100,"N/A",2022,20,21,"Line",NA,NA,NA,NA,"rockfish","rosethorn",150,150,56,"","",NA,"",NA
"797","SL_2022_CSEO_Dive_20_12-21-57.000.avi",67036,"13:15:33",NA,NA,NA,12.362,0.247,2354.401,13.271,NA,NA,-391.289,-381.994,-2290.017,1,"KelliiWood",100,"N/A",2022,20,21,"Line",NA,NA,NA,NA,"rockfish","rosethorn",150,150,57,"","",NA,"",NA
"798","SL_2022_CSEO_Dive_20_12-21-57.000.avi",68081,"13:16:07",NA,NA,NA,51.877,0.63,5174.355,6.456,NA,NA,580.77,13.842,-5141.641,1,"KelliiWood",100,"N/A",2022,20,21,"Line",NA,NA,NA,NA,"rockfish","rosethorn",150,150,58,"","",NA,"",NA
"799","SL_2022_CSEO_Dive_20_12-21-57.000.avi",69817,"13:17:05",NA,NA,NA,15.92,0.144,2816.424,7.686,NA,NA,371.749,49.685,-2791.34,1,"KelliiWood",100,"N/A",2022,20,21,"Line",NA,NA,NA,NA,"crab","box crab",900,900,59,"","",NA,"",NA
"800","SL_2022_CSEO_Dive_20_12-21-57.000.avi",69967,"13:17:10",NA,NA,NA,22.258,0.699,3156.201,24.835,NA,NA,1308.913,-221.277,-2863.457,1,"KelliiWood",100,"N/A",2022,20,21,"Line",NA,NA,NA,NA,"crab","box crab",900,900,60,"","",NA,"",NA
"801","SL_2022_CSEO_Dive_20_12-21-57.000.avi",71178,"13:17:51",NA,NA,NA,21.394,3.275,3129.527,16.001,NA,NA,852.243,-145.679,-3007.723,1,"KelliiWood",100,"N/A",2022,20,21,"Line",NA,NA,NA,NA,"crab","box crab",900,900,61,"","",NA,"",NA
"802","SL_2022_CSEO_Dive_20_12-21-57.000.avi",72010,"13:18:18",NA,NA,NA,12.519,0.864,2576.187,1.908,NA,NA,71.211,37.5,-2574.929,1,"KelliiWood",100,"N/A",2022,20,21,"Line",NA,NA,NA,NA,"crab","box crab",900,900,62,"","",NA,"",NA
"803","SL_2022_CSEO_Dive_20_12-21-57.000.avi",72158,"13:18:23",NA,NA,NA,12.081,2.155,2337.083,30.615,NA,NA,-1145.892,-329.799,-2010.005,1,"KelliiWood",100,"N/A",2022,20,21,"Line",NA,NA,NA,NA,"crab","box crab",900,900,63,"","",NA,"",NA
"804","SL_2022_CSEO_Dive_20_12-21-57.000.avi",72515,"13:18:35",NA,NA,NA,40.247,0.308,4184.902,28.337,NA,NA,-1848.966,711.288,-3686.298,1,"KelliiWood",100,"N/A",2022,20,21,"Line",NA,NA,NA,NA,"crab","box crab",900,900,64,"","",NA,"",NA
"805","SL_2022_CSEO_Dive_20_12-21-57.000.avi",73537,"13:19:09",NA,NA,NA,17.735,0.456,2771.857,24.583,NA,NA,1093.507,-376.04,-2519.133,1,"KelliiWood",100,"N/A",2022,20,21,"Line",NA,NA,NA,NA,"crab","box crab",900,900,65,"","",NA,"",NA
"806","SL_2022_CSEO_Dive_20_12-21-57.000.avi",73537,"13:19:09",NA,NA,NA,32.179,2.987,3692.072,26.13,NA,NA,1380.512,845.822,-3318.157,1,"KelliiWood",100,"N/A",2022,20,21,"Line",NA,NA,NA,NA,"crab","box crab",900,900,66,"","",NA,"",NA
"807","SL_2022_CSEO_Dive_20_12-21-57.000.avi",73537,"13:19:09",NA,NA,NA,44.439,4.543,4365.686,21.712,NA,NA,829.819,1369.287,-4061.485,1,"KelliiWood",100,"N/A",2022,20,21,"Line",NA,NA,NA,NA,"crab","box crab",900,900,67,"","",NA,"",NA
"808","SL_2022_CSEO_Dive_20_12-21-57.000.avi",73898,"13:19:21",NA,NA,NA,16.754,0.327,2800.179,14.57,NA,NA,703.453,25.663,-2710.258,1,"KelliiWood",100,"N/A",2022,20,21,"Line",NA,NA,NA,NA,"rockfish","rosethorn",150,150,68,"","",NA,"",NA
"809","SL_2022_CSEO_Dive_20_12-21-57.000.avi",74031,"13:19:26",NA,NA,NA,36.405,3.383,4040.064,15.396,NA,NA,587.21,881.982,-3898.642,1,"KelliiWood",100,"N/A",2022,20,21,"Line",NA,NA,NA,NA,"crab","box crab",900,900,69,"","",NA,"",NA
"810","SL_2022_CSEO_Dive_20_12-21-57.000.avi",74031,"13:19:26",NA,NA,NA,33.133,1.116,3810.179,16.965,NA,NA,-690.669,856.601,-3647.831,1,"KelliiWood",100,"N/A",2022,20,21,"Line",NA,NA,NA,NA,"crab","box crab",900,900,70,"","",NA,"",NA
"811","SL_2022_CSEO_Dive_20_12-21-57.000.avi",74083,"13:19:27",NA,NA,NA,37.658,1.048,4118.864,33.684,NA,NA,-1937.017,1197.207,-3432.157,1,"KelliiWood",100,"N/A",2022,20,21,"Line",NA,NA,NA,NA,"crab","box crab",900,900,71,"","",NA,"",NA
"812","SL_2022_CSEO_Dive_20_12-21-57.000.avi",74302,"13:19:35",NA,NA,NA,29.696,3.147,3640.072,32.958,NA,NA,-1701.025,1001.668,-3058.316,1,"KelliiWood",100,"N/A",2022,20,21,"Line",NA,NA,NA,NA,"crab","box crab",900,900,72,"","",NA,"",NA
"813","SL_2022_CSEO_Dive_20_12-21-57.000.avi",74302,"13:19:35",NA,NA,NA,28.876,1.341,3524.595,27.708,NA,NA,1458.019,735.822,-3123.382,1,"KelliiWood",100,"N/A",2022,20,21,"Line",NA,NA,NA,NA,"crab","box crab",900,900,73,"","",NA,"",NA
"814","SL_2022_CSEO_Dive_20_12-21-57.000.avi",74612,"13:19:45",NA,NA,NA,32.879,1.266,3844.59,33.752,NA,NA,-1788.432,1155.182,-3201.241,1,"KelliiWood",100,"N/A",2022,20,21,"Line",NA,NA,NA,NA,"crab","box crab",900,900,74,"","",NA,"",NA
"815","SL_2022_CSEO_Dive_20_12-21-57.000.avi",74657,"13:19:47",NA,NA,NA,70.099,2.456,5437.662,24.47,NA,NA,-1246.557,1856.145,-4956.712,1,"KelliiWood",100,"N/A",2022,20,21,"Line",NA,NA,NA,NA,"crab","box crab",900,900,75,"","",NA,"",NA
"816","SL_2022_CSEO_Dive_20_12-21-57.000.avi",74657,"13:19:47",NA,NA,NA,43.475,0.413,4511.267,33.521,NA,NA,2272.61,1005.722,-3765.009,1,"KelliiWood",100,"N/A",2022,20,21,"Line",NA,NA,NA,NA,"crab","box crab",900,900,76,"","",NA,"",NA
"817","SL_2022_CSEO_Dive_20_12-21-57.000.avi",75036,"13:19:59",NA,NA,NA,26.554,0.901,3360.602,23.075,NA,NA,-1179.322,574.203,-3094.048,1,"KelliiWood",100,"N/A",2022,20,21,"Line",NA,NA,NA,NA,"rockfish","rosethorn",150,150,77,"","",NA,"",NA
"818","SL_2022_CSEO_Dive_20_12-21-57.000.avi",75354,"13:20:10",NA,NA,NA,9.851,0.916,2274.149,2.057,NA,NA,-32.063,65.976,-2272.966,1,"KelliiWood",100,"N/A",2022,20,21,"Line",NA,NA,NA,NA,"crab","box crab",900,900,78,"","",NA,"",NA
"819","SL_2022_CSEO_Dive_20_12-21-57.000.avi",75599,"13:20:18",NA,NA,NA,3.83,0.327,1321.365,12.322,NA,NA,-5.819,-287.09,-1289.788,1,"KelliiWood",100,"N/A",2022,20,21,"Line",NA,NA,NA,NA,"crab","crab",NA,NA,79,"","",NA,"Red King Crab",NA
"820","SL_2022_CSEO_Dive_20_12-21-57.000.avi",76412,"13:20:45",NA,NA,NA,50.375,1.02,4765.066,14.198,NA,NA,-913.193,710.872,-4622.401,1,"KelliiWood",100,"N/A",2022,20,21,"Line",NA,NA,NA,NA,"rockfish","rosethorn",150,150,80,"","",NA,"",NA
"821","SL_2022_CSEO_Dive_20_12-21-57.000.avi",77289,"13:21:14",NA,NA,NA,42.676,0.324,4258.832,26.497,NA,NA,1633.747,954.899,-3815.323,1,"KelliiWood",100,"N/A",2022,20,21,"Line",NA,NA,NA,NA,"crab","box crab",900,900,81,"","",NA,"",NA
"822","SL_2022_CSEO_Dive_20_12-21-57.000.avi",78635,"13:21:59",NA,NA,NA,5.43,1.107,1506.555,23.853,NA,NA,-538.34,-290.757,-1376.72,1,"KelliiWood",100,"N/A",2022,20,21,"Line",NA,NA,NA,NA,"halibut","halibut",200,200,82,"","",NA,"NO LENGTH",NA
"823","SL_2022_CSEO_Dive_20_12-21-57.000.avi",78774,"13:22:04",NA,NA,NA,61.969,4.176,5243.558,30.916,NA,NA,2406.033,1193.918,-4503.384,1,"KelliiWood",100,"N/A",2022,20,21,"Line",NA,NA,NA,NA,"rockfish","dusky",172,172,83,"","",NA,"",NA
"824","SL_2022_CSEO_Dive_20_12-21-57.000.avi",78774,"13:22:04",NA,NA,NA,67.818,1.344,5692.221,11.941,NA,NA,-357.501,1099.879,-5573.494,1,"KelliiWood",100,"N/A",2022,20,21,"Line",NA,NA,NA,NA,"rockfish","rosethorn",150,150,84,"","",NA,"",NA
"825","SL_2022_CSEO_Dive_20_12-21-57.000.avi",78958,"13:22:10",NA,NA,NA,24.499,3.777,3397.206,14.46,NA,NA,846.386,43.528,-3289.794,1,"KelliiWood",100,"N/A",2022,20,21,"Line",NA,NA,NA,NA,"rockfish","rosethorn",150,150,85,"","",NA,"",NA
"826","SL_2022_CSEO_Dive_20_12-21-57.000.avi",80635,"13:23:06",NA,NA,NA,7.475,0.399,1765.759,25.995,NA,NA,-650.892,-425.03,-1585.431,1,"KelliiWood",100,"N/A",2022,20,21,"Line",NA,NA,NA,NA,"rockfish","rosethorn",150,150,86,"","",NA,"",NA
"827","SL_2022_CSEO_Dive_21_14-01-05.000.avi",787,"14:18:06",NA,NA,NA,13.676,0,2706.137,0.279,NA,NA,-6.171,-22.496,-2706.037,1,"KelliiWood",100,"N/A",2022,21,22,"Line",NA,NA,NA,NA,"rockfish","rosethorn",150,150,1,"","",NA,"",NA
"828","SL_2022_CSEO_Dive_21_14-01-05.000.avi",991,"14:18:13",NA,NA,NA,78.885,0.719,6001.31,34.821,NA,NA,-2789.649,1970.555,-4934.622,1,"KelliiWood",100,"N/A",2022,21,22,"Line",NA,NA,NA,NA,"rockfish","yelloweye",145,145,2,"AD","Fish milling/hovering",NA,"NO LENGTH - too far away",NA
"829","SL_2022_CSEO_Dive_21_14-01-05.000.avi",1142,"14:18:18",NA,NA,NA,48.16,0.187,4822.978,9.528,NA,NA,-441.444,646.19,-4759.064,1,"KelliiWood",100,"N/A",2022,21,22,"Line",NA,NA,NA,NA,"rockfish","rosethorn",150,150,3,"","",NA,"",NA
"830","SL_2022_CSEO_Dive_21_14-01-05.000.avi",1416,"14:18:27",NA,NA,589.345,32.244,0.513,2840.389,7.103,34.305,16.124,126.545,-327.632,-2818.591,1,"KelliiWood",100,"N/A",2022,21,22,"Line",NA,NA,NA,NA,"rockfish","black",142,142,4,"","Fish resting on bottom",NA,"",NA
"831","SL_2022_CSEO_Dive_21_14-01-05.000.avi",1502,"14:18:30",NA,NA,NA,35.641,1.064,3870.452,27.025,NA,NA,-985.754,1442.635,-3453.621,1,"KelliiWood",100,"N/A",2022,21,22,"Line",NA,NA,NA,NA,"rockfish","dusky",172,172,5,"","",NA,"",NA
"832","SL_2022_CSEO_Dive_21_14-01-05.000.avi",1703,"14:18:37",NA,NA,609.709,132.374,0.603,4802.388,27.031,70.945,1.457,-2141.831,419.49,-4277.794,1,"KelliiWood",100,"N/A",2022,21,22,"Line",NA,NA,NA,NA,"rockfish","black",142,142,7,"","Fish milling/hovering",NA,"",NA
"833","SL_2022_CSEO_Dive_21_14-01-05.000.avi",1703,"14:18:37",NA,NA,NA,6.199,2.199,1772.874,2.659,NA,NA,-55.213,-68.066,-1770.707,1,"KelliiWood",100,"N/A",2022,21,22,"Line",NA,NA,NA,NA,"rockfish","dusky",172,172,6,"","",NA,"",NA
"834","SL_2022_CSEO_Dive_21_14-01-05.000.avi",1703,"14:18:37",NA,NA,NA,32.158,0.533,3668.157,23.304,NA,NA,-1051.315,986.776,-3372.89,1,"KelliiWood",100,"N/A",2022,21,22,"Line",NA,NA,NA,NA,"rockfish","yelloweye",145,145,8,"AD","Fish milling/hovering",NA,"NO LENGTH - facing away",NA
"835","SL_2022_CSEO_Dive_21_14-01-05.000.avi",1755,"14:18:38",NA,NA,NA,17.01,0.087,2784.359,18.263,NA,NA,-869.964,56.66,-2644.354,1,"KelliiWood",100,"N/A",2022,21,22,"Line",NA,NA,NA,NA,"rockfish","black",142,142,9,"","Fish milling/hovering",NA,"NO LENGTH - facing ROV",NA
"836","SL_2022_CSEO_Dive_21_14-01-05.000.avi",1924,"14:18:44",NA,NA,394.504,158.612,1.81,6066.318,27.509,41.841,8.944,2474.336,1314.741,-5380.458,1,"KelliiWood",100,"N/A",2022,21,22,"Line",NA,NA,NA,NA,"rockfish","yelloweye",145,145,10,"SU","Fish milling/hovering",NA,"",NA
"837","SL_2022_CSEO_Dive_21_14-01-05.000.avi",2008,"14:18:47",NA,NA,NA,48.203,0.702,4603.033,26.167,NA,NA,-1957.396,521.172,-4133.387,1,"KelliiWood",100,"N/A",2022,21,22,"Line",NA,NA,NA,NA,"rockfish","dusky",172,172,11,"","",NA,"",NA
"838","SL_2022_CSEO_Dive_21_14-01-05.000.avi",2469,"14:19:02",NA,NA,NA,16.88,0.628,2752.666,21.496,NA,NA,1002.062,-125.633,-2560.715,1,"KelliiWood",100,"N/A",2022,21,22,"Line",NA,NA,NA,NA,"rockfish","rosethorn",150,150,12,"","",NA,"",NA
"839","SL_2022_CSEO_Dive_21_14-01-05.000.avi",2718,"14:19:11",NA,NA,482.561,20.714,0.519,3730.921,6.117,12.269,29.618,253.132,306.595,-3709.675,1,"KelliiWood",100,"N/A",2022,21,22,"Line",NA,NA,NA,NA,"rockfish","black",142,142,13,"","Fish resting on bottom",NA,"",NA
"840","SL_2022_CSEO_Dive_21_14-01-05.000.avi",2718,"14:19:11",NA,NA,NA,23.17,0.286,3281.155,15.335,NA,NA,-862.195,85.492,-3164.694,1,"KelliiWood",100,"N/A",2022,21,22,"Line",NA,NA,NA,NA,"rockfish","rosethorn",150,150,14,"","",NA,"",NA
"841","SL_2022_CSEO_Dive_21_14-01-05.000.avi",2967,"14:19:19",NA,NA,NA,38.083,2.055,4319.659,8.628,NA,NA,-572.845,285.941,-4271.948,1,"KelliiWood",100,"N/A",2022,21,22,"Line",NA,NA,NA,NA,"rockfish","rosethorn",150,150,15,"","",NA,"",NA
"842","SL_2022_CSEO_Dive_21_14-01-05.000.avi",3105,"14:19:24",NA,NA,796.928,279.72,0.549,6780.088,22.481,76.892,15.61,-1910.784,1752.129,-6264.865,1,"KelliiWood",100,"N/A",2022,21,22,"Line",NA,NA,NA,NA,"rockfish","yelloweye",145,145,16,"AD","Fish milling/hovering",NA,"",NA
"843","SL_2022_CSEO_Dive_21_14-01-05.000.avi",3105,"14:19:24",NA,NA,NA,23.485,3.202,3223.385,28.154,NA,NA,-1470.521,-399.669,-2840.431,1,"KelliiWood",100,"N/A",2022,21,22,"Line",NA,NA,NA,NA,"rockfish","rosethorn",150,150,17,"","",NA,"",NA
"844","SL_2022_CSEO_Dive_21_14-01-05.000.avi",3175,"14:19:26",NA,NA,458.628,57.052,0.814,6286.645,20.117,10.561,9.702,649.672,2062.328,-5903.104,1,"KelliiWood",100,"N/A",2022,21,22,"Line",NA,NA,NA,NA,"rockfish","yelloweye",145,145,18,"AD","Fish milling/hovering",NA,"",NA
"845","SL_2022_CSEO_Dive_21_14-01-05.000.avi",3513,"14:19:37",NA,NA,600.123,145.609,0.898,6775.612,27.375,52.469,55.516,-2454.307,1919.078,-6016.846,1,"KelliiWood",100,"N/A",2022,21,22,"Line",NA,NA,NA,NA,"rockfish","yelloweye",145,145,20,"AD","Fish milling/hovering",NA,"",NA
"846","SL_2022_CSEO_Dive_21_14-01-05.000.avi",3513,"14:19:37",NA,NA,NA,12.148,0.392,2378.99,10.48,NA,NA,-258.486,-356.391,-2337.897,1,"KelliiWood",100,"N/A",2022,21,22,"Line",NA,NA,NA,NA,"rockfish","dusky",172,172,19,"","",NA,"",NA
"847","SL_2022_CSEO_Dive_21_14-01-05.000.avi",3513,"14:19:37",NA,NA,NA,86.583,1.536,6034.632,24.173,NA,NA,-2072.24,1324.109,-5510.839,1,"KelliiWood",100,"N/A",2022,21,22,"Line",NA,NA,NA,NA,"rockfish","silvergray",157,157,21,"","",NA,"",NA
"848","SL_2022_CSEO_Dive_21_14-01-05.000.avi",3953,"14:19:52",NA,NA,NA,28.919,0.518,3521.107,25.559,NA,NA,-1421.459,-548.608,-3174.379,1,"KelliiWood",100,"N/A",2022,21,22,"Line",NA,NA,NA,NA,"rockfish","rosethorn",150,150,22,"","",NA,"",NA
"849","SL_2022_CSEO_Dive_21_14-01-05.000.avi",4322,"14:20:04",NA,NA,NA,46.793,0.191,4790.938,32.374,NA,NA,2530.36,405.749,-4047.929,1,"KelliiWood",100,"N/A",2022,21,22,"Line",NA,NA,NA,NA,"rockfish","rosethorn",150,150,23,"","",NA,"",NA
"850","SL_2022_CSEO_Dive_21_14-01-05.000.avi",4492,"14:20:10",NA,NA,NA,22.77,0.793,3206.173,29.103,NA,NA,-1518.715,342.747,-2802.78,1,"KelliiWood",100,"N/A",2022,21,22,"Line",NA,NA,NA,NA,"rockfish","black",142,142,24,"","Fish resting on bottom",NA,"NO LENGTH - too far away",NA
"851","SL_2022_CSEO_Dive_21_14-01-05.000.avi",4815,"14:20:21",NA,NA,NA,47.067,0.245,4599.926,22.942,NA,NA,1765.804,294.281,-4237.293,1,"KelliiWood",100,"N/A",2022,21,22,"Line",NA,NA,NA,NA,"rockfish","rosethorn",150,150,25,"","",NA,"",NA
"852","SL_2022_CSEO_Dive_21_14-01-05.000.avi",5609,"14:20:47",NA,NA,NA,19.571,0.417,2886.447,19.721,NA,NA,774.01,-602.164,-2714.753,1,"KelliiWood",100,"N/A",2022,21,22,"Line",NA,NA,NA,NA,"rockfish","rosethorn",150,150,26,"","",NA,"",NA
"853","SL_2022_CSEO_Dive_21_14-01-05.000.avi",6163,"14:21:05",NA,NA,NA,51.118,0.048,4865.465,17.819,NA,NA,1481.421,130.752,-4632.607,1,"KelliiWood",100,"N/A",2022,21,22,"Line",NA,NA,NA,NA,"rockfish","silvergray",157,157,27,"","",NA,"",NA
"854","SL_2022_CSEO_Dive_21_14-01-05.000.avi",6256,"14:21:09",NA,NA,NA,45.897,0.421,4718.141,10.39,NA,NA,-821.154,204.546,-4641.629,1,"KelliiWood",100,"N/A",2022,21,22,"Line",NA,NA,NA,NA,"rockfish","rosethorn",150,150,28,"","",NA,"",NA
"855","SL_2022_CSEO_Dive_21_14-01-05.000.avi",7127,"14:21:38",NA,NA,NA,24.794,0.455,3366.713,14.119,NA,NA,-762.544,291.896,-3266.203,1,"KelliiWood",100,"N/A",2022,21,22,"Line",NA,NA,NA,NA,"rockfish","rosethorn",150,150,29,"","",NA,"",NA
"856","SL_2022_CSEO_Dive_21_14-01-05.000.avi",8400,"14:22:20",NA,NA,NA,19.353,0.445,3106.134,7.622,NA,NA,-410.455,-47.872,-3078.522,1,"KelliiWood",100,"N/A",2022,21,22,"Line",NA,NA,NA,NA,"rockfish","rosethorn",150,150,30,"","",NA,"",NA
"857","SL_2022_CSEO_Dive_21_14-01-05.000.avi",9159,"14:22:45",NA,NA,NA,7.663,0.226,1870.171,31.236,NA,NA,-936.572,-258.105,-1598.047,1,"KelliiWood",100,"N/A",2022,21,22,"Line",NA,NA,NA,NA,"rockfish","rosethorn",150,150,31,"","",NA,"",NA
"858","SL_2022_CSEO_Dive_21_14-01-05.000.avi",9447,"14:22:55",NA,NA,NA,41.743,0.193,4185.586,24.16,NA,NA,1259.391,1146.059,-3823.56,1,"KelliiWood",100,"N/A",2022,21,22,"Line",NA,NA,NA,NA,"rockfish","rosethorn",150,150,32,"","",NA,"",NA
"859","SL_2022_CSEO_Dive_21_14-01-05.000.avi",9680,"14:23:03",NA,NA,NA,44.228,1.374,4465.617,24.916,NA,NA,-1863.55,241.882,-4050.976,1,"KelliiWood",100,"N/A",2022,21,22,"Line",NA,NA,NA,NA,"rockfish","rosethorn",150,150,33,"","",NA,"",NA
"860","SL_2022_CSEO_Dive_21_14-01-05.000.avi",9776,"14:23:06",NA,NA,NA,29.915,0.282,3748.085,28.393,NA,NA,-1781.239,48.329,-3297.422,1,"KelliiWood",100,"N/A",2022,21,22,"Line",NA,NA,NA,NA,"rockfish","rosethorn",150,150,34,"","",NA,"",NA
"861","SL_2022_CSEO_Dive_21_14-01-05.000.avi",10049,"14:23:15",NA,NA,NA,44.533,0.209,4497.985,13.919,NA,NA,657.149,842.05,-4369.322,1,"KelliiWood",100,"N/A",2022,21,22,"Line",NA,NA,NA,NA,"rockfish","rosethorn",150,150,35,"","",NA,"",NA
"862","SL_2022_CSEO_Dive_21_14-01-05.000.avi",13446,"14:25:08",NA,NA,NA,36.678,1.521,4054.997,15.605,NA,NA,964.989,492.889,-3907.538,1,"KelliiWood",100,"N/A",2022,21,22,"Line",NA,NA,NA,NA,"rockfish","rosethorn",150,150,36,"","",NA,"",NA
"863","SL_2022_CSEO_Dive_21_14-01-05.000.avi",13614,"14:25:14",NA,NA,843.053,91.657,1.582,6701.516,12.913,16.466,7.15,-264.489,1474.07,-6532.035,1,"KelliiWood",100,"N/A",2022,21,22,"Line",NA,NA,NA,NA,"halibut","halibut",200,200,37,"","",NA,"",NA
"864","SL_2022_CSEO_Dive_21_14-01-05.000.avi",16249,"14:26:42",NA,NA,NA,21.503,0.93,3039.837,20.024,NA,NA,-561.59,864.942,-2859.563,1,"KelliiWood",100,"N/A",2022,21,22,"Line",NA,NA,NA,NA,"rockfish","rosethorn",150,150,38,"","",NA,"",NA
"865","SL_2022_CSEO_Dive_21_14-01-05.000.avi",16711,"14:26:57",NA,NA,NA,16.195,0.674,2720.524,28.099,NA,NA,1266.415,-204.823,-2399.061,1,"KelliiWood",100,"N/A",2022,21,22,"Line",NA,NA,NA,NA,"rockfish","silvergray",157,157,39,"","",NA,"",NA
"866","SL_2022_CSEO_Dive_21_14-01-05.000.avi",18307,"14:27:50",NA,NA,NA,12.922,0.123,2472.655,11.584,NA,NA,482.426,107.695,-2422.744,1,"KelliiWood",100,"N/A",2022,21,22,"Line",NA,NA,NA,NA,"rockfish","rosethorn",150,150,40,"","",NA,"",NA
"867","SL_2022_CSEO_Dive_21_14-01-05.000.avi",20607,"14:29:07",NA,NA,NA,71.526,0.863,5477.328,24.867,NA,NA,1663.444,1573.194,-4975.855,1,"KelliiWood",100,"N/A",2022,21,22,"Line",NA,NA,NA,NA,"rockfish","rosethorn",150,150,41,"","",NA,"",NA
"868","SL_2022_CSEO_Dive_21_14-01-05.000.avi",20902,"14:29:17",NA,NA,NA,53.911,0.332,4958.529,15.083,NA,NA,-521.341,1161.144,-4792.385,1,"KelliiWood",100,"N/A",2022,21,22,"Line",NA,NA,NA,NA,"rockfish","rosethorn",150,150,42,"","",NA,"",NA
"869","SL_2022_CSEO_Dive_21_14-01-05.000.avi",22209,"14:30:00",NA,NA,NA,3.007,0.918,1131.916,21.26,NA,NA,-399.929,-96.484,-1054.505,1,"KelliiWood",100,"N/A",2022,21,22,"Line",NA,NA,NA,NA,"rockfish","dusky",172,172,43,"","",NA,"",NA
"870","SL_2022_CSEO_Dive_21_14-01-05.000.avi",23305,"14:30:37",NA,NA,NA,26.48,0.762,3445.752,20.815,NA,NA,-1208.638,183.404,-3221.609,1,"KelliiWood",100,"N/A",2022,21,22,"Line",NA,NA,NA,NA,"rockfish","rosethorn",150,150,44,"","",NA,"",NA
"871","SL_2022_CSEO_Dive_21_14-01-05.000.avi",23827,"14:30:54",NA,NA,NA,11.88,0.108,2292.704,14.788,NA,NA,476.441,-348.66,-2215.385,1,"KelliiWood",100,"N/A",2022,21,22,"Line",NA,NA,NA,NA,"rockfish","rosethorn",150,150,45,"","",NA,"",NA
"872","SL_2022_CSEO_Dive_21_14-01-05.000.avi",24258,"14:31:09",NA,NA,NA,29.712,0.868,3714.084,13.212,NA,NA,-801.468,265.199,-3616.869,1,"KelliiWood",100,"N/A",2022,21,22,"Line",NA,NA,NA,NA,"rockfish","rosethorn",150,150,46,"","",NA,"",NA
"873","SL_2022_CSEO_Dive_21_14-01-05.000.avi",26260,"14:32:15",NA,NA,NA,70.307,1.772,5431.378,23.124,NA,NA,-1664.478,1313.891,-5000.307,1,"KelliiWood",100,"N/A",2022,21,22,"Line",NA,NA,NA,NA,"rockfish","rosethorn",150,150,47,"","",NA,"",NA
"874","SL_2022_CSEO_Dive_21_14-01-05.000.avi",28809,"14:33:40",NA,NA,NA,8.738,1.857,1978.724,25.165,NA,NA,119.931,-839.97,-1787.573,1,"KelliiWood",100,"N/A",2022,21,22,"Line",NA,NA,NA,NA,"rockfish","rosethorn",150,150,48,"","",NA,"",NA
"875","SL_2022_CSEO_Dive_21_14-01-05.000.avi",29345,"14:33:58",NA,NA,NA,34.446,3.169,3942.235,29.157,NA,NA,-1866.452,439.421,-3444.486,1,"KelliiWood",100,"N/A",2022,21,22,"Line",NA,NA,NA,NA,"rockfish","yelloweye",145,145,49,"AD","Fish resting on bottom",NA,"NO LENGTH - partial view only",NA
"876","SL_2022_CSEO_Dive_21_14-01-05.000.avi",29813,"14:34:14",NA,NA,NA,11.965,0.336,2270.419,25.268,NA,NA,-924.141,-300.136,-2051.996,1,"KelliiWood",100,"N/A",2022,21,22,"Line",NA,NA,NA,NA,"rockfish","rosethorn",150,150,50,"","",NA,"",NA
"877","SL_2022_CSEO_Dive_21_14-01-05.000.avi",30669,"14:34:42",NA,NA,824.733,305.275,0.406,7550.37,14.407,50.746,6.445,-430.37,1828.589,-7312.942,1,"KelliiWood",100,"N/A",2022,21,22,"Line",NA,NA,NA,NA,"rockfish","yelloweye",145,145,51,"AD","Fish milling/hovering",NA,"",NA
"878","SL_2022_CSEO_Dive_21_14-01-05.000.avi",31665,"14:35:15",NA,NA,NA,58.954,1.566,5043.937,26.718,NA,NA,-2109.372,814.526,-4508.703,1,"KelliiWood",100,"N/A",2022,21,22,"Line",NA,NA,NA,NA,"rockfish","dusky",172,172,52,"","",NA,"",NA
"879","SL_2022_CSEO_Dive_21_14-01-05.000.avi",31665,"14:35:15",NA,NA,NA,13.781,0.402,2491.644,16.757,NA,NA,703.524,-154.791,-2385.243,1,"KelliiWood",100,"N/A",2022,21,22,"Line",NA,NA,NA,NA,"rockfish","rosethorn",150,150,53,"","",NA,"",NA
"880","SL_2022_CSEO_Dive_21_14-01-05.000.avi",32258,"14:35:35",NA,NA,NA,27.366,0.309,3496.222,16.865,NA,NA,-953.297,333.145,-3347.209,1,"KelliiWood",100,"N/A",2022,21,22,"Line",NA,NA,NA,NA,"rockfish","rosethorn",150,150,54,"","",NA,"",NA
"881","SL_2022_CSEO_Dive_21_14-01-05.000.avi",32719,"14:35:51",NA,NA,NA,62.812,0.343,5419.912,33.244,NA,NA,-2797.421,983.114,-4536.89,1,"KelliiWood",100,"N/A",2022,21,22,"Line",NA,NA,NA,NA,"rockfish","rosethorn",150,150,55,"","",NA,"",NA
"882","SL_2022_CSEO_Dive_21_14-01-05.000.avi",33097,"14:36:03",NA,NA,NA,18.67,0.158,2923,13.388,NA,NA,598.952,303.788,-2844.801,1,"KelliiWood",100,"N/A",2022,21,22,"Line",NA,NA,NA,NA,"rockfish","rosethorn",150,150,56,"","",NA,"",NA
"883","SL_2022_CSEO_Dive_21_14-01-05.000.avi",33663,"14:36:22",NA,NA,NA,10.25,0.569,2173.408,28.561,NA,NA,-1037.088,-71.968,-1908.657,1,"KelliiWood",100,"N/A",2022,21,22,"Line",NA,NA,NA,NA,"rockfish","rosethorn",150,150,57,"","",NA,"",NA
"884","SL_2022_CSEO_Dive_21_14-01-05.000.avi",34153,"14:36:38",NA,NA,NA,47.16,1.065,4679.425,11.996,NA,NA,-619.497,731.416,-4580.205,1,"KelliiWood",100,"N/A",2022,21,22,"Line",NA,NA,NA,NA,"rockfish","rosethorn",150,150,58,"","",NA,"",NA
"885","SL_2022_CSEO_Dive_21_14-01-05.000.avi",36408,"14:37:54",NA,NA,NA,69.482,2.586,5777.229,30.772,NA,NA,-2948.033,-233.248,-4962.97,1,"KelliiWood",100,"N/A",2022,21,22,"Line",NA,NA,NA,NA,"halibut","halibut",200,200,59,"","",NA,"",NA
"886","SL_2022_CSEO_Dive_21_14-01-05.000.avi",38484,"14:39:03",NA,NA,NA,31.19,0.096,3740.881,29.365,NA,NA,-1777.363,-467.054,-3258.379,1,"KelliiWood",100,"N/A",2022,21,22,"Line",NA,NA,NA,NA,"rockfish","dusky",172,172,60,"","",NA,"",NA
"887","SL_2022_CSEO_Dive_21_14-01-05.000.avi",40298,"14:40:03",NA,NA,NA,30.943,0.962,4129.137,0.695,NA,NA,-8.229,32.912,-4128.997,1,"KelliiWood",100,"N/A",2022,21,22,"Line",NA,NA,NA,NA,"rockfish","rosethorn",150,150,61,"","",NA,"",NA
"888","SL_2022_CSEO_Dive_21_14-01-05.000.avi",40762,"14:40:19",NA,NA,NA,26.303,0.332,3564.36,31.52,NA,NA,1841.194,274.959,-3039.583,1,"KelliiWood",100,"N/A",2022,21,22,"Line",NA,NA,NA,NA,"rockfish","yelloweye",145,145,62,"AD","Fish resting on bottom",NA,"NO LENGTH - partial view only",NA
"889","SL_2022_CSEO_Dive_21_14-01-05.000.avi",45387,"14:42:53",NA,NA,NA,56.36,0.603,5173.896,12.341,NA,NA,-341.386,1031.526,-5058.519,1,"KelliiWood",100,"N/A",2022,21,22,"Line",NA,NA,NA,NA,"rockfish","rosethorn",150,150,63,"","",NA,"",NA
"890","SL_2022_CSEO_Dive_21_14-01-05.000.avi",46493,"14:43:30",NA,NA,NA,23.727,2.435,3173.517,24.472,NA,NA,-1200.696,-546.882,-2886.254,1,"KelliiWood",100,"N/A",2022,21,22,"Line",NA,NA,NA,NA,"halibut","halibut",200,200,64,"","",NA,"",NA
"891","SL_2022_CSEO_Dive_21_14-01-05.000.avi",47427,"14:44:01",NA,NA,NA,30.408,0.328,3691.639,15.312,NA,NA,844.581,472.616,-3562.516,1,"KelliiWood",100,"N/A",2022,21,22,"Line",NA,NA,NA,NA,"rockfish","rosethorn",150,150,65,"","",NA,"",NA
"892","SL_2022_CSEO_Dive_21_14-01-05.000.avi",48194,"14:44:26",NA,NA,NA,21.604,0.576,3190.343,10.955,NA,NA,518.631,301.488,-3133.435,1,"KelliiWood",100,"N/A",2022,21,22,"Line",NA,NA,NA,NA,"rockfish","rosethorn",150,150,66,"","",NA,"",NA
"893","SL_2022_CSEO_Dive_21_14-01-05.000.avi",48790,"14:44:46",NA,NA,NA,35.363,0.452,3939.087,17.548,NA,NA,1025.654,583.795,-3758.141,1,"KelliiWood",100,"N/A",2022,21,22,"Line",NA,NA,NA,NA,"rockfish","rosethorn",150,150,67,"","",NA,"",NA
"894","SL_2022_CSEO_Dive_21_14-01-05.000.avi",50388,"14:45:40",NA,NA,NA,6.542,0.211,1695.285,18.474,NA,NA,171.818,-515.413,-1605.87,1,"KelliiWood",100,"N/A",2022,21,22,"Line",NA,NA,NA,NA,"rockfish","rosethorn",150,150,68,"","",NA,"",NA
"895","SL_2022_CSEO_Dive_21_14-01-05.000.avi",53323,"14:47:17",NA,NA,NA,70.97,0.667,5540.283,23.61,NA,NA,-867.67,2021.89,-5084.668,1,"KelliiWood",100,"N/A",2022,21,22,"Line",NA,NA,NA,NA,"rockfish","canary",146,146,69,"","",NA,"",NA
"896","SL_2022_CSEO_Dive_21_14-01-05.000.avi",53323,"14:47:17",NA,NA,NA,111.905,0.183,6887.716,28.063,NA,NA,-1648.757,2765.076,-6089.055,1,"KelliiWood",100,"N/A",2022,21,22,"Line",NA,NA,NA,NA,"rockfish","canary",146,146,70,"","",NA,"",NA
"897","SL_2022_CSEO_Dive_21_14-01-05.000.avi",53725,"14:47:31",NA,NA,NA,61.003,0.189,5294.797,15.588,NA,NA,-442.772,1331.766,-5105.411,1,"KelliiWood",100,"N/A",2022,21,22,"Line",NA,NA,NA,NA,"rockfish","canary",146,146,71,"","",NA,"",NA
"898","SL_2022_CSEO_Dive_21_14-01-05.000.avi",53995,"14:47:40",NA,NA,NA,11.723,0.28,2366.51,9.359,NA,NA,152.381,-362.741,-2333.574,1,"KelliiWood",100,"N/A",2022,21,22,"Line",NA,NA,NA,NA,"rockfish","rosethorn",150,150,72,"","",NA,"",NA
"899","SL_2022_CSEO_Dive_21_14-01-05.000.avi",57646,"14:49:42",NA,NA,NA,18.082,2.112,2848.253,15.004,NA,NA,-689.471,-272.393,-2750.087,1,"KelliiWood",100,"N/A",2022,21,22,"Line",NA,NA,NA,NA,"rockfish","rosethorn",150,150,73,"","",NA,"",NA
"900","SL_2022_CSEO_Dive_21_14-01-05.000.avi",59503,"14:50:43",NA,NA,NA,27.248,0.126,3541.633,26.465,NA,NA,-1575.878,75.773,-3170.809,1,"KelliiWood",100,"N/A",2022,21,22,"Line",NA,NA,NA,NA,"rockfish","rosethorn",150,150,74,"","",NA,"",NA
"901","SL_2022_CSEO_Dive_21_14-01-05.000.avi",59809,"14:50:54",NA,NA,NA,48.484,0.245,5060.015,3.565,NA,NA,248.985,-212.628,-5049.41,1,"KelliiWood",100,"N/A",2022,21,22,"Line",NA,NA,NA,NA,"rockfish","rosethorn",150,150,75,"","",NA,"",NA
"902","SL_2022_CSEO_Dive_21_14-01-05.000.avi",60648,"14:51:22",NA,NA,518.91,302.785,2.243,8050.443,11.26,41.626,5.55,73.808,1570.265,-7895.471,1,"KelliiWood",100,"N/A",2022,21,22,"Line",NA,NA,NA,NA,"rockfish","yelloweye",145,145,76,"AD","Fish milling/hovering",NA,"",NA
"903","SL_2022_CSEO_Dive_21_14-01-05.000.avi",62033,"14:52:08",NA,NA,NA,20.001,0.273,3089.727,12.198,NA,NA,-652.381,11.77,-3020.045,1,"KelliiWood",100,"N/A",2022,21,22,"Line",NA,NA,NA,NA,"rockfish","rosethorn",150,150,77,"","",NA,"",NA
"904","SL_2022_CSEO_Dive_21_14-01-05.000.avi",63645,"14:53:01",NA,NA,NA,14.859,0.579,2596.05,16.034,NA,NA,703.29,-149.789,-2494.479,1,"KelliiWood",100,"N/A",2022,21,22,"Line",NA,NA,NA,NA,"rockfish","rosethorn",150,150,78,"","",NA,"",NA
"905","SL_2022_CSEO_Dive_21_14-01-05.000.avi",68130,"14:55:31",NA,NA,453.394,168.121,1.141,7931.776,20.132,19.493,17.685,-1993.181,1865.511,-7447.158,1,"KelliiWood",100,"N/A",2022,21,22,"Line",NA,NA,NA,NA,"rockfish","yelloweye",145,145,79,"AD","Fish milling/hovering",NA,"",NA
"906","SL_2022_CSEO_Dive_21_14-01-05.000.avi",71763,"14:57:32",NA,NA,NA,19.236,0.557,3008.353,28.56,NA,NA,1433.935,100.406,-2642.714,1,"KelliiWood",100,"N/A",2022,21,22,"Line",NA,NA,NA,NA,"halibut","halibut",200,200,80,"","",NA,"",NA
"907","SL_2022_CSEO_Dive_21_14-01-05.000.avi",73546,"14:58:32",NA,NA,NA,48.465,0.282,4802.042,35.882,NA,NA,2305.67,1598.587,-3897.18,1,"KelliiWood",100,"N/A",2022,21,22,"Line",NA,NA,NA,NA,"rockfish","rosethorn",150,150,81,"","",NA,"",NA
"908","SL_2022_CSEO_Dive_21_14-01-05.000.avi",73721,"14:58:37",NA,NA,NA,89.992,1.446,6161.043,22.429,NA,NA,-1499.459,1787.474,-5702.194,1,"KelliiWood",100,"N/A",2022,21,22,"Line",NA,NA,NA,NA,"rockfish","yelloweye",145,145,82,"AD","Fish milling/hovering",NA,"NO LENGTH - facing away ",NA
"909","SL_2022_CSEO_Dive_21_14-01-05.000.avi",74928,"14:59:18",NA,NA,NA,8.214,0.829,1868.377,28.06,NA,NA,-401.209,-788.543,-1645.62,1,"KelliiWood",100,"N/A",2022,21,22,"Line",NA,NA,NA,NA,"rockfish","rosethorn",150,150,83,"","",NA,"",NA
"910","SL_2022_CSEO_Dive_21_14-01-05.000.avi",75239,"14:59:28",NA,NA,NA,37.202,0.374,4093.033,32.962,NA,NA,1887.365,1168.261,-3438.886,1,"KelliiWood",100,"N/A",2022,21,22,"Line",NA,NA,NA,NA,"rockfish","rosethorn",150,150,84,"","",NA,"",NA
"911","SL_2022_CSEO_Dive_21_14-01-05.000.avi",76937,"15:00:25",NA,NA,NA,49.496,0.242,4756.409,14.974,NA,NA,-482.188,1112.052,-4599.377,1,"KelliiWood",100,"N/A",2022,21,22,"Line",NA,NA,NA,NA,"rockfish","rosethorn",150,150,85,"","",NA,"",NA
"912","SL_2022_CSEO_Dive_21_14-01-05.000.avi",79197,"15:01:40",NA,NA,395.205,70.62,2.602,6211.812,19.855,15.663,11.031,295.328,2089.041,-5842.543,1,"KelliiWood",100,"N/A",2022,21,22,"Line",NA,NA,NA,NA,"rockfish","yelloweye",145,145,86,"AD","Fish milling/hovering",NA,"",NA
"913","SL_2022_CSEO_Dive_21_14-01-05.000.avi",79962,"15:02:05",NA,NA,NA,54.701,1.027,4896.532,17.303,NA,NA,1198.398,808.828,-4678.212,1,"KelliiWood",100,"N/A",2022,21,22,"Line",NA,NA,NA,NA,"rockfish","rosethorn",150,150,87,"","",NA,"",NA
"914","SL_2022_CSEO_Dive_21_14-01-05.000.avi",87042,"15:06:01",NA,NA,NA,33.402,1.369,3864.556,15.67,NA,NA,566.613,861.723,-3724.403,1,"KelliiWood",100,"N/A",2022,21,22,"Line",NA,NA,NA,NA,"rockfish","yelloweye",145,145,88,"SU","Fish resting on bottom",NA,"NO LENGTH - partial view only",NA
"915","SL_2022_CSEO_Dive_22_15-14-56.000.avi",820,"16:01:39",NA,NA,NA,7.101,0.187,1775.953,21.505,NA,NA,114.819,-647.448,-1649.738,1,"KelliiWood",80,"N/A",2022,22,23,"Line",NA,NA,NA,NA,"rockfish","rosethorn",150,150,1,"","",NA,"",NA
"916","SL_2022_CSEO_Dive_22_15-14-56.000.avi",1263,"16:01:54",NA,NA,NA,6.561,2.702,1730.213,35.077,NA,NA,-764.93,-640.915,-1413.417,1,"KelliiWood",80,"N/A",2022,22,23,"Line",NA,NA,NA,NA,"rockfish","rosethorn",150,150,2,"","",NA,"",NA
"917","SL_2022_CSEO_Dive_22_15-14-56.000.avi",1562,"16:02:04",NA,NA,NA,7.73,0.494,1823.042,18.602,NA,NA,517.99,-271.222,-1726.733,1,"KelliiWood",80,"N/A",2022,22,23,"Line",NA,NA,NA,NA,"rockfish","rosethorn",150,150,3,"","",NA,"",NA
"918","SL_2022_CSEO_Dive_22_15-14-56.000.avi",2613,"16:02:39",NA,NA,NA,22.815,0.494,3211.602,19.089,NA,NA,-1039.316,139.454,-3035.583,1,"KelliiWood",80,"N/A",2022,22,23,"Line",NA,NA,NA,NA,"rockfish","rosethorn",150,150,4,"","",NA,"",NA
"919","SL_2022_CSEO_Dive_22_15-14-56.000.avi",4855,"16:03:54",NA,NA,NA,7.887,3.568,1861.918,33.607,NA,NA,-697.995,-764.408,-1547.651,1,"KelliiWood",80,"N/A",2022,22,23,"Line",NA,NA,NA,NA,"rockfish","rosethorn",150,150,5,"","",NA,"",NA
"920","SL_2022_CSEO_Dive_22_15-14-56.000.avi",5968,"16:04:31",NA,NA,NA,15.413,0.001,2641.02,25.253,NA,NA,-1125.144,-68.532,-2388.376,1,"KelliiWood",80,"N/A",2022,22,23,"Line",NA,NA,NA,NA,"rockfish","rosethorn",150,150,6,"","",NA,"",NA
"921","SL_2022_CSEO_Dive_22_15-14-56.000.avi",6670,"16:04:54",NA,NA,NA,27.78,0.207,3693.814,32.239,NA,NA,1949.196,276.256,-3125.473,1,"KelliiWood",80,"N/A",2022,22,23,"Line",NA,NA,NA,NA,"rockfish","quillback",147,147,7,"","",NA,"",NA
"922","SL_2022_CSEO_Dive_22_15-14-56.000.avi",7051,"16:05:07",NA,NA,NA,50.171,1.231,4717.647,28.931,NA,NA,-2177.699,666.079,-4131.605,1,"KelliiWood",80,"N/A",2022,22,23,"Line",NA,NA,NA,NA,"rockfish","rosethorn",150,150,8,"","",NA,"",NA
"923","SL_2022_CSEO_Dive_22_15-14-56.000.avi",8362,"16:05:51",NA,NA,NA,12.575,1.758,2582.326,2.102,NA,NA,-30.957,79.19,-2580.926,1,"KelliiWood",80,"N/A",2022,22,23,"Line",NA,NA,NA,NA,"rockfish","rosethorn",150,150,9,"","",NA,"",NA
"924","SL_2022_CSEO_Dive_22_15-14-56.000.avi",10844,"16:07:13",NA,NA,NA,24.733,0.895,3459.356,32.47,NA,NA,-1833.027,286.967,-2919.727,1,"KelliiWood",80,"N/A",2022,22,23,"Line",NA,NA,NA,NA,"rockfish","rosethorn",150,150,10,"","",NA,"",NA
"925","SL_2022_CSEO_Dive_22_15-14-56.000.avi",11840,"16:07:47",NA,NA,NA,33.617,1.089,4164.169,5.804,NA,NA,149.641,377.017,-4144.366,1,"KelliiWood",80,"N/A",2022,22,23,"Line",NA,NA,NA,NA,"rockfish","rosethorn",150,150,11,"","",NA,"",NA
"926","SL_2022_CSEO_Dive_22_15-14-56.000.avi",16619,"16:10:26",NA,NA,NA,23.723,0.103,3328.866,11.23,NA,NA,580.299,-302.083,-3263.947,1,"KelliiWood",80,"N/A",2022,22,23,"Line",NA,NA,NA,NA,"rockfish","rosethorn",150,150,12,"","",NA,"",NA
"927","SL_2022_CSEO_Dive_22_15-14-56.000.avi",16619,"16:10:26",NA,NA,NA,40.396,0.829,4306.296,12.691,NA,NA,-735.12,578.73,-4203.433,1,"KelliiWood",80,"N/A",2022,22,23,"Line",NA,NA,NA,NA,"rockfish","rosethorn",150,150,13,"","",NA,"",NA
"928","SL_2022_CSEO_Dive_22_15-14-56.000.avi",17577,"16:10:58",NA,NA,NA,18.545,0.57,2956.233,9.888,NA,NA,381.027,-347.13,-2910.951,1,"KelliiWood",80,"N/A",2022,22,23,"Line",NA,NA,NA,NA,"rockfish","rosethorn",150,150,14,"","",NA,"",NA
"929","SL_2022_CSEO_Dive_22_15-14-56.000.avi",17856,"16:11:07",NA,NA,NA,26.539,1.632,3769.976,3.276,NA,NA,28.184,198.508,-3764.641,1,"KelliiWood",80,"N/A",2022,22,23,"Line",NA,NA,NA,NA,"rockfish","rosethorn",150,150,15,"","",NA,"",NA
"930","SL_2022_CSEO_Dive_22_15-14-56.000.avi",18318,"16:11:23",NA,NA,NA,23.949,0.185,3320.232,14.151,NA,NA,787.747,-208.837,-3218.662,1,"KelliiWood",80,"N/A",2022,22,23,"Line",NA,NA,NA,NA,"rockfish","rosethorn",150,150,16,"","",NA,"",NA
"931","SL_2022_CSEO_Dive_22_15-14-56.000.avi",18478,"16:11:28",NA,NA,NA,104.505,1.293,6819.977,32.559,NA,NA,3040.703,2032.531,-5756.304,1,"KelliiWood",80,"N/A",2022,22,23,"Line",NA,NA,NA,NA,"rockfish","canary",146,146,17,"","",NA,"",NA
"932","SL_2022_CSEO_Dive_22_15-14-56.000.avi",19133,"16:11:50",NA,NA,NA,73.926,0.419,5551.82,26.025,NA,NA,-1763.255,1660.72,-4995.562,1,"KelliiWood",80,"N/A",2022,22,23,"Line",NA,NA,NA,NA,"rockfish","dusky",172,172,18,"","",NA,"",NA
"933","SL_2022_CSEO_Dive_22_15-14-56.000.avi",19133,"16:11:50",NA,NA,NA,71.918,0.425,5523.941,30.007,NA,NA,-2165.557,1696.059,-4790.373,1,"KelliiWood",80,"N/A",2022,22,23,"Line",NA,NA,NA,NA,"rockfish","dusky",172,172,19,"","",NA,"",NA
"934","SL_2022_CSEO_Dive_22_15-14-56.000.avi",19133,"16:11:50",NA,NA,NA,48.994,0.966,4558.642,29.196,NA,NA,1679.351,1441.617,-3985.315,1,"KelliiWood",80,"N/A",2022,22,23,"Line",NA,NA,NA,NA,"rockfish","dusky",172,172,20,"","",NA,"",NA
"935","SL_2022_CSEO_Dive_22_15-14-56.000.avi",19678,"16:12:08",NA,NA,NA,25.24,0.256,3448.066,12.906,NA,NA,749.025,165.562,-3361.653,1,"KelliiWood",80,"N/A",2022,22,23,"Line",NA,NA,NA,NA,"rockfish","rosethorn",150,150,21,"","",NA,"",NA
"936","SL_2022_CSEO_Dive_22_15-14-56.000.avi",19793,"16:12:12",NA,NA,NA,41.894,0.606,4196.505,29.1,NA,NA,-1525.16,1341.454,-3672.198,1,"KelliiWood",80,"N/A",2022,22,23,"Line",NA,NA,NA,NA,"rockfish","dusky",172,172,22,"","",NA,"",NA
"937","SL_2022_CSEO_Dive_22_15-14-56.000.avi",19825,"16:12:13",NA,NA,NA,10.752,0.216,2118.815,25.444,NA,NA,615.152,-678.643,-1910.604,1,"KelliiWood",80,"N/A",2022,22,23,"Line",NA,NA,NA,NA,"rockfish","rosethorn",150,150,23,"","",NA,"",NA
"938","SL_2022_CSEO_Dive_22_15-14-56.000.avi",22121,"16:13:29",NA,NA,NA,6.6,0.324,1717.668,12.971,NA,NA,264.095,-287.576,-1672.703,1,"KelliiWood",80,"N/A",2022,22,23,"Line",NA,NA,NA,NA,"greenling","lingcod",130,130,24,"","",NA,"",NA
"939","SL_2022_CSEO_Dive_22_15-14-56.000.avi",22817,"16:13:53",NA,NA,NA,15.762,0.754,2776.744,7.208,NA,NA,-260.614,-242.279,-2753.85,1,"KelliiWood",80,"N/A",2022,22,23,"Line",NA,NA,NA,NA,"rockfish","rosethorn",150,150,25,"","",NA,"",NA
"940","SL_2022_CSEO_Dive_22_15-14-56.000.avi",23208,"16:14:06",NA,NA,NA,6.689,0.052,1687.078,19.307,NA,NA,-307.971,-471.441,-1590.323,1,"KelliiWood",80,"N/A",2022,22,23,"Line",NA,NA,NA,NA,"rockfish","rosethorn",150,150,26,"","",NA,"",NA
"941","SL_2022_CSEO_Dive_22_15-14-56.000.avi",24017,"16:14:33",NA,NA,NA,15.068,0.235,2700.901,9.676,NA,NA,438.183,108,-2662.931,1,"KelliiWood",80,"N/A",2022,22,23,"Line",NA,NA,NA,NA,"rockfish","rosethorn",150,150,27,"","",NA,"",NA
"942","SL_2022_CSEO_Dive_22_15-14-56.000.avi",24267,"16:14:41",NA,NA,NA,19.39,0.274,2916.431,25.767,NA,NA,1220.803,-352.453,-2625.068,1,"KelliiWood",80,"N/A",2022,22,23,"Line",NA,NA,NA,NA,"rockfish","rosethorn",150,150,28,"","",NA,"",NA
"943","SL_2022_CSEO_Dive_22_15-14-56.000.avi",25726,"16:15:30",NA,NA,NA,26.478,2.17,3458.198,22.848,NA,NA,-1340.049,-97.969,-3186.504,1,"KelliiWood",80,"N/A",2022,22,23,"Line",NA,NA,NA,NA,"rockfish","rosethorn",150,150,29,"","",NA,"",NA
"944","SL_2022_CSEO_Dive_22_15-14-56.000.avi",25873,"16:15:34",NA,NA,NA,16.044,0.595,2821.123,6.401,NA,NA,229.966,-225.814,-2802.652,1,"KelliiWood",80,"N/A",2022,22,23,"Line",NA,NA,NA,NA,"rockfish","rosethorn",150,150,30,"","",NA,"",NA
"945","SL_2022_CSEO_Dive_22_15-14-56.000.avi",26984,"16:16:11",NA,NA,NA,55.017,1.014,4911.351,22.575,NA,NA,1796.818,553.107,-4537.277,1,"KelliiWood",80,"N/A",2022,22,23,"Line",NA,NA,NA,NA,"rockfish","tiger",148,148,31,"","",NA,"",NA
"946","SL_2022_CSEO_Dive_22_15-14-56.000.avi",27672,"16:16:34",NA,NA,NA,82.414,0.416,6093.33,22.979,NA,NA,-467.868,2309.895,-5619.088,1,"KelliiWood",80,"N/A",2022,22,23,"Line",NA,NA,NA,NA,"rockfish","silvergray",157,157,32,"","",NA,"",NA
"947","SL_2022_CSEO_Dive_22_15-14-56.000.avi",28182,"16:16:51",NA,NA,NA,34.037,0.232,4283.949,3.049,NA,NA,58.002,203.248,-4278.732,1,"KelliiWood",80,"N/A",2022,22,23,"Line",NA,NA,NA,NA,"rockfish","rosethorn",150,150,33,"","",NA,"",NA
"948","SL_2022_CSEO_Dive_22_15-14-56.000.avi",30997,"16:18:25",NA,NA,NA,29.592,1.984,3669.322,23.042,NA,NA,-1435.758,-48.159,-3376.419,1,"KelliiWood",80,"N/A",2022,22,23,"Line",NA,NA,NA,NA,"rockfish","rosethorn",150,150,34,"","",NA,"",NA
"949","SL_2022_CSEO_Dive_22_15-14-56.000.avi",31712,"16:18:49",NA,NA,NA,33.243,0.022,3987.858,11.42,NA,NA,-248.764,733.71,-3911.879,1,"KelliiWood",80,"N/A",2022,22,23,"Line",NA,NA,NA,NA,"rockfish","rosethorn",150,150,35,"","",NA,"",NA
"950","SL_2022_CSEO_Dive_22_15-14-56.000.avi",34858,"16:20:34",NA,NA,NA,12.731,0.525,2523.88,5.834,NA,NA,116.82,-238.476,-2509.871,1,"KelliiWood",80,"N/A",2022,22,23,"Line",NA,NA,NA,NA,"rockfish","rosethorn",150,150,36,"","",NA,"",NA
"951","SL_2022_CSEO_Dive_22_15-14-56.000.avi",35367,"16:20:51",NA,NA,NA,13.242,0.059,2445.758,32.105,NA,NA,-1201.24,-504.928,-2069.735,1,"KelliiWood",80,"N/A",2022,22,23,"Line",NA,NA,NA,NA,"rockfish","rosethorn",150,150,37,"","",NA,"",NA
"952","SL_2022_CSEO_Dive_22_15-14-56.000.avi",36986,"16:21:45",NA,NA,NA,54.629,1.951,4897.038,16.79,NA,NA,-1161.105,789.202,-4691.479,1,"KelliiWood",80,"N/A",2022,22,23,"Line",NA,NA,NA,NA,"rockfish","rosethorn",150,150,38,"","",NA,"",NA
"953","SL_2022_CSEO_Dive_22_15-14-56.000.avi",38003,"16:22:19",NA,NA,NA,23.693,0.246,3347.009,11.251,NA,NA,-631.031,-181.168,-3281.988,1,"KelliiWood",80,"N/A",2022,22,23,"Line",NA,NA,NA,NA,"rockfish","rosethorn",150,150,39,"","",NA,"",NA
"954","SL_2022_CSEO_Dive_22_15-14-56.000.avi",38559,"16:22:37",NA,NA,NA,37.316,0.875,4092.02,25.62,NA,NA,-1745.467,275.072,-3690.841,1,"KelliiWood",80,"N/A",2022,22,23,"Line",NA,NA,NA,NA,"rockfish","rosethorn",150,150,40,"","",NA,"",NA
"955","SL_2022_CSEO_Dive_22_15-14-56.000.avi",38559,"16:22:37",NA,NA,NA,48.112,0.054,4601.935,16.585,NA,NA,886.611,951.513,-4414.334,1,"KelliiWood",80,"N/A",2022,22,23,"Line",NA,NA,NA,NA,"rockfish","rosethorn",150,150,41,"","",NA,"",NA
"956","SL_2022_CSEO_Dive_22_15-14-56.000.avi",39882,"16:23:21",NA,NA,NA,35.352,1.166,4102.153,11.33,NA,NA,-763.822,240.907,-4023.207,1,"KelliiWood",80,"N/A",2022,22,23,"Line",NA,NA,NA,NA,"rockfish","rosethorn",150,150,42,"","",NA,"",NA
"957","SL_2022_CSEO_Dive_22_15-14-56.000.avi",40249,"16:23:34",NA,NA,NA,39.046,0.182,4196.182,17.009,NA,NA,-1181.05,318.386,-4013.937,1,"KelliiWood",80,"N/A",2022,22,23,"Line",NA,NA,NA,NA,"rockfish","rosethorn",150,150,43,"","",NA,"",NA
"958","SL_2022_CSEO_Dive_22_15-14-56.000.avi",41109,"16:24:02",NA,NA,NA,77.875,2.424,5775.183,27.781,NA,NA,2340.065,1309.929,-5114.775,1,"KelliiWood",80,"N/A",2022,22,23,"Line",NA,NA,NA,NA,"rockfish","silvergray",157,157,44,"","",NA,"",NA
"959","SL_2022_CSEO_Dive_22_15-14-56.000.avi",42543,"16:24:50",NA,NA,NA,19.411,0.207,2877.659,18.826,NA,NA,-739.231,-572.912,-2721.439,1,"KelliiWood",80,"N/A",2022,22,23,"Line",NA,NA,NA,NA,"rockfish","rosethorn",150,150,45,"","",NA,"",NA
"960","SL_2022_CSEO_Dive_22_15-14-56.000.avi",43147,"16:25:10",NA,NA,NA,56.511,0.351,4966.1,29.153,NA,NA,2176.585,1038.552,-4341.203,1,"KelliiWood",80,"N/A",2022,22,23,"Line",NA,NA,NA,NA,"rockfish","rosethorn",150,150,46,"","",NA,"",NA
"961","SL_2022_CSEO_Dive_22_15-14-56.000.avi",43377,"16:25:18",NA,NA,NA,37.909,0.534,4216.544,27.675,NA,NA,1956.362,-103.628,-3733.786,1,"KelliiWood",80,"N/A",2022,22,23,"Line",NA,NA,NA,NA,"rockfish","rosethorn",150,150,47,"","",NA,"",NA
"962","SL_2022_CSEO_Dive_22_15-14-56.000.avi",43641,"16:25:27",NA,NA,NA,46.067,0.209,4476.703,28.425,NA,NA,1932.855,881.452,-3940.557,1,"KelliiWood",80,"N/A",2022,22,23,"Line",NA,NA,NA,NA,"rockfish","yelloweye",145,145,48,"JV","Fish milling/hovering",NA,"NO LENGTH - too far away",NA
"963","SL_2022_CSEO_Dive_22_15-14-56.000.avi",45063,"16:26:14",NA,NA,NA,21.715,0.12,3174.725,15.068,NA,NA,821.088,-95.688,-3065.214,1,"KelliiWood",80,"N/A",2022,22,23,"Line",NA,NA,NA,NA,"rockfish","rosethorn",150,150,49,"","",NA,"",NA
"964","SL_2022_CSEO_Dive_22_15-14-56.000.avi",45063,"16:26:14",NA,NA,NA,81.88,0.59,5943.693,19.583,NA,NA,1676.645,1053.442,-5604.159,1,"KelliiWood",80,"N/A",2022,22,23,"Line",NA,NA,NA,NA,"rockfish","quillback",147,147,50,"","",NA,"",NA
"965","SL_2022_CSEO_Dive_22_15-14-56.000.avi",45608,"16:26:32",NA,NA,NA,14.635,0.255,2601.844,12.021,NA,NA,-507.63,-199.831,-2544.007,1,"KelliiWood",80,"N/A",2022,22,23,"Line",NA,NA,NA,NA,"rockfish","rosethorn",150,150,51,"","",NA,"",NA
"966","SL_2022_CSEO_Dive_22_15-14-56.000.avi",45975,"16:26:44",NA,NA,NA,49.268,2.173,4642.459,18.25,NA,NA,-1304.477,624.256,-4411.47,1,"KelliiWood",80,"N/A",2022,22,23,"Line",NA,NA,NA,NA,"rockfish","rosethorn",150,150,52,"","",NA,"",NA
"967","SL_2022_CSEO_Dive_22_15-14-56.000.avi",45975,"16:26:44",NA,NA,NA,57.936,2.648,5179.676,18.02,NA,NA,254.748,1562.231,-4931.895,1,"KelliiWood",80,"N/A",2022,22,23,"Line",NA,NA,NA,NA,"rockfish","rosethorn",150,150,53,"","",NA,"",NA
"968","SL_2022_CSEO_Dive_22_15-14-56.000.avi",47608,"16:27:39",NA,NA,NA,20.354,0.136,3017.003,21.007,NA,NA,1061.287,197.145,-2817.288,1,"KelliiWood",80,"N/A",2022,22,23,"Line",NA,NA,NA,NA,"greenling","lingcod",130,130,54,"","",NA,"NO LENGTH - facing ROV",NA
"969","SL_2022_CSEO_Dive_22_15-14-56.000.avi",50757,"16:29:24",NA,NA,NA,57.729,2.898,4938.541,27.728,NA,NA,-1945.28,1205.432,-4376.301,1,"KelliiWood",80,"N/A",2022,22,23,"Line",NA,NA,NA,NA,"rockfish","rosethorn",150,150,55,"","",NA,"",NA
"970","SL_2022_CSEO_Dive_22_15-14-56.000.avi",52669,"16:30:28",NA,NA,NA,39.129,1.212,4373.689,31.949,NA,NA,-2303.011,214.701,-3712.034,1,"KelliiWood",80,"N/A",2022,22,23,"Line",NA,NA,NA,NA,"rockfish","rosethorn",150,150,56,"","",NA,"",NA
"971","SL_2022_CSEO_Dive_22_15-14-56.000.avi",52922,"16:30:36",NA,NA,NA,74.231,1.109,5602.069,30.178,NA,NA,-2018.145,1944.681,-4850.616,1,"KelliiWood",80,"N/A",2022,22,23,"Line",NA,NA,NA,NA,"rockfish","canary",146,146,57,"","",NA,"",NA
"972","SL_2022_CSEO_Dive_22_15-14-56.000.avi",53676,"16:31:01",NA,NA,385.117,130.228,0.43,6454.632,21.845,21.36,0.706,2068.549,1220.366,-5991.167,1,"KelliiWood",80,"N/A",2022,22,23,"Line",NA,NA,NA,NA,"rockfish","yelloweye",145,145,58,"AD","Fish milling/hovering",NA,"",NA
"973","SL_2022_CSEO_Dive_22_15-14-56.000.avi",53813,"16:31:06",NA,NA,NA,41.19,0.565,4677.203,4.005,NA,NA,-316.57,61.8,-4666.068,1,"KelliiWood",80,"N/A",2022,22,23,"Line",NA,NA,NA,NA,"rockfish","rosethorn",150,150,59,"","",NA,"",NA
"974","SL_2022_CSEO_Dive_22_15-14-56.000.avi",54643,"16:31:33",NA,NA,NA,27.995,0.11,3700.158,9.439,NA,NA,581.42,159.111,-3650.726,1,"KelliiWood",80,"N/A",2022,22,23,"Line",NA,NA,NA,NA,"rockfish","rosethorn",150,150,60,"","",NA,"",NA
"975","SL_2022_CSEO_Dive_22_15-14-56.000.avi",55835,"16:32:13",NA,NA,NA,28.134,0.639,3555.823,14.48,NA,NA,596.763,645.292,-3445.483,1,"KelliiWood",80,"N/A",2022,22,23,"Line",NA,NA,NA,NA,"rockfish","rosethorn",150,150,61,"","",NA,"",NA
"976","SL_2022_CSEO_Dive_22_15-14-56.000.avi",57936,"16:33:23",NA,NA,NA,31.742,0.323,3974.602,9.118,NA,NA,111.441,604.219,-3926.826,1,"KelliiWood",80,"N/A",2022,22,23,"Line",NA,NA,NA,NA,"rockfish","rosethorn",150,150,62,"","",NA,"",NA
"977","SL_2022_CSEO_Dive_22_15-14-56.000.avi",59265,"16:34:07",NA,NA,NA,35.901,1.207,4061.245,12.584,NA,NA,-615.939,619.334,-3966.202,1,"KelliiWood",80,"N/A",2022,22,23,"Line",NA,NA,NA,NA,"rockfish","quillback",147,147,63,"","",NA,"",NA
"978","SL_2022_CSEO_Dive_22_15-14-56.000.avi",61111,"16:35:09",NA,NA,NA,54.597,1.758,4872.847,17.811,NA,NA,1068.936,1020.199,-4643.405,1,"KelliiWood",80,"N/A",2022,22,23,"Line",NA,NA,NA,NA,"rockfish","rosethorn",150,150,64,"","",NA,"",NA
"979","SL_2022_CSEO_Dive_22_15-14-56.000.avi",62666,"16:36:01",NA,NA,NA,25.872,0.929,3535.302,9.272,NA,NA,326.925,452.457,-3490.954,1,"KelliiWood",80,"N/A",2022,22,23,"Line",NA,NA,NA,NA,"rockfish","rosethorn",150,150,65,"","",NA,"",NA
"980","SL_2022_CSEO_Dive_22_15-14-56.000.avi",63765,"16:36:38",NA,NA,NA,8.791,0.488,2003.18,15.184,NA,NA,-105.457,-521.709,-1931.173,1,"KelliiWood",80,"N/A",2022,22,23,"Line",NA,NA,NA,NA,"rockfish","rosethorn",150,150,66,"","",NA,"",NA
"981","SL_2022_CSEO_Dive_22_15-14-56.000.avi",64661,"16:37:07",NA,NA,NA,16.517,0.116,2833.432,8.51,NA,NA,-361.005,202.092,-2803.065,1,"KelliiWood",80,"N/A",2022,22,23,"Line",NA,NA,NA,NA,"rockfish","rosethorn",150,150,67,"","",NA,"",NA
"982","SL_2022_CSEO_Dive_22_15-14-56.000.avi",67602,"16:38:45",NA,NA,NA,22.196,0.361,3193.249,14.806,NA,NA,783.761,214.909,-3088.101,1,"KelliiWood",80,"N/A",2022,22,23,"Line",NA,NA,NA,NA,"rockfish","rosethorn",150,150,68,"","",NA,"",NA
"983","SL_2022_CSEO_Dive_22_15-14-56.000.avi",68118,"16:39:03",NA,NA,NA,26.509,1.807,3583.273,9.737,NA,NA,-570.762,189.644,-3532.437,1,"KelliiWood",80,"N/A",2022,22,23,"Line",NA,NA,NA,NA,"rockfish","rosethorn",150,150,69,"","",NA,"",NA
"984","SL_2022_CSEO_Dive_22_15-14-56.000.avi",68421,"16:39:13",NA,NA,451.283,72.482,1.043,4032.371,13.052,40.771,20.016,837.886,356.636,-3928.202,1,"KelliiWood",80,"N/A",2022,22,23,"Line",NA,NA,NA,NA,"rockfish","yelloweye",145,145,70,"AD","Fish milling/hovering",NA,"",NA
"985","SL_2022_CSEO_Dive_22_15-14-56.000.avi",68534,"16:39:16",NA,NA,NA,38.375,0.772,4161.043,29.267,NA,NA,-1974.16,476.19,-3631.834,1,"KelliiWood",80,"N/A",2022,22,23,"Line",NA,NA,NA,NA,"rockfish","quillback",147,147,71,"","",NA,"",NA
"986","SL_2022_CSEO_Dive_22_15-14-56.000.avi",70499,"16:40:22",NA,NA,NA,34.858,0.39,3932.532,27.319,NA,NA,-1749.839,427.964,-3495.672,1,"KelliiWood",80,"N/A",2022,22,23,"Line",NA,NA,NA,NA,"rockfish","rosethorn",150,150,72,"","",NA,"",NA
"987","SL_2022_CSEO_Dive_22_15-14-56.000.avi",70564,"16:40:24",NA,NA,NA,23.829,1.21,3381.583,30.728,NA,NA,-1722.804,120.268,-2907.333,1,"KelliiWood",80,"N/A",2022,22,23,"Line",NA,NA,NA,NA,"rockfish","rosethorn",150,150,73,"","",NA,"",NA
"988","SL_2022_CSEO_Dive_22_15-14-56.000.avi",70842,"16:40:33",NA,NA,NA,30.508,0.089,3674.802,24.952,NA,NA,-1514.837,316.085,-3333.096,1,"KelliiWood",80,"N/A",2022,22,23,"Line",NA,NA,NA,NA,"halibut","halibut",200,200,74,"","",NA,"",NA
"989","SL_2022_CSEO_Dive_22_15-14-56.000.avi",72767,"16:41:38",NA,NA,NA,73.552,1.726,5987.049,36.586,NA,NA,-3093.877,1758.941,-4814.437,1,"KelliiWood",80,"N/A",2022,22,23,"Line",NA,NA,NA,NA,"rockfish","rosethorn",150,150,75,"","",NA,"",NA
"990","SL_2022_CSEO_Dive_22_15-14-56.000.avi",73486,"16:42:02",NA,NA,760.112,29.109,1.86,2982.788,27.709,14.737,9.712,-1362.772,257.736,-2640.729,1,"KelliiWood",80,"N/A",2022,22,23,"Line",NA,NA,NA,NA,"halibut","halibut",200,200,76,"","",NA,"",NA
"991","SL_2022_CSEO_Dive_22_15-14-56.000.avi",75160,"16:42:57",NA,NA,NA,38.854,0.254,4300.208,29.374,NA,NA,-2109.14,-41.077,-3747.216,1,"KelliiWood",80,"N/A",2022,22,23,"Line",NA,NA,NA,NA,"rockfish","rosethorn",150,150,77,"","",NA,"",NA
"992","SL_2022_CSEO_Dive_22_15-14-56.000.avi",75346,"16:43:04",NA,NA,NA,17.659,0.16,2871.455,14.368,NA,NA,-709.426,55.748,-2781.88,1,"KelliiWood",80,"N/A",2022,22,23,"Line",NA,NA,NA,NA,"rockfish","rosethorn",150,150,78,"","",NA,"",NA
"993","SL_2022_CSEO_Dive_22_15-14-56.000.avi",77565,"16:44:17",NA,NA,NA,26.48,0.63,3464.68,18.886,NA,NA,1104.859,179.256,-3278.897,1,"KelliiWood",80,"N/A",2022,22,23,"Line",NA,NA,NA,NA,"rockfish","rosethorn",150,150,79,"","",NA,"",NA
"994","SL_2022_CSEO_Dive_22_15-14-56.000.avi",78704,"16:44:55",NA,NA,NA,16.835,0.613,2895.029,6.629,NA,NA,307.267,-142.988,-2875.123,1,"KelliiWood",80,"N/A",2022,22,23,"Line",NA,NA,NA,NA,"rockfish","rosethorn",150,150,80,"","",NA,"",NA
"995","SL_2022_CSEO_Dive_22_15-14-56.000.avi",80449,"16:45:54",NA,NA,NA,25.326,1.714,3444.573,13.124,NA,NA,-759.659,172.655,-3355.323,1,"KelliiWood",80,"N/A",2022,22,23,"Line",NA,NA,NA,NA,"rockfish","rosethorn",150,150,81,"","",NA,"",NA
"996","SL_2022_CSEO_Dive_22_15-14-56.000.avi",82206,"16:46:52",NA,NA,NA,13.321,0.666,2485.118,13.902,NA,NA,591.719,-89.571,-2411.982,1,"KelliiWood",80,"N/A",2022,22,23,"Line",NA,NA,NA,NA,"rockfish","rosethorn",150,150,82,"","",NA,"",NA
"997","SL_2022_CSEO_Dive_23_08-12-26.000.avi",1359,"8:28:49",NA,NA,NA,78.477,0.254,5808.732,31.237,NA,NA,2136.809,2103.336,-4975.078,1,"KelliiWood",85,"N/A",2022,23,26,"Line",NA,NA,NA,NA,"rockfish","canary",146,146,1,"","",NA,"",NA
"998","SL_2022_CSEO_Dive_23_08-12-26.000.avi",1359,"8:28:49",NA,NA,NA,83.111,1.519,6028.617,30.472,NA,NA,2648.476,1506.328,-5201.998,1,"KelliiWood",85,"N/A",2022,23,26,"Line",NA,NA,NA,NA,"rockfish","canary",146,146,2,"","",NA,"",NA
"999","SL_2022_CSEO_Dive_23_08-12-26.000.avi",1359,"8:28:49",NA,NA,NA,100.635,1.741,6789.452,20.161,NA,NA,396.291,2280.757,-6382.614,1,"KelliiWood",85,"N/A",2022,23,26,"Line",NA,NA,NA,NA,"rockfish","canary",146,146,3,"","",NA,"",NA
"1000","SL_2022_CSEO_Dive_23_08-12-26.000.avi",1400,"8:28:51",NA,NA,NA,83.373,0.831,6265.332,34.061,NA,NA,3158.779,1507.511,-5196.528,1,"KelliiWood",85,"N/A",2022,23,26,"Line",NA,NA,NA,NA,"rockfish","canary",146,146,4,"","",NA,"",NA
"1001","SL_2022_CSEO_Dive_23_08-12-26.000.avi",1482,"8:28:53",NA,NA,NA,75.347,1.933,5934.34,34.426,NA,NA,2908.818,1652.013,-4901.635,1,"KelliiWood",85,"N/A",2022,23,26,"Line",NA,NA,NA,NA,"rockfish","canary",146,146,5,"","",NA,"",NA
"1002","SL_2022_CSEO_Dive_23_08-12-26.000.avi",3296,"8:29:54",NA,NA,NA,83.924,0.223,5963.08,22.31,NA,NA,1825.755,1316.12,-5522.026,1,"KelliiWood",85,"N/A",2022,23,26,"Line",NA,NA,NA,NA,"rockfish","canary",146,146,6,"","",NA,"",NA
"1003","SL_2022_CSEO_Dive_23_08-12-26.000.avi",5093,"8:30:54",NA,NA,NA,16.735,0.138,2821.307,30.997,NA,NA,-1442.772,161.893,-2419.085,1,"KelliiWood",85,"N/A",2022,23,26,"Line",NA,NA,NA,NA,"rockfish","rosethorn",150,150,7,"","",NA,"",NA
"1004","SL_2022_CSEO_Dive_23_08-12-26.000.avi",5320,"8:31:01",NA,NA,NA,51.288,0.276,4969.503,12.948,NA,NA,163.437,1082.02,-4847.524,1,"KelliiWood",85,"N/A",2022,23,26,"Line",NA,NA,NA,NA,"rockfish","rosethorn",150,150,8,"","",NA,"",NA
"1005","SL_2022_CSEO_Dive_23_08-12-26.000.avi",6026,"8:31:25",NA,NA,NA,57.348,3.695,4901.263,28.56,NA,NA,-1649.657,1646.81,-4311.499,1,"KelliiWood",85,"N/A",2022,23,26,"Line",NA,NA,NA,NA,"rockfish","silvergray",157,157,9,"","",NA,"",NA
"1006","SL_2022_CSEO_Dive_23_08-12-26.000.avi",6726,"8:31:48",NA,NA,NA,16.573,0.469,2736.689,18.046,NA,NA,839.536,-128.177,-2601.58,1,"KelliiWood",85,"N/A",2022,23,26,"Line",NA,NA,NA,NA,"rockfish","rosethorn",150,150,10,"","",NA,"",NA
"1007","SL_2022_CSEO_Dive_23_08-12-26.000.avi",7689,"8:32:20",NA,NA,NA,63.55,2.549,5323.232,15.981,NA,NA,-789.037,1214.545,-5122.411,1,"KelliiWood",85,"N/A",2022,23,26,"Line",NA,NA,NA,NA,"rockfish","silvergray",157,157,11,"","",NA,"",NA
"1008","SL_2022_CSEO_Dive_23_08-12-26.000.avi",8482,"8:32:47",NA,NA,NA,24.137,0.825,3207.779,27.647,NA,NA,-1337.113,-665.371,-2838.883,1,"KelliiWood",85,"N/A",2022,23,26,"Line",NA,NA,NA,NA,"rockfish","rosethorn",150,150,12,"","",NA,"",NA
"1009","SL_2022_CSEO_Dive_23_08-12-26.000.avi",9104,"8:33:07",NA,NA,NA,78.616,0.326,5904.882,16.724,NA,NA,1485.193,802.804,-5658.386,1,"KelliiWood",85,"N/A",2022,23,26,"Line",NA,NA,NA,NA,"rockfish","rosethorn",150,150,13,"","",NA,"",NA
"1010","SL_2022_CSEO_Dive_23_08-12-26.000.avi",9560,"8:33:23",NA,NA,NA,24.347,1.083,3378.765,13.724,NA,NA,-798.318,-85.572,-3281.984,1,"KelliiWood",85,"N/A",2022,23,26,"Line",NA,NA,NA,NA,"rockfish","rosethorn",150,150,14,"","",NA,"",NA
"1011","SL_2022_CSEO_Dive_23_08-12-26.000.avi",10813,"8:34:04",NA,NA,NA,22.499,0.13,3357.597,7.233,NA,NA,-399.586,124.68,-3331.403,1,"KelliiWood",85,"N/A",2022,23,26,"Line",NA,NA,NA,NA,"rockfish","rosethorn",150,150,15,"","",NA,"",NA
"1012","SL_2022_CSEO_Dive_23_08-12-26.000.avi",10930,"8:34:08",NA,NA,NA,33.845,0.796,3916.234,13.761,NA,NA,-757.392,527.127,-3805.967,1,"KelliiWood",85,"N/A",2022,23,26,"Line",NA,NA,NA,NA,"rockfish","rosethorn",150,150,16,"","",NA,"",NA
"1013","SL_2022_CSEO_Dive_23_08-12-26.000.avi",12306,"8:34:54",NA,NA,NA,53.885,0.159,5126.172,12.683,NA,NA,60.324,1103.803,-5005.558,1,"KelliiWood",85,"N/A",2022,23,26,"Line",NA,NA,NA,NA,"rockfish","rosethorn",150,150,17,"","",NA,"",NA
"1014","SL_2022_CSEO_Dive_23_08-12-26.000.avi",13493,"8:35:34",NA,NA,NA,21.604,0.277,3161.978,16.374,NA,NA,-891.376,-4.965,-3033.732,1,"KelliiWood",85,"N/A",2022,23,26,"Line",NA,NA,NA,NA,"rockfish","rosethorn",150,150,18,"","",NA,"",NA
"1015","SL_2022_CSEO_Dive_23_08-12-26.000.avi",14144,"8:35:55",NA,NA,NA,19.726,0.113,3082.999,8.513,NA,NA,-387.027,-254.079,-3048.039,1,"KelliiWood",85,"N/A",2022,23,26,"Line",NA,NA,NA,NA,"rockfish","rosethorn",150,150,19,"","",NA,"",NA
"1016","SL_2022_CSEO_Dive_23_08-12-26.000.avi",14330,"8:36:02",NA,NA,NA,38.683,0.343,4205.812,23.437,NA,NA,1666,135.617,-3859.392,1,"KelliiWood",85,"N/A",2022,23,26,"Line",NA,NA,NA,NA,"rockfish","rosethorn",150,150,20,"","",NA,"",NA
"1017","SL_2022_CSEO_Dive_23_08-12-26.000.avi",14574,"8:36:10",NA,NA,NA,12.54,0.492,2421.944,10.364,NA,NA,-240.297,-373.013,-2380.952,1,"KelliiWood",85,"N/A",2022,23,26,"Line",NA,NA,NA,NA,"rockfish","rosethorn",150,150,21,"","",NA,"",NA
"1018","SL_2022_CSEO_Dive_23_08-12-26.000.avi",15042,"8:36:25",NA,NA,NA,13.693,0.541,2417.54,18.932,NA,NA,552.5,-565.887,-2284.517,1,"KelliiWood",85,"N/A",2022,23,26,"Line",NA,NA,NA,NA,"rockfish","rosethorn",150,150,22,"","",NA,"",NA
"1019","SL_2022_CSEO_Dive_23_08-12-26.000.avi",16020,"8:36:58",NA,NA,NA,17.482,0.523,2938.268,8.019,NA,NA,88.07,-411.957,-2907.912,1,"KelliiWood",85,"N/A",2022,23,26,"Line",NA,NA,NA,NA,"rockfish","rosethorn",150,150,23,"","",NA,"",NA
"1020","SL_2022_CSEO_Dive_23_08-12-26.000.avi",17143,"8:37:35",NA,NA,NA,24.14,0.277,3401.831,9.618,NA,NA,-476.256,296.73,-3355.232,1,"KelliiWood",85,"N/A",2022,23,26,"Line",NA,NA,NA,NA,"rockfish","rosethorn",150,150,24,"","",NA,"",NA
"1021","SL_2022_CSEO_Dive_23_08-12-26.000.avi",19686,"8:39:00",NA,NA,NA,11.41,1.376,2299.479,33.827,NA,NA,1114.9,-636.661,-1907.686,1,"KelliiWood",85,"N/A",2022,23,26,"Line",NA,NA,NA,NA,"rockfish","rosethorn",150,150,25,"","",NA,"",NA
"1022","SL_2022_CSEO_Dive_23_08-12-26.000.avi",20502,"8:39:27",NA,NA,NA,55.146,0.342,4959.962,17.38,NA,NA,1377.866,525.717,-4735.645,1,"KelliiWood",85,"N/A",2022,23,26,"Line",NA,NA,NA,NA,"rockfish","rosethorn",150,150,26,"","",NA,"",NA
"1023","SL_2022_CSEO_Dive_23_08-12-26.000.avi",22042,"8:40:19",NA,NA,NA,29.894,0.819,3604.874,27.952,NA,NA,-1591.161,-581.468,-3182.015,1,"KelliiWood",85,"N/A",2022,23,26,"Line",NA,NA,NA,NA,"rockfish","rosethorn",150,150,27,"","",NA,"",NA
"1024","SL_2022_CSEO_Dive_23_08-12-26.000.avi",22042,"8:40:19",NA,NA,NA,28.631,0.576,3525.523,24.533,NA,NA,-1409.052,-409.736,-3205.62,1,"KelliiWood",85,"N/A",2022,23,26,"Line",NA,NA,NA,NA,"rockfish","rosethorn",150,150,28,"","",NA,"",NA
"1025","SL_2022_CSEO_Dive_23_08-12-26.000.avi",24054,"8:41:26",NA,NA,NA,32.514,0.866,3842.13,14.316,NA,NA,-852.847,403.694,-3724.466,1,"KelliiWood",85,"N/A",2022,23,26,"Line",NA,NA,NA,NA,"rockfish","rosethorn",150,150,29,"","",NA,"",NA
"1026","SL_2022_CSEO_Dive_23_08-12-26.000.avi",24573,"8:41:43",NA,NA,NA,39.122,0.478,4373.688,9.613,NA,NA,251.461,668.483,-4314.979,1,"KelliiWood",85,"N/A",2022,23,26,"Line",NA,NA,NA,NA,"rockfish","rosethorn",150,150,30,"","",NA,"",NA
"1027","SL_2022_CSEO_Dive_23_08-12-26.000.avi",25099,"8:42:01",NA,NA,NA,23.755,1.893,3326.615,11.456,NA,NA,-525.747,387.11,-3261.917,1,"KelliiWood",85,"N/A",2022,23,26,"Line",NA,NA,NA,NA,"rockfish","rosethorn",150,150,31,"","",NA,"",NA
"1028","SL_2022_CSEO_Dive_23_08-12-26.000.avi",26032,"8:42:32",NA,NA,NA,41.472,0.355,4304.682,26.475,NA,NA,-1881.157,364.057,-3854.737,1,"KelliiWood",85,"N/A",2022,23,26,"Line",NA,NA,NA,NA,"rockfish","rosethorn",150,150,32,"","",NA,"",NA
"1029","SL_2022_CSEO_Dive_23_08-12-26.000.avi",26032,"8:42:32",NA,NA,NA,19.913,0.623,3084.672,12.268,NA,NA,655.424,-11.266,-3014.215,1,"KelliiWood",85,"N/A",2022,23,26,"Line",NA,NA,NA,NA,"rockfish","rosethorn",150,150,33,"","",NA,"",NA
"1030","SL_2022_CSEO_Dive_23_08-12-26.000.avi",26032,"8:42:32",NA,NA,NA,51.91,0.438,4735.373,23.264,NA,NA,1726.788,701.03,-4353.219,1,"KelliiWood",85,"N/A",2022,23,26,"Line",NA,NA,NA,NA,"rockfish","rosethorn",150,150,34,"","",NA,"",NA
"1031","SL_2022_CSEO_Dive_23_08-12-26.000.avi",26166,"8:42:36",NA,NA,NA,48.505,0.493,4780.193,10.905,NA,NA,-606.131,652.367,-4696.517,1,"KelliiWood",85,"N/A",2022,23,26,"Line",NA,NA,NA,NA,"rockfish","rosethorn",150,150,35,"","",NA,"",NA
"1032","SL_2022_CSEO_Dive_23_08-12-26.000.avi",26971,"8:43:03",NA,NA,NA,43.248,0.3,4376.777,25.442,NA,NA,-1834.455,396.507,-3953.952,1,"KelliiWood",85,"N/A",2022,23,26,"Line",NA,NA,NA,NA,"rockfish","rosethorn",150,150,36,"","",NA,"",NA
"1033","SL_2022_CSEO_Dive_23_08-12-26.000.avi",29100,"8:44:14",NA,NA,NA,35.878,1.168,4080.857,12.732,NA,NA,438.08,769.577,-3983.621,1,"KelliiWood",85,"N/A",2022,23,26,"Line",NA,NA,NA,NA,"rockfish","rosethorn",150,150,37,"","",NA,"",NA
"1034","SL_2022_CSEO_Dive_23_08-12-26.000.avi",29870,"8:44:40",NA,NA,NA,40.034,0.324,4416.82,12.026,NA,NA,-86.043,898.922,-4323.521,1,"KelliiWood",85,"N/A",2022,23,26,"Line",NA,NA,NA,NA,"rockfish","rosethorn",150,150,38,"","",NA,"",NA
"1035","SL_2022_CSEO_Dive_23_08-12-26.000.avi",33153,"8:46:29",NA,NA,NA,11.684,0.096,2288.03,20.443,NA,NA,-148.466,-793.804,-2140.774,1,"KelliiWood",85,"N/A",2022,23,26,"Line",NA,NA,NA,NA,"rockfish","rosethorn",150,150,39,"","",NA,"",NA
"1036","SL_2022_CSEO_Dive_23_08-12-26.000.avi",36318,"8:48:15",NA,NA,NA,93.32,1.977,6578.149,35.204,NA,NA,-3170.279,2059.383,-5383.337,1,"KelliiWood",85,"N/A",2022,23,26,"Line",NA,NA,NA,NA,"rockfish","quillback",147,147,40,"","",NA,"",NA
"1037","SL_2022_CSEO_Dive_23_08-12-26.000.avi",37436,"8:48:52",NA,NA,NA,69.147,1.421,5567.145,20.678,NA,NA,517.097,1875.741,-5216.062,1,"KelliiWood",85,"N/A",2022,23,26,"Line",NA,NA,NA,NA,"rockfish","canary",146,146,41,"","",NA,"",NA
"1038","SL_2022_CSEO_Dive_23_08-12-26.000.avi",39016,"8:49:45",NA,NA,NA,18.364,0.772,2879.335,27.019,NA,NA,-1292.816,188.611,-2565.857,1,"KelliiWood",85,"N/A",2022,23,26,"Line",NA,NA,NA,NA,"rockfish","rosethorn",150,150,42,"","",NA,"",NA
"1039","SL_2022_CSEO_Dive_23_08-12-26.000.avi",39908,"8:50:14",NA,NA,NA,25.098,0.62,3351.45,22.703,NA,NA,-1279.128,180.02,-3092.514,1,"KelliiWood",85,"N/A",2022,23,26,"Line",NA,NA,NA,NA,"rockfish","rosethorn",150,150,43,"","",NA,"",NA
"1040","SL_2022_CSEO_Dive_23_08-12-26.000.avi",43620,"8:52:18",NA,NA,NA,31.437,0.483,3894.021,9.239,NA,NA,-499.935,360.047,-3844.975,1,"KelliiWood",85,"N/A",2022,23,26,"Line",NA,NA,NA,NA,"rockfish","rosethorn",150,150,44,"","",NA,"",NA
"1041","SL_2022_CSEO_Dive_23_08-12-26.000.avi",44074,"8:52:33",NA,NA,NA,16.271,0.063,2625.806,27.097,NA,NA,-1063.793,-556.09,-2335.373,1,"KelliiWood",85,"N/A",2022,23,26,"Line",NA,NA,NA,NA,"rockfish","rosethorn",150,150,45,"","",NA,"",NA
"1042","SL_2022_CSEO_Dive_23_08-12-26.000.avi",44191,"8:52:37",NA,NA,NA,43.195,0.03,4474.226,18.745,NA,NA,1436.749,39.117,-4237.089,1,"KelliiWood",85,"N/A",2022,23,26,"Line",NA,NA,NA,NA,"rockfish","rosethorn",150,150,46,"","",NA,"",NA
"1043","SL_2022_CSEO_Dive_23_08-12-26.000.avi",44247,"8:52:39",NA,NA,NA,27.612,0.417,3510.618,16.27,NA,NA,921.506,-357.33,-3368.617,1,"KelliiWood",85,"N/A",2022,23,26,"Line",NA,NA,NA,NA,"rockfish","rosethorn",150,150,47,"","",NA,"",NA
"1044","SL_2022_CSEO_Dive_23_08-12-26.000.avi",45331,"8:53:15",NA,NA,NA,11.537,0.365,2281.878,13.274,NA,NA,454.794,-269.005,-2219.858,1,"KelliiWood",85,"N/A",2022,23,26,"Line",NA,NA,NA,NA,"rockfish","rosethorn",150,150,48,"","",NA,"",NA
"1045","SL_2022_CSEO_Dive_23_08-12-26.000.avi",45981,"8:53:37",NA,NA,NA,6.536,2.081,1662.847,29.247,NA,NA,-422.878,-699.505,-1448.078,1,"KelliiWood",85,"N/A",2022,23,26,"Line",NA,NA,NA,NA,"rockfish","yelloweye",145,145,49,"SU","Fish seeking cover",NA,"NO LENGTH - partial view only",NA
"1046","SL_2022_CSEO_Dive_23_08-12-26.000.avi",46352,"8:53:49",NA,NA,NA,15.852,0.71,2758.383,9.533,NA,NA,402.63,204.935,-2721.133,1,"KelliiWood",85,"N/A",2022,23,26,"Line",NA,NA,NA,NA,"rockfish","rosethorn",150,150,50,"","",NA,"",NA
"1047","SL_2022_CSEO_Dive_23_08-12-26.000.avi",47034,"8:54:12",NA,NA,NA,42.236,0.757,4299.874,23.398,NA,NA,-1645.236,441.153,-3948.101,1,"KelliiWood",85,"N/A",2022,23,26,"Line",NA,NA,NA,NA,"rockfish","rosethorn",150,150,51,"","",NA,"",NA
"1048","SL_2022_CSEO_Dive_23_08-12-26.000.avi",47773,"8:54:36",NA,NA,NA,20.365,0.848,3180.037,6.505,NA,NA,-244.54,-277.19,-3158.481,1,"KelliiWood",85,"N/A",2022,23,26,"Line",NA,NA,NA,NA,"rockfish","rosethorn",150,150,52,"","",NA,"",NA
"1049","SL_2022_CSEO_Dive_23_08-12-26.000.avi",48646,"8:55:06",NA,NA,NA,11.654,0.321,2304.98,23.575,NA,NA,42.722,-929.345,-2108.891,1,"KelliiWood",85,"N/A",2022,23,26,"Line",NA,NA,NA,NA,"rockfish","rosethorn",150,150,53,"","",NA,"",NA
"1050","SL_2022_CSEO_Dive_23_08-12-26.000.avi",48749,"8:55:09",NA,NA,NA,31.575,0.944,3715.272,22.717,NA,NA,1363.698,432.133,-3428.824,1,"KelliiWood",85,"N/A",2022,23,26,"Line",NA,NA,NA,NA,"rockfish","rosethorn",150,150,54,"","",NA,"",NA
"1051","SL_2022_CSEO_Dive_23_08-12-26.000.avi",49337,"8:55:29",NA,NA,NA,38.094,0.523,4180.219,23.742,NA,NA,1678.199,112.29,-3826.914,1,"KelliiWood",85,"N/A",2022,23,26,"Line",NA,NA,NA,NA,"rockfish","rosethorn",150,150,55,"","",NA,"",NA
"1052","SL_2022_CSEO_Dive_23_08-12-26.000.avi",51361,"8:56:36",NA,NA,NA,13.015,0.183,2439.841,30.424,NA,NA,-1207.71,-269.064,-2102.823,1,"KelliiWood",85,"N/A",2022,23,26,"Line",NA,NA,NA,NA,"rockfish","rosethorn",150,150,56,"","",NA,"",NA
"1053","SL_2022_CSEO_Dive_23_08-12-26.000.avi",52332,"8:57:08",NA,NA,NA,18.523,0.115,3141.609,2.616,NA,NA,-113.997,74.408,-3138.658,1,"KelliiWood",85,"N/A",2022,23,26,"Line",NA,NA,NA,NA,"rockfish","rosethorn",150,150,57,"","",NA,"",NA
"1054","SL_2022_CSEO_Dive_23_08-12-26.000.avi",52539,"8:57:15",NA,NA,NA,12.923,0.582,2471.473,12.29,NA,NA,520.79,64.7,-2415.113,1,"KelliiWood",85,"N/A",2022,23,26,"Line",NA,NA,NA,NA,"rockfish","rosethorn",150,150,58,"","",NA,"",NA
"1055","SL_2022_CSEO_Dive_23_08-12-26.000.avi",53416,"8:57:45",NA,NA,NA,48.905,0.303,4729.835,15.8,NA,NA,429.197,1195.97,-4555.961,1,"KelliiWood",85,"N/A",2022,23,26,"Line",NA,NA,NA,NA,"rockfish","rosethorn",150,150,59,"","",NA,"",NA
"1056","SL_2022_CSEO_Dive_23_08-12-26.000.avi",55274,"8:58:46",NA,NA,520.834,114.15,0.793,5996.984,17.287,26.89,7.09,-841.544,1570.852,-5726.085,1,"KelliiWood",85,"N/A",2022,23,26,"Line",NA,NA,NA,NA,"rockfish","black",142,142,60,"","",NA,"",NA
"1057","SL_2022_CSEO_Dive_23_08-12-26.000.avi",55651,"8:58:59",NA,NA,NA,62.391,1.486,5474.938,9.753,NA,NA,721.152,561.623,-5398.099,1,"KelliiWood",85,"N/A",2022,23,26,"Line",NA,NA,NA,NA,"rockfish","silvergray",157,157,61,"","",NA,"",NA
"1058","SL_2022_CSEO_Dive_23_08-12-26.000.avi",55941,"8:59:09",NA,NA,531.17,210.903,1.898,7235.627,23.142,37.717,6.699,1671.311,2300.752,-6653.387,1,"KelliiWood",85,"N/A",2022,23,26,"Line",NA,NA,NA,NA,"rockfish","yelloweye",145,145,63,"AD","Fish milling/hovering",NA,"",NA
"1059","SL_2022_CSEO_Dive_23_08-12-26.000.avi",55941,"8:59:09",NA,NA,NA,108.789,1.435,7125.443,19.108,NA,NA,238.587,2293.335,-6742.079,1,"KelliiWood",85,"N/A",2022,23,26,"Line",NA,NA,NA,NA,"rockfish","canary",146,146,62,"","",NA,"",NA
"1060","SL_2022_CSEO_Dive_23_08-12-26.000.avi",57079,"8:59:47",NA,NA,NA,51.379,6.33,4721.545,22.345,NA,NA,-707.334,1632.346,-4373.57,1,"KelliiWood",85,"N/A",2022,23,26,"Line",NA,NA,NA,NA,"rockfish","rosethorn",150,150,64,"","",NA,"",NA
"1061","SL_2022_CSEO_Dive_23_08-12-26.000.avi",58994,"9:00:50",NA,NA,NA,69.937,0.692,5708.185,12.606,NA,NA,609.558,1064.199,-5574.88,1,"KelliiWood",85,"N/A",2022,23,26,"Line",NA,NA,NA,NA,"rockfish","rosethorn",150,150,65,"","",NA,"",NA
"1062","SL_2022_CSEO_Dive_23_08-12-26.000.avi",60523,"9:01:41",NA,NA,NA,22.434,1.577,3138.508,20.213,NA,NA,1025.305,341.289,-2946.609,1,"KelliiWood",85,"N/A",2022,23,26,"Line",NA,NA,NA,NA,"rockfish","rosethorn",150,150,66,"","",NA,"",NA
"1063","SL_2022_CSEO_Dive_23_08-12-26.000.avi",62078,"9:02:33",NA,NA,NA,34.381,1.381,3839.96,27.971,NA,NA,-1624.837,763.336,-3394.483,1,"KelliiWood",85,"N/A",2022,23,26,"Line",NA,NA,NA,NA,"rockfish","rosethorn",150,150,67,"","",NA,"",NA
"1064","SL_2022_CSEO_Dive_23_08-12-26.000.avi",62167,"9:02:36",NA,NA,NA,56.51,1.227,4967.504,24.116,NA,NA,690.608,1890.343,-4541.559,1,"KelliiWood",85,"N/A",2022,23,26,"Line",NA,NA,NA,NA,"rockfish","silvergray",157,157,68,"","",NA,"",NA
"1065","SL_2022_CSEO_Dive_23_08-12-26.000.avi",62747,"9:02:56",NA,NA,515.491,56.644,0.996,3486.6,31.129,56.107,8.124,-1325.668,1221.282,-2984.536,1,"KelliiWood",85,"N/A",2022,23,26,"Line",NA,NA,NA,NA,"rockfish","black",142,142,69,"","",NA,"",NA
"1066","SL_2022_CSEO_Dive_23_08-12-26.000.avi",62747,"9:02:56",NA,NA,NA,91.886,0.538,6212.196,24.451,NA,NA,1748.202,1862.908,-5662.574,1,"KelliiWood",85,"N/A",2022,23,26,"Line",NA,NA,NA,NA,"rockfish","black",142,142,70,"","",NA,"NO LENGTH - too far away",NA
"1067","SL_2022_CSEO_Dive_23_08-12-26.000.avi",62747,"9:02:56",NA,NA,NA,122.931,0.188,7221.468,29.565,NA,NA,2501.777,2511.992,-6291.312,1,"KelliiWood",85,"N/A",2022,23,26,"Line",NA,NA,NA,NA,"rockfish","black",142,142,71,"","",NA,"NO LENGTH - too far away",NA
"1068","SL_2022_CSEO_Dive_23_08-12-26.000.avi",62747,"9:02:56",NA,NA,NA,94.905,2.385,6535.862,24.065,NA,NA,528.56,2588.292,-5978.199,1,"KelliiWood",85,"N/A",2022,23,26,"Line",NA,NA,NA,NA,"rockfish","black",142,142,72,"","",NA,"NO LENGTH - too far away",NA
"1069","SL_2022_CSEO_Dive_23_08-12-26.000.avi",63044,"9:03:05",NA,NA,480.197,4.906,2.085,1273.921,24.657,21.669,9.178,-380.249,371.29,-1157.768,1,"KelliiWood",85,"N/A",2022,23,26,"Line",NA,NA,NA,NA,"rockfish","black",142,142,73,"","",NA,"",NA
"1070","SL_2022_CSEO_Dive_23_08-12-26.000.avi",63044,"9:03:05",NA,NA,NA,9.892,0.644,2092.737,25.329,NA,NA,192.117,866.865,-1895.042,1,"KelliiWood",85,"N/A",2022,23,26,"Line",NA,NA,NA,NA,"rockfish","yellowtail",155,155,74,"","",NA,"",NA
"1071","SL_2022_CSEO_Dive_23_08-12-26.000.avi",63144,"9:03:09",NA,NA,505.102,14.653,0.928,2105.979,24.919,33.374,37.417,-805.695,-371.748,-1909.923,1,"KelliiWood",85,"N/A",2022,23,26,"Line",NA,NA,NA,NA,"rockfish","yelloweye",145,145,75,"AD","Fish milling/hovering",NA,"",NA
"1072","SL_2022_CSEO_Dive_23_08-12-26.000.avi",63188,"9:03:10",NA,NA,513.314,24.21,0.666,3382.821,26.725,5.683,12.16,1023.685,-1125.353,-3021.445,1,"KelliiWood",85,"N/A",2022,23,26,"Line",NA,NA,NA,NA,"rockfish","yelloweye",145,145,76,"AD","Fish moving quickly into frame",NA,"",NA
"1073","SL_2022_CSEO_Dive_23_08-12-26.000.avi",64200,"9:03:44",NA,NA,539.809,131.551,3.328,5864.889,28.436,30.899,4.575,-2596.661,1027.849,-5157.306,1,"KelliiWood",85,"N/A",2022,23,26,"Line",NA,NA,NA,NA,"rockfish","yelloweye",145,145,78,"AD","Fish milling/hovering",NA,"",NA
"1074","SL_2022_CSEO_Dive_23_08-12-26.000.avi",64200,"9:03:44",NA,NA,NA,16.438,0.148,2769.097,11.767,NA,NA,-538.787,-179.935,-2710.209,1,"KelliiWood",85,"N/A",2022,23,26,"Line",NA,NA,NA,NA,"rockfish","rosethorn",150,150,77,"","",NA,"",NA
"1075","SL_2022_CSEO_Dive_23_08-12-26.000.avi",64455,"9:03:52",NA,NA,NA,9.005,0.117,1954,28.911,NA,NA,-476.596,-822.475,-1707.193,1,"KelliiWood",85,"N/A",2022,23,26,"Line",NA,NA,NA,NA,"rockfish","rosethorn",150,150,79,"","",NA,"",NA
"1076","SL_2022_CSEO_Dive_23_08-12-26.000.avi",65894,"9:04:40",NA,NA,NA,121.597,5.464,7257.738,20.402,NA,NA,-2308.249,1008.728,-6806.557,1,"KelliiWood",85,"N/A",2022,23,26,"Line",NA,NA,NA,NA,"rockfish","yelloweye",145,145,80,"AD","Fish actively swimming in frame",NA,"NO LENGTH - too far away",NA
"1077","SL_2022_CSEO_Dive_23_08-12-26.000.avi",66079,"9:04:47",NA,NA,531.285,107.062,8.154,7004.743,16.187,16.826,22.861,-1110.722,1606.004,-6727.071,1,"KelliiWood",85,"N/A",2022,23,26,"Line",NA,NA,NA,NA,"rockfish","yelloweye",145,145,81,"AD","Fish milling/hovering",NA,"",NA
"1078","SL_2022_CSEO_Dive_23_08-12-26.000.avi",66141,"9:04:49",NA,NA,NA,22.904,0.529,3233.333,14.51,NA,NA,777.073,-241.463,-3129.264,1,"KelliiWood",85,"N/A",2022,23,26,"Line",NA,NA,NA,NA,"rockfish","rosethorn",150,150,82,"","",NA,"",NA
"1079","SL_2022_CSEO_Dive_23_08-12-26.000.avi",66305,"9:04:54",NA,NA,NA,117.377,1.125,7085.118,26.661,NA,NA,-2882.296,1316.045,-6337.136,1,"KelliiWood",85,"N/A",2022,23,26,"Line",NA,NA,NA,NA,"rockfish","yelloweye",145,145,83,"AD","Fish milling/hovering",NA,"NO LENGTH - too far away",NA
"1080","SL_2022_CSEO_Dive_23_08-12-26.000.avi",66394,"9:04:57",NA,NA,NA,62.315,3.442,5357.374,32.356,NA,NA,-2706.383,928.566,-4529.317,1,"KelliiWood",85,"N/A",2022,23,26,"Line",NA,NA,NA,NA,"rockfish","yelloweye",145,145,84,"AD","Fish moving slowly into frame",NA,"NO LENGTH - partial view only",NA
"1081","SL_2022_CSEO_Dive_23_08-12-26.000.avi",67083,"9:05:20",NA,NA,NA,25.424,0.116,3584.461,6.628,NA,NA,406.029,-93.763,-3560.156,1,"KelliiWood",85,"N/A",2022,23,26,"Line",NA,NA,NA,NA,"rockfish","rosethorn",150,150,85,"","",NA,"",NA
"1082","SL_2022_CSEO_Dive_23_08-12-26.000.avi",67083,"9:05:20",NA,NA,NA,33.964,5.154,3926.775,31.621,NA,NA,-1939.025,678.667,-3346.514,1,"KelliiWood",85,"N/A",2022,23,26,"Line",NA,NA,NA,NA,"rockfish","yelloweye",145,145,86,"AD","Fish chasing other fish",NA,"NO LENGTH - partial - GRAVID!",NA
"1083","SL_2022_CSEO_Dive_23_08-12-26.000.avi",67214,"9:05:24",NA,NA,NA,15.788,1.124,2677.277,24.827,NA,NA,-1122.839,43.866,-2430.046,1,"KelliiWood",85,"N/A",2022,23,26,"Line",NA,NA,NA,NA,"rockfish","yelloweye",145,145,87,"AD","Fish chasing other fish",NA,"NO LENGTH - partial view only",NA
"1084","SL_2022_CSEO_Dive_23_08-12-26.000.avi",67425,"9:05:32",NA,NA,NA,4,0.797,1297.149,28.929,NA,NA,-322.592,-542.736,-1133.123,1,"KelliiWood",85,"N/A",2022,23,26,"Line",NA,NA,NA,NA,"rockfish","yelloweye",145,145,88,"AD","Attracted",NA,"NO LENGTH - partial view only",NA
"1085","SL_2022_CSEO_Dive_23_08-12-26.000.avi",68932,"9:06:22",NA,NA,NA,34.142,1.144,3809.947,25.831,NA,NA,-1490.943,716.283,-3432.16,1,"KelliiWood",85,"N/A",2022,23,26,"Line",NA,NA,NA,NA,"rockfish","rosethorn",150,150,89,"","",NA,"",NA
"1086","SL_2022_CSEO_Dive_23_08-12-26.000.avi",69169,"9:06:30",NA,NA,NA,20.335,0.575,3248.23,4.547,NA,NA,199.731,149.546,-3238.632,1,"KelliiWood",85,"N/A",2022,23,26,"Line",NA,NA,NA,NA,"rockfish","rosethorn",150,150,90,"","",NA,"",NA
"1087","SL_2022_CSEO_Dive_23_08-12-26.000.avi",69443,"9:06:39",NA,NA,515.137,74.503,1.099,4007.672,21.745,45.67,0.036,-382.887,1434.534,-3722.492,1,"KelliiWood",85,"N/A",2022,23,26,"Line",NA,NA,NA,NA,"rockfish","black",142,142,91,"","",NA,"",NA
"1088","SL_2022_CSEO_Dive_23_08-12-26.000.avi",70116,"9:07:01",NA,NA,NA,17.568,1.418,2714.821,23.5,NA,NA,698.251,-837.177,-2486.33,1,"KelliiWood",85,"N/A",2022,23,26,"Line",NA,NA,NA,NA,"rockfish","rosethorn",150,150,92,"","",NA,"",NA
"1089","SL_2022_CSEO_Dive_23_08-12-26.000.avi",71782,"9:07:57",NA,NA,NA,47.357,0.897,4721.918,16.035,NA,NA,166.727,1275.462,-4543.337,1,"KelliiWood",85,"N/A",2022,23,26,"Line",NA,NA,NA,NA,"rockfish","silvergray",157,157,93,"","",NA,"",NA
"1090","SL_2022_CSEO_Dive_23_08-12-26.000.avi",72086,"9:08:07",NA,NA,NA,26.324,1.547,3456.192,20.659,NA,NA,-1218.102,-68.676,-3233.694,1,"KelliiWood",85,"N/A",2022,23,26,"Line",NA,NA,NA,NA,"rockfish","yelloweye",145,145,94,"SU","Fish resting on bottom",NA,"NO LENGTH - partial view only",NA
"1091","SL_2022_CSEO_Dive_23_08-12-26.000.avi",73416,"9:08:51",NA,NA,NA,42.743,1.728,4537.438,13.772,NA,NA,76.173,1059.83,-4411.269,1,"KelliiWood",85,"N/A",2022,23,26,"Line",NA,NA,NA,NA,"rockfish","rosethorn",150,150,95,"","",NA,"",NA
"1092","SL_2022_CSEO_Dive_23_08-12-26.000.avi",73903,"9:09:07",NA,NA,NA,50.82,1.71,4720.852,21.961,NA,NA,-1697.049,469.234,-4380.215,1,"KelliiWood",85,"N/A",2022,23,26,"Line",NA,NA,NA,NA,"rockfish","rosethorn",150,150,96,"","",NA,"",NA
"1093","SL_2022_CSEO_Dive_23_08-12-26.000.avi",75421,"9:09:58",NA,NA,473.643,16.293,0.549,5361.358,18.038,0.732,10.931,154.372,1652.933,-5097.856,1,"KelliiWood",85,"N/A",2022,23,26,"Line",NA,NA,NA,NA,"rockfish","yelloweye",145,145,97,"AD","Fish milling/hovering",NA,"",NA
"1094","SL_2022_CSEO_Dive_23_08-12-26.000.avi",75421,"9:09:58",NA,NA,NA,108.066,2.949,6935.199,22.04,NA,NA,717.79,2475.771,-6438.348,1,"KelliiWood",85,"N/A",2022,23,26,"Line",NA,NA,NA,NA,"rockfish","yelloweye",145,145,98,"AD","Fish milling/hovering",NA,"NO LENGTH - wrong angle",NA
"1095","SL_2022_CSEO_Dive_23_08-12-26.000.avi",77402,"9:11:04",NA,NA,NA,34.965,1.478,4220.397,5.679,NA,NA,378.901,-192.491,-4198.944,1,"KelliiWood",85,"N/A",2022,23,26,"Line",NA,NA,NA,NA,"rockfish","silvergray",157,157,99,"","",NA,"",NA
"1096","SL_2022_CSEO_Dive_23_08-12-26.000.avi",79712,"9:12:21",NA,NA,NA,38.035,1.03,4195.233,17.959,NA,NA,-193.276,1263.048,-3995.914,1,"KelliiWood",85,"N/A",2022,23,26,"Line",NA,NA,NA,NA,"rockfish","yelloweye",145,145,100,"AD","Fish milling/hovering",NA,"NO LENGTH - facing away",NA
"1097","SL_2022_CSEO_Dive_24_09-21-18.000.avi",558,"10:17:03",NA,NA,NA,30.028,0.973,3634.891,16.921,NA,NA,-922.609,503.798,-3479.57,1,"KelliiWood",120,"N/A",2022,24,24,"Line",NA,NA,NA,NA,"rockfish","rosethorn",150,150,1,"","",NA,"",NA
"1098","SL_2022_CSEO_Dive_24_09-21-18.000.avi",5979,"10:20:03",NA,NA,NA,69.64,0.441,5485.198,22.125,NA,NA,-1922.98,734.561,-5084.287,1,"KelliiWood",120,"N/A",2022,24,24,"Line",NA,NA,NA,NA,"rockfish","rosethorn",150,150,2,"","",NA,"",NA
"1099","SL_2022_CSEO_Dive_24_09-21-18.000.avi",8387,"10:21:24",NA,NA,NA,7.129,0.085,1736.999,20.425,NA,NA,-360.393,480.9,-1629.73,1,"KelliiWood",120,"N/A",2022,24,24,"Line",NA,NA,NA,NA,"rockfish","yellowtail",155,155,3,"","",NA,"",NA
"1100","SL_2022_CSEO_Dive_24_09-21-18.000.avi",9369,"10:21:56",NA,NA,NA,30.057,0.145,3711.432,26.341,NA,NA,1639.694,-166.099,-3325.439,1,"KelliiWood",120,"N/A",2022,24,24,"Line",NA,NA,NA,NA,"rockfish","rosethorn",150,150,4,"","",NA,"",NA
"1101","SL_2022_CSEO_Dive_24_09-21-18.000.avi",9693,"10:22:07",NA,NA,NA,28.861,0.664,3612.818,28.946,NA,NA,-1707.005,366.326,-3162.972,1,"KelliiWood",120,"N/A",2022,24,24,"Line",NA,NA,NA,NA,"rockfish","dusky",172,172,5,"","",NA,"",NA
"1102","SL_2022_CSEO_Dive_24_09-21-18.000.avi",9693,"10:22:07",NA,NA,NA,85.293,2.184,6137.85,28.011,NA,NA,2718.666,936.591,-5422.624,1,"KelliiWood",120,"N/A",2022,24,24,"Line",NA,NA,NA,NA,"rockfish","rosethorn",150,150,6,"","",NA,"",NA
"1103","SL_2022_CSEO_Dive_24_09-21-18.000.avi",10323,"10:22:28",NA,NA,NA,23.408,0.312,3276.173,28.58,NA,NA,-1550.425,217.627,-2877.869,1,"KelliiWood",120,"N/A",2022,24,24,"Line",NA,NA,NA,NA,"rockfish","yelloweye",145,145,7,"JV","Fish milling/hovering",NA,"NO LENGTH - facing ROV",NA
"1104","SL_2022_CSEO_Dive_24_09-21-18.000.avi",11277,"10:23:00",NA,NA,518.578,40.145,1.575,3684.908,29.375,7.279,15.189,1746.987,-463.812,-3211.146,1,"KelliiWood",120,"N/A",2022,24,24,"Line",NA,NA,NA,NA,"rockfish","yelloweye",145,145,8,"AD","Attracted",NA,"",NA
"1105","SL_2022_CSEO_Dive_24_09-21-18.000.avi",11438,"10:23:05",NA,NA,NA,25.375,0.811,3457.039,14.524,NA,NA,864.746,48.951,-3346.78,1,"KelliiWood",120,"N/A",2022,24,24,"Line",NA,NA,NA,NA,"rockfish","rosethorn",150,150,9,"","",NA,"",NA
"1106","SL_2022_CSEO_Dive_24_09-21-18.000.avi",11695,"10:23:14",NA,NA,NA,16.606,1.198,2730.556,31.834,NA,NA,1279.149,-671.223,-2317.147,1,"KelliiWood",120,"N/A",2022,24,24,"Line",NA,NA,NA,NA,"rockfish","rosethorn",150,150,10,"","",NA,"",NA
"1107","SL_2022_CSEO_Dive_24_09-21-18.000.avi",12256,"10:23:33",NA,NA,NA,7.553,1.764,1784.413,19.604,NA,NA,-474.631,-371.67,-1679.499,1,"KelliiWood",120,"N/A",2022,24,24,"Line",NA,NA,NA,NA,"rockfish","rosethorn",150,150,11,"","",NA,"",NA
"1108","SL_2022_CSEO_Dive_24_09-21-18.000.avi",13841,"10:24:25",NA,NA,NA,12.091,1.639,2413.006,8.047,NA,NA,-278.287,-201.012,-2388.461,1,"KelliiWood",120,"N/A",2022,24,24,"Line",NA,NA,NA,NA,"rockfish","yelloweye",145,145,12,"AD","Fish seeking cover",NA,"NO LENGTH - hiding in rock",NA
"1109","SL_2022_CSEO_Dive_24_09-21-18.000.avi",14552,"10:24:49",NA,NA,NA,46.805,0.324,4538.947,16.9,NA,NA,1098.774,713.125,-4345.824,1,"KelliiWood",120,"N/A",2022,24,24,"Line",NA,NA,NA,NA,"rockfish","rosethorn",150,150,13,"","",NA,"",NA
"1110","SL_2022_CSEO_Dive_24_09-21-18.000.avi",15112,"10:25:08",NA,NA,NA,8.232,0.491,1897.13,26.131,NA,NA,232.034,-809.5,-1699.992,1,"KelliiWood",120,"N/A",2022,24,24,"Line",NA,NA,NA,NA,"rockfish","rosethorn",150,150,14,"","",NA,"",NA
"1111","SL_2022_CSEO_Dive_24_09-21-18.000.avi",16964,"10:26:09",NA,NA,NA,22.345,0.38,3172.407,24.835,NA,NA,-1327.06,-131.253,-2878.515,1,"KelliiWood",120,"N/A",2022,24,24,"Line",NA,NA,NA,NA,"rockfish","rosethorn",150,150,15,"","",NA,"",NA
"1112","SL_2022_CSEO_Dive_24_09-21-18.000.avi",16964,"10:26:09",NA,NA,NA,58.431,1.422,5090.082,21.766,NA,NA,1826.405,457.225,-4729.072,1,"KelliiWood",120,"N/A",2022,24,24,"Line",NA,NA,NA,NA,"rockfish","yelloweye",145,145,16,"AD","Feeding",NA,"NO LENGTH - partial view only",NA
"1113","SL_2022_CSEO_Dive_24_09-21-18.000.avi",18952,"10:27:16",NA,NA,NA,76.76,1.49,5764.334,19.016,NA,NA,1568.989,1010.536,-5453.864,1,"KelliiWood",120,"N/A",2022,24,24,"Line",NA,NA,NA,NA,"rockfish","yelloweye",145,145,17,"AD","Feeding",NA,"NO LENGTH - partial view only",NA
"1114","SL_2022_CSEO_Dive_24_09-21-18.000.avi",19544,"10:27:35",NA,NA,NA,45.437,0.658,4714.314,9.321,NA,NA,-302.238,682.595,-4654.833,1,"KelliiWood",120,"N/A",2022,24,24,"Line",NA,NA,NA,NA,"rockfish","rosethorn",150,150,18,"","",NA,"",NA
"1115","SL_2022_CSEO_Dive_24_09-21-18.000.avi",20756,"10:28:16",NA,NA,NA,30.773,0.246,3764.481,28.228,NA,NA,-1767.27,203.538,-3317.626,1,"KelliiWood",120,"N/A",2022,24,24,"Line",NA,NA,NA,NA,"rockfish","rosethorn",150,150,19,"","",NA,"",NA
"1116","SL_2022_CSEO_Dive_24_09-21-18.000.avi",21042,"10:28:25",NA,NA,NA,43.479,1.085,4495.366,31.377,NA,NA,-2275.363,533.293,-3840.135,1,"KelliiWood",120,"N/A",2022,24,24,"Line",NA,NA,NA,NA,"rockfish","rosethorn",150,150,20,"","",NA,"",NA
"1117","SL_2022_CSEO_Dive_24_09-21-18.000.avi",21555,"10:28:42",NA,NA,NA,14.313,0.417,2612.368,11.923,NA,NA,-45.018,-548.047,-2553.837,1,"KelliiWood",120,"N/A",2022,24,24,"Line",NA,NA,NA,NA,"rockfish","rosethorn",150,150,21,"","",NA,"",NA
"1118","SL_2022_CSEO_Dive_24_09-21-18.000.avi",22238,"10:29:05",NA,NA,NA,21.702,0.751,3222.489,31.397,NA,NA,-1665.135,202.855,-2751.475,1,"KelliiWood",120,"N/A",2022,24,24,"Line",NA,NA,NA,NA,"rockfish","rosethorn",150,150,22,"","",NA,"",NA
"1119","SL_2022_CSEO_Dive_24_09-21-18.000.avi",23099,"10:29:34",NA,NA,NA,19.506,1.831,3075.773,10.631,NA,NA,564.728,43.214,-3023.176,1,"KelliiWood",120,"N/A",2022,24,24,"Line",NA,NA,NA,NA,"rockfish","rosethorn",150,150,23,"","",NA,"",NA
"1120","SL_2022_CSEO_Dive_24_09-21-18.000.avi",24690,"10:30:27",NA,NA,NA,8.654,0.059,2050.877,8.264,NA,NA,-27.203,-301.661,-2028.388,1,"KelliiWood",120,"N/A",2022,24,24,"Line",NA,NA,NA,NA,"rockfish","rosethorn",150,150,24,"","",NA,"",NA
"1121","SL_2022_CSEO_Dive_24_09-21-18.000.avi",25622,"10:30:58",NA,NA,NA,18.457,0.135,2874.995,17.553,NA,NA,830.067,239.649,-2742.107,1,"KelliiWood",120,"N/A",2022,24,24,"Line",NA,NA,NA,NA,"rockfish","rosethorn",150,150,25,"","",NA,"",NA
"1122","SL_2022_CSEO_Dive_24_09-21-18.000.avi",27046,"10:31:46",NA,NA,NA,30.276,1.114,3647.329,17.268,NA,NA,-956.58,493.12,-3484.939,1,"KelliiWood",120,"N/A",2022,24,24,"Line",NA,NA,NA,NA,"rockfish","rosethorn",150,150,26,"","",NA,"",NA
"1123","SL_2022_CSEO_Dive_24_09-21-18.000.avi",28251,"10:32:26",NA,NA,NA,9.464,1.275,2024.169,18.468,NA,NA,-303.149,-572.718,-1917.643,1,"KelliiWood",120,"N/A",2022,24,24,"Line",NA,NA,NA,NA,"rockfish","rosethorn",150,150,27,"","",NA,"",NA
"1124","SL_2022_CSEO_Dive_24_09-21-18.000.avi",28790,"10:32:44",NA,NA,NA,44.569,2.133,4486.671,14.703,NA,NA,984.411,555.14,-4342.001,1,"KelliiWood",120,"N/A",2022,24,24,"Line",NA,NA,NA,NA,"rockfish","rosethorn",150,150,28,"","",NA,"",NA
"1125","SL_2022_CSEO_Dive_24_09-21-18.000.avi",30460,"10:33:39",NA,NA,NA,10.951,4.324,2213.549,14.676,NA,NA,269.942,-500.15,-2139.341,1,"KelliiWood",120,"N/A",2022,24,24,"Line",NA,NA,NA,NA,"rockfish","rosethorn",150,150,29,"","",NA,"",NA
"1126","SL_2022_CSEO_Dive_24_09-21-18.000.avi",30940,"10:33:55",NA,NA,NA,35.661,0.583,4065.61,18.286,NA,NA,165.838,1249.321,-3865.344,1,"KelliiWood",120,"N/A",2022,24,24,"Line",NA,NA,NA,NA,"rockfish","dusky",172,172,30,"","",NA,"",NA
"1127","SL_2022_CSEO_Dive_24_09-21-18.000.avi",31638,"10:34:19",NA,NA,NA,75.463,0.893,5729.435,24.83,NA,NA,-830.797,2237.108,-5208.795,1,"KelliiWood",120,"N/A",2022,24,24,"Line",NA,NA,NA,NA,"rockfish","dusky",172,172,31,"","",NA,"",NA
"1128","SL_2022_CSEO_Dive_24_09-21-18.000.avi",32888,"10:35:00",NA,NA,NA,13.061,0.775,2363.405,18.705,NA,NA,514.23,-565.765,-2236.327,1,"KelliiWood",120,"N/A",2022,24,24,"Line",NA,NA,NA,NA,"rockfish","rosethorn",150,150,32,"","",NA,"",NA
"1129","SL_2022_CSEO_Dive_24_09-21-18.000.avi",33647,"10:35:26",NA,NA,NA,37.311,4.187,4355.977,7.96,NA,NA,35.756,584.913,-4316.38,1,"KelliiWood",120,"N/A",2022,24,24,"Line",NA,NA,NA,NA,"rockfish","rosethorn",150,150,33,"","",NA,"",NA
"1130","SL_2022_CSEO_Dive_24_09-21-18.000.avi",34916,"10:36:08",NA,NA,NA,16.213,0.75,2784.714,8.998,NA,NA,-237.508,-376.074,-2748.962,1,"KelliiWood",120,"N/A",2022,24,24,"Line",NA,NA,NA,NA,"rockfish","rosethorn",150,150,34,"","",NA,"",NA
"1131","SL_2022_CSEO_Dive_24_09-21-18.000.avi",36251,"10:36:52",NA,NA,NA,37.975,0.646,4286.198,11.62,NA,NA,862.475,-54.626,-4198.172,1,"KelliiWood",120,"N/A",2022,24,24,"Line",NA,NA,NA,NA,"skate","longnose skate",701,701,35,"","",NA,"",NA
"1132","SL_2022_CSEO_Dive_24_09-21-18.000.avi",36975,"10:37:17",NA,NA,NA,63.518,0.031,5273.717,18.409,NA,NA,1475.351,752.54,-5006.907,1,"KelliiWood",120,"N/A",2022,24,24,"Line",NA,NA,NA,NA,"rockfish","rosethorn",150,150,36,"","",NA,"",NA
"1133","SL_2022_CSEO_Dive_24_09-21-18.000.avi",37607,"10:37:38",NA,NA,NA,26.719,1.6,3536.921,11.138,NA,NA,-456.911,494.126,-3472.303,1,"KelliiWood",120,"N/A",2022,24,24,"Line",NA,NA,NA,NA,"rockfish","rosethorn",150,150,37,"","",NA,"",NA
"1134","SL_2022_CSEO_Dive_24_09-21-18.000.avi",39014,"10:38:24",NA,NA,NA,43.752,1.781,4750.655,5.453,NA,NA,436.842,-132.686,-4728.667,1,"KelliiWood",120,"N/A",2022,24,24,"Line",NA,NA,NA,NA,"rockfish","dusky",172,172,38,"","",NA,"",NA
"1135","SL_2022_CSEO_Dive_24_09-21-18.000.avi",39014,"10:38:24",NA,NA,NA,34.342,1.047,4065.678,10.805,NA,NA,187.638,-754.709,-3990.607,1,"KelliiWood",120,"N/A",2022,24,24,"Line",NA,NA,NA,NA,"rockfish","dusky",172,172,39,"","",NA,"",NA
"1136","SL_2022_CSEO_Dive_24_09-21-18.000.avi",39177,"10:38:30",NA,NA,888.42,184.792,0.941,6973.018,17.979,33.293,6.729,1082.605,1860.316,-6632.509,1,"KelliiWood",120,"N/A",2022,24,24,"Line",NA,NA,NA,NA,"rockfish","yelloweye",145,145,40,"AD","Fish resting on bottom",NA,"VERY GRAVID FEMALE",NA
"1137","SL_2022_CSEO_Dive_24_09-21-18.000.avi",39311,"10:38:34",NA,NA,NA,38.736,0.141,4096.529,30.036,NA,NA,1743.453,1065.081,-3550.708,1,"KelliiWood",120,"N/A",2022,24,24,"Line",NA,NA,NA,NA,"rockfish","dusky",172,172,41,"","",NA,"",NA
"1138","SL_2022_CSEO_Dive_24_09-21-18.000.avi",42765,"10:40:29",NA,NA,NA,14.02,0.561,2630.508,6.551,NA,NA,-235.432,-196.586,-2612.566,1,"KelliiWood",120,"N/A",2022,24,24,"Line",NA,NA,NA,NA,"rockfish","rosethorn",150,150,42,"","",NA,"",NA
"1139","SL_2022_CSEO_Dive_24_09-21-18.000.avi",44027,"10:41:12",NA,NA,NA,27.215,0.417,3501.33,21.816,NA,NA,1285.38,189.228,-3251.354,1,"KelliiWood",120,"N/A",2022,24,24,"Line",NA,NA,NA,NA,"rockfish","rosethorn",150,150,43,"","",NA,"",NA
"1140","SL_2022_CSEO_Dive_24_09-21-18.000.avi",45183,"10:41:50",NA,NA,NA,58.093,0.265,5109.146,16.374,NA,NA,632.725,1274.259,-4907.066,1,"KelliiWood",120,"N/A",2022,24,24,"Line",NA,NA,NA,NA,"rockfish","rosethorn",150,150,44,"","",NA,"",NA
"1141","SL_2022_CSEO_Dive_24_09-21-18.000.avi",45865,"10:42:13",NA,NA,NA,25.829,0.298,3464.463,29.999,NA,NA,1702.189,-332.907,-2999.038,1,"KelliiWood",120,"N/A",2022,24,24,"Line",NA,NA,NA,NA,"rockfish","rosethorn",150,150,45,"","",NA,"",NA
"1142","SL_2022_CSEO_Dive_24_09-21-18.000.avi",46928,"10:42:48",NA,NA,730.986,28.651,2.46,3418.676,17.521,19.156,18.32,-453.678,923.802,-3260.078,1,"KelliiWood",120,"N/A",2022,24,24,"Line",NA,NA,NA,NA,"rockfish","yelloweye",145,145,46,"AD","Attracted",NA,"",NA
"1143","SL_2022_CSEO_Dive_24_09-21-18.000.avi",47140,"10:42:55",NA,NA,NA,8.539,0.329,2021.447,9.593,NA,NA,-56.878,-340.015,-1991.834,1,"KelliiWood",120,"N/A",2022,24,24,"Line",NA,NA,NA,NA,"rockfish","rosethorn",150,150,47,"","",NA,"",NA
"1144","SL_2022_CSEO_Dive_24_09-21-18.000.avi",47218,"10:42:58",NA,NA,679.761,181.151,2.295,6798.439,10.979,33.869,14.231,-838.939,986.119,-6674.018,1,"KelliiWood",120,"N/A",2022,24,24,"Line",NA,NA,NA,NA,"rockfish","yelloweye",145,145,48,"AD","Fish milling/hovering",NA,"",NA
"1145","SL_2022_CSEO_Dive_24_09-21-18.000.avi",48827,"10:43:52",NA,NA,NA,8.971,0.512,2054.348,9.714,NA,NA,-315.807,-151.024,-2024.303,1,"KelliiWood",120,"N/A",2022,24,24,"Line",NA,NA,NA,NA,"rockfish","rosethorn",150,150,49,"","",NA,"",NA
"1146","SL_2022_CSEO_Dive_24_09-21-18.000.avi",49355,"10:44:09",NA,NA,NA,8.53,0.423,1885.537,24.212,NA,NA,554.233,-546.116,-1717.508,1,"KelliiWood",120,"N/A",2022,24,24,"Line",NA,NA,NA,NA,"rockfish","rosethorn",150,150,50,"","",NA,"",NA
"1147","SL_2022_CSEO_Dive_24_09-21-18.000.avi",51277,"10:45:13",NA,NA,571.942,37.163,0.423,5876.535,13.702,3.687,15.181,-717.18,1193.003,-5709.296,1,"KelliiWood",120,"N/A",2022,24,24,"Line",NA,NA,NA,NA,"rockfish","yelloweye",145,145,53,"AD","Fish milling/hovering",NA,"",NA
"1148","SL_2022_CSEO_Dive_24_09-21-18.000.avi",51277,"10:45:13",NA,NA,NA,21.01,0.14,3301.122,5.235,NA,NA,-63.632,281.249,-3288.504,1,"KelliiWood",120,"N/A",2022,24,24,"Line",NA,NA,NA,NA,"rockfish","dusky",172,172,51,"","",NA,"",NA
"1149","SL_2022_CSEO_Dive_24_09-21-18.000.avi",51277,"10:45:13",NA,NA,NA,62.114,1.38,5171.003,24.663,NA,NA,-2013.03,758.122,-4702.365,1,"KelliiWood",120,"N/A",2022,24,24,"Line",NA,NA,NA,NA,"rockfish","dusky",172,172,52,"","",NA,"",NA
"1150","SL_2022_CSEO_Dive_24_09-21-18.000.avi",52163,"10:45:43",NA,NA,516.162,57.579,1.767,4540.867,24.585,15.582,3.006,-1527.668,1111.456,-4129.209,1,"KelliiWood",120,"N/A",2022,24,24,"Line",NA,NA,NA,NA,"rockfish","yelloweye",145,145,54,"AD","Fish milling/hovering",NA,"",NA
"1151","SL_2022_CSEO_Dive_24_09-21-18.000.avi",52198,"10:45:44",NA,NA,NA,81.233,1.012,5904.679,19.287,NA,NA,-1559.839,1148.415,-5577.928,1,"KelliiWood",120,"N/A",2022,24,24,"Line",NA,NA,NA,NA,"rockfish","yelloweye",145,145,55,"AD","Feeding",NA,"NO LENGTH - wrong angle",NA
"1152","SL_2022_CSEO_Dive_24_09-21-18.000.avi",52198,"10:45:44",NA,NA,NA,37.049,0.193,4192.749,10.656,NA,NA,445.761,617.871,-4122.945,1,"KelliiWood",120,"N/A",2022,24,24,"Line",NA,NA,NA,NA,"rockfish","yelloweye",145,145,56,"AD","Fish milling/hovering",NA,"NO LENGTH - facing ROV",NA
"1153","SL_2022_CSEO_Dive_24_09-21-18.000.avi",53410,"10:46:24",NA,NA,NA,45.235,3.419,4450.507,26.773,NA,NA,1888.469,656.915,-3976.073,1,"KelliiWood",120,"N/A",2022,24,24,"Line",NA,NA,NA,NA,"rockfish","rosethorn",150,150,57,"","",NA,"",NA
"1154","SL_2022_CSEO_Dive_24_09-21-18.000.avi",53933,"10:46:42",NA,NA,NA,8.554,0.063,1991.982,13.46,NA,NA,-67.851,-466.428,-1935.415,1,"KelliiWood",120,"N/A",2022,24,24,"Line",NA,NA,NA,NA,"rockfish","rosethorn",150,150,58,"","",NA,"",NA
"1155","SL_2022_CSEO_Dive_24_09-21-18.000.avi",54111,"10:46:48",NA,NA,NA,21.002,0.769,3099.522,14.03,NA,NA,691.256,282.621,-3008.211,1,"KelliiWood",120,"N/A",2022,24,24,"Line",NA,NA,NA,NA,"rockfish","rosethorn",150,150,59,"","",NA,"",NA
"1156","SL_2022_CSEO_Dive_24_09-21-18.000.avi",55909,"10:47:48",NA,NA,NA,15.279,0.157,2844.688,2.236,NA,NA,105.243,-46.625,-2842.358,1,"KelliiWood",120,"N/A",2022,24,24,"Line",NA,NA,NA,NA,"rockfish","rosethorn",150,150,60,"","",NA,"",NA
"1157","SL_2022_CSEO_Dive_24_09-21-18.000.avi",56226,"10:47:58",NA,NA,NA,34.427,0.15,3930.901,26.04,NA,NA,-1700.996,276.523,-3533.005,1,"KelliiWood",120,"N/A",2022,24,24,"Line",NA,NA,NA,NA,"rockfish","rosethorn",150,150,61,"","",NA,"",NA
"1158","SL_2022_CSEO_Dive_24_09-21-18.000.avi",56926,"10:48:22",NA,NA,NA,49.663,0.743,4915.967,10.067,NA,NA,-291.641,788.922,-4843.478,1,"KelliiWood",120,"N/A",2022,24,24,"Line",NA,NA,NA,NA,"rockfish","rosethorn",150,150,62,"","",NA,"",NA
"1159","SL_2022_CSEO_Dive_24_09-21-18.000.avi",57596,"10:48:44",NA,NA,NA,117.425,2.702,7234.767,31.34,NA,NA,-3446.593,1485.486,-6185.158,1,"KelliiWood",120,"N/A",2022,24,24,"Line",NA,NA,NA,NA,"rockfish","yelloweye",145,145,63,"AD","Fish milling/hovering",NA,"NO LENGTH - too far away",NA
"1160","SL_2022_CSEO_Dive_24_09-21-18.000.avi",58810,"10:49:24",NA,NA,NA,103.016,0.151,6575.562,27.732,NA,NA,-1837.109,2423.711,-5829.981,1,"KelliiWood",120,"N/A",2022,24,24,"Line",NA,NA,NA,NA,"rockfish","yelloweye",145,145,64,"AD","Fish actively swimming in frame",NA,"NO LENGTH - too far away",NA
"1161","SL_2022_CSEO_Dive_24_09-21-18.000.avi",58810,"10:49:24",NA,NA,NA,13.645,0.03,2395.556,20.796,NA,NA,-595.081,-616.61,-2237.043,1,"KelliiWood",120,"N/A",2022,24,24,"Line",NA,NA,NA,NA,"rockfish","rosethorn",150,150,65,"","",NA,"",NA
"1162","SL_2022_CSEO_Dive_24_09-21-18.000.avi",59540,"10:49:49",NA,NA,NA,16.481,0.549,2753.7,14.838,NA,NA,-171.22,-694.719,-2659.118,1,"KelliiWood",120,"N/A",2022,24,24,"Line",NA,NA,NA,NA,"rockfish","tiger",148,148,66,"","",NA,"",NA
"1163","SL_2022_CSEO_Dive_24_09-21-18.000.avi",59597,"10:49:51",NA,NA,NA,100.668,0.623,6567.466,20.439,NA,NA,-1975.868,1139.647,-6158.633,1,"KelliiWood",120,"N/A",2022,24,24,"Line",NA,NA,NA,NA,"rockfish","canary",146,146,67,"","",NA,"",NA
"1164","SL_2022_CSEO_Dive_24_09-21-18.000.avi",59597,"10:49:51",NA,NA,NA,125.704,1.469,7453.192,18.412,NA,NA,2166.266,893.054,-7075.296,1,"KelliiWood",120,"N/A",2022,24,24,"Line",NA,NA,NA,NA,"rockfish","canary",146,146,68,"","",NA,"",NA
"1165","SL_2022_CSEO_Dive_24_09-21-18.000.avi",59597,"10:49:51",NA,NA,NA,173.647,3.402,8656.445,19.148,NA,NA,2247.467,1702.456,-8184.41,1,"KelliiWood",120,"N/A",2022,24,24,"Line",NA,NA,NA,NA,"rockfish","canary",146,146,69,"","",NA,"",NA
"1166","SL_2022_CSEO_Dive_24_09-21-18.000.avi",60076,"10:50:07",NA,NA,NA,6.127,1.306,1651.641,15.675,NA,NA,-147.226,-427.621,-1588.516,1,"KelliiWood",120,"N/A",2022,24,24,"Line",NA,NA,NA,NA,"rockfish","dusky",172,172,70,"","",NA,"",NA
"1167","SL_2022_CSEO_Dive_24_09-21-18.000.avi",60371,"10:50:16",NA,NA,NA,48.885,0.306,4611.493,21.172,NA,NA,707.164,1490.707,-4306.225,1,"KelliiWood",120,"N/A",2022,24,24,"Line",NA,NA,NA,NA,"rockfish","dusky",172,172,71,"","",NA,"",NA
"1168","SL_2022_CSEO_Dive_24_09-21-18.000.avi",60614,"10:50:24",NA,NA,NA,20.497,0.526,3030.752,23.677,NA,NA,-1211.221,-130.625,-2775.128,1,"KelliiWood",120,"N/A",2022,24,24,"Line",NA,NA,NA,NA,"rockfish","dusky",172,172,72,"","",NA,"",NA
"1169","SL_2022_CSEO_Dive_24_09-21-18.000.avi",60989,"10:50:37",NA,NA,500.767,102.851,1.626,5899.268,18.323,22.135,23.475,1745.855,625.652,-5600.17,1,"KelliiWood",120,"N/A",2022,24,24,"Line",NA,NA,NA,NA,"rockfish","yelloweye",145,145,73,"AD","Fish milling/hovering",NA,"",NA
"1170","SL_2022_CSEO_Dive_24_09-21-18.000.avi",61036,"10:50:39",NA,NA,NA,25.438,1.237,3443.193,11.45,NA,NA,-339.037,-606.982,-3372.27,1,"KelliiWood",120,"N/A",2022,24,24,"Line",NA,NA,NA,NA,"rockfish","rosethorn",150,150,74,"","",NA,"",NA
"1171","SL_2022_CSEO_Dive_24_09-21-18.000.avi",61135,"10:50:42",NA,NA,NA,29.712,0.257,3953.856,3.946,NA,NA,-1.187,-287.902,-3943.36,1,"KelliiWood",120,"N/A",2022,24,24,"Line",NA,NA,NA,NA,"rockfish","rosethorn",150,150,75,"","",NA,"",NA
"1172","SL_2022_CSEO_Dive_24_09-21-18.000.avi",61377,"10:50:50",NA,NA,NA,41.504,0.817,4485.41,13.107,NA,NA,-51.598,998.335,-4372.593,1,"KelliiWood",120,"N/A",2022,24,24,"Line",NA,NA,NA,NA,"rockfish","rosethorn",150,150,76,"","",NA,"",NA
"1173","SL_2022_CSEO_Dive_24_09-21-18.000.avi",61636,"10:50:59",NA,NA,NA,6.958,0.28,1736.022,15.885,NA,NA,-345.145,-333.258,-1668.408,1,"KelliiWood",120,"N/A",2022,24,24,"Line",NA,NA,NA,NA,"rockfish","rosethorn",150,150,77,"","",NA,"",NA
"1174","SL_2022_CSEO_Dive_24_09-21-18.000.avi",63263,"10:51:53",NA,NA,NA,8.452,0.236,1893.626,19.772,NA,NA,-557.343,-322.908,-1780.708,1,"KelliiWood",120,"N/A",2022,24,24,"Line",NA,NA,NA,NA,"rockfish","rosethorn",150,150,78,"","",NA,"",NA
"1175","SL_2022_CSEO_Dive_24_09-21-18.000.avi",63958,"10:52:16",NA,NA,NA,6.587,0.387,1735.964,11.037,NA,NA,-198.74,-273.187,-1702.775,1,"KelliiWood",120,"N/A",2022,24,24,"Line",NA,NA,NA,NA,"rockfish","rosethorn",150,150,79,"","",NA,"",NA
"1176","SL_2022_CSEO_Dive_24_09-21-18.000.avi",64241,"10:52:25",NA,NA,NA,39.78,0.438,4088.995,25.078,NA,NA,-986.999,1409.753,-3709.22,1,"KelliiWood",120,"N/A",2022,24,24,"Line",NA,NA,NA,NA,"rockfish","canary",146,146,80,"","",NA,"",NA
"1177","SL_2022_CSEO_Dive_24_09-21-18.000.avi",64242,"10:52:25",NA,NA,NA,27.647,0.444,3412.054,22.748,NA,NA,986.449,863.584,-3150.12,1,"KelliiWood",120,"N/A",2022,24,24,"Line",NA,NA,NA,NA,"rockfish","dusky",172,172,81,"","",NA,"",NA
"1178","SL_2022_CSEO_Dive_24_09-21-18.000.avi",64522,"10:52:35",NA,NA,NA,23.297,0.787,3295.692,11.457,NA,NA,-536.283,362.485,-3231.5,1,"KelliiWood",120,"N/A",2022,24,24,"Line",NA,NA,NA,NA,"skate","longnose skate",701,701,82,"","",NA,"",NA
"1179","SL_2022_CSEO_Dive_24_09-21-18.000.avi",64968,"10:52:50",NA,NA,NA,44.3,0.092,4414.511,16.81,NA,NA,807.606,971.826,-4229.803,1,"KelliiWood",120,"N/A",2022,24,24,"Line",NA,NA,NA,NA,"rockfish","dusky",172,172,83,"","",NA,"",NA
"1180","SL_2022_CSEO_Dive_24_09-21-18.000.avi",65635,"10:53:12",NA,NA,NA,12.627,2.529,2468.474,8.907,NA,NA,-344.128,156.532,-2439.352,1,"KelliiWood",120,"N/A",2022,24,24,"Line",NA,NA,NA,NA,"rockfish","rosethorn",150,150,84,"","",NA,"",NA
"1181","SL_2022_CSEO_Dive_24_09-21-18.000.avi",65635,"10:53:12",NA,NA,NA,13.402,2.35,2493.304,11.318,NA,NA,-359.727,321.943,-2446.123,1,"KelliiWood",120,"N/A",2022,24,24,"Line",NA,NA,NA,NA,"rockfish","rosethorn",150,150,85,"","",NA,"",NA
"1182","SL_2022_CSEO_Dive_24_09-21-18.000.avi",68011,"10:54:31",NA,NA,NA,34.32,0.66,3975.724,20.309,NA,NA,-155.851,1356.157,-3734.024,1,"KelliiWood",120,"N/A",2022,24,24,"Line",NA,NA,NA,NA,"rockfish","rosethorn",150,150,86,"","",NA,"",NA
"1183","SL_2022_CSEO_Dive_24_09-21-18.000.avi",70876,"10:56:07",NA,NA,NA,23.011,1.343,3441.178,5.471,NA,NA,-136.274,284.736,-3426.669,1,"KelliiWood",120,"N/A",2022,24,24,"Line",NA,NA,NA,NA,"rockfish","rosethorn",150,150,87,"","",NA,"",NA
"1184","SL_2022_CSEO_Dive_24_09-21-18.000.avi",74491,"10:58:07",NA,NA,NA,41.266,2.507,4331.652,17.09,NA,NA,-1257.67,-213.097,-4139.573,1,"KelliiWood",120,"N/A",2022,24,24,"Line",NA,NA,NA,NA,"rockfish","rosethorn",150,150,88,"","",NA,"",NA
"1185","SL_2022_CSEO_Dive_24_09-21-18.000.avi",75520,"10:58:41",NA,NA,NA,31.439,0.885,3785.205,18.168,NA,NA,-1168.357,152.634,-3597.14,1,"KelliiWood",120,"N/A",2022,24,24,"Line",NA,NA,NA,NA,"rockfish","dusky",172,172,89,"","",NA,"",NA
"1186","SL_2022_CSEO_Dive_24_09-21-18.000.avi",76069,"10:59:00",NA,NA,NA,16.796,0.961,2992.458,2.202,NA,NA,113.661,5.465,-2990.293,1,"KelliiWood",120,"N/A",2022,24,24,"Line",NA,NA,NA,NA,"rockfish","rosethorn",150,150,90,"","",NA,"",NA
"1187","SL_2022_CSEO_Dive_24_09-21-18.000.avi",76069,"10:59:00",NA,NA,NA,36.223,0.534,3897.551,25.803,NA,NA,1282.038,1097.068,-3513.364,1,"KelliiWood",120,"N/A",2022,24,24,"Line",NA,NA,NA,NA,"rockfish","dusky",172,172,91,"","",NA,"",NA
"1188","SL_2022_CSEO_Dive_24_09-21-18.000.avi",76652,"10:59:19",NA,NA,NA,10.348,0.441,2155.465,19.333,NA,NA,-132.137,-709.371,-2031.099,1,"KelliiWood",120,"N/A",2022,24,24,"Line",NA,NA,NA,NA,"rockfish","rosethorn",150,150,92,"","",NA,"",NA
"1189","SL_2022_CSEO_Dive_24_09-21-18.000.avi",77265,"10:59:39",NA,NA,NA,43.447,0.93,4348.456,26.28,NA,NA,1799.273,669.549,-3901.717,1,"KelliiWood",120,"N/A",2022,24,24,"Line",NA,NA,NA,NA,"rockfish","rosethorn",150,150,93,"","",NA,"",NA
"1190","SL_2022_CSEO_Dive_24_09-21-18.000.avi",79780,"11:01:03",NA,NA,NA,14.698,0.623,2688.535,8.291,NA,NA,64.146,-392.974,-2658.887,1,"KelliiWood",120,"N/A",2022,24,24,"Line",NA,NA,NA,NA,"rockfish","rosethorn",150,150,94,"","",NA,"",NA
"1191","SL_2022_CSEO_Dive_24_09-21-18.000.avi",81898,"11:02:14",NA,NA,NA,41.218,3.247,4296.009,26.675,NA,NA,-1892.334,356.99,-3840.224,1,"KelliiWood",120,"N/A",2022,24,24,"Line",NA,NA,NA,NA,"rockfish","rosethorn",150,150,95,"","",NA,"",NA
"1192","SL_2022_CSEO_Dive_24_09-21-18.000.avi",82120,"11:02:21",NA,NA,NA,33.9,0.279,3985.382,34.761,NA,NA,-2020.514,1026.479,-3278.282,1,"KelliiWood",120,"N/A",2022,24,24,"Line",NA,NA,NA,NA,"rockfish","dusky",172,172,96,"","",NA,"",NA
"1193","SL_2022_CSEO_Dive_25_11-15-17.000.avi",557,"11:49:15",NA,NA,NA,25.538,4.685,3513.533,12.435,NA,NA,-61.742,740.333,-3434.095,1,"KelliiWood",130,"N/A",2022,25,25,"Line",NA,NA,NA,NA,"rockfish","rosethorn",150,150,1,"","",NA,"",NA
"1194","SL_2022_CSEO_Dive_25_11-15-17.000.avi",963,"11:49:28",NA,NA,NA,39.214,1.082,4341.578,14.287,NA,NA,-38.252,1053.872,-4211.555,1,"KelliiWood",130,"N/A",2022,25,25,"Line",NA,NA,NA,NA,"rockfish","rosethorn",150,150,2,"","",NA,"",NA
"1195","SL_2022_CSEO_Dive_25_11-15-17.000.avi",1273,"11:49:38",NA,NA,NA,31.622,0.487,3852.414,31.836,NA,NA,1954.169,544.352,-3275.057,1,"KelliiWood",130,"N/A",2022,25,25,"Line",NA,NA,NA,NA,"rockfish","rosethorn",150,150,3,"","",NA,"",NA
"1196","SL_2022_CSEO_Dive_25_11-15-17.000.avi",2377,"11:50:15",NA,NA,NA,7.114,0.038,1854.618,8.067,NA,NA,32.796,-265.524,-1835.219,1,"KelliiWood",130,"N/A",2022,25,25,"Line",NA,NA,NA,NA,"rockfish","rosethorn",150,150,4,"","",NA,"",NA
"1197","SL_2022_CSEO_Dive_25_11-15-17.000.avi",4805,"11:51:36",NA,NA,780.608,206.621,2.808,7028.477,20.091,38.027,12.135,-1576.418,1828.697,-6600.777,1,"KelliiWood",130,"N/A",2022,25,25,"Line",NA,NA,NA,NA,"rockfish","yelloweye",145,145,5,"AD","Fish milling/hovering",NA,"",NA
"1198","SL_2022_CSEO_Dive_25_11-15-17.000.avi",5735,"11:52:07",NA,NA,NA,12.289,6.217,2285.459,23.691,NA,NA,-849.426,-357.307,-2091.442,1,"KelliiWood",130,"N/A",2022,25,25,"Line",NA,NA,NA,NA,"cod","Pacific cod",110,110,6,"","",NA,"",NA
"1199","SL_2022_CSEO_Dive_25_11-15-17.000.avi",7194,"11:52:56",NA,NA,NA,10.077,1.43,2079.497,29.193,NA,NA,862.88,525.813,-1817.489,1,"KelliiWood",130,"N/A",2022,25,25,"Line",NA,NA,NA,NA,"rockfish","dusky",172,172,7,"","",NA,"",NA
"1200","SL_2022_CSEO_Dive_25_11-15-17.000.avi",7194,"11:52:56",NA,NA,NA,10.913,1.913,2256.905,11.143,NA,NA,179.178,-406.533,-2212.746,1,"KelliiWood",130,"N/A",2022,25,25,"Line",NA,NA,NA,NA,"rockfish","rosethorn",150,150,8,"","",NA,"",NA
"1201","SL_2022_CSEO_Dive_25_11-15-17.000.avi",7470,"11:53:05",NA,NA,NA,15.273,0.409,2688.255,9.491,NA,NA,300.975,-336.012,-2650.137,1,"KelliiWood",130,"N/A",2022,25,25,"Line",NA,NA,NA,NA,"rockfish","rosethorn",150,150,9,"","",NA,"",NA
"1202","SL_2022_CSEO_Dive_25_11-15-17.000.avi",9147,"11:54:01",NA,NA,NA,13.643,0.645,2430.104,25.824,NA,NA,-1013.676,-313.789,-2186.184,1,"KelliiWood",130,"N/A",2022,25,25,"Line",NA,NA,NA,NA,"rockfish","rosethorn",150,150,10,"","",NA,"",NA
"1203","SL_2022_CSEO_Dive_25_11-15-17.000.avi",12329,"11:55:47",NA,NA,636.134,84.483,1.771,5758.404,18.199,26.557,46.234,1368.622,1166.686,-5470.369,1,"KelliiWood",130,"N/A",2022,25,25,"Line",NA,NA,NA,NA,"rockfish","yelloweye",145,145,12,"AD","Fish milling/hovering",NA,"",NA
"1204","SL_2022_CSEO_Dive_25_11-15-17.000.avi",12329,"11:55:47",NA,NA,NA,59.203,1.813,5201.603,25.873,NA,NA,2249.239,286.369,-4681.409,1,"KelliiWood",130,"N/A",2022,25,25,"Line",NA,NA,NA,NA,"rockfish","dusky",172,172,11,"","",NA,"",NA
"1205","SL_2022_CSEO_Dive_25_11-15-17.000.avi",12467,"11:55:52",NA,NA,537.483,63.8,1.543,4281.698,19.194,45.903,47.587,1216.794,707.793,-4043.684,1,"KelliiWood",130,"N/A",2022,25,25,"Line",NA,NA,NA,NA,"rockfish","yelloweye",145,145,13,"AD","Fish milling/hovering",NA,"",NA
"1206","SL_2022_CSEO_Dive_25_11-15-17.000.avi",14311,"11:56:53",NA,NA,NA,8.781,0.385,1953.326,32.245,NA,NA,-809.964,-662.441,-1649.427,1,"KelliiWood",130,"N/A",2022,25,25,"Line",NA,NA,NA,NA,"rockfish","rosethorn",150,150,14,"","",NA,"",NA
"1207","SL_2022_CSEO_Dive_25_11-15-17.000.avi",15036,"11:57:17",NA,NA,NA,24.104,3.421,3303.62,23.079,NA,NA,-1290.642,94.245,-3039.616,1,"KelliiWood",130,"N/A",2022,25,25,"Line",NA,NA,NA,NA,"rockfish","rosethorn",150,150,15,"","",NA,"",NA
"1208","SL_2022_CSEO_Dive_25_11-15-17.000.avi",16614,"11:58:10",NA,NA,NA,49.71,0.625,4704.329,17.32,NA,NA,-1309.027,479.943,-4492.974,1,"KelliiWood",130,"N/A",2022,25,25,"Line",NA,NA,NA,NA,"rockfish","rosethorn",150,150,16,"","",NA,"",NA
"1209","SL_2022_CSEO_Dive_25_11-15-17.000.avi",18685,"11:59:19",NA,NA,NA,26.333,0.685,3596.986,31.496,NA,NA,-1878.875,21.524,-3067.193,1,"KelliiWood",130,"N/A",2022,25,25,"Line",NA,NA,NA,NA,"rockfish","greenstripe",135,135,17,"","",NA,"",NA
"1210","SL_2022_CSEO_Dive_25_11-15-17.000.avi",19049,"11:59:31",NA,NA,NA,33.819,0.24,4016.989,30.448,NA,NA,2021.996,-249.14,-3462.031,1,"KelliiWood",130,"N/A",2022,25,25,"Line",NA,NA,NA,NA,"rockfish","rosethorn",150,150,18,"","",NA,"",NA
"1211","SL_2022_CSEO_Dive_25_11-15-17.000.avi",20370,"12:00:15",NA,NA,NA,71.345,0.402,5667.943,19.107,NA,NA,1825.222,-354.384,-5354.303,1,"KelliiWood",130,"N/A",2022,25,25,"Line",NA,NA,NA,NA,"rockfish","rosethorn",150,150,19,"","",NA,"",NA
"1212","SL_2022_CSEO_Dive_25_11-15-17.000.avi",21740,"12:01:01",NA,NA,554.102,74.023,0.729,4783.857,28.768,20.262,20.307,2290.401,234.11,-4193.393,1,"KelliiWood",130,"N/A",2022,25,25,"Line",NA,NA,NA,NA,"rockfish","yelloweye",145,145,20,"AD","Fish milling/hovering",NA,"",NA
"1213","SL_2022_CSEO_Dive_25_11-15-17.000.avi",22026,"12:01:10",NA,NA,NA,17.19,0.723,2709.283,20.797,NA,NA,-873.746,-412.499,-2531.131,1,"KelliiWood",130,"N/A",2022,25,25,"Line",NA,NA,NA,NA,"rockfish","rosethorn",150,150,21,"","",NA,"",NA
"1214","SL_2022_CSEO_Dive_25_11-15-17.000.avi",23802,"12:02:09",NA,NA,NA,58.248,0.061,5293.532,33.9,NA,NA,2773.966,993.377,-4397.703,1,"KelliiWood",130,"N/A",2022,25,25,"Line",NA,NA,NA,NA,"rockfish","dusky",172,172,22,"","",NA,"",NA
"1215","SL_2022_CSEO_Dive_25_11-15-17.000.avi",23950,"12:02:14",NA,NA,NA,26.375,1.412,3488.347,26.483,NA,NA,1552.417,-111.112,-3121.893,1,"KelliiWood",130,"N/A",2022,25,25,"Line",NA,NA,NA,NA,"rockfish","rosethorn",150,150,23,"","",NA,"",NA
"1216","SL_2022_CSEO_Dive_25_11-15-17.000.avi",24596,"12:02:36",NA,NA,NA,10.196,0.608,2145.92,15.975,NA,NA,-583.26,-101.094,-2062.658,1,"KelliiWood",130,"N/A",2022,25,25,"Line",NA,NA,NA,NA,"halibut","halibut",200,200,24,"","",NA,"NO LENGTH - wrong angle",NA
"1217","SL_2022_CSEO_Dive_25_11-15-17.000.avi",24726,"12:02:40",NA,NA,NA,71.132,0.668,5522.382,20.651,NA,NA,1647.745,1017.681,-5171.65,1,"KelliiWood",130,"N/A",2022,25,25,"Line",NA,NA,NA,NA,"rockfish","rosethorn",150,150,25,"","",NA,"",NA
"1218","SL_2022_CSEO_Dive_25_11-15-17.000.avi",25671,"12:03:12",NA,NA,NA,18.622,1.939,2952.477,14.053,NA,NA,-712.691,66.366,-2864.4,1,"KelliiWood",130,"N/A",2022,25,25,"Line",NA,NA,NA,NA,"rockfish","rosethorn",150,150,26,"","",NA,"",NA
"1219","SL_2022_CSEO_Dive_25_11-15-17.000.avi",26160,"12:03:28",NA,NA,NA,13.157,0.229,2455.223,12.557,NA,NA,258.897,-476.392,-2394.607,1,"KelliiWood",130,"N/A",2022,25,25,"Line",NA,NA,NA,NA,"rockfish","yelloweye",145,145,27,"SU","Fish seeking cover",NA,"NO LENGTH - partial view only",NA
"1220","SL_2022_CSEO_Dive_25_11-15-17.000.avi",26384,"12:03:35",NA,NA,NA,19.387,0.116,3069.991,10.326,NA,NA,546.398,53.335,-3020.505,1,"KelliiWood",130,"N/A",2022,25,25,"Line",NA,NA,NA,NA,"rockfish","rosethorn",150,150,28,"","",NA,"",NA
"1221","SL_2022_CSEO_Dive_25_11-15-17.000.avi",26384,"12:03:35",NA,NA,NA,16.829,0.059,2737.746,17.943,NA,NA,-823.825,-191.153,-2603.848,1,"KelliiWood",130,"N/A",2022,25,25,"Line",NA,NA,NA,NA,"rockfish","yelloweye",145,145,29,"AD","Fish resting on bottom",NA,"NO LENGTH - partial view only",NA
"1222","SL_2022_CSEO_Dive_25_11-15-17.000.avi",27597,"12:04:16",NA,NA,NA,28.096,0.413,3617.518,30.024,NA,NA,-1788.788,264.192,-3133.189,1,"KelliiWood",130,"N/A",2022,25,25,"Line",NA,NA,NA,NA,"rockfish","rosethorn",150,150,30,"","",NA,"",NA
"1223","SL_2022_CSEO_Dive_25_11-15-17.000.avi",28772,"12:04:55",NA,NA,NA,16.24,0.131,2669.405,24.523,NA,NA,1074.471,-280.101,-2427.504,1,"KelliiWood",130,"N/A",2022,25,25,"Line",NA,NA,NA,NA,"rockfish","rosethorn",150,150,31,"","",NA,"",NA
"1224","SL_2022_CSEO_Dive_25_11-15-17.000.avi",32383,"12:06:55",NA,NA,NA,19.044,1.309,2926.118,24.393,NA,NA,-1199.703,134.561,-2665.478,1,"KelliiWood",130,"N/A",2022,25,25,"Line",NA,NA,NA,NA,"halibut","halibut",200,200,32,"","",NA,"",NA
"1225","SL_2022_CSEO_Dive_25_11-15-17.000.avi",34014,"12:07:50",NA,NA,NA,60.358,0.102,5143.419,28.582,NA,NA,2266.612,939.863,-4520.386,1,"KelliiWood",130,"N/A",2022,25,25,"Line",NA,NA,NA,NA,"rockfish","rosethorn",150,150,33,"","",NA,"",NA
"1226","SL_2022_CSEO_Dive_25_11-15-17.000.avi",35545,"12:08:41",NA,NA,NA,79.373,0.038,6079.925,18.342,NA,NA,-236.228,1875.518,-5778.591,1,"KelliiWood",130,"N/A",2022,25,25,"Line",NA,NA,NA,NA,"rockfish","yelloweye",145,145,34,"AD","Fish actively swimming in frame",NA,"NO LENGTH - facing away",NA
"1227","SL_2022_CSEO_Dive_25_11-15-17.000.avi",36447,"12:09:11",NA,NA,NA,28.384,0.939,3677.649,32.696,NA,NA,-1934.152,441.058,-3096.713,1,"KelliiWood",130,"N/A",2022,25,25,"Line",NA,NA,NA,NA,"rockfish","rosethorn",150,150,35,"","",NA,"",NA
"1228","SL_2022_CSEO_Dive_25_11-15-17.000.avi",38815,"12:10:30",NA,NA,NA,31.814,1.223,3722.215,22.468,NA,NA,-1356.921,413.151,-3441.359,1,"KelliiWood",130,"N/A",2022,25,25,"Line",NA,NA,NA,NA,"rockfish","rosethorn",150,150,36,"","",NA,"",NA
"1229","SL_2022_CSEO_Dive_25_11-15-17.000.avi",41039,"12:11:44",NA,NA,NA,12.379,0.461,2295.427,26.678,NA,NA,910.297,-491.402,-2049.114,1,"KelliiWood",130,"N/A",2022,25,25,"Line",NA,NA,NA,NA,"rockfish","rosethorn",150,150,37,"","",NA,"",NA
"1230","SL_2022_CSEO_Dive_25_11-15-17.000.avi",42135,"12:12:21",NA,NA,NA,16.626,0.179,2754.8,24.835,NA,NA,1153.498,80.35,-2500.382,1,"KelliiWood",130,"N/A",2022,25,25,"Line",NA,NA,NA,NA,"rockfish","rosethorn",150,150,38,"","",NA,"",NA
"1231","SL_2022_CSEO_Dive_25_11-15-17.000.avi",46124,"12:14:33",NA,NA,NA,25.35,0.031,3369.399,22.576,NA,NA,1272.613,219.339,-3112.104,1,"KelliiWood",130,"N/A",2022,25,25,"Line",NA,NA,NA,NA,"rockfish","rosethorn",150,150,39,"","",NA,"",NA
"1232","SL_2022_CSEO_Dive_25_11-15-17.000.avi",46124,"12:14:33",NA,NA,NA,9.081,0.028,2071.486,10.696,NA,NA,-371.294,91.553,-2035.881,1,"KelliiWood",130,"N/A",2022,25,25,"Line",NA,NA,NA,NA,"cod","Pacific cod",110,110,40,"","",NA,"",NA
"1233","SL_2022_CSEO_Dive_25_11-15-17.000.avi",46903,"12:14:59",NA,NA,NA,69.375,1.034,5471.885,18.851,NA,NA,-1106.276,1358.405,-5183.861,1,"KelliiWood",130,"N/A",2022,25,25,"Line",NA,NA,NA,NA,"rockfish","canary",146,146,41,"","",NA,"",NA
"1234","SL_2022_CSEO_Dive_25_11-15-17.000.avi",46903,"12:14:59",NA,NA,NA,116.138,0.39,7203.474,18.572,NA,NA,-802.878,2121.896,-6836.884,1,"KelliiWood",130,"N/A",2022,25,25,"Line",NA,NA,NA,NA,"rockfish","canary",146,146,42,"","",NA,"",NA
"1235","SL_2022_CSEO_Dive_25_11-15-17.000.avi",49541,"12:16:27",NA,NA,407.426,10.097,0.942,2095.782,17.776,0.626,6.999,-639.689,-13.986,-1995.721,1,"KelliiWood",130,"N/A",2022,25,25,"Line",NA,NA,NA,NA,"halibut","halibut",200,200,43,"","",NA,"",NA
"1236","SL_2022_CSEO_Dive_25_11-15-17.000.avi",50395,"12:16:56",NA,NA,NA,21.68,0.014,3120.49,15.738,NA,NA,-785.699,302.749,-3004.742,1,"KelliiWood",130,"N/A",2022,25,25,"Line",NA,NA,NA,NA,"rockfish","yelloweye",145,145,44,"AD","Fish resting on bottom",NA,"NO LENGTH - wrong angle",NA
"1237","SL_2022_CSEO_Dive_25_11-15-17.000.avi",52246,"12:17:58",NA,NA,NA,24.857,0.569,3274.427,23.548,NA,NA,-1229.957,433.657,-3003.502,1,"KelliiWood",130,"N/A",2022,25,25,"Line",NA,NA,NA,NA,"cod","Pacific cod",110,110,45,"","",NA,"",NA
"1238","SL_2022_CSEO_Dive_25_11-15-17.000.avi",56646,"12:20:24",NA,NA,271.862,54.182,0.944,5382.19,25.847,2.399,27.58,-1348.362,1920.351,-4843.773,1,"KelliiWood",130,"N/A",2022,25,25,"Line",NA,NA,NA,NA,"rockfish","yelloweye",145,145,46,"JV","Fish milling/hovering",NA,"",NA
"1239","SL_2022_CSEO_Dive_25_11-15-17.000.avi",56787,"12:20:29",NA,NA,NA,50.759,0.938,4748.557,22.514,NA,NA,-477.025,1737.038,-4393.625,1,"KelliiWood",130,"N/A",2022,25,25,"Line",NA,NA,NA,NA,"rockfish","silvergray",157,157,47,"","",NA,"",NA
"1240","SL_2022_CSEO_Dive_25_11-15-17.000.avi",56824,"12:20:30",NA,NA,NA,37.441,4.739,4222.3,10.278,NA,NA,-447.121,589.696,-4156.941,1,"KelliiWood",130,"N/A",2022,25,25,"Line",NA,NA,NA,NA,"rockfish","rosethorn",150,150,48,"","",NA,"",NA
"1241","SL_2022_CSEO_Dive_25_11-15-17.000.avi",57291,"12:20:46",NA,NA,NA,32.032,0.114,3714.415,20.155,NA,NA,701.142,1056.712,-3491.224,1,"KelliiWood",130,"N/A",2022,25,25,"Line",NA,NA,NA,NA,"rockfish","silvergray",157,157,49,"","",NA,"",NA
"1242","SL_2022_CSEO_Dive_25_11-15-17.000.avi",57291,"12:20:46",NA,NA,NA,57.457,0.232,5087.409,14.778,NA,NA,773.099,1022.545,-4923.256,1,"KelliiWood",130,"N/A",2022,25,25,"Line",NA,NA,NA,NA,"rockfish","dusky",172,172,50,"","",NA,"",NA
"1243","SL_2022_CSEO_Dive_25_11-15-17.000.avi",57437,"12:20:51",NA,NA,NA,38.213,1.879,4364.998,31.622,NA,NA,2287.323,-92.037,-3716.57,1,"KelliiWood",130,"N/A",2022,25,25,"Line",NA,NA,NA,NA,"rockfish","yelloweye",145,145,51,"AD","Fish milling/hovering",NA,"NO LENGTH - partial view only",NA
"1244","SL_2022_CSEO_Dive_25_11-15-17.000.avi",59652,"12:22:04",NA,NA,NA,29.548,0.854,3786.042,29.986,NA,NA,1892.141,-30.244,-3279.177,1,"KelliiWood",130,"N/A",2022,25,25,"Line",NA,NA,NA,NA,"rockfish","rosethorn",150,150,52,"","",NA,"",NA
"1245","SL_2022_CSEO_Dive_25_11-15-17.000.avi",60913,"12:22:46",NA,NA,NA,40.833,3.217,4494.624,31.916,NA,NA,2362.805,236.813,-3816.113,1,"KelliiWood",130,"N/A",2022,25,25,"Line",NA,NA,NA,NA,"rockfish","rosethorn",150,150,53,"","",NA,"",NA
"1246","SL_2022_CSEO_Dive_25_11-15-17.000.avi",61443,"12:23:04",NA,NA,NA,31.522,1.131,3685.499,26.04,NA,NA,-1510.064,567.525,-3313.687,1,"KelliiWood",130,"N/A",2022,25,25,"Line",NA,NA,NA,NA,"rockfish","rosethorn",150,150,54,"","",NA,"",NA
"1247","SL_2022_CSEO_Dive_25_11-15-17.000.avi",62655,"12:23:45",NA,NA,NA,11.057,0.263,2208.431,15.821,NA,NA,-550.023,-253.472,-2123.769,1,"KelliiWood",130,"N/A",2022,25,25,"Line",NA,NA,NA,NA,"rockfish","rosethorn",150,150,55,"","",NA,"",NA
"1248","SL_2022_CSEO_Dive_25_11-15-17.000.avi",65766,"12:25:28",NA,NA,NA,15.755,0.532,2717.264,10.389,NA,NA,-427.598,-250.024,-2671.736,1,"KelliiWood",130,"N/A",2022,25,25,"Line",NA,NA,NA,NA,"rockfish","yelloweye",145,145,56,"AD","Fish resting on bottom",NA,"NO LENGTH - facing ROV",NA
"1249","SL_2022_CSEO_Dive_25_11-15-17.000.avi",67774,"12:26:35",NA,NA,NA,20.7,0.041,3073.532,21.083,NA,NA,1105.469,-28.876,-2867.7,1,"KelliiWood",130,"N/A",2022,25,25,"Line",NA,NA,NA,NA,"rockfish","rosethorn",150,150,57,"","",NA,"",NA
"1250","SL_2022_CSEO_Dive_26_12-40-18.000.avi",1063,"13:35:46",NA,NA,NA,41.634,0.274,4219.441,21.038,NA,NA,-1330.87,707.602,-3941.036,1,"KelliiWood",115,"N/A",2022,26,27,"Line",NA,NA,NA,NA,"rockfish","rosethorn",150,150,1,"","",NA,"",NA
"1251","SL_2022_CSEO_Dive_26_12-40-18.000.avi",2440,"13:36:32",NA,NA,191.012,21.735,0.766,1946.331,25.687,77.994,16.647,-681.825,-496.846,-1753.985,1,"KelliiWood",115,"N/A",2022,26,27,"Line",NA,NA,NA,NA,"rockfish","yelloweye",145,145,2,"JV","Fish milling/hovering",NA,"",NA
"1252","SL_2022_CSEO_Dive_26_12-40-18.000.avi",2718,"13:36:42",NA,NA,NA,62.149,1.182,5208.229,29.376,NA,NA,-2348.584,987.574,-4542.521,1,"KelliiWood",115,"N/A",2022,26,27,"Line",NA,NA,NA,NA,"rockfish","quillback",147,147,3,"","",NA,"",NA
"1253","SL_2022_CSEO_Dive_26_12-40-18.000.avi",11100,"13:41:21",NA,NA,NA,25.201,0.814,3388.882,31.056,NA,NA,-1675.453,487.657,-2905.094,1,"KelliiWood",115,"N/A",2022,26,27,"Line",NA,NA,NA,NA,"rockfish","greenstripe",135,135,4,"","",NA,"",NA
"1254","SL_2022_CSEO_Dive_26_12-40-18.000.avi",15847,"13:43:59",NA,NA,358.507,59.219,6.289,4559.99,26.627,13.117,6.301,1774.368,1014.061,-4076.372,1,"KelliiWood",115,"N/A",2022,26,27,"Line",NA,NA,NA,NA,"rockfish","yelloweye",145,145,5,"SU","Fish resting on bottom",NA,"",NA
"1255","SL_2022_CSEO_Dive_26_12-40-18.000.avi",17198,"13:44:44",NA,NA,NA,9.776,0.102,2061.87,16.288,NA,NA,-489.689,-315.515,-1977.868,1,"KelliiWood",115,"N/A",2022,26,27,"Line",NA,NA,NA,NA,"rockfish","yelloweye",145,145,6,"JV","Fish resting on bottom",NA,"NO LENGTH - hiding in rocks",NA
"1256","SL_2022_CSEO_Dive_26_12-40-18.000.avi",17759,"13:45:03",NA,NA,656.91,88.757,0.685,4918.184,20.668,30.14,8.653,1392.228,1036.769,-4601.668,1,"KelliiWood",115,"N/A",2022,26,27,"Line",NA,NA,NA,NA,"greenling","lingcod",130,130,7,"","",NA,"",NA
"1257","SL_2022_CSEO_Dive_26_12-40-18.000.avi",17942,"13:45:09",NA,NA,NA,17.963,1.334,2840.792,17.691,NA,NA,-840.699,185.293,-2707.21,1,"KelliiWood",115,"N/A",2022,26,27,"Line",NA,NA,NA,NA,"rockfish","rosethorn",150,150,8,"","",NA,"",NA
"1258","SL_2022_CSEO_Dive_26_12-40-18.000.avi",18242,"13:45:19",NA,NA,NA,69.526,2.281,5697.1,32.624,NA,NA,2876.084,1058.725,-4802.519,1,"KelliiWood",115,"N/A",2022,26,27,"Line",NA,NA,NA,NA,"rockfish","tiger",148,148,9,"","",NA,"",NA
"1259","SL_2022_CSEO_Dive_26_12-40-18.000.avi",21936,"13:47:22",NA,NA,NA,14.542,0.339,2646.973,30.023,NA,NA,1324.392,-5.266,-2291.817,1,"KelliiWood",115,"N/A",2022,26,27,"Line",NA,NA,NA,NA,"rockfish","rosethorn",150,150,10,"","",NA,"",NA
"1260","SL_2022_CSEO_Dive_26_12-40-18.000.avi",23074,"13:48:00",NA,NA,NA,29.673,2.615,3535.93,23.013,NA,NA,-1163.461,733.476,-3257.479,1,"KelliiWood",115,"N/A",2022,26,27,"Line",NA,NA,NA,NA,"rockfish","quillback",147,147,11,"","",NA,"",NA
"1261","SL_2022_CSEO_Dive_26_12-40-18.000.avi",23635,"13:48:19",NA,NA,NA,82.565,0.048,5977.542,30.228,NA,NA,2515.568,1630.951,-5171.357,1,"KelliiWood",115,"N/A",2022,26,27,"Line",NA,NA,NA,NA,"rockfish","quillback",147,147,12,"","",NA,"",NA
"1262","SL_2022_CSEO_Dive_26_12-40-18.000.avi",24410,"13:48:45",NA,NA,NA,17.205,0.358,2958.811,5.51,NA,NA,-201.627,188.329,-2945.919,1,"KelliiWood",115,"N/A",2022,26,27,"Line",NA,NA,NA,NA,"rockfish","quillback",147,147,13,"","",NA,"",NA
"1263","SL_2022_CSEO_Dive_26_12-40-18.000.avi",26969,"13:50:10",NA,NA,NA,14.748,0.326,2709.052,7.129,NA,NA,330.744,-71.088,-2687.846,1,"KelliiWood",115,"N/A",2022,26,27,"Line",NA,NA,NA,NA,"rockfish","rosethorn",150,150,14,"","",NA,"",NA
"1264","SL_2022_CSEO_Dive_26_12-40-18.000.avi",27217,"13:50:18",NA,NA,NA,59.049,0.253,5041.722,18.662,NA,NA,-1198.328,1060.944,-4780.938,1,"KelliiWood",115,"N/A",2022,26,27,"Line",NA,NA,NA,NA,"rockfish","quillback",147,147,15,"","",NA,"",NA
"1265","SL_2022_CSEO_Dive_26_12-40-18.000.avi",28281,"13:50:54",NA,NA,NA,35.032,1.04,4014.762,13.714,NA,NA,-883.263,339.088,-3901.689,1,"KelliiWood",115,"N/A",2022,26,27,"Line",NA,NA,NA,NA,"rockfish","rosethorn",150,150,16,"","",NA,"",NA
"1266","SL_2022_CSEO_Dive_26_12-40-18.000.avi",29623,"13:51:38",NA,NA,NA,39.845,0.059,4213.861,29.872,NA,NA,1951.768,757.033,-3657.065,1,"KelliiWood",115,"N/A",2022,26,27,"Line",NA,NA,NA,NA,"rockfish","quillback",147,147,17,"","",NA,"",NA
"1267","SL_2022_CSEO_Dive_26_12-40-18.000.avi",30202,"13:51:58",NA,NA,NA,9.031,0.053,1949.432,21.336,NA,NA,573.545,-424.556,-1814.134,1,"KelliiWood",115,"N/A",2022,26,27,"Line",NA,NA,NA,NA,"rockfish","yelloweye",145,145,18,"SU","Fish resting on bottom",NA,"NO LENGTH - partial view only",NA
"1268","SL_2022_CSEO_Dive_26_12-40-18.000.avi",33068,"13:53:33",NA,NA,NA,4.267,1.12,1394.491,11.994,NA,NA,73.557,-285.752,-1362.916,1,"KelliiWood",115,"N/A",2022,26,27,"Line",NA,NA,NA,NA,"halibut","halibut",200,200,19,"","",NA,"NO LENGTH - wrong angle",NA
"1269","SL_2022_CSEO_Dive_26_12-40-18.000.avi",41711,"13:58:21",NA,NA,599.903,9.468,0.572,2009.169,14.872,7.637,4.589,-503.836,-109.899,-1941.863,1,"KelliiWood",115,"N/A",2022,26,27,"Line",NA,NA,NA,NA,"halibut","halibut",200,200,20,"","",NA,"",NA
"1270","SL_2022_CSEO_Dive_26_12-40-18.000.avi",44821,"14:00:05",NA,NA,395.423,40.683,0.617,3682.732,27.898,8.331,0.797,1653.321,485.518,-3254.738,1,"KelliiWood",115,"N/A",2022,26,27,"Line",NA,NA,NA,NA,"greenling","lingcod",130,130,21,"","",NA,"",NA
"1271","SL_2022_CSEO_Dive_26_12-40-18.000.avi",52256,"14:04:13",NA,NA,NA,18.301,1.662,2848.448,21.426,NA,NA,-1019.821,196.05,-2652.392,1,"KelliiWood",115,"N/A",2022,26,27,"Line",NA,NA,NA,NA,"rockfish","quillback",147,147,22,"","",NA,"",NA
"1272","SL_2022_CSEO_Dive_26_12-40-18.000.avi",52496,"14:04:21",NA,NA,NA,32.678,5.208,3800.208,19.887,NA,NA,-1243.591,338.574,-3574.972,1,"KelliiWood",115,"N/A",2022,26,27,"Line",NA,NA,NA,NA,"rockfish","rosethorn",150,150,23,"","",NA,"",NA
"1273","SL_2022_CSEO_Dive_26_12-40-18.000.avi",54176,"14:05:17",NA,NA,NA,20.172,0.743,3216.311,6.085,NA,NA,-64.749,321.922,-3199.505,1,"KelliiWood",115,"N/A",2022,26,27,"Line",NA,NA,NA,NA,"rockfish","rosethorn",150,150,24,"","",NA,"",NA
"1274","SL_2022_CSEO_Dive_26_12-40-18.000.avi",55874,"14:06:13",NA,NA,NA,34.759,0.12,3923.55,15.811,NA,NA,798.543,695.663,-3777.913,1,"KelliiWood",115,"N/A",2022,26,27,"Line",NA,NA,NA,NA,"rockfish","rosethorn",150,150,25,"","",NA,"",NA
"1275","SL_2022_CSEO_Dive_26_12-40-18.000.avi",56357,"14:06:30",NA,NA,NA,21.591,0.033,3249.477,8.708,NA,NA,224.006,425.141,-3213.748,1,"KelliiWood",115,"N/A",2022,26,27,"Line",NA,NA,NA,NA,"rockfish","rosethorn",150,150,26,"","",NA,"",NA
"1276","SL_2022_CSEO_Dive_26_12-40-18.000.avi",57021,"14:06:52",NA,NA,NA,35.311,0.902,3885.701,22.986,NA,NA,1350.082,678.315,-3579.922,1,"KelliiWood",115,"N/A",2022,26,27,"Line",NA,NA,NA,NA,"rockfish","quillback",147,147,27,"","",NA,"",NA
"1277","SL_2022_CSEO_Dive_26_12-40-18.000.avi",57893,"14:07:21",NA,NA,NA,35.756,0.295,3980.755,17.074,NA,NA,-1069.055,457.142,-3807.171,1,"KelliiWood",115,"N/A",2022,26,27,"Line",NA,NA,NA,NA,"rockfish","tiger",148,148,28,"","",NA,"",NA
"1278","SL_2022_CSEO_Dive_26_12-40-18.000.avi",58632,"14:07:45",NA,NA,NA,6.358,0.09,1703.263,31.551,NA,NA,837.073,-311.782,-1450.243,1,"KelliiWood",115,"N/A",2022,26,27,"Line",NA,NA,NA,NA,"greenling","lingcod",130,130,29,"","",NA,"NO LENGTH - facing ROV",NA
"1279","SL_2022_CSEO_Dive_26_12-40-18.000.avi",62603,"14:09:58",NA,NA,NA,54.756,0.289,4852.453,18.791,NA,NA,-1121.162,1070.703,-4598.14,1,"KelliiWood",115,"N/A",2022,26,27,"Line",NA,NA,NA,NA,"rockfish","quillback",147,147,30,"","",NA,"",NA
"1280","SL_2022_CSEO_Dive_26_12-40-18.000.avi",62845,"14:10:06",NA,NA,NA,61.282,1.587,5123.766,19.592,NA,NA,-1395.935,982.3,-4831.09,1,"KelliiWood",115,"N/A",2022,26,27,"Line",NA,NA,NA,NA,"rockfish","rosethorn",150,150,31,"","",NA,"",NA
"1281","SL_2022_CSEO_Dive_26_12-40-18.000.avi",63256,"14:10:20",NA,NA,NA,40.89,1.195,4138.109,24.992,NA,NA,-1428.926,992.296,-3754.659,1,"KelliiWood",115,"N/A",2022,26,27,"Line",NA,NA,NA,NA,"rockfish","silvergray",157,157,32,"","",NA,"",NA
"1282","SL_2022_CSEO_Dive_26_12-40-18.000.avi",69269,"14:13:40",NA,NA,NA,65.152,0.899,5309.119,20.517,NA,NA,928.733,1592.492,-4978.772,1,"KelliiWood",115,"N/A",2022,26,27,"Line",NA,NA,NA,NA,"rockfish","quillback",147,147,33,"","",NA,"",NA
"1283","SL_2022_CSEO_Dive_26_12-40-18.000.avi",69269,"14:13:40",NA,NA,NA,12.781,0.322,2424.441,26.915,NA,NA,1095.416,-75.424,-2161.548,1,"KelliiWood",115,"N/A",2022,26,27,"Line",NA,NA,NA,NA,"rockfish","rosethorn",150,150,34,"","",NA,"",NA
"1284","SL_2022_CSEO_Dive_26_12-40-18.000.avi",69601,"14:13:51",NA,NA,NA,37.119,0.477,3964.315,22.525,NA,NA,-1307.109,758.486,-3664.963,1,"KelliiWood",115,"N/A",2022,26,27,"Line",NA,NA,NA,NA,"rockfish","rosethorn",150,150,35,"","",NA,"",NA
"1285","SL_2022_CSEO_Dive_26_12-40-18.000.avi",70850,"14:14:33",NA,NA,314.491,86.887,2.764,5991.149,21.569,20.441,25.015,902.59,2009.071,-5571.61,1,"KelliiWood",115,"N/A",2022,26,27,"Line",NA,NA,NA,NA,"rockfish","yelloweye",145,145,36,"AD","Fish milling/hovering",NA,"",NA
"1286","SL_2022_CSEO_Dive_27_14-22-43.000.avi",3710,"15:20:22",NA,NA,732.627,9.386,1.377,1646.993,17.346,25.4,15.121,490.856,13.243,-1572.092,1,"KelliiWood",85,"N/A",2022,27,28,"Line",NA,NA,NA,NA,"greenling","lingcod",130,130,1,"","",NA,"",NA
"1287","SL_2022_CSEO_Dive_27_14-22-43.000.avi",4826,"15:20:59",NA,NA,314.597,18.884,0.964,2115.104,21.602,38.837,21.045,778.421,-20.812,-1966.543,1,"KelliiWood",85,"N/A",2022,27,28,"Line",NA,NA,NA,NA,"halibut","halibut",200,200,2,"","",NA,"NO LENGTH - wrong angle",NA
"1288","SL_2022_CSEO_Dive_27_14-22-43.000.avi",8310,"15:22:55",NA,NA,NA,6.658,2.69,1773.959,9.145,NA,NA,109.345,-266.871,-1750.359,1,"KelliiWood",85,"N/A",2022,27,28,"Line",NA,NA,NA,NA,"halibut","halibut",200,200,3,"","",NA,"NO LENGTH - wrong angle",NA
"1289","SL_2022_CSEO_Dive_27_14-22-43.000.avi",9640,"15:23:39",NA,NA,NA,58.836,0.964,5156.934,30.556,NA,NA,-2504.574,757.013,-4443.873,1,"KelliiWood",85,"N/A",2022,27,28,"Line",NA,NA,NA,NA,"eel","wolf eel",217,217,4,"","",NA,"",NA
"1290","SL_2022_CSEO_Dive_27_14-22-43.000.avi",14098,"15:26:08",NA,NA,NA,43.289,0.905,4322.631,19.752,NA,NA,820.097,1192.657,-4073.101,1,"KelliiWood",85,"N/A",2022,27,28,"Line",NA,NA,NA,NA,"rockfish","quillback",147,147,5,"","",NA,"",NA
"1291","SL_2022_CSEO_Dive_27_14-22-43.000.avi",14291,"15:26:14",NA,NA,NA,39.654,0.812,4457.139,9.277,NA,NA,63.511,698.121,-4401.668,1,"KelliiWood",85,"N/A",2022,27,28,"Line",NA,NA,NA,NA,"rockfish","quillback",147,147,6,"","",NA,"",NA
"1292","SL_2022_CSEO_Dive_27_14-22-43.000.avi",14319,"15:26:15",NA,NA,NA,11.255,0.123,2403.429,3.996,NA,NA,-0.94,-177.081,-2396.896,1,"KelliiWood",85,"N/A",2022,27,28,"Line",NA,NA,NA,NA,"rockfish","yelloweye",145,145,7,"JV","Fish milling/hovering",NA,"NO LENGTH - wrong angle",NA
"1293","SL_2022_CSEO_Dive_27_14-22-43.000.avi",14694,"15:26:28",NA,NA,NA,67.573,0.952,5778.781,30.647,NA,NA,2944.741,55.091,-4971.899,1,"KelliiWood",85,"N/A",2022,27,28,"Line",NA,NA,NA,NA,"rockfish","quillback",147,147,8,"","",NA,"",NA
"1294","SL_2022_CSEO_Dive_27_14-22-43.000.avi",16211,"15:27:18",NA,NA,NA,39.589,0.901,4114.202,21.546,NA,NA,-788.741,1273.403,-3831.839,1,"KelliiWood",85,"N/A",2022,27,28,"Line",NA,NA,NA,NA,"rockfish","quillback",147,147,9,"","",NA,"",NA
"1295","SL_2022_CSEO_Dive_27_14-22-43.000.avi",56239,"15:49:33",NA,NA,322.777,10.598,1.539,2425.74,12.309,9.152,13.714,-454.369,-246.892,-2369.981,1,"KelliiWood",85,"N/A",2022,27,28,"Line",NA,NA,NA,NA,"halibut","halibut",200,200,10,"","",NA,"",NA
"1296","SL_2022_CSEO_Dive_27_14-22-43.000.avi",66709,"15:55:22",NA,NA,NA,25.309,0.324,3527.876,32.242,NA,NA,1863.169,254.543,-2984.915,1,"KelliiWood",85,"N/A",2022,27,28,"Line",NA,NA,NA,NA,"greenling","lingcod",130,130,11,"","",NA,"NO LENGTH - facing away",NA
"1297","SL_2022_CSEO_Dive_27_14-22-43.000.avi",67292,"15:55:41",NA,NA,NA,52.068,1.086,4817.325,22.571,NA,NA,466.47,1771.426,-4455.454,1,"KelliiWood",85,"N/A",2022,27,28,"Line",NA,NA,NA,NA,"rockfish","quillback",147,147,12,"","",NA,"",NA
"1298","SL_2022_CSEO_Dive_27_14-22-43.000.avi",67388,"15:55:44",NA,NA,NA,36.422,0.976,4095.723,20.892,NA,NA,-153.801,1437.119,-3832.229,1,"KelliiWood",85,"N/A",2022,27,28,"Line",NA,NA,NA,NA,"rockfish","quillback",147,147,13,"","",NA,"",NA
"1299","SL_2022_CSEO_Dive_27_14-22-43.000.avi",67388,"15:55:44",NA,NA,NA,36.071,0.471,3999.431,32.462,NA,NA,-1855.216,1066.455,-3378.801,1,"KelliiWood",85,"N/A",2022,27,28,"Line",NA,NA,NA,NA,"rockfish","quillback",147,147,14,"","",NA,"",NA
"1300","SL_2022_CSEO_Dive_27_14-22-43.000.avi",67388,"15:55:44",NA,NA,NA,32.195,0.572,3732.656,18.253,NA,NA,877.606,758.218,-3547.906,1,"KelliiWood",85,"N/A",2022,27,28,"Line",NA,NA,NA,NA,"rockfish","quillback",147,147,15,"","",NA,"",NA
"1301","SL_2022_CSEO_Dive_27_14-22-43.000.avi",67388,"15:55:44",NA,NA,NA,55.968,0.071,4939.747,22.178,NA,NA,713.077,1704.631,-4581.141,1,"KelliiWood",85,"N/A",2022,27,28,"Line",NA,NA,NA,NA,"rockfish","quillback",147,147,16,"","",NA,"",NA
"1302","SL_2022_CSEO_Dive_27_14-22-43.000.avi",67388,"15:55:44",NA,NA,NA,62.455,0.708,5135.678,27.617,NA,NA,1886.447,1434.057,-4556.313,1,"KelliiWood",85,"N/A",2022,27,28,"Line",NA,NA,NA,NA,"rockfish","quillback",147,147,17,"","",NA,"",NA
"1303","SL_2022_CSEO_Dive_27_14-22-43.000.avi",67434,"15:55:46",NA,NA,NA,35.762,1.405,3994.456,24.193,NA,NA,368.725,1580.337,-3649.966,1,"KelliiWood",85,"N/A",2022,27,28,"Line",NA,NA,NA,NA,"rockfish","quillback",147,147,18,"","",NA,"",NA
"1304","SL_2022_CSEO_Dive_27_14-22-43.000.avi",67479,"15:55:47",NA,NA,430.235,27.016,0.685,2903.136,26.259,15.664,2.89,-1251.254,290.082,-2603.539,1,"KelliiWood",85,"N/A",2022,27,28,"Line",NA,NA,NA,NA,"rockfish","yelloweye",145,145,19,"AD","Fish milling/hovering",NA,"",NA
"1305","SL_2022_CSEO_Dive_27_14-22-43.000.avi",67479,"15:55:47",NA,NA,NA,13.39,2.501,2486.51,30.984,NA,NA,-1252.251,-273.914,-2130.627,1,"KelliiWood",85,"N/A",2022,27,28,"Line",NA,NA,NA,NA,"rockfish","quillback",147,147,20,"","",NA,"",NA
"1306","SL_2022_CSEO_Dive_27_14-22-43.000.avi",67623,"15:55:52",NA,NA,NA,37.613,0.562,4183.927,23.651,NA,NA,-23.226,1662.957,-3839.177,1,"KelliiWood",85,"N/A",2022,27,28,"Line",NA,NA,NA,NA,"rockfish","quillback",147,147,21,"","",NA,"",NA
"1307","SL_2022_CSEO_Dive_27_14-22-43.000.avi",67623,"15:55:52",NA,NA,NA,23.089,1.103,3255.48,13.105,NA,NA,641.422,352.532,-3172.137,1,"KelliiWood",85,"N/A",2022,27,28,"Line",NA,NA,NA,NA,"rockfish","quillback",147,147,22,"","",NA,"",NA
"1308","SL_2022_CSEO_Dive_27_14-22-43.000.avi",67623,"15:55:52",NA,NA,NA,32.023,1.46,3749.587,17.183,NA,NA,935.32,579.111,-3584.58,1,"KelliiWood",85,"N/A",2022,27,28,"Line",NA,NA,NA,NA,"rockfish","quillback",147,147,23,"","",NA,"",NA
"1309","SL_2022_CSEO_Dive_27_14-22-43.000.avi",67623,"15:55:52",NA,NA,NA,46.497,0.469,4522.101,28.317,NA,NA,2000.351,758.567,-3984.04,1,"KelliiWood",85,"N/A",2022,27,28,"Line",NA,NA,NA,NA,"rockfish","quillback",147,147,24,"","",NA,"",NA
"1310","SL_2022_CSEO_Dive_27_14-22-43.000.avi",67623,"15:55:52",NA,NA,NA,52.009,1.602,4684.888,24.515,NA,NA,1604.726,1080.047,-4266.911,1,"KelliiWood",85,"N/A",2022,27,28,"Line",NA,NA,NA,NA,"rockfish","quillback",147,147,25,"","",NA,"",NA
"1311","SL_2022_CSEO_Dive_27_14-22-43.000.avi",67623,"15:55:52",NA,NA,NA,84.991,0.55,6006.555,29.768,NA,NA,1946.979,2238.078,-5222.929,1,"KelliiWood",85,"N/A",2022,27,28,"Line",NA,NA,NA,NA,"rockfish","quillback",147,147,26,"","",NA,"",NA
"1312","SL_2022_CSEO_Dive_27_14-22-43.000.avi",67738,"15:55:56",NA,NA,NA,22.457,2.923,3097.301,22.677,NA,NA,-1086.313,484.433,-2859.812,1,"KelliiWood",85,"N/A",2022,27,28,"Line",NA,NA,NA,NA,"rockfish","quillback",147,147,27,"","",NA,"",NA
"1313","SL_2022_CSEO_Dive_27_14-22-43.000.avi",67739,"15:55:56",NA,NA,NA,24.851,0.486,3329.164,30.979,NA,NA,-1591.649,623.423,-2856.804,1,"KelliiWood",85,"N/A",2022,27,28,"Line",NA,NA,NA,NA,"rockfish","quillback",147,147,28,"","",NA,"",NA
"1314","SL_2022_CSEO_Dive_27_14-22-43.000.avi",67739,"15:55:56",NA,NA,NA,53.325,1.341,4787.522,23.787,NA,NA,1758.479,780.298,-4383.976,1,"KelliiWood",85,"N/A",2022,27,28,"Line",NA,NA,NA,NA,"rockfish","quillback",147,147,29,"","",NA,"",NA
"1315","SL_2022_CSEO_Dive_27_14-22-43.000.avi",67739,"15:55:56",NA,NA,NA,60.036,1.277,5309.789,26.516,NA,NA,2370.494,-2.802,-4751.274,1,"KelliiWood",85,"N/A",2022,27,28,"Line",NA,NA,NA,NA,"rockfish","quillback",147,147,30,"","",NA,"",NA
"1316","SL_2022_CSEO_Dive_27_14-22-43.000.avi",67739,"15:55:56",NA,NA,NA,34.886,0.791,3965.245,25.652,NA,NA,1697.145,-271.765,-3573.376,1,"KelliiWood",85,"N/A",2022,27,28,"Line",NA,NA,NA,NA,"rockfish","quillback",147,147,31,"","",NA,"",NA
"1317","SL_2022_CSEO_Dive_27_14-22-43.000.avi",67739,"15:55:56",NA,NA,NA,19.166,0.134,2833.54,23.382,NA,NA,859.286,-735.776,-2597.924,1,"KelliiWood",85,"N/A",2022,27,28,"Line",NA,NA,NA,NA,"rockfish","quillback",147,147,32,"","",NA,"",NA
"1318","SL_2022_CSEO_Dive_27_14-22-43.000.avi",67826,"15:55:59",NA,NA,NA,18.538,0.304,3077.3,5.243,NA,NA,78.543,-282.284,-3063.319,1,"KelliiWood",85,"N/A",2022,27,28,"Line",NA,NA,NA,NA,"rockfish","quillback",147,147,33,"","",NA,"",NA
"1319","SL_2022_CSEO_Dive_27_14-22-43.000.avi",67826,"15:55:59",NA,NA,NA,19.095,3.7,3050.887,8.445,NA,NA,169.805,-426.688,-3016.126,1,"KelliiWood",85,"N/A",2022,27,28,"Line",NA,NA,NA,NA,"rockfish","quillback",147,147,34,"","",NA,"",NA
"1320","SL_2022_CSEO_Dive_27_14-22-43.000.avi",67826,"15:55:59",NA,NA,NA,28.767,3.569,3672.482,28.048,NA,NA,1724.117,-109.692,-3240.758,1,"KelliiWood",85,"N/A",2022,27,28,"Line",NA,NA,NA,NA,"rockfish","quillback",147,147,35,"","",NA,"",NA
"1321","SL_2022_CSEO_Dive_27_14-22-43.000.avi",67826,"15:55:59",NA,NA,NA,20.079,4.644,2924.776,21.751,NA,NA,962.152,-509.855,-2714.522,1,"KelliiWood",85,"N/A",2022,27,28,"Line",NA,NA,NA,NA,"rockfish","quillback",147,147,36,"","",NA,"",NA
"1322","SL_2022_CSEO_Dive_27_14-22-43.000.avi",67826,"15:55:59",NA,NA,NA,22.592,3.129,3175.18,22.554,NA,NA,-1202.089,183.656,-2933.091,1,"KelliiWood",85,"N/A",2022,27,28,"Line",NA,NA,NA,NA,"rockfish","quillback",147,147,37,"","",NA,"",NA
"1323","SL_2022_CSEO_Dive_28_16-42-28.000.avi",1790,"16:51:41",NA,NA,481.241,74.307,0.865,4315.266,12.022,34.625,6.927,-15.433,898.655,-4220.629,1,"KelliiWood",85,"N/A",2022,28,29,"Line",NA,NA,NA,NA,"halibut","halibut",200,200,1,"","",NA,"",NA
"1324","SL_2022_CSEO_Dive_28_16-42-28.000.avi",7020,"16:54:35",NA,NA,NA,31.584,0.577,3832.933,13.565,NA,NA,321.679,824.537,-3729.348,1,"KelliiWood",85,"N/A",2022,28,29,"Line",NA,NA,NA,NA,"rockfish","canary",146,146,2,"","",NA,"",NA
"1325","SL_2022_CSEO_Dive_28_16-42-28.000.avi",7097,"16:54:38",NA,NA,NA,51.506,0.658,4836.959,34.058,NA,NA,2182.069,1589.036,-4013.69,1,"KelliiWood",85,"N/A",2022,28,29,"Line",NA,NA,NA,NA,"rockfish","canary",146,146,3,"","",NA,"",NA
"1326","SL_2022_CSEO_Dive_28_16-42-28.000.avi",11865,"16:57:17",NA,NA,313.397,52.386,0.871,4448.445,22.999,3.38,14.647,-1734.929,105.111,-4094.831,1,"KelliiWood",85,"N/A",2022,28,29,"Line",NA,NA,NA,NA,"rockfish","yelloweye",145,145,4,"AD","Fish resting on bottom",NA,"",NA
"1327","SL_2022_CSEO_Dive_28_16-42-28.000.avi",11865,"16:57:17",NA,NA,NA,56.008,0.398,4848.924,26.674,NA,NA,1623.711,1432.359,-4338.66,1,"KelliiWood",85,"N/A",2022,28,29,"Line",NA,NA,NA,NA,"rockfish","quillback",147,147,5,"","",NA,"",NA
"1328","SL_2022_CSEO_Dive_28_16-42-28.000.avi",12890,"16:57:51",NA,NA,NA,40.406,0.809,4349.961,19.436,NA,NA,50.521,1430.162,-4107.827,1,"KelliiWood",85,"N/A",2022,28,29,"Line",NA,NA,NA,NA,"rockfish","quillback",147,147,6,"","",NA,"",NA
"1329","SL_2022_CSEO_Dive_28_16-42-28.000.avi",15200,"16:59:08",NA,NA,NA,126.579,0.459,7383.533,19.95,NA,NA,2122.324,1329.642,-6945.816,1,"KelliiWood",85,"N/A",2022,28,29,"Line",NA,NA,NA,NA,"rockfish","tiger",148,148,7,"","",NA,"",NA
"1330","SL_2022_CSEO_Dive_28_16-42-28.000.avi",15433,"16:59:15",NA,NA,NA,62.22,0.032,5324.194,31.336,NA,NA,2585.249,973.421,-4551.481,1,"KelliiWood",85,"N/A",2022,28,29,"Line",NA,NA,NA,NA,"rockfish","quillback",147,147,8,"","",NA,"",NA
"1331","SL_2022_CSEO_Dive_28_16-42-28.000.avi",16143,"16:59:39",NA,NA,NA,20.609,0.236,2943.06,26.279,NA,NA,1049.516,-782.805,-2635.78,1,"KelliiWood",85,"N/A",2022,28,29,"Line",NA,NA,NA,NA,"rockfish","tiger",148,148,9,"","",NA,"",NA
"1332","SL_2022_CSEO_Dive_28_16-42-28.000.avi",17366,"17:00:20",NA,NA,NA,7.188,1.06,1739.953,25.827,NA,NA,393.417,-654.207,-1563.545,1,"KelliiWood",85,"N/A",2022,28,29,"Line",NA,NA,NA,NA,"greenling","lingcod",130,130,10,"","",NA,"NO LENGTH - partial view only",NA
"1333","SL_2022_CSEO_Dive_28_16-42-28.000.avi",18211,"17:00:48",NA,NA,247.468,98.621,2.14,5653.122,6.722,25.487,7.657,126.462,649.485,-5614.264,1,"KelliiWood",85,"N/A",2022,28,29,"Line",NA,NA,NA,NA,"rockfish","yelloweye",145,145,11,"JV","Fish milling/hovering",NA,"",NA
"1334","SL_2022_CSEO_Dive_28_16-42-28.000.avi",18269,"17:00:50",NA,NA,NA,24.883,0.203,3440.153,11.38,NA,NA,-650.169,181.599,-3373.271,1,"KelliiWood",85,"N/A",2022,28,29,"Line",NA,NA,NA,NA,"rockfish","quillback",147,147,12,"","",NA,"",NA
"1335","SL_2022_CSEO_Dive_28_16-42-28.000.avi",18760,"17:01:06",NA,NA,NA,36.88,0.59,4110.108,20.341,NA,NA,208.78,1397.904,-3859.438,1,"KelliiWood",85,"N/A",2022,28,29,"Line",NA,NA,NA,NA,"rockfish","yellowtail",155,155,13,"","",NA,"",NA
"1336","SL_2022_CSEO_Dive_28_16-42-28.000.avi",18799,"17:01:08",NA,NA,NA,29.969,1.512,3672.845,33.397,NA,NA,1657.071,1145.873,-3070.973,1,"KelliiWood",85,"N/A",2022,28,29,"Line",NA,NA,NA,NA,"rockfish","yellowtail",155,155,14,"","",NA,"",NA
"1337","SL_2022_CSEO_Dive_28_16-42-28.000.avi",18799,"17:01:08",NA,NA,NA,38.251,3.296,4009.452,23.779,NA,NA,-1347.921,877.892,-3672.617,1,"KelliiWood",85,"N/A",2022,28,29,"Line",NA,NA,NA,NA,"rockfish","yellowtail",155,155,15,"","",NA,"",NA
"1338","SL_2022_CSEO_Dive_28_16-42-28.000.avi",18799,"17:01:08",NA,NA,NA,31.456,3.445,3739.981,26.682,NA,NA,1622.315,420.685,-3343.438,1,"KelliiWood",85,"N/A",2022,28,29,"Line",NA,NA,NA,NA,"rockfish","yellowtail",155,155,16,"","",NA,"",NA
"1339","SL_2022_CSEO_Dive_28_16-42-28.000.avi",18799,"17:01:08",NA,NA,NA,42.766,3.87,4244.602,28.956,NA,NA,-1204.002,1650.421,-3720.637,1,"KelliiWood",85,"N/A",2022,28,29,"Line",NA,NA,NA,NA,"rockfish","yellowtail",155,155,17,"","",NA,"",NA
"1340","SL_2022_CSEO_Dive_28_16-42-28.000.avi",18799,"17:01:08",NA,NA,NA,38.459,1.352,4053.332,30.513,NA,NA,-1659.259,1203.511,-3496.844,1,"KelliiWood",85,"N/A",2022,28,29,"Line",NA,NA,NA,NA,"rockfish","yellowtail",155,155,18,"","",NA,"",NA
"1341","SL_2022_CSEO_Dive_28_16-42-28.000.avi",18799,"17:01:08",NA,NA,NA,49.59,2.483,4564.649,23.934,NA,NA,1260.261,1340.12,-4177.54,1,"KelliiWood",85,"N/A",2022,28,29,"Line",NA,NA,NA,NA,"rockfish","yellowtail",155,155,19,"","",NA,"",NA
"1342","SL_2022_CSEO_Dive_28_16-42-28.000.avi",18799,"17:01:08",NA,NA,NA,52.236,2.12,4836.602,25.428,NA,NA,436.662,2012.819,-4376.14,1,"KelliiWood",85,"N/A",2022,28,29,"Line",NA,NA,NA,NA,"rockfish","yellowtail",155,155,20,"","",NA,"",NA
"1343","SL_2022_CSEO_Dive_28_16-42-28.000.avi",19203,"17:01:21",NA,NA,NA,54.09,1.261,5033.354,10.749,NA,NA,716.458,-626.345,-4942.574,1,"KelliiWood",85,"N/A",2022,28,29,"Line",NA,NA,NA,NA,"rockfish","quillback",147,147,21,"","",NA,"",NA
"1344","SL_2022_CSEO_Dive_28_16-42-28.000.avi",19731,"17:01:39",NA,NA,NA,101.491,0.061,6773.037,15.292,NA,NA,1604.909,758.084,-6536.33,1,"KelliiWood",85,"N/A",2022,28,29,"Line",NA,NA,NA,NA,"rockfish","quillback",147,147,22,"","",NA,"",NA
"1345","SL_2022_CSEO_Dive_28_16-42-28.000.avi",19884,"17:01:44",NA,NA,NA,15.027,0.154,2550.658,16.964,NA,NA,-496.77,-563.917,-2437.432,1,"KelliiWood",85,"N/A",2022,28,29,"Line",NA,NA,NA,NA,"rockfish","yellowtail",155,155,23,"","",NA,"",NA
"1346","SL_2022_CSEO_Dive_28_16-42-28.000.avi",19986,"17:01:47",NA,NA,NA,105.749,0.352,7102.882,15.369,NA,NA,-185.404,1845.876,-6856.333,1,"KelliiWood",85,"N/A",2022,28,29,"Line",NA,NA,NA,NA,"rockfish","quillback",147,147,24,"","",NA,"",NA
"1347","SL_2022_CSEO_Dive_28_16-42-28.000.avi",20017,"17:01:48",NA,NA,NA,131.31,0.655,7508.922,20.939,NA,NA,-1422.333,2247.381,-7022.119,1,"KelliiWood",85,"N/A",2022,28,29,"Line",NA,NA,NA,NA,"rockfish","quillback",147,147,25,"","",NA,"",NA
"1348","SL_2022_CSEO_Dive_28_16-42-28.000.avi",20390,"17:02:01",NA,NA,NA,75.58,1.116,5749.117,17.452,NA,NA,-1454.076,904.584,-5488.145,1,"KelliiWood",85,"N/A",2022,28,29,"Line",NA,NA,NA,NA,"rockfish","silvergray",157,157,26,"","",NA,"",NA
"1349","SL_2022_CSEO_Dive_28_16-42-28.000.avi",25849,"17:05:03",NA,NA,NA,54.293,1.489,4916.552,26.088,NA,NA,-2114.58,432.937,-4417.42,1,"KelliiWood",85,"N/A",2022,28,29,"Line",NA,NA,NA,NA,"rockfish","quillback",147,147,27,"","",NA,"",NA
"1350","SL_2022_CSEO_Dive_28_16-42-28.000.avi",26469,"17:05:23",NA,NA,NA,25.016,0.134,3385.62,14.362,NA,NA,-333.773,757.455,-3282.876,1,"KelliiWood",85,"N/A",2022,28,29,"Line",NA,NA,NA,NA,"rockfish","silvergray",157,157,28,"","",NA,"",NA
"1351","SL_2022_CSEO_Dive_28_16-42-28.000.avi",26882,"17:05:37",NA,NA,NA,44.322,1.584,4330.897,25.184,NA,NA,996.094,1534.85,-3925.392,1,"KelliiWood",85,"N/A",2022,28,29,"Line",NA,NA,NA,NA,"rockfish","quillback",147,147,29,"","",NA,"",NA
"1352","SL_2022_CSEO_Dive_28_16-42-28.000.avi",28872,"17:06:43",NA,NA,NA,62.565,1.148,5382.227,17.563,NA,NA,-1617.306,127.839,-5131.895,1,"KelliiWood",85,"N/A",2022,28,29,"Line",NA,NA,NA,NA,"rockfish","tiger",148,148,30,"","",NA,"",NA
"1353","SL_2022_CSEO_Dive_28_16-42-28.000.avi",29309,"17:06:58",NA,NA,338.945,45.355,1.514,5055.447,5.491,14.985,21.803,-26.244,483.014,-5032.252,1,"KelliiWood",85,"N/A",2022,28,29,"Line",NA,NA,NA,NA,"rockfish","yelloweye",145,145,33,"SU","Fish milling/hovering",NA,"",NA
"1354","SL_2022_CSEO_Dive_28_16-42-28.000.avi",29309,"17:06:58",NA,NA,NA,37.193,0.408,4122.395,23.969,NA,NA,-1674.349,-48.505,-3766.741,1,"KelliiWood",85,"N/A",2022,28,29,"Line",NA,NA,NA,NA,"rockfish","quillback",147,147,31,"","",NA,"",NA
"1355","SL_2022_CSEO_Dive_28_16-42-28.000.avi",29309,"17:06:58",NA,NA,NA,68.253,2.581,5386.599,24.114,NA,NA,1909.734,1073.946,-4920.874,1,"KelliiWood",85,"N/A",2022,28,29,"Line",NA,NA,NA,NA,"rockfish","quillback",147,147,32,"","",NA,"",NA
"1356","SL_2022_CSEO_Dive_28_16-42-28.000.avi",31078,"17:07:57",NA,NA,NA,80.714,4.351,6253.978,31.875,NA,NA,3252.403,552.066,-5313.129,1,"KelliiWood",85,"N/A",2022,28,29,"Line",NA,NA,NA,NA,"rockfish","quillback",147,147,34,"","",NA,"",NA
"1357","SL_2022_CSEO_Dive_28_16-42-28.000.avi",32781,"17:08:54",NA,NA,NA,60.692,0.564,5157.735,21.384,NA,NA,-676.867,1735.282,-4809.665,1,"KelliiWood",85,"N/A",2022,28,29,"Line",NA,NA,NA,NA,"rockfish","quillback",147,147,35,"","",NA,"",NA
"1358","SL_2022_CSEO_Dive_28_16-42-28.000.avi",33688,"17:09:24",NA,NA,NA,52.943,1.166,4767.179,18.999,NA,NA,-1169.448,1002.278,-4511.521,1,"KelliiWood",85,"N/A",2022,28,29,"Line",NA,NA,NA,NA,"rockfish","silvergray",157,157,36,"","",NA,"",NA
"1359","SL_2022_CSEO_Dive_28_16-42-28.000.avi",33830,"17:09:29",NA,NA,NA,56.579,0.252,4957.758,17.715,NA,NA,-1191.313,906.539,-4726.344,1,"KelliiWood",85,"N/A",2022,28,29,"Line",NA,NA,NA,NA,"rockfish","quillback",147,147,37,"","",NA,"",NA
"1360","SL_2022_CSEO_Dive_28_16-42-28.000.avi",40032,"17:12:55",NA,NA,NA,10.581,0.028,2200.27,25.825,NA,NA,958.409,-19.262,-1980.472,1,"KelliiWood",85,"N/A",2022,28,29,"Line",NA,NA,NA,NA,"halibut","halibut",200,200,38,"","",NA,"NO LENGTH - partial view only",NA
"1361","SL_2022_CSEO_Dive_28_16-42-28.000.avi",42314,"17:14:11",NA,NA,590.302,23.509,2.011,4179.177,11.685,9.779,17.68,-177.642,827.537,-4092.572,1,"KelliiWood",85,"N/A",2022,28,29,"Line",NA,NA,NA,NA,"halibut","halibut",200,200,39,"","",NA,"",NA
"1362","SL_2022_CSEO_Dive_28_16-42-28.000.avi",44824,"17:15:35",NA,NA,NA,42.234,0.64,4294.246,17.309,NA,NA,950.725,837.123,-4103.157,1,"KelliiWood",85,"N/A",2022,28,29,"Line",NA,NA,NA,NA,"rockfish","yelloweye",145,145,40,"SU","Fish milling/hovering",NA,"NO LENGTH - facing ROV",NA
"1363","SL_2022_CSEO_Dive_28_16-42-28.000.avi",48703,"17:17:44",NA,NA,NA,54.022,0.49,5088.598,14.287,NA,NA,-119.516,1230.28,-4936.189,1,"KelliiWood",85,"N/A",2022,28,29,"Line",NA,NA,NA,NA,"rockfish","quillback",147,147,41,"","",NA,"",NA
"1364","SL_2022_CSEO_Dive_28_16-42-28.000.avi",50071,"17:18:30",NA,NA,NA,58.104,1.818,4999.274,30.533,NA,NA,1996.443,1552.778,-4312.289,1,"KelliiWood",85,"N/A",2022,28,29,"Line",NA,NA,NA,NA,"rockfish","tiger",148,148,42,"","",NA,"",NA
"1365","SL_2022_CSEO_Dive_28_16-42-28.000.avi",50287,"17:18:37",NA,NA,NA,38.509,0.575,4100.247,24.62,NA,NA,1619.666,527.817,-3729.627,1,"KelliiWood",85,"N/A",2022,28,29,"Line",NA,NA,NA,NA,"rockfish","quillback",147,147,43,"","",NA,"",NA
"1366","SL_2022_CSEO_Dive_28_16-42-28.000.avi",50805,"17:18:54",NA,NA,NA,29.459,1.556,3774.124,12.228,NA,NA,99.108,778.411,-3691.648,1,"KelliiWood",85,"N/A",2022,28,29,"Line",NA,NA,NA,NA,"rockfish","quillback",147,147,44,"","",NA,"",NA
"1367","SL_2022_CSEO_Dive_28_16-42-28.000.avi",56583,"17:22:07",NA,NA,NA,43.188,0.452,4413.593,23.375,NA,NA,-314.313,1706.415,-4058.222,1,"KelliiWood",85,"N/A",2022,28,29,"Line",NA,NA,NA,NA,"rockfish","quillback",147,147,45,"","",NA,"",NA
"1368","SL_2022_CSEO_Dive_28_16-42-28.000.avi",56753,"17:22:13",NA,NA,NA,70.328,0.507,5776.451,10.6,NA,NA,709.459,768.331,-5680.997,1,"KelliiWood",85,"N/A",2022,28,29,"Line",NA,NA,NA,NA,"rockfish","yelloweye",145,145,46,"SU","Fish milling/hovering",NA,"NO LENGTH - too far away",NA
"1369","SL_2022_CSEO_Dive_28_16-42-28.000.avi",56753,"17:22:13",NA,NA,NA,74.629,1.618,5957.481,17.464,NA,NA,9.867,1765.063,-5689.995,1,"KelliiWood",85,"N/A",2022,28,29,"Line",NA,NA,NA,NA,"rockfish","quillback",147,147,47,"","",NA,"",NA
"1370","SL_2022_CSEO_Dive_28_16-42-28.000.avi",56928,"17:22:19",NA,NA,NA,73.207,0.908,5588.5,24.245,NA,NA,1125.729,1979.355,-5103.55,1,"KelliiWood",85,"N/A",2022,28,29,"Line",NA,NA,NA,NA,"rockfish","quillback",147,147,48,"","",NA,"",NA
"1371","SL_2022_CSEO_Dive_28_16-42-28.000.avi",58327,"17:23:05",NA,NA,NA,12.724,1.35,2470.792,8.267,NA,NA,-268.835,-242.07,-2444.165,1,"KelliiWood",85,"N/A",2022,28,29,"Line",NA,NA,NA,NA,"greenling","kelp greenling",194,194,49,"","",NA,"",NA
"1372","SL_2022_CSEO_Dive_28_16-42-28.000.avi",58421,"17:23:08",NA,NA,NA,71.325,1.499,6064.371,5.954,NA,NA,571.107,239.471,-6032.668,1,"KelliiWood",85,"N/A",2022,28,29,"Line",NA,NA,NA,NA,"rockfish","quillback",147,147,50,"","",NA,"",NA
"1373","SL_2022_CSEO_Dive_28_16-42-28.000.avi",62457,"17:25:23",NA,NA,NA,16.811,0.64,2814.71,12.815,NA,NA,114.122,-624.755,-2742.125,1,"KelliiWood",85,"N/A",2022,28,29,"Line",NA,NA,NA,NA,"rockfish","quillback",147,147,51,"","",NA,"",NA
"1374","SL_2022_CSEO_Dive_28_16-42-28.000.avi",62609,"17:25:28",NA,NA,266.701,65.124,1.045,4302.338,12.951,28.744,1.371,-665.889,697.335,-4192.902,1,"KelliiWood",85,"N/A",2022,28,29,"Line",NA,NA,NA,NA,"rockfish","yelloweye",145,145,52,"JV","Fish milling/hovering",NA,"",NA
"1375","SL_2022_CSEO_Dive_28_16-42-28.000.avi",62689,"17:25:31",NA,NA,NA,20.475,0.549,3068.336,16.831,NA,NA,880.436,107.347,-2937.344,1,"KelliiWood",85,"N/A",2022,28,29,"Line",NA,NA,NA,NA,"rockfish","quillback",147,147,53,"","",NA,"",NA
"1376","SL_2022_CSEO_Dive_28_16-42-28.000.avi",64925,"17:26:45",NA,NA,NA,40.81,0.691,4359.911,28.367,NA,NA,-2067.652,-141.177,-3835.846,1,"KelliiWood",85,"N/A",2022,28,29,"Line",NA,NA,NA,NA,"rockfish","yelloweye",145,145,54,"SU","Fish milling/hovering",NA,"NO LENGTH - facing ROV",NA
"1377","SL_2022_CSEO_Dive_28_16-42-28.000.avi",65463,"17:27:03",NA,NA,NA,35.126,0.71,4139.827,9.522,NA,NA,645.504,212.478,-4083.668,1,"KelliiWood",85,"N/A",2022,28,29,"Line",NA,NA,NA,NA,"rockfish","quillback",147,147,55,"","",NA,"",NA
"1378","SL_2022_CSEO_Dive_28_16-42-28.000.avi",68620,"17:28:48",NA,NA,NA,99.691,0.563,6865.54,31.64,NA,NA,3495.94,842.383,-5848.455,1,"KelliiWood",85,"N/A",2022,28,29,"Line",NA,NA,NA,NA,"rockfish","quillback",147,147,56,"","",NA,"",NA
"1379","SL_2022_CSEO_Dive_28_16-42-28.000.avi",69563,"17:29:20",NA,NA,NA,17.927,0.003,2782.861,18.427,NA,NA,-788.133,-401.255,-2638.59,1,"KelliiWood",85,"N/A",2022,28,29,"Line",NA,NA,NA,NA,"rockfish","quillback",147,147,57,"","",NA,"",NA
"1380","SL_2022_CSEO_Dive_28_16-42-28.000.avi",69748,"17:29:26",NA,NA,NA,52.831,0.063,4999.327,13.248,NA,NA,302.55,1085.477,-4870.675,1,"KelliiWood",85,"N/A",2022,28,29,"Line",NA,NA,NA,NA,"rockfish","quillback",147,147,58,"","",NA,"",NA
"1381","SL_2022_CSEO_Dive_28_16-42-28.000.avi",69748,"17:29:26",NA,NA,NA,32.293,0.231,3831.057,14.553,NA,NA,467.144,826.842,-3711.483,1,"KelliiWood",85,"N/A",2022,28,29,"Line",NA,NA,NA,NA,"rockfish","quillback",147,147,59,"","",NA,"",NA
"1382","SL_2022_CSEO_Dive_28_16-42-28.000.avi",73758,"17:31:40",NA,NA,NA,20.86,0.634,3102.258,11.507,NA,NA,470.291,-414.428,-3038.269,1,"KelliiWood",85,"N/A",2022,28,29,"Line",NA,NA,NA,NA,"greenling","kelp greenling",194,194,60,"","",NA,"",NA
"1383","SL_2022_CSEO_Dive_28_16-42-28.000.avi",78550,"17:34:19",NA,NA,NA,13.141,0.137,2433.157,18.676,NA,NA,-158.401,-772.092,-2301.963,1,"KelliiWood",85,"N/A",2022,28,29,"Line",NA,NA,NA,NA,"greenling","kelp greenling",194,194,61,"","",NA,"",NA
"1384","SL_2022_CSEO_Dive_29_08-13-06.000.avi",164,"8:14:42",NA,NA,NA,81.639,3.69,6079.905,33.314,NA,NA,2816.747,1773.054,-5087.972,1,"KelliiWood",70,"N/A",2022,29,30,"Line",NA,NA,NA,NA,"rockfish","yelloweye",145,145,1,"AD","Fish milling/hovering",NA,"NO LENGTH - partial view only",NA
"1385","SL_2022_CSEO_Dive_29_08-13-06.000.avi",403,"8:14:50",NA,NA,NA,24.131,0.228,3313.159,18.519,NA,NA,-1049.498,-89.603,-3141.265,1,"KelliiWood",70,"N/A",2022,29,30,"Line",NA,NA,NA,NA,"rockfish","tiger",148,148,2,"","",NA,"",NA
"1386","SL_2022_CSEO_Dive_29_08-13-06.000.avi",1901,"8:15:40",NA,NA,2912.967,138.872,0.518,4768.229,26.461,56.549,12.53,1838.024,1065.739,-4268.709,1,"KelliiWood",70,"N/A",2022,29,30,"Line",NA,NA,NA,NA,"greenling","lingcod",130,130,3,"","",NA,"NO LENGTH - wrong angle",NA
"1387","SL_2022_CSEO_Dive_29_08-13-06.000.avi",2404,"8:15:57",NA,NA,NA,60.426,1.38,5129.536,26.815,NA,NA,-2190.175,728.559,-4580.882,1,"KelliiWood",70,"N/A",2022,29,30,"Line",NA,NA,NA,NA,"greenling","lingcod",130,130,4,"","",NA,"NO LENGTH - wrong angle",NA
"1388","SL_2022_CSEO_Dive_29_08-13-06.000.avi",3454,"8:16:32",NA,NA,NA,16.148,0.671,2926.162,2.781,NA,NA,-81.591,104.476,-2923.158,1,"KelliiWood",70,"N/A",2022,29,30,"Line",NA,NA,NA,NA,"greenling","lingcod",130,130,5,"","",NA,"NO LENGTH - wrong angle",NA
"1389","SL_2022_CSEO_Dive_29_08-13-06.000.avi",6502,"8:18:14",NA,NA,NA,13.042,2.643,2437.938,14.813,NA,NA,607.677,-148.154,-2356.337,1,"KelliiWood",70,"N/A",2022,29,30,"Line",NA,NA,NA,NA,"rockfish","rosethorn",150,150,6,"","",NA,"",NA
"1390","SL_2022_CSEO_Dive_29_08-13-06.000.avi",8089,"8:19:07",NA,NA,NA,64.741,0.219,5269.503,27.568,NA,NA,1079.302,2168.196,-4679.925,1,"KelliiWood",70,"N/A",2022,29,30,"Line",NA,NA,NA,NA,"rockfish","quillback",147,147,7,"","",NA,"",NA
"1391","SL_2022_CSEO_Dive_29_08-13-06.000.avi",10516,"8:20:28",NA,NA,NA,9.655,1.483,2003.259,26.998,NA,NA,-638.448,-654.74,-1782.343,1,"KelliiWood",70,"N/A",2022,29,30,"Line",NA,NA,NA,NA,"rockfish","rosethorn",150,150,8,"","",NA,"",NA
"1392","SL_2022_CSEO_Dive_29_08-13-06.000.avi",11767,"8:21:09",NA,NA,NA,18.464,0.017,2902.844,25.658,NA,NA,1253.208,-107.029,-2616.203,1,"KelliiWood",70,"N/A",2022,29,30,"Line",NA,NA,NA,NA,"rockfish","rosethorn",150,150,9,"","",NA,"",NA
"1393","SL_2022_CSEO_Dive_29_08-13-06.000.avi",12548,"8:21:35",NA,NA,NA,7.627,0.669,1854.134,12.767,NA,NA,240.026,-339.32,-1806.948,1,"KelliiWood",70,"N/A",2022,29,30,"Line",NA,NA,NA,NA,"rockfish","quillback",147,147,10,"","",NA,"",NA
"1394","SL_2022_CSEO_Dive_29_08-13-06.000.avi",14015,"8:22:24",NA,NA,NA,48.829,0.081,4677.402,15.228,NA,NA,-698.45,992.601,-4517.189,1,"KelliiWood",70,"N/A",2022,29,30,"Line",NA,NA,NA,NA,"rockfish","quillback",147,147,11,"","",NA,"",NA
"1395","SL_2022_CSEO_Dive_29_08-13-06.000.avi",14818,"8:22:51",NA,NA,NA,17.474,1.095,2744.808,26.84,NA,NA,-1166.055,-429.533,-2447.405,1,"KelliiWood",70,"N/A",2022,29,30,"Line",NA,NA,NA,NA,"rockfish","rosethorn",150,150,12,"","",NA,"",NA
"1396","SL_2022_CSEO_Dive_29_08-13-06.000.avi",21063,"8:26:19",NA,NA,NA,68.407,0.184,5665.096,18.335,NA,NA,146.946,1754.451,-5384.573,1,"KelliiWood",70,"N/A",2022,29,30,"Line",NA,NA,NA,NA,"rockfish","rosethorn",150,150,13,"","",NA,"",NA
"1397","SL_2022_CSEO_Dive_29_08-13-06.000.avi",21756,"8:26:42",NA,NA,NA,7.874,0.015,1907.231,31.406,NA,NA,953.567,-286.599,-1626.684,1,"KelliiWood",70,"N/A",2022,29,30,"Line",NA,NA,NA,NA,"rockfish","rosethorn",150,150,14,"","",NA,"",NA
"1398","SL_2022_CSEO_Dive_29_08-13-06.000.avi",21756,"8:26:42",NA,NA,NA,16.983,0.042,2724.37,16.82,NA,NA,577.532,526.124,-2609.951,1,"KelliiWood",70,"N/A",2022,29,30,"Line",NA,NA,NA,NA,"rockfish","quillback",147,147,15,"","",NA,"",NA
"1399","SL_2022_CSEO_Dive_29_08-13-06.000.avi",22206,"8:26:57",NA,NA,NA,27.81,0.743,3591.811,32.974,NA,NA,1792.365,768.35,-3016.317,1,"KelliiWood",70,"N/A",2022,29,30,"Line",NA,NA,NA,NA,"rockfish","rosethorn",150,150,16,"","",NA,"",NA
"1400","SL_2022_CSEO_Dive_29_08-13-06.000.avi",25236,"8:28:38",NA,NA,1223.794,32.477,0.977,3340.723,13.684,17.445,12.131,-751.002,-246.207,-3245.892,1,"KelliiWood",70,"N/A",2022,29,30,"Line",NA,NA,NA,NA,"greenling","lingcod",130,130,17,"","",NA,"",NA
"1401","SL_2022_CSEO_Dive_29_08-13-06.000.avi",27282,"8:29:46",NA,NA,NA,32.618,1.291,3938.631,10.671,NA,NA,375.796,609.562,-3872.986,1,"KelliiWood",70,"N/A",2022,29,30,"Line",NA,NA,NA,NA,"rockfish","rosethorn",150,150,18,"","",NA,"",NA
"1402","SL_2022_CSEO_Dive_29_08-13-06.000.avi",30311,"8:31:27",NA,NA,NA,10.468,0.08,2295.4,5.517,NA,NA,15.813,-229.241,-2283.87,1,"KelliiWood",70,"N/A",2022,29,30,"Line",NA,NA,NA,NA,"rockfish","rosethorn",150,150,19,"","",NA,"",NA
"1403","SL_2022_CSEO_Dive_29_08-13-06.000.avi",30311,"8:31:27",NA,NA,NA,51.173,0.755,4718.168,22.907,NA,NA,696.069,1682.048,-4352.851,1,"KelliiWood",70,"N/A",2022,29,30,"Line",NA,NA,NA,NA,"rockfish","silvergray",157,157,20,"","",NA,"",NA
"1404","SL_2022_CSEO_Dive_29_08-13-06.000.avi",30442,"8:31:32",NA,NA,NA,40,1.629,4333.751,29.064,NA,NA,-2097.531,164.996,-3788.738,1,"KelliiWood",70,"N/A",2022,29,30,"Line",NA,NA,NA,NA,"rockfish","quillback",147,147,21,"","",NA,"",NA
"1405","SL_2022_CSEO_Dive_29_08-13-06.000.avi",30442,"8:31:32",NA,NA,NA,21.37,1.201,3131.535,31.762,NA,NA,1542.716,570.175,-2664.853,1,"KelliiWood",70,"N/A",2022,29,30,"Line",NA,NA,NA,NA,"rockfish","silvergray",157,157,22,"","",NA,"",NA
"1406","SL_2022_CSEO_Dive_29_08-13-06.000.avi",30442,"8:31:32",NA,NA,NA,22.941,0.48,3262.116,14.841,NA,NA,819.351,151.015,-3153.928,1,"KelliiWood",70,"N/A",2022,29,30,"Line",NA,NA,NA,NA,"rockfish","rosethorn",150,150,23,"","",NA,"",NA
"1407","SL_2022_CSEO_Dive_29_08-13-06.000.avi",30757,"8:31:42",NA,NA,NA,130.393,2.553,7698.838,34.082,NA,NA,3471.805,2535.55,-6386.678,1,"KelliiWood",70,"N/A",2022,29,30,"Line",NA,NA,NA,NA,"rockfish","yelloweye",145,145,24,"AD","Fish milling/hovering",NA,"NO LENGTH - too far away",NA
"1408","SL_2022_CSEO_Dive_29_08-13-06.000.avi",31986,"8:32:23",NA,NA,NA,6.84,0.562,1736.663,22.26,NA,NA,-134.666,-650.351,-1604.651,1,"KelliiWood",70,"N/A",2022,29,30,"Line",NA,NA,NA,NA,"rockfish","rosethorn",150,150,25,"","",NA,"",NA
"1409","SL_2022_CSEO_Dive_29_08-13-06.000.avi",34134,"8:33:35",NA,NA,NA,52.725,0.58,4825.431,16.753,NA,NA,812.628,1110.292,-4625.113,1,"KelliiWood",70,"N/A",2022,29,30,"Line",NA,NA,NA,NA,"rockfish","rosethorn",150,150,26,"","",NA,"",NA
"1410","SL_2022_CSEO_Dive_29_08-13-06.000.avi",34628,"8:33:51",NA,NA,NA,27.586,1.104,3559.784,26.324,NA,NA,1569.048,160.313,-3191.308,1,"KelliiWood",70,"N/A",2022,29,30,"Line",NA,NA,NA,NA,"rockfish","quillback",147,147,27,"","",NA,"",NA
"1411","SL_2022_CSEO_Dive_29_08-13-06.000.avi",34907,"8:34:01",NA,NA,NA,18.432,0.056,2941.272,12.951,NA,NA,652.415,-105.651,-2866.056,1,"KelliiWood",70,"N/A",2022,29,30,"Line",NA,NA,NA,NA,"rockfish","rosethorn",150,150,28,"","",NA,"",NA
"1412","SL_2022_CSEO_Dive_29_08-13-06.000.avi",35018,"8:34:04",NA,NA,NA,10.836,0.501,2210.526,17.3,NA,NA,153.303,-647.67,-2107.948,1,"KelliiWood",70,"N/A",2022,29,30,"Line",NA,NA,NA,NA,"rockfish","tiger",148,148,29,"","",NA,"",NA
"1413","SL_2022_CSEO_Dive_29_08-13-06.000.avi",36329,"8:34:48",NA,NA,NA,19.154,0.83,2947.164,29.519,NA,NA,-1421.383,-307.289,-2563.4,1,"KelliiWood",70,"N/A",2022,29,30,"Line",NA,NA,NA,NA,"rockfish","rosethorn",150,150,30,"","",NA,"",NA
"1414","SL_2022_CSEO_Dive_29_08-13-06.000.avi",39777,"8:36:43",NA,NA,NA,41.327,0.165,4427.476,13.218,NA,NA,238.033,966.735,-4314.082,1,"KelliiWood",70,"N/A",2022,29,30,"Line",NA,NA,NA,NA,"rockfish","quillback",147,147,31,"","",NA,"",NA
"1415","SL_2022_CSEO_Dive_29_08-13-06.000.avi",40592,"8:37:10",NA,NA,NA,11.05,0.024,2167.099,28.424,NA,NA,-903.392,-505.547,-1903.844,1,"KelliiWood",70,"N/A",2022,29,30,"Line",NA,NA,NA,NA,"rockfish","rosethorn",150,150,32,"","",NA,"",NA
"1416","SL_2022_CSEO_Dive_29_08-13-06.000.avi",41621,"8:37:44",NA,NA,NA,47.414,2.024,4765.426,30.522,NA,NA,-2410.979,195.112,-4105.898,1,"KelliiWood",70,"N/A",2022,29,30,"Line",NA,NA,NA,NA,"rockfish","rosethorn",150,150,33,"","",NA,"",NA
"1417","SL_2022_CSEO_Dive_29_08-13-06.000.avi",43401,"8:38:44",NA,NA,NA,75.807,5.174,5808.994,16.902,NA,NA,822.312,1452.937,-5563.919,1,"KelliiWood",70,"N/A",2022,29,30,"Line",NA,NA,NA,NA,"rockfish","tiger",148,148,34,"","",NA,"",NA
"1418","SL_2022_CSEO_Dive_29_08-13-06.000.avi",45080,"8:39:40",NA,NA,NA,63.388,0.653,5303.237,28.691,NA,NA,-2436.124,721.236,-4655.045,1,"KelliiWood",70,"N/A",2022,29,30,"Line",NA,NA,NA,NA,"rockfish","quillback",147,147,35,"","",NA,"",NA
"1419","SL_2022_CSEO_Dive_29_08-13-06.000.avi",45205,"8:39:44",NA,NA,298.969,140.87,0.761,5053.231,26.632,66.207,9.573,-2131.27,767.184,-4517.108,1,"KelliiWood",70,"N/A",2022,29,30,"Line",NA,NA,NA,NA,"rockfish","yelloweye",145,145,36,"JV","Fish milling/hovering",NA,"",NA
"1420","SL_2022_CSEO_Dive_29_08-13-06.000.avi",46399,"8:40:24",NA,NA,NA,45.301,2.405,4616.889,13.423,NA,NA,-301.802,1010.37,-4494.857,1,"KelliiWood",70,"N/A",2022,29,30,"Line",NA,NA,NA,NA,"rockfish","rosethorn",150,150,37,"","",NA,"",NA
"1421","SL_2022_CSEO_Dive_29_08-13-06.000.avi",48371,"8:41:29",NA,NA,458.394,205.134,1.727,6070.494,18.741,56.246,5.286,1116.04,1599.498,-5748.649,1,"KelliiWood",70,"N/A",2022,29,30,"Line",NA,NA,NA,NA,"rockfish","yelloweye",145,145,38,"SU","Fish milling/hovering",NA,"",NA
"1422","SL_2022_CSEO_Dive_29_08-13-06.000.avi",49270,"8:41:59",NA,NA,NA,15.543,0.137,2573.566,20.689,NA,NA,792.097,-456.012,-2405.801,1,"KelliiWood",70,"N/A",2022,29,30,"Line",NA,NA,NA,NA,"rockfish","rosethorn",150,150,39,"","",NA,"",NA
"1423","SL_2022_CSEO_Dive_29_08-13-06.000.avi",50313,"8:42:34",NA,NA,NA,31.426,1.312,3825.006,11.745,NA,NA,508.353,574.722,-3747.258,1,"KelliiWood",70,"N/A",2022,29,30,"Line",NA,NA,NA,NA,"rockfish","quillback",147,147,40,"","",NA,"",NA
"1424","SL_2022_CSEO_Dive_29_08-13-06.000.avi",51504,"8:43:14",NA,NA,NA,27.836,0.378,3486.987,19.966,NA,NA,-1139.617,-358.143,-3275.986,1,"KelliiWood",70,"N/A",2022,29,30,"Line",NA,NA,NA,NA,"rockfish","quillback",147,147,41,"","",NA,"",NA
"1425","SL_2022_CSEO_Dive_29_08-13-06.000.avi",56196,"8:45:50",NA,NA,NA,13.823,0.071,2518.62,11.614,NA,NA,-415.607,-300.302,-2465.874,1,"KelliiWood",70,"N/A",2022,29,30,"Line",NA,NA,NA,NA,"rockfish","rosethorn",150,150,42,"","",NA,"",NA
"1426","SL_2022_CSEO_Dive_29_08-13-06.000.avi",57125,"8:46:21",NA,NA,NA,60.355,0.213,5126.602,17.823,NA,NA,1047.407,1148.892,-4885.185,1,"KelliiWood",70,"N/A",2022,29,30,"Line",NA,NA,NA,NA,"rockfish","rosethorn",150,150,43,"","",NA,"",NA
"1427","SL_2022_CSEO_Dive_29_08-13-06.000.avi",61682,"8:48:53",NA,NA,NA,47.872,0.293,4528.51,20.745,NA,NA,-1408.354,750.816,-4237.949,1,"KelliiWood",70,"N/A",2022,29,30,"Line",NA,NA,NA,NA,"rockfish","rosethorn",150,150,44,"","",NA,"",NA
"1428","SL_2022_CSEO_Dive_29_08-13-06.000.avi",62098,"8:49:07",NA,NA,NA,36.955,0.023,4065.568,22.887,NA,NA,-1560.277,241.178,-3746.494,1,"KelliiWood",70,"N/A",2022,29,30,"Line",NA,NA,NA,NA,"rockfish","rosethorn",150,150,45,"","",NA,"",NA
"1429","SL_2022_CSEO_Dive_29_08-13-06.000.avi",65348,"8:50:55",NA,NA,NA,54.816,0.675,4820.813,28.785,NA,NA,-1943.482,1252.458,-4230.185,1,"KelliiWood",70,"N/A",2022,29,30,"Line",NA,NA,NA,NA,"rockfish","quillback",147,147,46,"","",NA,"",NA
"1430","SL_2022_CSEO_Dive_29_08-13-06.000.avi",67155,"8:51:56",NA,NA,NA,49.632,0.061,4880.417,15.113,NA,NA,2.314,1253.554,-4716.68,1,"KelliiWood",70,"N/A",2022,29,30,"Line",NA,NA,NA,NA,"rockfish","rosethorn",150,150,47,"","",NA,"",NA
"1431","SL_2022_CSEO_Dive_29_08-13-06.000.avi",67696,"8:52:14",NA,NA,NA,35.918,1.166,4025.396,14.039,NA,NA,-764.057,592.454,-3907.56,1,"KelliiWood",70,"N/A",2022,29,30,"Line",NA,NA,NA,NA,"rockfish","rosethorn",150,150,48,"","",NA,"",NA
"1432","SL_2022_CSEO_Dive_29_08-13-06.000.avi",68602,"8:52:44",NA,NA,NA,41.169,0.367,4247.604,16.905,NA,NA,895.104,834.8,-4067.437,1,"KelliiWood",70,"N/A",2022,29,30,"Line",NA,NA,NA,NA,"rockfish","tiger",148,148,49,"","",NA,"",NA
"1433","SL_2022_CSEO_Dive_29_08-13-06.000.avi",70532,"8:53:48",NA,NA,NA,44.335,1.577,4420.824,32.055,NA,NA,1928.28,1321.638,-3752.159,1,"KelliiWood",70,"N/A",2022,29,30,"Line",NA,NA,NA,NA,"rockfish","yelloweye",145,145,50,"SU","Fish milling/hovering",NA,"NO LENGTH - facing away",NA
"1434","SL_2022_CSEO_Dive_29_08-13-06.000.avi",72909,"8:55:07",NA,NA,NA,40.084,0.594,4199.915,28.455,NA,NA,-1898.635,617.451,-3695.028,1,"KelliiWood",70,"N/A",2022,29,30,"Line",NA,NA,NA,NA,"rockfish","quillback",147,147,51,"","",NA,"",NA
"1435","SL_2022_CSEO_Dive_30_09-03-37.000.avi",1730,"9:34:17",NA,NA,NA,22.157,0.265,3158.936,23.041,NA,NA,1223.133,168.716,-2907.638,1,"KelliiWood",90,"N/A",2022,30,32,"Line",NA,NA,NA,NA,"rockfish","rosethorn",150,150,1,"","",NA,"",NA
"1436","SL_2022_CSEO_Dive_30_09-03-37.000.avi",2856,"9:34:54",NA,NA,NA,12.879,0.17,2381.432,23.994,NA,NA,-954.09,-174.469,-2174.969,1,"KelliiWood",90,"N/A",2022,30,32,"Line",NA,NA,NA,NA,"rockfish","rosethorn",150,150,2,"","",NA,"",NA
"1437","SL_2022_CSEO_Dive_30_09-03-37.000.avi",5795,"9:36:32",NA,NA,NA,24.77,0.995,3315.732,19.425,NA,NA,-1066.82,266.583,-3128.084,1,"KelliiWood",90,"N/A",2022,30,32,"Line",NA,NA,NA,NA,"greenling","lingcod",130,130,3,"","",NA,"NO LENGTH - partial view only",NA
"1438","SL_2022_CSEO_Dive_30_09-03-37.000.avi",7527,"9:37:30",NA,NA,NA,43.795,1.231,4642.551,10.02,NA,NA,177.058,769.845,-4574.852,1,"KelliiWood",90,"N/A",2022,30,32,"Line",NA,NA,NA,NA,"rockfish","rosethorn",150,150,4,"","",NA,"",NA
"1439","SL_2022_CSEO_Dive_30_09-03-37.000.avi",8094,"9:37:49",NA,NA,NA,37.484,0.112,4106.999,29.908,NA,NA,1935.375,654.898,-3562.706,1,"KelliiWood",90,"N/A",2022,30,32,"Line",NA,NA,NA,NA,"rockfish","yelloweye",145,145,5,"AD","Fish resting on bottom",NA,"NO LENGTH - wrong angle",NA
"1440","SL_2022_CSEO_Dive_30_09-03-37.000.avi",8525,"9:38:03",NA,NA,NA,13.709,0.263,2624.711,6.16,NA,NA,-277.282,-59.71,-2609.34,1,"KelliiWood",90,"N/A",2022,30,32,"Line",NA,NA,NA,NA,"rockfish","rosethorn",150,150,6,"","",NA,"",NA
"1441","SL_2022_CSEO_Dive_30_09-03-37.000.avi",9121,"9:38:23",NA,NA,NA,28.949,0.807,3775,31.821,NA,NA,1978.084,208.776,-3208.461,1,"KelliiWood",90,"N/A",2022,30,32,"Line",NA,NA,NA,NA,"rockfish","rosethorn",150,150,7,"","",NA,"",NA
"1442","SL_2022_CSEO_Dive_30_09-03-37.000.avi",9854,"9:38:47",NA,NA,NA,20.813,0.83,3043.387,18.062,NA,NA,-904.336,257.727,-2894.47,1,"KelliiWood",90,"N/A",2022,30,32,"Line",NA,NA,NA,NA,"rockfish","rosethorn",150,150,8,"","",NA,"",NA
"1443","SL_2022_CSEO_Dive_30_09-03-37.000.avi",10298,"9:39:02",NA,NA,NA,19.241,0.142,2942.461,19.28,NA,NA,-959.297,142.881,-2778.023,1,"KelliiWood",90,"N/A",2022,30,32,"Line",NA,NA,NA,NA,"rockfish","rosethorn",150,150,9,"","",NA,"",NA
"1444","SL_2022_CSEO_Dive_30_09-03-37.000.avi",10509,"9:39:09",NA,NA,NA,67.13,0.315,5335.844,21.579,NA,NA,-1640.606,1056.94,-4966.137,1,"KelliiWood",90,"N/A",2022,30,32,"Line",NA,NA,NA,NA,"rockfish","yelloweye",145,145,10,"SU","Fish milling/hovering",NA,"NO LENGTH - facing away",NA
"1445","SL_2022_CSEO_Dive_30_09-03-37.000.avi",10795,"9:39:19",NA,NA,NA,58.778,2.034,4985.849,25.502,NA,NA,1804.598,1144.478,-4504.696,1,"KelliiWood",90,"N/A",2022,30,32,"Line",NA,NA,NA,NA,"rockfish","rosethorn",150,150,11,"","",NA,"",NA
"1446","SL_2022_CSEO_Dive_30_09-03-37.000.avi",11269,"9:39:35",NA,NA,NA,24.566,0.164,3348.432,13.097,NA,NA,-622.817,420.295,-3263.043,1,"KelliiWood",90,"N/A",2022,30,32,"Line",NA,NA,NA,NA,"rockfish","rosethorn",150,150,12,"","",NA,"",NA
"1447","SL_2022_CSEO_Dive_30_09-03-37.000.avi",12676,"9:40:22",NA,NA,NA,18.896,0.196,2970.572,14.787,NA,NA,753.789,69.992,-2872.491,1,"KelliiWood",90,"N/A",2022,30,32,"Line",NA,NA,NA,NA,"rockfish","rosethorn",150,150,13,"","",NA,"",NA
"1448","SL_2022_CSEO_Dive_30_09-03-37.000.avi",12908,"9:40:29",NA,NA,NA,23.643,0.074,3279.586,24.17,NA,NA,-1342.433,-42.818,-2991.943,1,"KelliiWood",90,"N/A",2022,30,32,"Line",NA,NA,NA,NA,"rockfish","rosethorn",150,150,14,"","",NA,"",NA
"1449","SL_2022_CSEO_Dive_30_09-03-37.000.avi",13181,"9:40:38",NA,NA,NA,8.488,0.039,1885.084,26.338,NA,NA,660.982,-519.191,-1687.331,1,"KelliiWood",90,"N/A",2022,30,32,"Line",NA,NA,NA,NA,"rockfish","rosethorn",150,150,15,"","",NA,"",NA
"1450","SL_2022_CSEO_Dive_30_09-03-37.000.avi",14269,"9:41:15",NA,NA,NA,99.904,2.148,6586.032,18.139,NA,NA,1442.477,1432.166,-6264.502,1,"KelliiWood",90,"N/A",2022,30,32,"Line",NA,NA,NA,NA,"greenling","lingcod",130,130,16,"","",NA,"NO LENGTH - too far away",NA
"1451","SL_2022_CSEO_Dive_30_09-03-37.000.avi",15234,"9:41:47",NA,NA,NA,17.378,0.478,2788.999,20.989,NA,NA,989.553,-147.386,-2603.378,1,"KelliiWood",90,"N/A",2022,30,32,"Line",NA,NA,NA,NA,"rockfish","rosethorn",150,150,17,"","",NA,"",NA
"1452","SL_2022_CSEO_Dive_30_09-03-37.000.avi",16884,"9:42:42",NA,NA,NA,12.302,0.241,2289.458,20.588,NA,NA,-726.746,-354.966,-2141.835,1,"KelliiWood",90,"N/A",2022,30,32,"Line",NA,NA,NA,NA,"rockfish","rosethorn",150,150,18,"","",NA,"",NA
"1453","SL_2022_CSEO_Dive_30_09-03-37.000.avi",19179,"9:43:58",NA,NA,704.706,94.171,1.708,4412.116,13.199,44.19,14.132,-617.981,795.6,-4295.566,1,"KelliiWood",90,"N/A",2022,30,32,"Line",NA,NA,NA,NA,"greenling","lingcod",130,130,19,"","",NA,"",NA
"1454","SL_2022_CSEO_Dive_30_09-03-37.000.avi",22738,"9:45:57",NA,NA,472.78,40.705,0.683,3696.14,25.894,13.408,3.407,1503.211,587.965,-3325.072,1,"KelliiWood",90,"N/A",2022,30,32,"Line",NA,NA,NA,NA,"greenling","lingcod",130,130,20,"","",NA,"",NA
"1455","SL_2022_CSEO_Dive_30_09-03-37.000.avi",23259,"9:46:14",NA,NA,NA,21.984,2.758,3199.211,11.751,NA,NA,-562.436,316.396,-3133.45,1,"KelliiWood",90,"N/A",2022,30,32,"Line",NA,NA,NA,NA,"rockfish","quillback",147,147,21,"","",NA,"",NA
"1456","SL_2022_CSEO_Dive_30_09-03-37.000.avi",23259,"9:46:14",NA,NA,NA,21.702,0.237,3146.364,18.227,NA,NA,-982.755,-63.954,-2988.262,1,"KelliiWood",90,"N/A",2022,30,32,"Line",NA,NA,NA,NA,"rockfish","rosethorn",150,150,22,"","",NA,"",NA
"1457","SL_2022_CSEO_Dive_30_09-03-37.000.avi",25290,"9:47:22",NA,NA,NA,54.568,0.596,4939.515,32.091,NA,NA,2280.313,1281.947,-4189.94,1,"KelliiWood",90,"N/A",2022,30,32,"Line",NA,NA,NA,NA,"rockfish","quillback",147,147,23,"","",NA,"",NA
"1458","SL_2022_CSEO_Dive_30_09-03-37.000.avi",30573,"9:50:18",NA,NA,261.103,11.338,0.741,2121.957,11.568,21.262,30.792,-395.526,-156.919,-2078.854,1,"KelliiWood",90,"N/A",2022,30,32,"Line",NA,NA,NA,NA,"halibut","halibut",200,200,24,"","",NA,"",NA
"1459","SL_2022_CSEO_Dive_30_09-03-37.000.avi",32968,"9:51:38",NA,NA,NA,9.906,3.566,2127.61,11.559,NA,NA,-288.611,-322.123,-2083.186,1,"KelliiWood",90,"N/A",2022,30,32,"Line",NA,NA,NA,NA,"rockfish","rosethorn",150,150,25,"","",NA,"",NA
"1460","SL_2022_CSEO_Dive_30_09-03-37.000.avi",34688,"9:52:35",NA,NA,603.564,141.466,1.148,4966.223,24.294,66.801,12.916,-1941.849,635.64,-4526.428,1,"KelliiWood",90,"N/A",2022,30,32,"Line",NA,NA,NA,NA,"greenling","lingcod",130,130,26,"","",NA,"",NA
"1461","SL_2022_CSEO_Dive_30_09-03-37.000.avi",44873,"9:58:15",NA,NA,382.554,48.32,1.514,2999.313,20.664,55.29,15.342,977.393,406.204,-2806.347,1,"KelliiWood",90,"N/A",2022,30,32,"Line",NA,NA,NA,NA,"halibut","halibut",200,200,27,"","",NA,"",NA
"1462","SL_2022_CSEO_Dive_30_09-03-37.000.avi",50033,"10:01:07",NA,NA,NA,14.147,4.775,2508.344,28.437,NA,NA,1144.848,-349.543,-2204.298,1,"KelliiWood",90,"N/A",2022,30,32,"Line",NA,NA,NA,NA,"rockfish","quillback",147,147,28,"","",NA,"",NA
"1463","SL_2022_CSEO_Dive_30_09-03-37.000.avi",50034,"10:01:07",NA,NA,NA,48.585,0.305,4647.015,16.589,NA,NA,-1198.861,550.459,-4455.836,1,"KelliiWood",90,"N/A",2022,30,32,"Line",NA,NA,NA,NA,"rockfish","quillback",147,147,29,"","",NA,"",NA
"1464","SL_2022_CSEO_Dive_30_09-03-37.000.avi",50034,"10:01:07",NA,NA,NA,55.833,2.124,4917.044,19.819,NA,NA,-1503.146,702.441,-4628.655,1,"KelliiWood",90,"N/A",2022,30,32,"Line",NA,NA,NA,NA,"rockfish","quillback",147,147,30,"","",NA,"",NA
"1465","SL_2022_CSEO_Dive_30_09-03-37.000.avi",50196,"10:01:12",NA,NA,NA,36.262,1.831,4121.739,30.982,NA,NA,-2085.678,375.489,-3535.207,1,"KelliiWood",90,"N/A",2022,30,32,"Line",NA,NA,NA,NA,"rockfish","rosethorn",150,150,31,"","",NA,"",NA
"1466","SL_2022_CSEO_Dive_30_09-03-37.000.avi",50374,"10:01:18",NA,NA,NA,50.054,0.908,4585.299,25.323,NA,NA,1529.842,1210.532,-4149.598,1,"KelliiWood",90,"N/A",2022,30,32,"Line",NA,NA,NA,NA,"rockfish","silvergray",157,157,32,"","",NA,"",NA
"1467","SL_2022_CSEO_Dive_30_09-03-37.000.avi",50463,"10:01:21",NA,NA,NA,64.5,0.014,5250.726,20.531,NA,NA,1170.33,1402.087,-4922.865,1,"KelliiWood",90,"N/A",2022,30,32,"Line",NA,NA,NA,NA,"rockfish","quillback",147,147,33,"","",NA,"",NA
"1468","SL_2022_CSEO_Dive_30_09-03-37.000.avi",50682,"10:01:28",NA,NA,590.05,160.023,1.122,5458.691,15.332,50.53,10.242,-1159.788,859.073,-5264.427,1,"KelliiWood",90,"N/A",2022,30,32,"Line",NA,NA,NA,NA,"rockfish","yelloweye",145,145,34,"AD","Fish milling/hovering",NA,"",NA
"1469","SL_2022_CSEO_Dive_30_09-03-37.000.avi",50836,"10:01:34",NA,NA,NA,72.653,0.502,5594.365,28.622,NA,NA,2337.114,1291.662,-4915.936,1,"KelliiWood",90,"N/A",2022,30,32,"Line",NA,NA,NA,NA,"rockfish","quillback",147,147,35,"","",NA,"",NA
"1470","SL_2022_CSEO_Dive_30_09-03-37.000.avi",53263,"10:02:54",NA,NA,NA,17.853,0.212,3068.919,3.139,NA,NA,-168.043,-13.599,-3064.284,1,"KelliiWood",90,"N/A",2022,30,32,"Line",NA,NA,NA,NA,"rockfish","rosethorn",150,150,36,"","",NA,"",NA
"1471","SL_2022_CSEO_Dive_31_11-38-24.000.avi",509,"11:51:00",NA,NA,NA,12.645,0.03,2395.336,17.686,NA,NA,-723.617,68.011,-2282.409,1,"KelliiWood",135,"N/A",2022,31,31,"Line",NA,NA,NA,NA,"rockfish","rosethorn",150,150,1,"","",NA,"",NA
"1472","SL_2022_CSEO_Dive_31_11-38-24.000.avi",1219,"11:51:24",NA,NA,NA,67.448,0.294,5334.954,22.519,NA,NA,1502.161,1365.239,-4933.697,1,"KelliiWood",135,"N/A",2022,31,31,"Line",NA,NA,NA,NA,"rockfish","rosethorn",150,150,2,"","",NA,"",NA
"1473","SL_2022_CSEO_Dive_31_11-38-24.000.avi",3802,"11:52:50",NA,NA,NA,19.504,1.686,3025.707,28.74,NA,NA,-1454.313,30.121,-2653.105,1,"KelliiWood",135,"N/A",2022,31,31,"Line",NA,NA,NA,NA,"rockfish","rosethorn",150,150,3,"","",NA,"",NA
"1474","SL_2022_CSEO_Dive_31_11-38-24.000.avi",5947,"11:54:01",NA,NA,NA,26.016,0.833,3480.436,12.689,NA,NA,-714.963,257.176,-3396.487,1,"KelliiWood",135,"N/A",2022,31,31,"Line",NA,NA,NA,NA,"rockfish","rosethorn",150,150,4,"","",NA,"",NA
"1475","SL_2022_CSEO_Dive_31_11-38-24.000.avi",5947,"11:54:01",NA,NA,NA,39.457,0.939,4402.584,8.794,NA,NA,298.453,585.89,-4353.206,1,"KelliiWood",135,"N/A",2022,31,31,"Line",NA,NA,NA,NA,"rockfish","rosethorn",150,150,5,"","",NA,"",NA
"1476","SL_2022_CSEO_Dive_31_11-38-24.000.avi",7056,"11:54:38",NA,NA,NA,18.949,0.449,3019.251,11.131,NA,NA,-579.401,51.769,-2962.683,1,"KelliiWood",135,"N/A",2022,31,31,"Line",NA,NA,NA,NA,"skate","longnose skate",701,701,6,"","",NA,"",NA
"1477","SL_2022_CSEO_Dive_31_11-38-24.000.avi",9700,"11:56:06",NA,NA,NA,17.848,0.15,2888.519,12.893,NA,NA,619.824,165.38,-2816.383,1,"KelliiWood",135,"N/A",2022,31,31,"Line",NA,NA,NA,NA,"rockfish","greenstripe",135,135,7,"","",NA,"",NA
"1478","SL_2022_CSEO_Dive_31_11-38-24.000.avi",10007,"11:56:17",NA,NA,NA,38.579,1.101,4263.18,30.467,NA,NA,2125.387,379.453,-3676.064,1,"KelliiWood",135,"N/A",2022,31,31,"Line",NA,NA,NA,NA,"rockfish","rosethorn",150,150,8,"","",NA,"",NA
"1479","SL_2022_CSEO_Dive_31_11-38-24.000.avi",10874,"11:56:45",NA,NA,NA,20.017,2.2,3045.974,15.983,NA,NA,-838.236,15.971,-2928.321,1,"KelliiWood",135,"N/A",2022,31,31,"Line",NA,NA,NA,NA,"rockfish","rosethorn",150,150,9,"","",NA,"",NA
"1480","SL_2022_CSEO_Dive_31_11-38-24.000.avi",14759,"11:58:55",NA,NA,NA,15.712,1.051,2656.542,25.066,NA,NA,-1120.71,-113.176,-2405.913,1,"KelliiWood",135,"N/A",2022,31,31,"Line",NA,NA,NA,NA,"rockfish","rosethorn",150,150,10,"","",NA,"",NA
"1481","SL_2022_CSEO_Dive_31_11-38-24.000.avi",15843,"11:59:31",NA,NA,NA,11.709,0.092,2297.426,30.739,NA,NA,-1119.404,346.838,-1976.058,1,"KelliiWood",135,"N/A",2022,31,31,"Line",NA,NA,NA,NA,"rockfish","yelloweye",145,145,11,"AD","Fish resting on bottom",NA,"NO LENGTH - partial view only",NA
"1482","SL_2022_CSEO_Dive_31_11-38-24.000.avi",17856,"12:00:38",NA,NA,NA,51.605,0.232,4965.614,36.374,NA,NA,-2462.392,1599.202,-4004.561,1,"KelliiWood",135,"N/A",2022,31,31,"Line",NA,NA,NA,NA,"rockfish","yelloweye",145,145,12,"AD","Fish milling/hovering",NA,"NO LENGTH - too far away",NA
"1483","SL_2022_CSEO_Dive_31_11-38-24.000.avi",18202,"12:00:50",NA,NA,382.13,46.027,1.628,5322.888,15.341,9.791,10.308,835.633,1133.566,-5133.213,1,"KelliiWood",135,"N/A",2022,31,31,"Line",NA,NA,NA,NA,"rockfish","yelloweye",145,145,13,"AD","Fish milling/hovering",NA,"",NA
"1484","SL_2022_CSEO_Dive_31_11-38-24.000.avi",19640,"12:01:38",NA,NA,NA,105.822,9.436,7036.259,33.991,NA,NA,3503.637,1765.092,-5841.054,1,"KelliiWood",135,"N/A",2022,31,31,"Line",NA,NA,NA,NA,"rockfish","yelloweye",145,145,14,"AD","Fish milling/hovering",NA,"NO LENGTH - too far away",NA
"1485","SL_2022_CSEO_Dive_31_11-38-24.000.avi",19697,"12:01:40",NA,NA,NA,118.507,3.655,7336.003,33.03,NA,NA,3466.044,1969.288,-6158.359,1,"KelliiWood",135,"N/A",2022,31,31,"Line",NA,NA,NA,NA,"rockfish","yelloweye",145,145,15,"AD","Fish milling/hovering",NA,"NO LENGTH - partial view only",NA
"1486","SL_2022_CSEO_Dive_31_11-38-24.000.avi",20287,"12:01:59",NA,NA,NA,12.626,2.327,2396.498,26.823,NA,NA,-1079.294,-75.548,-2138.368,1,"KelliiWood",135,"N/A",2022,31,31,"Line",NA,NA,NA,NA,"halibut","halibut",200,200,16,"","",NA,"",NA
"1487","SL_2022_CSEO_Dive_31_11-38-24.000.avi",20287,"12:01:59",NA,NA,NA,14.274,2.259,2615.483,11.294,NA,NA,511.599,15.428,-2564.913,1,"KelliiWood",135,"N/A",2022,31,31,"Line",NA,NA,NA,NA,"halibut","halibut",200,200,17,"","",NA,"",NA
"1488","SL_2022_CSEO_Dive_31_11-38-24.000.avi",25293,"12:04:46",NA,NA,1300.861,65.634,0.782,4497.137,23.481,24.864,21.463,1630.849,742.321,-4124.746,1,"KelliiWood",135,"N/A",2022,31,31,"Line",NA,NA,NA,NA,"halibut","halibut",200,200,18,"","",NA,"",NA
"1489","SL_2022_CSEO_Dive_31_11-38-24.000.avi",26339,"12:05:21",NA,NA,NA,32.514,1.458,3814.644,20.37,NA,NA,1296.462,272.407,-3577.218,1,"KelliiWood",135,"N/A",2022,31,31,"Line",NA,NA,NA,NA,"rockfish","rosethorn",150,150,19,"","",NA,"",NA
"1490","SL_2022_CSEO_Dive_31_11-38-24.000.avi",33771,"12:09:29",NA,NA,NA,8.213,2.596,1867.157,18.804,NA,NA,-488.27,-358.915,-1766.083,1,"KelliiWood",135,"N/A",2022,31,31,"Line",NA,NA,NA,NA,"rockfish","greenstripe",135,135,20,"","",NA,"",NA
"1491","SL_2022_CSEO_Dive_31_11-38-24.000.avi",38547,"12:12:08",NA,NA,NA,18.428,1.326,2873.025,22.542,NA,NA,-1091.934,133.436,-2654.081,1,"KelliiWood",135,"N/A",2022,31,31,"Line",NA,NA,NA,NA,"rockfish","rosethorn",150,150,21,"","",NA,"",NA
"1492","SL_2022_CSEO_Dive_31_11-38-24.000.avi",40136,"12:13:01",NA,NA,426.479,136.318,2.447,4880.107,26.67,71.731,5.452,-1818.741,1220.79,-4360.882,1,"KelliiWood",135,"N/A",2022,31,31,"Line",NA,NA,NA,NA,"rockfish","yelloweye",145,145,22,"AD","Fish milling/hovering",NA,"",NA
"1493","SL_2022_CSEO_Dive_31_11-38-24.000.avi",42424,"12:14:17",NA,NA,NA,65.555,0.732,5471.386,32.625,NA,NA,2649.905,1277.581,-4613.226,1,"KelliiWood",135,"N/A",2022,31,31,"Line",NA,NA,NA,NA,"rockfish","yelloweye",145,145,23,"AD","Fish milling/hovering",NA,"",NA
"1494","SL_2022_CSEO_Dive_31_11-38-24.000.avi",44646,"12:15:31",NA,NA,NA,68.729,2.074,5603.584,30.621,NA,NA,2718.23,851.216,-4825.641,1,"KelliiWood",135,"N/A",2022,31,31,"Line",NA,NA,NA,NA,"rockfish","yelloweye",145,145,24,"AD","Fish milling/hovering",NA,"NO LENGTH - partial view - GRAVID",NA
"1495","SL_2022_CSEO_Dive_31_11-38-24.000.avi",49776,"12:18:22",NA,NA,NA,17.487,0.631,2798.523,15.996,NA,NA,-719.16,267.665,-2691.263,1,"KelliiWood",135,"N/A",2022,31,31,"Line",NA,NA,NA,NA,"rockfish","rosethorn",150,150,25,"","",NA,"",NA
"1496","SL_2022_CSEO_Dive_31_11-38-24.000.avi",50404,"12:18:43",NA,NA,NA,6.569,2.809,1667.075,22.003,NA,NA,556.274,-290.179,-1544.505,1,"KelliiWood",135,"N/A",2022,31,31,"Line",NA,NA,NA,NA,"halibut","halibut",200,200,26,"","",NA,"NO LENGTH - partial view only",NA
"1497","SL_2022_CSEO_Dive_31_11-38-24.000.avi",50404,"12:18:43",NA,NA,NA,53.935,1.062,4769.323,27.979,NA,NA,-1858.436,1229.244,-4216.825,1,"KelliiWood",135,"N/A",2022,31,31,"Line",NA,NA,NA,NA,"rockfish","yelloweye",145,145,27,"AD","Fish milling/hovering",NA,"NO LENGTH - facing away",NA
"1498","SL_2022_CSEO_Dive_31_11-38-24.000.avi",51790,"12:19:29",NA,NA,NA,10.505,1.885,2180.839,30.63,NA,NA,1052.091,-364.832,-1875.116,1,"KelliiWood",135,"N/A",2022,31,31,"Line",NA,NA,NA,NA,"rockfish","rosethorn",150,150,28,"","",NA,"",NA
"1499","SL_2022_CSEO_Dive_31_11-38-24.000.avi",52606,"12:19:57",NA,NA,NA,86.187,2.373,6354.229,35.35,NA,NA,-3141.133,1889.521,-5190.301,1,"KelliiWood",135,"N/A",2022,31,31,"Line",NA,NA,NA,NA,"rockfish","yelloweye",145,145,29,"AD","Fish milling/hovering",NA,"NO LENGTH - too far away",NA
"1500","SL_2022_CSEO_Dive_31_11-38-24.000.avi",55450,"12:21:31",NA,NA,NA,57.058,1.807,5121.159,33.662,NA,NA,-2551.816,1226.358,-4267.383,1,"KelliiWood",135,"N/A",2022,31,31,"Line",NA,NA,NA,NA,"cod","Pacific cod",110,110,30,"","",NA,"",NA
"1501","SL_2022_CSEO_Dive_31_11-38-24.000.avi",60873,"12:24:32",NA,NA,972.901,50.289,2.519,4494.921,11.545,18.147,1.302,544.118,716.37,-4403.983,1,"KelliiWood",135,"N/A",2022,31,31,"Line",NA,NA,NA,NA,"halibut","halibut",200,200,31,"","",NA,"",NA
"1502","SL_2022_CSEO_Dive_31_11-38-24.000.avi",61519,"12:24:54",NA,NA,NA,23.091,0.471,3159.114,24.031,NA,NA,-1216.592,406.793,-2886.94,1,"KelliiWood",135,"N/A",2022,31,31,"Line",NA,NA,NA,NA,"rockfish","rosethorn",150,150,32,"","",NA,"",NA
"1503","SL_2022_CSEO_Dive_31_11-38-24.000.avi",61781,"12:25:02",NA,NA,536.137,38.587,2.149,3234.608,14.615,28.989,8.428,-730.109,364.798,-3129.945,1,"KelliiWood",135,"N/A",2022,31,31,"Line",NA,NA,NA,NA,"greenling","lingcod",130,130,33,"","",NA,"",NA
"1504","SL_2022_CSEO_Dive_31_11-38-24.000.avi",68530,"12:28:47",NA,NA,395.383,154.045,5.383,5216.298,23.612,60.806,0.54,-1936.496,784.362,-4779.595,1,"KelliiWood",135,"N/A",2022,31,31,"Line",NA,NA,NA,NA,"rockfish","yelloweye",145,145,34,"SU","Fish milling/hovering",NA,"",NA
"1505","SL_2022_CSEO_Dive_31_11-38-24.000.avi",69062,"12:29:05",NA,NA,604.042,71.127,1.249,4998.092,17.551,18.439,10.299,1395.793,568.627,-4765.432,1,"KelliiWood",135,"N/A",2022,31,31,"Line",NA,NA,NA,NA,"greenling","lingcod",130,130,35,"","",NA,"",NA
"1506","SL_2022_CSEO_Dive_31_11-38-24.000.avi",70655,"12:29:58",NA,NA,NA,7.568,2.73,1856.605,31.815,NA,NA,-930.376,-310.273,-1576.424,1,"KelliiWood",135,"N/A",2022,31,31,"Line",NA,NA,NA,NA,"rockfish","rosethorn",150,150,36,"","",NA,"",NA
"1507","SL_2022_CSEO_Dive_31_11-38-24.000.avi",71756,"12:30:35",NA,NA,NA,5.884,5.118,1581.445,17.844,NA,NA,-357.593,-333.074,-1504.047,1,"KelliiWood",135,"N/A",2022,31,31,"Line",NA,NA,NA,NA,"halibut","halibut",200,200,37,"","",NA,"",NA
"1508","SL_2022_CSEO_Dive_31_11-38-24.000.avi",72966,"12:31:15",NA,NA,524.231,77.132,2.005,4439.32,18.414,31.208,8.949,-1312.555,493.496,-4212.033,1,"KelliiWood",135,"N/A",2022,31,31,"Line",NA,NA,NA,NA,"rockfish","yelloweye",145,145,38,"AD","Fish resting on bottom",NA,"",NA
"1509","SL_2022_CSEO_Dive_31_11-38-24.000.avi",74134,"12:31:54",NA,NA,478.448,103.507,0.932,4991.866,23.202,33.193,0.175,-1927.487,390.413,-4588.147,1,"KelliiWood",135,"N/A",2022,31,31,"Line",NA,NA,NA,NA,"rockfish","yelloweye",145,145,40,"SU","Fish milling/hovering",NA,"",NA
"1510","SL_2022_CSEO_Dive_31_11-38-24.000.avi",74134,"12:31:54",NA,NA,NA,50.055,0.712,4726.363,22.564,NA,NA,-1784.065,308.412,-4365.834,1,"KelliiWood",135,"N/A",2022,31,31,"Line",NA,NA,NA,NA,"rockfish","rosethorn",150,150,39,"","",NA,"",NA
"1511","SL_2022_CSEO_Dive_31_11-38-24.000.avi",76019,"12:32:57",NA,NA,NA,20.295,1.105,3153.234,7.796,NA,NA,-195.391,-393.015,-3122.539,1,"KelliiWood",135,"N/A",2022,31,31,"Line",NA,NA,NA,NA,"halibut","halibut",200,200,41,"","",NA,"NO LENGTH - wrong angle",NA
