"","FILENAME","FRAME","TIME_MINS","PERIOD","PERIOD_TIME_MINS","LENGTH_MM","PRECISION","RMS_1_MM","RMS_2_MM","RANGE_MM","DIRECTION_DEG","HORZ_DIR_DEG","VERT_DIR_DEG","MID_X_MM","MID_Y_MM","MID_Z_MM","OPCODE","TAPE_READER","DEPTH_NOT_USED","TRIP_COMMENT","YEAR","DIVE_NO","TRANSECT_NO","USER_DEF_4","USER_DEF_5","USER_DEF_6","USER_DEF_7","USER_DEF_8","FAMILY","GENUS","SPECIES","CODE","SPECIMEN_NUMBER","STAGE","ACTIVITY","CHECK_ID","SPECIES_COMMENT","USER_DEF_ATTR"
"1","2012_6736_1_SL.avi",1656,17.3707,NA,NA,NA,11,0.474,NA,2286.528,20.089,NA,NA,767.016,122.278,-2150.569,1,"Jenny Stahl",0,NA,2012,6736,1,NA,NA,NA,NA,NA,"rockfish",NA,NA,NA,12,NA,NA,NA,"possibly greenstriped-hard to see",NA
"2","2012_6736_1_SL.avi",7613,20.6834,NA,NA,NA,53,3.003,NA,5293.941,18.963,NA,NA,-903.464,1355.15,-5037.175,1,"Jenny Stahl",0,NA,2012,6736,1,NA,NA,NA,NA,NA,"rockfish","rosethorn",150,150,13,NA,NA,NA,NA,NA
"3","2012_6736_1_SL.avi",8915,21.4075,NA,NA,NA,25,5.501,NA,3820.135,9.1,NA,NA,-138.141,-669.799,-3758.419,1,"Jenny Stahl",0,NA,2012,6736,1,NA,NA,NA,NA,NA,"rockfish","quillback",147,147,14,NA,NA,NA,NA,NA
"4","2012_6736_1_SL.avi",10327,22.1927,NA,NA,NA,39,7.147,NA,4790.037,11.856,NA,NA,-520.766,733.3,-4704.841,1,"Jenny Stahl",0,NA,2012,6736,1,NA,NA,NA,NA,NA,"rockfish","yelloweye",145,145,15,"AD","Fish milling",NA,NA,NA
"5","2012_6736_1_SL.avi",10373,22.2183,NA,NA,393.131,59,3.512,9.92,4103.408,8.636,36.931,7.372,-435.726,347.6,-4065.375,1,"Jenny Stahl",0,NA,2012,6736,1,NA,NA,NA,NA,NA,"rockfish","yelloweye",145,145,15,"AD","Fish milling",NA,NA,NA
"6","2012_6736_1_SL.avi",15554,25.0995,NA,NA,NA,43,1.158,NA,5115.169,9.087,NA,NA,-526.277,503.293,-5063.07,1,"Jenny Stahl",0,NA,2012,6736,1,NA,NA,NA,NA,NA,"rockfish","rosethorn",150,150,16,NA,NA,NA,NA,NA
"7","2012_6736_1_SL.avi",15757,25.2124,NA,NA,NA,22,3.547,NA,3248.134,20.869,NA,NA,1081.441,-477.158,-3025.422,1,"Jenny Stahl",0,NA,2012,6736,1,NA,NA,NA,NA,NA,"rockfish","rosethorn",150,150,17,NA,NA,NA,NA,NA
"8","2012_6736_1_SL.avi",16009,25.3525,NA,NA,510.539,32,2.901,4.442,4301.036,11.066,15.419,27.76,-787.437,156.264,-4225.451,1,"Jenny Stahl",0,NA,2012,6736,1,NA,NA,NA,NA,NA,"rockfish","yelloweye",145,145,18,"AD","Fish resting on bottom",NA,NA,NA
"9","2012_6736_1_SL.avi",15925,25.3058,NA,NA,NA,56,2.385,NA,5644.151,15.077,NA,NA,-767.975,1132.875,-5475.696,1,"Jenny Stahl",0,NA,2012,6736,1,NA,NA,NA,NA,NA,"rockfish","yelloweye",145,145,18,"AD","Fish resting on bottom",NA,NA,NA
"10","2012_6736_1_SL.avi",18391,26.6772,NA,NA,NA,32,2.147,NA,4497.839,5.822,NA,NA,-335.667,211.992,-4480.284,1,"Jenny Stahl",0,NA,2012,6736,1,NA,NA,NA,NA,NA,"rockfish","rosethorn",150,150,19,NA,NA,NA,NA,NA
"11","2012_6736_1_SL.avi",18596,26.7912,NA,NA,NA,43,4.691,NA,5055.254,11.752,NA,NA,477.215,804.897,-4967.897,1,"Jenny Stahl",0,NA,2012,6736,1,NA,NA,NA,NA,NA,"rockfish","tiger",148,148,20,NA,NA,NA,NA,NA
"12","2012_6736_1_SL.avi",18759,26.8818,NA,NA,NA,24,2.293,NA,3838.731,8.192,NA,NA,303.488,372.608,-3808.531,1,"Jenny Stahl",0,NA,2012,6736,1,NA,NA,NA,NA,NA,"rockfish","rosethorn",150,150,21,NA,NA,NA,NA,NA
"13","2012_6736_1_SL.avi",18888,26.9535,NA,NA,510.493,10,5.836,0.512,1944.528,14.216,21.213,7.696,-454.531,-187.263,-1881.362,1,"Jenny Stahl",0,NA,2012,6736,1,NA,NA,NA,NA,NA,"rockfish","yelloweye",145,145,22,"AD","Fish milling",NA,NA,NA
"14","2012_6736_1_SL.avi",18849,26.9319,NA,NA,NA,10,2.941,NA,2033.559,25.352,NA,NA,-868.824,17.442,-1838.533,1,"Jenny Stahl",0,NA,2012,6736,1,NA,NA,NA,NA,NA,"rockfish","yelloweye",145,145,22,"AD","Fish milling",NA,NA,NA
"15","2012_6736_1_SL.avi",22663,29.0529,NA,NA,NA,25,7.3,NA,3833.911,10.108,NA,NA,376.146,475.985,-3785.608,1,"Jenny Stahl",0,NA,2012,6736,1,NA,NA,NA,NA,NA,"rockfish","rosethorn",150,150,23,NA,NA,NA,NA,NA
"16","2012_6736_1_SL.avi",31097,33.7431,NA,NA,NA,23,0.652,NA,3502.165,16.117,NA,NA,-556.684,723.93,-3381.004,1,"Jenny Stahl",0,NA,2012,6736,1,NA,NA,NA,NA,NA,"rockfish","rosethorn",150,150,24,NA,NA,NA,NA,NA
"17","2012_6736_1_SL.avi",31129,33.7609,NA,NA,NA,36,7.9,NA,4114.488,25.205,NA,NA,-1116.644,1269.29,-3751.136,1,"Jenny Stahl",0,NA,2012,6736,1,NA,NA,NA,NA,NA,"rockfish","dusky",172,172,25,NA,NA,NA,NA,NA
"18","2012_6736_1_SL.avi",33024,34.8147,NA,NA,NA,12,0.326,NA,2691.875,2.2,NA,NA,-86.45,-114.881,-2688.032,1,"Jenny Stahl",0,NA,2012,6736,1,NA,NA,NA,NA,NA,"rockfish","rosethorn",150,150,26,NA,NA,NA,NA,NA
"19","2012_6736_1_SL.avi",34898,35.8569,NA,NA,NA,18,8.147,NA,3205.106,12.495,NA,NA,621.831,238.989,-3135.111,1,"Jenny Stahl",0,NA,2012,6736,1,NA,NA,NA,NA,NA,"rockfish","greenstripe",135,135,27,NA,NA,NA,NA,NA
"20","2012_6736_1_SL.avi",35008,35.918,NA,NA,NA,7,1.255,NA,1739.527,21.337,NA,NA,591.65,189.698,-1624.782,1,"Jenny Stahl",0,NA,2012,6736,1,NA,NA,NA,NA,NA,"rockfish","dusky",172,172,28,NA,NA,NA,NA,NA
"21","2012_6736_1_SL.avi",36139,36.547,NA,NA,NA,30,9.407,NA,3861.077,19.488,NA,NA,889.629,-1010.151,-3618.85,1,"Jenny Stahl",0,NA,2012,6736,1,NA,NA,NA,NA,NA,"rockfish",NA,NA,NA,29,NA,NA,NA,"washed out",NA
"22","2012_6736_1_SL.avi",36696,36.8567,NA,NA,NA,24,9.834,NA,3738.186,12.438,NA,NA,311.155,663.319,-3665.682,1,"Jenny Stahl",0,NA,2012,6736,1,NA,NA,NA,NA,NA,"rockfish","rosethorn",150,150,30,NA,NA,NA,NA,NA
"23","2012_6736_1_SL.avi",37050,37.0536,NA,NA,NA,28,5.311,NA,4132.666,6.659,NA,NA,-479.189,-88.413,-4103.838,1,"Jenny Stahl",0,NA,2012,6736,1,NA,NA,NA,NA,NA,"rockfish","rosethorn",150,150,31,NA,NA,NA,NA,NA
"24","2012_6736_1_SL.avi",38075,37.6236,NA,NA,NA,71,4.259,NA,5169.899,29.521,NA,NA,-2311.489,973.004,-4520.856,1,"Jenny Stahl",0,NA,2012,6736,1,NA,NA,NA,NA,NA,"rockfish","dusky",172,172,32,NA,NA,NA,NA,NA
"25","2012_6736_1_SL.avi",39555,38.4467,NA,NA,NA,31,2.37,NA,3957.303,19.392,NA,NA,1225.301,393.494,-3742.198,1,"Jenny Stahl",0,NA,2012,6736,1,NA,NA,NA,NA,NA,"rockfish","rosethorn",150,150,33,NA,NA,NA,NA,NA
"26","2012_6736_1_SL.avi",50160,44.3442,NA,NA,NA,59,1.422,NA,4868.062,27.622,NA,NA,-2118.919,683.786,-4329.047,1,"Jenny Stahl",0,NA,2012,6736,1,NA,NA,NA,NA,NA,"rockfish","rosethorn",150,150,34,NA,NA,NA,NA,NA
"27","2012_6736_1_SL.avi",52192,45.4742,NA,NA,NA,27,4.46,NA,3833.358,16.09,NA,NA,860.551,543.051,-3695.833,1,"Jenny Stahl",0,NA,2012,6736,1,NA,NA,NA,NA,NA,"rockfish","rosethorn",150,150,35,NA,NA,NA,NA,NA
"28","2012_6736_2_SL.avi",1811,17.4568,NA,NA,NA,28,4.101,NA,3928.916,21.574,NA,NA,-224.267,1347.655,-3683.736,1,"Jenny Stahl",0,NA,2012,6736,2,NA,NA,NA,NA,NA,"rockfish","rosethorn",150,150,1,NA,NA,NA,NA,NA
"29","2012_6736_2_SL.avi",3407,18.3444,NA,NA,501.21,21,3.228,1.201,4158.951,15.906,4.27,13.413,726.707,791.256,-4017.796,1,"Jenny Stahl",0,NA,2012,6736,2,NA,NA,NA,NA,NA,"rockfish","yelloweye",145,145,2,"AD","Fish milling",NA,NA,NA
"30","2012_6736_2_SL.avi",3350,18.3127,NA,NA,NA,45,0.405,NA,4919.137,21.339,NA,NA,552.849,1602.824,-4617.707,1,"Jenny Stahl",0,NA,2012,6736,2,NA,NA,NA,NA,NA,"rockfish","yelloweye",145,145,2,"AD","Fish milling",NA,NA,NA
"31","2012_6736_2_SL.avi",3367,18.3222,NA,NA,NA,39,2.509,NA,4675.368,21.136,NA,NA,282.702,1567.074,-4395.842,1,"Jenny Stahl",0,NA,2012,6736,2,NA,NA,NA,NA,NA,"rockfish","yelloweye",145,145,4,"AD","Fish milling",NA,NA,NA
"32","2012_6736_2_SL.avi",3466,18.3772,NA,NA,404.517,31,1.443,1.638,3650.085,11.209,22.665,4.656,329.352,550.723,-3593.237,1,"Jenny Stahl",0,NA,2012,6736,2,NA,NA,NA,NA,NA,"rockfish","yelloweye",145,145,4,"AD","Fish milling",NA,NA,NA
"33","2012_6736_2_SL.avi",3978,18.6619,NA,NA,NA,21,1.55,NA,3283.727,16.643,NA,NA,-936.652,16.355,-3147.265,1,"Jenny Stahl",0,NA,2012,6736,2,NA,NA,NA,NA,NA,"rockfish","yelloweye",145,145,5,"AD","Fish seeking cover",NA,"No length in crack",NA
"34","2012_6736_2_SL.avi",4969,19.213,NA,NA,NA,25,5.636,NA,3713.055,10.926,NA,NA,-477.642,-595.748,-3633.692,1,"Jenny Stahl",0,NA,2012,6736,2,NA,NA,NA,NA,NA,"rockfish","rosethorn",150,150,6,NA,NA,NA,NA,NA
"35","2012_6736_2_SL.avi",9676,21.8307,NA,NA,NA,44,7.071,NA,4656.882,22.06,NA,NA,-1173.051,1203.481,-4343.056,1,"Jenny Stahl",0,NA,2012,6736,2,NA,NA,NA,NA,NA,"skate","skate",700,700,7,NA,NA,NA,"length is wing span",NA
"36","2012_6736_2_SL.avi",9779,21.8879,NA,NA,918.229,49,2.138,2.867,3187.085,9.466,69.565,32.83,-521.093,-11.58,-3144.175,1,"Jenny Stahl",0,NA,2012,6736,2,NA,NA,NA,NA,NA,"skate","skate",700,700,7,NA,NA,NA,"length is wing span",NA
"37","2012_6736_2_SL.avi",15721,25.1923,NA,NA,NA,28,6.371,NA,4181.317,7.498,NA,NA,371.621,309.631,-4153.245,1,"Jenny Stahl",0,NA,2012,6736,2,NA,NA,NA,NA,NA,"rockfish","rosethorn",150,150,8,NA,NA,NA,NA,NA
"38","2012_6736_2_SL.avi",23608,29.5784,NA,NA,NA,19,1.246,NA,3116.32,23.872,NA,NA,622.72,1034.674,-2872.824,1,"Jenny Stahl",0,NA,2012,6736,2,NA,NA,NA,NA,NA,"rockfish","dusky",172,172,9,NA,NA,NA,NA,NA
"39","2012_6736_2_SL.avi",24608,30.1345,NA,NA,NA,33,0.715,NA,4162.779,18.84,NA,NA,1253.847,399.141,-3949.34,1,"Jenny Stahl",0,NA,2012,6736,2,NA,NA,NA,NA,NA,"rockfish","rosethorn",150,150,10,NA,NA,NA,NA,NA
"40","2012_6736_2_SL.avi",24843,30.2652,NA,NA,NA,39,4.89,NA,4882.685,12.2,NA,NA,167.939,914.443,-4793.35,1,"Jenny Stahl",0,NA,2012,6736,2,NA,NA,NA,NA,NA,"rockfish","rosethorn",150,150,11,NA,NA,NA,NA,NA
"41","2012_6736_2_SL.avi",24887,30.2896,NA,NA,NA,47,1.138,NA,4709.184,22.581,NA,NA,-1505.612,907.015,-4368.852,1,"Jenny Stahl",0,NA,2012,6736,2,NA,NA,NA,NA,NA,"rockfish","quillback",147,147,12,NA,NA,NA,NA,NA
"42","2012_6736_2_SL.avi",25915,30.8613,NA,NA,NA,25,6.236,NA,3174.596,28.011,NA,NA,-1333.188,606.484,-2816.531,1,"Jenny Stahl",0,NA,2012,6736,2,NA,NA,NA,NA,NA,"rockfish","yelloweye",145,145,13,"AD","Fish milling",NA,"no length, can't see tail",NA
"43","2012_6736_2_SL.avi",29102,32.6336,NA,NA,NA,37,7.648,NA,4533.841,15.938,NA,NA,794.239,864.045,-4379.306,1,"Jenny Stahl",0,NA,2012,6736,2,NA,NA,NA,NA,NA,"rockfish","rosethorn",150,150,14,NA,NA,NA,NA,NA
"44","2012_6736_2_SL.avi",33367,35.0055,NA,NA,NA,31,12.167,NA,3659.749,29.848,NA,NA,1360.843,1141.635,-3199.771,1,"Jenny Stahl",0,NA,2012,6736,2,NA,NA,NA,NA,NA,"rockfish","rosethorn",150,150,15,NA,NA,NA,NA,NA
"45","2012_6736_2_SL.avi",33872,35.2863,NA,NA,NA,51,8.987,NA,5104.903,23.716,NA,NA,-928.937,1729.327,-4712.381,1,"Jenny Stahl",0,NA,2012,6736,2,NA,NA,NA,NA,NA,"rockfish","silvergray",157,157,16,NA,NA,NA,NA,NA
"46","2012_6736_2_SL.avi",34470,35.6188,NA,NA,NA,63,1.774,NA,5671.843,23.789,NA,NA,-995.86,1946.791,-5233.361,1,"Jenny Stahl",0,NA,2012,6736,2,NA,NA,NA,NA,NA,"rockfish",NA,NA,NA,17,NA,NA,NA,NA,NA
"47","2012_6736_2_SL.avi",34660,35.7245,NA,NA,NA,34,4.444,NA,4341.743,15.147,NA,NA,813.563,699.661,-4207.056,1,"Jenny Stahl",0,NA,2012,6736,2,NA,NA,NA,NA,NA,"rockfish","tiger",148,148,18,NA,NA,NA,NA,NA
"48","2012_6736_2_SL.avi",36314,36.6443,NA,NA,NA,28,1.405,NA,3668.738,22.077,NA,NA,1378.792,-54.753,-3399.348,1,"Jenny Stahl",0,NA,2012,6736,2,NA,NA,NA,NA,NA,"rockfish","rosethorn",150,150,19,NA,NA,NA,NA,NA
"49","2012_6736_2_SL.avi",38161,37.6714,NA,NA,NA,60,2.893,NA,4947.857,27.361,NA,NA,-2104.11,766.956,-4412.005,1,"Jenny Stahl",0,NA,2012,6736,2,NA,NA,NA,NA,NA,"rockfish","silvergray",157,157,20,NA,NA,NA,NA,NA
"50","2012_6736_2_SL.avi",41853,39.7246,NA,NA,NA,16,5.492,NA,3193.41,3.788,NA,NA,-188.63,25.367,-3187.733,1,"Jenny Stahl",0,NA,2012,6736,2,NA,NA,NA,NA,NA,"rockfish","rosethorn",150,150,21,NA,NA,NA,NA,NA
"51","2012_6736_2_SL.avi",42154,39.892,NA,NA,NA,25,0.525,NA,3486.708,21.163,NA,NA,-1119.128,505.673,-3263.277,1,"Jenny Stahl",0,NA,2012,6736,2,NA,NA,NA,NA,NA,"rockfish","silvergray",157,157,22,NA,NA,NA,NA,NA
"52","2012_6736_2_SL.avi",43072,40.4025,NA,NA,NA,34,5.453,NA,3983.412,25.386,NA,NA,1702.812,51.593,-3600.741,1,"Jenny Stahl",0,NA,2012,6736,2,NA,NA,NA,NA,NA,"rockfish","rosethorn",150,150,23,NA,NA,NA,NA,NA
"53","2012_6736_2_SL.avi",43375,40.571,NA,NA,NA,27,4.208,NA,3926.723,15.56,NA,NA,-457.02,866.859,-3802.479,1,"Jenny Stahl",0,NA,2012,6736,2,NA,NA,NA,NA,NA,"rockfish","quillback",147,147,24,NA,NA,NA,NA,NA
"54","2012_6738_1_SL.avi",7070,20.3814,NA,NA,NA,8,1.966,NA,1976.298,15.829,NA,NA,27.45,-579.452,-1889.242,1,"Jenny Stahl",0,NA,2012,6738,1,NA,NA,NA,NA,NA,"rockfish","rosethorn",150,150,1,NA,NA,NA,NA,NA
"55","2012_6738_1_SL.avi",7070,20.3814,NA,NA,NA,10,4.182,NA,2350.741,9.72,NA,NA,350.768,-235.833,-2312.429,1,"Jenny Stahl",0,NA,2012,6738,1,NA,NA,NA,NA,NA,"rockfish","rosethorn",150,150,2,NA,NA,NA,NA,NA
"56","2012_6738_1_SL.avi",7681,20.7212,NA,NA,474.441,26,2.818,2.511,3942.369,8.926,13.57,5.927,611.706,-87.242,-3893.646,1,"Jenny Stahl",0,NA,2012,6738,1,NA,NA,NA,NA,NA,"rockfish","yelloweye",145,145,3,"AD","Fish milling",NA,NA,NA
"57","2012_6738_1_SL.avi",7464,20.6005,NA,NA,NA,68,8.132,NA,6196.622,16.711,NA,NA,-699.199,1509.92,-5969.036,1,"Jenny Stahl",0,NA,2012,6738,1,NA,NA,NA,NA,NA,"rockfish","yelloweye",145,145,3,"AD","Fish milling",NA,NA,NA
"58","2012_6738_1_SL.avi",9216,21.5748,NA,NA,NA,24,2.542,NA,3513.036,23.043,NA,NA,599.55,1167.142,-3258.794,1,"Jenny Stahl",0,NA,2012,6738,1,NA,NA,NA,NA,NA,"rockfish","silvergray",157,157,4,NA,NA,NA,NA,NA
"59","2012_6738_1_SL.avi",9591,21.7834,NA,NA,NA,37,11.34,NA,4412.565,18.418,NA,NA,-944.392,934.62,-4207.771,1,"Jenny Stahl",0,NA,2012,6738,1,NA,NA,NA,NA,NA,"rockfish","rosethorn",150,150,5,NA,NA,NA,NA,NA
"60","2012_6738_1_SL.avi",9976,21.9975,NA,NA,NA,17,0.664,NA,3081.944,12.825,NA,NA,667.75,-213.806,-3001.129,1,"Jenny Stahl",0,NA,2012,6738,1,NA,NA,NA,NA,NA,"rockfish","rosethorn",150,150,6,NA,NA,NA,NA,NA
"61","2012_6738_1_SL.avi",9988,22.0042,NA,NA,NA,35,7.564,NA,4126.815,22.555,NA,NA,1499.809,423.461,-3821.238,1,"Jenny Stahl",0,NA,2012,6738,1,NA,NA,NA,NA,NA,"rockfish","yelloweye",145,145,7,"AD","Fish moving slowly into frame",NA,NA,NA
"62","2012_6738_1_SL.avi",10053,22.0403,NA,NA,598.588,19,1.699,7.796,2504.904,15.343,28.377,5.921,482.437,-506.702,-2405.213,1,"Jenny Stahl",0,NA,2012,6738,1,NA,NA,NA,NA,NA,"rockfish","yelloweye",145,145,7,"AD","Fish moving slowly into frame",NA,NA,NA
"63","2012_6738_1_SL.avi",10414,22.2411,NA,NA,NA,118,1.542,NA,7237.164,24.514,NA,NA,-2875.254,723.061,-6602.018,1,"Jenny Stahl",0,NA,2012,6738,1,NA,NA,NA,NA,NA,"rockfish","tiger",148,148,8,NA,NA,NA,NA,NA
"64","2012_6738_1_SL.avi",15715,25.189,NA,NA,NA,20,7.594,NA,3511.292,1.473,NA,NA,-72.259,-130.151,-3508.135,1,"Jenny Stahl",0,NA,2012,6738,1,NA,NA,NA,NA,NA,"rockfish","rosethorn",150,150,9,NA,NA,NA,NA,NA
"65","2012_6738_1_SL.avi",15992,25.343,NA,NA,NA,13,0.25,NA,2404.723,23.854,NA,NA,967.144,53.96,-2201.003,1,"Jenny Stahl",0,NA,2012,6738,1,NA,NA,NA,NA,NA,"rockfish","dusky",172,172,10,NA,NA,NA,NA,NA
"66","2012_6738_1_SL.avi",22821,29.1407,NA,NA,NA,18,5.004,NA,2738.767,26.339,NA,NA,-1213.619,7.786,-2455.181,1,"Jenny Stahl",0,NA,2012,6738,1,NA,NA,NA,NA,NA,"rockfish","rosethorn",150,150,27,NA,NA,NA,NA,NA
"67","2012_6738_1_SL.avi",24198,29.9065,NA,NA,559.696,49,5.57,5.403,3900.313,27.469,12.014,19.787,-1625.074,696.732,-3476.513,1,"Jenny Stahl",0,NA,2012,6738,1,NA,NA,NA,NA,NA,"rockfish","yelloweye",145,145,28,"AD","Fish actively swimming within frame",NA,"RMS high 1st site-took 3D later",NA
"68","2012_6738_1_SL.avi",24136,29.872,NA,NA,NA,53,4.637,NA,4685.797,28.792,NA,NA,-1757.957,1325.856,-4136.229,1,"Jenny Stahl",0,NA,2012,6738,1,NA,NA,NA,NA,NA,"rockfish","yelloweye",145,145,28,"AD","Fish actively swimming within frame",NA,"RMS high 1st site-took 3D later",NA
"69","2012_6738_1_SL.avi",24168,29.8898,NA,NA,NA,28,3.476,NA,3823.35,19.019,NA,NA,716.34,940.912,-3635.869,1,"Jenny Stahl",0,NA,2012,6738,1,NA,NA,NA,NA,NA,"rockfish","rosethorn",150,150,29,NA,NA,NA,NA,NA
"70","2012_6738_1_SL.avi",24565,30.1106,NA,NA,NA,20,0.335,NA,2964.093,24.818,NA,NA,-1240.464,-153.791,-2687.647,1,"Jenny Stahl",0,NA,2012,6738,1,NA,NA,NA,NA,NA,"rockfish","rosethorn",150,150,30,NA,NA,NA,NA,NA
"71","2012_6738_1_SL.avi",25019,30.363,NA,NA,NA,46,5.334,NA,4756.047,22.658,NA,NA,1245.046,1248.755,-4417.065,1,"Jenny Stahl",0,NA,2012,6738,1,NA,NA,NA,NA,NA,"rockfish","yelloweye",145,145,31,"AD","Fish actively swimming within frame",NA,NA,NA
"72","2012_6738_1_SL.avi",25062,30.387,NA,NA,460.226,59,5.603,3.61,4011.222,23.733,33.32,8.951,1385.986,748.085,-3689.08,1,"Jenny Stahl",0,NA,2012,6738,1,NA,NA,NA,NA,NA,"rockfish","yelloweye",145,145,31,"AD","Fish actively swimming within frame",NA,NA,NA
"73","2012_6738_1_SL.avi",26192,31.0154,NA,NA,NA,18,0.526,NA,3014.934,19.038,NA,NA,982.099,-10.33,-2850.474,1,"Jenny Stahl",0,NA,2012,6738,1,NA,NA,NA,NA,NA,"rockfish","rosethorn",150,150,32,NA,NA,NA,NA,NA
"74","2012_6738_1_SL.avi",26711,31.304,NA,NA,NA,55,0.121,NA,5054.742,23.683,NA,NA,-1666.207,1059.691,-4653.088,1,"Jenny Stahl",0,NA,2012,6738,1,NA,NA,NA,NA,NA,"rockfish","rosethorn",150,150,33,NA,NA,NA,NA,NA
"75","2012_6738_1_SL.avi",28747,32.4362,NA,NA,NA,29,1.481,NA,4110.018,14.976,NA,NA,346.936,917.588,-3991.229,1,"Jenny Stahl",0,NA,2012,6738,1,NA,NA,NA,NA,NA,"rockfish","rosethorn",150,150,34,NA,NA,NA,NA,NA
"76","2012_6738_1_SL.avi",28885,32.513,NA,NA,NA,22,5.416,NA,3173.263,23.231,NA,NA,-1242.818,85.138,-2918.519,1,"Jenny Stahl",0,NA,2012,6738,1,NA,NA,NA,NA,NA,"rockfish","rosethorn",150,150,35,NA,NA,NA,NA,NA
"77","2012_6738_1_SL.avi",29333,32.7621,NA,NA,NA,35,7.164,NA,3950.16,25.015,NA,NA,-1564.255,508.158,-3591.468,1,"Jenny Stahl",0,NA,2012,6738,1,NA,NA,NA,NA,NA,"rockfish","rosethorn",150,150,36,NA,NA,NA,NA,NA
"78","2012_6738_1_SL.avi",30316,33.3088,NA,NA,NA,27,9.241,NA,3268.874,28.395,NA,NA,-1505.441,325.087,-2883.314,1,"Jenny Stahl",0,NA,2012,6738,1,NA,NA,NA,NA,NA,"rockfish","rosethorn",150,150,37,NA,NA,NA,NA,NA
"79","2012_6738_1_SL.avi",30693,33.5184,NA,NA,NA,55,10.529,NA,4845.713,26.754,NA,NA,-1890.034,995.045,-4349.55,1,"Jenny Stahl",0,NA,2012,6738,1,NA,NA,NA,NA,NA,"rockfish","rosethorn",150,150,38,NA,NA,NA,NA,NA
"80","2012_6738_1_SL.avi",32085,34.2925,NA,NA,NA,25,6.875,NA,3811.994,10.571,NA,NA,-462.544,443.147,-3757.788,1,"Jenny Stahl",0,NA,2012,6738,1,NA,NA,NA,NA,NA,"rockfish","rosethorn",150,150,39,NA,NA,NA,NA,NA
"81","2012_6738_1_SL.avi",32616,34.5878,NA,NA,NA,52,7.941,NA,5153.092,19.716,NA,NA,-1189.147,1162.635,-4877.352,1,"Jenny Stahl",0,NA,2012,6738,1,NA,NA,NA,NA,NA,"rockfish","rosethorn",150,150,40,NA,NA,NA,NA,NA
"82","2012_6738_1_SL.avi",17444,26.1505,NA,NA,NA,22,8.877,NA,3784.716,3.589,NA,NA,202.302,41.393,-3779.079,1,"Jenny Stahl",0,NA,2012,6738,1,NA,NA,NA,NA,NA,"rockfish","rosethorn",150,150,41,NA,NA,NA,NA,NA
"83","2012_6738_1_SL.avi",33758,35.2229,NA,NA,NA,32,4.508,NA,4177.163,16.562,NA,NA,1115.502,329.657,-4011.941,1,"Jenny Stahl",0,NA,2012,6738,1,NA,NA,NA,NA,NA,"rockfish","rosethorn",150,150,42,NA,NA,NA,NA,NA
"84","2012_6738_1_SL.avi",36232,36.5987,NA,NA,NA,18,4.654,NA,3366.665,5.875,NA,NA,-49.987,268.319,-3355.583,1,"Jenny Stahl",0,NA,2012,6738,1,NA,NA,NA,NA,NA,"rockfish","rosethorn",150,150,43,NA,NA,NA,NA,NA
"85","2012_6738_1_SL.avi",39138,38.2148,NA,NA,NA,13,0.139,NA,2616.724,13.925,NA,NA,595.834,-258.719,-2534.816,1,"Jenny Stahl",0,NA,2012,6738,1,NA,NA,NA,NA,NA,"rockfish","rosethorn",150,150,44,NA,NA,NA,NA,NA
"86","2012_6738_1_SL.avi",40088,38.7431,NA,NA,NA,13,0.805,NA,2485.543,19.765,NA,NA,-813.584,-261.666,-2333.995,1,"Jenny Stahl",0,NA,2012,6738,1,NA,NA,NA,NA,NA,"rockfish","rosethorn",150,150,45,NA,NA,NA,NA,NA
"87","2012_6738_1_SL.avi",45146,41.5559,NA,NA,NA,16,12.453,NA,3001.341,14.84,NA,NA,173.531,685.817,-2916.777,1,"Jenny Stahl",0,NA,2012,6738,1,NA,NA,NA,NA,NA,"rockfish","silvergray",157,157,46,NA,NA,NA,NA,NA
"88","2012_6738_1_SL.avi",45974,42.0163,NA,NA,NA,30,4.277,NA,4229.533,10.839,NA,NA,654.49,361.763,-4162.898,1,"Jenny Stahl",0,NA,2012,6738,1,NA,NA,NA,NA,NA,"rockfish","silvergray",157,157,47,NA,NA,NA,NA,NA
"89","2012_6738_1_SL.avi",45974,42.0163,NA,NA,NA,60,7.205,NA,5613.651,18.319,NA,NA,1450.377,888.987,-5349.69,1,"Jenny Stahl",0,NA,2012,6738,1,NA,NA,NA,NA,NA,"rockfish","dusky",172,172,48,NA,NA,NA,NA,NA
"90","2012_6738_1_SL.avi",47871,43.0713,NA,NA,339.035,33,5.469,4.768,2817.514,17.728,49.057,10.664,561.648,-706.552,-2669.03,1,"Jenny Stahl",0,NA,2012,6738,1,NA,NA,NA,NA,NA,"rockfish","yelloweye",145,145,49,"JV","Fish milling",NA,NA,NA
"91","2012_6738_1_SL.avi",47879,43.0757,NA,NA,NA,15,2.222,NA,2806.27,17.374,NA,NA,469.324,-752.104,-2662.56,1,"Jenny Stahl",0,NA,2012,6738,1,NA,NA,NA,NA,NA,"rockfish","yelloweye",145,145,49,"JV","Fish milling",NA,NA,NA
"92","2012_6738_1_SL.avi",49193,43.8065,NA,NA,NA,22,4.376,NA,3211.201,21.64,NA,NA,1045.237,-621.136,-2972.117,1,"Jenny Stahl",0,NA,2012,6738,1,NA,NA,NA,NA,NA,"rockfish","quillback",147,147,50,NA,NA,NA,NA,NA
"93","2012_6738_1_SL.avi",51980,45.3563,NA,NA,NA,59,5.29,NA,5536.672,18.591,NA,NA,-1184.867,1194.361,-5274.877,1,"Jenny Stahl",0,NA,2012,6738,1,NA,NA,NA,NA,NA,"rockfish",NA,NA,NA,51,NA,NA,NA,NA,NA
"94","2012_6738_1_SL.avi",54968,47.018,NA,NA,NA,43,2.642,NA,4643.092,19.769,NA,NA,-1415.392,585.484,-4383.17,1,"Jenny Stahl",0,NA,2012,6738,1,NA,NA,NA,NA,NA,"rockfish","rosethorn",150,150,52,NA,NA,NA,NA,NA
"95","2012_6738_1_SL.avi",59070,49.2992,NA,NA,NA,5,3.164,NA,1585.263,9.91,NA,NA,237.62,-167.87,-1558.338,1,"Jenny Stahl",0,NA,2012,6738,1,NA,NA,NA,NA,NA,"halibut","halibut",200,200,53,NA,NA,NA,NA,NA
"96","2012_6738_1_SL.avi",59070,49.2992,NA,NA,446.559,10,5.207,0.167,1734.288,12.355,36.182,36.483,371.066,-32.585,-1693.813,1,"Jenny Stahl",0,NA,2012,6738,1,NA,NA,NA,NA,NA,"halibut","halibut",200,200,53,NA,NA,NA,NA,NA
"97","2012_6738_2_SL.avi",4525,18.9661,NA,NA,NA,23,1.403,NA,3210.689,24.118,NA,NA,1207.978,-575.178,-2918.644,1,"Jenny Stahl",0,NA,2012,6738,2,NA,NA,NA,NA,NA,"rockfish","canary",146,146,1,NA,NA,NA,NA,NA
"98","2012_6738_2_SL.avi",4857,19.1508,NA,NA,NA,25,7.311,NA,3787.963,15.781,NA,NA,161.058,938.273,-3666.384,1,"Jenny Stahl",0,NA,2012,6738,2,NA,NA,NA,NA,NA,"rockfish","canary",146,146,2,NA,NA,NA,NA,NA
"99","2012_6738_2_SL.avi",4857,19.1508,NA,NA,NA,29,1.755,NA,4013.206,21.468,NA,NA,249.065,1366.249,-3765.256,1,"Jenny Stahl",0,NA,2012,6738,2,NA,NA,NA,NA,NA,"rockfish","canary",146,146,3,NA,NA,NA,NA,NA
"100","2012_6738_2_SL.avi",4762,19.0979,NA,NA,NA,44,37.575,NA,3900.655,34.36,NA,NA,-1696.586,1332.785,-3249.675,1,"Jenny Stahl",0,NA,2012,6738,2,NA,NA,NA,NA,NA,"rockfish","canary",146,146,4,NA,NA,NA,NA,NA
"101","2012_6738_2_SL.avi",5912,19.7375,NA,NA,NA,11,0.622,NA,2488.346,10.572,NA,NA,210.887,351.808,-2454.307,1,"Jenny Stahl",0,NA,2012,6738,2,NA,NA,NA,NA,NA,"rockfish","canary",146,146,5,NA,NA,NA,NA,NA
"102","2012_6738_2_SL.avi",6027,19.8014,NA,NA,NA,143,76.931,NA,7253.355,31.791,NA,NA,-2958.302,2284.641,-6216.11,1,"Jenny Stahl",0,NA,2012,6738,2,NA,NA,NA,NA,NA,"rockfish","canary",146,146,6,NA,NA,NA,NA,NA
"103","2012_6738_2_SL.avi",6156,19.8731,NA,NA,NA,28,3.491,NA,3682.581,23.223,NA,NA,-881.115,1080.628,-3408.414,1,"Jenny Stahl",0,NA,2012,6738,2,NA,NA,NA,NA,NA,"rockfish","canary",146,146,7,NA,NA,NA,NA,NA
"104","2012_6738_2_SL.avi",6379,19.9972,NA,NA,NA,14,1.384,NA,2803.165,15.718,NA,NA,117.658,691.552,-2713.973,1,"Jenny Stahl",0,NA,2012,6738,2,NA,NA,NA,NA,NA,"rockfish","canary",146,146,8,NA,NA,NA,NA,NA
"105","2012_6738_2_SL.avi",7306,20.5127,NA,NA,NA,20,10.017,NA,3286.501,16.197,NA,NA,916.724,-62.803,-3155.433,1,"Jenny Stahl",0,NA,2012,6738,2,NA,NA,NA,NA,NA,"rockfish","rosethorn",150,150,9,NA,NA,NA,NA,NA
"106","2012_6738_2_SL.avi",7796,20.7852,NA,NA,NA,17,2.352,NA,2692.203,26.919,NA,NA,-999.951,-748.728,-2384.841,1,"Jenny Stahl",0,NA,2012,6738,2,NA,NA,NA,NA,NA,"rockfish","rosethorn",150,150,10,NA,NA,NA,NA,NA
"107","2012_6738_2_SL.avi",12927,23.6386,NA,NA,467.476,27,1.818,6.044,2539.767,21.844,51.393,35.269,-942.737,14.179,-2358.275,1,"Jenny Stahl",0,NA,2012,6738,2,NA,NA,NA,NA,NA,"halibut","halibut",200,200,11,NA,NA,NA,NA,NA
"108","2012_6738_2_SL.avi",12989,23.673,NA,NA,NA,8,6.793,NA,1880.96,22.614,NA,NA,-643.948,-366.856,-1728.802,1,"Jenny Stahl",0,NA,2012,6738,2,NA,NA,NA,NA,NA,"halibut","halibut",200,200,11,NA,NA,NA,NA,NA
"109","2012_6738_2_SL.avi",18521,26.7494,NA,NA,NA,19,7.606,NA,2827.885,26.049,NA,NA,-1236.059,-174.551,-2537.444,1,"Jenny Stahl",0,NA,2012,6738,2,NA,NA,NA,NA,NA,"rockfish","quillback",147,147,12,NA,NA,NA,NA,NA
"110","2012_6738_2_SL.avi",20152,27.6565,NA,NA,NA,42,1.981,NA,4443.264,25.106,NA,NA,1797.362,481.701,-4034.854,1,"Jenny Stahl",0,NA,2012,6738,2,NA,NA,NA,NA,NA,"rockfish","rosethorn",150,150,13,NA,NA,NA,NA,NA
"111","2012_6738_2_SL.avi",22125,28.7537,NA,NA,NA,49,3.804,NA,4551.704,27.08,NA,NA,-1802.872,933.355,-4073.881,1,"Jenny Stahl",0,NA,2012,6738,2,NA,NA,NA,NA,NA,"rockfish","rosethorn",150,150,14,NA,NA,NA,NA,NA
"112","2012_6738_2_SL.avi",26557,31.2183,NA,NA,NA,27,10.84,NA,3836.297,15.402,NA,NA,852.329,478.031,-3709.744,1,"Jenny Stahl",0,NA,2012,6738,2,NA,NA,NA,NA,NA,"rockfish","quillback",147,147,15,NA,NA,NA,NA,NA
"113","2012_6738_2_SL.avi",26979,31.453,NA,NA,NA,12,4.526,NA,2555.209,13.046,NA,NA,-94.026,-622.865,-2476.346,1,"Jenny Stahl",0,NA,2012,6738,2,NA,NA,NA,NA,NA,"rockfish","rosethorn",150,150,16,NA,NA,NA,NA,NA
"114","2012_6738_2_SL.avi",26964,31.4447,NA,NA,NA,26,7.805,NA,3525.948,23.852,NA,NA,1425.469,-99.707,-3223.415,1,"Jenny Stahl",0,NA,2012,6738,2,NA,NA,NA,NA,NA,"rockfish","quillback",147,147,17,NA,NA,NA,NA,NA
"115","2012_6738_2_SL.avi",27736,31.874,NA,NA,NA,46,7.79,NA,4944.34,18.928,NA,NA,-864.261,1249.427,-4705.155,1,"Jenny Stahl",0,NA,2012,6738,2,NA,NA,NA,NA,NA,"rockfish","rosethorn",150,150,18,NA,NA,NA,NA,NA
"116","2012_6738_2_SL.avi",36692,36.8545,NA,NA,NA,41,3.601,NA,4337.862,25.978,NA,NA,1685.565,792.343,-3917.666,1,"Jenny Stahl",0,NA,2012,6738,2,NA,NA,NA,NA,NA,"rockfish","rosethorn",150,150,19,NA,NA,NA,NA,NA
"117","2012_6738_2_SL.avi",37620,37.3706,NA,NA,NA,41,1.799,NA,4811.067,13.949,NA,NA,-863.266,673.147,-4684.87,1,"Jenny Stahl",0,NA,2012,6738,2,NA,NA,NA,NA,NA,"rockfish","rosethorn",150,150,20,NA,NA,NA,NA,NA
"118","2012_6738_2_SL.avi",37695,37.4123,NA,NA,541.333,65,0.713,0.331,3607.206,15.57,69.348,26.1,921.682,221.253,-3480.443,1,"Jenny Stahl",0,NA,2012,6738,2,NA,NA,NA,NA,NA,"rockfish","yelloweye",145,145,21,"AD","Fish resting on bottom",NA,NA,NA
"119","2012_6738_2_SL.avi",37623,37.3723,NA,NA,NA,37,7.38,NA,4564.819,14.41,NA,NA,610.946,861.668,-4440.928,1,"Jenny Stahl",0,NA,2012,6738,2,NA,NA,NA,NA,NA,"rockfish","yelloweye",145,145,21,"AD","Fish resting on bottom",NA,NA,NA
"120","2012_6738_2_SL.avi",38662,37.9501,NA,NA,NA,24,1.568,NA,3710.892,11.029,NA,NA,-672.258,149.098,-3646.445,1,"Jenny Stahl",0,NA,2012,6738,2,NA,NA,NA,NA,NA,"rockfish","rosethorn",150,150,22,NA,NA,NA,NA,NA
"121","2012_6738_2_SL.avi",38920,38.0935,NA,NA,NA,23,2.551,NA,3193.809,23.978,NA,NA,-1180.998,-601.521,-2905.827,1,"Jenny Stahl",0,NA,2012,6738,2,NA,NA,NA,NA,NA,"rockfish","rosethorn",150,150,23,NA,NA,NA,NA,NA
"122","2012_6738_2_SL.avi",39702,38.5284,NA,NA,NA,32,0.053,NA,3717.394,28.187,NA,NA,1566.917,721.288,-3292.952,1,"Jenny Stahl",0,NA,2012,6738,2,NA,NA,NA,NA,NA,"rockfish","rosethorn",150,150,24,NA,NA,NA,NA,NA
"123","2012_6738_2_SL.avi",39974,38.6797,NA,NA,NA,13,1.157,NA,2418.476,21.397,NA,NA,-878.005,-135.813,-2249.375,1,"Jenny Stahl",0,NA,2012,6738,2,NA,NA,NA,NA,NA,"rockfish","rosethorn",150,150,25,NA,NA,NA,NA,NA
"124","2012_6738_2_SL.avi",51462,45.0683,NA,NA,NA,10,2.36,NA,2189.232,22.485,NA,NA,828.024,-167.727,-2019.649,1,"Jenny Stahl",0,NA,2012,6738,2,NA,NA,NA,NA,NA,"halibut","halibut",200,200,26,NA,NA,NA,NA,NA
"125","2012_6738_2_SL.avi",51463,45.0688,NA,NA,571.632,16,3.293,3.168,2211.348,15.5,29.283,15.221,587.565,-109.471,-2129.048,1,"Jenny Stahl",0,NA,2012,6738,2,NA,NA,NA,NA,NA,"halibut","halibut",200,200,26,NA,NA,NA,NA,NA
"126","2012_6738_2_SL.avi",54903,46.9818,NA,NA,NA,27,2.112,NA,3472.072,26.241,NA,NA,1451.543,432.23,-3124.337,1,"Jenny Stahl",0,NA,2012,6738,2,NA,NA,NA,NA,NA,"rockfish","quillback",147,147,27,NA,NA,NA,NA,NA
"127","2012_6738_2_SL.avi",59409,49.4877,NA,NA,NA,22,3.483,NA,3373.482,14.749,NA,NA,-841.396,-242.921,-3257.824,1,"Jenny Stahl",0,NA,2012,6738,2,NA,NA,NA,NA,NA,"rockfish","rosethorn",150,150,28,NA,NA,NA,NA,NA
"128","2012_6738_2_SL.avi",59386,49.4749,NA,NA,NA,53,8.998,NA,4988.496,22.505,NA,NA,-1767.342,622.78,-4623.174,1,"Jenny Stahl",0,NA,2012,6738,2,NA,NA,NA,NA,NA,"rockfish","yelloweye",145,145,29,"SU","Fish milling",NA,NA,NA
"129","2012_6738_2_SL.avi",59469,49.521,NA,NA,380.125,62,2.263,1.841,4353.88,26.391,2.557,14.866,-1935.162,-106.53,-3898.726,1,"Jenny Stahl",0,NA,2012,6738,2,NA,NA,NA,NA,NA,"rockfish","yelloweye",145,145,29,"SU","Fish milling",NA,NA,NA
"130","2012_6739_1_SL.avi",1774,17.4363,NA,NA,NA,21,3.246,NA,3636.891,6.413,NA,NA,-135.867,304.443,-3621.578,1,"Jenny Stahl",0,NA,2012,6739,1,NA,NA,NA,NA,NA,"rockfish","rosethorn",150,150,1,NA,NA,NA,NA,NA
"131","2012_6739_1_SL.avi",2561,17.8739,NA,NA,NA,12,3.162,NA,2257.852,24.859,NA,NA,-861.621,-442.428,-2039.549,1,"Jenny Stahl",0,NA,2012,6739,1,NA,NA,NA,NA,NA,"rockfish","rosethorn",150,150,2,NA,NA,NA,NA,NA
"132","2012_6739_1_SL.avi",3125,18.1876,NA,NA,NA,29,4.295,NA,3566.505,25.681,NA,NA,-1481.462,370.815,-3223,1,"Jenny Stahl",0,NA,2012,6739,1,NA,NA,NA,NA,NA,"rockfish",NA,NA,NA,3,NA,NA,NA,NA,NA
"133","2012_6739_1_SL.avi",14768,24.6624,NA,NA,NA,25,7.47,NA,3782.136,14.898,NA,NA,167.913,878.381,-3674.888,1,"Jenny Stahl",0,NA,2012,6739,1,NA,NA,NA,NA,NA,"rockfish","yelloweye",145,145,4,"AD","Fish milling",NA,NA,NA
"134","2012_6739_1_SL.avi",14769,24.6629,NA,NA,446.817,8,7.522,3.915,3710.913,14.836,0.832,3.737,-63.546,870.102,-3606.904,1,"Jenny Stahl",0,NA,2012,6739,1,NA,NA,NA,NA,NA,"rockfish","yelloweye",145,145,4,"AD","Fish milling",NA,NA,NA
"135","2012_6739_1_SL.avi",16800,25.7924,NA,NA,NA,8,2.613,NA,1915.907,23.084,NA,NA,-596.719,-494.402,-1752.196,1,"Jenny Stahl",0,NA,2012,6739,1,NA,NA,NA,NA,NA,"rockfish","rosethorn",150,150,5,NA,NA,NA,NA,NA
"136","2012_6739_1_SL.avi",21545,28.4311,NA,NA,NA,13,4.947,NA,2779.176,3,NA,NA,80.774,-181.073,-2772.095,1,"Jenny Stahl",0,NA,2012,6739,1,NA,NA,NA,NA,NA,"rockfish","rosethorn",150,150,6,NA,NA,NA,NA,NA
"137","2012_6739_1_SL.avi",29748,32.9929,NA,NA,NA,35,9.772,NA,3980.21,24.524,NA,NA,-1406.966,787.218,-3639.066,1,"Jenny Stahl",0,NA,2012,6739,1,NA,NA,NA,NA,NA,"cod",NA,NA,NA,7,NA,"Fish being chased",NA,"chased by lingcod",NA
"138","2012_6739_1_SL.avi",29840,33.0441,NA,NA,NA,15,3.376,NA,2496.521,27.562,NA,NA,-1041.921,450.762,-2223.473,1,"Jenny Stahl",0,NA,2012,6739,1,NA,NA,NA,NA,NA,"greenling","lingcod",130,130,8,NA,NA,NA,NA,NA
"139","2012_6739_1_SL.avi",29887,33.0702,NA,NA,885.514,13,3.437,3.589,1868.237,13.041,33.549,11.372,-284.937,271.173,-1826.359,1,"Jenny Stahl",0,NA,2012,6739,1,NA,NA,NA,NA,NA,"greenling","lingcod",130,130,8,NA,NA,NA,NA,NA
"140","2012_6739_1_SL.avi",31082,33.7347,NA,NA,NA,8,4.774,NA,2170.887,7.377,NA,NA,-46.373,-321.443,-2146.456,1,"Jenny Stahl",0,NA,2012,6739,1,NA,NA,NA,NA,NA,"cod",NA,NA,NA,9,NA,NA,NA,"cod with barbel",NA
"141","2012_6739_1_SL.avi",35373,36.121,NA,NA,NA,8,1.557,NA,2052.164,11.044,NA,NA,-85.093,-427.358,-2005.368,1,"Jenny Stahl",0,NA,2012,6739,1,NA,NA,NA,NA,NA,"rockfish","rosethorn",150,150,10,NA,NA,NA,NA,NA
"142","2012_6739_1_SL.avi",36235,36.6004,NA,NA,NA,21,6.853,NA,3203.545,19.482,NA,NA,-890.09,525.426,-3032.222,1,"Jenny Stahl",0,NA,2012,6739,1,NA,NA,NA,NA,NA,"rockfish","rosethorn",150,150,11,NA,NA,NA,NA,NA
"143","2012_6739_1_SL.avi",36936,36.9902,NA,NA,NA,42,9.57,NA,4524.357,22.83,NA,NA,1239.898,1152.02,-4195.868,1,"Jenny Stahl",0,NA,2012,6739,1,NA,NA,NA,NA,NA,"rockfish","yelloweye",145,145,12,"AD","Fish moving slowly into frame",NA,NA,NA
"144","2012_6739_1_SL.avi",37017,37.0353,NA,NA,607.086,26,4.49,0.942,3470.903,20.785,0.969,13.407,1144.543,384.681,-3254.106,1,"Jenny Stahl",0,NA,2012,6739,1,NA,NA,NA,NA,NA,"rockfish","yelloweye",145,145,12,"AD","Fish moving slowly into frame",NA,NA,NA
"145","2012_6739_1_SL.avi",39329,38.321,NA,NA,NA,7,9.535,NA,2047.462,0.81,NA,NA,-23.846,-60.772,-2046.421,1,"Jenny Stahl",0,NA,2012,6739,1,NA,NA,NA,NA,NA,"ratfish","ratfish",714,714,13,NA,NA,NA,NA,NA
"146","2012_6739_1_SL.avi",43254,40.5037,NA,NA,NA,16,2.202,NA,3148.519,6.575,NA,NA,-344.456,38.602,-3129.382,1,"Jenny Stahl",0,NA,2012,6739,1,NA,NA,NA,NA,NA,"rockfish",NA,NA,NA,14,NA,NA,NA,"greenstriped?",NA
"147","2012_6739_1_SL.avi",50329,44.4382,NA,NA,NA,16,1.91,NA,3183.796,1.868,NA,NA,-81.107,-133.714,-3179.953,1,"Jenny Stahl",0,NA,2012,6739,1,NA,NA,NA,NA,NA,"rockfish","rosethorn",150,150,15,NA,NA,NA,NA,NA
"148","2012_6739_1_SL.avi",52039,45.3891,NA,NA,NA,12,5.665,NA,2743.052,2.393,NA,NA,-113.354,-42.987,-2740.372,1,"Jenny Stahl",0,NA,2012,6739,1,NA,NA,NA,NA,NA,"rockfish","rosethorn",150,150,16,NA,NA,NA,NA,NA
"149","2012_6739_1_SL.avi",54024,46.493,NA,NA,NA,4,0.524,NA,1300.956,31.182,NA,NA,-493.016,434.74,-1122.685,1,"Jenny Stahl",0,NA,2012,6739,1,NA,NA,NA,NA,NA,"rockfish",NA,NA,NA,17,NA,NA,NA,NA,NA
"150","2012_6739_1_SL.avi",54147,46.5614,NA,NA,NA,1,0.354,NA,664.855,21.046,NA,NA,-60.89,217.37,-625.36,1,"Jenny Stahl",0,NA,2012,6739,1,NA,NA,NA,NA,NA,"rockfish",NA,NA,NA,18,NA,NA,NA,NA,NA
"151","2012_6739_1_SL.avi",60953,50.3463,NA,NA,NA,14,4.253,NA,2455.47,24.234,NA,NA,-949.233,-387.256,-2231.215,1,"Jenny Stahl",0,NA,2012,6739,1,NA,NA,NA,NA,NA,"rockfish","yelloweye",145,145,19,"AD","Fish seeking cover",NA,"No length-can't see head",NA
"152","2012_6739_2_SL.avi",1171,17.1009,NA,NA,NA,13,8.387,NA,2706.077,10.275,NA,NA,463.855,75.826,-2664.947,1,"Jenny Stahl",0,NA,2012,6739,2,NA,NA,NA,NA,NA,"rockfish","rosethorn",150,150,1,NA,NA,NA,NA,NA
"153","2012_6739_2_SL.avi",3889,18.6124,NA,NA,NA,25,3.06,NA,3798.611,12.264,NA,NA,797.136,44.719,-3713.761,1,"Jenny Stahl",0,NA,2012,6739,2,NA,NA,NA,NA,NA,"rockfish","yelloweye",145,145,2,"AD","Fish milling",NA,NA,NA
"154","2012_6739_2_SL.avi",3968,18.6564,NA,NA,401.762,13,8.106,1.951,3594.397,12.622,0.635,10.886,549.53,-637.08,-3494.544,1,"Jenny Stahl",0,NA,2012,6739,2,NA,NA,NA,NA,NA,"rockfish","yelloweye",145,145,2,"AD","Fish milling",NA,NA,NA
"155","2012_6739_2_SL.avi",17684,26.284,NA,NA,NA,30,3.213,NA,4122.038,10.322,NA,NA,-343.542,-741.581,-4040.202,1,"Jenny Stahl",0,NA,2012,6739,2,NA,NA,NA,NA,NA,"rockfish","yelloweye",145,145,3,"AD","Fish milling",NA,NA,NA
"156","2012_6739_2_SL.avi",17705,26.2957,NA,NA,366.459,37,4.378,5.933,3729.451,11.803,28.955,21.237,-377.009,-742.134,-3635.368,1,"Jenny Stahl",0,NA,2012,6739,2,NA,NA,NA,NA,NA,"rockfish","yelloweye",145,145,3,"AD","Fish milling",NA,NA,NA
"157","2012_6739_2_SL.avi",19754,27.4351,NA,NA,325.528,33,4.925,3.454,3690.387,10.837,24.195,0.034,-321.831,536.027,-3637.039,1,"Jenny Stahl",0,NA,2012,6739,2,NA,NA,NA,NA,NA,"rockfish","yelloweye",145,145,4,"SU","Fish milling",NA,NA,NA
"158","2012_6739_2_SL.avi",19740,27.4273,NA,NA,NA,29,2.017,NA,4081.767,14.407,NA,NA,-535.133,777.287,-3971.181,1,"Jenny Stahl",0,NA,2012,6739,2,NA,NA,NA,NA,NA,"rockfish","yelloweye",145,145,4,"SU","Fish milling",NA,NA,NA
"159","2012_6739_2_SL.avi",19902,27.5174,NA,NA,NA,15,6.241,NA,2714.831,21.166,NA,NA,577.128,-847.026,-2513.917,1,"Jenny Stahl",0,NA,2012,6739,2,NA,NA,NA,NA,NA,"rockfish",NA,NA,NA,5,NA,NA,NA,"dusky?",NA
"160","2012_6739_2_SL.avi",20233,27.7015,NA,NA,NA,22,3.632,NA,3513.683,12.472,NA,NA,65.945,-830.103,-3413.583,1,"Jenny Stahl",0,NA,2012,6739,2,NA,NA,NA,NA,NA,"rockfish","rosethorn",150,150,6,NA,NA,NA,NA,NA
"161","2012_6739_2_SL.avi",25205,30.4665,NA,NA,NA,8,1.662,NA,1996.544,13.561,NA,NA,-120.203,-494.421,-1930.619,1,"Jenny Stahl",0,NA,2012,6739,2,NA,NA,NA,NA,NA,"rockfish","rosethorn",150,150,7,NA,NA,NA,NA,NA
"162","2012_6739_2_SL.avi",31436,33.9316,NA,NA,NA,7,3.276,NA,1926.737,17.506,NA,NA,263.865,-555.722,-1825.888,1,"Jenny Stahl",0,NA,2012,6739,2,NA,NA,NA,NA,NA,"ratfish","ratfish",714,714,8,NA,NA,NA,NA,NA
"163","2012_6739_2_SL.avi",35864,36.3941,NA,NA,NA,8,3.664,NA,2185.861,2.467,NA,NA,-76.593,7.281,-2184.506,1,"Jenny Stahl",0,NA,2012,6739,2,NA,NA,NA,NA,NA,"ratfish","ratfish",714,714,9,NA,NA,NA,NA,NA
"164","2012_6739_2_SL.avi",38775,38.0129,NA,NA,NA,46,7.062,NA,4693.249,26.606,NA,NA,1264.226,1587.821,-4231.683,1,"Jenny Stahl",0,NA,2012,6739,2,NA,NA,NA,NA,NA,"rockfish","yelloweye",145,145,10,"AD","Fish milling",NA,NA,NA
"165","2012_6739_2_SL.avi",38792,38.0224,NA,NA,613.623,50,1.149,2.531,4357.861,24.748,24.102,16.411,1080.025,1384.187,-3988.549,1,"Jenny Stahl",0,NA,2012,6739,2,NA,NA,NA,NA,NA,"rockfish","yelloweye",145,145,10,"AD","Fish milling",NA,NA,NA
"166","2012_6740_1_SL.avi",596,16.7812,NA,NA,NA,7,1.987,NA,1861.141,14.723,NA,NA,-29.382,-510.979,-1789.381,1,"Jenny Stahl",0,NA,2012,6740,1,NA,NA,NA,NA,NA,"rockfish","yelloweye",145,145,1,"SU","Fish milling",NA,NA,NA
"167","2012_6740_1_SL.avi",597,16.7817,NA,NA,306.644,5,3.544,4.92,1892.672,15.814,10.6,8.548,125.68,-539.59,-1809.767,1,"Jenny Stahl",0,NA,2012,6740,1,NA,NA,NA,NA,NA,"rockfish","yelloweye",145,145,1,"SU","Fish milling",NA,NA,NA
"168","2012_6740_1_SL.avi",6999,20.3419,NA,NA,NA,15,3.173,NA,2924.951,9.357,NA,NA,-443.327,109.557,-2889.083,1,"Jenny Stahl",0,NA,2012,6740,1,NA,NA,NA,NA,NA,"rockfish","rosethorn",150,150,2,NA,NA,NA,NA,NA
"169","2012_6740_1_SL.avi",12998,23.6781,NA,NA,NA,13,8.334,NA,2389.758,22.399,NA,NA,854.107,-363.612,-2202.097,1,"Jenny Stahl",0,NA,2012,6740,1,NA,NA,NA,NA,NA,"rockfish","greenstripe",135,135,3,NA,NA,NA,NA,NA
"170","2012_6740_1_SL.avi",19750,27.4329,NA,NA,NA,30,6.267,NA,3984.728,16.858,NA,NA,830.025,721.147,-3830.021,1,"Jenny Stahl",0,NA,2012,6740,1,NA,NA,NA,NA,NA,"rockfish","rosethorn",150,150,4,NA,NA,NA,NA,NA
"171","2012_6740_1_SL.avi",22806,29.1324,NA,NA,NA,15,4.173,NA,3040.664,7.039,NA,NA,-119.525,287.449,-3024.686,1,"Jenny Stahl",0,NA,2012,6740,1,NA,NA,NA,NA,NA,"rockfish","rosethorn",150,150,5,NA,NA,NA,NA,NA
"172","2012_6740_1_SL.avi",24269,29.946,NA,NA,NA,48,4.166,NA,4693.689,25.525,NA,NA,-1425.513,1342.601,-4265.684,1,"Jenny Stahl",0,NA,2012,6740,1,NA,NA,NA,NA,NA,"rockfish","rosethorn",150,150,6,NA,NA,NA,NA,NA
"173","2012_6740_1_SL.avi",24497,30.0728,NA,NA,NA,17,6.644,NA,3017.417,14.601,NA,NA,-750.035,63.303,-2922.028,1,"Jenny Stahl",0,NA,2012,6740,1,NA,NA,NA,NA,NA,"rockfish","rosethorn",150,150,7,NA,NA,NA,NA,NA
"174","2012_6740_1_SL.avi",25143,30.432,NA,NA,NA,58,27.098,NA,4647.582,31.509,NA,NA,-1969.308,1335.71,-3992.207,1,"Jenny Stahl",0,NA,2012,6740,1,NA,NA,NA,NA,NA,"rockfish","tiger",148,148,8,NA,NA,NA,NA,NA
"175","2012_6740_1_SL.avi",26183,31.0104,NA,NA,NA,16,0.414,NA,2961.845,12.685,NA,NA,572.389,246.157,-2895.566,1,"Jenny Stahl",0,NA,2012,6740,1,NA,NA,NA,NA,NA,"rockfish","rosethorn",150,150,9,NA,NA,NA,NA,NA
"176","2012_6740_1_SL.avi",26993,31.4608,NA,NA,NA,31,4.555,NA,4178.467,13.7,NA,NA,-818.231,468.489,-4070.701,1,"Jenny Stahl",0,NA,2012,6740,1,NA,NA,NA,NA,NA,"rockfish","yelloweye",145,145,10,"AD","Fish seeking cover",NA,NA,NA
"177","2012_6740_1_SL.avi",27060,31.4981,NA,NA,523.886,23,3.341,7.305,3789.771,15.339,0.231,21.804,-981.118,126.879,-3658.371,1,"Jenny Stahl",0,NA,2012,6740,1,NA,NA,NA,NA,NA,"rockfish","yelloweye",145,145,10,"AD","Fish seeking cover",NA,NA,NA
"178","2012_6740_1_SL.avi",27938,31.9863,NA,NA,NA,18,1.373,NA,2822.458,25.736,NA,NA,1169.551,311.148,-2549.825,1,"Jenny Stahl",0,NA,2012,6740,1,NA,NA,NA,NA,NA,"rockfish","tiger",148,148,11,NA,NA,NA,NA,NA
"179","2012_6740_1_SL.avi",28301,32.1882,NA,NA,NA,28,1.745,NA,3612.067,24.953,NA,NA,1429.356,457.108,-3285.578,1,"Jenny Stahl",0,NA,2012,6740,1,NA,NA,NA,NA,NA,"rockfish","rosethorn",150,150,12,NA,NA,NA,NA,NA
"180","2012_6740_1_SL.avi",28596,32.3523,NA,NA,NA,12,1.395,NA,2322.141,21.923,NA,NA,853.164,-200.809,-2150.378,1,"Jenny Stahl",0,NA,2012,6740,1,NA,NA,NA,NA,NA,"rockfish","rosethorn",150,150,13,NA,NA,NA,NA,NA
"181","2012_6740_1_SL.avi",28938,32.5424,NA,NA,NA,29,3.64,NA,4369.97,4.399,NA,NA,-27.514,239.588,-4363.311,1,"Jenny Stahl",0,NA,2012,6740,1,NA,NA,NA,NA,NA,"rockfish","rosethorn",150,150,14,NA,NA,NA,NA,NA
"182","2012_6740_1_SL.avi",30705,33.5251,NA,NA,NA,27,2.486,NA,4008.829,13.412,NA,NA,246.614,811.819,-3918.015,1,"Jenny Stahl",0,NA,2012,6740,1,NA,NA,NA,NA,NA,"rockfish","rosethorn",150,150,15,NA,NA,NA,NA,NA
"183","2012_6740_1_SL.avi",32936,34.7658,NA,NA,NA,21,2.713,NA,3283.53,23.665,NA,NA,614.856,1100.303,-3031.972,1,"Jenny Stahl",0,NA,2012,6740,1,NA,NA,NA,NA,NA,"rockfish","silvergray",157,157,16,NA,NA,NA,NA,NA
"184","2012_6740_1_SL.avi",35276,36.0671,NA,NA,NA,19,0.509,NA,3216.142,18.176,NA,NA,-502.007,802.214,-3073.761,1,"Jenny Stahl",0,NA,2012,6740,1,NA,NA,NA,NA,NA,"rockfish","yelloweye",145,145,17,"AD","Fish resting on bottom",NA,NA,NA
"185","2012_6740_1_SL.avi",35364,36.116,NA,NA,519.101,15,3.183,0.455,2330.992,19.715,14.149,6.411,-783.017,-119.676,-2192.278,1,"Jenny Stahl",0,NA,2012,6740,1,NA,NA,NA,NA,NA,"rockfish","yelloweye",145,145,17,"AD","Fish resting on bottom",NA,NA,NA
"186","2012_6740_1_SL.avi",36667,36.8406,NA,NA,NA,85,51.432,NA,5203.866,33.475,NA,NA,-2440.084,1417.05,-4372.434,1,"Jenny Stahl",0,NA,2012,6740,1,NA,NA,NA,NA,NA,"rockfish","rosethorn",150,150,18,NA,NA,NA,NA,NA
"187","2012_6740_1_SL.avi",37561,37.3378,NA,NA,NA,12,0.866,NA,2534.83,15.924,NA,NA,694.887,-81.056,-2436.375,1,"Jenny Stahl",0,NA,2012,6740,1,NA,NA,NA,NA,NA,"rockfish","tiger",148,148,19,NA,NA,NA,NA,NA
"188","2012_6740_1_SL.avi",37653,37.3889,NA,NA,NA,34,2.422,NA,4709.196,3.241,NA,NA,-182.38,92.024,-4704.764,1,"Jenny Stahl",0,NA,2012,6740,1,NA,NA,NA,NA,NA,"rockfish","rosethorn",150,150,20,NA,NA,NA,NA,NA
"189","2012_6740_1_SL.avi",37653,37.3889,NA,NA,NA,27,4.658,NA,4088.141,6.6,NA,NA,-456.792,22.056,-4062.481,1,"Jenny Stahl",0,NA,2012,6740,1,NA,NA,NA,NA,NA,"rockfish","rosethorn",150,150,21,NA,NA,NA,NA,NA
"190","2012_6740_1_SL.avi",40273,38.846,NA,NA,NA,18,5.496,NA,3242.39,13.897,NA,NA,-285.356,656.187,-3162.449,1,"Jenny Stahl",0,NA,2012,6740,1,NA,NA,NA,NA,NA,"rockfish","yelloweye",145,145,22,"AD","Fish milling",NA,"no length -under metridium",NA
"191","2012_6740_1_SL.avi",45348,41.6682,NA,NA,NA,17,4.377,NA,3098.632,13.396,NA,NA,-676.531,174.814,-3018.819,1,"Jenny Stahl",0,NA,2012,6740,1,NA,NA,NA,NA,NA,"rockfish","rosethorn",150,150,23,NA,NA,NA,NA,NA
"192","2012_6740_1_SL.avi",46460,42.2866,NA,NA,NA,28,1.065,NA,3992.741,14,NA,NA,-485.668,750.797,-3891.326,1,"Jenny Stahl",0,NA,2012,6740,1,NA,NA,NA,NA,NA,"rockfish","rosethorn",150,150,24,NA,NA,NA,NA,NA
"193","2012_6740_1_SL.avi",47213,42.7054,NA,NA,NA,24,11.708,NA,3488.468,18.741,NA,NA,1090.069,-332.347,-3297.075,1,"Jenny Stahl",0,NA,2012,6740,1,NA,NA,NA,NA,NA,"rockfish","rosethorn",150,150,25,NA,NA,NA,NA,NA
"194","2012_6740_1_SL.avi",48761,43.5662,NA,NA,NA,69,1.448,NA,5823.335,22.36,NA,NA,-1488.411,1523.727,-5419.79,1,"Jenny Stahl",0,NA,2012,6740,1,NA,NA,NA,NA,NA,"rockfish","yelloweye",145,145,26,"AD","Fish milling",NA,NA,NA
"195","2012_6740_1_SL.avi",48798,43.5868,NA,NA,630.262,59,7.242,7.316,4983.39,22.653,16.875,15.479,-1396.866,1216.359,-4626.383,1,"Jenny Stahl",0,NA,2012,6740,1,NA,NA,NA,NA,NA,"rockfish","yelloweye",145,145,26,"AD","Fish milling",NA,NA,NA
"196","2012_6740_1_SL.avi",49332,43.8838,NA,NA,NA,21,2.142,NA,3564.154,9.932,NA,NA,113.389,527.953,-3523.01,1,"Jenny Stahl",0,NA,2012,6740,1,NA,NA,NA,NA,NA,"rockfish","rosethorn",150,150,27,NA,NA,NA,NA,NA
"197","2012_6740_1_SL.avi",50125,44.3247,NA,NA,NA,15,6.018,NA,3002.769,7.498,NA,NA,385.516,5.503,-2977.914,1,"Jenny Stahl",0,NA,2012,6740,1,NA,NA,NA,NA,NA,"ratfish","ratfish",714,714,29,NA,NA,NA,NA,NA
"198","2012_6740_1_SL.avi",50341,44.4449,NA,NA,NA,38,3.414,NA,4240.886,25.248,NA,NA,1178.507,1288.877,-3864.587,1,"Jenny Stahl",0,NA,2012,6740,1,NA,NA,NA,NA,NA,"rockfish","yelloweye",145,145,30,"AD","Fish moving slowly into frame",NA,NA,NA
"199","2012_6740_1_SL.avi",50358,44.4543,NA,NA,645.901,32,1.18,5.813,3978.504,25.032,11.02,10.568,1076.146,1216.096,-3632.012,1,"Jenny Stahl",0,NA,2012,6740,1,NA,NA,NA,NA,NA,"rockfish","yelloweye",145,145,30,"AD","Fish moving slowly into frame",NA,NA,NA
"200","2012_6740_1_SL.avi",50543,44.5572,NA,NA,NA,59,5.104,NA,5380.431,22.14,NA,NA,1926.417,524.679,-4996.265,1,"Jenny Stahl",0,NA,2012,6740,1,NA,NA,NA,NA,NA,"rockfish","yelloweye",145,145,31,"AD","Fish resting on bottom",NA,"no length",NA
"201","2012_6740_1_SL.avi",52250,45.5065,NA,NA,NA,14,7.068,NA,2586.235,18.896,NA,NA,-837.545,-59.06,-2446.148,1,"Jenny Stahl",0,NA,2012,6740,1,NA,NA,NA,NA,NA,"rockfish","rosethorn",150,150,32,NA,NA,NA,NA,NA
"202","2012_6741_1_SL.avi",5782,42.6353,NA,NA,NA,8,3.48,NA,2054.864,15.204,NA,NA,211.584,-538.499,-1971.73,1,"Jenny Stahl",0,NA,2012,6741,1,NA,NA,NA,NA,NA,"rockfish","rosethorn",150,150,13,NA,NA,NA,NA,NA
"203","2012_6741_1_SL.avi",7600,43.6463,NA,NA,NA,35,9.922,NA,4671.765,10.735,NA,NA,-56.289,768.668,-4607.751,1,"Jenny Stahl",0,NA,2012,6741,1,NA,NA,NA,NA,NA,"rockfish","rosethorn",150,150,14,NA,NA,NA,NA,NA
"204","2012_6741_1_SL.avi",8443,44.1151,NA,NA,NA,38,2.862,NA,4573.403,14.614,NA,NA,-1135.439,109.578,-4428.859,1,"Jenny Stahl",0,NA,2012,6741,1,NA,NA,NA,NA,NA,"rockfish","quillback",147,147,15,NA,NA,NA,NA,NA
"205","2012_6741_1_SL.avi",10572,45.2991,NA,NA,522.185,35,4.021,9.02,2842.267,3.485,50.569,20.387,52.305,103.143,-2839.913,1,"Jenny Stahl",0,NA,2012,6741,1,NA,NA,NA,NA,NA,"greenling","lingcod",130,130,16,NA,NA,NA,NA,NA
"206","2012_6741_1_SL.avi",10484,45.2501,NA,NA,NA,31,8.772,NA,4240.625,14.283,NA,NA,-341.321,899.683,-4130.008,1,"Jenny Stahl",0,NA,2012,6741,1,NA,NA,NA,NA,NA,"greenling","lingcod",130,130,16,NA,NA,NA,NA,NA
"207","2012_6741_1_SL.avi",14477,47.4707,NA,NA,NA,21,5.403,NA,3365.663,17.565,NA,NA,-428.93,850.963,-3227.936,1,"Jenny Stahl",0,NA,2012,6741,1,NA,NA,NA,NA,NA,"rockfish","quillback",147,147,17,NA,NA,NA,NA,NA
"208","2012_6741_1_SL.avi",37964,60.532,NA,NA,NA,12,5.477,NA,2640.994,6.031,NA,NA,170.549,161.932,-2630.502,1,"Jenny Stahl",0,NA,2012,6741,1,NA,NA,NA,NA,NA,"rockfish","rosethorn",150,150,18,NA,NA,NA,NA,NA
"209","2012_6741_1_SL.avi",39792,61.5486,NA,NA,NA,16,3.996,NA,3031.556,12.399,NA,NA,-3.125,-714.907,-2946.053,1,"Jenny Stahl",0,NA,2012,6741,1,NA,NA,NA,NA,NA,"rockfish","rosethorn",150,150,19,NA,NA,NA,NA,NA
"210","2012_6741_1_SL.avi",42318,62.9533,NA,NA,1038.934,16,0.312,7.776,2416.878,14.486,19.346,12.952,-549.806,200.638,-2344.943,1,"Jenny Stahl",0,NA,2012,6741,1,NA,NA,NA,NA,NA,"greenling","lingcod",130,130,20,NA,NA,NA,NA,NA
"211","2012_6741_1_SL.avi",42243,62.9116,NA,NA,NA,37,9.951,NA,3705.306,30.962,NA,NA,-1648.69,887.883,-3197.308,1,"Jenny Stahl",0,NA,2012,6741,1,NA,NA,NA,NA,NA,"greenling","lingcod",130,130,20,NA,NA,NA,NA,NA
"212","2012_6741_1_SL.avi",42258,62.92,NA,NA,617.959,17,0.854,0.635,3049.61,22.289,0.09,23.32,864.583,707.005,-2837.739,1,"Jenny Stahl",0,NA,2012,6741,1,NA,NA,NA,NA,NA,"rockfish","yelloweye",145,145,21,"AD","Fish being chased",NA,"YE chased by lingcod",NA
"213","2012_6741_1_SL.avi",42238,62.9088,NA,NA,NA,19,0.446,NA,3152.553,22.14,NA,NA,336.138,1076.033,-2944.105,1,"Jenny Stahl",0,NA,2012,6741,1,NA,NA,NA,NA,NA,"rockfish","yelloweye",145,145,21,"AD","Fish being chased",NA,"YE chased by lingcod",NA
"214","2012_6741_1_SL.avi",43547,63.6368,NA,NA,NA,23,4.177,NA,3526.596,16.144,NA,NA,-599.164,702.668,-3403.548,1,"Jenny Stahl",0,NA,2012,6741,1,NA,NA,NA,NA,NA,"rockfish","rosethorn",150,150,22,NA,NA,NA,NA,NA
"215","2012_6741_1_SL.avi",43611,63.6724,NA,NA,612.097,66,8.5,4.929,3754.308,28.049,41.961,13.934,-1534.87,800.175,-3331.475,1,"Jenny Stahl",0,NA,2012,6741,1,NA,NA,NA,NA,NA,"rockfish","yelloweye",145,145,23,"AD","Fish milling",NA,NA,NA
"216","2012_6741_1_SL.avi",43508,63.6151,NA,NA,NA,35,5.632,NA,3781.033,30.462,NA,NA,-1375.287,1264.333,-3287.288,1,"Jenny Stahl",0,NA,2012,6741,1,NA,NA,NA,NA,NA,"rockfish","yelloweye",145,145,23,"AD","Fish milling",NA,NA,NA
"217","2012_6741_1_SL.avi",44693,64.2741,NA,NA,NA,50,3.211,NA,4835.582,23.935,NA,NA,-1547.563,1109.645,-4444.838,1,"Jenny Stahl",0,NA,2012,6741,1,NA,NA,NA,NA,NA,"rockfish","rosethorn",150,150,24,NA,NA,NA,NA,NA
"218","2012_6741_1_SL.avi",47165,65.6488,NA,NA,NA,19,1.503,NA,3426.041,6.497,NA,NA,387.347,-57.77,-3403.584,1,"Jenny Stahl",0,NA,2012,6741,1,NA,NA,NA,NA,NA,"rockfish","rosethorn",150,150,25,NA,NA,NA,NA,NA
"219","2012_6741_1_SL.avi",47158,65.6449,NA,NA,NA,5,1.318,NA,1487.815,27.288,NA,NA,-541.979,-442.71,-1312.959,1,"Jenny Stahl",0,NA,2012,6741,1,NA,NA,NA,NA,NA,"rockfish","yelloweye",145,145,26,"AD","Fish moving slowly into frame",NA,"no length fish under ROV",NA
"220","2012_6741_1_SL.avi",47669,65.9291,NA,NA,NA,16,7.57,NA,3016.756,12.928,NA,NA,551.506,325.23,-2948.031,1,"Jenny Stahl",0,NA,2012,6741,1,NA,NA,NA,NA,NA,"rockfish","rosethorn",150,150,27,NA,NA,NA,NA,NA
"221","2012_6741_1_SL.avi",48418,66.3456,NA,NA,NA,24,5.701,NA,3481.334,17.08,NA,NA,-976.705,-374.598,-3320.454,1,"Jenny Stahl",0,NA,2012,6741,1,NA,NA,NA,NA,NA,"rockfish","tiger",148,148,28,NA,NA,NA,NA,NA
"222","2012_6741_1_SL.avi",48902,66.6147,NA,NA,NA,40,2.591,NA,4687.963,16.43,NA,NA,815.051,948.155,-4518.152,1,"Jenny Stahl",0,NA,2012,6741,1,NA,NA,NA,NA,NA,"rockfish","quillback",147,147,29,NA,NA,NA,NA,NA
"223","2012_6741_1_SL.avi",51770,68.2097,NA,NA,NA,17,7.471,NA,2981.572,15.331,NA,NA,-591.214,-583.625,-2863.497,1,"Jenny Stahl",0,NA,2012,6741,1,NA,NA,NA,NA,NA,"rockfish","rosethorn",150,150,30,NA,NA,NA,NA,NA
"224","2012_6741_2_SL.avi",858,16.9269,NA,NA,NA,16,2.122,NA,2669.332,23.927,NA,NA,-1042.363,239.448,-2445.706,1,"Jenny Stahl",0,NA,2012,6741,2,NA,NA,NA,NA,NA,"halibut","halibut",200,200,1,NA,NA,NA,NA,NA
"225","2012_6741_2_SL.avi",873,16.9352,NA,NA,535.127,19,8.838,1.617,2316.51,21.433,24.738,9.385,-830.891,114.887,-2159.315,1,"Jenny Stahl",0,NA,2012,6741,2,NA,NA,NA,NA,NA,"halibut","halibut",200,200,1,NA,NA,NA,NA,NA
"226","2012_6741_2_SL.avi",61221,50.4953,NA,NA,NA,14,0.509,NA,2628.336,21.014,NA,NA,920.001,151.554,-2457.393,1,"Jenny Stahl",0,NA,2012,6741,2,NA,NA,NA,NA,NA,"cod",NA,NA,NA,7,NA,NA,NA,NA,NA
"227","2012_6741_2_SL.avi",69498,55.0983,NA,NA,NA,28,3.067,NA,3722.269,21.586,NA,NA,-920.539,938.652,-3482.36,1,"Jenny Stahl",0,NA,2012,6741,2,NA,NA,NA,NA,NA,"ratfish","ratfish",714,714,8,NA,NA,NA,NA,NA
"228","2012_6741_2_SL.avi",29804,33.024,NA,NA,NA,11,4.651,NA,2457.459,9.111,NA,NA,-276.459,221.18,-2431.821,1,"Jenny Stahl",0,NA,2012,6741,2,NA,NA,NA,NA,NA,"ratfish","ratfish",714,714,9,NA,NA,NA,NA,NA
"229","2012_6741_2_SL.avi",33301,34.9688,NA,NA,NA,11,9.079,NA,2489.91,10.455,NA,NA,-318.831,266.996,-2454.936,1,"Jenny Stahl",0,NA,2012,6741,2,NA,NA,NA,NA,NA,"cod",NA,NA,NA,10,NA,NA,NA,NA,NA
"230","2012_6741_2_SL.avi",37831,37.4879,NA,NA,NA,11,2.583,NA,2297.113,19.618,NA,NA,-771.226,-39.878,-2163.411,1,"Jenny Stahl",0,NA,2012,6741,2,NA,NA,NA,NA,NA,"ratfish","ratfish",714,714,11,NA,NA,NA,NA,NA
"231","2012_6741_2_SL.avi",55254,47.177,NA,NA,NA,15,1.538,NA,2808.253,17.909,NA,NA,-836.939,154.722,-2676.169,1,"Jenny Stahl",0,NA,2012,6741,2,NA,NA,NA,NA,NA,"ratfish","ratfish",714,714,12,NA,NA,NA,NA,NA
"232","2012_6741_2_SL.avi",58937,49.2252,NA,NA,NA,7,2.799,NA,1822.357,17.177,NA,NA,523.009,-164.594,-1737.917,1,"Jenny Stahl",0,NA,2012,6741,2,NA,NA,NA,NA,NA,"rockfish","greenstripe",135,135,13,NA,NA,NA,NA,NA
"233","2012_6742_1_SL.avi",1727,17.4101,NA,NA,NA,21,2.744,NA,3389.801,12.753,NA,NA,664.712,-415.19,-3297.958,1,"Jenny Stahl",0,NA,2012,6742,1,NA,NA,NA,NA,NA,"rockfish","rosethorn",150,150,1,NA,NA,NA,NA,NA
"234","2012_6742_1_SL.avi",3585,18.4434,NA,NA,NA,30,2.914,NA,3861.563,19.982,NA,NA,-1169.573,532.3,-3641.486,1,"Jenny Stahl",0,NA,2012,6742,1,NA,NA,NA,NA,NA,"rockfish","yelloweye",145,145,2,"SU","Fish milling",NA,NA,NA
"235","2012_6742_1_SL.avi",3602,18.4528,NA,NA,422.1,48,3.58,3.775,3507.581,18.354,40.988,20.778,-1036.453,309.384,-3336.641,1,"Jenny Stahl",0,NA,2012,6742,1,NA,NA,NA,NA,NA,"rockfish","yelloweye",145,145,2,"SU","Fish milling",NA,NA,NA
"236","2012_6742_1_SL.avi",4089,18.7237,NA,NA,NA,26,8.053,NA,3142.52,28.084,NA,NA,-1426.215,-453.077,-2763.343,1,"Jenny Stahl",0,NA,2012,6742,1,NA,NA,NA,NA,NA,"rockfish","rosethorn",150,150,3,NA,NA,NA,NA,NA
"237","2012_6742_1_SL.avi",4840,19.1413,NA,NA,NA,29,2.622,NA,3761.093,22.524,NA,NA,1397.754,274.092,-3480.946,1,"Jenny Stahl",0,NA,2012,6742,1,NA,NA,NA,NA,NA,"rockfish","rosethorn",150,150,4,NA,NA,NA,NA,NA
"238","2012_6742_1_SL.avi",8955,21.4297,NA,NA,NA,13,2.368,NA,2358.071,23.421,NA,NA,-921.379,-218.773,-2159.56,1,"Jenny Stahl",0,NA,2012,6742,1,NA,NA,NA,NA,NA,"rockfish","rosethorn",150,150,5,NA,NA,NA,NA,NA
"239","2012_6742_1_SL.avi",15262,24.9371,NA,NA,NA,17,6.032,NA,2823.69,21.253,NA,NA,925.747,-493.562,-2621.567,1,"Jenny Stahl",0,NA,2012,6742,1,NA,NA,NA,NA,NA,"rockfish","rosethorn",150,150,6,NA,NA,NA,NA,NA
"240","2012_6742_1_SL.avi",17533,26.2,NA,NA,NA,82,7.235,NA,5592.3,28.615,NA,NA,-2562.459,672.396,-4924.988,1,"Jenny Stahl",0,NA,2012,6742,1,NA,NA,NA,NA,NA,"rockfish","yelloweye",145,145,7,"AD","Fish milling",NA,"comes back in frame 17817, blurry-length RMS>10",NA
"241","2012_6742_1_SL.avi",17864,26.3841,NA,NA,565.617,75,5.499,11.643,4769.378,27.696,30.006,44.554,-2194.471,-404.545,-4215.164,1,"Jenny Stahl",0,NA,2012,6742,1,NA,NA,NA,NA,NA,"rockfish","yelloweye",145,145,7,"AD","Fish milling",NA,"comes back in frame 17817, blurry-length RMS>10",NA
"242","2012_6742_1_SL.avi",21166,28.2204,NA,NA,NA,33,6.056,NA,3640.049,28.343,NA,NA,-1719.717,100.439,-3206.625,1,"Jenny Stahl",0,NA,2012,6742,1,NA,NA,NA,NA,NA,"rockfish","rosethorn",150,150,8,NA,NA,NA,NA,NA
"243","2012_6742_1_SL.avi",22387,28.8994,NA,NA,NA,13,5.556,NA,2711.03,10.029,NA,NA,-369.474,236.012,-2675.345,1,"Jenny Stahl",0,NA,2012,6742,1,NA,NA,NA,NA,NA,"cod",NA,NA,NA,9,NA,NA,NA,NA,NA
"244","2012_6742_1_SL.avi",22601,29.0184,NA,NA,NA,16,7.662,NA,2937.092,16.492,NA,NA,409.839,664.897,-2831.335,1,"Jenny Stahl",0,NA,2012,6742,1,NA,NA,NA,NA,NA,"cod",NA,NA,NA,10,NA,NA,NA,NA,NA
"245","2012_6742_1_SL.avi",23933,29.7591,NA,NA,NA,32,6.08,NA,4231.794,12.94,NA,NA,-915.709,154.343,-4128.648,1,"Jenny Stahl",0,NA,2012,6742,1,NA,NA,NA,NA,NA,"rockfish","rosethorn",150,150,11,NA,NA,NA,NA,NA
"246","2012_6742_1_SL.avi",25052,30.3814,NA,NA,NA,69,0.563,NA,5702.408,23,NA,NA,-1747.508,1268.216,-5277.812,1,"Jenny Stahl",0,NA,2012,6742,1,NA,NA,NA,NA,NA,"rockfish","dusky",172,172,12,NA,NA,NA,NA,NA
"247","2012_6742_1_SL.avi",25241,30.4865,NA,NA,NA,38,0.666,NA,4794.252,13.012,NA,NA,-229.347,953.367,-4692.904,1,"Jenny Stahl",0,NA,2012,6742,1,NA,NA,NA,NA,NA,"rockfish","dusky",172,172,13,NA,NA,NA,NA,NA
"248","2012_6742_1_SL.avi",25238,30.4848,NA,NA,NA,74,10.096,NA,5921.959,22.462,NA,NA,-1975.376,984.479,-5495.297,1,"Jenny Stahl",0,NA,2012,6742,1,NA,NA,NA,NA,NA,"rockfish","dusky",172,172,14,NA,NA,NA,NA,NA
"249","2012_6742_1_SL.avi",25238,30.4848,NA,NA,NA,69,13.055,NA,6315.18,14.696,NA,NA,-627.777,1341.224,-6139.097,1,"Jenny Stahl",0,NA,2012,6742,1,NA,NA,NA,NA,NA,"rockfish","dusky",172,172,15,NA,NA,NA,NA,NA
"250","2012_6742_1_SL.avi",25444,30.5994,NA,NA,NA,35,5.653,NA,3922.618,29.926,NA,NA,1378.07,1315.387,-3428.937,1,"Jenny Stahl",0,NA,2012,6742,1,NA,NA,NA,NA,NA,"rockfish","dusky",172,172,16,NA,NA,NA,NA,NA
"251","2012_6742_1_SL.avi",27132,31.5381,NA,NA,NA,36,14.656,NA,3926.223,30.033,NA,NA,1660.156,977.468,-3421.062,1,"Jenny Stahl",0,NA,2012,6742,1,NA,NA,NA,NA,NA,"rockfish","dusky",172,172,17,NA,NA,NA,NA,NA
"252","2012_6742_1_SL.avi",29763,33.0012,NA,NA,NA,15,5.383,NA,2707.946,16.851,NA,NA,697.875,-415.46,-2583.28,1,"Jenny Stahl",0,NA,2012,6742,1,NA,NA,NA,NA,NA,"rockfish","rosethorn",150,150,18,NA,NA,NA,NA,NA
"253","2012_6742_1_SL.avi",34476,35.6222,NA,NA,NA,12,0.241,NA,2555.432,10.28,NA,NA,311.297,-387.672,-2506.598,1,"Jenny Stahl",0,NA,2012,6742,1,NA,NA,NA,NA,NA,"rockfish","rosethorn",150,150,19,NA,NA,NA,NA,NA
"254","2012_6742_1_SL.avi",35167,36.0065,NA,NA,NA,29,0.943,NA,4198.98,12.707,NA,NA,-15.073,834.541,-4115.185,1,"Jenny Stahl",0,NA,2012,6742,1,NA,NA,NA,NA,NA,"rockfish","yelloweye",145,145,20,"AD","Fish milling",NA,NA,NA
"255","2012_6742_1_SL.avi",35172,36.0092,NA,NA,397.087,28,5.321,2.633,4051.993,11.765,17.025,18.684,159.762,724.478,-3983.498,1,"Jenny Stahl",0,NA,2012,6742,1,NA,NA,NA,NA,NA,"rockfish","yelloweye",145,145,20,"AD","Fish milling",NA,NA,NA
"256","2012_6742_1_SL.avi",41815,39.7035,NA,NA,NA,18,1.103,NA,3053.312,16.498,NA,NA,-820.484,-343.819,-2920.841,1,"Jenny Stahl",0,NA,2012,6742,1,NA,NA,NA,NA,NA,"rockfish","rosethorn",150,150,21,NA,NA,NA,NA,NA
"257","2012_6742_1_SL.avi",43243,40.4976,NA,NA,NA,13,4.228,NA,2414.844,22.86,NA,NA,-932.279,-152.719,-2222.386,1,"Jenny Stahl",0,NA,2012,6742,1,NA,NA,NA,NA,NA,"rockfish","rosethorn",150,150,22,NA,NA,NA,NA,NA
"258","2012_6742_1_SL.avi",47027,42.6019,NA,NA,NA,14,8.475,NA,2518.878,22.235,NA,NA,-908.488,-338.861,-2324.773,1,"Jenny Stahl",0,NA,2012,6742,1,NA,NA,NA,NA,NA,"rockfish","silvergray",157,157,23,NA,NA,NA,NA,NA
"259","2012_6742_2_SL.avi",3607,18.4556,NA,NA,NA,16,9.725,NA,3177.04,1.254,NA,NA,68.867,-59.426,-3175.738,1,"Jenny Stahl",0,NA,2012,6742,2,NA,NA,NA,NA,NA,"rockfish","rosethorn",150,150,1,NA,NA,NA,NA,NA
"260","2012_6742_2_SL.avi",6374,19.9944,NA,NA,NA,46,3.355,NA,4822.198,20.4,NA,NA,1476.04,705.959,-4536.136,1,"Jenny Stahl",0,NA,2012,6742,2,NA,NA,NA,NA,NA,"rockfish","yelloweye",145,145,2,"AD","Fish milling",NA,NA,NA
"261","2012_6742_2_SL.avi",6523,20.0772,NA,NA,433.539,35,2.02,6.701,3171.151,21.037,32.437,23.145,1112.793,175.668,-2964.292,1,"Jenny Stahl",0,NA,2012,6742,2,NA,NA,NA,NA,NA,"rockfish","yelloweye",145,145,2,"AD","Fish milling",NA,NA,NA
"262","2012_6742_2_SL.avi",7827,20.8024,NA,NA,NA,31,5.158,NA,3914.818,20.638,NA,NA,-1158.937,669.252,-3678.963,1,"Jenny Stahl",0,NA,2012,6742,2,NA,NA,NA,NA,NA,"rockfish","rosethorn",150,150,3,NA,NA,NA,NA,NA
"263","2012_6742_2_SL.avi",15851,25.2646,NA,NA,NA,32,9.066,NA,3485.519,29.23,NA,NA,-1664.982,287.162,-3048.642,1,"Jenny Stahl",0,NA,2012,6742,2,NA,NA,NA,NA,NA,"rockfish","rosethorn",150,150,4,NA,NA,NA,NA,NA
"264","2012_6742_2_SL.avi",16639,25.7028,NA,NA,NA,11,8.103,NA,2417.32,14.706,NA,NA,-143.79,-647.105,-2324.654,1,"Jenny Stahl",0,NA,2012,6742,2,NA,NA,NA,NA,NA,"rockfish","rosethorn",150,150,5,NA,NA,NA,NA,NA
"265","2012_6742_2_SL.avi",16639,25.7028,NA,NA,NA,49,8.369,NA,4852.33,22.097,NA,NA,-1523.374,907.884,-4516.657,1,"Jenny Stahl",0,NA,2012,6742,2,NA,NA,NA,NA,NA,"rockfish","yelloweye",145,145,6,"AD","Fish seeking cover",NA,"no length-under rock",NA
"266","2012_6742_2_SL.avi",19203,27.1287,NA,NA,NA,28,2.335,NA,3487.409,28.462,NA,NA,1388.319,847.105,-3084.964,1,"Jenny Stahl",0,NA,2012,6742,2,NA,NA,NA,NA,NA,"rockfish","silvergray",157,157,7,NA,NA,NA,NA,NA
"267","2012_6742_2_SL.avi",20774,28.0024,NA,NA,NA,25,10.001,NA,3627.238,19.746,NA,NA,-706.335,927.197,-3434.858,1,"Jenny Stahl",0,NA,2012,6742,2,NA,NA,NA,NA,NA,"halibut","halibut",200,200,8,NA,NA,NA,"no length - entire fish not in FOV",NA
"268","2012_6742_2_SL.avi",24200,29.9076,NA,NA,NA,16,1.269,NA,3005.887,8.404,NA,NA,438.632,-89.259,-2972.372,1,"Jenny Stahl",0,NA,2012,6742,2,NA,NA,NA,NA,NA,"rockfish","dusky",172,172,9,NA,NA,NA,NA,NA
"269","2012_6742_2_SL.avi",26691,31.2929,NA,NA,NA,14,5.471,NA,2595.623,19.191,NA,NA,851.794,-102.754,-2449.724,1,"Jenny Stahl",0,NA,2012,6742,2,NA,NA,NA,NA,NA,"rockfish","rosethorn",150,150,10,NA,NA,NA,NA,NA
"270","2012_6742_2_SL.avi",27278,31.6193,NA,NA,NA,30,1.611,NA,4064.08,14.305,NA,NA,-1002.527,-27.668,-3938.39,1,"Jenny Stahl",0,NA,2012,6742,2,NA,NA,NA,NA,NA,"rockfish","rosethorn",150,150,11,NA,NA,NA,NA,NA
"271","2012_6742_2_SL.avi",31680,34.0673,NA,NA,NA,28,5.111,NA,4035.293,12.286,NA,NA,-679.228,439.806,-3953.329,1,"Jenny Stahl",0,NA,2012,6742,2,NA,NA,NA,NA,NA,"rockfish","rosethorn",150,150,12,NA,NA,NA,NA,NA
"272","2012_6742_2_SL.avi",32295,34.4093,NA,NA,NA,101,3.603,NA,6537.76,28.22,NA,NA,-2274.993,1967.82,-5804.687,1,"Jenny Stahl",0,NA,2012,6742,2,NA,NA,NA,NA,NA,"rockfish","yelloweye",145,145,13,"AD","Fish milling",NA,NA,NA
"273","2012_6742_2_SL.avi",32357,34.4438,NA,NA,634.969,137,7.539,0.776,5302.826,24.072,61.232,20.979,-1606.911,1342.577,-4871.887,1,"Jenny Stahl",0,NA,2012,6742,2,NA,NA,NA,NA,NA,"rockfish","yelloweye",145,145,13,"AD","Fish milling",NA,NA,NA
"274","2012_6742_2_SL.avi",33549,35.1067,NA,NA,NA,11,4.339,NA,2389.216,11.387,NA,NA,384.855,-323.481,-2335.722,1,"Jenny Stahl",0,NA,2012,6742,2,NA,NA,NA,NA,NA,"rockfish","rosethorn",150,150,14,NA,NA,NA,NA,NA
"275","2012_6742_2_SL.avi",36715,36.8673,NA,NA,NA,16,0.325,NA,2666.547,24.687,NA,NA,-1096.9,-245.21,-2418.089,1,"Jenny Stahl",0,NA,2012,6742,2,NA,NA,NA,NA,NA,"rockfish","rosethorn",150,150,15,NA,NA,NA,NA,NA
"276","2012_6742_2_SL.avi",38839,38.0485,NA,NA,NA,61,2.687,NA,5849.91,13.75,NA,NA,-1389.724,-77.208,-5681.914,1,"Jenny Stahl",0,NA,2012,6742,2,NA,NA,NA,NA,NA,"rockfish",NA,NA,NA,16,NA,NA,NA,"to dark and blurry to confirm",NA
"277","2012_6742_2_SL.avi",40610,39.0334,NA,NA,NA,41,2.549,NA,4782.227,14.71,NA,NA,-746.429,857.388,-4645.151,1,"Jenny Stahl",0,NA,2012,6742,2,NA,NA,NA,NA,NA,"rockfish","rosethorn",150,150,17,NA,NA,NA,NA,NA
"278","2012_6742_2_SL.avi",42683,40.1862,NA,NA,NA,44,7.665,NA,4860.834,17.312,NA,NA,1365.804,375.657,-4649.856,1,"Jenny Stahl",0,NA,2012,6742,2,NA,NA,NA,NA,NA,"rockfish","yelloweye",145,145,18,"AD","Fish seeking cover",NA,"No length-head under rock",NA
"279","2012_6742_2_SL.avi",46589,42.3583,NA,NA,NA,39,5.902,NA,4220.436,25.637,NA,NA,1778.927,329.59,-3812.987,1,"Jenny Stahl",0,NA,2012,6742,2,NA,NA,NA,NA,NA,"rockfish","rosethorn",150,150,19,NA,NA,NA,NA,NA
"280","2012_6744_1_SL.avi",601,16.784,NA,NA,NA,18,4.3,NA,3002.636,19.167,NA,NA,-978.897,-178.359,-2832.98,1,"Jenny Stahl",0,NA,2012,6744,1,NA,NA,NA,NA,NA,"rockfish","rosethorn",150,150,1,NA,NA,NA,NA,NA
"281","2012_6744_1_SL.avi",2176,17.6598,NA,NA,NA,25,0.048,NA,3809.945,11.477,NA,NA,438.994,537.018,-3746.275,1,"Jenny Stahl",0,NA,2012,6744,1,NA,NA,NA,NA,NA,"rockfish","rosethorn",150,150,2,NA,NA,NA,NA,NA
"282","2012_6744_1_SL.avi",7248,20.4804,NA,NA,NA,12,3.696,NA,2602.488,9.787,NA,NA,-441.698,-80.26,-2563.475,1,"Jenny Stahl",0,NA,2012,6744,1,NA,NA,NA,NA,NA,"rockfish","rosethorn",150,150,3,NA,NA,NA,NA,NA
"283","2012_6744_1_SL.avi",9267,21.6032,NA,NA,NA,11,2.739,NA,2445.087,9.324,NA,NA,357.62,-222.695,-2408.52,1,"Jenny Stahl",0,NA,2012,6744,1,NA,NA,NA,NA,NA,"rockfish","rosethorn",150,150,4,NA,NA,NA,NA,NA
"284","2012_6744_1_SL.avi",9267,21.6032,NA,NA,NA,23,2.619,NA,3700.022,10.442,NA,NA,-254.916,541.257,-3651.332,1,"Jenny Stahl",0,NA,2012,6744,1,NA,NA,NA,NA,NA,"rockfish","rosethorn",150,150,5,NA,NA,NA,NA,NA
"285","2012_6744_1_SL.avi",11006,22.5703,NA,NA,NA,13,7.785,NA,2592.316,14.262,NA,NA,-314.075,-610.388,-2499.777,1,"Jenny Stahl",0,NA,2012,6744,1,NA,NA,NA,NA,NA,"rockfish","rosethorn",150,150,6,NA,NA,NA,NA,NA
"286","2012_6744_1_SL.avi",11295,22.731,NA,NA,NA,25,8.991,NA,3995.821,6.176,NA,NA,-128.952,323.881,-3980.585,1,"Jenny Stahl",0,NA,2012,6744,1,NA,NA,NA,NA,NA,"rockfish","rosethorn",150,150,7,NA,NA,NA,NA,NA
"287","2012_6744_1_SL.avi",12569,23.4395,NA,NA,NA,23,4.694,NA,3404.105,19.5,NA,NA,1136.037,-94.503,-3207.557,1,"Jenny Stahl",0,NA,2012,6744,1,NA,NA,NA,NA,NA,"rockfish","dusky",172,172,8,NA,NA,NA,NA,NA
"288","2012_6744_1_SL.avi",14253,24.376,NA,NA,NA,40,7.806,NA,4895.896,14.054,NA,NA,-143.527,1077.022,-4773.806,1,"Jenny Stahl",0,NA,2012,6744,1,NA,NA,NA,NA,NA,"rockfish","rosethorn",150,150,9,NA,NA,NA,NA,NA
"289","2012_6744_1_SL.avi",20969,28.1108,NA,NA,NA,39,2.455,NA,4214.998,26.806,NA,NA,1428.505,1172.186,-3788.345,1,"Jenny Stahl",0,NA,2012,6744,1,NA,NA,NA,NA,NA,"rockfish","rosethorn",150,150,10,NA,NA,NA,NA,NA
"290","2012_6744_1_SL.avi",28623,32.3673,NA,NA,NA,18,0.493,NA,3357.716,1.258,NA,NA,37.236,-136.375,-3354.739,1,"Jenny Stahl",0,NA,2012,6744,1,NA,NA,NA,NA,NA,"rockfish","rosethorn",150,150,11,NA,NA,NA,NA,NA
"291","2012_6744_1_SL.avi",30547,33.4372,NA,NA,NA,41,1.989,NA,4040.925,28.236,NA,NA,-1890.86,205.016,-3565.346,1,"Jenny Stahl",0,NA,2012,6744,1,NA,NA,NA,NA,NA,"rockfish","rosethorn",150,150,12,NA,NA,NA,NA,NA
"292","2012_6744_1_SL.avi",30727,33.5373,NA,NA,NA,25,8.512,NA,3738.787,13.288,NA,NA,-858.56,-41.429,-3638.638,1,"Jenny Stahl",0,NA,2012,6744,1,NA,NA,NA,NA,NA,"rockfish","rosethorn",150,150,13,NA,NA,NA,NA,NA
"293","2012_6744_1_SL.avi",31702,34.0795,NA,NA,NA,20,2.731,NA,3102.314,23.563,NA,NA,692.77,966.767,-2865.272,1,"Jenny Stahl",0,NA,2012,6744,1,NA,NA,NA,NA,NA,"rockfish","rosethorn",150,150,14,NA,NA,NA,NA,NA
"294","2012_6744_1_SL.avi",34189,35.4626,NA,NA,NA,44,0.504,NA,4620.383,21.446,NA,NA,-1309.768,973.519,-4322.582,1,"Jenny Stahl",0,NA,2012,6744,1,NA,NA,NA,NA,NA,"rockfish","rosethorn",150,150,15,NA,NA,NA,NA,NA
"295","2012_6744_1_SL.avi",34862,35.8368,NA,NA,NA,41,19.946,NA,3997.623,31.734,NA,NA,-1565.797,1329.334,-3429.597,1,"Jenny Stahl",0,NA,2012,6744,1,NA,NA,NA,NA,NA,"rockfish",NA,NA,NA,16,NA,NA,NA,"large rkfish-too blurry & dark to ID",NA
"296","2012_6744_1_SL.avi",39057,38.1697,NA,NA,NA,13,7.276,NA,2496.913,17.592,NA,NA,590.226,-521.713,-2369.393,1,"Jenny Stahl",0,NA,2012,6744,1,NA,NA,NA,NA,NA,"rockfish","rosethorn",150,150,17,NA,NA,NA,NA,NA
"297","2012_6744_1_SL.avi",39115,38.202,NA,NA,NA,51,4.005,NA,4596.024,27.458,NA,NA,-1841.662,959.924,-4100.032,1,"Jenny Stahl",0,NA,2012,6744,1,NA,NA,NA,NA,NA,"rockfish","rosethorn",150,150,18,NA,NA,NA,NA,NA
"298","2012_6744_1_SL.avi",39696,38.5251,NA,NA,NA,44,7.755,NA,4788.063,20.291,NA,NA,-884.129,1307.877,-4520.323,1,"Jenny Stahl",0,NA,2012,6744,1,NA,NA,NA,NA,NA,"rockfish","rosethorn",150,150,19,NA,NA,NA,NA,NA
"299","2012_6744_2_SL.avi",1675,17.3812,NA,NA,NA,20,3.47,NA,3307.391,19.3,NA,NA,76.218,1022.568,-3144.421,1,"Jenny Stahl",0,NA,2012,6744,2,NA,NA,NA,NA,NA,"rockfish","rosethorn",150,150,1,NA,NA,NA,NA,NA
"300","2012_6744_2_SL.avi",2812,18.0135,NA,NA,NA,16,3.348,NA,3036.595,14.289,NA,NA,91.376,679.961,-2958.076,1,"Jenny Stahl",0,NA,2012,6744,2,NA,NA,NA,NA,NA,"rockfish","yelloweye",145,145,2,"AD","Fish milling",NA,NA,NA
"301","2012_6744_2_SL.avi",2833,18.0252,NA,NA,492.33,27,5.442,7.497,2833.064,11.521,42.895,33.985,48.141,503.499,-2787.548,1,"Jenny Stahl",0,NA,2012,6744,2,NA,NA,NA,NA,NA,"rockfish","yelloweye",145,145,2,"AD","Fish milling",NA,NA,NA
"302","2012_6744_2_SL.avi",3995,18.6714,NA,NA,NA,18,8.303,NA,3115.804,12.366,NA,NA,575.607,-403.378,-3035.489,1,"Jenny Stahl",0,NA,2012,6744,2,NA,NA,NA,NA,NA,"rockfish","rosethorn",150,150,3,NA,NA,NA,NA,NA
"303","2012_6744_2_SL.avi",5061,19.2642,NA,NA,NA,1,0.196,NA,507.57,19.769,NA,NA,-51.915,153.247,-481.089,1,"Jenny Stahl",0,NA,2012,6744,2,NA,NA,NA,NA,NA,"rockfish",NA,NA,NA,4,NA,NA,NA,"washed out so can't ID",NA
"304","2012_6744_2_SL.avi",9160,21.5437,NA,NA,NA,17,16.25,NA,2933.483,16.438,NA,NA,741.496,-434.081,-2804.831,1,"Jenny Stahl",0,NA,2012,6744,2,NA,NA,NA,NA,NA,"rockfish","dusky",172,172,5,NA,NA,NA,NA,NA
"305","2012_6744_2_SL.avi",10730,22.4168,NA,NA,NA,30,6.192,NA,3732.269,23.767,NA,NA,-1487.794,147.451,-3419.731,1,"Jenny Stahl",0,NA,2012,6744,2,NA,NA,NA,NA,NA,"rockfish","rosethorn",150,150,6,NA,NA,NA,NA,NA
"306","2012_6744_2_SL.avi",11701,22.9568,NA,NA,NA,11,8.662,NA,2552.612,7.605,NA,NA,294.652,-220.049,-2525.982,1,"Jenny Stahl",0,NA,2012,6744,2,NA,NA,NA,NA,NA,"rockfish","rosethorn",150,150,7,NA,NA,NA,NA,NA
"307","2012_6744_2_SL.avi",11701,22.9568,NA,NA,NA,37,8.567,NA,4632.151,12.25,NA,NA,903.73,288.19,-4533.987,1,"Jenny Stahl",0,NA,2012,6744,2,NA,NA,NA,NA,NA,"rockfish","yelloweye",145,145,8,"AD","Fish resting on bottom",NA,NA,NA
"308","2012_6744_2_SL.avi",11781,23.0013,NA,NA,409.203,39,6.531,0.961,3713.753,22.641,17.796,17.681,1402.046,-353.839,-3420.677,1,"Jenny Stahl",0,NA,2012,6744,2,NA,NA,NA,NA,NA,"rockfish","yelloweye",145,145,8,"AD","Fish resting on bottom",NA,NA,NA
"309","2012_6744_2_SL.avi",12851,23.5963,NA,NA,NA,15,9.878,NA,2668.806,19.441,NA,NA,-732.087,-557.449,-2505.159,1,"Jenny Stahl",0,NA,2012,6744,2,NA,NA,NA,NA,NA,"rockfish","rosethorn",150,150,9,NA,NA,NA,NA,NA
"310","2012_6744_2_SL.avi",13297,23.8443,NA,NA,NA,34,18.151,NA,3594.945,28.182,NA,NA,-1681.23,-305.066,-3162.915,1,"Jenny Stahl",0,NA,2012,6744,2,NA,NA,NA,NA,NA,"rockfish","rosethorn",150,150,10,NA,NA,NA,NA,NA
"311","2012_6744_2_SL.avi",15595,25.1223,NA,NA,NA,99,9.31,NA,6308.998,29.171,NA,NA,-2423.373,1773.25,-5548.541,1,"Jenny Stahl",0,NA,2012,6744,2,NA,NA,NA,NA,NA,"rockfish","yelloweye",145,145,11,"AD","Fish milling",NA,NA,NA
"312","2012_6744_2_SL.avi",15655,25.1556,NA,NA,777.184,71,1.838,6.045,4631.572,25.349,26.28,23.514,-1666.386,983.819,-4207.935,1,"Jenny Stahl",0,NA,2012,6744,2,NA,NA,NA,NA,NA,"rockfish","yelloweye",145,145,11,"AD","Fish milling",NA,NA,NA
"313","2012_6744_2_SL.avi",20042,27.5953,NA,NA,NA,12,23.01,NA,2638.462,11.242,NA,NA,-423.641,235.572,-2593.552,1,"Jenny Stahl",0,NA,2012,6744,2,NA,NA,NA,NA,NA,"rockfish",NA,NA,NA,12,NA,NA,NA,"silvergray? too fast & blurry to ID",NA
"314","2012_6744_2_SL.avi",20661,27.9395,NA,NA,NA,14,8.443,NA,2631.377,20.601,NA,NA,-925.2,-18.669,-2463.29,1,"Jenny Stahl",0,NA,2012,6744,2,NA,NA,NA,NA,NA,"rockfish","rosethorn",150,150,13,NA,NA,NA,NA,NA
"315","2012_6744_2_SL.avi",21281,28.2843,NA,NA,NA,17,13.458,NA,2564.202,29.838,NA,NA,-1111.01,-675.257,-2210.162,1,"Jenny Stahl",0,NA,2012,6744,2,NA,NA,NA,NA,NA,"rockfish","rosethorn",150,150,14,NA,NA,NA,NA,NA
"316","2012_6744_2_SL.avi",21658,28.494,NA,NA,NA,19,8.763,NA,3002.051,20.027,NA,NA,-937.847,-482.188,-2810.738,1,"Jenny Stahl",0,NA,2012,6744,2,NA,NA,NA,NA,NA,"rockfish","rosethorn",150,150,15,NA,NA,NA,NA,NA
"317","2012_6744_2_SL.avi",22246,28.821,NA,NA,NA,17,4.222,NA,3061.324,12.709,NA,NA,484.914,402.583,-2995.745,1,"Jenny Stahl",0,NA,2012,6744,2,NA,NA,NA,NA,NA,"rockfish","rosethorn",150,150,16,NA,NA,NA,NA,NA
"318","2012_6744_2_SL.avi",21930,28.6452,NA,NA,NA,35,13.114,NA,4161.852,22.189,NA,NA,1506.693,363.967,-3862.436,1,"Jenny Stahl",0,NA,2012,6744,2,NA,NA,NA,NA,NA,"rockfish","rosethorn",150,150,17,NA,NA,NA,NA,NA
"319","2012_6744_2_SL.avi",22263,28.8304,NA,NA,NA,78,5.906,NA,5956.945,28.15,NA,NA,2034.005,1825.027,-5293.137,1,"Jenny Stahl",0,NA,2012,6744,2,NA,NA,NA,NA,NA,"rockfish","yelloweye",145,145,18,"AD","Fish milling",NA,NA,NA
"320","2012_6744_2_SL.avi",22382,28.8966,NA,NA,558.466,75,7.583,9.564,4547.512,15.735,36.685,2.274,1042.957,563.145,-4390.327,1,"Jenny Stahl",0,NA,2012,6744,2,NA,NA,NA,NA,NA,"rockfish","yelloweye",145,145,18,"AD","Fish milling",NA,NA,NA
"321","2012_6744_2_SL.avi",23916,29.7497,NA,NA,NA,21,3.988,NA,3685.49,5.666,NA,NA,-70.177,277.455,-3674.361,1,"Jenny Stahl",0,NA,2012,6744,2,NA,NA,NA,NA,NA,"rockfish","rosethorn",150,150,19,NA,NA,NA,NA,NA
"322","2012_6744_2_SL.avi",24162,29.8865,NA,NA,NA,47,5.663,NA,4418.342,26.569,NA,NA,-1976.065,-63.651,-3951.311,1,"Jenny Stahl",0,NA,2012,6744,2,NA,NA,NA,NA,NA,"rockfish","rosethorn",150,150,20,NA,NA,NA,NA,NA
"323","2012_6744_2_SL.avi",25141,30.4309,NA,NA,NA,37,4.963,NA,4354.482,19.213,NA,NA,-1050.551,885.272,-4132.087,1,"Jenny Stahl",0,NA,2012,6744,2,NA,NA,NA,NA,NA,"rockfish","rosethorn",150,150,21,NA,NA,NA,NA,NA
"324","2012_6744_2_SL.avi",26224,31.0332,NA,NA,NA,18,5.919,NA,2974.033,16.884,NA,NA,-767.904,-457.083,-2836.595,1,"Jenny Stahl",0,NA,2012,6744,2,NA,NA,NA,NA,NA,"rockfish","rosethorn",150,150,22,NA,NA,NA,NA,NA
"325","2012_6744_2_SL.avi",26779,31.3418,NA,NA,NA,36,0.785,NA,4066.115,24.063,NA,NA,-1328.429,911.282,-3733.381,1,"Jenny Stahl",0,NA,2012,6744,2,NA,NA,NA,NA,NA,"rockfish","rosethorn",150,150,23,NA,NA,NA,NA,NA
"326","2012_6744_2_SL.avi",27897,31.9635,NA,NA,NA,37,0.359,NA,3793.758,28.918,NA,NA,-1819.275,163.792,-3325.058,1,"Jenny Stahl",0,NA,2012,6744,2,NA,NA,NA,NA,NA,"rockfish","rosethorn",150,150,24,NA,NA,NA,NA,NA
"327","2012_6744_2_SL.avi",33965,35.338,NA,NA,NA,26,5.655,NA,3681.649,18.697,NA,NA,-854.792,738.035,-3504.165,1,"Jenny Stahl",0,NA,2012,6744,2,NA,NA,NA,NA,NA,"rockfish","dusky",172,172,25,NA,NA,NA,NA,NA
"328","2012_6744_2_SL.avi",42561,40.1183,NA,NA,NA,24,3.214,NA,3634.694,14.744,NA,NA,-620.425,609.822,-3529.049,1,"Jenny Stahl",0,NA,2012,6744,2,NA,NA,NA,NA,NA,"rockfish","rosethorn",150,150,26,NA,NA,NA,NA,NA
"329","2012_6745_1_SL.avi",886,16.9424,NA,NA,NA,22,1.883,NA,3347.081,17.23,NA,NA,956.489,-330.075,-3190.475,1,"Jenny Stahl",0,NA,2012,6745,1,NA,NA,NA,NA,NA,"rockfish","rosethorn",150,150,1,NA,NA,NA,NA,NA
"330","2012_6745_1_SL.avi",4721,19.0751,NA,NA,306.968,33,2.472,9.327,2696.745,21.509,50.353,20.41,981.392,66.045,-2510.964,1,"Jenny Stahl",0,NA,2012,6745,1,NA,NA,NA,NA,NA,"rockfish","yelloweye",145,145,2,"SU","Fish milling",NA,NA,NA
"331","2012_6745_1_SL.avi",4722,19.0757,NA,NA,NA,15,0.473,NA,2708.31,19.046,NA,NA,868.012,110.745,-2563.052,1,"Jenny Stahl",0,NA,2012,6745,1,NA,NA,NA,NA,NA,"rockfish","yelloweye",145,145,2,"SU","Fish milling",NA,NA,NA
"332","2012_6745_1_SL.avi",5916,19.7397,NA,NA,NA,22,0.385,NA,3531.307,13.013,NA,NA,-575.921,473.597,-3451.688,1,"Jenny Stahl",0,NA,2012,6745,1,NA,NA,NA,NA,NA,"rockfish","rosethorn",150,150,3,NA,NA,NA,NA,NA
"333","2012_6745_1_SL.avi",6470,20.0478,NA,NA,NA,47,8.299,NA,4739.498,24.354,NA,NA,1409.584,1259.956,-4346.081,1,"Jenny Stahl",0,NA,2012,6745,1,NA,NA,NA,NA,NA,"rockfish","quillback",147,147,4,NA,NA,NA,NA,NA
"334","2012_6745_1_SL.avi",8009,20.9036,NA,NA,NA,9,0.459,NA,2221.704,3.887,NA,NA,-106.878,-154.09,-2213.775,1,"Jenny Stahl",0,NA,2012,6745,1,NA,NA,NA,NA,NA,"ratfish","ratfish",714,714,5,NA,NA,NA,NA,NA
"335","2012_6745_1_SL.avi",8146,20.9798,NA,NA,NA,16,1.257,NA,2962.117,18.957,NA,NA,-100.743,896.073,-2821.532,1,"Jenny Stahl",0,NA,2012,6745,1,NA,NA,NA,NA,NA,"rockfish","yelloweye",145,145,6,"SU","Fish milling",NA,NA,NA
"336","2012_6745_1_SL.avi",8236,21.0299,NA,NA,411.858,19,6.746,0.522,2041.616,4.765,51.578,18.998,-169.035,-58.049,-2033.778,1,"Jenny Stahl",0,NA,2012,6745,1,NA,NA,NA,NA,NA,"rockfish","yelloweye",145,145,6,"SU","Fish milling",NA,NA,NA
"337","2012_6745_1_SL.avi",8673,21.2729,NA,NA,NA,10,8.57,NA,2385.644,13.001,NA,NA,-266.161,415.555,-2334.046,1,"Jenny Stahl",0,NA,2012,6745,1,NA,NA,NA,NA,NA,"rockfish","quillback",147,147,7,NA,NA,NA,NA,NA
"338","2012_6745_1_SL.avi",8728,21.3035,NA,NA,NA,19,7.656,NA,3122.479,18.454,NA,NA,-888.917,367.929,-2970.578,1,"Jenny Stahl",0,NA,2012,6745,1,NA,NA,NA,NA,NA,"rockfish","yelloweye",145,145,8,"JV","Fish milling",NA,NA,NA
"339","2012_6745_1_SL.avi",8729,21.304,NA,NA,231.027,19,9.225,6.987,3101.095,20.24,2.373,9.457,-982.174,368.511,-2918.274,1,"Jenny Stahl",0,NA,2012,6745,1,NA,NA,NA,NA,NA,"rockfish","yelloweye",145,145,8,"JV","Fish milling",NA,NA,NA
"340","2012_6745_1_SL.avi",8913,21.4063,NA,NA,NA,14,7.809,NA,2933.266,8.136,NA,NA,-319.546,202.008,-2908.803,1,"Jenny Stahl",0,NA,2012,6745,1,NA,NA,NA,NA,NA,"rockfish","yelloweye",145,145,9,"JV","Fish milling",NA,NA,NA
"341","2012_6745_1_SL.avi",8917,21.4086,NA,NA,203.899,16,9.375,6.541,2877.733,9.194,19.411,31.953,-379.761,197.565,-2845.715,1,"Jenny Stahl",0,NA,2012,6745,1,NA,NA,NA,NA,NA,"rockfish","yelloweye",145,145,9,"JV","Fish milling",NA,NA,NA
"342","2012_6745_1_SL.avi",9112,21.517,NA,NA,NA,36,10.066,NA,4076.264,25.936,NA,NA,-1150.709,1281.991,-3694.36,1,"Jenny Stahl",0,NA,2012,6745,1,NA,NA,NA,NA,NA,"rockfish","quillback",147,147,10,NA,NA,NA,NA,NA
"343","2012_6745_1_SL.avi",9654,21.8184,NA,NA,NA,26,7.768,NA,3531.511,22.814,NA,NA,1365.508,31.364,-3256.682,1,"Jenny Stahl",0,NA,2012,6745,1,NA,NA,NA,NA,NA,"rockfish","rosethorn",150,150,11,NA,NA,NA,NA,NA
"344","2012_6745_1_SL.avi",11811,23.0179,NA,NA,NA,27,6.247,NA,3690.448,18.086,NA,NA,-1144.333,-131.217,-3506.094,1,"Jenny Stahl",0,NA,2012,6745,1,NA,NA,NA,NA,NA,"rockfish","rosethorn",150,150,12,NA,NA,NA,NA,NA
"345","2012_6745_1_SL.avi",13420,23.9127,NA,NA,NA,26,9.486,NA,4072.83,1.361,NA,NA,-23.427,-182.033,-4068.693,1,"Jenny Stahl",0,NA,2012,6745,1,NA,NA,NA,NA,NA,"rockfish","rosethorn",150,150,13,NA,NA,NA,NA,NA
"346","2012_6745_1_SL.avi",13891,24.1747,NA,NA,NA,43,6.276,NA,5011.091,13.183,NA,NA,-611.52,859.545,-4898.802,1,"Jenny Stahl",0,NA,2012,6745,1,NA,NA,NA,NA,NA,"rockfish","yelloweye",145,145,14,"JV","Fish milling",NA,NA,NA
"347","2012_6745_1_SL.avi",13987,24.228,NA,NA,269.062,51,1.318,9.34,3755.852,11.903,41.655,20.81,-442.44,556.1,-3688.011,1,"Jenny Stahl",0,NA,2012,6745,1,NA,NA,NA,NA,NA,"rockfish","yelloweye",145,145,14,"JV","Fish milling",NA,NA,NA
"348","2012_6745_1_SL.avi",14250,24.3743,NA,NA,NA,24,15.763,NA,3595.756,14.519,NA,NA,812.216,-466.432,-3471.629,1,"Jenny Stahl",0,NA,2012,6745,1,NA,NA,NA,NA,NA,"rockfish","rosethorn",150,150,15,NA,NA,NA,NA,NA
"349","2012_6745_1_SL.avi",16282,25.5043,NA,NA,NA,17,6.211,NA,3076.476,12.446,NA,NA,-197.028,-698.061,-2989.748,1,"Jenny Stahl",0,NA,2012,6745,1,NA,NA,NA,NA,NA,"rockfish","rosethorn",150,150,16,NA,NA,NA,NA,NA
"350","2012_6745_1_SL.avi",16282,25.5043,NA,NA,NA,28,1.838,NA,3910.259,15.375,NA,NA,-1034.921,-19.728,-3770.766,1,"Jenny Stahl",0,NA,2012,6745,1,NA,NA,NA,NA,NA,"rockfish","quillback",147,147,17,NA,NA,NA,NA,NA
"351","2012_6745_1_SL.avi",16970,25.8869,NA,NA,NA,27,9.809,NA,3945.827,13.359,NA,NA,624.752,580.655,-3852.541,1,"Jenny Stahl",0,NA,2012,6745,1,NA,NA,NA,NA,NA,"rockfish","rosethorn",150,150,18,NA,NA,NA,NA,NA
"352","2012_6745_1_SL.avi",17063,25.9386,NA,NA,NA,29,0.037,NA,3994.559,15.478,NA,NA,987.339,318.35,-3857.501,1,"Jenny Stahl",0,NA,2012,6745,1,NA,NA,NA,NA,NA,"rockfish",NA,NA,NA,19,NA,NA,NA,"unknown rkfish under rock",NA
"353","2012_6745_1_SL.avi",19844,27.4852,NA,NA,NA,18,5.288,NA,3345.671,5.671,NA,NA,300.488,65.631,-3331.503,1,"Jenny Stahl",0,NA,2012,6745,1,NA,NA,NA,NA,NA,"rockfish","rosethorn",150,150,20,NA,NA,NA,NA,NA
"354","2012_6745_1_SL.avi",20133,27.6459,NA,NA,NA,33,3.683,NA,4278.221,13.832,NA,NA,-996.06,142.42,-4158.215,1,"Jenny Stahl",0,NA,2012,6745,1,NA,NA,NA,NA,NA,"rockfish","quillback",147,147,21,NA,NA,NA,NA,NA
"355","2012_6745_1_SL.avi",21429,28.3666,NA,NA,NA,22,3.593,NA,3457.802,19.172,NA,NA,-197.401,1047.244,-3289.484,1,"Jenny Stahl",0,NA,2012,6745,1,NA,NA,NA,NA,NA,"rockfish","rosethorn",150,150,22,NA,NA,NA,NA,NA
"356","2012_6745_1_SL.avi",21612,28.4684,NA,NA,NA,18,1.452,NA,2904.625,24.426,NA,NA,-932.942,699.016,-2660.422,1,"Jenny Stahl",0,NA,2012,6745,1,NA,NA,NA,NA,NA,"rockfish","rosethorn",150,150,23,NA,NA,NA,NA,NA
"357","2012_6745_1_SL.avi",21660,28.4951,NA,NA,NA,21,7.455,NA,3209.764,22.085,NA,NA,902.833,736.206,-2990.9,1,"Jenny Stahl",0,NA,2012,6745,1,NA,NA,NA,NA,NA,"rockfish","yelloweye",145,145,24,"AD","Fish milling",NA,NA,NA
"358","2012_6745_1_SL.avi",21685,28.509,NA,NA,407.193,23,1.097,4.746,2937.852,24.06,16.088,1.306,1021.349,567.343,-2695.541,1,"Jenny Stahl",0,NA,2012,6745,1,NA,NA,NA,NA,NA,"rockfish","yelloweye",145,145,24,"AD","Fish milling",NA,NA,NA
"359","2012_6745_1_SL.avi",22488,28.9555,NA,NA,NA,21,2.257,NA,2891.265,27.192,NA,NA,-1167.885,-673.356,-2557.743,1,"Jenny Stahl",0,NA,2012,6745,1,NA,NA,NA,NA,NA,"rockfish","rosethorn",150,150,25,NA,NA,NA,NA,NA
"360","2012_6745_1_SL.avi",22627,29.0328,NA,NA,NA,15,0.209,NA,2766.035,14.265,NA,NA,-561.308,-444.6,-2671.743,1,"Jenny Stahl",0,NA,2012,6745,1,NA,NA,NA,NA,NA,"rockfish","tiger",148,148,26,NA,NA,NA,NA,NA
"361","2012_6745_1_SL.avi",22892,29.1802,NA,NA,NA,20,3.819,NA,3283.865,13.212,NA,NA,-725.738,-260.525,-3192.052,1,"Jenny Stahl",0,NA,2012,6745,1,NA,NA,NA,NA,NA,"rockfish","rosethorn",150,150,27,NA,NA,NA,NA,NA
"362","2012_6745_1_SL.avi",24131,29.8692,NA,NA,NA,30,6.922,NA,3712.277,26.604,NA,NA,-1085.583,1186.84,-3345.732,1,"Jenny Stahl",0,NA,2012,6745,1,NA,NA,NA,NA,NA,"rockfish",NA,NA,NA,28,NA,NA,NA,NA,NA
"363","2012_6745_1_SL.avi",24595,30.1273,NA,NA,NA,24,7.691,NA,3581.953,16.695,NA,NA,802.963,568.984,-3444.11,1,"Jenny Stahl",0,NA,2012,6745,1,NA,NA,NA,NA,NA,"rockfish","yelloweye",145,145,29,"AD","Fish milling",NA,NA,NA
"364","2012_6745_1_SL.avi",24684,30.1768,NA,NA,401.653,47,1.043,5.476,3018.005,16.888,75.51,25.15,876.239,-91.482,-2886.553,1,"Jenny Stahl",0,NA,2012,6745,1,NA,NA,NA,NA,NA,"rockfish","yelloweye",145,145,29,"AD","Fish milling",NA,NA,NA
"365","2012_6745_1_SL.avi",25613,30.6934,NA,NA,NA,25,3.753,NA,3331.306,24.597,NA,NA,1099.072,-910.856,-3009.98,1,"Jenny Stahl",0,NA,2012,6745,1,NA,NA,NA,NA,NA,"rockfish","rosethorn",150,150,30,NA,NA,NA,NA,NA
"366","2012_6745_1_SL.avi",26419,31.1416,NA,NA,NA,37,1.728,NA,3834.017,27.882,NA,NA,-1469.973,-1099.789,-3365.908,1,"Jenny Stahl",0,NA,2012,6745,1,NA,NA,NA,NA,NA,"rockfish","rosethorn",150,150,31,NA,NA,NA,NA,NA
"367","2012_6745_1_SL.avi",27181,31.5654,NA,NA,NA,16,2.907,NA,2834.624,15.364,NA,NA,584.134,-531.169,-2722.451,1,"Jenny Stahl",0,NA,2012,6745,1,NA,NA,NA,NA,NA,"ratfish","ratfish",714,714,32,NA,NA,NA,NA,NA
"368","2012_6745_1_SL.avi",28128,32.092,NA,NA,NA,17,4.562,NA,3129.738,7.702,NA,NA,385.318,-232.869,-3097.187,1,"Jenny Stahl",0,NA,2012,6745,1,NA,NA,NA,NA,NA,"rockfish","rosethorn",150,150,33,NA,NA,NA,NA,NA
"369","2012_6745_1_SL.avi",28239,32.1537,NA,NA,NA,9,1.485,NA,2260.384,12.334,NA,NA,-128.647,417.413,-2217.781,1,"Jenny Stahl",0,NA,2012,6745,1,NA,NA,NA,NA,NA,"rockfish","quillback",147,147,34,NA,NA,NA,NA,NA
"370","2012_6745_1_SL.avi",28239,32.1537,NA,NA,NA,30,2.005,NA,3902.587,22.145,NA,NA,711.856,1208.731,-3641.76,1,"Jenny Stahl",0,NA,2012,6745,1,NA,NA,NA,NA,NA,"rockfish","rosethorn",150,150,35,NA,NA,NA,NA,NA
"371","2012_6745_1_SL.avi",28638,32.3756,NA,NA,NA,44,9.099,NA,4183.892,27.159,NA,NA,-1902.78,-244.384,-3718.152,1,"Jenny Stahl",0,NA,2012,6745,1,NA,NA,NA,NA,NA,"rockfish","rosethorn",150,150,36,NA,NA,NA,NA,NA
"372","2012_6745_1_SL.avi",29980,33.1219,NA,NA,NA,13,1.473,NA,2543.918,16.159,NA,NA,-655.98,-319.24,-2437.067,1,"Jenny Stahl",0,NA,2012,6745,1,NA,NA,NA,NA,NA,"rockfish","rosethorn",150,150,37,NA,NA,NA,NA,NA
"373","2012_6745_1_SL.avi",32781,34.6796,NA,NA,NA,26,2.681,NA,3961.3,11.216,NA,NA,212.814,656.19,-3900.772,1,"Jenny Stahl",0,NA,2012,6745,1,NA,NA,NA,NA,NA,"rockfish","quillback",147,147,38,NA,NA,NA,NA,NA
"374","2012_6745_1_SL.avi",33441,35.0466,NA,NA,NA,18,8.999,NA,3156.797,15.054,NA,NA,285.179,702.465,-3064.406,1,"Jenny Stahl",0,NA,2012,6745,1,NA,NA,NA,NA,NA,"rockfish","rosethorn",150,150,39,NA,NA,NA,NA,NA
"375","2012_6745_1_SL.avi",33950,35.3297,NA,NA,NA,21,4.915,NA,3635.29,8.288,NA,NA,204.656,404.332,-3606.933,1,"Jenny Stahl",0,NA,2012,6745,1,NA,NA,NA,NA,NA,"rockfish","rosethorn",150,150,40,NA,NA,NA,NA,NA
"376","2012_6745_1_SL.avi",33950,35.3297,NA,NA,NA,25,4.321,NA,3496.718,22.294,NA,NA,918.144,887.101,-3255.319,1,"Jenny Stahl",0,NA,2012,6745,1,NA,NA,NA,NA,NA,"rockfish","quillback",147,147,41,NA,NA,NA,NA,NA
"377","2012_6745_1_SL.avi",35430,36.1527,NA,NA,NA,29,9.199,NA,3654.123,25.676,NA,NA,1262.452,883.919,-3313.234,1,"Jenny Stahl",0,NA,2012,6745,1,NA,NA,NA,NA,NA,"rockfish","quillback",147,147,42,NA,NA,NA,NA,NA
"378","2012_6745_1_SL.avi",36356,36.6677,NA,NA,NA,41,3.572,NA,4216.632,24.769,NA,NA,-1764.497,-169.759,-3825.927,1,"Jenny Stahl",0,NA,2012,6745,1,NA,NA,NA,NA,NA,"rockfish","rosethorn",150,150,43,NA,NA,NA,NA,NA
"379","2012_6745_1_SL.avi",36472,36.7322,NA,NA,NA,27,1.807,NA,3757.336,16.566,NA,NA,-943.811,428.733,-3611.506,1,"Jenny Stahl",0,NA,2012,6745,1,NA,NA,NA,NA,NA,"rockfish","rosethorn",150,150,44,NA,NA,NA,NA,NA
"380","2012_6745_1_SL.avi",37297,37.191,NA,NA,NA,40,9.106,NA,4280.882,23.558,NA,NA,-1671.343,280.931,-3931.112,1,"Jenny Stahl",0,NA,2012,6745,1,NA,NA,NA,NA,NA,"rockfish","rosethorn",150,150,45,NA,NA,NA,NA,NA
"381","2012_6745_1_SL.avi",38015,37.5903,NA,NA,NA,31,6.075,NA,3987.911,20.984,NA,NA,759.226,1128.591,-3748.772,1,"Jenny Stahl",0,NA,2012,6745,1,NA,NA,NA,NA,NA,"rockfish","quillback",147,147,46,NA,NA,NA,NA,NA
"382","2012_6745_1_SL.avi",38958,38.1147,NA,NA,NA,64,7.011,NA,5160.849,27.524,NA,NA,-2003.441,1194.463,-4603.677,1,"Jenny Stahl",0,NA,2012,6745,1,NA,NA,NA,NA,NA,"rockfish","quillback",147,147,47,NA,NA,NA,NA,NA
"383","2012_6745_1_SL.avi",39205,38.252,NA,NA,NA,13,5.652,NA,2543.819,14.419,NA,NA,515.732,-421.048,-2455.149,1,"Jenny Stahl",0,NA,2012,6745,1,NA,NA,NA,NA,NA,"rockfish","rosethorn",150,150,48,NA,NA,NA,NA,NA
"384","2012_6745_1_SL.avi",41864,39.7307,NA,NA,NA,22,6.763,NA,3452.105,16.208,NA,NA,749.88,533.152,-3327.23,1,"Jenny Stahl",0,NA,2012,6745,1,NA,NA,NA,NA,NA,"rockfish","rosethorn",150,150,49,NA,NA,NA,NA,NA
"385","2012_6745_1_SL.avi",42421,40.0405,NA,NA,NA,15,0.874,NA,2659.838,21.432,NA,NA,963.132,76.634,-2478.154,1,"Jenny Stahl",0,NA,2012,6745,1,NA,NA,NA,NA,NA,"rockfish","rosethorn",150,150,50,NA,NA,NA,NA,NA
"386","2012_6745_1_SL.avi",42421,40.0405,NA,NA,NA,13,5.752,NA,2772.641,6.763,NA,NA,-70.081,259.176,-2759.611,1,"Jenny Stahl",0,NA,2012,6745,1,NA,NA,NA,NA,NA,"rockfish","rosethorn",150,150,51,NA,NA,NA,NA,NA
"387","2012_6745_1_SL.avi",42456,40.0599,NA,NA,NA,25,1.177,NA,3657.74,17.026,NA,NA,-1031.637,211.876,-3502.841,1,"Jenny Stahl",0,NA,2012,6745,1,NA,NA,NA,NA,NA,"rockfish","rosethorn",150,150,52,NA,NA,NA,NA,NA
"388","2012_6745_1_SL.avi",43351,40.5577,NA,NA,NA,63,9.052,NA,5342.087,26.05,NA,NA,-1635.806,1577.215,-4834.71,1,"Jenny Stahl",0,NA,2012,6745,1,NA,NA,NA,NA,NA,"rockfish","quillback",147,147,53,NA,NA,NA,NA,NA
"389","2012_6745_1_SL.avi",44775,41.3496,NA,NA,NA,42,5.66,NA,4298.556,26.072,NA,NA,-1480.545,1089.543,-3885.675,1,"Jenny Stahl",0,NA,2012,6745,1,NA,NA,NA,NA,NA,"rockfish","quillback",147,147,54,NA,NA,NA,NA,NA
"390","2012_6745_1_SL.avi",44943,41.443,NA,NA,165.716,18,6.49,2.029,1913.652,10.293,70.746,22.236,-73.616,-374.625,-1875.18,1,"Jenny Stahl",0,NA,2012,6745,1,NA,NA,NA,NA,NA,"rockfish","yelloweye",145,145,55,"JV","Fish milling",NA,NA,NA
"391","2012_6745_1_SL.avi",44947,41.4452,NA,NA,NA,6,0.806,NA,1809.38,13.668,NA,NA,-105.526,-452.326,-1748.748,1,"Jenny Stahl",0,NA,2012,6745,1,NA,NA,NA,NA,NA,"rockfish","yelloweye",145,145,55,"JV","Fish milling",NA,NA,NA
"392","2012_6745_1_SL.avi",45414,41.7049,NA,NA,NA,38,1.371,NA,4191.731,23.647,NA,NA,-1535.726,600.989,-3853.695,1,"Jenny Stahl",0,NA,2012,6745,1,NA,NA,NA,NA,NA,"rockfish","rosethorn",150,150,56,NA,NA,NA,NA,NA
"393","2012_6745_1_SL.avi",46131,42.1036,NA,NA,NA,17,1.402,NA,2764.353,23.273,NA,NA,1081.986,-204.155,-2535.602,1,"Jenny Stahl",0,NA,2012,6745,1,NA,NA,NA,NA,NA,"rockfish","rosethorn",150,150,57,NA,NA,NA,NA,NA
"394","2012_6745_1_SL.avi",46892,42.5268,NA,NA,NA,15,3.381,NA,2794.188,17.713,NA,NA,845.051,35.296,-2663.105,1,"Jenny Stahl",0,NA,2012,6745,1,NA,NA,NA,NA,NA,"rockfish","rosethorn",150,150,58,NA,NA,NA,NA,NA
"395","2012_6745_1_SL.avi",47526,42.8794,NA,NA,NA,45,1.034,NA,4909.479,21.87,NA,NA,-586.245,1633.125,-4592.625,1,"Jenny Stahl",0,NA,2012,6745,1,NA,NA,NA,NA,NA,"rockfish","quillback",147,147,59,NA,NA,NA,NA,NA
"396","2012_6745_1_SL.avi",49839,44.1657,NA,NA,NA,19,9.919,NA,3170.476,15.197,NA,NA,-780.511,219.223,-3065.071,1,"Jenny Stahl",0,NA,2012,6745,1,NA,NA,NA,NA,NA,"rockfish","rosethorn",150,150,60,NA,NA,NA,NA,NA
"397","2012_6745_2_SL.avi",282,16.6066,NA,NA,NA,5,1.2,NA,1628.819,8.929,NA,NA,-250.627,-67.964,-1607.986,1,"Jenny Stahl",0,NA,2012,6745,2,NA,NA,NA,NA,NA,"rockfish","quillback",147,147,1,NA,NA,NA,NA,NA
"398","2012_6745_2_SL.avi",452,16.7011,NA,NA,NA,30,1.031,NA,4039.972,17.384,NA,NA,565.966,982.351,-3877.634,1,"Jenny Stahl",0,NA,2012,6745,2,NA,NA,NA,NA,NA,"rockfish","quillback",147,147,2,NA,NA,NA,NA,NA
"399","2012_6745_2_SL.avi",1338,17.1938,NA,NA,NA,31,8.295,NA,3836.062,23.921,NA,NA,1413.3,573.374,-3519.83,1,"Jenny Stahl",0,NA,2012,6745,2,NA,NA,NA,NA,NA,"rockfish","quillback",147,147,3,NA,NA,NA,NA,NA
"400","2012_6745_2_SL.avi",7352,20.5383,NA,NA,NA,11,5.256,NA,2396.516,18.877,NA,NA,526.256,520.127,-2279.432,1,"Jenny Stahl",0,NA,2012,6745,2,NA,NA,NA,NA,NA,"rockfish","black",142,142,4,NA,NA,NA,NA,NA
"401","2012_6745_2_SL.avi",7820,20.7985,NA,NA,NA,48,1.983,NA,5095.293,17.743,NA,NA,-791.814,1230.226,-4880.736,1,"Jenny Stahl",0,NA,2012,6745,2,NA,NA,NA,NA,NA,"rockfish","black",142,142,5,NA,NA,NA,NA,NA
"402","2012_6745_2_SL.avi",8025,20.9125,NA,NA,NA,37,4.072,NA,3988.511,28.696,NA,NA,1613.87,955.078,-3520.151,1,"Jenny Stahl",0,NA,2012,6745,2,NA,NA,NA,NA,NA,"rockfish","black",142,142,6,NA,NA,NA,NA,NA
"403","2012_6745_2_SL.avi",8118,20.9642,NA,NA,NA,10,4.867,NA,2326.084,14.181,NA,NA,-23.165,520.368,-2267.013,1,"Jenny Stahl",0,NA,2012,6745,2,NA,NA,NA,NA,NA,"rockfish","black",142,142,7,NA,NA,NA,NA,NA
"404","2012_6745_2_SL.avi",8246,21.0354,NA,NA,NA,27,7.927,NA,3809.121,15.421,NA,NA,1012.477,-49.871,-3671.758,1,"Jenny Stahl",0,NA,2012,6745,2,NA,NA,NA,NA,NA,"rockfish","black",142,142,8,NA,NA,NA,NA,NA
"405","2012_6745_2_SL.avi",8814,21.3513,NA,NA,NA,56,8.189,NA,4733.349,26.532,NA,NA,-2017.609,-724.015,-4220.148,1,"Jenny Stahl",0,NA,2012,6745,2,NA,NA,NA,NA,NA,"rockfish","tiger",148,148,9,NA,NA,NA,NA,NA
"406","2012_6745_2_SL.avi",9611,21.7945,NA,NA,NA,24,2.982,NA,3231.053,25.049,NA,NA,-1261.255,466.17,-2937.963,1,"Jenny Stahl",0,NA,2012,6745,2,NA,NA,NA,NA,NA,"rockfish","silvergray",157,157,10,NA,NA,NA,NA,NA
"407","2012_6745_2_SL.avi",10031,22.0281,NA,NA,NA,29,3.796,NA,3812.326,20.748,NA,NA,1350.193,-46.293,-3564.922,1,"Jenny Stahl",0,NA,2012,6745,2,NA,NA,NA,NA,NA,"rockfish","quillback",147,147,11,NA,NA,NA,NA,NA
"408","2012_6745_2_SL.avi",10019,22.0214,NA,NA,NA,48,9.053,NA,4292.093,28.888,NA,NA,-2067.572,75.641,-3760.516,1,"Jenny Stahl",0,NA,2012,6745,2,NA,NA,NA,NA,NA,"rockfish","quillback",147,147,12,NA,NA,NA,NA,NA
"409","2012_6745_2_SL.avi",10542,22.3122,NA,NA,NA,27,6.193,NA,3689.232,19.163,NA,NA,-1208.452,3.304,-3485.695,1,"Jenny Stahl",0,NA,2012,6745,2,NA,NA,NA,NA,NA,"rockfish","quillback",147,147,13,NA,NA,NA,NA,NA
"410","2012_6745_2_SL.avi",10628,22.3601,NA,NA,NA,25,6.43,NA,3627.523,16.891,NA,NA,1034.044,128.929,-3474.63,1,"Jenny Stahl",0,NA,2012,6745,2,NA,NA,NA,NA,NA,"rockfish","canary",146,146,14,NA,NA,NA,NA,NA
"411","2012_6745_2_SL.avi",12219,23.2448,NA,NA,NA,29,2.632,NA,3807.167,20.943,NA,NA,1223.795,517.887,-3567.721,1,"Jenny Stahl",0,NA,2012,6745,2,NA,NA,NA,NA,NA,"ratfish","ratfish",714,714,15,NA,NA,NA,NA,NA
"412","2012_6745_2_SL.avi",13080,23.7237,NA,NA,NA,39,5.514,NA,4588.167,17.398,NA,NA,-699.899,1084.74,-4402.812,1,"Jenny Stahl",0,NA,2012,6745,2,NA,NA,NA,NA,NA,"rockfish","quillback",147,147,16,NA,NA,NA,NA,NA
"413","2012_6745_2_SL.avi",13581,24.0023,NA,NA,NA,27,7.203,NA,3828.019,17.644,NA,NA,661.855,873.745,-3667.731,1,"Jenny Stahl",0,NA,2012,6745,2,NA,NA,NA,NA,NA,"rockfish","canary",146,146,17,NA,NA,NA,NA,NA
"414","2012_6745_2_SL.avi",14185,24.3382,NA,NA,NA,3,0.105,NA,1124.553,23.304,NA,NA,176.661,385.836,-1041.414,1,"Jenny Stahl",0,NA,2012,6745,2,NA,NA,NA,NA,NA,"rockfish","black",142,142,18,NA,NA,NA,NA,NA
"415","2012_6745_2_SL.avi",14702,24.6257,NA,NA,NA,15,5.311,NA,2919.781,13.529,NA,NA,321.771,540.843,-2851.153,1,"Jenny Stahl",0,NA,2012,6745,2,NA,NA,NA,NA,NA,"rockfish","black",142,142,19,NA,NA,NA,NA,NA
"416","2012_6745_2_SL.avi",14702,24.6257,NA,NA,NA,22,1.445,NA,3392.888,20.553,NA,NA,672.616,914.035,-3197.47,1,"Jenny Stahl",0,NA,2012,6745,2,NA,NA,NA,NA,NA,"rockfish","canary",146,146,20,NA,NA,NA,NA,NA
"417","2012_6745_2_SL.avi",14920,24.7469,NA,NA,NA,13,0.838,NA,2641.546,12.543,NA,NA,-569.778,10.977,-2579.34,1,"Jenny Stahl",0,NA,2012,6745,2,NA,NA,NA,NA,NA,"rockfish","yelloweye",145,145,21,"JV","Fish milling",NA,NA,NA
"418","2012_6745_2_SL.avi",14921,24.7475,NA,NA,199.468,16,4.869,0.741,2594.623,14.544,18.525,12.879,-650.274,-13.495,-2511.778,1,"Jenny Stahl",0,NA,2012,6745,2,NA,NA,NA,NA,NA,"rockfish","yelloweye",145,145,21,"JV","Fish milling",NA,NA,NA
"419","2012_6745_2_SL.avi",15009,24.7964,NA,NA,NA,26,7.442,NA,3579.79,21.815,NA,NA,1129.952,629.898,-3337.864,1,"Jenny Stahl",0,NA,2012,6745,2,NA,NA,NA,NA,NA,"rockfish","quillback",147,147,22,NA,NA,NA,NA,NA
"420","2012_6745_2_SL.avi",15170,24.8859,NA,NA,NA,42,2.462,NA,4526.072,21.336,NA,NA,-1548.66,468.389,-4227.008,1,"Jenny Stahl",0,NA,2012,6745,2,NA,NA,NA,NA,NA,"rockfish","quillback",147,147,23,NA,NA,NA,NA,NA
"421","2012_6745_2_SL.avi",15661,25.159,NA,NA,NA,52,1.33,NA,5286.655,16.081,NA,NA,-1131.197,819.594,-5098.763,1,"Jenny Stahl",0,NA,2012,6745,2,NA,NA,NA,NA,NA,"rockfish","quillback",147,147,24,NA,NA,NA,NA,NA
"422","2012_6745_2_SL.avi",22199,28.7948,NA,NA,NA,35,4.236,NA,3990.095,25.764,NA,NA,1452.788,869.205,-3613.136,1,"Jenny Stahl",0,NA,2012,6745,2,NA,NA,NA,NA,NA,"rockfish","quillback",147,147,25,NA,NA,NA,NA,NA
"423","2012_6745_2_SL.avi",23425,29.4766,NA,NA,NA,27,6.27,NA,3549.666,23.314,NA,NA,1209.101,644.512,-3274.57,1,"Jenny Stahl",0,NA,2012,6745,2,NA,NA,NA,NA,NA,"rockfish","rosethorn",150,150,26,NA,NA,NA,NA,NA
"424","2012_6745_2_SL.avi",24534,30.0933,NA,NA,NA,30,12.564,NA,3945.086,22.099,NA,NA,-697.441,1230.569,-3682.795,1,"Jenny Stahl",0,NA,2012,6745,2,NA,NA,NA,NA,NA,"rockfish",NA,NA,NA,27,NA,NA,NA,NA,NA
"425","2012_6745_2_SL.avi",25699,30.7412,NA,NA,NA,26,3.126,NA,3545.477,21.287,NA,NA,-1103.276,591.265,-3317.167,1,"Jenny Stahl",0,NA,2012,6745,2,NA,NA,NA,NA,NA,"rockfish","yelloweye",145,145,28,"JV","Fish milling",NA,NA,NA
"426","2012_6745_2_SL.avi",25754,30.7718,NA,NA,177.462,31,8.825,0.93,2827.29,22.104,35.017,16.55,-1047.67,128.19,-2622.885,1,"Jenny Stahl",0,NA,2012,6745,2,NA,NA,NA,NA,NA,"rockfish","yelloweye",145,145,28,"JV","Fish milling",NA,NA,NA
"427","2012_6745_2_SL.avi",26890,31.4035,NA,NA,NA,18,0.217,NA,3045.313,20.831,NA,NA,366.565,957.13,-2867.658,1,"Jenny Stahl",0,NA,2012,6745,2,NA,NA,NA,NA,NA,"rockfish","yelloweye",145,145,29,"JV","Fish milling",NA,NA,NA
"428","2012_6745_2_SL.avi",26947,31.4352,NA,NA,307.273,13,0.757,1.769,2180.997,12.584,38.774,48.694,375.399,245.109,-2134.419,1,"Jenny Stahl",0,NA,2012,6745,2,NA,NA,NA,NA,NA,"rockfish","yelloweye",145,145,29,"JV","Fish milling",NA,NA,NA
"429","2012_6745_2_SL.avi",29179,32.6765,NA,NA,NA,20,5.052,NA,2946.55,27.052,NA,NA,1087.414,726.104,-2640.542,1,"Jenny Stahl",0,NA,2012,6745,2,NA,NA,NA,NA,NA,"rockfish","quillback",147,147,30,NA,NA,NA,NA,NA
"430","2012_6745_2_SL.avi",29439,32.8211,NA,NA,NA,18,6.519,NA,3123.657,14.802,NA,NA,795.992,-8.827,-3020.521,1,"Jenny Stahl",0,NA,2012,6745,2,NA,NA,NA,NA,NA,"greenling",NA,NA,NA,31,NA,NA,NA,NA,NA
"431","2012_6745_2_SL.avi",29608,32.915,NA,NA,NA,20,0.369,NA,2920.262,27.213,NA,NA,-1314.995,176.529,-2601.453,1,"Jenny Stahl",0,NA,2012,6745,2,NA,NA,NA,NA,NA,"rockfish","quillback",147,147,32,NA,NA,NA,NA,NA
"432","2012_6745_2_SL.avi",31085,33.7364,NA,NA,NA,43,1.433,NA,4494.86,22.73,NA,NA,-1371.077,975.967,-4167.901,1,"Jenny Stahl",0,NA,2012,6745,2,NA,NA,NA,NA,NA,"rockfish","quillback",147,147,33,NA,NA,NA,NA,NA
"433","2012_6745_2_SL.avi",31688,34.0717,NA,NA,NA,22,8.085,NA,3576.515,10.051,NA,NA,-607.817,-218.354,-3517.717,1,"Jenny Stahl",0,NA,2012,6745,2,NA,NA,NA,NA,NA,"rockfish","tiger",148,148,34,NA,NA,NA,NA,NA
"434","2012_6745_2_SL.avi",31812,34.1407,NA,NA,NA,15,5.22,NA,2867.877,19.01,NA,NA,181.146,857.474,-2730.685,1,"Jenny Stahl",0,NA,2012,6745,2,NA,NA,NA,NA,NA,"rockfish","quillback",147,147,35,NA,NA,NA,NA,NA
"435","2012_6745_2_SL.avi",31982,34.2352,NA,NA,NA,17,1.328,NA,3085.043,20.049,NA,NA,141.769,985.022,-2920.124,1,"Jenny Stahl",0,NA,2012,6745,2,NA,NA,NA,NA,NA,"rockfish","yelloweye",145,145,36,"SU","Fish milling",NA,NA,NA
"436","2012_6745_2_SL.avi",32103,64.3714,NA,NA,294.96,11,0.828,2.065,1837.122,15.93,28.317,2.231,459.038,170.277,-1770.68,1,"Jenny Stahl",0,NA,2012,6745,2,NA,NA,NA,NA,NA,"rockfish","yelloweye",145,145,36,"SU","Fish milling",NA,NA,NA
"437","2012_6745_2_SL.avi",33769,35.229,NA,NA,NA,23,1.409,NA,3392.942,20.231,NA,NA,991.466,558.24,-3196.47,1,"Jenny Stahl",0,NA,2012,6745,2,NA,NA,NA,NA,NA,"rockfish","yelloweye",145,145,37,"JV","Fish milling",NA,NA,NA
"438","2012_6745_2_SL.avi",33838,35.2674,NA,NA,282.858,36,3.213,7.862,2766.098,18.135,52.193,0.95,857.447,20.935,-2629.762,1,"Jenny Stahl",0,NA,2012,6745,2,NA,NA,NA,NA,NA,"rockfish","yelloweye",145,145,37,"JV","Fish milling",NA,NA,NA
"439","2012_6745_2_SL.avi",38809,68.1007,NA,NA,306.526,60,7.794,2.113,4730.645,11.048,28.243,4.394,-235.985,774.502,-4660.844,1,"Jenny Stahl",0,NA,2012,6745,2,NA,NA,NA,NA,NA,"rockfish","yelloweye",145,145,38,"SU","Fish milling",NA,NA,NA
"440","2012_6745_2_SL.avi",38860,38.0602,NA,NA,NA,24,3.973,NA,3847.808,7.997,NA,NA,-441.888,219.557,-3816.04,1,"Jenny Stahl",0,NA,2012,6745,2,NA,NA,NA,NA,NA,"rockfish","yelloweye",145,145,38,"SU","Fish milling",NA,NA,NA
"441","2012_6745_2_SL.avi",39190,38.2437,NA,NA,NA,53,2.52,NA,5045.619,21.483,NA,NA,-1847.809,-101.792,-4693.987,1,"Jenny Stahl",0,NA,2012,6745,2,NA,NA,NA,NA,NA,"rockfish","quillback",147,147,39,NA,NA,NA,NA,NA
"442","2012_6745_2_SL.avi",40217,38.8148,NA,NA,NA,24,1.774,NA,3425.843,17.559,NA,NA,-954.829,-466.239,-3256.889,1,"Jenny Stahl",0,NA,2012,6745,2,NA,NA,NA,NA,NA,"greenling","lingcod",130,130,40,NA,NA,NA,"length RMS>10",NA
"443","2012_6745_2_SL.avi",40225,38.8193,NA,NA,985.351,55,0.468,11.132,3632.047,12.363,55.861,33.794,-746.813,-293.547,-3542.297,1,"Jenny Stahl",0,NA,2012,6745,2,NA,NA,NA,NA,NA,"greenling","lingcod",130,130,40,NA,NA,NA,"length RMS>10",NA
"444","2012_6745_2_SL.avi",44108,40.9786,NA,NA,NA,31,6.28,NA,3660.959,26.047,NA,NA,-1569.189,277.767,-3295.924,1,"Jenny Stahl",0,NA,2012,6745,2,NA,NA,NA,NA,NA,"greenling","lingcod",130,130,41,NA,NA,NA,"RMS>10 for length",NA
"445","2012_6745_2_SL.avi",44118,40.9842,NA,NA,831.469,31,11.596,7.529,3576.751,24.555,2.029,39.806,-1446.762,270.373,-3259.897,1,"Jenny Stahl",0,NA,2012,6745,2,NA,NA,NA,NA,NA,"greenling","lingcod",130,130,41,NA,NA,NA,"RMS>10 for length",NA
"446","2012_6745_2_SL.avi",44404,41.1432,NA,NA,NA,14,6.878,NA,2765.656,15.113,NA,NA,-396.526,544.234,-2682.43,1,"Jenny Stahl",0,NA,2012,6745,2,NA,NA,NA,NA,NA,"rockfish","quillback",147,147,42,NA,NA,NA,NA,NA
"447","2012_6745_2_SL.avi",44997,41.473,NA,NA,NA,142,19.983,NA,7884.962,27.399,NA,NA,-2594.905,2384.009,-7053.765,1,"Jenny Stahl",0,NA,2012,6745,2,NA,NA,NA,NA,NA,"ratfish","ratfish",714,714,43,NA,NA,NA,NA,NA
"448","2012_6745_2_SL.avi",47337,42.7743,NA,NA,NA,24,3.13,NA,3724.964,11.404,NA,NA,352.723,567.284,-3664.578,1,"Jenny Stahl",0,NA,2012,6745,2,NA,NA,NA,NA,NA,"rockfish","quillback",147,147,44,NA,NA,NA,NA,NA
"449","2012_6745_2_SL.avi",48116,43.2075,NA,NA,NA,20,7.171,NA,3347.448,9.801,NA,NA,-265.551,-575.517,-3286.894,1,"Jenny Stahl",0,NA,2012,6745,2,NA,NA,NA,NA,NA,"ratfish","ratfish",714,714,45,NA,NA,NA,NA,NA
"450","2012_6745_2_SL.avi",51209,44.9276,NA,NA,NA,21,1.563,NA,3401.294,14.018,NA,NA,821,-140.158,-3297.744,1,"Jenny Stahl",0,NA,2012,6745,2,NA,NA,NA,NA,NA,"rockfish","quillback",147,147,46,NA,NA,NA,NA,NA
"451","2012_6745_2_SL.avi",53488,46.1949,NA,NA,NA,14,4.14,NA,2856.315,6.169,NA,NA,-90.692,-354.688,-2832.756,1,"Jenny Stahl",0,NA,2012,6745,2,NA,NA,NA,NA,NA,"rockfish","rosethorn",150,150,47,NA,NA,NA,NA,NA
"452","2012_6745_2_SL.avi",54444,46.7266,NA,NA,NA,33,6.791,NA,4376.907,12.776,NA,NA,-612.136,657.097,-4283.787,1,"Jenny Stahl",0,NA,2012,6745,2,NA,NA,NA,NA,NA,"rockfish","quillback",147,147,48,NA,NA,NA,NA,NA
"453","2012_6745_2_SL.avi",54798,46.9234,NA,NA,NA,12,0.344,NA,2498.423,17.748,NA,NA,696.471,256.52,-2385.633,1,"Jenny Stahl",0,NA,2012,6745,2,NA,NA,NA,NA,NA,"rockfish","quillback",147,147,49,NA,NA,NA,NA,NA
"454","2012_6745_2_SL.avi",31711,64.1534,NA,NA,NA,24,0.538,NA,3421.231,19.131,NA,NA,-1058.639,-439.368,-3223.516,1,"Jenny Stahl",0,NA,2012,6745,2,NA,NA,NA,NA,NA,"rockfish","yelloweye",145,145,50,"JV","Fish milling",NA,NA,NA
"455","2012_6745_2_SL.avi",31749,64.1745,NA,NA,293.979,25,5.341,6.698,3194.663,25.254,12.54,35.661,-1182.275,-740.566,-2873.962,1,"Jenny Stahl",0,NA,2012,6745,2,NA,NA,NA,NA,NA,"rockfish","yelloweye",145,145,50,"JV","Fish milling",NA,NA,NA
"456","2012_6745_2_SL.avi",41354,69.516,NA,NA,NA,16,7.312,NA,2715.487,22.771,NA,NA,-849.444,-673.098,-2489.83,1,"Jenny Stahl",0,NA,2012,6745,2,NA,NA,NA,NA,NA,"rockfish","yelloweye",145,145,51,"JV","Fish resting on bottom",NA,NA,NA
"457","2012_6745_2_SL.avi",41365,69.5221,NA,NA,207.033,21,2.307,0.038,2631.476,24.726,31.749,40.053,-848.542,-752.722,-2374.459,1,"Jenny Stahl",0,NA,2012,6745,2,NA,NA,NA,NA,NA,"rockfish","yelloweye",145,145,51,"JV","Fish resting on bottom",NA,NA,NA
"458","2012_6746_1_SL.avi",2145,17.6426,NA,NA,NA,7,3.512,NA,1932.888,20.413,NA,NA,85.195,629.351,-1825.573,1,"Jenny Stahl",0,NA,2012,6746,1,NA,NA,NA,NA,NA,"rockfish","canary",146,146,1,NA,NA,NA,NA,NA
"459","2012_6746_1_SL.avi",11182,22.6682,NA,NA,NA,24,2.047,NA,3524.176,17.278,NA,NA,-789.652,613.969,-3379.247,1,"Jenny Stahl",0,NA,2012,6746,1,NA,NA,NA,NA,NA,"rockfish","rosethorn",150,150,2,NA,NA,NA,NA,NA
"460","2012_6746_1_SL.avi",11765,22.9924,NA,NA,NA,25,3.947,NA,3401.126,25.782,NA,NA,1098.656,924.014,-3083.312,1,"Jenny Stahl",0,NA,2012,6746,1,NA,NA,NA,NA,NA,"rockfish","canary",146,146,3,NA,NA,NA,NA,NA
"461","2012_6746_1_SL.avi",14578,24.5567,NA,NA,NA,23,5.07,NA,3357.575,20.387,NA,NA,-1102.29,322.841,-3155.002,1,"Jenny Stahl",0,NA,2012,6746,1,NA,NA,NA,NA,NA,"rockfish","rosethorn",150,150,4,NA,NA,NA,NA,NA
"462","2012_6746_1_SL.avi",14979,24.7797,NA,NA,NA,9,3.466,NA,2070.491,20.585,NA,NA,-624.516,-415.989,-1929.732,1,"Jenny Stahl",0,NA,2012,6746,1,NA,NA,NA,NA,NA,"rockfish","rosethorn",150,150,5,NA,NA,NA,NA,NA
"463","2012_6746_1_SL.avi",15687,25.1734,NA,NA,NA,12,0.283,NA,2606.205,11.1,NA,NA,392.891,-367.401,-2550.09,1,"Jenny Stahl",0,NA,2012,6746,1,NA,NA,NA,NA,NA,"rockfish","rosethorn",150,150,6,NA,NA,NA,NA,NA
"464","2012_6746_1_SL.avi",16420,25.5811,NA,NA,NA,40,1.075,NA,4486.901,20.739,NA,NA,-1068.231,1084.998,-4220.657,1,"Jenny Stahl",0,NA,2012,6746,1,NA,NA,NA,NA,NA,"rockfish","rosethorn",150,150,7,NA,NA,NA,NA,NA
"465","2012_6746_1_SL.avi",17225,26.0287,NA,NA,NA,22,3.069,NA,3270.109,20.449,NA,NA,-1089.895,276.113,-3070.749,1,"Jenny Stahl",0,NA,2012,6746,1,NA,NA,NA,NA,NA,"rockfish","rosethorn",150,150,8,NA,NA,NA,NA,NA
"466","2012_6746_1_SL.avi",17865,26.3846,NA,NA,NA,25,5.375,NA,3272.417,30.596,NA,NA,1336.815,932.316,-2837.679,1,"Jenny Stahl",0,NA,2012,6746,1,NA,NA,NA,NA,NA,"rockfish","dusky",172,172,9,NA,NA,NA,NA,NA
"467","2012_6746_1_SL.avi",21572,28.4461,NA,NA,NA,27,6.139,NA,4005.241,11.251,NA,NA,-288.415,641.018,-3943.078,1,"Jenny Stahl",0,NA,2012,6746,1,NA,NA,NA,NA,NA,"rockfish","rosethorn",150,150,10,NA,NA,NA,NA,NA
"468","2012_6746_1_SL.avi",23319,29.4177,NA,NA,NA,22,3.248,NA,3414.25,15.852,NA,NA,905.313,152.74,-3288.493,1,"Jenny Stahl",0,NA,2012,6746,1,NA,NA,NA,NA,NA,"rockfish","rosethorn",150,150,11,NA,NA,NA,NA,NA
"469","2012_6746_1_SL.avi",23355,29.4377,NA,NA,NA,16,1.363,NA,2841.151,18.785,NA,NA,586.635,643.591,-2704.402,1,"Jenny Stahl",0,NA,2012,6746,1,NA,NA,NA,NA,NA,"rockfish","canary",146,146,12,NA,NA,NA,NA,NA
"470","2012_6746_1_SL.avi",25068,30.3903,NA,NA,428.709,36,4.332,1.28,2923.072,6.091,56.201,30.927,-282.975,64.009,-2908.639,1,"Jenny Stahl",0,NA,2012,6746,1,NA,NA,NA,NA,NA,"rockfish","yelloweye",145,145,13,"AD","Fish resting on bottom",NA,NA,NA
"471","2012_6746_1_SL.avi",24881,30.2863,NA,NA,NA,19,3.334,NA,3506.757,3.106,NA,NA,-72.092,99.863,-3504.593,1,"Jenny Stahl",0,NA,2012,6746,1,NA,NA,NA,NA,NA,"rockfish","yelloweye",145,145,13,"AD","Fish resting on bottom",NA,NA,NA
"472","2012_6746_1_SL.avi",26816,31.3624,NA,NA,NA,28,2.192,NA,3498.441,25.395,NA,NA,-1500.33,-67.741,-3159.67,1,"Jenny Stahl",0,NA,2012,6746,1,NA,NA,NA,NA,NA,"rockfish","rosethorn",150,150,14,NA,NA,NA,NA,NA
"473","2012_6746_1_SL.avi",27006,31.468,NA,NA,NA,36,4.477,NA,4041.346,26.506,NA,NA,1665.945,612.636,-3630.672,1,"Jenny Stahl",0,NA,2012,6746,1,NA,NA,NA,NA,NA,"rockfish","rosethorn",150,150,15,NA,NA,NA,NA,NA
"474","2012_6746_1_SL.avi",27178,31.5637,NA,NA,NA,7,6.056,NA,1716.498,24.655,NA,NA,560.452,-479.336,-1549.999,1,"Jenny Stahl",0,NA,2012,6746,1,NA,NA,NA,NA,NA,"rockfish","rosethorn",150,150,16,NA,NA,NA,NA,NA
"475","2012_6746_1_SL.avi",27367,31.6688,NA,NA,NA,62,23.062,NA,4577.857,31.615,NA,NA,-2211.144,847.908,-3917.737,1,"Jenny Stahl",0,NA,2012,6746,1,NA,NA,NA,NA,NA,"rockfish","rosethorn",150,150,17,NA,NA,NA,NA,NA
"476","2012_6746_1_SL.avi",28097,32.0748,NA,NA,NA,23,0.798,NA,3346.296,19.655,NA,NA,-955.825,-662.47,-3137.71,1,"Jenny Stahl",0,NA,2012,6746,1,NA,NA,NA,NA,NA,"rockfish","rosethorn",150,150,18,NA,NA,NA,NA,NA
"477","2012_6746_1_SL.avi",28395,32.2405,NA,NA,NA,10,1.682,NA,2241.266,19.538,NA,NA,563.388,-540.07,-2100.997,1,"Jenny Stahl",0,NA,2012,6746,1,NA,NA,NA,NA,NA,"rockfish","rosethorn",150,150,19,NA,NA,NA,NA,NA
"478","2012_6746_1_SL.avi",29327,32.7588,NA,NA,NA,24,5.971,NA,3473.903,18.719,NA,NA,-1111.936,-152.133,-3287.621,1,"Jenny Stahl",0,NA,2012,6746,1,NA,NA,NA,NA,NA,"rockfish","rosethorn",150,150,20,NA,NA,NA,NA,NA
"479","2012_6746_1_SL.avi",30005,33.1358,NA,NA,NA,23,1.383,NA,3005.517,27.223,NA,NA,-1260.071,-607.874,-2660.046,1,"Jenny Stahl",0,NA,2012,6746,1,NA,NA,NA,NA,NA,"rockfish","rosethorn",150,150,21,NA,NA,NA,NA,NA
"480","2012_6746_1_SL.avi",30358,33.3321,NA,NA,NA,17,1.159,NA,2950.316,17.249,NA,NA,801.687,289.086,-2824.551,1,"Jenny Stahl",0,NA,2012,6746,1,NA,NA,NA,NA,NA,"rockfish","rosethorn",150,150,22,NA,NA,NA,NA,NA
"481","2012_6746_1_SL.avi",30617,33.4762,NA,NA,NA,15,9.816,NA,2982.222,6.129,NA,NA,313.776,-118.443,-2963.303,1,"Jenny Stahl",0,NA,2012,6746,1,NA,NA,NA,NA,NA,"rockfish","rosethorn",150,150,23,NA,NA,NA,NA,NA
"482","2012_6746_1_SL.avi",31199,33.7998,NA,NA,NA,4,12.72,NA,1368.77,14.876,NA,NA,344.452,40.81,-1324.092,1,"Jenny Stahl",0,NA,2012,6746,1,NA,NA,NA,NA,NA,"rockfish",NA,NA,NA,24,NA,NA,NA,"rougheye?SpotsTopBlkMarginDFin",NA
"483","2012_6746_1_SL.avi",32020,34.2564,NA,NA,NA,29,5.723,NA,3986.192,15.33,NA,NA,-717.502,688.401,-3860.184,1,"Jenny Stahl",0,NA,2012,6746,1,NA,NA,NA,NA,NA,"rockfish","rosethorn",150,150,25,NA,NA,NA,NA,NA
"484","2012_6746_1_SL.avi",32210,34.362,NA,NA,NA,19,2.829,NA,3293.987,13.065,NA,NA,276.228,621.812,-3222.948,1,"Jenny Stahl",0,NA,2012,6746,1,NA,NA,NA,NA,NA,"rockfish","rosethorn",150,150,26,NA,NA,NA,NA,NA
"485","2012_6746_1_SL.avi",33494,35.0761,NA,NA,NA,32,5.439,NA,4348.142,15.406,NA,NA,-145.358,1054.863,-4215.742,1,"Jenny Stahl",0,NA,2012,6746,1,NA,NA,NA,NA,NA,"rockfish","dusky",172,172,27,NA,NA,NA,NA,NA
"486","2012_6746_1_SL.avi",33925,35.3158,NA,NA,NA,16,4.972,NA,2912.72,17.51,NA,NA,-648.175,529.501,-2789.881,1,"Jenny Stahl",0,NA,2012,6746,1,NA,NA,NA,NA,NA,"rockfish","rosethorn",150,150,28,NA,NA,NA,NA,NA
"487","2012_6746_1_SL.avi",34162,35.4476,NA,NA,434.461,35,7.66,6.442,3986.962,21.075,17.55,41.852,-1413.66,158.034,-3724.574,1,"Jenny Stahl",0,NA,2012,6746,1,NA,NA,NA,NA,NA,"rockfish","yelloweye",145,145,29,"AD","Fish milling",NA,NA,NA
"488","2012_6746_1_SL.avi",34132,35.4309,NA,NA,NA,35,5.287,NA,4251.895,18.608,NA,NA,-1251.785,435.734,-4040.022,1,"Jenny Stahl",0,NA,2012,6746,1,NA,NA,NA,NA,NA,"rockfish","yelloweye",145,145,29,"AD","Fish milling",NA,NA,NA
"489","2012_6746_1_SL.avi",35588,36.2406,NA,NA,NA,14,1.466,NA,2814.181,16.303,NA,NA,-95.328,725.519,-2717.38,1,"Jenny Stahl",0,NA,2012,6746,1,NA,NA,NA,NA,NA,"rockfish","rosethorn",150,150,30,NA,NA,NA,NA,NA
"490","2012_6746_1_SL.avi",36030,36.4864,NA,NA,NA,12,3.623,NA,2354.951,20.558,NA,NA,-804.182,-240.457,-2200.287,1,"Jenny Stahl",0,NA,2012,6746,1,NA,NA,NA,NA,NA,"rockfish","rosethorn",150,150,31,NA,NA,NA,NA,NA
"491","2012_6746_1_SL.avi",36030,36.4864,NA,NA,NA,17,5.369,NA,3231.782,7.62,NA,NA,340.219,191.128,-3208.136,1,"Jenny Stahl",0,NA,2012,6746,1,NA,NA,NA,NA,NA,"rockfish","rosethorn",150,150,32,NA,NA,NA,NA,NA
"492","2012_6746_1_SL.avi",36310,36.6421,NA,NA,NA,82,1.462,NA,6485.039,23.441,NA,NA,-1137.826,2185.85,-5998.595,1,"Jenny Stahl",0,NA,2012,6746,1,NA,NA,NA,NA,NA,"rockfish","yelloweye",145,145,33,"AD","Fish milling",NA,NA,NA
"493","2012_6746_1_SL.avi",36369,36.6749,NA,NA,601.689,68,1.102,9.969,5044.504,21.85,20.718,3.932,-1454.298,1085.619,-4706.747,1,"Jenny Stahl",0,NA,2012,6746,1,NA,NA,NA,NA,NA,"rockfish","yelloweye",145,145,33,"AD","Fish milling",NA,NA,NA
"494","2012_6746_1_SL.avi",36896,36.968,NA,NA,NA,20,2.682,NA,3218.384,16.013,NA,NA,871.873,-234.593,-3089.142,1,"Jenny Stahl",0,NA,2012,6746,1,NA,NA,NA,NA,NA,"rockfish","rosethorn",150,150,34,NA,NA,NA,NA,NA
"495","2012_6746_1_SL.avi",38750,37.999,NA,NA,NA,21,0.106,NA,3606.244,9.351,NA,NA,90.759,501.62,-3570.033,1,"Jenny Stahl",0,NA,2012,6746,1,NA,NA,NA,NA,NA,"rockfish","rosethorn",150,150,35,NA,NA,NA,NA,NA
"496","2012_6746_1_SL.avi",38964,38.118,NA,NA,NA,18,0.174,NA,2999.301,18.894,NA,NA,775.169,-646.478,-2824.356,1,"Jenny Stahl",0,NA,2012,6746,1,NA,NA,NA,NA,NA,"rockfish","rosethorn",150,150,36,NA,NA,NA,NA,NA
"497","2012_6746_1_SL.avi",39408,38.3649,NA,NA,NA,13,2.244,NA,2432.557,23.511,NA,NA,-923.835,-345.228,-2223.664,1,"Jenny Stahl",0,NA,2012,6746,1,NA,NA,NA,NA,NA,"rockfish",NA,NA,NA,37,NA,NA,NA,"silvergray or dusky",NA
"498","2012_6746_1_SL.avi",39969,38.6769,NA,NA,NA,25,2.997,NA,3988.13,7.949,NA,NA,81.526,459.746,-3960.703,1,"Jenny Stahl",0,NA,2012,6746,1,NA,NA,NA,NA,NA,"rockfish","rosethorn",150,150,38,NA,NA,NA,NA,NA
"499","2012_6746_1_SL.avi",40450,38.9444,NA,NA,NA,56,6.454,NA,5257.142,22.268,NA,NA,1896.972,502.775,-4877.116,1,"Jenny Stahl",0,NA,2012,6746,1,NA,NA,NA,NA,NA,"rockfish","yelloweye",145,145,39,"AD","Fish milling",NA,"bad orientation",NA
"500","2012_6746_1_SL.avi",40447,38.9427,NA,NA,454.868,95,9.673,5.423,5239.279,23.766,42.778,39.431,2048.964,405.778,-4804.907,1,"Jenny Stahl",0,NA,2012,6746,1,NA,NA,NA,NA,NA,"rockfish","yelloweye",145,145,39,"AD","Fish milling",NA,"bad orientation",NA
"501","2012_6746_1_SL.avi",41436,39.4927,NA,NA,NA,13,2.387,NA,2460.629,21.076,NA,NA,-884.825,-42.941,-2295.634,1,"Jenny Stahl",0,NA,2012,6746,1,NA,NA,NA,NA,NA,"rockfish","rosethorn",150,150,40,NA,NA,NA,NA,NA
"502","2012_6746_1_SL.avi",41404,39.4749,NA,NA,NA,38,3.5,NA,4287.93,23.502,NA,NA,1123.07,1203.897,-3959.254,1,"Jenny Stahl",0,NA,2012,6746,1,NA,NA,NA,NA,NA,"rockfish","canary",146,146,41,NA,NA,NA,NA,NA
"503","2012_6746_1_SL.avi",42041,39.8292,NA,NA,376.006,13,2.007,6.334,2419.825,8.349,21.408,20.584,-46.736,296.285,-2401.163,1,"Jenny Stahl",0,NA,2012,6746,1,NA,NA,NA,NA,NA,"rockfish","yelloweye",145,145,42,"SU","Fish milling",NA,NA,NA
"504","2012_6746_1_SL.avi",41756,39.6707,NA,NA,NA,22,4.678,NA,3515.082,15.581,NA,NA,-229.754,842.213,-3404.951,1,"Jenny Stahl",0,NA,2012,6746,1,NA,NA,NA,NA,NA,"rockfish","yelloweye",145,145,42,"SU","Fish milling",NA,NA,NA
"505","2012_6746_1_SL.avi",42746,40.2212,NA,NA,NA,62,16.835,NA,4641.039,31.368,NA,NA,-2194.668,923.606,-3983.67,1,"Jenny Stahl",0,NA,2012,6746,1,NA,NA,NA,NA,NA,"rockfish","rosethorn",150,150,43,NA,NA,NA,NA,NA
"506","2012_6746_1_SL.avi",43432,40.6027,NA,NA,NA,27,6.341,NA,3565.636,23.832,NA,NA,1399.221,272.547,-3268.281,1,"Jenny Stahl",0,NA,2012,6746,1,NA,NA,NA,NA,NA,"rockfish","rosethorn",150,150,44,NA,NA,NA,NA,NA
"507","2012_6746_1_SL.avi",43969,40.9013,NA,NA,NA,20,4.233,NA,3268.017,16.962,NA,NA,-667.599,612.768,-3139.867,1,"Jenny Stahl",0,NA,2012,6746,1,NA,NA,NA,NA,NA,"rockfish","rosethorn",150,150,45,NA,NA,NA,NA,NA
"508","2012_6746_1_SL.avi",44489,41.1905,NA,NA,NA,21,3.925,NA,3535.754,8.735,NA,NA,325.964,350.857,-3503.171,1,"Jenny Stahl",0,NA,2012,6746,1,NA,NA,NA,NA,NA,"rockfish","rosethorn",150,150,46,NA,NA,NA,NA,NA
"509","2012_6746_1_SL.avi",44850,41.3913,NA,NA,NA,17,0.478,NA,2789.789,24.595,NA,NA,897.442,-791.528,-2520.12,1,"Jenny Stahl",0,NA,2012,6746,1,NA,NA,NA,NA,NA,"rockfish","rosethorn",150,150,47,NA,NA,NA,NA,NA
"510","2012_6746_1_SL.avi",45431,41.7144,NA,NA,NA,30,0.093,NA,3839.139,21.482,NA,NA,-1356.897,290.6,-3579.577,1,"Jenny Stahl",0,NA,2012,6746,1,NA,NA,NA,NA,NA,"rockfish","rosethorn",150,150,48,NA,NA,NA,NA,NA
"511","2012_6746_1_SL.avi",45615,41.8167,NA,NA,514.511,12,0.989,3.463,3398.345,11.847,1.221,23.985,517.309,395.92,-3335.324,1,"Jenny Stahl",0,NA,2012,6746,1,NA,NA,NA,NA,NA,"rockfish","yelloweye",145,145,49,"AD","Fish moving quickly into frame",NA,NA,NA
"512","2012_6746_1_SL.avi",45547,41.7789,NA,NA,NA,56,6.383,NA,5499.07,22.061,NA,NA,-570.349,1874.218,-5138.267,1,"Jenny Stahl",0,NA,2012,6746,1,NA,NA,NA,NA,NA,"rockfish","yelloweye",145,145,49,"AD","Fish moving quickly into frame",NA,NA,NA
"513","2012_6746_1_SL.avi",45788,41.9129,NA,NA,NA,43,0.519,NA,4656.784,20.967,NA,NA,-1052.642,1197.237,-4375.409,1,"Jenny Stahl",0,NA,2012,6746,1,NA,NA,NA,NA,NA,"rockfish","rosethorn",150,150,50,NA,NA,NA,NA,NA
"514","2012_6746_1_SL.avi",46421,42.2649,NA,NA,NA,11,3.121,NA,2475.418,7.493,NA,NA,-303.932,-161.9,-2451.348,1,"Jenny Stahl",0,NA,2012,6746,1,NA,NA,NA,NA,NA,"rockfish","rosethorn",150,150,51,NA,NA,NA,NA,NA
"515","2012_6746_1_SL.avi",47105,42.6453,NA,NA,NA,22,7.09,NA,3445.205,20.296,NA,NA,-361.43,1068.761,-3255.235,1,"Jenny Stahl",0,NA,2012,6746,1,NA,NA,NA,NA,NA,"rockfish","dusky",172,172,52,NA,NA,NA,NA,NA
"516","2012_6746_1_SL.avi",47154,42.6725,NA,NA,NA,8,0.415,NA,2079.73,11.517,NA,NA,-199.431,-408.302,-2029.481,1,"Jenny Stahl",0,NA,2012,6746,1,NA,NA,NA,NA,NA,"rockfish","rosethorn",150,150,53,NA,NA,NA,NA,NA
"517","2012_6746_1_SL.avi",47359,42.7865,NA,NA,NA,20,4.378,NA,3403.813,11.599,NA,NA,205.031,580.511,-3347.672,1,"Jenny Stahl",0,NA,2012,6746,1,NA,NA,NA,NA,NA,"rockfish","rosethorn",150,150,54,NA,NA,NA,NA,NA
"518","2012_6746_1_SL.avi",48961,43.6774,NA,NA,NA,18,2.597,NA,3104.641,16.444,NA,NA,-862.767,102.906,-2980.577,1,"Jenny Stahl",0,NA,2012,6746,1,NA,NA,NA,NA,NA,"rockfish","rosethorn",150,150,55,NA,NA,NA,NA,NA
"519","2012_6746_1_SL.avi",48898,43.6424,NA,NA,NA,9,2.985,NA,1979.866,23.512,NA,NA,706.332,-392.717,-1807.412,1,"Jenny Stahl",0,NA,2012,6746,1,NA,NA,NA,NA,NA,"rockfish","rosethorn",150,150,56,NA,NA,NA,NA,NA
"520","2012_6746_1_SL.avi",49710,44.094,NA,NA,NA,20,8.492,NA,3411.184,9.516,NA,NA,512.854,161.595,-3368.537,1,"Jenny Stahl",0,NA,2012,6746,1,NA,NA,NA,NA,NA,"rockfish","rosethorn",150,150,57,NA,NA,NA,NA,NA
"521","2012_6746_1_SL.avi",50739,44.6662,NA,NA,NA,14,2.651,NA,2955.444,3.039,NA,NA,-112.275,45.335,-2952.962,1,"Jenny Stahl",0,NA,2012,6746,1,NA,NA,NA,NA,NA,"rockfish","rosethorn",150,150,58,NA,NA,NA,NA,NA
"522","2012_6746_1_SL.avi",52767,45.794,NA,NA,NA,24,4.858,NA,3739.739,12.5,NA,NA,333.193,658.411,-3666.214,1,"Jenny Stahl",0,NA,2012,6746,1,NA,NA,NA,NA,NA,"rockfish","rosethorn",150,150,59,NA,NA,NA,NA,NA
"523","2012_6746_1_SL.avi",32709,34.6395,NA,NA,NA,NA,NA,NA,NA,NA,NA,NA,NA,NA,NA,NA,"Jenny Stahl",0,NA,2012,6746,1,NA,NA,NA,NA,NA,"rockfish",NA,NA,NA,60,NA,NA,NA,"not in both stereos",NA
"524","2012_6746_1_SL.avi",16421,25.5816,NA,NA,NA,4,5.998,NA,1415.454,13.128,NA,NA,-219.83,-264.384,-1373.057,1,"Jenny Stahl",0,NA,2012,6746,1,NA,NA,NA,NA,NA,"flatfish",NA,NA,NA,60,NA,NA,NA,"Dover?",NA
"525","2012_6746_2_SL.avi",1464,17.2639,NA,NA,NA,10,0.373,NA,2392.234,12.879,NA,NA,106.911,471.716,-2342.826,1,"Jenny Stahl",0,NA,2012,6746,2,NA,NA,NA,NA,NA,"rockfish","rosethorn",150,150,1,NA,NA,NA,NA,NA
"526","2012_6746_2_SL.avi",3835,18.5824,NA,NA,NA,19,2.325,NA,3236.547,15.525,NA,NA,421.934,688.851,-3134.117,1,"Jenny Stahl",0,NA,2012,6746,2,NA,NA,NA,NA,NA,"rockfish","quillback",147,147,2,NA,NA,NA,NA,NA
"527","2012_6746_2_SL.avi",4159,18.7626,NA,NA,NA,20,2.218,NA,3136.333,19.578,NA,NA,-1030.68,141.231,-2958.773,1,"Jenny Stahl",0,NA,2012,6746,2,NA,NA,NA,NA,NA,"rockfish","rosethorn",150,150,3,NA,NA,NA,NA,NA
"528","2012_6746_2_SL.avi",4592,19.0034,NA,NA,NA,15,5.269,NA,2952.996,12.868,NA,NA,215.892,558.695,-2891.614,1,"Jenny Stahl",0,NA,2012,6746,2,NA,NA,NA,NA,NA,"rockfish","rosethorn",150,150,4,NA,NA,NA,NA,NA
"529","2012_6746_2_SL.avi",5383,19.4433,NA,NA,NA,7,0.015,NA,2067.164,6.108,NA,NA,-164.005,102.005,-2058.122,1,"Jenny Stahl",0,NA,2012,6746,2,NA,NA,NA,NA,NA,"rockfish","rosethorn",150,150,5,NA,NA,NA,NA,NA
"530","2012_6746_2_SL.avi",6015,19.7947,NA,NA,NA,10,2.54,NA,2396.349,6.475,NA,NA,66.151,-313.564,-2374.824,1,"Jenny Stahl",0,NA,2012,6746,2,NA,NA,NA,NA,NA,"rockfish","rosethorn",150,150,6,NA,NA,NA,NA,NA
"531","2012_6746_2_SL.avi",6195,19.8948,NA,NA,NA,25,2.763,NA,3932.886,7.565,NA,NA,276.901,352.948,-3907.217,1,"Jenny Stahl",0,NA,2012,6746,2,NA,NA,NA,NA,NA,"rockfish","rosethorn",150,150,7,NA,NA,NA,NA,NA
"532","2012_6746_2_SL.avi",6777,20.2185,NA,NA,NA,10,1.813,NA,2427.126,6.648,NA,NA,-278.755,-16.86,-2411.006,1,"Jenny Stahl",0,NA,2012,6746,2,NA,NA,NA,NA,NA,"rockfish","rosethorn",150,150,8,NA,NA,NA,NA,NA
"533","2012_6746_2_SL.avi",10080,22.0553,NA,NA,NA,13,0.984,NA,2435.72,22.919,NA,NA,885.744,290.663,-2250.268,1,"Jenny Stahl",0,NA,2012,6746,2,NA,NA,NA,NA,NA,"rockfish","rosethorn",150,150,9,NA,NA,NA,NA,NA
"534","2012_6746_2_SL.avi",10322,22.1899,NA,NA,NA,12,1.352,NA,2662.524,9.604,NA,NA,184.519,347.089,-2633.347,1,"Jenny Stahl",0,NA,2012,6746,2,NA,NA,NA,NA,NA,"rockfish","rosethorn",150,150,10,NA,NA,NA,NA,NA
"535","2012_6746_2_SL.avi",13831,24.1413,NA,NA,NA,24,6.284,NA,3960.485,2.914,NA,NA,-17.858,114.807,-3958.78,1,"Jenny Stahl",0,NA,2012,6746,2,NA,NA,NA,NA,NA,"rockfish","rosethorn",150,150,11,NA,NA,NA,NA,NA
"536","2012_6746_2_SL.avi",14449,24.485,NA,NA,NA,33,1.857,NA,3623.089,27.281,NA,NA,-1654.716,-209.795,-3216.313,1,"Jenny Stahl",0,NA,2012,6746,2,NA,NA,NA,NA,NA,"rockfish","rosethorn",150,150,12,NA,NA,NA,NA,NA
"537","2012_6746_2_SL.avi",15435,25.0333,NA,NA,NA,14,0.208,NA,2868.106,9.338,NA,NA,-448.285,63.508,-2832.144,1,"Jenny Stahl",0,NA,2012,6746,2,NA,NA,NA,NA,NA,"rockfish","rosethorn",150,150,13,NA,NA,NA,NA,NA
"538","2012_6746_2_SL.avi",16549,25.6528,NA,NA,NA,45,5.126,NA,4296.779,27.85,NA,NA,-1807.413,790.648,-3817.125,1,"Jenny Stahl",0,NA,2012,6746,2,NA,NA,NA,NA,NA,"rockfish","rosethorn",150,150,14,NA,NA,NA,NA,NA
"539","2012_6746_2_SL.avi",17164,25.9948,NA,NA,NA,23,3.768,NA,3599.925,14.103,NA,NA,-805.024,272.683,-3498.148,1,"Jenny Stahl",0,NA,2012,6746,2,NA,NA,NA,NA,NA,"rockfish","rosethorn",150,150,15,NA,NA,NA,NA,NA
"540","2012_6746_2_SL.avi",18142,26.5387,NA,NA,NA,137,25.162,NA,6783.712,31.401,NA,NA,-3156.624,1464.306,-5823.253,1,"Jenny Stahl",0,NA,2012,6746,2,NA,NA,NA,NA,NA,"rockfish","rosethorn",150,150,16,NA,NA,NA,NA,NA
"541","2012_6746_2_SL.avi",18791,26.8996,NA,NA,NA,15,8.568,NA,3031.505,7.217,NA,NA,236.675,233.151,-3013.245,1,"Jenny Stahl",0,NA,2012,6746,2,NA,NA,NA,NA,NA,"rockfish","rosethorn",150,150,17,NA,NA,NA,NA,NA
"542","2012_6746_2_SL.avi",19894,27.513,NA,NA,NA,23,5.186,NA,3412.672,18.834,NA,NA,-1086.332,113.241,-3233.171,1,"Jenny Stahl",0,NA,2012,6746,2,NA,NA,NA,NA,NA,"rockfish","rosethorn",150,150,18,NA,NA,NA,NA,NA
"543","2012_6746_2_SL.avi",22400,28.9066,NA,NA,NA,16,9.81,NA,3101.028,6.081,NA,NA,313.59,31.039,-3084.976,1,"Jenny Stahl",0,NA,2012,6746,2,NA,NA,NA,NA,NA,"rockfish","rosethorn",150,150,19,NA,NA,NA,NA,NA
"544","2012_6746_2_SL.avi",23425,29.4766,NA,NA,NA,26,1.86,NA,3795.61,16.163,NA,NA,-434.277,883.977,-3665.602,1,"Jenny Stahl",0,NA,2012,6746,2,NA,NA,NA,NA,NA,"rockfish","rosethorn",150,150,20,NA,NA,NA,NA,NA
"545","2012_6746_2_SL.avi",26342,31.0988,NA,NA,NA,14,0.917,NA,2831.461,11.411,NA,NA,546.804,61.657,-2777.476,1,"Jenny Stahl",0,NA,2012,6746,2,NA,NA,NA,NA,NA,"rockfish","rosethorn",150,150,21,NA,NA,NA,NA,NA
"546","2012_6746_2_SL.avi",26373,31.116,NA,NA,NA,40,7.204,NA,4362.251,22.188,NA,NA,-1424.595,739.598,-4056.199,1,"Jenny Stahl",0,NA,2012,6746,2,NA,NA,NA,NA,NA,"rockfish","rosethorn",150,150,22,NA,NA,NA,NA,NA
"547","2012_6746_2_SL.avi",29328,32.7593,NA,NA,NA,23,1.943,NA,3363.831,21.193,NA,NA,-1191.183,176.574,-3140.902,1,"Jenny Stahl",0,NA,2012,6746,2,NA,NA,NA,NA,NA,"rockfish","rosethorn",150,150,23,NA,NA,NA,NA,NA
"548","2012_6746_2_SL.avi",29328,32.7593,NA,NA,NA,34,2.461,NA,4319.343,14.96,NA,NA,-681.035,792.223,-4191.097,1,"Jenny Stahl",0,NA,2012,6746,2,NA,NA,NA,NA,NA,"rockfish","yelloweye",145,145,24,"AD","Fish milling",NA,NA,NA
"549","2012_6746_2_SL.avi",29431,32.8166,NA,NA,394.852,26,4.301,0.651,2930.31,16.373,27.288,11.648,-806.002,-241.711,-2806.894,1,"Jenny Stahl",0,NA,2012,6746,2,NA,NA,NA,NA,NA,"rockfish","yelloweye",145,145,24,"AD","Fish milling",NA,NA,NA
"550","2012_6746_2_SL.avi",30875,33.6196,NA,NA,NA,32,6.689,NA,3973.806,20.721,NA,NA,1201.884,648.887,-3731.696,1,"Jenny Stahl",0,NA,2012,6746,2,NA,NA,NA,NA,NA,"rockfish","rosethorn",150,150,25,NA,NA,NA,NA,NA
"551","2012_6746_2_SL.avi",31071,33.7286,NA,NA,371.862,54,4.318,7.509,4180.252,18.228,51.834,50.477,-787.58,957.534,-3992.162,1,"Jenny Stahl",0,NA,2012,6746,2,NA,NA,NA,NA,NA,"rockfish","yelloweye",145,145,26,"AD","Fish milling",NA,NA,NA
"552","2012_6746_2_SL.avi",31071,33.7286,NA,NA,NA,32,8.453,NA,4154.941,18.262,NA,NA,-658.919,1037.216,-3969.073,1,"Jenny Stahl",0,NA,2012,6746,2,NA,NA,NA,NA,NA,"rockfish","yelloweye",145,145,26,"AD","Fish milling",NA,NA,NA
"553","2012_6746_2_SL.avi",32302,34.4132,NA,NA,NA,13,7.163,NA,2521.236,19.612,NA,NA,787.578,-361.004,-2367.706,1,"Jenny Stahl",0,NA,2012,6746,2,NA,NA,NA,NA,NA,"rockfish","rosethorn",150,150,27,NA,NA,NA,NA,NA
"554","2012_6746_2_SL.avi",34473,35.6205,NA,NA,NA,10,3.704,NA,2465.84,6.939,NA,NA,-266.214,80.627,-2450.102,1,"Jenny Stahl",0,NA,2012,6746,2,NA,NA,NA,NA,NA,"rockfish","rosethorn",150,150,28,NA,NA,NA,NA,NA
"555","2012_6746_2_SL.avi",35203,36.0265,NA,NA,NA,20,2.263,NA,3112.581,22.585,NA,NA,1068.594,473.387,-2884.817,1,"Jenny Stahl",0,NA,2012,6746,2,NA,NA,NA,NA,NA,"rockfish","rosethorn",150,150,29,NA,NA,NA,NA,NA
"556","2012_6746_2_SL.avi",36213,36.5881,NA,NA,NA,18,2.919,NA,2991.729,20.748,NA,NA,1043.337,125.694,-2801.087,1,"Jenny Stahl",0,NA,2012,6746,2,NA,NA,NA,NA,NA,"rockfish","rosethorn",150,150,30,NA,NA,NA,NA,NA
"557","2012_6746_2_SL.avi",36408,36.6966,NA,NA,NA,15,4.543,NA,2708.014,22.342,NA,NA,970.596,288.617,-2511.57,1,"Jenny Stahl",0,NA,2012,6746,2,NA,NA,NA,NA,NA,"rockfish","quillback",147,147,31,NA,NA,NA,NA,NA
"558","2012_6746_2_SL.avi",36658,36.8356,NA,NA,NA,39,5.376,NA,4004.594,26.836,NA,NA,-1807.364,-118.97,-3571.562,1,"Jenny Stahl",0,NA,2012,6746,2,NA,NA,NA,NA,NA,"rockfish","rosethorn",150,150,32,NA,NA,NA,NA,NA
"559","2012_6746_2_SL.avi",36698,36.8579,NA,NA,NA,26,2.444,NA,3935.968,10.607,NA,NA,-299.739,575.579,-3882.101,1,"Jenny Stahl",0,NA,2012,6746,2,NA,NA,NA,NA,NA,"rockfish","rosethorn",150,150,33,NA,NA,NA,NA,NA
"560","2012_6746_2_SL.avi",38115,37.6459,NA,NA,NA,19,1.983,NA,2870.076,25.054,NA,NA,-1212.018,-146.721,-2597.464,1,"Jenny Stahl",0,NA,2012,6746,2,NA,NA,NA,NA,NA,"rockfish","rosethorn",150,150,34,NA,NA,NA,NA,NA
"561","2012_6746_2_SL.avi",38180,37.682,NA,NA,NA,65,8.639,NA,4889.811,29.711,NA,NA,-2272.337,750.332,-4264.24,1,"Jenny Stahl",0,NA,2012,6746,2,NA,NA,NA,NA,NA,"rockfish","rosethorn",150,150,35,NA,NA,NA,NA,NA
"562","2012_6746_2_SL.avi",38425,37.8183,NA,NA,NA,10,8.679,NA,2271.11,16.67,NA,NA,645.815,38.494,-2177.012,1,"Jenny Stahl",0,NA,2012,6746,2,NA,NA,NA,NA,NA,"rockfish","rosethorn",150,150,36,NA,NA,NA,NA,NA
"563","2012_6746_2_SL.avi",38897,38.0807,NA,NA,NA,15,8.94,NA,2722.944,19.894,NA,NA,923.374,21.449,-2561.512,1,"Jenny Stahl",0,NA,2012,6746,2,NA,NA,NA,NA,NA,"rockfish","rosethorn",150,150,37,NA,NA,NA,NA,NA
"564","2012_6746_2_SL.avi",39247,38.2754,NA,NA,NA,19,4.315,NA,3091.287,17.52,NA,NA,-916.631,96.598,-2950.68,1,"Jenny Stahl",0,NA,2012,6746,2,NA,NA,NA,NA,NA,"rockfish","rosethorn",150,150,38,NA,NA,NA,NA,NA
"565","2012_6746_2_SL.avi",39953,38.668,NA,NA,NA,30,3.955,NA,3753.123,23.559,NA,NA,-1218.016,800.831,-3458.473,1,"Jenny Stahl",0,NA,2012,6746,2,NA,NA,NA,NA,NA,"rockfish","rosethorn",150,150,39,NA,NA,NA,NA,NA
"566","2012_6746_2_SL.avi",41942,39.7741,NA,NA,NA,9,1.476,NA,2130.136,14.156,NA,NA,208.35,-522.135,-2054.615,1,"Jenny Stahl",0,NA,2012,6746,2,NA,NA,NA,NA,NA,"rockfish","rosethorn",150,150,40,NA,NA,NA,NA,NA
"567","2012_6746_2_SL.avi",42254,39.9476,NA,NA,NA,20,7.771,NA,2945.672,24.628,NA,NA,-1086.462,-629.209,-2664.71,1,"Jenny Stahl",0,NA,2012,6746,2,NA,NA,NA,NA,NA,"rockfish","rosethorn",150,150,41,NA,NA,NA,NA,NA
"568","2012_6746_2_SL.avi",43478,40.6283,NA,NA,NA,28,4.004,NA,3975.385,15.179,NA,NA,-430.671,864.299,-3856.319,1,"Jenny Stahl",0,NA,2012,6746,2,NA,NA,NA,NA,NA,"rockfish","rosethorn",150,150,42,NA,NA,NA,NA,NA
"569","2012_6746_2_SL.avi",44130,40.9909,NA,NA,NA,16,0.538,NA,3021.062,10.988,NA,NA,-270.407,444.003,-2975.997,1,"Jenny Stahl",0,NA,2012,6746,2,NA,NA,NA,NA,NA,"rockfish","rosethorn",150,150,43,NA,NA,NA,NA,NA
"570","2012_6746_2_SL.avi",44214,41.0376,NA,NA,NA,43,1.925,NA,4161.602,28.075,NA,NA,-1926.853,271.474,-3678.65,1,"Jenny Stahl",0,NA,2012,6746,2,NA,NA,NA,NA,NA,"rockfish","rosethorn",150,150,44,NA,NA,NA,NA,NA
"571","2012_6746_2_SL.avi",45047,41.5008,NA,NA,NA,18,1.022,NA,3239.474,12.848,NA,NA,300.53,586.053,-3171.815,1,"Jenny Stahl",0,NA,2012,6746,2,NA,NA,NA,NA,NA,"rockfish","rosethorn",150,150,45,NA,NA,NA,NA,NA
"572","2012_6746_2_SL.avi",46274,42.1832,NA,NA,NA,5,8.411,NA,1672.954,10.962,NA,NA,-185.238,-294.172,-1636.437,1,"Jenny Stahl",0,NA,2012,6746,2,NA,NA,NA,NA,NA,"rockfish","rosethorn",150,150,46,NA,NA,NA,NA,NA
"573","2012_6746_2_SL.avi",47657,42.9523,NA,NA,NA,11,9.218,NA,2294.728,20.087,NA,NA,-770.279,-213.389,-2151.026,1,"Jenny Stahl",0,NA,2012,6746,2,NA,NA,NA,NA,NA,"rockfish","rosethorn",150,150,47,NA,NA,NA,NA,NA
"574","2012_6746_2_SL.avi",47657,42.9523,NA,NA,NA,20,5.252,NA,3295.137,15.537,NA,NA,-680.944,492.666,-3186.146,1,"Jenny Stahl",0,NA,2012,6746,2,NA,NA,NA,NA,NA,"rockfish","rosethorn",150,150,48,NA,NA,NA,NA,NA
"575","2012_6746_2_SL.avi",50285,44.4137,NA,NA,NA,18,2.075,NA,3130.239,14.644,NA,NA,-382.393,627.039,-3042.86,1,"Jenny Stahl",0,NA,2012,6746,2,NA,NA,NA,NA,NA,"rockfish","rosethorn",150,150,49,NA,NA,NA,NA,NA
"576","2012_6746_2_SL.avi",50946,44.7813,NA,NA,NA,28,1.493,NA,3920.265,16.195,NA,NA,-692.506,764.36,-3782.152,1,"Jenny Stahl",0,NA,2012,6746,2,NA,NA,NA,NA,NA,"rockfish","rosethorn",150,150,50,NA,NA,NA,NA,NA
"577","2012_6746_2_SL.avi",51497,45.0877,NA,NA,NA,15,2.87,NA,2866.052,12.519,NA,NA,537.898,250.13,-2803.99,1,"Jenny Stahl",0,NA,2012,6746,2,NA,NA,NA,NA,NA,"rockfish","rosethorn",150,150,51,NA,NA,NA,NA,NA
"578","2012_6746_2_SL.avi",54524,46.7711,NA,NA,NA,68,4.958,NA,5231.441,26.979,NA,NA,-2370.842,-209.956,-4658.648,1,"Jenny Stahl",0,NA,2012,6746,2,NA,NA,NA,NA,NA,"rockfish","rosethorn",150,150,52,NA,NA,NA,NA,NA
"579","2012_6746_2_SL.avi",54836,46.9446,NA,NA,NA,13,9.81,NA,2768,6.962,NA,NA,335.208,-45.271,-2747.256,1,"Jenny Stahl",0,NA,2012,6746,2,NA,NA,NA,NA,NA,"rockfish","rosethorn",150,150,53,NA,NA,NA,NA,NA
"580","2012_6746_2_SL.avi",55927,47.5513,NA,NA,NA,35,5.333,NA,4103.845,23.416,NA,NA,1534.592,470.409,-3776.941,1,"Jenny Stahl",0,NA,2012,6746,2,NA,NA,NA,NA,NA,"rockfish","rosethorn",150,150,54,NA,NA,NA,NA,NA
"581","2012_6746_2_SL.avi",56959,48.1252,NA,NA,NA,9,3.383,NA,2183.727,11.22,NA,NA,-177.275,-432.469,-2133.121,1,"Jenny Stahl",0,NA,2012,6746,2,NA,NA,NA,NA,NA,"rockfish","rosethorn",150,150,55,NA,NA,NA,NA,NA
"582","2012_6746_2_SL.avi",57783,48.5834,NA,NA,NA,18,10.28,NA,3172.096,12.632,NA,NA,525.665,385.451,-3104.399,1,"Jenny Stahl",0,NA,2012,6746,2,NA,NA,NA,NA,NA,"rockfish","rosethorn",150,150,56,NA,NA,NA,NA,NA
"583","2012_6746_2_SL.avi",59870,49.744,NA,NA,NA,21,3.409,NA,3462.028,14.492,NA,NA,-125.016,784.483,-3369.658,1,"Jenny Stahl",0,NA,2012,6746,2,NA,NA,NA,NA,NA,"rockfish","rosethorn",150,150,57,NA,NA,NA,NA,NA
"584","2012_6746_2_SL.avi",61047,50.3986,NA,NA,NA,10,6.692,NA,2288.65,16.386,NA,NA,597.875,-291.273,-2189.891,1,"Jenny Stahl",0,NA,2012,6746,2,NA,NA,NA,NA,NA,"rockfish","rosethorn",150,150,58,NA,NA,NA,NA,NA
"585","2012_6746_2_SL.avi",61271,50.5231,NA,NA,NA,67,1.585,NA,5686.563,22.518,NA,NA,-1677.606,1274.585,-5281.862,1,"Jenny Stahl",0,NA,2012,6746,2,NA,NA,NA,NA,NA,"rockfish","yelloweye",145,145,59,"AD","Fish milling",NA,NA,NA
"586","2012_6746_2_SL.avi",61346,50.5649,NA,NA,724.618,72,6.36,0.901,4159.518,21.143,38.318,11.886,-1469.571,218.032,-3885.152,1,"Jenny Stahl",0,NA,2012,6746,2,NA,NA,NA,NA,NA,"rockfish","yelloweye",145,145,59,"AD","Fish milling",NA,NA,NA
"587","2012_6747_1_SL.avi",297,16.6149,NA,NA,NA,23,5.913,NA,3015.671,29.39,NA,NA,-1409.498,394.19,-2636.702,1,"Jenny Stahl",0,NA,2012,6747,1,NA,NA,NA,NA,NA,"rockfish","quillback",147,147,1,NA,NA,NA,NA,NA
"588","2012_6747_1_SL.avi",393,16.6683,NA,NA,NA,10,1.414,NA,2053.162,23.139,NA,NA,-725.405,-394.008,-1879.899,1,"Jenny Stahl",0,NA,2012,6747,1,NA,NA,NA,NA,NA,"rockfish","rosethorn",150,150,2,NA,NA,NA,NA,NA
"589","2012_6747_1_SL.avi",596,16.7812,NA,NA,NA,16,10.442,NA,3082.426,10.145,NA,NA,-495.509,156.179,-3038.327,1,"Jenny Stahl",0,NA,2012,6747,1,NA,NA,NA,NA,NA,"rockfish","rosethorn",150,150,3,NA,NA,NA,NA,NA
"590","2012_6747_1_SL.avi",1370,17.2116,NA,NA,NA,30,10.435,NA,3394.496,29.254,NA,NA,-1600.411,372.023,-2970.334,1,"Jenny Stahl",0,NA,2012,6747,1,NA,NA,NA,NA,NA,"rockfish","rosethorn",150,150,5,NA,NA,NA,NA,NA
"591","2012_6747_1_SL.avi",2165,17.6537,NA,NA,NA,15,10.911,NA,2753.304,20.471,NA,NA,749.574,548.397,-2591.927,1,"Jenny Stahl",0,NA,2012,6747,1,NA,NA,NA,NA,NA,"rockfish","canary",146,146,6,NA,NA,NA,NA,NA
"592","2012_6747_1_SL.avi",2511,17.8461,NA,NA,NA,29,13.367,NA,4227.448,6.73,NA,NA,-455.314,104.277,-4201.563,1,"Jenny Stahl",0,NA,2012,6747,1,NA,NA,NA,NA,NA,"rockfish","silvergray",157,157,7,NA,NA,NA,NA,NA
"593","2012_6747_1_SL.avi",2591,17.8906,NA,NA,NA,24,4.407,NA,3859.134,8.102,NA,NA,19.766,460.606,-3831.497,1,"Jenny Stahl",0,NA,2012,6747,1,NA,NA,NA,NA,NA,"rockfish","rosethorn",150,150,8,NA,NA,NA,NA,NA
"594","2012_6747_1_SL.avi",2915,18.0708,NA,NA,NA,12,7.765,NA,2397.367,22.786,NA,NA,928.03,-19.716,-2210.371,1,"Jenny Stahl",0,NA,2012,6747,1,NA,NA,NA,NA,NA,"rockfish","quillback",147,147,9,NA,NA,NA,NA,NA
"595","2012_6747_1_SL.avi",3572,18.4362,NA,NA,NA,12,8.51,NA,2610.661,9.004,NA,NA,-378.649,97.608,-2581.211,1,"Jenny Stahl",0,NA,2012,6747,1,NA,NA,NA,NA,NA,"rockfish","rosethorn",150,150,10,NA,NA,NA,NA,NA
"596","2012_6747_1_SL.avi",3572,18.4362,NA,NA,NA,14,7.031,NA,2757.494,14.418,NA,NA,-679.803,38.472,-2672.108,1,"Jenny Stahl",0,NA,2012,6747,1,NA,NA,NA,NA,NA,"rockfish","rosethorn",150,150,11,NA,NA,NA,NA,NA
"597","2012_6747_1_SL.avi",4846,19.1446,NA,NA,NA,12,1.829,NA,2689.153,5.992,NA,NA,-238.885,89.459,-2677.027,1,"Jenny Stahl",0,NA,2012,6747,1,NA,NA,NA,NA,NA,"rockfish","rosethorn",150,150,12,NA,NA,NA,NA,NA
"598","2012_6747_1_SL.avi",8570,21.2156,NA,NA,NA,7,0.278,NA,1914.176,5.428,NA,NA,-100.322,-192.014,-1901.877,1,"Jenny Stahl",0,NA,2012,6747,1,NA,NA,NA,NA,NA,"rockfish","rosethorn",150,150,13,NA,NA,NA,NA,NA
"599","2012_6747_1_SL.avi",3572,18.4362,NA,NA,NA,30,9.81,NA,3752.894,23.278,NA,NA,1297.208,644.11,-3462.164,1,"Jenny Stahl",0,NA,2012,6747,1,NA,NA,NA,NA,NA,"rockfish","rosethorn",150,150,150,NA,NA,NA,NA,NA
"600","2012_6747_1_SL.avi",4467,18.9339,NA,NA,NA,33,1.853,NA,3513.087,29.641,NA,NA,-1677.919,384.603,-3062.425,1,"Jenny Stahl",0,NA,2012,6747,1,NA,NA,NA,NA,NA,"rockfish","rosethorn",150,150,151,NA,NA,NA,NA,NA
"601","2012_6747_1_SL.avi",5612,19.5706,NA,NA,NA,12,6.962,NA,2645.435,14.149,NA,NA,-28.114,590.305,-2578.58,1,"Jenny Stahl",0,NA,2012,6747,1,NA,NA,NA,NA,NA,"rockfish","rosethorn",150,150,152,NA,NA,NA,NA,NA
"602","2012_6747_1_SL.avi",5702,19.6207,NA,NA,NA,11,4.961,NA,2551.857,7.592,NA,NA,-92.901,269.194,-2535.918,1,"Jenny Stahl",0,NA,2012,6747,1,NA,NA,NA,NA,NA,"rockfish","rosethorn",150,150,153,NA,NA,NA,NA,NA
"603","2012_6747_1_SL.avi",6238,19.9187,NA,NA,NA,12,6.032,NA,2672.71,6.469,NA,NA,216.236,151.966,-2659.611,1,"Jenny Stahl",0,NA,2012,6747,1,NA,NA,NA,NA,NA,"rockfish","rosethorn",150,150,154,NA,NA,NA,NA,NA
"604","2012_6747_1_SL.avi",7310,20.5149,NA,NA,NA,24,14.044,NA,3214.521,26.509,NA,NA,-1432.585,16.855,-2877.597,1,"Jenny Stahl",0,NA,2012,6747,1,NA,NA,NA,NA,NA,"rockfish","rosethorn",150,150,155,NA,NA,NA,NA,NA
"605","2012_6747_1_SL.avi",7310,20.5149,NA,NA,NA,49,4.361,NA,4913.747,21.704,NA,NA,-1236.788,1232.126,-4593.161,1,"Jenny Stahl",0,NA,2012,6747,1,NA,NA,NA,NA,NA,"rockfish","quillback",147,147,156,NA,NA,NA,NA,NA
"606","2012_6747_1_SL.avi",7617,20.6856,NA,NA,NA,13,5.385,NA,2801.439,1.557,NA,NA,-30.015,-130.624,-2798.232,1,"Jenny Stahl",0,NA,2012,6747,1,NA,NA,NA,NA,NA,"rockfish","rosethorn",150,150,157,NA,NA,NA,NA,NA
"607","2012_6747_1_SL.avi",9486,21.725,NA,NA,NA,15,8.168,NA,2811.159,17.592,NA,NA,793.091,246.611,-2685.666,1,"Jenny Stahl",0,NA,2012,6747,1,NA,NA,NA,NA,NA,"rockfish","rosethorn",150,150,158,NA,NA,NA,NA,NA
"608","2012_6747_1_SL.avi",11005,22.5697,NA,NA,NA,11,2.369,NA,2504.324,9.581,NA,NA,-369.82,138.707,-2472.981,1,"Jenny Stahl",0,NA,2012,6747,1,NA,NA,NA,NA,NA,"rockfish","rosethorn",150,150,159,NA,NA,NA,NA,NA
"609","2012_6747_1_SL.avi",11651,22.929,NA,NA,NA,11,1.237,NA,2190.743,27.102,NA,NA,-957.551,239.124,-1955.831,1,"Jenny Stahl",0,NA,2012,6747,1,NA,NA,NA,NA,NA,"rockfish","rosethorn",150,150,160,NA,NA,NA,NA,NA
"610","2012_6747_1_SL.avi",11807,23.0157,NA,NA,NA,2,0.085,NA,920.103,8.753,NA,NA,-107.015,70.576,-911.129,1,"Jenny Stahl",0,NA,2012,6747,1,NA,NA,NA,NA,NA,"rockfish","quillback",147,147,161,NA,NA,NA,NA,NA
"611","2012_6747_1_SL.avi",12393,23.3416,NA,NA,NA,13,10.981,NA,2668.145,11.35,NA,NA,493.97,121.409,-2619.208,1,"Jenny Stahl",0,NA,2012,6747,1,NA,NA,NA,NA,NA,"rockfish","rosethorn",150,150,162,NA,NA,NA,NA,NA
"612","2012_6747_1_SL.avi",12393,23.3416,NA,NA,NA,20,2.794,NA,3200.126,17.592,NA,NA,-736.114,561.15,-3063.34,1,"Jenny Stahl",0,NA,2012,6747,1,NA,NA,NA,NA,NA,"rockfish","rosethorn",150,150,163,NA,NA,NA,NA,NA
"613","2012_6747_1_SL.avi",12486,23.3933,NA,NA,NA,26,3.032,NA,3397.6,25.827,NA,NA,1375.594,480.186,-3069.34,1,"Jenny Stahl",0,NA,2012,6747,1,NA,NA,NA,NA,NA,"rockfish","rosethorn",150,150,164,NA,NA,NA,NA,NA
"614","2012_6747_1_SL.avi",13038,23.7003,NA,NA,NA,26,9.486,NA,3805.826,16.382,NA,NA,524.473,857.188,-3670.758,1,"Jenny Stahl",0,NA,2012,6747,1,NA,NA,NA,NA,NA,"rockfish","rosethorn",150,150,165,NA,NA,NA,NA,NA
"615","2012_6747_1_SL.avi",13292,23.8415,NA,NA,NA,19,1.536,NA,3299.726,11.88,NA,NA,-518.593,368.671,-3237.797,1,"Jenny Stahl",0,NA,2012,6747,1,NA,NA,NA,NA,NA,"rockfish","rosethorn",150,150,166,NA,NA,NA,NA,NA
"616","2012_6747_1_SL.avi",13566,23.9939,NA,NA,NA,19,0.206,NA,3202.627,16.125,NA,NA,616.351,574.502,-3089.802,1,"Jenny Stahl",0,NA,2012,6747,1,NA,NA,NA,NA,NA,"rockfish","rosethorn",150,150,167,NA,NA,NA,NA,NA
"617","2012_6747_1_SL.avi",13967,24.2169,NA,NA,NA,13,3.592,NA,2515.629,19.195,NA,NA,824.733,11.282,-2376.569,1,"Jenny Stahl",0,NA,2012,6747,1,NA,NA,NA,NA,NA,"rockfish","rosethorn",150,150,168,NA,NA,NA,NA,NA
"618","2012_6747_1_SL.avi",13997,24.2336,NA,NA,NA,32,2.226,NA,4113.161,18.773,NA,NA,812.971,959.986,-3916.069,1,"Jenny Stahl",0,NA,2012,6747,1,NA,NA,NA,NA,NA,"rockfish","rosethorn",150,150,169,NA,NA,NA,NA,NA
"619","2012_6747_1_SL.avi",15023,24.8042,NA,NA,NA,9,1.064,NA,2017.076,22.971,NA,NA,-503.69,-645.053,-1843.583,1,"Jenny Stahl",0,NA,2012,6747,1,NA,NA,NA,NA,NA,"rockfish","rosethorn",150,150,170,NA,NA,NA,NA,NA
"620","2012_6747_1_SL.avi",16436,25.59,NA,NA,NA,21,10.87,NA,3316.72,17.12,NA,NA,753.229,552.384,-3182.475,1,"Jenny Stahl",0,NA,2012,6747,1,NA,NA,NA,NA,NA,"rockfish","rosethorn",150,150,171,NA,NA,NA,NA,NA
"621","2012_6747_1_SL.avi",16597,25.6795,NA,NA,NA,62,8.087,NA,5377.161,23.014,NA,NA,-1738.437,1074.561,-4973.632,1,"Jenny Stahl",0,NA,2012,6747,1,NA,NA,NA,NA,NA,"rockfish","yelloweye",145,145,172,"AD","Fish milling",NA,NA,NA
"622","2012_6747_1_SL.avi",16679,25.7251,NA,NA,579.732,43,0.803,1.617,4233.14,22.329,0.312,21.64,-1561.956,298.386,-3923.103,1,"Jenny Stahl",0,NA,2012,6747,1,NA,NA,NA,NA,NA,"rockfish","yelloweye",145,145,172,"AD","Fish milling",NA,NA,NA
"623","2012_6747_1_SL.avi",16692,25.7323,NA,NA,NA,37,10.287,NA,4339.007,19.601,NA,NA,-1046.96,922.487,-4108.512,1,"Jenny Stahl",0,NA,2012,6747,1,NA,NA,NA,NA,NA,"rockfish","rosethorn",150,150,173,NA,NA,NA,NA,NA
"624","2012_6747_1_SL.avi",16692,25.7323,NA,NA,NA,34,0.58,NA,4456.86,15.374,NA,NA,115.786,1082.5,-4321.85,1,"Jenny Stahl",0,NA,2012,6747,1,NA,NA,NA,NA,NA,"rockfish","rosethorn",150,150,174,NA,NA,NA,NA,NA
"625","2012_6747_1_SL.avi",17528,26.1972,NA,NA,NA,24,0.351,NA,3793.417,13.726,NA,NA,-61.663,817.93,-3703.674,1,"Jenny Stahl",0,NA,2012,6747,1,NA,NA,NA,NA,NA,"rockfish","quillback",147,147,175,NA,NA,NA,NA,NA
"626","2012_6747_1_SL.avi",17764,26.3285,NA,NA,NA,29,10.262,NA,3547.381,28.162,NA,NA,1467.498,738.01,-3144.154,1,"Jenny Stahl",0,NA,2012,6747,1,NA,NA,NA,NA,NA,"rockfish","rosethorn",150,150,176,NA,NA,NA,NA,NA
"627","2012_6747_1_SL.avi",17786,26.3407,NA,NA,NA,33,0.71,NA,4182.304,17.471,NA,NA,-930.117,756.876,-4006.705,1,"Jenny Stahl",0,NA,2012,6747,1,NA,NA,NA,NA,NA,"rockfish","rosethorn",150,150,177,NA,NA,NA,NA,NA
"628","2012_6747_1_SL.avi",18651,26.8217,NA,NA,NA,24,2.973,NA,3672.096,13.153,NA,NA,568.798,534.488,-3588.187,1,"Jenny Stahl",0,NA,2012,6747,1,NA,NA,NA,NA,NA,"rockfish","rosethorn",150,150,178,NA,NA,NA,NA,NA
"629","2012_6747_1_SL.avi",19443,27.2622,NA,NA,NA,25,3.047,NA,3699.365,17.501,NA,NA,-536.113,898.108,-3548.42,1,"Jenny Stahl",0,NA,2012,6747,1,NA,NA,NA,NA,NA,"rockfish","rosethorn",150,150,180,NA,NA,NA,NA,NA
"630","2012_6747_1_SL.avi",19656,27.3806,NA,NA,NA,31,2.234,NA,3644.931,29.846,NA,NA,1527.078,910.323,-3181.959,1,"Jenny Stahl",0,NA,2012,6747,1,NA,NA,NA,NA,NA,"rockfish","rosethorn",150,150,181,NA,NA,NA,NA,NA
"631","2012_6747_1_SL.avi",19948,27.543,NA,NA,NA,18,9.147,NA,3389.267,5.243,NA,NA,17.776,236.009,-3380.994,1,"Jenny Stahl",0,NA,2012,6747,1,NA,NA,NA,NA,NA,"rockfish","quillback",147,147,182,NA,NA,NA,NA,NA
"632","2012_6747_1_SL.avi",20203,27.6848,NA,NA,NA,12,1.054,NA,2608.488,13.415,NA,NA,149.816,-641.202,-2524.009,1,"Jenny Stahl",0,NA,2012,6747,1,NA,NA,NA,NA,NA,"rockfish","rosethorn",150,150,183,NA,NA,NA,NA,NA
"633","2012_6747_1_SL.avi",20478,27.8378,NA,NA,NA,30,3.899,NA,3959.169,18.905,NA,NA,-780.987,936.248,-3766.765,1,"Jenny Stahl",0,NA,2012,6747,1,NA,NA,NA,NA,NA,"rockfish","rosethorn",150,150,184,NA,NA,NA,NA,NA
"634","2012_6747_1_SL.avi",21801,28.5735,NA,NA,NA,38,7.66,NA,4022.914,26.289,NA,NA,-1771.225,115.132,-3610.172,1,"Jenny Stahl",0,NA,2012,6747,1,NA,NA,NA,NA,NA,"rockfish","rosethorn",150,150,185,NA,NA,NA,NA,NA
"635","2012_6747_1_SL.avi",23124,29.3092,NA,NA,NA,25,2.29,NA,3602.375,16.943,NA,NA,-1047.281,-147.715,-3443.615,1,"Jenny Stahl",0,NA,2012,6747,1,NA,NA,NA,NA,NA,"rockfish","rosethorn",150,150,186,NA,NA,NA,NA,NA
"636","2012_6747_1_SL.avi",23124,29.3092,NA,NA,NA,20,2.031,NA,3080.423,24.523,NA,NA,1240.228,249.821,-2808.635,1,"Jenny Stahl",0,NA,2012,6747,1,NA,NA,NA,NA,NA,"rockfish","yelloweye",145,145,187,"AD","Fish milling",NA,NA,NA
"637","2012_6747_1_SL.avi",23159,29.3287,NA,NA,585.555,16,6.507,2.501,2628.371,17.87,12.442,4.436,756.88,-332.818,-2494.935,1,"Jenny Stahl",0,NA,2012,6747,1,NA,NA,NA,NA,NA,"rockfish","yelloweye",145,145,187,"AD","Fish milling",NA,NA,NA
"638","2012_6747_1_SL.avi",25004,30.3547,NA,NA,NA,32,4.098,NA,3747.835,25.713,NA,NA,-1463.434,635.529,-3391.273,1,"Jenny Stahl",0,NA,2012,6747,1,NA,NA,NA,NA,NA,"rockfish","rosethorn",150,150,188,NA,NA,NA,NA,NA
"639","2012_6747_1_SL.avi",25037,30.3731,NA,NA,NA,50,8.36,NA,4967.74,22.093,NA,NA,-1155.784,1367.984,-4633.705,1,"Jenny Stahl",0,NA,2012,6747,1,NA,NA,NA,NA,NA,"rockfish","rosethorn",150,150,189,NA,NA,NA,NA,NA
"640","2012_6747_1_SL.avi",25072,30.3925,NA,NA,NA,29,3.912,NA,3685.875,22.318,NA,NA,-1194.464,655.569,-3424.786,1,"Jenny Stahl",0,NA,2012,6747,1,NA,NA,NA,NA,NA,"rockfish","yelloweye",145,145,190,"AD","Fish moving quickly into frame",NA,"chasing fish?",NA
"641","2012_6747_1_SL.avi",25079,30.3964,NA,NA,510.566,41,3.219,2.75,3472.829,21.846,33.346,26.304,-1116.1,581.451,-3236.785,1,"Jenny Stahl",0,NA,2012,6747,1,NA,NA,NA,NA,NA,"rockfish","yelloweye",145,145,190,"AD","Fish moving quickly into frame",NA,"chasing fish?",NA
"642","2012_6747_1_SL.avi",25969,30.8914,NA,NA,NA,19,5.22,NA,3243.925,15.268,NA,NA,276.269,740.306,-3146.215,1,"Jenny Stahl",0,NA,2012,6747,1,NA,NA,NA,NA,NA,"rockfish","rosethorn",150,150,191,NA,NA,NA,NA,NA
"643","2012_6747_1_SL.avi",26710,31.3034,NA,NA,NA,13,4.161,NA,2796.451,9.182,NA,NA,268.49,296.505,-2767.695,1,"Jenny Stahl",0,NA,2012,6747,1,NA,NA,NA,NA,NA,"rockfish","rosethorn",150,150,192,NA,NA,NA,NA,NA
"644","2012_6747_1_SL.avi",27071,31.5042,NA,NA,NA,14,0.159,NA,2777.888,11.376,NA,NA,312.006,-509.306,-2712.918,1,"Jenny Stahl",0,NA,2012,6747,1,NA,NA,NA,NA,NA,"rockfish","rosethorn",150,150,193,NA,NA,NA,NA,NA
"645","2012_6747_1_SL.avi",27624,31.8117,NA,NA,NA,14,1.902,NA,2689.09,14.873,NA,NA,-684.689,30.855,-2600.279,1,"Jenny Stahl",0,NA,2012,6747,1,NA,NA,NA,NA,NA,"rockfish","rosethorn",150,150,194,NA,NA,NA,NA,NA
"646","2012_6747_1_SL.avi",28579,32.3428,NA,NA,NA,29,2.51,NA,3733.549,25.85,NA,NA,933.898,1260.252,-3388.066,1,"Jenny Stahl",0,NA,2012,6747,1,NA,NA,NA,NA,NA,"rockfish","yelloweye",145,145,195,"AD","Fish moving slowly into frame",NA,NA,NA
"647","2012_6747_1_SL.avi",28628,32.3701,NA,NA,581.929,46,8.861,1.765,3399.994,22.148,42.758,5.179,840.742,899.086,-3169.346,1,"Jenny Stahl",0,NA,2012,6747,1,NA,NA,NA,NA,NA,"rockfish","yelloweye",145,145,195,"AD","Fish moving slowly into frame",NA,NA,NA
"648","2012_6747_1_SL.avi",29000,32.5769,NA,NA,NA,8,1.887,NA,1976.674,14.015,NA,NA,153.344,-494.932,-1907.555,1,"Jenny Stahl",0,NA,2012,6747,1,NA,NA,NA,NA,NA,"rockfish","rosethorn",150,150,196,NA,NA,NA,NA,NA
"649","2012_6747_1_SL.avi",29114,32.6403,NA,NA,NA,22,3.141,NA,3463.539,14.904,NA,NA,-843.811,213.052,-3352.416,1,"Jenny Stahl",0,NA,2012,6747,1,NA,NA,NA,NA,NA,"rockfish","rosethorn",150,150,197,NA,NA,NA,NA,NA
"650","2012_6747_1_SL.avi",29067,32.6142,NA,NA,NA,80,8.428,NA,6383.018,22.811,NA,NA,-1223.308,2023.088,-5929.043,1,"Jenny Stahl",0,NA,2012,6747,1,NA,NA,NA,NA,NA,"rockfish","yelloweye",145,145,198,"AD","Fish milling",NA,NA,NA
"651","2012_6747_1_SL.avi",29144,32.657,NA,NA,608.393,45,5.217,4.772,4799.528,21.227,11.729,0.083,-1206.24,1153.629,-4499.955,1,"Jenny Stahl",0,NA,2012,6747,1,NA,NA,NA,NA,NA,"rockfish","yelloweye",145,145,198,"AD","Fish milling",NA,NA,NA
"652","2012_6747_1_SL.avi",29439,32.8211,NA,NA,NA,42,2.057,NA,4294.62,25.159,NA,NA,-1796.348,242.297,-3893.352,1,"Jenny Stahl",0,NA,2012,6747,1,NA,NA,NA,NA,NA,"rockfish","rosethorn",150,150,199,NA,NA,NA,NA,NA
"653","2012_6747_1_SL.avi",29577,32.8978,NA,NA,NA,15,3.957,NA,2927.139,15.655,NA,NA,-172.793,709.468,-2834.597,1,"Jenny Stahl",0,NA,2012,6747,1,NA,NA,NA,NA,NA,"rockfish","quillback",147,147,200,NA,NA,NA,NA,NA
"654","2012_6747_1_SL.avi",30144,33.2131,NA,NA,NA,38,3.827,NA,4513.704,18.27,NA,NA,-692.671,1140.762,-4311.89,1,"Jenny Stahl",0,NA,2012,6747,1,NA,NA,NA,NA,NA,"rockfish","rosethorn",150,150,201,NA,NA,NA,NA,NA
"655","2012_6747_1_SL.avi",30817,33.5874,NA,NA,NA,40,15.839,NA,3885.078,31.803,NA,NA,-1607.513,1196.222,-3328.48,1,"Jenny Stahl",0,NA,2012,6747,1,NA,NA,NA,NA,NA,"rockfish","rosethorn",150,150,202,NA,NA,NA,NA,NA
"656","2012_6747_1_SL.avi",32010,34.2508,NA,NA,NA,18,5.523,NA,2838.76,26.198,NA,NA,968.416,-850.459,-2529.318,1,"Jenny Stahl",0,NA,2012,6747,1,NA,NA,NA,NA,NA,"rockfish","rosethorn",150,150,203,NA,NA,NA,NA,NA
"657","2012_6747_1_SL.avi",32986,34.7936,NA,NA,NA,27,0.361,NA,3849.558,15.431,NA,NA,-618.91,735.51,-3727.61,1,"Jenny Stahl",0,NA,2012,6747,1,NA,NA,NA,NA,NA,"rockfish","rosethorn",150,150,204,NA,NA,NA,NA,NA
"658","2012_6747_1_SL.avi",33145,34.882,NA,NA,NA,10,2.674,NA,2087.417,21.391,NA,NA,-678.093,-388.235,-1935.658,1,"Jenny Stahl",0,NA,2012,6747,1,NA,NA,NA,NA,NA,"rockfish","rosethorn",150,150,205,NA,NA,NA,NA,NA
"659","2012_6747_1_SL.avi",33404,35.026,NA,NA,NA,27,4.101,NA,3666.567,20.082,NA,NA,-1002.962,686.147,-3459.332,1,"Jenny Stahl",0,NA,2012,6747,1,NA,NA,NA,NA,NA,"rockfish","rosethorn",150,150,206,NA,NA,NA,NA,NA
"660","2012_6747_1_SL.avi",33938,35.323,NA,NA,NA,15,1.026,NA,2840.561,12.51,NA,NA,429.931,-500.171,-2762.929,1,"Jenny Stahl",0,NA,2012,6747,1,NA,NA,NA,NA,NA,"rockfish","rosethorn",150,150,207,NA,NA,NA,NA,NA
"661","2012_6747_1_SL.avi",34151,35.4414,NA,NA,NA,55,4.841,NA,5128.496,25.659,NA,NA,1459.337,1573.281,-4657.96,1,"Jenny Stahl",0,NA,2012,6747,1,NA,NA,NA,NA,NA,"rockfish","quillback",147,147,208,NA,NA,NA,NA,NA
"662","2012_6747_1_SL.avi",35440,36.1583,NA,NA,NA,24,2.365,NA,3393.608,21.706,NA,NA,-1028.394,650.977,-3167.84,1,"Jenny Stahl",0,NA,2012,6747,1,NA,NA,NA,NA,NA,"rockfish",NA,NA,NA,209,NA,NA,NA,"probably silvergray",NA
"663","2012_6747_1_SL.avi",35647,36.2734,NA,NA,NA,47,9.063,NA,4593.692,27.787,NA,NA,-1413.497,1520.359,-4097.871,1,"Jenny Stahl",0,NA,2012,6747,1,NA,NA,NA,NA,NA,"rockfish","yelloweye",145,145,210,"AD","Fish milling",NA,NA,NA
"664","2012_6747_1_SL.avi",35703,36.3045,NA,NA,521.455,43,7.24,1.742,3552.358,24.197,32.482,22.047,-1144.374,829.843,-3258.99,1,"Jenny Stahl",0,NA,2012,6747,1,NA,NA,NA,NA,NA,"rockfish","yelloweye",145,145,210,"AD","Fish milling",NA,NA,NA
"665","2012_6747_1_SL.avi",36232,36.5987,NA,NA,NA,28,8.056,NA,3835.613,17.139,NA,NA,-890.994,615.911,-3679.499,1,"Jenny Stahl",0,NA,2012,6747,1,NA,NA,NA,NA,NA,"rockfish","rosethorn",150,150,211,NA,NA,NA,NA,NA
"666","2012_6747_1_SL.avi",36334,36.6554,NA,NA,NA,35,4.604,NA,4485.965,17,NA,NA,162.473,1208.186,-4317.149,1,"Jenny Stahl",0,NA,2012,6747,1,NA,NA,NA,NA,NA,"rockfish","quillback",147,147,212,NA,NA,NA,NA,NA
"667","2012_6747_1_SL.avi",36379,36.6805,NA,NA,NA,24,3.399,NA,3476.048,19.068,NA,NA,-1135.397,-92.361,-3284.091,1,"Jenny Stahl",0,NA,2012,6747,1,NA,NA,NA,NA,NA,"rockfish","rosethorn",150,150,213,NA,NA,NA,NA,NA
"668","2012_6747_1_SL.avi",36444,36.7166,NA,NA,NA,20,1.639,NA,3505.723,8.787,NA,NA,-358.839,322.372,-3472.378,1,"Jenny Stahl",0,NA,2012,6747,1,NA,NA,NA,NA,NA,"rockfish","rosethorn",150,150,214,NA,NA,NA,NA,NA
"669","2012_6747_1_SL.avi",36718,36.869,NA,NA,NA,17,1.901,NA,3112.031,12.346,NA,NA,243.175,-685.094,-3025.929,1,"Jenny Stahl",0,NA,2012,6747,1,NA,NA,NA,NA,NA,"rockfish","rosethorn",150,150,215,NA,NA,NA,NA,NA
"670","2012_6747_1_SL.avi",38479,37.8483,NA,NA,NA,27,1.532,NA,3622.927,21.389,NA,NA,-1137.603,598.749,-3387.176,1,"Jenny Stahl",0,NA,2012,6747,1,NA,NA,NA,NA,NA,"rockfish","rosethorn",150,150,216,NA,NA,NA,NA,NA
"671","2012_6747_1_SL.avi",38760,38.0046,NA,NA,NA,24,6.462,NA,3737.092,13.194,NA,NA,441.603,650.783,-3653.399,1,"Jenny Stahl",0,NA,2012,6747,1,NA,NA,NA,NA,NA,"rockfish","rosethorn",150,150,217,NA,NA,NA,NA,NA
"672","2012_6747_1_SL.avi",38704,37.9734,NA,NA,NA,35,3.607,NA,4100.524,24.666,NA,NA,-1077.031,1248.779,-3754.311,1,"Jenny Stahl",0,NA,2012,6747,1,NA,NA,NA,NA,NA,"rockfish","rosethorn",150,150,218,NA,NA,NA,NA,NA
"673","2012_6747_1_SL.avi",38726,37.9856,NA,NA,NA,55,0.013,NA,5504.358,20.86,NA,NA,-458.337,1793.779,-5183.651,1,"Jenny Stahl",0,NA,2012,6747,1,NA,NA,NA,NA,NA,"rockfish","yelloweye",145,145,219,"AD","Fish milling",NA,NA,NA
"674","2012_6747_1_SL.avi",38914,38.0902,NA,NA,489.967,58,6.809,1.391,3634.189,18.021,58.058,29.051,-745.073,766.899,-3473.336,1,"Jenny Stahl",0,NA,2012,6747,1,NA,NA,NA,NA,NA,"rockfish","yelloweye",145,145,219,"AD","Fish milling",NA,NA,NA
"675","2012_6747_1_SL.avi",38918,38.0924,NA,NA,NA,18,1.656,NA,3154.537,11.373,NA,NA,618.355,0.75,-3093.338,1,"Jenny Stahl",0,NA,2012,6747,1,NA,NA,NA,NA,NA,"rockfish","rosethorn",150,150,220,NA,NA,NA,NA,NA
"676","2012_6747_1_SL.avi",38918,38.0924,NA,NA,NA,41,4.407,NA,4807.678,19.974,NA,NA,258.606,1523.482,-4552.569,1,"Jenny Stahl",0,NA,2012,6747,1,NA,NA,NA,NA,NA,"rockfish","quillback",147,147,221,NA,NA,NA,NA,NA
"677","2012_6747_1_SL.avi",39265,38.2854,NA,NA,NA,16,0.506,NA,3135.477,5.023,NA,NA,96.909,189.14,-3128.266,1,"Jenny Stahl",0,NA,2012,6747,1,NA,NA,NA,NA,NA,"rockfish","rosethorn",150,150,222,NA,NA,NA,NA,NA
"678","2012_6747_1_SL.avi",39265,38.2854,NA,NA,NA,19,9.144,NA,3231.743,15.224,NA,NA,779.627,267.579,-3124.86,1,"Jenny Stahl",0,NA,2012,6747,1,NA,NA,NA,NA,NA,"rockfish","rosethorn",150,150,223,NA,NA,NA,NA,NA
"679","2012_6747_1_SL.avi",39265,38.2854,NA,NA,NA,25,0.734,NA,3702.96,14.186,NA,NA,688.75,512.978,-3601.998,1,"Jenny Stahl",0,NA,2012,6747,1,NA,NA,NA,NA,NA,"rockfish","rosethorn",150,150,224,NA,NA,NA,NA,NA
"680","2012_6747_1_SL.avi",39312,38.3115,NA,NA,NA,14,2.031,NA,2974.882,0.108,NA,NA,-4.814,-61.564,-2974.241,1,"Jenny Stahl",0,NA,2012,6747,1,NA,NA,NA,NA,NA,"rockfish","rosethorn",150,150,225,NA,NA,NA,NA,NA
"681","2012_6747_1_SL.avi",39523,38.4289,NA,NA,NA,29,2.125,NA,3753.533,22.032,NA,NA,-1057.677,853.884,-3498.744,1,"Jenny Stahl",0,NA,2012,6747,1,NA,NA,NA,NA,NA,"rockfish","rosethorn",150,150,226,NA,NA,NA,NA,NA
"682","2012_6747_1_SL.avi",40390,38.911,NA,NA,NA,50,11.834,NA,4688.452,30.191,NA,NA,1657.444,1588.679,-4087.855,1,"Jenny Stahl",0,NA,2012,6747,1,NA,NA,NA,NA,NA,"rockfish","quillback",147,147,227,NA,NA,NA,NA,NA
"683","2012_6747_1_SL.avi",40466,38.9533,NA,NA,NA,11,3.224,NA,2416.716,9.862,NA,NA,-148.017,-438.042,-2372.072,1,"Jenny Stahl",0,NA,2012,6747,1,NA,NA,NA,NA,NA,"rockfish","rosethorn",150,150,228,NA,NA,NA,NA,NA
"684","2012_6747_1_SL.avi",41941,39.7735,NA,NA,NA,32,0.297,NA,3827.439,25.445,NA,NA,1566.777,424.29,-3466.19,1,"Jenny Stahl",0,NA,2012,6747,1,NA,NA,NA,NA,NA,"rockfish","rosethorn",150,150,229,NA,NA,NA,NA,NA
"685","2012_6747_1_SL.avi",42350,40.001,NA,NA,NA,13,0.862,NA,2534.898,21.947,NA,NA,946.25,-3.937,-2351.66,1,"Jenny Stahl",0,NA,2012,6747,1,NA,NA,NA,NA,NA,"rockfish","rosethorn",150,150,230,NA,NA,NA,NA,NA
"686","2012_6747_1_SL.avi",43229,40.4898,NA,NA,NA,34,7.52,NA,4289.448,17.006,NA,NA,686.23,961.113,-4123.677,1,"Jenny Stahl",0,NA,2012,6747,1,NA,NA,NA,NA,NA,"rockfish","quillback",147,147,231,NA,NA,NA,NA,NA
"687","2012_6747_1_SL.avi",43273,40.5143,NA,NA,NA,72,9.058,NA,5348.546,28.116,NA,NA,-2308.583,909.305,-4738.201,1,"Jenny Stahl",0,NA,2012,6747,1,NA,NA,NA,NA,NA,"rockfish","rosethorn",150,150,232,NA,NA,NA,NA,NA
"688","2012_6747_1_SL.avi",43251,40.502,NA,NA,NA,29,1.73,NA,4066.35,13.062,NA,NA,-505.411,681.583,-3976.834,1,"Jenny Stahl",0,NA,2012,6747,1,NA,NA,NA,NA,NA,"rockfish","rosethorn",150,150,233,NA,NA,NA,NA,NA
"689","2012_6747_1_SL.avi",43411,40.591,NA,NA,NA,25,4.868,NA,3881.686,13.127,NA,NA,61.62,797.311,-3798.419,1,"Jenny Stahl",0,NA,2012,6747,1,NA,NA,NA,NA,NA,"rockfish","rosethorn",150,150,234,NA,NA,NA,NA,NA
"690","2012_6747_1_SL.avi",45618,41.8184,NA,NA,NA,27,7.517,NA,3931.859,15.47,NA,NA,-168.376,952.815,-3810.946,1,"Jenny Stahl",0,NA,2012,6747,1,NA,NA,NA,NA,NA,"rockfish","rosethorn",150,150,235,NA,NA,NA,NA,NA
"691","2012_6747_1_SL.avi",47486,42.8572,NA,NA,NA,26,4.944,NA,3539.542,22.036,NA,NA,1311.044,140.246,-3284.791,1,"Jenny Stahl",0,NA,2012,6747,1,NA,NA,NA,NA,NA,"rockfish","rosethorn",150,150,236,NA,NA,NA,NA,NA
"692","2012_6747_1_SL.avi",48122,43.2109,NA,NA,NA,19,6.225,NA,3129.65,17.16,NA,NA,-892.725,171.081,-2994.743,1,"Jenny Stahl",0,NA,2012,6747,1,NA,NA,NA,NA,NA,"rockfish","rosethorn",150,150,237,NA,NA,NA,NA,NA
"693","2012_6747_1_SL.avi",48691,43.5273,NA,NA,NA,21,8.251,NA,3149.636,24.056,NA,NA,1178.429,447.116,-2886.451,1,"Jenny Stahl",0,NA,2012,6747,1,NA,NA,NA,NA,NA,"rockfish","rosethorn",150,150,238,NA,NA,NA,NA,NA
"694","2012_6747_1_SL.avi",48983,43.6897,NA,NA,NA,33,3.859,NA,4094.825,19.745,NA,NA,-1038.035,830.678,-3872.99,1,"Jenny Stahl",0,NA,2012,6747,1,NA,NA,NA,NA,NA,"rockfish","rosethorn",150,150,239,NA,NA,NA,NA,NA
"695","2012_6747_1_SL.avi",49896,44.1974,NA,NA,NA,17,6.553,NA,3094.766,15.833,NA,NA,-296.554,725.846,-2993.791,1,"Jenny Stahl",0,NA,2012,6747,1,NA,NA,NA,NA,NA,"rockfish",NA,NA,NA,240,NA,NA,NA,"probably silvergray",NA
"696","2012_6747_1_SL.avi",50438,44.4988,NA,NA,NA,20,4.883,NA,3171.383,19.421,NA,NA,-793.985,628.992,-3005.267,1,"Jenny Stahl",0,NA,2012,6747,1,NA,NA,NA,NA,NA,"rockfish","rosethorn",150,150,241,NA,NA,NA,NA,NA
"697","2012_6747_1_SL.avi",50438,44.4988,NA,NA,NA,21,1.055,NA,3329.252,16.985,NA,NA,-546.908,735.022,-3200.711,1,"Jenny Stahl",0,NA,2012,6747,1,NA,NA,NA,NA,NA,"rockfish","rosethorn",150,150,242,NA,NA,NA,NA,NA
"698","2012_6747_1_SL.avi",52754,45.7868,NA,NA,NA,16,1.238,NA,2866.491,18.642,NA,NA,-844.998,295.46,-2723.133,1,"Jenny Stahl",0,NA,2012,6747,1,NA,NA,NA,NA,NA,"rockfish","rosethorn",150,150,243,NA,NA,NA,NA,NA
"699","2012_6747_1_SL.avi",53256,46.0659,NA,NA,NA,17,4.698,NA,2845.455,22.117,NA,NA,1058.637,107.168,-2639.018,1,"Jenny Stahl",0,NA,2012,6747,1,NA,NA,NA,NA,NA,"rockfish","rosethorn",150,150,244,NA,NA,NA,NA,NA
"700","2012_6747_1_SL.avi",53899,46.4235,NA,NA,NA,17,7.894,NA,3140.538,11.845,NA,NA,621.123,105.911,-3076.681,1,"Jenny Stahl",0,NA,2012,6747,1,NA,NA,NA,NA,NA,"rockfish","quillback",147,147,245,NA,NA,NA,NA,NA
"701","2012_6747_1_SL.avi",53971,46.4635,NA,NA,NA,15,0.914,NA,3038.537,3.068,NA,NA,131.928,-160.835,-3031.408,1,"Jenny Stahl",0,NA,2012,6747,1,NA,NA,NA,NA,NA,"rockfish","rosethorn",150,150,246,NA,NA,NA,NA,NA
"702","2012_6747_1_SL.avi",54830,46.9412,NA,NA,NA,10,1.864,NA,2480.588,3.074,NA,NA,-129.16,-85.546,-2475.746,1,"Jenny Stahl",0,NA,2012,6747,1,NA,NA,NA,NA,NA,"rockfish","rosethorn",150,150,247,NA,NA,NA,NA,NA
"703","2012_6747_1_SL.avi",54830,46.9412,NA,NA,NA,15,5.023,NA,2858.997,14.92,NA,NA,735.968,-46.137,-2762.261,1,"Jenny Stahl",0,NA,2012,6747,1,NA,NA,NA,NA,NA,"rockfish","rosethorn",150,150,248,NA,NA,NA,NA,NA
"704","2012_6747_1_SL.avi",54830,46.9412,NA,NA,NA,31,2.299,NA,3539.41,28.253,NA,NA,-1599.777,430.14,-3127.797,1,"Jenny Stahl",0,NA,2012,6747,1,NA,NA,NA,NA,NA,"rockfish","black",142,142,249,NA,NA,NA,NA,NA
"705","2012_6747_1_SL.avi",55705,47.4278,NA,NA,NA,27,0.996,NA,3634.835,22.277,NA,NA,-945.099,929.57,-3384.481,1,"Jenny Stahl",0,NA,2012,6747,1,NA,NA,NA,NA,NA,"rockfish","black",142,142,251,NA,NA,NA,NA,NA
"706","2012_6747_1_SL.avi",55724,47.4384,NA,NA,NA,19,7.452,NA,3201.549,20.672,NA,NA,-345.576,1010.895,-3018.044,1,"Jenny Stahl",0,NA,2012,6747,1,NA,NA,NA,NA,NA,"rockfish","black",142,142,252,NA,NA,NA,NA,NA
"707","2012_6747_1_SL.avi",19403,27.2399,NA,NA,425.794,37,2.118,6.326,3442.664,22.411,28.658,4.384,984.818,798.518,-3200.694,1,"Jenny Stahl",0,NA,2012,6747,1,NA,NA,NA,NA,NA,"rockfish","yelloweye",145,145,253,"AD","Fish milling",NA,NA,NA
"708","2012_6747_1_SL.avi",19353,27.2121,NA,NA,NA,34,7.078,NA,4141.096,22.706,NA,NA,980.708,1179.187,-3846.609,1,"Jenny Stahl",0,NA,2012,6747,1,NA,NA,NA,NA,NA,"rockfish","yelloweye",145,145,253,"AD","Fish milling",NA,NA,NA
"709","2012_6747_1_SL.avi",54995,47.033,NA,NA,NA,93,3.461,NA,6943.541,21.338,NA,NA,-1207.624,2078.516,-6514.152,1,"Jenny Stahl",0,NA,2012,6747,1,NA,NA,NA,NA,NA,"rockfish","yelloweye",145,145,255,"AD","Fish actively swimming within frame",NA,"no length - too blurry",NA
"710","2012_6747_2_SL.avi",255,16.5915,NA,NA,301.143,6,5.578,2.435,1781.563,18.019,9.978,30.37,-450.525,-354.024,-1686.909,1,"Jenny Stahl",0,NA,2012,6747,2,NA,NA,NA,NA,NA,"rockfish","yelloweye",145,145,1,"JV","Fish resting on bottom",NA,NA,NA
"711","2012_6747_2_SL.avi",214,16.5687,NA,NA,NA,11,9.168,NA,2310.842,18.902,NA,NA,-743.237,42.158,-2187.65,1,"Jenny Stahl",0,NA,2012,6747,2,NA,NA,NA,NA,NA,"rockfish","yelloweye",145,145,1,"JV","Fish resting on bottom",NA,NA,NA
"712","2012_6747_2_SL.avi",255,16.5915,NA,NA,NA,12,3.571,NA,2542.13,18.84,NA,NA,372.45,679.266,-2421.22,1,"Jenny Stahl",0,NA,2012,6747,2,NA,NA,NA,NA,NA,"rockfish","quillback",147,147,2,NA,NA,NA,NA,NA
"713","2012_6747_2_SL.avi",547,16.7539,NA,NA,NA,10,2.156,NA,2226.701,16.859,NA,NA,643.464,8.623,-2131.684,1,"Jenny Stahl",0,NA,2012,6747,2,NA,NA,NA,NA,NA,"rockfish","silvergray",157,157,3,NA,NA,NA,NA,NA
"714","2012_6747_2_SL.avi",1541,17.3067,NA,NA,NA,26,11.164,NA,3771.701,15.244,NA,NA,585.485,721.401,-3655.478,1,"Jenny Stahl",0,NA,2012,6747,2,NA,NA,NA,NA,NA,"rockfish","canary",146,146,4,NA,NA,NA,NA,NA
"715","2012_6747_2_SL.avi",2178,17.6609,NA,NA,NA,32,5.946,NA,3598.928,28.813,NA,NA,-1529.213,749.995,-3170.378,1,"Jenny Stahl",0,NA,2012,6747,2,NA,NA,NA,NA,NA,"rockfish","quillback",147,147,5,NA,NA,NA,NA,NA
"716","2012_6747_2_SL.avi",2478,17.8278,NA,NA,NA,20,3.116,NA,3523.801,6.989,NA,NA,-5.736,352.833,-3506.088,1,"Jenny Stahl",0,NA,2012,6747,2,NA,NA,NA,NA,NA,"rockfish","rosethorn",150,150,6,NA,NA,NA,NA,NA
"717","2012_6747_2_SL.avi",3119,18.1842,NA,NA,NA,22,2.592,NA,3511.196,13.251,NA,NA,779.905,124.642,-3421.215,1,"Jenny Stahl",0,NA,2012,6747,2,NA,NA,NA,NA,NA,"rockfish","rosethorn",150,150,7,NA,NA,NA,NA,NA
"718","2012_6747_2_SL.avi",3990,18.6686,NA,NA,NA,14,4.748,NA,2763.915,9.618,NA,NA,-446.836,-175.664,-2721.894,1,"Jenny Stahl",0,NA,2012,6747,2,NA,NA,NA,NA,NA,"rockfish","rosethorn",150,150,8,NA,NA,NA,NA,NA
"719","2012_6747_2_SL.avi",4907,19.1786,NA,NA,NA,17,5.001,NA,2993.664,14.588,NA,NA,-750.966,4.955,-2897.939,1,"Jenny Stahl",0,NA,2012,6747,2,NA,NA,NA,NA,NA,"rockfish","rosethorn",150,150,9,NA,NA,NA,NA,NA
"720","2012_6747_2_SL.avi",5163,19.3209,NA,NA,NA,24,5.656,NA,3732.705,14.078,NA,NA,-44.071,828.184,-3639.403,1,"Jenny Stahl",0,NA,2012,6747,2,NA,NA,NA,NA,NA,"rockfish","rosethorn",150,150,10,NA,NA,NA,NA,NA
"721","2012_6747_2_SL.avi",6272,19.9377,NA,NA,NA,59,13.253,NA,4993.265,26.614,NA,NA,-2181.124,399.503,-4473.901,1,"Jenny Stahl",0,NA,2012,6747,2,NA,NA,NA,NA,NA,"rockfish","quillback",147,147,11,NA,NA,NA,NA,NA
"722","2012_6747_2_SL.avi",6590,20.1145,NA,NA,NA,10,1.595,NA,2147.517,21.262,NA,NA,-679.963,336.16,-2009.099,1,"Jenny Stahl",0,NA,2012,6747,2,NA,NA,NA,NA,NA,"rockfish","rosethorn",150,150,12,NA,NA,NA,NA,NA
"723","2012_6747_2_SL.avi",8757,21.3196,NA,NA,NA,20,6.647,NA,3514.225,9.188,NA,NA,41.796,484.283,-3480.446,1,"Jenny Stahl",0,NA,2012,6747,2,NA,NA,NA,NA,NA,"rockfish","quillback",147,147,13,NA,NA,NA,NA,NA
"724","2012_6747_2_SL.avi",9238,21.5871,NA,NA,NA,19,1.293,NA,3207.984,14.878,NA,NA,786.259,178.181,-3105.03,1,"Jenny Stahl",0,NA,2012,6747,2,NA,NA,NA,NA,NA,"rockfish","rosethorn",150,150,14,NA,NA,NA,NA,NA
"725","2012_6747_2_SL.avi",9771,21.8835,NA,NA,NA,65,8.996,NA,4998.177,28.612,NA,NA,-2363.401,283.279,-4394.981,1,"Jenny Stahl",0,NA,2012,6747,2,NA,NA,NA,NA,NA,"rockfish","rosethorn",150,150,15,NA,NA,NA,NA,NA
"726","2012_6747_2_SL.avi",11581,22.89,NA,NA,NA,21,6.709,NA,3053.751,25.662,NA,NA,-1313.131,97.034,-2755.298,1,"Jenny Stahl",0,NA,2012,6747,2,NA,NA,NA,NA,NA,"rockfish","silvergray",157,157,16,NA,NA,NA,NA,NA
"727","2012_6747_2_SL.avi",11669,22.939,NA,NA,NA,24,1.11,NA,3279.442,22.751,NA,NA,-1258.654,-221.348,-3020.188,1,"Jenny Stahl",0,NA,2012,6747,2,NA,NA,NA,NA,NA,"rockfish","rosethorn",150,150,17,NA,NA,NA,NA,NA
"728","2012_6747_2_SL.avi",11700,22.9562,NA,NA,NA,31,11.71,NA,3778.14,25.652,NA,NA,1499.165,579.955,-3419.137,1,"Jenny Stahl",0,NA,2012,6747,2,NA,NA,NA,NA,NA,"rockfish","rosethorn",150,150,18,NA,NA,NA,NA,NA
"729","2012_6747_2_SL.avi",11817,23.0213,NA,NA,NA,25,2.69,NA,3747.566,11.59,NA,NA,-742.217,46.806,-3673.034,1,"Jenny Stahl",0,NA,2012,6747,2,NA,NA,NA,NA,NA,"rockfish","rosethorn",150,150,19,NA,NA,NA,NA,NA
"730","2012_6747_2_SL.avi",14365,24.4383,NA,NA,NA,46,4.861,NA,5174.701,17.288,NA,NA,-214.459,1415.384,-4972.749,1,"Jenny Stahl",0,NA,2012,6747,2,NA,NA,NA,NA,NA,"rockfish","canary",146,146,20,NA,NA,NA,NA,NA
"731","2012_6747_2_SL.avi",15682,25.1707,NA,NA,NA,10,7.562,NA,2427.176,9.365,NA,NA,-295.617,209.941,-2399.941,1,"Jenny Stahl",0,NA,2012,6747,2,NA,NA,NA,NA,NA,"greenling","lingcod",130,130,21,NA,NA,NA,NA,NA
"732","2012_6747_2_SL.avi",15978,25.3353,NA,NA,706.284,24,9.86,9.894,2123.894,8.007,80.008,30.211,-180.431,-279.961,-2097.616,1,"Jenny Stahl",0,NA,2012,6747,2,NA,NA,NA,NA,NA,"greenling","lingcod",130,130,21,NA,NA,NA,NA,NA
"733","2012_6747_2_SL.avi",16086,25.3953,NA,NA,NA,13,4.783,NA,2737.462,5.563,NA,NA,264.525,-37.617,-2724.392,1,"Jenny Stahl",0,NA,2012,6747,2,NA,NA,NA,NA,NA,"rockfish","rosethorn",150,150,22,NA,NA,NA,NA,NA
"734","2012_6747_2_SL.avi",16543,25.6495,NA,NA,NA,25,6.976,NA,3431.621,24.224,NA,NA,1135.95,763.939,-3146.75,1,"Jenny Stahl",0,NA,2012,6747,2,NA,NA,NA,NA,NA,"rockfish","rosethorn",150,150,23,NA,NA,NA,NA,NA
"735","2012_6747_2_SL.avi",18004,26.4619,NA,NA,NA,9,3.523,NA,2221.126,12.677,NA,NA,-456.672,-217.388,-2162.775,1,"Jenny Stahl",0,NA,2012,6747,2,NA,NA,NA,NA,NA,"rockfish","rosethorn",150,150,24,NA,NA,NA,NA,NA
"736","2012_6747_2_SL.avi",18948,26.9869,NA,NA,NA,14,8.423,NA,2825.674,13.171,NA,NA,572.506,234.86,-2757.084,1,"Jenny Stahl",0,NA,2012,6747,2,NA,NA,NA,NA,NA,"rockfish","rosethorn",150,150,25,NA,NA,NA,NA,NA
"737","2012_6747_2_SL.avi",19724,27.4184,NA,NA,NA,31,9.039,NA,3708.426,26.359,NA,NA,1481.117,647.023,-3337.676,1,"Jenny Stahl",0,NA,2012,6747,2,NA,NA,NA,NA,NA,"rockfish","rosethorn",150,150,26,NA,NA,NA,NA,NA
"738","2012_6747_2_SL.avi",21890,28.623,NA,NA,NA,22,0.292,NA,3515.033,14.132,NA,NA,-678.469,451.617,-3419.236,1,"Jenny Stahl",0,NA,2012,6747,2,NA,NA,NA,NA,NA,"rockfish","rosethorn",150,150,27,NA,NA,NA,NA,NA
"739","2012_6747_2_SL.avi",22786,29.1213,NA,NA,NA,60,7.649,NA,5434.827,21.84,NA,NA,1656.329,1049.922,-5068.686,1,"Jenny Stahl",0,NA,2012,6747,2,NA,NA,NA,NA,NA,"rockfish","yelloweye",145,145,28,"AD","Fish milling",NA,NA,NA
"740","2012_6747_2_SL.avi",22800,29.129,NA,NA,546.952,70,2.429,3.259,5345.449,24.215,8.196,0.962,1940.874,913.892,-4896.083,1,"Jenny Stahl",0,NA,2012,6747,2,NA,NA,NA,NA,NA,"rockfish","yelloweye",145,145,28,"AD","Fish milling",NA,NA,NA
"741","2012_6747_2_SL.avi",23572,29.5584,NA,NA,NA,11,3.509,NA,2317.997,15.696,NA,NA,495.605,-432.5,-2222.707,1,"Jenny Stahl",0,NA,2012,6747,2,NA,NA,NA,NA,NA,"rockfish","rosethorn",150,150,29,NA,NA,NA,NA,NA
"742","2012_6747_2_SL.avi",23631,29.5912,NA,NA,NA,36,2.248,NA,4298.54,18.784,NA,NA,-1176.017,641.544,-4084.465,1,"Jenny Stahl",0,NA,2012,6747,2,NA,NA,NA,NA,NA,"rockfish","tiger",148,148,30,NA,NA,NA,NA,NA
"743","2012_6747_2_SL.avi",23776,29.6718,NA,NA,NA,25,1.75,NA,3778.152,13.22,NA,NA,-408.929,681.285,-3693.652,1,"Jenny Stahl",0,NA,2012,6747,2,NA,NA,NA,NA,NA,"rockfish","rosethorn",150,150,31,NA,NA,NA,NA,NA
"744","2012_6747_2_SL.avi",23939,29.7625,NA,NA,NA,22,5.315,NA,3140.306,24.512,NA,NA,-1294.1,88.882,-2859.883,1,"Jenny Stahl",0,NA,2012,6747,2,NA,NA,NA,NA,NA,"rockfish","rosethorn",150,150,32,NA,NA,NA,NA,NA
"745","2012_6747_2_SL.avi",23944,29.7652,NA,NA,NA,28,1.18,NA,3702.402,22.638,NA,NA,1331.098,434.803,-3427.376,1,"Jenny Stahl",0,NA,2012,6747,2,NA,NA,NA,NA,NA,"rockfish","rosethorn",150,150,33,NA,NA,NA,NA,NA
"746","2012_6747_2_SL.avi",25222,30.4759,NA,NA,NA,19,0.765,NA,2982.684,22.055,NA,NA,-1119.904,-73.302,-2763.485,1,"Jenny Stahl",0,NA,2012,6747,2,NA,NA,NA,NA,NA,"rockfish","rosethorn",150,150,34,NA,NA,NA,NA,NA
"747","2012_6747_2_SL.avi",25300,30.5193,NA,NA,NA,24,0.678,NA,3502.491,22.945,NA,NA,504.807,1198.531,-3252.097,1,"Jenny Stahl",0,NA,2012,6747,2,NA,NA,NA,NA,NA,"rockfish","rosethorn",150,150,35,NA,NA,NA,NA,NA
"748","2012_6747_2_SL.avi",25881,30.8424,NA,NA,NA,18,1.231,NA,3274.472,8.278,NA,NA,170.249,369.321,-3249.12,1,"Jenny Stahl",0,NA,2012,6747,2,NA,NA,NA,NA,NA,"greenling",NA,NA,NA,36,NA,NA,NA,NA,NA
"749","2012_6747_2_SL.avi",25881,30.8424,NA,NA,NA,18,2.388,NA,3264.884,10.266,NA,NA,41.966,510.574,-3224.441,1,"Jenny Stahl",0,NA,2012,6747,2,NA,NA,NA,NA,NA,"rockfish","rosethorn",150,150,37,NA,NA,NA,NA,NA
"750","2012_6747_2_SL.avi",26166,31.0009,NA,NA,NA,7,5.368,NA,1947.775,14.265,NA,NA,352.177,-366.911,-1880.206,1,"Jenny Stahl",0,NA,2012,6747,2,NA,NA,NA,NA,NA,"rockfish","rosethorn",150,150,38,NA,NA,NA,NA,NA
"751","2012_6747_2_SL.avi",27684,31.8451,NA,NA,NA,16,0.077,NA,2931.667,15.263,NA,NA,-554.711,475.173,-2839.221,1,"Jenny Stahl",0,NA,2012,6747,2,NA,NA,NA,NA,NA,"rockfish","rosethorn",150,150,39,NA,NA,NA,NA,NA
"752","2012_6747_2_SL.avi",29442,32.8227,NA,NA,NA,21,0.929,NA,3058.202,24.098,NA,NA,-1187.354,325.793,-2799.401,1,"Jenny Stahl",0,NA,2012,6747,2,NA,NA,NA,NA,NA,"rockfish","rosethorn",150,150,40,NA,NA,NA,NA,NA
"753","2012_6747_2_SL.avi",31064,33.7247,NA,NA,NA,23,4.067,NA,3742.263,9.58,NA,NA,-259.332,486.119,-3701.482,1,"Jenny Stahl",0,NA,2012,6747,2,NA,NA,NA,NA,NA,"rockfish","rosethorn",150,150,41,NA,NA,NA,NA,NA
"754","2012_6747_2_SL.avi",31521,33.9789,NA,NA,NA,24,3.688,NA,3734.472,13.606,NA,NA,-332.737,734.208,-3646.437,1,"Jenny Stahl",0,NA,2012,6747,2,NA,NA,NA,NA,NA,"rockfish","rosethorn",150,150,42,NA,NA,NA,NA,NA
"755","2012_6747_2_SL.avi",31814,34.1418,NA,NA,NA,77,0.257,NA,6071.179,21.828,NA,NA,-2082.108,749.712,-5653.492,1,"Jenny Stahl",0,NA,2012,6747,2,NA,NA,NA,NA,NA,"rockfish","rosethorn",150,150,43,NA,NA,NA,NA,NA
"756","2012_6747_2_SL.avi",33966,35.3386,NA,NA,NA,24,7.414,NA,3648.798,21.061,NA,NA,-64.235,1235.559,-3432.637,1,"Jenny Stahl",0,NA,2012,6747,2,NA,NA,NA,NA,NA,"rockfish","yelloweye",145,145,44,"AD","Fish milling",NA,NA,NA
"757","2012_6747_2_SL.avi",34067,35.3947,NA,NA,545.878,5,6.851,8.288,2173.331,19.58,0.022,11.92,46.152,682.343,-2062.922,1,"Jenny Stahl",0,NA,2012,6747,2,NA,NA,NA,NA,NA,"rockfish","yelloweye",145,145,44,"AD","Fish milling",NA,NA,NA
"758","2012_6747_2_SL.avi",34384,35.571,NA,NA,NA,26,1.944,NA,3512.113,24.822,NA,NA,1471.681,19.978,-3188.839,1,"Jenny Stahl",0,NA,2012,6747,2,NA,NA,NA,NA,NA,"rockfish","tiger",148,148,45,NA,NA,NA,NA,NA
"759","2012_6747_2_SL.avi",34589,35.685,NA,NA,NA,18,8.649,NA,2870.233,26.917,NA,NA,873.713,906.04,-2579.526,1,"Jenny Stahl",0,NA,2012,6747,2,NA,NA,NA,NA,NA,"rockfish","quillback",147,147,46,NA,NA,NA,NA,NA
"760","2012_6747_2_SL.avi",36130,36.542,NA,NA,NA,10,5.983,NA,2320.35,12.506,NA,NA,412.535,237.651,-2270.982,1,"Jenny Stahl",0,NA,2012,6747,2,NA,NA,NA,NA,NA,"rockfish","rosethorn",150,150,47,NA,NA,NA,NA,NA
"761","2012_6747_2_SL.avi",36820,36.9257,NA,NA,NA,23,3.354,NA,3516.905,16.976,NA,NA,997.42,171.11,-3368.159,1,"Jenny Stahl",0,NA,2012,6747,2,NA,NA,NA,NA,NA,"rockfish","rosethorn",150,150,48,NA,NA,NA,NA,NA
"762","2012_6747_2_SL.avi",37121,37.0931,NA,NA,NA,25,8.726,NA,3246.988,26.865,NA,NA,-1456.482,115.008,-2899.718,1,"Jenny Stahl",0,NA,2012,6747,2,NA,NA,NA,NA,NA,"rockfish","rosethorn",150,150,49,NA,NA,NA,NA,NA
"763","2012_6747_2_SL.avi",38654,37.9456,NA,NA,NA,23,5.998,NA,3599.029,10.406,NA,NA,-642.814,-173.388,-3536.911,1,"Jenny Stahl",0,NA,2012,6747,2,NA,NA,NA,NA,NA,"rockfish","rosethorn",150,150,50,NA,NA,NA,NA,NA
"764","2012_6747_2_SL.avi",39876,38.6252,NA,NA,NA,36,7.167,NA,4020.587,26.584,NA,NA,1517.023,889.275,-3615.654,1,"Jenny Stahl",0,NA,2012,6747,2,NA,NA,NA,NA,NA,"rockfish","rosethorn",150,150,51,NA,NA,NA,NA,NA
"765","2012_6747_2_SL.avi",41364,39.4527,NA,NA,NA,67,14.5,NA,5650.376,24.985,NA,NA,1728.514,1534.292,-5156.058,1,"Jenny Stahl",0,NA,2012,6747,2,NA,NA,NA,NA,NA,"ratfish","ratfish",714,714,52,NA,NA,NA,NA,NA
"766","2012_6747_2_SL.avi",42024,39.8197,NA,NA,NA,17,6.712,NA,2677.306,25.262,NA,NA,-957.935,-675.059,-2407.202,1,"Jenny Stahl",0,NA,2012,6747,2,NA,NA,NA,NA,NA,"rockfish",NA,NA,NA,53,NA,NA,NA,NA,NA
"767","2012_6747_2_SL.avi",43318,40.5393,NA,NA,NA,17,7.84,NA,3060.77,11.486,NA,NA,-606.822,-8.342,-3000.002,1,"Jenny Stahl",0,NA,2012,6747,2,NA,NA,NA,NA,NA,"rockfish","rosethorn",150,150,54,NA,NA,NA,NA,NA
"768","2012_6747_2_SL.avi",43688,40.7451,NA,NA,NA,42,5.458,NA,4556.448,23.774,NA,NA,-1018.055,1438.149,-4201.966,1,"Jenny Stahl",0,NA,2012,6747,2,NA,NA,NA,NA,NA,"rockfish","rosethorn",150,150,55,NA,NA,NA,NA,NA
"769","2012_6747_2_SL.avi",44390,41.1355,NA,NA,NA,4,1.796,NA,1335.805,23.042,NA,NA,-183.755,462.729,-1239.552,1,"Jenny Stahl",0,NA,2012,6747,2,NA,NA,NA,NA,NA,"rockfish",NA,NA,NA,56,NA,NA,NA,NA,NA
"770","2012_6747_2_SL.avi",44547,41.2228,NA,NA,NA,15,5.905,NA,2648.129,21.552,NA,NA,963.503,-187.383,-2459.5,1,"Jenny Stahl",0,NA,2012,6747,2,NA,NA,NA,NA,NA,"rockfish","rosethorn",150,150,57,NA,NA,NA,NA,NA
"771","2012_6747_2_SL.avi",45643,41.8323,NA,NA,NA,28,4.171,NA,3683.835,21.362,NA,NA,-1023.626,793.062,-3448.751,1,"Jenny Stahl",0,NA,2012,6747,2,NA,NA,NA,NA,NA,"rockfish","rosethorn",150,150,58,NA,NA,NA,NA,NA
"772","2012_6747_2_SL.avi",46628,42.38,NA,NA,NA,10,4.019,NA,2265.997,15.079,NA,NA,570.095,-197.415,-2184.207,1,"Jenny Stahl",0,NA,2012,6747,2,NA,NA,NA,NA,NA,"rockfish","rosethorn",150,150,59,NA,NA,NA,NA,NA
"773","2012_6747_2_SL.avi",47647,42.9467,NA,NA,NA,29,2.723,NA,3873.976,22.553,NA,NA,654.62,1256.009,-3605.774,1,"Jenny Stahl",0,NA,2012,6747,2,NA,NA,NA,NA,NA,"rockfish","rosethorn",150,150,60,NA,NA,NA,NA,NA
"774","2012_6747_2_SL.avi",47856,43.0629,NA,NA,NA,33,7.577,NA,4256.452,19.115,NA,NA,-534.632,1199.783,-4048.712,1,"Jenny Stahl",0,NA,2012,6747,2,NA,NA,NA,NA,NA,"rockfish","quillback",147,147,61,NA,NA,NA,NA,NA
"775","2012_6747_2_SL.avi",49037,43.7197,NA,NA,NA,32,12.64,NA,3686.54,26.631,NA,NA,-1478.533,666.414,-3310.651,1,"Jenny Stahl",0,NA,2012,6747,2,NA,NA,NA,NA,NA,"rockfish","rosethorn",150,150,62,NA,NA,NA,NA,NA
"776","2012_6747_2_SL.avi",49866,44.1807,NA,NA,NA,39,9.066,NA,4018.128,31.423,NA,NA,1683.652,1171.919,-3455.036,1,"Jenny Stahl",0,NA,2012,6747,2,NA,NA,NA,NA,NA,"rockfish","quillback",147,147,63,NA,NA,NA,NA,NA
"777","2012_6747_2_SL.avi",50181,44.3559,NA,NA,NA,30,7.332,NA,3816.416,21.384,NA,NA,-1176.871,665.366,-3568.934,1,"Jenny Stahl",0,NA,2012,6747,2,NA,NA,NA,NA,NA,"rockfish","rosethorn",150,150,64,NA,NA,NA,NA,NA
"778","2012_6747_2_SL.avi",50581,44.5783,NA,NA,NA,29,2.801,NA,3526.306,26.436,NA,NA,-1283.769,834.96,-3176.415,1,"Jenny Stahl",0,NA,2012,6747,2,NA,NA,NA,NA,NA,"rockfish","rosethorn",150,150,65,NA,NA,NA,NA,NA
"779","2012_6747_2_SL.avi",50678,44.6323,NA,NA,NA,21,3.448,NA,3252.438,18.609,NA,NA,-756.069,644.054,-3097.08,1,"Jenny Stahl",0,NA,2012,6747,2,NA,NA,NA,NA,NA,"rockfish","rosethorn",150,150,66,NA,NA,NA,NA,NA
"780","2012_6747_2_SL.avi",51375,45.0199,NA,NA,NA,17,1.773,NA,3075.575,12.955,NA,NA,-587.269,296.262,-3004.414,1,"Jenny Stahl",0,NA,2012,6747,2,NA,NA,NA,NA,NA,"rockfish","rosethorn",150,150,67,NA,NA,NA,NA,NA
"781","2012_6747_2_SL.avi",51801,45.2568,NA,NA,NA,37,12.017,NA,4464.824,17.899,NA,NA,-829.925,1000.443,-4271.415,1,"Jenny Stahl",0,NA,2012,6747,2,NA,NA,NA,NA,NA,"rockfish","rosethorn",150,150,68,NA,NA,NA,NA,NA
"782","2012_6747_2_SL.avi",52245,45.5037,NA,NA,NA,18,0.506,NA,3233.375,12.883,NA,NA,60.592,649.897,-3166.808,1,"Jenny Stahl",0,NA,2012,6747,2,NA,NA,NA,NA,NA,"rockfish","tiger",148,148,69,NA,NA,NA,NA,NA
"783","2012_6747_2_SL.avi",52314,45.5421,NA,NA,NA,21,7.275,NA,3485.783,12.879,NA,NA,25.377,702.712,-3414.123,1,"Jenny Stahl",0,NA,2012,6747,2,NA,NA,NA,NA,NA,"rockfish","rosethorn",150,150,70,NA,NA,NA,NA,NA
"784","2012_6747_2_SL.avi",53193,46.0309,NA,NA,NA,7,1.633,NA,1938.012,11.307,NA,NA,198.073,-365.391,-1892.921,1,"Jenny Stahl",0,NA,2012,6747,2,NA,NA,NA,NA,NA,"rockfish","yelloweye",145,145,71,"AD","Fish moving quickly into frame",NA,"no length-washed out/bad orientat",NA
"785","2012_6747_2_SL.avi",54250,46.6187,NA,NA,NA,23,0.543,NA,3552.895,13.276,NA,NA,-707.791,330.8,-3465.929,1,"Jenny Stahl",0,NA,2012,6747,2,NA,NA,NA,NA,NA,"rockfish","rosethorn",150,150,72,NA,NA,NA,NA,NA
"786","2012_6747_2_SL.avi",54262,46.6254,NA,NA,NA,8,0.097,NA,1940.529,21.599,NA,NA,686.661,-235.896,-1799.584,1,"Jenny Stahl",0,NA,2012,6747,2,NA,NA,NA,NA,NA,"rockfish","rosethorn",150,150,73,NA,NA,NA,NA,NA
"787","2012_6747_2_SL.avi",55019,47.0463,NA,NA,NA,9,2.867,NA,2256.597,13.257,NA,NA,117.096,456.356,-2206.866,1,"Jenny Stahl",0,NA,2012,6747,2,NA,NA,NA,NA,NA,"rockfish","rosethorn",150,150,75,NA,NA,NA,NA,NA
"788","2012_6747_2_SL.avi",55501,47.3144,NA,NA,NA,15,3.499,NA,2746.101,20.899,NA,NA,629.874,694.49,-2581.088,1,"Jenny Stahl",0,NA,2012,6747,2,NA,NA,NA,NA,NA,"rockfish","rosethorn",150,150,76,NA,NA,NA,NA,NA
"789","2012_6747_2_SL.avi",56101,47.6481,NA,NA,NA,9,3.881,NA,2044.644,23.012,NA,NA,650.94,-504.536,-1871.44,1,"Jenny Stahl",0,NA,2012,6747,2,NA,NA,NA,NA,NA,"rockfish","rosethorn",150,150,77,NA,NA,NA,NA,NA
"790","2012_6747_2_SL.avi",57099,48.2031,NA,NA,NA,42,5.217,NA,4508.856,23.552,NA,NA,-1169.552,1280.543,-4161.988,1,"Jenny Stahl",0,NA,2012,6747,2,NA,NA,NA,NA,NA,"rockfish","rosethorn",150,150,78,NA,NA,NA,NA,NA
"791","2012_6747_2_SL.avi",57190,48.2537,NA,NA,NA,15,0.741,NA,2692.598,21.666,NA,NA,-990.55,29.668,-2503.6,1,"Jenny Stahl",0,NA,2012,6747,2,NA,NA,NA,NA,NA,"rockfish","rosethorn",150,150,79,NA,NA,NA,NA,NA
"792","2012_6747_2_SL.avi",58132,48.7775,NA,NA,NA,11,7.687,NA,2584.36,7.093,NA,NA,289.826,77.979,-2566.873,1,"Jenny Stahl",0,NA,2012,6747,2,NA,NA,NA,NA,NA,"rockfish","rosethorn",150,150,80,NA,NA,NA,NA,NA
"793","2012_6748_2_SL.avi",1038,17.027,NA,NA,NA,22,6.506,NA,3656.34,10.152,NA,NA,83.921,560.831,-3612.098,1,"Jenny Stahl",0,NA,2012,6748,2,NA,NA,NA,NA,NA,"rockfish","rosethorn",150,150,2,NA,NA,NA,NA,NA
"794","2012_6748_2_SL.avi",6085,19.8337,NA,NA,NA,89,4.151,NA,5990.453,27.48,NA,NA,-2735.201,284.162,-5321.978,1,"Jenny Stahl",0,NA,2012,6748,2,NA,NA,NA,NA,NA,"rockfish","rosethorn",150,150,3,NA,NA,NA,NA,NA
"795","2012_6748_2_SL.avi",7123,20.4109,NA,NA,NA,11,3.175,NA,2480.3,5.438,NA,NA,-235.037,-49.787,-2468.637,1,"Jenny Stahl",0,NA,2012,6748,2,NA,NA,NA,NA,NA,"rockfish","rosethorn",150,150,4,NA,NA,NA,NA,NA
"796","2012_6748_2_SL.avi",8830,21.3602,NA,NA,NA,14,8.418,NA,2602.844,20.756,NA,NA,901.755,-246.895,-2429.131,1,"Jenny Stahl",0,NA,2012,6748,2,NA,NA,NA,NA,NA,"rockfish","rosethorn",150,150,5,NA,NA,NA,NA,NA
"797","2012_6748_2_SL.avi",9202,21.5671,NA,NA,NA,7,1.472,NA,1692.593,29.358,NA,NA,590.643,550.782,-1487.498,1,"Jenny Stahl",0,NA,2012,6748,2,NA,NA,NA,NA,NA,"rockfish","rosethorn",150,150,6,NA,NA,NA,NA,NA
"798","2012_6748_2_SL.avi",224,16.5743,NA,NA,NA,7,5.424,NA,1752.815,24.634,NA,NA,-579.647,-479.151,-1583.283,1,"Jenny Stahl",0,NA,2012,6748,2,NA,NA,NA,NA,NA,"rockfish","rosethorn",150,150,15,NA,NA,NA,NA,NA
"799","2012_6748_2_SL.avi",14802,24.6813,NA,NA,NA,28,1.684,NA,4067.204,12.664,NA,NA,298.014,754.18,-3985.543,1,"Jenny Stahl",0,NA,2012,6748,2,NA,NA,NA,NA,NA,"rockfish","rosethorn",150,150,16,NA,NA,NA,NA,NA
"800","2012_6748_2_SL.avi",17800,26.3485,NA,NA,NA,20,3.545,NA,3262.646,17.111,NA,NA,-896.396,275.87,-3124.937,1,"Jenny Stahl",0,NA,2012,6748,2,NA,NA,NA,NA,NA,"rockfish","dusky",172,172,17,NA,NA,NA,NA,NA
"801","2012_6748_2_SL.avi",23444,29.4872,NA,NA,NA,28,0.255,NA,3943.458,14.753,NA,NA,-623.786,704.139,-3829.614,1,"Jenny Stahl",0,NA,2012,6748,2,NA,NA,NA,NA,NA,"rockfish","rosethorn",150,150,18,NA,NA,NA,NA,NA
"802","2012_6748_2_SL.avi",26078,30.952,NA,NA,NA,14,2.507,NA,2933.424,5.142,NA,NA,-46.855,195.307,-2926.54,1,"Jenny Stahl",0,NA,2012,6748,2,NA,NA,NA,NA,NA,"rockfish","rosethorn",150,150,19,NA,NA,NA,NA,NA
"803","2012_6748_2_SL.avi",30670,33.5056,NA,NA,NA,49,7.36,NA,4491.141,27.8,NA,NA,-1856.499,883.621,-3992.865,1,"Jenny Stahl",0,NA,2012,6748,2,NA,NA,NA,NA,NA,"rockfish","rosethorn",150,150,20,NA,NA,NA,NA,NA
"804","2012_6748_2_SL.avi",34765,35.7829,NA,NA,251.746,13,0.104,0.122,1897.795,11.256,44.217,29.434,-357.79,-136.227,-1858.778,1,"Jenny Stahl",0,NA,2012,6748,2,NA,NA,NA,NA,NA,"rockfish","yelloweye",145,145,21,"JV","Fish milling",NA,NA,NA
"805","2012_6748_2_SL.avi",34536,35.6555,NA,NA,NA,31,3.296,NA,4071.908,16.779,NA,NA,-822.672,754.972,-3915.823,1,"Jenny Stahl",0,NA,2012,6748,2,NA,NA,NA,NA,NA,"rockfish","yelloweye",145,145,21,"JV","Fish milling",NA,NA,NA
"806","2012_6748_2_SL.avi",38650,37.9434,NA,NA,NA,12,8.389,NA,2548.563,13.674,NA,NA,-442.038,-462.942,-2466.873,1,"Jenny Stahl",0,NA,2012,6748,2,NA,NA,NA,NA,NA,"halibut","halibut",200,200,22,NA,NA,NA,NA,NA
"807","2012_6748_2_SL.avi",38651,37.9439,NA,NA,463.793,12,1.193,0.131,2526.755,18.05,2.135,3.488,-664.575,-465.79,-2392.879,1,"Jenny Stahl",0,NA,2012,6748,2,NA,NA,NA,NA,NA,"halibut","halibut",200,200,22,NA,NA,NA,NA,NA
"808","2012_6748_2_SL.avi",39227,38.2643,NA,NA,NA,15,0.48,NA,2459.555,28.622,NA,NA,-1045.826,-589.266,-2146.724,1,"Jenny Stahl",0,NA,2012,6748,2,NA,NA,NA,NA,NA,"rockfish","rosethorn",150,150,23,NA,NA,NA,NA,NA
"809","2012_6748_2_SL.avi",41589,39.5778,NA,NA,NA,86,2.277,NA,5677.687,29.065,NA,NA,-2658.594,627.067,-4977.429,1,"Jenny Stahl",0,NA,2012,6748,2,NA,NA,NA,NA,NA,"rockfish","yelloweye",145,145,24,"AD","Fish milling",NA,"no length-RMS too high edge FOV",NA
"810","2012_6748_2_SL.avi",55221,47.1587,NA,NA,NA,21,7.537,NA,3534.153,11.782,NA,NA,-3.578,646.469,-3474.522,1,"Jenny Stahl",0,NA,2012,6748,2,NA,NA,NA,NA,NA,"rockfish","rosethorn",150,150,25,NA,NA,NA,NA,NA
"811","2012_6748_2_SL.avi",58436,48.9466,NA,NA,NA,30,5.639,NA,4063.722,15.238,NA,NA,-742.215,682.932,-3936.567,1,"Jenny Stahl",0,NA,2012,6748,2,NA,NA,NA,NA,NA,"rockfish","rosethorn",150,150,26,NA,NA,NA,NA,NA
"812","2012_6748_3_SL.avi",1422,17.2405,NA,NA,NA,14,3.617,NA,2422.685,27.277,NA,NA,-1042.705,334.707,-2161.051,1,"Jenny Stahl",0,NA,2012,6748,3,NA,NA,NA,NA,NA,"rockfish","rosethorn",150,150,1,NA,NA,NA,NA,NA
"813","2012_6748_3_SL.avi",2249,17.7004,NA,NA,NA,31,4.488,NA,4105.973,14.73,NA,NA,-944.409,358.777,-3979.747,1,"Jenny Stahl",0,NA,2012,6748,3,NA,NA,NA,NA,NA,"rockfish","rosethorn",150,150,2,NA,NA,NA,NA,NA
"814","2012_6748_3_SL.avi",3473,18.3811,NA,NA,NA,32,8.69,NA,4201.418,14.661,NA,NA,984.264,314.233,-4072.394,1,"Jenny Stahl",0,NA,2012,6748,3,NA,NA,NA,NA,NA,"rockfish","rosethorn",150,150,3,NA,NA,NA,NA,NA
"815","2012_6748_3_SL.avi",7376,20.5516,NA,NA,NA,25,0.828,NA,3865.579,12.491,NA,NA,83.287,749.906,-3791.227,1,"Jenny Stahl",0,NA,2012,6748,3,NA,NA,NA,NA,NA,"rockfish","rosethorn",150,150,4,NA,NA,NA,NA,NA
"816","2012_6748_3_SL.avi",8972,21.4392,NA,NA,NA,36,3.211,NA,4032.446,25.984,NA,NA,1507.726,842.11,-3643.931,1,"Jenny Stahl",0,NA,2012,6748,3,NA,NA,NA,NA,NA,"rockfish","rosethorn",150,150,5,NA,NA,NA,NA,NA
"817","2012_6748_3_SL.avi",9514,21.7406,NA,NA,NA,28,3.212,NA,3897.336,15.738,NA,NA,-789.23,621.843,-3765.588,1,"Jenny Stahl",0,NA,2012,6748,3,NA,NA,NA,NA,NA,"rockfish",NA,NA,NA,6,NA,NA,NA,"washed out",NA
"818","2012_6748_3_SL.avi",11224,22.6915,NA,NA,NA,23,2.959,NA,3677.251,9.916,NA,NA,485.797,327.653,-3630.265,1,"Jenny Stahl",0,NA,2012,6748,3,NA,NA,NA,NA,NA,"rockfish","rosethorn",150,150,7,NA,NA,NA,NA,NA
"819","2012_6748_3_SL.avi",16111,25.4092,NA,NA,NA,10,3.516,NA,2195.294,18.044,NA,NA,649.698,-245.815,-2082.494,1,"Jenny Stahl",0,NA,2012,6748,3,NA,NA,NA,NA,NA,"rockfish","rosethorn",150,150,8,NA,NA,NA,NA,NA
"820","2012_6748_3_SL.avi",16781,25.7818,NA,NA,NA,35,8.031,NA,4258.383,18.786,NA,NA,1271.038,427.315,-4041.743,1,"Jenny Stahl",0,NA,2012,6748,3,NA,NA,NA,NA,NA,"rockfish","rosethorn",150,150,10,NA,NA,NA,NA,NA
"821","2012_6748_3_SL.avi",18666,26.8301,NA,NA,NA,11,0.683,NA,2188.244,22.554,NA,NA,-820.354,-221.143,-2016.563,1,"Jenny Stahl",0,NA,2012,6748,3,NA,NA,NA,NA,NA,"rockfish","dusky",172,172,11,NA,NA,NA,NA,NA
"822","2012_6748_3_SL.avi",20002,27.573,NA,NA,NA,37,4.169,NA,4141.505,25.25,NA,NA,1484.522,876.28,-3765.686,1,"Jenny Stahl",0,NA,2012,6748,3,NA,NA,NA,NA,NA,"rockfish","rosethorn",150,150,12,NA,NA,NA,NA,NA
"823","2012_6748_3_SL.avi",21304,28.2971,NA,NA,NA,68,5.251,NA,5391.991,30.626,NA,NA,2141.45,1619.405,-4676.033,1,"Jenny Stahl",0,NA,2012,6748,3,NA,NA,NA,NA,NA,"rockfish",NA,NA,NA,13,NA,NA,NA,"probably dusky",NA
"824","2012_6748_3_SL.avi",23875,29.7269,NA,NA,NA,23,6.596,NA,3417.025,17.906,NA,NA,-879.859,503.499,-3263.188,1,"Jenny Stahl",0,NA,2012,6748,3,NA,NA,NA,NA,NA,"rockfish","rosethorn",150,150,14,NA,NA,NA,NA,NA
"825","2012_6748_3_SL.avi",26834,31.3724,NA,NA,NA,20,5.417,NA,3397.363,12.971,NA,NA,-467.086,530.916,-3322.956,1,"Jenny Stahl",0,NA,2012,6748,3,NA,NA,NA,NA,NA,"rockfish","rosethorn",150,150,150,NA,NA,NA,NA,NA
"826","2012_6748_3_SL.avi",29718,32.9762,NA,NA,NA,13,6.335,NA,2816.3,8.461,NA,NA,-285.443,239.944,-2791.504,1,"Jenny Stahl",0,NA,2012,6748,3,NA,NA,NA,NA,NA,"rockfish","rosethorn",150,150,151,NA,NA,NA,NA,NA
"827","2012_6748_3_SL.avi",33649,35.1623,NA,NA,NA,20,0.643,NA,2907.006,26.831,NA,NA,-1311.936,-78.316,-2592.947,1,"Jenny Stahl",0,NA,2012,6748,3,NA,NA,NA,NA,NA,"rockfish","rosethorn",150,150,152,NA,NA,NA,NA,NA
"828","2012_6748_3_SL.avi",35283,36.071,NA,NA,NA,7,4.335,NA,1788.269,20.829,NA,NA,-592.294,-267.515,-1665.992,1,"Jenny Stahl",0,NA,2012,6748,3,NA,NA,NA,NA,NA,"rockfish","rosethorn",150,150,153,NA,NA,NA,NA,NA
"829","2012_6748_3_SL.avi",40272,38.8454,NA,NA,NA,3,7.063,NA,1272.557,13.095,NA,NA,284.796,18.094,-1240.147,1,"Jenny Stahl",0,NA,2012,6748,3,NA,NA,NA,NA,NA,"rockfish",NA,NA,NA,154,NA,NA,NA,NA,NA
"830","2012_6748_3_SL.avi",40264,38.8409,NA,NA,NA,41,11.748,NA,5013.623,5.904,NA,NA,-293.105,-532.256,-4976.667,1,"Jenny Stahl",0,NA,2012,6748,3,NA,NA,NA,NA,NA,"rockfish","rosethorn",150,150,155,NA,NA,NA,NA,NA
"831","2012_6748_3_SL.avi",44377,41.1282,NA,NA,NA,10,4.907,NA,2221.012,16.976,NA,NA,-570.213,-354.814,-2117.04,1,"Jenny Stahl",0,NA,2012,6748,3,NA,NA,NA,NA,NA,"rockfish","yelloweye",145,145,156,"AD","Fish seeking cover",NA,"no length-under rock",NA
"832","2012_6748_3_SL.avi",45908,41.9796,NA,NA,NA,13,0.745,NA,2653.797,12.167,NA,NA,-384.929,349.508,-2602.367,1,"Jenny Stahl",0,NA,2012,6748,3,NA,NA,NA,NA,NA,"rockfish","rosethorn",150,150,157,NA,NA,NA,NA,NA
"833","2012_6748_3_SL.avi",46550,42.3367,NA,NA,NA,29,13.973,NA,4042.923,15.734,NA,NA,-338.319,958.215,-3913.13,1,"Jenny Stahl",0,NA,2012,6748,3,NA,NA,NA,NA,NA,"rockfish","rosethorn",150,150,158,NA,NA,NA,NA,NA
"834","2012_6748_3_SL.avi",53041,45.9464,NA,NA,556.003,25,8.855,2.068,3003.767,7.222,26.505,2.897,326.982,124.218,-2983.332,1,"Jenny Stahl",0,NA,2012,6748,3,NA,NA,NA,NA,NA,"rockfish","yelloweye",145,145,159,"AD","Fish actively swimming within frame",NA,NA,NA
"835","2012_6748_3_SL.avi",52903,45.8696,NA,NA,NA,50,3.123,NA,5285.01,16.764,NA,NA,632.981,1276.736,-5089.264,1,"Jenny Stahl",0,NA,2012,6748,3,NA,NA,NA,NA,NA,"rockfish","yelloweye",145,145,159,"AD","Fish actively swimming within frame",NA,NA,NA
"836","2012_6748_3_SL.avi",55546,47.3394,NA,NA,NA,21,4.205,NA,3286.851,17.159,NA,NA,812.489,461.165,-3151.282,1,"Jenny Stahl",0,NA,2012,6748,3,NA,NA,NA,NA,NA,"rockfish","rosethorn",150,150,160,NA,NA,NA,NA,NA
"837","2012_6748_3_SL.avi",58715,49.1017,NA,NA,NA,9,3.382,NA,1974.107,24.598,NA,NA,-707.082,-457.41,-1785.472,1,"Jenny Stahl",0,NA,2012,6748,3,NA,NA,NA,NA,NA,"rockfish","rosethorn",150,150,161,NA,NA,NA,NA,NA
"838","2012_6748_3_SL.avi",63201,51.5964,NA,NA,NA,25,2.398,NA,3492.406,21.878,NA,NA,1286.658,125.109,-3244.343,1,"Jenny Stahl",0,NA,2012,6748,3,NA,NA,NA,NA,NA,"rockfish","rosethorn",150,150,162,NA,NA,NA,NA,NA
"839","2012_6748_3_SL.avi",65716,52.9951,NA,NA,NA,76,25.709,NA,5414.855,30.319,NA,NA,-2226.346,1484.325,-4707.527,1,"Jenny Stahl",0,NA,2012,6748,3,NA,NA,NA,NA,NA,"rockfish","rosethorn",150,150,163,NA,NA,NA,NA,NA
"840","2012_6749_1_SL.avi",3366,1.8719,NA,NA,NA,29,2.511,NA,3741.112,20.681,NA,NA,-1185.328,507.606,-3511.873,1,"Kristen Green",0,NA,2012,6749,1,NA,NA,NA,NA,NA,"rockfish","rosethorn",150,150,1,NA,NA,NA,NA,NA
"841","2012_6749_1_SL.avi",3766,2.0943,NA,NA,NA,4,0.171,NA,1477.851,12.75,NA,NA,-296.418,-167.253,-1438.126,1,"Kristen Green",0,NA,2012,6749,1,NA,NA,NA,NA,NA,"rockfish","rosethorn",150,150,2,NA,NA,NA,NA,NA
"842","2012_6749_1_SL.avi",8031,4.4661,NA,NA,NA,21,3.135,NA,3525.323,12.49,NA,NA,-149.794,672.772,-3457.289,1,"Kristen Green",0,NA,2012,6749,1,NA,NA,NA,NA,NA,"rockfish","rosethorn",150,150,3,NA,NA,NA,NA,NA
"843","2012_6749_1_SL.avi",8972,4.9894,NA,NA,NA,49,0.098,NA,5510.332,11.801,NA,NA,-77.691,1007.148,-5416.953,1,"Kristen Green",0,NA,2012,6749,1,NA,NA,NA,NA,NA,"rockfish","rosethorn",150,150,4,NA,NA,NA,NA,NA
"844","2012_6749_1_SL.avi",10265,5.7085,NA,NA,NA,56,9.931,NA,5068.28,24.347,NA,NA,-1601.106,1242.106,-4645.546,1,"Kristen Green",0,NA,2012,6749,1,NA,NA,NA,NA,NA,"rockfish","rosethorn",150,150,5,NA,NA,NA,NA,NA
"845","2012_6749_1_SL.avi",10767,5.9876,NA,NA,NA,27,9.104,NA,4048.003,12.698,NA,NA,153.351,790.695,-3967.066,1,"Kristen Green",0,NA,2012,6749,1,NA,NA,NA,NA,NA,"rockfish","rosethorn",150,150,6,NA,NA,NA,NA,NA
"846","2012_6749_1_SL.avi",14200,7.8968,NA,NA,NA,24,8.039,NA,3931.373,2.98,NA,NA,-172.38,24.649,-3927.515,1,"Kristen Green",0,NA,2012,6749,1,NA,NA,NA,NA,NA,"rockfish","rosethorn",150,150,7,NA,NA,NA,NA,NA
"847","2012_6749_1_SL.avi",14822,8.2427,NA,NA,NA,14,6.987,NA,2687.195,21.244,NA,NA,-227.435,892.269,-2524.509,1,"Kristen Green",0,NA,2012,6749,1,NA,NA,NA,NA,NA,"rockfish","rosethorn",150,150,8,NA,NA,NA,NA,NA
"848","2012_6749_1_SL.avi",14925,8.2999,NA,NA,NA,38,3.198,NA,4452.94,19.057,NA,NA,1384.987,351.013,-4217.496,1,"Kristen Green",0,NA,2012,6749,1,NA,NA,NA,NA,NA,"rockfish","rosethorn",150,150,9,NA,NA,NA,NA,NA
"849","2012_6749_1_SL.avi",14933,8.3044,NA,NA,NA,35,1.941,NA,4277.928,19.078,NA,NA,1346.528,289.165,-4050.175,1,"Kristen Green",0,NA,2012,6749,1,NA,NA,NA,NA,NA,"rockfish","rosethorn",150,150,10,NA,NA,NA,NA,NA
"850","2012_6749_1_SL.avi",16741,9.3098,NA,NA,NA,14,7.89,NA,2750.445,16.804,NA,NA,-475.859,579.858,-2646.181,1,"Kristen Green",0,NA,2012,6749,1,NA,NA,NA,NA,NA,"rockfish","rosethorn",150,150,11,NA,NA,NA,NA,NA
"851","2012_6749_1_SL.avi",17806,9.9021,NA,NA,NA,44,6.52,NA,4716.88,19.567,NA,NA,-1358.439,709.801,-4460.917,1,"Kristen Green",0,NA,2012,6749,1,NA,NA,NA,NA,NA,"rockfish","rosethorn",150,150,12,NA,NA,NA,NA,NA
"852","2012_6749_1_SL.avi",20536,11.4203,NA,NA,NA,26,6.593,NA,3642.886,18.478,NA,NA,882.237,669.717,-3470.412,1,"Kristen Green",0,NA,2012,6749,1,NA,NA,NA,NA,NA,"rockfish","rosethorn",150,150,13,NA,NA,NA,NA,NA
"853","2012_6749_1_SL.avi",22746,12.6493,NA,NA,NA,21,2.298,NA,3485.612,11.961,NA,NA,-186.765,623.748,-3424.259,1,"Kristen Green",0,NA,2012,6749,1,NA,NA,NA,NA,NA,"rockfish","rosethorn",150,150,14,NA,NA,NA,NA,NA
"854","2012_6749_1_SL.avi",23431,13.0302,NA,NA,NA,28,3.323,NA,3809.761,17.626,NA,NA,1081.704,322.124,-3638.74,1,"Kristen Green",0,NA,2012,6749,1,NA,NA,NA,NA,NA,"rockfish","rosethorn",150,150,15,NA,NA,NA,NA,NA
"855","2012_6749_1_SL.avi",24692,13.7315,NA,NA,NA,35,0.077,NA,4404.346,18.755,NA,NA,351.851,1280.99,-4199.23,1,"Kristen Green",0,NA,2012,6749,1,NA,NA,NA,NA,NA,"rockfish","rosethorn",150,150,16,NA,NA,NA,NA,NA
"856","2012_6749_1_SL.avi",30772,17.1126,NA,NA,NA,11,1.693,NA,2374.118,17.325,NA,NA,488.731,-559.877,-2254.799,1,"Kristen Green",0,NA,2012,6749,1,NA,NA,NA,NA,NA,"rockfish","rosethorn",150,150,17,NA,NA,NA,NA,NA
"857","2012_6749_1_SL.avi",31484,17.5086,NA,NA,NA,28,9.7,NA,3826.857,16.792,NA,NA,-820.401,661.552,-3678.876,1,"Kristen Green",0,NA,2012,6749,1,NA,NA,NA,NA,NA,"rockfish","rosethorn",150,150,18,NA,NA,NA,NA,NA
"858","2012_6749_1_SL.avi",33525,18.6436,NA,NA,NA,4,0.879,NA,1386.716,21.064,NA,NA,456.98,-226.943,-1289.437,1,"Kristen Green",0,NA,2012,6749,1,NA,NA,NA,NA,NA,"rockfish","rosethorn",150,150,19,NA,NA,NA,NA,NA
"859","2012_6749_1_SL.avi",36595,20.3508,NA,NA,NA,51,3.873,NA,5361.096,21.13,NA,NA,-268.91,1805.018,-5040.927,1,"Kristen Green",0,NA,2012,6749,1,NA,NA,NA,NA,NA,"rockfish","rosethorn",150,150,20,NA,NA,NA,NA,NA
"860","2012_6749_1_SL.avi",39137,21.7645,NA,NA,NA,38,7.052,NA,4756.591,13.828,NA,NA,70.927,1034.322,-4642.231,1,"Kristen Green",0,NA,2012,6749,1,NA,NA,NA,NA,NA,"rockfish","rosethorn",150,150,21,NA,NA,NA,NA,NA
"861","2012_6749_1_SL.avi",44115,24.5328,NA,NA,NA,30,0.416,NA,3736.524,23.159,NA,NA,-1449.968,164.556,-3439.786,1,"Kristen Green",0,NA,2012,6749,1,NA,NA,NA,NA,NA,"rockfish","rosethorn",150,150,22,NA,NA,NA,NA,NA
"862","2012_6749_1_SL.avi",48287,26.8529,NA,NA,NA,35,8.034,NA,4182.949,20.067,NA,NA,1218.807,672.591,-3944.515,1,"Kristen Green",0,NA,2012,6749,1,NA,NA,NA,NA,NA,"rockfish","rosethorn",150,150,23,NA,NA,NA,NA,NA
"863","2012_6749_1_SL.avi",51461,28.618,NA,NA,NA,23,9.032,NA,3192.008,24.291,NA,NA,-1234.531,384.275,-2918.421,1,"Kristen Green",0,NA,2012,6749,1,NA,NA,NA,NA,NA,"rockfish","rosethorn",150,150,24,NA,NA,NA,NA,NA
"864","2012_6749_1_SL.avi",52405,29.1429,NA,NA,NA,2,2.923,NA,775.658,10.763,NA,NA,140.08,-53.35,-761.037,1,"Kristen Green",0,NA,2012,6749,1,NA,NA,NA,NA,NA,"rockfish","canary",146,146,25,NA,NA,NA,NA,NA
"865","2012_6749_1_SL.avi",52478,29.1835,NA,NA,NA,18,8.135,NA,2791.701,23.929,NA,NA,-984.634,-614.347,-2539.029,1,"Kristen Green",0,NA,2012,6749,1,NA,NA,NA,NA,NA,"rockfish","rosethorn",150,150,26,NA,NA,NA,NA,NA
"866","2012_6749_1_SL.avi",52928,29.4338,NA,NA,NA,13,2.628,NA,2457.093,23.95,NA,NA,-826.155,510.104,-2257.115,1,"Kristen Green",0,NA,2012,6749,1,NA,NA,NA,NA,NA,"rockfish","canary",146,146,27,NA,NA,NA,NA,NA
"867","2012_6749_1_SL.avi",53179,29.5734,NA,NA,NA,24,2.362,NA,3655.398,21.586,NA,NA,201.657,1255.634,-3427.047,1,"Kristen Green",0,NA,2012,6749,1,NA,NA,NA,NA,NA,"rockfish","canary",146,146,28,NA,NA,NA,NA,NA
"868","2012_6749_2_SL.avi",2734,1.5204,NA,NA,NA,7,3.785,NA,1930.109,9.31,NA,NA,-2.396,-353.44,-1897.47,1,"Kristen Green",0,NA,2012,6749,2,NA,NA,NA,NA,NA,"rockfish","rosethorn",150,150,1,NA,NA,NA,NA,NA
"869","2012_6749_2_SL.avi",4549,2.5297,NA,NA,NA,10,2.955,NA,2424.839,7.881,NA,NA,332.21,-38.755,-2401.662,1,"Kristen Green",0,NA,2012,6749,2,NA,NA,NA,NA,NA,"rockfish","rosethorn",150,150,2,NA,NA,NA,NA,NA
"870","2012_6749_2_SL.avi",4775,2.6554,NA,NA,NA,101,2.204,NA,7473.217,19.596,NA,NA,764.736,2233.788,-7090.441,1,"Kristen Green",0,NA,2012,6749,2,NA,NA,NA,NA,NA,"rockfish","yelloweye",145,145,3,"AD","Fish milling",NA,NA,NA
"871","2012_6749_2_SL.avi",4971,2.7644,NA,NA,649.045,72,7.053,9.93,5409.616,23.925,9.553,12.702,1981.087,835.114,-4964.053,1,"Kristen Green",0,NA,2012,6749,2,NA,NA,NA,NA,NA,"rockfish","yelloweye",145,145,3,"AD","Fish milling",NA,NA,NA
"872","2012_6749_2_SL.avi",8681,4.8276,NA,NA,NA,7,0.746,NA,1758.38,24.5,NA,NA,-481.205,-582.406,-1587.811,1,"Kristen Green",0,NA,2012,6749,2,NA,NA,NA,NA,NA,"rockfish","rosethorn",150,150,4,NA,NA,NA,NA,NA
"873","2012_6749_2_SL.avi",9275,5.1579,NA,NA,NA,19,0.073,NA,2855.595,23.987,NA,NA,-1059.605,-530.608,-2598.099,1,"Kristen Green",0,NA,2012,6749,2,NA,NA,NA,NA,NA,"rockfish","rosethorn",150,150,5,NA,NA,NA,NA,NA
"874","2012_6749_2_SL.avi",9943,5.5294,NA,NA,NA,52,6.639,NA,4768.181,27.05,NA,NA,-1571.358,1401.864,-4277.985,1,"Kristen Green",0,NA,2012,6749,2,NA,NA,NA,NA,NA,"rockfish",NA,NA,NA,6,NA,NA,NA,NA,NA
"875","2012_6749_2_SL.avi",11304,6.2863,NA,NA,NA,48,5.544,NA,4443.186,27.138,NA,NA,-1886.815,653.975,-3969.149,1,"Kristen Green",0,NA,2012,6749,2,NA,NA,NA,NA,NA,"rockfish","rosethorn",150,150,7,NA,NA,NA,NA,NA
"876","2012_6749_2_SL.avi",14072,7.8256,NA,NA,NA,19,5.096,NA,3047.452,19.237,NA,NA,-857.422,459.973,-2887.944,1,"Kristen Green",0,NA,2012,6749,2,NA,NA,NA,NA,NA,"rockfish","rosethorn",150,150,8,NA,NA,NA,NA,NA
"877","2012_6749_2_SL.avi",15244,8.4773,NA,NA,NA,11,0.057,NA,2645.019,0.925,NA,NA,40.202,-42.929,-2644.365,1,"Kristen Green",0,NA,2012,6749,2,NA,NA,NA,NA,NA,"rockfish","rosethorn",150,150,9,NA,NA,NA,NA,NA
"878","2012_6749_2_SL.avi",16815,9.351,NA,NA,NA,26,5.132,NA,3594.591,20.16,NA,NA,-1224.752,113.025,-3377.616,1,"Kristen Green",0,NA,2012,6749,2,NA,NA,NA,NA,NA,"rockfish","silvergray",157,157,10,NA,NA,NA,NA,NA
"879","2012_6749_2_SL.avi",17642,9.8109,NA,NA,NA,4,4.156,NA,1274.386,18.896,NA,NA,411.395,6.751,-1206.138,1,"Kristen Green",0,NA,2012,6749,2,NA,NA,NA,NA,NA,"rockfish",NA,NA,NA,11,NA,NA,NA,NA,NA
"880","2012_6749_2_SL.avi",17864,9.9343,NA,NA,NA,9,2.853,NA,2240.046,8.818,NA,NA,-50.896,291.566,-2220.407,1,"Kristen Green",0,NA,2012,6749,2,NA,NA,NA,NA,NA,"rockfish","dusky",172,172,12,NA,NA,NA,NA,NA
"881","2012_6749_2_SL.avi",20141,11.2006,NA,NA,NA,7,0.264,NA,1984.811,10.478,NA,NA,-358.61,-1.294,-1952.146,1,"Kristen Green",0,NA,2012,6749,2,NA,NA,NA,NA,NA,"rockfish","dusky",172,172,13,NA,NA,NA,NA,NA
"882","2012_6749_2_SL.avi",20141,11.2006,NA,NA,NA,17,3.768,NA,3097.47,15.766,NA,NA,196.582,753.553,-2997.971,1,"Kristen Green",0,NA,2012,6749,2,NA,NA,NA,NA,NA,"rockfish","dusky",172,172,14,NA,NA,NA,NA,NA
"883","2012_6749_2_SL.avi",20982,11.6683,NA,NA,NA,14,3.967,NA,2648.152,18.056,NA,NA,608.252,-605.52,-2505.211,1,"Kristen Green",0,NA,2012,6749,2,NA,NA,NA,NA,NA,"rockfish","rosethorn",150,150,15,NA,NA,NA,NA,NA
"884","2012_6749_2_SL.avi",22268,12.3835,NA,NA,NA,69,4.51,NA,6390.337,14.304,NA,NA,532.468,1351.773,-6222.989,1,"Kristen Green",0,NA,2012,6749,2,NA,NA,NA,NA,NA,"rockfish","yelloweye",145,145,16,"AD","Fish milling",NA,NA,NA
"885","2012_6749_2_SL.avi",22475,12.4986,NA,NA,506.736,49,4.731,1.217,3792.423,4.798,36.388,5.047,-9.896,235.07,-3785.118,1,"Kristen Green",0,NA,2012,6749,2,NA,NA,NA,NA,NA,"rockfish","yelloweye",145,145,16,"AD","Fish milling",NA,NA,NA
"886","2012_6749_2_SL.avi",25927,14.4183,NA,NA,NA,13,0.334,NA,2646.831,11.41,NA,NA,-523.596,-55.067,-2593.941,1,"Kristen Green",0,NA,2012,6749,2,NA,NA,NA,NA,NA,"rockfish","rosethorn",150,150,17,NA,NA,NA,NA,NA
"887","2012_6749_2_SL.avi",26169,14.5528,NA,NA,NA,20,4.493,NA,3190.108,22.921,NA,NA,-651.802,993.777,-2960.464,1,"Kristen Green",0,NA,2012,6749,2,NA,NA,NA,NA,NA,"rockfish","silvergray",157,157,18,NA,NA,NA,NA,NA
"888","2012_6749_2_SL.avi",26589,14.7864,NA,NA,NA,9,3.728,NA,2189.607,13.517,NA,NA,-387.785,-380.015,-2121.224,1,"Kristen Green",0,NA,2012,6749,2,NA,NA,NA,NA,NA,"rockfish","rosethorn",150,150,19,NA,NA,NA,NA,NA
"889","2012_6749_2_SL.avi",27012,15.0216,NA,NA,NA,5,0.581,NA,1569.635,9.668,NA,NA,-257.757,-88.691,-1545.785,1,"Kristen Green",0,NA,2012,6749,2,NA,NA,NA,NA,NA,"rockfish","silvergray",157,157,20,NA,NA,NA,NA,NA
"890","2012_6749_2_SL.avi",27221,15.1379,NA,NA,NA,5,0.689,NA,1594.043,13.224,NA,NA,-364.292,-17.214,-1551.763,1,"Kristen Green",0,NA,2012,6749,2,NA,NA,NA,NA,NA,"rockfish","silvergray",157,157,21,NA,NA,NA,NA,NA
"891","2012_6749_2_SL.avi",29578,16.4486,NA,NA,NA,24,4.373,NA,3371.678,22.319,NA,NA,-1145.743,503.886,-3130.748,1,"Kristen Green",0,NA,2012,6749,2,NA,NA,NA,NA,NA,"rockfish","rosethorn",150,150,22,NA,NA,NA,NA,NA
"892","2012_6749_2_SL.avi",29646,16.4864,NA,NA,NA,69,14.076,NA,5212.951,29.512,NA,NA,-2098.223,1381.85,-4567.583,1,"Kristen Green",0,NA,2012,6749,2,NA,NA,NA,NA,NA,"rockfish","yelloweye",145,145,23,"AD","Fish milling",NA,"the RMS is high for this fish",NA
"893","2012_6749_2_SL.avi",29696,16.5142,NA,NA,1159.111,101,2.009,8.085,4503.121,27.889,37.658,12.028,-1913.706,793.69,-3998.236,1,"Kristen Green",0,NA,2012,6749,2,NA,NA,NA,NA,NA,"rockfish","yelloweye",145,145,23,"AD","Fish milling",NA,NA,NA
"894","2012_6749_2_SL.avi",36725,20.4231,NA,NA,NA,23,2.586,NA,3377.838,19.571,NA,NA,-1034.762,388.627,-3191.869,1,"Kristen Green",0,NA,2012,6749,2,NA,NA,NA,NA,NA,"rockfish","rosethorn",150,150,24,NA,NA,NA,NA,NA
"895","2012_6749_2_SL.avi",38963,21.6677,NA,NA,NA,8,1.928,NA,2097.991,8.038,NA,NA,196.67,-262.635,-2072.175,1,"Kristen Green",0,NA,2012,6749,2,NA,NA,NA,NA,NA,"halibut","halibut",200,200,25,NA,NA,NA,NA,NA
"896","2012_6749_2_SL.avi",38964,21.6683,NA,NA,507.249,13,2.751,1.003,2017.681,8.454,34.335,17.696,31.917,-338.086,-1988.898,1,"Kristen Green",0,NA,2012,6749,2,NA,NA,NA,NA,NA,"halibut","halibut",200,200,25,NA,NA,NA,NA,NA
"897","2012_6749_2_SL.avi",40350,22.439,NA,NA,NA,18,3.158,NA,3234.868,10.117,NA,NA,461.319,262.721,-3191.009,1,"Kristen Green",0,NA,2012,6749,2,NA,NA,NA,NA,NA,"rockfish","rosethorn",150,150,26,NA,NA,NA,NA,NA
"898","2012_6749_2_SL.avi",46554,25.8891,NA,NA,NA,20,0.751,NA,2895.694,25.858,NA,NA,-999.578,-828.228,-2588.422,1,"Kristen Green",0,NA,2012,6749,2,NA,NA,NA,NA,NA,"rockfish","rosethorn",150,150,27,NA,NA,NA,NA,NA
"899","2012_6749_2_SL.avi",48468,26.9535,NA,NA,NA,13,8.188,NA,2458.479,20.123,NA,NA,836.835,-172.878,-2305.198,1,"Kristen Green",0,NA,2012,6749,2,NA,NA,NA,NA,NA,"rockfish","rosethorn",150,150,28,NA,NA,NA,NA,NA
"900","2012_6749_2_SL.avi",49216,27.3695,NA,NA,NA,59,6.54,NA,5599.256,22.799,NA,NA,714.801,1936.24,-5204.969,1,"Kristen Green",0,NA,2012,6749,2,NA,NA,NA,NA,NA,"rockfish","yelloweye",145,145,29,"AD","Fish milling",NA,NA,NA
"901","2012_6749_2_SL.avi",49318,27.4262,NA,NA,390.442,42,10.864,5.328,3768.667,20.234,27.319,19.053,1099.452,623.239,-3550.441,1,"Kristen Green",0,NA,2012,6749,2,NA,NA,NA,NA,NA,"rockfish","yelloweye",145,145,29,"AD","Fish milling",NA,NA,NA
"902","2012_6749_2_SL.avi",50430,28.0446,NA,NA,NA,18,4.943,NA,2895.07,22.7,NA,NA,-1082.744,217.525,-2676.15,1,"Kristen Green",0,NA,2012,6749,2,NA,NA,NA,NA,NA,"rockfish","rosethorn",150,150,30,NA,NA,NA,NA,NA
"903","2012_6749_2_SL.avi",52775,29.3487,NA,NA,NA,17,6.878,NA,2753.954,23.672,NA,NA,-1071.542,-327.398,-2515.725,1,"Kristen Green",0,NA,2012,6749,2,NA,NA,NA,NA,NA,"rockfish","rosethorn",150,150,31,NA,NA,NA,NA,NA
"904","2012_6749_2_SL.avi",53039,29.4955,NA,NA,NA,66,2.826,NA,5911.011,22.881,NA,NA,769.198,2047.26,-5491.549,1,"Kristen Green",0,NA,2012,6749,2,NA,NA,NA,NA,NA,"rockfish","yelloweye",145,145,32,"AD","Fish resting on bottom",NA,"no length, hiding in crack",NA
"905","2012_6749_2_SL.avi",54956,30.5616,NA,NA,NA,32,2.74,NA,3919.144,21.659,NA,NA,-1422.127,185.285,-3647.317,1,"Kristen Green",0,NA,2012,6749,2,NA,NA,NA,NA,NA,"rockfish","rosethorn",150,150,33,NA,NA,NA,NA,NA
"906","2012_6749_2_SL.avi",55232,30.7151,NA,NA,NA,60,8.643,NA,5231.64,27.991,NA,NA,1688.934,1681.729,-4657.183,1,"Kristen Green",0,NA,2012,6749,2,NA,NA,NA,NA,NA,"rockfish","canary",146,146,34,NA,NA,NA,NA,NA
"907","2012_6749_2_SL.avi",56042,31.1655,NA,NA,NA,3,8.332,NA,1256.37,8.201,NA,NA,-166.424,39.529,-1244.671,1,"Kristen Green",0,NA,2012,6749,2,NA,NA,NA,NA,NA,"rockfish","dusky",172,172,35,NA,NA,NA,NA,NA
"908","2012_6753_1_SL.avi",218,0.1212,NA,NA,544.539,32,3.855,3.293,2724.845,15.159,89.726,45.145,709.532,8.266,-2630.832,1,"Kristen Green",0,NA,2012,6753,1,NA,NA,NA,NA,NA,"rockfish","yelloweye",145,145,1,"AD","Fish resting on bottom",NA,"on bottom then goes under rock",NA
"909","2012_6753_1_SL.avi",217,0.1207,NA,NA,NA,16,5.373,NA,2921.622,14.847,NA,NA,701.059,201.316,-2829.11,1,"Kristen Green",0,NA,2012,6753,1,NA,NA,NA,NA,NA,"rockfish","yelloweye",145,145,1,"AD","Fish resting on bottom",NA,"on bottom then goes under rock",NA
"910","2012_6753_1_SL.avi",1044,0.5806,NA,NA,NA,10,3.502,NA,2167.125,22.499,NA,NA,-672.944,-527.89,-1991.207,1,"Kristen Green",0,NA,2012,6753,1,NA,NA,NA,NA,NA,"rockfish","rosethorn",150,150,2,NA,NA,NA,NA,NA
"911","2012_6753_1_SL.avi",3766,2.0943,NA,NA,NA,12,5.502,NA,2699.968,3.865,NA,NA,-163.342,21.825,-2694.934,1,"Kristen Green",0,NA,2012,6753,1,NA,NA,NA,NA,NA,"rockfish","rosethorn",150,150,3,NA,NA,NA,NA,NA
"912","2012_6753_1_SL.avi",3712,2.0643,NA,NA,NA,73,10.868,NA,6405.718,18.686,NA,NA,599.834,1830.742,-6109.157,1,"Kristen Green",0,NA,2012,6753,1,NA,NA,NA,NA,NA,"rockfish","yelloweye",145,145,4,"AD","Fish milling",NA,NA,NA
"913","2012_6753_1_SL.avi",3973,2.2094,NA,NA,571.169,33,5.295,0.981,2907.867,19.959,74.283,48.183,827.531,-607.191,-2720.699,1,"Kristen Green",0,NA,2012,6753,1,NA,NA,NA,NA,NA,"rockfish","yelloweye",145,145,4,"AD","Fish milling",NA,NA,NA
"914","2012_6753_1_SL.avi",6555,3.6453,NA,NA,NA,16,0.377,NA,2695.536,23.492,NA,NA,-1058.58,-237.845,-2467.54,1,"Kristen Green",0,NA,2012,6753,1,NA,NA,NA,NA,NA,"rockfish","rosethorn",150,150,5,NA,NA,NA,NA,NA
"915","2012_6753_1_SL.avi",7953,4.4227,NA,NA,NA,10,5.213,NA,2263.849,11.835,NA,NA,-437.747,-202.745,-2211.851,1,"Kristen Green",0,NA,2012,6753,1,NA,NA,NA,NA,NA,"flatfish","Dover sole",124,124,6,NA,NA,NA,NA,NA
"916","2012_6753_1_SL.avi",13934,7.7488,NA,NA,NA,44,7.028,NA,5014.379,21.446,NA,NA,65.313,1730.627,-4705.812,1,"Kristen Green",0,NA,2012,6753,1,NA,NA,NA,NA,NA,"rockfish","yelloweye",145,145,14,"JV","Fish resting on bottom",NA,NA,NA
"917","2012_6753_1_SL.avi",14141,7.864,NA,NA,279.835,12,5.581,7.564,2441.885,9.553,19.753,24.039,306.819,212.525,-2413.192,1,"Kristen Green",0,NA,2012,6753,1,NA,NA,NA,NA,NA,"rockfish","yelloweye",145,145,14,"JV","Fish resting on bottom",NA,NA,NA
"918","2012_6753_1_SL.avi",19603,10.9014,NA,NA,NA,12,5.091,NA,2618.512,9.882,NA,NA,415.198,115.991,-2582.782,1,"Kristen Green",0,NA,2012,6753,1,NA,NA,NA,NA,NA,"rockfish","rosethorn",150,150,15,NA,NA,NA,NA,NA
"919","2012_6753_1_SL.avi",20127,11.1928,NA,NA,NA,19,4.867,NA,3005.945,22.185,NA,NA,-1091.001,252.757,-2789.54,1,"Kristen Green",0,NA,2012,6753,1,NA,NA,NA,NA,NA,"rockfish","rosethorn",150,150,16,NA,NA,NA,NA,NA
"920","2012_6753_1_SL.avi",29352,16.3229,NA,NA,NA,28,8.085,NA,3875.973,21.406,NA,NA,-440.056,1265.951,-3636.879,1,"Kristen Green",0,NA,2012,6753,1,NA,NA,NA,NA,NA,"rockfish","yelloweye",145,145,18,"AD","Fish milling",NA,NA,NA
"921","2012_6753_1_SL.avi",29609,16.4659,NA,NA,577.513,7,0.856,3.037,1636.916,8.144,22.271,28.111,-160.98,-201.98,-1616.411,1,"Kristen Green",0,NA,2012,6753,1,NA,NA,NA,NA,NA,"rockfish","yelloweye",145,145,18,"AD","Fish milling",NA,NA,NA
"922","2012_6753_1_SL.avi",29478,16.393,NA,NA,530.163,10,7.17,8.88,2236.029,12.794,12.121,19.737,482.251,-159.622,-2177.563,1,"Kristen Green",0,NA,2012,6753,1,NA,NA,NA,NA,NA,"halibut","halibut",200,200,19,NA,NA,NA,NA,NA
"923","2012_6753_1_SL.avi",29450,16.3774,NA,NA,NA,12,9.641,NA,2557.512,13.005,NA,NA,553.09,105.179,-2494.774,1,"Kristen Green",0,NA,2012,6753,1,NA,NA,NA,NA,NA,"halibut","halibut",200,200,19,NA,NA,NA,NA,NA
"924","2012_6753_1_SL.avi",33775,18.7826,NA,NA,411.957,15,11.381,7.153,2256.884,8.583,35.827,35.884,164.209,-342.362,-2224.713,1,"Kristen Green",0,NA,2012,6753,1,NA,NA,NA,NA,NA,"halibut","halibut",200,200,20,NA,NA,NA,NA,NA
"925","2012_6753_1_SL.avi",33775,18.7826,NA,NA,NA,10,3.078,NA,2394.638,8.324,NA,NA,301.94,-221.654,-2365.162,1,"Kristen Green",0,NA,2012,6753,1,NA,NA,NA,NA,NA,"halibut","halibut",200,200,20,NA,NA,NA,NA,NA
"926","2012_6753_1_SL.avi",39352,21.884,NA,NA,NA,24,8.099,NA,3416.385,21.118,NA,NA,-1183.533,269.065,-3193.516,1,"Kristen Green",0,NA,2012,6753,1,NA,NA,NA,NA,NA,"rockfish","rosethorn",150,150,22,NA,NA,NA,NA,NA
"927","2012_6753_1_SL.avi",45609,25.3636,NA,NA,NA,20,0.682,NA,3002.88,22.93,NA,NA,1031.416,-612.054,-2752.973,1,"Kristen Green",0,NA,2012,6753,1,NA,NA,NA,NA,NA,"rockfish","rosethorn",150,150,23,NA,NA,NA,NA,NA
"928","2012_6753_1_SL.avi",46359,25.7807,NA,NA,322.264,27,1.91,1.031,2728.77,22.344,38.196,33.229,-1026.85,-201.99,-2520.113,1,"Kristen Green",0,NA,2012,6753,1,NA,NA,NA,NA,NA,"halibut","halibut",200,200,24,NA,NA,NA,NA,NA
"929","2012_6753_1_SL.avi",46359,25.7807,NA,NA,NA,18,3.796,NA,2774.082,25.255,NA,NA,-1156.776,-304.701,-2502.91,1,"Kristen Green",0,NA,2012,6753,1,NA,NA,NA,NA,NA,"halibut","halibut",200,200,24,NA,NA,NA,NA,NA
"930","2012_6753_1_SL.avi",46750,25.9981,NA,NA,NA,16,2.19,NA,2766.253,20.231,NA,NA,-940.836,-229.155,-2591.23,1,"Kristen Green",0,NA,2012,6753,1,NA,NA,NA,NA,NA,"rockfish","rosethorn",150,150,25,NA,NA,NA,NA,NA
"931","2012_6753_1_SL.avi",50300,27.9723,NA,NA,NA,23,2.037,NA,3880.055,4.353,NA,NA,9.082,210.461,-3874.332,1,"Kristen Green",0,NA,2012,6753,1,NA,NA,NA,NA,NA,"rockfish","rosethorn",150,150,26,NA,NA,NA,NA,NA
"932","2012_6753_1_SL.avi",51108,28.4217,NA,NA,NA,22,1.906,NA,3681.581,9.745,NA,NA,251.466,491.404,-3639.962,1,"Kristen Green",0,NA,2012,6753,1,NA,NA,NA,NA,NA,"rockfish","rosethorn",150,150,27,NA,NA,NA,NA,NA
"933","2012_6753_1_SL.avi",52522,29.208,NA,NA,NA,10,1.717,NA,2279.094,11.434,NA,NA,258.193,-419.06,-2225.308,1,"Kristen Green",0,NA,2012,6753,1,NA,NA,NA,NA,NA,"rockfish","rosethorn",150,150,28,NA,NA,NA,NA,NA
"934","2012_6753_1_SL.avi",52572,29.2358,NA,NA,NA,4,1.612,NA,1338.134,23.741,NA,NA,-498.569,-230.625,-1220.182,1,"Kristen Green",0,NA,2012,6753,1,NA,NA,NA,NA,NA,"rockfish","rosethorn",150,150,29,NA,NA,NA,NA,NA
"935","2012_6753_1_SL.avi",57907,32.2027,NA,NA,NA,34,3.071,NA,4003.951,20.574,NA,NA,-1348.893,-481.432,-3739.029,1,"Kristen Green",0,NA,2012,6753,1,NA,NA,NA,NA,NA,"rockfish","rosethorn",150,150,30,NA,NA,NA,NA,NA
"936","2012_6753_1_SL.avi",58700,32.6437,NA,NA,NA,9,1.516,NA,2309.219,3.039,NA,NA,-121.227,-67.109,-2305.058,1,"Kristen Green",0,NA,2012,6753,1,NA,NA,NA,NA,NA,"rockfish","rosethorn",150,150,31,NA,NA,NA,NA,NA
"937","2012_6753_1_SL.avi",59334,32.9962,NA,NA,NA,78,8.92,NA,6566.267,20.473,NA,NA,-546.488,2096.862,-6198.418,1,"Kristen Green",0,NA,2012,6753,1,NA,NA,NA,NA,NA,"rockfish","yelloweye",145,145,32,"AD","Fish milling",NA,NA,NA
"938","2012_6753_1_SL.avi",59484,33.0796,NA,NA,590.957,29,7.486,7.793,3688.22,13.027,25.089,39.042,-495.847,589.31,-3606.912,1,"Kristen Green",0,NA,2012,6753,1,NA,NA,NA,NA,NA,"rockfish","yelloweye",145,145,32,"AD","Fish milling",NA,NA,NA
"939","2012_6753_1_SL.avi",59709,33.2048,NA,NA,NA,17,4.489,NA,3129.985,9.488,NA,NA,-512.748,-124.328,-3085.197,1,"Kristen Green",0,NA,2012,6753,1,NA,NA,NA,NA,NA,"rockfish","rosethorn",150,150,33,NA,NA,NA,NA,NA
"940","2012_6753_1_SL.avi",60658,33.7325,NA,NA,NA,12,2.654,NA,2282.11,24.216,NA,NA,845.761,-446.166,-2072.113,1,"Kristen Green",0,NA,2012,6753,1,NA,NA,NA,NA,NA,"rockfish","rosethorn",150,150,34,NA,NA,NA,NA,NA
"941","2012_6753_1_SL.avi",63766,35.4609,NA,NA,NA,9,8.364,NA,2349.066,2.177,NA,NA,53.546,20.523,-2348.366,1,"Kristen Green",0,NA,2012,6753,1,NA,NA,NA,NA,NA,"rockfish","rosethorn",150,150,35,NA,NA,NA,NA,NA
"942","2012_6753_1_SL.avi",65838,36.6132,NA,NA,NA,12,7.25,NA,2328.941,21.98,NA,NA,-844.362,-263.212,-2154.47,1,"Kristen Green",0,NA,2012,6753,1,NA,NA,NA,NA,NA,"rockfish","rosethorn",150,150,36,NA,NA,NA,NA,NA
"943","2012_6753_1_SL.avi",67319,37.4368,NA,NA,NA,7,1.12,NA,1725.407,26.112,NA,NA,-623.294,-467.263,-1539.545,1,"Kristen Green",0,NA,2012,6753,1,NA,NA,NA,NA,NA,"rockfish","rosethorn",150,150,37,NA,NA,NA,NA,NA
"944","2012_6753_2_SL.avi",6175,3.434,NA,NA,NA,11,1.645,NA,2351.943,16.191,NA,NA,-650.459,34.8,-2259.94,1,"Kristen Green",0,NA,2012,6753,2,NA,NA,NA,NA,NA,"rockfish","rosethorn",150,150,1,NA,NA,NA,NA,NA
"945","2012_6753_2_SL.avi",6697,3.7243,NA,NA,NA,78,3.64,NA,6147.688,25.015,NA,NA,-1441.016,2042.44,-5616.581,1,"Kristen Green",0,NA,2012,6753,2,NA,NA,NA,NA,NA,"rockfish","yelloweye",145,145,2,"AD","Fish resting on bottom",NA,NA,NA
"946","2012_6753_2_SL.avi",6804,3.7838,NA,NA,557.902,68,2.217,1.756,4443.525,18.936,40.957,28.771,-833.892,1085.072,-4227.548,1,"Kristen Green",0,NA,2012,6753,2,NA,NA,NA,NA,NA,"rockfish","yelloweye",145,145,2,"AD","Fish resting on bottom",NA,NA,NA
"947","2012_6753_2_SL.avi",10252,5.7012,NA,NA,NA,12,6.752,NA,2662.733,10.419,NA,NA,-427.445,164.934,-2623.02,1,"Kristen Green",0,NA,2012,6753,2,NA,NA,NA,NA,NA,"rockfish","rosethorn",150,150,3,NA,NA,NA,NA,NA
"948","2012_6753_2_SL.avi",14417,8.0174,NA,NA,NA,20,1.429,NA,3239.21,18.754,NA,NA,-572.114,803.549,-3085.365,1,"Kristen Green",0,NA,2012,6753,2,NA,NA,NA,NA,NA,"rockfish","rosethorn",150,150,4,NA,NA,NA,NA,NA
"949","2012_6753_2_SL.avi",17035,9.4733,NA,NA,NA,13,0.503,NA,2863.113,3.703,NA,NA,115.596,82.362,-2859.593,1,"Kristen Green",0,NA,2012,6753,2,NA,NA,NA,NA,NA,"rockfish","rosethorn",150,150,5,NA,NA,NA,NA,NA
"950","2012_6753_2_SL.avi",20764,11.5471,NA,NA,NA,13,0.918,NA,2786.274,10.39,NA,NA,-343.204,307.569,-2747.896,1,"Kristen Green",0,NA,2012,6753,2,NA,NA,NA,NA,NA,"rockfish","rosethorn",150,150,6,NA,NA,NA,NA,NA
"951","2012_6753_2_SL.avi",22085,12.2817,NA,NA,NA,14,3.817,NA,2910.021,5.439,NA,NA,-137.751,176.14,-2901.417,1,"Kristen Green",0,NA,2012,6753,2,NA,NA,NA,NA,NA,"rockfish","rosethorn",150,150,7,NA,NA,NA,NA,NA
"952","2012_6753_2_SL.avi",23730,13.1965,NA,NA,NA,12,7.246,NA,2593.642,8.84,NA,NA,-363.966,106.842,-2565.754,1,"Kristen Green",0,NA,2012,6753,2,NA,NA,NA,NA,NA,"rockfish","rosethorn",150,150,11,NA,NA,NA,NA,NA
"953","2012_6753_2_SL.avi",24647,13.7064,NA,NA,NA,32,0.56,NA,4082.291,19.67,NA,NA,-742.967,1072.347,-3868.225,1,"Kristen Green",0,NA,2012,6753,2,NA,NA,NA,NA,NA,"rockfish","rosethorn",150,150,12,NA,NA,NA,NA,NA
"954","2012_6753_2_SL.avi",25030,13.9194,NA,NA,NA,50,6.73,NA,4817.264,25.234,NA,NA,1887.965,713.517,-4374.073,1,"Kristen Green",0,NA,2012,6753,2,NA,NA,NA,NA,NA,"rockfish","yelloweye",145,145,13,"AD","Fish milling",NA,"can't get length, bad visibility",NA
"955","2012_6753_2_SL.avi",25371,14.1091,NA,NA,NA,13,6.617,NA,2492.254,20.759,NA,NA,822.68,-372.11,-2322.942,1,"Kristen Green",0,NA,2012,6753,2,NA,NA,NA,NA,NA,"rockfish","rosethorn",150,150,14,NA,NA,NA,NA,NA
"956","2012_6753_2_SL.avi",27656,15.3798,NA,NA,NA,41,9.391,NA,4502.528,20.218,NA,NA,-1552.665,-194.192,-4221.881,1,"Kristen Green",0,NA,2012,6753,2,NA,NA,NA,NA,NA,"rockfish","rosethorn",150,150,15,NA,NA,NA,NA,NA
"957","2012_6753_2_SL.avi",27826,15.4743,NA,NA,NA,21,12.094,NA,2954.926,26.661,NA,NA,-1233.46,-543.472,-2629.601,1,"Kristen Green",0,NA,2012,6753,2,NA,NA,NA,NA,NA,"rockfish","rosethorn",150,150,16,NA,NA,NA,NA,NA
"958","2012_6753_2_SL.avi",28471,15.833,NA,NA,NA,14,5.537,NA,2667.813,17.288,NA,NA,-729.541,-365.435,-2539.971,1,"Kristen Green",0,NA,2012,6753,2,NA,NA,NA,NA,NA,"rockfish","rosethorn",150,150,17,NA,NA,NA,NA,NA
"959","2012_6753_2_SL.avi",28472,15.8336,NA,NA,NA,14,0.345,NA,2792.913,10.647,NA,NA,-501.754,-179.958,-2741.573,1,"Kristen Green",0,NA,2012,6753,2,NA,NA,NA,NA,NA,"rockfish","rosethorn",150,150,18,NA,NA,NA,NA,NA
"960","2012_6753_2_SL.avi",29661,16.4948,NA,NA,NA,14,1.877,NA,2843.626,10.143,NA,NA,37.133,438.634,-2809.347,1,"Kristen Green",0,NA,2012,6753,2,NA,NA,NA,NA,NA,"rockfish","rosethorn",150,150,19,NA,NA,NA,NA,NA
"961","2012_6753_2_SL.avi",31858,17.7166,NA,NA,NA,17,4.683,NA,2883.055,19.323,NA,NA,-953.753,-38.929,-2720.45,1,"Kristen Green",0,NA,2012,6753,2,NA,NA,NA,NA,NA,"rockfish","rosethorn",150,150,20,NA,NA,NA,NA,NA
"962","2012_6753_2_SL.avi",32304,17.9646,NA,NA,NA,41,9.17,NA,4342.187,24.169,NA,NA,-1423.378,979.13,-3983.703,1,"Kristen Green",0,NA,2012,6753,2,NA,NA,NA,NA,NA,"rockfish","rosethorn",150,150,21,NA,NA,NA,NA,NA
"963","2012_6753_2_SL.avi",37803,21.0226,NA,NA,NA,30,3.621,NA,4151.971,16.229,NA,NA,115.585,1067.947,-4010.61,1,"Kristen Green",0,NA,2012,6753,2,NA,NA,NA,NA,NA,"rockfish","rosethorn",150,150,22,NA,NA,NA,NA,NA
"964","2012_6753_2_SL.avi",46985,26.1288,NA,NA,NA,11,6.962,NA,2432.76,12.778,NA,NA,264.616,-519.821,-2361.797,1,"Kristen Green",0,NA,2012,6753,2,NA,NA,NA,NA,NA,"rockfish","rosethorn",150,150,23,NA,NA,NA,NA,NA
"965","2012_6753_2_SL.avi",49972,27.7899,NA,NA,NA,34,3.933,NA,3987.965,23.601,NA,NA,1453.996,580.273,-3667.84,1,"Kristen Green",0,NA,2012,6753,2,NA,NA,NA,NA,NA,"rockfish","rosethorn",150,150,24,NA,NA,NA,NA,NA
"966","2012_6753_2_SL.avi",54423,30.2652,NA,NA,NA,62,1.232,NA,5811.514,18.223,NA,NA,-817.212,1503.27,-5553.921,1,"Kristen Green",0,NA,2012,6753,2,NA,NA,NA,NA,NA,"rockfish","rosethorn",150,150,25,NA,NA,NA,NA,NA
"967","2012_6753_2_SL.avi",61174,34.0195,NA,NA,NA,19,1.883,NA,2883.219,25.309,NA,NA,-1230.156,-133.328,-2604.206,1,"Kristen Green",0,NA,2012,6753,2,NA,NA,NA,NA,NA,"rockfish","rosethorn",150,150,26,NA,NA,NA,NA,NA
"968","2012_6753_2_SL.avi",62717,34.8776,NA,NA,564.546,67,8.047,8.077,4277.915,27.754,66.757,50.062,1532.985,1189.892,-3812.437,1,"Kristen Green",0,NA,2012,6753,2,NA,NA,NA,NA,NA,"rockfish","yelloweye",145,145,27,"AD","Fish resting on bottom",NA,NA,NA
"969","2012_6753_2_SL.avi",62702,34.8692,NA,NA,NA,47,6.113,NA,4636.359,28.283,NA,NA,1439.659,1570.449,-4117.875,1,"Kristen Green",0,NA,2012,6753,2,NA,NA,NA,NA,NA,"rockfish","yelloweye",145,145,27,"AD","Fish resting on bottom",NA,NA,NA
"970","2012_6753_2_SL.avi",24976,13.8894,NA,NA,NA,69,2.238,NA,5791.544,23.153,NA,NA,1815.199,1259.3,-5353.615,1,"Kristen Green",0,NA,2012,6753,2,NA,NA,NA,NA,NA,"rockfish","yelloweye",145,145,28,"AD","Fish resting on bottom",NA,"can't get length, bad visibility",NA
"971","2012_6754_1_SL.avi",9489,5.2769,NA,NA,NA,26,8.167,NA,3732.827,16.972,NA,NA,-592.657,836.803,-3589.222,1,"Kristen Green",0,NA,2012,6754,1,NA,NA,NA,NA,NA,"rockfish","rosethorn",150,150,1,NA,NA,NA,NA,NA
"972","2012_6754_1_SL.avi",10937,6.0822,NA,NA,NA,42,10.464,NA,4861.338,18.421,NA,NA,312.153,1403.852,-4643.745,1,"Kristen Green",0,NA,2012,6754,1,NA,NA,NA,NA,NA,"rockfish","rosethorn",150,150,2,NA,NA,NA,NA,NA
"973","2012_6754_1_SL.avi",12127,6.7439,NA,NA,NA,50,10.472,NA,5133.374,20.59,NA,NA,942.916,1434.985,-4837.692,1,"Kristen Green",0,NA,2012,6754,1,NA,NA,NA,NA,NA,"rockfish","rosethorn",150,150,3,NA,NA,NA,NA,NA
"974","2012_6754_1_SL.avi",12466,6.9325,NA,NA,274.908,14,3.177,2.114,2628.183,5.718,19.757,21.444,-219.484,86.102,-2617.586,1,"Kristen Green",0,NA,2012,6754,1,NA,NA,NA,NA,NA,"rockfish","yelloweye",145,145,4,"JV","Fish milling",NA,NA,NA
"975","2012_6754_1_SL.avi",12271,6.824,NA,NA,NA,23,6.323,NA,3355.71,21.637,NA,NA,1150.698,387.169,-3128.384,1,"Kristen Green",0,NA,2012,6754,1,NA,NA,NA,NA,NA,"rockfish","yelloweye",145,145,4,"JV","Fish milling",NA,NA,NA
"976","2012_6754_1_SL.avi",13719,7.6293,NA,NA,284.708,25,6.813,5.974,2503.977,24.857,45.623,32.811,-917.441,-565.022,-2260.299,1,"Kristen Green",0,NA,2012,6754,1,NA,NA,NA,NA,NA,"rockfish","yelloweye",145,145,5,"JV","Fish resting on bottom",NA,NA,NA
"977","2012_6754_1_SL.avi",13589,7.557,NA,NA,NA,28,3.878,NA,3919.267,15.39,NA,NA,-783.752,601.79,-3792.656,1,"Kristen Green",0,NA,2012,6754,1,NA,NA,NA,NA,NA,"rockfish","yelloweye",145,145,5,"JV","Fish resting on bottom",NA,NA,NA
"978","2012_6754_1_SL.avi",15348,8.5352,NA,NA,NA,40,1.9,NA,4994.151,11.552,NA,NA,26.92,893.521,-4913.496,1,"Kristen Green",0,NA,2012,6754,1,NA,NA,NA,NA,NA,"rockfish","rosethorn",150,150,6,NA,NA,NA,NA,NA
"979","2012_6754_1_SL.avi",15149,8.4245,NA,NA,NA,29,4.414,NA,4248.247,9.827,NA,NA,256.911,587.162,-4199.624,1,"Kristen Green",0,NA,2012,6754,1,NA,NA,NA,NA,NA,"rockfish","quillback",147,147,7,NA,NA,NA,NA,NA
"980","2012_6754_1_SL.avi",15666,8.712,NA,NA,311.825,17,4.424,6.134,2662.161,21.713,6.714,5.777,-938.444,245.21,-2479.172,1,"Kristen Green",0,NA,2012,6754,1,NA,NA,NA,NA,NA,"rockfish","yelloweye",145,145,8,"SU","Fish milling",NA,NA,NA
"981","2012_6754_1_SL.avi",15491,8.6147,NA,NA,NA,43,4.405,NA,4858.352,20.733,NA,NA,-449.388,1561.292,-4578.646,1,"Kristen Green",0,NA,2012,6754,1,NA,NA,NA,NA,NA,"rockfish","yelloweye",145,145,8,"SU","Fish milling",NA,NA,NA
"982","2012_6754_1_SL.avi",17594,9.7842,NA,NA,NA,56,21.327,NA,5316.11,20.583,NA,NA,1377.33,1155.208,-5002.948,1,"Jenny Stahl",0,NA,2012,6754,1,NA,NA,NA,NA,NA,"ratfish","ratfish",714,714,10,NA,NA,NA,NA,NA
"983","2012_6754_1_SL.avi",18131,10.0828,NA,NA,NA,50,6.395,NA,5018.024,20.544,NA,NA,1593.061,648.46,-4714.045,1,"Jenny Stahl",0,NA,2012,6754,1,NA,NA,NA,NA,NA,"ratfish","ratfish",714,714,11,NA,NA,NA,NA,NA
"984","2012_6754_1_SL.avi",18571,10.3275,NA,NA,NA,57,20.559,NA,5037.536,24.751,NA,NA,-1952.364,698.602,-4590.969,1,"Jenny Stahl",0,NA,2012,6754,1,NA,NA,NA,NA,NA,"ratfish","ratfish",714,714,13,NA,NA,NA,NA,NA
"985","2012_6754_1_SL.avi",18571,10.3275,NA,NA,NA,116,12.603,NA,7032.03,26.72,NA,NA,-2600.821,1661.568,-6318.574,1,"Jenny Stahl",0,NA,2012,6754,1,NA,NA,NA,NA,NA,"ratfish","ratfish",714,714,14,NA,NA,NA,NA,NA
"986","2012_6754_1_SL.avi",18774,10.4404,NA,NA,NA,21,9.598,NA,3681.835,1.427,NA,NA,-56.797,-7.756,-3681.388,1,"Jenny Stahl",0,NA,2012,6754,1,NA,NA,NA,NA,NA,"ratfish","ratfish",714,714,15,NA,NA,NA,NA,NA
"987","2012_6754_1_SL.avi",19000,10.5661,NA,NA,NA,26,19.905,NA,3643.28,18.819,NA,NA,1172.423,-156.089,-3445.947,1,"Jenny Stahl",0,NA,2012,6754,1,NA,NA,NA,NA,NA,"ratfish","ratfish",714,714,16,NA,NA,NA,NA,NA
"988","2012_6754_1_SL.avi",19545,10.8692,NA,NA,NA,59,1.418,NA,5549.975,17.623,NA,NA,-1447.522,738.392,-5306.758,1,"Jenny Stahl",0,NA,2012,6754,1,NA,NA,NA,NA,NA,"ratfish","ratfish",714,714,19,NA,NA,NA,NA,NA
"989","2012_6754_1_SL.avi",19545,10.8692,NA,NA,NA,44,11.185,NA,4992.544,13.932,NA,NA,-874.37,719.7,-4862.408,1,"Jenny Stahl",0,NA,2012,6754,1,NA,NA,NA,NA,NA,"ratfish","ratfish",714,714,20,NA,NA,NA,NA,NA
"990","2012_6754_1_SL.avi",19588,10.8931,NA,NA,NA,43,7.756,NA,4353.26,26.758,NA,NA,-1433.388,1252.109,-3915.162,1,"Jenny Stahl",0,NA,2012,6754,1,NA,NA,NA,NA,NA,"ratfish","ratfish",714,714,22,NA,NA,NA,NA,NA
"991","2012_6754_1_SL.avi",19880,11.0555,NA,NA,NA,26,12.514,NA,3844.048,10.889,NA,NA,-724.828,-38.253,-3774.9,1,"Jenny Stahl",0,NA,2012,6754,1,NA,NA,NA,NA,NA,"ratfish","ratfish",714,714,24,NA,NA,NA,NA,NA
"992","2012_6754_1_SL.avi",20059,11.155,NA,NA,NA,72,6.463,NA,5274.159,28.994,NA,NA,-2309.174,996.737,-4635.837,1,"Jenny Stahl",0,NA,2012,6754,1,NA,NA,NA,NA,NA,"rockfish","silvergray",157,157,25,NA,NA,NA,NA,NA
"993","2012_6754_1_SL.avi",20197,11.2318,NA,NA,NA,50,9.597,NA,4870.714,25.209,NA,NA,-1267.71,1546.22,-4441.393,1,"Jenny Stahl",0,NA,2012,6754,1,NA,NA,NA,NA,NA,"rockfish","silvergray",157,157,26,NA,NA,NA,NA,NA
"994","2012_6754_1_SL.avi",20219,11.244,NA,NA,NA,62,12.582,NA,5456.287,21.85,NA,NA,-1824.596,781.459,-5082.444,1,"Jenny Stahl",0,NA,2012,6754,1,NA,NA,NA,NA,NA,"ratfish","ratfish",714,714,27,NA,NA,NA,NA,NA
"995","2012_6754_1_SL.avi",20636,11.4759,NA,NA,NA,53,49.548,NA,4210.429,33.517,NA,NA,-1910.137,1249.054,-3538.213,1,"Jenny Stahl",0,NA,2012,6754,1,NA,NA,NA,NA,NA,"rockfish",NA,NA,NA,29,NA,NA,NA,"probably silvergray",NA
"996","2012_6754_1_SL.avi",20769,11.5498,NA,NA,NA,28,11.244,NA,3704.412,20.02,NA,NA,-1254.339,111.323,-3483.807,1,"Jenny Stahl",0,NA,2012,6754,1,NA,NA,NA,NA,NA,"ratfish","ratfish",714,714,30,NA,NA,NA,NA,NA
"997","2012_6754_1_SL.avi",20889,11.6166,NA,NA,NA,222,42.992,NA,9229.157,28.662,NA,NA,-3923.472,1873.963,-8140.76,1,"Jenny Stahl",0,NA,2012,6754,1,NA,NA,NA,NA,NA,"ratfish","ratfish",714,714,31,NA,NA,NA,NA,NA
"998","2012_6754_1_SL.avi",20889,11.6166,NA,NA,NA,11,8.044,NA,2292.306,23.387,NA,NA,722.723,507.099,-2115.464,1,"Jenny Stahl",0,NA,2012,6754,1,NA,NA,NA,NA,NA,"rockfish","silvergray",157,157,32,NA,NA,NA,NA,NA
"999","2012_6754_1_SL.avi",20971,11.6622,NA,NA,NA,23,7.511,NA,3582.767,12.904,NA,NA,-776.722,116.229,-3495.628,1,"Jenny Stahl",0,NA,2012,6754,1,NA,NA,NA,NA,NA,"ratfish","ratfish",714,714,33,NA,NA,NA,NA,NA
"1000","2012_6754_1_SL.avi",20971,11.6622,NA,NA,NA,27,4.445,NA,4082.948,8.484,NA,NA,156.344,494.053,-4049.929,1,"Jenny Stahl",0,NA,2012,6754,1,NA,NA,NA,NA,NA,"ratfish","ratfish",714,714,34,NA,NA,NA,NA,NA
"1001","2012_6754_1_SL.avi",21036,11.6983,NA,NA,NA,20,8.046,NA,3347.906,11.588,NA,NA,643.301,124.936,-3283.143,1,"Jenny Stahl",0,NA,2012,6754,1,NA,NA,NA,NA,NA,"ratfish","ratfish",714,714,35,NA,NA,NA,NA,NA
"1002","2012_6754_1_SL.avi",21036,11.6983,NA,NA,NA,29,7.887,NA,3982.65,15.459,NA,NA,809.354,603.627,-3852.542,1,"Jenny Stahl",0,NA,2012,6754,1,NA,NA,NA,NA,NA,"ratfish","ratfish",714,714,36,NA,NA,NA,NA,NA
"1003","2012_6754_1_SL.avi",21226,11.804,NA,NA,NA,82,0.625,NA,6946.679,18.805,NA,NA,21.415,2096.1,-6622.858,1,"Jenny Stahl",0,NA,2012,6754,1,NA,NA,NA,NA,NA,"ratfish","ratfish",714,714,37,NA,NA,NA,NA,NA
"1004","2012_6754_1_SL.avi",22974,12.7761,NA,NA,NA,80,11.53,NA,6852.557,17.384,NA,NA,-304.863,1882.332,-6581.901,1,"Jenny Stahl",0,NA,2012,6754,1,NA,NA,NA,NA,NA,"ratfish","ratfish",714,714,38,NA,NA,NA,NA,NA
"1005","2012_6754_1_SL.avi",31267,17.3879,NA,NA,NA,46,7.669,NA,4926.438,18.956,NA,NA,1026.744,1126.27,-4684.774,1,"Jenny Stahl",0,NA,2012,6754,1,NA,NA,NA,NA,NA,"ratfish","ratfish",714,714,43,NA,NA,NA,NA,NA
"1006","2012_6754_1_SL.avi",17243,9.589,NA,NA,NA,66,6.638,NA,5906.849,18.145,NA,NA,-1124.152,1334.08,-5643.348,1,"Kristen Green",0,NA,2012,6754,1,NA,NA,NA,NA,NA,"rockfish","rosethorn",150,150,150,NA,NA,NA,NA,NA
"1007","2012_6754_1_SL.avi",18298,10.1757,NA,NA,NA,27,9.265,NA,4015.136,12.493,NA,NA,-63.618,781.046,-3937.923,1,"Kristen Green",0,NA,2012,6754,1,NA,NA,NA,NA,NA,"rockfish","tiger",148,148,151,NA,NA,NA,NA,NA
"1008","2012_6754_1_SL.avi",19423,10.8013,NA,NA,NA,54,2.307,NA,5480.544,16.864,NA,NA,-774.345,1274.603,-5273.722,1,"Kristen Green",0,NA,2012,6754,1,NA,NA,NA,NA,NA,"rockfish","rosethorn",150,150,152,NA,NA,NA,NA,NA
"1009","2012_6754_1_SL.avi",19661,10.9337,NA,NA,NA,51,5.587,NA,5187.011,17.25,NA,NA,-1113.499,953.59,-4975.527,1,"Kristen Green",0,NA,2012,6754,1,NA,NA,NA,NA,NA,"rockfish","tiger",148,148,153,NA,NA,NA,NA,NA
"1010","2012_6754_1_SL.avi",19990,11.1166,NA,NA,NA,12,4.783,NA,2696.98,6.516,NA,NA,-10.815,-363.857,-2672.301,1,"Kristen Green",0,NA,2012,6754,1,NA,NA,NA,NA,NA,"rockfish","rosethorn",150,150,154,NA,NA,NA,NA,NA
"1011","2012_6754_1_SL.avi",20433,11.363,NA,NA,NA,62,7.443,NA,5337.329,24.471,NA,NA,-1787.08,1196.176,-4884.935,1,"Kristen Green",0,NA,2012,6754,1,NA,NA,NA,NA,NA,"rockfish","yelloweye",145,145,155,"AD","Fish resting on bottom",NA,"no length measurement due to bad RMS",NA
"1012","2012_6754_1_SL.avi",24822,13.8038,NA,NA,NA,56,0.976,NA,5686.244,18.059,NA,NA,-287.981,1621.454,-5442.547,1,"Kristen Green",0,NA,2012,6754,1,NA,NA,NA,NA,NA,"rockfish","rosethorn",150,150,156,NA,NA,NA,NA,NA
"1013","2012_6754_1_SL.avi",25160,13.9917,NA,NA,NA,63,7.352,NA,6122.666,14.827,NA,NA,248.674,1418.363,-5950.92,1,"Kristen Green",0,NA,2012,6754,1,NA,NA,NA,NA,NA,"rockfish","yelloweye",145,145,157,"AD","Fish resting on bottom",NA,NA,NA
"1014","2012_6754_1_SL.avi",25385,14.1169,NA,NA,447.114,10,5.884,5.024,2543.2,14.403,10.182,19.671,356.556,-575.805,-2451.364,1,"Kristen Green",0,NA,2012,6754,1,NA,NA,NA,NA,NA,"rockfish","yelloweye",145,145,157,"AD","Fish resting on bottom",NA,NA,NA
"1015","2012_6754_1_SL.avi",28554,15.8792,NA,NA,NA,36,10.382,NA,4199.27,21.558,NA,NA,1144.428,950.035,-3927.032,1,"Kristen Green",0,NA,2012,6754,1,NA,NA,NA,NA,NA,"rockfish","rosethorn",150,150,158,NA,NA,NA,NA,NA
"1016","2012_6754_1_SL.avi",30141,16.7617,NA,NA,NA,23,2.232,NA,3738.927,9.698,NA,NA,-484.18,322.824,-3693.363,1,"Kristen Green",0,NA,2012,6754,1,NA,NA,NA,NA,NA,"rockfish","rosethorn",150,150,159,NA,NA,NA,NA,NA
"1017","2012_6754_1_SL.avi",32636,18.1492,NA,NA,NA,34,3.813,NA,4590.106,9.083,NA,NA,-152.778,609.984,-4546.829,1,"Kristen Green",0,NA,2012,6754,1,NA,NA,NA,NA,NA,"rockfish","rosethorn",150,150,160,NA,NA,NA,NA,NA
"1018","2012_6754_1_SL.avi",34061,18.9417,NA,NA,NA,28,1.39,NA,4063.879,13.591,NA,NA,263.013,832.197,-3969.053,1,"Kristen Green",0,NA,2012,6754,1,NA,NA,NA,NA,NA,"rockfish","rosethorn",150,150,161,NA,NA,NA,NA,NA
"1019","2012_6754_1_SL.avi",34212,19.0256,NA,NA,NA,49,5.252,NA,4842.604,23.933,NA,NA,-1288.569,1386.538,-4457.344,1,"Kristen Green",0,NA,2012,6754,1,NA,NA,NA,NA,NA,"rockfish","rosethorn",150,150,162,NA,NA,NA,NA,NA
"1020","2012_6754_1_SL.avi",36223,20.144,NA,NA,NA,24,4.324,NA,3704.21,11.713,NA,NA,146.564,-816.007,-3610.239,1,"Kristen Green",0,NA,2012,6754,1,NA,NA,NA,NA,NA,"rockfish","rosethorn",150,150,163,NA,NA,NA,NA,NA
"1021","2012_6754_1_SL.avi",36948,20.5472,NA,NA,NA,46,8.361,NA,4475.323,25.81,NA,NA,-1922.828,228.053,-4034.754,1,"Kristen Green",0,NA,2012,6754,1,NA,NA,NA,NA,NA,"rockfish","rosethorn",150,150,164,NA,NA,NA,NA,NA
"1022","2012_6754_1_SL.avi",38036,21.1522,NA,NA,NA,41,2.472,NA,4641.019,17.418,NA,NA,-1207.139,591.497,-4442.073,1,"Kristen Green",0,NA,2012,6754,1,NA,NA,NA,NA,NA,"rockfish","rosethorn",150,150,165,NA,NA,NA,NA,NA
"1023","2012_6754_1_SL.avi",39496,21.9641,NA,NA,NA,60,5.906,NA,5857.934,19.746,NA,NA,124.836,1855.256,-5554.983,1,"Kristen Green",0,NA,2012,6754,1,NA,NA,NA,NA,NA,"rockfish","tiger",148,148,166,NA,NA,NA,NA,NA
"1024","2012_6755_1_SL.avi",2101,17.6181,NA,NA,NA,9,5.815,NA,2100.505,19.1,NA,NA,621.377,250.726,-1990.765,1,"Jenny Stahl",0,NA,2012,6755,1,NA,NA,NA,NA,NA,"rockfish","silvergray",157,157,1,NA,NA,NA,NA,NA
"1025","2012_6755_1_SL.avi",2953,18.0919,NA,NA,NA,19,3.471,NA,3349.563,8.132,NA,NA,-333.685,264.423,-3322.394,1,"Jenny Stahl",0,NA,2012,6755,1,NA,NA,NA,NA,NA,"rockfish","rosethorn",150,150,2,NA,NA,NA,NA,NA
"1026","2012_6755_1_SL.avi",4776,19.1057,NA,NA,NA,25,3.173,NA,3858.949,8.955,NA,NA,-435.871,330.647,-3819.97,1,"Jenny Stahl",0,NA,2012,6755,1,NA,NA,NA,NA,NA,"rockfish","rosethorn",150,150,3,NA,NA,NA,NA,NA
"1027","2012_6755_1_SL.avi",21539,28.4278,NA,NA,NA,23,0.028,NA,3419.905,19.182,NA,NA,-893.191,611.695,-3244.039,1,"Jenny Stahl",0,NA,2012,6755,1,NA,NA,NA,NA,NA,"rockfish","rosethorn",150,150,4,NA,NA,NA,NA,NA
"1028","2012_6755_1_SL.avi",23231,29.3687,NA,NA,NA,9,0.916,NA,1982.582,22.447,NA,NA,-656.909,336.387,-1840.094,1,"Jenny Stahl",0,NA,2012,6755,1,NA,NA,NA,NA,NA,"rockfish",NA,NA,NA,5,NA,NA,NA,"maybe yellowtail?",NA
"1029","2012_6755_1_SL.avi",25245,30.4887,NA,NA,NA,14,1.429,NA,2778.214,13.36,NA,NA,160.378,562.894,-2715.861,1,"Jenny Stahl",0,NA,2012,6755,1,NA,NA,NA,NA,NA,"rockfish",NA,NA,NA,6,NA,NA,NA,"yellowtail or canary?",NA
"1030","2012_6755_1_SL.avi",29105,32.6353,NA,NA,NA,8,0.979,NA,2122.129,6.709,NA,NA,56.189,-287.094,-2101.868,1,"Jenny Stahl",0,NA,2012,6755,1,NA,NA,NA,NA,NA,"rockfish","rosethorn",150,150,7,NA,NA,NA,NA,NA
"1031","2012_6755_1_SL.avi",29680,32.9551,NA,NA,NA,11,3.378,NA,2370.772,12.948,NA,NA,454.893,-324.363,-2304.001,1,"Jenny Stahl",0,NA,2012,6755,1,NA,NA,NA,NA,NA,"flatfish",NA,NA,NA,8,NA,NA,NA,NA,NA
"1032","2012_6755_1_SL.avi",42114,39.8698,NA,NA,NA,22,0.243,NA,3414.245,16.033,NA,NA,-850.38,336.366,-3289.496,1,"Jenny Stahl",0,NA,2012,6755,1,NA,NA,NA,NA,NA,"rockfish","rosethorn",150,150,9,NA,NA,NA,NA,NA
"1033","2012_6755_1_SL.avi",42194,39.9142,NA,NA,NA,70,2.507,NA,5985.998,20.738,NA,NA,-1221.73,1610.421,-5634.367,1,"Jenny Stahl",0,NA,2012,6755,1,NA,NA,NA,NA,NA,"rockfish","yelloweye",145,145,10,"AD","Fish milling",NA,NA,NA
"1034","2012_6755_1_SL.avi",42316,39.9821,NA,NA,649.026,39,8.338,3.345,3226.974,23.309,23.725,3.961,-1271.21,55.852,-2965.513,1,"Jenny Stahl",0,NA,2012,6755,1,NA,NA,NA,NA,NA,"rockfish","yelloweye",145,145,10,"AD","Fish milling",NA,NA,NA
"1035","2012_6755_1_SL.avi",42199,39.917,NA,NA,NA,59,1.206,NA,5466.296,21.868,NA,NA,-1167.669,1557.603,-5107.916,1,"Jenny Stahl",0,NA,2012,6755,1,NA,NA,NA,NA,NA,"rockfish","silvergray",157,157,11,NA,NA,NA,NA,NA
"1036","2012_6755_1_SL.avi",48832,43.6057,NA,NA,NA,6,1.44,NA,1755.13,13.427,NA,NA,303.509,-308.925,-1700.861,1,"Jenny Stahl",0,NA,2012,6755,1,NA,NA,NA,NA,NA,"flatfish",NA,NA,NA,12,NA,NA,NA,NA,NA
"1037","2012_6755_1_SL.avi",51135,44.8864,NA,NA,NA,8,3.467,NA,1965.456,18.044,NA,NA,-594.943,-169.524,-1865.562,1,"Jenny Stahl",0,NA,2012,6755,1,NA,NA,NA,NA,NA,"flatfish",NA,NA,NA,13,NA,NA,NA,NA,NA
"1038","2012_6755_1_SL.avi",51467,45.071,NA,NA,NA,6,2.556,NA,1753.054,17.922,NA,NA,425.132,-368.139,-1660.402,1,"Jenny Stahl",0,NA,2012,6755,1,NA,NA,NA,NA,NA,"cod",NA,NA,NA,14,NA,NA,NA,NA,NA
"1039","2012_6755_1_SL.avi",52261,45.5126,NA,NA,NA,12,2.393,NA,2383.256,21.641,NA,NA,842.23,203.258,-2220.19,1,"Jenny Stahl",0,NA,2012,6755,1,NA,NA,NA,NA,NA,"ratfish","ratfish",714,714,15,NA,NA,NA,NA,NA
"1040","2012_6755_1_SL.avi",52967,45.9052,NA,NA,NA,7,3.758,NA,1813.898,22.353,NA,NA,-655.58,-251.042,-1672.548,1,"Jenny Stahl",0,NA,2012,6755,1,NA,NA,NA,NA,NA,"flatfish",NA,NA,NA,16,NA,NA,NA,NA,NA
"1041","2012_6755_2_SL.avi",7511,20.6267,NA,NA,NA,20,2.847,NA,2968.529,24.734,NA,NA,-1240.766,-114.697,-2694.347,1,"Jenny Stahl",0,NA,2012,6755,2,NA,NA,NA,NA,NA,"rockfish","rosethorn",150,150,1,NA,NA,NA,NA,NA
"1042","2012_6755_2_SL.avi",8178,20.9976,NA,NA,NA,10,4.247,NA,2331.854,10.613,NA,NA,-271.973,-381.953,-2284.225,1,"Jenny Stahl",0,NA,2012,6755,2,NA,NA,NA,NA,NA,"rockfish","rosethorn",150,150,2,NA,NA,NA,NA,NA
"1043","2012_6755_2_SL.avi",10388,22.2266,NA,NA,NA,29,7.322,NA,3609.77,24.676,NA,NA,-1405.933,471.474,-3291.125,1,"Jenny Stahl",0,NA,2012,6755,2,NA,NA,NA,NA,NA,"rockfish","rosethorn",150,150,3,NA,NA,NA,NA,NA
"1044","2012_6755_2_SL.avi",10986,22.5592,NA,NA,NA,4,4.679,NA,1434.556,3.852,NA,NA,-6.515,-127.148,-1428.896,1,"Jenny Stahl",0,NA,2012,6755,2,NA,NA,NA,NA,NA,"rockfish",NA,NA,NA,4,NA,NA,NA,NA,NA
"1045","2012_6755_2_SL.avi",34035,35.3769,NA,NA,NA,45,10.372,NA,4369.066,26.346,NA,NA,-1837.421,534.315,-3927.738,1,"Jenny Stahl",0,NA,2012,6755,2,NA,NA,NA,NA,NA,"rockfish","rosethorn",150,150,5,NA,NA,NA,NA,NA
"1046","2012_6755_2_SL.avi",34628,35.7067,NA,NA,NA,16,2.741,NA,3166.523,2.948,NA,NA,162.398,-56.63,-3161.848,1,"Jenny Stahl",0,NA,2012,6755,2,NA,NA,NA,NA,NA,"rockfish","rosethorn",150,150,6,NA,NA,NA,NA,NA
"1047","2012_6755_2_SL.avi",34990,35.908,NA,NA,NA,20,9.058,NA,3177.442,17.499,NA,NA,-955.345,-52.347,-3029.969,1,"Jenny Stahl",0,NA,2012,6755,2,NA,NA,NA,NA,NA,"rockfish","rosethorn",150,150,7,NA,NA,NA,NA,NA
"1048","2012_6755_2_SL.avi",35778,36.3462,NA,NA,NA,20,5.407,NA,3570.189,3.023,NA,NA,174.838,-7.393,-3565.898,1,"Jenny Stahl",0,NA,2012,6755,2,NA,NA,NA,NA,NA,"rockfish","rosethorn",150,150,8,NA,NA,NA,NA,NA
"1049","2012_6755_2_SL.avi",38122,37.6498,NA,NA,NA,43,1.873,NA,4399.971,25.875,NA,NA,1724.92,757.608,-3976.233,1,"Jenny Stahl",0,NA,2012,6755,2,NA,NA,NA,NA,NA,"rockfish","quillback",147,147,9,NA,NA,NA,NA,NA
"1050","2012_6755_2_SL.avi",42528,40.1,NA,NA,NA,29,1.995,NA,4092.481,13.944,NA,NA,476.957,776.877,-3989.659,1,"Jenny Stahl",0,NA,2012,6755,2,NA,NA,NA,NA,NA,"rockfish","rosethorn",150,150,10,NA,NA,NA,NA,NA
"1051","2012_6755_2_SL.avi",43990,40.913,NA,NA,NA,14,7.442,NA,2856.246,5.366,NA,NA,-204.159,-233.783,-2839.332,1,"Jenny Stahl",0,NA,2012,6755,2,NA,NA,NA,NA,NA,"flatfish",NA,NA,NA,11,NA,NA,NA,NA,NA
"1052","2012_6755_2_SL.avi",47189,42.692,NA,NA,NA,102,0.209,NA,6545.056,24.877,NA,NA,-2687.113,-728.686,-5923.361,1,"Jenny Stahl",0,NA,2012,6755,2,NA,NA,NA,NA,NA,"rockfish",NA,NA,NA,12,NA,NA,NA,"canary?",NA
"1053","2012_6755_2_SL.avi",49297,43.8643,NA,NA,NA,51,7.559,NA,4604.842,25.445,NA,NA,-1878.022,-712.347,-4143.69,1,"Jenny Stahl",0,NA,2012,6755,2,NA,NA,NA,NA,NA,"rockfish","rosethorn",150,150,13,NA,NA,NA,NA,NA
"1054","2012_6755_2_SL.avi",56832,48.0546,NA,NA,NA,24,3.27,NA,3635.844,12.435,NA,NA,-447.884,-718.905,-3535.807,1,"Jenny Stahl",0,NA,2012,6755,2,NA,NA,NA,NA,NA,"rockfish","rosethorn",150,150,14,NA,NA,NA,NA,NA
"1055","2012_6755_2_SL.avi",57156,48.2348,NA,NA,NA,43,0.973,NA,4106.614,28.708,NA,NA,-1930.158,328.884,-3609.793,1,"Jenny Stahl",0,NA,2012,6755,2,NA,NA,NA,NA,NA,"rockfish","dusky",172,172,15,NA,NA,NA,NA,NA
"1056","2012_6756_1_SL.avi",1101,0.6123,NA,NA,NA,28,4.354,NA,3913.253,14.878,NA,NA,-585.647,734.314,-3798.861,1,"Kristen Green",0,NA,2012,6756,1,NA,NA,NA,NA,NA,"rockfish","rosethorn",150,150,1,NA,NA,NA,NA,NA
"1057","2012_6756_1_SL.avi",10334,5.7468,NA,NA,NA,12,5.462,NA,2543.456,10.766,NA,NA,404.931,-302.589,-2492.718,1,"Kristen Green",0,NA,2012,6756,1,NA,NA,NA,NA,NA,"rockfish","rosethorn",150,150,2,NA,NA,NA,NA,NA
"1058","2012_6756_1_SL.avi",11633,6.4692,NA,NA,NA,31,1.922,NA,4110.698,16.097,NA,NA,-729.88,789.566,-3967.581,1,"Kristen Green",0,NA,2012,6756,1,NA,NA,NA,NA,NA,"rockfish","rosethorn",150,150,3,NA,NA,NA,NA,NA
"1059","2012_6756_1_SL.avi",11620,6.462,NA,NA,NA,31,0.032,NA,3864.617,21.749,NA,NA,-1030.444,916.378,-3610.222,1,"Kristen Green",0,NA,2012,6756,1,NA,NA,NA,NA,NA,"rockfish","quillback",147,147,4,NA,NA,NA,NA,NA
"1060","2012_6756_1_SL.avi",12118,6.7389,NA,NA,NA,29,1.203,NA,3714.523,22.964,NA,NA,-1440.467,84.771,-3422.799,1,"Kristen Green",0,NA,2012,6756,1,NA,NA,NA,NA,NA,"rockfish","rosethorn",150,150,5,NA,NA,NA,NA,NA
"1061","2012_6756_1_SL.avi",12828,7.1338,NA,NA,NA,58,17.904,NA,4736.572,30.057,NA,NA,-1992.68,1198.207,-4126.577,1,"Kristen Green",0,NA,2012,6756,1,NA,NA,NA,NA,NA,"rockfish","quillback",147,147,6,NA,NA,NA,NA,NA
"1062","2012_6756_1_SL.avi",13961,7.7639,NA,NA,NA,52,10.804,NA,4744.775,30.123,NA,NA,1875.149,1378.308,-4134.848,1,"Kristen Green",0,NA,2012,6756,1,NA,NA,NA,NA,NA,"rockfish","quillback",147,147,7,NA,NA,NA,NA,NA
"1063","2012_6756_1_SL.avi",14217,7.9062,NA,NA,NA,24,6.714,NA,3653.928,13.009,NA,NA,596.582,488.928,-3571.586,1,"Kristen Green",0,NA,2012,6756,1,NA,NA,NA,NA,NA,"rockfish","rosethorn",150,150,8,NA,NA,NA,NA,NA
"1064","2012_6756_1_SL.avi",16003,8.8994,NA,NA,NA,41,4.727,NA,4301.833,25.628,NA,NA,-1359.395,1186.162,-3905.232,1,"Kristen Green",0,NA,2012,6756,1,NA,NA,NA,NA,NA,"rockfish","quillback",147,147,9,NA,NA,NA,NA,NA
"1065","2012_6756_1_SL.avi",17702,9.8443,NA,NA,NA,21,3.382,NA,3201.276,22.677,NA,NA,1233.889,-36.402,-2953.703,1,"Kristen Green",0,NA,2012,6756,1,NA,NA,NA,NA,NA,"rockfish","rosethorn",150,150,10,NA,NA,NA,NA,NA
"1066","2012_6756_1_SL.avi",48607,27.0308,NA,NA,NA,35,7.406,NA,4409.876,21.193,NA,NA,-348.593,1466.17,-4144.374,1,"Kristen Green",0,NA,2012,6756,1,NA,NA,NA,NA,NA,"greenling","lingcod",130,130,11,NA,NA,NA,NA,NA
"1067","2012_6756_1_SL.avi",48715,27.0909,NA,NA,699.002,22,4.895,8.365,3389.003,14.174,18.407,11.984,-57.363,756.472,-3302.999,1,"Kristen Green",0,NA,2012,6756,1,NA,NA,NA,NA,NA,"greenling","lingcod",130,130,11,NA,NA,NA,NA,NA
"1068","2012_6756_1_SL.avi",52560,29.2291,NA,NA,NA,42,1.239,NA,4730.315,19.179,NA,NA,-733.599,1272.799,-4496.41,1,"Kristen Green",0,NA,2012,6756,1,NA,NA,NA,NA,NA,"rockfish","rosethorn",150,150,12,NA,NA,NA,NA,NA
"1069","2012_6756_1_SL.avi",56097,31.1961,NA,NA,NA,35,6.753,NA,4801.385,4.658,NA,NA,-77.615,278.335,-4792.682,1,"Kristen Green",0,NA,2012,6756,1,NA,NA,NA,NA,NA,"rockfish","canary",146,146,13,NA,NA,NA,NA,NA
"1070","2012_6756_1_SL.avi",58669,32.6264,NA,NA,NA,28,3.793,NA,3765.813,20.24,NA,NA,825.159,931.338,-3554.304,1,"Kristen Green",0,NA,2012,6756,1,NA,NA,NA,NA,NA,"rockfish","rosethorn",150,150,14,NA,NA,NA,NA,NA
"1071","2012_6756_1_SL.avi",59029,32.8266,NA,NA,NA,27,5.28,NA,3806.698,21.876,NA,NA,-227.066,1323.203,-3562.096,1,"Kristen Green",0,NA,2012,6756,1,NA,NA,NA,NA,NA,"rockfish","rosethorn",150,150,15,NA,NA,NA,NA,NA
"1072","2012_6756_1_SL.avi",59514,33.0963,NA,NA,NA,26,5.973,NA,3320.007,28.665,NA,NA,-1133.511,1055.252,-2936.672,1,"Kristen Green",0,NA,2012,6756,1,NA,NA,NA,NA,NA,"rockfish","quillback",147,147,16,NA,NA,NA,NA,NA
"1073","2012_6756_2_SL.avi",3414,1.8986,NA,NA,NA,28,0.08,NA,3360.304,27.025,NA,NA,-1432.079,-594.359,-2981.196,1,"Kristen Green",0,NA,2012,6756,2,NA,NA,NA,NA,NA,"rockfish","rosethorn",150,150,1,NA,NA,NA,NA,NA
"1074","2012_6756_2_SL.avi",3709,2.0626,NA,NA,NA,29,2.235,NA,3704.497,24.854,NA,NA,-1063.309,1064.273,-3385.261,1,"Kristen Green",0,NA,2012,6756,2,NA,NA,NA,NA,NA,"rockfish","rosethorn",150,150,2,NA,NA,NA,NA,NA
"1075","2012_6756_2_SL.avi",4807,2.6732,NA,NA,NA,30,1.859,NA,3723.229,24.589,NA,NA,1241.018,853.822,-3404.893,1,"Kristen Green",0,NA,2012,6756,2,NA,NA,NA,NA,NA,"rockfish","rosethorn",150,150,3,NA,NA,NA,NA,NA
"1076","2012_6756_2_SL.avi",6365,3.5396,NA,NA,NA,10,4.058,NA,2218.302,20.367,NA,NA,-503.03,540.474,-2091.82,1,"Kristen Green",0,NA,2012,6756,2,NA,NA,NA,NA,NA,"rockfish","black",142,142,4,NA,NA,NA,NA,NA
"1077","2012_6756_2_SL.avi",7033,3.9111,NA,NA,NA,24,4.827,NA,3386.292,23.466,NA,NA,1046.125,783.347,-3123.934,1,"Kristen Green",0,NA,2012,6756,2,NA,NA,NA,NA,NA,"rockfish","quillback",147,147,5,NA,NA,NA,NA,NA
"1078","2012_6756_2_SL.avi",8902,4.9505,NA,NA,NA,16,3.6,NA,3136.967,9.982,NA,NA,23.359,476.185,-3100.526,1,"Kristen Green",0,NA,2012,6756,2,NA,NA,NA,NA,NA,"rockfish","rosethorn",150,150,6,NA,NA,NA,NA,NA
"1079","2012_6756_2_SL.avi",9773,5.4349,NA,NA,NA,31,4.515,NA,4129.033,20.583,NA,NA,-421.858,1304.913,-3894.63,1,"Kristen Green",0,NA,2012,6756,2,NA,NA,NA,NA,NA,"rockfish","rosethorn",150,150,7,NA,NA,NA,NA,NA
"1080","2012_6756_2_SL.avi",10955,6.0922,NA,NA,NA,46,8.15,NA,5016.75,18.435,NA,NA,-700.933,1319.696,-4789.037,1,"Kristen Green",0,NA,2012,6756,2,NA,NA,NA,NA,NA,"rockfish","rosethorn",150,150,8,NA,NA,NA,NA,NA
"1081","2012_6756_2_SL.avi",12869,7.1566,NA,NA,NA,42,1.136,NA,4413.498,25.196,NA,NA,-1277.588,1290.844,-4022.494,1,"Kristen Green",0,NA,2012,6756,2,NA,NA,NA,NA,NA,"rockfish","rosethorn",150,150,9,NA,NA,NA,NA,NA
"1082","2012_6756_2_SL.avi",18544,10.3125,NA,NA,NA,11,0.818,NA,2447.927,18.448,NA,NA,145.555,710.342,-2338.071,1,"Kristen Green",0,NA,2012,6756,2,NA,NA,NA,NA,NA,"rockfish","rosethorn",150,150,10,NA,NA,NA,NA,NA
"1083","2012_6756_2_SL.avi",19806,11.0143,NA,NA,NA,44,10.401,NA,4460.641,26.249,NA,NA,-1361.651,1340.49,-4030.672,1,"Kristen Green",0,NA,2012,6756,2,NA,NA,NA,NA,NA,"rockfish","rosethorn",150,150,11,NA,NA,NA,NA,NA
"1084","2012_6756_2_SL.avi",20016,11.1311,NA,NA,NA,20,0.911,NA,3294.931,15.33,NA,NA,775.702,327.379,-3185.542,1,"Kristen Green",0,NA,2012,6756,2,NA,NA,NA,NA,NA,"rockfish","rosethorn",150,150,12,NA,NA,NA,NA,NA
"1085","2012_6756_2_SL.avi",20290,11.2835,NA,NA,NA,29,5.267,NA,3731.579,22.403,NA,NA,1422.154,-77.234,-3449.086,1,"Kristen Green",0,NA,2012,6756,2,NA,NA,NA,NA,NA,"rockfish","rosethorn",150,150,13,NA,NA,NA,NA,NA
"1086","2012_6756_2_SL.avi",21056,11.7095,NA,NA,NA,37,6.815,NA,4823.723,7.491,NA,NA,-227.371,482.518,-4794.14,1,"Kristen Green",0,NA,2012,6756,2,NA,NA,NA,NA,NA,"rockfish","rosethorn",150,150,14,NA,NA,NA,NA,NA
"1087","2012_6756_2_SL.avi",22061,12.2683,NA,NA,NA,67,19.941,NA,5423.007,27.886,NA,NA,-1708.195,1770.614,-4832.805,1,"Kristen Green",0,NA,2012,6756,2,NA,NA,NA,NA,NA,"rockfish","yelloweye",145,145,15,"AD","Fish moving slowly out of frame",NA,"very blurry hard to ID, no length",NA
"1088","2012_6756_2_SL.avi",22295,12.3985,NA,NA,NA,55,6.004,NA,5646.396,13.859,NA,NA,-716.238,1028.195,-5505.598,1,"Kristen Green",0,NA,2012,6756,2,NA,NA,NA,NA,NA,"rockfish","rosethorn",150,150,16,NA,NA,NA,NA,NA
"1089","2012_6756_2_SL.avi",22602,12.5692,NA,NA,NA,20,6.577,NA,3542.606,1.57,NA,NA,50.768,5.978,-3542.237,1,"Kristen Green",0,NA,2012,6756,2,NA,NA,NA,NA,NA,"rockfish","rosethorn",150,150,17,NA,NA,NA,NA,NA
"1090","2012_6756_2_SL.avi",22919,12.7455,NA,NA,NA,54,7.764,NA,5001.877,25.127,NA,NA,-1489.697,1415.429,-4560.279,1,"Kristen Green",0,NA,2012,6756,2,NA,NA,NA,NA,NA,"rockfish","rosethorn",150,150,18,NA,NA,NA,NA,NA
"1091","2012_6756_2_SL.avi",24337,13.534,NA,NA,NA,31,2.39,NA,3694.638,27.031,NA,NA,-1197.83,1105.133,-3315.755,1,"Kristen Green",0,NA,2012,6756,2,NA,NA,NA,NA,NA,"rockfish","rosethorn",150,150,19,NA,NA,NA,NA,NA
"1092","2012_6756_2_SL.avi",25430,14.1419,NA,NA,NA,49,7.764,NA,5176.131,18.052,NA,NA,-787.737,1290.264,-4950.457,1,"Kristen Green",0,NA,2012,6756,2,NA,NA,NA,NA,NA,"rockfish","rosethorn",150,150,20,NA,NA,NA,NA,NA
"1093","2012_6756_2_SL.avi",27113,15.0778,NA,NA,NA,48,9.818,NA,4969.247,22.966,NA,NA,-900.35,1617.703,-4611.489,1,"Kristen Green",0,NA,2012,6756,2,NA,NA,NA,NA,NA,"rockfish","rosethorn",150,150,21,NA,NA,NA,NA,NA
"1094","2012_6756_2_SL.avi",27371,15.2213,NA,NA,NA,33,0.125,NA,4197.449,17.216,NA,NA,884.557,785.207,-4027.355,1,"Kristen Green",0,NA,2012,6756,2,NA,NA,NA,NA,NA,"rockfish","rosethorn",150,150,22,NA,NA,NA,NA,NA
"1095","2012_6756_2_SL.avi",28145,15.6517,NA,NA,NA,22,2.027,NA,3255.542,26.842,NA,NA,830.064,1149.983,-2930.373,1,"Kristen Green",0,NA,2012,6756,2,NA,NA,NA,NA,NA,"rockfish","rosethorn",150,150,23,NA,NA,NA,NA,NA
"1096","2012_6756_2_SL.avi",28196,15.6801,NA,NA,NA,52,10.877,NA,4293.155,31.314,NA,NA,-1984.846,939.58,-3689.005,1,"Kristen Green",0,NA,2012,6756,2,NA,NA,NA,NA,NA,"rockfish","rosethorn",150,150,24,NA,NA,NA,NA,NA
"1097","2012_6756_2_SL.avi",28168,15.6645,NA,NA,NA,20,2.76,NA,3110.586,22.81,NA,NA,800.279,839.735,-2886.199,1,"Kristen Green",0,NA,2012,6756,2,NA,NA,NA,NA,NA,"rockfish","rosethorn",150,150,25,NA,NA,NA,NA,NA
"1098","2012_6756_2_SL.avi",29233,16.2568,NA,NA,NA,19,5.51,NA,3288.281,12.439,NA,NA,511.093,420.718,-3220.959,1,"Kristen Green",0,NA,2012,6756,2,NA,NA,NA,NA,NA,"rockfish","rosethorn",150,150,26,NA,NA,NA,NA,NA
"1099","2012_6756_2_SL.avi",29679,16.5048,NA,NA,NA,33,10.364,NA,4284.543,18.351,NA,NA,-334.888,1218.264,-4094.019,1,"Kristen Green",0,NA,2012,6756,2,NA,NA,NA,NA,NA,"rockfish","rosethorn",150,150,27,NA,NA,NA,NA,NA
"1100","2012_6756_2_SL.avi",29807,16.576,NA,NA,NA,43,7.74,NA,4979.828,18.806,NA,NA,-149.907,1495.774,-4747.513,1,"Kristen Green",0,NA,2012,6756,2,NA,NA,NA,NA,NA,"rockfish","rosethorn",150,150,28,NA,NA,NA,NA,NA
"1101","2012_6756_2_SL.avi",31271,17.3901,NA,NA,NA,14,4.47,NA,2671.464,15.708,NA,NA,-631.307,-408.607,-2563.438,1,"Kristen Green",0,NA,2012,6756,2,NA,NA,NA,NA,NA,"rockfish","rosethorn",150,150,29,NA,NA,NA,NA,NA
"1102","2012_6756_2_SL.avi",31681,17.6181,NA,NA,NA,27,1.844,NA,3754.302,16.936,NA,NA,-896.996,547.69,-3604.194,1,"Kristen Green",0,NA,2012,6756,2,NA,NA,NA,NA,NA,"rockfish","rosethorn",150,150,30,NA,NA,NA,NA,NA
"1103","2012_6756_2_SL.avi",31824,17.6976,NA,NA,NA,32,5.183,NA,4104.794,14.962,NA,NA,872.501,-687.338,-3951.663,1,"Kristen Green",0,NA,2012,6756,2,NA,NA,NA,NA,NA,"rockfish","rosethorn",150,150,31,NA,NA,NA,NA,NA
"1104","2012_6756_2_SL.avi",31962,17.7744,NA,NA,NA,13,0.451,NA,2565.056,17.78,NA,NA,717.12,-367.948,-2435.132,1,"Kristen Green",0,NA,2012,6756,2,NA,NA,NA,NA,NA,"rockfish","silvergray",157,157,32,NA,NA,NA,NA,NA
"1105","2012_6756_2_SL.avi",32741,18.2076,NA,NA,NA,21,1.054,NA,3585.606,5.288,NA,NA,-324.305,-13.951,-3570.882,1,"Kristen Green",0,NA,2012,6756,2,NA,NA,NA,NA,NA,"rockfish","rosethorn",150,150,33,NA,NA,NA,NA,NA
"1106","2012_6756_2_SL.avi",33500,18.6297,NA,NA,NA,29,5.554,NA,3878.554,17.992,NA,NA,1195.034,4.303,-3689.858,1,"Kristen Green",0,NA,2012,6756,2,NA,NA,NA,NA,NA,"rockfish","rosethorn",150,150,34,NA,NA,NA,NA,NA
"1107","2012_6756_2_SL.avi",34178,19.0067,NA,NA,NA,9,0.928,NA,2241.454,10.163,NA,NA,-345.423,144.785,-2209.941,1,"Kristen Green",0,NA,2012,6756,2,NA,NA,NA,NA,NA,"rockfish","black",142,142,35,NA,NA,NA,NA,NA
"1108","2012_6756_2_SL.avi",35234,19.594,NA,NA,NA,37,3.62,NA,4391.359,21.003,NA,NA,-661.329,1339.122,-4129.58,1,"Kristen Green",0,NA,2012,6756,2,NA,NA,NA,NA,NA,"rockfish","rosethorn",150,150,36,NA,NA,NA,NA,NA
"1109","2012_6756_2_SL.avi",36658,20.3859,NA,NA,NA,17,1.782,NA,3046.05,13.416,NA,NA,557.86,369.641,-2971.629,1,"Kristen Green",0,NA,2012,6756,2,NA,NA,NA,NA,NA,"rockfish","rosethorn",150,150,37,NA,NA,NA,NA,NA
"1110","2012_6756_2_SL.avi",37575,20.8958,NA,NA,NA,12,1.124,NA,2735.355,2.693,NA,NA,50.077,59.141,-2734.257,1,"Kristen Green",0,NA,2012,6756,2,NA,NA,NA,NA,NA,"greenling","lingcod",130,130,38,NA,NA,NA,"fish curved, no length for fish",NA
"1111","2012_6756_2_SL.avi",38709,21.5265,NA,NA,NA,26,4.952,NA,3503.843,24.598,NA,NA,-879.911,1093.798,-3210.339,1,"Kristen Green",0,NA,2012,6756,2,NA,NA,NA,NA,NA,"rockfish","rosethorn",150,150,39,NA,NA,NA,NA,NA
"1112","2012_6756_2_SL.avi",39809,22.1382,NA,NA,NA,15,2.973,NA,2893.804,20.978,NA,NA,119.474,970.326,-2723.654,1,"Kristen Green",0,NA,2012,6756,2,NA,NA,NA,NA,NA,"rockfish","rosethorn",150,150,40,NA,NA,NA,NA,NA
"1113","2012_6756_2_SL.avi",41574,23.1197,NA,NA,NA,38,4.816,NA,4736.804,10.917,NA,NA,-768.442,361.964,-4660.021,1,"Kristen Green",0,NA,2012,6756,2,NA,NA,NA,NA,NA,"rockfish","rosethorn",150,150,41,NA,NA,NA,NA,NA
"1114","2012_6756_2_SL.avi",43389,24.1291,NA,NA,NA,21,10.079,NA,2894.759,30.826,NA,NA,-1078.505,964.358,-2507.283,1,"Kristen Green",0,NA,2012,6756,2,NA,NA,NA,NA,NA,"rockfish","rosethorn",150,150,42,NA,NA,NA,NA,NA
"1115","2012_6756_2_SL.avi",43749,24.3293,NA,NA,NA,15,5.42,NA,2874.624,20.598,NA,NA,-102.176,947.599,-2712.025,1,"Kristen Green",0,NA,2012,6756,2,NA,NA,NA,NA,NA,"rockfish","rosethorn",150,150,43,NA,NA,NA,NA,NA
"1116","2012_6756_2_SL.avi",44325,24.6496,NA,NA,NA,16,10.235,NA,2788.019,24.837,NA,NA,-570.672,967.561,-2551.707,1,"Kristen Green",0,NA,2012,6756,2,NA,NA,NA,NA,NA,"rockfish","rosethorn",150,150,44,NA,NA,NA,NA,NA
"1117","2012_6756_2_SL.avi",45414,25.2552,NA,NA,NA,58,1.566,NA,5983.57,10.604,NA,NA,458.171,873.575,-5901.7,1,"Kristen Green",0,NA,2012,6756,2,NA,NA,NA,NA,NA,"rockfish","tiger",148,148,45,NA,NA,NA,NA,NA
"1118","2012_6756_2_SL.avi",46157,25.6684,NA,NA,NA,18,8.315,NA,3216.08,11.712,NA,NA,-406.106,442.83,-3159.454,1,"Kristen Green",0,NA,2012,6756,2,NA,NA,NA,NA,NA,"rockfish","rosethorn",150,150,46,NA,NA,NA,NA,NA
"1119","2012_6756_2_SL.avi",45769,25.4526,NA,NA,NA,23,0.816,NA,3173.314,25.48,NA,NA,-1332.735,233.58,-2870.397,1,"Kristen Green",0,NA,2012,6756,2,NA,NA,NA,NA,NA,"rockfish","silvergray",157,157,47,NA,NA,NA,NA,NA
"1120","2012_6757_1_SL.avi",2439,1.3564,NA,NA,NA,26,4.708,NA,3333.019,27.463,NA,NA,1265.274,-936.682,-2937.809,1,"Kristen Green",0,NA,2012,6757,1,NA,NA,NA,NA,NA,"rockfish","quillback",147,147,1,NA,NA,NA,NA,NA
"1121","2012_6757_1_SL.avi",5194,2.8884,NA,NA,NA,43,6.849,NA,4911.226,18.309,NA,NA,518.852,1351.577,-4692.992,1,"Kristen Green",0,NA,2012,6757,1,NA,NA,NA,NA,NA,"rockfish","rosethorn",150,150,4,NA,NA,NA,NA,NA
"1122","2012_6757_1_SL.avi",6197,3.4462,NA,NA,NA,36,2.118,NA,4604.171,14.988,NA,NA,40.749,1093.34,-4472.286,1,"Kristen Green",0,NA,2012,6757,1,NA,NA,NA,NA,NA,"rockfish","rosethorn",150,150,5,NA,NA,NA,NA,NA
"1123","2012_6757_1_SL.avi",6642,3.6937,NA,NA,NA,53,81.366,NA,4413.185,32.514,NA,NA,-1828.849,1429.688,-3753.333,1,"Kristen Green",0,NA,2012,6757,1,NA,NA,NA,NA,NA,"rockfish","quillback",147,147,6,NA,NA,NA,"very blurry",NA
"1124","2012_6757_1_SL.avi",6775,3.7676,NA,NA,NA,41,3.387,NA,4432.049,22.288,NA,NA,-1348.92,913.784,-4121.707,1,"Kristen Green",0,NA,2012,6757,1,NA,NA,NA,NA,NA,"rockfish","rosethorn",150,150,7,NA,NA,NA,NA,NA
"1125","2012_6757_1_SL.avi",7238,4.0251,NA,NA,NA,16,4.832,NA,3046.418,10.106,NA,NA,-520.023,-188.688,-2995.77,1,"Kristen Green",0,NA,2012,6757,1,NA,NA,NA,NA,NA,"rockfish","tiger",148,148,8,NA,NA,NA,NA,NA
"1126","2012_6757_1_SL.avi",7528,4.1864,NA,NA,NA,22,6.041,NA,3621.182,12.779,NA,NA,127.601,714.015,-3547.797,1,"Kristen Green",0,NA,2012,6757,1,NA,NA,NA,NA,NA,"rockfish","yelloweye",145,145,9,"JV","Fish actively swimming within frame",NA,NA,NA
"1127","2012_6757_1_SL.avi",7663,4.2615,NA,NA,289.845,10,2.269,0.643,2055.124,10.547,25.83,33.351,157.903,-385.144,-2012.527,1,"Kristen Green",0,NA,2012,6757,1,NA,NA,NA,NA,NA,"rockfish","yelloweye",145,145,9,"JV","Fish actively swimming within frame",NA,NA,NA
"1128","2012_6757_1_SL.avi",7993,4.445,NA,NA,NA,37,4.502,NA,4589.803,16.451,NA,NA,333.893,1160.49,-4428.1,1,"Kristen Green",0,NA,2012,6757,1,NA,NA,NA,NA,NA,"rockfish","rosethorn",150,150,10,NA,NA,NA,NA,NA
"1129","2012_6757_1_SL.avi",13827,7.6893,NA,NA,NA,71,2.164,NA,6356.1,18.902,NA,NA,-458.632,1876.612,-6055.41,1,"Kristen Green",0,NA,2012,6757,1,NA,NA,NA,NA,NA,"rockfish","yelloweye",145,145,11,"AD","Fish milling",NA,NA,NA
"1130","2012_6757_1_SL.avi",14279,7.9407,NA,NA,513.863,48,1.482,0.614,3582.515,13.328,49.915,33.444,-2.242,750.116,-3503.104,1,"Kristen Green",0,NA,2012,6757,1,NA,NA,NA,NA,NA,"rockfish","yelloweye",145,145,11,"AD","Fish milling",NA,NA,NA
"1131","2012_6757_1_SL.avi",18596,10.3414,NA,NA,NA,31,7.446,NA,3468.313,29.208,NA,NA,-1521.997,674.458,-3042.668,1,"Kristen Green",0,NA,2012,6757,1,NA,NA,NA,NA,NA,"rockfish","rosethorn",150,150,12,NA,NA,NA,NA,NA
"1132","2012_6757_1_SL.avi",19507,10.848,NA,NA,NA,51,8.767,NA,5389.74,19.909,NA,NA,312.103,1698.412,-5105.613,1,"Kristen Green",0,NA,2012,6757,1,NA,NA,NA,NA,NA,"rockfish","tiger",148,148,13,NA,NA,NA,NA,NA
"1133","2012_6757_1_SL.avi",20753,11.541,NA,NA,NA,62,10.097,NA,5087.906,26.712,NA,NA,-2243.405,346.098,-4553.476,1,"Kristen Green",0,NA,2012,6757,1,NA,NA,NA,NA,NA,"rockfish","silvergray",157,157,14,NA,NA,NA,NA,NA
"1134","2012_6757_1_SL.avi",22111,12.2961,NA,NA,NA,56,4.393,NA,5254.268,21.659,NA,NA,-1346.767,1289.163,-4912.394,1,"Kristen Green",0,NA,2012,6757,1,NA,NA,NA,NA,NA,"rockfish","rosethorn",150,150,15,NA,NA,NA,NA,NA
"1135","2012_6757_1_SL.avi",22400,12.4569,NA,NA,NA,12,0.968,NA,2317.88,24.505,NA,NA,-811.755,-560.698,-2097.437,1,"Kristen Green",0,NA,2012,6757,1,NA,NA,NA,NA,NA,"rockfish","rosethorn",150,150,16,NA,NA,NA,NA,NA
"1136","2012_6757_1_SL.avi",23894,13.2877,NA,NA,NA,13,3.307,NA,2471.252,19.848,NA,NA,698.305,-515.435,-2313.824,1,"Kristen Green",0,NA,2012,6757,1,NA,NA,NA,NA,NA,"ratfish","ratfish",714,714,17,NA,NA,NA,NA,NA
"1137","2012_6757_1_SL.avi",25546,14.2064,NA,NA,NA,35,7.587,NA,3992.59,26.594,NA,NA,-1102.237,1329.353,-3599.815,1,"Kristen Green",0,NA,2012,6757,1,NA,NA,NA,NA,NA,"rockfish","canary",146,146,18,NA,NA,NA,NA,NA
"1138","2012_6757_1_SL.avi",26415,14.6896,NA,NA,NA,169,36.371,NA,8281.766,29.563,NA,NA,-3024.633,2590.512,-7261.439,1,"Kristen Green",0,NA,2012,6757,1,NA,NA,NA,NA,NA,"greenling","lingcod",130,130,19,NA,NA,NA,"blurry, edge of FOV, no length",NA
"1139","2012_6757_1_SL.avi",28458,15.8258,NA,NA,NA,30,5.919,NA,3899.963,22.606,NA,NA,789.985,1195.777,-3627.085,1,"Kristen Green",0,NA,2012,6757,1,NA,NA,NA,NA,NA,"rockfish","canary",146,146,20,NA,NA,NA,NA,NA
"1140","2012_6757_1_SL.avi",33048,18.3783,NA,NA,NA,22,7.552,NA,3222.432,21.661,NA,NA,-1073.909,446.307,-3005.262,1,"Kristen Green",0,NA,2012,6757,1,NA,NA,NA,NA,NA,"rockfish","rosethorn",150,150,21,NA,NA,NA,NA,NA
"1141","2012_6757_1_SL.avi",33801,18.7971,NA,NA,NA,9,7.063,NA,2296.945,6.38,NA,NA,194.817,-214.36,-2278.608,1,"Kristen Green",0,NA,2012,6757,1,NA,NA,NA,NA,NA,"greenling","kelp greenling",194,194,22,NA,NA,NA,NA,NA
"1142","2012_6757_1_SL.avi",35108,19.5239,NA,NA,NA,32,6.632,NA,4350.053,14.008,NA,NA,-277.343,924.1,-4241.707,1,"Kristen Green",0,NA,2012,6757,1,NA,NA,NA,NA,NA,"rockfish","tiger",148,148,23,NA,NA,NA,NA,NA
"1143","2012_6757_1_SL.avi",35370,19.6696,NA,NA,NA,15,1.716,NA,2660.94,21.622,NA,NA,751.601,-683.128,-2459.479,1,"Kristen Green",0,NA,2012,6757,1,NA,NA,NA,NA,NA,"rockfish","rosethorn",150,150,24,NA,NA,NA,NA,NA
"1144","2012_6757_1_SL.avi",36383,20.233,NA,NA,NA,108,4.499,NA,7480.451,19.209,NA,NA,-1657.425,1666.006,-7101.727,1,"Kristen Green",0,NA,2012,6757,1,NA,NA,NA,NA,NA,"rockfish","yelloweye",145,145,25,"AD","Fish actively swimming within frame",NA,NA,NA
"1145","2012_6757_1_SL.avi",36490,20.2925,NA,NA,589.835,16,3.896,0.286,3536.729,14.236,7.04,18.424,-514.802,626.579,-3442.504,1,"Kristen Green",0,NA,2012,6757,1,NA,NA,NA,NA,NA,"rockfish","yelloweye",145,145,25,"AD","Fish actively swimming within frame",NA,NA,NA
"1146","2012_6757_1_SL.avi",38439,21.3763,NA,NA,NA,31,2.788,NA,4359.769,11.92,NA,NA,-157.451,793.992,-4283.967,1,"Kristen Green",0,NA,2012,6757,1,NA,NA,NA,NA,NA,"rockfish","tiger",148,148,26,NA,NA,NA,NA,NA
"1147","2012_6757_1_SL.avi",38917,21.6421,NA,NA,NA,20,3.275,NA,3422.178,8.822,NA,NA,-357.914,310.507,-3389.216,1,"Kristen Green",0,NA,2012,6757,1,NA,NA,NA,NA,NA,"rockfish","rosethorn",150,150,27,NA,NA,NA,NA,NA
"1148","2012_6757_2_SL.avi",798,0.4438,NA,NA,NA,44,2.683,NA,4987.456,15.651,NA,NA,-683.359,1054.662,-4826.534,1,"Kristen Green",0,NA,2012,6757,2,NA,NA,NA,NA,NA,"rockfish","rosethorn",150,150,1,NA,NA,NA,NA,NA
"1149","2012_6757_2_SL.avi",1228,0.6829,NA,NA,NA,45,2.797,NA,5286.36,10.447,NA,NA,49.385,844.438,-5218.246,1,"Kristen Green",0,NA,2012,6757,2,NA,NA,NA,NA,NA,"rockfish","rosethorn",150,150,2,NA,NA,NA,NA,NA
"1150","2012_6757_2_SL.avi",1781,0.9904,NA,NA,NA,53,7.322,NA,5409.145,21.04,NA,NA,-470.562,1774.245,-5088.17,1,"Kristen Green",0,NA,2012,6757,2,NA,NA,NA,NA,NA,"rockfish","yelloweye",145,145,3,"AD","Fish moving slowly out of frame",NA,NA,NA
"1151","2012_6757_2_SL.avi",2018,1.1222,NA,NA,637.336,80,8.259,6.157,4379.253,13.881,48.229,17.248,658.711,726.126,-4268.103,1,"Kristen Green",0,NA,2012,6757,2,NA,NA,NA,NA,NA,"rockfish","yelloweye",145,145,3,"AD","Fish moving slowly out of frame",NA,NA,NA
"1152","2012_6757_2_SL.avi",2007,1.1161,NA,NA,NA,40,0.922,NA,4340.817,22.846,NA,NA,-1603.913,430.855,-4010.551,1,"Kristen Green",0,NA,2012,6757,2,NA,NA,NA,NA,NA,"greenling","lingcod",130,130,4,NA,NA,NA,"cant get a length",NA
"1153","2012_6757_2_SL.avi",3357,1.8669,NA,NA,NA,22,5.433,NA,3270.421,21.462,NA,NA,1194.33,7.227,-3044.533,1,"Kristen Green",0,NA,2012,6757,2,NA,NA,NA,NA,NA,"rockfish","rosethorn",150,150,5,NA,NA,NA,NA,NA
"1154","2012_6757_2_SL.avi",3598,2.0009,NA,NA,NA,17,9.637,NA,3259.351,6.117,NA,NA,-238.89,181.841,-3245.494,1,"Kristen Green",0,NA,2012,6757,2,NA,NA,NA,NA,NA,"rockfish","tiger",148,148,6,NA,NA,NA,NA,NA
"1155","2012_6757_2_SL.avi",8157,4.5362,NA,NA,NA,13,2.471,NA,2455.992,21.74,NA,NA,909.653,-41.464,-2280.945,1,"Kristen Green",0,NA,2012,6757,2,NA,NA,NA,NA,NA,"rockfish","rosethorn",150,150,8,NA,NA,NA,NA,NA
"1156","2012_6757_2_SL.avi",18736,10.4193,NA,NA,NA,58,4.475,NA,5574.744,21.111,NA,NA,-768.799,1741.792,-5239.55,1,"Kristen Green",0,NA,2012,6757,2,NA,NA,NA,NA,NA,"rockfish","quillback",147,147,9,NA,NA,NA,NA,NA
"1157","2012_6757_2_SL.avi",19000,10.5661,NA,NA,NA,42,5.457,NA,4776.697,19.168,NA,NA,-593.907,1353.442,-4542.28,1,"Kristen Green",0,NA,2012,6757,2,NA,NA,NA,NA,NA,"rockfish","rosethorn",150,150,10,NA,NA,NA,NA,NA
"1158","2012_6757_2_SL.avi",25644,14.2609,NA,NA,NA,39,1.196,NA,4616.562,18.334,NA,NA,-689.465,1182.84,-4408.874,1,"Kristen Green",0,NA,2012,6757,2,NA,NA,NA,NA,NA,"rockfish","rosethorn",150,150,11,NA,NA,NA,NA,NA
"1159","2012_6757_2_SL.avi",32487,18.0663,NA,NA,NA,49,9.763,NA,5150.084,19.424,NA,NA,-692.305,1460.878,-4889.777,1,"Kristen Green",0,NA,2012,6757,2,NA,NA,NA,NA,NA,"rockfish","rosethorn",150,150,12,NA,NA,NA,NA,NA
"1160","2012_6757_2_SL.avi",50306,27.9757,NA,NA,NA,42,1.755,NA,4499.584,22.186,NA,NA,-1275.53,1031.939,-4189.795,1,"Kristen Green",0,NA,2012,6757,2,NA,NA,NA,NA,NA,"rockfish",NA,NA,NA,16,NA,NA,NA,NA,NA
"1161","2012_6757_2_SL.avi",50203,27.9184,NA,NA,NA,37,5.35,NA,4236.704,21.618,NA,NA,-1463.503,457.271,-3949.522,1,"Kristen Green",0,NA,2012,6757,2,NA,NA,NA,NA,NA,"rockfish","quillback",147,147,17,NA,NA,NA,NA,NA
"1162","2012_6757_2_SL.avi",48833,27.1565,NA,NA,NA,21,7.629,NA,3266.243,20.164,NA,NA,-607.455,881.325,-3085.873,1,"Kristen Green",0,NA,2012,6757,2,NA,NA,NA,NA,NA,"rockfish","rosethorn",150,150,18,NA,NA,NA,NA,NA
"1163","2012_6757_2_SL.avi",51425,28.598,NA,NA,NA,69,2.158,NA,6381.892,17.97,NA,NA,-109.233,1833.933,-6111.734,1,"Kristen Green",0,NA,2012,6757,2,NA,NA,NA,NA,NA,"rockfish","rosethorn",150,150,19,NA,NA,NA,NA,NA
"1164","2012_6757_2_SL.avi",51474,28.6252,NA,NA,NA,21,5.862,NA,3080.655,24.62,NA,NA,1212.386,-481.565,-2790.816,1,"Kristen Green",0,NA,2012,6757,2,NA,NA,NA,NA,NA,"rockfish","quillback",147,147,20,NA,NA,NA,NA,NA
"1165","2012_6757_2_SL.avi",51952,28.891,NA,NA,NA,45,4.798,NA,5200.143,14.974,NA,NA,59.475,1233.104,-5051.476,1,"Kristen Green",0,NA,2012,6757,2,NA,NA,NA,NA,NA,"rockfish","rosethorn",150,150,21,NA,NA,NA,NA,NA
"1166","2012_6757_2_SL.avi",52739,29.3287,NA,NA,NA,42,9.546,NA,4932.231,19.672,NA,NA,57.846,1558.301,-4679.236,1,"Kristen Green",0,NA,2012,6757,2,NA,NA,NA,NA,NA,"rockfish","rosethorn",150,150,22,NA,NA,NA,NA,NA
"1167","2012_6757_2_SL.avi",53703,29.8648,NA,NA,NA,16,2.718,NA,3065.396,9.306,NA,NA,429.211,182.352,-3029.716,1,"Kristen Green",0,NA,2012,6757,2,NA,NA,NA,NA,NA,"rockfish","silvergray",157,157,23,NA,NA,NA,NA,NA
"1168","2012_6757_2_SL.avi",53879,29.9627,NA,NA,NA,43,1.852,NA,4367.862,25.196,NA,NA,-1846.584,132.629,-3956.104,1,"Kristen Green",0,NA,2012,6757,2,NA,NA,NA,NA,NA,"rockfish","rosethorn",150,150,24,NA,NA,NA,NA,NA
"1169","2012_6757_2_SL.avi",54208,30.1456,NA,NA,NA,8,0.964,NA,1874.74,24.388,NA,NA,-744.285,-249.74,-1702.445,1,"Kristen Green",0,NA,2012,6757,2,NA,NA,NA,NA,NA,"rockfish","silvergray",157,157,25,NA,NA,NA,NA,NA
"1170","2012_6757_2_SL.avi",54363,30.2318,NA,NA,NA,57,0.37,NA,5431.329,21.521,NA,NA,1005.107,1610.418,-5088.777,1,"Kristen Green",0,NA,2012,6757,2,NA,NA,NA,NA,NA,"rockfish","rosethorn",150,150,26,NA,NA,NA,NA,NA
"1171","2012_6757_2_SL.avi",54836,30.4948,NA,NA,NA,30,5.617,NA,4172.409,16.434,NA,NA,-268.842,1062.388,-4025.923,1,"Kristen Green",0,NA,2012,6757,2,NA,NA,NA,NA,NA,"rockfish","quillback",147,147,27,NA,NA,NA,NA,NA
"1172","2012_6757_2_SL.avi",55920,31.0977,NA,NA,NA,52,9.066,NA,5443.636,18.678,NA,NA,-210.452,1618.382,-5193.238,1,"Kristen Green",0,NA,2012,6757,2,NA,NA,NA,NA,NA,"greenling","lingcod",130,130,28,NA,NA,NA,NA,NA
"1173","2012_6757_2_SL.avi",56093,31.1939,NA,NA,697.199,22,8.586,6.829,3200.099,17.936,0.884,5.566,984.849,-100.943,-3043.109,1,"Kristen Green",0,NA,2012,6757,2,NA,NA,NA,NA,NA,"greenling","lingcod",130,130,28,NA,NA,NA,NA,NA
"1174","2012_6757_2_SL.avi",57982,32.2444,NA,NA,NA,22,8.679,NA,3244.785,24.171,NA,NA,1323.626,50.777,-2962.105,1,"Kristen Green",0,NA,2012,6757,2,NA,NA,NA,NA,NA,"rockfish","rosethorn",150,150,29,NA,NA,NA,NA,NA
"1175","2012_6757_2_SL.avi",59794,33.252,NA,NA,NA,101,2.568,NA,7421.904,19.984,NA,NA,-897.381,2220.722,-7024.796,1,"Kristen Green",0,NA,2012,6757,2,NA,NA,NA,NA,NA,"rockfish","yelloweye",145,145,30,"AD","Fish milling",NA,NA,NA
"1176","2012_6757_2_SL.avi",59984,33.3577,NA,NA,613.283,73,6.541,2.627,4393.374,12.229,40.448,6.22,-628.644,592.996,-4307.54,1,"Kristen Green",0,NA,2012,6757,2,NA,NA,NA,NA,NA,"rockfish","yelloweye",145,145,30,"AD","Fish milling",NA,NA,NA
"1177","2012_6757_2_SL.avi",63641,35.3914,NA,NA,NA,32,5.374,NA,4043.662,18.99,NA,NA,1207.802,439.108,-3834.006,1,"Kristen Green",0,NA,2012,6757,2,NA,NA,NA,NA,NA,"rockfish","tiger",148,148,31,NA,NA,NA,NA,NA
"1178","2012_6757_2_SL.avi",64801,36.0365,NA,NA,NA,30,3.007,NA,4071.469,20.052,NA,NA,-332.951,1272.502,-3853.147,1,"Kristen Green",0,NA,2012,6757,2,NA,NA,NA,NA,NA,"rockfish","rosethorn",150,150,32,NA,NA,NA,NA,NA
"1179","2012_6757_2_SL.avi",64857,36.0676,NA,NA,NA,37,3.142,NA,4321.081,22.359,NA,NA,1019.23,1202.737,-4023.225,1,"Kristen Green",0,NA,2012,6757,2,NA,NA,NA,NA,NA,"rockfish","rosethorn",150,150,33,NA,NA,NA,NA,NA
"1180","2012_6757_2_SL.avi",68845,38.2854,NA,NA,NA,29,4.722,NA,3706.744,25.191,NA,NA,-1031.073,1121.24,-3379.298,1,"Kristen Green",0,NA,2012,6757,2,NA,NA,NA,NA,NA,"rockfish","rosethorn",150,150,34,NA,NA,NA,NA,NA
"1181","2012_6757_2_SL.avi",69882,38.8621,NA,NA,NA,60,21.138,NA,4615.188,32.411,NA,NA,-1999.416,1371.756,-3926.905,1,"Kristen Green",0,NA,2012,6757,2,NA,NA,NA,NA,NA,"rockfish","tiger",148,148,35,NA,NA,NA,NA,NA
"1182","2012_6758_1_SL.avi",2457,1.3664,NA,NA,NA,61,10.011,NA,5381.779,24.134,NA,NA,1889.89,1020.321,-4934.653,1,"Kristen Green",0,NA,2012,6758,1,NA,NA,NA,NA,NA,"greenling","lingcod",130,130,1,NA,NA,NA,"can't get a good length",NA
"1183","2012_6758_1_SL.avi",4663,2.5931,NA,NA,NA,54,8.992,NA,5470.267,20.178,NA,NA,-543.362,1695.292,-5172.481,1,"Kristen Green",0,NA,2012,6758,1,NA,NA,NA,NA,NA,"rockfish","rosethorn",150,150,2,NA,NA,NA,NA,NA
"1184","2012_6758_1_SL.avi",5058,2.8128,NA,NA,NA,31,21.573,NA,3327.066,31.093,NA,NA,-1473.59,-945.074,-2829.264,1,"Kristen Green",0,NA,2012,6758,1,NA,NA,NA,NA,NA,"rockfish","yelloweye",145,145,3,"AD","Fish chasing other fish",NA,NA,NA
"1185","2012_6758_1_SL.avi",5219,2.9023,NA,NA,670.991,33,1.39,2.106,3241.2,22.198,17.647,13.875,-1210.934,-246.93,-2996.338,1,"Kristen Green",0,NA,2012,6758,1,NA,NA,NA,NA,NA,"rockfish","yelloweye",145,145,3,"AD","Fish chasing other fish",NA,NA,NA
"1186","2012_6758_1_SL.avi",5703,3.1715,NA,NA,NA,72,4.02,NA,6361.474,18.657,NA,NA,-522.903,1835.677,-6068.378,1,"Kristen Green",0,NA,2012,6758,1,NA,NA,NA,NA,NA,"rockfish","rosethorn",150,150,4,NA,NA,NA,NA,NA
"1187","2012_6758_1_SL.avi",6996,3.8905,NA,NA,NA,26,9.333,NA,3437.266,28.823,NA,NA,1076.874,1193.958,-3038.027,1,"Kristen Green",0,NA,2012,6758,1,NA,NA,NA,NA,NA,"rockfish","quillback",147,147,5,NA,NA,NA,NA,NA
"1188","2012_6758_1_SL.avi",7959,4.4261,NA,NA,NA,31,7.515,NA,4317.961,14.019,NA,NA,-88.106,951.289,-4210.947,1,"Kristen Green",0,NA,2012,6758,1,NA,NA,NA,NA,NA,"rockfish","tiger",148,148,6,NA,NA,NA,NA,NA
"1189","2012_6758_1_SL.avi",7899,4.3927,NA,NA,NA,44,10.107,NA,5033.424,18.881,NA,NA,29.903,1524.988,-4796.756,1,"Kristen Green",0,NA,2012,6758,1,NA,NA,NA,NA,NA,"rockfish","rosethorn",150,150,7,NA,NA,NA,NA,NA
"1190","2012_6758_1_SL.avi",11684,6.4976,NA,NA,NA,47,4.107,NA,5218.749,19.482,NA,NA,-92.3,1631.041,-4956.463,1,"Kristen Green",0,NA,2012,6758,1,NA,NA,NA,NA,NA,"rockfish","rosethorn",150,150,10,NA,NA,NA,NA,NA
"1191","2012_6758_1_SL.avi",12067,6.7106,NA,NA,NA,41,7.364,NA,4249.942,25.494,NA,NA,-1666.281,671.438,-3851.582,1,"Kristen Green",0,NA,2012,6758,1,NA,NA,NA,NA,NA,"rockfish","tiger",148,148,11,NA,NA,NA,NA,NA
"1192","2012_6758_1_SL.avi",12413,6.903,NA,NA,NA,18,0.076,NA,3346.957,1.598,NA,NA,-73.919,-15.52,-3346.105,1,"Kristen Green",0,NA,2012,6758,1,NA,NA,NA,NA,NA,"rockfish","rosethorn",150,150,12,NA,NA,NA,NA,NA
"1193","2012_6758_1_SL.avi",14237,7.9173,NA,NA,NA,24,5.325,NA,3587.861,13.368,NA,NA,-703.826,-514.531,-3480.321,1,"Kristen Green",0,NA,2012,6758,1,NA,NA,NA,NA,NA,"rockfish","rosethorn",150,150,16,NA,NA,NA,NA,NA
"1194","2012_6758_1_SL.avi",14172,7.8812,NA,NA,189.483,9,0.136,3.068,2418.842,16.449,0.28,9.423,619.228,-342.878,-2312.961,1,"Kristen Green",0,NA,2012,6758,1,NA,NA,NA,NA,NA,"rockfish","yelloweye",145,145,17,"JV","Fish resting on bottom",NA,NA,NA
"1195","2012_6758_1_SL.avi",13929,7.7461,NA,NA,NA,42,7.371,NA,4880.859,20.226,NA,NA,28.859,1587.519,-4615.381,1,"Kristen Green",0,NA,2012,6758,1,NA,NA,NA,NA,NA,"rockfish","yelloweye",145,145,17,"JV","Fish resting on bottom",NA,NA,NA
"1196","2012_6758_1_SL.avi",12447,6.9219,NA,NA,NA,73,6.938,NA,6355.195,18.981,NA,NA,-728.143,1803.843,-6050.162,1,"Kristen Green",0,NA,2012,6758,1,NA,NA,NA,NA,NA,"rockfish","quillback",147,147,18,NA,NA,NA,NA,NA
"1197","2012_6758_1_SL.avi",13453,7.4813,NA,NA,NA,73,2.341,NA,6319.575,17.864,NA,NA,-903.732,1584.264,-6050.654,1,"Kristen Green",0,NA,2012,6758,1,NA,NA,NA,NA,NA,"rockfish","rosethorn",150,150,19,NA,NA,NA,NA,NA
"1198","2012_6758_1_SL.avi",14723,8.1876,NA,NA,NA,49,3.232,NA,5710.04,4.872,NA,NA,233.171,301.888,-5697.285,1,"Kristen Green",0,NA,2012,6758,1,NA,NA,NA,NA,NA,"rockfish","tiger",148,148,20,NA,NA,NA,NA,NA
"1199","2012_6758_1_SL.avi",16246,9.0346,NA,NA,NA,10,2.393,NA,2243,20.517,NA,NA,-115.76,731.878,-2117.074,1,"Kristen Green",0,NA,2012,6758,1,NA,NA,NA,NA,NA,"rockfish","quillback",147,147,21,NA,NA,NA,NA,NA
"1200","2012_6758_1_SL.avi",21526,11.9708,NA,NA,NA,41,3.834,NA,4780.724,21.632,NA,NA,-71.522,1664.214,-4481.138,1,"Kristen Green",0,NA,2012,6758,1,NA,NA,NA,NA,NA,"greenling","lingcod",130,130,22,NA,NA,NA,NA,NA
"1201","2012_6758_1_SL.avi",21648,12.0387,NA,NA,722.038,16,1.29,3.187,3375.45,7.425,12.486,14.191,-148.926,337.387,-3355.243,1,"Kristen Green",0,NA,2012,6758,1,NA,NA,NA,NA,NA,"greenling","lingcod",130,130,22,NA,NA,NA,NA,NA
"1202","2012_6758_1_SL.avi",22009,12.2394,NA,NA,NA,74,0.11,NA,6395.723,22.032,NA,NA,-451.905,2227.227,-5978.337,1,"Kristen Green",0,NA,2012,6758,1,NA,NA,NA,NA,NA,"rockfish","rosethorn",150,150,23,NA,NA,NA,NA,NA
"1203","2012_6758_1_SL.avi",22529,12.5286,NA,NA,NA,90,7.557,NA,6055.244,28.371,NA,NA,-2400.339,1470.775,-5361.079,1,"Kristen Green",0,NA,2012,6758,1,NA,NA,NA,NA,NA,"rockfish","rosethorn",150,150,24,NA,NA,NA,NA,NA
"1204","2012_6758_1_SL.avi",23359,12.9902,NA,NA,NA,11,7.295,NA,2204.132,24.473,NA,NA,-912.957,-58.365,-2005.318,1,"Kristen Green",0,NA,2012,6758,1,NA,NA,NA,NA,NA,"rockfish","rosethorn",150,150,25,NA,NA,NA,NA,NA
"1205","2012_6758_1_SL.avi",26386,14.6735,NA,NA,NA,63,15.493,NA,4904.674,29.68,NA,NA,-2140.46,1054.758,-4285.06,1,"Kristen Green",0,NA,2012,6758,1,NA,NA,NA,NA,NA,"rockfish","tiger",148,148,26,NA,NA,NA,"hard to get good RMS",NA
"1206","2012_6758_1_SL.avi",28143,15.6506,NA,NA,NA,49,1.876,NA,4923.194,23.242,NA,NA,-1102.184,1501.482,-4557.256,1,"Kristen Green",0,NA,2012,6758,1,NA,NA,NA,NA,NA,"rockfish","quillback",147,147,27,NA,NA,NA,NA,NA
"1207","2012_6758_1_SL.avi",29561,16.4392,NA,NA,NA,119,22.409,NA,7295.372,27.786,NA,NA,-2164.234,2482.958,-6509.49,1,"Kristen Green",0,NA,2012,6758,1,NA,NA,NA,NA,NA,"rockfish","yelloweye",145,145,29,"AD","Fish moving slowly out of frame",NA,"hard to get good RMS, no length",NA
"1208","2012_6758_1_SL.avi",32226,17.9212,NA,NA,NA,77,7.796,NA,6331.326,20.723,NA,NA,1236.237,1739.58,-5960.811,1,"Kristen Green",0,NA,2012,6758,1,NA,NA,NA,NA,NA,"rockfish","quillback",147,147,30,NA,NA,NA,NA,NA
"1209","2012_6758_1_SL.avi",34515,19.1941,NA,NA,NA,58,8.322,NA,5506.51,19.044,NA,NA,1129.782,1283.941,-5234.19,1,"Kristen Green",0,NA,2012,6758,1,NA,NA,NA,NA,NA,"rockfish","rosethorn",150,150,31,NA,NA,NA,NA,NA
"1210","2012_6758_1_SL.avi",35493,19.738,NA,NA,NA,74,1.635,NA,6397.62,21.4,NA,NA,-528.098,2144.185,-6004.425,1,"Kristen Green",0,NA,2012,6758,1,NA,NA,NA,NA,NA,"rockfish","rosethorn",150,150,32,NA,NA,NA,NA,NA
"1211","2012_6758_1_SL.avi",36537,20.3186,NA,NA,NA,37,2.497,NA,4614.197,13.111,NA,NA,-775.402,605.538,-4508.092,1,"Kristen Green",0,NA,2012,6758,1,NA,NA,NA,NA,NA,"rockfish","tiger",148,148,33,NA,NA,NA,NA,NA
"1212","2012_6758_1_SL.avi",37952,21.1055,NA,NA,NA,71,4.724,NA,6545.655,10.29,NA,NA,1004.037,459.6,-6451.843,1,"Kristen Green",0,NA,2012,6758,1,NA,NA,NA,NA,NA,"rockfish","yelloweye",145,145,34,"AD","Fish moving slowly out of frame",NA,NA,NA
"1213","2012_6758_1_SL.avi",38185,21.2351,NA,NA,479.767,64,10.033,10.07,4373.643,22.705,26.509,15.507,1671.928,-321.011,-4028.693,1,"Kristen Green",0,NA,2012,6758,1,NA,NA,NA,NA,NA,"rockfish","yelloweye",145,145,34,"AD","Fish moving slowly out of frame",NA,NA,NA
"1214","2012_6758_1_SL.avi",40080,22.2889,NA,NA,NA,92,5.019,NA,6902.995,20.171,NA,NA,1626.247,1597.276,-6515.779,1,"Kristen Green",0,NA,2012,6758,1,NA,NA,NA,NA,NA,"rockfish","quillback",147,147,35,NA,NA,NA,NA,NA
"1215","2012_6758_1_SL.avi",43093,23.9644,NA,NA,NA,145,9.066,NA,8677.494,21.039,NA,NA,1727.39,2416.441,-8153.272,1,"Kristen Green",0,NA,2012,6758,1,NA,NA,NA,NA,NA,"rockfish","yelloweye",145,145,36,"AD","Fish chasing other fish",NA,"no length, fish blurry at end of FOV",NA
"1216","2012_6758_1_SL.avi",54392,30.2479,NA,NA,NA,28,2.392,NA,3738.107,23.995,NA,NA,843.566,1190.295,-3441.663,1,"Kristen Green",0,NA,2012,6758,1,NA,NA,NA,NA,NA,"rockfish","rosethorn",150,150,37,NA,NA,NA,NA,NA
"1217","2012_6758_1_SL.avi",56586,31.468,NA,NA,NA,200,165.205,NA,7991.398,34.179,NA,NA,-3482.336,2689.487,-6671.015,1,"Kristen Green",0,NA,2012,6758,1,NA,NA,NA,NA,NA,"rockfish","rosethorn",150,150,38,NA,NA,NA,"RMS huge, hard to get better RMS",NA
"1218","2012_6758_1_SL.avi",57061,31.7322,NA,NA,NA,44,2.03,NA,4925.957,16.36,NA,NA,-777.514,1046.505,-4750.3,1,"Kristen Green",0,NA,2012,6758,1,NA,NA,NA,NA,NA,"rockfish","rosethorn",150,150,39,NA,NA,NA,NA,NA
"1219","2012_6758_1_SL.avi",58137,32.3306,NA,NA,NA,46,2.765,NA,5176.562,18.904,NA,NA,1.573,1570.576,-4932.553,1,"Kristen Green",0,NA,2012,6758,1,NA,NA,NA,NA,NA,"rockfish","rosethorn",150,150,40,NA,NA,NA,NA,NA
"1220","2012_6758_1_SL.avi",59164,32.9017,NA,NA,NA,9,0.29,NA,2096.229,14.65,NA,NA,280.261,-493.86,-2017.853,1,"Kristen Green",0,NA,2012,6758,1,NA,NA,NA,NA,NA,"rockfish","rosethorn",150,150,41,NA,NA,NA,NA,NA
"1221","2012_6758_1_SL.avi",62460,34.7346,NA,NA,NA,121,1.098,NA,7888.958,22.233,NA,NA,-1450.691,2449.831,-7357.274,1,"Kristen Green",0,NA,2012,6758,1,NA,NA,NA,NA,NA,"rockfish","yelloweye",145,145,42,"AD","Fish milling",NA,NA,NA
"1222","2012_6758_1_SL.avi",62782,34.9137,NA,NA,595.658,47,1.737,3.065,3785.699,20.525,36.982,35.808,-1129.157,-774.385,-3529.426,1,"Kristen Green",0,NA,2012,6758,1,NA,NA,NA,NA,NA,"rockfish","yelloweye",145,145,42,"AD","Fish milling",NA,NA,NA
"1223","2012_6758_1_SL.avi",63901,35.536,NA,NA,NA,29,7.384,NA,4129.561,10.821,NA,NA,-589.711,415.308,-4066.083,1,"Kristen Green",0,NA,2012,6758,1,NA,NA,NA,NA,NA,"rockfish","yelloweye",145,145,43,"JV","Fish milling",NA,NA,NA
"1224","2012_6758_1_SL.avi",64071,35.6305,NA,NA,230.174,15,3.94,0.206,2321.904,17.392,33.15,41.965,-650.036,-291.12,-2209.964,1,"Kristen Green",0,NA,2012,6758,1,NA,NA,NA,NA,NA,"rockfish","yelloweye",145,145,43,"JV","Fish milling",NA,NA,NA
"1225","2012_6758_1_SL.avi",64445,35.8385,NA,NA,NA,72,0.307,NA,6051.209,19.744,NA,NA,-1622.505,1119.808,-5721.07,1,"Kristen Green",0,NA,2012,6758,1,NA,NA,NA,NA,NA,"rockfish","tiger",148,148,44,NA,NA,NA,NA,NA
"1226","2012_6758_1_SL.avi",64905,36.0943,NA,NA,NA,40,4.084,NA,4871.456,11.289,NA,NA,-642.086,601.391,-4791.36,1,"Kristen Green",0,NA,2012,6758,1,NA,NA,NA,NA,NA,"rockfish","rosethorn",150,150,45,NA,NA,NA,NA,NA
"1227","2012_6758_1_SL.avi",65417,36.379,NA,NA,NA,32,1.214,NA,4407.069,11.511,NA,NA,19.345,785.489,-4336.46,1,"Kristen Green",0,NA,2012,6758,1,NA,NA,NA,NA,NA,"rockfish","tiger",148,148,46,NA,NA,NA,NA,NA
"1228","2012_6758_2_SL.avi",3713,2.0648,NA,NA,NA,31,0.383,NA,4304.586,12.771,NA,NA,-158.798,847.035,-4217.437,1,"Kristen Green",0,NA,2012,6758,2,NA,NA,NA,NA,NA,"rockfish","rosethorn",150,150,1,NA,NA,NA,NA,NA
"1229","2012_6758_2_SL.avi",5406,3.0063,NA,NA,NA,58,2.331,NA,6025.55,11.614,NA,NA,-4.578,1084.857,-5927.083,1,"Kristen Green",0,NA,2012,6758,2,NA,NA,NA,NA,NA,"rockfish",NA,NA,NA,2,NA,NA,NA,"possible ye - too blurry to ID",NA
"1230","2012_6758_2_SL.avi",5548,3.0853,NA,NA,NA,65,1.292,NA,6191.794,14.475,NA,NA,-375.83,1371.104,-6026.371,1,"Kristen Green",0,NA,2012,6758,2,NA,NA,NA,NA,NA,"rockfish","rosethorn",150,150,3,NA,NA,NA,NA,NA
"1231","2012_6758_2_SL.avi",9686,5.3865,NA,NA,NA,25,13.458,NA,3273.457,30.194,NA,NA,1327.509,912.194,-2849.761,1,"Kristen Green",0,NA,2012,6758,2,NA,NA,NA,NA,NA,"rockfish","yelloweye",145,145,4,"AD","Fish moving slowly into frame",NA,NA,NA
"1232","2012_6758_2_SL.avi",9842,5.4732,NA,NA,618.147,41,13.469,9.371,3608.82,22.896,34.356,27.004,884.911,1017.753,-3347.341,1,"Kristen Green",0,NA,2012,6758,2,NA,NA,NA,NA,NA,"rockfish","yelloweye",145,145,4,"AD","Fish moving slowly into frame",NA,NA,NA
"1233","2012_6758_2_SL.avi",11466,6.3764,NA,NA,NA,134,3.476,NA,7593.936,26.705,NA,NA,-2704.621,1933.682,-6827.427,1,"Kristen Green",0,NA,2012,6758,2,NA,NA,NA,NA,NA,"rockfish","yelloweye",145,145,5,"JV","Fish resting on bottom",NA,NA,NA
"1234","2012_6758_2_SL.avi",11799,6.5615,NA,NA,240.277,19,2.853,0.498,3706.125,12.767,9.918,15.887,-548.902,529.401,-3626.817,1,"Kristen Green",0,NA,2012,6758,2,NA,NA,NA,NA,NA,"rockfish","yelloweye",145,145,5,"JV","Fish resting on bottom",NA,NA,NA
"1235","2012_6758_2_SL.avi",12044,6.6978,NA,NA,NA,26,0.995,NA,3865.4,12.586,NA,NA,-769.192,261.432,-3779.062,1,"Kristen Green",0,NA,2012,6758,2,NA,NA,NA,NA,NA,"rockfish","rosethorn",150,150,6,NA,NA,NA,NA,NA
"1236","2012_6758_2_SL.avi",12118,6.7389,NA,NA,NA,68,6.764,NA,5812.857,21.588,NA,NA,-1509.793,1397.325,-5436.664,1,"Kristen Green",0,NA,2012,6758,2,NA,NA,NA,NA,NA,"rockfish","rosethorn",150,150,7,NA,NA,NA,NA,NA
"1237","2012_6758_2_SL.avi",12102,6.73,NA,NA,NA,19,3.549,NA,3509.463,5.052,NA,NA,145.401,196.874,-3500.918,1,"Kristen Green",0,NA,2012,6758,2,NA,NA,NA,NA,NA,"rockfish","rosethorn",150,150,8,NA,NA,NA,NA,NA
"1238","2012_6758_2_SL.avi",12140,6.7512,NA,NA,NA,33,7.724,NA,4502.431,10.974,NA,NA,140.763,749.45,-4437.386,1,"Kristen Green",0,NA,2012,6758,2,NA,NA,NA,NA,NA,"rockfish","rosethorn",150,150,9,NA,NA,NA,NA,NA
"1239","2012_6758_2_SL.avi",13450,7.4797,NA,NA,NA,84,2.397,NA,6721.724,22.114,NA,NA,-759.614,2278.241,-6278.071,1,"Kristen Green",0,NA,2012,6758,2,NA,NA,NA,NA,NA,"rockfish","rosethorn",150,150,10,NA,NA,NA,NA,NA
"1240","2012_6758_2_SL.avi",13451,7.4802,NA,NA,NA,53,1.004,NA,5547.917,19.66,NA,NA,-87.102,1750.875,-5263.671,1,"Kristen Green",0,NA,2012,6758,2,NA,NA,NA,NA,NA,"rockfish","rosethorn",150,150,11,NA,NA,NA,NA,NA
"1241","2012_6758_2_SL.avi",18574,10.3292,NA,NA,NA,15,1.89,NA,3055.827,4.806,NA,NA,-112.674,163.85,-3049.35,1,"Kristen Green",0,NA,2012,6758,2,NA,NA,NA,NA,NA,"rockfish","rosethorn",150,150,12,NA,NA,NA,NA,NA
"1242","2012_6758_2_SL.avi",21190,11.784,NA,NA,NA,27,1.826,NA,3637.765,20.754,NA,NA,1282.622,-202.116,-3398.141,1,"Kristen Green",0,NA,2012,6758,2,NA,NA,NA,NA,NA,"rockfish","rosethorn",150,150,13,NA,NA,NA,NA,NA
"1243","2012_6758_2_SL.avi",22560,12.5458,NA,NA,NA,46,5.314,NA,5000.243,15.301,NA,NA,-983.574,774.854,-4840.931,1,"Kristen Green",0,NA,2012,6758,2,NA,NA,NA,NA,NA,"rockfish","tiger",148,148,14,NA,NA,NA,NA,NA
"1244","2012_6758_2_SL.avi",25466,14.1619,NA,NA,NA,54,2.29,NA,5310.756,19.913,NA,NA,-1064.138,1354.1,-5023.759,1,"Kristen Green",0,NA,2012,6758,2,NA,NA,NA,NA,NA,"rockfish","rosethorn",150,150,15,NA,NA,NA,NA,NA
"1245","2012_6758_2_SL.avi",30206,16.7979,NA,NA,NA,73,0.958,NA,6529.464,18.365,NA,NA,-185.524,1914.132,-6239.838,1,"Kristen Green",0,NA,2012,6758,2,NA,NA,NA,NA,NA,"rockfish","rosethorn",150,150,16,NA,NA,NA,NA,NA
"1246","2012_6758_2_SL.avi",38724,21.5348,NA,NA,NA,62,7.999,NA,5906.791,16.614,NA,NA,783.128,1373.288,-5691.307,1,"Kristen Green",0,NA,2012,6758,2,NA,NA,NA,NA,NA,"rockfish","rosethorn",150,150,17,NA,NA,NA,NA,NA
"1247","2012_6758_2_SL.avi",39179,21.7878,NA,NA,NA,80,15.61,NA,5884.259,27.847,NA,NA,-1977.353,1795.964,-5243.005,1,"Kristen Green",0,NA,2012,6758,2,NA,NA,NA,NA,NA,"rockfish","yelloweye",145,145,18,"AD","Fish milling",NA,"can't get length",NA
"1248","2012_6758_2_SL.avi",39146,21.7695,NA,NA,NA,19,4.49,NA,2811.589,26.929,NA,NA,-1256.5,-260.502,-2501.675,1,"Jenny Stahl",0,NA,2012,6758,2,NA,NA,NA,NA,NA,"rockfish","yelloweye",145,145,19,"JV","Fish moving quickly into frame",NA,"no length - washed out",NA
"1249","2012_6758_2_SL.avi",41270,22.9507,NA,NA,NA,4,7.525,NA,1357.073,18.063,NA,NA,340.768,-274.742,-1284.539,1,"Kristen Green",0,NA,2012,6758,2,NA,NA,NA,NA,NA,"rockfish","black",142,142,20,NA,NA,NA,NA,NA
"1250","2012_6758_2_SL.avi",45452,25.2763,NA,NA,NA,75,10.885,NA,5696.052,26.009,NA,NA,-2157.232,1147.85,-5145.269,1,"Kristen Green",0,NA,2012,6758,2,NA,NA,NA,NA,NA,"rockfish","rosethorn",150,150,21,NA,NA,NA,NA,NA
"1251","2012_6758_2_SL.avi",46349,25.7751,NA,NA,NA,100,6.747,NA,6687.164,29.771,NA,NA,2244.559,2320.547,-5856.209,1,"Kristen Green",0,NA,2012,6758,2,NA,NA,NA,NA,NA,"rockfish","yelloweye",145,145,22,"AD","Fish resting on bottom",NA,NA,NA
"1252","2012_6758_2_SL.avi",46954,26.1116,NA,NA,550.489,7,3.711,0.281,2460.36,6.188,5.057,6.335,249.766,-142.122,-2443.52,1,"Kristen Green",0,NA,2012,6758,2,NA,NA,NA,NA,NA,"rockfish","yelloweye",145,145,22,"AD","Fish resting on bottom",NA,NA,NA
"1253","2012_6758_2_SL.avi",52952,29.4471,NA,NA,NA,50,1.123,NA,5319.716,20.45,NA,NA,55.172,1749.376,-5023.547,1,"Kristen Green",0,NA,2012,6758,2,NA,NA,NA,NA,NA,"greenling","lingcod",130,130,23,NA,NA,NA,NA,NA
"1254","2012_6758_2_SL.avi",53121,29.5411,NA,NA,664.272,15,6.453,0.201,3262.304,4.139,11.933,4.485,-113.089,135.956,-3257.507,1,"Kristen Green",0,NA,2012,6758,2,NA,NA,NA,NA,NA,"greenling","lingcod",130,130,23,NA,NA,NA,NA,NA
"1255","2012_6758_2_SL.avi",54816,30.4837,NA,NA,NA,103,5.961,NA,6811.935,28.748,NA,NA,2289.597,2213.439,-6021.702,1,"Kristen Green",0,NA,2012,6758,2,NA,NA,NA,NA,NA,"rockfish","quillback",147,147,24,NA,NA,NA,NA,NA
"1256","2012_6758_2_SL.avi",55626,30.9342,NA,NA,NA,50,8.706,NA,5135.793,21.31,NA,NA,-760.647,1600.284,-4820.465,1,"Kristen Green",0,NA,2012,6758,2,NA,NA,NA,NA,NA,"rockfish","yelloweye",145,145,25,"JV","Fish resting on bottom",NA,NA,NA
"1257","2012_6758_2_SL.avi",55824,31.0443,NA,NA,180.278,21,1.946,0.11,3007.435,22.056,9.684,22.78,-1067.324,308.558,-2794.687,1,"Kristen Green",0,NA,2012,6758,2,NA,NA,NA,NA,NA,"rockfish","yelloweye",145,145,25,"JV","Fish resting on bottom",NA,NA,NA
"1258","2012_6758_2_SL.avi",57363,31.9001,NA,NA,NA,10,2.954,NA,2075.604,26.723,NA,NA,-909.317,170.263,-1858.033,1,"Kristen Green",0,NA,2012,6758,2,NA,NA,NA,NA,NA,"rockfish","quillback",147,147,26,NA,NA,NA,NA,NA
"1259","2012_6758_2_SL.avi",57528,31.9919,NA,NA,NA,42,1.204,NA,4926.021,19.567,NA,NA,-82.275,1546.745,-4676.163,1,"Kristen Green",0,NA,2012,6758,2,NA,NA,NA,NA,NA,"rockfish","quillback",147,147,27,NA,NA,NA,NA,NA
"1260","2012_6758_2_SL.avi",57683,32.0781,NA,NA,NA,63,10.16,NA,5186.535,30.893,NA,NA,2094.73,1547.351,-4485.304,1,"Kristen Green",0,NA,2012,6758,2,NA,NA,NA,NA,NA,"rockfish","quillback",147,147,28,NA,NA,NA,NA,NA
"1261","2012_6758_2_SL.avi",58474,32.518,NA,NA,NA,50,0.384,NA,5348.394,17.419,NA,NA,-421.628,1433.652,-5135.386,1,"Kristen Green",0,NA,2012,6758,2,NA,NA,NA,NA,NA,"rockfish","rosethorn",150,150,29,NA,NA,NA,NA,NA
"1262","2012_6758_2_SL.avi",58750,32.6715,NA,NA,NA,69,2.118,NA,6408.905,13.745,NA,NA,489.396,1306.742,-6255.156,1,"Kristen Green",0,NA,2012,6758,2,NA,NA,NA,NA,NA,"rockfish","quillback",147,147,30,NA,NA,NA,NA,NA
"1263","2012_6758_2_SL.avi",60864,33.8471,NA,NA,NA,27,5.438,NA,3904.611,20.753,NA,NA,163.203,1294.469,-3680.177,1,"Kristen Green",0,NA,2012,6758,2,NA,NA,NA,NA,NA,"rockfish","quillback",147,147,31,NA,NA,NA,NA,NA
"1264","2012_6758_2_SL.avi",62964,35.0149,NA,NA,NA,43,7.078,NA,4934.732,15.443,NA,NA,677.924,1022.266,-4779.851,1,"Kristen Green",0,NA,2012,6758,2,NA,NA,NA,NA,NA,"rockfish","quillback",147,147,32,NA,NA,NA,NA,NA
"1265","2012_6758_2_SL.avi",63108,35.095,NA,NA,NA,72,10.214,NA,5443.477,27.446,NA,NA,-2201.457,1098.653,-4855.717,1,"Kristen Green",0,NA,2012,6758,2,NA,NA,NA,NA,NA,"rockfish","quillback",147,147,33,NA,NA,NA,NA,NA
"1266","2012_6758_2_SL.avi",63159,35.1234,NA,NA,NA,34,8.767,NA,3580.249,28.446,NA,NA,-1679.622,-363.491,-3140.848,1,"Kristen Green",0,NA,2012,6758,2,NA,NA,NA,NA,NA,"rockfish","yelloweye",145,145,34,"AD","Fish moving slowly into frame",NA,"can't get length",NA
"1267","2012_6758_2_SL.avi",63272,35.1862,NA,NA,NA,61,2.733,NA,4746.673,28.761,NA,NA,-2277.318,-263.165,-4156.378,1,"Kristen Green",0,NA,2012,6758,2,NA,NA,NA,NA,NA,"rockfish","rosethorn",150,150,35,NA,NA,NA,NA,NA
"1268","2012_6758_2_SL.avi",63846,35.5054,NA,NA,NA,16,0.236,NA,2957.404,21.464,NA,NA,145.56,1012.45,-2774.887,1,"Kristen Green",0,NA,2012,6758,2,NA,NA,NA,NA,NA,"rockfish","yelloweye",145,145,36,"AD","Fish milling",NA,"can't get accurate length",NA
"1269","2012_6759_1_SL.avi",692,0.3848,NA,NA,NA,63,6.059,NA,5545.132,23.558,NA,NA,1522.843,1499.684,-5116.677,1,"Kristen Green",0,NA,2012,6759,1,NA,NA,NA,NA,NA,"rockfish","yelloweye",145,145,1,"AD","Fish milling",NA,NA,NA
"1270","2012_6759_1_SL.avi",782,0.4349,NA,NA,477.639,53,6.378,5.461,4175.557,23.246,17.875,5.648,1623.583,199.528,-3841.802,1,"Kristen Green",0,NA,2012,6759,1,NA,NA,NA,NA,NA,"rockfish","yelloweye",145,145,1,"AD","Fish milling",NA,NA,NA
"1271","2012_6759_1_SL.avi",6504,3.6169,NA,NA,NA,31,4.322,NA,4069.076,14.693,NA,NA,-1025.258,-203.46,-3932.534,1,"Kristen Green",0,NA,2012,6759,1,NA,NA,NA,NA,NA,"rockfish","rosethorn",150,150,2,NA,NA,NA,NA,NA
"1272","2012_6759_1_SL.avi",5561,3.0925,NA,NA,NA,14,1.74,NA,2890.832,8.074,NA,NA,-403.347,-108.724,-2860.489,1,"Kristen Green",0,NA,2012,6759,1,NA,NA,NA,NA,NA,"rockfish","rosethorn",150,150,3,NA,NA,NA,NA,NA
"1273","2012_6759_1_SL.avi",7030,3.9095,NA,NA,NA,18,1.437,NA,3168.032,12.795,NA,NA,688.311,69.071,-3091.582,1,"Kristen Green",0,NA,2012,6759,1,NA,NA,NA,NA,NA,"rockfish","rosethorn",150,150,4,NA,NA,NA,NA,NA
"1274","2012_6759_1_SL.avi",10660,5.9281,NA,NA,NA,55,4.275,NA,5258.875,20.522,NA,NA,-1225.557,1270.225,-4953.817,1,"Kristen Green",0,NA,2012,6759,1,NA,NA,NA,NA,NA,"rockfish","rosethorn",150,150,6,NA,NA,NA,NA,NA
"1275","2012_6759_1_SL.avi",11952,6.6466,NA,NA,NA,66,9.147,NA,6226.81,15.559,NA,NA,-439.701,1480.949,-6032.132,1,"Kristen Green",0,NA,2012,6759,1,NA,NA,NA,NA,NA,"rockfish","rosethorn",150,150,7,NA,NA,NA,NA,NA
"1276","2012_6759_1_SL.avi",12885,7.1655,NA,NA,NA,37,0.266,NA,4404.451,17.82,NA,NA,-971.218,843.501,-4212.414,1,"Kristen Green",0,NA,2012,6759,1,NA,NA,NA,NA,NA,"rockfish","rosethorn",150,150,8,NA,NA,NA,NA,NA
"1277","2012_6759_1_SL.avi",16560,9.2092,NA,NA,NA,16,5.959,NA,2614.747,27.091,NA,NA,-1188.441,24.116,-2328.933,1,"Kristen Green",0,NA,2012,6759,1,NA,NA,NA,NA,NA,"rockfish","rosethorn",150,150,9,NA,NA,NA,NA,NA
"1278","2012_6759_1_SL.avi",16698,9.2859,NA,NA,NA,29,3.079,NA,3645.098,23.808,NA,NA,-1399.146,383.108,-3344.003,1,"Kristen Green",0,NA,2012,6759,1,NA,NA,NA,NA,NA,"rockfish","rosethorn",150,150,10,NA,NA,NA,NA,NA
"1279","2012_6759_1_SL.avi",21057,11.71,NA,NA,NA,187,27.264,NA,8530.135,29.518,NA,NA,-3425.19,2273.928,-7473.991,1,"Kristen Green",0,NA,2012,6759,1,NA,NA,NA,NA,NA,"rockfish",NA,NA,NA,12,NA,NA,NA,NA,NA
"1280","2012_6759_1_SL.avi",27023,15.0278,NA,NA,NA,53,7.347,NA,4589.209,28.676,NA,NA,-1943.496,948.042,-4047.824,1,"Kristen Green",0,NA,2012,6759,1,NA,NA,NA,NA,NA,"rockfish","rosethorn",150,150,13,NA,NA,NA,NA,NA
"1281","2012_6759_1_SL.avi",41929,23.3171,NA,NA,NA,44,5.107,NA,5012.852,14.519,NA,NA,-553.523,1022.86,-4876.07,1,"Kristen Green",0,NA,2012,6759,1,NA,NA,NA,NA,NA,"rockfish","rosethorn",150,150,15,NA,NA,NA,NA,NA
"1282","2012_6759_1_SL.avi",42712,23.7526,NA,NA,NA,14,4.38,NA,2701.318,16.674,NA,NA,-775.048,-62.674,-2586.984,1,"Kristen Green",0,NA,2012,6759,1,NA,NA,NA,NA,NA,"rockfish","rosethorn",150,150,16,NA,NA,NA,NA,NA
"1283","2012_6759_1_SL.avi",43023,23.9255,NA,NA,NA,38,4.186,NA,4700.89,16.171,NA,NA,-264.252,1184.123,-4541.629,1,"Kristen Green",0,NA,2012,6759,1,NA,NA,NA,NA,NA,"rockfish","rosethorn",150,150,17,NA,NA,NA,NA,NA
"1284","2012_6759_1_SL.avi",43495,24.188,NA,NA,NA,37,0.949,NA,4881.536,5.058,NA,NA,-372.154,110.691,-4866.07,1,"Kristen Green",0,NA,2012,6759,1,NA,NA,NA,NA,NA,"rockfish","yelloweye",145,145,18,"AD","Fish actively swimming within frame",NA,NA,NA
"1285","2012_6759_1_SL.avi",43610,24.252,NA,NA,539.805,38,7.901,1.031,2825.345,13.706,88.637,34.993,-506.033,-497.672,-2734.744,1,"Kristen Green",0,NA,2012,6759,1,NA,NA,NA,NA,NA,"rockfish","yelloweye",145,145,18,"AD","Fish actively swimming within frame",NA,NA,NA
"1286","2012_6759_1_SL.avi",47836,26.6021,NA,NA,NA,32,6.068,NA,4226.557,19.121,NA,NA,408.353,1236.016,-4021.106,1,"Kristen Green",0,NA,2012,6759,1,NA,NA,NA,NA,NA,"rockfish","rosethorn",150,150,19,NA,NA,NA,NA,NA
"1287","2012_6759_1_SL.avi",48762,27.117,NA,NA,NA,30,7.183,NA,3966.529,19.118,NA,NA,835.322,913.452,-3768.447,1,"Kristen Green",0,NA,2012,6759,1,NA,NA,NA,NA,NA,"rockfish","rosethorn",150,150,20,NA,NA,NA,NA,NA
"1288","2012_6759_1_SL.avi",51234,28.4917,NA,NA,NA,48,3.644,NA,4686.32,25.211,NA,NA,-1514.918,1207.724,-4267.086,1,"Kristen Green",0,NA,2012,6759,1,NA,NA,NA,NA,NA,"rockfish","rosethorn",150,150,21,NA,NA,NA,NA,NA
"1289","2012_6759_1_SL.avi",53476,29.7385,NA,NA,NA,28,2.626,NA,3986.007,9.512,NA,NA,-601.794,-352.901,-3924.481,1,"Kristen Green",0,NA,2012,6759,1,NA,NA,NA,NA,NA,"rockfish","rosethorn",150,150,22,NA,NA,NA,NA,NA
"1290","2012_6759_1_SL.avi",55447,30.8346,NA,NA,NA,18,1.992,NA,3410.01,2.088,NA,NA,-37.415,44.628,-3409.513,1,"Kristen Green",0,NA,2012,6759,1,NA,NA,NA,NA,NA,"rockfish","tiger",148,148,23,NA,NA,NA,NA,NA
"1291","2012_6759_1_SL.avi",56472,31.4046,NA,NA,NA,22,8.739,NA,3750.418,5.187,NA,NA,234.617,163.782,-3739.487,1,"Kristen Green",0,NA,2012,6759,1,NA,NA,NA,NA,NA,"rockfish","tiger",148,148,24,NA,NA,NA,NA,NA
"1292","2012_6759_1_SL.avi",57582,32.0219,NA,NA,NA,26,6.122,NA,4036.574,3.989,NA,NA,-149.548,-324.882,-4020.698,1,"Kristen Green",0,NA,2012,6759,1,NA,NA,NA,NA,NA,"rockfish","rosethorn",150,150,25,NA,NA,NA,NA,NA
"1293","2012_6759_1_SL.avi",59454,33.063,NA,NA,NA,13,2.279,NA,2734.372,6.902,NA,NA,-328.154,-42.206,-2714.282,1,"Kristen Green",0,NA,2012,6759,1,NA,NA,NA,NA,NA,"rockfish","rosethorn",150,150,26,NA,NA,NA,NA,NA
"1294","2012_6759_1_SL.avi",31433,41.835,NA,NA,NA,30,0.166,NA,4261.15,13.841,NA,NA,89.541,925.539,-4158.457,1,"Jenny Stahl",0,NA,2012,6759,1,NA,NA,NA,NA,NA,"rockfish","silvergray",157,157,27,NA,NA,NA,NA,NA
"1295","2012_6759_1_SL.avi",50193,52.2677,NA,NA,NA,5,14.782,NA,1661.056,2.208,NA,NA,57.764,-63.516,-1658.835,1,"Jenny Stahl",0,NA,2012,6759,1,NA,NA,NA,NA,NA,"rockfish","silvergray",157,157,28,NA,NA,NA,NA,NA
"1296","2012_6759_2_SL.avi",3766,2.0943,NA,NA,NA,25,5.942,NA,3484.117,24.99,NA,NA,-680.123,1236.59,-3185.491,1,"Kristen Green",0,NA,2012,6759,2,NA,NA,NA,NA,NA,"rockfish","yelloweye",145,145,1,"AD","Fish actively swimming within frame",NA,NA,NA
"1297","2012_6759_2_SL.avi",3791,2.1082,NA,NA,543.132,16,5.205,9.429,3113.889,20.121,8.444,1.224,-638.179,796.754,-2941.804,1,"Kristen Green",0,NA,2012,6759,2,NA,NA,NA,NA,NA,"rockfish","yelloweye",145,145,1,"AD","Fish actively swimming within frame",NA,NA,NA
"1298","2012_6759_2_SL.avi",4559,2.5353,NA,NA,NA,19,10.087,NA,2996.329,19.82,NA,NA,-1006.222,-201.349,-2815.131,1,"Kristen Green",0,NA,2012,6759,2,NA,NA,NA,NA,NA,"rockfish","rosethorn",150,150,2,NA,NA,NA,NA,NA
"1299","2012_6759_2_SL.avi",5001,2.7811,NA,NA,NA,9,2.031,NA,2007.204,20.889,NA,NA,-585.461,-452.175,-1865.916,1,"Kristen Green",0,NA,2012,6759,2,NA,NA,NA,NA,NA,"rockfish","rosethorn",150,150,3,NA,NA,NA,NA,NA
"1300","2012_6759_2_SL.avi",8076,4.4911,NA,NA,NA,45,5.666,NA,4683.785,21.347,NA,NA,-1316.951,988.079,-4384.881,1,"Kristen Green",0,NA,2012,6759,2,NA,NA,NA,NA,NA,"rockfish","quillback",147,147,4,NA,NA,NA,NA,NA
"1301","2012_6759_2_SL.avi",8736,4.8582,NA,NA,NA,2,8.997,NA,811.838,13.434,NA,NA,-87.991,-183.899,-785.825,1,"Kristen Green",0,NA,2012,6759,2,NA,NA,NA,NA,NA,"rockfish","black",142,142,5,NA,NA,NA,NA,NA
"1302","2012_6759_2_SL.avi",9258,5.1485,NA,NA,NA,25,4.538,NA,3775.076,13.195,NA,NA,-842.93,99.349,-3678.424,1,"Kristen Green",0,NA,2012,6759,2,NA,NA,NA,NA,NA,"rockfish","rosethorn",150,150,6,NA,NA,NA,NA,NA
"1303","2012_6759_2_SL.avi",45973,25.566,NA,NA,NA,52,5.239,NA,4515.204,28.484,NA,NA,-2013.935,676.095,-3984.222,1,"Kristen Green",0,NA,2012,6759,2,NA,NA,NA,NA,NA,"rockfish","rosethorn",150,150,7,NA,NA,NA,NA,NA
"1304","2012_6759_2_SL.avi",49296,27.414,NA,NA,NA,26,2.793,NA,3675.011,14.857,NA,NA,-670.492,-738.921,-3536.968,1,"Kristen Green",0,NA,2012,6759,2,NA,NA,NA,NA,NA,"rockfish","rosethorn",150,150,8,NA,NA,NA,NA,NA
"1305","2012_6759_2_SL.avi",51216,28.4817,NA,NA,NA,18,7.376,NA,3357.148,2.629,NA,NA,63.294,67.654,-3355.87,1,"Kristen Green",0,NA,2012,6759,2,NA,NA,NA,NA,NA,"rockfish","quillback",147,147,9,NA,NA,NA,NA,NA
"1306","2012_6759_2_SL.avi",55007,30.5899,NA,NA,NA,18,0.254,NA,2893.778,23.44,NA,NA,1014.378,-601.518,-2642.568,1,"Kristen Green",0,NA,2012,6759,2,NA,NA,NA,NA,NA,"rockfish","rosethorn",150,150,10,NA,NA,NA,NA,NA
"1307","2012_6759_2_SL.avi",55112,30.6483,NA,NA,NA,33,5.48,NA,4244.613,20.781,NA,NA,326.306,1383.882,-3999.392,1,"Kristen Green",0,NA,2012,6759,2,NA,NA,NA,NA,NA,"rockfish","yelloweye",145,145,11,"AD","Fish moving quickly into frame",NA,"debated whether to include this fish, but after discussion, decided to include it",NA
"1308","2012_6759_2_SL.avi",55125,30.6556,NA,NA,499.834,20,2.209,4.623,4240.329,19.583,1.92,24.204,626.132,1188.993,-4021.772,1,"Kristen Green",0,NA,2012,6759,2,NA,NA,NA,NA,NA,"rockfish","yelloweye",145,145,11,"AD","Fish moving quickly into frame",NA,"debated whether to include this fish, but after discussion, decided to include it",NA
"1309","2012_6759_2_SL.avi",58891,32.7499,NA,NA,NA,31,0.767,NA,4047.113,16.289,NA,NA,-1134.102,-35.303,-3884.803,1,"Kristen Green",0,NA,2012,6759,2,NA,NA,NA,NA,NA,"rockfish","rosethorn",150,150,12,NA,NA,NA,NA,NA
"1310","2012_6759_2_SL.avi",59853,33.2849,NA,NA,NA,41,6.162,NA,4933.104,13.964,NA,NA,224.549,1065.021,-4811.53,1,"Kristen Green",0,NA,2012,6759,2,NA,NA,NA,NA,NA,"rockfish","rosethorn",150,150,13,NA,NA,NA,NA,NA
"1311","2012_6759_2_SL.avi",61589,34.2503,NA,NA,NA,30,0.991,NA,4197.182,15.3,NA,NA,141.886,1010.439,-4071.267,1,"Kristen Green",0,NA,2012,6759,2,NA,NA,NA,NA,NA,"rockfish","rosethorn",150,150,14,NA,NA,NA,NA,NA
"1312","2012_6759_2_SL.avi",63904,35.5377,NA,NA,NA,42,2.995,NA,4841.878,18.109,NA,NA,-392.726,1352.75,-4632.453,1,"Kristen Green",0,NA,2012,6759,2,NA,NA,NA,NA,NA,"rockfish","quillback",147,147,15,NA,NA,NA,NA,NA
"1313","2012_6759_2_SL.avi",64305,35.7607,NA,NA,NA,24,3.216,NA,3445.604,21.622,NA,NA,-774.795,936.167,-3224.201,1,"Kristen Green",0,NA,2012,6759,2,NA,NA,NA,NA,NA,"rockfish","tiger",148,148,16,NA,NA,NA,NA,NA
"1314","2012_6759_2_SL.avi",64305,35.7607,NA,NA,NA,19,6.182,NA,3111.178,24.361,NA,NA,-566.914,1089.643,-2858.446,1,"Kristen Green",0,NA,2012,6759,2,NA,NA,NA,NA,NA,"rockfish","rosethorn",150,150,17,NA,NA,NA,NA,NA
"1315","2012_6759_2_SL.avi",64947,36.1177,NA,NA,NA,38,1.082,NA,4726.878,12.419,NA,NA,-596,723.303,-4633.033,1,"Kristen Green",0,NA,2012,6759,2,NA,NA,NA,NA,NA,"rockfish","rosethorn",150,150,18,NA,NA,NA,NA,NA
"1316","2012_6759_2_SL.avi",48470,26.9547,NA,NA,NA,12,0.301,NA,2630.65,10.745,NA,NA,204.239,-501.825,-2574.253,1,"Kristen Green",0,NA,2012,6759,2,NA,NA,NA,NA,NA,"rockfish","yelloweye",145,145,19,"JV","Fish resting on bottom",NA,"can't get a length",NA
"1317","2012_6761_1_SL.avi",2311,1.2852,NA,NA,NA,86,5.67,NA,6953.972,17.471,NA,NA,711.94,1818.417,-6674.146,1,"Kristen Green",0,NA,2012,6761,1,NA,NA,NA,NA,NA,"rockfish","tiger",148,148,1,NA,NA,NA,NA,NA
"1318","2012_6761_1_SL.avi",6283,3.494,NA,NA,NA,25,2.92,NA,3772.374,13.142,NA,NA,751.079,334.471,-3681.687,1,"Kristen Green",0,NA,2012,6761,1,NA,NA,NA,NA,NA,"rockfish","rosethorn",150,150,2,NA,NA,NA,NA,NA
"1319","2012_6761_1_SL.avi",6722,3.7382,NA,NA,NA,27,7.162,NA,3942.122,12.546,NA,NA,615.57,511.73,-3859.991,1,"Kristen Green",0,NA,2012,6761,1,NA,NA,NA,NA,NA,"rockfish","rosethorn",150,150,3,NA,NA,NA,NA,NA
"1320","2012_6761_1_SL.avi",7930,4.41,NA,NA,NA,37,1.438,NA,4607.275,12.161,NA,NA,-823.406,416.029,-4513.968,1,"Kristen Green",0,NA,2012,6761,1,NA,NA,NA,NA,NA,"rockfish","tiger",148,148,4,NA,NA,NA,NA,NA
"1321","2012_6761_1_SL.avi",8340,4.638,NA,NA,NA,7,4.059,NA,1837.001,20.394,NA,NA,-566.677,-334.978,-1715.004,1,"Kristen Green",0,NA,2012,6761,1,NA,NA,NA,NA,NA,"rockfish","silvergray",157,157,5,NA,NA,NA,NA,NA
"1322","2012_6761_1_SL.avi",12310,6.8457,NA,NA,NA,60,1.733,NA,5677.625,20.389,NA,NA,758.52,1711.092,-5360.246,1,"Kristen Green",0,NA,2012,6761,1,NA,NA,NA,NA,NA,"rockfish","rosethorn",150,150,6,NA,NA,NA,NA,NA
"1323","2012_6761_1_SL.avi",13469,7.4902,NA,NA,NA,96,8.344,NA,6724.014,22.64,NA,NA,-2345.48,959.939,-6228.13,1,"Kristen Green",0,NA,2012,6761,1,NA,NA,NA,NA,NA,"rockfish","tiger",148,148,7,NA,NA,NA,NA,NA
"1324","2012_6761_1_SL.avi",28178,15.6701,NA,NA,NA,28,1.952,NA,3987.386,20.4,NA,NA,-114.533,1303.84,-3766.448,1,"Kristen Green",0,NA,2012,6761,1,NA,NA,NA,NA,NA,"rockfish","canary",146,146,8,NA,NA,NA,NA,NA
"1325","2012_6761_1_SL.avi",31290,17.4007,NA,NA,NA,39,5.64,NA,4515.956,19.444,NA,NA,-802.906,1178.344,-4284.94,1,"Kristen Green",0,NA,2012,6761,1,NA,NA,NA,NA,NA,"rockfish","rosethorn",150,150,9,NA,NA,NA,NA,NA
"1326","2012_6761_1_SL.avi",33621,18.697,NA,NA,NA,35,1.86,NA,4567.412,14.585,NA,NA,-212.791,1034.241,-4443.683,1,"Kristen Green",0,NA,2012,6761,1,NA,NA,NA,NA,NA,"rockfish","rosethorn",150,150,10,NA,NA,NA,NA,NA
"1327","2012_6761_1_SL.avi",34411,19.1363,NA,NA,NA,46,10.149,NA,4738.055,22.389,NA,NA,1538.497,848.204,-4400.311,1,"Kristen Green",0,NA,2012,6761,1,NA,NA,NA,NA,NA,"rockfish","tiger",148,148,12,NA,NA,NA,NA,NA
"1328","2012_6761_1_SL.avi",37776,21.0076,NA,NA,NA,14,5.538,NA,2915.02,2.883,NA,NA,-140.198,-105.969,-2909.718,1,"Kristen Green",0,NA,2012,6761,1,NA,NA,NA,NA,NA,"rockfish","rosethorn",150,150,13,NA,NA,NA,NA,NA
"1329","2012_6761_1_SL.avi",39672,22.062,NA,NA,NA,42,9.477,NA,4842,19.166,NA,NA,304.056,1460.845,-4606.349,1,"Kristen Green",0,NA,2012,6761,1,NA,NA,NA,NA,NA,"rockfish","rosethorn",150,150,14,NA,NA,NA,NA,NA
"1330","2012_6761_1_SL.avi",39792,22.1287,NA,NA,NA,20,2.734,NA,3466.214,9.705,NA,NA,-461.425,284.33,-3423.577,1,"Kristen Green",0,NA,2012,6761,1,NA,NA,NA,NA,NA,"rockfish","rosethorn",150,150,15,NA,NA,NA,NA,NA
"1331","2012_6761_1_SL.avi",41054,22.8305,NA,NA,NA,46,7.763,NA,5102.113,14.048,NA,NA,820.441,820.228,-4968.466,1,"Kristen Green",0,NA,2012,6761,1,NA,NA,NA,NA,NA,"rockfish","rosethorn",150,150,16,NA,NA,NA,NA,NA
"1332","2012_6761_1_SL.avi",44144,24.5489,NA,NA,NA,24,7.178,NA,3883.651,2.03,NA,NA,-63.484,-206.132,-3877.657,1,"Kristen Green",0,NA,2012,6761,1,NA,NA,NA,NA,NA,"rockfish","rosethorn",150,150,17,NA,NA,NA,NA,NA
"1333","2012_6761_1_SL.avi",46406,25.8068,NA,NA,NA,132,10.802,NA,8775.294,20.06,NA,NA,-18.514,2830.607,-8306.209,1,"Kristen Green",0,NA,2012,6761,1,NA,NA,NA,NA,NA,"rockfish","yelloweye",145,145,18,"AD","Fish milling",NA,NA,NA
"1334","2012_6761_1_SL.avi",46609,25.9197,NA,NA,526.423,43,4.533,5.556,4769.279,13.065,12.996,3.383,1077.692,-71.163,-4645.379,1,"Kristen Green",0,NA,2012,6761,1,NA,NA,NA,NA,NA,"rockfish","yelloweye",145,145,18,"AD","Fish milling",NA,NA,NA
"1335","2012_6761_1_SL.avi",46981,26.1266,NA,NA,NA,114,4.275,NA,7462.979,24.45,NA,NA,1905.399,2283.518,-6844.783,1,"Kristen Green",0,NA,2012,6761,1,NA,NA,NA,NA,NA,"rockfish","canary",146,146,19,NA,NA,NA,NA,NA
"1336","2012_6761_1_SL.avi",47219,26.259,NA,NA,NA,83,10.448,NA,6221.769,26.611,NA,NA,-1642.674,2130.248,-5610.176,1,"Kristen Green",0,NA,2012,6761,1,NA,NA,NA,NA,NA,"rockfish","canary",146,146,20,NA,NA,NA,NA,NA
"1337","2012_6761_1_SL.avi",47989,26.6872,NA,NA,NA,64,0.857,NA,5831.16,18.638,NA,NA,1218.621,1289.848,-5554.609,1,"Kristen Green",0,NA,2012,6761,1,NA,NA,NA,NA,NA,"greenling","lingcod",130,130,21,NA,NA,NA,NA,NA
"1338","2012_6761_1_SL.avi",48034,26.7122,NA,NA,832.748,63,1.612,6.664,4323.139,18.761,31.209,7.459,1192.002,626.992,-4107.985,1,"Kristen Green",0,NA,2012,6761,1,NA,NA,NA,NA,NA,"greenling","lingcod",130,130,21,NA,NA,NA,NA,NA
"1339","2012_6761_1_SL.avi",48886,27.186,NA,NA,NA,81,7.149,NA,5710.494,27.764,NA,NA,-2390.785,1056.556,-5077.162,1,"Kristen Green",0,NA,2012,6761,1,NA,NA,NA,NA,NA,"rockfish","rosethorn",150,150,22,NA,NA,NA,NA,NA
"1340","2012_6761_2_SL.avi",11162,6.2073,NA,NA,NA,94,7.055,NA,6630.448,24.257,NA,NA,-1919.78,1801.053,-6085.515,1,"Kristen Green",0,NA,2012,6761,2,NA,NA,NA,NA,NA,"rockfish","rosethorn",150,150,1,NA,NA,NA,NA,NA
"1341","2012_6761_2_SL.avi",15834,8.8054,NA,NA,583.134,10,0.281,1.239,2198.786,11.092,16.685,20.604,418.288,-109.833,-2155.837,1,"Kristen Green",0,NA,2012,6761,2,NA,NA,NA,NA,NA,"halibut","halibut",200,200,2,NA,NA,NA,NA,NA
"1342","2012_6761_2_SL.avi",15833,8.8049,NA,NA,NA,10,0.597,NA,2369.491,4.374,NA,NA,171.658,5.221,-2363.26,1,"Kristen Green",0,NA,2012,6761,2,NA,NA,NA,NA,NA,"halibut","halibut",200,200,2,NA,NA,NA,NA,NA
"1343","2012_6761_2_SL.avi",19815,11.0193,NA,NA,NA,37,3.7,NA,4019.461,25.813,NA,NA,-1580.778,672.712,-3633.822,1,"Kristen Green",0,NA,2012,6761,2,NA,NA,NA,NA,NA,"halibut","halibut",200,200,3,NA,NA,NA,"can't get length",NA
"1344","2012_6761_2_SL.avi",26028,14.4744,NA,NA,NA,31,1.001,NA,3632.405,26.061,NA,NA,-1580.47,150.076,-3267.102,1,"Kristen Green",0,NA,2012,6761,2,NA,NA,NA,NA,NA,"rockfish","rosethorn",150,150,4,NA,NA,NA,NA,NA
"1345","2012_6761_2_SL.avi",29289,16.2879,NA,NA,NA,32,1.903,NA,4361.715,15.711,NA,NA,-47.009,1088.92,-4223.34,1,"Kristen Green",0,NA,2012,6761,2,NA,NA,NA,NA,NA,"rockfish","rosethorn",150,150,5,NA,NA,NA,NA,NA
"1346","2012_6761_2_SL.avi",32246,17.9323,NA,NA,NA,55,1.48,NA,5199.191,21.994,NA,NA,-1335.933,1311.768,-4850.374,1,"Kristen Green",0,NA,2012,6761,2,NA,NA,NA,NA,NA,"rockfish","rosethorn",150,150,6,NA,NA,NA,NA,NA
"1347","2012_6761_2_SL.avi",34947,19.4344,NA,NA,NA,36,0.337,NA,4180.195,20.714,NA,NA,-1393.27,410.119,-3919.774,1,"Kristen Green",0,NA,2012,6761,2,NA,NA,NA,NA,NA,"rockfish","tiger",148,148,7,NA,NA,NA,NA,NA
"1348","2012_6761_2_SL.avi",36100,20.0756,NA,NA,NA,17,0.987,NA,2692.414,26.849,NA,NA,929.562,-835.805,-2384.625,1,"Kristen Green",0,NA,2012,6761,2,NA,NA,NA,NA,NA,"rockfish","rosethorn",150,150,8,NA,NA,NA,NA,NA
"1349","2012_6761_2_SL.avi",36571,20.3375,NA,NA,NA,20,4.85,NA,3066.737,22.409,NA,NA,1030.921,489.758,-2846.44,1,"Kristen Green",0,NA,2012,6761,2,NA,NA,NA,NA,NA,"rockfish","silvergray",157,157,9,NA,NA,NA,NA,NA
"1350","2012_6761_2_SL.avi",37288,20.7362,NA,NA,NA,78,10.226,NA,5818.773,26.512,NA,NA,-2069.882,1456,-5239.635,1,"Kristen Green",0,NA,2012,6761,2,NA,NA,NA,NA,NA,"rockfish","rosethorn",150,150,10,NA,NA,NA,NA,NA
"1351","2012_6761_2_SL.avi",37992,21.1277,NA,NA,NA,30,0.606,NA,4132.503,12.486,NA,NA,-596.644,577.412,-4048.233,1,"Kristen Green",0,NA,2012,6761,2,NA,NA,NA,NA,NA,"rockfish","rosethorn",150,150,11,NA,NA,NA,NA,NA
"1352","2012_6761_2_SL.avi",39562,22.0008,NA,NA,NA,29,2.956,NA,3421.919,26.643,NA,NA,-1483.924,-456.794,-3049.4,1,"Kristen Green",0,NA,2012,6761,2,NA,NA,NA,NA,NA,"rockfish","rosethorn",150,150,12,NA,NA,NA,NA,NA
"1353","2012_6761_2_SL.avi",41502,23.0797,NA,NA,NA,17,9.695,NA,3238.232,9.217,NA,NA,252.497,383.707,-3205.489,1,"Kristen Green",0,NA,2012,6761,2,NA,NA,NA,NA,NA,"rockfish","rosethorn",150,150,13,NA,NA,NA,NA,NA
"1354","2012_6761_2_SL.avi",46454,25.8335,NA,NA,NA,32,5.139,NA,4196.782,15.523,NA,NA,-999.929,423.773,-4053.83,1,"Kristen Green",0,NA,2012,6761,2,NA,NA,NA,NA,NA,"rockfish","rosethorn",150,150,14,NA,NA,NA,NA,NA
"1355","2012_6761_2_SL.avi",49919,27.7605,NA,NA,NA,19,7.711,NA,2991.263,21.419,NA,NA,1015.997,-461.535,-2775.317,1,"Kristen Green",0,NA,2012,6761,2,NA,NA,NA,NA,NA,"rockfish","rosethorn",150,150,15,NA,NA,NA,NA,NA
"1356","2012_6761_2_SL.avi",50231,27.934,NA,NA,NA,60,5.041,NA,5200.185,24.665,NA,NA,-2149.265,197.263,-4731.139,1,"Kristen Green",0,NA,2012,6761,2,NA,NA,NA,NA,NA,"rockfish","rosethorn",150,150,16,NA,NA,NA,NA,NA
"1357","2012_6761_2_SL.avi",50957,28.3377,NA,NA,NA,23,4.387,NA,3486.554,17.175,NA,NA,-922.083,385.729,-3340.215,1,"Kristen Green",0,NA,2012,6761,2,NA,NA,NA,NA,NA,"rockfish","rosethorn",150,150,17,NA,NA,NA,NA,NA
"1358","2012_6761_2_SL.avi",52731,29.3242,NA,NA,NA,23,6.503,NA,3792.723,6.603,NA,NA,261.411,267.351,-3774.246,1,"Kristen Green",0,NA,2012,6761,2,NA,NA,NA,NA,NA,"rockfish","rosethorn",150,150,18,NA,NA,NA,NA,NA
"1359","2012_6761_2_SL.avi",53761,29.897,NA,NA,NA,24,10.302,NA,3445.815,20.645,NA,NA,-1164.885,275.164,-3231.249,1,"Kristen Green",0,NA,2012,6761,2,NA,NA,NA,NA,NA,"rockfish","rosethorn",150,150,19,NA,NA,NA,NA,NA
"1360","2012_6761_2_SL.avi",54830,30.4915,NA,NA,NA,23,3.876,NA,3474.923,17.897,NA,NA,-964.344,386.958,-3315.93,1,"Kristen Green",0,NA,2012,6761,2,NA,NA,NA,NA,NA,"rockfish","rosethorn",150,150,21,NA,NA,NA,NA,NA
"1361","2012_6761_2_SL.avi",58146,32.3356,NA,NA,NA,33,2.327,NA,4026.094,23.778,NA,NA,1015.778,1186.115,-3710.898,1,"Kristen Green",0,NA,2012,6761,2,NA,NA,NA,NA,NA,"rockfish","rosethorn",150,150,22,NA,NA,NA,NA,NA
"1362","2012_6761_2_SL.avi",59009,32.8155,NA,NA,NA,32,3.223,NA,4380.578,12.727,NA,NA,26.53,871.876,-4292.853,1,"Kristen Green",0,NA,2012,6761,2,NA,NA,NA,NA,NA,"rockfish","rosethorn",150,150,23,NA,NA,NA,NA,NA
"1363","2012_6761_2_SL.avi",61058,33.955,NA,NA,NA,25,6.435,NA,3711.128,13.662,NA,NA,842.8,162.697,-3610.497,1,"Kristen Green",0,NA,2012,6761,2,NA,NA,NA,NA,NA,"rockfish","rosethorn",150,150,24,NA,NA,NA,NA,NA
"1364","2012_6762_1_SL.avi",3033,1.6867,NA,NA,NA,24,2.992,NA,3964.046,3.695,NA,NA,-91.865,152.573,-3960.043,1,"Kristen Green",0,NA,2012,6762,1,NA,NA,NA,NA,NA,"rockfish","quillback",147,147,1,NA,NA,NA,NA,NA
"1365","2012_6762_1_SL.avi",4538,2.5236,NA,NA,NA,62,8.715,NA,5526.502,22.371,NA,NA,1543.157,1318.257,-5140.34,1,"Kristen Green",0,NA,2012,6762,1,NA,NA,NA,NA,NA,"rockfish","tiger",148,148,2,NA,NA,NA,NA,NA
"1366","2012_6762_1_SL.avi",6520,3.6258,NA,NA,NA,16,1.451,NA,2878.865,15.71,NA,NA,-721.454,235.012,-2777.074,1,"Kristen Green",0,NA,2012,6762,1,NA,NA,NA,NA,NA,"rockfish","rosethorn",150,150,3,NA,NA,NA,NA,NA
"1367","2012_6762_1_SL.avi",7116,3.9573,NA,NA,NA,38,3.912,NA,4234.843,22.962,NA,NA,-1449.089,708.842,-3915.556,1,"Kristen Green",0,NA,2012,6762,1,NA,NA,NA,NA,NA,"rockfish","rosethorn",150,150,4,NA,NA,NA,NA,NA
"1368","2012_6762_1_SL.avi",7152,3.9773,NA,NA,NA,35,0.08,NA,4042.593,22.808,NA,NA,-1464.462,476.811,-3737.722,1,"Kristen Green",0,NA,2012,6762,1,NA,NA,NA,NA,NA,"rockfish","tiger",148,148,5,NA,NA,NA,NA,NA
"1369","2012_6762_1_SL.avi",10883,6.0521,NA,NA,NA,68,6.385,NA,5828.297,22.937,NA,NA,-1262.936,1771.175,-5407.123,1,"Kristen Green",0,NA,2012,6762,1,NA,NA,NA,NA,NA,"rockfish","tiger",148,148,6,NA,NA,NA,NA,NA
"1370","2012_6762_1_SL.avi",10931,6.0788,NA,NA,NA,56,5.65,NA,5481.323,22.92,NA,NA,593.459,1940.679,-5091.804,1,"Kristen Green",0,NA,2012,6762,1,NA,NA,NA,NA,NA,"rockfish","yelloweye",145,145,7,"AD","Fish milling",NA,NA,NA
"1371","2012_6762_1_SL.avi",11171,6.2123,NA,NA,434.946,4,4.881,5.494,2092.059,3.299,3.383,3.532,93.721,-120.782,-2086.466,1,"Kristen Green",0,NA,2012,6762,1,NA,NA,NA,NA,NA,"rockfish","yelloweye",145,145,7,"AD","Fish milling",NA,NA,NA
"1372","2012_6762_1_SL.avi",19337,10.7535,NA,NA,NA,17,3.604,NA,3030.796,15.69,NA,NA,-351.171,677.197,-2933.225,1,"Kristen Green",0,NA,2012,6762,1,NA,NA,NA,NA,NA,"rockfish","silvergray",157,157,8,NA,NA,NA,NA,NA
"1373","2012_6762_1_SL.avi",25177,14.0012,NA,NA,NA,43,0.089,NA,4806.921,22.151,NA,NA,-507.491,1643.022,-4488.811,1,"Kristen Green",0,NA,2012,6762,1,NA,NA,NA,NA,NA,"rockfish","quillback",147,147,9,NA,NA,NA,NA,NA
"1374","2012_6762_1_SL.avi",25214,14.0218,NA,NA,NA,47,4.451,NA,5163.235,20.064,NA,NA,-121.102,1661.732,-4887.021,1,"Kristen Green",0,NA,2012,6762,1,NA,NA,NA,NA,NA,"rockfish","yelloweye",145,145,10,"AD","Fish chasing other fish",NA,NA,NA
"1375","2012_6762_1_SL.avi",25289,14.0635,NA,NA,459.554,32,3.277,6.796,3475.441,19.064,21.168,14.372,-953.746,544.287,-3297.394,1,"Kristen Green",0,NA,2012,6762,1,NA,NA,NA,NA,NA,"rockfish","yelloweye",145,145,10,"AD","Fish chasing other fish",NA,NA,NA
"1376","2012_6762_1_SL.avi",28304,15.7401,NA,NA,NA,24,8.96,NA,3735.33,9.983,NA,NA,636.027,-201.097,-3675.285,1,"Kristen Green",0,NA,2012,6762,1,NA,NA,NA,NA,NA,"rockfish","rosethorn",150,150,11,NA,NA,NA,NA,NA
"1377","2012_6762_1_SL.avi",36579,20.3419,NA,NA,NA,68,8.145,NA,5837.461,24.695,NA,NA,1225.23,1993.288,-5348.043,1,"Kristen Green",0,NA,2012,6762,1,NA,NA,NA,NA,NA,"rockfish","yelloweye",145,145,12,"AD","Fish milling",NA,NA,NA
"1378","2012_6762_1_SL.avi",36725,20.4231,NA,NA,561.35,66,10.985,12.648,3610.434,23.36,84.304,32.085,1360.938,372.194,-3323.334,1,"Kristen Green",0,NA,2012,6762,1,NA,NA,NA,NA,NA,"rockfish","yelloweye",145,145,12,"AD","Fish milling",NA,NA,NA
"1379","2012_6762_1_SL.avi",37896,21.0743,NA,NA,NA,23,3.268,NA,3891.998,2.439,NA,NA,-88.689,55.554,-3890.591,1,"Kristen Green",0,NA,2012,6762,1,NA,NA,NA,NA,NA,"rockfish","rosethorn",150,150,13,NA,NA,NA,NA,NA
"1380","2012_6762_1_SL.avi",39535,21.9858,NA,NA,NA,44,0.729,NA,5230.711,10.454,NA,NA,-87.698,833.35,-5163.156,1,"Kristen Green",0,NA,2012,6762,1,NA,NA,NA,NA,NA,"rockfish","tiger",148,148,14,NA,NA,NA,NA,NA
"1381","2012_6762_1_SL.avi",45097,25.0789,NA,NA,NA,60,6.682,NA,5933.517,16.523,NA,NA,273.448,1541.485,-5723.258,1,"Kristen Green",0,NA,2012,6762,1,NA,NA,NA,NA,NA,"rockfish","quillback",147,147,15,NA,NA,NA,NA,NA
"1382","2012_6762_2_SL.avi",17715,9.8515,NA,NA,NA,50,9.415,NA,4889.377,25.581,NA,NA,-1115.332,1696.498,-4447.913,1,"Kristen Green",0,NA,2012,6762,2,NA,NA,NA,NA,NA,"rockfish","yelloweye",145,145,1,"AD","Fish chasing other fish",NA,NA,NA
"1383","2012_6762_2_SL.avi",17749,9.8704,NA,NA,618.948,54,7.591,2.371,4461.787,26.342,23.637,27.037,-1275.608,1427.077,-4030.363,1,"Kristen Green",0,NA,2012,6762,2,NA,NA,NA,NA,NA,"rockfish","yelloweye",145,145,1,"AD","Fish chasing other fish",NA,NA,NA
"1384","2012_6762_2_SL.avi",18002,10.0111,NA,NA,NA,55,9.879,NA,5613.159,18.903,NA,NA,-129.474,1698.381,-5348.485,1,"Kristen Green",0,NA,2012,6762,2,NA,NA,NA,NA,NA,"rockfish","yelloweye",145,145,2,"JV","Fish resting on bottom",NA,NA,NA
"1385","2012_6762_2_SL.avi",18321,10.1885,NA,NA,290.904,13,1.095,1.115,2177.231,8.506,27.164,17.575,-135.003,-338.963,-2146.441,1,"Kristen Green",0,NA,2012,6762,2,NA,NA,NA,NA,NA,"rockfish","yelloweye",145,145,2,"JV","Fish resting on bottom",NA,NA,NA
"1386","2012_6762_2_SL.avi",19727,10.9704,NA,NA,NA,55,15.6,NA,4655.225,28.901,NA,NA,-1939.689,1051.387,-4099.184,1,"Kristen Green",0,NA,2012,6762,2,NA,NA,NA,NA,NA,"rockfish","dusky",172,172,3,NA,NA,NA,NA,NA
"1387","2012_6762_2_SL.avi",22211,73.2447,NA,NA,277.629,36,8.153,9.875,3453.014,28.074,23.445,36.912,-1369.783,-940.093,-3027.082,1,"Kristen Green",0,NA,2012,6762,2,NA,NA,NA,NA,NA,"rockfish","yelloweye",145,145,4,"JV","Fish milling",NA,NA,NA
"1388","2012_6762_2_SL.avi",22210,12.3512,NA,NA,NA,28,7.152,NA,3402.118,26.397,NA,NA,-1290.322,-855.016,-3029.591,1,"Kristen Green",0,NA,2012,6762,2,NA,NA,NA,NA,NA,"rockfish","yelloweye",145,145,4,"JV","Fish milling",NA,NA,NA
"1389","2012_6762_2_SL.avi",22512,12.5191,NA,NA,NA,59,0.035,NA,5402.262,22.77,NA,NA,2049.063,308.042,-4989.077,1,"Kristen Green",0,NA,2012,6762,2,NA,NA,NA,NA,NA,"rockfish","tiger",148,148,5,NA,NA,NA,NA,NA
"1390","2012_6762_2_SL.avi",24135,13.4217,NA,NA,NA,56,10.289,NA,5685.329,12.169,NA,NA,-1017.702,512.286,-5569.992,1,"Kristen Green",0,NA,2012,6762,2,NA,NA,NA,NA,NA,"rockfish","tiger",148,148,6,NA,NA,NA,NA,NA
"1391","2012_6762_2_SL.avi",24259,13.4907,NA,NA,NA,42,2.389,NA,4822.513,15.138,NA,NA,1232.428,158.003,-4659.699,1,"Kristen Green",0,NA,2012,6762,2,NA,NA,NA,NA,NA,"rockfish","quillback",147,147,7,NA,NA,NA,NA,NA
"1392","2012_6762_2_SL.avi",24982,13.8927,NA,NA,NA,61,8.839,NA,5415.007,21.846,NA,NA,-1925.654,484.167,-5037.831,1,"Kristen Green",0,NA,2012,6762,2,NA,NA,NA,NA,NA,"rockfish","rosethorn",150,150,8,NA,NA,NA,NA,NA
"1393","2012_6762_2_SL.avi",25568,14.2186,NA,NA,NA,7,1.935,NA,1883.062,15.221,NA,NA,-465.323,-206.343,-1812.959,1,"Kristen Green",0,NA,2012,6762,2,NA,NA,NA,NA,NA,"rockfish","silvergray",157,157,9,NA,NA,NA,NA,NA
"1394","2012_6762_2_SL.avi",25700,14.292,NA,NA,NA,43,8.299,NA,4580.117,21.444,NA,NA,-1399.169,827.311,-4281.98,1,"Kristen Green",0,NA,2012,6762,2,NA,NA,NA,NA,NA,"halibut","halibut",200,200,10,NA,NA,NA,NA,NA
"1395","2012_6762_2_SL.avi",25725,14.3059,NA,NA,881.951,58,5.856,7.444,4328.346,21.431,21.886,3.094,-1397.518,652.776,-4044.182,1,"Kristen Green",0,NA,2012,6762,2,NA,NA,NA,NA,NA,"halibut","halibut",200,200,10,NA,NA,NA,NA,NA
"1396","2012_6762_2_SL.avi",25960,14.4366,NA,NA,NA,52,8.355,NA,5712.113,11.399,NA,NA,57.64,1005.876,-5622.555,1,"Kristen Green",0,NA,2012,6762,2,NA,NA,NA,NA,NA,"rockfish","quillback",147,147,11,NA,NA,NA,NA,NA
"1397","2012_6762_2_SL.avi",33175,18.4489,NA,NA,NA,74,8.936,NA,6050.811,24.529,NA,NA,1471.102,1916.488,-5547.545,1,"Kristen Green",0,NA,2012,6762,2,NA,NA,NA,NA,NA,"rockfish","quillback",147,147,12,NA,NA,NA,NA,NA
"1398","2012_6762_2_SL.avi",43158,24.0006,NA,NA,NA,48,8.062,NA,4872.51,22.441,NA,NA,-1111.513,1393.413,-4534.787,1,"Kristen Green",0,NA,2012,6762,2,NA,NA,NA,NA,NA,"rockfish","quillback",147,147,15,NA,NA,NA,NA,NA
"1399","2012_6762_2_SL.avi",43120,23.9795,NA,NA,NA,47,4.293,NA,5250.119,17.652,NA,NA,70.965,1481.698,-5036.198,1,"Kristen Green",0,NA,2012,6762,2,NA,NA,NA,NA,NA,"rockfish","quillback",147,147,16,NA,NA,NA,NA,NA
"1400","2012_6762_2_SL.avi",45677,25.4014,NA,NA,NA,40,8.228,NA,4775.364,15.647,NA,NA,393.12,1126.531,-4623.904,1,"Kristen Green",0,NA,2012,6762,2,NA,NA,NA,NA,NA,"rockfish","quillback",147,147,17,NA,NA,NA,NA,NA
"1401","2012_6762_2_SL.avi",46517,25.8686,NA,NA,NA,48,5.273,NA,4919.265,21.797,NA,NA,1166.759,1306.144,-4596.937,1,"Kristen Green",0,NA,2012,6762,2,NA,NA,NA,NA,NA,"rockfish","quillback",147,147,18,NA,NA,NA,NA,NA
"1402","2012_6762_2_SL.avi",52306,29.0879,NA,NA,NA,34,5.824,NA,3729.304,28.38,NA,NA,-1477.928,907.32,-3301.546,1,"Kristen Green",0,NA,2012,6762,2,NA,NA,NA,NA,NA,"rockfish","yelloweye",145,145,21,"JV","Fish milling",NA,"can't get good length",NA
"1403","2012_6762_2_SL.avi",52303,29.0862,NA,NA,NA,43,3.957,NA,4656.22,23.279,NA,NA,-860.708,1533.422,-4311.401,1,"Kristen Green",0,NA,2012,6762,2,NA,NA,NA,NA,NA,"rockfish","yelloweye",145,145,22,"JV","Fish milling",NA,NA,NA
"1404","2012_6762_2_SL.avi",52412,29.1468,NA,NA,204.256,26,3.162,0.765,3240.729,24.597,11.393,4.859,-1124.643,680.791,-2962.098,1,"Kristen Green",0,NA,2012,6762,2,NA,NA,NA,NA,NA,"rockfish","yelloweye",145,145,22,"JV","Fish milling",NA,NA,NA
"1405","2012_6762_2_SL.avi",56148,31.2245,NA,NA,NA,17,2.507,NA,3162.68,8.517,NA,NA,466.83,-29.435,-3127.898,1,"Kristen Green",0,NA,2012,6762,2,NA,NA,NA,NA,NA,"rockfish","yelloweye",145,145,23,"JV","Fish milling",NA,NA,NA
"1406","2012_6762_2_SL.avi",56203,31.2551,NA,NA,173.672,34,6.733,2.664,2631.208,13.89,74.987,26.6,517.751,-417.07,-2545.829,1,"Kristen Green",0,NA,2012,6762,2,NA,NA,NA,NA,NA,"rockfish","yelloweye",145,145,23,"JV","Fish milling",NA,NA,NA
"1407","2012_6765_1_SL.avi",4597,2.5564,NA,NA,NA,33,0.912,NA,4376.332,14.602,NA,NA,-450.609,915.052,-4255.809,1,"Kristen Green",0,NA,2012,6765,1,NA,NA,NA,NA,NA,"rockfish","rosethorn",150,150,1,NA,NA,NA,NA,NA
"1408","2012_6765_1_SL.avi",6553,3.6442,NA,NA,NA,61,7.424,NA,5512.579,23.997,NA,NA,-1177.115,1798.396,-5076.288,1,"Kristen Green",0,NA,2012,6765,1,NA,NA,NA,NA,NA,"rockfish","yelloweye",145,145,2,"AD","Fish resting on bottom",NA,NA,NA
"1409","2012_6765_1_SL.avi",6649,3.7081,NA,NA,441.576,19,4.048,3.414,3599.325,14.678,3.439,17.076,-833.286,295.138,-3489.078,1,"Kristen Green",0,NA,2012,6765,1,NA,NA,NA,NA,NA,"rockfish","yelloweye",145,145,2,"AD","Fish resting on bottom",NA,NA,NA
"1410","2012_6765_1_SL.avi",13918,7.7399,NA,NA,NA,45,3.097,NA,5149.407,15.063,NA,NA,145.499,1222.27,-5000.127,1,"Kristen Green",0,NA,2012,6765,1,NA,NA,NA,NA,NA,"rockfish","rosethorn",150,150,3,NA,NA,NA,NA,NA
"1411","2012_6765_1_SL.avi",15816,8.7954,NA,NA,NA,38,5.781,NA,4186.455,23.904,NA,NA,-1469.281,764.768,-3844.834,1,"Kristen Green",0,NA,2012,6765,1,NA,NA,NA,NA,NA,"rockfish","rosethorn",150,150,4,NA,NA,NA,NA,NA
"1412","2012_6765_1_SL.avi",17871,9.9382,NA,NA,NA,28,2.191,NA,3915.759,16.432,NA,NA,-711.686,767.17,-3773.343,1,"Kristen Green",0,NA,2012,6765,1,NA,NA,NA,NA,NA,"rockfish","rosethorn",150,150,5,NA,NA,NA,NA,NA
"1413","2012_6765_1_SL.avi",23529,13.0847,NA,NA,NA,108,19.676,NA,6890.964,28.974,NA,NA,2623.293,1933.122,-6071.8,1,"Kristen Green",0,NA,2012,6765,1,NA,NA,NA,NA,NA,"finfish",NA,NA,NA,6,NA,NA,NA,"unid fish",NA
"1414","2012_6765_1_SL.avi",29897,16.626,NA,NA,NA,31,0.786,NA,3748.357,26.906,NA,NA,-1185.068,1140.849,-3368.124,1,"Kristen Green",0,NA,2012,6765,1,NA,NA,NA,NA,NA,"rockfish","canary",146,146,7,NA,NA,NA,NA,NA
"1415","2012_6765_1_SL.avi",30824,17.1415,NA,NA,NA,33,2.276,NA,4234.134,16.303,NA,NA,-936.199,644.027,-4078.805,1,"Kristen Green",0,NA,2012,6765,1,NA,NA,NA,NA,NA,"rockfish","rosethorn",150,150,8,NA,NA,NA,NA,NA
"1416","2012_6765_1_SL.avi",31077,17.2822,NA,NA,NA,41,5.642,NA,4843.912,16.651,NA,NA,416.378,1223.192,-4668.396,1,"Kristen Green",0,NA,2012,6765,1,NA,NA,NA,NA,NA,"rockfish","rosethorn",150,150,9,NA,NA,NA,NA,NA
"1417","2012_6765_1_SL.avi",32472,18.058,NA,NA,NA,32,3.636,NA,4435.271,11.816,NA,NA,-178.26,796.249,-4359.568,1,"Kristen Green",0,NA,2012,6765,1,NA,NA,NA,NA,NA,"rockfish","rosethorn",150,150,10,NA,NA,NA,NA,NA
"1418","2012_6765_1_SL.avi",34940,19.4305,NA,NA,NA,43,5.813,NA,4907.137,14.051,NA,NA,819.36,761.529,-4777.941,1,"Kristen Green",0,NA,2012,6765,1,NA,NA,NA,NA,NA,"rockfish","rosethorn",150,150,11,NA,NA,NA,NA,NA
"1419","2012_6765_1_SL.avi",41134,22.875,NA,NA,NA,55,4.107,NA,5351.482,18.792,NA,NA,-1669.689,318.916,-5074.327,1,"Kristen Green",0,NA,2012,6765,1,NA,NA,NA,NA,NA,"rockfish","rosethorn",150,150,13,NA,NA,NA,NA,NA
"1420","2012_6765_1_SL.avi",39072,21.7283,NA,NA,NA,31,7.434,NA,3728.709,22.696,NA,NA,-1372.563,-505.571,-3429.831,1,"Kristen Green",0,NA,2012,6765,1,NA,NA,NA,NA,NA,"rockfish","rosethorn",150,150,14,NA,NA,NA,NA,NA
"1421","2012_6765_1_SL.avi",44054,24.4989,NA,NA,NA,33,10.073,NA,3921.993,27.824,NA,NA,1160.803,1340.037,-3498.409,1,"Kristen Green",0,NA,2012,6765,1,NA,NA,NA,NA,NA,"rockfish","yelloweye",145,145,15,"AD","Fish milling",NA,NA,NA
"1422","2012_6765_1_SL.avi",44080,24.5133,NA,NA,524.389,49,10.844,13.434,3290.285,27.485,57.809,29.292,1213.966,848.744,-2938.009,1,"Kristen Green",0,NA,2012,6765,1,NA,NA,NA,NA,NA,"rockfish","yelloweye",145,145,15,"AD","Fish milling",NA,NA,NA
"1423","2012_6765_1_SL.avi",45213,25.1434,NA,NA,NA,88,7.424,NA,6538.747,24.947,NA,NA,-1502.978,2183.332,-5977.402,1,"Kristen Green",0,NA,2012,6765,1,NA,NA,NA,NA,NA,"rockfish","yelloweye",145,145,17,"AD","Fish milling",NA,NA,NA
"1424","2012_6765_1_SL.avi",45388,25.2407,NA,NA,543.721,37,8.012,2.754,4222.44,21.017,11.376,34.952,-1380.353,537.329,-3954.099,1,"Kristen Green",0,NA,2012,6765,1,NA,NA,NA,NA,NA,"rockfish","yelloweye",145,145,17,"AD","Fish milling",NA,NA,NA
"1425","2012_6765_1_SL.avi",46443,25.8274,NA,NA,NA,86,10.149,NA,6656.49,21.134,NA,NA,1345.52,1852.346,-6250.38,1,"Kristen Green",0,NA,2012,6765,1,NA,NA,NA,NA,NA,"rockfish","yelloweye",145,145,18,"AD","Fish milling",NA,"no length, fish blurry - bad RMS",NA
"1426","2012_6765_1_SL.avi",47777,26.5693,NA,NA,NA,22,6.495,NA,3215.7,23.528,NA,NA,934.228,816.281,-2966.754,1,"Kristen Green",0,NA,2012,6765,1,NA,NA,NA,NA,NA,"rockfish","silvergray",157,157,19,NA,NA,NA,NA,NA
"1427","2012_6765_1_SL.avi",48376,26.9024,NA,NA,NA,57,6.69,NA,5909.375,12.824,NA,NA,-3.528,1186.49,-5789.036,1,"Kristen Green",0,NA,2012,6765,1,NA,NA,NA,NA,NA,"rockfish","tiger",148,148,20,NA,NA,NA,NA,NA
"1428","2012_6765_1_SL.avi",49813,27.7015,NA,NA,NA,28,2.912,NA,4220.88,5.236,NA,NA,-349.771,70.271,-4205.775,1,"Kristen Green",0,NA,2012,6765,1,NA,NA,NA,NA,NA,"rockfish","rosethorn",150,150,21,NA,NA,NA,NA,NA
"1429","2012_6765_1_SL.avi",54696,30.417,NA,NA,NA,12,4.239,NA,2367.082,22.782,NA,NA,837.972,324.037,-2189.95,1,"Kristen Green",0,NA,2012,6765,1,NA,NA,NA,NA,NA,"rockfish","silvergray",157,157,22,NA,NA,NA,NA,NA
"1430","2012_6765_1_SL.avi",59397,33.0313,NA,NA,NA,22,3.417,NA,3654.225,12.174,NA,NA,-70.808,689.774,-3587.835,1,"Kristen Green",0,NA,2012,6765,1,NA,NA,NA,NA,NA,"rockfish","rosethorn",150,150,23,NA,NA,NA,NA,NA
"1431","2012_6765_1_SL.avi",59460,33.0663,NA,NA,NA,28,2.962,NA,4028.675,15.378,NA,NA,-112.955,977.92,-3906.55,1,"Kristen Green",0,NA,2012,6765,1,NA,NA,NA,NA,NA,"rockfish","rosethorn",150,150,24,NA,NA,NA,NA,NA
"1432","2012_6765_1_SL.avi",62898,34.9782,NA,NA,NA,26,2.213,NA,3585.937,20.539,NA,NA,-1257.763,-42.533,-3357.852,1,"Kristen Green",0,NA,2012,6765,1,NA,NA,NA,NA,NA,"rockfish","silvergray",157,157,25,NA,NA,NA,NA,NA
"1433","2012_6765_1_SL.avi",62911,34.9854,NA,NA,NA,34,1.254,NA,4676.843,6.928,NA,NA,-229.154,414.806,-4652.772,1,"Kristen Green",0,NA,2012,6765,1,NA,NA,NA,NA,NA,"rockfish","rosethorn",150,150,26,NA,NA,NA,NA,NA
"1434","2012_6765_1_SL.avi",63441,35.2802,NA,NA,NA,57,3.373,NA,5707.594,17.01,NA,NA,-477.956,1481.19,-5491.29,1,"Kristen Green",0,NA,2012,6765,1,NA,NA,NA,NA,NA,"rockfish","tiger",148,148,27,NA,NA,NA,NA,NA
"1435","2012_6765_2_SL.avi",3360,1.8685,NA,NA,NA,28,2.364,NA,3896.947,22.828,NA,NA,337.461,1395.577,-3622.8,1,"Kristen Green",0,NA,2012,6765,2,NA,NA,NA,NA,NA,"rockfish","yelloweye",145,145,1,"AD","Fish resting on bottom",NA,"fish curled up, can't get length",NA
"1436","2012_6765_2_SL.avi",3763,2.0926,NA,NA,NA,25,3.364,NA,3667.866,15.077,NA,NA,-691.479,580.472,-3555.017,1,"Kristen Green",0,NA,2012,6765,2,NA,NA,NA,NA,NA,"rockfish","rosethorn",150,150,2,NA,NA,NA,NA,NA
"1437","2012_6765_2_SL.avi",4044,2.2489,NA,NA,NA,32,5.037,NA,4388.231,12.419,NA,NA,49.524,849.317,-4304.971,1,"Kristen Green",0,NA,2012,6765,2,NA,NA,NA,NA,NA,"rockfish","rosethorn",150,150,3,NA,NA,NA,NA,NA
"1438","2012_6765_2_SL.avi",5238,2.9129,NA,NA,NA,35,5.426,NA,4529.396,17.051,NA,NA,-53.293,1232.909,-4358.041,1,"Kristen Green",0,NA,2012,6765,2,NA,NA,NA,NA,NA,"rockfish","rosethorn",150,150,4,NA,NA,NA,NA,NA
"1439","2012_6765_2_SL.avi",6811,3.7877,NA,NA,NA,28,0.526,NA,3915.546,15.4,NA,NA,-882.631,467.727,-3785.986,1,"Kristen Green",0,NA,2012,6765,2,NA,NA,NA,NA,NA,"rockfish","rosethorn",150,150,5,NA,NA,NA,NA,NA
"1440","2012_6765_2_SL.avi",8189,4.554,NA,NA,NA,38,6.275,NA,4671.149,18.386,NA,NA,-190.007,1364.668,-4463.319,1,"Kristen Green",0,NA,2012,6765,2,NA,NA,NA,NA,NA,"rockfish","rosethorn",150,150,6,NA,NA,NA,NA,NA
"1441","2012_6765_2_SL.avi",12697,7.0609,NA,NA,NA,47,3.648,NA,5149.586,16.242,NA,NA,644.245,1180.785,-4970.808,1,"Kristen Green",0,NA,2012,6765,2,NA,NA,NA,NA,NA,"rockfish","rosethorn",150,150,7,NA,NA,NA,NA,NA
"1442","2012_6765_2_SL.avi",14943,8.31,NA,NA,NA,15,8.892,NA,2940.369,8.359,NA,NA,-7.002,-490.349,-2899.186,1,"Kristen Green",0,NA,2012,6765,2,NA,NA,NA,NA,NA,"rockfish","rosethorn",150,150,8,NA,NA,NA,NA,NA
"1443","2012_6765_2_SL.avi",16236,9.029,NA,NA,NA,51,1.296,NA,5401.22,13.567,NA,NA,696.562,944.318,-5272.214,1,"Kristen Green",0,NA,2012,6765,2,NA,NA,NA,NA,NA,"rockfish","rosethorn",150,150,9,NA,NA,NA,NA,NA
"1444","2012_6765_2_SL.avi",17821,9.9104,NA,NA,NA,19,3.042,NA,3350.661,11.121,NA,NA,-395.292,439.941,-3298.049,1,"Kristen Green",0,NA,2012,6765,2,NA,NA,NA,NA,NA,"rockfish","rosethorn",150,150,10,NA,NA,NA,NA,NA
"1445","2012_6765_2_SL.avi",21711,12.0737,NA,NA,NA,46,2.214,NA,4858.767,19.992,NA,NA,1153.889,1095.803,-4590.792,1,"Kristen Green",0,NA,2012,6765,2,NA,NA,NA,NA,NA,"rockfish","rosethorn",150,150,11,NA,NA,NA,NA,NA
"1446","2012_6765_2_SL.avi",21712,12.0743,NA,NA,NA,27,2.405,NA,3978.011,11.974,NA,NA,-503.741,569.259,-3904.71,1,"Kristen Green",0,NA,2012,6765,2,NA,NA,NA,NA,NA,"rockfish","rosethorn",150,150,12,NA,NA,NA,NA,NA
"1447","2012_6765_2_SL.avi",22935,12.7544,NA,NA,NA,43,5.641,NA,4698.518,19.016,NA,NA,-1041.804,1025.232,-4465.38,1,"Kristen Green",0,NA,2012,6765,2,NA,NA,NA,NA,NA,"rockfish","rosethorn",150,150,13,NA,NA,NA,NA,NA
"1448","2012_6765_2_SL.avi",23220,12.9129,NA,NA,NA,34,3.043,NA,4282.696,17.698,NA,NA,-723.328,993.885,-4102.496,1,"Kristen Green",0,NA,2012,6765,2,NA,NA,NA,NA,NA,"rockfish","rosethorn",150,150,14,NA,NA,NA,NA,NA
"1449","2012_6765_2_SL.avi",26692,14.8437,NA,NA,NA,39,4.039,NA,4572.339,16.925,NA,NA,874.325,908.681,-4395.013,1,"Kristen Green",0,NA,2012,6765,2,NA,NA,NA,NA,NA,"rockfish","rosethorn",150,150,15,NA,NA,NA,NA,NA
"1450","2012_6765_2_SL.avi",28376,15.7802,NA,NA,NA,44,2.033,NA,4521.711,22.814,NA,NA,-1600.04,626.324,-4182.518,1,"Kristen Green",0,NA,2012,6765,2,NA,NA,NA,NA,NA,"rockfish","rosethorn",150,150,16,NA,NA,NA,NA,NA
"1451","2012_6765_2_SL.avi",29110,16.1884,NA,NA,NA,23,6.152,NA,3491.919,15.534,NA,NA,-829.506,358.759,-3372.938,1,"Kristen Green",0,NA,2012,6765,2,NA,NA,NA,NA,NA,"rockfish","rosethorn",150,150,17,NA,NA,NA,NA,NA
"1452","2012_6765_2_SL.avi",31908,17.7444,NA,NA,NA,61,0.118,NA,5833.837,21.988,NA,NA,-223.638,2055.05,-5455.31,1,"Kristen Green",0,NA,2012,6765,2,NA,NA,NA,NA,NA,"rockfish","yelloweye",145,145,18,"AD","Fish milling",NA,NA,NA
"1453","2012_6765_2_SL.avi",31990,17.79,NA,NA,476.962,98,10.186,2.388,4909.537,17.44,50.373,20.219,-107.661,1365.607,-4714.56,1,"Kristen Green",0,NA,2012,6765,2,NA,NA,NA,NA,NA,"rockfish","yelloweye",145,145,18,"AD","Fish milling",NA,NA,NA
"1454","2012_6765_2_SL.avi",32016,17.8044,NA,NA,NA,34,6.414,NA,4283.156,16.284,NA,NA,-1065.819,464.324,-4122.361,1,"Kristen Green",0,NA,2012,6765,2,NA,NA,NA,NA,NA,"rockfish","rosethorn",150,150,19,NA,NA,NA,NA,NA
"1455","2012_6765_2_SL.avi",32721,18.1965,NA,NA,NA,25,4.211,NA,3314.446,26.636,NA,NA,1408.652,408.729,-2972.236,1,"Kristen Green",0,NA,2012,6765,2,NA,NA,NA,NA,NA,"rockfish","rosethorn",150,150,20,NA,NA,NA,NA,NA
"1456","2012_6765_2_SL.avi",32852,18.2693,NA,NA,NA,24,7.191,NA,3741.024,11.994,NA,NA,-401.859,586.054,-3672.916,1,"Kristen Green",0,NA,2012,6765,2,NA,NA,NA,NA,NA,"rockfish","rosethorn",150,150,21,NA,NA,NA,NA,NA
"1457","2012_6765_2_SL.avi",33722,18.7531,NA,NA,NA,36,8.899,NA,4670.619,11.993,NA,NA,-120.892,863.699,-4588.473,1,"Kristen Green",0,NA,2012,6765,2,NA,NA,NA,NA,NA,"rockfish","rosethorn",150,150,22,NA,NA,NA,NA,NA
"1458","2012_6765_2_SL.avi",33853,18.826,NA,NA,NA,94,4.986,NA,6682.187,24.914,NA,NA,-1779.84,2049.02,-6106.169,1,"Kristen Green",0,NA,2012,6765,2,NA,NA,NA,NA,NA,"rockfish","yelloweye",145,145,23,"AD","Fish chasing other fish",NA,NA,NA
"1459","2012_6765_2_SL.avi",33899,18.8516,NA,NA,635.944,32,3.653,1.695,5192.943,14.488,10.501,13.979,-320.651,1149.73,-5053.906,1,"Kristen Green",0,NA,2012,6765,2,NA,NA,NA,NA,NA,"rockfish","yelloweye",145,145,23,"AD","Fish chasing other fish",NA,NA,NA
"1460","2012_6765_2_SL.avi",37162,20.6662,NA,NA,NA,17,5.916,NA,2744.7,25.202,NA,NA,-940.173,-747.937,-2467.801,1,"Kristen Green",0,NA,2012,6765,2,NA,NA,NA,NA,NA,"rockfish","rosethorn",150,150,24,NA,NA,NA,NA,NA
"1461","2012_6765_2_SL.avi",39416,21.9196,NA,NA,NA,16,6.367,NA,2768.524,23.291,NA,NA,-693.394,791.756,-2560.675,1,"Kristen Green",0,NA,2012,6765,2,NA,NA,NA,NA,NA,"rockfish","rosethorn",150,150,25,NA,NA,NA,NA,NA
"1462","2012_6765_2_SL.avi",40159,22.3328,NA,NA,NA,70,9.412,NA,5853.14,21.1,NA,NA,-1959.188,656.975,-5476.24,1,"Kristen Green",0,NA,2012,6765,2,NA,NA,NA,NA,NA,"rockfish",NA,NA,NA,26,NA,NA,NA,"possibly ye - too blurry for ID",NA
"1463","2012_6765_2_SL.avi",40636,22.5981,NA,NA,NA,48,3.739,NA,4828.205,21.55,NA,NA,-1709.476,374.786,-4499.866,1,"Kristen Green",0,NA,2012,6765,2,NA,NA,NA,NA,NA,"rockfish","tiger",148,148,27,NA,NA,NA,NA,NA
"1464","2012_6765_2_SL.avi",47945,26.6627,NA,NA,NA,13,3.315,NA,2763.446,3.824,NA,NA,-175.539,-115.803,-2755.432,1,"Kristen Green",0,NA,2012,6765,2,NA,NA,NA,NA,NA,"rockfish","rosethorn",150,150,28,NA,NA,NA,NA,NA
"1465","2012_6765_2_SL.avi",48046,26.7189,NA,NA,NA,24,1.095,NA,3860.51,7.68,NA,NA,200.416,392.354,-3835.287,1,"Kristen Green",0,NA,2012,6765,2,NA,NA,NA,NA,NA,"rockfish","tiger",148,148,29,NA,NA,NA,NA,NA
"1466","2012_6765_2_SL.avi",49001,27.2499,NA,NA,NA,19,5.731,NA,3145.855,14.12,NA,NA,-757.721,-187.917,-3047.449,1,"Kristen Green",0,NA,2012,6765,2,NA,NA,NA,NA,NA,"rockfish","rosethorn",150,150,30,NA,NA,NA,NA,NA
"1467","2012_6765_2_SL.avi",51013,28.3688,NA,NA,NA,46,0.099,NA,4979.254,19.972,NA,NA,648.869,1470.332,-4712.755,1,"Kristen Green",0,NA,2012,6765,2,NA,NA,NA,NA,NA,"rockfish","yelloweye",145,145,31,"AD","Fish resting on bottom",NA,NA,NA
"1468","2012_6765_2_SL.avi",51225,28.4867,NA,NA,529.088,15,6.345,3.885,2892.017,10.747,15.731,27.643,537.954,-99.293,-2839.808,1,"Kristen Green",0,NA,2012,6765,2,NA,NA,NA,NA,NA,"rockfish","yelloweye",145,145,31,"AD","Fish resting on bottom",NA,NA,NA
"1469","2012_6765_2_SL.avi",51178,28.4606,NA,NA,NA,62,9.473,NA,5327.577,24.416,NA,NA,-1767.77,1207.772,-4878.459,1,"Kristen Green",0,NA,2012,6765,2,NA,NA,NA,NA,NA,"rockfish","dusky",172,172,32,NA,NA,NA,NA,NA
"1470","2012_6765_2_SL.avi",52894,29.4149,NA,NA,NA,35,0.176,NA,4147.303,22.26,NA,NA,1525.199,293.497,-3845.485,1,"Kristen Green",0,NA,2012,6765,2,NA,NA,NA,NA,NA,"greenling","lingcod",130,130,33,NA,NA,NA,NA,NA
"1471","2012_6765_2_SL.avi",53078,29.5172,NA,NA,663.228,12,1.023,0.885,3717.639,6.726,4.872,44.901,197.475,-467.966,-3682.778,1,"Kristen Green",0,NA,2012,6765,2,NA,NA,NA,NA,NA,"greenling","lingcod",130,130,33,NA,NA,NA,NA,NA
"1472","2012_6765_2_SL.avi",55317,30.7623,NA,NA,NA,47,9.32,NA,4930.744,21.032,NA,NA,980.155,1373.279,-4633.102,1,"Kristen Green",0,NA,2012,6765,2,NA,NA,NA,NA,NA,"rockfish","rosethorn",150,150,34,NA,NA,NA,NA,NA
"1473","2012_6765_2_SL.avi",56088,31.1911,NA,NA,NA,19,2.975,NA,3303.869,11.49,NA,NA,290.377,520.318,-3249.693,1,"Kristen Green",0,NA,2012,6765,2,NA,NA,NA,NA,NA,"rockfish","black",142,142,35,NA,NA,NA,"big school of black rockfish here",NA
"1474","2012_6765_2_SL.avi",56088,31.1911,NA,NA,NA,49,7.524,NA,4835.705,23.852,NA,NA,-1358.578,1310.301,-4452.126,1,"Kristen Green",0,NA,2012,6765,2,NA,NA,NA,NA,NA,"rockfish","black",142,142,36,NA,NA,NA,NA,NA
"1475","2012_6765_2_SL.avi",56089,31.1917,NA,NA,NA,28,2.048,NA,3852.21,18.396,NA,NA,-715.685,903.295,-3675.782,1,"Kristen Green",0,NA,2012,6765,2,NA,NA,NA,NA,NA,"rockfish","black",142,142,37,NA,NA,NA,NA,NA
"1476","2012_6765_2_SL.avi",58402,32.4779,NA,NA,NA,71,4.252,NA,5836.977,21.822,NA,NA,-2044.634,608.567,-5433.178,1,"Kristen Green",0,NA,2012,6765,2,NA,NA,NA,NA,NA,"rockfish","rosethorn",150,150,38,NA,NA,NA,NA,NA
"1477","2012_6765_2_SL.avi",58905,32.7577,NA,NA,NA,22,0.315,NA,3261.77,21.203,NA,NA,1169.105,91.743,-3043.669,1,"Kristen Green",0,NA,2012,6765,2,NA,NA,NA,NA,NA,"rockfish","rosethorn",150,150,39,NA,NA,NA,NA,NA
"1478","2012_6765_2_SL.avi",58810,32.7048,NA,NA,NA,24,3.024,NA,3625.018,14.742,NA,NA,704.749,519.04,-3517.767,1,"Kristen Green",0,NA,2012,6765,2,NA,NA,NA,NA,NA,"rockfish","rosethorn",150,150,40,NA,NA,NA,NA,NA
"1479","2012_6765_2_SL.avi",59364,33.0129,NA,NA,NA,63,4.264,NA,5510.839,24.977,NA,NA,1473.101,1692.71,-5033.294,1,"Kristen Green",0,NA,2012,6765,2,NA,NA,NA,NA,NA,"rockfish","silvergray",157,157,41,NA,NA,NA,NA,NA
"1480","2012_6765_2_SL.avi",60893,33.8632,NA,NA,NA,23,1.665,NA,3229.253,23.443,NA,NA,-1261.063,-309.413,-2956.697,1,"Kristen Green",0,NA,2012,6765,2,NA,NA,NA,NA,NA,"rockfish","tiger",148,148,42,NA,NA,NA,NA,NA
"1481","2012_6765_2_SL.avi",61502,34.2019,NA,NA,NA,16,8.535,NA,3078.726,7.71,NA,NA,80.762,338.855,-3058.955,1,"Kristen Green",0,NA,2012,6765,2,NA,NA,NA,NA,NA,"rockfish","rosethorn",150,150,43,NA,NA,NA,NA,NA
"1482","2012_6765_2_SL.avi",62246,34.6156,NA,NA,NA,97,3.078,NA,7313.02,19.932,NA,NA,-799.235,2211.909,-6924.517,1,"Kristen Green",0,NA,2012,6765,2,NA,NA,NA,NA,NA,"rockfish","yelloweye",145,145,44,"AD","Fish actively swimming within frame",NA,NA,NA
"1483","2012_6765_2_SL.avi",62436,34.7213,NA,NA,600.973,57,2.829,1.034,4239.525,17.359,27.624,2.898,-1152.763,432.787,-4056.772,1,"Kristen Green",0,NA,2012,6765,2,NA,NA,NA,NA,NA,"rockfish","yelloweye",145,145,44,"AD","Fish actively swimming within frame",NA,NA,NA
"1484","2012_6765_2_SL.avi",63135,35.11,NA,NA,NA,33,2.893,NA,4406.799,13.902,NA,NA,375.194,897.118,-4298.173,1,"Kristen Green",0,NA,2012,6765,2,NA,NA,NA,NA,NA,"rockfish","rosethorn",150,150,45,NA,NA,NA,NA,NA
"1485","2012_6770_1_SL.avi",2540,1.4125,NA,NA,NA,42,9.07,NA,4795.494,17.856,NA,NA,-604.121,1241.389,-4592.467,1,"Kristen Green",0,NA,2012,6770,1,NA,NA,NA,NA,NA,"rockfish","rosethorn",150,150,1,NA,NA,NA,NA,NA
"1486","2012_6770_1_SL.avi",5265,2.9279,NA,NA,NA,25,1.078,NA,3583.92,18.14,NA,NA,-809.651,693.794,-3421.637,1,"Kristen Green",0,NA,2012,6770,1,NA,NA,NA,NA,NA,"rockfish","rosethorn",150,150,2,NA,NA,NA,NA,NA
"1487","2012_6770_1_SL.avi",5641,3.137,NA,NA,NA,21,2.966,NA,3346.722,15.451,NA,NA,-887.788,12.722,-3226.797,1,"Kristen Green",0,NA,2012,6770,1,NA,NA,NA,NA,NA,"rockfish","rosethorn",150,150,3,NA,NA,NA,NA,NA
"1488","2012_6770_1_SL.avi",6711,3.7321,NA,NA,NA,20,0.538,NA,3276.925,14.058,NA,NA,-750.928,195.015,-3183.758,1,"Kristen Green",0,NA,2012,6770,1,NA,NA,NA,NA,NA,"halibut","halibut",200,200,4,NA,NA,NA,NA,NA
"1489","2012_6770_1_SL.avi",6749,3.7532,NA,NA,501.254,32,5.933,6.876,2482.783,16.89,83.506,30.306,-691.175,-257.846,-2370.655,1,"Kristen Green",0,NA,2012,6770,1,NA,NA,NA,NA,NA,"halibut","halibut",200,200,4,NA,NA,NA,NA,NA
"1490","2012_6770_1_SL.avi",7151,3.9767,NA,NA,NA,26,2.093,NA,3731.541,16.864,NA,NA,635.537,798.76,-3589.217,1,"Kristen Green",0,NA,2012,6770,1,NA,NA,NA,NA,NA,"rockfish","rosethorn",150,150,5,NA,NA,NA,NA,NA
"1491","2012_6770_1_SL.avi",12577,6.9942,NA,NA,NA,81,7.66,NA,6774.754,19.623,NA,NA,516.925,2076.874,-6427.805,1,"Kristen Green",0,NA,2012,6770,1,NA,NA,NA,NA,NA,"rockfish","rosethorn",150,150,6,NA,NA,NA,NA,NA
"1492","2012_6770_1_SL.avi",12927,7.1888,NA,NA,NA,66,0.121,NA,5957.497,21.57,NA,NA,-732.413,1943.594,-5583.707,1,"Kristen Green",0,NA,2012,6770,1,NA,NA,NA,NA,NA,"rockfish","rosethorn",150,150,7,NA,NA,NA,NA,NA
"1493","2012_6770_1_SL.avi",16798,9.3415,NA,NA,NA,56,6.02,NA,5560.56,17.545,NA,NA,726.047,1395.616,-5333.38,1,"Kristen Green",0,NA,2012,6770,1,NA,NA,NA,NA,NA,"rockfish","rosethorn",150,150,8,NA,NA,NA,NA,NA
"1494","2012_6770_1_SL.avi",24678,13.7237,NA,NA,NA,40,3.789,NA,4584.066,18.278,NA,NA,-926.42,1004.834,-4375.582,1,"Kristen Green",0,NA,2012,6770,1,NA,NA,NA,NA,NA,"rockfish","rosethorn",150,150,9,NA,NA,NA,NA,NA
"1495","2012_6770_1_SL.avi",25318,14.0796,NA,NA,NA,48,1.233,NA,4821.617,22.719,NA,NA,1608.589,841.474,-4466.806,1,"Kristen Green",0,NA,2012,6770,1,NA,NA,NA,NA,NA,"rockfish","rosethorn",150,150,10,NA,NA,NA,NA,NA
"1496","2012_6770_1_SL.avi",37143,20.6556,NA,NA,NA,39,4.832,NA,4684.942,17.024,NA,NA,-373.701,1222.381,-4507.196,1,"Kristen Green",0,NA,2012,6770,1,NA,NA,NA,NA,NA,"rockfish","rosethorn",150,150,11,NA,NA,NA,NA,NA
"1497","2012_6770_1_SL.avi",37517,20.8636,NA,NA,NA,159,3.396,NA,8032.965,27.955,NA,NA,-3169.889,1878.602,-7138.01,1,"Kristen Green",0,NA,2012,6770,1,NA,NA,NA,NA,NA,"rockfish","yelloweye",145,145,12,"AD","Fish chasing other fish",NA,NA,NA
"1498","2012_6770_1_SL.avi",38610,21.4714,NA,NA,591.802,8,0.313,2.361,1722.855,10.422,26.255,15.702,-29.781,-346.869,-1687.313,1,"Kristen Green",0,NA,2012,6770,1,NA,NA,NA,NA,NA,"rockfish","yelloweye",145,145,12,"AD","Fish chasing other fish",NA,NA,NA
"1499","2012_6770_1_SL.avi",41100,22.8561,NA,NA,NA,57,3.179,NA,5721.267,17.596,NA,NA,450.982,1551.149,-5488.483,1,"Kristen Green",0,NA,2012,6770,1,NA,NA,NA,NA,NA,"rockfish","rosethorn",150,150,13,NA,NA,NA,NA,NA
"1500","2012_6770_1_SL.avi",52157,29.005,NA,NA,NA,18,0.292,NA,3324.711,5.93,NA,NA,80.077,262.284,-3313.381,1,"Kristen Green",0,NA,2012,6770,1,NA,NA,NA,NA,NA,"halibut","halibut",200,200,14,NA,NA,NA,NA,NA
"1501","2012_6770_1_SL.avi",52219,29.0395,NA,NA,238.048,31,0.356,0.936,2635.856,1.043,55.74,24.55,-11.43,-10.533,-2635.81,1,"Kristen Green",0,NA,2012,6770,1,NA,NA,NA,NA,NA,"halibut","halibut",200,200,14,NA,NA,NA,NA,NA
"1502","2012_6770_1_SL.avi",56810,31.5926,NA,NA,NA,18,4.354,NA,3058.203,17.341,NA,NA,-831.283,310.568,-2926.623,1,"Kristen Green",0,NA,2012,6770,1,NA,NA,NA,NA,NA,"flatfish",NA,NA,NA,15,NA,NA,NA,NA,NA
"1503","2012_6770_1_SL.avi",63291,35.1968,NA,NA,NA,56,5.834,NA,5033.736,24.052,NA,NA,-1878.089,725.962,-4613.487,1,"Kristen Green",0,NA,2012,6770,1,NA,NA,NA,NA,NA,"rockfish","rosethorn",150,150,16,NA,NA,NA,NA,NA
"1504","2012_6770_2_SL.avi",998,0.555,NA,NA,NA,43,3.212,NA,4424.281,23.586,NA,NA,-1593.545,682.96,-4070.435,1,"Kristen Green",0,NA,2012,6770,2,NA,NA,NA,NA,NA,"rockfish","rosethorn",150,150,1,NA,NA,NA,NA,NA
"1505","2012_6770_2_SL.avi",2411,1.3408,NA,NA,NA,60,9.65,NA,5232.54,25.804,NA,NA,-1585.832,1532.44,-4745.128,1,"Kristen Green",0,NA,2012,6770,2,NA,NA,NA,NA,NA,"rockfish","yelloweye",145,145,2,"AD","Fish milling",NA,NA,NA
"1506","2012_6770_2_SL.avi",2486,1.3825,NA,NA,637.36,67,1.21,7.585,4090.231,25.1,41.735,28.21,-1493.278,803.04,-3722.262,1,"Kristen Green",0,NA,2012,6770,2,NA,NA,NA,NA,NA,"rockfish","yelloweye",145,145,2,"AD","Fish milling",NA,NA,NA
"1507","2012_6770_2_SL.avi",9940,5.5277,NA,NA,NA,12,2.826,NA,2533.592,9.755,NA,NA,384.01,-245.918,-2492.218,1,"Kristen Green",0,NA,2012,6770,2,NA,NA,NA,NA,NA,"halibut","halibut",200,200,3,NA,NA,NA,NA,NA
"1508","2012_6770_2_SL.avi",9941,5.5283,NA,NA,414.606,11,0.517,5.48,2552.918,14.215,8.552,13.878,573.49,-306.763,-2468.683,1,"Kristen Green",0,NA,2012,6770,2,NA,NA,NA,NA,NA,"halibut","halibut",200,200,3,NA,NA,NA,NA,NA
"1509","2012_6770_2_SL.avi",10738,5.9715,NA,NA,NA,58,9.536,NA,5247.79,25.294,NA,NA,-1335.462,1697.899,-4782.57,1,"Kristen Green",0,NA,2012,6770,2,NA,NA,NA,NA,NA,"rockfish","yelloweye",145,145,4,"SU","Fish milling",NA,NA,NA
"1510","2012_6770_2_SL.avi",10902,6.0627,NA,NA,333.093,33,4.42,8.113,3415.99,22.495,25.749,34.454,-1157.073,539.241,-3168.5,1,"Kristen Green",0,NA,2012,6770,2,NA,NA,NA,NA,NA,"rockfish","yelloweye",145,145,4,"SU","Fish milling",NA,NA,NA
"1511","2012_6770_2_SL.avi",24576,13.667,NA,NA,NA,23,8.122,NA,3868.051,5.751,NA,NA,-54.246,300.274,-3855.997,1,"Kristen Green",0,NA,2012,6770,2,NA,NA,NA,NA,NA,"rockfish","rosethorn",150,150,5,NA,NA,NA,NA,NA
"1512","2012_6770_2_SL.avi",28989,16.1211,NA,NA,NA,11,5.016,NA,2291.489,19.598,NA,NA,495.264,-634.391,-2145.503,1,"Kristen Green",0,NA,2012,6770,2,NA,NA,NA,NA,NA,"rockfish","yelloweye",145,145,6,"AD","Fish resting on bottom",NA,"can't get length. hiding in rocks",NA
"1513","2012_6770_2_SL.avi",31969,17.7783,NA,NA,NA,25,2.936,NA,3528.808,20.529,NA,NA,-780.102,888.766,-3324.759,1,"Kristen Green",0,NA,2012,6770,2,NA,NA,NA,NA,NA,"rockfish","dusky",172,172,7,NA,NA,NA,NA,NA
"1514","2012_6770_2_SL.avi",53411,29.7024,NA,NA,NA,78,5.118,NA,6258.098,24.77,NA,NA,1268.33,2171.198,-5730.709,1,"Kristen Green",0,NA,2012,6770,2,NA,NA,NA,NA,NA,"rockfish","yelloweye",145,145,8,"AD","Fish milling",NA,NA,NA
"1515","2012_6770_2_SL.avi",53543,29.7758,NA,NA,474.17,50,10.105,4.417,4814.882,21.174,17.667,23.654,1209.209,1152.409,-4515.845,1,"Kristen Green",0,NA,2012,6770,2,NA,NA,NA,NA,NA,"rockfish","yelloweye",145,145,8,"AD","Fish milling",NA,NA,NA
"1516","2012_6770_2_SL.avi",53967,30.0116,NA,NA,NA,52,4.269,NA,4951.286,25.675,NA,NA,1508.213,1428.494,-4494.433,1,"Kristen Green",0,NA,2012,6770,2,NA,NA,NA,NA,NA,"rockfish","rosethorn",150,150,9,NA,NA,NA,NA,NA
"1517","2012_6773_1_SL.avi",3685,2.0493,NA,NA,543.374,17,1.036,2.875,2586.569,17.621,16.853,4.894,775.788,-159.595,-2462.32,1,"Kristen Green",0,NA,2012,6773,1,NA,NA,NA,NA,NA,"halibut","halibut",200,200,1,NA,NA,NA,NA,NA
"1518","2012_6773_1_SL.avi",3694,2.0543,NA,NA,NA,11,5.076,NA,2425.209,12.405,NA,NA,498.866,-201.523,-2364.775,1,"Kristen Green",0,NA,2012,6773,1,NA,NA,NA,NA,NA,"halibut","halibut",200,200,1,NA,NA,NA,NA,NA
"1519","2012_6773_1_SL.avi",3794,2.1099,NA,NA,NA,14,0.529,NA,2694.528,15.859,NA,NA,736.238,-69.455,-2591.064,1,"Kristen Green",0,NA,2012,6773,1,NA,NA,NA,NA,NA,"rockfish","thornyhead",143,143,2,NA,NA,NA,NA,NA
"1520","2012_6773_1_SL.avi",6174,3.4334,NA,NA,NA,14,0.57,NA,2525.274,24.36,NA,NA,-1041.51,-62.176,-2299.653,1,"Kristen Green",0,NA,2012,6773,1,NA,NA,NA,NA,NA,"rockfish","darkblotched",159,159,3,NA,NA,NA,NA,NA
"1521","2012_6773_1_SL.avi",7807,4.3416,NA,NA,NA,35,4.729,NA,3697.95,28.764,NA,NA,-1756.813,212.582,-3247.038,1,"Kristen Green",0,NA,2012,6773,1,NA,NA,NA,NA,NA,"cod",NA,NA,NA,4,NA,NA,NA,NA,NA
"1522","2012_6773_1_SL.avi",17562,9.7664,NA,NA,NA,24,2.483,NA,3792.272,13.761,NA,NA,126.484,813.114,-3701.915,1,"Kristen Green",0,NA,2012,6773,1,NA,NA,NA,NA,NA,"rockfish","rosethorn",150,150,5,NA,NA,NA,NA,NA
"1523","2012_6773_1_SL.avi",20340,11.3113,NA,NA,NA,65,9.248,NA,5784.063,20.832,NA,NA,1324.93,1455.942,-5438.766,1,"Kristen Green",0,NA,2012,6773,1,NA,NA,NA,NA,NA,"cod","Pacific cod",110,110,6,NA,NA,NA,NA,NA
"1524","2012_6773_1_SL.avi",23270,12.9407,NA,NA,NA,6,2.18,NA,1799.236,6.588,NA,NA,190.227,-118.842,-1785.201,1,"Kristen Green",0,NA,2012,6773,1,NA,NA,NA,NA,NA,"cod","Pacific cod",110,110,7,NA,NA,NA,NA,NA
"1525","2012_6773_1_SL.avi",27318,15.1918,NA,NA,NA,7,1.054,NA,1885.911,17.36,NA,NA,-552.293,-146.762,-1797.246,1,"Kristen Green",0,NA,2012,6773,1,NA,NA,NA,NA,NA,"rockfish","darkblotched",159,159,8,NA,NA,NA,NA,NA
"1526","2012_6773_1_SL.avi",29298,16.2929,NA,NA,NA,15,0.991,NA,2673.444,22.711,NA,NA,1010.485,156.934,-2470.141,1,"Kristen Green",0,NA,2012,6773,1,NA,NA,NA,NA,NA,"cod","Pacific cod",110,110,9,NA,NA,NA,NA,NA
"1527","2012_6773_1_SL.avi",62164,34.57,NA,NA,NA,37,8.421,NA,4712.751,12.004,NA,NA,-206.128,858.115,-4629.382,1,"Kristen Green",0,NA,2012,6773,1,NA,NA,NA,NA,NA,"rockfish","yelloweye",145,145,15,"JV","Fish milling",NA,NA,NA
"1528","2012_6773_1_SL.avi",62348,34.6723,NA,NA,283.565,22,7.876,7.359,3000.376,12.067,21.137,4.075,-627.216,-55.937,-2933.552,1,"Kristen Green",0,NA,2012,6773,1,NA,NA,NA,NA,NA,"rockfish","yelloweye",145,145,15,"JV","Fish milling",NA,NA,NA
"1529","2012_6773_1_SL.avi",59031,32.8277,NA,NA,NA,5,4.756,NA,1634.965,13.6,NA,NA,221.164,-348.841,-1581.932,1,"Kristen Green",0,NA,2012,6773,1,NA,NA,NA,NA,NA,"flatfish",NA,NA,NA,16,NA,NA,NA,NA,NA
"1530","2012_6773_1_SL.avi",37503,20.8558,NA,NA,NA,17,2.627,NA,2975.312,16.935,NA,NA,-795.294,282.719,-2853.078,1,"Kristen Green",0,NA,2012,6773,1,NA,NA,NA,NA,NA,"rockfish","rosethorn",150,150,17,NA,NA,NA,NA,NA
"1531","2012_6773_1_SL.avi",37357,20.7746,NA,NA,NA,19,6.627,NA,3340.67,10.499,NA,NA,269.047,474.762,-3295.799,1,"Kristen Green",0,NA,2012,6773,1,NA,NA,NA,NA,NA,"greenling","lingcod",130,130,18,NA,NA,NA,"no length due to bad lighting",NA
"1532","2012_6773_1_SL.avi",36718,20.4192,NA,NA,NA,47,3.056,NA,5202.527,16.752,NA,NA,-427.548,1329.032,-5011.702,1,"Kristen Green",0,NA,2012,6773,1,NA,NA,NA,NA,NA,"rockfish","yelloweye",145,145,19,"JV","Fish resting on bottom",NA,NA,NA
"1533","2012_6773_1_SL.avi",36909,20.5255,NA,NA,316.372,32,3.992,0.786,2671.138,23.11,44.816,17.845,-1033.841,-227.465,-2452.429,1,"Kristen Green",0,NA,2012,6773,1,NA,NA,NA,NA,NA,"rockfish","yelloweye",145,145,19,"JV","Fish resting on bottom",NA,NA,NA
"1534","2012_6773_1_SL.avi",66354,36.9001,NA,NA,NA,65,5.645,NA,5856.087,17.7,NA,NA,-1342.446,1048.448,-5602.887,1,"Kristen Green",0,NA,2012,6773,1,NA,NA,NA,NA,NA,"rockfish","yelloweye",145,145,20,"SU","Fish moving slowly out of frame",NA,NA,NA
"1535","2012_6773_1_SL.avi",66528,36.9969,NA,NA,373.729,36,2.008,3.211,3924.093,21.52,2.466,18.21,-1436.195,17.536,-3651.786,1,"Kristen Green",0,NA,2012,6773,1,NA,NA,NA,NA,NA,"rockfish","yelloweye",145,145,20,"AD","Fish moving slowly out of frame",NA,NA,NA
"1536","2012_6773_1_SL.avi",70395,39.1474,NA,NA,NA,13,1.573,NA,2533.488,19.97,NA,NA,863.669,0.712,-2381.73,1,"Kristen Green",0,NA,2012,6773,1,NA,NA,NA,NA,NA,"rockfish","thornyhead",143,143,21,NA,NA,NA,NA,NA
"1537","2012_6773_1_SL.avi",72371,40.2462,NA,NA,NA,105,3.178,NA,7064.328,24.334,NA,NA,-1901.354,2064.187,-6482.956,1,"Kristen Green",0,NA,2012,6773,1,NA,NA,NA,NA,NA,"rockfish","yelloweye",145,145,22,"SU","Fish resting on bottom",NA,NA,NA
"1538","2012_6773_1_SL.avi",72703,40.4309,NA,NA,424.537,22,8.617,7.991,3601.63,14.39,16.783,25.677,-523.263,650.452,-3503.548,1,"Kristen Green",0,NA,2012,6773,1,NA,NA,NA,NA,NA,"rockfish","yelloweye",145,145,22,"SU","Fish resting on bottom",NA,NA,NA
"1539","2012_6773_1_SL.avi",73634,40.9486,NA,NA,NA,49,0.544,NA,5282.017,13.73,NA,NA,-988.518,659.635,-5146.593,1,"Kristen Green",0,NA,2012,6773,1,NA,NA,NA,NA,NA,"rockfish","yelloweye",145,145,23,"SU","Fish resting on bottom",NA,"no length - blurry",NA
"1540","2012_6773_1_SL.avi",71433,39.7246,NA,NA,NA,96,51.262,NA,6391.34,26.036,NA,NA,-2693.629,659.477,-5758.357,1,"Kristen Green",0,NA,2012,6773,1,NA,NA,NA,NA,NA,"rockfish",NA,NA,NA,24,NA,NA,NA,"very dark and blurry",NA
"1541","2012_6773_2_SL.avi",19383,10.7791,NA,NA,NA,12,0.583,NA,2634.525,7.17,NA,NA,-252.534,153.936,-2617.872,1,"Kristen Green",0,NA,2012,6773,2,NA,NA,NA,NA,NA,"rockfish","tiger",148,148,1,NA,NA,NA,NA,NA
"1542","2012_6773_2_SL.avi",20019,11.1328,NA,NA,NA,40,1.513,NA,4706.851,20.167,NA,NA,463.942,1458.854,-4450.949,1,"Kristen Green",0,NA,2012,6773,2,NA,NA,NA,NA,NA,"rockfish","yelloweye",145,145,2,"AD","Fish milling",NA,NA,NA
"1543","2012_6773_2_SL.avi",20207,11.2373,NA,NA,490.21,33,3.979,1.51,2717.312,19.834,88.149,41.466,904.415,-234.457,-2551.636,1,"Kristen Green",0,NA,2012,6773,2,NA,NA,NA,NA,NA,"rockfish","yelloweye",145,145,2,"AD","Fish milling",NA,NA,NA
"1544","2012_6773_2_SL.avi",22088,12.2834,NA,NA,NA,27,6.891,NA,3923.82,13.304,NA,NA,-886.003,91.206,-3821.393,1,"Kristen Green",0,NA,2012,6773,2,NA,NA,NA,NA,NA,"rockfish","rosethorn",150,150,3,NA,NA,NA,NA,NA
"1545","2012_6773_2_SL.avi",25738,14.3132,NA,NA,NA,9,1.976,NA,2192.619,11.313,NA,NA,-407.874,-183.125,-2146.551,1,"Kristen Green",0,NA,2012,6773,2,NA,NA,NA,NA,NA,"halibut","halibut",200,200,4,NA,NA,NA,NA,NA
"1546","2012_6773_2_SL.avi",25742,14.3154,NA,NA,501.559,17,3.155,0.222,1947.323,17.037,55.687,24.994,-502.911,-309.744,-1855.588,1,"Kristen Green",0,NA,2012,6773,2,NA,NA,NA,NA,NA,"halibut","halibut",200,200,4,NA,NA,NA,NA,NA
"1547","2012_6773_2_SL.avi",26838,14.9249,NA,NA,575.72,24,1.925,2.84,2527.024,7.369,42.553,24.714,309.677,41.366,-2507.636,1,"Kristen Green",0,NA,2012,6773,2,NA,NA,NA,NA,NA,"halibut","halibut",200,200,5,NA,NA,NA,NA,NA
"1548","2012_6773_2_SL.avi",26880,14.9482,NA,NA,NA,11,0.963,NA,2302.729,15.941,NA,NA,604.624,-233.378,-2209.643,1,"Kristen Green",0,NA,2012,6773,2,NA,NA,NA,NA,NA,"halibut","halibut",200,200,5,NA,NA,NA,NA,NA
"1549","2012_6773_2_SL.avi",27579,15.337,NA,NA,NA,54,3.365,NA,5219.104,20.173,NA,NA,-1254.899,1183.727,-4925.756,1,"Kristen Green",0,NA,2012,6773,2,NA,NA,NA,NA,NA,"cod","Pacific cod",110,110,6,NA,NA,NA,NA,NA
"1550","2012_6773_2_SL.avi",34127,18.9784,NA,NA,NA,30,0.52,NA,4079.552,21.238,NA,NA,-70.821,1393.354,-3833.574,1,"Kristen Green",0,NA,2012,6773,2,NA,NA,NA,NA,NA,"rockfish","yelloweye",145,145,7,"AD","Fish resting on bottom",NA,NA,NA
"1551","2012_6773_2_SL.avi",34285,19.0662,NA,NA,496.118,22,2.289,2.696,2764.594,8.974,27.422,10.663,401.529,-216.435,-2726.703,1,"Kristen Green",0,NA,2012,6773,2,NA,NA,NA,NA,NA,"rockfish","yelloweye",145,145,7,"AD","Fish resting on bottom",NA,NA,NA
"1552","2012_6773_2_SL.avi",39078,21.7317,NA,NA,NA,11,5.897,NA,2460.104,7.578,NA,NA,295.384,-186.939,-2435.142,1,"Kristen Green",0,NA,2012,6773,2,NA,NA,NA,NA,NA,"cod","Pacific cod",110,110,8,NA,NA,NA,NA,NA
"1553","2012_6773_2_SL.avi",53833,29.9371,NA,NA,NA,15,5.276,NA,2715.056,21.451,NA,NA,992.888,-47.544,-2526.547,1,"Kristen Green",0,NA,2012,6773,2,NA,NA,NA,NA,NA,"rockfish","rosethorn",150,150,9,NA,NA,NA,NA,NA
"1554","2012_6773_2_SL.avi",59695,33.197,NA,NA,NA,6,8.415,NA,1798.937,4.772,NA,NA,147.944,-61.438,-1791.79,1,"Kristen Green",0,NA,2012,6773,2,NA,NA,NA,NA,NA,"cod","Pacific cod",110,110,10,NA,NA,NA,NA,NA
"1555","2012_6773_2_SL.avi",63233,35.1645,NA,NA,NA,9,1.74,NA,2345.878,7.217,NA,NA,92.458,229.349,-2332.808,1,"Kristen Green",0,NA,2012,6773,2,NA,NA,NA,NA,NA,"rockfish","rosethorn",150,150,11,NA,NA,NA,NA,NA
"1556","2012_6773_2_SL.avi",65995,36.7005,NA,NA,NA,27,4.839,NA,3555.251,22.547,NA,NA,-1310.222,305.11,-3290.902,1,"Kristen Green",0,NA,2012,6773,2,NA,NA,NA,NA,NA,"rockfish","rosethorn",150,150,12,NA,NA,NA,NA,NA
"1557","2012_6773_2_SL.avi",66839,37.1698,NA,NA,NA,16,1.956,NA,3124.473,4.164,NA,NA,-113.005,129.146,-3119.756,1,"Kristen Green",0,NA,2012,6773,2,NA,NA,NA,NA,NA,"rockfish","rosethorn",150,150,13,NA,NA,NA,NA,NA
