"","Filename","Frame","Time..HMS.","Period","Period.time..HMS.","Length..mm.","Precision..mm.","RMS.1..mm.","RMS.2..mm.","Range..mm.","Direction..deg.","Horz..Dir...deg.","Vert..Dir...deg.","Mid.X..mm.","Mid.Y..mm.","Mid.Z..mm.","OpCode","Tape.Reader","Depth","Comment","Year","Dive.No","Transect.No","User.Def..4","User.Def..5","User.Def..6","User.Def..7","User.Def..8","Family","Genus","Species","Code","Number","Stage","Activity","Check.ID","Comment.1","Event.Time","Time..mins.","Period.time..mins."
"1","Dive1__Camera 1_08-31-25.456_fixed.avi",239,"31:38.0",NA,NA,NA,38.332,0.43,NA,3725.34,26.283,NA,NA,1648.95,-93.92,-3339.207,1,"Jenny Stahl",0,"new cameras, AKST",2013,1,1,NA,NA,NA,NA,NA,"rockfish","rosethorn",150,150,1,"","","","","",NA,NA
"2","Dive1__Camera 1_08-31-25.456_fixed.avi",2533,"32:54.4",NA,NA,NA,107.092,1.123,NA,6432.859,9.161,NA,NA,792.361,557.833,-6359.455,1,"Jenny Stahl",0,"new cameras, AKST",2013,1,1,NA,NA,NA,NA,NA,"rockfish","yelloweye",145,145,2,"AD","resting on bottom","","","",NA,NA
"3","Dive1__Camera 1_08-31-25.456_fixed.avi",2537,"32:54.6",NA,NA,NA,77.834,3.459,NA,5574.104,9.725,NA,NA,2.262,862.749,-5506.932,1,"Jenny Stahl",0,"new cameras, AKST",2013,1,1,NA,NA,NA,NA,NA,"halibut","halibut",200,200,3,"","","","No length-too dark","",NA,NA
"4","Dive1__Camera 1_08-31-25.456_fixed.avi",2644,"32:58.1",NA,NA,465.531,34.123,3.714,1.244,2982.885,9.641,26.287,23.533,-161.295,-514.928,-2933.673,1,"Jenny Stahl",0,"new cameras, AKST",2013,1,1,NA,NA,NA,NA,NA,"rockfish","yelloweye",145,145,2,"AD","","","","",NA,NA
"5","Dive1__Camera 1_08-31-25.456_fixed.avi",9007,"36:30.2",NA,NA,NA,22.067,2.411,NA,2719.477,27.274,NA,NA,-684.688,-1075.781,-2401.968,1,"Jenny Stahl",0,"new cameras, AKST",2013,1,1,NA,NA,NA,NA,NA,"rockfish","rosethorn",150,150,4,"","","","","",NA,NA
"6","Dive1__Camera 1_08-31-25.456_fixed.avi",10845,"37:31.5",NA,NA,NA,20.987,4.116,NA,2633.963,25.034,NA,NA,-816.17,-793.209,-2375.383,1,"Jenny Stahl",0,"new cameras, AKST",2013,1,1,NA,NA,NA,NA,NA,"rockfish","rosethorn",150,150,5,"","","","","",NA,NA
"7","Dive1__Camera 1_08-31-25.456_fixed.avi",16668,"40:45.6",NA,NA,NA,48.294,2.605,NA,4227.313,28.501,NA,NA,2010.55,109.934,-3716.959,1,"Jenny Stahl",0,"new cameras, AKST",2013,1,1,NA,NA,NA,NA,NA,"rockfish","rosethorn",150,150,6,"","","","","",NA,NA
"8","Dive1__Camera 1_08-31-25.456_fixed.avi",18068,"41:32.3",NA,NA,NA,16.799,5.035,NA,2565.448,35.213,NA,NA,-1475.922,-129.563,-2094.371,1,"Jenny Stahl",0,"new cameras, AKST",2013,1,1,NA,NA,NA,NA,NA,"rockfish","rosethorn",150,150,7,"","","","","",NA,NA
"9","Dive1__Camera 1_08-31-25.456_fixed.avi",19788,"42:29.6",NA,NA,NA,52.929,20.09,NA,4533.436,8.848,NA,NA,588.031,310.522,-4484.399,1,"Jenny Stahl",0,"new cameras, AKST",2013,1,1,NA,NA,NA,NA,NA,"rockfish","rosethorn",150,150,8,"","","","","",NA,NA
"10","Dive1__Camera 1_08-31-25.456_fixed.avi",19977,"42:35.9",NA,NA,NA,15.877,11.935,NA,2485.782,6.283,NA,NA,-20.549,-306.655,-2466.708,1,"Jenny Stahl",0,"new cameras, AKST",2013,1,1,NA,NA,NA,NA,NA,"rockfish","rosethorn",150,150,9,"","","","","",NA,NA
"11","Dive1__Camera 1_08-31-25.456_fixed.avi",30088,"48:12.9",NA,NA,NA,17.129,2.852,NA,2457.926,19.213,NA,NA,768.628,218.608,-2324.397,1,"Jenny Stahl",0,"new cameras, AKST",2013,1,1,NA,NA,NA,NA,NA,"rockfish","rosethorn",150,150,10,"","","","","",NA,NA
"12","Dive1__Camera 1_08-31-25.456_fixed.avi",33490,"50:06.3",NA,NA,NA,10.578,4.47,NA,1912.034,29.974,NA,NA,353.647,-911.042,-1643.414,1,"Jenny Stahl",0,"new cameras, AKST",2013,1,1,NA,NA,NA,NA,NA,"rockfish","rosethorn",150,150,11,"","","","","",NA,NA
"13","Dive1__Camera 1_08-31-25.456_fixed.avi",34092,"50:26.4",NA,NA,NA,16.15,3.512,NA,2365.892,18.908,NA,NA,740.815,-229.484,-2235.168,1,"Jenny Stahl",0,"new cameras, AKST",2013,1,1,NA,NA,NA,NA,NA,"rockfish","greenstripe",135,135,12,"","","","","",NA,NA
"14","Dive1__Camera 1_08-31-25.456_fixed.avi",41462,"54:32.1",NA,NA,NA,59.901,3.261,NA,4732.722,35.739,NA,NA,2653.137,721.179,-3852.198,1,"Jenny Stahl",0,"new cameras, AKST",2013,1,1,NA,NA,NA,NA,NA,"flatfish","flatfish",10006,10006,13,"","","","","",NA,NA
"15","Dive1__Camera 1_08-31-25.456_fixed.avi",47356,"57:48.5",NA,NA,NA,11.99,6.463,NA,2085.428,15.069,NA,NA,47.307,-568.925,-2005.766,1,"Jenny Stahl",0,"new cameras, AKST",2013,1,1,NA,NA,NA,NA,NA,"rockfish","rosethorn",150,150,14,"","","","","",NA,NA
"16","Dive1__Camera 1_08-31-25.456_fixed.avi",56264,"02:45.5",NA,NA,NA,62.801,3.283,NA,4784.336,23.79,NA,NA,-1915.616,172.02,-4380.719,1,"Jenny Stahl",0,"new cameras, AKST",2013,1,1,NA,NA,NA,NA,NA,"rockfish","rosethorn",150,150,15,"","","","","",NA,NA
"17","Dive1__Camera 1_08-31-25.456_fixed.avi",62359,"06:08.6",NA,NA,NA,27.827,1.301,NA,3163.947,26.01,NA,NA,1386.242,-99.443,-2842.359,1,"Jenny Stahl",0,"new cameras, AKST",2013,1,1,NA,NA,NA,NA,NA,"rockfish","rosethorn",150,150,16,"","","","","",NA,NA
"18","Dive1__Camera 1_08-31-25.456_fixed.avi",62922,"06:27.4",NA,NA,NA,25.614,2.642,NA,2977.495,17.561,NA,NA,-835.328,-371.337,-2833.692,1,"Jenny Stahl",0,"new cameras, AKST",2013,1,1,NA,NA,NA,NA,NA,"rockfish","silvergray",157,157,17,"","","","","",NA,NA
"19","Dive1__Camera 1_08-31-25.456_fixed.avi",64605,"07:23.5",NA,NA,NA,13.97,1.185,NA,2155.656,29.853,NA,NA,746.653,-797.394,-1858.367,1,"Jenny Stahl",0,"new cameras, AKST",2013,1,1,NA,NA,NA,NA,NA,"rockfish","greenstripe",135,135,18,"","","","","",NA,NA
"20","Dive1__Camera 1_08-31-25.456_fixed.avi",66344,"08:21.5",NA,NA,NA,19.611,5.781,NA,2624.716,24.088,NA,NA,-1060.246,-187.486,-2393.713,1,"Jenny Stahl",0,"new cameras, AKST",2013,1,1,NA,NA,NA,NA,NA,"rockfish","rosethorn",150,150,19,"","","","","",NA,NA
"21","Dive1__Camera 1_08-31-25.456_fixed.avi",66660,"08:32.0",NA,NA,NA,31.876,9.191,NA,3562.405,35.742,NA,NA,2080.628,-77.848,-2890.615,1,"Jenny Stahl",0,"new cameras, AKST",2013,1,1,NA,NA,NA,NA,NA,"rockfish","rosethorn",150,150,20,"","","","","",NA,NA
"22","Dive1__Camera 1_08-31-25.456_fixed.avi",72145,"11:34.8",NA,NA,NA,20.192,1.884,NA,2721.429,28.383,NA,NA,-1286.519,101.438,-2395.987,1,"Jenny Stahl",0,"new cameras, AKST",2013,1,1,NA,NA,NA,NA,NA,"rockfish","rosethorn",150,150,21,"","","","","",NA,NA
"23","Dive1__Camera 1_08-31-25.456_fixed.avi",74395,"12:49.8",NA,NA,NA,9.563,21.551,NA,1784.964,29.102,NA,NA,-551.624,-692.643,-1549.856,1,"Jenny Stahl",0,"new cameras, AKST",2013,1,1,NA,NA,NA,NA,NA,"rockfish","sharpchin",166,166,22,"","","","","",NA,NA
"24","Dive1__Camera 1_08-31-25.456_fixed.avi",75060,"13:12.0",NA,NA,NA,11.977,2.702,NA,2009.192,29.708,NA,NA,888.055,-475.314,-1738.473,1,"Jenny Stahl",0,"new cameras, AKST",2013,1,1,NA,NA,NA,NA,NA,"rockfish","rosethorn",150,150,23,"","","","","",NA,NA
"25","Dive1__Camera 1_08-31-25.456_fixed.avi",83657,"17:58.6",NA,NA,NA,129.865,2.578,NA,7138.07,9.834,NA,NA,-1193.754,146.671,-7036.013,1,"Jenny Stahl",0,"new cameras, AKST",2013,1,1,NA,NA,NA,NA,NA,"rockfish","yelloweye",145,145,24,"AD","milling/hovering","","","",NA,NA
"26","Dive1__Camera 1_08-31-25.456_fixed.avi",83707,"18:00.2",NA,NA,543.579,78.944,5.413,2.329,6052.008,13.365,1.894,3.67,-1395.344,-184.991,-5886.051,1,"Jenny Stahl",0,"new cameras, AKST",2013,1,1,NA,NA,NA,NA,NA,"rockfish","yelloweye",145,145,24,"AD","","","","",NA,NA
"27","Dive1__Camera 1_08-31-25.456_fixed.avi",83925,"18:07.5",NA,NA,NA,89.799,3.228,NA,5538.743,29.705,NA,NA,-2486.291,-1231.403,-4793.712,1,"Jenny Stahl",0,"new cameras, AKST",2013,1,1,NA,NA,NA,NA,NA,"greenling","lingcod",130,130,25,"","","","No length- too dark","",NA,NA
"28","Dive3__Camera 1_08-20-13_10-34-53.322_fixed.avi",2174,"45:29.5",NA,NA,NA,15.436,2.018,NA,2308.487,34.063,NA,NA,-908.259,-947.584,-1899.016,1,"Jenny Stahl",0,"new cameras, AKST",2013,3,1,NA,NA,NA,NA,NA,"rockfish","rosethorn",150,150,1,"","","","","",NA,NA
"29","Dive3__Camera 1_08-20-13_10-34-53.322_fixed.avi",7067,"48:12.6",NA,NA,NA,23.396,1.363,NA,2784.028,23.896,NA,NA,-781.159,-849.768,-2533.475,1,"Jenny Stahl",0,"new cameras, AKST",2013,3,1,NA,NA,NA,NA,NA,"cod","",9991,9991,24,"","","","Not Pcod; reddish coloration","",NA,NA
"30","Dive3__Camera 1_08-20-13_10-34-53.322_fixed.avi",7106,"48:13.9",NA,NA,NA,18.186,0.682,NA,2568.921,26.314,NA,NA,-113.632,-1165.992,-2286.243,1,"Jenny Stahl",0,"new cameras, AKST",2013,3,1,NA,NA,NA,NA,NA,"cod","",9991,9991,2,"","","","Not Pcod, reddish coloration","",NA,NA
"31","Dive3__Camera 1_08-20-13_10-34-53.322_fixed.avi",9076,"49:19.5",NA,NA,NA,16.676,3.972,NA,2368.837,20.833,NA,NA,754.793,-405.887,-2208.378,1,"Jenny Stahl",0,"new cameras, AKST",2013,3,1,NA,NA,NA,NA,NA,"flatfish","Dover sole",124,124,3,"","","","","",NA,NA
"32","Dive3__Camera 1_08-20-13_10-34-53.322_fixed.avi",39450,"06:12.0",NA,NA,NA,33.768,1.13,NA,3544.48,29.195,NA,NA,-1722.771,101.851,-3095.969,1,"Jenny Stahl",0,"new cameras, AKST",2013,3,1,NA,NA,NA,NA,NA,"rockfish","rosethorn",150,150,4,"","","","","",NA,NA
"33","Dive3__Camera 1_08-20-13_10-34-53.322_fixed.avi",44922,"09:14.4",NA,NA,NA,92.48,7.696,NA,5564.398,24.969,NA,NA,-1898.754,1310.348,-5063.62,1,"Jenny Stahl",0,"new cameras, AKST",2013,3,1,NA,NA,NA,NA,NA,"ratfish","ratfish",714,714,5,"","","","","",NA,NA
"34","Dive3__Camera 1_08-20-13_10-34-53.322_fixed.avi",44923,"09:14.4",NA,NA,NA,98.258,4.48,NA,5774.521,31.443,NA,NA,2577.037,1488.924,-4948.442,1,"Jenny Stahl",0,"new cameras, AKST",2013,3,1,NA,NA,NA,NA,NA,"halibut","halibut",200,200,6,"","","","No length-too dark to measure","",NA,NA
"35","Dive3__Camera 1_08-20-13_10-34-53.322_fixed.avi",53321,"13:54.4",NA,NA,NA,25.961,7.819,NA,3013.325,19.989,NA,NA,-313.297,-1021.751,-2817.445,1,"Jenny Stahl",0,"new cameras, AKST",2013,3,1,NA,NA,NA,NA,NA,"rockfish","rosethorn",150,150,7,"","","","","",NA,NA
"36","Dive3__Camera 1_08-20-13_10-34-53.322_fixed.avi",54137,"14:21.6",NA,NA,NA,41.419,8.567,NA,4020.072,9.197,NA,NA,-219.677,546.836,-3976.644,1,"Jenny Stahl",0,"new cameras, AKST",2013,3,1,NA,NA,NA,NA,NA,"rockfish","rosethorn",150,150,8,"","","","","",NA,NA
"37","Dive3__Camera 1_08-20-13_10-34-53.322_fixed.avi",57363,"16:09.1",NA,NA,NA,30.753,2.925,NA,3198.088,28.453,NA,NA,-1129.64,-1062.726,-2796.836,1,"Jenny Stahl",0,"new cameras, AKST",2013,3,1,NA,NA,NA,NA,NA,"cod","",9991,9991,9,"","","","","",NA,NA
"38","Dive3__Camera 1_08-20-13_10-34-53.322_fixed.avi",60099,"17:40.3",NA,NA,NA,16.441,0.521,NA,2343.002,21.536,NA,NA,-534.574,-704.957,-2169.545,1,"Jenny Stahl",0,"new cameras, AKST",2013,3,1,NA,NA,NA,NA,NA,"rockfish","rosethorn",150,150,10,"","","","","",NA,NA
"39","Dive3__Camera 1_08-20-13_10-34-53.322_fixed.avi",61344,"18:21.8",NA,NA,NA,123.186,5.975,NA,6991.089,9.367,NA,NA,-223.511,1016.714,-6913.152,1,"Jenny Stahl",0,"new cameras, AKST",2013,3,1,NA,NA,NA,NA,NA,"rockfish","yelloweye",145,145,11,"AD","fish seeking cover","","No length-fish curved","",NA,NA
"40","Dive3__Camera 1_08-20-13_10-34-53.322_fixed.avi",63862,"19:45.7",NA,NA,NA,10.127,1.2,NA,1895.436,28.132,NA,NA,-185.164,-898.195,-1658.806,1,"Jenny Stahl",0,"new cameras, AKST",2013,3,1,NA,NA,NA,NA,NA,"rockfish","rosethorn",150,150,12,"","","","","",NA,NA
"41","Dive3__Camera 1_08-20-13_10-34-53.322_fixed.avi",69426,"22:51.2",NA,NA,NA,6.354,1.612,NA,1506.602,25.778,NA,NA,14.657,-674.411,-1347.147,1,"Jenny Stahl",0,"new cameras, AKST",2013,3,1,NA,NA,NA,NA,NA,"rockfish","rosethorn",150,150,13,"","","","","",NA,NA
"42","Dive3__Camera 1_08-20-13_10-34-53.322_fixed.avi",82643,"30:11.8",NA,NA,NA,26.427,2.579,NA,2978.661,20.648,NA,NA,-887.831,-601.173,-2778.987,1,"Jenny Stahl",0,"new cameras, AKST",2013,3,1,NA,NA,NA,NA,NA,"rockfish","rosethorn",150,150,14,"","","","","",NA,NA
"43","Dive3__Camera 1_08-20-13_10-34-53.322_fixed.avi",83516,"30:40.9",NA,NA,NA,195.501,2.866,NA,8091.407,31.131,NA,NA,3310.71,2457.554,-6962.076,1,"Jenny Stahl",0,"new cameras, AKST",2013,3,1,NA,NA,NA,NA,NA,"rockfish","yelloweye",145,145,15,"AD","milling","","","",NA,NA
"44","Dive3__Camera 1_08-20-13_10-34-53.322_fixed.avi",83640,"30:45.0",NA,NA,676.113,104.678,8.736,2.926,5007.385,34.063,7.952,6.28,2682.969,757.604,-4159.522,1,"Jenny Stahl",0,"new cameras, AKST",2013,3,1,NA,NA,NA,NA,NA,"rockfish","yelloweye",145,145,15,"AD","","","","",NA,NA
"45","Dive3__Camera 1_08-20-13_10-34-53.322_fixed.avi",83689,"30:46.6",NA,NA,NA,212.975,6.173,NA,8417.302,25.222,NA,NA,2260.485,2675.398,-7653.982,1,"Jenny Stahl",0,"new cameras, AKST",2013,3,1,NA,NA,NA,NA,NA,"greenling","lingcod",130,130,16,"","","","No length; Too dark to measure","",NA,NA
"46","Dive3__Camera 1_08-20-13_10-34-53.322_fixed.avi",93579,"36:16.3",NA,NA,NA,41.325,4.278,NA,3950.262,33.188,NA,NA,-2150.19,-276.248,-3302.263,1,"Jenny Stahl",0,"new cameras, AKST",2013,3,1,NA,NA,NA,NA,NA,"rockfish","rosethorn",150,150,17,"","","","","",NA,NA
"47","Dive3__Camera 1_08-20-13_10-34-53.322_fixed.avi",94394,"36:43.5",NA,NA,NA,13.149,2.185,NA,2138.196,34.716,NA,NA,-831.833,-914.441,-1744.631,1,"Jenny Stahl",0,"new cameras, AKST",2013,3,1,NA,NA,NA,NA,NA,"rockfish","rosethorn",150,150,18,"","","","","",NA,NA
"48","Dive3__Camera 1_08-20-13_10-34-53.322_fixed.avi",97479,"38:26.3",NA,NA,NA,32.964,2.091,NA,3405.205,20.605,NA,NA,-1181.507,-246.065,-3184.166,1,"Jenny Stahl",0,"new cameras, AKST",2013,3,1,NA,NA,NA,NA,NA,"rockfish","rosethorn",150,150,19,"","","","","",NA,NA
"49","Dive3__Camera 1_08-20-13_10-34-53.322_fixed.avi",100048,"39:51.9",NA,NA,NA,17.105,3.32,NA,2379.106,25.836,NA,NA,655.809,-833.658,-2129.571,1,"Jenny Stahl",0,"new cameras, AKST",2013,3,1,NA,NA,NA,NA,NA,"flatfish","Dover sole",124,124,20,"","","","","",NA,NA
"50","Dive3__Camera 1_08-20-13_10-34-53.322_fixed.avi",101179,"40:29.6",NA,NA,NA,26.197,0.557,NA,3065.837,30.217,NA,NA,1525.322,-270.712,-2645.651,1,"Jenny Stahl",0,"new cameras, AKST",2013,3,1,NA,NA,NA,NA,NA,"rockfish","rosethorn",150,150,21,"","","","","",NA,NA
"51","Dive3__Camera 1_08-20-13_10-34-53.322_fixed.avi",102158,"41:02.3",NA,NA,NA,15.155,2.485,NA,2243.911,28.657,NA,NA,-803.662,-743.795,-1958.58,1,"Jenny Stahl",0,"new cameras, AKST",2013,3,1,NA,NA,NA,NA,NA,"rockfish","rosethorn",150,150,22,"","","","","",NA,NA
"52","Dive3__Camera 1_08-20-13_10-34-53.322_fixed.avi",112547,"46:48.6",NA,NA,NA,14.714,2.778,NA,2333.966,8.797,NA,NA,282.706,-250.971,-2303.147,1,"Jenny Stahl",0,"new cameras, AKST",2013,3,1,NA,NA,NA,NA,NA,"rockfish","silvergray",157,157,23,"","","","","",NA,NA
"53","2013_4_1_SL.avi",11004,"08:22.3",NA,NA,NA,20.923,26.637,NA,3284.327,20.208,NA,NA,503.403,-1051.022,-3070.626,1,"Kristen Green",0,"old cameras",2013,4,1,NA,NA,NA,NA,NA,"cod","Pacific cod",110,110,1,"","","","","",NA,NA
"54","2013_4_1_SL.avi",16205,"11:15.8",NA,NA,NA,6.16,1.598,NA,1786.601,13.459,NA,NA,188.685,-389.918,-1733.294,1,"Kristen Green",0,"old cameras",2013,4,1,NA,NA,NA,NA,NA,"greenling","lingcod",130,130,2,"","","","fish curled no length ","",NA,NA
"55","2013_4_1_SL.avi",31004,"19:29.6",NA,NA,NA,18.628,3.454,NA,2994.785,21.873,NA,NA,-1092.974,-255.094,-2776.521,1,"Kristen Green",0,"old cameras",2013,4,1,NA,NA,NA,NA,NA,"rockfish","rosethorn",150,150,3,"","","","","",NA,NA
"56","2013_4_1_SL.avi",32710,"20:26.5",NA,NA,NA,149.43,0.267,NA,9023.764,17.801,NA,NA,1526.467,2201.925,-8616.829,1,"Kristen Green",0,"old cameras",2013,4,1,NA,NA,NA,NA,NA,"rockfish","yelloweye",145,145,4,"AD","actively swimming within frame","","","",NA,NA
"57","2013_4_1_SL.avi",32933,"20:34.0",NA,NA,457.913,64.603,1.765,2.405,5527.218,12.72,20.468,5.233,-817.336,841.558,-5401.286,1,"Kristen Green",0,"old cameras",2013,4,1,NA,NA,NA,NA,NA,"rockfish","yelloweye",145,145,4,"AD","","","","",NA,NA
"58","2013_4_1_SL.avi",34294,"21:19.4",NA,NA,NA,9.086,4.08,NA,2200.339,13.541,NA,NA,-281.688,-455.17,-2134.236,1,"Kristen Green",0,"old cameras",2013,4,1,NA,NA,NA,NA,NA,"rockfish","silvergray",157,157,5,"","","","","",NA,NA
"59","2013_4_1_SL.avi",38655,"23:44.9",NA,NA,NA,24.846,8.731,NA,3426.015,23.522,NA,NA,-1338.512,-314.121,-3138.04,1,"Kristen Green",0,"old cameras",2013,4,1,NA,NA,NA,NA,NA,"rockfish","rosethorn",150,150,6,"","","","","",NA,NA
"60","2013_4_1_SL.avi",40966,"25:02.0",NA,NA,NA,17.035,4.235,NA,3049.084,13.525,NA,NA,427.211,-603.932,-2957.984,1,"Kristen Green",0,"old cameras",2013,4,1,NA,NA,NA,NA,NA,"rockfish","yelloweye",145,145,7,"AD","resting on bottom","","behind rock; no length ","",NA,NA
"61","2013_4_1_SL.avi",41316,"25:13.7",NA,NA,NA,21.18,9.535,NA,3583.721,8.003,NA,NA,495.913,15.2,-3549.21,1,"Kristen Green",0,"old cameras",2013,4,1,NA,NA,NA,NA,NA,"rockfish","rosethorn",150,150,8,"","","","","",NA,NA
"62","2013_4_1_SL.avi",55473,"33:06.1",NA,NA,NA,29.74,6.007,NA,4144.39,12.183,NA,NA,-733.564,431.079,-4056.109,1,"Kristen Green",0,"old cameras",2013,4,1,NA,NA,NA,NA,NA,"rockfish","sharpchin",166,166,9,"","","","","",NA,NA
"63","2013_5_1_SL.avi",10954,"46:09.5",NA,NA,NA,11.28,0.742,NA,2480.176,12.118,NA,NA,-363.741,-399.537,-2420.607,1,"Jenny Stahl",0,"old cameras",2013,5,1,NA,NA,NA,NA,NA,"ratfish","ratfish",NA,NA,1,"","","","","",NA,NA
"64","2013_5_1_SL.avi",13916,"47:48.3",NA,NA,399.159,25.97,1.519,4.109,2407.436,23.223,59.585,29.965,-883.583,-371.675,-2208.367,1,"Jenny Stahl",0,"old cameras",2013,5,1,NA,NA,NA,NA,NA,"halibut","halibut",200,200,2,"","","","","",NA,NA
"65","2013_5_1_SL.avi",13917,"47:48.4",NA,NA,NA,12.801,2.138,NA,2504.173,19.474,NA,NA,-793.3,-286.418,-2357.864,1,"Jenny Stahl",0,"old cameras",2013,5,1,NA,NA,NA,NA,NA,"halibut","halibut",200,200,2,"","","","","",NA,NA
"66","2013_5_1_SL.avi",18461,"50:20.0",NA,NA,NA,19.962,4.046,NA,3179.278,19.548,NA,NA,-1060.562,-116.178,-2994.916,1,"Jenny Stahl",0,"old cameras",2013,5,1,NA,NA,NA,NA,NA,"ratfish","ratfish",NA,NA,3,"","","","","",NA,NA
"67","2013_5_1_SL.avi",22721,"52:42.1",NA,NA,NA,7.074,2.013,NA,1938.813,11.916,NA,NA,214.09,-359.374,-1893.148,1,"Jenny Stahl",0,"old cameras",2013,5,1,NA,NA,NA,NA,NA,"rockfish","greenstripe",NA,NA,4,"","","","","",NA,NA
"68","2013_5_1_SL.avi",24775,"53:50.7",NA,NA,NA,6.903,0.435,NA,1771.062,23.94,NA,NA,-536.994,-495.612,-1613.279,1,"Jenny Stahl",0,"old cameras",2013,5,1,NA,NA,NA,NA,NA,"flatfish","Dover sole",NA,NA,5,"","","","","",NA,NA
"69","2013_5_1_SL.avi",27300,"55:14.9",NA,NA,NA,14.781,1.846,NA,2913.389,9.883,NA,NA,-482.084,-164.886,-2868.491,1,"Jenny Stahl",0,"old cameras",2013,5,1,NA,NA,NA,NA,NA,"rockfish","rosethorn",150,150,6,"","","","","",NA,NA
"70","2013_5_1_SL.avi",39532,"02:03.0",NA,NA,NA,18.76,7.208,NA,3358.247,7.41,NA,NA,-236.025,-400.249,-3325.945,1,"Jenny Stahl",0,"old cameras",2013,5,1,NA,NA,NA,NA,NA,"rockfish","",NA,NA,7,"","","","Bad Angle Can't Be Identified","",NA,NA
"71","2013_5_1_SL.avi",39870,"02:14.3",NA,NA,NA,15.251,3.105,NA,2959.532,11.651,NA,NA,63.285,-626.576,-2891.751,1,"Jenny Stahl",0,"old cameras",2013,5,1,NA,NA,NA,NA,NA,"rockfish","greenstripe",NA,NA,8,"","","","","",NA,NA
"72","2013_5_1_SL.avi",45028,"05:06.4",NA,NA,NA,14.859,2.711,NA,2887.967,12.073,NA,NA,-274.776,-569.354,-2817.923,1,"Jenny Stahl",0,"old cameras",2013,5,1,NA,NA,NA,NA,NA,"flatfish","Dover sole",NA,NA,9,"","","","","",NA,NA
"73","2013_5_1_SL.avi",47016,"06:12.8",NA,NA,NA,15.829,4.964,NA,2701.617,24.321,NA,NA,-1083.24,-281.515,-2458.876,1,"Jenny Stahl",0,"old cameras",2013,5,1,NA,NA,NA,NA,NA,"rockfish","rosethorn",150,150,10,"","","","","",NA,NA
"74","2013_5_1_SL.avi",48136,"06:50.1",NA,NA,NA,9.541,4.548,NA,2084.094,23.897,NA,NA,-813.846,-245.758,-1902.815,1,"Jenny Stahl",0,"old cameras",2013,5,1,NA,NA,NA,NA,NA,"ratfish","ratfish",NA,NA,11,"","","","","",NA,NA
"75","2013_5_1_SL.avi",50970,"08:24.7",NA,NA,NA,17.453,7.937,NA,3251.837,7.402,NA,NA,-418.927,-31.528,-3224.585,1,"Jenny Stahl",0,"old cameras",2013,5,1,NA,NA,NA,NA,NA,"rockfish","rosethorn",150,150,12,"","","","","",NA,NA
"76","2013_5_1_SL.avi",51599,"08:45.7",NA,NA,NA,13.503,2.981,NA,2909.092,3.215,NA,NA,120.318,77.779,-2905.562,1,"Jenny Stahl",0,"old cameras",2013,5,1,NA,NA,NA,NA,NA,"ratfish","ratfish",NA,NA,13,"","","","","",NA,NA
"77","2013_5_1_SL.avi",51912,"08:56.1",NA,NA,NA,6.096,8.833,NA,1769.423,13.084,NA,NA,275.419,-310.048,-1720.138,1,"Jenny Stahl",0,"old cameras",2013,5,1,NA,NA,NA,NA,NA,"flatfish","Dover sole",NA,NA,14,"","","Y","","",NA,NA
"78","2013_5_1_SL.avi",52279,"09:08.4",NA,NA,NA,7.456,2.044,NA,1904.962,18.272,NA,NA,441.695,-422.147,-1804.321,1,"Jenny Stahl",0,"old cameras",2013,5,1,NA,NA,NA,NA,NA,"rockfish","rosethorn",150,150,15,"","","Y","","",NA,NA
"79","2013_6_1_SL.avi",4084,"20:35.3",NA,NA,NA,47.85,6.538,NA,4845.856,21.088,NA,NA,-1656.167,-595.415,-4514.965,1,"Jenny Stahl",0,"old cameras",2013,6,1,NA,NA,NA,NA,NA,"rockfish","rosethorn",150,150,1,"","","","","",NA,NA
"80","2013_6_1_SL.avi",4570,"20:51.5",NA,NA,NA,101.964,5.952,NA,7009.268,22.353,NA,NA,2583.843,-727.712,-6474.877,1,"Jenny Stahl",0,"old cameras",2013,6,1,NA,NA,NA,NA,NA,"rockfish","yelloweye",145,145,3,"AD","milling","","","",NA,NA
"81","2013_6_1_SL.avi",4599,"20:52.5",NA,NA,677.941,96.734,3.336,0.99,5577.269,20.659,31.263,27.714,1811.845,-825.691,-5209.739,1,"Jenny Stahl",0,"old cameras",2013,6,1,NA,NA,NA,NA,NA,"rockfish","yelloweye",145,145,3,"AD","","","Tail bent; Video Quality Bad","",NA,NA
"82","2013_6_1_SL.avi",4620,"20:53.2",NA,NA,NA,34.976,3.966,NA,4023.433,24.793,NA,NA,1286.794,-1131.882,-3640.194,1,"Jenny Stahl",0,"old cameras",2013,6,1,NA,NA,NA,NA,NA,"rockfish","silvergray",157,157,2,"","","","","",NA,NA
"83","2013_6_1_SL.avi",5387,"21:18.8",NA,NA,NA,70.319,0.094,NA,5894.291,21.904,NA,NA,-1892.502,1058.601,-5480.918,1,"Jenny Stahl",0,"old cameras",2013,6,1,NA,NA,NA,NA,NA,"rockfish","silvergray",157,157,4,"","","","","",NA,NA
"84","2013_6_1_SL.avi",6345,"21:50.7",NA,NA,NA,25.095,2.971,NA,3815.837,9.845,NA,NA,552.669,-388.691,-3755.541,1,"Jenny Stahl",0,"old cameras",2013,6,1,NA,NA,NA,NA,NA,"rockfish","rosethorn",150,150,5,"","","","","",NA,NA
"85","2013_6_1_SL.avi",7057,"22:14.5",NA,NA,NA,68.927,4.246,NA,6724.731,4.207,NA,NA,388.555,-378.731,-6702.805,1,"Jenny Stahl",0,"old cameras",2013,6,1,NA,NA,NA,NA,NA,"rockfish","yelloweye",145,145,6,"AD","milling","","","",NA,NA
"86","2013_6_1_SL.avi",7389,"22:25.6",NA,NA,589.844,25.093,4.522,6.127,4184.674,9.958,13.947,25.838,269.329,-717.534,-4113.891,1,"Jenny Stahl",0,"old cameras",2013,6,1,NA,NA,NA,NA,NA,"rockfish","yelloweye",145,145,6,"AD","","","","",NA,NA
"87","2013_6_1_SL.avi",7559,"22:31.2",NA,NA,NA,36.473,0.097,NA,4454.48,14.348,NA,NA,-888.801,-702.669,-4307.979,1,"Jenny Stahl",0,"old cameras",2013,6,1,NA,NA,NA,NA,NA,"rockfish","rosethorn",150,150,7,"","","","","",NA,NA
"88","2013_6_1_SL.avi",9000,"23:19.3",NA,NA,NA,18.718,7.827,NA,3119.779,16.862,NA,NA,-620.371,-692.053,-2978.124,1,"Jenny Stahl",0,"old cameras",2013,6,1,NA,NA,NA,NA,NA,"rockfish","",10024,10024,8,"","","","Maybe YE but under rock Cant ID","",NA,NA
"89","2013_6_1_SL.avi",10155,"23:57.8",NA,NA,NA,30.245,0.148,NA,3749.455,25.826,NA,NA,1616.556,196.403,-3377.363,1,"Jenny Stahl",0,"old cameras",2013,6,1,NA,NA,NA,NA,NA,"rockfish","silvergray",157,157,9,"","","","","",NA,NA
"90","2013_6_1_SL.avi",11392,"24:39.1",NA,NA,NA,20.228,3.837,NA,3093.95,22.402,NA,NA,1145.114,-313.044,-2857.139,1,"Jenny Stahl",0,"old cameras",2013,6,1,NA,NA,NA,NA,NA,"rockfish","rosethorn",150,150,10,"","","","","",NA,NA
"91","2013_6_1_SL.avi",12931,"25:30.5",NA,NA,NA,21.9,2.44,NA,3488.024,12.192,NA,NA,587.303,-482.649,-3404.179,1,"Jenny Stahl",0,"old cameras",2013,6,1,NA,NA,NA,NA,NA,"rockfish","rosethorn",150,150,11,"","","","","",NA,NA
"92","2013_6_1_SL.avi",18258,"28:28.2",NA,NA,NA,34.803,4.983,NA,4196.924,20.61,NA,NA,-1097.678,944.948,-3939.08,1,"Jenny Stahl",0,"old cameras",2013,6,1,NA,NA,NA,NA,NA,"greenling","lingcod",130,130,12,"","","","","",NA,NA
"93","2013_6_1_SL.avi",18294,"28:29.4",NA,NA,NA,70.502,8.638,NA,6714.062,8.768,NA,NA,275.978,911.491,-6646.175,1,"Jenny Stahl",0,"old cameras",2013,6,1,NA,NA,NA,NA,NA,"rockfish","yelloweye",145,145,13,"AD","milling","","","",NA,NA
"94","2013_6_1_SL.avi",18327,"28:30.5",NA,NA,974.952,36.875,0.59,0.26,2754.215,20.031,56.949,26.258,-928.781,136.68,-2589.283,1,"Jenny Stahl",0,"old cameras",2013,6,1,NA,NA,NA,NA,NA,"greenling","lingcod",130,130,12,"","","","Bad Angle For Length","",NA,NA
"95","2013_6_1_SL.avi",18402,"28:33.0",NA,NA,501.07,40.305,3.099,1.769,5381.445,5.238,14.529,25.131,335.331,299.32,-5362.641,1,"Jenny Stahl",0,"old cameras",2013,6,1,NA,NA,NA,NA,NA,"rockfish","yelloweye",145,145,13,"AD","","","","",NA,NA
"96","2013_6_1_SL.avi",18429,"28:33.9",NA,NA,NA,63.768,8.831,NA,5870.618,17.085,NA,NA,1723.928,-113.684,-5610.642,1,"Jenny Stahl",0,"old cameras",2013,6,1,NA,NA,NA,NA,NA,"rockfish","rosethorn",150,150,14,"","","","","",NA,NA
"97","2013_6_1_SL.avi",19287,"29:02.5",NA,NA,NA,25.227,2.993,NA,3870.011,8.671,NA,NA,534.346,-276.878,-3822.93,1,"Jenny Stahl",0,"old cameras",2013,6,1,NA,NA,NA,NA,NA,"coral","red tree coral",10001,10001,15,"","","","","",NA,NA
"98","2013_6_1_SL.avi",19485,"29:09.1",NA,NA,NA,47.786,4.285,NA,5157.891,13.277,NA,NA,-1040.314,-622.482,-5013.393,1,"Jenny Stahl",0,"old cameras",2013,6,1,NA,NA,NA,NA,NA,"rockfish","yelloweye",145,145,16,"AD","milling","","","",NA,NA
"99","2013_6_1_SL.avi",19634,"29:14.1",NA,NA,690.582,21.484,2.509,3.696,2755.237,26.955,18.527,5.601,-961.104,-824.865,-2446.877,1,"Jenny Stahl",0,"old cameras",2013,6,1,NA,NA,NA,NA,NA,"rockfish","yelloweye",145,145,16,"AD","","","","",NA,NA
"100","2013_6_1_SL.avi",22771,"30:58.8",NA,NA,NA,70.387,8.314,NA,5879.534,25.127,NA,NA,-1523.456,1918.484,-5344.85,1,"Jenny Stahl",0,"old cameras",2013,6,1,NA,NA,NA,NA,NA,"rockfish","yelloweye",145,145,17,"AD","milling","","","",NA,NA
"101","2013_6_1_SL.avi",22868,"31:02.0",NA,NA,NA,28.996,1.842,NA,4095.85,17.414,NA,NA,61.045,1180.644,-3921.522,1,"Jenny Stahl",0,"old cameras",2013,6,1,NA,NA,NA,NA,NA,"rockfish","dusky",172,172,18,"","","","","",NA,NA
"102","2013_6_1_SL.avi",23082,"31:09.2",NA,NA,572.901,16.911,1.061,1.324,2606.128,15.999,22.406,30.138,-718.008,-6.98,-2505.258,1,"Jenny Stahl",0,"old cameras",2013,6,1,NA,NA,NA,NA,NA,"rockfish","yelloweye",145,145,17,"AD","","","","",NA,NA
"103","2013_6_1_SL.avi",23739,"31:31.1",NA,NA,NA,88.535,8.961,NA,7237.671,15.835,NA,NA,-415.548,1852.954,-6984.108,1,"Jenny Stahl",0,"old cameras",2013,6,1,NA,NA,NA,NA,NA,"rockfish","yelloweye",145,145,19,"AD","milling/hovering","","","",NA,NA
"104","2013_6_1_SL.avi",24145,"31:44.6",NA,NA,435.937,7.504,3.777,3.279,3070.933,4.429,4.912,9.397,31.005,200.968,-3064.194,1,"Jenny Stahl",0,"old cameras",2013,6,1,NA,NA,NA,NA,NA,"rockfish","yelloweye",145,145,19,"AD","","","","",NA,NA
"105","2013_6_1_SL.avi",24145,"31:44.6",NA,NA,NA,21.833,7.334,NA,3523.526,12.425,NA,NA,756.654,8.982,-3441.312,1,"Jenny Stahl",0,"old cameras",2013,6,1,NA,NA,NA,NA,NA,"rockfish","rosethorn",150,150,20,"","","","","",NA,NA
"106","2013_6_1_SL.avi",26500,"33:03.2",NA,NA,NA,93.802,2.657,NA,6879.421,22.037,NA,NA,-1750.606,1825.552,-6397.591,1,"Jenny Stahl",0,"old cameras",2013,6,1,NA,NA,NA,NA,NA,"rockfish","yelloweye",145,145,21,"AD","milling","","No Length Bad Angle","",NA,NA
"107","2013_6_1_SL.avi",28212,"34:00.3",NA,NA,NA,54.302,5.429,NA,5721.972,8.854,NA,NA,-628.574,-679.891,-5646.557,1,"Jenny Stahl",0,"old cameras",2013,6,1,NA,NA,NA,NA,NA,"rockfish","yelloweye",145,145,22,"AD","milling","","","",NA,NA
"108","2013_6_1_SL.avi",28278,"34:02.5",NA,NA,566.587,57.622,0.72,4.221,4882.664,15.4,21.857,9.094,-1101.836,-735.889,-4699.451,1,"Jenny Stahl",0,"old cameras",2013,6,1,NA,NA,NA,NA,NA,"rockfish","yelloweye",145,145,22,"AD","","","","",NA,NA
"109","2013_6_1_SL.avi",28361,"34:05.3",NA,NA,NA,41.16,6.625,NA,4768.762,13.595,NA,NA,1048.872,-446.957,-4630.463,1,"Jenny Stahl",0,"old cameras",2013,6,1,NA,NA,NA,NA,NA,"greenling","lingcod",130,130,23,"","","","","",NA,NA
"110","2013_6_1_SL.avi",28460,"34:08.6",NA,NA,879.133,16.951,9.63,3.493,3198.618,15.953,9.645,3.846,-562.623,-709.781,-3067.707,1,"Jenny Stahl",0,"old cameras",2013,6,1,NA,NA,NA,NA,NA,"greenling","lingcod",130,130,23,"","","","","",NA,NA
"111","2013_6_1_SL.avi",29110,"34:30.3",NA,NA,NA,55.572,2.262,NA,5383.477,19.089,NA,NA,1759.52,-118.332,-5086.444,1,"Jenny Stahl",0,"old cameras",2013,6,1,NA,NA,NA,NA,NA,"rockfish","rosethorn",150,150,24,"","","","","",NA,NA
"112","2013_6_1_SL.avi",30118,"35:03.9",NA,NA,NA,96.129,7.168,NA,7151.056,18.024,NA,NA,-2057.386,738.359,-6808.788,1,"Jenny Stahl",0,"old cameras",2013,6,1,NA,NA,NA,NA,NA,"rockfish","yelloweye",145,145,25,"AD","milling","","Too far left for length w/ good RMS","",NA,NA
"113","2013_6_1_SL.avi",30331,"35:11.0",NA,NA,NA,54.97,3.246,NA,5738.68,11.189,NA,NA,-1061.313,274.456,-5633.004,1,"Jenny Stahl",0,"old cameras",2013,6,1,NA,NA,NA,NA,NA,"rockfish","yelloweye",145,145,26,"AD","milling","","No length Bad Angle","",NA,NA
"114","2013_6_1_SL.avi",31371,"35:45.7",NA,NA,NA,11.448,0.706,NA,2502.91,12.647,NA,NA,-287.611,-493.674,-2436.827,1,"Jenny Stahl",0,"old cameras",2013,6,1,NA,NA,NA,NA,NA,"rockfish","rosethorn",150,150,27,"","","","","",NA,NA
"115","2013_6_1_SL.avi",31436,"35:47.9",NA,NA,NA,54.637,3.247,NA,6129.725,2.265,NA,NA,142.362,127.781,-6126.739,1,"Jenny Stahl",0,"old cameras",2013,6,1,NA,NA,NA,NA,NA,"rockfish","yelloweye",145,145,28,"AD","fish moving quickly out of frame","","","",NA,NA
"116","2013_6_1_SL.avi",31508,"35:50.3",NA,NA,736.168,103.158,4.538,1.058,5736.912,12.091,31.582,7.841,-1153.24,-400.158,-5605.539,1,"Jenny Stahl",0,"old cameras",2013,6,1,NA,NA,NA,NA,NA,"rockfish","yelloweye",145,145,28,"AD","","","","",NA,NA
"117","2013_6_1_SL.avi",33463,"36:55.6",NA,NA,NA,16.107,3.512,NA,2694.577,26.589,NA,NA,-944.358,-776.989,-2401.087,1,"Jenny Stahl",0,"old cameras",2013,6,1,NA,NA,NA,NA,NA,"rockfish","rosethorn",150,150,29,"","","","","",NA,NA
"118","2013_6_1_SL.avi",37766,"39:19.1",NA,NA,NA,45.033,1.366,NA,5325.643,10.012,NA,NA,-94.987,862.444,-5254.488,1,"Jenny Stahl",0,"old cameras",2013,6,1,NA,NA,NA,NA,NA,"cod","",9991,9991,30,"","","","","",NA,NA
"119","2013_6_1_SL.avi",40783,"40:59.8",NA,NA,NA,135.227,6.746,NA,8597.456,16.044,NA,NA,2131.008,959.001,-8273.776,1,"Jenny Stahl",0,"old cameras",2013,6,1,NA,NA,NA,NA,NA,"rockfish","yelloweye",145,145,31,"SU","resting on bottom","","","",NA,NA
"120","2013_6_1_SL.avi",40928,"41:04.6",NA,NA,455.915,87.614,3.31,8.213,6425.642,20.983,10.1,11.194,2017.694,1039.013,-6011.509,1,"Jenny Stahl",0,"old cameras",2013,6,1,NA,NA,NA,NA,NA,"rockfish","yelloweye",145,145,31,"SU","","","","",NA,NA
"121","2013_6_1_SL.avi",44894,"43:17.0",NA,NA,NA,51.056,3.197,NA,5506.424,11.47,NA,NA,1086.718,74.3,-5397.613,1,"Jenny Stahl",0,"old cameras",2013,6,1,NA,NA,NA,NA,NA,"cod","",9991,9991,32,"","","","","",NA,NA
"122","2013_6_1_SL.avi",50062,"46:09.4",NA,NA,NA,7.843,1.835,NA,1877.136,24.176,NA,NA,-665.177,-404.496,-1708.087,1,"Jenny Stahl",0,"old cameras",2013,6,1,NA,NA,NA,NA,NA,"rockfish","redbanded",153,153,33,"","","","","",NA,NA
"123","2013_6_1_SL.avi",56862,"49:56.3",NA,NA,NA,10.902,3.945,NA,2211.998,25.227,NA,NA,-900.008,-302.948,-1997.785,1,"Jenny Stahl",0,"old cameras",2013,6,1,NA,NA,NA,NA,NA,"ratfish","ratfish",714,714,34,"","","","","",NA,NA
"124","2013_6_1_SL.avi",58073,"50:36.7",NA,NA,NA,37.115,1.679,NA,4238.255,24.042,NA,NA,-1704.847,230.731,-3873.379,1,"Jenny Stahl",0,"old cameras",2013,6,1,NA,NA,NA,NA,NA,"ratfish","ratfish",714,714,35,"","","","","",NA,NA
"125","2013_6_1_SL.avi",61548,"52:32.7",NA,NA,NA,24.388,3.446,NA,3616.702,16.237,NA,NA,-901.885,418.708,-3477.329,1,"Jenny Stahl",0,"old cameras",2013,6,1,NA,NA,NA,NA,NA,"rockfish","silvergray",157,157,36,"","","","","",NA,NA
"126","2013_6_1_SL.avi",64299,"54:04.4",NA,NA,NA,14.227,2.282,NA,2494.505,26.724,NA,NA,1063.143,-382.71,-2223.919,1,"Jenny Stahl",0,"old cameras",2013,6,1,NA,NA,NA,NA,NA,"ratfish","ratfish",714,714,37,"","","","","",NA,NA
"127","2013_6_1_SL.avi",66281,"55:10.6",NA,NA,NA,10.194,3.95,NA,2411.624,8.297,NA,NA,-277.19,-236.98,-2383.891,1,"Jenny Stahl",0,"old cameras",2013,6,1,NA,NA,NA,NA,NA,"ratfish","ratfish",714,714,38,"","","","","",NA,NA
"128","2013_6_1_SL.avi",68273,"56:17.0",NA,NA,NA,15.655,3.08,NA,2783.829,19.882,NA,NA,-931.893,-196.227,-2615.87,1,"Jenny Stahl",0,"old cameras",2013,6,1,NA,NA,NA,NA,NA,"rockfish","greenstripe",135,135,39,"","","","","",NA,NA
"129","2013_11_1_SL.avi",747,"34:36.1",NA,NA,NA,34.821,8.383,NA,4221.306,20.293,NA,NA,-1463.838,-67.726,-3958.79,1,"Kristen Green",0,"old cameras",2013,11,1,NA,NA,NA,NA,NA,"rockfish","yelloweye",145,145,1,"AD","actively swimming within frame","","","",NA,NA
"130","2013_11_1_SL.avi",868,"34:40.2",NA,NA,586.423,10.588,3.132,1.801,2930.107,14.025,2.779,4.872,-466.542,-566.976,-2836.618,1,"Kristen Green",0,"old cameras",2013,11,1,NA,NA,NA,NA,NA,"rockfish","yelloweye",145,145,1,"AD","","","","",NA,NA
"131","2013_11_1_SL.avi",3192,"35:57.7",NA,NA,NA,28.102,11.676,NA,4043.494,13.639,NA,NA,-10.764,-997.184,-3918.59,1,"Kristen Green",0,"old cameras",2013,11,1,NA,NA,NA,NA,NA,"rockfish","rosethorn",150,150,2,"","","","","",NA,NA
"132","2013_11_1_SL.avi",6720,"37:55.4",NA,NA,NA,9.114,1.787,NA,2100.215,19.616,NA,NA,-536.861,-479.1,-1973.106,1,"Kristen Green",0,"old cameras",2013,11,1,NA,NA,NA,NA,NA,"ratfish","ratfish",714,714,3,"","","","","",NA,NA
"133","2013_11_1_SL.avi",7541,"38:22.8",NA,NA,NA,29.779,9.466,NA,3606.449,29.678,NA,NA,-1501.225,-1001.693,-3122.405,1,"Kristen Green",0,"old cameras",2013,11,1,NA,NA,NA,NA,NA,"rockfish","yelloweye",145,145,4,"SU","Chase other","","No length-curved","",NA,NA
"134","2013_11_1_SL.avi",10238,"39:52.8",NA,NA,NA,7.079,4.03,NA,1938.04,12.853,NA,NA,159.955,-421.376,-1884.903,1,"Kristen Green",0,"old cameras",2013,11,1,NA,NA,NA,NA,NA,"rockfish","dusky",172,172,5,"","","","","",NA,NA
"135","2013_11_1_SL.avi",10328,"39:55.8",NA,NA,NA,10.972,3.743,NA,2471.229,12.788,NA,NA,-82.259,-567.623,-2403.75,1,"Kristen Green",0,"old cameras",2013,11,1,NA,NA,NA,NA,NA,"rockfish","black",142,142,6,"","","","","",NA,NA
"136","2013_11_1_SL.avi",11006,"40:18.4",NA,NA,NA,22.007,1.093,NA,3282.098,21.917,NA,NA,-977.397,704.584,-3052.937,1,"Kristen Green",0,"old cameras",2013,11,1,NA,NA,NA,NA,NA,"rockfish","dusky",172,172,7,"","","","","",NA,NA
"137","2013_11_1_SL.avi",11878,"40:47.5",NA,NA,NA,46.055,2.372,NA,4625.544,23.983,NA,NA,1545.914,-1117.119,-4214.007,1,"Kristen Green",0,"old cameras",2013,11,1,NA,NA,NA,NA,NA,"rockfish","yelloweye",145,145,8,"AD","actively swimming within frame","","no length; bad angle","",NA,NA
"138","2013_11_1_SL.avi",13380,"41:37.6",NA,NA,NA,29.625,6.699,NA,3776.903,23.483,NA,NA,1486.723,195.218,-3466.489,1,"Kristen Green",0,"old cameras",2013,11,1,NA,NA,NA,NA,NA,"rockfish","yelloweye",145,145,9,"AD","fish moving slowly into frame","","","",NA,NA
"139","2013_11_1_SL.avi",13394,"41:38.1",NA,NA,552.474,42.867,6.306,3.641,3852.951,21.443,18.315,2.229,1391.448,178.839,-3588.47,1,"Kristen Green",0,"old cameras",2013,11,1,NA,NA,NA,NA,NA,"rockfish","yelloweye",145,145,9,"AD","","","","",NA,NA
"140","2013_11_1_SL.avi",15807,"42:58.6",NA,NA,NA,11.324,7.002,NA,2292.531,23.182,NA,NA,-717.976,-570.209,-2101.207,1,"Kristen Green",0,"old cameras",2013,11,1,NA,NA,NA,NA,NA,"ratfish","ratfish",714,714,10,"","","","","",NA,NA
"141","2013_11_1_SL.avi",16088,"43:08.0",NA,NA,NA,25.581,4.363,NA,3421.543,25.183,NA,NA,-1394.903,-451.513,-3091.494,1,"Kristen Green",0,"old cameras",2013,11,1,NA,NA,NA,NA,NA,"rockfish","quillback",147,147,13,"","","","","",NA,NA
"142","2013_11_1_SL.avi",16564,"43:23.9",NA,NA,NA,26.781,1.69,NA,3733.654,16.319,NA,NA,906.622,-567.843,-3577.116,1,"Kristen Green",0,"old cameras",2013,11,1,NA,NA,NA,NA,NA,"rockfish","quillback",147,147,11,"","","","","",NA,NA
"143","2013_11_1_SL.avi",16974,"43:37.6",NA,NA,NA,11.146,0.985,NA,2310.82,20.37,NA,NA,-736.285,-347.928,-2162.573,1,"Kristen Green",0,"old cameras",2013,11,1,NA,NA,NA,NA,NA,"ratfish","ratfish",714,714,14,"","","","","",NA,NA
"144","2013_11_1_SL.avi",31247,"51:33.8",NA,NA,NA,12.535,2.169,NA,2428.597,21.886,NA,NA,-787.911,-470.916,-2248.448,1,"Kristen Green",0,"old cameras",2013,11,1,NA,NA,NA,NA,NA,"rockfish","rosethorn",150,150,15,"","","","","",NA,NA
"145","2013_11_1_SL.avi",31310,"51:35.9",NA,NA,NA,19.947,1.57,NA,3372.059,11.772,NA,NA,-683.831,-112.029,-3300.092,1,"Kristen Green",0,"old cameras",2013,11,1,NA,NA,NA,NA,NA,"ratfish","ratfish",714,714,16,"","","","","",NA,NA
"146","2013_11_1_SL.avi",41146,"57:04.1",NA,NA,NA,17.912,1.046,NA,3277.114,7.254,NA,NA,387.873,-180.432,-3249.073,1,"Kristen Green",0,"old cameras",2013,11,1,NA,NA,NA,NA,NA,"ratfish","ratfish",714,714,17,"","","","","",NA,NA
"147","2013_11_1_SL.avi",45641,"59:34.1",NA,NA,NA,16.067,3.244,NA,2916.171,16.897,NA,NA,-589.218,578.162,-2796.891,1,"Kristen Green",0,"old cameras",2013,11,1,NA,NA,NA,NA,NA,"rockfish","quillback",147,147,18,"","","","","",NA,NA
"148","2013_11_1_SL.avi",46552,"00:04.5",NA,NA,NA,40.149,3.208,NA,4901.066,11.461,NA,NA,117.626,-1020.221,-4792.261,1,"Kristen Green",0,"old cameras",2013,11,1,NA,NA,NA,NA,NA,"rockfish","yelloweye",145,145,19,"JV","resting on bottom","","","",NA,NA
"149","2013_11_1_SL.avi",46576,"00:05.3",NA,NA,384.459,59.658,7.532,7.354,4549.908,14.169,31.347,1.768,361.723,-1102.468,-4399.475,1,"Kristen Green",0,"old cameras",2013,11,1,NA,NA,NA,NA,NA,"rockfish","yelloweye",145,145,19,"JV","","","","",NA,NA
"150","2013_11_1_SL.avi",46999,"00:19.4",NA,NA,NA,62.293,1.828,NA,5981.573,13.829,NA,NA,-882.976,1059.715,-5820.359,1,"Kristen Green",0,"old cameras",2013,11,1,NA,NA,NA,NA,NA,"rockfish","yelloweye",145,145,21,"AD","milling/hovering","","","",NA,NA
"151","2013_11_1_SL.avi",47080,"00:22.1",NA,NA,NA,8.15,9.884,NA,1953.254,21.816,NA,NA,724.427,-66.267,-1812.737,1,"Kristen Green",0,"old cameras",2013,11,1,NA,NA,NA,NA,NA,"rockfish","black",142,142,20,"","","","","",NA,NA
"152","2013_11_1_SL.avi",47101,"00:22.8",NA,NA,474.633,38.037,1.973,2.996,4660.394,12.642,22.567,41.986,-424.257,876.754,-4557.475,1,"Kristen Green",0,"old cameras",2013,11,1,NA,NA,NA,NA,NA,"rockfish","yelloweye",145,145,21,"AD","","","","",NA,NA
"153","2013_11_1_SL.avi",47627,"00:40.4",NA,NA,NA,35.079,2.432,NA,3883.993,30.321,NA,NA,1619.982,-1142.059,-3340.174,1,"Kristen Green",0,"old cameras",2013,11,1,NA,NA,NA,NA,NA,"rockfish","yelloweye",145,145,34,"AD","milling/hovering","","no length; fish in corner","",NA,NA
"154","2013_11_1_SL.avi",47658,"00:41.4",NA,NA,NA,41.725,8.159,NA,4342.268,25.377,NA,NA,1722.812,-747.355,-3915.185,1,"Kristen Green",0,"old cameras",2013,11,1,NA,NA,NA,NA,NA,"rockfish","yelloweye",145,145,22,"SU","milling/hovering","","fish in corner","",NA,NA
"155","2013_11_1_SL.avi",47669,"00:41.8",NA,NA,383.1,44.441,10.31,3.988,4296.961,25.409,21.857,45.548,1717.382,-714.073,-3873.573,1,"Kristen Green",0,"old cameras",2013,11,1,NA,NA,NA,NA,NA,"rockfish","yelloweye",145,145,22,"SU","","","","",NA,NA
"156","2013_11_1_SL.avi",48472,"01:08.5",NA,NA,NA,40.595,4.851,NA,4659.14,17.116,NA,NA,1314.785,339.69,-4456.853,1,"Kristen Green",0,"old cameras",2013,11,1,NA,NA,NA,NA,NA,"rockfish","yelloweye",145,145,23,"AD","milling/hovering","","","",NA,NA
"157","2013_11_1_SL.avi",48519,"01:10.1",NA,NA,NA,27.077,10.057,NA,3824.482,16.155,NA,NA,-995.691,334.462,-3677.417,1,"Kristen Green",0,"old cameras",2013,11,1,NA,NA,NA,NA,NA,"rockfish","quillback",147,147,24,"","","","","",NA,NA
"158","2013_11_1_SL.avi",48521,"01:10.2",NA,NA,426.447,19.846,9.629,7.168,3309.035,13.97,9.607,3.858,793.574,-127.515,-3209.936,1,"Kristen Green",0,"old cameras",2013,11,1,NA,NA,NA,NA,NA,"rockfish","yelloweye",145,145,23,"AD","","","","",NA,NA
"159","2013_11_1_SL.avi",50027,"02:00.4",NA,NA,NA,50.125,6.718,NA,4984.164,21.862,NA,NA,-1841.299,-284.591,-4622.826,1,"Kristen Green",0,"old cameras",2013,11,1,NA,NA,NA,NA,NA,"rockfish","yelloweye",145,145,35,"AD","milling/hovering","","No length-bad angle","",NA,NA
"160","2013_11_1_SL.avi",50099,"02:02.8",NA,NA,NA,38.796,2.345,NA,4245.079,24.633,NA,NA,-1703.834,-520.194,-3853.187,1,"Kristen Green",0,"old cameras",2013,11,1,NA,NA,NA,NA,NA,"rockfish","yelloweye",145,145,36,"AD","milling/hovering","","No length-bad angle","",NA,NA
"161","2013_11_1_SL.avi",50122,"02:03.6",NA,NA,NA,66.953,9.647,NA,6321.697,11.338,NA,NA,-1127.237,454.351,-6203.77,1,"Kristen Green",0,"old cameras",2013,11,1,NA,NA,NA,NA,NA,"rockfish","yelloweye",145,145,25,"AD","resting on bottom","","","",NA,NA
"162","2013_11_1_SL.avi",50158,"02:04.8",NA,NA,584.862,45.17,9.459,3.855,5387.159,14.162,10.512,31.058,-1310.308,84.207,-5224.699,1,"Kristen Green",0,"old cameras",2013,11,1,NA,NA,NA,NA,NA,"rockfish","yelloweye",145,145,25,"AD","","","","",NA,NA
"163","2013_11_1_SL.avi",50783,"02:25.7",NA,NA,NA,33.435,1.212,NA,4287.116,14.898,NA,NA,963.353,489.311,-4148.722,1,"Kristen Green",0,"old cameras",2013,11,1,NA,NA,NA,NA,NA,"eel","wolf eel",217,217,26,"","","","","",NA,NA
"164","2013_11_1_SL.avi",51511,"02:50.0",NA,NA,NA,35.329,7.996,NA,4166.993,20.937,NA,NA,-1137.522,-1004.19,-3880.912,1,"Kristen Green",0,"old cameras",2013,11,1,NA,NA,NA,NA,NA,"rockfish","rosethorn",150,150,27,"","","","","",NA,NA
"165","2013_11_1_SL.avi",54728,"04:37.3",NA,NA,NA,20.249,3.242,NA,3497.373,8.211,NA,NA,16.72,-537.755,-3455.743,1,"Kristen Green",0,"old cameras",2013,11,1,NA,NA,NA,NA,NA,"rockfish","rosethorn",150,150,28,"","","","","",NA,NA
"166","2013_11_1_SL.avi",56618,"05:40.4",NA,NA,NA,47.168,6.036,NA,5287.289,11.265,NA,NA,-843.545,538.109,-5191.753,1,"Kristen Green",0,"old cameras",2013,11,1,NA,NA,NA,NA,NA,"rockfish","yelloweye",145,145,30,"SU","milling/hovering","","","",NA,NA
"167","2013_11_1_SL.avi",56759,"05:45.1",NA,NA,NA,34.001,9.889,NA,4216.233,17.823,NA,NA,1054.933,698.567,-4021.908,1,"Kristen Green",0,"old cameras",2013,11,1,NA,NA,NA,NA,NA,"rockfish","quillback",147,147,29,"","","","","",NA,NA
"168","2013_11_1_SL.avi",56760,"05:45.1",NA,NA,NA,41.92,6.365,NA,5334.257,2.567,NA,NA,-162.782,115.483,-5330.521,1,"Kristen Green",0,"old cameras",2013,11,1,NA,NA,NA,NA,NA,"greenling","",10007,10007,31,"","","","","",NA,NA
"169","2013_11_1_SL.avi",56809,"05:46.7",NA,NA,390.949,45.267,2.774,0.373,3934.783,8.085,31.241,13.753,361.296,375.77,-3900.1,1,"Kristen Green",0,"old cameras",2013,11,1,NA,NA,NA,NA,NA,"rockfish","yelloweye",145,145,30,"SU","","","Horiz Angle-just over 30","",NA,NA
"170","2013_11_1_SL.avi",61013,"08:07.0",NA,NA,NA,26.992,2.656,NA,3594.835,22.218,NA,NA,-1299.364,-436.373,-3323.263,1,"Kristen Green",0,"old cameras",2013,11,1,NA,NA,NA,NA,NA,"rockfish","quillback",147,147,32,"","","","","",NA,NA
"171","2013_11_1_SL.avi",64024,"09:47.5",NA,NA,NA,42.238,0.52,NA,4940.203,10.737,NA,NA,722.223,-624.507,-4847.06,1,"Kristen Green",0,"old cameras",2013,11,1,NA,NA,NA,NA,NA,"rockfish","yelloweye",145,145,33,"AD","milling/hovering","","head in rock; no length ","",NA,NA
"172","2013_15_1_SL.avi",10460,"09:16.0",NA,NA,NA,5.189,2.99,NA,1600.393,16.226,NA,NA,231.441,-399.74,-1532.286,1,"Jenny Stahl",0,"old cameras",2013,15,1,NA,NA,NA,NA,NA,"ratfish","ratfish",714,714,7,"","","","","",NA,NA
"173","2013_15_1_SL.avi",11046,"09:35.6",NA,NA,NA,6.251,2.038,NA,1737.253,18.433,NA,NA,-389.425,-405.785,-1643.695,1,"Jenny Stahl",0,"old cameras",2013,15,1,NA,NA,NA,NA,NA,"ratfish","ratfish",714,714,8,"","","","","",NA,NA
"174","2013_15_1_SL.avi",12308,"10:17.7",NA,NA,NA,6.596,7.998,NA,1705.474,27.011,NA,NA,536.983,-575.095,-1513.128,1,"Jenny Stahl",0,"old cameras",2013,15,1,NA,NA,NA,NA,NA,"halibut","halibut",200,200,9,"","","","Juvenile; No length cant see all ","",NA,NA
"175","2013_15_1_SL.avi",14958,"11:46.1",NA,NA,NA,12.364,0.073,NA,2477.898,18.255,NA,NA,-697.913,-365.905,-2349.257,1,"Jenny Stahl",0,"old cameras",2013,15,1,NA,NA,NA,NA,NA,"ratfish","ratfish",714,714,10,"","","","","",NA,NA
"176","2013_15_1_SL.avi",17095,"12:57.4",NA,NA,NA,16.273,3.712,NA,2947.674,15.392,NA,NA,-456.294,-667.178,-2834.687,1,"Jenny Stahl",0,"old cameras",2013,15,1,NA,NA,NA,NA,NA,"rockfish","rosethorn",150,150,11,"","","","","",NA,NA
"177","2013_15_1_SL.avi",26957,"18:26.5",NA,NA,NA,4.876,0.751,NA,1494.571,20.132,NA,NA,-458.031,-249.793,-1400.555,1,"Jenny Stahl",0,"old cameras",2013,15,1,NA,NA,NA,NA,NA,"halibut","halibut",200,200,12,"","","","Juvenile","",NA,NA
"178","2013_15_1_SL.avi",26961,"18:26.6",NA,NA,130.89,9.482,2.56,0.968,1433.56,21.512,60.697,29.117,-451.677,-283.8,-1330.617,1,"Jenny Stahl",0,"old cameras",2013,15,1,NA,NA,NA,NA,NA,"halibut","halibut",200,200,12,"","","","Juvenile","",NA,NA
"179","2013_15_1_SL.avi",27844,"18:56.1",NA,NA,NA,6.965,0.723,NA,1944.487,10.785,NA,NA,81.094,-375.969,-1906.07,1,"Jenny Stahl",0,"old cameras",2013,15,1,NA,NA,NA,NA,NA,"ratfish","ratfish",714,714,13,"","","","","",NA,NA
"180","2013_15_1_SL.avi",28675,"19:23.8",NA,NA,NA,7.715,0.664,NA,1978.226,15.017,NA,NA,443.64,-278.046,-1907.683,1,"Jenny Stahl",0,"old cameras",2013,15,1,NA,NA,NA,NA,NA,"ratfish","ratfish",714,714,14,"","","","","",NA,NA
"181","2013_15_1_SL.avi",30178,"20:13.9",NA,NA,NA,10.072,0.529,NA,2165.499,22.108,NA,NA,791.942,-214.843,-2004.011,1,"Jenny Stahl",0,"old cameras",2013,15,1,NA,NA,NA,NA,NA,"ratfish","ratfish",714,714,15,"","","","","",NA,NA
"182","2013_15_1_SL.avi",30382,"20:20.7",NA,NA,NA,5.313,2.232,NA,1621.106,14.869,NA,NA,-332.101,-267.979,-1563.931,1,"Jenny Stahl",0,"old cameras",2013,15,1,NA,NA,NA,NA,NA,"flatfish","",NA,NA,16,"","","","","",NA,NA
"183","2013_15_1_SL.avi",31090,"20:44.4",NA,NA,NA,5.442,3.044,NA,1622.839,17.691,NA,NA,309.346,-401.289,-1541.713,1,"Jenny Stahl",0,"old cameras",2013,15,1,NA,NA,NA,NA,NA,"halibut","halibut",200,200,17,"","","","Juvenile; No length-bad lighting","",NA,NA
"184","2013_15_1_SL.avi",33997,"22:21.4",NA,NA,NA,11.204,1.167,NA,2616.535,3.493,NA,NA,158.057,-8.404,-2611.743,1,"Jenny Stahl",0,"old cameras",2013,15,1,NA,NA,NA,NA,NA,"ratfish","ratfish",714,714,18,"","","","","",NA,NA
"185","2013_15_1_SL.avi",34615,"22:42.0",NA,NA,NA,4.193,0.556,NA,1387.213,19.344,NA,NA,340.183,-323.455,-1305.379,1,"Jenny Stahl",0,"old cameras",2013,15,1,NA,NA,NA,NA,NA,"ratfish","ratfish",714,714,19,"","","","","",NA,NA
"186","2013_15_1_SL.avi",34615,"22:42.0",NA,NA,NA,4.974,1.785,NA,1639.502,6.013,NA,NA,-99.549,-158.116,-1628.821,1,"Jenny Stahl",0,"old cameras",2013,15,1,NA,NA,NA,NA,NA,"halibut","halibut",200,200,20,"","","","Juvenile","",NA,NA
"187","2013_15_1_SL.avi",34646,"22:43.0",NA,NA,185.174,11.259,0.172,0.411,1482.939,7.127,67.012,18.57,-53.466,-192.437,-1469.428,1,"Jenny Stahl",0,"old cameras",2013,15,1,NA,NA,NA,NA,NA,"halibut","halibut",200,200,20,"","","","Juvenile","",NA,NA
"188","2013_15_1_SL.avi",35833,"23:22.6",NA,NA,NA,5.266,0.786,NA,1628.303,14.471,NA,NA,203.956,-369.628,-1572.624,1,"Jenny Stahl",0,"old cameras",2013,15,1,NA,NA,NA,NA,NA,"halibut","halibut",200,200,22,"","","","Juvenile; No length-Can't see all","",NA,NA
"189","2013_15_1_SL.avi",35846,"23:23.1",NA,NA,NA,7.158,0.378,NA,1781.133,25.101,NA,NA,596.513,-481.701,-1607.66,1,"Jenny Stahl",0,"old cameras",2013,15,1,NA,NA,NA,NA,NA,"ratfish","ratfish",714,714,21,"","","","","",NA,NA
"190","2013_15_1_SL.avi",38038,"24:36.2",NA,NA,NA,7.336,3.243,NA,1935.315,14.747,NA,NA,-366.966,-349.514,-1867.785,1,"Jenny Stahl",0,"old cameras",2013,15,1,NA,NA,NA,NA,NA,"ratfish","ratfish",714,714,23,"","","","","",NA,NA
"191","2013_15_1_SL.avi",40191,"25:48.0",NA,NA,NA,15.311,7.885,NA,3055.842,6.733,NA,NA,-335.743,91.178,-3035.974,1,"Jenny Stahl",0,"old cameras",2013,15,1,NA,NA,NA,NA,NA,"ratfish","ratfish",714,714,24,"","","","","",NA,NA
"192","2013_15_1_SL.avi",44832,"28:22.9",NA,NA,NA,6.643,0.242,NA,1835.201,14.72,NA,NA,323.566,-355.555,-1771.115,1,"Jenny Stahl",0,"old cameras",2013,15,1,NA,NA,NA,NA,NA,"ratfish","ratfish",714,714,25,"","","","","",NA,NA
"193","2013_15_1_SL.avi",49887,"31:11.6",NA,NA,NA,29.491,12.818,NA,3811.663,22.203,NA,NA,1430.825,126.243,-3530.663,1,"Jenny Stahl",0,"old cameras",2013,15,1,NA,NA,NA,NA,NA,"ratfish","ratfish",714,714,26,"","","","","",NA,NA
"194","2013_15_1_SL.avi",50496,"31:31.9",NA,NA,NA,5.828,0.412,NA,1750.049,12.785,NA,NA,-38.425,-404.353,-1702.261,1,"Jenny Stahl",0,"old cameras",2013,15,1,NA,NA,NA,NA,NA,"ratfish","ratfish",714,714,27,"","","","","",NA,NA
"195","2013_15_1_SL.avi",50658,"31:37.3",NA,NA,NA,5.048,2.636,NA,1634.212,9.407,NA,NA,-20.101,-284.307,-1609.166,1,"Jenny Stahl",0,"old cameras",2013,15,1,NA,NA,NA,NA,NA,"ratfish","ratfish",714,714,28,"","","","","",NA,NA
"196","2013_15_1_SL.avi",51655,"32:10.5",NA,NA,NA,15.724,2.325,NA,2960.711,12.291,NA,NA,627.083,-95.363,-2891.969,1,"Jenny Stahl",0,"old cameras",2013,15,1,NA,NA,NA,NA,NA,"ratfish","ratfish",714,714,29,"","","","","",NA,NA
"197","2013_15_1_SL.avi",57642,"35:30.3",NA,NA,NA,8.133,1.877,NA,1924.259,23.738,NA,NA,-620.242,-483.634,-1756.18,1,"Jenny Stahl",0,"old cameras",2013,15,1,NA,NA,NA,NA,NA,"ratfish","ratfish",714,714,30,"","","","","",NA,NA
"198","2013_15_1_SL.avi",60647,"37:10.6",NA,NA,NA,10.638,0.248,NA,2545.749,2.408,NA,NA,-11.064,-134.734,-2542.157,1,"Jenny Stahl",0,"old cameras",2013,15,1,NA,NA,NA,NA,NA,"ratfish","ratfish",714,714,31,"","","","","",NA,NA
"199","2013_15_1_SL.avi",66451,"40:24.2",NA,NA,NA,8.183,1.14,NA,1890.155,26.14,NA,NA,702.749,-465.676,-1691.737,1,"Jenny Stahl",0,"old cameras",2013,15,1,NA,NA,NA,NA,NA,"ratfish","ratfish",714,714,32,"","","","","",NA,NA
"200","2013_15_1_SL.avi",66451,"40:24.2",NA,NA,NA,10.876,0.947,NA,2212.091,24.173,NA,NA,842.419,-355.408,-2014.289,1,"Jenny Stahl",0,"old cameras",2013,15,1,NA,NA,NA,NA,NA,"ratfish","ratfish",714,714,33,"","","","","",NA,NA
"201","2013_15_1_SL.avi",67733,"41:07.0",NA,NA,NA,49.245,7.001,NA,4847.474,24.696,NA,NA,2004.11,243.189,-4407.085,1,"Jenny Stahl",0,"old cameras",2013,15,1,NA,NA,NA,NA,NA,"ratfish","ratfish",714,714,34,"","","","","",NA,NA
"202","2013_15_1_SL.avi",68788,"41:42.2",NA,NA,NA,30.753,9.306,NA,4397.291,9.073,NA,NA,9.267,644.877,-4349.738,1,"Jenny Stahl",0,"old cameras",2013,15,1,NA,NA,NA,NA,NA,"rockfish","silvergray",157,157,35,"","","","","",NA,NA
"203","2013_15_1_SL.avi",68788,"41:42.2",NA,NA,NA,41.6,8.272,NA,4829.397,14.149,NA,NA,873.287,742.086,-4691.455,1,"Jenny Stahl",0,"old cameras",2013,15,1,NA,NA,NA,NA,NA,"rockfish","silvergray",157,157,36,"","","","","",NA,NA
"204","2013_15_1_SL.avi",68960,"41:48.0",NA,NA,NA,3.377,3.484,NA,1233.594,19.064,NA,NA,276.37,-306.174,-1162.597,1,"Jenny Stahl",0,"old cameras",2013,15,1,NA,NA,NA,NA,NA,"rockfish","silvergray",157,157,37,"","","","","",NA,NA
"205","Dive17__Camera 1_08-21-13_09-38-14.372_fixed.avi",964,"49:49.1",NA,NA,NA,7.361,0.023,NA,1680.685,5.016,NA,NA,21.905,-169.29,-1671.994,1,"Jenny Stahl",0,"new cameras, AKST",2013,17,1,NA,NA,NA,NA,NA,"cod","",9991,9991,1,"","","","","",NA,NA
"206","Dive17__Camera 1_08-21-13_09-38-14.372_fixed.avi",1099,"49:53.6",NA,NA,NA,6.27,7.764,NA,1472.411,32.129,NA,NA,728.788,-304.287,-1242.687,1,"Jenny Stahl",0,"new cameras, AKST",2013,17,1,NA,NA,NA,NA,NA,"cod","",9991,9991,2,"","","","","",NA,NA
"207","Dive17__Camera 1_08-21-13_09-38-14.372_fixed.avi",1099,"49:53.6",NA,NA,NA,17.628,0.565,NA,2549.452,12.119,NA,NA,-464.296,230.495,-2496.199,1,"Jenny Stahl",0,"new cameras, AKST",2013,17,1,NA,NA,NA,NA,NA,"cod","",9991,9991,3,"","","","","",NA,NA
"208","Dive17__Camera 1_08-21-13_09-38-14.372_fixed.avi",1911,"50:20.7",NA,NA,NA,10.118,1.474,NA,1890.772,31.251,NA,NA,938.995,260.516,-1620.32,1,"Jenny Stahl",0,"new cameras, AKST",2013,17,1,NA,NA,NA,NA,NA,"cod","",9991,9991,4,"","","","","",NA,NA
"209","Dive17__Camera 1_08-21-13_09-38-14.372_fixed.avi",1962,"50:22.4",NA,NA,NA,15.081,5.763,NA,2234.963,24.809,NA,NA,-621.239,673.348,-2038.56,1,"Jenny Stahl",0,"new cameras, AKST",2013,17,1,NA,NA,NA,NA,NA,"cod","",9991,9991,5,"","","","","",NA,NA
"210","Dive17__Camera 1_08-21-13_09-38-14.372_fixed.avi",1962,"50:22.4",NA,NA,NA,16.161,5.79,NA,2358.549,35.893,NA,NA,1067.234,851.753,-1923.092,1,"Jenny Stahl",0,"new cameras, AKST",2013,17,1,NA,NA,NA,NA,NA,"cod","",9991,9991,6,"","","","","",NA,NA
"211","Dive17__Camera 1_08-21-13_09-38-14.372_fixed.avi",2157,"50:28.9",NA,NA,NA,4.553,3.958,NA,1252.763,16.228,NA,NA,-341.231,-95.543,-1201.602,1,"Jenny Stahl",0,"new cameras, AKST",2013,17,1,NA,NA,NA,NA,NA,"cod","",9991,9991,7,"","","","","",NA,NA
"212","Dive17__Camera 1_08-21-13_09-38-14.372_fixed.avi",2157,"50:28.9",NA,NA,NA,10.994,5.543,NA,1990.421,16.516,NA,NA,-554.847,83.665,-1909.691,1,"Jenny Stahl",0,"new cameras, AKST",2013,17,1,NA,NA,NA,NA,NA,"cod","",9991,9991,8,"","","","","",NA,NA
"213","Dive17__Camera 1_08-21-13_09-38-14.372_fixed.avi",2157,"50:28.9",NA,NA,NA,18.464,1.89,NA,2501.535,23.237,NA,NA,-862.914,446.034,-2305.236,1,"Jenny Stahl",0,"new cameras, AKST",2013,17,1,NA,NA,NA,NA,NA,"cod","",9991,9991,9,"","","","","",NA,NA
"214","Dive17__Camera 1_08-21-13_09-38-14.372_fixed.avi",2157,"50:28.9",NA,NA,NA,19.523,3.948,NA,2576.917,26.618,NA,NA,1050.812,445.279,-2310.416,1,"Jenny Stahl",0,"new cameras, AKST",2013,17,1,NA,NA,NA,NA,NA,"cod","",9991,9991,10,"","","","","",NA,NA
"215","Dive17__Camera 1_08-21-13_09-38-14.372_fixed.avi",2278,"50:32.9",NA,NA,NA,5.771,3.482,NA,1415.961,14.754,NA,NA,-341.848,-134.42,-1367.486,1,"Jenny Stahl",0,"new cameras, AKST",2013,17,1,NA,NA,NA,NA,NA,"cod","",9991,9991,11,"","","","","",NA,NA
"216","Dive17__Camera 1_08-21-13_09-38-14.372_fixed.avi",2482,"50:39.7",NA,NA,NA,9.72,1.835,NA,1893.168,33.993,NA,NA,1042.448,-205.929,-1566.838,1,"Jenny Stahl",0,"new cameras, AKST",2013,17,1,NA,NA,NA,NA,NA,"cod","",9991,9991,12,"","","","","",NA,NA
"217","Dive17__Camera 1_08-21-13_09-38-14.372_fixed.avi",2668,"50:45.9",NA,NA,NA,12.081,0.559,NA,2064.323,27.328,NA,NA,924.136,183.729,-1836.749,1,"Jenny Stahl",0,"new cameras, AKST",2013,17,1,NA,NA,NA,NA,NA,"cod","",9991,9991,13,"","","","","",NA,NA
"218","Dive17__Camera 1_08-21-13_09-38-14.372_fixed.avi",7340,"53:21.7",NA,NA,NA,6.054,3.272,NA,1471.289,11.493,NA,NA,-103.376,-294.963,-1437.708,1,"Jenny Stahl",0,"new cameras, AKST",2013,17,1,NA,NA,NA,NA,NA,"cod","",9991,9991,14,"","","","","",NA,NA
"219","Dive17__Camera 1_08-21-13_09-38-14.372_fixed.avi",8033,"53:44.8",NA,NA,NA,31.074,6.301,NA,3299.35,29.281,NA,NA,1535.35,455.351,-2884.626,1,"Jenny Stahl",0,"new cameras, AKST",2013,17,1,NA,NA,NA,NA,NA,"ratfish","ratfish",714,714,15,"","","","","",NA,NA
"220","Dive17__Camera 1_08-21-13_09-38-14.372_fixed.avi",8958,"54:15.6",NA,NA,NA,20.298,8.207,NA,2755.352,31.627,NA,NA,1437.098,115.902,-2348.037,1,"Jenny Stahl",0,"new cameras, AKST",2013,17,1,NA,NA,NA,NA,NA,"cod","",9991,9991,16,"","","","","",NA,NA
"221","Dive17__Camera 1_08-21-13_09-38-14.372_fixed.avi",11282,"55:33.1",NA,NA,NA,18.942,0.929,NA,2629.229,15.905,NA,NA,-703.768,118.25,-2530.528,1,"Jenny Stahl",0,"new cameras, AKST",2013,17,1,NA,NA,NA,NA,NA,"cod","",9991,9991,17,"","","","","",NA,NA
"222","Dive17__Camera 1_08-21-13_09-38-14.372_fixed.avi",11540,"55:41.7",NA,NA,NA,10.529,7.71,NA,1934.842,12.288,NA,NA,-363.072,-221.342,-1887.538,1,"Jenny Stahl",0,"new cameras, AKST",2013,17,1,NA,NA,NA,NA,NA,"cod","",9991,9991,18,"","","","","",NA,NA
"223","Dive17__Camera 1_08-21-13_09-38-14.372_fixed.avi",11719,"55:47.6",NA,NA,NA,6.363,0.802,NA,1459.392,22.164,NA,NA,-264.309,-502.315,-1344.487,1,"Jenny Stahl",0,"new cameras, AKST",2013,17,1,NA,NA,NA,NA,NA,"cod","",9991,9991,19,"","","","","",NA,NA
"224","Dive17__Camera 1_08-21-13_09-38-14.372_fixed.avi",17779,"59:09.6",NA,NA,NA,59.31,2.164,NA,4637.857,17.63,NA,NA,-326.834,1302.617,-4439.154,1,"Jenny Stahl",0,"new cameras, AKST",2013,17,1,NA,NA,NA,NA,NA,"ratfish","ratfish",714,714,20,"","","","","",NA,NA
"225","Dive17__Camera 1_08-21-13_09-38-14.372_fixed.avi",29755,"05:48.8",NA,NA,NA,12.012,4.936,NA,2113.972,8.203,NA,NA,244.088,-207.152,-2089.59,1,"Jenny Stahl",0,"new cameras, AKST",2013,17,1,NA,NA,NA,NA,NA,"cod","",9991,9991,21,"","","","","",NA,NA
"226","Dive17__Camera 1_08-21-13_09-38-14.372_fixed.avi",29881,"05:53.0",NA,NA,NA,38.698,3.61,NA,3628.108,22.802,NA,NA,1235.544,623.157,-3353.845,1,"Jenny Stahl",0,"new cameras, AKST",2013,17,1,NA,NA,NA,NA,NA,"cod","",9991,9991,22,"","","","","",NA,NA
"227","Dive17__Camera 1_08-21-13_09-38-14.372_fixed.avi",30102,"06:00.4",NA,NA,NA,7.361,7.863,NA,1579.284,33.087,NA,NA,647.445,-588.232,-1314.89,1,"Jenny Stahl",0,"new cameras, AKST",2013,17,1,NA,NA,NA,NA,NA,"cod","",9991,9991,23,"","","","","",NA,NA
"228","Dive17__Camera 1_08-21-13_09-38-14.372_fixed.avi",30372,"06:09.4",NA,NA,NA,21.88,4.783,NA,2788.947,14.783,NA,NA,-521.698,445.271,-2703.292,1,"Jenny Stahl",0,"new cameras, AKST",2013,17,1,NA,NA,NA,NA,NA,"cod","",9991,9991,24,"","","","","",NA,NA
"229","Dive17__Camera 1_08-21-13_09-38-14.372_fixed.avi",30522,"06:14.4",NA,NA,NA,3.839,2.21,NA,1141.693,24.296,NA,NA,130.098,-466.238,-1034.002,1,"Jenny Stahl",0,"new cameras, AKST",2013,17,1,NA,NA,NA,NA,NA,"cod","",9991,9991,25,"","","","","",NA,NA
"230","Dive17__Camera 1_08-21-13_09-38-14.372_fixed.avi",31404,"06:43.8",NA,NA,NA,5.994,1.821,NA,1468.834,10.758,NA,NA,-91.536,-279.102,-1439.165,1,"Jenny Stahl",0,"new cameras, AKST",2013,17,1,NA,NA,NA,NA,NA,"cod","",9991,9991,26,"","","","","",NA,NA
"231","Dive17__Camera 1_08-21-13_09-38-14.372_fixed.avi",31533,"06:48.1",NA,NA,NA,7.114,0.094,NA,1596.317,10.65,NA,NA,-252.993,-174.246,-1566.481,1,"Jenny Stahl",0,"new cameras, AKST",2013,17,1,NA,NA,NA,NA,NA,"cod","",9991,9991,27,"","","","","",NA,NA
"232","Dive17__Camera 1_08-21-13_09-38-14.372_fixed.avi",31655,"06:52.2",NA,NA,NA,11.51,0.929,NA,2042.03,15.812,NA,NA,548.487,65.328,-1965.904,1,"Jenny Stahl",0,"new cameras, AKST",2013,17,1,NA,NA,NA,NA,NA,"cod","",9991,9991,28,"","","","","",NA,NA
"233","Dive17__Camera 1_08-21-13_09-38-14.372_fixed.avi",31655,"06:52.2",NA,NA,NA,17.913,12.353,NA,2576.305,11.8,NA,NA,-250.307,427.404,-2528.244,1,"Jenny Stahl",0,"new cameras, AKST",2013,17,1,NA,NA,NA,NA,NA,"cod","",9991,9991,29,"","","","","",NA,NA
"234","Dive17__Camera 1_08-21-13_09-38-14.372_fixed.avi",32537,"07:21.6",NA,NA,NA,13.117,0.705,NA,2293.564,4.793,NA,NA,175.568,44.018,-2286.411,1,"Jenny Stahl",0,"new cameras, AKST",2013,17,1,NA,NA,NA,NA,NA,"ratfish","ratfish",714,714,30,"","","","","",NA,NA
"235","Dive17__Camera 1_08-21-13_09-38-14.372_fixed.avi",34978,"08:42.9",NA,NA,NA,21.179,3.706,NA,2732.194,16.759,NA,NA,-687.762,346.72,-2621.383,1,"Jenny Stahl",0,"new cameras, AKST",2013,17,1,NA,NA,NA,NA,NA,"cod","",9991,9991,31,"","","","schools of cod","",NA,NA
"236","Dive17__Camera 1_08-21-13_09-38-14.372_fixed.avi",39506,"11:13.9",NA,NA,NA,19.86,1.866,NA,2764.861,10.966,NA,NA,-59.018,483.67,-2721.587,1,"Jenny Stahl",0,"new cameras, AKST",2013,17,1,NA,NA,NA,NA,NA,"cod","",9991,9991,32,"","","","school of cod","",NA,NA
"237","Dive17__Camera 1_08-21-13_09-38-14.372_fixed.avi",39721,"11:21.0",NA,NA,NA,8.283,0.132,NA,1656.246,21.134,NA,NA,-431.06,-435.359,-1538.766,1,"Jenny Stahl",0,"new cameras, AKST",2013,17,1,NA,NA,NA,NA,NA,"halibut","halibut",200,200,33,"","","","","",NA,NA
"238","Dive17__Camera 1_08-21-13_09-38-14.372_fixed.avi",39722,"11:21.1",NA,NA,435.333,13.259,1.429,0.957,1632.474,28.56,41.611,22.461,-589.053,-532.499,-1426.335,1,"Jenny Stahl",0,"new cameras, AKST",2013,17,1,NA,NA,NA,NA,NA,"halibut","halibut",200,200,33,"","","","High Horz OK cause on ground","",NA,NA
"239","Dive17__Camera 1_08-21-13_09-38-14.372_fixed.avi",40343,"11:41.8",NA,NA,NA,8.976,0.2,NA,1842.76,33.776,NA,NA,-1020.487,-112.392,-1530.274,1,"Jenny Stahl",0,"new cameras, AKST",2013,17,1,NA,NA,NA,NA,NA,"cod","",9991,9991,34,"","","","","",NA,NA
"240","Dive17__Camera 1_08-21-13_09-38-14.372_fixed.avi",42084,"12:39.8",NA,NA,NA,70.556,13.765,NA,4951.849,21.9,NA,NA,1716.522,615.952,-4603.799,1,"Jenny Stahl",0,"new cameras, AKST",2013,17,1,NA,NA,NA,NA,NA,"ratfish","ratfish",714,714,35,"","","","","",NA,NA
"241","Dive17__Camera 1_08-21-13_09-38-14.372_fixed.avi",45597,"14:36.9",NA,NA,NA,12.739,0.642,NA,2116.496,16.352,NA,NA,-517.074,267.018,-2034.918,1,"Jenny Stahl",0,"new cameras, AKST",2013,17,1,NA,NA,NA,NA,NA,"cod","",9991,9991,36,"","","","","",NA,NA
"242","Dive17__Camera 1_08-21-13_09-38-14.372_fixed.avi",45597,"14:36.9",NA,NA,NA,13.131,3.778,NA,2165.01,30.762,NA,NA,1073.881,243.504,-1864.07,1,"Jenny Stahl",0,"new cameras, AKST",2013,17,1,NA,NA,NA,NA,NA,"cod","",9991,9991,37,"","","","school of cod","",NA,NA
"243","Dive17__Camera 1_08-21-13_09-38-14.372_fixed.avi",47162,"15:29.1",NA,NA,NA,11.955,0.556,NA,2020.926,28.072,NA,NA,-869.734,359.072,-1788.512,1,"Jenny Stahl",0,"new cameras, AKST",2013,17,1,NA,NA,NA,NA,NA,"cod","",9991,9991,38,"","","","","",NA,NA
"244","Dive17__Camera 1_08-21-13_09-38-14.372_fixed.avi",47467,"15:39.2",NA,NA,NA,8.472,1.249,NA,1701.288,17.946,NA,NA,-382.075,335.646,-1623.497,1,"Jenny Stahl",0,"new cameras, AKST",2013,17,1,NA,NA,NA,NA,NA,"cod","",9991,9991,39,"","","","","",NA,NA
"245","Dive17__Camera 1_08-21-13_09-38-14.372_fixed.avi",47467,"15:39.2",NA,NA,NA,15.572,1.221,NA,2332.677,17.897,NA,NA,641.812,287.436,-2224.149,1,"Jenny Stahl",0,"new cameras, AKST",2013,17,1,NA,NA,NA,NA,NA,"cod","",9991,9991,40,"","","","school of cod","",NA,NA
"246","Dive17__Camera 1_08-21-13_09-38-14.372_fixed.avi",50359,"17:15.6",NA,NA,NA,12.278,2.587,NA,2175.5,5.947,NA,NA,-89.245,-237.974,-2160.602,1,"Jenny Stahl",0,"new cameras, AKST",2013,17,1,NA,NA,NA,NA,NA,"cod","",9991,9991,41,"","","","school of cod","",NA,NA
"247","Dive17__Camera 1_08-21-13_09-38-14.372_fixed.avi",51150,"17:42.0",NA,NA,NA,7.624,2.001,NA,1616.348,32.867,NA,NA,-724.898,-513.348,-1350.399,1,"Jenny Stahl",0,"new cameras, AKST",2013,17,1,NA,NA,NA,NA,NA,"cod","",9991,9991,42,"","","","","",NA,NA
"248","Dive17__Camera 1_08-21-13_09-38-14.372_fixed.avi",57425,"21:11.2",NA,NA,NA,21.615,0.305,NA,2832.286,12.61,NA,NA,578.532,178.614,-2766.81,1,"Jenny Stahl",0,"new cameras, AKST",2013,17,1,NA,NA,NA,NA,NA,"cod","",9991,9991,43,"","","","school of cod","",NA,NA
"249","Dive17__Camera 1_08-21-13_09-38-14.372_fixed.avi",60358,"22:48.9",NA,NA,NA,10.608,0.763,NA,1946.697,31.673,NA,NA,-993.636,-263.462,-1653.15,1,"Jenny Stahl",0,"new cameras, AKST",2013,17,1,NA,NA,NA,NA,NA,"cod","",9991,9991,44,"","","","","",NA,NA
"250","Dive17__Camera 1_08-21-13_09-38-14.372_fixed.avi",60358,"22:48.9",NA,NA,NA,30.478,2.745,NA,3233.508,22.625,NA,NA,-1123.126,491.878,-2992.026,1,"Jenny Stahl",0,"new cameras, AKST",2013,17,1,NA,NA,NA,NA,NA,"ratfish","ratfish",714,714,45,"","","","","",NA,NA
"251","Dive17__Camera 1_08-21-13_09-38-14.372_fixed.avi",61420,"23:24.3",NA,NA,NA,29.328,10.051,NA,3192.865,24.737,NA,NA,-1262.695,394.993,-2905.851,1,"Jenny Stahl",0,"new cameras, AKST",2013,17,1,NA,NA,NA,NA,NA,"ratfish","ratfish",714,714,46,"","","","","",NA,NA
"252","Dive17__Camera 1_08-21-13_09-38-14.372_fixed.avi",64218,"24:57.6",NA,NA,NA,83.294,4.852,NA,5328.768,23.271,NA,NA,-1852.958,929.062,-4909.089,1,"Jenny Stahl",0,"new cameras, AKST",2013,17,1,NA,NA,NA,NA,NA,"rockfish","yelloweye",145,145,47,"AD","fish moving quickly into frame","","No length; too blurry ","",NA,NA
"253","Dive17__Camera 1_08-21-13_09-38-14.372_fixed.avi",65649,"25:45.3",NA,NA,NA,16.099,1.698,NA,2368.746,32.176,NA,NA,-1155.256,-535.187,-1997.478,1,"Jenny Stahl",0,"new cameras, AKST",2013,17,1,NA,NA,NA,NA,NA,"ratfish","ratfish",714,714,48,"","","","","",NA,NA
"254","Dive17__Camera 1_08-21-13_09-38-14.372_fixed.avi",71641,"29:05.0",NA,NA,NA,22.649,2.772,NA,2848.678,14.133,NA,NA,-448.99,491.572,-2769.789,1,"Jenny Stahl",0,"new cameras, AKST",2013,17,1,NA,NA,NA,NA,NA,"halibut","halibut",200,200,49,"","","","","",NA,NA
"255","Dive17__Camera 1_08-21-13_09-38-14.372_fixed.avi",71759,"29:09.0",NA,NA,746.745,31.589,4.868,2.974,2314.592,28.458,52.16,25.881,-1102.179,-69.679,-2034.13,1,"Jenny Stahl",0,"new cameras, AKST",2013,17,1,NA,NA,NA,NA,NA,"halibut","halibut",200,200,49,"","","","High Horiz Angle-swimming","",NA,NA
"256","Dive17__Camera 1_08-21-13_09-38-14.372_fixed.avi",73621,"30:11.0",NA,NA,NA,14.372,3.201,NA,2214.817,29.999,NA,NA,-1005.177,-492.083,-1911.253,1,"Jenny Stahl",0,"new cameras, AKST",2013,17,1,NA,NA,NA,NA,NA,"rockfish","quillback",147,147,50,"","","","","",NA,NA
"257","Dive17__Camera 1_08-21-13_09-38-14.372_fixed.avi",74742,"30:48.4",NA,NA,NA,8.521,3.027,NA,1779.333,37.71,NA,NA,987.255,-478.235,-1400.944,1,"Jenny Stahl",0,"new cameras, AKST",2013,17,1,NA,NA,NA,NA,NA,"cod","",9991,9991,51,"","","","","",NA,NA
"258","Dive17__Camera 1_08-21-13_09-38-14.372_fixed.avi",75100,"31:00.3",NA,NA,NA,4.141,0.716,NA,1182.31,17.578,NA,NA,-160.393,-335.136,-1122.415,1,"Jenny Stahl",0,"new cameras, AKST",2013,17,1,NA,NA,NA,NA,NA,"cod","",9991,9991,52,"","","","","",NA,NA
"259","Dive19__Camera 1_08-21-13_11-30-19.289_fixed.avi",10458,"44:14.6",NA,NA,NA,11.657,0.445,NA,2024.913,35.972,NA,NA,717.475,-972.046,-1625.001,1,"Jennifer Stahl",0,"new cameras, AKST",2013,19,1,NA,NA,NA,NA,NA,"rockfish","rosethorn",150,150,1,"","","","","",NA,NA
"260","Dive19__Camera 1_08-21-13_11-30-19.289_fixed.avi",16373,"47:31.8",NA,NA,NA,35.391,0.629,NA,3762.977,7.669,NA,NA,-128.868,431.843,-3735.894,1,"Jennifer Stahl",0,"new cameras, AKST",2013,19,1,NA,NA,NA,NA,NA,"rockfish","rosethorn",150,150,2,"","","","","",NA,NA
"261","Dive19__Camera 1_08-21-13_11-30-19.289_fixed.avi",21582,"50:25.4",NA,NA,NA,34.107,2.057,NA,3381.246,22.532,NA,NA,-742.837,-1106.246,-3107.61,1,"Jennifer Stahl",0,"new cameras, AKST",2013,19,1,NA,NA,NA,NA,NA,"rockfish","rosethorn",150,150,3,"","","","","",NA,NA
"262","Dive19__Camera 1_08-21-13_11-30-19.289_fixed.avi",21944,"50:37.5",NA,NA,NA,25.815,1.909,NA,3077.96,25.228,NA,NA,42.953,-1350.959,-2765.303,1,"Jennifer Stahl",0,"new cameras, AKST",2013,19,1,NA,NA,NA,NA,NA,"rockfish","rosethorn",150,150,4,"","","","","",NA,NA
"263","Dive19__Camera 1_08-21-13_11-30-19.289_fixed.avi",30867,"55:34.9",NA,NA,NA,27.634,0.58,NA,3072.376,23.753,NA,NA,1183.253,-402.793,-2806.629,1,"Jennifer Stahl",0,"new cameras, AKST",2013,19,1,NA,NA,NA,NA,NA,"rockfish","rosethorn",150,150,5,"","","","","",NA,NA
"264","Dive19__Camera 1_08-21-13_11-30-19.289_fixed.avi",34244,"57:27.5",NA,NA,NA,23.797,1.811,NA,2868.6,31.675,NA,NA,-1361.237,-679.867,-2431.806,1,"Jennifer Stahl",0,"new cameras, AKST",2013,19,1,NA,NA,NA,NA,NA,"rockfish","rosethorn",150,150,6,"","","","","",NA,NA
"265","Dive19__Camera 1_08-21-13_11-30-19.289_fixed.avi",56725,"09:56.8",NA,NA,NA,131.302,7.031,NA,6891.684,15.788,NA,NA,-697.328,1645.342,-6655.966,1,"Jennifer Stahl",0,"new cameras, AKST",2013,19,1,NA,NA,NA,NA,NA,"rockfish","yelloweye",145,145,7,"SU","milling/hovering","","","",NA,NA
"266","Dive19__Camera 1_08-21-13_11-30-19.289_fixed.avi",56994,"10:05.8",NA,NA,587.879,15.505,2.121,2.328,2376.642,25.252,9.027,15.381,-653.583,-805.814,-2138.205,1,"Jennifer Stahl",0,"new cameras, AKST",2013,19,1,NA,NA,NA,NA,NA,"rockfish","yelloweye",145,145,7,"SU","","","","",NA,NA
"267","Dive19__Camera 1_08-21-13_11-30-19.289_fixed.avi",60347,"11:57.6",NA,NA,NA,10.097,0.244,NA,1921.333,35.044,NA,NA,-1041.449,-386.559,-1567.633,1,"Jennifer Stahl",0,"new cameras, AKST",2013,19,1,NA,NA,NA,NA,NA,"cod","",9991,9991,8,"","","","","",NA,NA
"268","Dive19__Camera 1_08-21-13_11-30-19.289_fixed.avi",60768,"12:11.6",NA,NA,NA,4.904,1.136,NA,1313.544,12.677,NA,NA,-100.695,-288.456,-1277.518,1,"Jennifer Stahl",0,"new cameras, AKST",2013,19,1,NA,NA,NA,NA,NA,"cod","",9991,9991,9,"","","","","",NA,NA
"269","Dive19__Camera 1_08-21-13_11-30-19.289_fixed.avi",60768,"12:11.6",NA,NA,NA,19.957,1.336,NA,2811.563,35.381,NA,NA,-1626.563,-99.57,-2291.127,1,"Jennifer Stahl",0,"new cameras, AKST",2013,19,1,NA,NA,NA,NA,NA,"cod","",9991,9991,10,"","","","","",NA,NA
"270","Dive21__Camera 1_08-21-13_13-02-59.523_fixed.avi",1977,"792.765",NA,NA,NA,46.934,5.089,NA,4121.635,14.185,NA,NA,-856.913,477.252,-4003.225,1,"Jennifer Stahl",0,"new cameras, AKST",2013,21,1,NA,NA,NA,NA,NA,"rockfish","rosethorn",150,150,1,"","","","","",NA,NA
"271","Dive21__Camera 1_08-21-13_13-02-59.523_fixed.avi",3561,"793.645",NA,NA,NA,22.983,1.386,NA,2841.731,19.641,NA,NA,-265.405,-955.825,-2662.967,1,"Jennifer Stahl",0,"new cameras, AKST",2013,21,1,NA,NA,NA,NA,NA,"rockfish","rosethorn",150,150,2,"","","","","",NA,NA
"272","Dive21__Camera 1_08-21-13_13-02-59.523_fixed.avi",5155,"794.5306",NA,NA,NA,14.35,1.911,NA,2205.222,18.565,NA,NA,-608.796,-379.698,-2085.234,1,"Jennifer Stahl",0,"new cameras, AKST",2013,21,1,NA,NA,NA,NA,NA,"rockfish","quillback",147,147,3,"","","","","",NA,NA
"273","Dive21__Camera 1_08-21-13_13-02-59.523_fixed.avi",9059,"796.6994",NA,NA,NA,57.96,5.178,NA,4568.453,14.794,NA,NA,572.665,952.82,-4431.135,1,"Jennifer Stahl",0,"new cameras, AKST",2013,21,1,NA,NA,NA,NA,NA,"greenling","",10007,10007,4,"","","","","",NA,NA
"274","Dive21__Camera 1_08-21-13_13-02-59.523_fixed.avi",9134,"796.7411",NA,NA,NA,50.544,1.201,NA,4317.351,16.976,NA,NA,191.561,1186.586,-4146.665,1,"Jennifer Stahl",0,"new cameras, AKST",2013,21,1,NA,NA,NA,NA,NA,"rockfish","quillback",147,147,5,"","","","","",NA,NA
"275","Dive21__Camera 1_08-21-13_13-02-59.523_fixed.avi",9184,"796.7689",NA,NA,NA,50.629,2.165,NA,4229.876,15.853,NA,NA,-710.224,852.983,-4081.649,1,"Jennifer Stahl",0,"new cameras, AKST",2013,21,1,NA,NA,NA,NA,NA,"rockfish","silvergray",157,157,6,"","","","","",NA,NA
"276","Dive21__Camera 1_08-21-13_13-02-59.523_fixed.avi",9184,"796.7689",NA,NA,NA,60.353,0.472,NA,4674.077,33.628,NA,NA,2466.575,729.16,-3902.734,1,"Jennifer Stahl",0,"new cameras, AKST",2013,21,1,NA,NA,NA,NA,NA,"rockfish","silvergray",157,157,7,"","","","","",NA,NA
"277","Dive21__Camera 1_08-21-13_13-02-59.523_fixed.avi",9336,"796.8533",NA,NA,NA,41.989,0.688,NA,3908.275,22.244,NA,NA,1473.062,85.618,-3619.029,1,"Jennifer Stahl",0,"new cameras, AKST",2013,21,1,NA,NA,NA,NA,NA,"rockfish","silvergray",157,157,8,"","","","","",NA,NA
"278","Dive21__Camera 1_08-21-13_13-02-59.523_fixed.avi",11546,"798.0811",NA,NA,NA,11.353,1.89,NA,1986.755,23.316,NA,NA,-775.267,-157.725,-1822.438,1,"Jennifer Stahl",0,"new cameras, AKST",2013,21,1,NA,NA,NA,NA,NA,"cod","",9991,9991,9,"","","","","",NA,NA
"279","Dive21__Camera 1_08-21-13_13-02-59.523_fixed.avi",12093,"798.385",NA,NA,NA,11.187,0.808,NA,1988.912,26.834,NA,NA,-891.447,-132.087,-1773.033,1,"Jennifer Stahl",0,"new cameras, AKST",2013,21,1,NA,NA,NA,NA,NA,"cod","",9991,9991,10,"","","","","",NA,NA
"280","Dive21__Camera 1_08-21-13_13-02-59.523_fixed.avi",12394,"798.5522",NA,NA,NA,7.684,12.383,NA,1682.577,10.231,NA,NA,2.39,-322.544,-1651.371,1,"Jennifer Stahl",0,"new cameras, AKST",2013,21,1,NA,NA,NA,NA,NA,"cod","",9991,9991,11,"","","","","",NA,NA
"281","Dive21__Camera 1_08-21-13_13-02-59.523_fixed.avi",13506,"799.17",NA,NA,NA,17.166,9.632,NA,2523.713,12.003,NA,NA,-216.198,442.813,-2475.137,1,"Jennifer Stahl",0,"new cameras, AKST",2013,21,1,NA,NA,NA,NA,NA,"cod","",9991,9991,12,"","","","","",NA,NA
"282","Dive21__Camera 1_08-21-13_13-02-59.523_fixed.avi",16700,"800.9444",NA,NA,NA,11.445,9.958,NA,1969.637,26.475,NA,NA,830.723,-309.689,-1758.824,1,"Jennifer Stahl",0,"new cameras, AKST",2013,21,1,NA,NA,NA,NA,NA,"rockfish","greenstripe",135,135,13,"","","","","",NA,NA
"283","Dive21__Camera 1_08-21-13_13-02-59.523_fixed.avi",17790,"801.55",NA,NA,NA,23.964,1.479,NA,2905.613,13.474,NA,NA,446.7,-549.204,-2818.052,1,"Jennifer Stahl",0,"new cameras, AKST",2013,21,1,NA,NA,NA,NA,NA,"flatfish","Dover sole",124,124,15,"","","","","",NA,NA
"284","Dive21__Camera 1_08-21-13_13-02-59.523_fixed.avi",17908,"801.6155",NA,NA,NA,21.853,5.516,NA,2932.821,7.205,NA,NA,268.701,209.475,-2912.964,1,"Jennifer Stahl",0,"new cameras, AKST",2013,21,1,NA,NA,NA,NA,NA,"rockfish","dusky",172,172,14,"","","","","",NA,NA
"285","Dive21__Camera 1_08-21-13_13-02-59.523_fixed.avi",18684,"802.0467",NA,NA,NA,15.354,7.37,NA,2360.736,25.404,NA,NA,63.519,-1041.222,-2117.758,1,"Jennifer Stahl",0,"new cameras, AKST",2013,21,1,NA,NA,NA,NA,NA,"octopus","octopus",870,870,16,"","","","","",NA,NA
"286","Dive21__Camera 1_08-21-13_13-02-59.523_fixed.avi",19297,"802.3872",NA,NA,NA,6.153,5.4,NA,1431.538,24.125,NA,NA,-531.618,-263.135,-1302.859,1,"Jennifer Stahl",0,"new cameras, AKST",2013,21,1,NA,NA,NA,NA,NA,"rockfish","",NA,NA,17,"","","","northern rockfish","",NA,NA
"287","Dive21__Camera 1_08-21-13_13-02-59.523_fixed.avi",22299,"804.055",NA,NA,NA,9.263,32.223,NA,1818.807,22.8,NA,NA,43.681,-727.431,-1666.432,1,"Jennifer Stahl",0,"new cameras, AKST",2013,21,1,NA,NA,NA,NA,NA,"cod","",9991,9991,18,"","","","","",NA,NA
"288","Dive21__Camera 1_08-21-13_13-02-59.523_fixed.avi",23101,"804.5005",NA,NA,NA,7.457,3.047,NA,1618.968,26.572,NA,NA,-145.178,-730.188,-1437.639,1,"Jennifer Stahl",0,"new cameras, AKST",2013,21,1,NA,NA,NA,NA,NA,"flatfish","Dover sole",124,124,19,"","","Y","","",NA,NA
"289","Dive21__Camera 1_08-21-13_13-02-59.523_fixed.avi",25135,"805.6305",NA,NA,NA,7.064,0.351,NA,1591.227,25.867,NA,NA,-21.034,-714.36,-1421.707,1,"Jennifer Stahl",0,"new cameras, AKST",2013,21,1,NA,NA,NA,NA,NA,"cod","",9991,9991,20,"","","","","",NA,NA
"290","Dive21__Camera 1_08-21-13_13-02-59.523_fixed.avi",25343,"805.7461",NA,NA,NA,23.083,0.605,NA,2776.675,29.347,NA,NA,1127.644,727.009,-2431.008,1,"Jennifer Stahl",0,"new cameras, AKST",2013,21,1,NA,NA,NA,NA,NA,"cod","",9991,9991,21,"","","","","",NA,NA
"291","Dive21__Camera 1_08-21-13_13-02-59.523_fixed.avi",25932,"806.0733",NA,NA,NA,49.248,1.323,NA,4399.606,37.168,NA,NA,-2585.012,568.505,-3514.407,1,"Jennifer Stahl",0,"new cameras, AKST",2013,21,1,NA,NA,NA,NA,NA,"ratfish","ratfish",714,714,22,"","","","","",NA,NA
"292","Dive21__Camera 1_08-21-13_13-02-59.523_fixed.avi",26388,"806.3267",NA,NA,NA,7.08,0.856,NA,1539.975,25.112,NA,NA,-307.611,-596.556,-1386.008,1,"Jennifer Stahl",0,"new cameras, AKST",2013,21,1,NA,NA,NA,NA,NA,"rockfish","quillback",147,147,23,"","","","","",NA,NA
"293","Dive21__Camera 1_08-21-13_13-02-59.523_fixed.avi",29402,"808.0011",NA,NA,NA,44.874,0.223,NA,3914.055,26.945,NA,NA,1617.733,676.886,-3499.227,1,"Jennifer Stahl",0,"new cameras, AKST",2013,21,1,NA,NA,NA,NA,NA,"rockfish","quillback",147,147,24,"","","","","",NA,NA
"294","Dive21__Camera 1_08-21-13_13-02-59.523_fixed.avi",32535,"809.7416",NA,NA,NA,56.939,1.466,NA,4533.223,14.269,NA,NA,-610.053,873.02,-4406.335,1,"Jennifer Stahl",0,"new cameras, AKST",2013,21,1,NA,NA,NA,NA,NA,"ratfish","ratfish",714,714,25,"","","","","",NA,NA
"295","Dive21__Camera 1_08-21-13_13-02-59.523_fixed.avi",37505,"812.5028",NA,NA,NA,3.376,3.676,NA,1108.09,9.52,NA,NA,-14.662,167.005,-1095.335,1,"Jennifer Stahl",0,"new cameras, AKST",2013,21,1,NA,NA,NA,NA,NA,"cod","",9991,9991,26,"","","","","",NA,NA
"296","Dive21__Camera 1_08-21-13_13-02-59.523_fixed.avi",41599,"814.7772",NA,NA,NA,10.958,4.679,NA,1939.023,32.491,NA,NA,-883.119,-575.624,-1627.441,1,"Jennifer Stahl",0,"new cameras, AKST",2013,21,1,NA,NA,NA,NA,NA,"cod","",9991,9991,27,"","","","","",NA,NA
"297","Dive21__Camera 1_08-21-13_13-02-59.523_fixed.avi",42171,"815.095",NA,NA,NA,5.225,2.752,NA,1354.385,14.805,NA,NA,-78.96,-355.706,-1304.453,1,"Jennifer Stahl",0,"new cameras, AKST",2013,21,1,NA,NA,NA,NA,NA,"cod","",9991,9991,28,"","","","","",NA,NA
"298","Dive21__Camera 1_08-21-13_13-02-59.523_fixed.avi",43350,"815.75",NA,NA,NA,9.13,1.946,NA,1772.904,29.439,NA,NA,-823.73,-306.298,-1539.753,1,"Jennifer Stahl",0,"new cameras, AKST",2013,21,1,NA,NA,NA,NA,NA,"cod","",9991,9991,29,"","","","","",NA,NA
"299","Dive21__Camera 1_08-21-13_13-02-59.523_fixed.avi",44581,"816.4339",NA,NA,NA,12.336,0.025,NA,2101.083,22.892,NA,NA,-816.967,-4.123,-1935.742,1,"Jennifer Stahl",0,"new cameras, AKST",2013,21,1,NA,NA,NA,NA,NA,"cod","",9991,9991,30,"","","","","",NA,NA
"300","Dive21__Camera 1_08-21-13_13-02-59.523_fixed.avi",48649,"818.6939",NA,NA,NA,37.884,3.856,NA,3608.979,19.114,NA,NA,-950.238,653.611,-3419.732,1,"Jennifer Stahl",0,"new cameras, AKST",2013,21,1,NA,NA,NA,NA,NA,"skate","longnose skate",701,701,31,"","","","","",NA,NA
"301","Dive21__Camera 1_08-21-13_13-02-59.523_fixed.avi",51099,"820.055",NA,NA,NA,7.87,1.42,NA,1708.731,10.674,NA,NA,313.378,20.125,-1679.628,1,"Jennifer Stahl",0,"new cameras, AKST",2013,21,1,NA,NA,NA,NA,NA,"ratfish","ratfish",714,714,32,"","","","","",NA,NA
"302","Dive21__Camera 1_08-21-13_13-02-59.523_fixed.avi",51802,"820.4455",NA,NA,NA,17.059,0.702,NA,2443.497,30.864,NA,NA,1181.746,387.95,-2103.247,1,"Jennifer Stahl",0,"new cameras, AKST",2013,21,1,NA,NA,NA,NA,NA,"ratfish","ratfish",714,714,33,"","","","","",NA,NA
"303","Dive21__Camera 1_08-21-13_13-02-59.523_fixed.avi",53251,"821.2505",NA,NA,NA,10.786,2.481,NA,2015.191,10.271,NA,NA,-348.748,58.14,-1983.933,1,"Jennifer Stahl",0,"new cameras, AKST",2013,21,1,NA,NA,NA,NA,NA,"ratfish","ratfish",714,714,34,"","","","","",NA,NA
"304","Dive21__Camera 1_08-21-13_13-02-59.523_fixed.avi",53482,"821.3789",NA,NA,NA,8.96,3.107,NA,1776.429,15.583,NA,NA,-465.802,-128.285,-1709.465,1,"Jennifer Stahl",0,"new cameras, AKST",2013,21,1,NA,NA,NA,NA,NA,"cod","",9991,9991,35,"","","","","",NA,NA
"305","Dive21__Camera 1_08-21-13_13-02-59.523_fixed.avi",56676,"823.1533",NA,NA,NA,5.617,2.175,NA,1381.994,18.488,NA,NA,178.167,-419.136,-1304.795,1,"Jennifer Stahl",0,"new cameras, AKST",2013,21,1,NA,NA,NA,NA,NA,"cod","",9991,9991,36,"","","","","",NA,NA
"306","Dive21__Camera 1_08-21-13_13-02-59.523_fixed.avi",60584,"825.3244",NA,NA,NA,9.403,3.886,NA,1878.541,7.47,NA,NA,-110.157,-244.664,-1859.28,1,"Jennifer Stahl",0,"new cameras, AKST",2013,21,1,NA,NA,NA,NA,NA,"cod","",9991,9991,37,"","","","","",NA,NA
"307","Dive22__Camera 1_08-21-13_14-55-32.588_fixed.avi",840,"07:05.0",NA,NA,NA,9.513,0.11,NA,1845.142,19.175,NA,NA,14.421,-630.797,-1733.908,1,"Jennifer Stahl",0,"new cameras, AKST",2013,22,1,NA,NA,NA,NA,NA,"rockfish","yelloweye",145,145,1,"AD","fish seeking cover","","No length-Under sponge","",NA,NA
"308","Dive22__Camera 1_08-21-13_14-55-32.588_fixed.avi",952,"07:08.7",NA,NA,NA,24.709,1.118,NA,2926.647,21.474,NA,NA,994.264,360.096,-2728.925,1,"Jennifer Stahl",0,"new cameras, AKST",2013,22,1,NA,NA,NA,NA,NA,"ratfish","ratfish",714,714,2,"","","","","",NA,NA
"309","Dive22__Camera 1_08-21-13_14-55-32.588_fixed.avi",1307,"07:20.6",NA,NA,NA,13.79,8.626,NA,2138.721,29.256,NA,NA,734.353,-770.442,-1855.067,1,"Jennifer Stahl",0,"new cameras, AKST",2013,22,1,NA,NA,NA,NA,NA,"ratfish","ratfish",714,714,3,"","","","","",NA,NA
"310","Dive22__Camera 1_08-21-13_14-55-32.588_fixed.avi",1307,"07:20.6",NA,NA,NA,42.808,1.741,NA,4107.554,10.222,NA,NA,22.251,670.579,-4052.386,1,"Jennifer Stahl",0,"new cameras, AKST",2013,22,1,NA,NA,NA,NA,NA,"ratfish","ratfish",714,714,4,"","","","","",NA,NA
"311","Dive22__Camera 1_08-21-13_14-55-32.588_fixed.avi",3075,"08:19.5",NA,NA,NA,25.687,1.23,NA,3030.705,34.991,NA,NA,-1543.048,-835.153,-2471.172,1,"Jennifer Stahl",0,"new cameras, AKST",2013,22,1,NA,NA,NA,NA,NA,"ratfish","ratfish",714,714,5,"","","","","",NA,NA
"312","Dive22__Camera 1_08-21-13_14-55-32.588_fixed.avi",3979,"08:49.6",NA,NA,NA,17.634,0.094,NA,2447.353,32.185,NA,NA,775.491,-1077.445,-2056.031,1,"Jennifer Stahl",0,"new cameras, AKST",2013,22,1,NA,NA,NA,NA,NA,"rockfish","rosethorn",150,150,6,"","","","","",NA,NA
"313","Dive22__Camera 1_08-21-13_14-55-32.588_fixed.avi",5359,"09:35.6",NA,NA,NA,107.013,2.898,NA,6135.141,21.776,NA,NA,-2156.144,647.034,-5707.219,1,"Jennifer Stahl",0,"new cameras, AKST",2013,22,1,NA,NA,NA,NA,NA,"rockfish","yelloweye",145,145,7,"AD","resting on bottom","","No length- too dark for accuracte","",NA,NA
"314","Dive22__Camera 1_08-21-13_14-55-32.588_fixed.avi",5497,"09:40.2",NA,NA,NA,72.268,11.949,NA,4957.308,34.174,NA,NA,-2060.348,1814.199,-4127.779,1,"Jennifer Stahl",0,"new cameras, AKST",2013,22,1,NA,NA,NA,NA,NA,"rockfish","black",142,142,8,"","","","","",NA,NA
"315","Dive22__Camera 1_08-21-13_14-55-32.588_fixed.avi",7013,"10:30.8",NA,NA,NA,12.421,2.248,NA,2104.704,17.574,NA,NA,108.586,-654.847,-1997.289,1,"Jennifer Stahl",0,"new cameras, AKST",2013,22,1,NA,NA,NA,NA,NA,"rockfish","black",142,142,9,"","","","","",NA,NA
"316","Dive22__Camera 1_08-21-13_14-55-32.588_fixed.avi",8761,"11:29.0",NA,NA,NA,24.594,9.227,NA,2910.913,16.14,NA,NA,-671.543,-491.517,-2789.418,1,"Jennifer Stahl",0,"new cameras, AKST",2013,22,1,NA,NA,NA,NA,NA,"ratfish","ratfish",714,714,10,"","","","","",NA,NA
"317","Dive22__Camera 1_08-21-13_14-55-32.588_fixed.avi",9034,"11:38.1",NA,NA,NA,31.855,5.258,NA,3316.923,15.847,NA,NA,-604.521,-720.168,-3180.864,1,"Jennifer Stahl",0,"new cameras, AKST",2013,22,1,NA,NA,NA,NA,NA,"ratfish","ratfish",714,714,11,"","","","","",NA,NA
"318","Dive22__Camera 1_08-21-13_14-55-32.588_fixed.avi",9309,"11:47.3",NA,NA,NA,21.915,1.614,NA,2887.821,8.502,NA,NA,-416.682,-134.025,-2854.457,1,"Jennifer Stahl",0,"new cameras, AKST",2013,22,1,NA,NA,NA,NA,NA,"ratfish","ratfish",714,714,12,"","","","","",NA,NA
"319","Dive22__Camera 1_08-21-13_14-55-32.588_fixed.avi",14771,"14:49.4",NA,NA,NA,102.705,7.889,NA,6137.937,13.821,NA,NA,-1309.377,574.345,-5969.081,1,"Jennifer Stahl",0,"new cameras, AKST",2013,22,1,NA,NA,NA,NA,NA,"rockfish","yelloweye",145,145,13,"AD","milling/hovering","","","",NA,NA
"320","Dive22__Camera 1_08-21-13_14-55-32.588_fixed.avi",14811,"14:50.7",NA,NA,548.241,85.47,1.738,4.241,5062.448,14.983,16.441,1.561,-1259.733,284.978,-4894.92,1,"Jennifer Stahl",0,"new cameras, AKST",2013,22,1,NA,NA,NA,NA,NA,"rockfish","yelloweye",145,145,13,"AD","","","","",NA,NA
"321","Dive22__Camera 1_08-21-13_14-55-32.588_fixed.avi",19039,"17:11.6",NA,NA,NA,30.397,6.038,NA,3319.901,23.439,NA,NA,-1311.805,107.989,-3047.827,1,"Jennifer Stahl",0,"new cameras, AKST",2013,22,1,NA,NA,NA,NA,NA,"ratfish","ratfish",714,714,14,"","","","","",NA,NA
"322","Dive22__Camera 1_08-21-13_14-55-32.588_fixed.avi",23387,"19:36.6",NA,NA,NA,69.065,2.626,NA,5073.255,30.322,NA,NA,-2538.896,274.994,-4383.64,1,"Jennifer Stahl",0,"new cameras, AKST",2013,22,1,NA,NA,NA,NA,NA,"ratfish","ratfish",714,714,15,"","","","","",NA,NA
"323","Dive22__Camera 1_08-21-13_14-55-32.588_fixed.avi",28120,"22:14.3",NA,NA,NA,58.324,2.287,NA,4530.806,32.004,NA,NA,2244.195,799.022,-3854.005,1,"Jennifer Stahl",0,"new cameras, AKST",2013,22,1,NA,NA,NA,NA,NA,"rockfish","quillback",147,147,16,"","","","","",NA,NA
"324","Dive22__Camera 1_08-21-13_14-55-32.588_fixed.avi",50015,"34:24.2",NA,NA,NA,123.925,7.465,NA,6458.71,23.432,NA,NA,-2084.029,1415.948,-5947.003,1,"Jennifer Stahl",0,"new cameras, AKST",2013,22,1,NA,NA,NA,NA,NA,"rockfish","quillback",147,147,17,"","","","","",NA,NA
"325","Dive22__Camera 1_08-21-13_14-55-32.588_fixed.avi",51345,"35:08.5",NA,NA,NA,126.384,1.668,NA,6485.465,26.741,NA,NA,2327.734,1676.739,-5816.482,1,"Jennifer Stahl",0,"new cameras, AKST",2013,22,1,NA,NA,NA,NA,NA,"rockfish","yelloweye",145,145,18,"SU","resting on bottom","","","",NA,NA
"326","Dive22__Camera 1_08-21-13_14-55-32.588_fixed.avi",51460,"35:12.3",NA,NA,478.885,77.566,0.313,7.127,4380.256,29.613,10.271,10.728,2131.392,322.205,-3813.134,1,"Jennifer Stahl",0,"new cameras, AKST",2013,22,1,NA,NA,NA,NA,NA,"rockfish","yelloweye",145,145,18,"SU","","","","",NA,NA
"327","Dive22__Camera 1_08-21-13_14-55-32.588_fixed.avi",840,"07:05.0",NA,NA,NA,9.513,0.11,NA,1845.142,19.175,NA,NA,14.421,-630.797,-1733.908,1,"Jennifer Stahl",0,"new cameras, AKST",2013,22,1,NA,NA,NA,NA,NA,"rockfish","yelloweye",145,145,1,"AD","fish seeking cover","","No length-Under sponge","",NA,NA
"328","Dive22__Camera 1_08-21-13_14-55-32.588_fixed.avi",952,"07:08.7",NA,NA,NA,24.709,1.118,NA,2926.647,21.474,NA,NA,994.264,360.096,-2728.925,1,"Jennifer Stahl",0,"new cameras, AKST",2013,22,1,NA,NA,NA,NA,NA,"ratfish","ratfish",714,714,2,"","","","","",NA,NA
"329","Dive22__Camera 1_08-21-13_14-55-32.588_fixed.avi",1307,"07:20.6",NA,NA,NA,13.79,8.626,NA,2138.721,29.256,NA,NA,734.353,-770.442,-1855.067,1,"Jennifer Stahl",0,"new cameras, AKST",2013,22,1,NA,NA,NA,NA,NA,"ratfish","ratfish",714,714,3,"","","","","",NA,NA
"330","Dive22__Camera 1_08-21-13_14-55-32.588_fixed.avi",1307,"07:20.6",NA,NA,NA,42.808,1.741,NA,4107.554,10.222,NA,NA,22.251,670.579,-4052.386,1,"Jennifer Stahl",0,"new cameras, AKST",2013,22,1,NA,NA,NA,NA,NA,"ratfish","ratfish",714,714,4,"","","","","",NA,NA
"331","Dive22__Camera 1_08-21-13_14-55-32.588_fixed.avi",3075,"08:19.5",NA,NA,NA,25.687,1.23,NA,3030.705,34.991,NA,NA,-1543.048,-835.153,-2471.172,1,"Jennifer Stahl",0,"new cameras, AKST",2013,22,1,NA,NA,NA,NA,NA,"ratfish","ratfish",714,714,5,"","","","","",NA,NA
"332","Dive22__Camera 1_08-21-13_14-55-32.588_fixed.avi",3979,"08:49.6",NA,NA,NA,17.634,0.094,NA,2447.353,32.185,NA,NA,775.491,-1077.445,-2056.031,1,"Jennifer Stahl",0,"new cameras, AKST",2013,22,1,NA,NA,NA,NA,NA,"rockfish","rosethorn",150,150,6,"","","","","",NA,NA
"333","Dive22__Camera 1_08-21-13_14-55-32.588_fixed.avi",5359,"09:35.6",NA,NA,NA,107.013,2.898,NA,6135.141,21.776,NA,NA,-2156.144,647.034,-5707.219,1,"Jennifer Stahl",0,"new cameras, AKST",2013,22,1,NA,NA,NA,NA,NA,"rockfish","yelloweye",145,145,7,"AD","resting on bottom","","No length- too dark for accuracte","",NA,NA
"334","Dive22__Camera 1_08-21-13_14-55-32.588_fixed.avi",5497,"09:40.2",NA,NA,NA,72.268,11.949,NA,4957.308,34.174,NA,NA,-2060.348,1814.199,-4127.779,1,"Jennifer Stahl",0,"new cameras, AKST",2013,22,1,NA,NA,NA,NA,NA,"rockfish","black",142,142,8,"","","","","",NA,NA
"335","Dive22__Camera 1_08-21-13_14-55-32.588_fixed.avi",7013,"10:30.8",NA,NA,NA,12.421,2.248,NA,2104.704,17.574,NA,NA,108.586,-654.847,-1997.289,1,"Jennifer Stahl",0,"new cameras, AKST",2013,22,1,NA,NA,NA,NA,NA,"rockfish","black",142,142,9,"","","","","",NA,NA
"336","Dive22__Camera 1_08-21-13_14-55-32.588_fixed.avi",8761,"11:29.0",NA,NA,NA,24.594,9.227,NA,2910.913,16.14,NA,NA,-671.543,-491.517,-2789.418,1,"Jennifer Stahl",0,"new cameras, AKST",2013,22,1,NA,NA,NA,NA,NA,"ratfish","ratfish",714,714,10,"","","","","",NA,NA
"337","Dive22__Camera 1_08-21-13_14-55-32.588_fixed.avi",9034,"11:38.1",NA,NA,NA,31.855,5.258,NA,3316.923,15.847,NA,NA,-604.521,-720.168,-3180.864,1,"Jennifer Stahl",0,"new cameras, AKST",2013,22,1,NA,NA,NA,NA,NA,"ratfish","ratfish",714,714,11,"","","","","",NA,NA
"338","Dive22__Camera 1_08-21-13_14-55-32.588_fixed.avi",9309,"11:47.3",NA,NA,NA,21.915,1.614,NA,2887.821,8.502,NA,NA,-416.682,-134.025,-2854.457,1,"Jennifer Stahl",0,"new cameras, AKST",2013,22,1,NA,NA,NA,NA,NA,"ratfish","ratfish",714,714,12,"","","","","",NA,NA
"339","Dive22__Camera 1_08-21-13_14-55-32.588_fixed.avi",14771,"14:49.4",NA,NA,NA,102.705,7.889,NA,6137.937,13.821,NA,NA,-1309.377,574.345,-5969.081,1,"Jennifer Stahl",0,"new cameras, AKST",2013,22,1,NA,NA,NA,NA,NA,"rockfish","yelloweye",145,145,13,"AD","milling/hovering","","","",NA,NA
"340","Dive22__Camera 1_08-21-13_14-55-32.588_fixed.avi",14811,"14:50.7",NA,NA,548.241,85.47,1.738,4.241,5062.448,14.983,16.441,1.561,-1259.733,284.978,-4894.92,1,"Jennifer Stahl",0,"new cameras, AKST",2013,22,1,NA,NA,NA,NA,NA,"rockfish","yelloweye",145,145,13,"AD","","","","",NA,NA
"341","Dive22__Camera 1_08-21-13_14-55-32.588_fixed.avi",19039,"17:11.6",NA,NA,NA,30.397,6.038,NA,3319.901,23.439,NA,NA,-1311.805,107.989,-3047.827,1,"Jennifer Stahl",0,"new cameras, AKST",2013,22,1,NA,NA,NA,NA,NA,"ratfish","ratfish",714,714,14,"","","","","",NA,NA
"342","Dive22__Camera 1_08-21-13_14-55-32.588_fixed.avi",23387,"19:36.6",NA,NA,NA,69.065,2.626,NA,5073.255,30.322,NA,NA,-2538.896,274.994,-4383.64,1,"Jennifer Stahl",0,"new cameras, AKST",2013,22,1,NA,NA,NA,NA,NA,"ratfish","ratfish",714,714,15,"","","","","",NA,NA
"343","Dive22__Camera 1_08-21-13_14-55-32.588_fixed.avi",28120,"22:14.3",NA,NA,NA,58.324,2.287,NA,4530.806,32.004,NA,NA,2244.195,799.022,-3854.005,1,"Jennifer Stahl",0,"new cameras, AKST",2013,22,1,NA,NA,NA,NA,NA,"rockfish","quillback",147,147,16,"","","","","",NA,NA
"344","Dive22__Camera 1_08-21-13_14-55-32.588_fixed.avi",50015,"34:24.2",NA,NA,NA,123.925,7.465,NA,6458.71,23.432,NA,NA,-2084.029,1415.948,-5947.003,1,"Jennifer Stahl",0,"new cameras, AKST",2013,22,1,NA,NA,NA,NA,NA,"rockfish","quillback",147,147,17,"","","","","",NA,NA
"345","Dive22__Camera 1_08-21-13_14-55-32.588_fixed.avi",51345,"35:08.5",NA,NA,NA,126.384,1.668,NA,6485.465,26.741,NA,NA,2327.734,1676.739,-5816.482,1,"Jennifer Stahl",0,"new cameras, AKST",2013,22,1,NA,NA,NA,NA,NA,"rockfish","yelloweye",145,145,18,"SU","resting on bottom","","","",NA,NA
"346","Dive22__Camera 1_08-21-13_14-55-32.588_fixed.avi",51460,"35:12.3",NA,NA,478.885,77.566,0.313,7.127,4380.256,29.613,10.271,10.728,2131.392,322.205,-3813.134,1,"Jennifer Stahl",0,"new cameras, AKST",2013,22,1,NA,NA,NA,NA,NA,"rockfish","yelloweye",145,145,18,"SU","","","","",NA,NA
"347","2013_25_1_SL.avi",1157,"00:38.6",NA,NA,NA,68.173,4.301,NA,5614.464,26.568,NA,NA,1918.192,1564.459,-5039.366,1,"Kristen Green",0,"old cameras, video jumps, enter Horita time",2013,25,1,NA,NA,NA,NA,NA,"rockfish","canary",146,146,1,"","","","","13:26:59",NA,NA
"348","2013_25_1_SL.avi",2148,"01:11.7",NA,NA,NA,31.186,8.248,NA,4376.733,10.713,NA,NA,-172.653,747.063,-4309.047,1,"Kristen Green",0,"old cameras, video jumps, enter Horita time",2013,25,1,NA,NA,NA,NA,NA,"rockfish","canary",146,146,2,"","","","","13:27:33",NA,NA
"349","2013_25_1_SL.avi",2362,"01:18.8",NA,NA,NA,22.092,0.718,NA,3577.361,11.505,NA,NA,213.987,-719.72,-3497.674,1,"Kristen Green",0,"old cameras, video jumps, enter Horita time",2013,25,1,NA,NA,NA,NA,NA,"rockfish","yelloweye",145,145,3,"SU","resting on bottom","","not good view of body; no length","13:27:40",NA,NA
"350","2013_25_1_SL.avi",2813,"01:33.9",NA,NA,NA,28.487,5.881,NA,3503.817,28.674,NA,NA,1511.577,-770.175,-3065.729,1,"Kristen Green",0,"old cameras, video jumps, enter Horita time",2013,25,1,NA,NA,NA,NA,NA,"rockfish","canary",146,146,4,"","","","","13:27:55",NA,NA
"351","2013_25_1_SL.avi",3124,"01:44.2",NA,NA,NA,21.96,1.692,NA,3660.481,8.745,NA,NA,279.296,440.99,-3623.071,1,"Kristen Green",0,"old cameras, video jumps, enter Horita time",2013,25,1,NA,NA,NA,NA,NA,"rockfish","canary",146,146,5,"","","","lots of canaries","13:28:05",NA,NA
"352","2013_25_1_SL.avi",3253,"01:48.5",NA,NA,NA,25.059,8.174,NA,3956.877,6.655,NA,NA,-456.968,-5.447,-3930.398,1,"Kristen Green",0,"old cameras, video jumps, enter Horita time",2013,25,1,NA,NA,NA,NA,NA,"rockfish","canary",146,146,6,"","","","","13:28:09",NA,NA
"353","2013_25_1_SL.avi",3253,"01:48.5",NA,NA,NA,13.841,6.927,NA,2758.932,13.292,NA,NA,527.661,322.087,-2688.78,1,"Kristen Green",0,"old cameras, video jumps, enter Horita time",2013,25,1,NA,NA,NA,NA,NA,"rockfish","canary",146,146,7,"","","","","13:28:09",NA,NA
"354","2013_25_1_SL.avi",3831,"02:07.8",NA,NA,NA,18.511,1.007,NA,3331.784,7.872,NA,NA,-445.76,-134.5,-3299.089,1,"Kristen Green",0,"old cameras, video jumps, enter Horita time",2013,25,1,NA,NA,NA,NA,NA,"rockfish","quillback",147,147,8,"","","","","13:28:29",NA,NA
"355","2013_25_1_SL.avi",4968,"02:45.8",NA,NA,NA,41.408,1.303,NA,4476.543,23.855,NA,NA,1809.295,17.745,-4094.578,1,"Kristen Green",0,"old cameras, video jumps, enter Horita time",2013,25,1,NA,NA,NA,NA,NA,"rockfish","quillback",147,147,9,"","","","","13:29:07",NA,NA
"356","2013_25_1_SL.avi",4968,"02:45.8",NA,NA,NA,70.335,2.962,NA,5833.336,22.678,NA,NA,2049.405,866.437,-5392.313,1,"Kristen Green",0,"old cameras, video jumps, enter Horita time",2013,25,1,NA,NA,NA,NA,NA,"rockfish","canary",146,146,10,"","","","","13:29:07",NA,NA
"357","2013_25_1_SL.avi",8365,"04:39.1",NA,NA,NA,23.973,0.823,NA,3307.073,26.353,NA,NA,-1364.937,507.249,-2969.238,1,"Kristen Green",0,"old cameras, video jumps, enter Horita time",2013,25,1,NA,NA,NA,NA,NA,"rockfish","quillback",147,147,11,"","","","","13:31:00",NA,NA
"358","2013_25_1_SL.avi",9483,"05:16.4",NA,NA,NA,19.86,5.678,NA,3347.871,12.784,NA,NA,725.44,113.741,-3266.35,1,"Kristen Green",0,"old cameras, video jumps, enter Horita time",2013,25,1,NA,NA,NA,NA,NA,"rockfish","rosethorn",150,150,12,"","","","","13:31:37",NA,NA
"359","2013_25_1_SL.avi",11592,"06:26.8",NA,NA,NA,44.753,5.254,NA,5264.998,8.748,NA,NA,-657.871,398.426,-5208.519,1,"Kristen Green",0,"old cameras, video jumps, enter Horita time",2013,25,1,NA,NA,NA,NA,NA,"rockfish","tiger",148,148,13,"","","","","13:32:48",NA,NA
"360","2013_25_1_SL.avi",12523,"06:57.8",NA,NA,NA,26.312,8.073,NA,3448.171,25.039,NA,NA,1338.492,-616.38,-3117.434,1,"Kristen Green",0,"old cameras, video jumps, enter Horita time",2013,25,1,NA,NA,NA,NA,NA,"rockfish","rosethorn",150,150,14,"","","","","13:33:19",NA,NA
"361","2013_25_1_SL.avi",15204,"08:27.3",NA,NA,NA,36.413,5.994,NA,4749.096,9.569,NA,NA,-306.44,675.328,-4690.836,1,"Kristen Green",0,"old cameras, video jumps, enter Horita time",2013,25,1,NA,NA,NA,NA,NA,"rockfish","yelloweye",145,145,15,"AD","milling/hovering","","","13:34:48",NA,NA
"362","2013_25_1_SL.avi",15487,"08:36.8",NA,NA,573.813,11.373,4.523,9.748,1602.164,12.647,46.494,14.202,-217.634,-292.534,-1560.125,1,"Kristen Green",0,"old cameras, video jumps, enter Horita time",2013,25,1,NA,NA,NA,NA,NA,"rockfish","yelloweye",145,145,15,"AD","","","best horiz. direction I could get ","13:34:58",NA,NA
"363","2013_25_1_SL.avi",15761,"08:45.9",NA,NA,NA,17.306,0.855,NA,3260.285,6.689,NA,NA,-367.739,58.683,-3238.947,1,"Kristen Green",0,"old cameras, video jumps, enter Horita time",2013,25,1,NA,NA,NA,NA,NA,"rockfish","quillback",147,147,16,"","","","","13:35:07",NA,NA
"364","2013_25_1_SL.avi",16541,"09:11.9",NA,NA,NA,25.069,2.002,NA,3315.875,27.094,NA,NA,1375.875,-655.58,-2944.862,1,"Kristen Green",0,"old cameras, video jumps, enter Horita time",2013,25,1,NA,NA,NA,NA,NA,"rockfish","quillback",147,147,17,"","","","","13:35:33",NA,NA
"365","2013_25_1_SL.avi",18006,"10:00.8",NA,NA,NA,50.032,1.334,NA,5802.503,3.939,NA,NA,240.436,253.37,-5791.981,1,"Kristen Green",0,"old cameras, video jumps, enter Horita time",2013,25,1,NA,NA,NA,NA,NA,"greenling","lingcod",130,130,18,"","","","could not get length ","13:36:22",NA,NA
"366","2013_25_1_SL.avi",20406,"11:20.9",NA,NA,NA,27.795,1.598,NA,4206.638,7.547,NA,NA,-3.526,505.953,-4176.099,1,"Kristen Green",0,"old cameras, video jumps, enter Horita time",2013,25,1,NA,NA,NA,NA,NA,"rockfish","canary",146,146,19,"","","","","13:37:42",NA,NA
"367","2013_25_1_SL.avi",21925,"12:11.6",NA,NA,NA,74.234,2.173,NA,6860.295,9.724,NA,NA,253.111,1055.324,-6773.911,1,"Kristen Green",0,"old cameras, video jumps, enter Horita time",2013,25,1,NA,NA,NA,NA,NA,"rockfish","yelloweye",145,145,20,"AD","Feeding","","","13:38:32",NA,NA
"368","2013_25_1_SL.avi",22289,"12:23.7",NA,NA,NA,20.615,1.743,NA,3081.814,25.997,NA,NA,1349.351,32.077,-2770.524,1,"Kristen Green",0,"old cameras, video jumps, enter Horita time",2013,25,1,NA,NA,NA,NA,NA,"rockfish","yelloweye",145,145,21,"AD","fish moving quickly into frame","","","13:38:45",NA,NA
"369","2013_25_1_SL.avi",22380,"12:26.7",NA,NA,572.088,11.091,0.908,4.98,2378.806,5.397,17.019,1.485,201.152,71.575,-2369.206,1,"Kristen Green",0,"old cameras, video jumps, enter Horita time",2013,25,1,NA,NA,NA,NA,NA,"rockfish","yelloweye",145,145,21,"AD","","","","13:38:48",NA,NA
"370","2013_25_1_SL.avi",22407,"12:27.7",NA,NA,534.024,22.606,1.231,8.95,3657.393,15.032,6.038,18.958,947.592,-81.999,-3531.553,1,"Kristen Green",0,"old cameras, video jumps, enter Horita time",2013,25,1,NA,NA,NA,NA,NA,"rockfish","yelloweye",145,145,20,"AD","","","","13:38:48",NA,NA
"371","2013_25_1_SL.avi",23429,"13:01.8",NA,NA,NA,15.959,2.029,NA,2676.57,26.251,NA,NA,1067.014,486.086,-2406.081,1,"Kristen Green",0,"old cameras, video jumps, enter Horita time",2013,25,1,NA,NA,NA,NA,NA,"rockfish","canary",146,146,22,"","","","","13:39:23",NA,NA
"372","2013_25_1_SL.avi",25289,"14:03.8",NA,NA,NA,12.477,0.397,NA,2766.637,3.64,NA,NA,-148.035,-125.283,-2759.832,1,"Kristen Green",0,"old cameras, video jumps, enter Horita time",2013,25,1,NA,NA,NA,NA,NA,"ratfish","ratfish",714,714,23,"","","","feeding in sand","13:40:25",NA,NA
"373","2013_25_1_SL.avi",27497,"15:17.5",NA,NA,NA,16.048,8.606,NA,2965.864,14.238,NA,NA,310.017,-692.279,-2867.227,1,"Kristen Green",0,"old cameras, video jumps, enter Horita time",2013,25,1,NA,NA,NA,NA,NA,"rockfish","rosethorn",150,150,24,"","","","","13:41:38",NA,NA
"374","2013_25_1_SL.avi",28683,"15:57.0",NA,NA,NA,8.788,4.914,NA,1957.552,27.203,NA,NA,-797.761,-424.871,-1736.397,1,"Kristen Green",0,"old cameras, video jumps, enter Horita time",2013,25,1,NA,NA,NA,NA,NA,"rockfish","rosethorn",150,150,25,"","","","","13:42:18",NA,NA
"375","2013_25_1_SL.avi",31353,"17:26.1",NA,NA,NA,22.367,0.357,NA,3298.516,22.028,NA,NA,-1139.731,447.023,-3062.906,1,"Kristen Green",0,"old cameras, video jumps, enter Horita time",2013,25,1,NA,NA,NA,NA,NA,"rockfish","quillback",147,147,34,"","","","","13:43:47",NA,NA
"376","2013_25_1_SL.avi",36921,"20:31.9",NA,NA,NA,23.81,2.096,NA,3871.814,6.34,NA,NA,-381.575,149.907,-3850.048,1,"Kristen Green",0,"old cameras, video jumps, enter Horita time",2013,25,1,NA,NA,NA,NA,NA,"rockfish","quillback",147,147,31,"","","","","13:46:53",NA,NA
"377","2013_25_1_SL.avi",38722,"21:32.0",NA,NA,NA,24.243,3.141,NA,3898.033,6.741,NA,NA,-401.001,177.186,-3873.301,1,"Kristen Green",0,"old cameras, video jumps, enter Horita time",2013,25,1,NA,NA,NA,NA,NA,"rockfish","quillback",147,147,28,"","","","","13:47:53",NA,NA
"378","2013_25_1_SL.avi",40460,"22:30.0",NA,NA,NA,21.514,3.525,NA,3492.283,11.184,NA,NA,-562.962,-414.859,-3421.551,1,"Kristen Green",0,"old cameras, video jumps, enter Horita time",2013,25,1,NA,NA,NA,NA,NA,"rockfish","rosethorn",150,150,29,"","","","","13:48:51",NA,NA
"379","2013_25_1_SL.avi",42709,"23:45.0",NA,NA,NA,43.955,1.666,NA,4829.399,17.004,NA,NA,-1381.632,-344.176,-4614.73,1,"Kristen Green",0,"old cameras, video jumps, enter Horita time",2013,25,1,NA,NA,NA,NA,NA,"rockfish","yelloweye",145,145,32,"AD","milling/hovering","","poor orientation, no length ","13:50:06",NA,NA
"380","2013_25_1_SL.avi",48627,"27:02.5",NA,NA,NA,49.091,5.357,NA,5156.909,20.987,NA,NA,-662.744,1670.209,-4833.723,1,"Kristen Green",0,"old cameras, video jumps, enter Horita time",2013,25,1,NA,NA,NA,NA,NA,"rockfish","yelloweye",145,145,33,"SU","actively swimming within frame","","","13:53:23",NA,NA
"381","2013_25_1_SL.avi",48661,"27:03.7",NA,NA,555.84,46.515,6.802,0.545,4906.28,17.846,20.225,5.115,-302.011,1420.767,-4686.341,1,"Kristen Green",0,"old cameras, video jumps, enter Horita time",2013,25,1,NA,NA,NA,NA,NA,"rockfish","yelloweye",145,145,33,"SU","","","","13:53:24",NA,NA
"382","2013_25_1_SL.avi",48931,"27:12.7",NA,NA,NA,49.635,5.731,NA,4918.616,22.613,NA,NA,1464.184,1146.353,-4553.55,1,"Kristen Green",0,"old cameras, video jumps, enter Horita time",2013,25,1,NA,NA,NA,NA,NA,"rockfish","yelloweye",145,145,35,"","","","No length-blurry","13:53:33",NA,NA
"383","2013_25_1_SL.avi",50235,"27:56.2",NA,NA,NA,10.969,4.315,NA,2393.25,14.52,NA,NA,471.666,-396.695,-2312.534,1,"Kristen Green",0,"old cameras, video jumps, enter Horita time",2013,25,1,NA,NA,NA,NA,NA,"rockfish","rosethorn",150,150,36,"","","","","13:54:17",NA,NA
"384","2013_25_1_SL.avi",60408,"33:35.6",NA,NA,NA,41.508,1.395,NA,4624.254,18.802,NA,NA,1235.252,785.118,-4386.509,1,"Kristen Green",0,"old cameras, video jumps, enter Horita time",2013,25,1,NA,NA,NA,NA,NA,"rockfish","yelloweye",145,145,37,"AD","","","bad angle no length ","13:59:56",NA,NA
"385","2013_25_1_SL.avi",62356,"34:40.6",NA,NA,NA,12.827,4.111,NA,2697.821,9.807,NA,NA,-329.585,-349.797,-2654.666,1,"Kristen Green",0,"old cameras, video jumps, enter Horita time",2013,25,1,NA,NA,NA,NA,NA,"rockfish","rosethorn",150,150,38,"","","","","14:01:01",NA,NA
"386","2013_25_1_SL.avi",66363,"36:54.3",NA,NA,NA,39.272,9.219,NA,4313.129,24.279,NA,NA,-1644.783,619.394,-3938.797,1,"Kristen Green",0,"old cameras, video jumps, enter Horita time",2013,25,1,NA,NA,NA,NA,NA,"rockfish","rosethorn",150,150,39,"","","","","14:03:15",NA,NA
"387","2013_25_1_SL.avi",68563,"38:07.7",NA,NA,NA,50.029,7.751,NA,5417.89,13.803,NA,NA,477.461,1142.512,-5274.488,1,"Kristen Green",0,"old cameras, video jumps, enter Horita time",2013,25,1,NA,NA,NA,NA,NA,"rockfish","yelloweye",145,145,40,"AD","actively swimming within frame","","bad angle no length ","14:04:29",NA,NA
"388","2013_25_1_SL.avi",74221,"41:16.5",NA,NA,NA,50.065,5.341,NA,5401.177,12.268,NA,NA,-966.286,560.37,-5284.41,1,"Kristen Green",0,"old cameras, video jumps, enter Horita time",2013,25,1,NA,NA,NA,NA,NA,"rockfish","yelloweye",145,145,41,"AD","actively swimming within frame","","bad angle no length ","14:07:37",NA,NA
"389","2013_25_1_SL.avi",77151,"42:54.3",NA,NA,NA,71.669,0.356,NA,6381.533,15.014,NA,NA,-915.557,1307.686,-6178.647,1,"Kristen Green",0,"old cameras, video jumps, enter Horita time",2013,25,1,NA,NA,NA,NA,NA,"rockfish","yelloweye",145,145,42,"AD","milling/hovering","","","14:09:15",NA,NA
"390","2013_25_1_SL.avi",77471,"43:04.9",NA,NA,631.278,8.007,7.097,4.705,2853.998,7.668,1.397,22.595,305.247,196.162,-2830.839,1,"Kristen Green",0,"old cameras, video jumps, enter Horita time",2013,25,1,NA,NA,NA,NA,NA,"rockfish","yelloweye",145,145,42,"AD","","","","14:09:25",NA,NA
"391","2013_27_1_SL.avi",305,"52:05.2",NA,NA,NA,12.75,0.728,NA,2565.795,16.863,NA,NA,743.246,-67.289,-2454.865,1,"Jenny Stahl",0,"old cameras, start at 15:55:04, frame 01",2013,27,1,NA,NA,NA,NA,NA,"rockfish","canary",146,146,1,"","","","","15:55:04",NA,NA
"392","2013_27_1_SL.avi",1350,"52:40.0",NA,NA,NA,151.767,2.068,NA,8323.796,26.452,NA,NA,3392.075,1414.07,-7468.589,1,"Jenny Stahl",0,"old cameras, start at 15:55:04, frame 01",2013,27,1,NA,NA,NA,NA,NA,"rockfish","",NA,NA,3,"","","","Probably canary-too far to confirm","15:55:38",NA,NA
"393","2013_27_1_SL.avi",1355,"52:40.2",NA,NA,NA,45.437,0.845,NA,4984.369,15.472,NA,NA,1078.158,724.569,-4812.122,1,"Jenny Stahl",0,"old cameras, start at 15:55:04, frame 01",2013,27,1,NA,NA,NA,NA,NA,"rockfish","canary",146,146,2,"","","","","15:55:39",NA,NA
"394","2013_27_1_SL.avi",2099,"53:05.0",NA,NA,NA,44.956,5.159,NA,4890.964,17.659,NA,NA,1439.334,307.902,-4664.23,1,"Jenny Stahl",0,"old cameras, start at 15:55:04, frame 01",2013,27,1,NA,NA,NA,NA,NA,"ratfish","ratfish",714,714,4,"","","","","15:56:03",NA,NA
"395","2013_27_1_SL.avi",2572,"53:20.8",NA,NA,NA,53.835,8.313,NA,5817.054,8.909,NA,NA,-411.094,737.506,-5755.45,1,"Jenny Stahl",0,"old cameras, start at 15:55:04, frame 01",2013,27,1,NA,NA,NA,NA,NA,"rockfish","rosethorn",150,150,5,"","","","","15:56:19",NA,NA
"396","2013_27_1_SL.avi",6838,"55:43.2",NA,NA,NA,5.239,0.264,NA,1667.914,9.469,NA,NA,42.725,-289.385,-1642.063,1,"Jenny Stahl",0,"old cameras, start at 15:55:04, frame 01",2013,27,1,NA,NA,NA,NA,NA,"rockfish","greenstripe",135,135,6,"","","","","15:55:42",NA,NA
"397","2013_27_1_SL.avi",9853,"57:23.8",NA,NA,NA,37.725,6.73,NA,4552.023,15.396,NA,NA,-958.231,687.456,-4396.602,1,"Jenny Stahl",0,"old cameras, start at 15:55:04, frame 01",2013,27,1,NA,NA,NA,NA,NA,"ratfish","ratfish",714,714,7,"","","","","16:00:22",NA,NA
"398","2013_27_1_SL.avi",11288,"58:11.6",NA,NA,NA,15.332,3.227,NA,2689.036,22.155,NA,NA,982.879,-277.301,-2487.563,1,"Jenny Stahl",0,"old cameras, start at 15:55:04, frame 01",2013,27,1,NA,NA,NA,NA,NA,"ratfish","ratfish",714,714,8,"","","","","16:01:10",NA,NA
"399","2013_27_1_SL.avi",12764,"59:00.9",NA,NA,NA,37.894,5.12,NA,4498.123,17.196,NA,NA,1281.971,305.605,-4300.728,1,"Jenny Stahl",0,"old cameras, start at 15:55:04, frame 01",2013,27,1,NA,NA,NA,NA,NA,"ratfish","ratfish",714,714,9,"","","","","16:01:59",NA,NA
"400","2013_27_1_SL.avi",18861,"02:24.3",NA,NA,NA,101.709,1.245,NA,6972.966,23.446,NA,NA,2469.415,1193.243,-6410.961,1,"Jenny Stahl",0,"old cameras, start at 15:55:04, frame 01",2013,27,1,NA,NA,NA,NA,NA,"ratfish","ratfish",714,714,10,"","","","","16:05:23",NA,NA
"401","2013_27_1_SL.avi",22240,"04:17.1",NA,NA,NA,14.602,3.673,NA,2638.634,20.927,NA,NA,869.196,-391.765,-2460.368,1,"Jenny Stahl",0,"old cameras, start at 15:55:04, frame 01",2013,27,1,NA,NA,NA,NA,NA,"ratfish","ratfish",714,714,11,"","","","","16:07:15",NA,NA
"402","2013_27_1_SL.avi",22682,"04:31.8",NA,NA,NA,30.715,1.995,NA,4268.802,10.489,NA,NA,706.386,277.204,-4200.815,1,"Jenny Stahl",0,"old cameras, start at 15:55:04, frame 01",2013,27,1,NA,NA,NA,NA,NA,"ratfish","ratfish",714,714,12,"","","","","16:07:30",NA,NA
"403","2013_27_1_SL.avi",24251,"05:24.2",NA,NA,NA,16.607,5.833,NA,3204.351,6.011,NA,NA,279.97,149.482,-3188.595,1,"Jenny Stahl",0,"old cameras, start at 15:55:04, frame 01",2013,27,1,NA,NA,NA,NA,NA,"ratfish","ratfish",714,714,13,"","","","","16:08:22",NA,NA
"404","2013_27_1_SL.avi",26101,"06:25.9",NA,NA,199.704,10.693,0.937,4.355,1486.141,20.107,70.339,25.958,278.184,-444.044,-1390.702,1,"Jenny Stahl",0,"old cameras, start at 15:55:04, frame 01",2013,27,1,NA,NA,NA,NA,NA,"halibut","halibut",200,200,14,"","","","Juvenile","16:09:24",NA,NA
"405","2013_27_1_SL.avi",26159,"06:27.8",NA,NA,NA,5.435,2.619,NA,1555.944,24.187,NA,NA,464.506,-452.414,-1414.396,1,"Jenny Stahl",0,"old cameras, start at 15:55:04, frame 01",2013,27,1,NA,NA,NA,NA,NA,"halibut","halibut",200,200,14,"","","","Juvenile","16:09:26",NA,NA
"406","2013_27_1_SL.avi",27950,"07:27.6",NA,NA,NA,58.249,5.895,NA,5346.188,21.778,NA,NA,1801.416,774.733,-4973.572,1,"Jenny Stahl",0,"old cameras, start at 15:55:04, frame 01",2013,27,1,NA,NA,NA,NA,NA,"ratfish","ratfish",714,714,15,"","","","","16:10:26",NA,NA
"407","2013_27_1_SL.avi",29776,"08:28.5",NA,NA,NA,31.922,3.974,NA,3902.637,23.593,NA,NA,1556.564,-169.738,-3574.755,1,"Jenny Stahl",0,"old cameras, start at 15:55:04, frame 01",2013,27,1,NA,NA,NA,NA,NA,"ratfish","ratfish",714,714,16,"","","","","16:11:27",NA,NA
"408","2013_27_1_SL.avi",31438,"09:24.0",NA,NA,NA,10.278,0.612,NA,2450.077,6.967,NA,NA,19.232,-323.648,-2428.53,1,"Jenny Stahl",0,"old cameras, start at 15:55:04, frame 01",2013,27,1,NA,NA,NA,NA,NA,"halibut","halibut",200,200,17,"","","","Juvenile; No length-bad lighting","16:12:22",NA,NA
"409","2013_27_1_SL.avi",35356,"11:34.7",NA,NA,NA,24.292,9.143,NA,3744.679,12.011,NA,NA,-728.814,234.99,-3665.547,1,"Jenny Stahl",0,"old cameras, start at 15:55:04, frame 01",2013,27,1,NA,NA,NA,NA,NA,"cod","",9991,9991,18,"","","","","16:14:33",NA,NA
"410","2013_27_1_SL.avi",36221,"12:03.6",NA,NA,NA,14.799,0.881,NA,2767.903,17.825,NA,NA,-844.801,35.41,-2635.591,1,"Jenny Stahl",0,"old cameras, start at 15:55:04, frame 01",2013,27,1,NA,NA,NA,NA,NA,"cod","",9991,9991,19,"","","","","16:15:02",NA,NA
"411","2013_27_1_SL.avi",37562,"12:48.3",NA,NA,NA,26.539,4.58,NA,3930.149,11.606,NA,NA,-712.015,300.86,-3853.387,1,"Jenny Stahl",0,"old cameras, start at 15:55:04, frame 01",2013,27,1,NA,NA,NA,NA,NA,"ratfish","ratfish",714,714,20,"","","","","16:15:47",NA,NA
"412","2013_27_1_SL.avi",37776,"12:55.5",NA,NA,NA,23.856,3.021,NA,3684.183,12.02,NA,NA,762.011,-129.488,-3602.19,1,"Jenny Stahl",0,"old cameras, start at 15:55:04, frame 01",2013,27,1,NA,NA,NA,NA,NA,"ratfish","ratfish",714,714,21,"","","","","16:15:54",NA,NA
"413","2013_27_1_SL.avi",38994,"13:36.1",NA,NA,NA,20.429,4.853,NA,3496.67,8.842,NA,NA,-537.406,-45.336,-3454.828,1,"Jenny Stahl",0,"old cameras, start at 15:55:04, frame 01",2013,27,1,NA,NA,NA,NA,NA,"ratfish","ratfish",714,714,22,"","","","","16:16:34",NA,NA
"414","2013_27_1_SL.avi",40409,"14:23.3",NA,NA,NA,8.991,4.392,NA,2296.319,5.508,NA,NA,-216.372,-67.451,-2285.107,1,"Jenny Stahl",0,"old cameras, start at 15:55:04, frame 01",2013,27,1,NA,NA,NA,NA,NA,"ratfish","ratfish",714,714,23,"","","","","16:17:22",NA,NA
"415","2013_27_1_SL.avi",40782,"14:35.8",NA,NA,NA,17.43,0.929,NA,3352.177,0.868,NA,NA,-50.711,-40.21,-3351.552,1,"Jenny Stahl",0,"old cameras, start at 15:55:04, frame 01",2013,27,1,NA,NA,NA,NA,NA,"ratfish","ratfish",714,714,24,"","","","","16:17:34",NA,NA
"416","2013_27_1_SL.avi",41117,"14:46.9",NA,NA,NA,11.021,0.187,NA,2220.649,26.344,NA,NA,-971.871,-185.103,-1988.086,1,"Jenny Stahl",0,"old cameras, start at 15:55:04, frame 01",2013,27,1,NA,NA,NA,NA,NA,"ratfish","ratfish",714,714,25,"","","","","16:17:45",NA,NA
"417","2013_27_1_SL.avi",42066,"15:18.6",NA,NA,NA,23.048,7.885,NA,3823.639,5.766,NA,NA,-317.793,173.437,-3806.46,1,"Jenny Stahl",0,"old cameras, start at 15:55:04, frame 01",2013,27,1,NA,NA,NA,NA,NA,"ratfish","ratfish",714,714,26,"","","","","16:18:17",NA,NA
"418","2013_27_1_SL.avi",42790,"15:42.8",NA,NA,NA,7.775,6.973,NA,1969.699,17.507,NA,NA,360.381,-491.252,-1873.101,1,"Jenny Stahl",0,"old cameras, start at 15:55:04, frame 01",2013,27,1,NA,NA,NA,NA,NA,"ratfish","ratfish",714,714,27,"","","","","16:18:41",NA,NA
"419","2013_27_1_SL.avi",44014,"16:23.6",NA,NA,NA,19.983,1.793,NA,3522.01,5.029,NA,NA,245.192,-226.753,-3506.14,1,"Jenny Stahl",0,"old cameras, start at 15:55:04, frame 01",2013,27,1,NA,NA,NA,NA,NA,"ratfish","ratfish",714,714,28,"","","","","16:19:22",NA,NA
"420","2013_27_1_SL.avi",46393,"17:43.0",NA,NA,240.383,21.08,0.969,1.686,2140.687,10.697,69.999,31.255,-76.316,-413.383,-2099.007,1,"Jenny Stahl",0,"old cameras, start at 15:55:04, frame 01",2013,27,1,NA,NA,NA,NA,NA,"halibut","halibut",200,200,29,"","","","Juvenile","16:20:41",NA,NA
"421","2013_27_1_SL.avi",46397,"17:43.1",NA,NA,NA,8.635,1.735,NA,2201.294,9.325,NA,NA,-116.52,-361.32,-2168.309,1,"Jenny Stahl",0,"old cameras, start at 15:55:04, frame 01",2013,27,1,NA,NA,NA,NA,NA,"halibut","halibut",200,200,29,"","","","juvenile","16:20:41",NA,NA
"422","2013_27_1_SL.avi",47258,"18:11.8",NA,NA,371.235,26.874,0.66,6.914,2312.618,23.109,65.11,22.113,843.636,-358.506,-2123.195,1,"Jenny Stahl",0,"old cameras, start at 15:55:04, frame 01",2013,27,1,NA,NA,NA,NA,NA,"halibut","halibut",200,200,30,"","","","Juvenile","16:21:10",NA,NA
"423","2013_27_1_SL.avi",47271,"18:12.3",NA,NA,NA,11.421,3.522,NA,2271.728,23.948,NA,NA,837.846,-408.198,-2071.747,1,"Jenny Stahl",0,"old cameras, start at 15:55:04, frame 01",2013,27,1,NA,NA,NA,NA,NA,"halibut","halibut",200,200,30,"","","","Juvenile","16:21:11",NA,NA
"424","2013_27_1_SL.avi",47529,"18:20.9",NA,NA,NA,23.562,1.229,NA,3650.87,13.079,NA,NA,-747.388,312.443,-3559.865,1,"Jenny Stahl",0,"old cameras, start at 15:55:04, frame 01",2013,27,1,NA,NA,NA,NA,NA,"ratfish","ratfish",714,714,31,"","","","","16:21:19",NA,NA
"425","2013_27_1_SL.avi",47856,"18:31.8",NA,NA,NA,8.629,2.35,NA,2018.32,20.722,NA,NA,-672.469,-261.473,-1884.949,1,"Jenny Stahl",0,"old cameras, start at 15:55:04, frame 01",2013,27,1,NA,NA,NA,NA,NA,"ratfish","ratfish",714,714,32,"","","","","16:21:30",NA,NA
"426","2013_27_1_SL.avi",47895,"18:33.1",NA,NA,NA,38.345,2.993,NA,4757.483,11.369,NA,NA,-690.185,582.881,-4670.925,1,"Jenny Stahl",0,"old cameras, start at 15:55:04, frame 01",2013,27,1,NA,NA,NA,NA,NA,"ratfish","ratfish",714,714,33,"","","","","16:21:31",NA,NA
"427","2013_27_1_SL.avi",52101,"20:53.4",NA,NA,NA,39.231,0.216,NA,4960.242,7.705,NA,NA,484.297,400.973,-4920.231,1,"Jenny Stahl",0,"old cameras, start at 15:55:04, frame 01",2013,27,1,NA,NA,NA,NA,NA,"ratfish","ratfish",714,714,34,"","","","","16:23:52",NA,NA
"428","2013_27_1_SL.avi",52472,"21:05.8",NA,NA,NA,17.224,0.918,NA,3189.428,8.871,NA,NA,491.773,-43.493,-3150.987,1,"Jenny Stahl",0,"old cameras, start at 15:55:04, frame 01",2013,27,1,NA,NA,NA,NA,NA,"ratfish","ratfish",714,714,35,"","","","","16:24:04",NA,NA
"429","2013_27_1_SL.avi",52871,"21:19.1",NA,NA,250.473,21.752,1.472,4.74,2099.71,15.065,72.5,26.164,-390.057,-404.275,-2023.165,1,"Jenny Stahl",0,"old cameras, start at 15:55:04, frame 01",2013,27,1,NA,NA,NA,NA,NA,"halibut","halibut",200,200,36,"","","","Juvenile","16:24:17",NA,NA
"430","2013_27_1_SL.avi",52889,"21:19.7",NA,NA,NA,7.643,4.239,NA,1918.148,19.313,NA,NA,-483.811,-430.496,-1805.517,1,"Jenny Stahl",0,"old cameras, start at 15:55:04, frame 01",2013,27,1,NA,NA,NA,NA,NA,"halibut","halibut",200,200,36,"","","","juvenile","16:24:18",NA,NA
"431","2013_27_1_SL.avi",53128,"21:27.7",NA,NA,NA,7.192,2.603,NA,1843.842,20.86,NA,NA,-474.377,-473.118,-1717.813,1,"Jenny Stahl",0,"old cameras, start at 15:55:04, frame 01",2013,27,1,NA,NA,NA,NA,NA,"halibut","halibut",200,200,37,"","","No length-cant see all","Juvenile","16:24:26",NA,NA
"432","2013_27_1_SL.avi",56884,"23:33.0",NA,NA,NA,20.619,6.536,NA,3640.923,4.568,NA,NA,-153.003,205.819,-3631.879,1,"Jenny Stahl",0,"old cameras, start at 15:55:04, frame 01",2013,27,1,NA,NA,NA,NA,NA,"ratfish","ratfish",714,714,38,"","","","","16:26:31",NA,NA
"433","2013_27_1_SL.avi",56981,"23:36.3",NA,NA,NA,24.144,3.567,NA,3443.017,22.112,NA,NA,1291.251,75.425,-3190.822,1,"Jenny Stahl",0,"old cameras, start at 15:55:04, frame 01",2013,27,1,NA,NA,NA,NA,NA,"ratfish","ratfish",714,714,39,"","","","","16:26:35",NA,NA
"434","2013_27_1_SL.avi",58065,"24:12.4",NA,NA,NA,12.639,5.846,NA,2560.095,15.756,NA,NA,671.546,-207.147,-2461.748,1,"Jenny Stahl",0,"old cameras, start at 15:55:04, frame 01",2013,27,1,NA,NA,NA,NA,NA,"flatfish","flatfish",10006,10006,40,"","","","","16:27:11",NA,NA
"435","2013_29_1_SL.avi",36301,"18:33.2",NA,NA,NA,37.512,3.895,NA,4246.294,24.145,NA,NA,1728.159,131.024,-3876.507,1,"Jenny Stahl",0,"old cameras",2013,29,1,NA,NA,NA,NA,NA,"ratfish","ratfish",714,714,4,"","","","","",NA,NA
"436","2013_29_1_SL.avi",39977,"20:35.9",NA,NA,NA,5.881,2.973,NA,1604.084,24.96,NA,NA,558.815,-398.199,-1449.913,1,"Jenny Stahl",0,"old cameras",2013,29,1,NA,NA,NA,NA,NA,"flatfish","",NA,NA,3,"","","","Rock Sole?","",NA,NA
"437","2013_29_1_SL.avi",51095,"26:46.9",NA,NA,NA,6.204,1.434,NA,1816.15,11.184,NA,NA,-155.121,-336.094,-1778.027,1,"Jenny Stahl",0,"old cameras",2013,29,1,NA,NA,NA,NA,NA,"flatfish","",NA,NA,5,"","","","Rock sole?","",NA,NA
"438","2013_29_1_SL.avi",53999,"28:23.8",NA,NA,NA,22.779,8.713,NA,3302.791,24.229,NA,NA,-1352.589,53.845,-3012.645,1,"Jenny Stahl",0,"old cameras",2013,29,1,NA,NA,NA,NA,NA,"ratfish","ratfish",714,714,6,"","","","","",NA,NA
"439","2013_29_1_SL.avi",55402,"29:10.6",NA,NA,NA,20.825,4.88,NA,3419.308,13.524,NA,NA,-779.252,142.259,-3326.289,1,"Jenny Stahl",0,"old cameras",2013,29,1,NA,NA,NA,NA,NA,"ratfish","ratfish",714,714,7,"","","","","",NA,NA
"440","2013_29_1_SL.avi",58991,"31:10.3",NA,NA,NA,17.455,2.452,NA,3180.844,14.396,NA,NA,-100.843,749.981,-3089.519,1,"Jenny Stahl",0,"old cameras",2013,29,1,NA,NA,NA,NA,NA,"rockfish","canary",146,146,8,"","","","","",NA,NA
"441","2013_29_1_SL.avi",59004,"31:10.8",NA,NA,NA,64.31,8.551,NA,5334.677,28.345,NA,NA,2283.64,1043.096,-4706.986,1,"Jenny Stahl",0,"old cameras",2013,29,1,NA,NA,NA,NA,NA,"rockfish","canary",146,146,9,"","","","","",NA,NA
"442","2013_29_1_SL.avi",59015,"31:11.1",NA,NA,NA,101.538,5.293,NA,7120.617,21.591,NA,NA,1941.259,1685.929,-6640.206,1,"Jenny Stahl",0,"old cameras",2013,29,1,NA,NA,NA,NA,NA,"rockfish","canary",146,146,10,"","","","","",NA,NA
"443","2013_29_1_SL.avi",59292,"31:20.4",NA,NA,NA,71.172,4.878,NA,6529.074,14.191,NA,NA,346.228,1492.096,-6346.856,1,"Jenny Stahl",0,"old cameras",2013,29,1,NA,NA,NA,NA,NA,"rockfish","canary",146,146,11,"","","","","",NA,NA
"444","2013_29_1_SL.avi",59413,"31:24.4",NA,NA,NA,69.571,7.943,NA,6343.904,15.301,NA,NA,602.03,1493.754,-6136.072,1,"Jenny Stahl",0,"old cameras",2013,29,1,NA,NA,NA,NA,NA,"rockfish","canary",146,146,12,"","","","","",NA,NA
"445","2013_29_1_SL.avi",59576,"31:29.9",NA,NA,NA,78.269,12.306,NA,6047.998,25.501,NA,NA,-2246.635,1255.251,-5473.14,1,"Jenny Stahl",0,"old cameras",2013,29,1,NA,NA,NA,NA,NA,"rockfish","canary",146,146,13,"","","","","",NA,NA
"446","2013_29_1_SL.avi",59757,"31:35.9",NA,NA,NA,46.269,0.084,NA,5181.438,12.181,NA,NA,940.03,501.794,-5070.685,1,"Jenny Stahl",0,"old cameras",2013,29,1,NA,NA,NA,NA,NA,"ratfish","ratfish",714,714,14,"","","","","",NA,NA
"447","2013_29_1_SL.avi",60344,"31:55.5",NA,NA,NA,63.494,4.11,NA,5721.608,20.761,NA,NA,-2006.507,236.019,-5353.039,1,"Jenny Stahl",0,"old cameras",2013,29,1,NA,NA,NA,NA,NA,"ratfish","ratfish",714,714,15,"","","","","",NA,NA
"448","2013_29_1_SL.avi",60642,"32:05.4",NA,NA,NA,8.147,9.047,NA,1972.757,22.678,NA,NA,412.206,-659.467,-1812.997,1,"Jenny Stahl",0,"old cameras",2013,29,1,NA,NA,NA,NA,NA,"ratfish","ratfish",714,714,16,"","","","","",NA,NA
"449","2013_29_1_SL.avi",68993,"36:44.1",NA,NA,NA,68.82,8.637,NA,5771.743,23.457,NA,NA,-2169.139,698.107,-5302.876,1,"Jenny Stahl",0,"old cameras",2013,29,1,NA,NA,NA,NA,NA,"ratfish","ratfish",714,714,17,"","","","","",NA,NA
"450","2013_31_1_SL.avi",1126,"43:16.6",NA,NA,NA,28.721,1.634,NA,3883.422,19.517,NA,NA,712.037,1043.661,-3672.158,1,"Jenny Stahl",0,"old cameras",2013,31,1,NA,NA,NA,NA,NA,"rockfish","yelloweye",145,145,1,"AD","milling","","","",NA,NA
"451","2013_31_1_SL.avi",1227,"43:19.9",NA,NA,542.977,13.042,9.354,9.878,2259.983,16.59,25.943,17.722,197.927,-638.292,-2158.919,1,"Jenny Stahl",0,"old cameras",2013,31,1,NA,NA,NA,NA,NA,"rockfish","yelloweye",145,145,1,"AD","","","","",NA,NA
"452","2013_31_1_SL.avi",1732,"43:36.8",NA,NA,NA,13.123,2.97,NA,2588.891,17.358,NA,NA,-527.267,-591.892,-2464.55,1,"Jenny Stahl",0,"old cameras",2013,31,1,NA,NA,NA,NA,NA,"rockfish","rosethorn",150,150,2,"","","","","",NA,NA
"453","2013_31_1_SL.avi",2388,"43:58.7",NA,NA,NA,16.594,0.918,NA,2748.867,25.375,NA,NA,-949.638,-724.672,-2475.744,1,"Jenny Stahl",0,"old cameras",2013,31,1,NA,NA,NA,NA,NA,"rockfish","rosethorn",150,150,3,"","","","","",NA,NA
"454","2013_31_1_SL.avi",2641,"44:07.1",NA,NA,NA,10.957,3.467,NA,2452.153,12.431,NA,NA,-254.492,-489.114,-2389.363,1,"Jenny Stahl",0,"old cameras",2013,31,1,NA,NA,NA,NA,NA,"rockfish","rosethorn",150,150,4,"","","","","",NA,NA
"455","2013_31_1_SL.avi",3099,"44:22.4",NA,NA,NA,21.372,0.1,NA,3714.988,4.014,NA,NA,-194.573,131.245,-3707.567,1,"Jenny Stahl",0,"old cameras",2013,31,1,NA,NA,NA,NA,NA,"rockfish","rosethorn",150,150,5,"","","","","",NA,NA
"456","2013_31_1_SL.avi",3271,"44:28.1",NA,NA,NA,67.789,6.319,NA,5743.965,23.993,NA,NA,2335.315,-17.342,-5247.774,1,"Jenny Stahl",0,"old cameras",2013,31,1,NA,NA,NA,NA,NA,"rockfish","rosethorn",150,150,6,"","","","","",NA,NA
"457","2013_31_1_SL.avi",3738,"44:43.7",NA,NA,NA,7.527,6.142,NA,1992.014,12.97,NA,NA,249.348,-392.723,-1936.934,1,"Jenny Stahl",0,"old cameras",2013,31,1,NA,NA,NA,NA,NA,"rockfish","rosethorn",150,150,7,"","","","","",NA,NA
"458","2013_31_1_SL.avi",5074,"45:28.3",NA,NA,NA,16.457,3.421,NA,3081.628,9.987,NA,NA,528.666,-112.026,-3033.874,1,"Jenny Stahl",0,"old cameras",2013,31,1,NA,NA,NA,NA,NA,"rockfish","rosethorn",150,150,8,"","","","","",NA,NA
"459","2013_31_1_SL.avi",5518,"45:43.1",NA,NA,NA,28.697,1.167,NA,4100.449,11.472,NA,NA,-768.986,226.72,-4021.311,1,"Jenny Stahl",0,"old cameras",2013,31,1,NA,NA,NA,NA,NA,"rockfish","rosethorn",150,150,9,"","","","","",NA,NA
"460","2013_31_1_SL.avi",7470,"46:48.2",NA,NA,NA,19.537,5.551,NA,3124.417,20.383,NA,NA,-1085.138,-114.104,-2927.702,1,"Jenny Stahl",0,"old cameras",2013,31,1,NA,NA,NA,NA,NA,"rockfish","rosethorn",150,150,10,"","","","","",NA,NA
"461","2013_31_1_SL.avi",7470,"46:48.2",NA,NA,NA,32.748,7.042,NA,4649.263,4.574,NA,NA,-156.7,284.356,-4637.913,1,"Jenny Stahl",0,"old cameras",2013,31,1,NA,NA,NA,NA,NA,"rockfish","rosethorn",150,150,11,"","","","","",NA,NA
"462","2013_31_1_SL.avi",7528,"46:50.2",NA,NA,NA,17.721,1.364,NA,3313.895,4.644,NA,NA,180.425,-235.39,-3300.597,1,"Jenny Stahl",0,"old cameras",2013,31,1,NA,NA,NA,NA,NA,"rockfish","rosethorn",150,150,12,"","","","","",NA,NA
"463","2013_31_1_SL.avi",7693,"46:55.7",NA,NA,NA,24.689,0.292,NA,3513.112,20.463,NA,NA,-803.477,-965.528,-3280.874,1,"Jenny Stahl",0,"old cameras",2013,31,1,NA,NA,NA,NA,NA,"rockfish","rosethorn",150,150,13,"","","","","",NA,NA
"464","2013_31_1_SL.avi",8439,"47:20.6",NA,NA,NA,45.711,0.115,NA,5302.129,9.193,NA,NA,-655.216,478.457,-5239.69,1,"Jenny Stahl",0,"old cameras",2013,31,1,NA,NA,NA,NA,NA,"rockfish","rosethorn",150,150,14,"","","","","",NA,NA
"465","2013_31_1_SL.avi",8439,"47:20.6",NA,NA,NA,56.306,1.336,NA,5431.642,19.224,NA,NA,1772.137,183.687,-5131.133,1,"Jenny Stahl",0,"old cameras",2013,31,1,NA,NA,NA,NA,NA,"rockfish","rosethorn",150,150,15,"","","","","",NA,NA
"466","2013_31_1_SL.avi",9623,"48:00.1",NA,NA,NA,41.579,7.213,NA,4333.649,30.146,NA,NA,-1585.933,1448.554,-3763.91,1,"Jenny Stahl",0,"old cameras",2013,31,1,NA,NA,NA,NA,NA,"greenling","lingcod",130,130,16,"","","","No length-Can't see whole fish","",NA,NA
"467","2013_31_1_SL.avi",9951,"48:11.0",NA,NA,NA,13.959,7.149,NA,2539.489,24.134,NA,NA,-1017.999,-230.175,-2315.104,1,"Jenny Stahl",0,"old cameras",2013,31,1,NA,NA,NA,NA,NA,"rockfish","rosethorn",150,150,17,"","","","","",NA,NA
"468","2013_31_1_SL.avi",10045,"48:14.2",NA,NA,NA,26.966,4.29,NA,4117.915,7.869,NA,NA,164.292,493.799,-4084.899,1,"Jenny Stahl",0,"old cameras",2013,31,1,NA,NA,NA,NA,NA,"rockfish","rosethorn",150,150,18,"","","","","",NA,NA
"469","2013_31_1_SL.avi",10045,"48:14.2",NA,NA,NA,59.404,2.777,NA,5956.493,11.651,NA,NA,630.337,959.449,-5844.821,1,"Jenny Stahl",0,"old cameras",2013,31,1,NA,NA,NA,NA,NA,"rockfish","rosethorn",150,150,19,"","","","","",NA,NA
"470","2013_31_1_SL.avi",10269,"48:21.6",NA,NA,NA,36.904,6.87,NA,4654.402,11.654,NA,NA,-686.506,591.547,-4565.33,1,"Jenny Stahl",0,"old cameras",2013,31,1,NA,NA,NA,NA,NA,"rockfish","rosethorn",150,150,20,"","","","","",NA,NA
"471","2013_31_1_SL.avi",10374,"48:25.2",NA,NA,NA,83.327,6.71,NA,6518.457,22.81,NA,NA,1362.159,2061.33,-6032.057,1,"Jenny Stahl",0,"old cameras",2013,31,1,NA,NA,NA,NA,NA,"rockfish","yelloweye",145,145,21,"AD","milling","","","",NA,NA
"472","2013_31_1_SL.avi",10478,"48:28.6",NA,NA,NA,54.599,6.731,NA,5141.025,24.423,NA,NA,1431.529,1519.084,-4698.217,1,"Jenny Stahl",0,"old cameras",2013,31,1,NA,NA,NA,NA,NA,"rockfish","yelloweye",145,145,22,"AD","milling","","","",NA,NA
"473","2013_31_1_SL.avi",10530,"48:30.4",NA,NA,492.026,51.897,4.438,0.296,4558.451,27.625,16.589,20.018,1592.818,1344.374,-4054.019,1,"Jenny Stahl",0,"old cameras",2013,31,1,NA,NA,NA,NA,NA,"rockfish","yelloweye",145,145,22,"AD","","","","",NA,NA
"474","2013_31_1_SL.avi",10591,"48:32.4",NA,NA,NA,40.375,0.084,NA,4819.246,12.525,NA,NA,844.697,562.957,-4711.125,1,"Jenny Stahl",0,"old cameras",2013,31,1,NA,NA,NA,NA,NA,"rockfish","rosethorn",150,150,23,"","","","","",NA,NA
"475","2013_31_1_SL.avi",10600,"48:32.7",NA,NA,495.385,41.348,4.097,1.709,4019.739,23.448,19.186,9.603,1236.769,973.162,-3698.873,1,"Jenny Stahl",0,"old cameras",2013,31,1,NA,NA,NA,NA,NA,"rockfish","yelloweye",145,145,21,"AD","","","","",NA,NA
"476","2013_31_1_SL.avi",11077,"48:48.6",NA,NA,NA,41.395,17.625,NA,4752.545,16.83,NA,NA,-1369.151,86.801,-4550.228,1,"Jenny Stahl",0,"old cameras",2013,31,1,NA,NA,NA,NA,NA,"ratfish","ratfish",714,714,24,"","","","","",NA,NA
"477","2013_31_1_SL.avi",11581,"49:05.4",NA,NA,NA,40.647,7.813,NA,4322.946,27.386,NA,NA,1450.97,1316.825,-3853.378,1,"Jenny Stahl",0,"old cameras",2013,31,1,NA,NA,NA,NA,NA,"rockfish","yellowtail",155,155,25,"","","","school >50","",NA,NA
"478","2013_31_1_SL.avi",11581,"49:05.4",NA,NA,NA,64.903,4.031,NA,5647.399,23.907,NA,NA,1463.161,1702.126,-5182.185,1,"Jenny Stahl",0,"old cameras",2013,31,1,NA,NA,NA,NA,NA,"rockfish","yellowtail",155,155,26,"","","","school >50","",NA,NA
"479","2013_31_1_SL.avi",11581,"49:05.4",NA,NA,NA,28.413,4.411,NA,3925.914,20.872,NA,NA,-439.639,1286.879,-3682.86,1,"Jenny Stahl",0,"old cameras",2013,31,1,NA,NA,NA,NA,NA,"rockfish","yellowtail",155,155,27,"","","","shool >50","",NA,NA
"480","2013_31_1_SL.avi",11581,"49:05.4",NA,NA,NA,38.816,9.543,NA,4704.683,19.731,NA,NA,-192.445,1527.195,-4445.748,1,"Jenny Stahl",0,"old cameras",2013,31,1,NA,NA,NA,NA,NA,"rockfish","yellowtail",155,155,28,"","","","school >50","",NA,NA
"481","2013_31_1_SL.avi",11826,"49:13.6",NA,NA,NA,6.718,2.975,NA,1785.767,20.34,NA,NA,548.858,271.231,-1677.543,1,"Jenny Stahl",0,"old cameras",2013,31,1,NA,NA,NA,NA,NA,"rockfish","yellowtail",155,155,29,"","","","school >50","",NA,NA
"482","2013_31_1_SL.avi",11826,"49:13.6",NA,NA,NA,33.402,4.926,NA,4108.575,20.761,NA,NA,1007.225,1008.997,-3853.286,1,"Jenny Stahl",0,"old cameras",2013,31,1,NA,NA,NA,NA,NA,"rockfish","yellowtail",155,155,30,"","","","school >50","",NA,NA
"483","2013_31_1_SL.avi",11826,"49:13.6",NA,NA,NA,29.968,8.096,NA,3643.804,28.176,NA,NA,1465.928,864.885,-3221.853,1,"Jenny Stahl",0,"old cameras",2013,31,1,NA,NA,NA,NA,NA,"rockfish","yellowtail",155,155,31,"","","","school >50","",NA,NA
"484","2013_31_1_SL.avi",12498,"49:36.0",NA,NA,NA,6.486,11.874,NA,1941.097,1.416,NA,NA,16.16,23.54,-1940.887,1,"Jenny Stahl",0,"old cameras",2013,31,1,NA,NA,NA,NA,NA,"rockfish","yellowtail",155,155,32,"","","","school >50","",NA,NA
"485","2013_31_1_SL.avi",12816,"49:46.6",NA,NA,NA,49.263,1.903,NA,4899.177,23.457,NA,NA,1932.099,214.584,-4496.986,1,"Jenny Stahl",0,"old cameras",2013,31,1,NA,NA,NA,NA,NA,"rockfish","yellowtail",155,155,33,"","","","school >50","",NA,NA
"486","2013_31_1_SL.avi",13163,"49:58.2",NA,NA,NA,34.701,4.368,NA,3920.291,30.307,NA,NA,-1584.65,1146.554,-3397.496,1,"Jenny Stahl",0,"old cameras",2013,31,1,NA,NA,NA,NA,NA,"rockfish","yellowtail",155,155,34,"","","","school >50","",NA,NA
"487","2013_31_1_SL.avi",13208,"49:59.7",NA,NA,NA,34.291,2.618,NA,4262.864,18.329,NA,NA,-1329.723,125.161,-4048.232,1,"Jenny Stahl",0,"old cameras",2013,31,1,NA,NA,NA,NA,NA,"rockfish","yellowtail",155,155,35,"","","","school >50","",NA,NA
"488","2013_31_1_SL.avi",13782,"50:18.9",NA,NA,NA,26.498,3.137,NA,3554.66,22.141,NA,NA,-1238.575,-547.271,-3286.645,1,"Jenny Stahl",0,"old cameras",2013,31,1,NA,NA,NA,NA,NA,"rockfish","rosethorn",150,150,36,"","","","","",NA,NA
"489","2013_31_1_SL.avi",14039,"50:27.4",NA,NA,NA,20.569,0.516,NA,3237.12,17.624,NA,NA,-824.436,-564.402,-3079.074,1,"Jenny Stahl",0,"old cameras",2013,31,1,NA,NA,NA,NA,NA,"rockfish","rosethorn",150,150,37,"","","","","",NA,NA
"490","2013_31_1_SL.avi",14340,"50:37.5",NA,NA,NA,17.243,2.119,NA,3210.607,7.825,NA,NA,136.012,-450.838,-3175.885,1,"Jenny Stahl",0,"old cameras",2013,31,1,NA,NA,NA,NA,NA,"rockfish","rosethorn",150,150,38,"","","","","",NA,NA
"491","2013_31_1_SL.avi",14586,"50:45.7",NA,NA,NA,42.567,9.931,NA,5012.943,10.591,NA,NA,910.484,-195.929,-4925.671,1,"Jenny Stahl",0,"old cameras",2013,31,1,NA,NA,NA,NA,NA,"rockfish","rosethorn",150,150,39,"","","","","",NA,NA
"492","2013_31_1_SL.avi",14933,"50:57.3",NA,NA,NA,67.875,2.731,NA,6559.749,9.277,NA,NA,-328.497,932.975,-6484.748,1,"Jenny Stahl",0,"old cameras",2013,31,1,NA,NA,NA,NA,NA,"rockfish","tiger",148,148,40,"","","","","",NA,NA
"493","2013_31_1_SL.avi",15041,"51:00.9",NA,NA,NA,23.959,4.403,NA,3670.139,13.418,NA,NA,-739.501,382.596,-3574.448,1,"Jenny Stahl",0,"old cameras",2013,31,1,NA,NA,NA,NA,NA,"rockfish","yellowtail",155,155,42,"","","","","",NA,NA
"494","2013_31_1_SL.avi",15087,"51:02.4",NA,NA,NA,54.427,1.383,NA,5540.444,17.097,NA,NA,-624.82,1445.07,-5312.052,1,"Jenny Stahl",0,"old cameras",2013,31,1,NA,NA,NA,NA,NA,"rockfish","yellowtail",155,155,43,"","","","","",NA,NA
"495","2013_31_1_SL.avi",15532,"51:17.3",NA,NA,NA,33.672,8.644,NA,4138.002,18.315,NA,NA,-1167.533,-616.209,-3921.761,1,"Jenny Stahl",0,"old cameras",2013,31,1,NA,NA,NA,NA,NA,"rockfish","rosethorn",150,150,44,"","","","","",NA,NA
"496","2013_31_1_SL.avi",16901,"52:02.9",NA,NA,NA,10.702,2.385,NA,2533.148,4.912,NA,NA,-211.269,-77.291,-2523.139,1,"Jenny Stahl",0,"old cameras",2013,31,1,NA,NA,NA,NA,NA,"rockfish","rosethorn",150,150,45,"","","","","",NA,NA
"497","2013_31_1_SL.avi",17169,"52:11.9",NA,NA,NA,24.986,5.387,NA,3809.453,11.504,NA,NA,733.136,157.574,-3734.918,1,"Jenny Stahl",0,"old cameras",2013,31,1,NA,NA,NA,NA,NA,"rockfish","rosethorn",150,150,46,"","","","","",NA,NA
"498","2013_31_1_SL.avi",17363,"52:18.3",NA,NA,NA,16.967,1.517,NA,3298.03,2.766,NA,NA,-128.237,57.563,-3295.033,1,"Jenny Stahl",0,"old cameras",2013,31,1,NA,NA,NA,NA,NA,"rockfish","rosethorn",150,150,47,"","","","","",NA,NA
"499","2013_31_1_SL.avi",17793,"52:32.7",NA,NA,NA,52.896,12.494,NA,5696.915,8.741,NA,NA,861.29,-150.503,-5629.42,1,"Jenny Stahl",0,"old cameras",2013,31,1,NA,NA,NA,NA,NA,"rockfish","rosethorn",150,150,48,"","","","","",NA,NA
"500","2013_31_1_SL.avi",17955,"52:38.1",NA,NA,NA,26.192,2.225,NA,3641.579,20.324,NA,NA,1260.578,65.216,-3415.815,1,"Jenny Stahl",0,"old cameras",2013,31,1,NA,NA,NA,NA,NA,"rockfish","rosethorn",150,150,49,"","","","","",NA,NA
"501","2013_31_1_SL.avi",18377,"52:52.2",NA,NA,NA,69.024,3.755,NA,6027.953,17.802,NA,NA,1613.195,827.023,-5748.9,1,"Jenny Stahl",0,"old cameras",2013,31,1,NA,NA,NA,NA,NA,"rockfish","yelloweye",145,145,50,"AD","milling","","","",NA,NA
"502","2013_31_1_SL.avi",18577,"52:58.9",NA,NA,NA,12.996,3.817,NA,2721.31,10.917,NA,NA,125.832,-529.561,-2666.319,1,"Jenny Stahl",0,"old cameras",2013,31,1,NA,NA,NA,NA,NA,"rockfish","rosethorn",150,150,51,"","","","","",NA,NA
"503","2013_31_1_SL.avi",18688,"53:02.6",NA,NA,445.846,15.459,3.567,6.37,2258.427,20.771,29.771,26.539,636.616,-509.523,-2106.087,1,"Jenny Stahl",0,"old cameras",2013,31,1,NA,NA,NA,NA,NA,"rockfish","yelloweye",145,145,50,"AD","","","","",NA,NA
"504","2013_31_1_SL.avi",21181,"54:25.7",NA,NA,NA,9.105,3.637,NA,2187.855,13.362,NA,NA,396.181,-337.852,-2124.996,1,"Jenny Stahl",0,"old cameras",2013,31,1,NA,NA,NA,NA,NA,"rockfish","rosethorn",150,150,52,"","","","","",NA,NA
"505","2013_31_1_SL.avi",21736,"54:44.3",NA,NA,NA,94.385,4.607,NA,7164.091,20.677,NA,NA,-968.748,2261.91,-6728.261,1,"Jenny Stahl",0,"old cameras",2013,31,1,NA,NA,NA,NA,NA,"rockfish","yelloweye",145,145,53,"AD","milling","","","",NA,NA
"506","2013_31_1_SL.avi",21797,"54:46.3",NA,NA,530.676,104.337,9.676,1.566,5650.081,18.679,46.957,39.945,-982.572,1459.781,-5369.079,1,"Jenny Stahl",0,"old cameras",2013,31,1,NA,NA,NA,NA,NA,"rockfish","yelloweye",145,145,53,"AD","","","High Horizontal angle","",NA,NA
"507","2013_31_1_SL.avi",24906,"56:30.0",NA,NA,NA,14.135,3.536,NA,2549.882,25.132,NA,NA,1082.804,-8.932,-2308.539,1,"Jenny Stahl",0,"old cameras",2013,31,1,NA,NA,NA,NA,NA,"rockfish","yelloweye",145,145,55,"AD","fish moving slowly into frame","","","",NA,NA
"508","2013_31_1_SL.avi",25104,"56:36.6",NA,NA,561.736,8.871,0.556,7.148,1703.306,25.456,20.978,0.45,-556.118,-493.267,-1532.538,1,"Jenny Stahl",0,"old cameras",2013,31,1,NA,NA,NA,NA,NA,"rockfish","yelloweye",145,145,55,"AD","","","","",NA,NA
"509","2013_31_1_SL.avi",25311,"56:43.5",NA,NA,NA,10.559,1.099,NA,2262.923,19.897,NA,NA,-590.281,-518.333,-2122.197,1,"Jenny Stahl",0,"old cameras",2013,31,1,NA,NA,NA,NA,NA,"rockfish","silvergray",157,157,56,"","","","","",NA,NA
"510","2013_31_1_SL.avi",25855,"57:01.7",NA,NA,NA,28.671,10.891,NA,4103.804,10.985,NA,NA,721.296,257.094,-4031.73,1,"Jenny Stahl",0,"old cameras",2013,31,1,NA,NA,NA,NA,NA,"rockfish","rosethorn",150,150,57,"","","","","",NA,NA
"511","2013_31_1_SL.avi",26578,"57:25.8",NA,NA,NA,26.09,2.833,NA,3837.478,13.166,NA,NA,-871.085,-114.161,-3735.561,1,"Jenny Stahl",0,"old cameras",2013,31,1,NA,NA,NA,NA,NA,"rockfish","rosethorn",150,150,58,"","","","","",NA,NA
"512","2013_31_1_SL.avi",26619,"57:27.2",NA,NA,NA,30.59,7.861,NA,4373.353,7.239,NA,NA,521.621,129.299,-4340.208,1,"Jenny Stahl",0,"old cameras",2013,31,1,NA,NA,NA,NA,NA,"rockfish","rosethorn",150,150,59,"","","","","",NA,NA
"513","2013_31_1_SL.avi",27379,"57:52.5",NA,NA,NA,18.912,2.249,NA,3347.757,8.81,NA,NA,-215.381,-502.129,-3302.871,1,"Jenny Stahl",0,"old cameras",2013,31,1,NA,NA,NA,NA,NA,"rockfish","rosethorn",150,150,60,"","","","","",NA,NA
"514","2013_31_1_SL.avi",28654,"58:35.1",NA,NA,NA,12.164,3.607,NA,2409.015,20.69,NA,NA,805.996,-298.619,-2250.456,1,"Jenny Stahl",0,"old cameras",2013,31,1,NA,NA,NA,NA,NA,"rockfish","rosethorn",150,150,61,"","","","","",NA,NA
"515","2013_31_1_SL.avi",28970,"58:45.6",NA,NA,NA,11.254,2.292,NA,2565.451,7.002,NA,NA,-214.517,-255.966,-2543.62,1,"Jenny Stahl",0,"old cameras",2013,31,1,NA,NA,NA,NA,NA,"rockfish","rosethorn",150,150,62,"","","","","",NA,NA
"516","2013_31_1_SL.avi",29308,"58:56.9",NA,NA,NA,35.769,19.828,NA,4065.001,26.368,NA,NA,1783.432,240.064,-3644.992,1,"Jenny Stahl",0,"old cameras",2013,31,1,NA,NA,NA,NA,NA,"rockfish","rosethorn",150,150,63,"","","","","",NA,NA
"517","2013_31_1_SL.avi",29685,"59:09.5",NA,NA,NA,15.967,0.805,NA,2833.743,18.133,NA,NA,847.167,-275.211,-2690.105,1,"Jenny Stahl",0,"old cameras",2013,31,1,NA,NA,NA,NA,NA,"rockfish","rosethorn",150,150,64,"","","","","",NA,NA
"518","2013_31_1_SL.avi",30857,"59:48.6",NA,NA,NA,13.194,2.972,NA,2651.357,13.796,NA,NA,481.131,-438.875,-2570.135,1,"Jenny Stahl",0,"old cameras",2013,31,1,NA,NA,NA,NA,NA,"rockfish","rosethorn",150,150,65,"","","","","",NA,NA
"519","2013_31_1_SL.avi",31841,"00:21.4",NA,NA,NA,18.105,9.731,NA,3220.533,11.527,NA,NA,625.797,114.856,-3157.059,1,"Jenny Stahl",0,"old cameras",2013,31,1,NA,NA,NA,NA,NA,"rockfish","rosethorn",150,150,66,"","","","","",NA,NA
"520","2013_31_1_SL.avi",31857,"00:22.0",NA,NA,NA,25.659,4.751,NA,3920.467,9.642,NA,NA,488.695,395.457,-3869.735,1,"Jenny Stahl",0,"old cameras",2013,31,1,NA,NA,NA,NA,NA,"rockfish","rosethorn",150,150,67,"","","","","",NA,NA
"521","2013_31_1_SL.avi",31857,"00:22.0",NA,NA,NA,33.607,2.597,NA,4491.853,10.131,NA,NA,-651.943,397.057,-4426.518,1,"Jenny Stahl",0,"old cameras",2013,31,1,NA,NA,NA,NA,NA,"rockfish","rosethorn",150,150,68,"","","","","",NA,NA
"522","2013_31_1_SL.avi",34400,"01:46.8",NA,NA,NA,34.223,10.033,NA,3990.454,24.161,NA,NA,1596.18,-386.668,-3636.815,1,"Jenny Stahl",0,"old cameras",2013,31,1,NA,NA,NA,NA,NA,"rockfish","rosethorn",150,150,69,"","","","","",NA,NA
"523","2013_31_1_SL.avi",34966,"02:05.7",NA,NA,NA,29.583,8.269,NA,3862.728,19.236,NA,NA,-1224.226,-388.231,-3642.968,1,"Jenny Stahl",0,"old cameras",2013,31,1,NA,NA,NA,NA,NA,"rockfish","rosethorn",150,150,70,"","","","","",NA,NA
"524","2013_31_1_SL.avi",35136,"02:11.4",NA,NA,NA,22.635,10.896,NA,3325.985,22.421,NA,NA,-1267.831,-77.123,-3073.896,1,"Jenny Stahl",0,"old cameras",2013,31,1,NA,NA,NA,NA,NA,"rockfish","rosethorn",150,150,71,"","","","","",NA,NA
"525","2013_31_1_SL.avi",36387,"02:53.1",NA,NA,NA,12.473,8.441,NA,2412.441,21.986,NA,NA,809.513,-425.423,-2232.393,1,"Jenny Stahl",0,"old cameras",2013,31,1,NA,NA,NA,NA,NA,"rockfish","rosethorn",150,150,72,"","","","","",NA,NA
"526","2013_31_1_SL.avi",37609,"03:33.9",NA,NA,NA,15.199,0.179,NA,2816.55,15.296,NA,NA,630.046,-424.086,-2712.222,1,"Jenny Stahl",0,"old cameras",2013,31,1,NA,NA,NA,NA,NA,"rockfish","rosethorn",150,150,74,"","","","","",NA,NA
"527","2013_31_1_SL.avi",37633,"03:34.7",NA,NA,NA,18.291,1.68,NA,3282.219,8.928,NA,NA,-253.407,-477.992,-3237.324,1,"Jenny Stahl",0,"old cameras",2013,31,1,NA,NA,NA,NA,NA,"rockfish","rosethorn",150,150,73,"","","","","",NA,NA
"528","2013_31_1_SL.avi",37685,"03:36.4",NA,NA,NA,14.667,1.746,NA,2860.827,11.021,NA,NA,455.554,-333.893,-2804.517,1,"Jenny Stahl",0,"old cameras",2013,31,1,NA,NA,NA,NA,NA,"rockfish","rosethorn",150,150,75,"","","","","",NA,NA
"529","2013_31_1_SL.avi",37991,"03:46.6",NA,NA,NA,37.045,1.694,NA,4228.481,24.638,NA,NA,1164.71,1280.271,-3858.032,1,"Jenny Stahl",0,"old cameras",2013,31,1,NA,NA,NA,NA,NA,"rockfish","silvergray",157,157,76,"","","","","",NA,NA
"530","2013_31_1_SL.avi",38064,"03:49.1",NA,NA,NA,9.865,0.968,NA,2360.036,9.698,NA,NA,121.614,-404.393,-2321.949,1,"Jenny Stahl",0,"old cameras",2013,31,1,NA,NA,NA,NA,NA,"rockfish","tiger",148,148,77,"","","","","",NA,NA
"531","2013_31_1_SL.avi",38594,"04:06.8",NA,NA,NA,11.12,8.472,NA,2514.265,9.159,NA,NA,386.789,-130.361,-2480.913,1,"Jenny Stahl",0,"old cameras",2013,31,1,NA,NA,NA,NA,NA,"rockfish","rosethorn",150,150,78,"","","","","",NA,NA
"532","2013_31_1_SL.avi",38914,"04:17.4",NA,NA,NA,25.611,8.4,NA,3746.569,13.889,NA,NA,-609.145,-702.08,-3629.436,1,"Jenny Stahl",0,"old cameras",2013,31,1,NA,NA,NA,NA,NA,"greenling","",10007,10007,79,"","","","","",NA,NA
"533","2013_31_1_SL.avi",40001,"04:53.7",NA,NA,NA,64.882,12.561,NA,5664.703,21.638,NA,NA,1972.19,629.52,-5272.859,1,"Jenny Stahl",0,"old cameras",2013,31,1,NA,NA,NA,NA,NA,"ratfish","ratfish",714,714,80,"","","","","",NA,NA
"534","2013_31_1_SL.avi",40001,"04:53.7",NA,NA,NA,28.918,7.506,NA,4209.954,7.47,NA,NA,-522.394,-209.864,-4172.142,1,"Jenny Stahl",0,"old cameras",2013,31,1,NA,NA,NA,NA,NA,"rockfish","rosethorn",150,150,81,"","","","","",NA,NA
"535","2013_31_1_SL.avi",40437,"05:08.3",NA,NA,NA,54.874,0.486,NA,5118.222,25.016,NA,NA,2152.04,178.534,-4640.371,1,"Jenny Stahl",0,"old cameras",2013,31,1,NA,NA,NA,NA,NA,"rockfish","rosethorn",150,150,83,"","","","","",NA,NA
"536","2013_31_1_SL.avi",40448,"05:08.6",NA,NA,NA,29.704,7.052,NA,4078.257,12.422,NA,NA,-706.277,-564.718,-3976.738,1,"Jenny Stahl",0,"old cameras",2013,31,1,NA,NA,NA,NA,NA,"rockfish","rosethorn",150,150,82,"","","","","",NA,NA
"537","2013_31_1_SL.avi",40660,"05:15.7",NA,NA,NA,44.054,5.049,NA,5315.478,6.751,NA,NA,388.773,430.349,-5283.746,1,"Jenny Stahl",0,"old cameras",2013,31,1,NA,NA,NA,NA,NA,"rockfish","yelloweye",145,145,84,"AD","milling","","","",NA,NA
"538","2013_31_1_SL.avi",41004,"05:27.2",NA,NA,388.513,40.76,3.085,0.856,3542.416,17.416,29.202,8.697,1055.533,62.525,-3380.925,1,"Jenny Stahl",0,"old cameras",2013,31,1,NA,NA,NA,NA,NA,"rockfish","yelloweye",145,145,84,"AD","","","","",NA,NA
"539","2013_31_1_SL.avi",41087,"05:29.9",NA,NA,NA,45.496,6.368,NA,5234.898,11.28,NA,NA,-499.696,836.49,-5143.418,1,"Jenny Stahl",0,"old cameras",2013,31,1,NA,NA,NA,NA,NA,"rockfish","yelloweye",145,145,85,"AD","fish moving slowly into frame","","No Length-Bad Angle","",NA,NA
"540","2013_31_1_SL.avi",41707,"05:50.6",NA,NA,NA,24.432,4.925,NA,3690.648,14.305,NA,NA,-882.345,190.356,-3578.563,1,"Jenny Stahl",0,"old cameras",2013,31,1,NA,NA,NA,NA,NA,"rockfish","rosethorn",150,150,86,"","","","","",NA,NA
"541","2013_31_1_SL.avi",42697,"06:23.7",NA,NA,NA,34.492,6.301,NA,4086.408,23.58,NA,NA,1633.361,24.164,-3745.701,1,"Jenny Stahl",0,"old cameras",2013,31,1,NA,NA,NA,NA,NA,"rockfish","silvergray",157,157,87,"","","","","",NA,NA
"542","2013_31_1_SL.avi",43760,"06:59.1",NA,NA,NA,57.333,3.689,NA,5146.66,25.442,NA,NA,1923.227,1038.816,-4659.417,1,"Jenny Stahl",0,"old cameras",2013,31,1,NA,NA,NA,NA,NA,"rockfish","yelloweye",145,145,88,"AD","milling","","No length-Bad Angle","",NA,NA
"543","2013_31_1_SL.avi",44152,"07:12.2",NA,NA,NA,33.343,10.889,NA,4097.637,19.924,NA,NA,1197.928,674.532,-3860.13,1,"Jenny Stahl",0,"old cameras",2013,31,1,NA,NA,NA,NA,NA,"ratfish","ratfish",714,714,89,"","","","","",NA,NA
"544","2013_31_1_SL.avi",44799,"07:33.8",NA,NA,NA,14.703,0.887,NA,2917.489,10.545,NA,NA,-88.261,-558.537,-2862.165,1,"Jenny Stahl",0,"old cameras",2013,31,1,NA,NA,NA,NA,NA,"rockfish","rosethorn",150,150,90,"","","","","",NA,NA
"545","2013_31_1_SL.avi",45125,"07:44.7",NA,NA,NA,13.533,1.579,NA,2756.7,11.609,NA,NA,554.415,-11.11,-2700.351,1,"Jenny Stahl",0,"old cameras",2013,31,1,NA,NA,NA,NA,NA,"ratfish","ratfish",714,714,91,"","","","","",NA,NA
"546","2013_31_1_SL.avi",45581,"07:59.9",NA,NA,NA,25.735,11.318,NA,3791.229,12.454,NA,NA,-724.659,-419.781,-3697.576,1,"Jenny Stahl",0,"old cameras",2013,31,1,NA,NA,NA,NA,NA,"rockfish","rosethorn",150,150,92,"","","","","",NA,NA
"547","2013_31_1_SL.avi",45626,"08:01.4",NA,NA,NA,37.724,7.546,NA,4176.74,25.371,NA,NA,1775.188,-268.954,-3771.145,1,"Jenny Stahl",0,"old cameras",2013,31,1,NA,NA,NA,NA,NA,"rockfish","rosethorn",150,150,93,"","","","","",NA,NA
"548","2013_31_1_SL.avi",48664,"09:42.8",NA,NA,NA,29.55,11.954,NA,4286.084,7.546,NA,NA,-560.493,4.552,-4249.275,1,"Jenny Stahl",0,"old cameras",2013,31,1,NA,NA,NA,NA,NA,"rockfish","rosethorn",150,150,94,"","","","","",NA,NA
"549","2013_31_1_SL.avi",48664,"09:42.8",NA,NA,NA,28.096,3.917,NA,3624.021,24.442,NA,NA,-1470.544,-330.215,-3295.753,1,"Jenny Stahl",0,"old cameras",2013,31,1,NA,NA,NA,NA,NA,"rockfish","rosethorn",150,150,95,"","","","","",NA,NA
"550","2013_31_1_SL.avi",51253,"11:09.1",NA,NA,NA,23.283,2.971,NA,3472.671,16.804,NA,NA,949.916,-362.005,-3320.551,1,"Jenny Stahl",0,"old cameras",2013,31,1,NA,NA,NA,NA,NA,"rockfish","rosethorn",150,150,96,"","","","","",NA,NA
"551","2013_31_1_SL.avi",51326,"11:11.6",NA,NA,NA,11.251,11.342,NA,2523.059,11.156,NA,NA,48.471,-513.323,-2469.813,1,"Jenny Stahl",0,"old cameras",2013,31,1,NA,NA,NA,NA,NA,"greenling","",10007,10007,97,"","","","","",NA,NA
"552","2013_31_1_SL.avi",51375,"11:13.2",NA,NA,NA,15.276,2.784,NA,3010.242,7.162,NA,NA,305.269,-251.616,-2984.134,1,"Jenny Stahl",0,"old cameras",2013,31,1,NA,NA,NA,NA,NA,"rockfish","rosethorn",150,150,98,"","","","","",NA,NA
"553","2013_31_1_SL.avi",51753,"11:25.8",NA,NA,NA,23.379,7.686,NA,3423.126,20.129,NA,NA,-776.41,-921.711,-3203.971,1,"Jenny Stahl",0,"old cameras",2013,31,1,NA,NA,NA,NA,NA,"rockfish","rosethorn",150,150,99,"","","","","",NA,NA
"554","2013_31_1_SL.avi",51753,"11:25.8",NA,NA,NA,42.622,10.259,NA,4822.295,15.963,NA,NA,1264.76,347.371,-4640.501,1,"Jenny Stahl",0,"old cameras",2013,31,1,NA,NA,NA,NA,NA,"rockfish","rosethorn",150,150,100,"","","","","",NA,NA
"555","2013_31_1_SL.avi",53134,"12:11.9",NA,NA,NA,30.526,5.983,NA,4051.131,14.957,NA,NA,-942.99,-495.239,-3908.602,1,"Jenny Stahl",0,"old cameras",2013,31,1,NA,NA,NA,NA,NA,"rockfish","rosethorn",150,150,101,"","","","","",NA,NA
"556","2013_31_1_SL.avi",53594,"12:27.3",NA,NA,NA,25.107,0.427,NA,3728.002,13.264,NA,NA,-569.717,-678.411,-3621.213,1,"Jenny Stahl",0,"old cameras",2013,31,1,NA,NA,NA,NA,NA,"rockfish","rosethorn",150,150,102,"","","","","",NA,NA
"557","2013_31_1_SL.avi",54062,"12:42.9",NA,NA,NA,21.873,9.173,NA,3781.191,2.529,NA,NA,114.454,79.243,-3778.627,1,"Jenny Stahl",0,"old cameras",2013,31,1,NA,NA,NA,NA,NA,"rockfish","rosethorn",150,150,103,"","","","","",NA,NA
"558","2013_31_1_SL.avi",54260,"12:49.5",NA,NA,NA,22.802,1.229,NA,3340.679,20.038,NA,NA,934.125,-696.481,-3130.888,1,"Jenny Stahl",0,"old cameras",2013,31,1,NA,NA,NA,NA,NA,"rockfish","rosethorn",150,150,104,"","","","","",NA,NA
"559","2013_31_1_SL.avi",54355,"12:52.6",NA,NA,NA,34.54,3.571,NA,4378.694,14.303,NA,NA,-1067.532,-221.975,-4240.762,1,"Jenny Stahl",0,"old cameras",2013,31,1,NA,NA,NA,NA,NA,"rockfish","rosethorn",150,150,105,"","","","","",NA,NA
"560","2013_31_1_SL.avi",54752,"13:05.9",NA,NA,NA,13.385,1.125,NA,2481.316,23.075,NA,NA,861.589,-476.498,-2277.618,1,"Jenny Stahl",0,"old cameras",2013,31,1,NA,NA,NA,NA,NA,"rockfish","rosethorn",150,150,106,"","","","","",NA,NA
"561","2013_31_1_SL.avi",54756,"13:06.0",NA,NA,NA,70.275,8.058,NA,6498.126,15.577,NA,NA,121.332,1670.883,-6278.461,1,"Jenny Stahl",0,"old cameras",2013,31,1,NA,NA,NA,NA,NA,"rockfish","yelloweye",145,145,107,"SU","milling","","","",NA,NA
"562","2013_31_1_SL.avi",54950,"13:12.5",NA,NA,518.311,20.947,5.776,1.694,3752.591,10.036,13.306,9.346,329.701,523.553,-3701.233,1,"Jenny Stahl",0,"old cameras",2013,31,1,NA,NA,NA,NA,NA,"rockfish","yelloweye",145,145,107,"SU","","","","",NA,NA
"563","2013_31_1_SL.avi",55125,"13:18.3",NA,NA,NA,35.232,4.015,NA,4834.478,4.42,NA,NA,118.849,299.319,-4823.739,1,"Jenny Stahl",0,"old cameras",2013,31,1,NA,NA,NA,NA,NA,"rockfish","rosethorn",150,150,111,"","","","","",NA,NA
"564","2013_31_1_SL.avi",55125,"13:18.3",NA,NA,NA,38.523,14.318,NA,4700.419,12.981,NA,NA,1006.224,268.694,-4583.585,1,"Jenny Stahl",0,"old cameras",2013,31,1,NA,NA,NA,NA,NA,"rockfish","rosethorn",150,150,112,"","","","","",NA,NA
"565","2013_31_1_SL.avi",55198,"13:20.8",NA,NA,NA,44.382,6.955,NA,4722.691,20.038,NA,NA,-1571.974,-433.495,-4432.244,1,"Jenny Stahl",0,"old cameras",2013,31,1,NA,NA,NA,NA,NA,"rockfish","tiger",148,148,108,"","","","","",NA,NA
"566","2013_31_1_SL.avi",55502,"13:30.9",NA,NA,NA,9.301,10.492,NA,2271.702,10.011,NA,NA,-368.166,-167.748,-2235.385,1,"Jenny Stahl",0,"old cameras",2013,31,1,NA,NA,NA,NA,NA,"ratfish","ratfish",714,714,109,"","","","","",NA,NA
"567","2013_31_1_SL.avi",55585,"13:33.7",NA,NA,NA,15.889,4.468,NA,3061.738,7.944,NA,NA,232.502,-387.317,-3028.228,1,"Jenny Stahl",0,"old cameras",2013,31,1,NA,NA,NA,NA,NA,"rockfish","rosethorn",150,150,110,"","","","","",NA,NA
"568","2013_31_1_SL.avi",55678,"13:36.8",NA,NA,NA,21.285,3.802,NA,3576.718,8.872,NA,NA,481.306,230.102,-3536.709,1,"Jenny Stahl",0,"old cameras",2013,31,1,NA,NA,NA,NA,NA,"rockfish","yelloweye",145,145,113,"JV","fish seeking cover","","","",NA,NA
"569","2013_31_1_SL.avi",55680,"13:36.9",NA,NA,NA,24.089,5.698,NA,3801,10.07,NA,NA,350.178,523.132,-3748.507,1,"Jenny Stahl",0,"old cameras",2013,31,1,NA,NA,NA,NA,NA,"ratfish","ratfish",714,714,115,"","","","","",NA,NA
"570","2013_31_1_SL.avi",55709,"13:37.8",NA,NA,168.166,12.359,0.914,7.19,3185.881,5.515,20.966,60.209,290.55,-131.977,-3169.859,1,"Jenny Stahl",0,"old cameras",2013,31,1,NA,NA,NA,NA,NA,"rockfish","yelloweye",145,145,113,"JV","","","","",NA,NA
"571","2013_31_1_SL.avi",56161,"13:52.9",NA,NA,NA,7.878,5.009,NA,1931.553,21.404,NA,NA,469.943,-545.398,-1792.371,1,"Jenny Stahl",0,"old cameras",2013,31,1,NA,NA,NA,NA,NA,"rockfish","tiger",148,148,116,"","","","","",NA,NA
"572","2013_31_1_SL.avi",56444,"14:02.3",NA,NA,NA,35.992,4.215,NA,4808.848,6.586,NA,NA,259.512,433.433,-4782.239,1,"Jenny Stahl",0,"old cameras",2013,31,1,NA,NA,NA,NA,NA,"rockfish","rosethorn",150,150,117,"","","","","",NA,NA
"573","2013_31_1_SL.avi",56733,"14:12.0",NA,NA,NA,23.564,4.724,NA,3560.061,16.219,NA,NA,993.126,11.271,-3418.715,1,"Jenny Stahl",0,"old cameras",2013,31,1,NA,NA,NA,NA,NA,"rockfish","rosethorn",150,150,118,"","","","","",NA,NA
"574","2013_31_1_SL.avi",56896,"14:17.4",NA,NA,NA,20.857,5.42,NA,3488.893,10.646,NA,NA,639.567,41.592,-3429.519,1,"Jenny Stahl",0,"old cameras",2013,31,1,NA,NA,NA,NA,NA,"rockfish","rosethorn",150,150,119,"","","","","",NA,NA
"575","2013_31_1_SL.avi",56986,"14:20.4",NA,NA,NA,17.586,7.9,NA,3288.709,6.601,NA,NA,336.122,136.569,-3268.636,1,"Jenny Stahl",0,"old cameras",2013,31,1,NA,NA,NA,NA,NA,"rockfish","rosethorn",150,150,120,"","","","","",NA,NA
"576","2013_31_1_SL.avi",56986,"14:20.4",NA,NA,NA,34.628,2.269,NA,4430.836,13.737,NA,NA,671.997,761.574,-4312.857,1,"Jenny Stahl",0,"old cameras",2013,31,1,NA,NA,NA,NA,NA,"rockfish","rosethorn",150,150,121,"","","","","",NA,NA
"577","2013_31_1_SL.avi",58024,"14:55.1",NA,NA,NA,19.195,0.972,NA,3055.215,22.112,NA,NA,1149.974,-21.192,-2830.451,1,"Jenny Stahl",0,"old cameras",2013,31,1,NA,NA,NA,NA,NA,"rockfish","rosethorn",150,150,123,"","","","","",NA,NA
"578","2013_31_1_SL.avi",58490,"15:10.6",NA,NA,NA,18.316,2.331,NA,3158.328,13.171,NA,NA,652.125,-338.613,-3071.663,1,"Jenny Stahl",0,"old cameras",2013,31,1,NA,NA,NA,NA,NA,"ratfish","ratfish",714,714,124,"","","","","",NA,NA
"579","2013_31_1_SL.avi",58779,"15:20.3",NA,NA,NA,66.926,1.702,NA,5892.403,18.714,NA,NA,1518.886,1063.465,-5593.071,1,"Jenny Stahl",0,"old cameras",2013,31,1,NA,NA,NA,NA,NA,"ratfish","ratfish",714,714,125,"","","","","",NA,NA
"580","2013_31_1_SL.avi",58885,"15:23.8",NA,NA,NA,45.574,4.871,NA,5158.795,12.246,NA,NA,694.001,789.688,-5050.537,1,"Jenny Stahl",0,"old cameras",2013,31,1,NA,NA,NA,NA,NA,"ratfish","ratfish",714,714,126,"","","","","",NA,NA
"581","2013_31_1_SL.avi",58966,"15:26.5",NA,NA,NA,58.009,7.58,NA,5314.003,23.95,NA,NA,1462.671,1531.273,-4873.851,1,"Jenny Stahl",0,"old cameras",2013,31,1,NA,NA,NA,NA,NA,"rockfish","rosethorn",150,150,127,"","","","","",NA,NA
"582","2013_31_1_SL.avi",58976,"15:26.8",NA,NA,NA,78.374,3.366,NA,6020.487,27.306,NA,NA,2001.071,1843.754,-5370.526,1,"Jenny Stahl",0,"old cameras",2013,31,1,NA,NA,NA,NA,NA,"rockfish","rosethorn",150,150,128,"","","","","",NA,NA
"583","2013_31_1_SL.avi",59290,"15:37.3",NA,NA,NA,8.763,14.477,NA,2006.833,22.419,NA,NA,641.587,-437.959,-1850.388,1,"Jenny Stahl",0,"old cameras",2013,31,1,NA,NA,NA,NA,NA,"rockfish","silvergray",157,157,129,"","","","","",NA,NA
"584","2013_31_1_SL.avi",60722,"16:25.1",NA,NA,NA,28.387,0.573,NA,3668.758,24.547,NA,NA,1512.955,146.984,-3339.034,1,"Jenny Stahl",0,"old cameras",2013,31,1,NA,NA,NA,NA,NA,"rockfish","rosethorn",150,150,130,"","","","","",NA,NA
"585","2013_31_1_SL.avi",61427,"16:48.6",NA,NA,NA,15.856,7.884,NA,3021.731,11.433,NA,NA,-114.159,-620.994,-2955.028,1,"Jenny Stahl",0,"old cameras",2013,31,1,NA,NA,NA,NA,NA,"rockfish","rosethorn",150,150,131,"","","","","",NA,NA
"586","2013_31_1_SL.avi",61427,"16:48.6",NA,NA,NA,11.494,1.29,NA,2422.278,17.456,NA,NA,675.236,242.62,-2313.574,1,"Jenny Stahl",0,"old cameras",2013,31,1,NA,NA,NA,NA,NA,"greenling","",10007,10007,132,"","","","whitespotted?","",NA,NA
"587","2013_31_1_SL.avi",62763,"17:33.2",NA,NA,NA,44.684,1.106,NA,4712.653,21.863,NA,NA,1723.452,282.201,-4377.119,1,"Jenny Stahl",0,"old cameras",2013,31,1,NA,NA,NA,NA,NA,"rockfish","rosethorn",150,150,133,"","","","","",NA,NA
"588","2013_31_1_SL.avi",62902,"17:37.8",NA,NA,NA,29.358,0.088,NA,3852.658,20.538,NA,NA,1350.852,5.989,-3608.066,1,"Jenny Stahl",0,"old cameras",2013,31,1,NA,NA,NA,NA,NA,"rockfish","rosethorn",150,150,134,"","","","","",NA,NA
"589","2013_31_1_SL.avi",63043,"17:42.5",NA,NA,NA,14.944,2.841,NA,2702.755,21.066,NA,NA,-898.41,341.53,-2526.084,1,"Jenny Stahl",0,"old cameras",2013,31,1,NA,NA,NA,NA,NA,"prowfish","prowfish",215,215,135,"","","","","",NA,NA
"590","2013_31_1_SL.avi",63435,"17:55.6",NA,NA,NA,11.941,2.739,NA,2717.23,4.574,NA,NA,2.249,186.459,-2710.824,1,"Jenny Stahl",0,"old cameras",2013,31,1,NA,NA,NA,NA,NA,"rockfish","yellowtail",155,155,136,"","","","school yellowtail","",NA,NA
"591","2013_31_1_SL.avi",63461,"17:56.5",NA,NA,NA,36.761,12.397,NA,4505.793,19.591,NA,NA,439.396,1398.127,-4260.791,1,"Jenny Stahl",0,"old cameras",2013,31,1,NA,NA,NA,NA,NA,"rockfish","yellowtail",155,155,137,"","","","school yellowtail","",NA,NA
"592","2013_31_1_SL.avi",63461,"17:56.5",NA,NA,NA,28.248,3.429,NA,3623.572,25.66,NA,NA,1200.752,973.672,-3277.259,1,"Jenny Stahl",0,"old cameras",2013,31,1,NA,NA,NA,NA,NA,"rockfish","yellowtail",155,155,138,"","","","school yellowtail","",NA,NA
"593","2013_31_1_SL.avi",63490,"17:57.5",NA,NA,NA,45.483,7.595,NA,4569.252,26.933,NA,NA,1583.785,1286.815,-4088.251,1,"Jenny Stahl",0,"old cameras",2013,31,1,NA,NA,NA,NA,NA,"rockfish","yellowtail",155,155,139,"","","","school yellowtail","",NA,NA
"594","2013_31_1_SL.avi",63490,"17:57.5",NA,NA,NA,21.61,15.185,NA,3570.091,13.774,NA,NA,-81.211,807.447,-3476.634,1,"Jenny Stahl",0,"old cameras",2013,31,1,NA,NA,NA,NA,NA,"rockfish","yellowtail",155,155,140,"","","","school yellowtail","",NA,NA
"595","2013_31_1_SL.avi",63490,"17:57.5",NA,NA,NA,52.981,10.477,NA,5286.314,20.64,NA,NA,-959.694,1542.028,-4964.499,1,"Jenny Stahl",0,"old cameras",2013,31,1,NA,NA,NA,NA,NA,"rockfish","yellowtail",155,155,141,"","","","school yellowtail","",NA,NA
"596","2013_31_1_SL.avi",63504,"17:57.9",NA,NA,NA,77.203,18.348,NA,6596.224,20.098,NA,NA,491.198,2143.59,-6218.836,1,"Jenny Stahl",0,"old cameras",2013,31,1,NA,NA,NA,NA,NA,"rockfish","yellowtail",155,155,142,"","","","school yellowtail","",NA,NA
"597","2013_31_1_SL.avi",63504,"17:57.9",NA,NA,NA,97.648,33.676,NA,7524.427,17.766,NA,NA,457.448,2169.903,-7190.219,1,"Jenny Stahl",0,"old cameras",2013,31,1,NA,NA,NA,NA,NA,"rockfish","yellowtail",155,155,143,"","","","school yellowtail","",NA,NA
"598","2013_31_1_SL.avi",63504,"17:57.9",NA,NA,NA,106.325,33.156,NA,7171.364,25.536,NA,NA,-2055.905,2236.474,-6496.145,1,"Jenny Stahl",0,"old cameras",2013,31,1,NA,NA,NA,NA,NA,"rockfish","yellowtail",155,155,144,"","","","school yellowtail","",NA,NA
"599","2013_31_1_SL.avi",63524,"17:58.6",NA,NA,NA,6.268,1.592,NA,1775.574,21.389,NA,NA,-201.544,596.93,-1660.035,1,"Jenny Stahl",0,"old cameras",2013,31,1,NA,NA,NA,NA,NA,"rockfish","yellowtail",155,155,146,"","","","school yellowtail","",NA,NA
"600","2013_31_1_SL.avi",63562,"17:59.9",NA,NA,NA,47.62,9.914,NA,5053.497,20.439,NA,NA,728.047,1554.644,-4752.985,1,"Jenny Stahl",0,"old cameras",2013,31,1,NA,NA,NA,NA,NA,"rockfish","yellowtail",155,155,147,"","","","school yellowtail","",NA,NA
"601","2013_31_1_SL.avi",63562,"17:59.9",NA,NA,NA,103.617,7.803,NA,7072.466,23.955,NA,NA,2108.493,1877.137,-6484.627,1,"Jenny Stahl",0,"old cameras",2013,31,1,NA,NA,NA,NA,NA,"rockfish","yellowtail",155,155,148,"","","","school yellowtail","",NA,NA
"602","2013_31_1_SL.avi",63592,"18:00.9",NA,NA,NA,42.899,9.207,NA,4673.493,22.375,NA,NA,975.948,1439.2,-4337.945,1,"Jenny Stahl",0,"old cameras",2013,31,1,NA,NA,NA,NA,NA,"rockfish","yellowtail",155,155,151,"","","","school yellowtail","",NA,NA
"603","2013_31_1_SL.avi",63653,"18:02.9",NA,NA,NA,39.768,3.149,NA,4356.063,23.244,NA,NA,1492.778,808.012,-4011.735,1,"Jenny Stahl",0,"old cameras",2013,31,1,NA,NA,NA,NA,NA,"rockfish","yellowtail",155,155,153,"","","","school yellowtail","",NA,NA
"604","2013_31_1_SL.avi",63988,"18:14.1",NA,NA,NA,25.35,6.428,NA,3560.447,18.7,NA,NA,960.665,-654.202,-3365.401,1,"Jenny Stahl",0,"old cameras",2013,31,1,NA,NA,NA,NA,NA,"greenling","",10007,10007,152,"","","","whitespotted?","",NA,NA
"605","2013_31_1_SL.avi",64005,"18:14.6",NA,NA,NA,113.874,2.339,NA,7117.457,28.622,NA,NA,2872.523,1766.774,-6267.8,1,"Jenny Stahl",0,"old cameras",2013,31,1,NA,NA,NA,NA,NA,"rockfish","yellowtail",155,155,155,"","","","","",NA,NA
"606","2013_31_1_SL.avi",64028,"18:15.4",NA,NA,NA,60.564,9.644,NA,5310.996,26.217,NA,NA,1755.554,1503.37,-4781.694,1,"Jenny Stahl",0,"old cameras",2013,31,1,NA,NA,NA,NA,NA,"rockfish","yellowtail",155,155,154,"","","","","",NA,NA
"607","2013_31_1_SL.avi",64245,"18:22.6",NA,NA,NA,40.622,7.869,NA,4182.129,31.085,NA,NA,1822.935,1117.343,-3594.253,1,"Jenny Stahl",0,"old cameras",2013,31,1,NA,NA,NA,NA,NA,"rockfish","yellowtail",155,155,157,"","","","","",NA,NA
"608","2013_31_1_SL.avi",64282,"18:23.9",NA,NA,NA,42.786,0.055,NA,4582.008,22.874,NA,NA,1764.625,194.07,-4224.125,1,"Jenny Stahl",0,"old cameras",2013,31,1,NA,NA,NA,NA,NA,"rockfish","rosethorn",150,150,156,"","","","","",NA,NA
"609","2013_31_1_SL.avi",64876,"18:43.7",NA,NA,NA,30.674,15.232,NA,3622.405,32.099,NA,NA,1584.89,1058.124,-3080.636,1,"Jenny Stahl",0,"old cameras",2013,31,1,NA,NA,NA,NA,NA,"rockfish","yellowtail",155,155,159,"","","","","",NA,NA
"610","2013_31_1_SL.avi",65220,"18:55.2",NA,NA,NA,11.951,0.613,NA,2315.274,25.904,NA,NA,897.864,442.445,-2087.72,1,"Jenny Stahl",0,"old cameras",2013,31,1,NA,NA,NA,NA,NA,"rockfish","quillback",147,147,160,"","","","","",NA,NA
"611","2013_31_1_SL.avi",65554,"19:06.3",NA,NA,NA,29.619,1.334,NA,3826.943,20.255,NA,NA,1289.8,-342.885,-3586.689,1,"Jenny Stahl",0,"old cameras",2013,31,1,NA,NA,NA,NA,NA,"rockfish","rosethorn",150,150,161,"","","","","",NA,NA
"612","2013_31_1_SL.avi",66167,"19:26.8",NA,NA,NA,89.398,5.674,NA,7297.144,13.628,NA,NA,-220.382,-1784.134,-7072.242,1,"Jenny Stahl",0,"old cameras",2013,31,1,NA,NA,NA,NA,NA,"rockfish","tiger",148,148,162,"","","","","",NA,NA
"613","2013_31_1_SL.avi",66451,"19:36.2",NA,NA,NA,11.819,2.541,NA,2491.184,21.913,NA,NA,-261.737,866.301,-2320.994,1,"Jenny Stahl",0,"old cameras",2013,31,1,NA,NA,NA,NA,NA,"rockfish","yelloweye",145,145,164,"AD","fish moving slowly into frame","","","",NA,NA
"614","2013_31_1_SL.avi",66473,"19:37.0",NA,NA,NA,14.867,1.433,NA,2615.045,25.019,NA,NA,1105.236,-66.138,-2369.08,1,"Jenny Stahl",0,"old cameras",2013,31,1,NA,NA,NA,NA,NA,"rockfish","quillback",147,147,163,"","","","","",NA,NA
"615","2013_31_1_SL.avi",66519,"19:38.5",NA,NA,624.808,5.378,6.431,8.248,1360.767,12.015,49.295,58.673,-254.348,-139.504,-1329.486,1,"Jenny Stahl",0,"old cameras",2013,31,1,NA,NA,NA,NA,NA,"rockfish","yelloweye",145,145,164,"AD","","","High Horiz angle","",NA,NA
"616","2013_31_1_SL.avi",67159,"19:59.9",NA,NA,NA,27.664,8.613,NA,3485.453,28.374,NA,NA,1507.03,653.159,-3074.187,1,"Jenny Stahl",0,"old cameras",2013,31,1,NA,NA,NA,NA,NA,"rockfish","silvergray",157,157,165,"","","","","",NA,NA
"617","2013_31_1_SL.avi",67465,"20:10.1",NA,NA,NA,48.516,5.095,NA,4746.469,25.816,NA,NA,2060.082,-216.556,-4270.613,1,"Jenny Stahl",0,"old cameras",2013,31,1,NA,NA,NA,NA,NA,"rockfish","rosethorn",150,150,166,"","","","","",NA,NA
"618","2013_33_1_SL.avi",918,"03:54.6",NA,NA,NA,10.89,7.493,NA,2373.745,15.454,NA,NA,-596.845,-234.854,-2285.451,1,"Jenny Stahl",0,"old cameras",2013,33,1,NA,NA,NA,NA,NA,"ratfish","ratfish",714,714,1,"","","","","",NA,NA
"619","2013_33_1_SL.avi",3971,"05:36.5",NA,NA,NA,6.207,6.68,NA,1752.798,16.467,NA,NA,-342.114,-379.026,-1676.782,1,"Jenny Stahl",0,"old cameras",2013,33,1,NA,NA,NA,NA,NA,"cod","",9991,9991,2,"","","","","",NA,NA
"620","2013_33_1_SL.avi",4878,"06:06.8",NA,NA,NA,7.131,1.627,NA,2005.384,6.564,NA,NA,-126.829,-213.16,-1989.985,1,"Jenny Stahl",0,"old cameras",2013,33,1,NA,NA,NA,NA,NA,"flatfish","Dover sole",124,124,3,"","","","","",NA,NA
"621","2013_33_1_SL.avi",4962,"06:09.6",NA,NA,NA,12.388,3.274,NA,2409.496,22.28,NA,NA,891.943,-222.134,-2227.277,1,"Jenny Stahl",0,"old cameras",2013,33,1,NA,NA,NA,NA,NA,"ratfish","ratfish",714,714,4,"","","","","",NA,NA
"622","2013_33_1_SL.avi",5188,"06:17.1",NA,NA,NA,7.219,3.933,NA,1848.502,19.821,NA,NA,-586.759,-239.8,-1736.425,1,"Jenny Stahl",0,"old cameras",2013,33,1,NA,NA,NA,NA,NA,"flatfish","Dover sole",124,124,5,"","","","","",NA,NA
"623","2013_33_1_SL.avi",6063,"06:46.3",NA,NA,NA,23.818,1.423,NA,3459.38,20.722,NA,NA,-1223.585,-70.113,-3235.001,1,"Jenny Stahl",0,"old cameras",2013,33,1,NA,NA,NA,NA,NA,"halibut","halibut",200,200,6,"","","","","",NA,NA
"624","2013_33_1_SL.avi",6206,"06:51.1",NA,NA,525.938,11.452,1.538,0.31,2186.695,25.446,5.638,1.976,-764.492,-568.14,-1968.35,1,"Jenny Stahl",0,"old cameras",2013,33,1,NA,NA,NA,NA,NA,"halibut","halibut",200,200,6,"","","","","",NA,NA
"625","2013_33_1_SL.avi",10498,"09:14.3",NA,NA,NA,9.972,8.998,NA,2224.018,18.1,NA,NA,-666.302,-206.511,-2111.789,1,"Jenny Stahl",0,"old cameras",2013,33,1,NA,NA,NA,NA,NA,"ratfish","ratfish",714,714,7,"","","","","",NA,NA
"626","2013_33_1_SL.avi",11694,"09:54.2",NA,NA,NA,14.753,6.277,NA,2591.379,23.968,NA,NA,925.297,-528.315,-2362.192,1,"Jenny Stahl",0,"old cameras",2013,33,1,NA,NA,NA,NA,NA,"flatfish","flatfish",10006,10006,8,"","","","","",NA,NA
"627","2013_33_1_SL.avi",13123,"10:41.9",NA,NA,NA,7.272,6.337,NA,1947.422,12.803,NA,NA,392.619,-200.278,-1896.89,1,"Jenny Stahl",0,"old cameras",2013,33,1,NA,NA,NA,NA,NA,"ratfish","ratfish",714,714,9,"","","","","",NA,NA
"628","2013_33_1_SL.avi",14440,"11:25.8",NA,NA,NA,15.215,1.131,NA,2652.332,24.1,NA,NA,-1056.368,-265.8,-2418.326,1,"Jenny Stahl",0,"old cameras",2013,33,1,NA,NA,NA,NA,NA,"flatfish","flatfish",10006,10006,10,"","","","","",NA,NA
"629","2013_33_1_SL.avi",15408,"11:58.1",NA,NA,NA,16.609,0.673,NA,2697.046,27.911,NA,NA,-1177.602,-481.61,-2378.1,1,"Jenny Stahl",0,"old cameras",2013,33,1,NA,NA,NA,NA,NA,"ratfish","ratfish",714,714,11,"","","","","",NA,NA
"630","2013_33_1_SL.avi",16583,"12:37.3",NA,NA,NA,6.304,0.912,NA,1834.393,11.917,NA,NA,-38.796,-396.772,-1790.548,1,"Jenny Stahl",0,"old cameras",2013,33,1,NA,NA,NA,NA,NA,"cod","",9991,9991,12,"","","","","",NA,NA
"631","2013_33_1_SL.avi",20030,"14:32.3",NA,NA,NA,8.387,0.246,NA,2064.288,15.772,NA,NA,-539.462,-176.491,-1984.721,1,"Jenny Stahl",0,"old cameras",2013,33,1,NA,NA,NA,NA,NA,"flatfish","flatfish",10006,10006,13,"","","","","",NA,NA
"632","2013_33_1_SL.avi",20623,"14:52.1",NA,NA,NA,18.762,9.255,NA,3273.368,12.098,NA,NA,-658.974,155.155,-3202.596,1,"Jenny Stahl",0,"old cameras",2013,33,1,NA,NA,NA,NA,NA,"cod","",9991,9991,14,"","","","","",NA,NA
"633","2013_33_1_SL.avi",21501,"15:21.4",NA,NA,NA,10.794,2.665,NA,2257.043,20.951,NA,NA,709.464,-408.196,-2103.397,1,"Jenny Stahl",0,"old cameras",2013,33,1,NA,NA,NA,NA,NA,"flatfish","Dover sole",124,124,15,"","","","","",NA,NA
"634","2013_33_1_SL.avi",22216,"15:45.3",NA,NA,NA,16.758,5.374,NA,2718.483,26.585,NA,NA,1172.821,-350.452,-2427.308,1,"Jenny Stahl",0,"old cameras",2013,33,1,NA,NA,NA,NA,NA,"ratfish","ratfish",714,714,16,"","","","","",NA,NA
"635","2013_33_1_SL.avi",23002,"16:11.5",NA,NA,NA,7.075,0.629,NA,1937.277,12.085,NA,NA,215.366,-364.785,-1890.394,1,"Jenny Stahl",0,"old cameras",2013,33,1,NA,NA,NA,NA,NA,"flatfish","Dover sole",124,124,17,"","","","","",NA,NA
"636","2013_33_1_SL.avi",26411,"18:05.3",NA,NA,NA,11.513,3.113,NA,2573.89,8.476,NA,NA,189.263,-357.133,-2541.957,1,"Jenny Stahl",0,"old cameras",2013,33,1,NA,NA,NA,NA,NA,"flatfish","Dover sole",124,124,18,"","","","","",NA,NA
"637","2013_33_1_SL.avi",28855,"19:26.8",NA,NA,NA,9.403,3.147,NA,2109.37,20.794,NA,NA,-699.382,-289.638,-1968.862,1,"Jenny Stahl",0,"old cameras",2013,33,1,NA,NA,NA,NA,NA,"ratfish","ratfish",714,714,19,"","","","","",NA,NA
"638","2013_33_1_SL.avi",32061,"21:13.8",NA,NA,NA,45.739,5.924,NA,4661.285,25.136,NA,NA,1968.811,162.607,-4221.957,1,"Jenny Stahl",0,"old cameras",2013,33,1,NA,NA,NA,NA,NA,"flatfish","flatfish",10006,10006,20,"","","","","",NA,NA
"639","2013_33_1_SL.avi",33319,"21:55.7",NA,NA,NA,6.996,6.144,NA,1797.554,21.09,NA,NA,579.203,-306.623,-1673.829,1,"Jenny Stahl",0,"old cameras",2013,33,1,NA,NA,NA,NA,NA,"flatfish","Dover sole",124,124,21,"","","","","",NA,NA
"640","2013_33_1_SL.avi",34710,"22:42.1",NA,NA,NA,119.965,7.969,NA,8347.028,13.035,NA,NA,-1375.175,1194.976,-8145.784,1,"Jenny Stahl",0,"old cameras",2013,33,1,NA,NA,NA,NA,NA,"rockfish","yelloweye",145,145,22,"AD","milling","","","",NA,NA
"641","2013_33_1_SL.avi",34963,"22:50.6",NA,NA,566.183,53.265,4.984,0.226,4478.838,18.61,20.661,14.183,-1401.576,-327.622,-4241.254,1,"Jenny Stahl",0,"old cameras",2013,33,1,NA,NA,NA,NA,NA,"rockfish","yelloweye",145,145,22,"AD","","","","",NA,NA
"642","2013_33_1_SL.avi",35045,"22:53.3",NA,NA,NA,53.776,7.296,NA,5224.937,21.134,NA,NA,-1840.431,347.976,-4877.673,1,"Jenny Stahl",0,"old cameras",2013,33,1,NA,NA,NA,NA,NA,"rockfish","canary",146,146,23,"","","","","",NA,NA
"643","2013_33_1_SL.avi",35604,"23:12.0",NA,NA,NA,7.604,1.051,NA,1981.231,14.191,NA,NA,-352.512,-355.549,-1916.923,1,"Jenny Stahl",0,"old cameras",2013,33,1,NA,NA,NA,NA,NA,"flatfish","flatfish",10006,10006,24,"","","","","",NA,NA
"644","2013_33_1_SL.avi",36853,"23:53.7",NA,NA,NA,35.08,5.457,NA,3963.16,26.352,NA,NA,1699.464,-494.049,-3546.036,1,"Jenny Stahl",0,"old cameras",2013,33,1,NA,NA,NA,NA,NA,"rockfish","rosethorn",150,150,25,"","","","","",NA,NA
"645","2013_33_1_SL.avi",37711,"24:22.3",NA,NA,NA,18.183,8.905,NA,2992.55,19.653,NA,NA,-934.25,-405.775,-2813.872,1,"Jenny Stahl",0,"old cameras",2013,33,1,NA,NA,NA,NA,NA,"rockfish","rosethorn",150,150,26,"","","","","",NA,NA
"646","2013_33_1_SL.avi",38285,"24:41.4",NA,NA,NA,9.954,1.475,NA,2099.161,27.104,NA,NA,709.447,-662.186,-1861.363,1,"Jenny Stahl",0,"old cameras",2013,33,1,NA,NA,NA,NA,NA,"rockfish","rosethorn",150,150,27,"","","","","",NA,NA
"647","2013_33_1_SL.avi",38786,"24:58.2",NA,NA,NA,27.079,5.918,NA,3826.521,16.61,NA,NA,-1085.037,97.776,-3668.16,1,"Jenny Stahl",0,"old cameras",2013,33,1,NA,NA,NA,NA,NA,"rockfish","redbanded",153,153,28,"","","","","",NA,NA
"648","2013_33_1_SL.avi",38786,"24:58.2",NA,NA,NA,6.02,4.831,NA,1830.04,5.666,NA,NA,76.946,-183.751,-1819.165,1,"Jenny Stahl",0,"old cameras",2013,33,1,NA,NA,NA,NA,NA,"rockfish","yelloweye",145,145,29,"SU","milling","","","",NA,NA
"649","2013_33_1_SL.avi",38786,"24:58.2",NA,NA,NA,6.9,1.417,NA,1894.975,12.594,NA,NA,340.772,-254.233,-1846.665,1,"Jenny Stahl",0,"old cameras",2013,33,1,NA,NA,NA,NA,NA,"rockfish","canary",146,146,30,"","","","","",NA,NA
"650","2013_33_1_SL.avi",38786,"24:58.2",NA,NA,NA,25.711,1.392,NA,3534.808,22.724,NA,NA,1349.858,169.399,-3262.522,1,"Jenny Stahl",0,"old cameras",2013,33,1,NA,NA,NA,NA,NA,"rockfish","canary",146,146,31,"","","","","",NA,NA
"651","2013_33_1_SL.avi",38786,"24:58.2",NA,NA,NA,28.923,1.145,NA,4220.345,8.395,NA,NA,400.527,421.618,-4180.087,1,"Jenny Stahl",0,"old cameras",2013,33,1,NA,NA,NA,NA,NA,"rockfish","canary",146,146,32,"","","","","",NA,NA
"652","2013_33_1_SL.avi",38786,"24:58.2",NA,NA,NA,54.498,4.576,NA,5722.774,14.425,NA,NA,-214.168,1347.586,-5557.723,1,"Jenny Stahl",0,"old cameras",2013,33,1,NA,NA,NA,NA,NA,"rockfish","canary",146,146,33,"","","","","",NA,NA
"653","2013_33_1_SL.avi",38786,"24:58.2",NA,NA,NA,93.382,3.754,NA,7256.065,17.026,NA,NA,843.035,1872.715,-6959.362,1,"Jenny Stahl",0,"old cameras",2013,33,1,NA,NA,NA,NA,NA,"rockfish","canary",146,146,34,"","","","","",NA,NA
"654","2013_33_1_SL.avi",38786,"24:58.2",NA,NA,NA,76.038,4.017,NA,6361.79,18.398,NA,NA,1259.482,1496.336,-6053.681,1,"Jenny Stahl",0,"old cameras",2013,33,1,NA,NA,NA,NA,NA,"rockfish","canary",146,146,35,"","","","","",NA,NA
"655","2013_33_1_SL.avi",38786,"24:58.2",NA,NA,NA,132.961,5.94,NA,8482.363,19.214,NA,NA,1336.898,2361.099,-8036.691,1,"Jenny Stahl",0,"old cameras",2013,33,1,NA,NA,NA,NA,NA,"rockfish","canary",146,146,36,"","","","","",NA,NA
"656","2013_33_1_SL.avi",38786,"24:58.2",NA,NA,NA,116.037,1.014,NA,7266.857,26.729,NA,NA,2813.741,1590.586,-6508.464,1,"Jenny Stahl",0,"old cameras",2013,33,1,NA,NA,NA,NA,NA,"rockfish","canary",146,146,37,"","","","","",NA,NA
"657","2013_33_1_SL.avi",38786,"24:58.2",NA,NA,NA,154.362,4.023,NA,8326.246,27.985,NA,NA,3280.034,2040.668,-7375.868,1,"Jenny Stahl",0,"old cameras",2013,33,1,NA,NA,NA,NA,NA,"rockfish","canary",146,146,38,"","","","","",NA,NA
"658","2013_33_1_SL.avi",38786,"24:58.2",NA,NA,NA,127.461,28.072,NA,7886.403,22.82,NA,NA,2372.294,1849.475,-7290.2,1,"Jenny Stahl",0,"old cameras",2013,33,1,NA,NA,NA,NA,NA,"rockfish","canary",146,146,39,"","","","","",NA,NA
"659","2013_33_1_SL.avi",38786,"24:58.2",NA,NA,NA,149.295,5.145,NA,8906.792,19.508,NA,NA,1662.365,2372.592,-8422.487,1,"Jenny Stahl",0,"old cameras",2013,33,1,NA,NA,NA,NA,NA,"rockfish","canary",146,146,40,"","","","","",NA,NA
"660","2013_33_1_SL.avi",38787,"24:58.2",NA,NA,562.071,15.224,7.474,2.302,1995.427,0.93,66.679,46.692,2.326,10.059,-1995.4,1,"Jenny Stahl",0,"old cameras",2013,33,1,NA,NA,NA,NA,NA,"rockfish","yelloweye",145,145,29,"SU","","","High Horiz Orientation","",NA,NA
"661","2013_33_1_SL.avi",39794,"25:31.8",NA,NA,NA,14.548,9.579,NA,2605.1,23.84,NA,NA,1050.774,-93.853,-2381.935,1,"Jenny Stahl",0,"old cameras",2013,33,1,NA,NA,NA,NA,NA,"flatfish","flatfish",10006,10006,41,"","","","","",NA,NA
"662","2013_33_1_SL.avi",40203,"25:45.4",NA,NA,NA,10.731,2.902,NA,2361.72,14.724,NA,NA,546.141,-274.572,-2281.241,1,"Jenny Stahl",0,"old cameras",2013,33,1,NA,NA,NA,NA,NA,"rockfish","greenstripe",135,135,42,"","","","","",NA,NA
"663","2013_33_1_SL.avi",40519,"25:56.0",NA,NA,NA,21.441,3.06,NA,3215.17,21.283,NA,NA,-1092.884,-442.701,-2991.143,1,"Jenny Stahl",0,"old cameras",2013,33,1,NA,NA,NA,NA,NA,"rockfish","",10024,10024,43,"","","","greenstripe?","",NA,NA
"664","2013_33_1_SL.avi",41674,"26:34.5",NA,NA,NA,14.35,3.069,NA,2755.968,14.544,NA,NA,-596.194,-381.205,-2663.568,1,"Jenny Stahl",0,"old cameras",2013,33,1,NA,NA,NA,NA,NA,"rockfish","rosethorn",150,150,44,"","","","","",NA,NA
"665","2013_33_1_SL.avi",41992,"26:45.1",NA,NA,NA,9.547,1.869,NA,2286.199,11.624,NA,NA,220.841,-429.206,-2234.663,1,"Jenny Stahl",0,"old cameras",2013,33,1,NA,NA,NA,NA,NA,"rockfish","rosethorn",150,150,45,"","","","","",NA,NA
"666","2013_33_1_SL.avi",42175,"26:51.2",NA,NA,NA,35.104,0.075,NA,4124.562,24.025,NA,NA,-1664.204,182.239,-3769.512,1,"Jenny Stahl",0,"old cameras",2013,33,1,NA,NA,NA,NA,NA,"rockfish","rosethorn",150,150,46,"","","","","",NA,NA
"667","2013_33_1_SL.avi",42552,"27:03.8",NA,NA,NA,12.809,0.248,NA,2377.69,26.806,NA,NA,-956.39,-508.51,-2116.636,1,"Jenny Stahl",0,"old cameras",2013,33,1,NA,NA,NA,NA,NA,"rockfish","redbanded",153,153,47,"","","","","",NA,NA
"668","2013_33_1_SL.avi",47226,"29:39.8",NA,NA,NA,39.413,7.42,NA,5056.616,4.848,NA,NA,427.323,-52.571,-5038.253,1,"Jenny Stahl",0,"old cameras",2013,33,1,NA,NA,NA,NA,NA,"rockfish","rosethorn",150,150,48,"","","","","",NA,NA
"669","2013_33_1_SL.avi",47318,"29:42.8",NA,NA,NA,114.351,5.056,NA,7409.93,24.048,NA,NA,2929.089,658.31,-6774.521,1,"Jenny Stahl",0,"old cameras",2013,33,1,NA,NA,NA,NA,NA,"rockfish","redbanded",153,153,49,"","","","","",NA,NA
"670","2013_33_1_SL.avi",47407,"29:45.8",NA,NA,NA,113.311,3.098,NA,7336.532,23.929,NA,NA,2736.411,1094.349,-6718.568,1,"Jenny Stahl",0,"old cameras",2013,33,1,NA,NA,NA,NA,NA,"rockfish","yelloweye",145,145,51,"AD","milling","","No length-bad lighting","",NA,NA
"671","2013_33_1_SL.avi",47476,"29:48.1",NA,NA,NA,91.469,11.225,NA,6421.978,27.213,NA,NA,2729.257,1020.628,-5722.873,1,"Jenny Stahl",0,"old cameras",2013,33,1,NA,NA,NA,NA,NA,"rockfish","redbanded",153,153,50,"","","","","",NA,NA
"672","2013_33_1_SL.avi",47690,"29:55.3",NA,NA,NA,29.759,1.366,NA,4048.828,13.121,NA,NA,790.867,-512.228,-3937.659,1,"Jenny Stahl",0,"old cameras",2013,33,1,NA,NA,NA,NA,NA,"rockfish","rosethorn",150,150,52,"","","","","",NA,NA
"673","2013_33_1_SL.avi",49307,"30:49.2",NA,NA,NA,14.395,2.225,NA,2809.411,12.892,NA,NA,-608.58,-180.611,-2736.75,1,"Jenny Stahl",0,"old cameras",2013,33,1,NA,NA,NA,NA,NA,"rockfish","rosethorn",150,150,53,"","","","","",NA,NA
"674","2013_33_1_SL.avi",54729,"33:50.1",NA,NA,NA,23.551,8.913,NA,3701.014,11.459,NA,NA,209.381,-745.183,-3619.166,1,"Jenny Stahl",0,"old cameras",2013,33,1,NA,NA,NA,NA,NA,"rockfish","rosethorn",150,150,54,"","","","","",NA,NA
"675","2013_33_1_SL.avi",55478,"34:15.1",NA,NA,NA,21.909,4.291,NA,3272.503,22.508,NA,NA,-784.572,-1010.293,-3012.147,1,"Jenny Stahl",0,"old cameras",2013,33,1,NA,NA,NA,NA,NA,"rockfish","rosethorn",150,150,55,"","","","","",NA,NA
"676","2013_33_1_SL.avi",55712,"34:22.9",NA,NA,NA,66.89,16.795,NA,6529.998,9.909,NA,NA,-95.481,1047.813,-6444.675,1,"Jenny Stahl",0,"old cameras",2013,33,1,NA,NA,NA,NA,NA,"rockfish","canary",146,146,56,"","","","","",NA,NA
"677","2013_33_1_SL.avi",66547,"40:24.5",NA,NA,NA,15.583,1.27,NA,3005.914,10.102,NA,NA,-177.089,-529.594,-2953.589,1,"Jenny Stahl",0,"old cameras",2013,33,1,NA,NA,NA,NA,NA,"rockfish","rosethorn",150,150,57,"","","","","",NA,NA
"678","2013_33_1_SL.avi",67208,"40:46.5",NA,NA,NA,29.979,1.043,NA,4147.683,11.035,NA,NA,-685.084,-446.507,-4066.272,1,"Jenny Stahl",0,"old cameras",2013,33,1,NA,NA,NA,NA,NA,"rockfish","rosethorn",150,150,58,"","","","","",NA,NA
"679","2013_33_1_SL.avi",68365,"41:25.1",NA,NA,NA,24.467,0.377,NA,3591.218,16.966,NA,NA,-1035.381,-199.954,-3432.908,1,"Jenny Stahl",0,"old cameras",2013,33,1,NA,NA,NA,NA,NA,"rockfish","redbanded",153,153,59,"","","","","",NA,NA
"680","2013_33_1_SL.avi",69146,"41:51.2",NA,NA,NA,29.082,3.715,NA,3711.921,23.943,NA,NA,1501.479,-159.592,-3390.936,1,"Jenny Stahl",0,"old cameras",2013,33,1,NA,NA,NA,NA,NA,"rockfish","redbanded",153,153,60,"","","","","",NA,NA
"681","2013_33_1_SL.avi",71966,"43:25.3",NA,NA,NA,25.943,0.663,NA,3782.494,14.153,NA,NA,-520.417,-805.354,-3658.939,1,"Jenny Stahl",0,"old cameras",2013,33,1,NA,NA,NA,NA,NA,"rockfish","rosethorn",150,150,61,"","","","","",NA,NA
"682","2013_33_1_SL.avi",72012,"43:26.8",NA,NA,NA,11.228,5.024,NA,2380.012,17.038,NA,NA,528.704,-480.083,-2270.341,1,"Jenny Stahl",0,"old cameras",2013,33,1,NA,NA,NA,NA,NA,"rockfish","rosethorn",150,150,62,"","","","","",NA,NA
"683","2013_33_1_SL.avi",76438,"45:54.5",NA,NA,NA,33.269,2.519,NA,4083.111,20.875,NA,NA,1453.472,-107.93,-3814.127,1,"Jenny Stahl",0,"old cameras",2013,33,1,NA,NA,NA,NA,NA,"rockfish","rosethorn",150,150,63,"","","","","",NA,NA
"684","2013_33_1_SL.avi",77158,"46:18.5",NA,NA,NA,28.772,3.984,NA,3703.556,24.208,NA,NA,1518.449,-14.98,-3377.93,1,"Jenny Stahl",0,"old cameras",2013,33,1,NA,NA,NA,NA,NA,"rockfish","redbanded",153,153,64,"","","","","",NA,NA
"685","2013_33_1_SL.avi",78126,"46:50.8",NA,NA,NA,20.277,1.114,NA,3382.945,13.167,NA,NA,265.026,-760.246,-3285.742,1,"Jenny Stahl",0,"old cameras",2013,33,1,NA,NA,NA,NA,NA,"rockfish","rosethorn",150,150,65,"","","","","",NA,NA
"686","2013_33_1_SL.avi",78249,"46:54.9",NA,NA,NA,23.671,8.556,NA,3657.101,11.561,NA,NA,493.725,-581.586,-3576.643,1,"Jenny Stahl",0,"old cameras",2013,33,1,NA,NA,NA,NA,NA,"rockfish","rosethorn",150,150,66,"","","","","",NA,NA
"687","2013_33_1_SL.avi",80731,"48:17.7",NA,NA,NA,44.139,8.231,NA,5391.04,4.319,NA,NA,-405.963,-53.13,-5375.47,1,"Jenny Stahl",0,"old cameras",2013,33,1,NA,NA,NA,NA,NA,"rockfish","rosethorn",150,150,67,"","","","","",NA,NA
"688","2013_33_1_SL.avi",81293,"48:36.5",NA,NA,NA,35.206,0.031,NA,3968.889,27.457,NA,NA,1739.392,529.403,-3527.935,1,"Jenny Stahl",0,"old cameras",2013,33,1,NA,NA,NA,NA,NA,"rockfish","redbanded",153,153,68,"","","","","",NA,NA
"689","2013_33_1_SL.avi",82675,"49:22.6",NA,NA,NA,13.632,5.394,NA,2747.541,12.886,NA,NA,248.197,-590.06,-2671.93,1,"Jenny Stahl",0,"old cameras",2013,33,1,NA,NA,NA,NA,NA,"rockfish","rosethorn",150,150,69,"","","","","",NA,NA
"690","2013_33_1_SL.avi",82928,"49:31.0",NA,NA,NA,17.075,0.419,NA,3145.543,11.469,NA,NA,-67.894,-656.106,-3075.606,1,"Jenny Stahl",0,"old cameras",2013,33,1,NA,NA,NA,NA,NA,"rockfish","rosethorn",150,150,70,"","","","","",NA,NA
"691","2013_39_1_SL.avi",1718,"29:31.3",NA,NA,NA,81.629,3.015,NA,7036.908,11.384,NA,NA,-668.714,1140.479,-6911.6,1,"Jenny Stahl",0,"old cameras",2013,39,1,NA,NA,NA,NA,NA,"rockfish","yelloweye",145,145,1,"AD","milling","","","",NA,NA
"692","2013_39_1_SL.avi",1718,"29:31.3",NA,NA,NA,25.394,12.827,NA,3852.461,11.379,NA,NA,-756.22,34.116,-3777.357,1,"Jenny Stahl",0,"old cameras",2013,39,1,NA,NA,NA,NA,NA,"rockfish","quillback",147,147,2,"","","","","",NA,NA
"693","2013_39_1_SL.avi",1826,"29:34.9",NA,NA,486.195,80.05,0.173,0.2,4918.563,17.138,31.776,9.025,-1383.888,378.303,-4704.679,1,"Jenny Stahl",0,"old cameras",2013,39,1,NA,NA,NA,NA,NA,"rockfish","yelloweye",145,145,1,"AD","","","","",NA,NA
"694","2013_39_1_SL.avi",2505,"29:57.6",NA,NA,NA,21.632,0.858,NA,3400.002,16.399,NA,NA,-958.572,-86.621,-3260.928,1,"Jenny Stahl",0,"old cameras",2013,39,1,NA,NA,NA,NA,NA,"cod","",9991,9991,3,"","","","","",NA,NA
"695","2013_39_1_SL.avi",3017,"30:14.7",NA,NA,NA,17.12,3.17,NA,2816.969,25.147,NA,NA,-1192.051,-137.891,-2548.591,1,"Jenny Stahl",0,"old cameras",2013,39,1,NA,NA,NA,NA,NA,"cod","",9991,9991,4,"","","","","",NA,NA
"696","2013_39_1_SL.avi",3017,"30:14.7",NA,NA,NA,21.483,2.556,NA,3283.893,20.583,NA,NA,-1154.18,-62.274,-3073.751,1,"Jenny Stahl",0,"old cameras",2013,39,1,NA,NA,NA,NA,NA,"cod","",9991,9991,5,"","","","","",NA,NA
"697","2013_39_1_SL.avi",3542,"30:32.2",NA,NA,NA,7.398,4.205,NA,2063.056,5.255,NA,NA,188.845,-29.298,-2054.185,1,"Jenny Stahl",0,"old cameras",2013,39,1,NA,NA,NA,NA,NA,"cod","",9991,9991,6,"","","","","",NA,NA
"698","2013_39_1_SL.avi",3657,"30:36.0",NA,NA,NA,13.982,1.644,NA,2659.466,17.657,NA,NA,-617.919,-546.725,-2528.246,1,"Jenny Stahl",0,"old cameras",2013,39,1,NA,NA,NA,NA,NA,"cod","",9991,9991,7,"","","","","",NA,NA
"699","2013_39_1_SL.avi",3657,"30:36.0",NA,NA,NA,16.469,2.604,NA,2740.159,23.965,NA,NA,1026.54,-457.917,-2498.999,1,"Jenny Stahl",0,"old cameras",2013,39,1,NA,NA,NA,NA,NA,"cod","",9991,9991,8,"","","","","",NA,NA
"700","2013_39_1_SL.avi",3840,"30:42.1",NA,NA,NA,25.661,5.011,NA,3375.717,26.94,NA,NA,1260.173,-900.129,-2999.533,1,"Jenny Stahl",0,"old cameras",2013,39,1,NA,NA,NA,NA,NA,"ratfish","ratfish",714,714,9,"","","","","",NA,NA
"701","2013_39_1_SL.avi",3873,"30:43.2",NA,NA,NA,26.961,5.301,NA,3639.574,20.501,NA,NA,-1009.618,-816.041,-3400.183,1,"Jenny Stahl",0,"old cameras",2013,39,1,NA,NA,NA,NA,NA,"cod","",9991,9991,10,"","","","","",NA,NA
"702","2013_39_1_SL.avi",4128,"30:51.7",NA,NA,NA,27.17,2.286,NA,3575.532,24.702,NA,NA,-1484.823,-203.393,-3246.284,1,"Jenny Stahl",0,"old cameras",2013,39,1,NA,NA,NA,NA,NA,"ratfish","ratfish",714,714,11,"","","","","",NA,NA
"703","2013_39_1_SL.avi",5885,"31:50.4",NA,NA,NA,31.043,0.953,NA,4378.326,8.119,NA,NA,502.38,312.117,-4338.195,1,"Jenny Stahl",0,"old cameras",2013,39,1,NA,NA,NA,NA,NA,"rockfish","yelloweye",145,145,12,"JV","milling","","","",NA,NA
"704","2013_39_1_SL.avi",6005,"31:54.4",NA,NA,320.71,13.321,0.475,2.164,2918.406,16.027,6.502,26.359,708.896,-414.286,-2800.523,1,"Jenny Stahl",0,"old cameras",2013,39,1,NA,NA,NA,NA,NA,"rockfish","yelloweye",145,145,12,"JV","","","","",NA,NA
"705","2013_39_1_SL.avi",12664,"35:36.5",NA,NA,NA,87.701,4.704,NA,6516.437,23.894,NA,NA,2636.102,-199.41,-5956.102,1,"Jenny Stahl",0,"old cameras",2013,39,1,NA,NA,NA,NA,NA,"rockfish","yelloweye",145,145,13,"AD","milling","","No length-Bad Lighting","",NA,NA
"706","2013_39_1_SL.avi",16336,"37:39.1",NA,NA,NA,26.201,0.021,NA,3737.083,17.196,NA,NA,-1104.779,-48.11,-3569.725,1,"Jenny Stahl",0,"old cameras",2013,39,1,NA,NA,NA,NA,NA,"rockfish","yelloweye",145,145,14,"SU","milling","","No length-bad angle","",NA,NA
"707","2013_39_1_SL.avi",24093,"41:57.9",NA,NA,NA,16.397,1.756,NA,2802.314,22.019,NA,NA,746.143,-768.55,-2589.51,1,"Jenny Stahl",0,"old cameras",2013,39,1,NA,NA,NA,NA,NA,"ratfish","ratfish",714,714,15,"","","","","",NA,NA
"708","2013_39_1_SL.avi",28024,"44:09.1",NA,NA,NA,40.746,8.187,NA,5063.975,7.276,NA,NA,636.489,22.673,-5023.764,1,"Jenny Stahl",0,"old cameras",2013,39,1,NA,NA,NA,NA,NA,"ratfish","ratfish",714,714,16,"","","","","",NA,NA
"709","2013_39_1_SL.avi",30246,"45:23.2",NA,NA,NA,19.038,11.156,NA,3254.2,11.98,NA,NA,490.491,-499.913,-3177.943,1,"Jenny Stahl",0,"old cameras",2013,39,1,NA,NA,NA,NA,NA,"ratfish","ratfish",714,714,17,"","","","","",NA,NA
"710","2013_39_1_SL.avi",31424,"46:02.5",NA,NA,NA,45.854,7.802,NA,4881.221,19.516,NA,NA,1617.129,158.216,-4602.844,1,"Jenny Stahl",0,"old cameras",2013,39,1,NA,NA,NA,NA,NA,"ratfish","ratfish",714,714,18,"","","","","",NA,NA
"711","2013_39_1_SL.avi",32238,"46:29.7",NA,NA,NA,18.558,4.932,NA,3428.923,3.114,NA,NA,24.866,-222.781,-3421.588,1,"Jenny Stahl",0,"old cameras",2013,39,1,NA,NA,NA,NA,NA,"rockfish","yelloweye",145,145,19,"JV","milling","","","",NA,NA
"712","2013_39_1_SL.avi",32346,"46:33.3",NA,NA,186.216,9.668,5.314,0.534,2231.424,6.868,21.026,30.492,10.757,-291.289,-2212.303,1,"Jenny Stahl",0,"old cameras",2013,39,1,NA,NA,NA,NA,NA,"rockfish","yelloweye",145,145,19,"JV","","","","",NA,NA
"713","2013_39_1_SL.avi",35874,"48:31.0",NA,NA,NA,9.664,2.58,NA,2108.511,22.849,NA,NA,-761.561,-322.252,-1939.587,1,"Jenny Stahl",0,"old cameras",2013,39,1,NA,NA,NA,NA,NA,"ratfish","ratfish",714,714,20,"","","","","",NA,NA
"714","2013_39_1_SL.avi",37913,"49:39.0",NA,NA,NA,9.877,4.458,NA,2148.72,21.872,NA,NA,633.953,-510.908,-1988.485,1,"Jenny Stahl",0,"old cameras",2013,39,1,NA,NA,NA,NA,NA,"cod","",9991,9991,21,"","","","","",NA,NA
"715","2013_39_1_SL.avi",40767,"51:14.3",NA,NA,NA,21.549,9.011,NA,3280.053,19.376,NA,NA,774.992,-798.368,-3085.57,1,"Jenny Stahl",0,"old cameras",2013,39,1,NA,NA,NA,NA,NA,"rockfish","rosethorn",150,150,22,"","","","","",NA,NA
"716","2013_39_1_SL.avi",45467,"53:51.1",NA,NA,NA,54.236,5.137,NA,5275.576,19.699,NA,NA,-1640.687,630.526,-4974.161,1,"Jenny Stahl",0,"old cameras",2013,39,1,NA,NA,NA,NA,NA,"ratfish","ratfish",714,714,23,"","","","","",NA,NA
"717","2013_39_1_SL.avi",52433,"57:43.5",NA,NA,NA,67.276,9.323,NA,5791.179,21.125,NA,NA,1667.392,1195.111,-5415.65,1,"Jenny Stahl",0,"old cameras",2013,39,1,NA,NA,NA,NA,NA,"rockfish","yelloweye",145,145,24,"AD","fish moving slowly into frame","","","",NA,NA
"718","2013_39_1_SL.avi",52510,"57:46.1",NA,NA,671.858,39.771,1.021,4.777,4498.473,14.882,15.404,21.205,1015.592,502.377,-4353.441,1,"Jenny Stahl",0,"old cameras",2013,39,1,NA,NA,NA,NA,NA,"rockfish","yelloweye",145,145,24,"AD","","","","",NA,NA
"719","2013_39_1_SL.avi",55023,"59:09.9",NA,NA,NA,62.472,7.115,NA,5433.962,24.366,NA,NA,-1672.263,-1548.168,-4933.017,1,"Jenny Stahl",0,"old cameras",2013,39,1,NA,NA,NA,NA,NA,"rockfish","yelloweye",145,145,25,"AD","milling","","","",NA,NA
"720","2013_39_1_SL.avi",55238,"59:17.1",NA,NA,471.561,33.339,1.999,4.177,3811.204,24.852,15.404,21.408,-1220.308,-1076.056,-3446.48,1,"Jenny Stahl",0,"old cameras",2013,39,1,NA,NA,NA,NA,NA,"rockfish","yelloweye",145,145,25,"AD","","","","",NA,NA
"721","2013_39_1_SL.avi",55897,"59:39.1",NA,NA,NA,46.257,3.161,NA,4914.433,18.513,NA,NA,-926.351,-1307.608,-4645.824,1,"Jenny Stahl",0,"old cameras",2013,39,1,NA,NA,NA,NA,NA,"rockfish","yelloweye",145,145,31,"AD","resting on bottom","","No length- behind time code","",NA,NA
"722","2013_39_1_SL.avi",56366,"59:54.7",NA,NA,NA,41.635,0.005,NA,4984.462,12.271,NA,NA,-29.759,-1113.19,-4858.476,1,"Jenny Stahl",0,"old cameras",2013,39,1,NA,NA,NA,NA,NA,"rockfish","rosethorn",150,150,26,"","","","","",NA,NA
"723","2013_39_1_SL.avi",56639,"00:03.8",NA,NA,NA,40.107,1.918,NA,4628.69,17.043,NA,NA,-1211.338,561.466,-4431.951,1,"Jenny Stahl",0,"old cameras",2013,39,1,NA,NA,NA,NA,NA,"ratfish","ratfish",714,714,27,"","","","","",NA,NA
"724","2013_39_1_SL.avi",59872,"01:51.7",NA,NA,NA,49.613,0.459,NA,5413.741,11.606,NA,NA,-976.624,423.055,-5308.09,1,"Jenny Stahl",0,"old cameras",2013,39,1,NA,NA,NA,NA,NA,"greenling","lingcod",130,130,28,"","","","","",NA,NA
"725","2013_39_1_SL.avi",60673,"02:18.5",NA,NA,565.37,13.071,4.69,3.247,2161.023,7.931,27.663,9.065,54.326,-317.012,-2136.954,1,"Jenny Stahl",0,"old cameras",2013,39,1,NA,NA,NA,NA,NA,"greenling","lingcod",130,130,28,"","","","","",NA,NA
"726","2013_39_1_SL.avi",62879,"03:32.1",NA,NA,NA,37.624,0.67,NA,4672.937,10.746,NA,NA,-607.654,-675.546,-4583.747,1,"Jenny Stahl",0,"old cameras",2013,39,1,NA,NA,NA,NA,NA,"ratfish","ratfish",714,714,29,"","","","","",NA,NA
"727","2013_39_1_SL.avi",62905,"03:32.9",NA,NA,NA,19.871,2.574,NA,3434.429,9.733,NA,NA,54.313,-615.781,-3378.338,1,"Jenny Stahl",0,"old cameras",2013,39,1,NA,NA,NA,NA,NA,"ratfish","ratfish",714,714,30,"","","","","",NA,NA
"728","2013_43_1_SL.avi",884,"12:11.5",NA,NA,NA,31.334,2.9,NA,4181.411,14.272,NA,NA,-909.877,439.277,-4057.506,1,"Jenny Stahl",0,"old cameras",2013,43,1,NA,NA,NA,NA,NA,"greenling","lingcod",130,130,1,"","","","","",NA,NA
"729","2013_43_1_SL.avi",969,"12:14.3",NA,NA,716.85,44.516,0.403,7.744,3024.873,23.032,72.85,31.203,-1133.349,-371.682,-2779.789,1,"Jenny Stahl",0,"old cameras",2013,43,1,NA,NA,NA,NA,NA,"greenling","lingcod",130,130,1,"","","","High horz Ang but Ok From Above","",NA,NA
"730","2013_43_1_SL.avi",1301,"12:25.4",NA,NA,NA,15.872,7.199,NA,2998.97,11.316,NA,NA,-297.188,-540.646,-2934.826,1,"Jenny Stahl",0,"old cameras",2013,43,1,NA,NA,NA,NA,NA,"rockfish","rosethorn",150,150,2,"","","","","",NA,NA
"731","2013_43_1_SL.avi",11144,"17:53.8",NA,NA,NA,11.555,4.811,NA,2593.505,8.041,NA,NA,-122.369,-370.122,-2564.04,1,"Jenny Stahl",0,"old cameras",2013,43,1,NA,NA,NA,NA,NA,"rockfish","yelloweye",145,145,40,"AD","fish seeking cover","","no length-behind rock-weird color","",NA,NA
"732","2013_43_1_SL.avi",12884,"18:51.9",NA,NA,NA,41.301,7.386,NA,4555.105,18.83,NA,NA,1223.12,-863.826,-4301.949,1,"Jenny Stahl",0,"old cameras",2013,43,1,NA,NA,NA,NA,NA,"rockfish","yelloweye",145,145,41,"JV","milling/hovering","","No length- too blurry to measure","",NA,NA
"733","2013_43_1_SL.avi",15220,"20:09.8",NA,NA,NA,9.418,0.473,NA,2233.786,14.997,NA,NA,233.355,-552.861,-2151.671,1,"Jenny Stahl",0,"old cameras",2013,43,1,NA,NA,NA,NA,NA,"rockfish","rosethorn",150,150,4,"","","","","",NA,NA
"734","2013_43_1_SL.avi",17215,"21:16.4",NA,NA,NA,58.817,7.1,NA,5791.602,13.631,NA,NA,-1049.552,809.811,-5637.845,1,"Jenny Stahl",0,"old cameras",2013,43,1,NA,NA,NA,NA,NA,"rockfish","yelloweye",145,145,5,"JV","milling","","","",NA,NA
"735","2013_43_1_SL.avi",17354,"21:21.0",NA,NA,270.818,40.993,4.585,3.052,3464.855,18.78,31.551,4.262,-1091.354,-267.079,-3277.626,1,"Jenny Stahl",0,"old cameras",2013,43,1,NA,NA,NA,NA,NA,"rockfish","yelloweye",145,145,5,"JV","","","Horiz Angle over 30 looks OK","",NA,NA
"736","2013_43_1_SL.avi",18511,"21:59.7",NA,NA,NA,13.854,3.452,NA,2829.172,10.565,NA,NA,-5.94,-549.67,-2775.255,1,"Jenny Stahl",0,"old cameras",2013,43,1,NA,NA,NA,NA,NA,"rockfish","rosethorn",150,150,6,"","","","","",NA,NA
"737","2013_43_1_SL.avi",23229,"24:37.1",NA,NA,NA,16.227,7.182,NA,3074.988,10.657,NA,NA,12.409,-602.165,-3015.426,1,"Jenny Stahl",0,"old cameras",2013,43,1,NA,NA,NA,NA,NA,"rockfish","quillback",147,147,7,"","","","","",NA,NA
"738","2013_43_1_SL.avi",23933,"25:00.6",NA,NA,NA,56.822,4.592,NA,6038.065,9.05,NA,NA,-66.567,880.893,-5973.092,1,"Jenny Stahl",0,"old cameras",2013,43,1,NA,NA,NA,NA,NA,"rockfish","yelloweye",145,145,8,"SU","milling","","","",NA,NA
"739","2013_43_1_SL.avi",24076,"25:05.3",NA,NA,479.985,19.712,3.246,6.028,4314.973,4.576,8.418,3.845,343.3,-73.74,-4300.663,1,"Jenny Stahl",0,"old cameras",2013,43,1,NA,NA,NA,NA,NA,"rockfish","yelloweye",145,145,8,"SU","","","","",NA,NA
"740","2013_43_1_SL.avi",27885,"27:12.4",NA,NA,NA,25.191,6.15,NA,4001.131,5.844,NA,NA,300.534,230.672,-3983.155,1,"Jenny Stahl",0,"old cameras",2013,43,1,NA,NA,NA,NA,NA,"ratfish","ratfish",714,714,9,"","","","","",NA,NA
"741","2013_43_1_SL.avi",29458,"28:04.9",NA,NA,NA,19.871,0.287,NA,3240.49,15.386,NA,NA,617.125,-633.388,-3117.492,1,"Jenny Stahl",0,"old cameras",2013,43,1,NA,NA,NA,NA,NA,"rockfish","yelloweye",145,145,10,"JV","fish seeking cover","","No length-blurry","",NA,NA
"742","2013_43_1_SL.avi",30722,"28:47.1",NA,NA,NA,21.67,0.287,NA,3046.727,29.163,NA,NA,1302.006,-743.005,-2652.408,1,"Jenny Stahl",0,"old cameras",2013,43,1,NA,NA,NA,NA,NA,"greenling","lingcod",130,130,12,"","","","No length-Can't see all","",NA,NA
"743","2013_43_1_SL.avi",40388,"34:09.6",NA,NA,NA,21.21,3.494,NA,3111.737,25.561,NA,NA,-1309.629,-327.102,-2803.709,1,"Jenny Stahl",0,"old cameras",2013,43,1,NA,NA,NA,NA,NA,"ratfish","ratfish",714,714,13,"","","","","",NA,NA
"744","2013_43_1_SL.avi",42853,"35:31.9",NA,NA,NA,23.07,7.358,NA,3876.763,4.079,NA,NA,72.241,223.014,-3869.669,1,"Jenny Stahl",0,"old cameras",2013,43,1,NA,NA,NA,NA,NA,"ratfish","ratfish",714,714,14,"","","","","",NA,NA
"745","2013_43_1_SL.avi",44003,"36:10.2",NA,NA,NA,16.664,0.921,NA,2822.763,22.788,NA,NA,1070.992,190.705,-2604.727,1,"Jenny Stahl",0,"old cameras",2013,43,1,NA,NA,NA,NA,NA,"rockfish","tiger",148,148,15,"","","","","",NA,NA
"746","2013_43_1_SL.avi",44003,"36:10.2",NA,NA,NA,21.439,4.381,NA,3174.725,23.639,NA,NA,1169.692,469.868,-2913.747,1,"Jenny Stahl",0,"old cameras",2013,43,1,NA,NA,NA,NA,NA,"rockfish","rosethorn",150,150,16,"","","","","",NA,NA
"747","2013_43_1_SL.avi",44957,"36:42.1",NA,NA,NA,33.632,1.253,NA,4237.478,17.742,NA,NA,-1290.557,-1.886,-4036.171,1,"Jenny Stahl",0,"old cameras",2013,43,1,NA,NA,NA,NA,NA,"halibut","halibut",200,200,17,"","","","No length-Can't see all","",NA,NA
"748","2013_43_1_SL.avi",45109,"36:47.1",NA,NA,NA,64.4,7.225,NA,5870.924,18.009,NA,NA,-1203.025,1296.771,-5598.113,1,"Jenny Stahl",0,"old cameras",2013,43,1,NA,NA,NA,NA,NA,"rockfish","yelloweye",145,145,18,"SU","fish moving quickly into frame","","","",NA,NA
"749","2013_43_1_SL.avi",45189,"36:49.8",NA,NA,406.946,43.69,0.562,2.542,4903.588,13.764,20.79,27.563,-2.841,1113.505,-4775.486,1,"Jenny Stahl",0,"old cameras",2013,43,1,NA,NA,NA,NA,NA,"rockfish","yelloweye",145,145,18,"SU","","","","",NA,NA
"750","2013_43_1_SL.avi",48713,"38:47.4",NA,NA,NA,83.103,5.751,NA,6332.472,24.719,NA,NA,2633.434,214.025,-5754.947,1,"Jenny Stahl",0,"old cameras",2013,43,1,NA,NA,NA,NA,NA,"ratfish","ratfish",714,714,19,"","","","","",NA,NA
"751","2013_43_1_SL.avi",54967,"42:16.1",NA,NA,NA,40.352,9.497,NA,4381.408,24.955,NA,NA,1847.288,23.362,-3972.872,1,"Jenny Stahl",0,"old cameras",2013,43,1,NA,NA,NA,NA,NA,"rockfish","rosethorn",150,150,20,"","","","","",NA,NA
"752","2013_43_1_SL.avi",55676,"42:39.7",NA,NA,NA,52.13,3.018,NA,4851.882,28.109,NA,NA,-1910.398,1207.592,-4293.35,1,"Jenny Stahl",0,"old cameras",2013,43,1,NA,NA,NA,NA,NA,"rockfish","quillback",147,147,21,"","","","","",NA,NA
"753","2013_43_1_SL.avi",56822,"43:18.0",NA,NA,NA,16.964,10.81,NA,3153.801,9.384,NA,NA,-193.769,-511.005,-3106.089,1,"Jenny Stahl",0,"old cameras",2013,43,1,NA,NA,NA,NA,NA,"rockfish","silvergray",157,157,22,"","","","","",NA,NA
"754","2013_43_1_SL.avi",56822,"43:18.0",NA,NA,NA,67.57,17.102,NA,5886.374,19.84,NA,NA,-1836.654,724.43,-5545.386,1,"Jenny Stahl",0,"old cameras",2013,43,1,NA,NA,NA,NA,NA,"rockfish","silvergray",157,157,24,"","","","","",NA,NA
"755","2013_43_1_SL.avi",56822,"43:18.0",NA,NA,NA,62.721,14.178,NA,5561.196,21.667,NA,NA,1677.008,1127.014,-5181.157,1,"Jenny Stahl",0,"old cameras",2013,43,1,NA,NA,NA,NA,NA,"rockfish","silvergray",157,157,25,"","","","","",NA,NA
"756","2013_43_1_SL.avi",56889,"43:20.2",NA,NA,NA,99.607,22.153,NA,6636.33,28.956,NA,NA,2739.534,1613.844,-5825.061,1,"Jenny Stahl",0,"old cameras",2013,43,1,NA,NA,NA,NA,NA,"rockfish","silvergray",157,157,26,"","","","","",NA,NA
"757","2013_43_1_SL.avi",56963,"43:22.7",NA,NA,NA,34.759,0.112,NA,3942.373,27.259,NA,NA,1632.857,731.655,-3512.943,1,"Jenny Stahl",0,"old cameras",2013,43,1,NA,NA,NA,NA,NA,"rockfish","silvergray",157,157,27,"","","","","",NA,NA
"758","2013_43_1_SL.avi",57056,"43:25.8",NA,NA,NA,49.676,3.71,NA,5275.793,15.439,NA,NA,-1397.535,82.934,-5086.651,1,"Jenny Stahl",0,"old cameras",2013,43,1,NA,NA,NA,NA,NA,"rockfish","silvergray",157,157,28,"","","","","",NA,NA
"759","2013_43_1_SL.avi",57187,"43:30.1",NA,NA,NA,26.11,10.575,NA,3845.75,13.146,NA,NA,343.492,-846.11,-3735.76,1,"Jenny Stahl",0,"old cameras",2013,43,1,NA,NA,NA,NA,NA,"rockfish","silvergray",157,157,30,"","","","","",NA,NA
"760","2013_43_1_SL.avi",57207,"43:30.8",NA,NA,NA,24.694,11.663,NA,3566.4,17.244,NA,NA,783.351,-747.915,-3397.969,1,"Jenny Stahl",0,"old cameras",2013,43,1,NA,NA,NA,NA,NA,"ratfish","ratfish",714,714,29,"","","","","",NA,NA
"761","2013_43_1_SL.avi",57418,"43:37.8",NA,NA,NA,7.87,3.609,NA,1911.998,24.542,NA,NA,541.442,561.558,-1745.632,1,"Jenny Stahl",0,"old cameras",2013,43,1,NA,NA,NA,NA,NA,"rockfish","silvergray",157,157,31,"","","","","",NA,NA
"762","2013_43_1_SL.avi",57439,"43:38.5",NA,NA,NA,17.075,4.689,NA,2774.954,26.876,NA,NA,-1184.511,385.414,-2479.67,1,"Jenny Stahl",0,"old cameras",2013,43,1,NA,NA,NA,NA,NA,"rockfish","yellowtail",155,155,23,"","","","","",NA,NA
"763","2013_43_1_SL.avi",57442,"43:38.6",NA,NA,NA,37.674,5.921,NA,4297.556,21.61,NA,NA,1353.312,776.143,-4004.39,1,"Jenny Stahl",0,"old cameras",2013,43,1,NA,NA,NA,NA,NA,"rockfish","dusky",172,172,32,"","","","","",NA,NA
"764","2013_43_1_SL.avi",57593,"43:43.7",NA,NA,NA,56.552,2.222,NA,5486.726,20.031,NA,NA,907.147,1588.374,-5172.844,1,"Jenny Stahl",0,"old cameras",2013,43,1,NA,NA,NA,NA,NA,"rockfish","silvergray",157,157,33,"","","","","",NA,NA
"765","2013_43_1_SL.avi",58748,"44:22.2",NA,NA,NA,16.488,11.517,NA,2783.102,24.176,NA,NA,1135.08,75.071,-2540.002,1,"Jenny Stahl",0,"old cameras",2013,43,1,NA,NA,NA,NA,NA,"rockfish","quillback",147,147,34,"","","","","",NA,NA
"766","2013_43_1_SL.avi",59123,"44:34.7",NA,NA,NA,53.703,4.503,NA,5427.023,18.059,NA,NA,761.729,1442.393,-5176.084,1,"Jenny Stahl",0,"old cameras",2013,43,1,NA,NA,NA,NA,NA,"rockfish","silvergray",157,157,35,"","","","","",NA,NA
"767","2013_43_1_SL.avi",59362,"44:42.7",NA,NA,NA,18.418,11.867,NA,3387.272,4.905,NA,NA,-271.888,-137.36,-3373.547,1,"Jenny Stahl",0,"old cameras",2013,43,1,NA,NA,NA,NA,NA,"ratfish","ratfish",714,714,36,"","","","","",NA,NA
"768","2013_43_1_SL.avi",59882,"45:00.1",NA,NA,NA,65.819,4.241,NA,6422.227,11.331,NA,NA,91.908,1188.24,-6310.677,1,"Jenny Stahl",0,"old cameras",2013,43,1,NA,NA,NA,NA,NA,"rockfish","yelloweye",145,145,37,"SU","milling","","","",NA,NA
"769","2013_43_1_SL.avi",60077,"45:06.6",NA,NA,338.345,14.243,0.642,2.434,2782.576,7.651,17.892,18.76,315.537,-224.882,-2755.467,1,"Jenny Stahl",0,"old cameras",2013,43,1,NA,NA,NA,NA,NA,"rockfish","yelloweye",145,145,37,"SU","","","","",NA,NA
"770","2013_43_1_SL.avi",60881,"45:33.4",NA,NA,NA,48.746,4.372,NA,4849.394,23.268,NA,NA,1850.423,445.885,-4460.241,1,"Jenny Stahl",0,"old cameras",2013,43,1,NA,NA,NA,NA,NA,"rockfish","quillback",147,147,38,"","","","","",NA,NA
"771","2013_43_1_SL.avi",67035,"48:58.7",NA,NA,NA,6.096,0.648,NA,1790.268,11.929,NA,NA,-182.447,-341.453,-1747.908,1,"Jenny Stahl",0,"old cameras",2013,43,1,NA,NA,NA,NA,NA,"cod","",9991,9991,39,"","","","","",NA,NA
"772","2013_48_1_SL.avi",7489,"15:15.9",NA,NA,NA,25.553,1.083,NA,3853.827,13.208,NA,NA,47.285,-921.02,-3741.854,1,"Jenny Stahl",0,"old cameras",2013,48,1,NA,NA,NA,NA,NA,"rockfish","yelloweye",145,145,1,"AD","milling","","","",NA,NA
"773","2013_48_1_SL.avi",7543,"15:17.7",NA,NA,573.66,11.226,3.954,0.527,3058.432,10.355,10.222,15.93,-56.225,-580.359,-3002.337,1,"Jenny Stahl",0,"old cameras",2013,48,1,NA,NA,NA,NA,NA,"rockfish","yelloweye",145,145,1,"AD","","","","",NA,NA
"774","2013_48_1_SL.avi",7543,"15:17.7",NA,NA,NA,18.943,7.798,NA,3131.118,16.778,NA,NA,635.493,-676.065,-2990.482,1,"Jenny Stahl",0,"old cameras",2013,48,1,NA,NA,NA,NA,NA,"rockfish","canary",146,146,2,"","","","","",NA,NA
"775","2013_48_1_SL.avi",9899,"16:36.3",NA,NA,NA,36.733,4.182,NA,4164.374,24.382,NA,NA,-1575.209,646.282,-3800.4,1,"Jenny Stahl",0,"old cameras",2013,48,1,NA,NA,NA,NA,NA,"rockfish","canary",146,146,3,"","","","","",NA,NA
"776","2013_48_1_SL.avi",12358,"17:58.3",NA,NA,NA,7.987,2.835,NA,2108.648,9.635,NA,NA,50.61,-372.431,-2074.881,1,"Jenny Stahl",0,"old cameras",2013,48,1,NA,NA,NA,NA,NA,"cod","",9991,9991,4,"","","","","",NA,NA
"777","2013_48_1_SL.avi",13276,"18:29.0",NA,NA,NA,13.151,10.418,NA,2723.681,10.004,NA,NA,360.616,-336.227,-2678.683,1,"Jenny Stahl",0,"old cameras",2013,48,1,NA,NA,NA,NA,NA,"ratfish","ratfish",714,714,5,"","","","","",NA,NA
"778","2013_48_1_SL.avi",13276,"18:29.0",NA,NA,NA,37.241,6.869,NA,4343.362,20.084,NA,NA,1486.561,-166.828,-4077.634,1,"Jenny Stahl",0,"old cameras",2013,48,1,NA,NA,NA,NA,NA,"ratfish","ratfish",714,714,6,"","","","","",NA,NA
"779","2013_48_1_SL.avi",15211,"19:33.5",NA,NA,NA,17.537,1.111,NA,2881.021,23.727,NA,NA,1159.034,-7.201,-2637.588,1,"Jenny Stahl",0,"old cameras",2013,48,1,NA,NA,NA,NA,NA,"ratfish","ratfish",714,714,7,"","","","","",NA,NA
"780","2013_48_1_SL.avi",16635,"20:21.1",NA,NA,NA,17.515,0.865,NA,2903.253,22.647,NA,NA,-1114.861,-112.239,-2678.314,1,"Jenny Stahl",0,"old cameras",2013,48,1,NA,NA,NA,NA,NA,"ratfish","ratfish",714,714,8,"","","","","",NA,NA
"781","2013_48_1_SL.avi",17575,"20:52.4",NA,NA,NA,41.682,11.243,NA,5196.131,6.772,NA,NA,193.036,524.003,-5166.037,1,"Jenny Stahl",0,"old cameras",2013,48,1,NA,NA,NA,NA,NA,"ratfish","ratfish",714,714,9,"","","","","",NA,NA
"782","2013_48_1_SL.avi",18097,"21:09.8",NA,NA,NA,15.9,3.086,NA,2974.175,13.051,NA,NA,660.671,88.387,-2898.52,1,"Jenny Stahl",0,"old cameras",2013,48,1,NA,NA,NA,NA,NA,"ratfish","ratfish",714,714,10,"","","","","",NA,NA
"783","2013_48_1_SL.avi",18965,"21:38.8",NA,NA,NA,17.502,0.628,NA,3014.973,16.889,NA,NA,-854.515,-224.468,-2882.617,1,"Jenny Stahl",0,"old cameras",2013,48,1,NA,NA,NA,NA,NA,"rockfish","rosethorn",150,150,11,"","","","","",NA,NA
"784","2013_48_1_SL.avi",23326,"24:04.3",NA,NA,NA,24.103,2.114,NA,3333.018,25.402,NA,NA,1380.24,339.469,-3014.748,1,"Jenny Stahl",0,"old cameras",2013,48,1,NA,NA,NA,NA,NA,"rockfish","canary",146,146,12,"","","","","",NA,NA
"785","2013_48_1_SL.avi",24239,"24:34.8",NA,NA,NA,23.145,2.465,NA,3738.765,10.038,NA,NA,-293.453,540.782,-3687.791,1,"Jenny Stahl",0,"old cameras",2013,48,1,NA,NA,NA,NA,NA,"rockfish","silvergray",157,157,13,"","","","","",NA,NA
"786","2013_48_1_SL.avi",42399,"34:40.7",NA,NA,NA,34.162,10.51,NA,4103.604,22.394,NA,NA,1553.41,133.961,-3795.858,1,"Jenny Stahl",0,"old cameras",2013,48,1,NA,NA,NA,NA,NA,"cod","",9991,9991,14,"","","","","",NA,NA
"787","2013_48_1_SL.avi",44632,"35:55.2",NA,NA,NA,12.781,0.26,NA,2714.228,8.693,NA,NA,387.998,-163.151,-2681.394,1,"Jenny Stahl",0,"old cameras",2013,48,1,NA,NA,NA,NA,NA,"cod","",9991,9991,15,"","","","","",NA,NA
"788","2013_48_1_SL.avi",45552,"36:25.9",NA,NA,NA,2.883,1.414,NA,1175.989,8.921,NA,NA,-23.191,-193.817,-1159.676,1,"Jenny Stahl",0,"old cameras",2013,48,1,NA,NA,NA,NA,NA,"ratfish","ratfish",714,714,16,"","","","","",NA,NA
"789","2013_48_1_SL.avi",46920,"37:11.6",NA,NA,NA,25.816,0.33,NA,3476.076,24.623,NA,NA,-1431.437,-255.636,-3157.331,1,"Jenny Stahl",0,"old cameras",2013,48,1,NA,NA,NA,NA,NA,"ratfish","ratfish",714,714,17,"","","","","",NA,NA
"790","2013_48_1_SL.avi",48640,"38:09.0",NA,NA,NA,32.126,0.979,NA,3969.573,23.216,NA,NA,-1557.092,114.738,-3649.632,1,"Jenny Stahl",0,"old cameras",2013,48,1,NA,NA,NA,NA,NA,"ratfish","ratfish",714,714,18,"","","","","",NA,NA
"791","2013_48_1_SL.avi",52516,"40:18.3",NA,NA,NA,21.379,1.159,NA,3056.636,27.356,NA,NA,1240.697,-688.631,-2707.302,1,"Jenny Stahl",0,"old cameras",2013,48,1,NA,NA,NA,NA,NA,"rockfish","rosethorn",150,150,19,"","","","","",NA,NA
"792","2013_48_1_SL.avi",55624,"42:02.0",NA,NA,NA,26.177,10.309,NA,3983.21,8.874,NA,NA,515.792,290.054,-3939.009,1,"Jenny Stahl",0,"old cameras",2013,48,1,NA,NA,NA,NA,NA,"rockfish","",NA,NA,22,"","","","dusky? Bad lighting to confirm","",NA,NA
"793","2013_48_1_SL.avi",55654,"42:03.0",NA,NA,NA,23.512,4.681,NA,3355.073,23.979,NA,NA,-1363.07,-67.772,-3064.957,1,"Jenny Stahl",0,"old cameras",2013,48,1,NA,NA,NA,NA,NA,"rockfish","rosethorn",150,150,20,"","","","","",NA,NA
"794","2013_48_1_SL.avi",55654,"42:03.0",NA,NA,NA,12.038,5.991,NA,2632.884,9.412,NA,NA,-430.576,-30.157,-2597.263,1,"Jenny Stahl",0,"old cameras",2013,48,1,NA,NA,NA,NA,NA,"rockfish","",NA,NA,21,"","","","Dusky? Bad lighting to confirm","",NA,NA
"795","2013_48_1_SL.avi",60130,"44:32.3",NA,NA,NA,17.508,7.211,NA,2929.691,21.104,NA,NA,-719.126,-802.207,-2724.41,1,"Jenny Stahl",0,"old cameras",2013,48,1,NA,NA,NA,NA,NA,"ratfish","ratfish",714,714,23,"","","","","",NA,NA
"796","2013_48_1_SL.avi",60306,"44:38.2",NA,NA,NA,32.524,8.97,NA,4555.446,7.673,NA,NA,-134.013,542.896,-4520.994,1,"Jenny Stahl",0,"old cameras",2013,48,1,NA,NA,NA,NA,NA,"rockfish","canary",146,146,24,"","","","","",NA,NA
"797","2013_48_1_SL.avi",60648,"44:49.6",NA,NA,NA,34.803,1.831,NA,4505.968,12.839,NA,NA,-522.996,804.844,-4402.55,1,"Jenny Stahl",0,"old cameras",2013,48,1,NA,NA,NA,NA,NA,"rockfish","canary",146,146,25,"","","","","",NA,NA
"798","2013_48_1_SL.avi",60648,"44:49.6",NA,NA,NA,47.567,6.78,NA,5329.929,11.106,NA,NA,-680.36,710.49,-5238.364,1,"Jenny Stahl",0,"old cameras",2013,48,1,NA,NA,NA,NA,NA,"rockfish","canary",146,146,26,"","","","","",NA,NA
"799","2013_48_1_SL.avi",60741,"44:52.7",NA,NA,NA,34.308,4.079,NA,4361.905,12.996,NA,NA,727.789,-705.031,-4242.578,1,"Jenny Stahl",0,"old cameras",2013,48,1,NA,NA,NA,NA,NA,"rockfish","yelloweye",145,145,27,"SU","fish moving slowly into frame","","","",NA,NA
"800","2013_48_1_SL.avi",60774,"44:53.8",NA,NA,NA,63.404,17.288,NA,5564.381,23.707,NA,NA,2236.836,-17.477,-5094.958,1,"Jenny Stahl",0,"old cameras",2013,48,1,NA,NA,NA,NA,NA,"rockfish","canary",146,146,29,"","","","","",NA,NA
"801","2013_48_1_SL.avi",60808,"44:55.0",NA,NA,NA,14.251,5.616,NA,2845.842,12.595,NA,NA,14.601,-651.296,-2770.274,1,"Jenny Stahl",0,"old cameras",2013,48,1,NA,NA,NA,NA,NA,"rockfish","yelloweye",145,145,30,"SU","milling/hovering","","No length- bad angle","",NA,NA
"802","2013_48_1_SL.avi",60816,"44:55.2",NA,NA,603.099,16.86,4.001,2.615,3551.492,17.589,1.045,0.667,689.579,-860.012,-3376.086,1,"Jenny Stahl",0,"old cameras",2013,48,1,NA,NA,NA,NA,NA,"rockfish","yelloweye",145,145,27,"SU","","","","",NA,NA
"803","2013_48_1_SL.avi",60860,"44:56.7",NA,NA,NA,4.88,2.36,NA,1523.59,17.811,NA,NA,-465.173,-44.266,-1450.166,1,"Jenny Stahl",0,"old cameras",2013,48,1,NA,NA,NA,NA,NA,"rockfish","canary",146,146,31,"","","","","",NA,NA
"804","2013_48_1_SL.avi",60873,"44:57.1",NA,NA,NA,36.637,10.615,NA,4521.963,13.776,NA,NA,1064.434,-211.854,-4389.789,1,"Jenny Stahl",0,"old cameras",2013,48,1,NA,NA,NA,NA,NA,"rockfish","canary",146,146,28,"","","","","",NA,NA
"805","2013_48_1_SL.avi",61330,"45:12.4",NA,NA,NA,47.322,3.811,NA,4678.701,25.658,NA,NA,1468.035,-1443.015,-4201.526,1,"Jenny Stahl",0,"old cameras",2013,48,1,NA,NA,NA,NA,NA,"rockfish","canary",146,146,32,"","","","","",NA,NA
"806","2013_48_1_SL.avi",61493,"45:17.8",NA,NA,NA,12.393,4.019,NA,2340.059,27.937,NA,NA,-873.681,-685.242,-2059.854,1,"Jenny Stahl",0,"old cameras",2013,48,1,NA,NA,NA,NA,NA,"rockfish","silvergray",157,157,34,"","","","","",NA,NA
"807","2013_48_1_SL.avi",61498,"45:18.0",NA,NA,NA,25.104,1.416,NA,3550.308,19.817,NA,NA,-1183.031,-258.923,-3337.376,1,"Jenny Stahl",0,"old cameras",2013,48,1,NA,NA,NA,NA,NA,"rockfish","canary",146,146,33,"","","","","",NA,NA
"808","2013_48_1_SL.avi",72480,"51:24.4",NA,NA,NA,23.915,3.09,NA,3509.386,17.327,NA,NA,755.412,-759.645,-3341.868,1,"Jenny Stahl",0,"old cameras",2013,48,1,NA,NA,NA,NA,NA,"rockfish","rosethorn",150,150,35,"","","","","",NA,NA
"809","2013_48_1_SL.avi",74222,"52:22.5",NA,NA,NA,46.826,2.313,NA,5479.065,5.296,NA,NA,-442.052,-306.515,-5452.595,1,"Jenny Stahl",0,"old cameras",2013,48,1,NA,NA,NA,NA,NA,"rockfish","yelloweye",145,145,36,"AD","milling","","","",NA,NA
"810","2013_48_1_SL.avi",74413,"52:28.9",NA,NA,477.547,14.682,3.869,0.635,3576.823,12.724,1.069,32.003,-740.317,230.542,-3491.768,1,"Jenny Stahl",0,"old cameras",2013,48,1,NA,NA,NA,NA,NA,"rockfish","yelloweye",145,145,36,"AD","","","","",NA,NA
"811","2013_48_1_SL.avi",80503,"55:52.1",NA,NA,NA,3.498,0.334,NA,1255.095,18.612,NA,NA,383.418,-129.224,-1188.089,1,"Jenny Stahl",0,"old cameras",2013,48,1,NA,NA,NA,NA,NA,"shrimp","",10042,10042,37,"","","","Pandalus hypsinotus","",NA,NA
"812","2013_48_1_SL.avi",80730,"55:59.7",NA,NA,NA,12.827,5.787,NA,2663.551,12.466,NA,NA,574.495,-5.897,-2600.851,1,"Jenny Stahl",0,"old cameras",2013,48,1,NA,NA,NA,NA,NA,"ratfish","ratfish",714,714,38,"","","","","",NA,NA
"813","2013_48_1_SL.avi",81471,"56:24.4",NA,NA,450.762,17.218,2.943,0.811,1851.91,18.852,58.754,14.715,-567.168,-210.281,-1750.335,1,"Jenny Stahl",0,"old cameras",2013,48,1,NA,NA,NA,NA,NA,"halibut","halibut",200,200,39,"","","","High Horiz OK cause flatfish","",NA,NA
"814","2013_48_1_SL.avi",81507,"56:25.6",NA,NA,NA,6.474,2.371,NA,1736.715,20.41,NA,NA,-548.52,-274.902,-1624.726,1,"Jenny Stahl",0,"old cameras",2013,48,1,NA,NA,NA,NA,NA,"halibut","halibut",200,200,39,"","","","","",NA,NA
"815","2013_51_1_SL.avi",118,"54:54.9",NA,NA,NA,10.839,10.595,NA,2190.144,25.375,NA,NA,834.529,-451.521,-1973.935,1,"Jenny Stahl",0,"old cameras",2013,51,1,NA,NA,NA,NA,NA,"rockfish","rosethorn",150,150,1,"","","","","",NA,NA
"816","2013_51_1_SL.avi",136,"54:55.5",NA,NA,NA,28.779,24.712,NA,3571.065,28.035,NA,NA,1603.855,459.52,-3157.371,1,"Jenny Stahl",0,"old cameras",2013,51,1,NA,NA,NA,NA,NA,"greenling","lingcod",130,130,2,"","","","No length-can't see well","",NA,NA
"817","2013_51_1_SL.avi",258,"54:59.6",NA,NA,NA,15.91,9.476,NA,2634.75,28.334,NA,NA,1118.033,534.218,-2325.193,1,"Jenny Stahl",0,"old cameras",2013,51,1,NA,NA,NA,NA,NA,"rockfish","",10024,10024,3,"","","","Maybe Ye before start transect","",NA,NA
"818","2013_51_1_SL.avi",839,"55:19.0",NA,NA,NA,24.892,25.118,NA,3504.23,21.804,NA,NA,1300.815,8.653,-3253.834,1,"Jenny Stahl",0,"old cameras",2013,51,1,NA,NA,NA,NA,NA,"cod","",9991,9991,4,"","","","","",NA,NA
"819","2013_51_1_SL.avi",2731,"56:22.1",NA,NA,NA,11.688,4.466,NA,2352.882,20.882,NA,NA,758.333,-382.641,-2194.213,1,"Jenny Stahl",0,"old cameras",2013,51,1,NA,NA,NA,NA,NA,"ratfish","ratfish",714,714,5,"","","","","",NA,NA
"820","2013_51_1_SL.avi",2731,"56:22.1",NA,NA,NA,22.061,6.833,NA,3766.95,4.965,NA,NA,-159.926,242.231,-3755.75,1,"Jenny Stahl",0,"old cameras",2013,51,1,NA,NA,NA,NA,NA,"rockfish","greenstripe",135,135,6,"","","","","",NA,NA
"821","2013_51_1_SL.avi",3286,"56:40.6",NA,NA,NA,14.485,1.274,NA,2543.998,25.28,NA,NA,1032.259,-364.275,-2296.447,1,"Jenny Stahl",0,"old cameras",2013,51,1,NA,NA,NA,NA,NA,"cod","",9991,9991,7,"","","","","",NA,NA
"822","2013_51_1_SL.avi",3349,"56:42.7",NA,NA,NA,14.13,6.22,NA,2661.525,18.431,NA,NA,825.357,-192.042,-2523.018,1,"Jenny Stahl",0,"old cameras",2013,51,1,NA,NA,NA,NA,NA,"flatfish","flatfish",10006,10006,8,"","","","halibut? Hard to see","",NA,NA
"823","2013_51_1_SL.avi",7411,"58:58.3",NA,NA,NA,3.853,3.99,NA,1386.143,11.407,NA,NA,-98.875,-270.836,-1355.826,1,"Jenny Stahl",0,"old cameras",2013,51,1,NA,NA,NA,NA,NA,"cod","",9991,9991,9,"","","","","",NA,NA
"824","2013_51_1_SL.avi",8815,"59:45.1",NA,NA,NA,119.001,8.463,NA,7472.016,25.322,NA,NA,-2890.47,1287.834,-6768.876,1,"Jenny Stahl",0,"old cameras",2013,51,1,NA,NA,NA,NA,NA,"cod","",9991,9991,10,"","","","","",NA,NA
"825","2013_51_1_SL.avi",9575,"00:10.5",NA,NA,NA,6.925,1.333,NA,1896.36,13.684,NA,NA,-269.931,-378.837,-1838.424,1,"Jenny Stahl",0,"old cameras",2013,51,1,NA,NA,NA,NA,NA,"flatfish","Dover sole",124,124,11,"","","","","",NA,NA
"826","2013_51_1_SL.avi",12644,"01:52.9",NA,NA,NA,7.513,8.269,NA,2054.772,7.393,NA,NA,122.723,-256.901,-2034.952,1,"Jenny Stahl",0,"old cameras",2013,51,1,NA,NA,NA,NA,NA,"ratfish","ratfish",714,714,12,"","","","","",NA,NA
"827","2013_51_1_SL.avi",12803,"01:58.2",NA,NA,254.558,4.456,7.41,1.987,1717.158,13.945,9.364,20.952,203.46,-378.887,-1662.432,1,"Jenny Stahl",0,"old cameras",2013,51,1,NA,NA,NA,NA,NA,"halibut","halibut",200,200,13,"","","","","",NA,NA
"828","2013_51_1_SL.avi",12824,"01:58.9",NA,NA,NA,6.043,7.311,NA,1666.255,21.32,NA,NA,482.828,-383.164,-1548.053,1,"Jenny Stahl",0,"old cameras",2013,51,1,NA,NA,NA,NA,NA,"halibut","halibut",200,200,13,"","","","","",NA,NA
"829","2013_51_1_SL.avi",16456,"04:00.1",NA,NA,NA,7.236,2.446,NA,2052.399,2.715,NA,NA,36.036,-113.158,-2048.961,1,"Jenny Stahl",0,"old cameras",2013,51,1,NA,NA,NA,NA,NA,"ratfish","ratfish",714,714,14,"","","","","",NA,NA
"830","2013_51_1_SL.avi",17279,"04:27.5",NA,NA,NA,6.193,1.611,NA,1661.682,24.942,NA,NA,506.035,-501.481,-1501.211,1,"Jenny Stahl",0,"old cameras",2013,51,1,NA,NA,NA,NA,NA,"cod","",9991,9991,15,"","","","","",NA,NA
"831","2013_51_1_SL.avi",25142,"08:49.9",NA,NA,NA,11.633,9.667,NA,2416.812,17.995,NA,NA,737.938,-139.307,-2297.176,1,"Jenny Stahl",0,"old cameras",2013,51,1,NA,NA,NA,NA,NA,"rockfish","greenstripe",135,135,16,"","","","greenstriped? moves fast","",NA,NA
"832","2013_51_1_SL.avi",27150,"09:56.9",NA,NA,NA,10.078,3.455,NA,2181.667,20.736,NA,NA,679.248,-390.56,-2036.113,1,"Jenny Stahl",0,"old cameras",2013,51,1,NA,NA,NA,NA,NA,"ratfish","ratfish",714,714,17,"","","","","",NA,NA
"833","2013_51_1_SL.avi",28737,"10:49.9",NA,NA,NA,7.591,10.147,NA,1967.132,15.414,NA,NA,-351.351,-408.329,-1891.938,1,"Jenny Stahl",0,"old cameras",2013,51,1,NA,NA,NA,NA,NA,"ratfish","ratfish",714,714,18,"","","","","",NA,NA
"834","2013_51_1_SL.avi",29979,"11:31.3",NA,NA,NA,27.49,6.786,NA,4252.006,3.308,NA,NA,-219.603,62.092,-4245.878,1,"Jenny Stahl",0,"old cameras",2013,51,1,NA,NA,NA,NA,NA,"ratfish","ratfish",714,714,19,"","","","","",NA,NA
"835","2013_51_1_SL.avi",31672,"12:27.8",NA,NA,NA,25.038,7.106,NA,3432.242,24.196,NA,NA,1402.35,-146.16,-3129.271,1,"Jenny Stahl",0,"old cameras",2013,51,1,NA,NA,NA,NA,NA,"cod","",9991,9991,20,"","","","","",NA,NA
"836","2013_51_1_SL.avi",31738,"12:30.0",NA,NA,NA,11.968,8.059,NA,2462.89,17.021,NA,NA,694.491,-219.697,-2352.71,1,"Jenny Stahl",0,"old cameras",2013,51,1,NA,NA,NA,NA,NA,"rockfish","greenstripe",135,135,21,"","","","","",NA,NA
"837","2013_51_1_SL.avi",36299,"15:02.2",NA,NA,NA,25.138,3.858,NA,4011.85,5.836,NA,NA,179.249,321.916,-3994.894,1,"Jenny Stahl",0,"old cameras",2013,51,1,NA,NA,NA,NA,NA,"ratfish","ratfish",714,714,22,"","","","","",NA,NA
"838","2013_51_1_SL.avi",38236,"16:06.8",NA,NA,NA,8.837,1.087,NA,2101.856,17.528,NA,NA,-626.049,-115.918,-2003.103,1,"Jenny Stahl",0,"old cameras",2013,51,1,NA,NA,NA,NA,NA,"ratfish","ratfish",714,714,23,"","","","","",NA,NA
"839","2013_51_1_SL.avi",46466,"20:41.4",NA,NA,NA,92.927,3.634,NA,6959.714,18.542,NA,NA,2001.847,870.224,-6608.55,1,"Jenny Stahl",0,"old cameras",2013,51,1,NA,NA,NA,NA,NA,"ratfish","ratfish",714,714,24,"","","","","",NA,NA
"840","2013_51_1_SL.avi",46854,"20:54.4",NA,NA,NA,10.631,0.592,NA,2514.623,5.323,NA,NA,-40.817,-257.565,-2501.065,1,"Jenny Stahl",0,"old cameras",2013,51,1,NA,NA,NA,NA,NA,"rockfish","silvergray",157,157,25,"","","","","",NA,NA
"841","2013_51_1_SL.avi",47432,"21:13.6",NA,NA,NA,12.742,6.161,NA,2403.954,24.197,NA,NA,947.296,-295.539,-2189.584,1,"Jenny Stahl",0,"old cameras",2013,51,1,NA,NA,NA,NA,NA,"rockfish","rosethorn",150,150,26,"","","","","",NA,NA
"842","2013_51_1_SL.avi",52768,"24:11.7",NA,NA,NA,8.546,2.005,NA,1952.368,25.301,NA,NA,650.237,-542.508,-1759.153,1,"Jenny Stahl",0,"old cameras",2013,51,1,NA,NA,NA,NA,NA,"ratfish","ratfish",714,714,27,"","","","","",NA,NA
"843","2013_51_1_SL.avi",53839,"24:47.4",NA,NA,NA,13.976,4.892,NA,2815.432,10.759,NA,NA,236.213,-500.313,-2760.534,1,"Jenny Stahl",0,"old cameras",2013,51,1,NA,NA,NA,NA,NA,"cod","",9991,9991,28,"","","","","",NA,NA
"844","2013_51_1_SL.avi",54318,"25:03.4",NA,NA,NA,11.27,1.358,NA,2468.639,13.908,NA,NA,-278.576,-550.571,-2390.282,1,"Jenny Stahl",0,"old cameras",2013,51,1,NA,NA,NA,NA,NA,"ratfish","ratfish",714,714,29,"","","","","",NA,NA
"845","2013_51_1_SL.avi",57057,"26:34.8",NA,NA,NA,19.786,3.312,NA,3176.803,18.798,NA,NA,1021.86,-94.127,-3006.497,1,"Jenny Stahl",0,"old cameras",2013,51,1,NA,NA,NA,NA,NA,"rockfish","greenstripe",135,135,30,"","","","","",NA,NA
"846","2013_51_1_SL.avi",57477,"26:48.8",NA,NA,NA,25.595,1.443,NA,3528.861,22.777,NA,NA,1364.63,28.725,-3254.2,1,"Jenny Stahl",0,"old cameras",2013,51,1,NA,NA,NA,NA,NA,"ratfish","ratfish",714,714,31,"","","","","",NA,NA
"847","2013_51_1_SL.avi",57549,"26:51.2",NA,NA,NA,10.016,0.508,NA,2144.838,23.422,NA,NA,-702.444,-505.065,-1962.603,1,"Jenny Stahl",0,"old cameras",2013,51,1,NA,NA,NA,NA,NA,"cod","",9991,9991,32,"","","","","",NA,NA
"848","2013_52_1_SL.avi",42736,"00:56.0",NA,NA,NA,42.985,1.309,NA,4925.552,12.361,NA,NA,715.374,-828.221,-4802.432,1,"Jenny",0,"old cameras",2013,52,1,NA,NA,NA,NA,NA,"rockfish","yelloweye",145,145,1,"AD","milling/hovering","","","",NA,NA
"849","2013_52_1_SL.avi",43210,"01:11.8",NA,NA,NA,90.613,0.931,NA,7460.052,8.726,NA,NA,1102.758,-336.676,-7370.411,1,"Jenny",0,"old cameras",2013,52,1,NA,NA,NA,NA,NA,"rockfish","yelloweye",145,145,2,"AD","milling/hovering","","No length-too blurry","",NA,NA
"850","2013_57_1_SL.avi",1452,"0.8075",NA,NA,NA,13.155,5.988,NA,2664.994,12.855,NA,NA,469.975,-390.469,-2594.003,1,"Jenny Stahl",0,"old cameras, time stamp bad on SL, enter Horita time",2013,57,1,NA,NA,NA,NA,NA,"halibut","halibut",200,200,1,"","","","","13:25:44",NA,NA
"851","2013_57_1_SL.avi",1459,"0.8114",NA,NA,454.715,12.708,7.414,4.07,2476.497,18.626,11.041,4.51,657.608,-465.685,-2341.736,1,"Jenny Stahl",0,"old cameras, time stamp bad on SL, enter Horita time",2013,57,1,NA,NA,NA,NA,NA,"halibut","halibut",200,200,1,"","","","","13:25:45",NA,NA
"852","2013_57_1_SL.avi",2729,"1.5176",NA,NA,NA,19.113,5.965,NA,3382.497,7.526,NA,NA,-338.828,-322.811,-3349.966,1,"Jenny Stahl",0,"old cameras, time stamp bad on SL, enter Horita time",2013,57,1,NA,NA,NA,NA,NA,"rockfish","silvergray",157,157,2,"","","","","13:26:27",NA,NA
"853","2013_57_1_SL.avi",2729,"1.5176",NA,NA,NA,33.042,1.486,NA,4594.526,5.94,NA,NA,454.694,87.981,-4571.125,1,"Jenny Stahl",0,"old cameras, time stamp bad on SL, enter Horita time",2013,57,1,NA,NA,NA,NA,NA,"rockfish","silvergray",157,157,3,"","","","","13:26:27",NA,NA
"854","2013_57_1_SL.avi",3043,"1.6922",NA,NA,NA,14.773,7.945,NA,2908.117,10.153,NA,NA,-497.54,-155.324,-2861.026,1,"Jenny Stahl",0,"old cameras, time stamp bad on SL, enter Horita time",2013,57,1,NA,NA,NA,NA,NA,"rockfish","",NA,NA,4,"","","","blue?","13:26:37",NA,NA
"855","2013_57_1_SL.avi",4227,"2.3507",NA,NA,NA,11.471,1.659,NA,2640.942,4.403,NA,NA,199.625,6.129,-2633.379,1,"Jenny Stahl",0,"old cameras, time stamp bad on SL, enter Horita time",2013,57,1,NA,NA,NA,NA,NA,"rockfish","sharpchin",166,166,5,"","","","","13:27:17",NA,NA
"856","2013_57_1_SL.avi",4227,"2.3507",NA,NA,NA,15.842,3.486,NA,2920.794,14.533,NA,NA,728.078,-115.808,-2826.221,1,"Jenny Stahl",0,"old cameras, time stamp bad on SL, enter Horita time",2013,57,1,NA,NA,NA,NA,NA,"rockfish","silvergray",157,157,34,"","","","","13:27:17",NA,NA
"857","2013_57_1_SL.avi",5157,"2.8679",NA,NA,NA,73.089,2.84,NA,5916.633,24.561,NA,NA,2422.557,363.82,-5385.666,1,"Jenny Stahl",0,"old cameras, time stamp bad on SL, enter Horita time",2013,57,1,NA,NA,NA,NA,NA,"rockfish","silvergray",157,157,7,"","","","","13:27:48",NA,NA
"858","2013_57_1_SL.avi",12492,"6.9469",NA,NA,NA,10.577,1.049,NA,2436.365,10.111,NA,NA,207.125,-400.922,-2394.209,1,"Jenny Stahl",0,"old cameras, time stamp bad on SL, enter Horita time",2013,57,1,NA,NA,NA,NA,NA,"rockfish","rosethorn",150,150,8,"","","","","13:31:53",NA,NA
"859","2013_57_1_SL.avi",15249,"8.4801",NA,NA,NA,11.223,2.879,NA,2466.399,12.326,NA,NA,-411.708,-355.058,-2405.733,1,"Jenny Stahl",0,"old cameras, time stamp bad on SL, enter Horita time",2013,57,1,NA,NA,NA,NA,NA,"rockfish","redstripe",158,158,9,"","","","","13:33:25",NA,NA
"860","2013_57_1_SL.avi",15574,"8.6609",NA,NA,NA,15.901,5.82,NA,3039.683,8.857,NA,NA,295.463,-396.411,-2999.205,1,"Jenny Stahl",0,"old cameras, time stamp bad on SL, enter Horita time",2013,57,1,NA,NA,NA,NA,NA,"rockfish","redstripe",158,158,10,"","","","","13:33:35",NA,NA
"861","2013_57_1_SL.avi",21403,"11.9024",NA,NA,NA,7.227,5.526,NA,1987.484,9.318,NA,NA,205.102,-269.83,-1958.371,1,"Jenny Stahl",0,"old cameras, time stamp bad on SL, enter Horita time",2013,57,1,NA,NA,NA,NA,NA,"ratfish","ratfish",714,714,11,"","","","","13:36:50",NA,NA
"862","2013_57_1_SL.avi",29182,"16.2284",NA,NA,NA,9.523,4.134,NA,2122.137,21.275,NA,NA,577.955,-530.835,-1971.711,1,"Jenny Stahl",0,"old cameras, time stamp bad on SL, enter Horita time",2013,57,1,NA,NA,NA,NA,NA,"ratfish","ratfish",714,714,14,"","","","","13:41:10",NA,NA
"863","2013_57_1_SL.avi",30761,"17.1065",NA,NA,NA,13.93,8.966,NA,2870.254,7.911,NA,NA,-392.361,-77.761,-2842.246,1,"Jenny Stahl",0,"old cameras, time stamp bad on SL, enter Horita time",2013,57,1,NA,NA,NA,NA,NA,"ratfish","ratfish",714,714,15,"","","","","13:42:02",NA,NA
"864","2013_57_1_SL.avi",30779,"17.1165",NA,NA,NA,8.13,1.145,NA,1911.703,23.492,NA,NA,700.392,-319.778,-1749.801,1,"Jenny Stahl",0,"old cameras, time stamp bad on SL, enter Horita time",2013,57,1,NA,NA,NA,NA,NA,"ratfish","ratfish",714,714,16,"","","","","13:42:03",NA,NA
"865","2013_57_1_SL.avi",37687,"20.9581",NA,NA,NA,10.31,0.525,NA,2501.065,2.541,NA,NA,69.271,-114.428,-2497.486,1,"Jenny Stahl",0,"old cameras, time stamp bad on SL, enter Horita time",2013,57,1,NA,NA,NA,NA,NA,"ratfish","ratfish",714,714,17,"","","","","13:45:53",NA,NA
"866","2013_57_1_SL.avi",39240,"21.8218",NA,NA,NA,11.386,4.919,NA,2471.112,14.022,NA,NA,598.73,-29.354,-2397.302,1,"Jenny Stahl",0,"old cameras, time stamp bad on SL, enter Horita time",2013,57,1,NA,NA,NA,NA,NA,"ratfish","ratfish",714,714,18,"","","","","13:46:45",NA,NA
"867","2013_57_1_SL.avi",40330,"22.4279",NA,NA,NA,14.459,3.375,NA,3031.07,1.32,NA,NA,-63.063,-3.812,-3030.411,1,"Jenny Stahl",0,"old cameras, time stamp bad on SL, enter Horita time",2013,57,1,NA,NA,NA,NA,NA,"ratfish","ratfish",714,714,19,"","","","","13:47:22",NA,NA
"868","2013_57_1_SL.avi",41222,"22.924",NA,NA,NA,5.025,2.426,NA,1583.827,13.664,NA,NA,277.245,-268.361,-1536.107,1,"Jenny Stahl",0,"old cameras, time stamp bad on SL, enter Horita time",2013,57,1,NA,NA,NA,NA,NA,"ratfish","ratfish",714,714,20,"","","","","13:47:51",NA,NA
"869","2013_57_1_SL.avi",45746,"25.4398",NA,NA,NA,13.901,3.187,NA,2591.665,21.537,NA,NA,-945.114,-136.066,-2409.351,1,"Jenny Stahl",0,"old cameras, time stamp bad on SL, enter Horita time",2013,57,1,NA,NA,NA,NA,NA,"ratfish","ratfish",714,714,21,"","","","","13:50:22",NA,NA
"870","2013_57_1_SL.avi",47885,"26.6293",NA,NA,NA,72.365,12.214,NA,5893.133,24.559,NA,NA,2419.034,324.412,-5363.959,1,"Jenny Stahl",0,"old cameras, time stamp bad on SL, enter Horita time",2013,57,1,NA,NA,NA,NA,NA,"cod","",9991,9991,22,"","","","","13:51:34",NA,NA
"871","2013_57_1_SL.avi",51027,"28.3766",NA,NA,NA,6.544,0.342,NA,1847.349,12.666,NA,NA,244.463,-343.045,-1798.682,1,"Jenny Stahl",0,"old cameras, time stamp bad on SL, enter Horita time",2013,57,1,NA,NA,NA,NA,NA,"rockfish","greenstripe",135,135,23,"","","","","13:53:18",NA,NA
"872","2013_57_1_SL.avi",57261,"31.8434",NA,NA,NA,15.169,2.552,NA,2924.21,12.243,NA,NA,-234.053,-606.067,-2851.123,1,"Jenny Stahl",0,"old cameras, time stamp bad on SL, enter Horita time",2013,57,1,NA,NA,NA,NA,NA,"rockfish","rosethorn",150,150,24,"","","","","13:56:46",NA,NA
"873","2013_57_1_SL.avi",61033,"33.9411",NA,NA,NA,18.632,0.658,NA,2971.535,22.046,NA,NA,-995.64,-533.41,-2748.49,1,"Jenny Stahl",0,"old cameras, time stamp bad on SL, enter Horita time",2013,57,1,NA,NA,NA,NA,NA,"rockfish","rosethorn",150,150,25,"","","","","13:58:52",NA,NA
"874","2013_57_1_SL.avi",63527,"35.328",NA,NA,NA,10.732,0.66,NA,2375.859,14.114,NA,NA,-480.162,-349.891,-2300.376,1,"Jenny Stahl",0,"old cameras, time stamp bad on SL, enter Horita time",2013,57,1,NA,NA,NA,NA,NA,"ratfish","ratfish",714,714,26,"","","","","14:00:16",NA,NA
"875","2013_57_1_SL.avi",63990,"35.5855",NA,NA,NA,21.543,1.888,NA,3250.131,21.245,NA,NA,-1163.25,-217.866,-3027.001,1,"Jenny Stahl",0,"old cameras, time stamp bad on SL, enter Horita time",2013,57,1,NA,NA,NA,NA,NA,"rockfish","rosethorn",150,150,27,"","","","","14:00:31",NA,NA
"876","2013_57_1_SL.avi",67643,"37.6169",NA,NA,NA,11.562,0.479,NA,2347.956,21.723,NA,NA,866.621,-88.902,-2180.359,1,"Jenny Stahl",0,"old cameras, time stamp bad on SL, enter Horita time",2013,57,1,NA,NA,NA,NA,NA,"ratfish","ratfish",714,714,28,"","","","","14:02:33",NA,NA
"877","2013_57_1_SL.avi",67887,"37.7526",NA,NA,NA,14.431,6.61,NA,2631.022,21.704,NA,NA,966.767,-137.145,-2443.119,1,"Jenny Stahl",0,"old cameras, time stamp bad on SL, enter Horita time",2013,57,1,NA,NA,NA,NA,NA,"ratfish","ratfish",714,714,29,"","","","","14:02:41",NA,NA
"878","2013_57_1_SL.avi",69045,"38.3966",NA,NA,NA,5.258,4.048,NA,1622.138,14.857,NA,NA,221.491,-369.517,-1563.884,1,"Jenny Stahl",0,"old cameras, time stamp bad on SL, enter Horita time",2013,57,1,NA,NA,NA,NA,NA,"crab","box crab",900,900,31,"","","","","14:03:20",NA,NA
"879","2013_57_1_SL.avi",70353,"39.124",NA,NA,NA,8.84,1.949,NA,2198.485,11.212,NA,NA,-234.727,-381.276,-2152.41,1,"Jenny Stahl",0,"old cameras, time stamp bad on SL, enter Horita time",2013,57,1,NA,NA,NA,NA,NA,"ratfish","ratfish",714,714,32,"","","","","14:04:03",NA,NA
"880","2013_57_1_SL.avi",70452,"39.1791",NA,NA,NA,8.76,6.118,NA,2105.342,16.278,NA,NA,-439.774,-416.002,-2016.434,1,"Jenny Stahl",0,"old cameras, time stamp bad on SL, enter Horita time",2013,57,1,NA,NA,NA,NA,NA,"ratfish","ratfish",714,714,33,"","","","","14:04:07",NA,NA
"881","2013_59_1_SL.avi",500,"24:12.7",NA,NA,NA,37.976,2.983,NA,4140.004,27.621,NA,NA,1533.125,1113.89,-3680.816,1,"Jenny Stahl",0,"old cameras",2013,59,1,NA,NA,NA,NA,NA,"rockfish","yellowtail",155,155,3,"","","","","",NA,NA
"882","2013_59_1_SL.avi",1772,"24:55.1",NA,NA,NA,81.249,14.57,NA,6954.44,11.186,NA,NA,1345.805,-170.973,-6820.836,1,"Jenny Stahl",0,"old cameras",2013,59,1,NA,NA,NA,NA,NA,"coral","red tree coral",10001,10001,2,"","","","","",NA,NA
"883","2013_59_1_SL.avi",1793,"24:55.8",NA,NA,NA,45.71,12.668,NA,5064.218,15.085,NA,NA,-1290.625,212.717,-4892.376,1,"Jenny Stahl",0,"old cameras",2013,59,1,NA,NA,NA,NA,NA,"rockfish","silvergray",157,157,7,"","","","","",NA,NA
"884","2013_59_1_SL.avi",1834,"24:57.2",NA,NA,NA,60.145,4.25,NA,5909.919,19.091,NA,NA,-176.958,1862.419,-5605.999,1,"Jenny Stahl",0,"old cameras",2013,59,1,NA,NA,NA,NA,NA,"rockfish","",10024,10024,8,"","","","Yellowtail? Bad visibility","",NA,NA
"885","2013_59_1_SL.avi",1866,"24:58.3",NA,NA,NA,27.651,10.192,NA,3583.459,26.141,NA,NA,1046.073,-1218.338,-3203.523,1,"Jenny Stahl",0,"old cameras",2013,59,1,NA,NA,NA,NA,NA,"rockfish","silvergray",157,157,5,"","","","","",NA,NA
"886","2013_59_1_SL.avi",1879,"24:58.7",NA,NA,NA,11.732,5.54,NA,2698.585,3.585,NA,NA,12.153,138.264,-2695.013,1,"Jenny Stahl",0,"old cameras",2013,59,1,NA,NA,NA,NA,NA,"rockfish","yellowtail",155,155,4,"","","","","",NA,NA
"887","2013_59_1_SL.avi",2024,"25:03.5",NA,NA,NA,22.553,10.931,NA,3594.207,12.277,NA,NA,-286.906,-747.497,-3503.892,1,"Jenny Stahl",0,"old cameras",2013,59,1,NA,NA,NA,NA,NA,"rockfish","dusky",172,172,6,"","","","","",NA,NA
"888","2013_59_1_SL.avi",2055,"25:04.6",NA,NA,NA,58.448,9.941,NA,5268.693,23.996,NA,NA,2033.891,620.227,-4820.553,1,"Jenny Stahl",0,"old cameras",2013,59,1,NA,NA,NA,NA,NA,"rockfish","",10024,10024,9,"","","","Yellowtail? Bad visibility","",NA,NA
"889","2013_59_1_SL.avi",2170,"25:08.4",NA,NA,NA,33.519,6.323,NA,3837.295,31.911,NA,NA,-1591.104,1221.678,-3271.196,1,"Jenny Stahl",0,"old cameras",2013,59,1,NA,NA,NA,NA,NA,"rockfish","",10024,10024,10,"","","","Yellowtail? Bad visibility","",NA,NA
"890","2013_59_1_SL.avi",4853,"26:37.9",NA,NA,NA,17.393,3.571,NA,2954.051,19.956,NA,NA,1007.379,10.301,-2776.959,1,"Jenny Stahl",0,"old cameras",2013,59,1,NA,NA,NA,NA,NA,"rockfish","silvergray",157,157,11,"","","","","",NA,NA
"891","2013_59_1_SL.avi",4916,"26:40.0",NA,NA,NA,47.49,8.496,NA,5164.755,14.663,NA,NA,529.292,-1251.042,-4982.915,1,"Jenny Stahl",0,"old cameras",2013,59,1,NA,NA,NA,NA,NA,"rockfish","rosethorn",150,150,12,"","","","","",NA,NA
"892","2013_59_1_SL.avi",10509,"29:46.6",NA,NA,NA,16.737,6.501,NA,2954.489,19.942,NA,NA,-384.357,-962.398,-2766.779,1,"Jenny Stahl",0,"old cameras",2013,59,1,NA,NA,NA,NA,NA,"rockfish","tiger",148,148,13,"","","","","",NA,NA
"893","2013_59_1_SL.avi",10509,"29:46.6",NA,NA,NA,31.782,8.943,NA,4356.81,8.912,NA,NA,-431.838,-566.707,-4298.157,1,"Jenny Stahl",0,"old cameras",2013,59,1,NA,NA,NA,NA,NA,"rockfish","rosethorn",150,150,14,"","","","","",NA,NA
"894","2013_59_1_SL.avi",10709,"29:53.3",NA,NA,NA,95.359,26.154,NA,6975.251,21.644,NA,NA,-2540.275,335.286,-6487.581,1,"Jenny Stahl",0,"old cameras",2013,59,1,NA,NA,NA,NA,NA,"ratfish","ratfish",714,714,15,"","","","","",NA,NA
"895","2013_59_1_SL.avi",13584,"31:29.3",NA,NA,NA,55.909,0.549,NA,5892.753,11.661,NA,NA,116.625,1120.95,-5783.979,1,"Jenny Stahl",0,"old cameras",2013,59,1,NA,NA,NA,NA,NA,"rockfish","yelloweye",145,145,16,"AD","milling","","","",NA,NA
"896","2013_59_1_SL.avi",13864,"31:38.6",NA,NA,490.42,19.923,0.018,0.744,3441.126,6.61,15.583,12.662,-368.639,-183.052,-3416.423,1,"Jenny Stahl",0,"old cameras",2013,59,1,NA,NA,NA,NA,NA,"rockfish","yelloweye",145,145,16,"AD","","","","",NA,NA
"897","2013_59_1_SL.avi",17051,"33:24.9",NA,NA,NA,40.241,4.899,NA,4404.525,24.692,NA,NA,-1839.805,-19.712,-4001.821,1,"Jenny Stahl",0,"old cameras",2013,59,1,NA,NA,NA,NA,NA,"rockfish","",10024,10024,17,"","","","yellowtail? bad lighting","",NA,NA
"898","2013_59_1_SL.avi",17071,"33:25.6",NA,NA,NA,10.415,3.028,NA,2426.665,10.693,NA,NA,15.501,-476.538,-2379.365,1,"Jenny Stahl",0,"old cameras",2013,59,1,NA,NA,NA,NA,NA,"rockfish","",10024,10024,18,"","","","yellowtail? bad lighting","",NA,NA
"899","2013_59_1_SL.avi",17400,"33:36.6",NA,NA,NA,47.888,12.624,NA,5177.568,17.584,NA,NA,-599.804,1389.451,-4951.452,1,"Jenny Stahl",0,"old cameras",2013,59,1,NA,NA,NA,NA,NA,"rockfish","yellowtail",155,155,19,"","","","","",NA,NA
"900","2013_59_1_SL.avi",30067,"40:39.2",NA,NA,NA,32.141,16.966,NA,4046.565,19.808,NA,NA,-1286.601,431.81,-3812.203,1,"Jenny Stahl",0,"old cameras",2013,59,1,NA,NA,NA,NA,NA,"ratfish","ratfish",714,714,20,"","","","","",NA,NA
"901","2013_59_1_SL.avi",30539,"40:55.0",NA,NA,NA,14.386,2.738,NA,2659.862,20.787,NA,NA,-942.691,-77.261,-2486.007,1,"Jenny Stahl",0,"old cameras",2013,59,1,NA,NA,NA,NA,NA,"cod","Pacific cod",110,110,21,"","","","","",NA,NA
"902","2013_59_1_SL.avi",30797,"41:03.6",NA,NA,NA,9.264,1.912,NA,2286.326,8.717,NA,NA,178.794,-321.968,-2256.47,1,"Jenny Stahl",0,"old cameras",2013,59,1,NA,NA,NA,NA,NA,"rockfish","rosethorn",150,150,22,"","","","","",NA,NA
"903","2013_59_1_SL.avi",35468,"43:39.5",NA,NA,NA,66.068,4.389,NA,6032.6,15.81,NA,NA,1570.507,419.701,-5809.442,1,"Jenny Stahl",0,"old cameras",2013,59,1,NA,NA,NA,NA,NA,"rockfish","yelloweye",145,145,24,"AD","milling","","","",NA,NA
"904","2013_59_1_SL.avi",35515,"43:41.0",NA,NA,NA,86.44,4.215,NA,6523.137,22.041,NA,NA,2316.462,724.132,-6054.829,1,"Jenny Stahl",0,"old cameras",2013,59,1,NA,NA,NA,NA,NA,"rockfish","dusky",172,172,25,"","","","","",NA,NA
"905","2013_59_1_SL.avi",35545,"43:42.0",NA,NA,NA,56.354,10.686,NA,6014.216,6.817,NA,NA,637.002,255.756,-5974.916,1,"Jenny Stahl",0,"old cameras",2013,59,1,NA,NA,NA,NA,NA,"coral","red tree coral",10001,10001,23,"","","","","",NA,NA
"906","2013_59_1_SL.avi",35641,"43:45.2",NA,NA,340.435,43.849,6.874,8.135,3970.043,23.989,18.571,13.276,1461.358,-725.709,-3619.257,1,"Jenny Stahl",0,"old cameras",2013,59,1,NA,NA,NA,NA,NA,"rockfish","yelloweye",145,145,24,"AD","","","Tail turned. Don't use for estimates","",NA,NA
"907","2013_59_1_SL.avi",38900,"45:34.0",NA,NA,NA,37.749,1.884,NA,4150.797,25.032,NA,NA,1687.682,-527.983,-3755.274,1,"Jenny Stahl",0,"old cameras",2013,59,1,NA,NA,NA,NA,NA,"rockfish","yelloweye",145,145,26,"AD","fish moving slowly into frame","","","",NA,NA
"908","2013_59_1_SL.avi",38949,"45:35.6",NA,NA,469.485,30.015,3.261,2.218,3598.483,24.925,3.656,11.25,1293.698,-827.612,-3254.302,1,"Jenny Stahl",0,"old cameras",2013,59,1,NA,NA,NA,NA,NA,"rockfish","yelloweye",145,145,26,"AD","","","","",NA,NA
"909","2013_59_1_SL.avi",42164,"47:22.9",NA,NA,NA,28.651,4.606,NA,4026.301,12.894,NA,NA,414.669,-840.784,-3915.639,1,"Jenny Stahl",0,"old cameras",2013,59,1,NA,NA,NA,NA,NA,"rockfish","rosethorn",150,150,28,"","","","","",NA,NA
"910","2013_59_1_SL.avi",42164,"47:22.9",NA,NA,NA,26.531,1.751,NA,3697.012,19.256,NA,NA,1215.179,60.235,-3491.076,1,"Jenny Stahl",0,"old cameras",2013,59,1,NA,NA,NA,NA,NA,"rockfish","tiger",148,148,30,"","","","","",NA,NA
"911","2013_59_1_SL.avi",42258,"47:26.0",NA,NA,NA,57.075,7.533,NA,5328.91,21.847,NA,NA,-1525.809,1211.457,-4959.996,1,"Jenny Stahl",0,"old cameras",2013,59,1,NA,NA,NA,NA,NA,"rockfish","silvergray",157,157,29,"","","","","",NA,NA
"912","2013_59_1_SL.avi",42552,"47:35.8",NA,NA,NA,16.143,0.128,NA,2669.523,28.399,NA,NA,-1161.503,486.502,-2353.844,1,"Jenny Stahl",0,"old cameras",2013,59,1,NA,NA,NA,NA,NA,"rockfish","silvergray",157,157,31,"","","","","",NA,NA
"913","2013_59_1_SL.avi",49431,"51:25.3",NA,NA,NA,17.629,1.016,NA,2899.642,21.801,NA,NA,-1021.288,-371.53,-2688.283,1,"Jenny Stahl",0,"old cameras",2013,59,1,NA,NA,NA,NA,NA,"rockfish","rosethorn",150,150,32,"","","","","",NA,NA
"914","2013_59_1_SL.avi",51336,"52:28.9",NA,NA,NA,108.19,4.836,NA,7549.798,18.983,NA,NA,-1707.316,1685.598,-7158.441,1,"Jenny Stahl",0,"old cameras",2013,59,1,NA,NA,NA,NA,NA,"rockfish","yelloweye",145,145,33,"AD","milling","","","",NA,NA
"915","2013_59_1_SL.avi",51406,"52:31.2",NA,NA,514.335,82.652,9.021,0.435,6414.001,17.357,15.931,4.965,-1467.954,1159.104,-6135.226,1,"Jenny Stahl",0,"old cameras",2013,59,1,NA,NA,NA,NA,NA,"rockfish","yelloweye",145,145,33,"AD","","","","",NA,NA
"916","2013_59_1_SL.avi",51674,"52:40.2",NA,NA,NA,24.978,5.026,NA,3723.74,14.683,NA,NA,-922.547,159.387,-3604.129,1,"Jenny Stahl",0,"old cameras",2013,59,1,NA,NA,NA,NA,NA,"rockfish","silvergray",157,157,34,"","","","","",NA,NA
"917","2013_59_1_SL.avi",52621,"53:11.8",NA,NA,NA,16.022,5.235,NA,3084.489,11.514,NA,NA,13.971,581.784,-3029.093,1,"Jenny Stahl",0,"old cameras",2013,59,1,NA,NA,NA,NA,NA,"rockfish","bocaccio",137,137,35,"","","","","",NA,NA
"918","2013_59_1_SL.avi",53588,"53:44.1",NA,NA,NA,7.449,5.821,NA,1971.023,17.706,NA,NA,10.209,-620.247,-1870.861,1,"Jenny Stahl",0,"old cameras",2013,59,1,NA,NA,NA,NA,NA,"rockfish","tiger",148,148,36,"","","","","",NA,NA
"919","2013_59_1_SL.avi",55852,"54:59.6",NA,NA,NA,18.883,11.399,NA,3264.722,12.22,NA,NA,308.309,-653.959,-3183.66,1,"Jenny Stahl",0,"old cameras",2013,59,1,NA,NA,NA,NA,NA,"rockfish","rosethorn",150,150,37,"","","","","",NA,NA
"920","2013_59_1_SL.avi",58233,"56:19.0",NA,NA,NA,12.571,5.457,NA,2332.371,29.316,NA,NA,-984.556,-601.233,-2027.098,1,"Jenny Stahl",0,"old cameras",2013,59,1,NA,NA,NA,NA,NA,"rockfish","rosethorn",150,150,38,"","","","","",NA,NA
"921","2013_59_1_SL.avi",59020,"56:45.3",NA,NA,NA,6.623,5.624,NA,1933.866,6.855,NA,NA,182.893,119.419,-1921.491,1,"Jenny Stahl",0,"old cameras",2013,59,1,NA,NA,NA,NA,NA,"rockfish","canary",146,146,39,"","","","","",NA,NA
"922","2013_59_1_SL.avi",63762,"59:23.5",NA,NA,NA,8.132,0.684,NA,2037.987,15.383,NA,NA,364.276,-421.329,-1960.402,1,"Jenny Stahl",0,"old cameras",2013,59,1,NA,NA,NA,NA,NA,"rockfish","greenstripe",135,135,40,"","","","","",NA,NA
"923","2013_59_1_SL.avi",68008,"01:45.2",NA,NA,NA,8.696,3.499,NA,2179.194,11.787,NA,NA,158.794,-439.623,-2128.475,1,"Jenny Stahl",0,"old cameras",2013,59,1,NA,NA,NA,NA,NA,"rockfish","rosethorn",150,150,41,"","","","","",NA,NA
"924","2013_59_1_SL.avi",68170,"01:50.6",NA,NA,NA,9.756,2.203,NA,2361.917,10.685,NA,NA,-175.382,375.362,-2325.295,1,"Jenny Stahl",0,"old cameras",2013,59,1,NA,NA,NA,NA,NA,"rockfish","silvergray",157,157,42,"","","","","",NA,NA
"925","2013_59_1_SL.avi",71732,"03:49.5",NA,NA,NA,7.081,3.196,NA,1989.076,7.487,NA,NA,-128.388,-247.123,-1969.485,1,"Jenny Stahl",0,"old cameras",2013,59,1,NA,NA,NA,NA,NA,"rockfish","greenstripe",135,135,43,"","","","","",NA,NA
"926","2013_59_1_SL.avi",72110,"04:02.1",NA,NA,NA,20.465,0.873,NA,3636.233,3.424,NA,NA,157.843,108.717,-3631.179,1,"Jenny Stahl",0,"old cameras",2013,59,1,NA,NA,NA,NA,NA,"rockfish","rosethorn",150,150,44,"","","","","",NA,NA
"927","2013_59_1_SL.avi",73814,"04:58.9",NA,NA,NA,9.902,1.19,NA,2313.917,13.017,NA,NA,239.781,-487.86,-2249.158,1,"Jenny Stahl",0,"old cameras",2013,59,1,NA,NA,NA,NA,NA,"rockfish","bocaccio",137,137,45,"","","","","",NA,NA
"928","2013_59_1_SL.avi",74723,"05:29.3",NA,NA,NA,15.346,3.086,NA,2729.162,20.219,NA,NA,-808.264,-514.696,-2555.41,1,"Jenny Stahl",0,"old cameras",2013,59,1,NA,NA,NA,NA,NA,"rockfish","rosethorn",150,150,46,"","","","","",NA,NA
"929","2013_59_1_SL.avi",75020,"05:39.2",NA,NA,NA,14.904,3.84,NA,2784.818,16.585,NA,NA,485.24,-659.338,-2661.771,1,"Jenny Stahl",0,"old cameras",2013,59,1,NA,NA,NA,NA,NA,"rockfish","rosethorn",150,150,47,"","","","","",NA,NA
"930","2013_59_1_SL.avi",76603,"06:32.0",NA,NA,NA,32.379,2.906,NA,4141.628,15.985,NA,NA,-863.52,-789.477,-3972.926,1,"Jenny Stahl",0,"old cameras",2013,59,1,NA,NA,NA,NA,NA,"rockfish","rosethorn",150,150,48,"","","","","",NA,NA
"931","2013_56_1_SL.avi",16533,"47:14.7",NA,NA,NA,32.054,2.618,NA,4050.484,19.977,NA,NA,1375.298,110.84,-3808.24,1,"Kristen",0,"old cameras",2013,56,1,NA,NA,NA,NA,NA,"rockfish","rosethorn",150,150,1,"","","","","",NA,NA
"932","2013_56_1_SL.avi",18726,"48:27.9",NA,NA,NA,10.447,4.962,NA,2406.935,11.179,NA,NA,210.985,-442.504,-2356.483,1,"Kristen",0,"old cameras",2013,56,1,NA,NA,NA,NA,NA,"rockfish","rosethorn",150,150,2,"","","","","",NA,NA
"933","2013_56_1_SL.avi",23134,"50:55.0",NA,NA,NA,5.575,9.939,NA,1659.436,18.759,NA,NA,182.401,-518.991,-1565.601,1,"Kristen",0,"old cameras",2013,56,1,NA,NA,NA,NA,NA,"halibut","halibut",200,200,3,"","","","no length; body not visible","",NA,NA
"934","2013_56_1_SL.avi",25576,"52:16.4",NA,NA,NA,29.072,3.084,NA,3966.384,16.286,NA,NA,-1111.481,-85.152,-3806.516,1,"Kristen",0,"old cameras",2013,56,1,NA,NA,NA,NA,NA,"rockfish","rosethorn",150,150,4,"","","","","",NA,NA
"935","2013_56_1_SL.avi",36118,"58:08.2",NA,NA,NA,17.081,1.06,NA,2890.034,19.83,NA,NA,931.343,-336.531,-2715.078,1,"Kristen",0,"old cameras",2013,56,1,NA,NA,NA,NA,NA,"rockfish","rosethorn",150,150,5,"","","","","",NA,NA
"936","2013_56_1_SL.avi",36943,"58:35.7",NA,NA,NA,8.365,6.519,NA,2077.347,14.225,NA,NA,449.033,-265.226,-2010.819,1,"Kristen",0,"old cameras",2013,56,1,NA,NA,NA,NA,NA,"rockfish","greenstripe",135,135,6,"","","","","",NA,NA
"937","2013_56_1_SL.avi",63727,"13:29.4",NA,NA,NA,38.913,4.298,NA,4519.94,18.815,NA,NA,-1425.156,258.906,-4281.56,1,"Kristen",0,"old cameras",2013,56,1,NA,NA,NA,NA,NA,"rockfish","rosethorn",150,150,7,"","","","","",NA,NA
"938","2013_13_1_SL.avi",790,NA,NA,NA,NA,12.806,6.4,NA,2758.609,7.965,NA,NA,-325.54,169.898,-2734.059,1,"Kristen Green",0,"old cameras, pause and restart, enter Horita time",2013,13,1,NA,NA,NA,NA,NA,"rockfish","yelloweye",145,145,30,"SU","resting on bottom","","","16:00:40",0.4393,NA
"939","2013_13_1_SL.avi",814,NA,NA,NA,407.079,8.807,2.014,2.627,2407.483,3.195,13.346,6.837,-1.806,-160.936,-2402.097,1,"Kristen Green",0,"old cameras, pause and restart, enter Horita time",2013,13,1,NA,NA,NA,NA,NA,"rockfish","yelloweye",145,145,30,"SU","","","good length specimen ","16:00:40",0.4527,NA
"940","2013_13_1_SL.avi",820,NA,NA,NA,NA,11.54,2.632,NA,2606.227,6.717,NA,NA,-174.185,-278.986,-2585.39,1,"Kristen Green",0,"old cameras, pause and restart, enter Horita time",2013,13,1,NA,NA,NA,NA,NA,"rockfish","rosethorn",150,150,3,"","","","","16:00:41",0.456,NA
"941","2013_13_1_SL.avi",12846,NA,NA,NA,NA,55.384,7.785,NA,5848.032,10.677,NA,NA,-371.716,953.563,-5757.78,1,"Kristen Green",0,"old cameras, pause and restart, enter Horita time",2013,13,1,NA,NA,NA,NA,NA,"rockfish","yellowtail",155,155,6,"","","","","16:07:22",7.1438,NA
"942","2013_13_1_SL.avi",13356,NA,NA,NA,NA,81.48,1.487,NA,6139.177,24.776,NA,NA,-2350.848,-1107.307,-5562.093,1,"Kristen Green",0,"old cameras, pause and restart, enter Horita time",2013,13,1,NA,NA,NA,NA,NA,"rockfish","tiger",148,148,11,"","","","","16:07:39",7.4274,NA
"943","2013_13_1_SL.avi",13438,NA,NA,NA,NA,11.59,6.15,NA,2510.802,13.632,NA,NA,-574.149,116.128,-2441.515,1,"Kristen Green",0,"old cameras, pause and restart, enter Horita time",2013,13,1,NA,NA,NA,NA,NA,"rockfish","yellowtail",155,155,7,"","","","","16:07:42",7.473,NA
"944","2013_13_1_SL.avi",13549,NA,NA,NA,NA,29.901,20.608,NA,4002.589,19.011,NA,NA,443.791,-1268.087,-3770.374,1,"Kristen Green",0,"old cameras, pause and restart, enter Horita time",2013,13,1,NA,NA,NA,NA,NA,"rockfish","tiger",148,148,13,"","","","hard to get a good RMS","16:07:45",7.5347,NA
"945","2013_13_1_SL.avi",13867,NA,NA,NA,NA,37.471,0.832,NA,4776.196,9.44,NA,NA,-782.717,-19.963,-4711.582,1,"Kristen Green",0,"old cameras, pause and restart, enter Horita time",2013,13,1,NA,NA,NA,NA,NA,"coral","red tree coral",10001,10001,31,"","","","","",7.7116,NA
"946","2013_13_1_SL.avi",14204,NA,NA,NA,NA,37.881,1.947,NA,4754.146,10.688,NA,NA,-772.943,372.063,-4676.113,1,"Kristen Green",0,"old cameras, pause and restart, enter Horita time",2013,13,1,NA,NA,NA,NA,NA,"rockfish","canary",146,146,10,"","","","","16:08:07",7.899,NA
"947","2013_13_1_SL.avi",24367,NA,NA,NA,NA,28.912,6.888,NA,3722.161,22.388,NA,NA,-1367.168,-413.442,-3437.208,1,"Kristen Green",0,"old cameras, pause and restart, enter Horita time",2013,13,1,NA,NA,NA,NA,NA,"rockfish","rosethorn",150,150,14,"","","","","16:13:46",13.5507,NA
"948","2013_13_1_SL.avi",25739,NA,NA,NA,NA,24.935,4.159,NA,3520.253,20.072,NA,NA,-887.189,-856.868,-3297.098,1,"Kristen Green",0,"old cameras, pause and restart, enter Horita time",2013,13,1,NA,NA,NA,NA,NA,"cod","Pacific cod",110,110,15,"","","","","16:14:32",14.3137,NA
"949","2013_13_1_SL.avi",30826,NA,NA,NA,NA,18.895,7.691,NA,3086.53,18.121,NA,NA,-824.897,-523.694,-2927.791,1,"Kristen Green",0,"old cameras, pause and restart, enter Horita time",2013,13,1,NA,NA,NA,NA,NA,"rockfish","rosethorn",150,150,16,"","","","","16:17:22",17.1426,NA
"950","2013_13_1_SL.avi",33113,NA,NA,NA,NA,19.335,2.564,NA,3495.462,3.669,NA,NA,-97.538,-240.163,-3485.837,1,"Kristen Green",0,"old cameras, pause and restart, enter Horita time",2013,13,1,NA,NA,NA,NA,NA,"rockfish","rosethorn",150,150,17,"","","","","16:18:38",18.4145,NA
"951","2013_13_1_SL.avi",35745,NA,NA,NA,NA,15.704,6.124,NA,3169.705,1.73,NA,NA,65.583,34.371,-3168.84,1,"Kristen Green",0,"old cameras, pause and restart, enter Horita time",2013,13,1,NA,NA,NA,NA,NA,"cod","Pacific cod",110,110,18,"","","","","16:20:06",19.8782,NA
"952","2013_13_1_SL.avi",62525,NA,NA,NA,NA,15.123,11.687,NA,3033.844,6.889,NA,NA,278.775,200.318,-3014.36,1,"Kristen Green",0,"old cameras, pause and restart, enter Horita time",2013,13,1,NA,NA,NA,NA,NA,"coral","red tree coral",10001,10001,20,"","","","","16:34:59",34.7708,NA
"953","2013_13_1_SL.avi",62629,NA,NA,NA,NA,11.353,1.974,NA,2256.105,26.002,NA,NA,746.911,-670.961,-2020.383,1,"Kristen Green",0,"old cameras, pause and restart, enter Horita time",2013,13,1,NA,NA,NA,NA,NA,"rockfish","rosethorn",150,150,21,"","","","","16:35:03",34.8286,NA
"954","2013_13_1_SL.avi",63458,NA,NA,NA,NA,34.486,9.803,NA,4459.908,18.218,NA,NA,-136.706,1340.312,-4251.547,1,"Kristen Green",0,"old cameras, pause and restart, enter Horita time",2013,13,1,NA,NA,NA,NA,NA,"rockfish","yelloweye",145,145,22,"AD","fish moving quickly into frame","","","16:35:31",35.2896,NA
"955","2013_13_1_SL.avi",63466,NA,NA,NA,677.682,26.793,4.833,4.914,4267.93,16.734,3.192,65.446,-109.469,1178.306,-4100.589,1,"Kristen Green",0,"old cameras, pause and restart, enter Horita time",2013,13,1,NA,NA,NA,NA,NA,"rockfish","yelloweye",145,145,22,"AD","","","","16:35:31",35.2941,NA
"956","2013_13_1_SL.avi",68306,NA,NA,NA,NA,41.214,8.599,NA,4638.844,19.454,NA,NA,-1544.73,-20.55,-4374.044,1,"Kristen Green",0,"old cameras, pause and restart, enter Horita time",2013,13,1,NA,NA,NA,NA,NA,"rockfish","yelloweye",145,145,24,"AD","actively swimming within frame","","whole body not visible; no length. ","16:38:12",37.9856,NA
"957","2013_13_1_SL.avi",69014,NA,NA,NA,NA,47.189,5.856,NA,5005.599,19.727,NA,NA,-904.69,1374.394,-4727.43,1,"Kristen Green",0,"old cameras, pause and restart, enter Horita time",2013,13,1,NA,NA,NA,NA,NA,"rockfish","yelloweye",145,145,26,"AD","resting on bottom","no length; bad angle. ","","16:38:36",38.3794,NA
"958","2013_13_1_SL.avi",70167,NA,NA,NA,NA,51.185,3.161,NA,5368.394,14.034,NA,NA,1179.154,493.627,-5213.98,1,"Kristen Green",0,"old cameras, pause and restart, enter Horita time",2013,13,1,NA,NA,NA,NA,NA,"rockfish","yelloweye",145,145,27,"AD","resting on bottom","","poor orientation; no length. ","16:39:14",39.0206,NA
"959","2013_13_1_SL.avi",70632,NA,NA,NA,NA,52.101,6.687,NA,5344.609,18.654,NA,NA,702.379,1501.982,-5080.902,1,"Kristen Green",0,"old cameras, pause and restart, enter Horita time",2013,13,1,NA,NA,NA,NA,NA,"rockfish","yelloweye",145,145,32,"AD","actively swimming within frame","","poor orientation; no length ","16:39:30",39.2792,NA
"960","2013_13_1_SL.avi",89266,NA,NA,NA,NA,49.759,7.402,NA,5400.02,11.148,NA,NA,-1014.367,-306.174,-5295.048,1,"Kristen Green",0,"old cameras, pause and restart, enter Horita time",2013,13,1,NA,NA,NA,NA,NA,"rockfish","yelloweye",145,145,33,"AD","actively swimming within frame","","","16:49:52",49.6417,NA
"961","2013_13_1_SL.avi",89306,NA,NA,NA,536.271,51.065,5.811,0.421,4725.592,18.99,18.198,27.064,-1432.715,-608.214,-4461.908,1,"Kristen Green",0,"old cameras, pause and restart, enter Horita time",2013,13,1,NA,NA,NA,NA,NA,"rockfish","yelloweye",145,145,33,"AD","actively swimming within frame","","","16:49:53",49.664,NA
"962","2013_41_1_SL.avi",2015,"37:30.4",NA,NA,NA,51.221,3.821,NA,5451.517,12.499,NA,NA,815.54,793.222,-5331.485,1,"Kristen Green",0,"old cameras",2013,41,1,NA,NA,NA,NA,NA,"rockfish","yelloweye",145,145,1,"SU","resting on bottom","","","",NA,NA
"963","2013_41_1_SL.avi",2158,"37:35.2",NA,NA,493.052,12.572,3.885,4.534,3114.242,6.153,11.678,19.882,130.766,-341.593,-3092.688,1,"Kristen Green",0,"old cameras",2013,41,1,NA,NA,NA,NA,NA,"rockfish","yelloweye",145,145,1,"SU","","","","",NA,NA
"964","2013_41_1_SL.avi",7549,"40:35.1",NA,NA,NA,9.037,0.009,NA,2128.997,17.393,NA,NA,417.657,-502.817,-2026.17,1,"Kristen Green",0,"old cameras",2013,41,1,NA,NA,NA,NA,NA,"rockfish","greenstripe",135,135,2,"","","","","",NA,NA
"965","2013_41_1_SL.avi",13154,"43:42.1",NA,NA,NA,41.809,6.363,NA,5232.663,6.114,NA,NA,-179.852,469.481,-5208.455,1,"Kristen Green",0,"old cameras",2013,41,1,NA,NA,NA,NA,NA,"rockfish","tiger",148,148,3,"","","","","",NA,NA
"966","2013_41_1_SL.avi",13360,"43:49.0",NA,NA,NA,37.51,2.109,NA,4460.404,16.105,NA,NA,847.753,-948.916,-4275.053,1,"Kristen Green",0,"old cameras",2013,41,1,NA,NA,NA,NA,NA,"rockfish","tiger",148,148,4,"","","","","",NA,NA
"967","2013_41_1_SL.avi",27664,"51:46.2",NA,NA,NA,7.816,3.901,NA,2075.397,10.114,NA,NA,-135.374,-361.148,-2039.244,1,"Kristen Green",0,"old cameras",2013,41,1,NA,NA,NA,NA,NA,"halibut","halibut",200,200,5,"","","","","",NA,NA
"968","2013_41_1_SL.avi",27665,"51:46.3",NA,NA,334.726,14.626,2.649,6.032,2151.482,8.143,33.688,12.92,-8.138,-328.348,-2126.263,1,"Kristen Green",0,"old cameras",2013,41,1,NA,NA,NA,NA,NA,"halibut","halibut",200,200,5,"","","","","",NA,NA
"969","2013_41_1_SL.avi",35356,"56:02.9",NA,NA,NA,17.555,5.568,NA,2892.489,23.612,NA,NA,-1136.193,197.052,-2652.683,1,"Kristen Green",0,"old cameras",2013,41,1,NA,NA,NA,NA,NA,"rockfish","quillback",147,147,7,"","","","","",NA,NA
"970","2013_41_1_SL.avi",40260,"58:46.5",NA,NA,NA,56.866,2.094,NA,5392.908,19.511,NA,NA,1665.276,629.702,-5090.559,1,"Kristen Green",0,"old cameras",2013,41,1,NA,NA,NA,NA,NA,"rockfish","tiger",148,148,8,"","","","","",NA,NA
"971","2013_41_1_SL.avi",42091,"59:47.6",NA,NA,NA,41.079,1.399,NA,5278.146,2.973,NA,NA,68.338,206.278,-5273.671,1,"Kristen Green",0,"old cameras",2013,41,1,NA,NA,NA,NA,NA,"rockfish","yelloweye",145,145,9,"AD","resting on bottom","","","",NA,NA
"972","2013_41_1_SL.avi",42198,"59:51.2",NA,NA,513.764,15.302,8.223,9.212,3749.558,7.969,6.366,14.917,-482.317,-235.193,-3710.962,1,"Kristen Green",0,"old cameras",2013,41,1,NA,NA,NA,NA,NA,"rockfish","yelloweye",145,145,9,"AD","","","","",NA,NA
"973","2013_41_1_SL.avi",47976,"03:04.0",NA,NA,NA,13.224,1.117,NA,2612.208,20.07,NA,NA,323.573,-863.299,-2444.104,1,"Kristen Green",0,"old cameras",2013,41,1,NA,NA,NA,NA,NA,"rockfish","yelloweye",145,145,10,"JV","resting on bottom","","can't see whole body, no length. ","",NA,NA
"974","2013_41_1_SL.avi",48516,"03:22.0",NA,NA,NA,14.099,4.496,NA,2877.654,8.107,NA,NA,163.279,-403.244,-2844.578,1,"Kristen Green",0,"old cameras",2013,41,1,NA,NA,NA,NA,NA,"rockfish","yelloweye",145,145,11,"AD","milling/hovering","","can't see whole body, no length. ","",NA,NA
"975","2013_41_1_SL.avi",48599,"03:24.8",NA,NA,NA,26.875,1.81,NA,3649.551,21.702,NA,NA,-838.737,-1095.003,-3378.862,1,"Kristen Green",0,"old cameras",2013,41,1,NA,NA,NA,NA,NA,"rockfish","yelloweye",145,145,12,"SU","resting on bottom","","can't see whole body, no length. ","",NA,NA
"976","2013_41_1_SL.avi",48691,"03:27.8",NA,NA,NA,19.543,2.435,NA,3405.063,9.198,NA,NA,543.014,-0.006,-3361.486,1,"Kristen Green",0,"old cameras",2013,41,1,NA,NA,NA,NA,NA,"rockfish","yellowtail",155,155,13,"","","","","",NA,NA
"977","2013_41_1_SL.avi",51920,"05:15.6",NA,NA,NA,10.821,0.524,NA,2523.423,6.658,NA,NA,-7.427,-320.419,-2502.986,1,"Kristen Green",0,"old cameras",2013,41,1,NA,NA,NA,NA,NA,"rockfish","quillback",147,147,14,"","","","","",NA,NA
"978","2013_41_1_SL.avi",68750,"14:37.1",NA,NA,NA,13.597,0.337,NA,2621.815,18.227,NA,NA,528.298,-654.918,-2483.122,1,"Kristen Green",0,"old cameras",2013,41,1,NA,NA,NA,NA,NA,"skate","skate",700,700,15,"","","","","",NA,NA
"979","2013_47_1_SL.avi",209,"21:07.2",NA,NA,612.283,22.226,5.862,7.818,3471.695,12.569,13.2,1.101,-697.374,252.841,-3391.52,1,"Kristen Green",0,"old cameras",2013,47,1,NA,NA,NA,NA,NA,"rockfish","yelloweye",145,145,3,"AD","","","","",NA,NA
"980","2013_47_1_SL.avi",239,"21:08.2",NA,NA,NA,15.306,1.629,NA,3047.841,7.213,NA,NA,-341.64,138.674,-3025.456,1,"Kristen Green",0,"old cameras",2013,47,1,NA,NA,NA,NA,NA,"rockfish","yelloweye",145,145,3,"AD","milling/hovering","","right at SOT, confirm included ","",NA,NA
"981","2013_47_1_SL.avi",4190,"23:20.1",NA,NA,NA,10.453,5.814,NA,2432.071,10.598,NA,NA,-51.07,-470.986,-2385.483,1,"Kristen Green",0,"old cameras",2013,47,1,NA,NA,NA,NA,NA,"halibut","halibut",200,200,2,"","","","","",NA,NA
"982","2013_47_1_SL.avi",4206,"23:20.6",NA,NA,549.229,12.624,1.056,5.076,2390.291,12.035,21.059,7.685,137.812,-504.997,-2332.269,1,"Kristen Green",0,"old cameras",2013,47,1,NA,NA,NA,NA,NA,"halibut","halibut",200,200,2,"","","","","",NA,NA
"983","2013_47_1_SL.avi",4498,"23:30.3",NA,NA,NA,15.237,1.62,NA,2854.084,13.881,NA,NA,615.252,-331.408,-2767.206,1,"Kristen Green",0,"old cameras",2013,47,1,NA,NA,NA,NA,NA,"rockfish","yelloweye",145,145,4,"AD","resting on bottom","","hiding in rock; no length ","",NA,NA
"984","2013_47_1_SL.avi",6307,"24:30.7",NA,NA,NA,12.817,1.357,NA,2438.056,23.815,NA,NA,981.132,-105.77,-2229.419,1,"Kristen Green",0,"old cameras",2013,47,1,NA,NA,NA,NA,NA,"rockfish","quillback",147,147,5,"","","","","",NA,NA
"985","2013_47_1_SL.avi",15817,"29:48.0",NA,NA,NA,39.221,1.589,NA,4508.439,18.942,NA,NA,1461.238,-128.759,-4263.124,1,"Kristen Green",0,"old cameras",2013,47,1,NA,NA,NA,NA,NA,"rockfish","yelloweye",145,145,6,"AD","milling/hovering","","hiding behind rock; no length ","",NA,NA
"986","2013_47_1_SL.avi",16270,"30:03.1",NA,NA,NA,11.368,1.682,NA,2467.39,13.185,NA,NA,-438.779,-379.232,-2398.264,1,"Kristen Green",0,"old cameras",2013,47,1,NA,NA,NA,NA,NA,"halibut","halibut",200,200,7,"","","","","",NA,NA
"987","2013_47_1_SL.avi",16271,"30:03.2",NA,NA,601.081,21.528,3.411,6.544,2280.176,12.348,45.75,12.232,-241.274,-448.53,-2222.569,1,"Kristen Green",0,"old cameras",2013,47,1,NA,NA,NA,NA,NA,"halibut","halibut",200,200,7,"","","","","",NA,NA
"988","2013_47_1_SL.avi",21944,"33:12.4",NA,NA,NA,20.837,3.342,NA,3389.654,14.465,NA,NA,-792.881,260.431,-3285.312,1,"Kristen Green",0,"old cameras",2013,47,1,NA,NA,NA,NA,NA,"cod","Pacific cod",110,110,8,"","","","","",NA,NA
"989","2013_47_1_SL.avi",30361,"37:53.3",NA,NA,NA,14.546,0.213,NA,2687.639,18.806,NA,NA,-813.997,-325.065,-2540.698,1,"Kristen Green",0,"old cameras",2013,47,1,NA,NA,NA,NA,NA,"halibut","halibut",200,200,9,"","","","","",NA,NA
"990","2013_47_1_SL.avi",30362,"37:53.3",NA,NA,423.577,29.102,1.189,8.609,2878.247,15.181,36.792,17.202,-707.802,-289.968,-2774.751,1,"Kristen Green",0,"old cameras",2013,47,1,NA,NA,NA,NA,NA,"halibut","halibut",200,200,9,"","","","","",NA,NA
"991","2013_47_1_SL.avi",33329,"39:32.3",NA,NA,NA,19.476,5.892,NA,3249.233,15.125,NA,NA,-447.024,-755.283,-3128.455,1,"Kristen Green",0,"old cameras",2013,47,1,NA,NA,NA,NA,NA,"rockfish","rosethorn",150,150,10,"","","","","",NA,NA
"992","2013_47_1_SL.avi",39436,"42:56.1",NA,NA,NA,17.975,7.83,NA,2965.934,19.922,NA,NA,-907.9,-474.999,-2783.318,1,"Kristen Green",0,"old cameras",2013,47,1,NA,NA,NA,NA,NA,"rockfish","quillback",147,147,28,"","","","","",NA,NA
"993","2013_47_1_SL.avi",41387,"44:01.2",NA,NA,NA,25.698,8.914,NA,3965.513,8.246,NA,NA,476.685,266.473,-3927.73,1,"Kristen Green",0,"old cameras",2013,47,1,NA,NA,NA,NA,NA,"rockfish","quillback",147,147,29,"","","","","",NA,NA
"994","2013_47_1_SL.avi",43478,"45:11.0",NA,NA,NA,72.198,9.087,NA,6210.086,19.137,NA,NA,-1157.513,1609.277,-5885.198,1,"Kristen Green",0,"old cameras",2013,47,1,NA,NA,NA,NA,NA,"rockfish","yelloweye",145,145,13,"AD","actively swimming within frame","","bad angle/light; no length ","",NA,NA
"995","2013_47_1_SL.avi",44733,"45:52.8",NA,NA,NA,20.333,1.063,NA,3060.871,23.849,NA,NA,1187.508,-379.688,-2795.459,1,"Kristen Green",0,"old cameras",2013,47,1,NA,NA,NA,NA,NA,"rockfish","quillback",147,147,15,"","","","","",NA,NA
"996","2013_47_1_SL.avi",46255,"46:43.6",NA,NA,NA,33.98,2.437,NA,4537.496,12.715,NA,NA,-113.992,942.775,-4437.01,1,"Kristen Green",0,"old cameras",2013,47,1,NA,NA,NA,NA,NA,"rockfish","quillback",147,147,16,"","","","","",NA,NA
"997","2013_47_1_SL.avi",51304,"49:32.1",NA,NA,NA,89.706,14.825,NA,6262.558,30.709,NA,NA,2594.129,1810.27,-5404.91,1,"Kristen Green",0,"old cameras",2013,47,1,NA,NA,NA,NA,NA,"rockfish","yelloweye",145,145,17,"AD","milling/hovering","","no length; also,  poor RMS. ","",NA,NA
"998","2013_47_1_SL.avi",54925,"51:32.9",NA,NA,NA,19.805,0.95,NA,3392.912,9.483,NA,NA,-460.505,-354.166,-3342.806,1,"Kristen Green",0,"old cameras",2013,47,1,NA,NA,NA,NA,NA,"rockfish","quillback",147,147,18,"","","","","",NA,NA
"999","2013_47_1_SL.avi",56123,"52:12.9",NA,NA,NA,11.34,7.735,NA,2384.81,18.428,NA,NA,-749.045,-110.319,-2261.433,1,"Kristen Green",0,"old cameras",2013,47,1,NA,NA,NA,NA,NA,"rockfish","yellowtail",155,155,19,"","","","","",NA,NA
"1000","2013_47_1_SL.avi",56337,"52:20.0",NA,NA,NA,5.899,4.558,NA,1803.563,6.691,NA,NA,-39.974,-226.259,-1788.868,1,"Kristen Green",0,"old cameras",2013,47,1,NA,NA,NA,NA,NA,"rockfish","canary",146,146,20,"","","","","",NA,NA
"1001","2013_47_1_SL.avi",56374,"52:21.3",NA,NA,NA,11.732,1.323,NA,2256.414,28.021,NA,NA,861.468,-639.88,-1984.901,1,"Kristen Green",0,"old cameras",2013,47,1,NA,NA,NA,NA,NA,"rockfish","canary",146,146,21,"","","","","",NA,NA
"1002","2013_47_1_SL.avi",56920,"52:39.5",NA,NA,NA,27.445,8.5,NA,3510.945,27.21,NA,NA,-1295.569,-982.8,-3111.646,1,"Kristen Green",0,"old cameras",2013,47,1,NA,NA,NA,NA,NA,"rockfish","yelloweye",145,145,22,"JV","resting on bottom","","no length; bad angle and vis. ","",NA,NA
"1003","2013_47_1_SL.avi",57164,"52:47.6",NA,NA,NA,58.663,0.291,NA,5215.422,25.986,NA,NA,2224.684,469.811,-4693.686,1,"Kristen Green",0,"old cameras",2013,47,1,NA,NA,NA,NA,NA,"rockfish","canary",146,146,23,"","","","","",NA,NA
"1004","2013_47_1_SL.avi",58192,"53:21.9",NA,NA,NA,20.717,2.378,NA,3068.492,25.92,NA,NA,1332.689,-182.313,-2757.961,1,"Kristen Green",0,"old cameras",2013,47,1,NA,NA,NA,NA,NA,"rockfish","canary",146,146,24,"","","","","",NA,NA
"1005","2013_47_1_SL.avi",58336,"53:26.7",NA,NA,NA,16.053,2.628,NA,2689.315,25.725,NA,NA,919.832,-745.636,-2414.612,1,"Kristen Green",0,"old cameras",2013,47,1,NA,NA,NA,NA,NA,"rockfish","canary",146,146,25,"","","","","",NA,NA
"1006","2013_47_1_SL.avi",58830,"53:43.2",NA,NA,NA,51.092,6.243,NA,5165.743,18.461,NA,NA,-1392.012,804.487,-4909.175,1,"Kristen Green",0,"old cameras",2013,47,1,NA,NA,NA,NA,NA,"rockfish","quillback",147,147,26,"","","","","",NA,NA
"1007","2013_47_1_SL.avi",58902,"53:45.6",NA,NA,NA,55.533,4.119,NA,5952.696,7.408,NA,NA,-550.877,468.522,-5908.604,1,"Kristen Green",0,"old cameras",2013,47,1,NA,NA,NA,NA,NA,"rockfish","yelloweye",145,145,27,"AD","Feeding","","no length; bad angle ","",NA,NA
"1008","2013_45_1_SL.avi",2473,"41:00.7",NA,NA,353.461,19.206,2.345,5.844,1907.089,17.264,69.047,6.151,352.858,-462.779,-1816.127,1,"Kristen Green",0,"old cameras",2013,45,1,NA,NA,NA,NA,NA,"halibut","halibut",200,200,1,"","","","","",NA,NA
"1009","2013_45_1_SL.avi",2477,"41:00.8",NA,NA,NA,6.365,3.09,NA,1730.291,21.153,NA,NA,404.652,-493.471,-1608.307,1,"Kristen Green",0,"old cameras",2013,45,1,NA,NA,NA,NA,NA,"halibut","halibut",200,200,1,"","","","","",NA,NA
"1010","2013_45_1_SL.avi",8914,"44:35.6",NA,NA,NA,9.979,2.849,NA,2183.1,19.973,NA,NA,678.446,-332.326,-2048.218,1,"Kristen Green",0,"old cameras",2013,45,1,NA,NA,NA,NA,NA,"halibut","halibut",200,200,2,"","","","no length poor orientation ","",NA,NA
"1011","2013_45_1_SL.avi",11601,"46:05.3",NA,NA,NA,15.823,4,NA,2694.574,24.967,NA,NA,975.426,557.666,-2449.139,1,"Kristen Green",0,"old cameras",2013,45,1,NA,NA,NA,NA,NA,"rockfish","yelloweye",145,145,3,"SU","","","no length; not all body visible","",NA,NA
"1012","2013_45_1_SL.avi",18666,"50:01.0",NA,NA,NA,10.669,4.88,NA,2243.655,21.628,NA,NA,-796.548,-245.464,-2083.086,1,"Kristen Green",0,"old cameras",2013,45,1,NA,NA,NA,NA,NA,"halibut","halibut",200,200,4,"","","","","",NA,NA
"1013","2013_45_1_SL.avi",18684,"50:01.6",NA,NA,242.424,23.33,5.508,5.785,2164.375,23.008,61.543,17.45,-790.761,-322.777,-1988.726,1,"Kristen Green",0,"old cameras",2013,45,1,NA,NA,NA,NA,NA,"halibut","halibut",200,200,4,"","","","poor horiz direction ","",NA,NA
"1014","2013_45_1_SL.avi",40321,"02:03.5",NA,NA,NA,8.759,5.166,NA,2259.348,5.457,NA,NA,-175.629,-148.831,-2247.589,1,"Kristen Green",0,"old cameras",2013,45,1,NA,NA,NA,NA,NA,"halibut","halibut",200,200,5,"","","","","",NA,NA
"1015","2013_45_1_SL.avi",40347,"02:04.4",NA,NA,348.299,16.768,0.549,0.665,1785.834,11.001,76.412,22.351,-171.226,-314.16,-1749.625,1,"Kristen Green",0,"old cameras",2013,45,1,NA,NA,NA,NA,NA,"halibut","halibut",200,200,5,"","","","","",NA,NA
"1016","2013_45_1_SL.avi",43047,"03:34.5",NA,NA,NA,7.233,2.01,NA,1931.799,13.659,NA,NA,429.721,-174.014,-1875.341,1,"Kristen Green",0,"old cameras",2013,45,1,NA,NA,NA,NA,NA,"halibut","halibut",200,200,6,"","","","","",NA,NA
"1017","2013_45_1_SL.avi",43059,"03:34.9",NA,NA,431.739,7.438,1.72,5.678,1656.226,12.316,24.145,6.393,220.812,-293.793,-1614.934,1,"Kristen Green",0,"old cameras",2013,45,1,NA,NA,NA,NA,NA,"halibut","halibut",200,200,6,"","","","","",NA,NA
"1018","2013_45_1_SL.avi",48191,"06:26.1",NA,NA,NA,42.116,4.27,NA,4931.815,12.615,NA,NA,1012.998,312.27,-4816.547,1,"Kristen Green",0,"old cameras",2013,45,1,NA,NA,NA,NA,NA,"rockfish","yelloweye",145,145,7,"SU","milling/hovering","","","",NA,NA
"1019","2013_45_1_SL.avi",48326,"06:30.6",NA,NA,417.779,23.212,1.811,1.665,2992.192,17.202,22.913,22.211,855.088,-259.582,-2855.636,1,"Kristen Green",0,"old cameras",2013,45,1,NA,NA,NA,NA,NA,"rockfish","yelloweye",145,145,7,"SU","","","","",NA,NA
"1020","2013_45_1_SL.avi",53363,"09:18.7",NA,NA,NA,8.286,0.263,NA,2181.163,6.281,NA,NA,101.211,-240.24,-2165.528,1,"Kristen Green",0,"old cameras",2013,45,1,NA,NA,NA,NA,NA,"ratfish","ratfish",714,714,8,"","","","","",NA,NA
"1021","2013_45_1_SL.avi",54574,"09:59.1",NA,NA,NA,10.058,4.158,NA,2416.619,7.004,NA,NA,-269.196,-146.654,-2397.097,1,"Kristen Green",0,"old cameras",2013,45,1,NA,NA,NA,NA,NA,"halibut","halibut",200,200,9,"","","","","",NA,NA
"1022","2013_45_1_SL.avi",54597,"09:59.9",NA,NA,410.531,18.627,5.212,6.739,2035.061,9.484,55.21,20.711,-151.519,-321.475,-2003.789,1,"Kristen Green",0,"old cameras",2013,45,1,NA,NA,NA,NA,NA,"halibut","halibut",200,200,9,"","","","","",NA,NA
"1023","2013_45_1_SL.avi",65298,"15:56.9",NA,NA,NA,6.574,1.072,NA,1782.979,19.334,NA,NA,356.506,-489.2,-1677.081,1,"Kristen Green",0,"old cameras",2013,45,1,NA,NA,NA,NA,NA,"halibut","halibut",200,200,10,"","","","","",NA,NA
"1024","2013_45_1_SL.avi",65299,"15:57.0",NA,NA,322.099,9.033,8.364,1.737,1831.858,15.852,26.857,12.834,225.223,-466.451,-1757.1,1,"Kristen Green",0,"old cameras",2013,45,1,NA,NA,NA,NA,NA,"halibut","halibut",200,200,10,"","","","","",NA,NA
"1025","2013_14_1_SL.avi",14469,"47:47.8",NA,NA,NA,19.375,3.379,NA,2990.522,25.508,NA,NA,1287.751,-45.452,-2698.677,1,"Kristen Green",0,"old cameras",2013,14,1,NA,NA,NA,NA,NA,"rockfish","quillback",147,147,3,"","","","","",NA,NA
"1026","2013_14_1_SL.avi",15018,"48:06.1",NA,NA,NA,17.426,0.774,NA,2801.978,25.178,NA,NA,1004.184,-670.553,-2528.449,1,"Kristen Green",0,"old cameras",2013,14,1,NA,NA,NA,NA,NA,"rockfish","quillback",147,147,4,"","","","","",NA,NA
"1027","2013_14_1_SL.avi",15935,"48:36.7",NA,NA,NA,5.435,1.64,NA,1578.859,22.261,NA,NA,399.365,-461.494,-1456.134,1,"Kristen Green",0,"old cameras",2013,14,1,NA,NA,NA,NA,NA,"ratfish","ratfish",714,714,5,"","","","","",NA,NA
"1028","2013_14_1_SL.avi",23397,"52:45.7",NA,NA,NA,10.558,2.948,NA,2185.982,27.727,NA,NA,-738.442,677.749,-1942.646,1,"Kristen Green",0,"old cameras",2013,14,1,NA,NA,NA,NA,NA,"rockfish","quillback",147,147,6,"","","","","",NA,NA
"1029","2013_14_1_SL.avi",29001,"55:52.7",NA,NA,NA,4.468,12.394,NA,1450.045,18.348,NA,NA,296.547,-362.331,-1372.372,1,"Kristen Green",0,"old cameras",2013,14,1,NA,NA,NA,NA,NA,"cod","Pacific cod",110,110,7,"","","","","",NA,NA
"1030","2013_14_1_SL.avi",34574,"58:58.7",NA,NA,NA,8.255,2.632,NA,1957.863,21.691,NA,NA,-631.134,-374.253,-1815.167,1,"Kristen Green",0,"old cameras",2013,14,1,NA,NA,NA,NA,NA,"flatfish","Dover sole",124,124,8,"","","","","",NA,NA
"1031","2013_14_1_SL.avi",39577,"01:45.6",NA,NA,NA,5.646,1.224,NA,1681.447,15.851,NA,NA,224.101,-418.897,-1612.938,1,"Kristen Green",0,"old cameras",2013,14,1,NA,NA,NA,NA,NA,"ratfish","ratfish",714,714,9,"","","","","",NA,NA
"1032","2013_14_1_SL.avi",48769,"06:52.3",NA,NA,NA,74.763,6.662,NA,6181.624,19.891,NA,NA,1991.247,612.155,-5820.024,1,"Kristen Green",0,"old cameras",2013,14,1,NA,NA,NA,NA,NA,"rockfish","yelloweye",145,145,10,"AD","resting on bottom","","","",NA,NA
"1033","2013_14_1_SL.avi",48845,"06:54.8",NA,NA,462.435,59.886,7.232,3.745,4754.549,22.934,12.188,16.485,1851.732,11.672,-4379.12,1,"Kristen Green",0,"old cameras",2013,14,1,NA,NA,NA,NA,NA,"rockfish","yelloweye",145,145,10,"AD","","","","",NA,NA
"1034","2013_14_1_SL.avi",49136,"07:04.5",NA,NA,NA,10.758,1.626,NA,2346.421,15.682,NA,NA,534.108,-367.191,-2255.126,1,"Kristen Green",0,"old cameras",2013,14,1,NA,NA,NA,NA,NA,"rockfish","greenstripe",135,135,11,"","","","","",NA,NA
"1035","2013_49_1_SL.avi",11422,NA,NA,NA,NA,33.213,6.853,NA,4197.441,18.064,NA,NA,-1278.86,197.471,-3992.998,1,"Kristen Green",0,"old cameras, pause and restart,  enter Horita time",2013,49,1,NA,NA,NA,NA,NA,"rockfish","yelloweye",145,145,2,"AD","actively swimming within frame","","bad angle; no length","3:09:23",6.3519,NA
"1036","2013_49_1_SL.avi",17785,NA,NA,NA,NA,38.647,1.445,NA,4498.474,16.65,NA,NA,-1131.089,-665.957,-4302.721,1,"Kristen Green",0,"old cameras, pause and restart,  enter Horita time",2013,49,1,NA,NA,NA,NA,NA,"rockfish","yelloweye",145,145,3,"SU","resting on bottom","","","3:12:55",9.8904,NA
"1037","2013_49_1_SL.avi",17851,NA,NA,NA,428.016,55.697,6.054,4.684,3722.005,19.163,50.053,24.55,-911.786,-852.36,-3506.487,1,"Kristen Green",0,"old cameras, pause and restart,  enter Horita time",2013,49,1,NA,NA,NA,NA,NA,"rockfish","yelloweye",145,145,3,"SU","","","","3:12:58",9.9271,NA
"1038","2013_49_1_SL.avi",43327,NA,NA,NA,NA,27.221,6.528,NA,3908.379,12.496,NA,NA,514.213,-713.857,-3808.073,1,"Kristen Green",0,"old cameras, pause and restart,  enter Horita time",2013,49,1,NA,NA,NA,NA,NA,"rockfish","tiger",148,148,4,"","","","","3:27:08",24.0946,NA
"1039","2013_49_1_SL.avi",63873,NA,NA,NA,NA,8.397,0.895,NA,2219.079,4.569,NA,NA,175.183,-48.16,-2211.629,1,"Kristen Green",0,"old cameras, pause and restart,  enter Horita time",2013,49,1,NA,NA,NA,NA,NA,"halibut","halibut",200,200,6,"","","","","3:38:33",35.5204,NA
"1040","2013_49_1_SL.avi",63911,NA,NA,NA,519.913,14.13,7.509,0.68,1575.371,8.64,77.734,18.362,148.837,-201.367,-1555.344,1,"Kristen Green",0,"old cameras, pause and restart,  enter Horita time",2013,49,1,NA,NA,NA,NA,NA,"halibut","halibut",200,200,6,"","","","","3:38:35",35.5415,NA
"1041","2013_49_1_SL.avi",74113,NA,NA,NA,NA,15.597,5.266,NA,2664.604,24.957,NA,NA,-940.367,-643.099,-2408.786,1,"Kristen Green",0,"old cameras, pause and restart,  enter Horita time",2013,49,1,NA,NA,NA,NA,NA,"rockfish","canary",146,146,7,"","","","","3:44:15",41.215,NA
"1042","2013_49_1_SL.avi",78818,NA,NA,NA,NA,19.273,2.885,NA,3286.021,13.331,NA,NA,-579.952,451.884,-3202.716,1,"Kristen Green",0,"old cameras, pause and restart,  enter Horita time",2013,49,1,NA,NA,NA,NA,NA,"rockfish","yellowtail",155,155,8,"","","","","3:46:52",43.8315,NA
"1043","2013_49_1_SL.avi",79920,NA,NA,NA,NA,10.002,5.408,NA,2381.998,9.393,NA,NA,-138.726,-389.343,-2345.865,1,"Kristen Green",0,"old cameras, pause and restart,  enter Horita time",2013,49,1,NA,NA,NA,NA,NA,"rockfish","rosethorn",150,150,9,"","","","","3:47:29",44.4443,NA
"1044","2013_49_1_SL.avi",82490,NA,NA,NA,NA,70.753,9.276,NA,6585.566,9.784,NA,NA,719.507,784.827,-6498.926,1,"Kristen Green",0,"old cameras, pause and restart,  enter Horita time",2013,49,1,NA,NA,NA,NA,NA,"rockfish","yelloweye",145,145,10,"AD","milling/hovering","","","3:48:55",45.8735,NA
"1045","2013_49_1_SL.avi",82752,NA,NA,NA,663.455,29.117,6.675,2.752,3995.554,14.281,8.239,1.945,985.345,-67.544,-3871.562,1,"Kristen Green",0,"old cameras, pause and restart,  enter Horita time",2013,49,1,NA,NA,NA,NA,NA,"rockfish","yelloweye",145,145,10,"AD","","","","3:49:03",46.0192,NA
"1046","2013_9_1_SL.avi",14857,"32:18.8",NA,NA,NA,11.964,6.106,NA,2481.446,17.262,NA,NA,-678.372,259.918,-2372.725,1,"Kristen Green",0,"old cameras",2013,9,1,NA,NA,NA,NA,NA,"rockfish","silvergray",157,157,2,"","","","","",NA,NA
"1047","2013_9_1_SL.avi",15043,"32:25.0",NA,NA,NA,9.939,1.169,NA,2289.467,13.514,NA,NA,415.247,-362.126,-2222.182,1,"Kristen Green",0,"old cameras",2013,9,1,NA,NA,NA,NA,NA,"ratfish","ratfish",714,714,3,"","","","","",NA,NA
"1048","2013_9_1_SL.avi",16423,"33:11.1",NA,NA,NA,11.76,0.334,NA,2572.056,10.262,NA,NA,-285.106,-386.906,-2526.755,1,"Kristen Green",0,"old cameras",2013,9,1,NA,NA,NA,NA,NA,"rockfish","rosethorn",150,150,4,"","","","","",NA,NA
"1049","2013_9_1_SL.avi",17956,"34:02.2",NA,NA,NA,14.724,2.352,NA,2775.701,15.386,NA,NA,-593.017,-466.478,-2671.188,1,"Kristen Green",0,"old cameras",2013,9,1,NA,NA,NA,NA,NA,"rockfish","rosethorn",150,150,5,"","","","","",NA,NA
"1050","2013_9_1_SL.avi",20427,"35:24.7",NA,NA,515.897,12.697,7.4,4.418,2537.287,17.893,3.474,12.267,728.394,-304.637,-2411.32,1,"Kristen Green",0,"old cameras",2013,9,1,NA,NA,NA,NA,NA,"halibut","halibut",200,200,6,"","","","","",NA,NA
"1051","2013_9_1_SL.avi",20427,"35:24.7",NA,NA,NA,14.489,0.593,NA,2596.795,22.633,NA,NA,950.772,-334.383,-2393.233,1,"Kristen Green",0,"old cameras",2013,9,1,NA,NA,NA,NA,NA,"halibut","halibut",200,200,6,"","","","","",NA,NA
"1052","2013_9_1_SL.avi",20896,"35:40.3",NA,NA,NA,31.611,3.053,NA,4244.558,19.558,NA,NA,98.033,1372.884,-4015.202,1,"Kristen Green",0,"old cameras",2013,9,1,NA,NA,NA,NA,NA,"rockfish","",10024,10024,7,"","","","","",NA,NA
"1053","2013_9_1_SL.avi",30841,"41:12.2",NA,NA,NA,21.4,1.76,NA,3087.657,27.61,NA,NA,-1164.8,-861.687,-2726.602,1,"Kristen Green",0,"old cameras",2013,9,1,NA,NA,NA,NA,NA,"rockfish","yelloweye",145,145,30,"AD","","","no length; not all body visible","",NA,NA
"1054","2013_9_1_SL.avi",35627,"43:51.9",NA,NA,NA,14.661,2.081,NA,2687.05,21.128,NA,NA,-959.386,105.062,-2507.744,1,"Kristen Green",0,"old cameras",2013,9,1,NA,NA,NA,NA,NA,"rockfish","silvergray",157,157,8,"","","","","",NA,NA
"1055","2013_9_1_SL.avi",44119,"48:35.2",NA,NA,NA,6.664,2.62,NA,1881.559,11.104,NA,NA,230.499,-300.161,-1843.106,1,"Kristen Green",0,"old cameras",2013,9,1,NA,NA,NA,NA,NA,"cod","Pacific cod",110,110,9,"","","","","",NA,NA
"1056","2013_9_1_SL.avi",48864,"51:13.5",NA,NA,NA,7.082,9.968,NA,1810.019,22.821,NA,NA,477.185,-533.471,-1662.49,1,"Kristen Green",0,"old cameras",2013,9,1,NA,NA,NA,NA,NA,"ratfish","ratfish",714,714,10,"","","","","",NA,NA
"1057","2013_9_1_SL.avi",48864,"51:13.5",NA,NA,NA,29.299,3.203,NA,4105.83,12.737,NA,NA,-876.835,180.217,-4007.059,1,"Kristen Green",0,"old cameras",2013,9,1,NA,NA,NA,NA,NA,"ratfish","ratfish",714,714,11,"","","","","",NA,NA
"1058","2013_9_1_SL.avi",50048,"51:53.0",NA,NA,NA,7.366,6.362,NA,1856.166,22.943,NA,NA,447.139,-587.869,-1702.888,1,"Kristen Green",0,"old cameras",2013,9,1,NA,NA,NA,NA,NA,"ratfish","ratfish",714,714,12,"","","","","",NA,NA
"1059","2013_9_1_SL.avi",50667,"52:13.7",NA,NA,NA,15.625,2.745,NA,3123.482,5.668,NA,NA,-150.785,234.451,-3111.018,1,"Kristen Green",0,"old cameras",2013,9,1,NA,NA,NA,NA,NA,"ratfish","ratfish",714,714,13,"","","","","",NA,NA
"1060","2013_9_1_SL.avi",51389,"52:37.8",NA,NA,NA,9.755,2.475,NA,2364.157,8.505,NA,NA,346.387,21.534,-2338.545,1,"Kristen Green",0,"old cameras",2013,9,1,NA,NA,NA,NA,NA,"ratfish","ratfish",714,714,14,"","","","","",NA,NA
"1061","2013_9_1_SL.avi",51764,"52:50.3",NA,NA,NA,27.208,3.264,NA,3758.296,18.362,NA,NA,1135.794,294.436,-3570.444,1,"Kristen Green",0,"old cameras",2013,9,1,NA,NA,NA,NA,NA,"ratfish","ratfish",714,714,15,"","","","","",NA,NA
"1062","2013_9_1_SL.avi",62749,"58:56.8",NA,NA,NA,17.247,0.819,NA,2959.08,19.009,NA,NA,963.791,-40.039,-2797.438,1,"Kristen Green",0,"old cameras",2013,9,1,NA,NA,NA,NA,NA,"ratfish","ratfish",714,714,16,"","","","","",NA,NA
"1063","2013_9_1_SL.avi",66902,"01:15.4",NA,NA,NA,10.89,7.043,NA,2387.093,19.391,NA,NA,185.078,-795.7,-2242.949,1,"Kristen Green",0,"old cameras",2013,9,1,NA,NA,NA,NA,NA,"rockfish","rosethorn",150,150,17,"","","","","",NA,NA
"1064","2013_9_1_SL.avi",67923,"01:49.5",NA,NA,NA,6.231,46.379,NA,1869.787,6.244,NA,NA,-200.615,12.645,-1858.95,1,"Kristen Green",0,"old cameras",2013,9,1,NA,NA,NA,NA,NA,"rockfish","canary",146,146,18,"","","","","",NA,NA
"1065","2013_9_1_SL.avi",67972,"01:51.1",NA,NA,NA,78.996,1.665,NA,6429.851,18.571,NA,NA,-1718.891,1044.973,-6107.08,1,"Kristen Green",0,"old cameras",2013,9,1,NA,NA,NA,NA,NA,"rockfish","canary",146,146,19,"","","","","",NA,NA
"1066","2013_9_1_SL.avi",67972,"01:51.1",NA,NA,NA,91.645,29.413,NA,7304.046,13.307,NA,NA,-1012.7,1262.598,-7122.456,1,"Kristen Green",0,"old cameras",2013,9,1,NA,NA,NA,NA,NA,"rockfish","canary",146,146,20,"","","","","",NA,NA
"1067","2013_9_1_SL.avi",67972,"01:51.1",NA,NA,NA,79.567,24.24,NA,7082.05,9.592,NA,NA,381.478,1038.783,-6995.058,1,"Kristen Green",0,"old cameras",2013,9,1,NA,NA,NA,NA,NA,"rockfish","canary",146,146,21,"","","","","",NA,NA
"1068","2013_9_1_SL.avi",67972,"01:51.1",NA,NA,NA,107.362,12.497,NA,8260.748,11.032,NA,NA,75.383,1488.498,-8125.186,1,"Kristen Green",0,"old cameras",2013,9,1,NA,NA,NA,NA,NA,"rockfish","canary",146,146,22,"","","","","",NA,NA
"1069","2013_9_1_SL.avi",68126,"01:56.2",NA,NA,NA,50.478,4.057,NA,4937.889,24.271,NA,NA,2023.809,104.481,-4502.891,1,"Kristen Green",0,"old cameras",2013,9,1,NA,NA,NA,NA,NA,"rockfish","canary",146,146,23,"","","","","",NA,NA
"1070","2013_9_1_SL.avi",68126,"01:56.2",NA,NA,NA,69.153,1.096,NA,5894.642,20.709,NA,NA,1645.269,1218.361,-5527.702,1,"Kristen Green",0,"old cameras",2013,9,1,NA,NA,NA,NA,NA,"rockfish","canary",146,146,24,"","","","","",NA,NA
"1071","2013_9_1_SL.avi",68126,"01:56.2",NA,NA,NA,49.881,3.713,NA,5199.325,20.471,NA,NA,658.892,1640.365,-4889.585,1,"Kristen Green",0,"old cameras",2013,9,1,NA,NA,NA,NA,NA,"rockfish","canary",146,146,25,"","","","","",NA,NA
"1072","2013_9_1_SL.avi",68296,"02:01.9",NA,NA,NA,30.823,1.551,NA,4329.858,7.521,NA,NA,503.778,-307.361,-4289.453,1,"Kristen Green",0,"old cameras",2013,9,1,NA,NA,NA,NA,NA,"rockfish","yellowtail",155,155,26,"","","","","",NA,NA
"1073","2013_9_1_SL.avi",68296,"02:01.9",NA,NA,NA,43.223,15.682,NA,4590.965,21.963,NA,NA,1505.925,777.395,-4266.71,1,"Kristen Green",0,"old cameras",2013,9,1,NA,NA,NA,NA,NA,"rockfish","yellowtail",155,155,27,"","","","","",NA,NA
"1074","2013_9_1_SL.avi",68903,"02:22.2",NA,NA,NA,6.991,2.418,NA,1992.959,6.344,NA,NA,-219.263,-1.605,-1980.86,1,"Kristen Green",0,"old cameras",2013,9,1,NA,NA,NA,NA,NA,"rockfish","canary",146,146,28,"","","","large school of canaries","",NA,NA
"1075","2013_9_1_SL.avi",68903,"02:22.2",NA,NA,NA,63.747,2.576,NA,6176.935,11.553,NA,NA,653.846,982.608,-6063.126,1,"Kristen Green",0,"old cameras",2013,9,1,NA,NA,NA,NA,NA,"rockfish","canary",146,146,29,"","","","","",NA,NA
