"","Filename","Frame","Time..HMS.","Length..mm.","Precision..mm.","RMS..mm.","Range..mm.","Direction..deg.","Horz..Dir...deg.","Vert..Dir...deg.","Mid.X..mm.","Mid.Y..mm.","Mid.Z..mm.","OpCode","TapeReader","Depth","Comment","Year","Dive","Transect.Number","Dive.Type","Family","Genus","Species","Code","Number","Stage","Activity","Check.ID","Comment.1","Event.Time.HH.MM.SS"
"1","SL_2019_EYKT_Dive_01_07-36-31.000.avi",379,"7:36:46",NA,60.842,3.924,5252.267,32.975,NA,NA,2475.876,1411.366,-4411.847,1,"KelliiWood",45,"N/A",2019,1,5,"Line","rockfish","rosethorn",150,150,1,"","","","",""
"2","SL_2019_EYKT_Dive_01_07-36-31.000.avi",605,"7:36:53",NA,67.152,15.884,5433.481,31.082,NA,NA,2413.33,1411.171,-4659.094,1,"KelliiWood",45,"N/A",2019,1,5,"Line","greenling","lingcod",130,130,2,"","","","NO LENGTH"," partial view only"
"3","SL_2019_EYKT_Dive_01_07-36-31.000.avi",1287,"7:37:16",NA,207.792,15.843,9433.738,19.67,NA,NA,-2491.137,1933.52,-8891.071,1,"KelliiWood",45,"N/A",2019,1,5,"Line","greenling","kelp greenling",194,194,3,"","","","",""
"4","SL_2019_EYKT_Dive_01_07-36-31.000.avi",2910,"7:38:10",657.913,32.137,3.455,3393.185,29.589,7.778,9.816,-1479.046,-787.137,-2950.685,1,"KelliiWood",45,"N/A",2019,1,5,"Line","rockfish","yelloweye",145,145,4,"AD","Fish moving slowly into frame","","",""
"5","SL_2019_EYKT_Dive_01_07-36-31.000.avi",3292,"7:38:23",600.314,49.562,0.175,4775.518,13.653,11.276,8.739,1126.686,33.851,-4640.582,1,"KelliiWood",45,"N/A",2019,1,5,"Line","rockfish","yelloweye",145,145,5,"AD","Fish actively swimming in frame","","",""
"6","SL_2019_EYKT_Dive_01_07-36-31.000.avi",3462,"7:38:28",NA,67.456,0.727,5503.157,24.052,NA,NA,-2226.828,-288.091,-5024.239,1,"KelliiWood",45,"N/A",2019,1,5,"Line","rockfish","rosethorn",150,150,6,"","","","",""
"7","SL_2019_EYKT_Dive_01_07-36-31.000.avi",3462,"7:38:28",NA,66.244,0.321,5743.593,7.649,NA,NA,628.491,412.556,-5694.177,1,"KelliiWood",45,"N/A",2019,1,5,"Line","rockfish","rosethorn",150,150,7,"","","","",""
"8","SL_2019_EYKT_Dive_01_07-36-31.000.avi",3678,"7:38:36",NA,82.91,0.305,6202.868,12.856,NA,NA,1228.177,605.294,-6049.857,1,"KelliiWood",45,"N/A",2019,1,5,"Line","rockfish","rosethorn",150,150,8,"","","","",""
"9","SL_2019_EYKT_Dive_01_07-36-31.000.avi",3919,"7:38:44",NA,108.649,1.56,7071.049,29.728,NA,NA,-3440.727,651.09,-6143.062,1,"KelliiWood",45,"N/A",2019,1,5,"Line","rockfish","rosethorn",150,150,9,"","","","",""
"10","SL_2019_EYKT_Dive_01_07-36-31.000.avi",7640,"7:40:48",NA,90.513,0.201,6417.903,21.799,NA,NA,-2370.408,223.99,-5959.906,1,"KelliiWood",45,"N/A",2019,1,5,"Line","rockfish","rosethorn",150,150,10,"","","","",""
"11","SL_2019_EYKT_Dive_01_07-36-31.000.avi",8224,"7:41:07",NA,138.148,0.552,7782.245,21.451,NA,NA,1071.504,2607.57,-7253.675,1,"KelliiWood",45,"N/A",2019,1,5,"Line","rockfish","rosethorn",150,150,11,"","","","",""
"12","SL_2019_EYKT_Dive_01_07-36-31.000.avi",8560,"7:41:18",NA,43.568,0.011,4668.789,8.145,NA,NA,-640.95,144.931,-4622.312,1,"KelliiWood",45,"N/A",2019,1,5,"Line","rockfish","rosethorn",150,150,12,"","","","",""
"13","SL_2019_EYKT_Dive_01_07-36-31.000.avi",8560,"7:41:18",NA,57.875,0.101,5422.256,6.397,NA,NA,-369.977,456.064,-5390.36,1,"KelliiWood",45,"N/A",2019,1,5,"Line","rockfish","rosethorn",150,150,13,"","","","",""
"14","SL_2019_EYKT_Dive_01_07-36-31.000.avi",8628,"7:41:21",NA,99.425,2.473,6626.137,18.807,NA,NA,-2008.511,702.341,-6275.213,1,"KelliiWood",45,"N/A",2019,1,5,"Line","rockfish","tiger",148,148,14,"","","","",""
"15","SL_2019_EYKT_Dive_01_07-36-31.000.avi",9147,"7:41:38",946.811,38.095,1.175,5276.566,13.48,5.293,7.098,755.574,970.616,-5131.195,1,"KelliiWood",45,"N/A",2019,1,5,"Line","greenling","lingcod",130,130,15,"","","","",""
"16","SL_2019_EYKT_Dive_01_07-36-31.000.avi",10324,"7:42:17",NA,68.087,0.568,5807.259,7.692,NA,NA,708.12,-343.663,-5753.67,1,"KelliiWood",45,"N/A",2019,1,5,"Line","rockfish","rosethorn",150,150,16,"","","","",""
"17","SL_2019_EYKT_Dive_01_07-36-31.000.avi",10462,"7:42:22",NA,136.857,2.922,7843.171,30.341,NA,NA,3698.646,1392.968,-6774.584,1,"KelliiWood",45,"N/A",2019,1,5,"Line","rockfish","rosethorn",150,150,17,"","","","",""
"18","SL_2019_EYKT_Dive_01_07-36-31.000.avi",10575,"7:42:26",NA,115.02,1.316,7559.923,8.785,NA,NA,403.369,1051.983,-7475.497,1,"KelliiWood",45,"N/A",2019,1,5,"Line","rockfish","rosethorn",150,150,18,"","","","",""
"19","SL_2019_EYKT_Dive_01_07-36-31.000.avi",10827,"7:42:34",NA,105.768,1.832,7017.909,28.48,NA,NA,-3327.802,328.157,-6170.016,1,"KelliiWood",45,"N/A",2019,1,5,"Line","greenling","lingcod",130,130,19,"","","","NO LENGTH; too dark",""
"20","SL_2019_EYKT_Dive_01_07-36-31.000.avi",11318,"7:42:50",NA,60.372,0.774,5102.821,21.242,NA,NA,1658.567,797.687,-4759.374,1,"KelliiWood",45,"N/A",2019,1,5,"Line","rockfish","rosethorn",150,150,20,"","","","",""
"21","SL_2019_EYKT_Dive_01_07-36-31.000.avi",11468,"7:42:55",NA,40.429,0.492,4395.445,10.501,NA,NA,-384.616,685.432,-4324.603,1,"KelliiWood",45,"N/A",2019,1,5,"Line","rockfish","rosethorn",150,150,21,"","","","",""
"22","SL_2019_EYKT_Dive_01_07-36-31.000.avi",12603,"7:43:33",NA,95.591,2.647,6509.849,32.85,NA,NA,2794.951,2136.237,-5477.488,1,"KelliiWood",45,"N/A",2019,1,5,"Line","greenling","lingcod",130,130,22,"","","","NO LENGTH; partial view",""
"23","SL_2019_EYKT_Dive_01_07-36-31.000.avi",12945,"7:43:44",NA,97.035,1.517,6651.453,13.419,NA,NA,-1036.632,1117.783,-6474.395,1,"KelliiWood",45,"N/A",2019,1,5,"Line","rockfish","rosethorn",150,150,23,"","","","",""
"24","SL_2019_EYKT_Dive_01_07-36-31.000.avi",14318,"7:44:30",NA,64.289,0.39,5820.982,4.984,NA,NA,-503.12,27.449,-5799.133,1,"KelliiWood",45,"N/A",2019,1,5,"Line","rockfish","rosethorn",150,150,24,"","","","",""
"25","SL_2019_EYKT_Dive_01_07-36-31.000.avi",14548,"7:44:38",NA,65.681,0.155,5337.836,19.45,NA,NA,1556.346,838.393,-5036.604,1,"KelliiWood",45,"N/A",2019,1,5,"Line","rockfish","rosethorn",150,150,25,"","","","",""
"26","SL_2019_EYKT_Dive_01_07-36-31.000.avi",15814,"7:45:20",NA,78.11,3.074,5869.261,18.876,NA,NA,-1819.823,-564.181,-5551.411,1,"KelliiWood",45,"N/A",2019,1,5,"Line","rockfish","rosethorn",150,150,26,"","","","",""
"27","SL_2019_EYKT_Dive_01_07-36-31.000.avi",16657,"7:45:48",NA,11.09,1.12,2157.474,28.916,NA,NA,-667.896,-808.893,-1885.285,1,"KelliiWood",45,"N/A",2019,1,5,"Line","rockfish","tiger",148,148,27,"","","","",""
"28","SL_2019_EYKT_Dive_01_07-36-31.000.avi",18260,"7:46:42",NA,39.134,2.47,4168.336,20.788,NA,NA,-1455.135,-282.292,-3895.885,1,"KelliiWood",45,"N/A",2019,1,5,"Line","rockfish","rosethorn",150,150,28,"","","","",""
"29","SL_2019_EYKT_Dive_01_07-36-31.000.avi",19067,"7:47:09",NA,49.274,0.14,4814.361,12.052,NA,NA,-934.367,351.793,-4709.699,1,"KelliiWood",45,"N/A",2019,1,5,"Line","rockfish","rosethorn",150,150,29,"","","","",""
"30","SL_2019_EYKT_Dive_01_07-36-31.000.avi",19381,"7:47:19",NA,78.612,0.471,6129.662,11.263,NA,NA,471.257,1076.499,-6015.964,1,"KelliiWood",45,"N/A",2019,1,5,"Line","rockfish","rosethorn",150,150,30,"","","","",""
"31","SL_2019_EYKT_Dive_01_07-36-31.000.avi",23344,"7:49:31",911.071,173.316,2.029,5562.764,16.681,57.814,19.533,-1349.459,853.577,-5328.669,1,"KelliiWood",45,"N/A",2019,1,5,"Line","greenling","lingcod",130,130,31,"","","","",""
"32","SL_2019_EYKT_Dive_01_07-36-31.000.avi",26362,"7:51:12",815.498,87.207,0.351,4724.163,15.083,33.39,13.17,911.169,825.171,-4561.423,1,"KelliiWood",45,"N/A",2019,1,5,"Line","greenling","lingcod",130,130,32,"","","","",""
"33","SL_2019_EYKT_Dive_01_07-36-31.000.avi",27649,"7:51:55",NA,68.855,0.165,5932.255,8.214,NA,NA,25.906,823.63,-5874.743,1,"KelliiWood",45,"N/A",2019,1,5,"Line","rockfish","rosethorn",150,150,33,"","","","",""
"34","SL_2019_EYKT_Dive_01_07-36-31.000.avi",27649,"7:51:55",NA,97.709,0.249,6636.016,14.581,NA,NA,1090.472,1239.843,-6427.314,1,"KelliiWood",45,"N/A",2019,1,5,"Line","rockfish","rosethorn",150,150,34,"","","","",""
"35","SL_2019_EYKT_Dive_01_07-36-31.000.avi",27690,"7:51:56",NA,72.07,2.578,5611.912,27.747,NA,NA,-2466.96,840.704,-4969.999,1,"KelliiWood",45,"N/A",2019,1,5,"Line","rockfish","rosethorn",150,150,35,"","","","",""
"36","SL_2019_EYKT_Dive_01_07-36-31.000.avi",27727,"7:51:57",NA,54.861,0.169,5029.381,25.679,NA,NA,-2178.91,-64.522,-4532.424,1,"KelliiWood",45,"N/A",2019,1,5,"Line","rockfish","rosethorn",150,150,36,"","","","",""
"37","SL_2019_EYKT_Dive_01_07-36-31.000.avi",28271,"7:52:15",NA,99.778,0.596,7088.135,8.549,NA,NA,1036.459,162.01,-7010.076,1,"KelliiWood",45,"N/A",2019,1,5,"Line","rockfish","rosethorn",150,150,37,"","","","",""
"38","SL_2019_EYKT_Dive_01_07-36-31.000.avi",28505,"7:52:23",521.318,67.399,0.463,4978.497,20.912,21.052,35.592,-1773.074,-117.683,-4650.569,1,"KelliiWood",45,"N/A",2019,1,5,"Line","rockfish","yelloweye",145,145,38,"AD","Fish milling/hovering","","",""
"39","SL_2019_EYKT_Dive_01_07-36-31.000.avi",28554,"7:52:25",185.788,45.664,2.464,3990.835,26.7,27.95,17.084,462.128,1732.58,-3565.301,1,"KelliiWood",45,"N/A",2019,1,5,"Line","rockfish","yelloweye",145,145,39,"JV","Fish resting on bottom","","",""
"40","SL_2019_EYKT_Dive_01_07-36-31.000.avi",28764,"7:52:32",NA,44.375,0.146,4324.85,21.726,NA,NA,-1151.898,1095.669,-4022.06,1,"KelliiWood",45,"N/A",2019,1,5,"Line","rockfish","dusky",172,172,40,"","","","",""
"41","SL_2019_EYKT_Dive_01_07-36-31.000.avi",28908,"7:52:37",NA,47.768,0.831,4606.445,15.752,NA,NA,998.389,735.28,-4436.431,1,"KelliiWood",45,"N/A",2019,1,5,"Line","rockfish","rosethorn",150,150,41,"","","","",""
"42","SL_2019_EYKT_Dive_01_07-36-31.000.avi",29013,"7:52:40",NA,42.001,0.937,4267.282,27.224,NA,NA,-1827.506,671.15,-3797.298,1,"KelliiWood",45,"N/A",2019,1,5,"Line","rockfish","rosethorn",150,150,42,"","","","",""
"43","SL_2019_EYKT_Dive_01_07-36-31.000.avi",29094,"7:52:43",NA,24.067,0.586,3326.047,24.177,NA,NA,1362.15,-1.623,-3034.326,1,"KelliiWood",45,"N/A",2019,1,5,"Line","rockfish","rosethorn",150,150,43,"","","","",""
"44","SL_2019_EYKT_Dive_01_07-36-31.000.avi",30654,"7:53:35",375.834,120.633,0.509,6196.63,26.414,18.057,1.956,2499.955,1161.409,-5549.736,1,"KelliiWood",45,"N/A",2019,1,5,"Line","rockfish","yelloweye",145,145,44,"SU","Fish resting on bottom","","",""
"45","SL_2019_EYKT_Dive_01_07-36-31.000.avi",36718,"7:56:57",NA,50.138,0.228,4723.232,15.928,NA,NA,766.125,1027.389,-4546.036,1,"KelliiWood",45,"N/A",2019,1,5,"Line","rockfish","rosethorn",150,150,45,"","","","",""
"46","SL_2019_EYKT_Dive_01_07-36-31.000.avi",39210,"7:58:20",NA,34.786,0.453,3967.688,30.535,NA,NA,1898.642,663.645,-3420.129,1,"KelliiWood",45,"N/A",2019,1,5,"Line","rockfish","rosethorn",150,150,46,"","","","",""
"47","SL_2019_EYKT_Dive_01_07-36-31.000.avi",40153,"7:58:51",NA,84.603,2.466,6004.609,24.3,NA,NA,-2233.593,1034.952,-5476.794,1,"KelliiWood",45,"N/A",2019,1,5,"Line","rockfish","rosethorn",150,150,47,"","","","",""
"48","SL_2019_EYKT_Dive_01_07-36-31.000.avi",42081,"7:59:56",NA,9.079,0.036,1955.475,28.024,NA,NA,718.9,565.181,-1728.478,1,"KelliiWood",45,"N/A",2019,1,5,"Line","","",NA,NA,48,"","","","PYROSOME",""
"49","SL_2019_EYKT_Dive_01_07-36-31.000.avi",43365,"8:00:38",NA,28.215,0.46,3652.55,30.129,NA,NA,-1827.576,-158.835,-3158.458,1,"KelliiWood",45,"N/A",2019,1,5,"Line","rockfish","rosethorn",150,150,49,"","","","",""
"50","SL_2019_EYKT_Dive_01_07-36-31.000.avi",43518,"8:00:44",NA,45.084,0.762,4582.199,21.393,NA,NA,-75.089,1652.656,-4273.13,1,"KelliiWood",45,"N/A",2019,1,5,"Line","rockfish","rosethorn",150,150,50,"","","","",""
"51","SL_2019_EYKT_Dive_01_07-36-31.000.avi",44018,"8:01:00",NA,47.272,1.897,4492.636,23.734,NA,NA,-1645.715,732.797,-4115.63,1,"KelliiWood",45,"N/A",2019,1,5,"Line","rockfish","tiger",148,148,51,"","","","",""
"52","SL_2019_EYKT_Dive_01_07-36-31.000.avi",46923,"8:02:37",NA,26.332,0.56,3421.265,20.499,NA,NA,1161.351,281.727,-3205.767,1,"KelliiWood",45,"N/A",2019,1,5,"Line","rockfish","rosethorn",150,150,52,"","","","",""
"53","SL_2019_EYKT_Dive_01_07-36-31.000.avi",48361,"8:03:25",NA,39.817,0.257,4201.544,20.611,NA,NA,1424.703,381.382,-3934.177,1,"KelliiWood",45,"N/A",2019,1,5,"Line","rockfish","rosethorn",150,150,53,"","","","",""
"54","SL_2019_EYKT_Dive_01_07-36-31.000.avi",48431,"8:03:27",570.877,122.587,3.805,5898.768,33.018,37.474,11.452,2264.962,2280.605,-4946.135,1,"KelliiWood",45,"N/A",2019,1,5,"Line","rockfish","yelloweye",145,145,54,"AD","Fish actively swimming in frame","","",""
"55","SL_2019_EYKT_Dive_01_07-36-31.000.avi",48602,"8:03:33",636.262,136.012,3.137,5484.663,23.339,46.158,12.876,-755.318,2037.365,-5035.888,1,"KelliiWood",45,"N/A",2019,1,5,"Line","rockfish","yelloweye",145,145,55,"AD","Attracted","","",""
"56","SL_2019_EYKT_Dive_01_07-36-31.000.avi",49401,"8:04:00",NA,43.166,0.932,4341.177,25.073,NA,NA,1741.609,576.843,-3934.446,1,"KelliiWood",45,"N/A",2019,1,5,"Line","rockfish","rosethorn",150,150,56,"","","","",""
"57","SL_2019_EYKT_Dive_01_07-36-31.000.avi",49775,"8:04:12",NA,34.713,2.302,3983.088,26.734,NA,NA,1772.392,248.677,-3558.339,1,"KelliiWood",45,"N/A",2019,1,5,"Line","rockfish","rosethorn",150,150,57,"","","","",""
"58","SL_2019_EYKT_Dive_01_07-36-31.000.avi",50170,"8:04:25",NA,72.307,0.547,5524.235,21.958,NA,NA,-1368.585,1526.708,-5129.65,1,"KelliiWood",45,"N/A",2019,1,5,"Line","rockfish","rosethorn",150,150,58,"","","","",""
"59","SL_2019_EYKT_Dive_01_07-36-31.000.avi",50669,"8:04:42",NA,52.538,0.074,4847.062,27.405,NA,NA,2156.02,556.387,-4305.348,1,"KelliiWood",45,"N/A",2019,1,5,"Line","rockfish","rosethorn",150,150,59,"","","","",""
"60","SL_2019_EYKT_Dive_01_07-36-31.000.avi",50950,"8:04:51",604.595,72.871,0.208,6195.438,25.049,7.9,33.749,-1137.828,2363.463,-5612.739,1,"KelliiWood",45,"N/A",2019,1,5,"Line","greenling","lingcod",130,130,60,"","","","",""
"61","SL_2019_EYKT_Dive_01_07-36-31.000.avi",52499,"8:05:43",NA,45.174,0.381,4509.13,27.683,NA,NA,-2053.38,398.903,-3994.591,1,"KelliiWood",45,"N/A",2019,1,5,"Line","rockfish","rosethorn",150,150,61,"","","","",""
"62","SL_2019_EYKT_Dive_01_07-36-31.000.avi",53978,"8:06:32",NA,78.82,1.545,6127.151,14.358,NA,NA,-1519.043,8.155,-5935.859,1,"KelliiWood",45,"N/A",2019,1,5,"Line","rockfish","rosethorn",150,150,62,"","","","",""
"63","SL_2019_EYKT_Dive_01_07-36-31.000.avi",55886,"8:07:36",NA,12.264,0.184,2261.304,22.505,NA,NA,-650.24,-579.616,-2086.799,1,"KelliiWood",45,"N/A",2019,1,5,"Line","greenling","lingcod",130,130,63,"","","","NO LENGTH; wrong angle",""
"64","SL_2019_EYKT_Dive_01_07-36-31.000.avi",56075,"8:07:42",NA,34.809,0.954,3874.1,19.997,NA,NA,-1219.53,-532.197,-3638.429,1,"KelliiWood",45,"N/A",2019,1,5,"Line","rockfish","rosethorn",150,150,64,"","","","",""
"65","SL_2019_EYKT_Dive_01_07-36-31.000.avi",56336,"8:07:51",NA,35.063,1.56,4014.909,21.775,NA,NA,1488.459,37.682,-3728.614,1,"KelliiWood",45,"N/A",2019,1,5,"Line","rockfish","rosethorn",150,150,65,"","","","",""
"66","SL_2019_EYKT_Dive_01_07-36-31.000.avi",57291,"8:08:23",NA,38.555,1.254,4215.768,12.648,NA,NA,-544.948,728.637,-4116.409,1,"KelliiWood",45,"N/A",2019,1,5,"Line","rockfish","rosethorn",150,150,66,"","","","",""
"67","SL_2019_EYKT_Dive_01_07-36-31.000.avi",58280,"8:08:56",NA,105.97,0.481,6817.204,19.211,NA,NA,-1000.666,1981.815,-6445.568,1,"KelliiWood",45,"N/A",2019,1,5,"Line","rockfish","rosethorn",150,150,67,"","","","",""
"68","SL_2019_EYKT_Dive_01_07-36-31.000.avi",59113,"8:09:23",NA,39.18,0.3,4244.147,21.821,NA,NA,1577.515,-30.35,-3939.963,1,"KelliiWood",45,"N/A",2019,1,5,"Line","rockfish","rosethorn",150,150,68,"","","","",""
"69","SL_2019_EYKT_Dive_01_07-36-31.000.avi",60859,"8:10:22",NA,98.709,4.731,6457.986,25.541,NA,NA,-2421.956,1350.386,-5832.338,1,"KelliiWood",45,"N/A",2019,1,5,"Line","rockfish","rosethorn",150,150,69,"","","","",""
"70","SL_2019_EYKT_Dive_01_07-36-31.000.avi",61245,"8:10:34",NA,57.985,0.229,5290.885,12.221,NA,NA,-1114.575,89.724,-5171.377,1,"KelliiWood",45,"N/A",2019,1,5,"Line","rockfish","rosethorn",150,150,70,"","","","",""
"71","SL_2019_EYKT_Dive_01_07-36-31.000.avi",61533,"8:10:44",NA,41.106,1.573,4424.305,9.597,NA,NA,-616.581,-422.332,-4360.727,1,"KelliiWood",45,"N/A",2019,1,5,"Line","rockfish","rosethorn",150,150,71,"","","","",""
"72","SL_2019_EYKT_Dive_01_07-36-31.000.avi",61533,"8:10:44",NA,49.87,1.24,4759.305,29.865,NA,NA,-2299.089,558.746,-4129.525,1,"KelliiWood",45,"N/A",2019,1,5,"Line","rockfish","rosethorn",150,150,72,"","","","",""
"73","SL_2019_EYKT_Dive_01_07-36-31.000.avi",61810,"8:10:53",NA,30.574,0.101,4018.644,3.237,NA,NA,144.526,-191.021,-4011.498,1,"KelliiWood",45,"N/A",2019,1,5,"Line","rockfish","rosethorn",150,150,73,"","","","",""
"74","SL_2019_EYKT_Dive_01_07-36-31.000.avi",62619,"8:11:20",NA,67.353,1.421,5607.611,35.9,NA,NA,-2645.447,1934.566,-4550.205,1,"KelliiWood",45,"N/A",2019,1,5,"Line","rockfish","silvergray",157,157,74,"","","","",""
"75","SL_2019_EYKT_Dive_01_07-36-31.000.avi",64445,"8:12:21",NA,78.046,2.503,5722.344,25.894,NA,NA,1663.562,1844.221,-5155.253,1,"KelliiWood",45,"N/A",2019,1,5,"Line","rockfish","rosethorn",150,150,75,"","","","",""
"76","SL_2019_EYKT_Dive_01_07-36-31.000.avi",64738,"8:12:31",NA,56.192,2.57,4902.945,21.091,NA,NA,1015.667,1424.333,-4580.237,1,"KelliiWood",45,"N/A",2019,1,5,"Line","rockfish","dusky",172,172,76,"","","","",""
"77","SL_2019_EYKT_Dive_01_07-36-31.000.avi",65079,"8:12:42",NA,60.607,0.467,5280.408,18.271,NA,NA,311.285,1605.859,-5020.66,1,"KelliiWood",45,"N/A",2019,1,5,"Line","greenling","lingcod",130,130,77,"","","","NO LENGTH; facing ROV",""
"78","SL_2019_EYKT_Dive_01_07-36-31.000.avi",65645,"8:13:01",NA,23.965,2.815,3294.734,33.191,NA,NA,1539.985,927.844,-2760.946,1,"KelliiWood",45,"N/A",2019,1,5,"Line","greenling","lingcod",130,130,78,"","","","",""
"79","SL_2019_EYKT_Dive_01_07-36-31.000.avi",65645,"8:13:01",NA,77.744,2.492,5715.517,22.758,NA,NA,-1507.281,1596.526,-5276.964,1,"KelliiWood",45,"N/A",2019,1,5,"Line","rockfish","rosethorn",150,150,79,"","","","",""
"80","SL_2019_EYKT_Dive_01_07-36-31.000.avi",66522,"8:13:30",NA,36.262,1.489,4003.056,28.277,NA,NA,-1814.667,536.615,-3527.532,1,"KelliiWood",45,"N/A",2019,1,5,"Line","rockfish","rosethorn",150,150,80,"","","","",""
"81","SL_2019_EYKT_Dive_01_07-36-31.000.avi",66854,"8:13:41",NA,43.351,0.83,4467.348,14.181,NA,NA,1024.192,368.381,-4332.727,1,"KelliiWood",45,"N/A",2019,1,5,"Line","rockfish","rosethorn",150,150,81,"","","","",""
"82","SL_2019_EYKT_Dive_01_07-36-31.000.avi",67696,"8:14:09",NA,62.442,0.396,5438.77,11.874,NA,NA,-1057.483,344.885,-5323.815,1,"KelliiWood",45,"N/A",2019,1,5,"Line","rockfish","rosethorn",150,150,82,"","","","",""
"83","SL_2019_EYKT_Dive_01_07-36-31.000.avi",68083,"8:14:22",NA,62.967,3.813,5230.475,22.351,NA,NA,-1881.224,626.628,-4840.062,1,"KelliiWood",45,"N/A",2019,1,5,"Line","rockfish","silvergray",157,157,83,"","","","",""
"84","SL_2019_EYKT_Dive_01_07-36-31.000.avi",68083,"8:14:22",NA,81.046,1.108,5876.995,22.1,NA,NA,1882.786,1137.47,-5449.803,1,"KelliiWood",45,"N/A",2019,1,5,"Line","rockfish","rosethorn",150,150,84,"","","","",""
"85","SL_2019_EYKT_Dive_01_07-36-31.000.avi",68238,"8:14:28",269.939,81.634,4.321,5190.091,27.762,9.16,9.988,2365.218,500.134,-4592.674,1,"KelliiWood",45,"N/A",2019,1,5,"Line","rockfish","yelloweye",145,145,85,"JV","Fish milling/hovering","","",""
"86","SL_2019_EYKT_Dive_01_07-36-31.000.avi",68952,"8:14:51",NA,48.592,2.924,4849.67,12.183,NA,NA,1023.404,-14.822,-4740.435,1,"KelliiWood",45,"N/A",2019,1,5,"Line","rockfish","rosethorn",150,150,86,"","","","",""
"87","SL_2019_EYKT_Dive_01_07-36-31.000.avi",69623,"8:15:14",NA,46.292,0.515,4602.955,27.12,NA,NA,2072.807,309.478,-4098.157,1,"KelliiWood",45,"N/A",2019,1,5,"Line","rockfish","rosethorn",150,150,87,"","","","",""
"88","SL_2019_EYKT_Dive_01_07-36-31.000.avi",70681,"8:15:49",NA,58.577,1.76,5211.477,30.647,NA,NA,2571.91,647.355,-4486.168,1,"KelliiWood",45,"N/A",2019,1,5,"Line","rockfish","rosethorn",150,150,88,"","","","",""
"89","SL_2019_EYKT_Dive_01_07-36-31.000.avi",71144,"8:16:04",NA,81.023,0.85,5923.754,25.76,NA,NA,2383.945,950.714,-5338.896,1,"KelliiWood",45,"N/A",2019,1,5,"Line","rockfish","rosethorn",150,150,89,"","","","",""
"90","SL_2019_EYKT_Dive_01_07-36-31.000.avi",72333,"8:16:44",NA,67.541,0.19,5464.905,16.606,NA,NA,-1358.973,748.701,-5240.022,1,"KelliiWood",45,"N/A",2019,1,5,"Line","rockfish","rosethorn",150,150,90,"","","","",""
"91","SL_2019_EYKT_Dive_01_07-36-31.000.avi",72602,"8:16:53",NA,46.159,0.479,4746.529,32.895,NA,NA,2516.956,540.895,-3987.719,1,"KelliiWood",45,"N/A",2019,1,5,"Line","greenling","lingcod",130,130,91,"","","","NO LENGTH; too dark",""
"92","SL_2019_EYKT_Dive_01_07-36-31.000.avi",72809,"8:17:00",NA,48.373,1.668,4639.633,29.356,NA,NA,-2167.945,671.764,-4046.596,1,"KelliiWood",45,"N/A",2019,1,5,"Line","rockfish","rosethorn",150,150,92,"","","","",""
"93","SL_2019_EYKT_Dive_01_07-36-31.000.avi",73383,"8:17:19",NA,44.282,0.572,4462.206,20.787,NA,NA,-1572.757,-201.833,-4170.968,1,"KelliiWood",45,"N/A",2019,1,5,"Line","rockfish","rosethorn",150,150,93,"","","","",""
"94","SL_2019_EYKT_Dive_01_07-36-31.000.avi",74506,"8:17:56",218.597,81.069,2.054,4989.882,32.038,15.524,11.935,-2578.343,599.138,-4229.906,1,"KelliiWood",45,"N/A",2019,1,5,"Line","rockfish","yelloweye",145,145,94,"JV","Fish milling/hovering","","",""
"95","SL_2019_EYKT_Dive_01_07-36-31.000.avi",74849,"8:18:08",NA,30.356,0.328,3686.458,23.416,NA,NA,-1447.916,209.452,-3383.732,1,"KelliiWood",45,"N/A",2019,1,5,"Line","rockfish","rosethorn",150,150,95,"","","","",""
"96","SL_2019_EYKT_Dive_01_07-36-31.000.avi",75589,"8:18:33",NA,44.66,0.157,4652.279,10.302,NA,NA,816.825,-176.526,-4576.607,1,"KelliiWood",45,"N/A",2019,1,5,"Line","rockfish","rosethorn",150,150,96,"","","","",""
"97","SL_2019_EYKT_Dive_01_07-36-31.000.avi",75834,"8:18:41",NA,13.491,0.284,2441.382,14.886,NA,NA,451.281,-444.992,-2357.684,1,"KelliiWood",45,"N/A",2019,1,5,"Line","greenling","lingcod",130,130,97,"","","","NO LENGTH; wrong angle",""
"98","SL_2019_EYKT_Dive_01_07-36-31.000.avi",75970,"8:18:45",NA,69.915,1.101,5458.965,21.894,NA,NA,1726.535,1058.093,-5069.499,1,"KelliiWood",45,"N/A",2019,1,5,"Line","rockfish","rosethorn",150,150,98,"","","","",""
"99","SL_2019_EYKT_Dive_01_07-36-31.000.avi",75991,"8:18:46",NA,73.96,0.339,5773.23,29.875,NA,NA,-2764.51,771.945,-5009.168,1,"KelliiWood",45,"N/A",2019,1,5,"Line","rockfish","rosethorn",150,150,99,"","","","",""
"100","SL_2019_EYKT_Dive_01_07-36-31.000.avi",76357,"8:18:58",765.355,111.558,0.886,4457.93,13.451,52.12,7.21,-810.862,646.424,-4335.64,1,"KelliiWood",45,"N/A",2019,1,5,"Line","greenling","lingcod",130,130,100,"","","","",""
"101","SL_2019_EYKT_Dive_01_07-36-31.000.avi",76564,"8:19:05",107.558,54.437,0.168,3344.771,17.924,43.146,4.229,-986.288,-294.728,-3182.431,1,"KelliiWood",45,"N/A",2019,1,5,"Line","rockfish","yelloweye",145,145,101,"JV","Fish milling/hovering","","",""
"102","SL_2019_EYKT_Dive_01_07-36-31.000.avi",76934,"8:19:17",NA,48.417,0.03,4716.194,13.927,NA,NA,1037.349,442.457,-4579.37,1,"KelliiWood",45,"N/A",2019,1,5,"Line","rockfish","rosethorn",150,150,102,"","","","",""
"103","SL_2019_EYKT_Dive_01_07-36-31.000.avi",76934,"8:19:17",NA,84.803,0.803,6013.696,20.506,NA,NA,1517.541,1438.582,-5638.448,1,"KelliiWood",45,"N/A",2019,1,5,"Line","rockfish","rosethorn",150,150,103,"","","","",""
"104","SL_2019_EYKT_Dive_01_07-36-31.000.avi",77714,"8:19:43",NA,64.433,1.196,5267.17,21.015,NA,NA,1670.551,861.825,-4920.325,1,"KelliiWood",45,"N/A",2019,1,5,"Line","rockfish","rosethorn",150,150,104,"","","","",""
"105","SL_2019_EYKT_Dive_01_07-36-31.000.avi",78794,"8:20:19",NA,92.121,0.179,6435.165,31.569,NA,NA,3038.228,1433.717,-5488.622,1,"KelliiWood",45,"N/A",2019,1,5,"Line","greenling","lingcod",130,130,105,"","","","NO LENGTH; partial view",""
"106","SL_2019_EYKT_Dive_01_07-36-31.000.avi",81435,"8:21:47",NA,12.197,1.2,2309.132,25.996,NA,NA,-289.11,-978.238,-2071.607,1,"KelliiWood",45,"N/A",2019,1,5,"Line","rockfish","rosethorn",150,150,106,"","","","",""
"107","SL_2019_EYKT_Dive_01_07-36-31.000.avi",81756,"8:21:58",NA,53.82,0.782,5094.802,9.481,NA,NA,-516.51,641.346,-5027.813,1,"KelliiWood",45,"N/A",2019,1,5,"Line","rockfish","rosethorn",150,150,107,"","","","",""
"108","SL_2019_EYKT_Dive_02_08-45-18.000.avi",446,"8:45:39",NA,12.089,0.801,2392.513,9.983,NA,NA,176.563,-384.73,-2354.767,1,"KelliiWood",50,"N/A",2019,2,6,"Line","rockfish","tiger",148,148,1,"","","","",""
"109","SL_2019_EYKT_Dive_02_08-45-18.000.avi",1896,"8:46:27",627.341,259.223,1.599,7764.139,24.947,57.793,38.487,2647.52,1927.32,-7039.74,1,"KelliiWood",50,"N/A",2019,2,6,"Line","rockfish","yelloweye",145,145,2,"AD","Fish milling/hovering","","",""
"110","SL_2019_EYKT_Dive_02_08-45-18.000.avi",2324,"8:46:41",196.769,22.98,0.577,2482.942,19.661,33.243,23.447,735.325,-396.434,-2338.191,1,"KelliiWood",50,"N/A",2019,2,6,"Line","rockfish","yelloweye",145,145,3,"JV","Fish milling/hovering","","",""
"111","SL_2019_EYKT_Dive_02_08-45-18.000.avi",3477,"8:47:20",NA,56.569,0.392,5311.586,7.827,NA,NA,649.276,297.743,-5263.339,1,"KelliiWood",50,"N/A",2019,2,6,"Line","rockfish","rosethorn",150,150,4,"","","","",""
"112","SL_2019_EYKT_Dive_02_08-45-18.000.avi",3549,"8:47:22",NA,34.73,0.211,3922.825,22.597,NA,NA,-1474.357,299.149,-3622.891,1,"KelliiWood",50,"N/A",2019,2,6,"Line","rockfish","yelloweye",145,145,5,"AD","Fish milling/hovering","","NO LENGTH - facing cameras",""
"113","SL_2019_EYKT_Dive_02_08-45-18.000.avi",3729,"8:47:28",NA,66.669,0.391,5520.458,32.402,NA,NA,-2756.239,1055.541,-4665.237,1,"KelliiWood",50,"N/A",2019,2,6,"Line","rockfish","silvergray",157,157,6,"","","","",""
"114","SL_2019_EYKT_Dive_02_08-45-18.000.avi",3729,"8:47:28",NA,104.079,2.821,6594.318,24.555,NA,NA,-1903.522,1947.359,-6005.783,1,"KelliiWood",50,"N/A",2019,2,6,"Line","rockfish","silvergray",157,157,7,"","","","",""
"115","SL_2019_EYKT_Dive_02_08-45-18.000.avi",3729,"8:47:28",NA,149.225,1.623,7903.548,28.044,NA,NA,-2505.346,2716.338,-6986.474,1,"KelliiWood",50,"N/A",2019,2,6,"Line","rockfish","silvergray",157,157,8,"","","","",""
"116","SL_2019_EYKT_Dive_02_08-45-18.000.avi",4594,"8:47:57",NA,22.81,0.382,3375.919,6.919,NA,NA,270.888,289.927,-3352.52,1,"KelliiWood",50,"N/A",2019,2,6,"Line","rockfish","rosethorn",150,150,9,"","","","",""
"117","SL_2019_EYKT_Dive_02_08-45-18.000.avi",4594,"8:47:57",NA,40.109,0.148,4239.567,15.042,NA,NA,-941.375,553.247,-4096.542,1,"KelliiWood",50,"N/A",2019,2,6,"Line","greenling","kelp greenling",194,194,10,"","","","",""
"118","SL_2019_EYKT_Dive_02_08-45-18.000.avi",4855,"8:48:06",NA,65.281,2.183,5763.058,8.43,NA,NA,61.429,819.764,-5704.125,1,"KelliiWood",50,"N/A",2019,2,6,"Line","rockfish","tiger",148,148,11,"","","","",""
"119","SL_2019_EYKT_Dive_02_08-45-18.000.avi",5404,"8:48:24",NA,21.938,0.563,3301.771,6.739,NA,NA,334.642,-208.461,-3278.148,1,"KelliiWood",50,"N/A",2019,2,6,"Line","rockfish","rosethorn",150,150,12,"","","","",""
"120","SL_2019_EYKT_Dive_02_08-45-18.000.avi",7517,"8:49:35",NA,41.454,0.854,4554.397,7.446,NA,NA,292.411,494.623,-4518.006,1,"KelliiWood",50,"N/A",2019,2,6,"Line","rockfish","rosethorn",150,150,13,"","","","",""
"121","SL_2019_EYKT_Dive_02_08-45-18.000.avi",8615,"8:50:11",NA,26.403,0.503,3513.84,29.094,NA,NA,-1704.708,-126.97,-3070.004,1,"KelliiWood",50,"N/A",2019,2,6,"Line","rockfish","rosethorn",150,150,14,"","","","",""
"122","SL_2019_EYKT_Dive_02_08-45-18.000.avi",8615,"8:50:11",NA,38.159,0.491,4451.787,5.767,NA,NA,-103.829,417.411,-4430.958,1,"KelliiWood",50,"N/A",2019,2,6,"Line","rockfish","rosethorn",150,150,15,"","","","",""
"123","SL_2019_EYKT_Dive_02_08-45-18.000.avi",8984,"8:50:23",NA,19.251,2.898,2903.903,19.483,NA,NA,-367.582,-907.026,-2734.015,1,"KelliiWood",50,"N/A",2019,2,6,"Line","rockfish","rosethorn",150,150,16,"","","","",""
"124","SL_2019_EYKT_Dive_02_08-45-18.000.avi",9741,"8:50:49",NA,33.198,1.562,3991.828,8.857,NA,NA,-451.321,-432.968,-3942.53,1,"KelliiWood",50,"N/A",2019,2,6,"Line","rockfish","rosethorn",150,150,17,"","","","",""
"125","SL_2019_EYKT_Dive_02_08-45-18.000.avi",10135,"8:51:02",NA,62.575,0.591,5331.672,14.198,NA,NA,1119.605,654.973,-5171.482,1,"KelliiWood",50,"N/A",2019,2,6,"Line","rockfish","rosethorn",150,150,18,"","","","",""
"126","SL_2019_EYKT_Dive_02_08-45-18.000.avi",11149,"8:51:36",NA,22.709,0.479,3392.855,6.384,NA,NA,-352.503,120.827,-3372.329,1,"KelliiWood",50,"N/A",2019,2,6,"Line","rockfish","rosethorn",150,150,19,"","","","",""
"127","SL_2019_EYKT_Dive_02_08-45-18.000.avi",18388,"8:55:37",1015.112,124.332,1.447,5830.955,16.314,30.581,2.016,-883.82,1379.044,-5596.172,1,"KelliiWood",50,"N/A",2019,2,6,"Line","greenling","lingcod",130,130,20,"","","","",""
"128","SL_2019_EYKT_Dive_02_08-45-18.000.avi",21331,"8:57:15",747.852,243.2,2.207,6682.529,26.808,68.567,14.903,2902.864,810.371,-5964.299,1,"KelliiWood",50,"N/A",2019,2,6,"Line","greenling","lingcod",130,130,21,"","","","",""
"129","SL_2019_EYKT_Dive_02_08-45-18.000.avi",21331,"8:57:15",NA,80.126,1.366,6206.589,35.045,NA,NA,-3280.851,1371.707,-5086.864,1,"KelliiWood",50,"N/A",2019,2,6,"Line","rockfish","tiger",148,148,22,"","","","",""
"130","SL_2019_EYKT_Dive_02_08-45-18.000.avi",21616,"8:57:25",NA,45.35,0.421,4913.031,4.215,NA,NA,92.247,329.539,-4901.098,1,"KelliiWood",50,"N/A",2019,2,6,"Line","rockfish","rosethorn",150,150,23,"","","","",""
"131","SL_2019_EYKT_Dive_02_08-45-18.000.avi",21999,"8:57:37",NA,64.504,1.902,5397.819,14.199,NA,NA,985.021,863.847,-5236.406,1,"KelliiWood",50,"N/A",2019,2,6,"Line","rockfish","rosethorn",150,150,24,"","","","",""
"132","SL_2019_EYKT_Dive_02_08-45-18.000.avi",22404,"8:57:51",NA,107.187,0.347,7027.565,12.954,NA,NA,-910.273,1258.34,-6853.806,1,"KelliiWood",50,"N/A",2019,2,6,"Line","rockfish","rosethorn",150,150,25,"","","","",""
"133","SL_2019_EYKT_Dive_02_08-45-18.000.avi",23035,"8:58:12",NA,85.204,0.302,6257.559,14.272,NA,NA,667.54,1366.436,-6069.949,1,"KelliiWood",50,"N/A",2019,2,6,"Line","rockfish","rosethorn",150,150,26,"","","","",""
"134","SL_2019_EYKT_Dive_02_08-45-18.000.avi",23392,"8:58:24",NA,48.847,0.611,4644.45,19.151,NA,NA,-1446.525,461.137,-4389.287,1,"KelliiWood",50,"N/A",2019,2,6,"Line","rockfish","rosethorn",150,150,27,"","","","",""
"135","SL_2019_EYKT_Dive_02_08-45-18.000.avi",24580,"8:59:03",NA,71.467,0.448,5580.139,20.141,NA,NA,-854.416,1700.007,-5245.751,1,"KelliiWood",50,"N/A",2019,2,6,"Line","rockfish","rosethorn",150,150,28,"","","","",""
"136","SL_2019_EYKT_Dive_02_08-45-18.000.avi",25159,"8:59:23",NA,57.541,0.08,5339.188,8.52,NA,NA,-314.539,704.638,-5283.131,1,"KelliiWood",50,"N/A",2019,2,6,"Line","rockfish","rosethorn",150,150,29,"","","","",""
"137","SL_2019_EYKT_Dive_02_08-45-18.000.avi",26152,"8:59:56",NA,37.437,0.74,4010.956,20.189,NA,NA,-1261.156,-585.666,-3762.213,1,"KelliiWood",50,"N/A",2019,2,6,"Line","rockfish","rosethorn",150,150,30,"","","","",""
"138","SL_2019_EYKT_Dive_02_08-45-18.000.avi",26469,"9:00:06",NA,57.836,0.944,5475.968,6.129,NA,NA,584.557,-11.397,-5444.666,1,"KelliiWood",50,"N/A",2019,2,6,"Line","rockfish","rosethorn",150,150,31,"","","","",""
"139","SL_2019_EYKT_Dive_02_08-45-18.000.avi",27973,"9:00:56",NA,48.695,0.523,4638.513,17.84,NA,NA,615.389,-1298.594,-4410.3,1,"KelliiWood",50,"N/A",2019,2,6,"Line","rockfish","rosethorn",150,150,32,"","","","",""
"140","SL_2019_EYKT_Dive_02_08-45-18.000.avi",28865,"9:01:26",NA,37.739,1.925,4123.541,15.267,NA,NA,-987.26,436.12,-3979.787,1,"KelliiWood",50,"N/A",2019,2,6,"Line","rockfish","rosethorn",150,150,33,"","","","",""
"141","SL_2019_EYKT_Dive_02_08-45-18.000.avi",28865,"9:01:26",NA,49.158,0.4,4917.83,10.67,NA,NA,140.745,880.279,-4836.357,1,"KelliiWood",50,"N/A",2019,2,6,"Line","rockfish","rosethorn",150,150,34,"","","","",""
"142","SL_2019_EYKT_Dive_02_08-45-18.000.avi",29026,"9:01:32",NA,27.136,0.132,3636.549,9.034,NA,NA,185.463,-554.408,-3589.251,1,"KelliiWood",50,"N/A",2019,2,6,"Line","rockfish","rosethorn",150,150,35,"","","","",""
"143","SL_2019_EYKT_Dive_02_08-45-18.000.avi",29643,"9:01:52",NA,48.956,0.946,4651.833,31.978,NA,NA,-2157.024,1174.41,-3950.639,1,"KelliiWood",50,"N/A",2019,2,6,"Line","rockfish","rosethorn",150,150,36,"","","","",""
"144","SL_2019_EYKT_Dive_02_08-45-18.000.avi",30391,"9:02:17",NA,33.11,1.101,4103.686,5.608,NA,NA,-201.818,-362.874,-4082.626,1,"KelliiWood",50,"N/A",2019,2,6,"Line","rockfish","rosethorn",150,150,37,"","","","",""
"145","SL_2019_EYKT_Dive_02_08-45-18.000.avi",30930,"9:02:35",NA,42.701,0.219,4441.849,12.413,NA,NA,-796.049,509.851,-4340.089,1,"KelliiWood",50,"N/A",2019,2,6,"Line","rockfish","rosethorn",150,150,38,"","","","",""
"146","SL_2019_EYKT_Dive_02_08-45-18.000.avi",31108,"9:02:41",NA,22.365,1.369,3313.885,8.719,NA,NA,-495.754,-94.098,-3275.241,1,"KelliiWood",50,"N/A",2019,2,6,"Line","rockfish","rosethorn",150,150,39,"","","","",""
"147","SL_2019_EYKT_Dive_02_08-45-18.000.avi",31582,"9:02:57",NA,36.264,0.802,4042.724,23.359,NA,NA,1591.069,-209.084,-3710.58,1,"KelliiWood",50,"N/A",2019,2,6,"Line","rockfish","rosethorn",150,150,40,"","","","",""
"148","SL_2019_EYKT_Dive_02_08-45-18.000.avi",32910,"9:03:41",NA,55.419,2.294,4927.301,21.59,NA,NA,-1735.45,506.405,-4583.674,1,"KelliiWood",50,"N/A",2019,2,6,"Line","rockfish","rosethorn",150,150,41,"","","","",""
"149","SL_2019_EYKT_Dive_02_08-45-18.000.avi",32985,"9:03:43",NA,34.431,0.25,3849.039,25.306,NA,NA,1523.674,-634.643,-3477.175,1,"KelliiWood",50,"N/A",2019,2,6,"Line","rockfish","tiger",148,148,42,"","","","",""
"150","SL_2019_EYKT_Dive_02_08-45-18.000.avi",33238,"9:03:52",NA,30.697,0.369,3716.829,14.756,NA,NA,-875.153,-375.356,-3592.775,1,"KelliiWood",50,"N/A",2019,2,6,"Line","rockfish","rosethorn",150,150,43,"","","","",""
"151","SL_2019_EYKT_Dive_02_08-45-18.000.avi",34294,"9:04:27",NA,36.84,1.518,4090.793,17.62,NA,NA,-333.446,1176.932,-3903.618,1,"KelliiWood",50,"N/A",2019,2,6,"Line","rockfish","rosethorn",150,150,44,"","","","",""
"152","SL_2019_EYKT_Dive_02_08-45-18.000.avi",34859,"9:04:46",NA,52.024,2.87,4892.868,26.993,NA,NA,2208.775,-248.411,-4358.872,1,"KelliiWood",50,"N/A",2019,2,6,"Line","rockfish","rosethorn",150,150,45,"","","","",""
"153","SL_2019_EYKT_Dive_02_08-45-18.000.avi",35155,"9:04:56",NA,77.615,2.063,5738.702,21.536,NA,NA,1425.043,1530.068,-5344.235,1,"KelliiWood",50,"N/A",2019,2,6,"Line","rockfish","rosethorn",150,150,46,"","","","",""
"154","SL_2019_EYKT_Dive_02_08-45-18.000.avi",35537,"9:05:09",NA,105.015,1.625,6619.551,26.522,NA,NA,-2187.675,1964.064,-5930.85,1,"KelliiWood",50,"N/A",2019,2,6,"Line","rockfish","rosethorn",150,150,47,"","","","",""
"155","SL_2019_EYKT_Dive_02_08-45-18.000.avi",35856,"9:05:19",NA,91.066,1.055,6563.883,13.644,NA,NA,384.451,1474.342,-6384.596,1,"KelliiWood",50,"N/A",2019,2,6,"Line","rockfish","rosethorn",150,150,48,"","","","",""
"156","SL_2019_EYKT_Dive_02_08-45-18.000.avi",36761,"9:05:49",336.982,82.799,1.914,5578.6,23.178,15.955,14.091,1758.034,1315.452,-5128.322,1,"KelliiWood",50,"N/A",2019,2,6,"Line","rockfish","yelloweye",145,145,49,"JV","Fish milling/hovering","","",""
"157","SL_2019_EYKT_Dive_02_08-45-18.000.avi",37210,"9:06:04",NA,73.13,0.451,5759.816,30.121,NA,NA,-2790.361,734.084,-4985.026,1,"KelliiWood",50,"N/A",2019,2,6,"Line","rockfish","rosethorn",150,150,50,"","","","",""
"158","SL_2019_EYKT_Dive_02_08-45-18.000.avi",37314,"9:06:08",NA,21.462,1.475,3027.574,28.61,NA,NA,1218.917,774.179,-2661.033,1,"KelliiWood",50,"N/A",2019,2,6,"Line","rockfish","dusky",172,172,51,"","","","",""
"159","SL_2019_EYKT_Dive_02_08-45-18.000.avi",37386,"9:06:10",NA,24.658,0.618,3259.063,18.737,NA,NA,791.225,673.131,-3089.07,1,"KelliiWood",50,"N/A",2019,2,6,"Line","rockfish","dusky",172,172,52,"","","","",""
"160","SL_2019_EYKT_Dive_02_08-45-18.000.avi",37808,"9:06:24",277.453,154.326,1.168,6736.303,29.504,31.569,10.261,2234.205,2452.352,-5862.77,1,"KelliiWood",50,"N/A",2019,2,6,"Line","rockfish","yelloweye",145,145,53,"JV","Fish milling/hovering","","",""
"161","SL_2019_EYKT_Dive_02_08-45-18.000.avi",38062,"9:06:33",NA,62.673,1.401,5312.988,21.235,NA,NA,-1901.757,274.279,-4953.376,1,"KelliiWood",50,"N/A",2019,2,6,"Line","rockfish","rosethorn",150,150,54,"","","","",""
"162","SL_2019_EYKT_Dive_02_08-45-18.000.avi",39296,"9:07:14",572.631,30.187,0.177,3067.662,25.271,19.386,16.666,-1290.163,-224.744,-2774.08,1,"KelliiWood",50,"N/A",2019,2,6,"Line","rockfish","yelloweye",145,145,55,"AD","Fish milling/hovering","","",""
"163","SL_2019_EYKT_Dive_02_08-45-18.000.avi",41076,"9:08:13",NA,60.913,1.158,5232.017,26.278,NA,NA,-2292.057,-353.392,-4689.946,1,"KelliiWood",50,"N/A",2019,2,6,"Line","rockfish","rosethorn",150,150,56,"","","","",""
"164","SL_2019_EYKT_Dive_02_08-45-18.000.avi",41546,"9:08:29",NA,75.473,2.803,5872.978,27.482,NA,NA,-2693.469,-321.57,-5209,1,"KelliiWood",50,"N/A",2019,2,6,"Line","rockfish","rosethorn",150,150,57,"","","","",""
"165","SL_2019_EYKT_Dive_02_08-45-18.000.avi",41749,"9:08:36",NA,36.991,0.455,4037.111,23.698,NA,NA,-1591.132,-332.679,-3695.388,1,"KelliiWood",50,"N/A",2019,2,6,"Line","rockfish","rosethorn",150,150,58,"","","","",""
"166","SL_2019_EYKT_Dive_02_08-45-18.000.avi",41974,"9:08:43",NA,66.59,0.494,5562.585,12.535,NA,NA,646.146,998.119,-5434.023,1,"KelliiWood",50,"N/A",2019,2,6,"Line","rockfish","rosethorn",150,150,59,"","","","",""
"167","SL_2019_EYKT_Dive_02_08-45-18.000.avi",42192,"9:08:50",NA,61.799,1.26,5210.781,30.313,NA,NA,2331.439,1199.111,-4503.195,1,"KelliiWood",50,"N/A",2019,2,6,"Line","rockfish","rosethorn",150,150,60,"","","","",""
"168","SL_2019_EYKT_Dive_02_08-45-18.000.avi",45515,"9:10:41",NA,54.503,1.016,5072.757,17.84,NA,NA,69.012,1533.242,-4835.005,1,"KelliiWood",50,"N/A",2019,2,6,"Line","rockfish","rosethorn",150,150,61,"","","","",""
"169","SL_2019_EYKT_Dive_02_08-45-18.000.avi",45583,"9:10:43",NA,56.888,0.19,5073.887,31.967,NA,NA,-2491.463,987.003,-4308.452,1,"KelliiWood",50,"N/A",2019,2,6,"Line","rockfish","rosethorn",150,150,62,"","","","",""
"170","SL_2019_EYKT_Dive_02_08-45-18.000.avi",46685,"9:11:20",NA,29.563,3.195,3539.235,30.007,NA,NA,-1003.488,1445.78,-3070.654,1,"KelliiWood",50,"N/A",2019,2,6,"Line","rockfish","yelloweye",145,145,63,"AD","Fish milling/hovering","","NO LENGTH - partial view",""
"171","SL_2019_EYKT_Dive_02_08-45-18.000.avi",47301,"9:11:41",NA,56.911,0.983,4965.947,29.885,NA,NA,-2201.293,1112.657,-4310.097,1,"KelliiWood",50,"N/A",2019,2,6,"Line","rockfish","rosethorn",150,150,64,"","","","",""
"172","SL_2019_EYKT_Dive_02_08-45-18.000.avi",47413,"9:11:44",NA,50.56,0.825,4624.792,28.593,NA,NA,-1839.899,1214.026,-4065.662,1,"KelliiWood",50,"N/A",2019,2,6,"Line","rockfish","rosethorn",150,150,65,"","","","",""
"173","SL_2019_EYKT_Dive_02_08-45-18.000.avi",47649,"9:11:52",NA,56.01,1.261,5389.011,6.28,NA,NA,117.749,556.171,-5358.941,1,"KelliiWood",50,"N/A",2019,2,6,"Line","rockfish","rosethorn",150,150,66,"","","","",""
"174","SL_2019_EYKT_Dive_02_08-45-18.000.avi",47738,"9:11:55",368.592,206.123,0.843,6396.526,16.452,71.427,40.498,836.365,1606.894,-6134.65,1,"KelliiWood",50,"N/A",2019,2,6,"Line","rockfish","yelloweye",145,145,67,"JV","Fish milling/hovering","","",""
"175","SL_2019_EYKT_Dive_02_08-45-18.000.avi",47738,"9:11:55",NA,79.158,2.166,6061.591,17.18,NA,NA,324.586,1737.584,-5798.132,1,"KelliiWood",50,"N/A",2019,2,6,"Line","rockfish","yelloweye",145,145,68,"AD","Fish milling/hovering","","NO LENGTH - facing cameras",""
"176","SL_2019_EYKT_Dive_02_08-45-18.000.avi",48669,"9:12:26",NA,44.74,2.068,4469.8,29.226,NA,NA,-2093.798,599.967,-3903.224,1,"KelliiWood",50,"N/A",2019,2,6,"Line","rockfish","silvergray",157,157,69,"","","","",""
"177","SL_2019_EYKT_Dive_02_08-45-18.000.avi",49149,"9:12:42",603.517,17.652,0.435,2376.088,23.885,16.888,9.612,957.771,-91.113,-2172.595,1,"KelliiWood",50,"N/A",2019,2,6,"Line","rockfish","yelloweye",145,145,70,"AD","Fish actively swimming in frame","","",""
"178","SL_2019_EYKT_Dive_02_08-45-18.000.avi",49149,"9:12:42",NA,15.243,3.635,2641.862,13.366,NA,NA,576.757,-211.074,-2569.482,1,"KelliiWood",50,"N/A",2019,2,6,"Line","rockfish","yelloweye",145,145,71,"AD","Fish actively swimming in frame","","NO LENGTH - partial view",""
"179","SL_2019_EYKT_Dive_02_08-45-18.000.avi",49265,"9:12:46",NA,113.309,1.732,6910.406,23.45,NA,NA,1809.758,2045.119,-6347.911,1,"KelliiWood",50,"N/A",2019,2,6,"Line","rockfish","rosethorn",150,150,72,"","","","",""
"180","SL_2019_EYKT_Dive_02_08-45-18.000.avi",49328,"9:12:48",NA,73.001,2.274,5847.695,30.932,NA,NA,2924.991,672.243,-5018.77,1,"KelliiWood",50,"N/A",2019,2,6,"Line","rockfish","rosethorn",150,150,73,"","","","",""
"181","SL_2019_EYKT_Dive_02_08-45-18.000.avi",49733,"9:13:02",NA,17.934,0.37,3095.607,1.695,NA,NA,-29.275,-99.118,-3093.881,1,"KelliiWood",50,"N/A",2019,2,6,"Line","rockfish","rosethorn",150,150,74,"","","","",""
"182","SL_2019_EYKT_Dive_02_08-45-18.000.avi",50427,"9:13:25",NA,68.45,0.738,5558.532,27.034,NA,NA,2469.989,511.279,-4953.284,1,"KelliiWood",50,"N/A",2019,2,6,"Line","rockfish","rosethorn",150,150,75,"","","","",""
"183","SL_2019_EYKT_Dive_02_08-45-18.000.avi",51959,"9:14:16",NA,110.547,1.095,7179.311,15.252,NA,NA,-462.609,1803.308,-6933.728,1,"KelliiWood",50,"N/A",2019,2,6,"Line","rockfish","rosethorn",150,150,76,"","","","",""
"184","SL_2019_EYKT_Dive_02_08-45-18.000.avi",52390,"9:14:30",NA,11.75,0.835,2233.407,23.284,NA,NA,-812.903,-352.626,-2050.11,1,"KelliiWood",50,"N/A",2019,2,6,"Line","rockfish","rosethorn",150,150,77,"","","","",""
"185","SL_2019_EYKT_Dive_02_08-45-18.000.avi",53311,"9:15:01",NA,73.074,0.878,5557.571,21.463,NA,NA,-1403.262,1451.077,-5178.014,1,"KelliiWood",50,"N/A",2019,2,6,"Line","rockfish","rosethorn",150,150,78,"","","","",""
"186","SL_2019_EYKT_Dive_02_08-45-18.000.avi",53803,"9:15:17",NA,80.346,0.175,5901.933,17.93,NA,NA,-1285.645,1261.363,-5620.4,1,"KelliiWood",50,"N/A",2019,2,6,"Line","rockfish","rosethorn",150,150,79,"","","","",""
"187","SL_2019_EYKT_Dive_02_08-45-18.000.avi",55045,"9:15:59",332.041,97.67,1.567,4588.933,23.085,53.844,30.621,-1791.25,-169.893,-4221.477,1,"KelliiWood",50,"N/A",2019,2,6,"Line","rockfish","yelloweye",145,145,80,"JV","Fish milling/hovering","","",""
"188","SL_2019_EYKT_Dive_02_08-45-18.000.avi",55045,"9:15:59",NA,59.926,0.005,5243.667,21.147,NA,NA,1884.206,148.395,-4891.196,1,"KelliiWood",50,"N/A",2019,2,6,"Line","rockfish","rosethorn",150,150,81,"","","","",""
"189","SL_2019_EYKT_Dive_02_08-45-18.000.avi",55226,"9:16:05",NA,101.779,1.599,6752.288,22.793,NA,NA,-2577.959,418.69,-6226.734,1,"KelliiWood",50,"N/A",2019,2,6,"Line","rockfish","tiger",148,148,82,"","","","",""
"190","SL_2019_EYKT_Dive_02_08-45-18.000.avi",56661,"9:16:53",NA,80.437,0.433,6097.24,13.865,NA,NA,613.245,1302.427,-5924.859,1,"KelliiWood",50,"N/A",2019,2,6,"Line","rockfish","rosethorn",150,150,83,"","","","",""
"191","SL_2019_EYKT_Dive_02_08-45-18.000.avi",56661,"9:16:53",NA,102.539,0.418,6680.722,18.903,NA,NA,1194.284,1779.657,-6327.602,1,"KelliiWood",50,"N/A",2019,2,6,"Line","greenling","kelp greenling",194,194,84,"","","","",""
"192","SL_2019_EYKT_Dive_02_08-45-18.000.avi",57553,"9:17:22",NA,67.437,0.167,5610.326,12.096,NA,NA,-1034.637,536.239,-5487.963,1,"KelliiWood",50,"N/A",2019,2,6,"Line","rockfish","rosethorn",150,150,85,"","","","",""
"193","SL_2019_EYKT_Dive_02_08-45-18.000.avi",58276,"9:17:47",NA,57.963,1.923,5142.851,30.825,NA,NA,2495.978,827.74,-4419.713,1,"KelliiWood",50,"N/A",2019,2,6,"Line","rockfish","rosethorn",150,150,86,"","","","",""
"194","SL_2019_EYKT_Dive_02_08-45-18.000.avi",58742,"9:18:02",NA,63.298,0.749,5311.651,15.36,NA,NA,1052.41,913.258,-5125.625,1,"KelliiWood",50,"N/A",2019,2,6,"Line","rockfish","rosethorn",150,150,87,"","","","",""
"195","SL_2019_EYKT_Dive_02_08-45-18.000.avi",59844,"9:18:39",NA,52.493,1.016,4919.417,16.307,NA,NA,1354.858,250.253,-4722.542,1,"KelliiWood",50,"N/A",2019,2,6,"Line","rockfish","rosethorn",150,150,88,"","","","",""
"196","SL_2019_EYKT_Dive_02_08-45-18.000.avi",60424,"9:18:58",NA,80.546,0.634,5894.216,28.466,NA,NA,-2549.224,1160.04,-5186.284,1,"KelliiWood",50,"N/A",2019,2,6,"Line","rockfish","rosethorn",150,150,89,"","","","",""
"197","SL_2019_EYKT_Dive_02_08-45-18.000.avi",60927,"9:19:15",NA,38.659,1.085,4149.674,15.116,NA,NA,-760.662,753.6,-4009.149,1,"KelliiWood",50,"N/A",2019,2,6,"Line","rockfish","rosethorn",150,150,90,"","","","",""
"198","SL_2019_EYKT_Dive_02_08-45-18.000.avi",61407,"9:19:31",NA,44.605,0.097,4405.103,22.633,NA,NA,1590.99,568.944,-4068.167,1,"KelliiWood",50,"N/A",2019,2,6,"Line","rockfish","rosethorn",150,150,91,"","","","",""
"199","SL_2019_EYKT_Dive_02_08-45-18.000.avi",62697,"9:20:14",643.169,142.122,2.305,7356.742,33.472,3.04,6.486,3300.804,2359.657,-6136.64,1,"KelliiWood",50,"N/A",2019,2,6,"Line","rockfish","yelloweye",145,145,92,"AD","Fish milling/hovering","","",""
"200","SL_2019_EYKT_Dive_02_08-45-18.000.avi",63243,"9:20:32",NA,9.112,2.478,1950.914,24.107,NA,NA,580.516,538.695,-1782.939,1,"KelliiWood",50,"N/A",2019,2,6,"Line","rockfish","yelloweye",145,145,93,"AD","Attracted","","NO LENGTH - partial view",""
"201","SL_2019_EYKT_Dive_02_08-45-18.000.avi",63464,"9:20:39",NA,48.797,2.215,4684.812,17.34,NA,NA,1354.16,-358.174,-4470.507,1,"KelliiWood",50,"N/A",2019,2,6,"Line","rockfish","rosethorn",150,150,94,"","","","",""
"202","SL_2019_EYKT_Dive_02_08-45-18.000.avi",63715,"9:20:48",NA,39.357,3.35,4264.641,21.938,NA,NA,108.701,-1605.364,-3949.45,1,"KelliiWood",50,"N/A",2019,2,6,"Line","rockfish","tiger",148,148,95,"","","","",""
"203","SL_2019_EYKT_Dive_02_08-45-18.000.avi",67534,"9:22:55",NA,101.641,1.383,6595.906,21.065,NA,NA,-2080.107,1112.75,-6159.62,1,"KelliiWood",50,"N/A",2019,2,6,"Line","rockfish","rosethorn",150,150,96,"","","","",""
"204","SL_2019_EYKT_Dive_02_08-45-18.000.avi",67610,"9:22:58",NA,104.76,1.368,7044.51,11.072,NA,NA,756.335,1093.993,-6917.822,1,"KelliiWood",50,"N/A",2019,2,6,"Line","greenling","kelp greenling",194,194,97,"","","","",""
"205","SL_2019_EYKT_Dive_02_08-45-18.000.avi",67684,"9:23:00",NA,88.139,3.141,6073.743,23.674,NA,NA,-1728.133,1698.578,-5569.447,1,"KelliiWood",50,"N/A",2019,2,6,"Line","rockfish","tiger",148,148,98,"","","","",""
"206","SL_2019_EYKT_Dive_02_08-45-18.000.avi",69970,"9:24:16",NA,30.235,0.849,3935.074,6.728,NA,NA,85.467,437.391,-3909.756,1,"KelliiWood",50,"N/A",2019,2,6,"Line","rockfish","rosethorn",150,150,99,"","","","",""
"207","SL_2019_EYKT_Dive_02_08-45-18.000.avi",70301,"9:24:27",162.377,25.681,0.267,2515.562,7.147,36.198,18.627,-86.907,-300.685,-2496.014,1,"KelliiWood",50,"N/A",2019,2,6,"Line","rockfish","yelloweye",145,145,100,"JV","Fish milling/hovering","","",""
"208","SL_2019_EYKT_Dive_02_08-45-18.000.avi",70727,"9:24:42",567.141,14.533,1.481,1545.191,15.54,56.95,11.991,395.759,121.465,-1488.703,1,"KelliiWood",50,"N/A",2019,2,6,"Line","rockfish","yelloweye",145,145,101,"AD","Attracted","","",""
"209","SL_2019_EYKT_Dive_02_08-45-18.000.avi",71099,"9:24:54",401.275,67.071,2.12,6299.911,16.642,9.176,26.835,1206.161,1341.788,-6036.03,1,"KelliiWood",50,"N/A",2019,2,6,"Line","rockfish","yelloweye",145,145,102,"AD","Fish milling/hovering","","",""
"210","SL_2019_EYKT_Dive_02_08-45-18.000.avi",71509,"9:25:08",NA,13.071,0.592,2481.16,10.782,NA,NA,-420.048,187.755,-2438.127,1,"KelliiWood",50,"N/A",2019,2,6,"Line","greenling","lingcod",130,130,103,"","","","NO LENGTH - facing cameras",""
"211","SL_2019_EYKT_Dive_02_08-45-18.000.avi",73328,"9:26:08",260.4,130.852,1.283,4821.107,6.235,52.351,10.628,230.85,-469.957,-4792.59,1,"KelliiWood",50,"N/A",2019,2,6,"Line","rockfish","yelloweye",145,145,105,"JV","Fish milling/hovering","","",""
"212","SL_2019_EYKT_Dive_02_08-45-18.000.avi",73328,"9:26:08",NA,73.248,0.277,5718.594,30.74,NA,NA,-2738.525,-1041.69,-4910.976,1,"KelliiWood",50,"N/A",2019,2,6,"Line","rockfish","rosethorn",150,150,104,"","","","",""
"213","SL_2019_EYKT_Dive_02_08-45-18.000.avi",74315,"9:26:41",NA,50.833,1.995,4993.062,10.428,NA,NA,195.148,862.751,-4914.087,1,"KelliiWood",50,"N/A",2019,2,6,"Line","rockfish","rosethorn",150,150,106,"","","","",""
"214","SL_2019_EYKT_Dive_02_08-45-18.000.avi",74427,"9:26:45",NA,25.642,0.651,3586.931,7.413,NA,NA,167.919,417.035,-3558.646,1,"KelliiWood",50,"N/A",2019,2,6,"Line","rockfish","rosethorn",150,150,107,"","","","",""
"215","SL_2019_EYKT_Dive_02_08-45-18.000.avi",75234,"9:27:12",NA,70.779,0.156,5596.028,16.334,NA,NA,1286.963,884.399,-5373.742,1,"KelliiWood",50,"N/A",2019,2,6,"Line","rockfish","rosethorn",150,150,108,"","","","",""
"216","SL_2019_EYKT_Dive_02_08-45-18.000.avi",76112,"9:27:41",NA,53.297,0.332,4832.966,29.255,NA,NA,2144.674,972.433,-4220.463,1,"KelliiWood",50,"N/A",2019,2,6,"Line","rockfish","rosethorn",150,150,109,"","","","",""
"217","SL_2019_EYKT_Dive_02_08-45-18.000.avi",76289,"9:27:47",NA,47.051,1.548,4512.873,19.457,NA,NA,-1338.124,667.956,-4257.85,1,"KelliiWood",50,"N/A",2019,2,6,"Line","rockfish","tiger",148,148,110,"","","","",""
"218","SL_2019_EYKT_Dive_02_08-45-18.000.avi",77590,"9:28:30",NA,70.066,0.544,5733.298,32.411,NA,NA,-2968.621,-813.354,-4836.988,1,"KelliiWood",50,"N/A",2019,2,6,"Line","rockfish","rosethorn",150,150,111,"","","","",""
"219","SL_2019_EYKT_Dive_02_08-45-18.000.avi",78226,"9:28:52",941.231,266.044,2.473,7206.526,29.92,73.238,18.599,2981.143,2008.294,-6246.083,1,"KelliiWood",50,"N/A",2019,2,6,"Line","greenling","lingcod",130,130,112,"","","","",""
"220","SL_2019_EYKT_Dive_03_10-05-43.000.avi",421,"10:05:59",NA,31.124,0.048,3820.146,11.4,NA,NA,443.903,595.84,-3747.191,1,"KelliiWood",65,"N/A",2019,3,7,"Line","rockfish","rosethorn",150,150,1,"","","","",""
"221","SL_2019_EYKT_Dive_03_10-05-43.000.avi",577,"10:06:04",NA,38.838,0.708,4170.832,25.099,NA,NA,1733.442,338.832,-3778.387,1,"KelliiWood",65,"N/A",2019,3,7,"Line","rockfish","rosethorn",150,150,2,"","","","",""
"222","SL_2019_EYKT_Dive_03_10-05-43.000.avi",1079,"10:06:21",NA,61.564,0.069,5418.792,12.905,NA,NA,-275.804,1157.185,-5286.602,1,"KelliiWood",65,"N/A",2019,3,7,"Line","rockfish","rosethorn",150,150,3,"","","","",""
"223","SL_2019_EYKT_Dive_03_10-05-43.000.avi",1944,"10:06:50",NA,15.074,0.642,2772.426,4.912,NA,NA,-82.641,-233.609,-2761.33,1,"KelliiWood",65,"N/A",2019,3,7,"Line","rockfish","rosethorn",150,150,4,"","","","",""
"224","SL_2019_EYKT_Dive_03_10-05-43.000.avi",2096,"10:06:55",NA,41.561,0.09,4526.885,8.736,NA,NA,-270.729,614.074,-4476.864,1,"KelliiWood",65,"N/A",2019,3,7,"Line","rockfish","rosethorn",150,150,5,"","","","",""
"225","SL_2019_EYKT_Dive_03_10-05-43.000.avi",2742,"10:07:16",NA,129.367,0.502,7377.518,27.769,NA,NA,2410.801,2423.954,-6537.603,1,"KelliiWood",65,"N/A",2019,3,7,"Line","greenling","lingcod",130,130,6,"","","","NO LENGTH - poor visibility",""
"226","SL_2019_EYKT_Dive_03_10-05-43.000.avi",3161,"10:07:30",NA,41.979,1.554,4360.492,23.581,NA,NA,-1734.585,168.473,-3997.089,1,"KelliiWood",65,"N/A",2019,3,7,"Line","rockfish","rosethorn",150,150,7,"","","","",""
"227","SL_2019_EYKT_Dive_03_10-05-43.000.avi",3506,"10:07:42",NA,45.74,1.158,4701.226,30.411,NA,NA,-2379.354,-61.375,-4054.188,1,"KelliiWood",65,"N/A",2019,3,7,"Line","rockfish","rosethorn",150,150,8,"","","","",""
"228","SL_2019_EYKT_Dive_03_10-05-43.000.avi",4864,"10:08:27",NA,91.003,0.72,6200.78,22.474,NA,NA,1607.583,1718.963,-5736.768,1,"KelliiWood",65,"N/A",2019,3,7,"Line","rockfish","rosethorn",150,150,9,"","","","",""
"229","SL_2019_EYKT_Dive_03_10-05-43.000.avi",6631,"10:09:26",460.686,58.801,1.35,4905.736,19.484,6.185,6.395,-1617.493,247.481,-4624.794,1,"KelliiWood",65,"N/A",2019,3,7,"Line","greenling","lingcod",130,130,10,"","","","",""
"230","SL_2019_EYKT_Dive_03_10-05-43.000.avi",8507,"10:10:29",NA,89.307,2.567,6268.817,28.552,NA,NA,-2834.999,947.43,-5510.284,1,"KelliiWood",65,"N/A",2019,3,7,"Line","rockfish","rosethorn",150,150,11,"","","","",""
"231","SL_2019_EYKT_Dive_03_10-05-43.000.avi",9196,"10:10:52",NA,59.422,1.081,5300.456,30.501,NA,NA,-2666.593,337.909,-4568.363,1,"KelliiWood",65,"N/A",2019,3,7,"Line","rockfish","rosethorn",150,150,12,"","","","",""
"232","SL_2019_EYKT_Dive_03_10-05-43.000.avi",12110,"10:12:29",NA,52.394,2.611,5105.138,7.885,NA,NA,-629.213,287.355,-5058.058,1,"KelliiWood",65,"N/A",2019,3,7,"Line","rockfish","rosethorn",150,150,13,"","","","",""
"233","SL_2019_EYKT_Dive_03_10-05-43.000.avi",12557,"10:12:44",NA,89.062,4.023,6168.864,20.919,NA,NA,1347.076,1719.511,-5769.19,1,"KelliiWood",65,"N/A",2019,3,7,"Line","rockfish","rosethorn",150,150,14,"","","","",""
"234","SL_2019_EYKT_Dive_03_10-05-43.000.avi",14069,"10:13:34",NA,72.372,2.2,6106.365,5.618,NA,NA,-437.181,383.323,-6078.621,1,"KelliiWood",65,"N/A",2019,3,7,"Line","rockfish","rosethorn",150,150,15,"","","","",""
"235","SL_2019_EYKT_Dive_03_10-05-43.000.avi",15349,"10:14:17",NA,37.772,3.286,4254.402,33.139,NA,NA,-2256.335,549.76,-3564.639,1,"KelliiWood",65,"N/A",2019,3,7,"Line","rockfish","rosethorn",150,150,16,"","","","",""
"236","SL_2019_EYKT_Dive_03_10-05-43.000.avi",16782,"10:15:04",NA,74.938,3.37,5750.661,22.332,NA,NA,681.546,2054.822,-5327.598,1,"KelliiWood",65,"N/A",2019,3,7,"Line","rockfish","silvergray",157,157,17,"","","","",""
"237","SL_2019_EYKT_Dive_03_10-05-43.000.avi",18051,"10:15:47",NA,81.625,1.275,5987.149,29.461,NA,NA,2672.827,1214.816,-5217.87,1,"KelliiWood",65,"N/A",2019,3,7,"Line","rockfish","rosethorn",150,150,18,"","","","",""
"238","SL_2019_EYKT_Dive_03_10-05-43.000.avi",23046,"10:18:33",NA,41.035,0.197,4309.91,25.641,NA,NA,-1856.192,-196.618,-3884.742,1,"KelliiWood",65,"N/A",2019,3,7,"Line","rockfish","tiger",148,148,19,"","","","",""
"239","SL_2019_EYKT_Dive_03_10-05-43.000.avi",25731,"10:20:03",NA,70.521,0.643,5704.082,31.99,NA,NA,2829.568,1041.348,-4842.074,1,"KelliiWood",65,"N/A",2019,3,7,"Line","rockfish","rosethorn",150,150,20,"","","","",""
"240","SL_2019_EYKT_Dive_03_10-05-43.000.avi",26608,"10:20:32",NA,71.062,0.016,5720.875,19.836,NA,NA,280.312,1899.35,-5389.091,1,"KelliiWood",65,"N/A",2019,3,7,"Line","rockfish","rosethorn",150,150,21,"","","","",""
"241","SL_2019_EYKT_Dive_03_10-05-43.000.avi",27702,"10:21:08",NA,98.065,1.004,6735.305,15.997,NA,NA,479.274,1767.237,-6481.629,1,"KelliiWood",65,"N/A",2019,3,7,"Line","rockfish","rosethorn",150,150,22,"","","","",""
"242","SL_2019_EYKT_Dive_03_10-05-43.000.avi",30435,"10:22:39",NA,56.547,0.634,4949.463,23.557,NA,NA,1841.949,703.082,-4539.833,1,"KelliiWood",65,"N/A",2019,3,7,"Line","rockfish","rosethorn",150,150,23,"","","","",""
"243","SL_2019_EYKT_Dive_03_10-05-43.000.avi",31017,"10:22:59",NA,63.358,1.602,5374.077,29.911,NA,NA,2575.002,723.315,-4661.211,1,"KelliiWood",65,"N/A",2019,3,7,"Line","rockfish","rosethorn",150,150,24,"","","","",""
"244","SL_2019_EYKT_Dive_03_10-05-43.000.avi",31852,"10:23:27",NA,23.852,5.6,3505.593,4.583,NA,NA,240.433,-157.748,-3493.778,1,"KelliiWood",65,"N/A",2019,3,7,"Line","rockfish","rosethorn",150,150,25,"","","","",""
"245","SL_2019_EYKT_Dive_03_10-05-43.000.avi",35759,"10:25:37",NA,74.633,0.548,5960.709,11.127,NA,NA,529.085,998.058,-5852.692,1,"KelliiWood",65,"N/A",2019,3,7,"Line","rockfish","rosethorn",150,150,26,"","","","",""
"246","SL_2019_EYKT_Dive_03_10-05-43.000.avi",36138,"10:25:50",NA,51.414,0.627,4714.129,18.858,NA,NA,1237.489,871.212,-4464.597,1,"KelliiWood",65,"N/A",2019,3,7,"Line","rockfish","rosethorn",150,150,27,"","","","",""
"247","SL_2019_EYKT_Dive_03_10-05-43.000.avi",36321,"10:25:56",NA,24.111,0.082,3342.831,27.991,NA,NA,1561.316,-166.049,-2951.142,1,"KelliiWood",65,"N/A",2019,3,7,"Line","rockfish","rosethorn",150,150,28,"","","","",""
"248","SL_2019_EYKT_Dive_03_10-05-43.000.avi",37327,"10:26:29",NA,66.53,1.192,5554.066,14.01,NA,NA,-487.939,1231.383,-5393.817,1,"KelliiWood",65,"N/A",2019,3,7,"Line","rockfish","rosethorn",150,150,29,"","","","",""
"249","SL_2019_EYKT_Dive_03_10-05-43.000.avi",38165,"10:26:57",NA,39.893,0.646,4385.764,13.963,NA,NA,-24.659,1040.952,-4260.368,1,"KelliiWood",65,"N/A",2019,3,7,"Line","rockfish","rosethorn",150,150,30,"","","","",""
"250","SL_2019_EYKT_Dive_03_10-05-43.000.avi",38165,"10:26:57",NA,66.27,2.79,5591.76,32.316,NA,NA,-2901.038,702.139,-4728.506,1,"KelliiWood",65,"N/A",2019,3,7,"Line","rockfish","rosethorn",150,150,31,"","","","",""
"251","SL_2019_EYKT_Dive_03_10-05-43.000.avi",38259,"10:27:00",NA,27.933,1.068,3457.366,19.764,NA,NA,798.651,840.724,-3257.103,1,"KelliiWood",65,"N/A",2019,3,7,"Line","rockfish","silvergray",157,157,32,"","","","",""
"252","SL_2019_EYKT_Dive_03_10-05-43.000.avi",39064,"10:27:27",NA,46.546,0.69,4646.156,35.34,NA,NA,-2225.238,1491.725,-3796.029,1,"KelliiWood",65,"N/A",2019,3,7,"Line","rockfish","yelloweye",145,145,33,"AD","Attracted","","NO LENGTH - facing camera",""
"253","SL_2019_EYKT_Dive_03_10-05-43.000.avi",39318,"10:27:36",NA,26.355,0.446,3458.162,21.108,NA,NA,-1244.408,-62.696,-3225.895,1,"KelliiWood",65,"N/A",2019,3,7,"Line","rockfish","rosethorn",150,150,34,"","","","",""
"254","SL_2019_EYKT_Dive_03_10-05-43.000.avi",40695,"10:28:21",NA,116.369,5.946,7016.497,22.576,NA,NA,2142.265,1607.054,-6485.315,1,"KelliiWood",65,"N/A",2019,3,7,"Line","rockfish","rosethorn",150,150,35,"","","","",""
"255","SL_2019_EYKT_Dive_03_10-05-43.000.avi",42138,"10:29:10",NA,53.036,3.307,4958.656,31.908,NA,NA,-2519.078,706.587,-4212.274,1,"KelliiWood",65,"N/A",2019,3,7,"Line","rockfish","rosethorn",150,150,36,"","","","",""
"256","SL_2019_EYKT_Dive_03_10-05-43.000.avi",43523,"10:29:56",NA,42.362,1.126,4313.274,20.97,NA,NA,1463.703,474.061,-4029.537,1,"KelliiWood",65,"N/A",2019,3,7,"Line","greenling","kelp greenling",194,194,37,"","","","",""
"257","SL_2019_EYKT_Dive_03_10-05-43.000.avi",43908,"10:30:09",NA,24.446,0.581,3223.289,28.601,NA,NA,-1330.28,-793.114,-2826.822,1,"KelliiWood",65,"N/A",2019,3,7,"Line","rockfish","rosethorn",150,150,38,"","","","",""
"258","SL_2019_EYKT_Dive_03_10-05-43.000.avi",44057,"10:30:14",NA,100.795,0.579,6804.958,15.829,NA,NA,-570.78,1739.961,-6553.946,1,"KelliiWood",65,"N/A",2019,3,7,"Line","rockfish","rosethorn",150,150,39,"","","","",""
"259","SL_2019_EYKT_Dive_03_10-05-43.000.avi",46230,"10:31:26",NA,83.197,0.94,6215.877,13.063,NA,NA,-1294.504,521.69,-6057.163,1,"KelliiWood",65,"N/A",2019,3,7,"Line","rockfish","rosethorn",150,150,40,"","","","",""
"260","SL_2019_EYKT_Dive_03_10-05-43.000.avi",46519,"10:31:36",NA,24.115,0.999,3247.93,18.023,NA,NA,920.072,-416.448,-3086.922,1,"KelliiWood",65,"N/A",2019,3,7,"Line","rockfish","rosethorn",150,150,41,"","","","",""
"261","SL_2019_EYKT_Dive_03_10-05-43.000.avi",47768,"10:32:17",NA,54.56,0.663,5029.095,12.008,NA,NA,-769.521,689.193,-4921.854,1,"KelliiWood",65,"N/A",2019,3,7,"Line","rockfish","silvergray",157,157,42,"","","","",""
"262","SL_2019_EYKT_Dive_03_10-05-43.000.avi",48041,"10:32:26",NA,73.305,0.922,5803.813,32.181,NA,NA,2858.573,1156.457,-4916.85,1,"KelliiWood",65,"N/A",2019,3,7,"Line","rockfish","rosethorn",150,150,43,"","","","",""
"263","SL_2019_EYKT_Dive_03_10-05-43.000.avi",48239,"10:32:33",NA,76.001,0.813,5706.139,20.163,NA,NA,-1673.205,1012.477,-5360.532,1,"KelliiWood",65,"N/A",2019,3,7,"Line","rockfish","rosethorn",150,150,44,"","","","",""
"264","SL_2019_EYKT_Dive_03_10-05-43.000.avi",48427,"10:32:39",680.942,94.398,0.919,5398.609,30.85,22.77,8.208,2372.437,1426.628,-4634.788,1,"KelliiWood",65,"N/A",2019,3,7,"Line","greenling","kelp greenling",194,194,45,"","","","",""
"265","SL_2019_EYKT_Dive_03_10-05-43.000.avi",49485,"10:33:14",NA,34.867,1.592,4007.513,15.885,NA,NA,-1078.256,185.828,-3855.255,1,"KelliiWood",65,"N/A",2019,3,7,"Line","rockfish","rosethorn",150,150,46,"","","","",""
"266","SL_2019_EYKT_Dive_03_10-05-43.000.avi",50537,"10:33:50",NA,57.359,1.856,5554.081,3.57,NA,NA,125.101,300.208,-5544.55,1,"KelliiWood",65,"N/A",2019,3,7,"Line","rockfish","rosethorn",150,150,47,"","","","",""
"267","SL_2019_EYKT_Dive_03_10-05-43.000.avi",51253,"10:34:13",NA,23.545,1.199,3298.161,13.609,NA,NA,728.574,254.395,-3206.607,1,"KelliiWood",65,"N/A",2019,3,7,"Line","rockfish","rosethorn",150,150,48,"","","","",""
"268","SL_2019_EYKT_Dive_03_10-05-43.000.avi",54210,"10:35:52",NA,45.787,0.365,4524.965,27.751,NA,NA,2030.678,545.664,-4006.733,1,"KelliiWood",65,"N/A",2019,3,7,"Line","rockfish","rosethorn",150,150,49,"","","","",""
"269","SL_2019_EYKT_Dive_03_10-05-43.000.avi",54606,"10:36:05",NA,91.851,0.699,6880.942,7.604,NA,NA,-54.969,881.613,-6824.009,1,"KelliiWood",65,"N/A",2019,3,7,"Line","rockfish","rosethorn",150,150,50,"","","","",""
"270","SL_2019_EYKT_Dive_03_10-05-43.000.avi",57588,"10:37:45",NA,51.907,0.099,5066.893,10.8,NA,NA,82.293,925.932,-4980.892,1,"KelliiWood",65,"N/A",2019,3,7,"Line","rockfish","rosethorn",150,150,51,"","","","",""
"271","SL_2019_EYKT_Dive_03_10-05-43.000.avi",59299,"10:38:42",NA,56.61,1.237,4959.71,23.552,NA,NA,1858.855,668.942,-4549.275,1,"KelliiWood",65,"N/A",2019,3,7,"Line","rockfish","rosethorn",150,150,52,"","","","",""
"272","SL_2019_EYKT_Dive_03_10-05-43.000.avi",68890,"10:44:01",NA,47.439,0.684,4474.041,27.391,NA,NA,1634.544,1235.036,-3977.436,1,"KelliiWood",65,"N/A",2019,3,7,"Line","rockfish","rosethorn",150,150,53,"","","","",""
"273","SL_2019_EYKT_Dive_03_10-05-43.000.avi",70277,"10:44:48",588.641,38.242,2.87,5914.299,21.612,6.242,5.887,626.279,2086.426,-5498.503,1,"KelliiWood",65,"N/A",2019,3,7,"Line","rockfish","yelloweye",145,145,54,"AD","Fish milling/hovering","","",""
"274","SL_2019_EYKT_Dive_03_10-05-43.000.avi",71145,"10:45:16",NA,39.885,1.262,4249.527,20.052,NA,NA,1446.856,-188.302,-3991.194,1,"KelliiWood",65,"N/A",2019,3,7,"Line","rockfish","rosethorn",150,150,55,"","","","",""
"275","SL_2019_EYKT_Dive_03_10-05-43.000.avi",71627,"10:45:33",NA,28.855,2.398,3636.762,19.13,NA,NA,-1190.455,42.548,-3436.138,1,"KelliiWood",65,"N/A",2019,3,7,"Line","rockfish","rosethorn",150,150,56,"","","","",""
"276","SL_2019_EYKT_Dive_03_10-05-43.000.avi",72132,"10:45:49",NA,40.67,0.604,4404.903,12.277,NA,NA,-245.491,886.681,-4307.749,1,"KelliiWood",65,"N/A",2019,3,7,"Line","rockfish","rosethorn",150,150,57,"","","","",""
"277","SL_2019_EYKT_Dive_03_10-05-43.000.avi",72603,"10:46:05",NA,46.876,0.153,4494.914,25.806,NA,NA,1790.799,772.338,-4049.788,1,"KelliiWood",65,"N/A",2019,3,7,"Line","rockfish","rosethorn",150,150,58,"","","","",""
"278","SL_2019_EYKT_Dive_03_10-05-43.000.avi",72700,"10:46:08",NA,88.599,1.617,6204.105,27.804,NA,NA,-1022.999,2685.051,-5498.626,1,"KelliiWood",65,"N/A",2019,3,7,"Line","rockfish","silvergray",157,157,59,"","","","",""
"279","SL_2019_EYKT_Dive_03_10-05-43.000.avi",73022,"10:46:19",NA,66.184,1.485,5339.029,25.354,NA,NA,2090.948,905.285,-4828.418,1,"KelliiWood",65,"N/A",2019,3,7,"Line","rockfish","rosethorn",150,150,60,"","","","",""
"280","SL_2019_EYKT_Dive_03_10-05-43.000.avi",73160,"10:46:24",NA,30.866,1.319,3705.087,17.597,NA,NA,-1056.502,357.98,-3533.175,1,"KelliiWood",65,"N/A",2019,3,7,"Line","rockfish","rosethorn",150,150,61,"","","","",""
"281","SL_2019_EYKT_Dive_03_10-05-43.000.avi",75014,"10:47:25",NA,73.124,0.86,5535.066,23.316,NA,NA,-1652.157,1418.321,-5088.782,1,"KelliiWood",65,"N/A",2019,3,7,"Line","rockfish","rosethorn",150,150,62,"","","","",""
"282","SL_2019_EYKT_Dive_03_10-05-43.000.avi",77231,"10:48:39",NA,76.572,3.061,5746.966,19.476,NA,NA,-1098.893,1547.967,-5424.376,1,"KelliiWood",65,"N/A",2019,3,7,"Line","rockfish","rosethorn",150,150,63,"","","","",""
"283","SL_2019_EYKT_Dive_03_10-05-43.000.avi",77404,"10:48:45",NA,33.803,4.571,3828.633,17.679,NA,NA,-872.231,754.217,-3650.863,1,"KelliiWood",65,"N/A",2019,3,7,"Line","rockfish","rosethorn",150,150,64,"","","","",""
"284","SL_2019_EYKT_Dive_03_10-05-43.000.avi",77424,"10:48:46",NA,21.815,1.688,3165.885,31.742,NA,NA,-1592.056,478.525,-2694.291,1,"KelliiWood",65,"N/A",2019,3,7,"Line","rockfish","yelloweye",145,145,65,"AD","Fish actively swimming in frame","","",""
"285","SL_2019_EYKT_Dive_04_11-21-19.000.avi",2780,"11:22:58",NA,115.222,3.554,7142.21,26.114,NA,NA,-3053.418,722.179,-6416.094,1,"KelliiWood",45,"N/A",2019,4,8,"Line","rockfish","rosethorn",150,150,1,"","","","",""
"286","SL_2019_EYKT_Dive_04_11-21-19.000.avi",3342,"11:23:16",NA,52.266,0.396,4802.094,26.491,NA,NA,-2071.618,527.404,-4300.041,1,"KelliiWood",45,"N/A",2019,4,8,"Line","rockfish","rosethorn",150,150,2,"","","","",""
"287","SL_2019_EYKT_Dive_04_11-21-19.000.avi",6246,"11:24:53",NA,25.94,0.315,3669.752,4.705,NA,NA,-223.776,186.73,-3658.16,1,"KelliiWood",45,"N/A",2019,4,8,"Line","prowfish","prowfish",215,215,3,"","","","",""
"288","SL_2019_EYKT_Dive_04_11-21-19.000.avi",7216,"11:25:26",NA,89.239,0.957,6328.245,14.933,NA,NA,1298.744,961.615,-6118.434,1,"KelliiWood",45,"N/A",2019,4,8,"Line","rockfish","rosethorn",150,150,4,"","","","",""
"289","SL_2019_EYKT_Dive_04_11-21-19.000.avi",7355,"11:25:30",NA,102.887,1.252,6716.344,28.491,NA,NA,-3014.326,1061.796,-5907.259,1,"KelliiWood",45,"N/A",2019,4,8,"Line","rockfish","rosethorn",150,150,5,"","","","",""
"290","SL_2019_EYKT_Dive_04_11-21-19.000.avi",9871,"11:26:54",NA,31.129,2.023,3748.083,20.221,NA,NA,266.597,-1281.855,-3511.965,1,"KelliiWood",45,"N/A",2019,4,8,"Line","rockfish","rosethorn",150,150,6,"","","","",""
"291","SL_2019_EYKT_Dive_04_11-21-19.000.avi",10995,"11:27:31",NA,18.566,1.112,2836.515,31.283,NA,NA,1114.609,-972.541,-2420.254,1,"KelliiWood",45,"N/A",2019,4,8,"Line","rockfish","tiger",148,148,7,"","","","",""
"292","SL_2019_EYKT_Dive_04_11-21-19.000.avi",11146,"11:27:37",NA,51.384,4.36,4733.205,18.112,NA,NA,1312.978,-682.33,-4495.97,1,"KelliiWood",45,"N/A",2019,4,8,"Line","rockfish","tiger",148,148,8,"","","","",""
"293","SL_2019_EYKT_Dive_04_11-21-19.000.avi",15657,"11:30:07",NA,14.287,1.655,2515.101,25.189,NA,NA,251.926,-1049.488,-2271.748,1,"KelliiWood",45,"N/A",2019,4,8,"Line","rockfish","tiger",148,148,9,"","","","",""
"294","SL_2019_EYKT_Dive_04_11-21-19.000.avi",15788,"11:30:11",NA,14.235,0.434,2588.578,10.222,NA,NA,408.796,-219.726,-2546.634,1,"KelliiWood",45,"N/A",2019,4,8,"Line","rockfish","rosethorn",150,150,10,"","","","",""
"295","SL_2019_EYKT_Dive_04_11-21-19.000.avi",16362,"11:30:30",NA,94.712,2.175,6685.391,16.173,NA,NA,240.651,1820.802,-6428.158,1,"KelliiWood",45,"N/A",2019,4,8,"Line","rockfish","rosethorn",150,150,11,"","","","",""
"296","SL_2019_EYKT_Dive_04_11-21-19.000.avi",17286,"11:31:01",NA,37.006,0.168,4454.508,3.271,NA,NA,129.489,200.879,-4448.092,1,"KelliiWood",45,"N/A",2019,4,8,"Line","rockfish","rosethorn",150,150,12,"","","","",""
"297","SL_2019_EYKT_Dive_04_11-21-19.000.avi",20305,"11:32:42",NA,85.99,1.696,6406.008,13.533,NA,NA,-1497.74,-88.348,-6227.833,1,"KelliiWood",45,"N/A",2019,4,8,"Line","rockfish","rosethorn",150,150,13,"","","","",""
"298","SL_2019_EYKT_Dive_04_11-21-19.000.avi",20771,"11:32:57",538.346,55.29,1.313,4571.909,31.388,19.784,32.821,1645.714,1720.997,-3902.838,1,"KelliiWood",45,"N/A",2019,4,8,"Line","rockfish","yelloweye",145,145,15,"AD","Fish actively swimming in frame","","",""
"299","SL_2019_EYKT_Dive_04_11-21-19.000.avi",20771,"11:32:57",NA,86.69,0.826,6289.886,16.693,NA,NA,-1759.253,387.529,-6026.402,1,"KelliiWood",45,"N/A",2019,4,8,"Line","rockfish","rosethorn",150,150,14,"","","","",""
"300","SL_2019_EYKT_Dive_04_11-21-19.000.avi",21231,"11:33:13",NA,44.024,0.651,4416.533,16.422,NA,NA,-1150.51,-502.132,-4234.378,1,"KelliiWood",45,"N/A",2019,4,8,"Line","rockfish","rosethorn",150,150,16,"","","","",""
"301","SL_2019_EYKT_Dive_04_11-21-19.000.avi",21597,"11:33:25",NA,60.602,0.63,5343.047,12.441,NA,NA,442.578,1041.741,-5221.787,1,"KelliiWood",45,"N/A",2019,4,8,"Line","rockfish","rosethorn",150,150,17,"","","","",""
"302","SL_2019_EYKT_Dive_04_11-21-19.000.avi",22231,"11:33:46",NA,17.265,0.38,2783.134,28.4,NA,NA,1276.13,342.005,-2449.563,1,"KelliiWood",45,"N/A",2019,4,8,"Line","rockfish","yelloweye",145,145,18,"AD","Fish seeking cover","","NO LENGTH - partial view",""
"303","SL_2019_EYKT_Dive_04_11-21-19.000.avi",22231,"11:33:46",NA,43.765,0.77,4456.05,14.368,NA,NA,603.028,909.557,-4320.353,1,"KelliiWood",45,"N/A",2019,4,8,"Line","rockfish","rosethorn",150,150,19,"","","","",""
"304","SL_2019_EYKT_Dive_04_11-21-19.000.avi",22589,"11:33:58",NA,44.598,2.001,4575.225,29.374,NA,NA,-2237.481,-189.194,-3986.297,1,"KelliiWood",45,"N/A",2019,4,8,"Line","rockfish","rosethorn",150,150,20,"","","","",""
"305","SL_2019_EYKT_Dive_04_11-21-19.000.avi",22691,"11:34:01",NA,60.998,0.412,5194.136,16.503,NA,NA,888.488,1157.997,-4984.845,1,"KelliiWood",45,"N/A",2019,4,8,"Line","rockfish","rosethorn",150,150,21,"","","","",""
"306","SL_2019_EYKT_Dive_04_11-21-19.000.avi",22962,"11:34:10",NA,64.01,0.303,5343.872,20.81,NA,NA,539.253,1800.336,-5002.496,1,"KelliiWood",45,"N/A",2019,4,8,"Line","rockfish","rosethorn",150,150,22,"","","","",""
"307","SL_2019_EYKT_Dive_04_11-21-19.000.avi",24721,"11:35:09",NA,21.533,0.678,3285.279,6.777,NA,NA,117.561,-382.455,-3260.823,1,"KelliiWood",45,"N/A",2019,4,8,"Line","rockfish","rosethorn",150,150,23,"","","","",""
"308","SL_2019_EYKT_Dive_04_11-21-19.000.avi",30834,"11:38:33",NA,28.054,4.27,3586.934,31.192,NA,NA,1760.218,581.565,-3070.751,1,"KelliiWood",45,"N/A",2019,4,8,"Line","rockfish","silvergray",157,157,24,"","","","",""
"309","SL_2019_EYKT_Dive_04_11-21-19.000.avi",30834,"11:38:33",NA,36.004,0.827,4057.489,16.033,NA,NA,-1105.571,-198.637,-3898.906,1,"KelliiWood",45,"N/A",2019,4,8,"Line","rockfish","rosethorn",150,150,25,"","","","",""
"310","SL_2019_EYKT_Dive_04_11-21-19.000.avi",31206,"11:38:45",NA,38.494,2.604,4339.309,32.67,NA,NA,-2317.857,323.058,-3654.144,1,"KelliiWood",45,"N/A",2019,4,8,"Line","rockfish","rosethorn",150,150,26,"","","","",""
"311","SL_2019_EYKT_Dive_04_11-21-19.000.avi",31820,"11:39:06",NA,90.216,1.234,6625.104,9.124,NA,NA,861.14,575.575,-6543.635,1,"KelliiWood",45,"N/A",2019,4,8,"Line","rockfish","rosethorn",150,150,27,"","","","",""
"312","SL_2019_EYKT_Dive_04_11-21-19.000.avi",32175,"11:39:17",NA,49.984,0.104,4662.238,25.314,NA,NA,703.094,1848.511,-4221.982,1,"KelliiWood",45,"N/A",2019,4,8,"Line","rockfish","rosethorn",150,150,28,"","","","",""
"313","SL_2019_EYKT_Dive_04_11-21-19.000.avi",32175,"11:39:17",NA,57.579,1.586,4927.226,27.026,NA,NA,1309.113,1798.714,-4396.408,1,"KelliiWood",45,"N/A",2019,4,8,"Line","rockfish","rosethorn",150,150,29,"","","","",""
"314","SL_2019_EYKT_Dive_04_11-21-19.000.avi",33618,"11:40:06",NA,46.751,1.806,4498.925,31.319,NA,NA,-1913.869,-1359.272,-3837.943,1,"KelliiWood",45,"N/A",2019,4,8,"Line","","unknown",NA,NA,30,"","","YES","Might be a lingcod"," but I can't tell."
"315","SL_2019_EYKT_Dive_04_11-21-19.000.avi",33727,"11:40:09",NA,73.988,0.923,6253.333,4.647,NA,NA,474.137,153.696,-6233.437,1,"KelliiWood",45,"N/A",2019,4,8,"Line","rockfish","rosethorn",150,150,31,"","","","",""
"316","SL_2019_EYKT_Dive_04_11-21-19.000.avi",34588,"11:40:38",NA,77.19,0.407,5949.961,18.491,NA,NA,1878.038,-207.167,-5641.994,1,"KelliiWood",45,"N/A",2019,4,8,"Line","rockfish","rosethorn",150,150,32,"","","","",""
"317","SL_2019_EYKT_Dive_04_11-21-19.000.avi",34917,"11:40:49",NA,70.241,0.785,5615.848,22.945,NA,NA,-2163.011,317.974,-5172.816,1,"KelliiWood",45,"N/A",2019,4,8,"Line","rockfish","rosethorn",150,150,33,"","","","",""
"318","SL_2019_EYKT_Dive_04_11-21-19.000.avi",35143,"11:40:56",505.014,92.793,0.396,4355.109,25.296,49.592,3.251,1551.112,1028.123,-3937.51,1,"KelliiWood",45,"N/A",2019,4,8,"Line","rockfish","yelloweye",145,145,34,"AD","Fish actively swimming in frame","","",""
"319","SL_2019_EYKT_Dive_04_11-21-19.000.avi",35824,"11:41:19",NA,34.643,0.288,3939.119,25.095,NA,NA,1637.396,317.415,-3568.591,1,"KelliiWood",45,"N/A",2019,4,8,"Line","rockfish","rosethorn",150,150,35,"","","","",""
"320","SL_2019_EYKT_Dive_04_11-21-19.000.avi",36133,"11:41:29",NA,41.954,0.727,4806.415,1.773,NA,NA,20.768,128.003,-4804.665,1,"KelliiWood",45,"N/A",2019,4,8,"Line","rockfish","rosethorn",150,150,36,"","","","",""
"321","SL_2019_EYKT_Dive_04_11-21-19.000.avi",36133,"11:41:29",NA,59.327,1.775,5467.978,7.951,NA,NA,734.639,158.318,-5416.089,1,"KelliiWood",45,"N/A",2019,4,8,"Line","rockfish","tiger",148,148,37,"","","","",""
"322","SL_2019_EYKT_Dive_04_11-21-19.000.avi",36514,"11:41:42",NA,60.336,1.146,5284.512,15.319,NA,NA,396.776,1318.186,-5102.06,1,"KelliiWood",45,"N/A",2019,4,8,"Line","rockfish","rosethorn",150,150,38,"","","","",""
"323","SL_2019_EYKT_Dive_04_11-21-19.000.avi",37094,"11:42:01",NA,39.389,0.232,4538.898,4.825,NA,NA,-173.6,321.908,-4524.139,1,"KelliiWood",45,"N/A",2019,4,8,"Line","rockfish","rosethorn",150,150,39,"","","","",""
"324","SL_2019_EYKT_Dive_04_11-21-19.000.avi",37378,"11:42:11",NA,53.049,0.341,5196.731,7.114,NA,NA,-642.156,-63.578,-5156.511,1,"KelliiWood",45,"N/A",2019,4,8,"Line","rockfish","rosethorn",150,150,40,"","","","",""
"325","SL_2019_EYKT_Dive_04_11-21-19.000.avi",37530,"11:42:16",NA,66.779,0.904,5535.218,23.229,NA,NA,-2182.95,-48.549,-5086.355,1,"KelliiWood",45,"N/A",2019,4,8,"Line","rockfish","rosethorn",150,150,41,"","","","",""
"326","SL_2019_EYKT_Dive_04_11-21-19.000.avi",39036,"11:43:06",NA,40.625,0.384,4419.784,9.429,NA,NA,-663.11,-308.25,-4358.871,1,"KelliiWood",45,"N/A",2019,4,8,"Line","rockfish","dusky",172,172,42,"","","","",""
"327","SL_2019_EYKT_Dive_04_11-21-19.000.avi",39915,"11:43:35",NA,71.164,1.091,5580.622,23.512,NA,NA,-2162.998,-547.699,-5115.155,1,"KelliiWood",45,"N/A",2019,4,8,"Line","rockfish","rosethorn",150,150,43,"","","","",""
"328","SL_2019_EYKT_Dive_04_11-21-19.000.avi",40027,"11:43:39",NA,42.221,0.065,4368.28,14.64,NA,NA,613.119,901.267,-4230.091,1,"KelliiWood",45,"N/A",2019,4,8,"Line","rockfish","rosethorn",150,150,44,"","","","",""
"329","SL_2019_EYKT_Dive_04_11-21-19.000.avi",40375,"11:43:51",NA,57.113,0.494,5392.658,8.398,NA,NA,-12.693,766.129,-5337.944,1,"KelliiWood",45,"N/A",2019,4,8,"Line","rockfish","rosethorn",150,150,45,"","","","",""
"330","SL_2019_EYKT_Dive_04_11-21-19.000.avi",41002,"11:44:12",NA,66.566,0.831,5305.084,25.48,NA,NA,1912.839,1225.594,-4794.047,1,"KelliiWood",45,"N/A",2019,4,8,"Line","rockfish","rosethorn",150,150,46,"","","","",""
"331","SL_2019_EYKT_Dive_04_11-21-19.000.avi",66531,"11:58:23",NA,23.072,0.542,3354.902,31.2,NA,NA,-1737.523,25.296,-2869.798,1,"KelliiWood",45,"N/A",2019,4,8,"Line","rockfish","rosethorn",150,150,47,"","","","",""
"332","SL_2019_EYKT_Dive_04_11-21-19.000.avi",68021,"11:59:12",NA,69.804,0.241,5743.392,11.83,NA,NA,-500.263,1043.351,-5625.629,1,"KelliiWood",45,"N/A",2019,4,8,"Line","rockfish","rosethorn",150,150,48,"","","","",""
"333","SL_2019_EYKT_Dive_04_11-21-19.000.avi",68542,"11:59:30",NA,59.674,0.668,5012.461,28.127,NA,NA,-1923.444,1354.906,-4425.987,1,"KelliiWood",45,"N/A",2019,4,8,"Line","rockfish","silvergray",157,157,49,"","","","",""
"334","SL_2019_EYKT_Dive_04_11-21-19.000.avi",68542,"11:59:30",NA,38.511,0.841,4022.868,27.563,NA,NA,1349.332,1268.085,-3571.377,1,"KelliiWood",45,"N/A",2019,4,8,"Line","rockfish","silvergray",157,157,50,"","","","",""
"335","SL_2019_EYKT_Dive_04_11-21-19.000.avi",71814,"12:01:19",NA,65.737,3.941,5682.779,32.385,NA,NA,-3022.811,336.702,-4800.335,1,"KelliiWood",45,"N/A",2019,4,8,"Line","rockfish","rosethorn",150,150,51,"","","","",""
"336","SL_2019_EYKT_Dive_04_11-21-19.000.avi",72036,"12:01:26",NA,45.826,1.665,4584.205,29.166,NA,NA,-2207.323,-360.89,-4001.552,1,"KelliiWood",45,"N/A",2019,4,8,"Line","rockfish","rosethorn",150,150,52,"","","","",""
"337","SL_2019_EYKT_Dive_05_12-55-58.000.avi",4307,"12:58:34",NA,55.289,0.234,5082.724,11.627,NA,NA,804.022,614.761,-4980.934,1,"KelliiWood",80,"N/A",2019,5,9,"Line","rockfish","rosethorn",150,150,1,"","","","",""
"338","SL_2019_EYKT_Dive_05_12-55-58.000.avi",4659,"12:58:45",NA,69.142,0.178,5472.38,18.906,NA,NA,-1536.17,864.752,-5180.669,1,"KelliiWood",80,"N/A",2019,5,9,"Line","rockfish","rosethorn",150,150,2,"","","","",""
"339","SL_2019_EYKT_Dive_05_12-55-58.000.avi",21450,"13:08:05",1075.316,101.149,0.154,5561.138,25.658,27.325,21.902,1981.994,1367.468,-5012.783,1,"KelliiWood",80,"N/A",2019,5,9,"Line","eel","wolf eel",217,217,3,"","","","I'm fairly certain that is a wolf eel",""
"340","SL_2019_EYKT_Dive_05_12-55-58.000.avi",31257,"13:13:32",NA,25.208,0.373,3564.766,5.806,NA,NA,279.063,-242.549,-3545.539,1,"KelliiWood",80,"N/A",2019,5,9,"Line","rockfish","rosethorn",150,150,4,"","","","",""
"341","SL_2019_EYKT_Dive_05_12-55-58.000.avi",31279,"13:13:33",NA,22.5,0.253,3277.623,9.118,NA,NA,395.791,-349.26,-3234.838,1,"KelliiWood",80,"N/A",2019,5,9,"Line","rockfish","rosethorn",150,150,76,"","","","MISSED FIRST ROUND",""
"342","SL_2019_EYKT_Dive_05_12-55-58.000.avi",31822,"13:13:51",NA,105.273,1.497,6736.219,25.236,NA,NA,1180.239,2593.831,-6103.746,1,"KelliiWood",80,"N/A",2019,5,9,"Line","rockfish","yelloweye",145,145,5,"AD","Attracted","","NO LENGTH - facing cameras",""
"343","SL_2019_EYKT_Dive_05_12-55-58.000.avi",31993,"13:13:56",NA,28.34,0.542,3882.023,2.801,NA,NA,98.346,-177.761,-3876.704,1,"KelliiWood",80,"N/A",2019,5,9,"Line","rockfish","rosethorn",150,150,6,"","","","",""
"344","SL_2019_EYKT_Dive_05_12-55-58.000.avi",32031,"13:13:58",NA,56.852,0.61,5180.654,10.868,NA,NA,-620.412,734.069,-5090.718,1,"KelliiWood",80,"N/A",2019,5,9,"Line","rockfish","rosethorn",150,150,7,"","","","",""
"345","SL_2019_EYKT_Dive_05_12-55-58.000.avi",32146,"13:14:02",NA,43.575,2.417,4364.866,19.634,NA,NA,-1396.731,-463.882,-4109.259,1,"KelliiWood",80,"N/A",2019,5,9,"Line","rockfish","dusky",172,172,8,"","","","",""
"346","SL_2019_EYKT_Dive_05_12-55-58.000.avi",32212,"13:14:04",604.54,150.646,1.281,7656.5,17.658,19.188,7.295,-1478.175,1791.393,-7295.745,1,"KelliiWood",80,"N/A",2019,5,9,"Line","rockfish","yelloweye",145,145,9,"AD","Fish milling/hovering","","",""
"347","SL_2019_EYKT_Dive_05_12-55-58.000.avi",32212,"13:14:04",NA,40.202,2.975,4282.058,16.584,NA,NA,-1207.083,-207.881,-4103.139,1,"KelliiWood",80,"N/A",2019,5,9,"Line","rockfish","rosethorn",150,150,10,"","","","",""
"348","SL_2019_EYKT_Dive_05_12-55-58.000.avi",32212,"13:14:04",NA,28.697,0.897,3770.891,9.057,NA,NA,-590.945,41.121,-3724.072,1,"KelliiWood",80,"N/A",2019,5,9,"Line","rockfish","dusky",172,172,11,"","","","",""
"349","SL_2019_EYKT_Dive_05_12-55-58.000.avi",32614,"13:14:17",NA,34.3,1.063,4303.352,2.754,NA,NA,-106.02,160.286,-4299.059,1,"KelliiWood",80,"N/A",2019,5,9,"Line","rockfish","tiger",148,148,12,"","","","",""
"350","SL_2019_EYKT_Dive_05_12-55-58.000.avi",33082,"13:14:33",NA,37.87,0.143,3985.311,21.907,NA,NA,-1115.117,-998.418,-3693.559,1,"KelliiWood",80,"N/A",2019,5,9,"Line","rockfish","rosethorn",150,150,13,"","","","",""
"351","SL_2019_EYKT_Dive_05_12-55-58.000.avi",33118,"13:14:34",NA,70.246,0.481,5532.715,22.248,NA,NA,1965.991,702.788,-5123.661,1,"KelliiWood",80,"N/A",2019,5,9,"Line","rockfish","rosethorn",150,150,14,"","","","",""
"352","SL_2019_EYKT_Dive_05_12-55-58.000.avi",33710,"13:14:54",NA,79.56,0.078,6026.303,34.511,NA,NA,2688.78,2084.361,-4974.157,1,"KelliiWood",80,"N/A",2019,5,9,"Line","rockfish","yelloweye",145,145,15,"AD","Fish milling/hovering","","",""
"353","SL_2019_EYKT_Dive_05_12-55-58.000.avi",34759,"13:15:29",NA,68.512,7.095,5451.715,27.841,NA,NA,2314.378,1041.818,-4824.88,1,"KelliiWood",80,"N/A",2019,5,9,"Line","rockfish","rosethorn",150,150,16,"","","","",""
"354","SL_2019_EYKT_Dive_05_12-55-58.000.avi",34874,"13:15:32",NA,19.282,0.754,3234.399,0.41,NA,NA,-23.066,-11.083,-3234.297,1,"KelliiWood",80,"N/A",2019,5,9,"Line","rockfish","rosethorn",150,150,17,"","","","",""
"355","SL_2019_EYKT_Dive_05_12-55-58.000.avi",34874,"13:15:32",NA,47.826,1.59,4546.814,19.344,NA,NA,1281.223,774.5,-4293.266,1,"KelliiWood",80,"N/A",2019,5,9,"Line","rockfish","rosethorn",150,150,18,"","","","",""
"356","SL_2019_EYKT_Dive_05_12-55-58.000.avi",35712,"13:16:00",NA,14.653,0.126,2710.096,5.656,NA,NA,188.108,-200.399,-2696.123,1,"KelliiWood",80,"N/A",2019,5,9,"Line","rockfish","rosethorn",150,150,19,"","","","",""
"357","SL_2019_EYKT_Dive_05_12-55-58.000.avi",36467,"13:16:26",NA,19.853,2.681,2958.09,16.91,NA,NA,787.621,-357.667,-2828.785,1,"KelliiWood",80,"N/A",2019,5,9,"Line","rockfish","rosethorn",150,150,20,"","","","",""
"358","SL_2019_EYKT_Dive_05_12-55-58.000.avi",37520,"13:17:01",NA,30.652,0.184,3941.296,6.529,NA,NA,-407.757,170.26,-3916.448,1,"KelliiWood",80,"N/A",2019,5,9,"Line","rockfish","rosethorn",150,150,21,"","","","",""
"359","SL_2019_EYKT_Dive_05_12-55-58.000.avi",41229,"13:19:04",NA,73.403,0.981,5826.254,14.311,NA,NA,-1407.261,-328.697,-5644.183,1,"KelliiWood",80,"N/A",2019,5,9,"Line","rockfish","tiger",148,148,22,"","","","",""
"360","SL_2019_EYKT_Dive_05_12-55-58.000.avi",41357,"13:19:09",NA,47.715,0.845,4953.261,6.032,NA,NA,514.076,-101.288,-4925.471,1,"KelliiWood",80,"N/A",2019,5,9,"Line","rockfish","rosethorn",150,150,23,"","","","",""
"361","SL_2019_EYKT_Dive_05_12-55-58.000.avi",41531,"13:19:14",NA,70.443,0.505,5574.885,24.059,NA,NA,656.634,2155.43,-5099.245,1,"KelliiWood",80,"N/A",2019,5,9,"Line","rockfish","yelloweye",145,145,24,"AD","Attracted","","NO LENGTH - facing cameras",""
"362","SL_2019_EYKT_Dive_05_12-55-58.000.avi",41959,"13:19:29",NA,77.867,0.882,6008.686,13.017,NA,NA,662.666,1156.57,-5858.969,1,"KelliiWood",80,"N/A",2019,5,9,"Line","rockfish","rosethorn",150,150,25,"","","","",""
"363","SL_2019_EYKT_Dive_05_12-55-58.000.avi",42023,"13:19:31",NA,73.896,0.014,5679.057,27.674,NA,NA,-2486.682,859.247,-5032.872,1,"KelliiWood",80,"N/A",2019,5,9,"Line","rockfish","rosethorn",150,150,26,"","","","",""
"364","SL_2019_EYKT_Dive_05_12-55-58.000.avi",42363,"13:19:42",NA,84.88,2.881,6014.457,30.079,NA,NA,1782.731,2409.93,-5214.192,1,"KelliiWood",80,"N/A",2019,5,9,"Line","rockfish","rosethorn",150,150,27,"","","","",""
"365","SL_2019_EYKT_Dive_05_12-55-58.000.avi",42791,"13:19:56",367.062,132.327,1.919,4927.298,15.334,69.25,33.525,-1261.922,324.589,-4751.891,1,"KelliiWood",80,"N/A",2019,5,9,"Line","rockfish","yelloweye",145,145,28,"SU","Fish milling/hovering","","",""
"366","SL_2019_EYKT_Dive_05_12-55-58.000.avi",43098,"13:20:07",104.034,43.39,0.275,3578.38,11.406,29.683,24.891,-700.257,101.915,-3507.714,1,"KelliiWood",80,"N/A",2019,5,9,"Line","rockfish","yelloweye",145,145,29,"JV","Fish milling/hovering","","",""
"367","SL_2019_EYKT_Dive_05_12-55-58.000.avi",43711,"13:20:27",NA,21.181,0.039,3084.98,24.986,NA,NA,1283.477,214.087,-2797.134,1,"KelliiWood",80,"N/A",2019,5,9,"Line","rockfish","rosethorn",150,150,30,"","","","",""
"368","SL_2019_EYKT_Dive_05_12-55-58.000.avi",44406,"13:20:50",NA,83.935,1.206,5980.786,22.733,NA,NA,1250.113,1921.784,-5523.927,1,"KelliiWood",80,"N/A",2019,5,9,"Line","rockfish","rosethorn",150,150,31,"","","","",""
"369","SL_2019_EYKT_Dive_05_12-55-58.000.avi",44646,"13:20:58",NA,52.025,0.228,4672.216,26.632,NA,NA,1542.55,1399.866,-4182.167,1,"KelliiWood",80,"N/A",2019,5,9,"Line","rockfish","rosethorn",150,150,32,"","","","",""
"370","SL_2019_EYKT_Dive_05_12-55-58.000.avi",44854,"13:21:05",NA,40.533,1.484,4290.985,19.818,NA,NA,-1443.723,162.734,-4037.541,1,"KelliiWood",80,"N/A",2019,5,9,"Line","rockfish","rosethorn",150,150,33,"","","","",""
"371","SL_2019_EYKT_Dive_05_12-55-58.000.avi",44989,"13:21:10",NA,57.921,0.086,4980.994,25.931,NA,NA,965.729,1934.367,-4487.304,1,"KelliiWood",80,"N/A",2019,5,9,"Line","rockfish","rosethorn",150,150,34,"","","","",""
"372","SL_2019_EYKT_Dive_05_12-55-58.000.avi",46412,"13:21:57",NA,45.656,1.758,4585.024,31.734,NA,NA,-2308.073,683.332,-3902.346,1,"KelliiWood",80,"N/A",2019,5,9,"Line","rockfish","rosethorn",150,150,35,"","","","",""
"373","SL_2019_EYKT_Dive_05_12-55-58.000.avi",46990,"13:22:16",NA,59.16,1.897,5087.593,24.57,NA,NA,2011.303,636.967,-4629.529,1,"KelliiWood",80,"N/A",2019,5,9,"Line","rockfish","rosethorn",150,150,36,"","","","",""
"374","SL_2019_EYKT_Dive_05_12-55-58.000.avi",46990,"13:22:16",NA,50.429,1.052,4650.292,20.406,NA,NA,1362.403,861.598,-4361.963,1,"KelliiWood",80,"N/A",2019,5,9,"Line","rockfish","silvergray",157,157,37,"","","","",""
"375","SL_2019_EYKT_Dive_05_12-55-58.000.avi",48600,"13:23:10",NA,6.617,0.786,1758.184,35.524,NA,NA,777.207,-668.719,-1428.277,1,"KelliiWood",80,"N/A",2019,5,9,"Line","rockfish","rosethorn",150,150,77,"","","","",""
"376","SL_2019_EYKT_Dive_05_12-55-58.000.avi",49372,"13:23:36",NA,31.901,0.699,4146.228,3.09,NA,NA,-24.115,205.625,-4141.056,1,"KelliiWood",80,"N/A",2019,5,9,"Line","rockfish","rosethorn",150,150,38,"","","","",""
"377","SL_2019_EYKT_Dive_05_12-55-58.000.avi",50151,"13:24:02",NA,57.825,0.894,5136.242,17.484,NA,NA,-1516.808,264.389,-4900.038,1,"KelliiWood",80,"N/A",2019,5,9,"Line","rockfish","rosethorn",150,150,39,"","","","",""
"378","SL_2019_EYKT_Dive_05_12-55-58.000.avi",50670,"13:24:19",NA,68.164,1.862,5508.597,17.689,NA,NA,-1575.055,545.247,-5250.385,1,"KelliiWood",80,"N/A",2019,5,9,"Line","rockfish","rosethorn",150,150,40,"","","","",""
"379","SL_2019_EYKT_Dive_05_12-55-58.000.avi",52275,"13:25:12",NA,15.653,0.569,2761.137,9.781,NA,NA,469.045,-7.882,-2720.995,1,"KelliiWood",80,"N/A",2019,5,9,"Line","rockfish","rosethorn",150,150,41,"","","","",""
"380","SL_2019_EYKT_Dive_05_12-55-58.000.avi",52522,"13:25:21",NA,66.043,2.331,5491.065,24.257,NA,NA,-2247.939,169.637,-5006.974,1,"KelliiWood",80,"N/A",2019,5,9,"Line","rockfish","rosethorn",150,150,42,"","","","",""
"381","SL_2019_EYKT_Dive_05_12-55-58.000.avi",53185,"13:25:43",NA,91.702,1.752,6282.277,18.828,NA,NA,-1417.884,1425.397,-5951.878,1,"KelliiWood",80,"N/A",2019,5,9,"Line","rockfish","tiger",148,148,43,"","","","",""
"382","SL_2019_EYKT_Dive_05_12-55-58.000.avi",53760,"13:26:02",NA,35.188,0.896,4180.447,8.416,NA,NA,123.385,-615.799,-4133.002,1,"KelliiWood",80,"N/A",2019,5,9,"Line","rockfish","rosethorn",150,150,44,"","","","",""
"383","SL_2019_EYKT_Dive_05_12-55-58.000.avi",54471,"13:26:26",NA,33.41,1.698,3851.394,33.486,NA,NA,-1715.228,1241.426,-3217.156,1,"KelliiWood",80,"N/A",2019,5,9,"Line","rockfish","rosethorn",150,150,45,"","","","",""
"384","SL_2019_EYKT_Dive_05_12-55-58.000.avi",55007,"13:26:44",336.107,301.08,2.204,7159.365,15.078,62.692,17.704,-1045.798,1540.987,-6912.899,1,"KelliiWood",80,"N/A",2019,5,9,"Line","rockfish","yelloweye",145,145,46,"JV","Fish milling/hovering","","",""
"385","SL_2019_EYKT_Dive_05_12-55-58.000.avi",55185,"13:26:49",192.508,58.619,2.578,5495.256,2.505,18.154,32.14,-148.712,-188.619,-5490.004,1,"KelliiWood",80,"N/A",2019,5,9,"Line","rockfish","yelloweye",145,145,78,"JV","Fish resting on bottom","","MISSED FIRST ROUND",""
"386","SL_2019_EYKT_Dive_05_12-55-58.000.avi",55523,"13:27:01",NA,11.748,0.21,2312.151,12.023,NA,NA,-372.737,-314.061,-2260.193,1,"KelliiWood",80,"N/A",2019,5,9,"Line","rockfish","dusky",172,172,47,"","","","",""
"387","SL_2019_EYKT_Dive_05_12-55-58.000.avi",55623,"13:27:04",NA,30.816,0.316,3721.4,15.648,NA,NA,427.817,-922.335,-3579.817,1,"KelliiWood",80,"N/A",2019,5,9,"Line","rockfish","dusky",172,172,48,"","","","",""
"388","SL_2019_EYKT_Dive_05_12-55-58.000.avi",55946,"13:27:15",NA,45.616,2.646,4523.112,15.776,NA,NA,550.09,-1117.234,-4348.302,1,"KelliiWood",80,"N/A",2019,5,9,"Line","rockfish","dusky",172,172,49,"","","","",""
"389","SL_2019_EYKT_Dive_05_12-55-58.000.avi",56384,"13:27:29",NA,57.049,1.806,5143.116,17.588,NA,NA,257.575,1512.922,-4908.804,1,"KelliiWood",80,"N/A",2019,5,9,"Line","rockfish","dusky",172,172,50,"","","","",""
"390","SL_2019_EYKT_Dive_05_12-55-58.000.avi",56446,"13:27:32",NA,51.031,3.899,4727.761,16.505,NA,NA,1086.601,-807.641,-4529.761,1,"KelliiWood",80,"N/A",2019,5,9,"Line","rockfish","dusky",172,172,51,"","","","",""
"391","SL_2019_EYKT_Dive_05_12-55-58.000.avi",56446,"13:27:32",NA,65.163,1.964,5243.541,25.053,NA,NA,1830.921,1237.212,-4755.183,1,"KelliiWood",80,"N/A",2019,5,9,"Line","rockfish","dusky",172,172,52,"","","","",""
"392","SL_2019_EYKT_Dive_05_12-55-58.000.avi",56446,"13:27:32",NA,94.866,8.788,6479.287,25.867,NA,NA,760.184,2699.327,-5840.968,1,"KelliiWood",80,"N/A",2019,5,9,"Line","rockfish","dusky",172,172,53,"","","","",""
"393","SL_2019_EYKT_Dive_05_12-55-58.000.avi",56760,"13:27:42",NA,104.736,3.25,6829.459,18.209,NA,NA,852.017,1930.665,-6495.237,1,"KelliiWood",80,"N/A",2019,5,9,"Line","rockfish","dusky",172,172,54,"","","","",""
"394","SL_2019_EYKT_Dive_05_12-55-58.000.avi",56989,"13:27:50",NA,129.145,2.166,7878.506,15.193,NA,NA,-135.514,2029.82,-7611.329,1,"KelliiWood",80,"N/A",2019,5,9,"Line","rockfish","dusky",172,172,55,"","","","",""
"395","SL_2019_EYKT_Dive_05_12-55-58.000.avi",56989,"13:27:50",NA,134.09,1.633,7609.653,18.585,NA,NA,-1932.873,1435.933,-7218.65,1,"KelliiWood",80,"N/A",2019,5,9,"Line","rockfish","dusky",172,172,56,"","","","",""
"396","SL_2019_EYKT_Dive_05_12-55-58.000.avi",56989,"13:27:50",NA,101.513,1.032,6533.15,29.308,NA,NA,-2180.218,2316.795,-5706.239,1,"KelliiWood",80,"N/A",2019,5,9,"Line","rockfish","dusky",172,172,57,"","","","",""
"397","SL_2019_EYKT_Dive_05_12-55-58.000.avi",57206,"13:27:57",NA,87.524,0.92,6485.612,12.993,NA,NA,-256.527,1410.138,-6325.257,1,"KelliiWood",80,"N/A",2019,5,9,"Line","rockfish","silvergray",157,157,58,"","","","",""
"398","SL_2019_EYKT_Dive_05_12-55-58.000.avi",57267,"13:27:59",NA,34.483,4.217,3848.869,22.275,NA,NA,-1368.007,-521.258,-3559.584,1,"KelliiWood",80,"N/A",2019,5,9,"Line","rockfish","rosethorn",150,150,79,"","","","MISSED FIRST ROUND",""
"399","SL_2019_EYKT_Dive_05_12-55-58.000.avi",57366,"13:28:02",NA,18.5,2.308,2826.092,31.768,NA,NA,-1133.472,-973.509,-2398.816,1,"KelliiWood",80,"N/A",2019,5,9,"Line","rockfish","rosethorn",150,150,80,"","","","MISSED FIRST ROUND",""
"400","SL_2019_EYKT_Dive_05_12-55-58.000.avi",58789,"13:28:50",NA,15.969,0.788,2647.224,21.173,NA,NA,-934.451,-212.386,-2467.689,1,"KelliiWood",80,"N/A",2019,5,9,"Line","rockfish","rosethorn",150,150,59,"","","","",""
"401","SL_2019_EYKT_Dive_05_12-55-58.000.avi",59076,"13:28:59",NA,94.458,0.938,6357.545,20.651,NA,NA,1378.748,1744.271,-5956.085,1,"KelliiWood",80,"N/A",2019,5,9,"Line","rockfish","rosethorn",150,150,60,"","","","",""
"402","SL_2019_EYKT_Dive_05_12-55-58.000.avi",59951,"13:29:28",NA,29.409,1.9,3761.839,29.395,NA,NA,1845.775,35.186,-3277.698,1,"KelliiWood",80,"N/A",2019,5,9,"Line","rockfish","tiger",148,148,61,"","","","",""
"403","SL_2019_EYKT_Dive_05_12-55-58.000.avi",60118,"13:29:34",NA,59.551,1.135,5130.452,16.212,NA,NA,-1191.651,775.024,-4929.588,1,"KelliiWood",80,"N/A",2019,5,9,"Line","rockfish","dusky",172,172,62,"","","","",""
"404","SL_2019_EYKT_Dive_05_12-55-58.000.avi",60532,"13:29:48",NA,57.698,0.42,4965.698,24.206,NA,NA,-1860.783,808.324,-4532.357,1,"KelliiWood",80,"N/A",2019,5,9,"Line","rockfish","dusky",172,172,63,"","","","",""
"405","SL_2019_EYKT_Dive_05_12-55-58.000.avi",60631,"13:29:51",NA,90.112,2.358,6804.555,6.761,NA,NA,231.318,739.909,-6760.251,1,"KelliiWood",80,"N/A",2019,5,9,"Line","rockfish","dusky",172,172,64,"","","","",""
"406","SL_2019_EYKT_Dive_05_12-55-58.000.avi",60900,"13:30:00",NA,51.525,0.337,4699.984,27.49,NA,NA,-1967.165,898.098,-4172.953,1,"KelliiWood",80,"N/A",2019,5,9,"Line","rockfish","dusky",172,172,65,"","","","",""
"407","SL_2019_EYKT_Dive_05_12-55-58.000.avi",60972,"13:30:02",NA,21.974,2.057,3121.044,22.423,NA,NA,304.442,-1162.433,-2880.447,1,"KelliiWood",80,"N/A",2019,5,9,"Line","rockfish","rosethorn",150,150,66,"","","","",""
"408","SL_2019_EYKT_Dive_05_12-55-58.000.avi",61351,"13:30:15",NA,142.513,0.756,8228.025,18.095,NA,NA,-94.39,2522.495,-7831.252,1,"KelliiWood",80,"N/A",2019,5,9,"Line","rockfish","tiger",148,148,67,"","","","",""
"409","SL_2019_EYKT_Dive_05_12-55-58.000.avi",62072,"13:30:39",NA,38.815,1.667,4260.209,28.748,NA,NA,-2045.206,-139.039,-3734.592,1,"KelliiWood",80,"N/A",2019,5,9,"Line","rockfish","rosethorn",150,150,68,"","","","",""
"410","SL_2019_EYKT_Dive_05_12-55-58.000.avi",64919,"13:32:14",NA,30.314,2.252,3716.985,28.342,NA,NA,-1747.158,-260.411,-3270.414,1,"KelliiWood",80,"N/A",2019,5,9,"Line","rockfish","rosethorn",150,150,69,"","","","",""
"411","SL_2019_EYKT_Dive_05_12-55-58.000.avi",65642,"13:32:38",NA,3.046,0.084,1134.88,17.819,NA,NA,234.907,251.446,-1081.455,1,"KelliiWood",80,"N/A",2019,5,9,"Line","rockfish","yelloweye",145,145,70,"AD","Attracted","","NO LENGTH - too close to ROV",""
"412","SL_2019_EYKT_Dive_05_12-55-58.000.avi",65778,"13:32:43",NA,58.02,0.778,5102.793,14.539,NA,NA,-921.078,870.511,-4942.907,1,"KelliiWood",80,"N/A",2019,5,9,"Line","rockfish","rosethorn",150,150,71,"","","","",""
"413","SL_2019_EYKT_Dive_05_12-55-58.000.avi",66312,"13:33:00",NA,83.65,0.191,6393.604,12.45,NA,NA,-118.625,1348.282,-6248.699,1,"KelliiWood",80,"N/A",2019,5,9,"Line","rockfish","dusky",172,172,72,"","","","",""
"414","SL_2019_EYKT_Dive_05_12-55-58.000.avi",67064,"13:33:25",NA,15.805,2.434,2744.457,11.218,NA,NA,-530.903,-67.404,-2691.773,1,"KelliiWood",80,"N/A",2019,5,9,"Line","rockfish","rosethorn",150,150,73,"","","","",""
"415","SL_2019_EYKT_Dive_05_12-55-58.000.avi",67273,"13:33:32",NA,46.621,1.534,5045.214,2.228,NA,NA,-181.527,54.108,-5041.657,1,"KelliiWood",80,"N/A",2019,5,9,"Line","rockfish","rosethorn",150,150,74,"","","","",""
"416","SL_2019_EYKT_Dive_05_12-55-58.000.avi",67273,"13:33:32",NA,49.094,0.149,4603.487,22.907,NA,NA,1648.115,686.211,-4243.221,1,"KelliiWood",80,"N/A",2019,5,9,"Line","rockfish","dusky",172,172,75,"","","","",""
"417","SL_2019_EYKT_Dive_06_14-03-14.000.avi",8332,"14:07:54",NA,70.151,0.799,5851.293,13.017,NA,NA,49.351,1294.234,-5706.151,1,"KelliiWood",90,"N/A",2019,6,10,"Line","rockfish","rosethorn",150,150,1,"","","","",""
"418","SL_2019_EYKT_Dive_06_14-03-14.000.avi",10278,"14:08:59",NA,72.255,0.372,5755.132,13.733,NA,NA,-691.316,1156.055,-5595.28,1,"KelliiWood",90,"N/A",2019,6,10,"Line","rockfish","rosethorn",150,150,2,"","","","",""
"419","SL_2019_EYKT_Dive_06_14-03-14.000.avi",10778,"14:09:15",NA,48.464,1.785,4600.971,18.287,NA,NA,1254.621,696.753,-4371.429,1,"KelliiWood",90,"N/A",2019,6,10,"Line","rockfish","rosethorn",150,150,3,"","","","",""
"420","SL_2019_EYKT_Dive_06_14-03-14.000.avi",11627,"14:09:44",NA,28.338,0.872,3677.984,13.072,NA,NA,831.823,-3.347,-3582.685,1,"KelliiWood",90,"N/A",2019,6,10,"Line","rockfish","rosethorn",150,150,4,"","","","",""
"421","SL_2019_EYKT_Dive_06_14-03-14.000.avi",13255,"14:10:38",NA,42.572,0.431,4254.262,22.03,NA,NA,1337.071,855.253,-3947.091,1,"KelliiWood",90,"N/A",2019,6,10,"Line","rockfish","rosethorn",150,150,5,"","","","",""
"422","SL_2019_EYKT_Dive_06_14-03-14.000.avi",14218,"14:11:10",NA,24.99,1.406,3699.917,0.61,NA,NA,-1.541,24.545,-3699.836,1,"KelliiWood",90,"N/A",2019,6,10,"Line","rockfish","rosethorn",150,150,6,"","","","",""
"423","SL_2019_EYKT_Dive_06_14-03-14.000.avi",14689,"14:11:26",NA,24.108,0.557,3461.449,8.566,NA,NA,-513.993,26.718,-3422.971,1,"KelliiWood",90,"N/A",2019,6,10,"Line","rockfish","rosethorn",150,150,7,"","","","",""
"424","SL_2019_EYKT_Dive_06_14-03-14.000.avi",19531,"14:14:07",648.626,149.198,0.609,5921.019,10.358,40.564,24.436,214.252,1042.813,-5824.526,1,"KelliiWood",90,"N/A",2019,6,10,"Line","rockfish","yelloweye",145,145,8,"AD","Fish resting on bottom","","",""
"425","SL_2019_EYKT_Dive_06_14-03-14.000.avi",22248,"14:15:38",249.327,58.115,3.261,4475.847,28.103,0.83,15.517,-2050.518,490.523,-3948.16,1,"KelliiWood",90,"N/A",2019,6,10,"Line","rockfish","yelloweye",145,145,9,"JV","Fish resting on bottom","","",""
"426","SL_2019_EYKT_Dive_06_14-03-14.000.avi",22248,"14:15:38",NA,32.739,0.143,3866.596,23.496,NA,NA,-1541.505,-22.801,-3545.956,1,"KelliiWood",90,"N/A",2019,6,10,"Line","rockfish","rosethorn",150,150,10,"","","","",""
"427","SL_2019_EYKT_Dive_06_14-03-14.000.avi",22389,"14:15:42",165.881,39.243,1.019,2815.67,21.157,52.017,15.077,-224.577,-991.119,-2625.88,1,"KelliiWood",90,"N/A",2019,6,10,"Line","rockfish","yelloweye",145,145,11,"JV","Fish milling/hovering","","",""
"428","SL_2019_EYKT_Dive_06_14-03-14.000.avi",22389,"14:15:42",NA,31.945,1.887,3745.255,15.933,NA,NA,-668.858,-795.203,-3598.224,1,"KelliiWood",90,"N/A",2019,6,10,"Line","rockfish","rosethorn",150,150,12,"","","","",""
"429","SL_2019_EYKT_Dive_06_14-03-14.000.avi",23767,"14:16:28",NA,36.343,0.42,4332.05,6.115,NA,NA,-109.273,431.086,-4309.162,1,"KelliiWood",90,"N/A",2019,6,10,"Line","rockfish","rosethorn",150,150,13,"","","","",""
"430","SL_2019_EYKT_Dive_06_14-03-14.000.avi",24113,"14:16:40",NA,50.92,2.783,4997.487,8.569,NA,NA,-643.753,354.385,-4943.164,1,"KelliiWood",90,"N/A",2019,6,10,"Line","rockfish","rosethorn",150,150,14,"","","","",""
"431","SL_2019_EYKT_Dive_06_14-03-14.000.avi",24231,"14:16:44",564.949,81.108,3.339,4571.103,15.523,34.094,1.051,-254.465,1196.546,-4404.374,1,"KelliiWood",90,"N/A",2019,6,10,"Line","rockfish","yelloweye",145,145,15,"AD","Fish actively swimming in frame","","",""
"432","SL_2019_EYKT_Dive_06_14-03-14.000.avi",34321,"14:22:20",478.301,26.121,2.479,3966.936,12.894,9.974,13.494,-593.394,656.866,-3866.909,1,"KelliiWood",90,"N/A",2019,6,10,"Line","greenling","lingcod",130,130,16,"","","","",""
"433","SL_2019_EYKT_Dive_06_14-03-14.000.avi",38326,"14:24:34",NA,12.14,0.658,2347.697,12.628,NA,NA,-296.701,-427.962,-2289.213,1,"KelliiWood",90,"N/A",2019,6,10,"Line","rockfish","rosethorn",150,150,17,"","","","",""
"434","SL_2019_EYKT_Dive_06_14-03-14.000.avi",39374,"14:25:08",675.924,195.585,1.393,6351.53,28.735,63.697,22.882,2815.848,1181.151,-5569.364,1,"KelliiWood",90,"N/A",2019,6,10,"Line","rockfish","yelloweye",145,145,18,"AD","Fish milling/hovering","","",""
"435","SL_2019_EYKT_Dive_06_14-03-14.000.avi",40566,"14:25:48",NA,34.505,0.116,4010.829,14.469,NA,NA,979.719,195.212,-3884.429,1,"KelliiWood",90,"N/A",2019,6,10,"Line","rockfish","rosethorn",150,150,19,"","","","",""
"436","SL_2019_EYKT_Dive_06_14-03-14.000.avi",41380,"14:26:15",NA,28.63,1.785,3458.724,26.592,NA,NA,-1247.705,-929.026,-3089.161,1,"KelliiWood",90,"N/A",2019,6,10,"Line","rockfish","rosethorn",150,150,20,"","","","",""
"437","SL_2019_EYKT_Dive_06_14-03-14.000.avi",41560,"14:26:21",443.387,173.651,0.326,6562.359,21.738,36.347,22.311,-2371.321,532.691,-6095.706,1,"KelliiWood",90,"N/A",2019,6,10,"Line","rockfish","yelloweye",145,145,21,"AD","Fish milling/hovering","","",""
"438","SL_2019_EYKT_Dive_06_14-03-14.000.avi",41698,"14:26:26",380.905,41.644,1.268,5253.382,9.889,11.093,23.07,-549.999,715.237,-5175.322,1,"KelliiWood",90,"N/A",2019,6,10,"Line","rockfish","yelloweye",145,145,22,"AD","Fish milling/hovering","","",""
"439","SL_2019_EYKT_Dive_06_14-03-14.000.avi",43400,"14:27:23",NA,38.964,0.242,4293.509,13.567,NA,NA,227.6,964.43,-4177.594,1,"KelliiWood",90,"N/A",2019,6,10,"Line","rockfish","rosethorn",150,150,23,"","","","",""
"440","SL_2019_EYKT_Dive_06_14-03-14.000.avi",45014,"14:28:16",NA,37.622,0.806,4380.511,6.099,NA,NA,-402.797,215.795,-4356.611,1,"KelliiWood",90,"N/A",2019,6,10,"Line","rockfish","rosethorn",150,150,24,"","","","",""
"441","SL_2019_EYKT_Dive_06_14-03-14.000.avi",46151,"14:28:54",NA,35.907,0.775,4066.5,24.473,NA,NA,1681.402,88.781,-3701.544,1,"KelliiWood",90,"N/A",2019,6,10,"Line","rockfish","rosethorn",150,150,25,"","","","",""
"442","SL_2019_EYKT_Dive_06_14-03-14.000.avi",46473,"14:29:05",642.258,339.442,1.687,7733.552,20.92,62.338,14.482,-1896.607,2007.083,-7223.733,1,"KelliiWood",90,"N/A",2019,6,10,"Line","rockfish","yelloweye",145,145,26,"AD","Fish milling/hovering","","",""
"443","SL_2019_EYKT_Dive_06_14-03-14.000.avi",47875,"14:29:52",NA,60.31,0.569,5280.322,12.844,NA,NA,-621.327,975.231,-5152.153,1,"KelliiWood",90,"N/A",2019,6,10,"Line","rockfish","rosethorn",150,150,27,"","","","",""
"444","SL_2019_EYKT_Dive_06_14-03-14.000.avi",47881,"14:29:52",NA,35.426,1.049,3981.906,15.803,NA,NA,-1019.418,-384.997,-3829.901,1,"KelliiWood",90,"N/A",2019,6,10,"Line","rockfish","rosethorn",150,150,28,"","","","",""
"445","SL_2019_EYKT_Dive_06_14-03-14.000.avi",49022,"14:30:30",NA,21.508,0.323,3286.831,5.982,NA,NA,285.061,-202.996,-3268.148,1,"KelliiWood",90,"N/A",2019,6,10,"Line","rockfish","rosethorn",150,150,29,"","","","",""
"446","SL_2019_EYKT_Dive_06_14-03-14.000.avi",49140,"14:30:34",NA,92.959,1.175,6488.804,14.253,NA,NA,996.866,1223.246,-6294.005,1,"KelliiWood",90,"N/A",2019,6,10,"Line","rockfish","rosethorn",150,150,30,"","","","",""
"447","SL_2019_EYKT_Dive_06_14-03-14.000.avi",50379,"14:31:15",NA,5.078,2.116,1509.308,25.867,NA,NA,-25.482,-663.43,-1355.442,1,"KelliiWood",90,"N/A",2019,6,10,"Line","rockfish","rosethorn",150,150,42,"","","","MISSED FIRST ROUND",""
"448","SL_2019_EYKT_Dive_06_14-03-14.000.avi",59891,"14:36:32",NA,10.148,0.292,2071.061,29.246,NA,NA,-562.174,-848.532,-1803.676,1,"KelliiWood",90,"N/A",2019,6,10,"Line","rockfish","rosethorn",150,150,43,"","","","MISSED FIRST ROUND",""
"449","SL_2019_EYKT_Dive_06_14-03-14.000.avi",60910,"14:37:06",NA,52.819,0.139,4813.508,18.172,NA,NA,777.574,1265.83,-4578.527,1,"KelliiWood",90,"N/A",2019,6,10,"Line","rockfish","rosethorn",150,150,31,"","","","",""
"450","SL_2019_EYKT_Dive_06_14-03-14.000.avi",61596,"14:37:29",556.83,105.434,2.085,6439.457,15.783,23.021,28.13,347.42,1716.711,-6196.678,1,"KelliiWood",90,"N/A",2019,6,10,"Line","rockfish","yelloweye",145,145,32,"AD","Fish milling/hovering","","",""
"451","SL_2019_EYKT_Dive_06_14-03-14.000.avi",61596,"14:37:29",NA,97.399,1.629,6586.435,17.552,NA,NA,-841.459,1774.044,-6286.958,1,"KelliiWood",90,"N/A",2019,6,10,"Line","rockfish","rosethorn",150,150,33,"","","","",""
"452","SL_2019_EYKT_Dive_06_14-03-14.000.avi",61699,"14:37:33",NA,52.809,0.879,4827.223,20.646,NA,NA,-1639.222,440.165,-4518.992,1,"KelliiWood",90,"N/A",2019,6,10,"Line","rockfish","rosethorn",150,150,34,"","","","",""
"453","SL_2019_EYKT_Dive_06_14-03-14.000.avi",62066,"14:37:45",NA,97.85,0.987,6577.48,17.475,NA,NA,1003.655,1676.041,-6280.669,1,"KelliiWood",90,"N/A",2019,6,10,"Line","rockfish","rosethorn",150,150,35,"","","","",""
"454","SL_2019_EYKT_Dive_06_14-03-14.000.avi",62434,"14:37:57",NA,38.416,2.361,4135.811,20.292,NA,NA,-1398.757,301.835,-3880.375,1,"KelliiWood",90,"N/A",2019,6,10,"Line","rockfish","rosethorn",150,150,36,"","","","",""
"455","SL_2019_EYKT_Dive_06_14-03-14.000.avi",64924,"14:39:20",NA,75.765,1.648,5666.916,21.683,NA,NA,-1745.721,1134.908,-5270.52,1,"KelliiWood",90,"N/A",2019,6,10,"Line","rockfish","rosethorn",150,150,37,"","","","",""
"456","SL_2019_EYKT_Dive_06_14-03-14.000.avi",66880,"14:40:25",NA,44.535,0.672,4634.918,31.452,NA,NA,-2402.545,260.968,-3955.014,1,"KelliiWood",90,"N/A",2019,6,10,"Line","rockfish","rosethorn",150,150,38,"","","","",""
"457","SL_2019_EYKT_Dive_06_14-03-14.000.avi",67960,"14:41:01",NA,32.32,0.487,3844.562,12.998,NA,NA,-698.664,494.469,-3748.069,1,"KelliiWood",90,"N/A",2019,6,10,"Line","rockfish","rosethorn",150,150,39,"","","","",""
"458","SL_2019_EYKT_Dive_06_14-03-14.000.avi",68580,"14:41:22",NA,65.205,0.778,5538.523,31.41,NA,NA,2800.318,681.067,-4729.651,1,"KelliiWood",90,"N/A",2019,6,10,"Line","rockfish","rosethorn",150,150,40,"","","","",""
"459","SL_2019_EYKT_Dive_06_14-03-14.000.avi",69369,"14:41:48",186.113,49.068,1.771,3958.185,25.784,13.668,1.915,1698.172,283.783,-3564.114,1,"KelliiWood",90,"N/A",2019,6,10,"Line","rockfish","yelloweye",145,145,41,"JV","Fish milling/hovering","","",""
"460","SL_2019_EYKT_Dive_07_15-41-45.000.avi",445,"15:42:01",NA,99.712,1.183,6976.754,9.544,NA,NA,499.567,1015.788,-6884.308,1,"KelliiWood",98,"N/A",2019,7,11,"Line","rockfish","rosethorn",150,150,1,"","","","",""
"461","SL_2019_EYKT_Dive_07_15-41-45.000.avi",445,"15:42:01",NA,91.795,0.282,6634.029,10.267,NA,NA,643.926,965.624,-6531.713,1,"KelliiWood",98,"N/A",2019,7,11,"Line","rockfish","rosethorn",150,150,2,"","","","",""
"462","SL_2019_EYKT_Dive_07_15-41-45.000.avi",625,"15:42:07",NA,41.925,0.327,4481.005,12.345,NA,NA,-948.004,120.952,-4377.906,1,"KelliiWood",98,"N/A",2019,7,11,"Line","rockfish","rosethorn",150,150,3,"","","","",""
"463","SL_2019_EYKT_Dive_07_15-41-45.000.avi",856,"15:42:15",558.315,212.834,2.102,8184.205,24.448,23.658,15.466,2812.738,1887.276,-7450.363,1,"KelliiWood",98,"N/A",2019,7,11,"Line","rockfish","yelloweye",145,145,4,"AD","Fish milling/hovering","","",""
"464","SL_2019_EYKT_Dive_07_15-41-45.000.avi",1005,"15:42:20",NA,91.756,0.061,6767.744,8.019,NA,NA,-404.995,825.954,-6704.934,1,"KelliiWood",98,"N/A",2019,7,11,"Line","rockfish","rosethorn",150,150,5,"","","","",""
"465","SL_2019_EYKT_Dive_07_15-41-45.000.avi",1081,"15:42:22",NA,114.225,0.445,7506.216,9.561,NA,NA,383.24,1156.772,-7406.638,1,"KelliiWood",98,"N/A",2019,7,11,"Line","rockfish","rosethorn",150,150,6,"","","","",""
"466","SL_2019_EYKT_Dive_07_15-41-45.000.avi",1634,"15:42:40",472.456,9.662,2.573,2155.665,26.814,11.545,15.047,-480.296,-845.511,-1923.882,1,"KelliiWood",98,"N/A",2019,7,11,"Line","greenling","lingcod",130,130,7,"","","YES","Lingcod?",""
"467","SL_2019_EYKT_Dive_07_15-41-45.000.avi",1711,"15:42:43",NA,53.743,0.619,4848.682,25.995,NA,NA,2009.174,674.996,-4360.885,1,"KelliiWood",98,"N/A",2019,7,11,"Line","rockfish","rosethorn",150,150,8,"","","","",""
"468","SL_2019_EYKT_Dive_07_15-41-45.000.avi",2105,"15:42:56",453.631,15.135,0.226,4105.883,11.165,5.351,11.903,-216.332,765.052,-4028.172,1,"KelliiWood",98,"N/A",2019,7,11,"Line","rockfish","yelloweye",145,145,9,"AD","Fish milling/hovering","","",""
"469","SL_2019_EYKT_Dive_07_15-41-45.000.avi",3579,"15:43:45",NA,27.187,4.83,3673.365,32.067,NA,NA,-1948.961,57.995,-3113.165,1,"KelliiWood",98,"N/A",2019,7,11,"Line","rockfish","rosethorn",150,150,10,"","","","",""
"470","SL_2019_EYKT_Dive_07_15-41-45.000.avi",5032,"15:44:34",607.073,342.222,0.774,8133.095,24.462,54.666,7.761,-2532.525,2220.04,-7403.038,1,"KelliiWood",98,"N/A",2019,7,11,"Line","rockfish","yelloweye",145,145,11,"AD","Fish milling/hovering","","",""
"471","SL_2019_EYKT_Dive_07_15-41-45.000.avi",6102,"15:45:09",NA,96.155,3.656,6502.701,16.899,NA,NA,-1152.84,1473.034,-6227.861,1,"KelliiWood",98,"N/A",2019,7,11,"Line","rockfish","rosethorn",150,150,12,"","","","",""
"472","SL_2019_EYKT_Dive_07_15-41-45.000.avi",6447,"15:45:21",NA,91.364,0.91,6583.2,15.546,NA,NA,218.538,1725.349,-6349.326,1,"KelliiWood",98,"N/A",2019,7,11,"Line","rockfish","rosethorn",150,150,13,"","","","",""
"473","SL_2019_EYKT_Dive_07_15-41-45.000.avi",6447,"15:45:21",NA,71.208,1.221,5581.15,19.886,NA,NA,838.874,1682.001,-5255.131,1,"KelliiWood",98,"N/A",2019,7,11,"Line","rockfish","rosethorn",150,150,14,"","","","",""
"474","SL_2019_EYKT_Dive_07_15-41-45.000.avi",6726,"15:45:30",NA,25.355,1.099,3485.977,10.899,NA,NA,-634.907,163.204,-3423.784,1,"KelliiWood",98,"N/A",2019,7,11,"Line","rockfish","rosethorn",150,150,15,"","","","",""
"475","SL_2019_EYKT_Dive_07_15-41-45.000.avi",6726,"15:45:30",NA,26.413,0.871,3442.799,22.094,NA,NA,1283.534,-184.222,-3189.274,1,"KelliiWood",98,"N/A",2019,7,11,"Line","rockfish","rosethorn",150,150,16,"","","","",""
"476","SL_2019_EYKT_Dive_07_15-41-45.000.avi",8906,"15:46:43",NA,96.054,3.618,6395.235,28.832,NA,NA,-2637.243,1576.505,-5608.798,1,"KelliiWood",98,"N/A",2019,7,11,"Line","rockfish","yelloweye",145,145,17,"AD","Fish milling/hovering","","NO LENGTH - facing camera",""
"477","SL_2019_EYKT_Dive_07_15-41-45.000.avi",13448,"15:49:14",NA,52.208,1.373,4831.027,16.631,NA,NA,-1282.956,497.07,-4630.957,1,"KelliiWood",98,"N/A",2019,7,11,"Line","rockfish","rosethorn",150,150,18,"","","","",""
"478","SL_2019_EYKT_Dive_07_15-41-45.000.avi",22424,"15:54:13",NA,48.21,1.656,4673.811,27.258,NA,NA,-2112.592,328.371,-4156.157,1,"KelliiWood",98,"N/A",2019,7,11,"Line","rockfish","yelloweye",145,145,19,"AD","Fish resting on bottom","","NO LENGTH - partial view",""
"479","SL_2019_EYKT_Dive_07_15-41-45.000.avi",24817,"15:55:33",449.758,96.135,2.075,5753.935,13.553,23.759,6.613,675.401,1167.097,-5593.701,1,"KelliiWood",98,"N/A",2019,7,11,"Line","rockfish","yelloweye",145,145,20,"AD","Fish resting on bottom","","",""
"480","SL_2019_EYKT_Dive_07_15-41-45.000.avi",25184,"15:55:45",NA,53.439,0.037,5075.57,14.409,NA,NA,-35.996,1242.776,-4920.938,1,"KelliiWood",98,"N/A",2019,7,11,"Line","rockfish","rosethorn",150,150,21,"","","","",""
"481","SL_2019_EYKT_Dive_07_15-41-45.000.avi",26611,"15:56:33",NA,31.258,0.326,4142.43,0.511,NA,NA,-12.81,-51.251,-4142.093,1,"KelliiWood",98,"N/A",2019,7,11,"Line","rockfish","rosethorn",150,150,22,"","","","",""
"482","SL_2019_EYKT_Dive_07_15-41-45.000.avi",27726,"15:57:10",576.402,106.011,1.866,6806.185,21.09,11.799,5.097,-1833.406,1623.826,-6350.273,1,"KelliiWood",98,"N/A",2019,7,11,"Line","rockfish","yelloweye",145,145,23,"AD","Fish milling/hovering","","",""
"483","SL_2019_EYKT_Dive_07_15-41-45.000.avi",27798,"15:57:13",NA,55.666,1.657,5002.039,14.838,NA,NA,-1093.096,648.413,-4837.881,1,"KelliiWood",98,"N/A",2019,7,11,"Line","rockfish","rosethorn",150,150,24,"","","","",""
"484","SL_2019_EYKT_Dive_07_15-41-45.000.avi",27821,"15:57:13",NA,36.215,0.457,4010.251,23.372,NA,NA,1561.481,-318.913,-3679.971,1,"KelliiWood",98,"N/A",2019,7,11,"Line","rockfish","rosethorn",150,150,25,"","","","",""
"485","SL_2019_EYKT_Dive_07_15-41-45.000.avi",27821,"15:57:13",NA,27.243,0.535,3440.181,23.739,NA,NA,1319.401,-433.585,-3147.385,1,"KelliiWood",98,"N/A",2019,7,11,"Line","rockfish","rosethorn",150,150,26,"","","","",""
"486","SL_2019_EYKT_Dive_07_15-41-45.000.avi",28087,"15:57:22",NA,64.593,0.004,5247.143,24.19,NA,NA,-1946.162,894.799,-4790.021,1,"KelliiWood",98,"N/A",2019,7,11,"Line","rockfish","rosethorn",150,150,27,"","","","",""
"487","SL_2019_EYKT_Dive_07_15-41-45.000.avi",28439,"15:57:34",NA,62.278,0.925,5423.851,15.064,NA,NA,1402.87,117.443,-5237.969,1,"KelliiWood",98,"N/A",2019,7,11,"Line","rockfish","rosethorn",150,150,28,"","","","",""
"488","SL_2019_EYKT_Dive_07_15-41-45.000.avi",32391,"15:59:46",NA,59.282,0.297,5311.189,13.702,NA,NA,-235.398,1215.154,-5164.951,1,"KelliiWood",98,"N/A",2019,7,11,"Line","rockfish","rosethorn",150,150,29,"","","","",""
"489","SL_2019_EYKT_Dive_07_15-41-45.000.avi",33915,"16:00:36",604.742,158.392,4.51,6742.014,28.911,48.769,45.758,-2548.705,2031.815,-5901.744,1,"KelliiWood",98,"N/A",2019,7,11,"Line","rockfish","yelloweye",145,145,30,"AD","Fish milling/hovering","","",""
"490","SL_2019_EYKT_Dive_07_15-41-45.000.avi",34221,"16:00:47",NA,34.175,0.667,4073.364,10.038,NA,NA,249.346,648.672,-4013.645,1,"KelliiWood",98,"N/A",2019,7,11,"Line","rockfish","rosethorn",150,150,31,"","","","",""
"491","SL_2019_EYKT_Dive_07_15-41-45.000.avi",34221,"16:00:47",NA,97.295,0.759,6450.111,20.586,NA,NA,-1338.746,1806.531,-6045.506,1,"KelliiWood",98,"N/A",2019,7,11,"Line","rockfish","rosethorn",150,150,32,"","","","",""
"492","SL_2019_EYKT_Dive_07_15-41-45.000.avi",34542,"16:00:57",NA,29.857,0.415,3828.141,8.24,NA,NA,-464.578,276.686,-3789.76,1,"KelliiWood",98,"N/A",2019,7,11,"Line","rockfish","rosethorn",150,150,33,"","","","",""
"493","SL_2019_EYKT_Dive_07_15-41-45.000.avi",34894,"16:01:09",NA,23.683,0.39,3210.614,16.836,NA,NA,-783.958,-512.441,-3070.97,1,"KelliiWood",98,"N/A",2019,7,11,"Line","rockfish","rosethorn",150,150,34,"","","","",""
"494","SL_2019_EYKT_Dive_07_15-41-45.000.avi",35231,"16:01:20",483.308,176.274,2.121,8028.043,27.981,21.755,18.007,-2285.737,2993.682,-7089.623,1,"KelliiWood",98,"N/A",2019,7,11,"Line","rockfish","yelloweye",145,145,35,"AD","Fish milling/hovering","","",""
"495","SL_2019_EYKT_Dive_07_15-41-45.000.avi",36541,"16:02:04",1005.45,65.572,1.693,4822.04,26.357,11.935,12.672,1869.322,1043.42,-4320.762,1,"KelliiWood",98,"N/A",2019,7,11,"Line","greenling","lingcod",130,130,36,"","","","",""
"496","SL_2019_EYKT_Dive_07_15-41-45.000.avi",42394,"16:05:19",NA,69.348,0.078,5753.481,10.302,NA,NA,-600.516,812.817,-5664.031,1,"KelliiWood",98,"N/A",2019,7,11,"Line","rockfish","rosethorn",150,150,37,"","","","",""
"497","SL_2019_EYKT_Dive_07_15-41-45.000.avi",42667,"16:05:28",NA,77.006,1.332,5799.694,21.416,NA,NA,1985.326,715.3,-5402.155,1,"KelliiWood",98,"N/A",2019,7,11,"Line","rockfish","rosethorn",150,150,38,"","","","",""
"498","SL_2019_EYKT_Dive_07_15-41-45.000.avi",43341,"16:05:51",NA,85.123,0.049,6761.063,4.339,NA,NA,52.412,481.884,-6743.665,1,"KelliiWood",98,"N/A",2019,7,11,"Line","rockfish","rosethorn",150,150,39,"","","","",""
"499","SL_2019_EYKT_Dive_07_15-41-45.000.avi",45169,"16:06:52",763.722,50.929,1.531,4150.825,28.602,8.056,18.677,1970.719,254.364,-3644.298,1,"KelliiWood",98,"N/A",2019,7,11,"Line","rockfish","yelloweye",145,145,40,"AD","Fish moving quickly into frame","","",""
"500","SL_2019_EYKT_Dive_07_15-41-45.000.avi",48757,"16:08:51",NA,33.921,1.707,4094.313,8.97,NA,NA,-621.846,128.025,-4044.788,1,"KelliiWood",98,"N/A",2019,7,11,"Line","rockfish","rosethorn",150,150,41,"","","","",""
"501","SL_2019_EYKT_Dive_07_15-41-45.000.avi",49640,"16:09:21",NA,9.515,0.938,2060.122,18.916,NA,NA,-154.812,-657.468,-1946.246,1,"KelliiWood",98,"N/A",2019,7,11,"Line","rockfish","yelloweye",145,145,42,"AD","Fish seeking cover","","NO LENGTH - partial view",""
"502","SL_2019_EYKT_Dive_07_15-41-45.000.avi",50504,"16:09:49",NA,18.476,0.009,2952.016,29.478,NA,NA,1446.454,-144.343,-2569.306,1,"KelliiWood",98,"N/A",2019,7,11,"Line","rockfish","rosethorn",150,150,43,"","","","",""
"503","SL_2019_EYKT_Dive_07_15-41-45.000.avi",51785,"16:10:32",NA,24.58,1.564,3282.893,23.107,NA,NA,1247.557,-333.793,-3018.206,1,"KelliiWood",98,"N/A",2019,7,11,"Line","rockfish","rosethorn",150,150,44,"","","","",""
"504","SL_2019_EYKT_Dive_07_15-41-45.000.avi",53722,"16:11:37",NA,36.744,0.104,4218.321,9.223,NA,NA,562.521,358.393,-4165.256,1,"KelliiWood",98,"N/A",2019,7,11,"Line","rockfish","rosethorn",150,150,45,"","","","",""
"505","SL_2019_EYKT_Dive_07_15-41-45.000.avi",54136,"16:11:50",NA,65.235,1.824,5347.767,17.63,NA,NA,-898.501,1327.19,-5101.948,1,"KelliiWood",98,"N/A",2019,7,11,"Line","rockfish","rosethorn",150,150,46,"","","","",""
"506","SL_2019_EYKT_Dive_07_15-41-45.000.avi",54232,"16:11:54",NA,119.324,1.444,7580.539,36.017,NA,NA,-3906.043,2123.031,-6140.044,1,"KelliiWood",98,"N/A",2019,7,11,"Line","rockfish","yelloweye",145,145,47,"AD","Fish milling/hovering","","",""
"507","SL_2019_EYKT_Dive_07_15-41-45.000.avi",54787,"16:12:12",NA,32.594,0.003,4082.744,5.82,NA,NA,338.292,222.35,-4062.624,1,"KelliiWood",98,"N/A",2019,7,11,"Line","rockfish","rosethorn",150,150,48,"","","","",""
"508","SL_2019_EYKT_Dive_07_15-41-45.000.avi",54958,"16:12:18",NA,41.536,0.764,4536.065,8.722,NA,NA,-228.019,631.039,-4486.166,1,"KelliiWood",98,"N/A",2019,7,11,"Line","rockfish","rosethorn",150,150,49,"","","","",""
"509","SL_2019_EYKT_Dive_07_15-41-45.000.avi",55108,"16:12:23",NA,41.512,3.28,4400.149,12.357,NA,NA,-856.953,373.153,-4299.733,1,"KelliiWood",98,"N/A",2019,7,11,"Line","rockfish","rosethorn",150,150,50,"","","","",""
"510","SL_2019_EYKT_Dive_07_15-41-45.000.avi",55244,"16:12:27",NA,15.434,0.403,2736.116,31.158,NA,NA,-1415.553,7.379,-2341.47,1,"KelliiWood",98,"N/A",2019,7,11,"Line","rockfish","dusky",172,172,51,"","","","",""
"511","SL_2019_EYKT_Dive_07_15-41-45.000.avi",55244,"16:12:27",NA,20.134,2.614,3066.554,11.386,NA,NA,-562.922,-234.764,-3005.288,1,"KelliiWood",98,"N/A",2019,7,11,"Line","rockfish","rosethorn",150,150,52,"","","","",""
"512","SL_2019_EYKT_Dive_07_15-41-45.000.avi",55643,"16:12:41",NA,14.832,0.268,2626.231,11.454,NA,NA,-483.988,-204.549,-2573.131,1,"KelliiWood",98,"N/A",2019,7,11,"Line","rockfish","rosethorn",150,150,53,"","","","",""
"513","SL_2019_EYKT_Dive_07_15-41-45.000.avi",55643,"16:12:41",NA,15.741,1.551,2817.623,5.612,NA,NA,122.723,-257.933,-2803.107,1,"KelliiWood",98,"N/A",2019,7,11,"Line","rockfish","rosethorn",150,150,54,"","","","",""
"514","SL_2019_EYKT_Dive_07_15-41-45.000.avi",56544,"16:13:11",555.809,171.465,4.303,6379.677,16.665,37.683,15.992,1471.895,1086.584,-6111.721,1,"KelliiWood",98,"N/A",2019,7,11,"Line","rockfish","yelloweye",145,145,55,"AD","Fish milling/hovering","","",""
"515","SL_2019_EYKT_Dive_07_15-41-45.000.avi",58018,"16:14:00",NA,37.271,1.1,4360.232,6.745,NA,NA,510.825,-53.695,-4329.873,1,"KelliiWood",98,"N/A",2019,7,11,"Line","rockfish","rosethorn",150,150,56,"","","","",""
"516","SL_2019_EYKT_Dive_07_15-41-45.000.avi",58487,"16:14:16",NA,25.845,0.264,3407.804,24.063,NA,NA,-1383.003,-146.876,-3111.086,1,"KelliiWood",98,"N/A",2019,7,11,"Line","rockfish","rosethorn",150,150,57,"","","","",""
"517","SL_2019_EYKT_Dive_07_15-41-45.000.avi",58772,"16:14:25",NA,57.018,1.707,5108.435,27.248,NA,NA,-2320.654,273.127,-4542.695,1,"KelliiWood",98,"N/A",2019,7,11,"Line","rockfish","rosethorn",150,150,58,"","","","",""
"518","SL_2019_EYKT_Dive_07_15-41-45.000.avi",58831,"16:14:27",643.956,116.025,1.779,4643.979,24.57,55.222,1.256,-1905.178,314.685,-4223.483,1,"KelliiWood",98,"N/A",2019,7,11,"Line","rockfish","yelloweye",145,145,59,"AD","Fish moving quickly into frame","","",""
"519","SL_2019_EYKT_Dive_07_15-41-45.000.avi",59283,"16:14:42",NA,34.681,1.336,4073.641,12.736,NA,NA,-895.426,53.104,-3973.657,1,"KelliiWood",98,"N/A",2019,7,11,"Line","rockfish","rosethorn",150,150,60,"","","","",""
"520","SL_2019_EYKT_Dive_07_15-41-45.000.avi",62836,"16:16:40",509.811,124.599,1.372,7379.758,17.557,16.311,20.656,-1525.99,1620.801,-7035.993,1,"KelliiWood",98,"N/A",2019,7,11,"Line","rockfish","yelloweye",145,145,61,"AD","Fish milling/hovering","","",""
"521","SL_2019_EYKT_Dive_07_15-41-45.000.avi",63360,"16:16:58",634.861,219.601,1.55,6596.368,26.278,71.937,31.473,1664.696,2399.464,-5914.68,1,"KelliiWood",98,"N/A",2019,7,11,"Line","rockfish","yelloweye",145,145,62,"AD","Fish milling/hovering","","",""
"522","SL_2019_EYKT_Dive_07_15-41-45.000.avi",63914,"16:17:16",NA,82.572,1.934,5934.691,21.692,NA,NA,1271.007,1765.727,-5521.531,1,"KelliiWood",98,"N/A",2019,7,11,"Line","rockfish","rosethorn",150,150,63,"","","","",""
"523","SL_2019_EYKT_Dive_07_15-41-45.000.avi",66398,"16:18:39",NA,36.581,0.31,4329.716,6.004,NA,NA,-447.461,-87.063,-4305.652,1,"KelliiWood",98,"N/A",2019,7,11,"Line","rockfish","rosethorn",150,150,64,"","","","",""
"524","SL_2019_EYKT_Dive_07_15-41-45.000.avi",67193,"16:19:06",NA,52.628,1.951,4800.506,20.741,NA,NA,-1614.878,513.387,-4491.487,1,"KelliiWood",98,"N/A",2019,7,11,"Line","rockfish","rosethorn",150,150,65,"","","","",""
"525","SL_2019_EYKT_Dive_07_15-41-45.000.avi",67323,"16:19:10",NA,44.296,5.501,4326.209,27.244,NA,NA,-1698.305,1003.342,-3850.345,1,"KelliiWood",98,"N/A",2019,7,11,"Line","rockfish","yelloweye",145,145,66,"AD","Attracted","","NO LENGTH - facing ROV",""
"526","SL_2019_EYKT_Dive_07_15-41-45.000.avi",67594,"16:19:19",NA,40.579,0.802,4267.817,19.86,NA,NA,-1435.475,-219.949,-4013.14,1,"KelliiWood",98,"N/A",2019,7,11,"Line","rockfish","rosethorn",150,150,67,"","","","",""
"527","SL_2019_EYKT_Dive_07_15-41-45.000.avi",67843,"16:19:27",NA,29.387,0.254,3700.417,14.584,NA,NA,-927.178,-106.664,-3580.789,1,"KelliiWood",98,"N/A",2019,7,11,"Line","rockfish","rosethorn",150,150,68,"","","","",""
"528","SL_2019_EYKT_Dive_07_15-41-45.000.avi",67843,"16:19:27",NA,35.207,1.112,4120.427,10.629,NA,NA,-750.142,-138.472,-4049.201,1,"KelliiWood",98,"N/A",2019,7,11,"Line","rockfish","rosethorn",150,150,69,"","","","",""
"529","SL_2019_EYKT_Dive_07_15-41-45.000.avi",68019,"16:19:33",NA,57.422,0.27,5137.836,24.533,NA,NA,2125.154,168.077,-4674.701,1,"KelliiWood",98,"N/A",2019,7,11,"Line","rockfish","rosethorn",150,150,70,"","","","",""
"530","SL_2019_EYKT_Dive_08_16-52-49.000.avi",2243,"16:54:08",NA,41.411,0.09,4551.718,7.597,NA,NA,-555.447,213.44,-4512.655,1,"KelliiWood",90,"N/A",2019,8,12,"Line","rockfish","rosethorn",150,150,1,"","","","",""
"531","SL_2019_EYKT_Dive_08_16-52-49.000.avi",2339,"16:54:11",NA,22.977,0.82,3281.478,10.702,NA,NA,349.239,-512.303,-3222.371,1,"KelliiWood",90,"N/A",2019,8,12,"Line","rockfish","rosethorn",150,150,2,"","","","",""
"532","SL_2019_EYKT_Dive_08_16-52-49.000.avi",2651,"16:54:21",NA,51.031,1.067,4739.19,27.803,NA,NA,-2111.402,637.641,-4194.678,1,"KelliiWood",90,"N/A",2019,8,12,"Line","rockfish","rosethorn",150,150,3,"","","","",""
"533","SL_2019_EYKT_Dive_08_16-52-49.000.avi",4017,"16:55:07",614.269,100.153,1.418,6385.291,21.521,9.705,7.171,2042.554,1146.722,-5940.113,1,"KelliiWood",90,"N/A",2019,8,12,"Line","rockfish","yelloweye",145,145,4,"AD","Fish being chased","","",""
"534","SL_2019_EYKT_Dive_08_16-52-49.000.avi",4035,"16:55:07",601.509,106.998,0.913,6615.913,15.371,19.747,0.091,-687.898,1613.093,-6379.266,1,"KelliiWood",90,"N/A",2019,8,12,"Line","rockfish","yelloweye",145,145,5,"AD","Fish chasing other fish","","",""
"535","SL_2019_EYKT_Dive_08_16-52-49.000.avi",5468,"16:55:55",NA,11.576,0.267,2204.192,21.872,NA,NA,612.042,-555.605,-2043.323,1,"KelliiWood",90,"N/A",2019,8,12,"Line","rockfish","rosethorn",150,150,6,"","","","",""
"536","SL_2019_EYKT_Dive_08_16-52-49.000.avi",5737,"16:56:04",NA,72.926,0.57,5785.52,31.358,NA,NA,2841.827,974.265,-4944.397,1,"KelliiWood",90,"N/A",2019,8,12,"Line","rockfish","rosethorn",150,150,7,"","","","",""
"537","SL_2019_EYKT_Dive_08_16-52-49.000.avi",5748,"16:56:05",NA,77.541,2.977,6019.999,33.929,NA,NA,-3086.945,1307.159,-5000.25,1,"KelliiWood",90,"N/A",2019,8,12,"Line","rockfish","rosethorn",150,150,8,"","","","",""
"538","SL_2019_EYKT_Dive_08_16-52-49.000.avi",6410,"16:56:27",NA,54.495,0.066,4890.76,22.387,NA,NA,1777.721,538.203,-4524.331,1,"KelliiWood",90,"N/A",2019,8,12,"Line","rockfish","rosethorn",150,150,9,"","","","",""
"539","SL_2019_EYKT_Dive_08_16-52-49.000.avi",6679,"16:56:36",NA,20.531,0.909,3063.41,31.072,NA,NA,1499.525,-511.73,-2621.839,1,"KelliiWood",90,"N/A",2019,8,12,"Line","rockfish","yelloweye",145,145,10,"AD","Fish resting on bottom","","NO LENGTH - partial view",""
"540","SL_2019_EYKT_Dive_08_16-52-49.000.avi",6866,"16:56:42",NA,16.284,3.031,2836.543,7.053,NA,NA,-321.929,-144.206,-2814.523,1,"KelliiWood",90,"N/A",2019,8,12,"Line","rockfish","rosethorn",150,150,11,"","","","",""
"541","SL_2019_EYKT_Dive_08_16-52-49.000.avi",7596,"16:57:06",NA,61.319,0.272,5264.891,18.646,NA,NA,1641.884,351.242,-4989.982,1,"KelliiWood",90,"N/A",2019,8,12,"Line","rockfish","tiger",148,148,12,"","","","",""
"542","SL_2019_EYKT_Dive_08_16-52-49.000.avi",9226,"16:58:01",NA,50.257,2.76,4736.359,16.29,NA,NA,1186.778,578.903,-4548.574,1,"KelliiWood",90,"N/A",2019,8,12,"Line","rockfish","rosethorn",150,150,13,"","","","",""
"543","SL_2019_EYKT_Dive_08_16-52-49.000.avi",11903,"16:59:30",704.261,173.923,0.653,7428.323,21.618,26.413,2.638,-1522.831,2273.941,-6905.806,1,"KelliiWood",90,"N/A",2019,8,12,"Line","rockfish","yelloweye",145,145,14,"AD","Fish milling/hovering","","",""
"544","SL_2019_EYKT_Dive_08_16-52-49.000.avi",14064,"17:00:42",NA,55.026,1.129,4982.878,14.704,NA,NA,1075.425,646.351,-4822.32,1,"KelliiWood",90,"N/A",2019,8,12,"Line","rockfish","rosethorn",150,150,15,"","","","",""
"545","SL_2019_EYKT_Dive_08_16-52-49.000.avi",15672,"17:01:35",NA,70.894,1.298,5522.628,18.842,NA,NA,-1386.339,1101.16,-5231.15,1,"KelliiWood",90,"N/A",2019,8,12,"Line","rockfish","tiger",148,148,16,"","","","",""
"546","SL_2019_EYKT_Dive_08_16-52-49.000.avi",17096,"17:02:23",NA,20.076,2.419,3147.558,31.955,NA,NA,-1665.684,-35.05,-2670.467,1,"KelliiWood",90,"N/A",2019,8,12,"Line","rockfish","rosethorn",150,150,17,"","","","",""
"547","SL_2019_EYKT_Dive_08_16-52-49.000.avi",18595,"17:03:13",NA,42.095,6.684,4432.267,29.024,NA,NA,-2137.928,215.966,-3876.547,1,"KelliiWood",90,"N/A",2019,8,12,"Line","rockfish","rosethorn",150,150,18,"","","","",""
"548","SL_2019_EYKT_Dive_08_16-52-49.000.avi",20172,"17:04:05",543.342,113.521,3.156,7963.612,20.606,0.278,4.191,-2021.093,1941.701,-7454.133,1,"KelliiWood",90,"N/A",2019,8,12,"Line","rockfish","yelloweye",145,145,19,"AD","Fish milling/hovering","","",""
"549","SL_2019_EYKT_Dive_08_16-52-49.000.avi",20529,"17:04:17",1112.227,79.288,3.755,6008.446,25.668,4.478,17.544,-1895.514,1783.443,-5415.513,1,"KelliiWood",90,"N/A",2019,8,12,"Line","greenling","lingcod",130,130,20,"","","","Attacking YE",""
"550","SL_2019_EYKT_Dive_08_16-52-49.000.avi",21647,"17:04:55",NA,23.973,1.596,3301.006,23.562,NA,NA,-1317.424,62.439,-3026.076,1,"KelliiWood",90,"N/A",2019,8,12,"Line","rockfish","rosethorn",150,150,21,"","","","",""
"551","SL_2019_EYKT_Dive_08_16-52-49.000.avi",23381,"17:05:52",NA,70.76,3.294,5558.271,26.872,NA,NA,2348.81,871.778,-4961.599,1,"KelliiWood",90,"N/A",2019,8,12,"Line","rockfish","rosethorn",150,150,22,"","","","",""
"552","SL_2019_EYKT_Dive_08_16-52-49.000.avi",24282,"17:06:22",NA,51.988,5.892,4746.679,25.108,NA,NA,-1906.229,633.191,-4300.736,1,"KelliiWood",90,"N/A",2019,8,12,"Line","rockfish","rosethorn",150,150,23,"","","","",""
"553","SL_2019_EYKT_Dive_08_16-52-49.000.avi",25393,"17:06:59",NA,29.193,1.648,3879.413,5.228,NA,NA,-285.252,193.357,-3864.077,1,"KelliiWood",90,"N/A",2019,8,12,"Line","rockfish","rosethorn",150,150,24,"","","","",""
"554","SL_2019_EYKT_Dive_08_16-52-49.000.avi",26513,"17:07:37",NA,73.058,3.6,5633.623,24.151,NA,NA,-2190.938,695.335,-5143.347,1,"KelliiWood",90,"N/A",2019,8,12,"Line","rockfish","rosethorn",150,150,25,"","","","",""
"555","SL_2019_EYKT_Dive_08_16-52-49.000.avi",26901,"17:07:50",715.271,143.472,0.379,5573.004,17.8,43.498,16.618,1268.233,1137.586,-5306.209,1,"KelliiWood",90,"N/A",2019,8,12,"Line","rockfish","yelloweye",145,145,26,"AD","Fish milling/hovering","","",""
"556","SL_2019_EYKT_Dive_08_16-52-49.000.avi",30385,"17:09:46",NA,12.259,0.631,2423.75,8.709,NA,NA,-330.986,-168.133,-2395.15,1,"KelliiWood",90,"N/A",2019,8,12,"Line","rockfish","rosethorn",150,150,27,"","","","",""
"557","SL_2019_EYKT_Dive_08_16-52-49.000.avi",31045,"17:10:08",NA,33.839,1.337,3893.776,15.113,NA,NA,-578.385,819.289,-3762.41,1,"KelliiWood",90,"N/A",2019,8,12,"Line","rockfish","rosethorn",150,150,28,"","","","",""
"558","SL_2019_EYKT_Dive_08_16-52-49.000.avi",32376,"17:10:52",617.938,142.622,3.674,6271.509,14.943,32.79,16.934,354.213,1577.872,-6059.428,1,"KelliiWood",90,"N/A",2019,8,12,"Line","rockfish","yelloweye",145,145,29,"AD","Fish milling/hovering","","",""
"559","SL_2019_EYKT_Dive_08_16-52-49.000.avi",33332,"17:11:24",NA,36.299,0.384,4051.477,15.843,NA,NA,-1045.075,346.591,-3898.995,1,"KelliiWood",90,"N/A",2019,8,12,"Line","rockfish","rosethorn",150,150,30,"","","","",""
"560","SL_2019_EYKT_Dive_08_16-52-49.000.avi",36968,"17:13:25",812.679,65.312,1.891,4775.422,26.021,14.104,17.545,-1897.436,888.127,-4291.342,1,"KelliiWood",90,"N/A",2019,8,12,"Line","halibut","halibut",200,200,31,"","","","",""
"561","SL_2019_EYKT_Dive_08_16-52-49.000.avi",38767,"17:14:25",NA,15.847,0.035,2627.427,21.939,NA,NA,941.691,-287.014,-2436.024,1,"KelliiWood",90,"N/A",2019,8,12,"Line","rockfish","rosethorn",150,150,32,"","","","",""
"562","SL_2019_EYKT_Dive_08_16-52-49.000.avi",40020,"17:15:07",1165.297,133.248,1.505,8539.814,24.336,12.651,0.962,1506.841,3180.241,-7780.998,1,"KelliiWood",90,"N/A",2019,8,12,"Line","greenling","lingcod",130,130,33,"","","","",""
"563","SL_2019_EYKT_Dive_08_16-52-49.000.avi",42946,"17:16:45",NA,66.531,5.315,5704.051,37.365,NA,NA,-2835.059,1968.342,-4541.395,1,"KelliiWood",90,"N/A",2019,8,12,"Line","rockfish","yelloweye",145,145,34,"AD","Fish milling/hovering","","NO LENGTH - partial view",""
"564","SL_2019_EYKT_Dive_08_16-52-49.000.avi",44185,"17:17:26",NA,18.881,2.007,2926.914,31.552,NA,NA,-1449.249,-505.311,-2492.22,1,"KelliiWood",90,"N/A",2019,8,12,"Line","rockfish","rosethorn",150,150,35,"","","","",""
"565","SL_2019_EYKT_Dive_08_16-52-49.000.avi",44185,"17:17:26",NA,30.704,1.811,3771.934,26.763,NA,NA,-1698.255,16.022,-3367.961,1,"KelliiWood",90,"N/A",2019,8,12,"Line","rockfish","rosethorn",150,150,36,"","","","",""
"566","SL_2019_EYKT_Dive_08_16-52-49.000.avi",46270,"17:18:35",NA,33.767,2.131,3956.735,26.074,NA,NA,1735.475,97.978,-3554.473,1,"KelliiWood",90,"N/A",2019,8,12,"Line","rockfish","rosethorn",150,150,37,"","","","",""
"567","SL_2019_EYKT_Dive_08_16-52-49.000.avi",46712,"17:18:50",NA,26.674,1.774,3479.251,14.674,NA,NA,-811.695,329.935,-3367.118,1,"KelliiWood",90,"N/A",2019,8,12,"Line","rockfish","rosethorn",150,150,38,"","","","",""
"568","SL_2019_EYKT_Dive_08_16-52-49.000.avi",48052,"17:19:35",NA,66.44,1.275,5624.908,10.255,NA,NA,-667.355,724.431,-5537.999,1,"KelliiWood",90,"N/A",2019,8,12,"Line","rockfish","rosethorn",150,150,39,"","","","",""
"569","SL_2019_EYKT_Dive_08_16-52-49.000.avi",48101,"17:19:36",568.016,66.052,2.756,4558.839,17.042,28.356,31.534,-1243.18,489.457,-4358.663,1,"KelliiWood",90,"N/A",2019,8,12,"Line","rockfish","yelloweye",145,145,40,"AD","Fish actively swimming in frame","","",""
"570","SL_2019_EYKT_Dive_08_16-52-49.000.avi",48199,"17:19:40",NA,30.682,0.197,3875.099,9.109,NA,NA,572.885,204.05,-3827.082,1,"KelliiWood",90,"N/A",2019,8,12,"Line","rockfish","rosethorn",150,150,41,"","","","",""
"571","SL_2019_EYKT_Dive_08_16-52-49.000.avi",48567,"17:19:52",NA,34.061,0.159,3930.092,15.813,NA,NA,-1020.153,310.85,-3782.629,1,"KelliiWood",90,"N/A",2019,8,12,"Line","rockfish","rosethorn",150,150,42,"","","","",""
"572","SL_2019_EYKT_Dive_08_16-52-49.000.avi",49141,"17:20:11",NA,50.306,2.581,4789.875,13.207,NA,NA,-814.096,712.607,-4666.084,1,"KelliiWood",90,"N/A",2019,8,12,"Line","rockfish","rosethorn",150,150,43,"","","","",""
"573","SL_2019_EYKT_Dive_08_16-52-49.000.avi",50062,"17:20:42",NA,39.553,0.416,4330.466,10.469,NA,NA,558.573,537.138,-4260.565,1,"KelliiWood",90,"N/A",2019,8,12,"Line","rockfish","rosethorn",150,150,44,"","","","",""
"574","SL_2019_EYKT_Dive_08_16-52-49.000.avi",50775,"17:21:05",NA,26.532,0.035,3464.886,20.235,NA,NA,-1190.058,128.12,-3251.582,1,"KelliiWood",90,"N/A",2019,8,12,"Line","rockfish","rosethorn",150,150,45,"","","","",""
"575","SL_2019_EYKT_Dive_08_16-52-49.000.avi",52011,"17:21:47",NA,34.826,2.617,4102.744,32.113,NA,NA,-2157.838,302.824,-3476.283,1,"KelliiWood",90,"N/A",2019,8,12,"Line","rockfish","rosethorn",150,150,46,"","","","",""
"576","SL_2019_EYKT_Dive_08_16-52-49.000.avi",55968,"17:23:59",NA,24.984,1.729,3506.567,31.91,NA,NA,-1850.113,100.347,-2977.083,1,"KelliiWood",90,"N/A",2019,8,12,"Line","rockfish","rosethorn",150,150,47,"","","","",""
"577","SL_2019_EYKT_Dive_08_16-52-49.000.avi",60600,"17:26:33",NA,61.954,0.984,5205.415,23.449,NA,NA,705.783,1928.286,-4783.297,1,"KelliiWood",90,"N/A",2019,8,12,"Line","rockfish","yelloweye",145,145,48,"AD","Attracted","","NO LENGTH - facing camera",""
"578","SL_2019_EYKT_Dive_08_16-52-49.000.avi",62082,"17:27:22",NA,28.798,0.427,3580.298,15.676,NA,NA,812.487,511.246,-3449.207,1,"KelliiWood",90,"N/A",2019,8,12,"Line","rockfish","rosethorn",150,150,49,"","","","",""
"579","SL_2019_EYKT_Dive_08_16-52-49.000.avi",64205,"17:28:33",NA,25.405,0.756,3411.968,21.181,NA,NA,1232.186,25.774,-3181.6,1,"KelliiWood",90,"N/A",2019,8,12,"Line","rockfish","rosethorn",150,150,50,"","","","",""
"580","SL_2019_EYKT_Dive_08_16-52-49.000.avi",64422,"17:28:40",NA,13.002,0.626,2546.063,5.871,NA,NA,204.846,-170.988,-2532.042,1,"KelliiWood",90,"N/A",2019,8,12,"Line","rockfish","rosethorn",150,150,51,"","","","",""
"581","SL_2019_EYKT_Dive_08_16-52-49.000.avi",66629,"17:29:54",458.115,77.729,2.021,4773.22,23.673,24.208,15.445,-1837.81,-543.583,-4371.567,1,"KelliiWood",90,"N/A",2019,8,12,"Line","rockfish","yelloweye",145,145,52,"AD","Fish milling/hovering","","",""
"582","SL_2019_EYKT_Dive_08_16-52-49.000.avi",67380,"17:30:19",NA,9.173,0.01,2036.71,32.345,NA,NA,966.447,-510.22,-1718.675,1,"KelliiWood",90,"N/A",2019,8,12,"Line","rockfish","rosethorn",150,150,53,"","","","",""
"583","SL_2019_EYKT_Dive_08_16-52-49.000.avi",67872,"17:30:35",NA,83.261,2.603,5987.504,25.073,NA,NA,2319.699,1006.545,-5427.345,1,"KelliiWood",90,"N/A",2019,8,12,"Line","rockfish","rosethorn",150,150,54,"","","","",""
"584","SL_2019_EYKT_Dive_08_16-52-49.000.avi",68106,"17:30:43",NA,10.593,0.649,2124.497,22.585,NA,NA,386.212,-726.569,-1958.68,1,"KelliiWood",90,"N/A",2019,8,12,"Line","rockfish","rosethorn",150,150,55,"","","","",""
"585","SL_2019_EYKT_Dive_08_16-52-49.000.avi",69158,"17:31:18",NA,28.83,0.745,3537.494,17.309,NA,NA,-655.783,-836.748,-3373.969,1,"KelliiWood",90,"N/A",2019,8,12,"Line","rockfish","rosethorn",150,150,56,"","","","",""
"586","SL_2019_EYKT_Dive_09_18-08-56.000.avi",678,"18:09:24",NA,93.51,2.615,6539.041,13.72,NA,NA,880.941,1250.944,-6357.526,1,"KelliiWood",110,"N/A",2019,9,13,"Line","rockfish","rosethorn",150,150,1,"","","","",""
"587","SL_2019_EYKT_Dive_09_18-08-56.000.avi",15113,"18:17:25",NA,8.358,0.118,1925.933,21.215,NA,NA,143.921,-689.096,-1792.666,1,"KelliiWood",110,"N/A",2019,9,13,"Line","rockfish","rosethorn",150,150,39,"","","","",""
"588","SL_2019_EYKT_Dive_09_18-08-56.000.avi",16198,"18:18:01",NA,20.09,0.533,3208.902,5.271,NA,NA,205.895,198.159,-3196.153,1,"KelliiWood",110,"N/A",2019,9,13,"Line","greenling","lingcod",130,130,2,"","","","NO LENGTH - facing ROV",""
"589","SL_2019_EYKT_Dive_09_18-08-56.000.avi",16379,"18:18:07",NA,66.546,1.205,5382.268,19.846,NA,NA,1652.159,760.242,-5065.69,1,"KelliiWood",110,"N/A",2019,9,13,"Line","rockfish","rosethorn",150,150,3,"","","","",""
"590","SL_2019_EYKT_Dive_09_18-08-56.000.avi",17835,"18:18:55",NA,10.172,0.105,2140.095,12.73,NA,NA,-341.231,-333.84,-2086.173,1,"KelliiWood",110,"N/A",2019,9,13,"Line","rockfish","rosethorn",150,150,4,"","","","",""
"591","SL_2019_EYKT_Dive_09_18-08-56.000.avi",17835,"18:18:55",NA,50.568,2.475,4777.358,25.815,NA,NA,2045.692,361.246,-4302.069,1,"KelliiWood",110,"N/A",2019,9,13,"Line","rockfish","rosethorn",150,150,5,"","","","",""
"592","SL_2019_EYKT_Dive_09_18-08-56.000.avi",20424,"18:20:22",NA,98.199,4.174,6757.528,33.257,NA,NA,-3456.588,1313.461,-5656.059,1,"KelliiWood",110,"N/A",2019,9,13,"Line","halibut","halibut",200,200,6,"","","","NO LENGTH - too far away",""
"593","SL_2019_EYKT_Dive_09_18-08-56.000.avi",22889,"18:21:44",785.31,170.263,1.87,5549.245,24.451,71.765,24.135,-1901.334,1288.668,-5051.573,1,"KelliiWood",110,"N/A",2019,9,13,"Line","greenling","lingcod",130,130,7,"","","","",""
"594","SL_2019_EYKT_Dive_09_18-08-56.000.avi",25033,"18:22:55",NA,60.855,0.204,5229.195,16.051,NA,NA,676.482,1257.721,-5030.406,1,"KelliiWood",110,"N/A",2019,9,13,"Line","rockfish","rosethorn",150,150,8,"","","","",""
"595","SL_2019_EYKT_Dive_09_18-08-56.000.avi",25757,"18:23:20",NA,61.807,0.254,5234.839,16.091,NA,NA,917.019,1104.208,-5034.217,1,"KelliiWood",110,"N/A",2019,9,13,"Line","rockfish","rosethorn",150,150,9,"","","","",""
"596","SL_2019_EYKT_Dive_09_18-08-56.000.avi",25938,"18:23:26",NA,14.728,1.672,2716.319,6.68,NA,NA,47.248,-323.231,-2696.605,1,"KelliiWood",110,"N/A",2019,9,13,"Line","rockfish","rosethorn",150,150,10,"","","","",""
"597","SL_2019_EYKT_Dive_09_18-08-56.000.avi",26148,"18:23:33",NA,69.99,0.671,5925.86,32.687,NA,NA,-3191.788,212.35,-4988.308,1,"KelliiWood",110,"N/A",2019,9,13,"Line","rockfish","yelloweye",145,145,11,"AD","Fish milling/hovering","","NO LENGTH - partial view",""
"598","SL_2019_EYKT_Dive_09_18-08-56.000.avi",26513,"18:23:45",NA,29.774,0.415,3669.823,19.921,NA,NA,1241.921,-159.393,-3449.612,1,"KelliiWood",110,"N/A",2019,9,13,"Line","rockfish","rosethorn",150,150,12,"","","","",""
"599","SL_2019_EYKT_Dive_09_18-08-56.000.avi",26622,"18:23:48",NA,46.828,1.181,4726.814,10.464,NA,NA,-448.78,713.237,-4651.092,1,"KelliiWood",110,"N/A",2019,9,13,"Line","rockfish","rosethorn",150,150,13,"","","","",""
"600","SL_2019_EYKT_Dive_09_18-08-56.000.avi",28558,"18:24:53",563.349,43.942,2.749,4406.216,9.766,17.234,16.903,-573.915,478.821,-4342.36,1,"KelliiWood",110,"N/A",2019,9,13,"Line","rockfish","yelloweye",145,145,14,"AD","Fish milling/hovering","","",""
"601","SL_2019_EYKT_Dive_09_18-08-56.000.avi",29180,"18:25:14",555.026,86.132,1.27,4139.076,6.175,80.667,45.838,315.601,314.037,-4115.061,1,"KelliiWood",110,"N/A",2019,9,13,"Line","rockfish","yelloweye",145,145,15,"AD","Fish milling/hovering","","",""
"602","SL_2019_EYKT_Dive_09_18-08-56.000.avi",29288,"18:25:17",NA,20.987,3.019,3093.052,18.617,NA,NA,191.16,957.003,-2935.06,1,"KelliiWood",110,"N/A",2019,9,13,"Line","rockfish","dusky",172,172,16,"","","","",""
"603","SL_2019_EYKT_Dive_09_18-08-56.000.avi",29670,"18:25:30",562.016,143.177,2.955,7092.594,33.487,3.345,15.298,-3517.051,1715.934,-5915.303,1,"KelliiWood",110,"N/A",2019,9,13,"Line","rockfish","yelloweye",145,145,17,"AD","Fish milling/hovering","","",""
"604","SL_2019_EYKT_Dive_09_18-08-56.000.avi",29751,"18:25:33",NA,57.542,2.995,4943.453,27.584,NA,NA,-1999.765,1096.298,-4385.978,1,"KelliiWood",110,"N/A",2019,9,13,"Line","rockfish","rosethorn",150,150,18,"","","","",""
"605","SL_2019_EYKT_Dive_09_18-08-56.000.avi",30407,"18:25:55",NA,16.642,0.079,2733.95,14.719,NA,NA,-646.41,-264.908,-2643.192,1,"KelliiWood",110,"N/A",2019,9,13,"Line","rockfish","rosethorn",150,150,19,"","","","",""
"606","SL_2019_EYKT_Dive_09_18-08-56.000.avi",32868,"18:27:17",NA,43.257,0.366,4387.344,15.368,NA,NA,-760.609,862.515,-4233.95,1,"KelliiWood",110,"N/A",2019,9,13,"Line","rockfish","yelloweye",145,145,20,"AD","Fish resting on bottom","","NO LENGTH - partial view",""
"607","SL_2019_EYKT_Dive_09_18-08-56.000.avi",33221,"18:27:28",NA,128.135,1.568,7769.397,31.22,NA,NA,3920.232,895.091,-6647.866,1,"KelliiWood",110,"N/A",2019,9,13,"Line","rockfish","yelloweye",145,145,21,"AD","Fish milling/hovering","","NO LENGTH - partial view",""
"608","SL_2019_EYKT_Dive_09_18-08-56.000.avi",34232,"18:28:02",NA,44.214,1.004,4658.456,8.419,NA,NA,-580.306,339.995,-4609.648,1,"KelliiWood",110,"N/A",2019,9,13,"Line","rockfish","silvergray",157,157,22,"","","","",""
"609","SL_2019_EYKT_Dive_09_18-08-56.000.avi",49011,"18:36:15",502.437,72.919,1.546,4833.023,28.895,5.9,6.33,-2320.14,266.307,-4231.329,1,"KelliiWood",110,"N/A",2019,9,13,"Line","halibut","halibut",200,200,23,"","","","",""
"610","SL_2019_EYKT_Dive_09_18-08-56.000.avi",51418,"18:37:35",NA,30.265,1.288,3737.484,12.291,NA,NA,585.363,524.201,-3653.95,1,"KelliiWood",110,"N/A",2019,9,13,"Line","rockfish","rosethorn",150,150,24,"","","","",""
"611","SL_2019_EYKT_Dive_09_18-08-56.000.avi",51625,"18:37:42",NA,35.706,0.078,4013.392,25.973,NA,NA,-1738.627,243.345,-3609.055,1,"KelliiWood",110,"N/A",2019,9,13,"Line","rockfish","rosethorn",150,150,25,"","","","",""
"612","SL_2019_EYKT_Dive_09_18-08-56.000.avi",51751,"18:37:46",NA,56.753,1.103,5094.549,20.205,NA,NA,294.896,1715.477,-4787.964,1,"KelliiWood",110,"N/A",2019,9,13,"Line","rockfish","silvergray",157,157,26,"","","","",""
"613","SL_2019_EYKT_Dive_09_18-08-56.000.avi",53256,"18:38:36",NA,62.099,0.34,5279.695,24.817,NA,NA,-437.813,2153.157,-4800.772,1,"KelliiWood",110,"N/A",2019,9,13,"Line","rockfish","dusky",172,172,27,"","","","",""
"614","SL_2019_EYKT_Dive_09_18-08-56.000.avi",53510,"18:38:45",NA,70.596,0.127,5667.88,14.403,NA,NA,-1271.366,587.34,-5492.133,1,"KelliiWood",110,"N/A",2019,9,13,"Line","rockfish","dusky",172,172,28,"","","","",""
"615","SL_2019_EYKT_Dive_09_18-08-56.000.avi",53510,"18:38:45",NA,112.84,0.324,6942.027,20.78,NA,NA,-2098.935,1262.523,-6495.556,1,"KelliiWood",110,"N/A",2019,9,13,"Line","rockfish","dusky",172,172,29,"","","","",""
"616","SL_2019_EYKT_Dive_09_18-08-56.000.avi",53845,"18:38:56",NA,51.294,0.073,5006.339,10.331,NA,NA,-880.775,154.445,-4925.831,1,"KelliiWood",110,"N/A",2019,9,13,"Line","rockfish","rosethorn",150,150,30,"","","","",""
"617","SL_2019_EYKT_Dive_09_18-08-56.000.avi",55381,"18:39:47",NA,37.788,1.728,4388.283,6.676,NA,NA,-63.693,-523.592,-4356.469,1,"KelliiWood",110,"N/A",2019,9,13,"Line","rockfish","rosethorn",150,150,31,"","","","",""
"618","SL_2019_EYKT_Dive_09_18-08-56.000.avi",56277,"18:40:17",NA,34.917,1.303,4052.246,11.485,NA,NA,-765.127,-271.982,-3970.051,1,"KelliiWood",110,"N/A",2019,9,13,"Line","rockfish","rosethorn",150,150,32,"","","","",""
"619","SL_2019_EYKT_Dive_09_18-08-56.000.avi",56503,"18:40:24",NA,26.385,0.164,3661.371,6.665,NA,NA,-13.745,-439.317,-3634.893,1,"KelliiWood",110,"N/A",2019,9,13,"Line","rockfish","rosethorn",150,150,33,"","","","",""
"620","SL_2019_EYKT_Dive_09_18-08-56.000.avi",58688,"18:41:37",NA,43.09,0.682,4811.107,3.203,NA,NA,-161.624,195.537,-4804.414,1,"KelliiWood",110,"N/A",2019,9,13,"Line","rockfish","rosethorn",150,150,34,"","","","",""
"621","SL_2019_EYKT_Dive_09_18-08-56.000.avi",59694,"18:42:11",NA,16.114,0.415,2637.997,23.842,NA,NA,-388.965,-1002.502,-2408.884,1,"KelliiWood",110,"N/A",2019,9,13,"Line","octopus","octopus",870,870,35,"","","","",""
"622","SL_2019_EYKT_Dive_09_18-08-56.000.avi",59836,"18:42:15",640.988,172.163,2.469,6799.618,13.249,33.269,24.95,-1556.05,84.092,-6618.644,1,"KelliiWood",110,"N/A",2019,9,13,"Line","rockfish","yelloweye",145,145,36,"AD","Fish actively swimming in frame","","",""
"623","SL_2019_EYKT_Dive_09_18-08-56.000.avi",60942,"18:42:52",NA,26.94,1.799,3471.045,27.389,NA,NA,-1569.624,-305.474,-3080.767,1,"KelliiWood",110,"N/A",2019,9,13,"Line","rockfish","rosethorn",150,150,37,"","","","",""
"624","SL_2019_EYKT_Dive_09_18-08-56.000.avi",62431,"18:43:42",NA,41.05,1.174,4343.892,25.016,NA,NA,-1835.503,55.872,-3936.649,1,"KelliiWood",110,"N/A",2019,9,13,"Line","rockfish","rosethorn",150,150,38,"","","","",""
"625","SL_2019_EYKT_Dive_10_07-12-26.000.avi",8952,"7:17:32",NA,66.507,5.259,5468.847,29.448,NA,NA,2556.448,813.625,-4765.593,1,"KelliiWood",125,"N/A",2019,10,14,"Line","","unknown",NA,NA,1,"","","","Can't tell"," lingcod? Quillback?"
"626","SL_2019_EYKT_Dive_10_07-12-26.000.avi",11530,"7:18:58",465.945,59.257,4.969,4451.71,28.642,7.679,5.935,2028.838,661.155,-3906.969,1,"KelliiWood",125,"N/A",2019,10,14,"Line","greenling","lingcod",130,130,2,"","","","",""
"627","SL_2019_EYKT_Dive_10_07-12-26.000.avi",16405,"7:21:41",707.901,30.971,1.986,3190,22.047,16.299,11.378,-1190.605,127.798,-2956.726,1,"KelliiWood",125,"N/A",2019,10,14,"Line","skate","longnose skate",701,701,3,"","","","",""
"628","SL_2019_EYKT_Dive_10_07-12-26.000.avi",21347,"7:24:26",NA,18.358,3.223,2765.304,23.427,NA,NA,-799.935,-764.377,-2534.311,1,"KelliiWood",125,"N/A",2019,10,14,"Line","rockfish","rosethorn",150,150,4,"","","","",""
"629","SL_2019_EYKT_Dive_10_07-12-26.000.avi",29363,"7:28:53",395.541,48.697,3.331,3618.623,25.617,35.009,26.779,1500.932,441.59,-3262.918,1,"KelliiWood",125,"N/A",2019,10,14,"Line","halibut","halibut",200,200,5,"","","","",""
"630","SL_2019_EYKT_Dive_10_07-12-26.000.avi",32604,"7:30:41",NA,46,1.423,4569.779,14.478,NA,NA,598.408,955.53,-4428.516,1,"KelliiWood",125,"N/A",2019,10,14,"Line","crab","box crab",900,900,6,"","","","",""
"631","SL_2019_EYKT_Dive_11_08-19-39.000.avi",1111,"8:20:31",622.997,372.585,2.454,8338.001,24.029,59.286,10.701,-2077.268,2685.591,-7615.433,1,"KelliiWood",60,"N/A",2019,11,15,"Line","rockfish","yelloweye",145,145,1,"AD","Fish milling/hovering","","",""
"632","SL_2019_EYKT_Dive_11_08-19-39.000.avi",2030,"8:21:02",NA,19.428,3.174,2844.933,24.597,NA,NA,-841.174,823.126,-2590.084,1,"KelliiWood",60,"N/A",2019,11,15,"Line","rockfish","silvergray",157,157,2,"","","","",""
"633","SL_2019_EYKT_Dive_11_08-19-39.000.avi",4077,"8:22:10",NA,52.859,1.336,4892.527,15.163,NA,NA,-1179.525,477.496,-4724.145,1,"KelliiWood",60,"N/A",2019,11,15,"Line","rockfish","rosethorn",150,150,3,"","","","",""
"634","SL_2019_EYKT_Dive_11_08-19-39.000.avi",4392,"8:22:20",599.039,310.346,2.08,7831.89,23.228,53.73,9.849,-1217.357,2838.772,-7197.077,1,"KelliiWood",60,"N/A",2019,11,15,"Line","rockfish","yelloweye",145,145,4,"AD","Fish milling/hovering","","",""
"635","SL_2019_EYKT_Dive_11_08-19-39.000.avi",4815,"8:22:35",NA,93.339,0.897,6600.995,33.558,NA,NA,3302.41,1529.86,-5506.973,1,"KelliiWood",60,"N/A",2019,11,15,"Line","rockfish","quillback",147,147,5,"","","","",""
"636","SL_2019_EYKT_Dive_11_08-19-39.000.avi",7764,"8:24:13",NA,59.109,0.88,5213.939,13.108,NA,NA,684.184,944.124,-5081.897,1,"KelliiWood",60,"N/A",2019,11,15,"Line","rockfish","tiger",148,148,6,"","","","",""
"637","SL_2019_EYKT_Dive_11_08-19-39.000.avi",9704,"8:25:17",NA,40.332,2.569,4216.158,17.857,NA,NA,1165.92,542.625,-4015.243,1,"KelliiWood",60,"N/A",2019,11,15,"Line","rockfish","tiger",148,148,7,"","","","",""
"638","SL_2019_EYKT_Dive_11_08-19-39.000.avi",10060,"8:25:29",NA,89.685,1.226,6316.502,17.325,NA,NA,867.769,1644.722,-6036.561,1,"KelliiWood",60,"N/A",2019,11,15,"Line","rockfish","rosethorn",150,150,8,"","","","",""
"639","SL_2019_EYKT_Dive_11_08-19-39.000.avi",10636,"8:25:49",351.74,96.524,3.067,5737.137,31.764,9.039,6.82,2713.751,1325.428,-4877.862,1,"KelliiWood",60,"N/A",2019,11,15,"Line","rockfish","yelloweye",145,145,9,"AD","Fish milling/hovering","","",""
"640","SL_2019_EYKT_Dive_11_08-19-39.000.avi",13952,"8:27:39",NA,34.099,0.816,3973.014,24.711,NA,NA,-83.185,-1673.238,-3602.526,1,"KelliiWood",60,"N/A",2019,11,15,"Line","rockfish","rosethorn",150,150,50,"","","","MISSED FIRST ROUND",""
"641","SL_2019_EYKT_Dive_11_08-19-39.000.avi",14227,"8:27:48",NA,110.371,1.988,7381.262,11.557,NA,NA,-125.517,1444.501,-7237.451,1,"KelliiWood",60,"N/A",2019,11,15,"Line","rockfish","rosethorn",150,150,10,"","","","",""
"642","SL_2019_EYKT_Dive_11_08-19-39.000.avi",16261,"8:28:56",NA,167.291,1.291,8755.165,34.62,NA,NA,-4171.377,2680.481,-7215.785,1,"KelliiWood",60,"N/A",2019,11,15,"Line","rockfish","yelloweye",145,145,11,"AD","Fish milling/hovering","","NO LENGTH - Too far away",""
"643","SL_2019_EYKT_Dive_11_08-19-39.000.avi",16753,"8:29:12",NA,90.819,0.657,6254.873,18.857,NA,NA,-1346.635,1484.061,-5925.164,1,"KelliiWood",60,"N/A",2019,11,15,"Line","rockfish","rosethorn",150,150,12,"","","","",""
"644","SL_2019_EYKT_Dive_11_08-19-39.000.avi",17029,"8:29:22",NA,91.491,8.925,6228.447,21.91,NA,NA,1840.629,1395.847,-5784.224,1,"KelliiWood",60,"N/A",2019,11,15,"Line","rockfish","rosethorn",150,150,13,"","","","",""
"645","SL_2019_EYKT_Dive_11_08-19-39.000.avi",17520,"8:29:38",NA,30.449,3.648,3822.541,12.117,NA,NA,-798.022,68.308,-3737.688,1,"KelliiWood",60,"N/A",2019,11,15,"Line","rockfish","rosethorn",150,150,14,"","","","",""
"646","SL_2019_EYKT_Dive_11_08-19-39.000.avi",18008,"8:29:54",NA,53.426,0.613,5023.974,28.949,NA,NA,2418.48,236.29,-4397.208,1,"KelliiWood",60,"N/A",2019,11,15,"Line","greenling","kelp greenling",194,194,15,"","","","",""
"647","SL_2019_EYKT_Dive_11_08-19-39.000.avi",18103,"8:29:57",NA,72.445,5.608,5644.267,17.409,NA,NA,-1490.647,771.933,-5388.863,1,"KelliiWood",60,"N/A",2019,11,15,"Line","rockfish","rosethorn",150,150,16,"","","","",""
"648","SL_2019_EYKT_Dive_11_08-19-39.000.avi",18655,"8:30:16",NA,54.606,6.793,5028.291,31.117,NA,NA,-2525.999,592.395,-4307.216,1,"KelliiWood",60,"N/A",2019,11,15,"Line","rockfish","yelloweye",145,145,17,"AD","Fish milling/hovering","","NO LENGTH - partial view",""
"649","SL_2019_EYKT_Dive_11_08-19-39.000.avi",20369,"8:31:13",NA,70.131,4.024,5558.565,21.295,NA,NA,-1945.788,516.961,-5181.149,1,"KelliiWood",60,"N/A",2019,11,15,"Line","rockfish","rosethorn",150,150,18,"","","","",""
"650","SL_2019_EYKT_Dive_11_08-19-39.000.avi",21654,"8:31:56",NA,29.277,1.451,3815.64,8.796,NA,NA,-582.105,24.632,-3770.895,1,"KelliiWood",60,"N/A",2019,11,15,"Line","rockfish","rosethorn",150,150,19,"","","","",""
"651","SL_2019_EYKT_Dive_11_08-19-39.000.avi",23482,"8:32:57",NA,120.261,7.896,7399.603,16.415,NA,NA,721.771,1934.12,-7105.797,1,"KelliiWood",60,"N/A",2019,11,15,"Line","rockfish","rosethorn",150,150,20,"","","","",""
"652","SL_2019_EYKT_Dive_11_08-19-39.000.avi",24370,"8:33:26",NA,61.718,5.782,5506.91,9.082,NA,NA,-850.111,-203.366,-5437.096,1,"KelliiWood",60,"N/A",2019,11,15,"Line","rockfish","rosethorn",150,150,21,"","","","",""
"653","SL_2019_EYKT_Dive_11_08-19-39.000.avi",27152,"8:34:59",NA,50.54,4.307,4736.606,29.593,NA,NA,-2213.317,740.19,-4121.744,1,"KelliiWood",60,"N/A",2019,11,15,"Line","rockfish","rosethorn",150,150,22,"","","","",""
"654","SL_2019_EYKT_Dive_11_08-19-39.000.avi",30087,"8:36:37",NA,42.683,0.487,4659.261,8.13,NA,NA,-31.247,639.73,-4615.028,1,"KelliiWood",60,"N/A",2019,11,15,"Line","rockfish","rosethorn",150,150,23,"","","","",""
"655","SL_2019_EYKT_Dive_11_08-19-39.000.avi",31133,"8:37:12",NA,17.747,1.677,2825.887,16.944,NA,NA,789.687,223.026,-2704.125,1,"KelliiWood",60,"N/A",2019,11,15,"Line","greenling","lingcod",130,130,24,"","","","NO LENGTH - facing ROV",""
"656","SL_2019_EYKT_Dive_11_08-19-39.000.avi",32565,"8:37:59",230.169,87.137,0.909,4667.602,27.014,31.363,3.582,-2113.007,-172.639,-4158.354,1,"KelliiWood",60,"N/A",2019,11,15,"Line","rockfish","yelloweye",145,145,25,"JV","Fish milling/hovering","","",""
"657","SL_2019_EYKT_Dive_11_08-19-39.000.avi",34471,"8:39:03",NA,114.777,0.678,7090.892,30.217,NA,NA,3140.916,1669.538,-6134.17,1,"KelliiWood",60,"N/A",2019,11,15,"Line","rockfish","rosethorn",150,150,26,"","","","",""
"658","SL_2019_EYKT_Dive_11_08-19-39.000.avi",36652,"8:40:16",NA,72.222,0.157,5802.85,12.101,NA,NA,699.646,972.486,-5677.837,1,"KelliiWood",60,"N/A",2019,11,15,"Line","rockfish","rosethorn",150,150,27,"","","","",""
"659","SL_2019_EYKT_Dive_11_08-19-39.000.avi",42802,"8:43:41",211.725,18.518,0.264,3545.283,6.373,11.357,3.45,121.391,374.344,-3523.374,1,"KelliiWood",60,"N/A",2019,11,15,"Line","rockfish","yelloweye",145,145,28,"JV","Fish milling/hovering","","",""
"660","SL_2019_EYKT_Dive_11_08-19-39.000.avi",42878,"8:43:43",NA,66.61,0.935,5628.059,13.46,NA,NA,-277.454,1258.343,-5478.562,1,"KelliiWood",60,"N/A",2019,11,15,"Line","rockfish","rosethorn",150,150,29,"","","","",""
"661","SL_2019_EYKT_Dive_11_08-19-39.000.avi",43524,"8:44:05",410.539,175.924,4.547,5758.237,20.759,55.602,13.414,1209.549,1643.946,-5384.397,1,"KelliiWood",60,"N/A",2019,11,15,"Line","rockfish","yelloweye",145,145,31,"JV","Fish milling/hovering","","",""
"662","SL_2019_EYKT_Dive_11_08-19-39.000.avi",43767,"8:44:13",NA,36.614,7.397,3946.124,20.312,NA,NA,-932.193,988.879,-3704.731,1,"KelliiWood",60,"N/A",2019,11,15,"Line","rockfish","silvergray",157,157,32,"","","","",""
"663","SL_2019_EYKT_Dive_11_08-19-39.000.avi",44138,"8:44:25",NA,66.798,5.765,5704.785,8.784,NA,NA,-661.222,544.685,-5640.096,1,"KelliiWood",60,"N/A",2019,11,15,"Line","rockfish","rosethorn",150,150,33,"","","","",""
"664","SL_2019_EYKT_Dive_11_08-19-39.000.avi",44418,"8:44:35",NA,114.014,0.614,7339.362,12.966,NA,NA,-515.492,1535.406,-7158.424,1,"KelliiWood",60,"N/A",2019,11,15,"Line","rockfish","dusky",172,172,34,"","","","",""
"665","SL_2019_EYKT_Dive_11_08-19-39.000.avi",44890,"8:44:50",NA,56.138,2.093,5087.202,23.104,NA,NA,1995.84,-55.986,-4679.008,1,"KelliiWood",60,"N/A",2019,11,15,"Line","rockfish","rosethorn",150,150,35,"","","","",""
"666","SL_2019_EYKT_Dive_11_08-19-39.000.avi",45313,"8:45:04",NA,25.594,2.313,3404.286,15.569,NA,NA,-885.277,-239.338,-3278.439,1,"KelliiWood",60,"N/A",2019,11,15,"Line","greenling","lingcod",130,130,36,"","","","NO LENGTH - Curled up",""
"667","SL_2019_EYKT_Dive_11_08-19-39.000.avi",46705,"8:45:51",NA,49.916,3.525,4974.042,32.251,NA,NA,-2646.359,188.246,-4207.427,1,"KelliiWood",60,"N/A",2019,11,15,"Line","rockfish","rosethorn",150,150,37,"","","","",""
"668","SL_2019_EYKT_Dive_11_08-19-39.000.avi",47784,"8:46:27",NA,21.969,0.397,3409.187,3.472,NA,NA,126.925,149.182,-3403.555,1,"KelliiWood",60,"N/A",2019,11,15,"Line","rockfish","rosethorn",150,150,38,"","","","",""
"669","SL_2019_EYKT_Dive_11_08-19-39.000.avi",49365,"8:47:19",NA,8.988,0.549,2019.567,22.986,NA,NA,19.853,-795.853,-1856.038,1,"KelliiWood",60,"N/A",2019,11,15,"Line","rockfish","rosethorn",150,150,39,"","","","",""
"670","SL_2019_EYKT_Dive_11_08-19-39.000.avi",49790,"8:47:34",NA,95.79,6.67,6701.105,11.098,NA,NA,-1133.747,-641.35,-6573.286,1,"KelliiWood",60,"N/A",2019,11,15,"Line","rockfish","rosethorn",150,150,40,"","","","",""
"671","SL_2019_EYKT_Dive_11_08-19-39.000.avi",50539,"8:47:59",NA,29.971,2.157,3738.407,31.954,NA,NA,-1913.099,491.837,-3173.93,1,"KelliiWood",60,"N/A",2019,11,15,"Line","greenling","lingcod",130,130,41,"","","","",""
"672","SL_2019_EYKT_Dive_11_08-19-39.000.avi",52242,"8:48:55",1040.693,254.549,2.809,7269.795,22.753,52.294,21.929,-1230.639,2528.083,-6704.047,1,"KelliiWood",60,"N/A",2019,11,15,"Line","greenling","lingcod",130,130,42,"","","","",""
"673","SL_2019_EYKT_Dive_11_08-19-39.000.avi",54275,"8:50:03",NA,129.175,6.235,7722.092,32.923,NA,NA,3810.904,1732.39,-6488.955,1,"KelliiWood",60,"N/A",2019,11,15,"Line","rockfish","rosethorn",150,150,43,"","","","",""
"674","SL_2019_EYKT_Dive_11_08-19-39.000.avi",55003,"8:50:27",NA,105.105,4.447,6754.597,19.214,NA,NA,-1182.685,1856.578,-6385.84,1,"KelliiWood",60,"N/A",2019,11,15,"Line","rockfish","rosethorn",150,150,44,"","","","",""
"675","SL_2019_EYKT_Dive_11_08-19-39.000.avi",57539,"8:51:52",NA,24.998,1.063,3513.054,7.912,NA,NA,462.734,-154.409,-3479.02,1,"KelliiWood",60,"N/A",2019,11,15,"Line","rockfish","rosethorn",150,150,45,"","","","",""
"676","SL_2019_EYKT_Dive_11_08-19-39.000.avi",57890,"8:52:04",NA,70.708,1.803,5554.774,17.749,NA,NA,-1438.441,872.262,-5293.917,1,"KelliiWood",60,"N/A",2019,11,15,"Line","rockfish","rosethorn",150,150,46,"","","","",""
"677","SL_2019_EYKT_Dive_11_08-19-39.000.avi",58992,"8:52:40",NA,20.15,2.899,3113.81,31.919,NA,NA,-1634.223,-209.826,-2642.177,1,"KelliiWood",60,"N/A",2019,11,15,"Line","rockfish","rosethorn",150,150,47,"","","","",""
"678","SL_2019_EYKT_Dive_11_08-19-39.000.avi",60470,"8:53:30",NA,121.371,4.132,7217.216,22.006,NA,NA,1376.674,2300.927,-6700.651,1,"KelliiWood",60,"N/A",2019,11,15,"Line","rockfish","rosethorn",150,150,48,"","","","",""
"679","SL_2019_EYKT_Dive_11_08-19-39.000.avi",62167,"8:54:26",NA,90.355,4.731,6208.48,21.042,NA,NA,1820.052,1263.907,-5799.584,1,"KelliiWood",60,"N/A",2019,11,15,"Line","rockfish","rosethorn",150,150,49,"","","","",""
"680","SL_2019_EYKT_Dive_12_09-27-40.000.avi",1075,"9:28:18",NA,46.545,0.347,4715.633,29.654,NA,NA,2322.498,205.716,-4098.888,1,"KelliiWood",60,"N/A",2019,12,16,"Line","greenling","kelp greenling",194,194,1,"","","","",""
"681","SL_2019_EYKT_Dive_12_09-27-40.000.avi",1551,"9:28:34",185.54,26.085,0.774,3625.021,18.848,8.903,30.181,997.597,613.385,-3430.646,1,"KelliiWood",60,"N/A",2019,12,16,"Line","rockfish","yelloweye",145,145,2,"JV","Fish milling/hovering","","",""
"682","SL_2019_EYKT_Dive_12_09-27-40.000.avi",2586,"9:29:08",372.41,109.389,0.644,4845.545,8.146,40.101,0.612,394.627,561.827,-4796.658,1,"KelliiWood",60,"N/A",2019,12,16,"Line","rockfish","yelloweye",145,145,3,"AD","Fish resting on bottom","","",""
"683","SL_2019_EYKT_Dive_12_09-27-40.000.avi",2586,"9:29:08",NA,32.775,0.365,3920.09,14.466,NA,NA,975.255,-103.951,-3795.415,1,"KelliiWood",60,"N/A",2019,12,16,"Line","rockfish","rosethorn",150,150,4,"","","","",""
"684","SL_2019_EYKT_Dive_12_09-27-40.000.avi",2608,"9:29:09",NA,145.433,4.566,8269.011,34.527,NA,NA,-4238.921,1972.206,-6820.447,1,"KelliiWood",60,"N/A",2019,12,16,"Line","rockfish","dusky",172,172,5,"","","","",""
"685","SL_2019_EYKT_Dive_12_09-27-40.000.avi",7330,"9:31:46",NA,93.615,2.868,6658.98,11.963,NA,NA,-540.111,1244.095,-6519.396,1,"KelliiWood",60,"N/A",2019,12,16,"Line","rockfish","rosethorn",150,150,6,"","","","",""
"686","SL_2019_EYKT_Dive_12_09-27-40.000.avi",18676,"9:38:05",129.083,56.553,1.327,3787.171,5.179,35.55,22.085,-317.08,-127.845,-3771.708,1,"KelliiWood",60,"N/A",2019,12,16,"Line","rockfish","yelloweye",145,145,7,"JV","Fish milling/hovering","","",""
"687","SL_2019_EYKT_Dive_12_09-27-40.000.avi",26855,"9:42:37",NA,16.539,1.037,2665.286,19.06,NA,NA,750.175,-451.4,-2517.384,1,"KelliiWood",60,"N/A",2019,12,16,"Line","rockfish","rosethorn",150,150,8,"","","","",""
"688","SL_2019_EYKT_Dive_12_09-27-40.000.avi",32773,"9:45:54",NA,102.176,0.059,6634.019,29.65,NA,NA,2750.747,1766.919,-5772.486,1,"KelliiWood",60,"N/A",2019,12,16,"Line","rockfish","rosethorn",150,150,9,"","","","",""
"689","SL_2019_EYKT_Dive_12_09-27-40.000.avi",34125,"9:46:39",NA,39.005,0.35,4226.977,21.686,NA,NA,1560.862,-73.679,-3927.545,1,"KelliiWood",60,"N/A",2019,12,16,"Line","rockfish","rosethorn",150,150,10,"","","","",""
"690","SL_2019_EYKT_Dive_12_09-27-40.000.avi",35677,"9:47:31",586.906,65.977,2.851,4668.898,27.369,1.054,1.594,-2136.048,-210.055,-4146.297,1,"KelliiWood",60,"N/A",2019,12,16,"Line","rockfish","yelloweye",145,145,11,"AD","Fish milling/hovering","","",""
"691","SL_2019_EYKT_Dive_12_09-27-40.000.avi",35851,"9:47:37",NA,75.869,0.09,5982.426,15.579,NA,NA,-1604.756,55.589,-5762.906,1,"KelliiWood",60,"N/A",2019,12,16,"Line","rockfish","rosethorn",150,150,12,"","","","",""
"692","SL_2019_EYKT_Dive_12_09-27-40.000.avi",36427,"9:47:56",NA,81.34,0.746,6065.815,18.689,NA,NA,1896.192,404.097,-5747.632,1,"KelliiWood",60,"N/A",2019,12,16,"Line","rockfish","rosethorn",150,150,13,"","","","",""
"693","SL_2019_EYKT_Dive_12_09-27-40.000.avi",37141,"9:48:20",NA,78.297,1.183,5854.8,25.785,NA,NA,-2443.848,695.57,-5274.7,1,"KelliiWood",60,"N/A",2019,12,16,"Line","rockfish","rosethorn",150,150,14,"","","","",""
"694","SL_2019_EYKT_Dive_12_09-27-40.000.avi",37505,"9:48:32",NA,44.241,2.537,4360.321,21.348,NA,NA,1445.595,-671.884,-4058.476,1,"KelliiWood",60,"N/A",2019,12,16,"Line","rockfish","rosethorn",150,150,15,"","","","",""
"695","SL_2019_EYKT_Dive_12_09-27-40.000.avi",39259,"9:49:31",NA,51.292,1.975,4686.332,21.516,NA,NA,1542.379,-775.902,-4356.69,1,"KelliiWood",60,"N/A",2019,12,16,"Line","rockfish","rosethorn",150,150,16,"","","","",""
"696","SL_2019_EYKT_Dive_12_09-27-40.000.avi",40447,"9:50:10",NA,99.989,3.627,6744.61,16.495,NA,NA,-641.243,1778.605,-6474.19,1,"KelliiWood",60,"N/A",2019,12,16,"Line","rockfish","dusky",172,172,17,"","","","",""
"697","SL_2019_EYKT_Dive_12_09-27-40.000.avi",40481,"9:50:11",601.528,127.32,1.699,7163.493,24.465,3.974,2.518,2575.228,1472.944,-6520.296,1,"KelliiWood",60,"N/A",2019,12,16,"Line","rockfish","yelloweye",145,145,18,"AD","Fish milling/hovering","","",""
"698","SL_2019_EYKT_Dive_12_09-27-40.000.avi",41024,"9:50:29",NA,75.242,2.617,5715.343,17.777,NA,NA,-1347.266,1087.194,-5446.837,1,"KelliiWood",60,"N/A",2019,12,16,"Line","rockfish","dusky",172,172,19,"","","","",""
"699","SL_2019_EYKT_Dive_12_09-27-40.000.avi",41365,"9:50:41",600.642,82.318,6.766,5729.252,19.167,22.889,39.774,-1046.407,1563.134,-5411.651,1,"KelliiWood",60,"N/A",2019,12,16,"Line","rockfish","yelloweye",145,145,20,"AD","Fish milling/hovering","","",""
"700","SL_2019_EYKT_Dive_12_09-27-40.000.avi",41365,"9:50:41",NA,64.551,0.558,5340.587,18.421,NA,NA,742.924,1494.983,-5072.964,1,"KelliiWood",60,"N/A",2019,12,16,"Line","rockfish","dusky",172,172,21,"","","","",""
"701","SL_2019_EYKT_Dive_12_09-27-40.000.avi",41593,"9:50:48",NA,47.852,0.034,4830.525,10.419,NA,NA,-154.51,-878.803,-4747.4,1,"KelliiWood",60,"N/A",2019,12,16,"Line","rockfish","dusky",172,172,22,"","","","",""
"702","SL_2019_EYKT_Dive_12_09-27-40.000.avi",41593,"9:50:48",NA,49.386,0.498,4579.246,24.982,NA,NA,1704.885,-929.562,-4147.141,1,"KelliiWood",60,"N/A",2019,12,16,"Line","rockfish","dusky",172,172,23,"","","","",""
"703","SL_2019_EYKT_Dive_12_09-27-40.000.avi",42486,"9:51:18",244.449,62.84,1.264,4806.598,31.104,2.766,5.528,2114.359,1301.886,-4115.575,1,"KelliiWood",60,"N/A",2019,12,16,"Line","rockfish","yelloweye",145,145,24,"JV","Fish milling/hovering","","",""
"704","SL_2019_EYKT_Dive_12_09-27-40.000.avi",44412,"9:52:22",482.34,84.08,3.422,5649.207,20.468,14.647,6.267,-1690.015,1022.931,-5292.542,1,"KelliiWood",60,"N/A",2019,12,16,"Line","rockfish","yelloweye",145,145,25,"AD","Fish milling/hovering","","",""
"705","SL_2019_EYKT_Dive_12_09-27-40.000.avi",44412,"9:52:22",NA,55.875,1.933,5087.401,12.424,NA,NA,906.796,593.099,-4970.674,1,"KelliiWood",60,"N/A",2019,12,16,"Line","rockfish","rosethorn",150,150,26,"","","","",""
"706","SL_2019_EYKT_Dive_12_09-27-40.000.avi",46756,"9:53:41",NA,83.545,1.127,6413.43,8.659,NA,NA,-468.865,818.65,-6343.663,1,"KelliiWood",60,"N/A",2019,12,16,"Line","rockfish","rosethorn",150,150,27,"","","","",""
"707","SL_2019_EYKT_Dive_12_09-27-40.000.avi",46973,"9:53:48",NA,41.189,2.71,4307.159,18.064,NA,NA,-1315.285,-248.311,-4093.896,1,"KelliiWood",60,"N/A",2019,12,16,"Line","rockfish","tiger",148,148,28,"","","","",""
"708","SL_2019_EYKT_Dive_12_09-27-40.000.avi",46973,"9:53:48",NA,43.086,0.297,4411.747,24.891,NA,NA,-1841.502,222.36,-4002.866,1,"KelliiWood",60,"N/A",2019,12,16,"Line","rockfish","dusky",172,172,29,"","","","",""
"709","SL_2019_EYKT_Dive_12_09-27-40.000.avi",49493,"9:55:12",NA,148.09,0.222,7915.113,25.639,NA,NA,2865.014,1847.955,-7143.233,1,"KelliiWood",60,"N/A",2019,12,16,"Line","rockfish","yelloweye",145,145,30,"AD","Fish milling/hovering","","NO LENGTH; too far away",""
"710","SL_2019_EYKT_Dive_12_09-27-40.000.avi",50355,"9:55:40",356.239,81.384,1.073,5204.604,11.329,24.358,15.754,835.382,589.434,-5103.196,1,"KelliiWood",60,"N/A",2019,12,16,"Line","greenling","lingcod",130,130,31,"","","","",""
"711","SL_2019_EYKT_Dive_12_09-27-40.000.avi",50681,"9:55:51",NA,93.604,2.936,6673.562,12.81,NA,NA,-393.841,1400.171,-6513.128,1,"KelliiWood",60,"N/A",2019,12,16,"Line","rockfish","rosethorn",150,150,32,"","","","",""
"712","SL_2019_EYKT_Dive_12_09-27-40.000.avi",51246,"9:56:10",NA,125.416,0.193,7425.837,17.063,NA,NA,1779.105,1229.494,-7103.955,1,"KelliiWood",60,"N/A",2019,12,16,"Line","rockfish","rosethorn",150,150,33,"","","","",""
"713","SL_2019_EYKT_Dive_12_09-27-40.000.avi",51990,"9:56:35",400.23,172.73,0.761,8119.928,16.165,22.202,6.305,-633.608,2170.017,-7798.897,1,"KelliiWood",60,"N/A",2019,12,16,"Line","rockfish","yelloweye",145,145,34,"AD","Fish milling/hovering","","",""
"714","SL_2019_EYKT_Dive_12_09-27-40.000.avi",51990,"9:56:35",NA,74.346,4.83,6015.57,11.76,NA,NA,-205.576,1185.154,-5894.085,1,"KelliiWood",60,"N/A",2019,12,16,"Line","rockfish","rosethorn",150,150,35,"","","","",""
"715","SL_2019_EYKT_Dive_12_09-27-40.000.avi",53069,"9:57:11",NA,45.043,2.667,4578.586,11.678,NA,NA,-678.615,613.187,-4486.305,1,"KelliiWood",60,"N/A",2019,12,16,"Line","rockfish","rosethorn",150,150,36,"","","","",""
"716","SL_2019_EYKT_Dive_12_09-27-40.000.avi",55015,"9:58:16",NA,64.561,5.275,5486.458,19.946,NA,NA,-143.355,1845.477,-5164.773,1,"KelliiWood",60,"N/A",2019,12,16,"Line","rockfish","dusky",172,172,37,"","","","",""
"717","SL_2019_EYKT_Dive_12_09-27-40.000.avi",55673,"9:58:38",638.225,66.702,4.01,3437.562,25.053,62.841,6.052,1441.765,-200.725,-3114.138,1,"KelliiWood",60,"N/A",2019,12,16,"Line","rockfish","yelloweye",145,145,38,"AD","Feeding","","",""
"718","SL_2019_EYKT_Dive_12_09-27-40.000.avi",56892,"9:59:18",589.552,70.061,2.488,4174.547,5.403,58.865,50.394,76.201,385.655,-4155.996,1,"KelliiWood",60,"N/A",2019,12,16,"Line","greenling","lingcod",130,130,39,"","","","",""
"719","SL_2019_EYKT_Dive_12_09-27-40.000.avi",59694,"10:00:52",NA,84.888,2.269,6341.35,11.01,NA,NA,1031.585,609.609,-6227.112,1,"KelliiWood",60,"N/A",2019,12,16,"Line","rockfish","rosethorn",150,150,40,"","","","",""
"720","SL_2019_EYKT_Dive_12_09-27-40.000.avi",61640,"10:01:57",NA,46.748,0.199,4510.184,17.46,NA,NA,-1056.648,828.168,-4305.739,1,"KelliiWood",60,"N/A",2019,12,16,"Line","rockfish","rosethorn",150,150,41,"","","","",""
"721","SL_2019_EYKT_Dive_12_09-27-40.000.avi",63620,"10:03:03",NA,87.781,1.601,6207.218,30.36,NA,NA,-2853.34,1282.814,-5361.193,1,"KelliiWood",60,"N/A",2019,12,16,"Line","rockfish","rosethorn",150,150,42,"","","","",""
"722","SL_2019_EYKT_Dive_12_09-27-40.000.avi",64037,"10:03:17",NA,23.977,2.28,3391.429,9.404,NA,NA,-511.17,-227.424,-3344.963,1,"KelliiWood",60,"N/A",2019,12,16,"Line","rockfish","tiger",148,148,43,"","","","",""
"723","SL_2019_EYKT_Dive_12_09-27-40.000.avi",65353,"10:04:00",NA,39.449,0.815,4341.252,29.519,NA,NA,-2138.509,30.522,-3777.872,1,"KelliiWood",60,"N/A",2019,12,16,"Line","rockfish","rosethorn",150,150,44,"","","","",""
"724","SL_2019_EYKT_Dive_12_09-27-40.000.avi",65480,"10:04:05",176.231,47.822,1.799,4510.978,9.241,17.883,13.203,632.257,353.613,-4452.43,1,"KelliiWood",60,"N/A",2019,12,16,"Line","rockfish","yelloweye",145,145,45,"JV","Fish milling/hovering","","",""
"725","SL_2019_EYKT_Dive_12_09-27-40.000.avi",66605,"10:04:42",NA,46.906,1.716,4620.35,26.346,NA,NA,-2035.05,234.658,-4141.394,1,"KelliiWood",60,"N/A",2019,12,16,"Line","rockfish","rosethorn",150,150,46,"","","","",""
"726","SL_2019_EYKT_Dive_12_09-27-40.000.avi",66738,"10:04:47",NA,44.538,0.366,4566.673,11.519,NA,NA,744.481,508.702,-4476.77,1,"KelliiWood",60,"N/A",2019,12,16,"Line","rockfish","rosethorn",150,150,47,"","","","",""
"727","SL_2019_EYKT_Dive_12_09-27-40.000.avi",67352,"10:05:07",NA,88.746,1.868,6157.267,22.036,NA,NA,-2058.138,1026.336,-5711.624,1,"KelliiWood",60,"N/A",2019,12,16,"Line","rockfish","rosethorn",150,150,48,"","","","",""
"728","SL_2019_EYKT_Dive_12_09-27-40.000.avi",68450,"10:05:44",NA,72.267,1.099,5654.746,17.306,NA,NA,1500.607,738.561,-5401.746,1,"KelliiWood",60,"N/A",2019,12,16,"Line","rockfish","rosethorn",150,150,49,"","","","",""
"729","SL_2019_EYKT_Dive_12_09-27-40.000.avi",69072,"10:06:04",NA,99.325,0.447,6569.394,18.391,NA,NA,1697.632,1164.141,-6238.57,1,"KelliiWood",60,"N/A",2019,12,16,"Line","rockfish","rosethorn",150,150,50,"","","","",""
"730","SL_2019_EYKT_Dive_12_09-27-40.000.avi",70365,"10:06:47",NA,25.876,0.291,3430.06,23.567,NA,NA,-1370.995,-45.965,-3143.814,1,"KelliiWood",60,"N/A",2019,12,16,"Line","rockfish","dusky",172,172,51,"","","","",""
"731","SL_2019_EYKT_Dive_12_09-27-40.000.avi",70854,"10:07:04",NA,72.248,0.269,5699.341,34.25,NA,NA,-2564.716,1907.554,-4718.682,1,"KelliiWood",60,"N/A",2019,12,16,"Line","rockfish","silvergray",157,157,52,"","","","",""
"732","SL_2019_EYKT_Dive_13_10-39-23.000.avi",606,"10:39:46",NA,72.889,1.029,5819.25,24.341,NA,NA,2397.385,52.572,-5302.212,1,"KelliiWood",60,"N/A",2019,13,17,"Line","greenling","kelp greenling",194,194,1,"","","","",""
"733","SL_2019_EYKT_Dive_13_10-39-23.000.avi",1583,"10:40:19",496.302,156.724,3.206,7235.507,30.698,21.274,5.097,-2790.246,2420.524,-6221.588,1,"KelliiWood",60,"N/A",2019,13,17,"Line","rockfish","yelloweye",145,145,2,"AD","Fish milling/hovering","","",""
"734","SL_2019_EYKT_Dive_13_10-39-23.000.avi",15060,"10:47:48",NA,16.257,0.48,2612.169,23.764,NA,NA,657.384,-831.699,-2387.373,1,"KelliiWood",60,"N/A",2019,13,17,"Line","rockfish","tiger",148,148,47,"","","","",""
"735","SL_2019_EYKT_Dive_13_10-39-23.000.avi",15285,"10:47:55",764.226,209.24,2.273,5993.647,26.254,77.279,10.956,2241.942,1415.362,-5375.338,1,"KelliiWood",60,"N/A",2019,13,17,"Line","rockfish","yelloweye",145,145,1,"AD","Fish resting on bottom","","",""
"736","SL_2019_EYKT_Dive_13_10-39-23.000.avi",15285,"10:47:55",NA,43.983,1.164,4511.543,14.222,NA,NA,-1064.867,290.01,-4374.468,1,"KelliiWood",60,"N/A",2019,13,17,"Line","rockfish","rosethorn",150,150,3,"","","","",""
"737","SL_2019_EYKT_Dive_13_10-39-23.000.avi",16600,"10:48:39",NA,78.09,1.472,6197.719,8.821,NA,NA,-867.851,363.018,-6125.91,1,"KelliiWood",60,"N/A",2019,13,17,"Line","rockfish","tiger",148,148,4,"","","","",""
"738","SL_2019_EYKT_Dive_13_10-39-23.000.avi",17096,"10:48:56",160.152,73.21,1.978,5399.784,27.171,1.946,33.785,-2442.134,340.582,-4803.92,1,"KelliiWood",60,"N/A",2019,13,17,"Line","rockfish","yelloweye",145,145,5,"JV","Fish resting on bottom","","",""
"739","SL_2019_EYKT_Dive_13_10-39-23.000.avi",17632,"10:49:14",265.783,22.225,0.456,3915.947,5.938,9.852,5.272,-376.059,150.566,-3894.939,1,"KelliiWood",60,"N/A",2019,13,17,"Line","rockfish","yelloweye",145,145,6,"JV","Fish milling/hovering","","",""
"740","SL_2019_EYKT_Dive_13_10-39-23.000.avi",19781,"10:50:25",NA,95.634,0.355,6622.411,12.922,NA,NA,-1034.709,1033.585,-6458.901,1,"KelliiWood",60,"N/A",2019,13,17,"Line","rockfish","rosethorn",150,150,7,"","","","",""
"741","SL_2019_EYKT_Dive_13_10-39-23.000.avi",20696,"10:50:56",NA,38.165,3.494,4098.309,29.055,NA,NA,1835.138,756.166,-3585.613,1,"KelliiWood",60,"N/A",2019,13,17,"Line","rockfish","yelloweye",145,145,8,"AD","Fish milling/hovering","","NO LENGTH; facing ROV",""
"742","SL_2019_EYKT_Dive_13_10-39-23.000.avi",24523,"10:53:03",NA,25.747,0.664,3390.111,24.032,NA,NA,1361.901,-238.785,-3095.329,1,"KelliiWood",60,"N/A",2019,13,17,"Line","rockfish","rosethorn",150,150,9,"","","","",""
"743","SL_2019_EYKT_Dive_13_10-39-23.000.avi",27518,"10:54:43",NA,69.461,1.339,5547.926,18.135,NA,NA,752.383,1533.165,-5278.523,1,"KelliiWood",60,"N/A",2019,13,17,"Line","rockfish","dusky",172,172,10,"","","","",""
"744","SL_2019_EYKT_Dive_13_10-39-23.000.avi",28145,"10:55:04",155.185,44.008,0.316,3398.793,22.585,31.02,17.378,1297.979,-138.436,-3138.134,1,"KelliiWood",60,"N/A",2019,13,17,"Line","rockfish","yelloweye",145,145,11,"JV","Fish milling/hovering","","",""
"745","SL_2019_EYKT_Dive_13_10-39-23.000.avi",28769,"10:55:25",NA,38.748,1.534,4283.81,10.666,NA,NA,-737.246,-308.552,-4208.597,1,"KelliiWood",60,"N/A",2019,13,17,"Line","rockfish","rosethorn",150,150,12,"","","","",""
"746","SL_2019_EYKT_Dive_13_10-39-23.000.avi",29802,"10:55:59",NA,39.063,0.345,4121.74,21.212,NA,NA,-1403.556,488.673,-3844.472,1,"KelliiWood",60,"N/A",2019,13,17,"Line","rockfish","rosethorn",150,150,13,"","","","",""
"747","SL_2019_EYKT_Dive_13_10-39-23.000.avi",30910,"10:56:36",NA,74.162,4.049,5931.442,32.207,NA,NA,-3086.337,664.524,-5021.448,1,"KelliiWood",60,"N/A",2019,13,17,"Line","greenling","kelp greenling",194,194,14,"","","","",""
"748","SL_2019_EYKT_Dive_13_10-39-23.000.avi",31202,"10:56:46",NA,69.303,2.434,5584.882,30.59,NA,NA,2646.3,1017.441,-4811.737,1,"KelliiWood",60,"N/A",2019,13,17,"Line","rockfish","rosethorn",150,150,15,"","","","",""
"749","SL_2019_EYKT_Dive_13_10-39-23.000.avi",32989,"10:57:46",862.48,188.383,1.849,6920.39,25.28,39.562,1.171,-712.211,2868.238,-6257.616,1,"KelliiWood",60,"N/A",2019,13,17,"Line","greenling","lingcod",130,130,16,"","","","",""
"750","SL_2019_EYKT_Dive_13_10-39-23.000.avi",33737,"10:58:11",724.298,43.649,2.197,9645.335,21.698,2.592,4.945,192.245,3560.874,-8961.903,1,"KelliiWood",60,"N/A",2019,13,17,"Line","greenling","lingcod",130,130,17,"","","","",""
"751","SL_2019_EYKT_Dive_13_10-39-23.000.avi",35907,"10:59:23",NA,45.892,4.46,4581.644,33.698,NA,NA,-2255.538,1156.982,-3816.465,1,"KelliiWood",60,"N/A",2019,13,17,"Line","rockfish","dusky",172,172,18,"","","","",""
"752","SL_2019_EYKT_Dive_13_10-39-23.000.avi",36226,"10:59:34",NA,48.563,0.37,4603.67,18.295,NA,NA,-1282.032,649.52,-4373.59,1,"KelliiWood",60,"N/A",2019,13,17,"Line","rockfish","rosethorn",150,150,19,"","","","",""
"753","SL_2019_EYKT_Dive_13_10-39-23.000.avi",36393,"10:59:39",NA,14.048,0.222,2421.408,27.507,NA,NA,-859.476,-724.106,-2144.805,1,"KelliiWood",60,"N/A",2019,13,17,"Line","rockfish","rosethorn",150,150,20,"","","","",""
"754","SL_2019_EYKT_Dive_13_10-39-23.000.avi",36847,"10:59:54",NA,104.981,0.166,7015.333,17.563,NA,NA,252.314,2075.036,-6696.675,1,"KelliiWood",60,"N/A",2019,13,17,"Line","rockfish","rosethorn",150,150,21,"","","","",""
"755","SL_2019_EYKT_Dive_13_10-39-23.000.avi",38376,"11:00:45",NA,60.227,1.783,5241.931,28.938,NA,NA,-2490.456,462.025,-4589.336,1,"KelliiWood",60,"N/A",2019,13,17,"Line","rockfish","rosethorn",150,150,22,"","","","",""
"756","SL_2019_EYKT_Dive_13_10-39-23.000.avi",41748,"11:02:38",NA,74.808,3.125,5819.463,14.037,NA,NA,1017.256,955.977,-5649.553,1,"KelliiWood",60,"N/A",2019,13,17,"Line","rockfish","tiger",148,148,23,"","","","",""
"757","SL_2019_EYKT_Dive_13_10-39-23.000.avi",41748,"11:02:38",NA,74.923,0.296,5746.243,16.459,NA,NA,1201.555,1076.54,-5515.127,1,"KelliiWood",60,"N/A",2019,13,17,"Line","rockfish","rosethorn",150,150,24,"","","","",""
"758","SL_2019_EYKT_Dive_13_10-39-23.000.avi",44626,"11:04:14",306.78,43.551,1.546,3955.382,6.077,23.289,16.342,193.89,371.152,-3933.154,1,"KelliiWood",60,"N/A",2019,13,17,"Line","rockfish","yelloweye",145,145,25,"SU","Fish milling/hovering","","",""
"759","SL_2019_EYKT_Dive_13_10-39-23.000.avi",48524,"11:06:23",NA,26.025,0.724,3596.702,8.588,NA,NA,-537.101,-13.626,-3556.346,1,"KelliiWood",60,"N/A",2019,13,17,"Line","rockfish","rosethorn",150,150,48,"","","","MISSED FIRST ROUND",""
"760","SL_2019_EYKT_Dive_13_10-39-23.000.avi",50363,"11:07:25",NA,91.984,1.939,6339.422,18.234,NA,NA,-1753.859,902.426,-6024.772,1,"KelliiWood",60,"N/A",2019,13,17,"Line","rockfish","tiger",148,148,26,"","","","",""
"761","SL_2019_EYKT_Dive_13_10-39-23.000.avi",50865,"11:07:41",NA,41.109,1.294,4534.305,7.352,NA,NA,-304.974,475.612,-4498.967,1,"KelliiWood",60,"N/A",2019,13,17,"Line","rockfish","yelloweye",145,145,27,"JV","Fish resting on bottom","","NO LENGTH; partial view",""
"762","SL_2019_EYKT_Dive_13_10-39-23.000.avi",51067,"11:07:48",NA,69.612,1.778,5636.113,14.301,NA,NA,-1267.271,554.563,-5463.722,1,"KelliiWood",60,"N/A",2019,13,17,"Line","rockfish","rosethorn",150,150,28,"","","","",""
"763","SL_2019_EYKT_Dive_13_10-39-23.000.avi",51248,"11:07:54",772.487,114.745,1.819,4065.88,11.598,72.678,2.889,-791.204,205.484,-3982.858,1,"KelliiWood",60,"N/A",2019,13,17,"Line","greenling","lingcod",130,130,29,"","","","",""
"764","SL_2019_EYKT_Dive_13_10-39-23.000.avi",51757,"11:08:11",185.578,64.084,0.985,4302.999,15.624,27.607,12.682,-1019.564,551.004,-4143.994,1,"KelliiWood",60,"N/A",2019,13,17,"Line","rockfish","yelloweye",145,145,30,"JV","Fish resting on bottom","","",""
"765","SL_2019_EYKT_Dive_13_10-39-23.000.avi",52521,"11:08:37",479.581,27.179,1.049,2785.649,21.386,34.737,32.611,-647.968,-782.292,-2593.839,1,"KelliiWood",60,"N/A",2019,13,17,"Line","rockfish","yelloweye",145,145,31,"AD","Fish resting on bottom","","Sneaky sneaky...",""
"766","SL_2019_EYKT_Dive_13_10-39-23.000.avi",53407,"11:09:06",NA,23.736,0.918,3314.011,28.571,NA,NA,-1579.347,-144.709,-2909.879,1,"KelliiWood",60,"N/A",2019,13,17,"Line","rockfish","dusky",172,172,32,"","","","",""
"767","SL_2019_EYKT_Dive_13_10-39-23.000.avi",55340,"11:10:11",NA,60.145,0.929,5126.721,25.776,NA,NA,2105.871,713.23,-4619.51,1,"KelliiWood",60,"N/A",2019,13,17,"Line","rockfish","dusky",172,172,33,"","","","",""
"768","SL_2019_EYKT_Dive_13_10-39-23.000.avi",56294,"11:10:42",NA,13.669,0.623,2425.054,18.879,NA,NA,443.855,-656.236,-2291.994,1,"KelliiWood",60,"N/A",2019,13,17,"Line","rockfish","rosethorn",150,150,34,"","","","",""
"769","SL_2019_EYKT_Dive_13_10-39-23.000.avi",56921,"11:11:03",NA,73.684,1.046,5605.001,25.642,NA,NA,2133.13,1134.387,-5057.564,1,"KelliiWood",60,"N/A",2019,13,17,"Line","rockfish","tiger",148,148,35,"","","","",""
"770","SL_2019_EYKT_Dive_13_10-39-23.000.avi",58260,"11:11:48",322.122,17.097,0.231,3938.966,8.07,3.668,19.511,550.729,49.634,-3899.96,1,"KelliiWood",60,"N/A",2019,13,17,"Line","rockfish","yelloweye",145,145,36,"JV","Fish milling/hovering","","",""
"771","SL_2019_EYKT_Dive_13_10-39-23.000.avi",60111,"11:12:50",NA,109.011,2.519,7256.788,9.545,NA,NA,765.52,899.847,-7159.974,1,"KelliiWood",60,"N/A",2019,13,17,"Line","rockfish","rosethorn",150,150,37,"","","","",""
"772","SL_2019_EYKT_Dive_13_10-39-23.000.avi",61305,"11:13:29",NA,68.811,0.022,5526.38,19.109,NA,NA,-1758.67,-445.277,-5220.123,1,"KelliiWood",60,"N/A",2019,13,17,"Line","rockfish","rosethorn",150,150,38,"","","","",""
"773","SL_2019_EYKT_Dive_13_10-39-23.000.avi",61379,"11:13:32",314.846,179.005,3.145,6643.082,30.828,50.484,28.148,-3355.571,574.183,-5704.472,1,"KelliiWood",60,"N/A",2019,13,17,"Line","rockfish","yelloweye",145,145,39,"JV","Fish milling/hovering","","",""
"774","SL_2019_EYKT_Dive_13_10-39-23.000.avi",61570,"11:13:38",NA,117.733,1.481,7026.508,28.493,NA,NA,-2484.479,2225.439,-6184.383,1,"KelliiWood",60,"N/A",2019,13,17,"Line","greenling","kelp greenling",194,194,40,"","","","",""
"775","SL_2019_EYKT_Dive_13_10-39-23.000.avi",61910,"11:13:50",NA,35.604,2.064,3940.769,26.316,NA,NA,1640.728,585.916,-3534.738,1,"KelliiWood",60,"N/A",2019,13,17,"Line","rockfish","rosethorn",150,150,41,"","","","",""
"776","SL_2019_EYKT_Dive_13_10-39-23.000.avi",61952,"11:13:51",656.899,18.475,3.082,2792.413,22.729,20.107,24.05,140.143,1069.782,-2575.557,1,"KelliiWood",60,"N/A",2019,13,17,"Line","rockfish","yelloweye",145,145,42,"AD","Attracted","","",""
"777","SL_2019_EYKT_Dive_13_10-39-23.000.avi",63833,"11:14:54",NA,72.115,1.359,6006.056,7.441,NA,NA,738.09,-269.222,-5954.448,1,"KelliiWood",60,"N/A",2019,13,17,"Line","rockfish","rosethorn",150,150,43,"","","","",""
"778","SL_2019_EYKT_Dive_13_10-39-23.000.avi",65555,"11:15:51",203.721,12.267,1.068,3101.344,12.881,1.935,0.309,-518.965,-456.788,-3023.302,1,"KelliiWood",60,"N/A",2019,13,17,"Line","rockfish","yelloweye",145,145,44,"JV","Fish milling/hovering","","",""
"779","SL_2019_EYKT_Dive_13_10-39-23.000.avi",66375,"11:16:18",NA,78.207,1.424,6356.808,7.163,NA,NA,-75.525,763.795,-6310.302,1,"KelliiWood",60,"N/A",2019,13,17,"Line","rockfish","rosethorn",150,150,45,"","","","",""
"780","SL_2019_EYKT_Dive_13_10-39-23.000.avi",66959,"11:16:38",NA,54.428,3.837,5138.084,31.52,NA,NA,-2672.001,258.375,-4381.046,1,"KelliiWood",60,"N/A",2019,13,17,"Line","rockfish","rosethorn",150,150,46,"","","","",""
"781","SL_2019_EYKT_Dive_14_13-20-25.000.avi",13427,"13:28:00",178.644,6.872,0.293,1308.571,23.295,40.402,17.492,109.57,-505.752,-1201.902,1,"KelliiWood",85,"N/A",2019,14,1,"Line","greenling","lingcod",130,130,3,"","","","MISSED FIRST ROUND",""
"782","SL_2019_EYKT_Dive_14_13-20-25.000.avi",23879,"13:33:48",1116.566,20.674,1.176,1901.173,19.513,47.379,12.24,459.669,-438.124,-1791.985,1,"KelliiWood",85,"N/A",2019,14,1,"Line","skate","longnose skate",701,701,1,"","","","",""
"783","SL_2019_EYKT_Dive_14_13-20-25.000.avi",59774,"13:53:44",466.435,17.073,0.448,1663.63,14.607,75.442,28.519,-179.174,-379.354,-1609.86,1,"KelliiWood",85,"N/A",2019,14,1,"Line","greenling","lingcod",130,130,2,"","","","",""
"784","SL_2019_EYKT_Dive_15_14-25-35.000.avi",41544,"14:48:42",980.394,195.97,1.143,5702.628,24.312,72.183,7.389,2251.465,665.53,-5196.916,1,"KelliiWood",75,"N/A",2019,15,4,"Line","greenling","lingcod",130,130,1,"","","","I think this is a LC"," but I can't tell"
"785","SL_2019_EYKT_Dive_16_15-38-57.000.avi",7267,"15:43:16",NA,14.975,0.426,2637.571,29.595,NA,NA,-1292.01,156.763,-2294.104,1,"KelliiWood",85,"N/A",2019,16,2,"Line","rockfish","yelloweye",145,145,1,"AD","Fish moving slowly into frame","","NO LENGTH; Partial View Only",""
"786","SL_2019_EYKT_Dive_16_15-38-57.000.avi",9038,"15:44:15",NA,11.335,0.654,2265.342,29.131,NA,NA,-1084.613,-207.355,-1977.978,1,"KelliiWood",85,"N/A",2019,16,2,"Line","rockfish","greenstripe",135,135,2,"","","","",""
"787","SL_2019_EYKT_Dive_16_15-38-57.000.avi",10584,"15:45:07",319.829,12.979,2.567,2546.49,31.058,20.47,63.197,1147.028,640.541,-2181.432,1,"KelliiWood",85,"N/A",2019,16,2,"Line","rockfish","yelloweye",145,145,3,"SU","Fish resting on bottom","","",""
"788","SL_2019_EYKT_Dive_17_16-48-44.000.avi",1368,"16:49:50",710.92,105.122,1.017,4572.786,25.36,54.914,18.023,-1766.137,846.481,-4132.142,1,"KelliiWood",80,"N/A",2019,17,3,"Line","halibut","halibut",200,200,1,"","","","",""
"789","SL_2019_EYKT_Dive_17_16-48-44.000.avi",26683,"17:03:53",433.112,22.075,0.29,2695.227,26.421,23.731,32.362,-1174.654,-241.862,-2413.698,1,"KelliiWood",80,"N/A",2019,17,3,"Line","halibut","halibut",200,200,2,"","","","",""
"790","SL_2019_EYKT_Dive_17_16-48-44.000.avi",31353,"17:06:29",436.817,19.019,0.759,2644.117,13.638,17.584,8.635,622.35,36.843,-2569.568,1,"KelliiWood",80,"N/A",2019,17,3,"Line","halibut","halibut",200,200,3,"","","","",""
"791","SL_2019_EYKT_Dive_18_07-02-08.000.avi",4791,"7:04:51",NA,37.144,5.993,4229.407,30.041,NA,NA,2110.081,160.572,-3661.92,1,"KelliiWood",60,"N/A",2019,18,18,"Line","rockfish","rosethorn",150,150,1,"","","","",""
"792","SL_2019_EYKT_Dive_18_07-02-08.000.avi",7558,"7:06:23",NA,20.501,1.037,3137.591,8.766,NA,NA,300.712,-384.218,-3099.423,1,"KelliiWood",60,"N/A",2019,18,18,"Line","rockfish","rosethorn",150,150,2,"","","","",""
"793","SL_2019_EYKT_Dive_18_07-02-08.000.avi",10143,"7:07:49",447.847,206.287,3.627,6334.794,31.244,72.192,2.792,-3192.762,776.239,-5416.026,1,"KelliiWood",60,"N/A",2019,18,18,"Line","rockfish","yelloweye",145,145,3,"AD","Fish actively swimming in frame","","",""
"794","SL_2019_EYKT_Dive_18_07-02-08.000.avi",11808,"7:08:45",NA,71.729,0.467,5838.13,10.801,NA,NA,-585.596,901.226,-5738.347,1,"KelliiWood",60,"N/A",2019,18,18,"Line","greenling","kelp greenling",194,194,4,"","","","",""
"795","SL_2019_EYKT_Dive_18_07-02-08.000.avi",12570,"7:09:10",NA,63.332,0.319,5622.499,9.117,NA,NA,-185.842,849.037,-5554.916,1,"KelliiWood",60,"N/A",2019,18,18,"Line","rockfish","rosethorn",150,150,5,"","","","",""
"796","SL_2019_EYKT_Dive_18_07-02-08.000.avi",13640,"7:09:46",NA,79.379,0.382,6022.44,13.476,NA,NA,1140.542,794.351,-5859.859,1,"KelliiWood",60,"N/A",2019,18,18,"Line","rockfish","rosethorn",150,150,6,"","","","",""
"797","SL_2019_EYKT_Dive_18_07-02-08.000.avi",14498,"7:10:14",NA,53.771,0.456,4763.922,26.462,NA,NA,1201.242,1733.164,-4271.781,1,"KelliiWood",60,"N/A",2019,18,18,"Line","rockfish","rosethorn",150,150,7,"","","","",""
"798","SL_2019_EYKT_Dive_18_07-02-08.000.avi",15140,"7:10:36",92.113,39.836,1.428,3369.516,13.569,27.891,1.245,-665.704,-426.326,-3275.473,1,"KelliiWood",60,"N/A",2019,18,18,"Line","rockfish","yelloweye",145,145,8,"JV","Fish seeking cover","","",""
"799","SL_2019_EYKT_Dive_18_07-02-08.000.avi",15310,"7:10:41",NA,10.854,1.821,2148.33,23.749,NA,NA,-387.798,-781.294,-1963.292,1,"KelliiWood",60,"N/A",2019,18,18,"Line","rockfish","tiger",148,148,9,"","","","",""
"800","SL_2019_EYKT_Dive_18_07-02-08.000.avi",16482,"7:11:20",NA,98.251,1.116,6716.435,13.077,NA,NA,982.797,1132.857,-6546.85,1,"KelliiWood",60,"N/A",2019,18,18,"Line","rockfish","rosethorn",150,150,10,"","","","",""
"801","SL_2019_EYKT_Dive_18_07-02-08.000.avi",17696,"7:12:01",NA,94.136,2.296,6466.719,15.73,NA,NA,1298.245,1153.276,-6229.202,1,"KelliiWood",60,"N/A",2019,18,18,"Line","greenling","kelp greenling",194,194,11,"","","","",""
"802","SL_2019_EYKT_Dive_18_07-02-08.000.avi",18175,"7:12:17",NA,41.452,0.903,4451.34,11.728,NA,NA,874.569,214.481,-4359.306,1,"KelliiWood",60,"N/A",2019,18,18,"Line","rockfish","rosethorn",150,150,12,"","","","",""
"803","SL_2019_EYKT_Dive_18_07-02-08.000.avi",19415,"7:12:58",NA,102.395,1.671,7054.68,12.137,NA,NA,241.235,1435.907,-6902.788,1,"KelliiWood",60,"N/A",2019,18,18,"Line","rockfish","rosethorn",150,150,13,"","","","",""
"804","SL_2019_EYKT_Dive_18_07-02-08.000.avi",22979,"7:14:57",482.048,197.752,1.907,8596.834,20.559,23.807,9.248,769.244,2919.323,-8049.308,1,"KelliiWood",60,"N/A",2019,18,18,"Line","rockfish","yelloweye",145,145,14,"AD","Fish milling/hovering","","",""
"805","SL_2019_EYKT_Dive_18_07-02-08.000.avi",23441,"7:15:12",NA,62.719,5.771,5674.49,6.772,NA,NA,653.988,118.846,-5635.425,1,"KelliiWood",60,"N/A",2019,18,18,"Line","rockfish","tiger",148,148,15,"","","","",""
"806","SL_2019_EYKT_Dive_18_07-02-08.000.avi",25710,"7:16:28",NA,126.287,1.796,7590.082,13.51,NA,NA,1329.852,1143.253,-7384.701,1,"KelliiWood",60,"N/A",2019,18,18,"Line","rockfish","rosethorn",150,150,16,"","","","",""
"807","SL_2019_EYKT_Dive_18_07-02-08.000.avi",26637,"7:16:59",NA,77.431,0.153,6143.499,9.876,NA,NA,400.046,950.571,-6056.315,1,"KelliiWood",60,"N/A",2019,18,18,"Line","rockfish","tiger",148,148,17,"","","","",""
"808","SL_2019_EYKT_Dive_18_07-02-08.000.avi",26970,"7:17:10",406.424,62.698,1.227,5743.541,28.827,3.883,56.992,-2521.297,1145.639,-5031.783,1,"KelliiWood",60,"N/A",2019,18,18,"Line","rockfish","dusky",172,172,18,"","","","",""
"809","SL_2019_EYKT_Dive_18_07-02-08.000.avi",28191,"7:17:51",NA,113.659,1.724,7303.236,11.398,NA,NA,1008.14,1004.119,-7163.286,1,"KelliiWood",60,"N/A",2019,18,18,"Line","rockfish","rosethorn",150,150,19,"","","","",""
"810","SL_2019_EYKT_Dive_18_07-02-08.000.avi",28983,"7:18:17",NA,53.954,4.188,5006.653,32.627,NA,NA,2509.049,978.801,-4220.568,1,"KelliiWood",60,"N/A",2019,18,18,"Line","rockfish","tiger",148,148,20,"","","","",""
"811","SL_2019_EYKT_Dive_18_07-02-08.000.avi",29304,"7:18:28",NA,136.249,0.435,7655.935,28.699,NA,NA,-3288.792,1616.205,-6721.984,1,"KelliiWood",60,"N/A",2019,18,18,"Line","rockfish","yelloweye",145,145,21,"SU","Fish milling/hovering","","NO LENGTH; poor visibility",""
"812","SL_2019_EYKT_Dive_18_07-02-08.000.avi",29333,"7:18:29",NA,78.947,1.295,6108.289,32.216,NA,NA,-3169.18,728.131,-5170.814,1,"KelliiWood",60,"N/A",2019,18,18,"Line","rockfish","yelloweye",145,145,22,"JV","Fish milling/hovering","","",""
"813","SL_2019_EYKT_Dive_18_07-02-08.000.avi",30683,"7:19:14",NA,94.376,0.095,6443.871,25.836,NA,NA,2680.554,813.749,-5803.095,1,"KelliiWood",60,"N/A",2019,18,18,"Line","rockfish","rosethorn",150,150,23,"","","","",""
"814","SL_2019_EYKT_Dive_18_07-02-08.000.avi",31516,"7:19:42",NA,55.907,1.268,5242.535,30.825,NA,NA,2681.336,146.823,-4502.561,1,"KelliiWood",60,"N/A",2019,18,18,"Line","rockfish","rosethorn",150,150,24,"","","","",""
"815","SL_2019_EYKT_Dive_18_07-02-08.000.avi",31773,"7:19:50",NA,127.309,10.972,7323.918,23.227,NA,NA,2174.144,1874.576,-6737.866,1,"KelliiWood",60,"N/A",2019,18,18,"Line","rockfish","rosethorn",150,150,25,"","","","",""
"816","SL_2019_EYKT_Dive_18_07-02-08.000.avi",32968,"7:20:30",NA,64.153,3.197,5499.917,31.984,NA,NA,2804.768,768.799,-4668.116,1,"KelliiWood",60,"N/A",2019,18,18,"Line","rockfish","rosethorn",150,150,26,"","","","",""
"817","SL_2019_EYKT_Dive_18_07-02-08.000.avi",33425,"7:20:45",NA,65.043,0.589,5612.352,9.137,NA,NA,-640.455,597.581,-5543.574,1,"KelliiWood",60,"N/A",2019,18,18,"Line","rockfish","rosethorn",150,150,27,"","","","",""
"818","SL_2019_EYKT_Dive_18_07-02-08.000.avi",33580,"7:20:50",NA,42.198,5.446,4477.579,28.073,NA,NA,2107.046,6.141,-3950.827,1,"KelliiWood",60,"N/A",2019,18,18,"Line","rockfish","dusky",172,172,28,"","","","",""
"819","SL_2019_EYKT_Dive_18_07-02-08.000.avi",33889,"7:21:01",184.387,63.115,0.936,6017.992,10.304,14.325,19.355,300.203,1033.723,-5920.939,1,"KelliiWood",60,"N/A",2019,18,18,"Line","rockfish","yelloweye",145,145,29,"JV","Fish milling/hovering","","",""
"820","SL_2019_EYKT_Dive_18_07-02-08.000.avi",34093,"7:21:07",375.557,153.591,2.359,5011.517,7.95,57.94,0.706,-456.003,-522.032,-4963.351,1,"KelliiWood",60,"N/A",2019,18,18,"Line","rockfish","yelloweye",145,145,30,"JV","Fish milling/hovering","","",""
"821","SL_2019_EYKT_Dive_18_07-02-08.000.avi",35953,"7:22:09",NA,57.422,0.209,5068.059,19.818,NA,NA,1666.331,400.022,-4769.544,1,"KelliiWood",60,"N/A",2019,18,18,"Line","rockfish","rosethorn",150,150,31,"","","","",""
"822","SL_2019_EYKT_Dive_18_07-02-08.000.avi",37159,"7:22:50",437.931,53.613,1.209,3313.921,5.157,43.304,14.136,260.301,-144.828,-3300.506,1,"KelliiWood",60,"N/A",2019,18,18,"Line","rockfish","yelloweye",145,145,32,"AD","Fish milling/hovering","","",""
"823","SL_2019_EYKT_Dive_18_07-02-08.000.avi",38293,"7:23:27",NA,39.762,1.124,4330.955,11.482,NA,NA,773.25,364.188,-4245.777,1,"KelliiWood",60,"N/A",2019,18,18,"Line","rockfish","rosethorn",150,150,33,"","","","",""
"824","SL_2019_EYKT_Dive_18_07-02-08.000.avi",40874,"7:24:53",NA,75.604,0.917,5866.789,15.71,NA,NA,-597.986,1449.075,-5653.477,1,"KelliiWood",60,"N/A",2019,18,18,"Line","rockfish","rosethorn",150,150,34,"","","","",""
"825","SL_2019_EYKT_Dive_18_07-02-08.000.avi",42096,"7:25:34",NA,140.758,8.36,7943.594,33.554,NA,NA,3457.219,2680.036,-6630.666,1,"KelliiWood",60,"N/A",2019,18,18,"Line","rockfish","unknown",NA,NA,35,"","","","Too far away to identify",""
"826","SL_2019_EYKT_Dive_18_07-02-08.000.avi",42558,"7:25:50",981.945,89.653,1.592,4216.054,7.714,63.774,40.45,504.711,256.052,-4177.896,1,"KelliiWood",60,"N/A",2019,18,18,"Line","greenling","lingcod",130,130,36,"","","","",""
"827","SL_2019_EYKT_Dive_18_07-02-08.000.avi",42717,"7:25:55",NA,132.666,0.32,7684.853,25.568,NA,NA,3217.486,777.148,-6935.473,1,"KelliiWood",60,"N/A",2019,18,18,"Line","rockfish","tiger",148,148,37,"","","","",""
"828","SL_2019_EYKT_Dive_18_07-02-08.000.avi",42717,"7:25:55",NA,96.648,2.099,6709.522,24.376,NA,NA,2768.793,21.355,-6111.548,1,"KelliiWood",60,"N/A",2019,18,18,"Line","rockfish","rosethorn",150,150,38,"","","","",""
"829","SL_2019_EYKT_Dive_18_07-02-08.000.avi",42984,"7:26:04",NA,78.853,2.274,6420.16,6.409,NA,NA,-27.016,690.586,-6382.853,1,"KelliiWood",60,"N/A",2019,18,18,"Line","rockfish","rosethorn",150,150,39,"","","","",""
"830","SL_2019_EYKT_Dive_18_07-02-08.000.avi",43378,"7:26:17",NA,58.511,1.868,5097.071,16.289,NA,NA,-785.794,1174.678,-4897.223,1,"KelliiWood",60,"N/A",2019,18,18,"Line","rockfish","quillback",147,147,40,"","","","",""
"831","SL_2019_EYKT_Dive_18_07-02-08.000.avi",43717,"7:26:28",NA,42.712,0.212,4441.405,27.986,NA,NA,2061.441,291.09,-3923.24,1,"KelliiWood",60,"N/A",2019,18,18,"Line","rockfish","rosethorn",150,150,41,"","","","",""
"832","SL_2019_EYKT_Dive_18_07-02-08.000.avi",61022,"7:36:05",NA,24.013,2.335,3162.283,26.702,NA,NA,-1018.744,-1001.893,-2821.065,1,"KelliiWood",60,"N/A",2019,18,18,"Line","rockfish","rosethorn",150,150,43,"","","","MISSED FIRST ROUND",""
"833","SL_2019_EYKT_Dive_18_07-02-08.000.avi",62603,"7:36:58",NA,96.289,1.107,6522.381,28.722,NA,NA,2926.863,1098.756,-5724.305,1,"KelliiWood",60,"N/A",2019,18,18,"Line","rockfish","silvergray",157,157,42,"","","","",""
"834","SL_2019_EYKT_Dive_19_08-20-26.000.avi",11480,"8:26:50",271.578,47.321,0.971,4467.823,16.992,16.706,16.118,-933.969,912.433,-4272.775,1,"KelliiWood",80,"N/A",2019,19,21,"Line","rockfish","yelloweye",145,145,1,"JV","Fish milling/hovering","","",""
"835","SL_2019_EYKT_Dive_19_08-20-26.000.avi",29973,"8:37:06",NA,55.041,0.324,5012.396,24.274,NA,NA,2054.013,-183.297,-4568.538,1,"KelliiWood",80,"N/A",2019,19,21,"Line","skate","longnose skate",701,701,2,"","","","",""
"836","SL_2019_EYKT_Dive_19_08-20-26.000.avi",33371,"8:38:59",NA,12.282,0.581,2347.861,31.037,NA,NA,-1142.212,-408.992,-2010.106,1,"KelliiWood",80,"N/A",2019,19,21,"Line","crab","box crab",900,900,3,"","","","",""
"837","SL_2019_EYKT_Dive_19_08-20-26.000.avi",33803,"8:39:14",NA,28.912,6.681,3727.521,32.385,NA,NA,-1964.099,345.494,-3149.184,1,"KelliiWood",80,"N/A",2019,19,21,"Line","greenling","kelp greenling",194,194,4,"","","","",""
"838","SL_2019_EYKT_Dive_19_08-20-26.000.avi",37427,"8:41:15",376.948,92.019,1.072,4772.868,11.276,39.901,28.602,117.209,925.889,-4680.733,1,"KelliiWood",80,"N/A",2019,19,21,"Line","rockfish","yelloweye",145,145,5,"SU","Fish milling/hovering","","",""
"839","SL_2019_EYKT_Dive_19_08-20-26.000.avi",51278,"8:48:56",74.388,11.572,0.505,2354.159,18.239,7.234,16.901,657.388,-332.75,-2235.886,1,"KelliiWood",80,"N/A",2019,19,21,"Line","rockfish","yelloweye",145,145,6,"JV","Fish milling/hovering","","",""
"840","SL_2019_EYKT_Dive_19_08-20-26.000.avi",54548,"8:50:45",NA,56.675,0.509,5075.501,31.319,NA,NA,-2503.643,814.693,-4339.211,1,"KelliiWood",80,"N/A",2019,19,21,"Line","crab","box crab",900,900,7,"","","","",""
"841","SL_2019_EYKT_Dive_19_08-20-26.000.avi",64640,"8:56:22",608.613,117.27,2.432,7420.632,20.897,19.022,6.414,112.532,2644.508,-6932.51,1,"KelliiWood",80,"N/A",2019,19,21,"Line","rockfish","yelloweye",145,145,8,"AD","Fish actively swimming in frame","","Shows up again later in video.",""
"842","SL_2019_EYKT_Dive_19_08-20-26.000.avi",65165,"8:56:39",NA,61.163,1.155,5191.904,18.492,NA,NA,-726.392,1458.179,-4929.699,1,"KelliiWood",80,"N/A",2019,19,21,"Line","rockfish","dusky",172,172,9,"","","","",""
"843","SL_2019_EYKT_Dive_19_08-20-26.000.avi",65778,"8:57:00",NA,57.765,1.591,5319.94,37.487,NA,NA,-2635.267,1863.961,-4228.804,1,"KelliiWood",80,"N/A",2019,19,21,"Line","rockfish","silvergray",157,157,10,"","","","",""
"844","SL_2019_EYKT_Dive_19_08-20-26.000.avi",66111,"8:57:11",156.82,36.994,1.611,3282.732,6.561,27.947,1.236,268.044,-262.406,-3261.231,1,"KelliiWood",80,"N/A",2019,19,21,"Line","rockfish","yelloweye",145,145,11,"JV","Fish milling/hovering","","",""
"845","SL_2019_EYKT_Dive_19_08-20-26.000.avi",66520,"8:57:24",NA,50.965,0.712,4823.285,28.43,NA,NA,2246.017,460.755,-4243.488,1,"KelliiWood",80,"N/A",2019,19,21,"Line","rockfish","rosethorn",150,150,12,"","","","",""
"846","SL_2019_EYKT_Dive_19_08-20-26.000.avi",66996,"8:57:40",NA,52.908,0.764,4802.086,29.028,NA,NA,-2150.469,880.513,-4202.405,1,"KelliiWood",80,"N/A",2019,19,21,"Line","rockfish","rosethorn",150,150,13,"","","","",""
"847","SL_2019_EYKT_Dive_19_08-20-26.000.avi",67560,"8:57:59",560.611,93.951,1.056,5268.784,20.316,28.519,26.545,1785.648,397.089,-4941.039,1,"KelliiWood",80,"N/A",2019,19,21,"Line","rockfish","yelloweye",145,145,14,"AD","Fish chasing other fish","","",""
"848","SL_2019_EYKT_Dive_19_08-20-26.000.avi",67560,"8:57:59",NA,33.983,0.971,4006.367,30.483,NA,NA,2008.022,-327.237,-3451.339,1,"KelliiWood",80,"N/A",2019,19,21,"Line","rockfish","yelloweye",145,145,15,"AD","Feeding","","NO LENGTH; facing ROV",""
"849","SL_2019_EYKT_Dive_19_08-20-26.000.avi",68270,"8:58:23",NA,82.387,1.476,6115.584,33.638,NA,NA,-2950.508,1644.225,-5098.176,1,"KelliiWood",80,"N/A",2019,19,21,"Line","rockfish","dusky",172,172,16,"","","","",""
"850","SL_2019_EYKT_Dive_20_09-30-58.000.avi",5566,"9:34:05",712.869,141.137,3.675,7186.23,23.992,12.746,5.357,-2520.066,1478.971,-6565.35,1,"KelliiWood",80,"N/A",2019,20,22,"Line","rockfish","yelloweye",145,145,1,"AD","Fish actively swimming in frame","","",""
"851","SL_2019_EYKT_Dive_20_09-30-58.000.avi",6947,"9:34:51",NA,46.589,2.528,4596.972,22.786,NA,NA,-1771.309,162.018,-4238.911,1,"KelliiWood",80,"N/A",2019,20,22,"Line","rockfish","rosethorn",150,150,2,"","","","",""
"852","SL_2019_EYKT_Dive_20_09-30-58.000.avi",7668,"9:35:15",NA,45.553,0.551,4376.29,25.984,NA,NA,-1620.442,1009.153,-3937.98,1,"KelliiWood",80,"N/A",2019,20,22,"Line","rockfish","silvergray",157,157,3,"","","","",""
"853","SL_2019_EYKT_Dive_20_09-30-58.000.avi",8257,"9:35:34",NA,31.081,0.998,3802.471,14.861,NA,NA,-970.5,-110.572,-3674.873,1,"KelliiWood",80,"N/A",2019,20,22,"Line","rockfish","rosethorn",150,150,4,"","","","",""
"854","SL_2019_EYKT_Dive_20_09-30-58.000.avi",8616,"9:35:46",NA,26.529,3.503,3575.896,10.232,NA,NA,598.113,199.833,-3519.852,1,"KelliiWood",80,"N/A",2019,20,22,"Line","rockfish","rosethorn",150,150,5,"","","","",""
"855","SL_2019_EYKT_Dive_20_09-30-58.000.avi",11673,"9:37:28",NA,66.219,2.319,5389.147,24.958,NA,NA,-2193.343,580.698,-4888.245,1,"KelliiWood",80,"N/A",2019,20,22,"Line","rockfish","rosethorn",150,150,6,"","","","",""
"856","SL_2019_EYKT_Dive_20_09-30-58.000.avi",13864,"9:38:41",NA,31.552,0.262,3887.03,10.293,NA,NA,623.065,291.609,-3825.671,1,"KelliiWood",80,"N/A",2019,20,22,"Line","crab","box crab",900,900,7,"","","","",""
"857","SL_2019_EYKT_Dive_20_09-30-58.000.avi",15047,"9:39:21",523.106,160.098,0.803,7569.677,18.248,23.014,5.945,1173.309,2059.482,-7189.012,1,"KelliiWood",80,"N/A",2019,20,22,"Line","rockfish","yelloweye",145,145,8,"AD","Fish milling/hovering","","",""
"858","SL_2019_EYKT_Dive_20_09-30-58.000.avi",15514,"9:39:36",NA,43.291,0.568,4535.414,11.327,NA,NA,-370.237,792.375,-4450.286,1,"KelliiWood",80,"N/A",2019,20,22,"Line","rockfish","dusky",172,172,9,"","","","",""
"859","SL_2019_EYKT_Dive_20_09-30-58.000.avi",16017,"9:39:53",NA,87.044,0.681,6064.958,30.155,NA,NA,-2142.045,2145.513,-5252.821,1,"KelliiWood",80,"N/A",2019,20,22,"Line","rockfish","dusky",172,172,10,"","","","",""
"860","SL_2019_EYKT_Dive_20_09-30-58.000.avi",16759,"9:40:18",NA,30.366,0.204,3843.776,7.976,NA,NA,-408.934,-357.646,-3805.191,1,"KelliiWood",80,"N/A",2019,20,22,"Line","crab","box crab",900,900,11,"","","","",""
"861","SL_2019_EYKT_Dive_20_09-30-58.000.avi",17061,"9:40:28",NA,63.997,1.187,5532.249,10.082,NA,NA,-591.536,744.996,-5449.848,1,"KelliiWood",80,"N/A",2019,20,22,"Line","rockfish","rosethorn",150,150,12,"","","","",""
"862","SL_2019_EYKT_Dive_20_09-30-58.000.avi",19056,"9:41:34",NA,23.931,0.401,3553.192,4.171,NA,NA,-54.554,238.411,-3544.764,1,"KelliiWood",80,"N/A",2019,20,22,"Line","rockfish","rosethorn",150,150,13,"","","","",""
"863","SL_2019_EYKT_Dive_20_09-30-58.000.avi",19253,"9:41:41",NA,63.763,0.438,5325.045,24.875,NA,NA,-2194.629,428.893,-4832.78,1,"KelliiWood",80,"N/A",2019,20,22,"Line","rockfish","rosethorn",150,150,14,"","","","",""
"864","SL_2019_EYKT_Dive_20_09-30-58.000.avi",19598,"9:41:52",NA,75.002,0.505,5783.848,16.15,NA,NA,-1439.104,696.896,-5558.437,1,"KelliiWood",80,"N/A",2019,20,22,"Line","rockfish","rosethorn",150,150,15,"","","","",""
"865","SL_2019_EYKT_Dive_20_09-30-58.000.avi",23112,"9:43:49",181,74.79,1.591,3980.985,20.069,41.426,1.779,1357.665,151.123,-3739.271,1,"KelliiWood",80,"N/A",2019,20,22,"Line","rockfish","yelloweye",145,145,16,"JV","Fish milling/hovering","","",""
"866","SL_2019_EYKT_Dive_20_09-30-58.000.avi",30374,"9:47:51",827.447,169.822,1.897,6484.275,19.996,37.589,18.179,-1406.757,1713.868,-6093.4,1,"KelliiWood",80,"N/A",2019,20,22,"Line","greenling","lingcod",130,130,17,"","","","",""
"867","SL_2019_EYKT_Dive_20_09-30-58.000.avi",31869,"9:48:41",NA,84.535,1.255,6109.833,17.793,NA,NA,-1711.67,722.351,-5820.52,1,"KelliiWood",80,"N/A",2019,20,22,"Line","rockfish","dusky",172,172,18,"","","","",""
"868","SL_2019_EYKT_Dive_20_09-30-58.000.avi",33584,"9:49:38",NA,40.933,0.181,4444.645,11.263,NA,NA,-226.166,820.646,-4362.369,1,"KelliiWood",80,"N/A",2019,20,22,"Line","rockfish","rosethorn",150,150,19,"","","","",""
"869","SL_2019_EYKT_Dive_20_09-30-58.000.avi",35038,"9:50:27",803.209,142.92,1.353,6722.981,24.898,26.196,17.456,-1923.535,2076.362,-6098.131,1,"KelliiWood",80,"N/A",2019,20,22,"Line","rockfish","yelloweye",145,145,20,"AD","Fish milling/hovering","","",""
"870","SL_2019_EYKT_Dive_20_09-30-58.000.avi",35258,"9:50:34",438.963,185.268,1.221,6127.058,28.696,60.117,16.693,-2454.706,1621.681,-5374.514,1,"KelliiWood",80,"N/A",2019,20,22,"Line","rockfish","yelloweye",145,145,21,"AD","Fish actively swimming in frame","","",""
"871","SL_2019_EYKT_Dive_20_09-30-58.000.avi",35623,"9:50:46",NA,121.35,0.529,7269.135,18.228,NA,NA,1410.353,1755.945,-6911.431,1,"KelliiWood",80,"N/A",2019,20,22,"Line","rockfish","tiger",148,148,22,"","","","",""
"872","SL_2019_EYKT_Dive_20_09-30-58.000.avi",35793,"9:50:52",NA,24.211,0.47,3262.691,28.322,NA,NA,1445.052,543.3,-2874.336,1,"KelliiWood",80,"N/A",2019,20,22,"Line","rockfish","dusky",172,172,23,"","","","",""
"873","SL_2019_EYKT_Dive_20_09-30-58.000.avi",44850,"9:55:54",570.809,256.776,1.08,8213.082,28.815,37.016,4.54,2736.043,2860.835,-7196.138,1,"KelliiWood",80,"N/A",2019,20,22,"Line","rockfish","yelloweye",145,145,24,"AD","Fish milling/hovering","","",""
"874","SL_2019_EYKT_Dive_20_09-30-58.000.avi",44850,"9:55:54",NA,68.11,1.067,5379.458,26.424,NA,NA,2052.355,1213.02,-4822.343,1,"KelliiWood",80,"N/A",2019,20,22,"Line","rockfish","rosethorn",150,150,25,"","","","",""
"875","SL_2019_EYKT_Dive_20_09-30-58.000.avi",45600,"9:56:19",NA,50.925,0.693,5010.697,11.257,NA,NA,66.933,956.197,-4918.159,1,"KelliiWood",80,"N/A",2019,20,22,"Line","rockfish","dusky",172,172,26,"","","","",""
"876","SL_2019_EYKT_Dive_20_09-30-58.000.avi",45906,"9:56:29",NA,32.324,1.774,3818.013,22.156,NA,NA,1430.645,-177.086,-3535.409,1,"KelliiWood",80,"N/A",2019,20,22,"Line","rockfish","tiger",148,148,27,"","","","",""
"877","SL_2019_EYKT_Dive_20_09-30-58.000.avi",45906,"9:56:29",NA,90.578,2.181,6358.169,32.486,NA,NA,2878.872,1815.403,-5370.541,1,"KelliiWood",80,"N/A",2019,20,22,"Line","rockfish","dusky",172,172,28,"","","","",""
"878","SL_2019_EYKT_Dive_20_09-30-58.000.avi",46406,"9:56:46",NA,39.202,1.258,4282.418,11.463,NA,NA,671.845,505.651,-4199.053,1,"KelliiWood",80,"N/A",2019,20,22,"Line","rockfish","rosethorn",150,150,29,"","","","",""
"879","SL_2019_EYKT_Dive_20_09-30-58.000.avi",47117,"9:57:10",528.818,35.386,2.891,3776.328,20.488,7.602,14.564,-1280.047,329.312,-3537.469,1,"KelliiWood",80,"N/A",2019,20,22,"Line","rockfish","yelloweye",145,145,30,"AD","Fish chasing other fish","","",""
"880","SL_2019_EYKT_Dive_20_09-30-58.000.avi",47414,"9:57:19",NA,92.715,0.466,6605.848,13.912,NA,NA,425.082,1504.593,-6418.156,1,"KelliiWood",80,"N/A",2019,20,22,"Line","rockfish","rosethorn",150,150,31,"","","","",""
"881","SL_2019_EYKT_Dive_20_09-30-58.000.avi",48872,"9:58:08",NA,56.943,0.942,5241.997,33.041,NA,NA,2756.409,738.226,-4397.244,1,"KelliiWood",80,"N/A",2019,20,22,"Line","rockfish","rosethorn",150,150,32,"","","","",""
"882","SL_2019_EYKT_Dive_20_09-30-58.000.avi",50862,"9:59:14",NA,16.339,0.427,2684.851,16.657,NA,NA,671.489,365.73,-2573.669,1,"KelliiWood",80,"N/A",2019,20,22,"Line","rockfish","dusky",172,172,33,"","","","",""
"883","SL_2019_EYKT_Dive_20_09-30-58.000.avi",51166,"9:59:25",NA,59.762,1.261,5021.864,24.087,NA,NA,-1140.213,1684.692,-4591.388,1,"KelliiWood",80,"N/A",2019,20,22,"Line","rockfish","dusky",172,172,34,"","","","",""
"884","SL_2019_EYKT_Dive_20_09-30-58.000.avi",51496,"9:59:36",NA,36.432,0.538,3980.796,29.58,NA,NA,-1784.862,808.26,-3465.216,1,"KelliiWood",80,"N/A",2019,20,22,"Line","rockfish","dusky",172,172,35,"","","","",""
"885","SL_2019_EYKT_Dive_20_09-30-58.000.avi",51656,"9:59:41",NA,73.758,3.127,5781.286,14.132,NA,NA,-847.127,1106.66,-5610.789,1,"KelliiWood",80,"N/A",2019,20,22,"Line","rockfish","tiger",148,148,36,"","","","",""
"886","SL_2019_EYKT_Dive_20_09-30-58.000.avi",51656,"9:59:41",NA,122.566,1.856,7311.363,31.605,NA,NA,-3241.614,2017.769,-6235.108,1,"KelliiWood",80,"N/A",2019,20,22,"Line","rockfish","silvergray",157,157,37,"","","","",""
"887","SL_2019_EYKT_Dive_20_09-30-58.000.avi",51656,"9:59:41",NA,92.589,0.309,6271.861,27.471,NA,NA,2423.781,1557.491,-5570.974,1,"KelliiWood",80,"N/A",2019,20,22,"Line","rockfish","dusky",172,172,38,"","","","",""
"888","SL_2019_EYKT_Dive_20_09-30-58.000.avi",51769,"9:59:45",754.042,145.961,1.021,5306.511,27.597,65.3,18.623,2068.834,1327.674,-4702.793,1,"KelliiWood",80,"N/A",2019,20,22,"Line","rockfish","yelloweye",145,145,39,"AD","Fish milling/hovering","","",""
"889","SL_2019_EYKT_Dive_20_09-30-58.000.avi",53250,"10:00:34",NA,83.556,1.879,6176.428,19.461,NA,NA,-401.944,1994.764,-5831.605,1,"KelliiWood",80,"N/A",2019,20,22,"Line","rockfish","dusky",172,172,40,"","","","",""
"890","SL_2019_EYKT_Dive_20_09-30-58.000.avi",53250,"10:00:34",NA,110.588,1.008,7117.029,15.37,NA,NA,-680.918,1731.716,-6869.469,1,"KelliiWood",80,"N/A",2019,20,22,"Line","rockfish","tiger",148,148,41,"","","","",""
"891","SL_2019_EYKT_Dive_20_09-30-58.000.avi",54148,"10:01:04",NA,52.506,2.683,4784.406,19.387,NA,NA,-1456.61,614.857,-4515.615,1,"KelliiWood",80,"N/A",2019,20,22,"Line","rockfish","rosethorn",150,150,42,"","","","",""
"892","SL_2019_EYKT_Dive_20_09-30-58.000.avi",54148,"10:01:04",NA,98.65,0.493,6451.273,23.527,NA,NA,-1497.978,2070.995,-5923.341,1,"KelliiWood",80,"N/A",2019,20,22,"Line","rockfish","dusky",172,172,43,"","","","",""
"893","SL_2019_EYKT_Dive_20_09-30-58.000.avi",54683,"10:01:22",NA,26.384,1.379,3671.418,5.089,NA,NA,-186.011,-281.977,-3655.845,1,"KelliiWood",80,"N/A",2019,20,22,"Line","rockfish","dusky",172,172,44,"","","","",""
"894","SL_2019_EYKT_Dive_20_09-30-58.000.avi",54683,"10:01:22",NA,26.996,0.862,3567.58,10.636,NA,NA,-319.967,-589.525,-3503.956,1,"KelliiWood",80,"N/A",2019,20,22,"Line","rockfish","tiger",148,148,45,"","","","",""
"895","SL_2019_EYKT_Dive_20_09-30-58.000.avi",56413,"10:02:19",NA,44.772,0.138,4616.187,11.01,NA,NA,-812.608,323.832,-4532.548,1,"KelliiWood",80,"N/A",2019,20,22,"Line","rockfish","rosethorn",150,150,46,"","","","",""
"896","SL_2019_EYKT_Dive_20_09-30-58.000.avi",56413,"10:02:19",NA,37.624,0.448,4466.355,3.842,NA,NA,192.911,210.983,-4457.196,1,"KelliiWood",80,"N/A",2019,20,22,"Line","crab","box crab",900,900,47,"","","","",""
"897","SL_2019_EYKT_Dive_20_09-30-58.000.avi",56770,"10:02:31",NA,42.722,0.58,4447.057,12.573,NA,NA,547.566,780.891,-4343.581,1,"KelliiWood",80,"N/A",2019,20,22,"Line","rockfish","rosethorn",150,150,48,"","","","",""
"898","SL_2019_EYKT_Dive_20_09-30-58.000.avi",58105,"10:03:16",NA,22.741,0.031,3422.505,5.392,NA,NA,-134.892,278.308,-3408.502,1,"KelliiWood",80,"N/A",2019,20,22,"Line","rockfish","rosethorn",150,150,49,"","","","",""
"899","SL_2019_EYKT_Dive_20_09-30-58.000.avi",59712,"10:04:09",NA,55.016,1.029,4945.302,31.043,NA,NA,-2344.877,985.586,-4241.013,1,"KelliiWood",80,"N/A",2019,20,22,"Line","rockfish","dusky",172,172,50,"","","","",""
"900","SL_2019_EYKT_Dive_20_09-30-58.000.avi",59836,"10:04:13",NA,23.716,0.129,3314.49,27.778,NA,NA,1538.289,-152.622,-2931.931,1,"KelliiWood",80,"N/A",2019,20,22,"Line","rockfish","rosethorn",150,150,51,"","","","",""
"901","SL_2019_EYKT_Dive_20_09-30-58.000.avi",60790,"10:04:45",NA,43.156,0.376,4722.187,6.207,NA,NA,-120.333,477.353,-4696.456,1,"KelliiWood",80,"N/A",2019,20,22,"Line","rockfish","rosethorn",150,150,52,"","","","",""
"902","SL_2019_EYKT_Dive_20_09-30-58.000.avi",60958,"10:04:51",NA,47.781,0.153,4608.952,29.723,NA,NA,2121.452,833.388,-4005.914,1,"KelliiWood",80,"N/A",2019,20,22,"Line","rockfish","dusky",172,172,53,"","","","",""
"903","SL_2019_EYKT_Dive_20_09-30-58.000.avi",61239,"10:05:00",623.191,72.096,0.55,4667.756,27.565,18.46,10.306,2106.97,475.854,-4137.896,1,"KelliiWood",80,"N/A",2019,20,22,"Line","greenling","lingcod",130,130,55,"","","","",""
"904","SL_2019_EYKT_Dive_20_09-30-58.000.avi",61239,"10:05:00",NA,60.725,1.051,5212.447,26.573,NA,NA,-2285.716,442.44,-4663.62,1,"KelliiWood",80,"N/A",2019,20,22,"Line","rockfish","rosethorn",150,150,54,"","","","",""
"905","SL_2019_EYKT_Dive_20_09-30-58.000.avi",61678,"10:05:15",462.335,161.141,0.264,6772.814,17.489,30.487,6.186,973.558,1787.494,-6459.725,1,"KelliiWood",80,"N/A",2019,20,22,"Line","rockfish","yelloweye",145,145,56,"AD","Fish milling/hovering","","",""
"906","SL_2019_EYKT_Dive_20_09-30-58.000.avi",61729,"10:05:17",NA,27.871,1.435,3886.649,2.046,NA,NA,-123.187,48.313,-3884.396,1,"KelliiWood",80,"N/A",2019,20,22,"Line","eel","unknown",10000,10000,57,"","","","No idea what this is",""
"907","SL_2019_EYKT_Dive_20_09-30-58.000.avi",63821,"10:06:26",NA,51.014,1.611,4753.081,28.257,NA,NA,2126.623,718.734,-4189.591,1,"KelliiWood",80,"N/A",2019,20,22,"Line","rockfish","rosethorn",150,150,58,"","","","",""
"908","SL_2019_EYKT_Dive_20_09-30-58.000.avi",64607,"10:06:53",NA,68.276,1.122,5501.858,15.634,NA,NA,-1112.755,958.645,-5302.19,1,"KelliiWood",80,"N/A",2019,20,22,"Line","rockfish","rosethorn",150,150,59,"","","","",""
"909","SL_2019_EYKT_Dive_21_10-52-22.000.avi",22612,"11:05:14",553.379,13.742,1.308,3446.064,9.565,7.316,17.549,-198.06,537.259,-3398.158,1,"KelliiWood",105,"N/A",2019,21,25,"Line","halibut","halibut",200,200,1,"","","","",""
"910","SL_2019_EYKT_Dive_21_10-52-22.000.avi",37430,"11:13:28",386.007,29.359,0.692,2634.524,13.345,35.248,9.671,599.532,101.582,-2563.388,1,"KelliiWood",105,"N/A",2019,21,25,"Line","halibut","halibut",200,200,2,"","","","",""
"911","SL_2019_EYKT_Dive_21_10-52-22.000.avi",46792,"11:18:40",NA,8.365,0.15,2027.11,7.016,NA,NA,-33.277,-253.42,-2010.932,1,"KelliiWood",105,"N/A",2019,21,25,"Line","crab","box crab",900,900,3,"","","","Mating pair?",""
"912","SL_2019_EYKT_Dive_21_10-52-22.000.avi",46792,"11:18:40",NA,8.549,0.651,2028.015,8.633,NA,NA,-82.366,-301.09,-2003.847,1,"KelliiWood",105,"N/A",2019,21,25,"Line","crab","box crab",900,900,4,"","","","",""
"913","SL_2019_EYKT_Dive_22_12-01-20.000.avi",1565,"12:02:16",364.368,14.397,1.359,2018.473,24.609,26.966,20.947,824.759,-162.153,-1835.133,1,"KelliiWood",115,"N/A",2019,22,26,"Line","halibut","halibut",200,200,1,"","","","",""
"914","SL_2019_EYKT_Dive_22_12-01-20.000.avi",26811,"12:16:18",967.798,11.061,0.146,1838.692,7.778,22.011,1.957,57.849,-242.022,-1821.776,1,"KelliiWood",115,"N/A",2019,22,26,"Line","skate","longnose skate",701,701,2,"","","","",""
"915","SL_2019_EYKT_Dive_22_12-01-20.000.avi",31786,"12:19:04",502.009,54.287,1.155,4265.73,24.4,11.749,0.591,-1716.612,398.063,-3884.744,1,"KelliiWood",115,"N/A",2019,22,26,"Line","greenling","lingcod",130,130,3,"","","","",""
"916","SL_2019_EYKT_Dive_22_12-01-20.000.avi",33188,"12:19:50",NA,25.788,1.761,3495.42,13.926,NA,NA,-133.29,817.034,-3395.975,1,"KelliiWood",115,"N/A",2019,22,26,"Line","rockfish","rosethorn",150,150,4,"","","","",""
"917","SL_2019_EYKT_Dive_22_12-01-20.000.avi",34140,"12:20:22",NA,24.413,0.857,3326.531,18.9,NA,NA,-237.983,1038.322,-3151.359,1,"KelliiWood",115,"N/A",2019,22,26,"Line","rockfish","dusky",172,172,5,"","","","",""
"918","SL_2019_EYKT_Dive_22_12-01-20.000.avi",34686,"12:20:40",357.368,75.17,1.886,6185.774,5.119,17.011,26.139,-377.057,-402.979,-6161.106,1,"KelliiWood",115,"N/A",2019,22,26,"Line","rockfish","yelloweye",145,145,6,"AD","Fish milling/hovering","","",""
"919","SL_2019_EYKT_Dive_22_12-01-20.000.avi",36824,"12:21:51",NA,56.473,1.598,4977.676,23.743,NA,NA,-1954.239,-462.857,-4554.555,1,"KelliiWood",115,"N/A",2019,22,26,"Line","rockfish","rosethorn",150,150,7,"","","","",""
"920","SL_2019_EYKT_Dive_22_12-01-20.000.avi",41117,"12:24:15",NA,94.871,0.997,6705.159,27.315,NA,NA,3075.423,69.352,-5957.862,1,"KelliiWood",115,"N/A",2019,22,26,"Line","rockfish","rosethorn",150,150,8,"","","","",""
"921","SL_2019_EYKT_Dive_22_12-01-20.000.avi",41632,"12:24:32",NA,32.775,2.374,3945.905,13.719,NA,NA,932.035,68.588,-3833.637,1,"KelliiWood",115,"N/A",2019,22,26,"Line","rockfish","rosethorn",150,150,9,"","","","",""
"922","SL_2019_EYKT_Dive_22_12-01-20.000.avi",44733,"12:26:15",NA,19.339,0.322,3035.794,9.88,NA,NA,481.345,-211.066,-2989.951,1,"KelliiWood",115,"N/A",2019,22,26,"Line","rockfish","rosethorn",150,150,10,"","","","",""
"923","SL_2019_EYKT_Dive_22_12-01-20.000.avi",46714,"12:27:21",NA,35.14,0.701,3845.181,22.12,NA,NA,-915.941,-1135.641,-3557.638,1,"KelliiWood",115,"N/A",2019,22,26,"Line","rockfish","rosethorn",150,150,11,"","","","",""
"924","SL_2019_EYKT_Dive_22_12-01-20.000.avi",48247,"12:28:12",NA,54.091,0.554,4839.788,19.742,NA,NA,1435.859,763.404,-4558.407,1,"KelliiWood",115,"N/A",2019,22,26,"Line","rockfish","rosethorn",150,150,12,"","","","",""
"925","SL_2019_EYKT_Dive_22_12-01-20.000.avi",49824,"12:29:05",738.918,258.492,2.445,6577.133,12.829,61.356,17.167,-1262.9,733.351,-6412.953,1,"KelliiWood",115,"N/A",2019,22,26,"Line","rockfish","yelloweye",145,145,13,"AD","Fish milling/hovering","","",""
"926","SL_2019_EYKT_Dive_22_12-01-20.000.avi",50337,"12:29:22",NA,51.232,0.947,5072.999,7.192,NA,NA,-327.796,523.859,-5035.22,1,"KelliiWood",115,"N/A",2019,22,26,"Line","rockfish","rosethorn",150,150,14,"","","","",""
"927","SL_2019_EYKT_Dive_22_12-01-20.000.avi",53700,"12:31:14",NA,24.842,0.187,3400.604,11.916,NA,NA,650.303,-278.127,-3326.237,1,"KelliiWood",115,"N/A",2019,22,26,"Line","rockfish","rosethorn",150,150,15,"","","","",""
"928","SL_2019_EYKT_Dive_22_12-01-20.000.avi",54780,"12:31:50",NA,39.619,1.658,4150.179,25.816,NA,NA,-1733.858,-525.118,-3733.895,1,"KelliiWood",115,"N/A",2019,22,26,"Line","rockfish","rosethorn",150,150,16,"","","","",""
"929","SL_2019_EYKT_Dive_22_12-01-20.000.avi",55762,"12:32:23",546.138,9.689,3.439,2497.604,22.59,6.896,26.644,125.305,-951.18,-2305.988,1,"KelliiWood",115,"N/A",2019,22,26,"Line","rockfish","yelloweye",145,145,17,"AD","Fish milling/hovering","","",""
"930","SL_2019_EYKT_Dive_22_12-01-20.000.avi",56194,"12:32:37",NA,39.081,1.032,4530.428,5.167,NA,NA,69.838,383.913,-4513.592,1,"KelliiWood",115,"N/A",2019,22,26,"Line","rockfish","tiger",148,148,18,"","","","",""
"931","SL_2019_EYKT_Dive_22_12-01-20.000.avi",56279,"12:32:40",NA,38.743,0.506,4149.542,22.475,NA,NA,1544.639,345.663,-3835.793,1,"KelliiWood",115,"N/A",2019,22,26,"Line","rockfish","rosethorn",150,150,19,"","","","",""
"932","SL_2019_EYKT_Dive_22_12-01-20.000.avi",60285,"12:34:53",NA,40.203,0.271,4537.817,6.644,NA,NA,-141.707,487.472,-4509.332,1,"KelliiWood",115,"N/A",2019,22,26,"Line","rockfish","rosethorn",150,150,20,"","","","",""
"933","SL_2019_EYKT_Dive_23_13-18-22.000.avi",245,"13:18:33",NA,18.599,2.586,2878.505,15.126,NA,NA,-390.051,-653.011,-2776.19,1,"KelliiWood",100,"N/A",2019,23,27,"Line","rockfish","rosethorn",150,150,1,"","","","",""
"934","SL_2019_EYKT_Dive_23_13-18-22.000.avi",430,"13:18:39",NA,35.96,1.16,3978.59,17.868,NA,NA,-586.224,1055.595,-3790.942,1,"KelliiWood",100,"N/A",2019,23,27,"Line","rockfish","rosethorn",150,150,2,"","","","",""
"935","SL_2019_EYKT_Dive_23_13-18-22.000.avi",430,"13:18:39",NA,40.798,0.077,4366.442,18.969,NA,NA,-92.26,1399.829,-4134.947,1,"KelliiWood",100,"N/A",2019,23,27,"Line","rockfish","rosethorn",150,150,3,"","","","",""
"936","SL_2019_EYKT_Dive_23_13-18-22.000.avi",688,"13:18:48",NA,28.321,1.007,3702.06,30.929,NA,NA,-1901.5,-81.644,-3175.355,1,"KelliiWood",100,"N/A",2019,23,27,"Line","rockfish","rosethorn",150,150,4,"","","","",""
"937","SL_2019_EYKT_Dive_23_13-18-22.000.avi",1360,"13:19:10",NA,73.081,4.594,5662.84,21.151,NA,NA,-739.722,1883.598,-5288.915,1,"KelliiWood",100,"N/A",2019,23,27,"Line","rockfish","rosethorn",150,150,5,"","","","",""
"938","SL_2019_EYKT_Dive_23_13-18-22.000.avi",2781,"13:19:58",NA,113.349,8.006,6986.337,20.817,NA,NA,2174.95,1171.269,-6535.031,1,"KelliiWood",100,"N/A",2019,23,27,"Line","rockfish","yelloweye",145,145,6,"AD","Fish actively swimming in frame","","NO LENGTH; poor visibility",""
"939","SL_2019_EYKT_Dive_23_13-18-22.000.avi",4146,"13:20:43",NA,30.62,0.821,3645.37,29.407,NA,NA,1573.199,-866.432,-3172.233,1,"KelliiWood",100,"N/A",2019,23,27,"Line","rockfish","rosethorn",150,150,7,"","","","",""
"940","SL_2019_EYKT_Dive_23_13-18-22.000.avi",5236,"13:21:20",NA,29.475,2.044,3638.739,27.184,NA,NA,1628.092,-348.643,-3235.458,1,"KelliiWood",100,"N/A",2019,23,27,"Line","rockfish","dusky",172,172,8,"","","","",""
"941","SL_2019_EYKT_Dive_23_13-18-22.000.avi",5623,"13:21:32",NA,41.166,2.041,4162.468,21.978,NA,NA,-1137.417,1048.951,-3864.211,1,"KelliiWood",100,"N/A",2019,23,27,"Line","rockfish","dusky",172,172,9,"","","","",""
"942","SL_2019_EYKT_Dive_23_13-18-22.000.avi",5623,"13:21:32",NA,28.385,0.652,3668.951,12.471,NA,NA,772.537,161.47,-3583.06,1,"KelliiWood",100,"N/A",2019,23,27,"Line","rockfish","rosethorn",150,150,10,"","","","",""
"943","SL_2019_EYKT_Dive_23_13-18-22.000.avi",5623,"13:21:32",NA,47.432,1.832,4649.401,20.563,NA,NA,1620.212,186.88,-4353.954,1,"KelliiWood",100,"N/A",2019,23,27,"Line","rockfish","rosethorn",150,150,11,"","","","",""
"944","SL_2019_EYKT_Dive_23_13-18-22.000.avi",5860,"13:21:40",NA,60.977,6.617,5132.334,27.745,NA,NA,2148.731,1026.558,-4546.426,1,"KelliiWood",100,"N/A",2019,23,27,"Line","rockfish","dusky",172,172,12,"","","","",""
"945","SL_2019_EYKT_Dive_23_13-18-22.000.avi",6604,"13:22:05",NA,33.617,3.538,3993.938,29.143,NA,NA,-1945.024,-15.538,-3488.292,1,"KelliiWood",100,"N/A",2019,23,27,"Line","rockfish","rosethorn",150,150,13,"","","","",""
"946","SL_2019_EYKT_Dive_23_13-18-22.000.avi",7133,"13:22:23",689.955,113.055,1.402,6322.526,30.55,10.369,3.979,-2698.722,1744.82,-5444.891,1,"KelliiWood",100,"N/A",2019,23,27,"Line","rockfish","yelloweye",145,145,14,"AD","Fish moving quickly into frame","","",""
"947","SL_2019_EYKT_Dive_23_13-18-22.000.avi",7244,"13:22:26",NA,59.161,1.129,5112.722,29.026,NA,NA,2306.043,896.443,-4474.201,1,"KelliiWood",100,"N/A",2019,23,27,"Line","rockfish","silvergray",157,157,15,"","","","",""
"948","SL_2019_EYKT_Dive_23_13-18-22.000.avi",9664,"13:23:47",NA,42.729,0.998,4556.172,10.3,NA,NA,-256.096,755.396,-4485.81,1,"KelliiWood",100,"N/A",2019,23,27,"Line","rockfish","rosethorn",150,150,16,"","","","",""
"949","SL_2019_EYKT_Dive_23_13-18-22.000.avi",10036,"13:24:00",NA,30.374,1.825,3588.199,30.387,NA,NA,-1358.737,1190.99,-3100.088,1,"KelliiWood",100,"N/A",2019,23,27,"Line","rockfish","rosethorn",150,150,17,"","","","",""
"950","SL_2019_EYKT_Dive_23_13-18-22.000.avi",10664,"13:24:20",494.679,115.265,1.063,5977.763,15.852,28.064,18.935,922.083,-1347.536,-5750.44,1,"KelliiWood",100,"N/A",2019,23,27,"Line","rockfish","yelloweye",145,145,18,"AD","Fish moving quickly into frame","","",""
"951","SL_2019_EYKT_Dive_23_13-18-22.000.avi",10664,"13:24:20",NA,51.084,1.197,4864.771,11.751,NA,NA,601.339,-806.401,-4759.633,1,"KelliiWood",100,"N/A",2019,23,27,"Line","rockfish","dusky",172,172,19,"","","","",""
"952","SL_2019_EYKT_Dive_23_13-18-22.000.avi",11999,"13:25:05",NA,82.357,0.189,6261.06,12.086,NA,NA,-1263.864,323.467,-6123.633,1,"KelliiWood",100,"N/A",2019,23,27,"Line","rockfish","silvergray",157,157,20,"","","","",""
"953","SL_2019_EYKT_Dive_23_13-18-22.000.avi",12190,"13:25:11",NA,53.958,2.436,5043.557,12.533,NA,NA,1067.823,-259.554,-4922.383,1,"KelliiWood",100,"N/A",2019,23,27,"Line","rockfish","rosethorn",150,150,21,"","","","",""
"954","SL_2019_EYKT_Dive_23_13-18-22.000.avi",14301,"13:26:22",NA,33.749,0.043,3821.217,19.023,NA,NA,1108.872,-581.632,-3610.237,1,"KelliiWood",100,"N/A",2019,23,27,"Line","rockfish","rosethorn",150,150,22,"","","","",""
"955","SL_2019_EYKT_Dive_23_13-18-22.000.avi",15832,"13:27:13",NA,41.824,0.695,4206.999,20.251,NA,NA,-1118.431,-948.334,-3943.173,1,"KelliiWood",100,"N/A",2019,23,27,"Line","rockfish","rosethorn",150,150,23,"","","","",""
"956","SL_2019_EYKT_Dive_23_13-18-22.000.avi",16308,"13:27:29",NA,79.074,0.066,5934.844,17.379,NA,NA,1634.842,662.554,-5666.629,1,"KelliiWood",100,"N/A",2019,23,27,"Line","rockfish","yelloweye",145,145,24,"AD","Fish actively swimming in frame","","NO LENGTH; swimming away",""
"957","SL_2019_EYKT_Dive_23_13-18-22.000.avi",16358,"13:27:30",NA,66.214,4.328,5813.453,7.273,NA,NA,-179.48,690.66,-5769.49,1,"KelliiWood",100,"N/A",2019,23,27,"Line","greenling","lingcod",130,130,25,"","","","NO LENGTH; partial view",""
"958","SL_2019_EYKT_Dive_23_13-18-22.000.avi",17802,"13:28:18",NA,23.788,2.335,3273.896,14.354,NA,NA,-743.832,-337.49,-3170.364,1,"KelliiWood",100,"N/A",2019,23,27,"Line","rockfish","rosethorn",150,150,26,"","","","",""
"959","SL_2019_EYKT_Dive_23_13-18-22.000.avi",19024,"13:28:59",720.835,82.783,0.893,3610.675,18.213,73.759,16.831,-862.444,-727.801,-3429.791,1,"KelliiWood",100,"N/A",2019,23,27,"Line","rockfish","yelloweye",145,145,27,"AD","Fish moving quickly into frame","","",""
"960","SL_2019_EYKT_Dive_23_13-18-22.000.avi",19144,"13:29:03",989.799,59.084,5.8,3692.955,22.641,36.502,7.105,-1420.936,44.887,-3408.349,1,"KelliiWood",100,"N/A",2019,23,27,"Line","greenling","lingcod",130,130,28,"","","","",""
"961","SL_2019_EYKT_Dive_23_13-18-22.000.avi",19803,"13:29:25",NA,50.123,1.259,4955.185,8.64,NA,NA,424.845,591.629,-4901.361,1,"KelliiWood",100,"N/A",2019,23,27,"Line","rockfish","rosethorn",150,150,29,"","","","",""
"962","SL_2019_EYKT_Dive_23_13-18-22.000.avi",21199,"13:30:12",NA,40.012,0.688,4187.946,31.629,NA,NA,-1900.341,1086.671,-3570.258,1,"KelliiWood",100,"N/A",2019,23,27,"Line","rockfish","rosethorn",150,150,30,"","","","",""
"963","SL_2019_EYKT_Dive_23_13-18-22.000.avi",22012,"13:30:39",NA,27.366,0.58,3547.668,18.263,NA,NA,-1111.281,20.205,-3369.065,1,"KelliiWood",100,"N/A",2019,23,27,"Line","rockfish","rosethorn",150,150,31,"","","","",""
"964","SL_2019_EYKT_Dive_23_13-18-22.000.avi",24854,"13:32:13",NA,33.9,1.576,3826.988,20.153,NA,NA,1166.202,600.752,-3595.122,1,"KelliiWood",100,"N/A",2019,23,27,"Line","rockfish","rosethorn",150,150,32,"","","","",""
"965","SL_2019_EYKT_Dive_23_13-18-22.000.avi",26166,"13:32:57",NA,18.589,1.999,2881.476,15.307,NA,NA,372.532,-674.322,-2776.583,1,"KelliiWood",100,"N/A",2019,23,27,"Line","rockfish","tiger",148,148,33,"","","YES","I think this is a tiger"," but can't tell"
"966","SL_2019_EYKT_Dive_23_13-18-22.000.avi",27569,"13:33:44",NA,14.311,0.069,2632.636,31.398,NA,NA,1363.838,-154.183,-2246.541,1,"KelliiWood",100,"N/A",2019,23,27,"Line","rockfish","rosethorn",150,150,34,"","","","",""
"967","SL_2019_EYKT_Dive_23_13-18-22.000.avi",27854,"13:33:53",NA,29.895,2.407,3608.368,16.687,NA,NA,-850.156,-606.128,-3454.007,1,"KelliiWood",100,"N/A",2019,23,27,"Line","rockfish","rosethorn",150,150,35,"","","","",""
"968","SL_2019_EYKT_Dive_23_13-18-22.000.avi",28238,"13:34:06",NA,13.457,0.737,2426.076,26.671,NA,NA,-1053.728,-283.488,-2166.826,1,"KelliiWood",100,"N/A",2019,23,27,"Line","greenling","lingcod",130,130,36,"","","","NO LENGTH; facing ROV",""
"969","SL_2019_EYKT_Dive_23_13-18-22.000.avi",28775,"13:34:24",NA,19.637,5.001,3059.609,9.587,NA,NA,-463.187,-224.506,-3016.002,1,"KelliiWood",100,"N/A",2019,23,27,"Line","rockfish","rosethorn",150,150,37,"","","","",""
"970","SL_2019_EYKT_Dive_23_13-18-22.000.avi",33039,"13:36:46",NA,37.808,0.909,4402.783,6.051,NA,NA,458.02,-92.466,-4377.918,1,"KelliiWood",100,"N/A",2019,23,27,"Line","rockfish","rosethorn",150,150,38,"","","","",""
"971","SL_2019_EYKT_Dive_23_13-18-22.000.avi",33039,"13:36:46",NA,50.4,1.107,4814.255,29.428,NA,NA,-2336.369,-386.065,-4191.585,1,"KelliiWood",100,"N/A",2019,23,27,"Line","rockfish","rosethorn",150,150,39,"","","","",""
"972","SL_2019_EYKT_Dive_23_13-18-22.000.avi",35993,"13:38:25",NA,27.055,1.707,3643.121,8.197,NA,NA,419.745,291.492,-3607.101,1,"KelliiWood",100,"N/A",2019,23,27,"Line","rockfish","rosethorn",150,150,40,"","","","",""
"973","SL_2019_EYKT_Dive_23_13-18-22.000.avi",36938,"13:38:56",NA,28.407,2.693,3451.05,26.682,NA,NA,1071.834,-1131.501,-3079.062,1,"KelliiWood",100,"N/A",2019,23,27,"Line","rockfish","rosethorn",150,150,41,"","","","",""
"974","SL_2019_EYKT_Dive_23_13-18-22.000.avi",36938,"13:38:56",NA,59.572,0.908,5255.545,17.965,NA,NA,1619.515,-88.38,-4999.011,1,"KelliiWood",100,"N/A",2019,23,27,"Line","rockfish","rosethorn",150,150,42,"","","","",""
"975","SL_2019_EYKT_Dive_23_13-18-22.000.avi",38516,"13:39:49",NA,7.985,0.005,1908.645,11.608,NA,NA,244.965,-303.252,-1868.41,1,"KelliiWood",100,"N/A",2019,23,27,"Line","rockfish","rosethorn",150,150,43,"","","","",""
"976","SL_2019_EYKT_Dive_23_13-18-22.000.avi",39879,"13:40:34",NA,9.554,0.819,2015.901,30.4,NA,NA,-574.446,-849.942,-1735.358,1,"KelliiWood",100,"N/A",2019,23,27,"Line","rockfish","rosethorn",150,150,44,"","","","",""
"977","SL_2019_EYKT_Dive_23_13-18-22.000.avi",41846,"13:41:40",NA,36.899,2.402,4170.298,32.292,NA,NA,-2162.57,521.404,-3527.437,1,"KelliiWood",100,"N/A",2019,23,27,"Line","rockfish","rosethorn",150,150,45,"","","","",""
"978","SL_2019_EYKT_Dive_23_13-18-22.000.avi",42914,"13:42:15",NA,27.291,0.543,3474.639,17.339,NA,NA,937.866,425.672,-3318.482,1,"KelliiWood",100,"N/A",2019,23,27,"Line","rockfish","rosethorn",150,150,46,"","","","",""
"979","SL_2019_EYKT_Dive_23_13-18-22.000.avi",43473,"13:42:34",NA,36.547,0.729,4020.879,16.406,NA,NA,1021.559,-511.54,-3855.154,1,"KelliiWood",100,"N/A",2019,23,27,"Line","rockfish","rosethorn",150,150,47,"","","","",""
"980","SL_2019_EYKT_Dive_23_13-18-22.000.avi",43473,"13:42:34",NA,66.608,4.822,5335.673,23.151,NA,NA,1857.911,954.311,-4909.874,1,"KelliiWood",100,"N/A",2019,23,27,"Line","rockfish","rosethorn",150,150,48,"","","","",""
"981","SL_2019_EYKT_Dive_23_13-18-22.000.avi",43748,"13:42:43",NA,11.861,0.075,2242.771,25.787,NA,NA,860.446,-468.005,-2017.579,1,"KelliiWood",100,"N/A",2019,23,27,"Line","rockfish","rosethorn",150,150,49,"","","","",""
"982","SL_2019_EYKT_Dive_23_13-18-22.000.avi",43748,"13:42:43",NA,19.751,0.24,2930.599,24.493,NA,NA,1147.348,388.961,-2668.467,1,"KelliiWood",100,"N/A",2019,23,27,"Line","crab","box crab",900,900,50,"","","","",""
"983","SL_2019_EYKT_Dive_23_13-18-22.000.avi",43981,"13:42:51",NA,21.198,0.471,3082.476,24.018,NA,NA,-1242.822,160.399,-2816.261,1,"KelliiWood",100,"N/A",2019,23,27,"Line","rockfish","rosethorn",150,150,51,"","","","",""
"984","SL_2019_EYKT_Dive_23_13-18-22.000.avi",45861,"13:43:54",NA,34.8,1.515,3951.594,27.659,NA,NA,-1794.657,365.608,-3501.519,1,"KelliiWood",100,"N/A",2019,23,27,"Line","rockfish","rosethorn",150,150,52,"","","","",""
"985","SL_2019_EYKT_Dive_23_13-18-22.000.avi",46950,"13:44:30",NA,28.745,1.34,3577.424,24.888,NA,NA,-1488.239,-240.506,-3244.266,1,"KelliiWood",100,"N/A",2019,23,27,"Line","rockfish","rosethorn",150,150,53,"","","","",""
"986","SL_2019_EYKT_Dive_23_13-18-22.000.avi",51884,"13:47:14",NA,12.967,0.134,2515.449,8.396,NA,NA,-361.647,-74.162,-2488.211,1,"KelliiWood",100,"N/A",2019,23,27,"Line","rockfish","rosethorn",150,150,54,"","","","",""
"987","SL_2019_EYKT_Dive_23_13-18-22.000.avi",51884,"13:47:14",NA,20.422,0.198,3172.681,7.683,NA,NA,279.88,306.152,-3145.448,1,"KelliiWood",100,"N/A",2019,23,27,"Line","rockfish","rosethorn",150,150,55,"","","","",""
"988","SL_2019_EYKT_Dive_23_13-18-22.000.avi",52744,"13:47:43",NA,31.536,0.856,4155.689,1.172,NA,NA,-84.705,-9.288,-4154.816,1,"KelliiWood",100,"N/A",2019,23,27,"Line","rockfish","dusky",172,172,56,"","","","",""
"989","SL_2019_EYKT_Dive_23_13-18-22.000.avi",52744,"13:47:43",NA,77.883,1.935,5948.041,19.058,NA,NA,460.091,1864.399,-5629.523,1,"KelliiWood",100,"N/A",2019,23,27,"Line","rockfish","dusky",172,172,57,"","","","",""
"990","SL_2019_EYKT_Dive_23_13-18-22.000.avi",57725,"13:50:29",NA,23.145,1.002,3415.444,6.239,NA,NA,-351.497,-132.835,-3394.711,1,"KelliiWood",100,"N/A",2019,23,27,"Line","rockfish","rosethorn",150,150,58,"","","","",""
"991","SL_2019_EYKT_Dive_23_13-18-22.000.avi",58068,"13:50:41",NA,22.788,0.347,3236.61,17.25,NA,NA,-959.321,-42.888,-3090.875,1,"KelliiWood",100,"N/A",2019,23,27,"Line","rockfish","rosethorn",150,150,59,"","","","",""
"992","SL_2019_EYKT_Dive_23_13-18-22.000.avi",61703,"13:52:42",NA,53.64,1.3,4971.142,14.403,NA,NA,-465.807,1126.15,-4819.446,1,"KelliiWood",100,"N/A",2019,23,27,"Line","rockfish","dusky",172,172,60,"","","","",""
"993","SL_2019_EYKT_Dive_23_13-18-22.000.avi",62839,"13:53:20",NA,51.372,0.112,4767.063,17.938,NA,NA,1346.11,568.003,-4537.648,1,"KelliiWood",100,"N/A",2019,23,27,"Line","rockfish","rosethorn",150,150,61,"","","","",""
"994","SL_2019_EYKT_Dive_23_13-18-22.000.avi",66699,"13:55:28",NA,47.989,0.585,4684.938,33.551,NA,NA,-2313.608,1146.862,-3909.037,1,"KelliiWood",100,"N/A",2019,23,27,"Line","rockfish","dusky",172,172,62,"","","","",""
"995","SL_2019_EYKT_Dive_23_13-18-22.000.avi",67011,"13:55:39",687.394,54.723,1.648,5149.396,26.991,2.848,30.126,1516.275,1778.413,-4588.511,1,"KelliiWood",100,"N/A",2019,23,27,"Line","rockfish","yelloweye",145,145,63,"AD","Fish milling/hovering","","",""
"996","SL_2019_EYKT_Dive_23_13-18-22.000.avi",67932,"13:56:09",NA,54.477,0.391,4876.599,20.905,NA,NA,1622.14,611.54,-4558.058,1,"KelliiWood",100,"N/A",2019,23,27,"Line","rockfish","rosethorn",150,150,64,"","","","",""
"997","SL_2019_EYKT_Dive_23_13-18-22.000.avi",68932,"13:56:43",NA,46.267,0.135,4730.027,11.016,NA,NA,-249.896,850.037,-4646.304,1,"KelliiWood",100,"N/A",2019,23,27,"Line","rockfish","rosethorn",150,150,65,"","","","",""
"998","SL_2019_EYKT_Dive_23_13-18-22.000.avi",69758,"13:57:10",NA,8.635,0.051,1976.749,17.155,NA,NA,104.018,-581.254,-1886.494,1,"KelliiWood",100,"N/A",2019,23,27,"Line","crab","box crab",900,900,66,"","","","",""
"999","SL_2019_EYKT_Dive_23_13-18-22.000.avi",71425,"13:58:06",NA,17.957,0.42,2888.939,11.85,NA,NA,-520.073,274.055,-2828.495,1,"KelliiWood",100,"N/A",2019,23,27,"Line","rockfish","rosethorn",150,150,67,"","","","",""
"1000","SL_2019_EYKT_Dive_23_13-18-22.000.avi",73379,"13:59:11",NA,17.062,0.806,2907.095,31.55,NA,NA,1519.677,56.202,-2477.624,1,"KelliiWood",100,"N/A",2019,23,27,"Line","rockfish","rosethorn",150,150,68,"","","","",""
"1001","SL_2019_EYKT_Dive_23_13-18-22.000.avi",73863,"13:59:27",NA,14.934,0.23,2556.652,16.508,NA,NA,-405.927,-612.285,-2448.836,1,"KelliiWood",100,"N/A",2019,23,27,"Line","rockfish","rosethorn",150,150,69,"","","","",""
"1002","SL_2019_EYKT_Dive_23_13-18-22.000.avi",77504,"14:01:28",687.894,97.596,1.942,5117.926,12.441,31.757,12.749,-617.551,913.437,-4997.742,1,"KelliiWood",100,"N/A",2019,23,27,"Line","rockfish","yelloweye",145,145,70,"AD","Fish milling/hovering","","",""
"1003","SL_2019_EYKT_Dive_23_13-18-22.000.avi",78387,"14:01:58",NA,49.239,1.234,5026.814,6.855,NA,NA,-129.373,565.902,-4993.183,1,"KelliiWood",100,"N/A",2019,23,27,"Line","rockfish","rosethorn",150,150,71,"","","","",""
"1004","SL_2019_EYKT_Dive_23_13-18-22.000.avi",78807,"14:02:12",NA,19.214,0.519,3011.628,31.719,NA,NA,-1558.478,-290.031,-2560.651,1,"KelliiWood",100,"N/A",2019,23,27,"Line","rockfish","rosethorn",150,150,72,"","","","",""
"1005","SL_2019_EYKT_Dive_23_13-18-22.000.avi",80694,"14:03:15",NA,19.469,1.216,2892.582,29.124,NA,NA,-1250.365,636.855,-2529.433,1,"KelliiWood",100,"N/A",2019,23,27,"Line","crab","box crab",900,900,73,"","","","",""
"1006","SL_2019_EYKT_Dive_23_13-18-22.000.avi",81649,"14:03:47",NA,29.683,0.328,3642.494,15.742,NA,NA,869.454,455.704,-3507.727,1,"KelliiWood",100,"N/A",2019,23,27,"Line","rockfish","rosethorn",150,150,74,"","","","",""
"1007","SL_2019_EYKT_Dive_23_13-18-22.000.avi",82137,"14:04:03",NA,84.613,1.259,6295.626,32.806,NA,NA,3192.489,1179.791,-5296.321,1,"KelliiWood",100,"N/A",2019,23,27,"Line","rockfish","yelloweye",145,145,75,"AD","Fish milling/hovering","","NO LENGTH; poor visibility",""
"1008","SL_2019_EYKT_Dive_23_13-18-22.000.avi",83272,"14:04:41",577.624,85.8,0.328,6050.786,11.024,17.297,20.576,-1133.539,232.211,-5939.123,1,"KelliiWood",100,"N/A",2019,23,27,"Line","rockfish","yelloweye",145,145,76,"AD","Fish resting on bottom","","",""
"1009","SL_2019_EYKT_Dive_23_13-18-22.000.avi",83385,"14:04:44",NA,32.489,1.881,4214.942,1.031,NA,NA,46.103,-77.131,-4213.984,1,"KelliiWood",100,"N/A",2019,23,27,"Line","rockfish","rosethorn",150,150,77,"","","","",""
"1010","SL_2019_EYKT_Dive_23_13-18-22.000.avi",83937,"14:05:03",NA,58.117,0.907,5183.783,26.973,NA,NA,2335.583,252.177,-4620.937,1,"KelliiWood",100,"N/A",2019,23,27,"Line","rockfish","yelloweye",145,145,78,"AD","Fish milling/hovering","","NO LENGTH; poor visibility",""
"1011","SL_2019_EYKT_Dive_23_13-18-22.000.avi",84032,"14:05:06",NA,10.562,0.349,2131.615,31.564,NA,NA,-851.569,-728.242,-1813.36,1,"KelliiWood",100,"N/A",2019,23,27,"Line","rockfish","rosethorn",150,150,79,"","","","",""
"1012","SL_2019_EYKT_Dive_23_13-18-22.000.avi",89569,"14:08:11",NA,24.371,2.892,3300.017,17.034,NA,NA,926.619,-288.151,-3154.118,1,"KelliiWood",100,"N/A",2019,23,27,"Line","rockfish","rosethorn",150,150,80,"","","","",""
"1013","SL_2019_EYKT_Dive_23_13-18-22.000.avi",90736,"14:08:49",NA,28.394,1.421,3737.244,9.162,NA,NA,575.329,137.265,-3690.142,1,"KelliiWood",100,"N/A",2019,23,27,"Line","rockfish","rosethorn",150,150,81,"","","","",""
"1014","SL_2019_EYKT_Dive_23_13-18-22.000.avi",90834,"14:08:53",NA,41.574,1.242,4375.305,13.559,NA,NA,930.383,414.919,-4255.058,1,"KelliiWood",100,"N/A",2019,23,27,"Line","rockfish","rosethorn",150,150,82,"","","","",""
"1015","SL_2019_EYKT_Dive_23_13-18-22.000.avi",92949,"14:10:03",NA,21.469,1.004,3225.076,8.157,NA,NA,358.469,-297.168,-3191.286,1,"KelliiWood",100,"N/A",2019,23,27,"Line","rockfish","rosethorn",150,150,83,"","","","",""
"1016","SL_2019_EYKT_Dive_23_13-18-22.000.avi",93793,"14:10:31",NA,16.016,0.124,2865.577,4.99,NA,NA,183.09,157.724,-2855.369,1,"KelliiWood",100,"N/A",2019,23,27,"Line","rockfish","rosethorn",150,150,84,"","","","",""
"1017","SL_2019_EYKT_Dive_24_15-43-23.000.avi",1693,"15:44:33",NA,53.969,0.054,5012.183,32.52,NA,NA,-2569.205,795.284,-4229.503,1,"KelliiWood",135,"N/A",2019,24,28,"Line","greenling","lingcod",130,130,1,"","","","NO LENGTH; poor visibility",""
"1018","SL_2019_EYKT_Dive_24_15-43-23.000.avi",7005,"15:47:31",NA,20.791,1.972,3028.094,22.511,NA,NA,-1131.001,243.587,-2798.367,1,"KelliiWood",135,"N/A",2019,24,28,"Line","greenling","lingcod",130,130,2,"","","","NO LENGTH; curled up",""
"1019","SL_2019_EYKT_Dive_24_15-43-23.000.avi",8989,"15:48:37",395.287,50.646,0.644,3259.441,13.362,43.705,18.652,-725.276,203.493,-3171.201,1,"KelliiWood",135,"N/A",2019,24,28,"Line","rockfish","yelloweye",145,145,3,"SU","Fish resting on bottom","","",""
"1020","SL_2019_EYKT_Dive_24_15-43-23.000.avi",10317,"15:49:21",NA,14.022,0.237,2728.772,2.141,NA,NA,90.495,35.977,-2727.034,1,"KelliiWood",135,"N/A",2019,24,28,"Line","rockfish","rosethorn",150,150,4,"","","","",""
"1021","SL_2019_EYKT_Dive_24_15-43-23.000.avi",10431,"15:49:25",NA,13.729,0.62,2568.673,10.329,NA,NA,-459.316,-43.734,-2526.895,1,"KelliiWood",135,"N/A",2019,24,28,"Line","rockfish","rosethorn",150,150,5,"","","","",""
"1022","SL_2019_EYKT_Dive_24_15-43-23.000.avi",10650,"15:49:32",NA,13.294,1.834,2615.263,4.237,NA,NA,9.074,-203.469,-2607.32,1,"KelliiWood",135,"N/A",2019,24,28,"Line","rockfish","rosethorn",150,150,6,"","","","",""
"1023","SL_2019_EYKT_Dive_24_15-43-23.000.avi",11973,"15:50:16",NA,22.724,1.193,3277.957,11.699,NA,NA,-634.017,186.678,-3210.635,1,"KelliiWood",135,"N/A",2019,24,28,"Line","rockfish","rosethorn",150,150,7,"","","","",""
"1024","SL_2019_EYKT_Dive_24_15-43-23.000.avi",14299,"15:51:34",NA,10.684,2.889,2167.267,29.853,NA,NA,980.15,-458.239,-1877.862,1,"KelliiWood",135,"N/A",2019,24,28,"Line","eel","unknown",10000,10000,8,"","","","",""
"1025","SL_2019_EYKT_Dive_24_15-43-23.000.avi",15670,"15:52:19",588.55,24.449,3.701,3068.059,18.658,10.977,5.493,-964.583,181.712,-2906.81,1,"KelliiWood",135,"N/A",2019,24,28,"Line","rockfish","yelloweye",145,145,9,"AD","Fish resting on bottom","","",""
"1026","SL_2019_EYKT_Dive_24_15-43-23.000.avi",18486,"15:53:53",NA,6.921,0.976,1755.986,30.062,NA,NA,-841.93,-260.894,-1518.741,1,"KelliiWood",135,"N/A",2019,24,28,"Line","rockfish","yelloweye",145,145,10,"SU","Fish resting on bottom","","",""
"1027","SL_2019_EYKT_Dive_24_15-43-23.000.avi",20485,"15:55:00",NA,17.588,0.471,2898.329,12.12,NA,NA,607.199,28.655,-2833.866,1,"KelliiWood",135,"N/A",2019,24,28,"Line","rockfish","rosethorn",150,150,11,"","","","",""
"1028","SL_2019_EYKT_Dive_24_15-43-23.000.avi",21764,"15:55:42",787.95,24.636,0.758,2929.114,24.052,3.493,8.463,-1189.066,-106.274,-2674.797,1,"KelliiWood",135,"N/A",2019,24,28,"Line","greenling","lingcod",130,130,12,"","Fish resting on bottom","","",""
"1029","SL_2019_EYKT_Dive_24_15-43-23.000.avi",23002,"15:56:24",NA,45.159,0.327,4434.971,21.338,NA,NA,1503.934,568.654,-4133.254,1,"KelliiWood",135,"N/A",2019,24,28,"Line","rockfish","rosethorn",150,150,13,"","","","",""
"1030","SL_2019_EYKT_Dive_24_15-43-23.000.avi",25091,"15:57:33",NA,35.603,1.183,4135.81,13.677,NA,NA,83.352,958.276,-4022.397,1,"KelliiWood",135,"N/A",2019,24,28,"Line","rockfish","rosethorn",150,150,14,"","","","",""
"1031","SL_2019_EYKT_Dive_24_15-43-23.000.avi",25251,"15:57:39",NA,37.429,1.35,4209.112,14.091,NA,NA,-184.939,991.594,-4086.46,1,"KelliiWood",135,"N/A",2019,24,28,"Line","rockfish","rosethorn",150,150,15,"","","","",""
"1032","SL_2019_EYKT_Dive_24_15-43-23.000.avi",25986,"15:58:03",NA,35.273,3.657,3878.661,21.284,NA,NA,-1229.07,672.26,-3616.83,1,"KelliiWood",135,"N/A",2019,24,28,"Line","rockfish","rosethorn",150,150,16,"","","","",""
"1033","SL_2019_EYKT_Dive_24_15-43-23.000.avi",26396,"15:58:17",NA,23.158,0.005,3178.476,21.79,NA,NA,1114.041,376.792,-2952.905,1,"KelliiWood",135,"N/A",2019,24,28,"Line","greenling","lingcod",130,130,17,"","","","",""
"1034","SL_2019_EYKT_Dive_24_15-43-23.000.avi",28070,"15:59:13",NA,35.068,0.012,3903.718,26.965,NA,NA,1638.893,654.888,-3481.977,1,"KelliiWood",135,"N/A",2019,24,28,"Line","rockfish","yelloweye",145,145,18,"AD","Fish milling/hovering","","",""
"1035","SL_2019_EYKT_Dive_24_15-43-23.000.avi",28793,"15:59:37",NA,9.266,0.407,2142.117,5.787,NA,NA,-180.236,-127.558,-2130.706,1,"KelliiWood",135,"N/A",2019,24,28,"Line","rockfish","rosethorn",150,150,19,"","","","",""
"1036","SL_2019_EYKT_Dive_24_15-43-23.000.avi",36850,"16:04:05",272.428,10.71,0.884,1941.473,13.018,22.413,24.37,436.709,23.611,-1891.572,1,"KelliiWood",135,"N/A",2019,24,28,"Line","cod","Pacific cod",110,110,20,"","","","",""
"1037","SL_2019_EYKT_Dive_24_15-43-23.000.avi",48247,"16:10:25",NA,56.455,4.613,4933.287,27.464,NA,NA,-2095.207,869.367,-4380.825,1,"KelliiWood",135,"N/A",2019,24,28,"Line","cod","unknown",NA,NA,21,"","","","PCod?",""
"1038","SL_2019_EYKT_Dive_24_15-43-23.000.avi",49940,"16:11:22",NA,5.333,0.587,1599.318,6.859,NA,NA,-100.684,-168.653,-1587.211,1,"KelliiWood",135,"N/A",2019,24,28,"Line","flatfish","",NA,NA,22,"","","","AARON?",""
"1039","SL_2019_EYKT_Dive_24_15-43-23.000.avi",61211,"16:17:37",NA,7.648,0.912,1788.402,22.58,NA,NA,453.815,-521.96,-1649.24,1,"KelliiWood",135,"N/A",2019,24,28,"Line","rockfish","rosethorn",150,150,37,"","","","MISSED FIRST ROUND",""
"1040","SL_2019_EYKT_Dive_24_15-43-23.000.avi",69379,"16:22:10",NA,4.588,1.001,1441.518,10.886,NA,NA,-182.892,-207.32,-1414.759,1,"KelliiWood",135,"N/A",2019,24,28,"Line","flatfish","Dover sole",124,124,23,"","","","",""
"1041","SL_2019_EYKT_Dive_24_15-43-23.000.avi",73705,"16:24:34",295.632,12.943,1.454,2136.631,23.983,5.298,2.748,860.619,116.571,-1952.163,1,"KelliiWood",135,"N/A",2019,24,28,"Line","halibut","halibut",200,200,24,"","","","",""
"1042","SL_2019_EYKT_Dive_24_15-43-23.000.avi",74903,"16:25:14",552.313,19.804,0.143,1778.101,9.375,62.197,20.375,-289.355,13.061,-1754.35,1,"KelliiWood",135,"N/A",2019,24,28,"Line","halibut","halibut",200,200,25,"","","","",""
"1043","SL_2019_EYKT_Dive_24_15-43-23.000.avi",78964,"16:27:29",NA,20.423,0.854,2992.295,31.242,NA,NA,1313.272,816.761,-2561.649,1,"KelliiWood",135,"N/A",2019,24,28,"Line","rockfish","unknown",NA,NA,26,"","","","",""
"1044","SL_2019_EYKT_Dive_24_15-43-23.000.avi",79372,"16:27:43",NA,15.193,1.491,2681.238,31.361,NA,NA,1365.011,280.473,-2290.659,1,"KelliiWood",135,"N/A",2019,24,28,"Line","rockfish","dusky",172,172,27,"","","","",""
"1045","SL_2019_EYKT_Dive_24_15-43-23.000.avi",79592,"16:27:50",NA,5.968,1.401,1634.092,27.62,NA,NA,-747.981,114.419,-1448.341,1,"KelliiWood",135,"N/A",2019,24,28,"Line","rockfish","dusky",172,172,28,"","","","",""
"1046","SL_2019_EYKT_Dive_24_15-43-23.000.avi",80268,"16:28:13",NA,5.336,3.739,1487.556,27.292,NA,NA,-460.373,-508.58,-1319.934,1,"KelliiWood",135,"N/A",2019,24,28,"Line","rockfish","rosethorn",150,150,29,"","","","",""
"1047","SL_2019_EYKT_Dive_24_15-43-23.000.avi",80731,"16:28:28",NA,9.686,3.266,2136.993,11.327,NA,NA,-417.83,-48.151,-2095.194,1,"KelliiWood",135,"N/A",2019,24,28,"Line","rockfish","dusky",172,172,30,"","","","",""
"1048","SL_2019_EYKT_Dive_24_15-43-23.000.avi",80761,"16:28:29",NA,13.238,1.788,2494.768,30.228,NA,NA,-1248.597,127.333,-2156.075,1,"KelliiWood",135,"N/A",2019,24,28,"Line","rockfish","dusky",172,172,31,"","","","",""
"1049","SL_2019_EYKT_Dive_24_15-43-23.000.avi",80910,"16:28:34",NA,12.383,2.287,2334.247,24.678,NA,NA,942.615,239.115,-2122.03,1,"KelliiWood",135,"N/A",2019,24,28,"Line","rockfish","dusky",172,172,32,"","","","",""
"1050","SL_2019_EYKT_Dive_24_15-43-23.000.avi",81154,"16:28:42",NA,25.283,1.595,3322.884,19.361,NA,NA,-488.906,974.626,-3138.89,1,"KelliiWood",135,"N/A",2019,24,28,"Line","rockfish","dusky",172,172,33,"","","","",""
"1051","SL_2019_EYKT_Dive_24_15-43-23.000.avi",82125,"16:29:14",NA,21.2,0.693,3173.363,14.87,NA,NA,19.081,801.851,-3070.327,1,"KelliiWood",135,"N/A",2019,24,28,"Line","rockfish","dusky",172,172,34,"","","","",""
"1052","SL_2019_EYKT_Dive_24_15-43-23.000.avi",83506,"16:30:01",NA,21.344,1.251,2990.096,26.383,NA,NA,972.297,894.83,-2682.274,1,"KelliiWood",135,"N/A",2019,24,28,"Line","rockfish","dusky",172,172,35,"","","","",""
"1053","SL_2019_EYKT_Dive_24_15-43-23.000.avi",84875,"16:30:46",597.639,74.243,0.718,3760.878,25.942,57.52,8.432,1429.263,814.92,-3381.91,1,"KelliiWood",135,"N/A",2019,24,28,"Line","halibut","halibut",200,200,36,"","","","",""
"1054","SL_2019_EYKT_Dive_24_15-43-23.000.avi",92116,"16:34:47",623.763,82.027,1.513,5406.349,12.586,60.626,63.317,1175.104,-82.899,-5276.444,1,"KelliiWood",135,"N/A",2019,24,28,"Line","rockfish","yelloweye",145,145,33,"AD","Feeding","","",""
"1055","SL_2019_EYKT_Dive_25_09-39-10.000.avi",766,"9:39:41",543.155,111.951,0.451,4833.071,27.516,49.912,3.927,2114.964,-715.956,-4286.363,1,"KelliiWood",105,"N/A",2019,25,37,"Line","rockfish","yelloweye",145,145,1,"AD","Fish milling/hovering","","",""
"1056","SL_2019_EYKT_Dive_25_09-39-10.000.avi",1934,"9:40:19",NA,40.002,0.258,4287.281,24.913,NA,NA,1803.399,-111.879,-3887.932,1,"KelliiWood",105,"N/A",2019,25,37,"Line","rockfish","rosethorn",150,150,2,"","","","",""
"1057","SL_2019_EYKT_Dive_25_09-39-10.000.avi",8343,"9:43:53",NA,35.411,0.53,4062.668,30.853,NA,NA,-2043.759,391.122,-3489.319,1,"KelliiWood",105,"N/A",2019,25,37,"Line","rockfish","rosethorn",150,150,3,"","","","",""
"1058","SL_2019_EYKT_Dive_25_09-39-10.000.avi",9901,"9:44:45",NA,26.047,0.855,3555.745,9.41,NA,NA,-539.848,201.646,-3508.735,1,"KelliiWood",105,"N/A",2019,25,37,"Line","rockfish","rosethorn",150,150,4,"","","","",""
"1059","SL_2019_EYKT_Dive_25_09-39-10.000.avi",10611,"9:45:09",NA,25.443,2.92,3413.502,23.76,NA,NA,1374.773,-50.639,-3124.009,1,"KelliiWood",105,"N/A",2019,25,37,"Line","rockfish","rosethorn",150,150,5,"","","","",""
"1060","SL_2019_EYKT_Dive_25_09-39-10.000.avi",11579,"9:45:41",820.351,87.521,0.595,3565.034,4.499,81.615,21.991,253.479,118.123,-3554.048,1,"KelliiWood",105,"N/A",2019,25,37,"Line","halibut","halibut",200,200,6,"","","","",""
"1061","SL_2019_EYKT_Dive_25_09-39-10.000.avi",15081,"9:47:38",NA,40.213,1.431,4145.707,20.391,NA,NA,-1230.045,741.701,-3888.928,1,"KelliiWood",105,"N/A",2019,25,37,"Line","rockfish","rosethorn",150,150,7,"","","","",""
"1062","SL_2019_EYKT_Dive_25_09-39-10.000.avi",15570,"9:47:54",NA,48.301,2.786,4661.845,14.4,NA,NA,-765.706,852.387,-4518.842,1,"KelliiWood",105,"N/A",2019,25,37,"Line","rockfish","rosethorn",150,150,8,"","","","",""
"1063","SL_2019_EYKT_Dive_25_09-39-10.000.avi",16069,"9:48:11",NA,33.473,0.376,3904.414,15.038,NA,NA,-410.205,911.138,-3774.388,1,"KelliiWood",105,"N/A",2019,25,37,"Line","rockfish","rosethorn",150,150,9,"","","","",""
"1064","SL_2019_EYKT_Dive_25_09-39-10.000.avi",17351,"9:48:53",NA,38.097,1.182,4309.95,8.646,NA,NA,455.823,443.372,-4262.782,1,"KelliiWood",105,"N/A",2019,25,37,"Line","rockfish","rosethorn",150,150,10,"","","","",""
"1065","SL_2019_EYKT_Dive_25_09-39-10.000.avi",18884,"9:49:44",NA,43.817,3.974,4359.3,19.75,NA,NA,-1337.739,600.331,-4105.308,1,"KelliiWood",105,"N/A",2019,25,37,"Line","rockfish","rosethorn",150,150,11,"","","","",""
"1066","SL_2019_EYKT_Dive_25_09-39-10.000.avi",19681,"9:50:11",NA,40.883,1.742,4250.878,24.628,NA,NA,1712.21,438.746,-3865.981,1,"KelliiWood",105,"N/A",2019,25,37,"Line","rockfish","rosethorn",150,150,12,"","","","",""
"1067","SL_2019_EYKT_Dive_25_09-39-10.000.avi",19920,"9:50:19",NA,47.713,3.174,4727.031,31.776,NA,NA,-2421.486,560.88,-4020.776,1,"KelliiWood",105,"N/A",2019,25,37,"Line","rockfish","rosethorn",150,150,13,"","","","",""
"1068","SL_2019_EYKT_Dive_25_09-39-10.000.avi",20603,"9:50:42",NA,45.171,0.245,4600.241,26.628,NA,NA,2060.42,58.407,-4112.599,1,"KelliiWood",105,"N/A",2019,25,37,"Line","eel","wolf eel",217,217,14,"","","","",""
"1069","SL_2019_EYKT_Dive_25_09-39-10.000.avi",21411,"9:51:09",NA,57.471,1.744,5038.752,29.802,NA,NA,2288.33,999.903,-4376.386,1,"KelliiWood",105,"N/A",2019,25,37,"Line","rockfish","silvergray",157,157,15,"","","","",""
"1070","SL_2019_EYKT_Dive_25_09-39-10.000.avi",45400,"10:04:28",701.773,7.134,1.67,1210.256,15.85,41.347,16.664,227.263,-240.023,-1164.242,1,"KelliiWood",105,"N/A",2019,25,37,"Line","halibut","halibut",200,200,16,"","","","",""
"1071","SL_2019_EYKT_Dive_25_09-39-10.000.avi",49448,"10:06:43",560.144,30.912,1.379,5857.775,6.907,5.63,40.506,-703.562,-35.888,-5815.26,1,"KelliiWood",105,"N/A",2019,25,37,"Line","rockfish","yelloweye",145,145,17,"AD","Fish actively swimming in frame","","",""
"1072","SL_2019_EYKT_Dive_25_09-39-10.000.avi",50746,"10:07:27",NA,18.429,0.612,2811.346,20.325,NA,NA,872.735,-448.616,-2634.529,1,"KelliiWood",105,"N/A",2019,25,37,"Line","rockfish","yelloweye",145,145,18,"AD","Attracted","","NO LENGTH; facing ROV",""
"1073","SL_2019_EYKT_Dive_25_09-39-10.000.avi",51472,"10:07:51",NA,40.588,7.686,4157.561,27.443,NA,NA,1636.168,982.409,-3693.662,1,"KelliiWood",105,"N/A",2019,25,37,"Line","rockfish","rosethorn",150,150,19,"","","","",""
"1074","SL_2019_EYKT_Dive_25_09-39-10.000.avi",53393,"10:08:55",NA,84.208,1.071,6272.291,11.683,NA,NA,975.063,789.368,-6145.55,1,"KelliiWood",105,"N/A",2019,25,37,"Line","rockfish","rosethorn",150,150,20,"","","","",""
"1075","SL_2019_EYKT_Dive_25_09-39-10.000.avi",54286,"10:09:25",NA,81.135,3.954,6029.643,18.426,NA,NA,-1865.843,-411.333,-5718.918,1,"KelliiWood",105,"N/A",2019,25,37,"Line","rockfish","rosethorn",150,150,21,"","","","",""
"1076","SL_2019_EYKT_Dive_25_09-39-10.000.avi",56708,"10:10:45",186.502,53.634,0.91,4091.297,10.397,27.46,16.375,-322.581,664.183,-4024.117,1,"KelliiWood",105,"N/A",2019,25,37,"Line","rockfish","yelloweye",145,145,22,"JV","Fish milling/hovering","","",""
"1077","SL_2019_EYKT_Dive_25_09-39-10.000.avi",57322,"10:11:06",261.218,63.959,2.97,4846.403,27.099,10.713,29.073,2180.671,-344.319,-4314.365,1,"KelliiWood",105,"N/A",2019,25,37,"Line","rockfish","yelloweye",145,145,23,"JV","Fish resting on bottom","","",""
"1078","SL_2019_EYKT_Dive_25_09-39-10.000.avi",57659,"10:11:17",NA,45.854,5.675,4867.253,4.734,NA,NA,316.977,-266.144,-4849.624,1,"KelliiWood",105,"N/A",2019,25,37,"Line","rockfish","dusky",172,172,24,"","","","",""
"1079","SL_2019_EYKT_Dive_25_09-39-10.000.avi",57659,"10:11:17",NA,36.966,0.762,4327.406,7.403,NA,NA,18.667,-574.43,-4289.07,1,"KelliiWood",105,"N/A",2019,25,37,"Line","rockfish","dusky",172,172,25,"","","","",""
"1080","SL_2019_EYKT_Dive_25_09-39-10.000.avi",57718,"10:11:19",NA,60.229,0.987,5155.844,27.592,NA,NA,-2293.519,647.061,-4572.069,1,"KelliiWood",105,"N/A",2019,25,37,"Line","rockfish","dusky",172,172,26,"","","","",""
"1081","SL_2019_EYKT_Dive_25_09-39-10.000.avi",57854,"10:11:23",159.987,88.231,2.396,4607.139,14.703,41.991,30.633,-1037.402,539.585,-4456.273,1,"KelliiWood",105,"N/A",2019,25,37,"Line","rockfish","yelloweye",145,145,27,"JV","Fish resting on bottom","","",""
"1082","SL_2019_EYKT_Dive_25_09-39-10.000.avi",59181,"10:12:08",276.418,33.092,0.944,4182.374,26.191,0.51,38.042,598.636,-1746.196,-3752.957,1,"KelliiWood",105,"N/A",2019,25,37,"Line","rockfish","yelloweye",145,145,26,"JV","Fish resting on bottom","","",""
"1083","SL_2019_EYKT_Dive_25_09-39-10.000.avi",59274,"10:12:11",324.767,63.659,0.294,3508.287,21.306,83.962,38.63,-871.623,-930.137,-3268.515,1,"KelliiWood",105,"N/A",2019,25,37,"Line","rockfish","yelloweye",145,145,27,"SU","Fish actively swimming in frame","","",""
"1084","SL_2019_EYKT_Dive_25_09-39-10.000.avi",59354,"10:12:13",208.47,90.015,0.286,4875.622,19.214,37.687,31.437,-1398.153,-787.18,-4604.042,1,"KelliiWood",105,"N/A",2019,25,37,"Line","rockfish","yelloweye",145,145,28,"JV","Fish resting on bottom","","",""
"1085","SL_2019_EYKT_Dive_25_09-39-10.000.avi",59364,"10:12:14",400.951,126.701,2.074,4800.027,20.326,55.887,11.49,-1490.485,-747.334,-4501.133,1,"KelliiWood",105,"N/A",2019,25,37,"Line","rockfish","yelloweye",145,145,74,"JV","Fish resting on bottom","","MISSED FIRST ROUND",""
"1086","SL_2019_EYKT_Dive_25_09-39-10.000.avi",59730,"10:12:26",212.491,213.549,2.134,6185.676,6.289,76.457,37.592,-567.613,-370.096,-6148.45,1,"KelliiWood",105,"N/A",2019,25,37,"Line","rockfish","yelloweye",145,145,29,"JV","Fish milling/hovering","","",""
"1087","SL_2019_EYKT_Dive_25_09-39-10.000.avi",59730,"10:12:26",NA,79.733,2.828,6203.75,8.733,NA,NA,-679.063,-677.267,-6129.168,1,"KelliiWood",105,"N/A",2019,25,37,"Line","eel","unknown",10000,10000,30,"","","","Dark fish"," but can't tell what it is"
"1088","SL_2019_EYKT_Dive_25_09-39-10.000.avi",60642,"10:12:56",NA,67.493,4.789,5520.617,25.765,NA,NA,-2383.439,-298.593,-4970.642,1,"KelliiWood",105,"N/A",2019,25,37,"Line","rockfish","dusky",172,172,31,"","","","",""
"1089","SL_2019_EYKT_Dive_25_09-39-10.000.avi",60858,"10:13:04",NA,25.963,1.075,3532.828,8.655,NA,NA,-386.887,-378.578,-3491.113,1,"KelliiWood",105,"N/A",2019,25,37,"Line","rockfish","dusky",172,172,32,"","","","",""
"1090","SL_2019_EYKT_Dive_25_09-39-10.000.avi",61303,"10:13:18",1345.957,215.954,0.937,6094.019,3.847,55.581,18.832,381.024,148.281,-6080.288,1,"KelliiWood",105,"N/A",2019,25,37,"Line","greenling","lingcod",130,130,33,"","","","",""
"1091","SL_2019_EYKT_Dive_25_09-39-10.000.avi",61401,"10:13:22",NA,62.21,0.853,5371.291,13.713,NA,NA,-1238.3,-317.508,-5216.95,1,"KelliiWood",105,"N/A",2019,25,37,"Line","greenling","kelp greenling",194,194,34,"","","","",""
"1092","SL_2019_EYKT_Dive_25_09-39-10.000.avi",61797,"10:13:35",NA,40.535,0.623,4540.176,6.354,NA,NA,-441.456,221.895,-4513.212,1,"KelliiWood",105,"N/A",2019,25,37,"Line","rockfish","dusky",172,172,35,"","","","",""
"1093","SL_2019_EYKT_Dive_25_09-39-10.000.avi",62176,"10:13:48",205.625,43.428,1.553,3783.213,30.823,9.193,21.367,-1929.82,182.894,-3248.852,1,"KelliiWood",105,"N/A",2019,25,37,"Line","rockfish","yelloweye",145,145,36,"JV","Fish milling/hovering","","",""
"1094","SL_2019_EYKT_Dive_25_09-39-10.000.avi",62176,"10:13:48",NA,87.561,1.628,6296.499,15.217,NA,NA,796.448,1423.784,-6081.481,1,"KelliiWood",105,"N/A",2019,25,37,"Line","rockfish","dusky",172,172,37,"","","","",""
"1095","SL_2019_EYKT_Dive_25_09-39-10.000.avi",62373,"10:13:54",NA,76.875,1.462,6124.151,9.254,NA,NA,875.402,427.057,-6046.199,1,"KelliiWood",105,"N/A",2019,25,37,"Line","rockfish","dusky",172,172,38,"","","","",""
"1096","SL_2019_EYKT_Dive_25_09-39-10.000.avi",66550,"10:16:13",NA,76.322,0.436,5846.243,23.518,NA,NA,2302.454,-396.844,-5359.083,1,"KelliiWood",105,"N/A",2019,25,37,"Line","rockfish","rosethorn",150,150,39,"","","","",""
"1097","SL_2019_EYKT_Dive_25_09-39-10.000.avi",66645,"10:16:16",NA,100.514,0.543,6776.005,12.753,NA,NA,1177.762,-948.63,-6605.091,1,"KelliiWood",105,"N/A",2019,25,37,"Line","rockfish","rosethorn",150,150,40,"","","","",""
"1098","SL_2019_EYKT_Dive_25_09-39-10.000.avi",66960,"10:16:27",NA,92.672,0.392,6257.046,28.887,NA,NA,-1689.1,2484.797,-5488.474,1,"KelliiWood",105,"N/A",2019,25,37,"Line","rockfish","silvergray",157,157,41,"","","","",""
"1099","SL_2019_EYKT_Dive_25_09-39-10.000.avi",68251,"10:17:10",NA,48.793,1.597,4741.716,21.28,NA,NA,1720.86,-31.306,-4418.317,1,"KelliiWood",105,"N/A",2019,25,37,"Line","rockfish","rosethorn",150,150,42,"","","","",""
"1100","SL_2019_EYKT_Dive_25_09-39-10.000.avi",69434,"10:17:49",NA,66.797,1.079,5689.504,11.179,NA,NA,1077.767,212.319,-5582.454,1,"KelliiWood",105,"N/A",2019,25,37,"Line","rockfish","rosethorn",150,150,43,"","","","",""
"1101","SL_2019_EYKT_Dive_25_09-39-10.000.avi",69570,"10:17:54",NA,62.741,3.08,5525.067,11.745,NA,NA,1124.548,-39.528,-5409.269,1,"KelliiWood",105,"N/A",2019,25,37,"Line","rockfish","rosethorn",150,150,44,"","","","",""
"1102","SL_2019_EYKT_Dive_25_09-39-10.000.avi",71572,"10:19:01",NA,56.898,2.684,5377.626,5.797,NA,NA,455.806,-316.766,-5348.902,1,"KelliiWood",105,"N/A",2019,25,37,"Line","rockfish","rosethorn",150,150,45,"","","","",""
"1103","SL_2019_EYKT_Dive_25_09-39-10.000.avi",72893,"10:19:45",NA,86.142,1.728,6650.351,5.324,NA,NA,511.05,-372.311,-6620.225,1,"KelliiWood",105,"N/A",2019,25,37,"Line","rockfish","rosethorn",150,150,46,"","","","",""
"1104","SL_2019_EYKT_Dive_25_09-39-10.000.avi",73505,"10:20:05",NA,102.106,3.099,6916.346,31.849,NA,NA,-3544.743,845.049,-5878.48,1,"KelliiWood",105,"N/A",2019,25,37,"Line","eel","unknown",10000,10000,47,"","","","",""
"1105","SL_2019_EYKT_Dive_25_09-39-10.000.avi",73505,"10:20:05",NA,63.44,5.085,5293.443,17.441,NA,NA,-1440.147,645.59,-5052.695,1,"KelliiWood",105,"N/A",2019,25,37,"Line","eel","unknown",10000,10000,48,"","","","",""
"1106","SL_2019_EYKT_Dive_25_09-39-10.000.avi",74103,"10:20:25",NA,63.135,3.047,5388.283,18.254,NA,NA,1681.64,-163.784,-5116.527,1,"KelliiWood",105,"N/A",2019,25,37,"Line","rockfish","rosethorn",150,150,49,"","","","",""
"1107","SL_2019_EYKT_Dive_25_09-39-10.000.avi",74210,"10:20:29",NA,32.295,3.009,4197.666,2.019,NA,NA,-50.644,122.188,-4195.582,1,"KelliiWood",105,"N/A",2019,25,37,"Line","rockfish","rosethorn",150,150,50,"","","","",""
"1108","SL_2019_EYKT_Dive_25_09-39-10.000.avi",74433,"10:20:36",NA,94.012,5.144,6693.896,29.395,NA,NA,3269.471,301.275,-5833.355,1,"KelliiWood",105,"N/A",2019,25,37,"Line","rockfish","yelloweye",145,145,51,"AD","Fish milling/hovering","","NO LENGTH; too far away",""
"1109","SL_2019_EYKT_Dive_25_09-39-10.000.avi",74519,"10:20:39",NA,50.122,1.676,4847.279,18.612,NA,NA,-101.375,1525.293,-4599.926,1,"KelliiWood",105,"N/A",2019,25,37,"Line","rockfish","rosethorn",150,150,52,"","","","",""
"1110","SL_2019_EYKT_Dive_25_09-39-10.000.avi",75265,"10:21:04",250.265,61.175,0.189,5779.544,15.116,13.616,40.299,-1290.567,778.521,-5579.559,1,"KelliiWood",105,"N/A",2019,25,37,"Line","rockfish","yelloweye",145,145,53,"JV","Fish milling/hovering","","",""
"1111","SL_2019_EYKT_Dive_25_09-39-10.000.avi",75265,"10:21:04",485.004,95.289,1.053,7401.122,4.856,12.877,1.54,620.402,87.496,-7374.554,1,"KelliiWood",105,"N/A",2019,25,37,"Line","rockfish","yelloweye",145,145,54,"AD","Fish milling/hovering","","",""
"1112","SL_2019_EYKT_Dive_25_09-39-10.000.avi",75308,"10:21:05",NA,19.854,1.646,2950.676,16.992,NA,NA,459.875,-740.721,-2818.925,1,"KelliiWood",105,"N/A",2019,25,37,"Line","rockfish","rosethorn",150,150,55,"","","","",""
"1113","SL_2019_EYKT_Dive_25_09-39-10.000.avi",75730,"10:21:19",284.418,54.145,1.073,5854.406,16.219,80.381,76.762,-1630.723,-121.129,-5621.401,1,"KelliiWood",105,"N/A",2019,25,37,"Line","rockfish","yelloweye",145,145,75,"JV","Fish milling/hovering","","MISSED FIRST ROUND",""
"1114","SL_2019_EYKT_Dive_25_09-39-10.000.avi",75737,"10:21:20",NA,42.376,0.162,4424.596,27.156,NA,NA,2011.059,-199.343,-3936.109,1,"KelliiWood",105,"N/A",2019,25,37,"Line","rockfish","rosethorn",150,150,56,"","","","",""
"1115","SL_2019_EYKT_Dive_25_09-39-10.000.avi",76875,"10:21:57",378.698,109.866,0.435,5107.465,20.177,42.858,28.907,-1608.611,-718.154,-4794.041,1,"KelliiWood",105,"N/A",2019,25,37,"Line","rockfish","yelloweye",145,145,57,"SU","Fish milling/hovering","","",""
"1116","SL_2019_EYKT_Dive_25_09-39-10.000.avi",78436,"10:22:49",NA,30.645,0.199,3789.469,13.809,NA,NA,-191.494,-898.706,-3676.375,1,"KelliiWood",105,"N/A",2019,25,37,"Line","rockfish","rosethorn",150,150,58,"","","","",""
"1117","SL_2019_EYKT_Dive_25_09-39-10.000.avi",79129,"10:23:13",154.638,56.01,0.121,3370.36,11.22,44.361,5.656,275.784,-594.978,-3305.945,1,"KelliiWood",105,"N/A",2019,25,37,"Line","rockfish","yelloweye",145,145,60,"JV","Fish milling/hovering","","",""
"1118","SL_2019_EYKT_Dive_25_09-39-10.000.avi",79129,"10:23:13",NA,27.529,0.691,3639.248,12.457,NA,NA,39.206,-798.232,-3550.41,1,"KelliiWood",105,"N/A",2019,25,37,"Line","rockfish","rosethorn",150,150,59,"","","","",""
"1119","SL_2019_EYKT_Dive_25_09-39-10.000.avi",79296,"10:23:18",NA,49.044,0.766,4754.65,12.545,NA,NA,-658.56,776.898,-4644.289,1,"KelliiWood",105,"N/A",2019,25,37,"Line","rockfish","tiger",148,148,61,"","","","",""
"1120","SL_2019_EYKT_Dive_25_09-39-10.000.avi",79778,"10:23:34",156.58,22.675,2.61,4713.469,5.711,10.948,50.27,-436.519,-171.717,-4690.07,1,"KelliiWood",105,"N/A",2019,25,37,"Line","rockfish","yelloweye",145,145,62,"JV","Fish resting on bottom","","",""
"1121","SL_2019_EYKT_Dive_25_09-39-10.000.avi",80224,"10:23:49",NA,22.656,0.182,3499.868,1.23,NA,NA,-32.497,-81.711,-3498.763,1,"KelliiWood",105,"N/A",2019,25,37,"Line","rockfish","dark",173,173,63,"","","","Deep for a dark"," but it looks like on"
"1122","SL_2019_EYKT_Dive_25_09-39-10.000.avi",80869,"10:24:11",NA,15.983,2.11,2723.328,11.42,NA,NA,479.017,-258.245,-2668.402,1,"KelliiWood",105,"N/A",2019,25,37,"Line","rockfish","rosethorn",150,150,64,"","","","",""
"1123","SL_2019_EYKT_Dive_25_09-39-10.000.avi",80934,"10:24:13",455.408,32.457,1.866,2813.293,25.72,32.511,0.112,1220.837,-13.281,-2534.561,1,"KelliiWood",105,"N/A",2019,25,37,"Line","rockfish","yelloweye",145,145,65,"AD","Fish resting on bottom","","",""
"1124","SL_2019_EYKT_Dive_25_09-39-10.000.avi",83022,"10:25:22",NA,62.551,1.057,5571.432,9.16,NA,NA,881.843,-116.774,-5499.961,1,"KelliiWood",105,"N/A",2019,25,37,"Line","rockfish","rosethorn",150,150,66,"","","","",""
"1125","SL_2019_EYKT_Dive_25_09-39-10.000.avi",83203,"10:25:28",607.556,50.14,0.664,4086.104,32.389,19.863,16.07,1844.747,1178.035,-3450.419,1,"KelliiWood",105,"N/A",2019,25,37,"Line","rockfish","yelloweye",145,145,67,"AD","Fish milling/hovering","","",""
"1126","SL_2019_EYKT_Dive_25_09-39-10.000.avi",83334,"10:25:33",NA,58.085,0.98,5120.259,26.186,NA,NA,-2232.232,331.764,-4596.098,1,"KelliiWood",105,"N/A",2019,25,37,"Line","rockfish","rosethorn",150,150,68,"","","","",""
"1127","SL_2019_EYKT_Dive_25_09-39-10.000.avi",83461,"10:25:37",NA,38.185,1.267,4189.992,22.394,NA,NA,1594.465,59.879,-3874.291,1,"KelliiWood",105,"N/A",2019,25,37,"Line","rockfish","rosethorn",150,150,69,"","","","",""
"1128","SL_2019_EYKT_Dive_25_09-39-10.000.avi",83510,"10:25:39",NA,38.686,3.715,4545.971,3.549,NA,NA,137.585,227.343,-4538.197,1,"KelliiWood",105,"N/A",2019,25,37,"Line","rockfish","rosethorn",150,150,70,"","","","",""
"1129","SL_2019_EYKT_Dive_25_09-39-10.000.avi",83852,"10:25:50",698.886,36.047,0.645,4028.155,17.544,8.565,16.531,-1119.141,-471.009,-3840.795,1,"KelliiWood",105,"N/A",2019,25,37,"Line","greenling","lingcod",130,130,71,"","","","",""
"1130","SL_2019_EYKT_Dive_25_09-39-10.000.avi",84221,"10:26:02",640.56,49.409,2.359,2896.812,12.126,53.466,5.605,-598.195,-111.62,-2832.176,1,"KelliiWood",105,"N/A",2019,25,37,"Line","rockfish","yelloweye",145,145,72,"AD","Fish actively swimming in frame","","",""
"1131","SL_2019_EYKT_Dive_25_09-39-10.000.avi",84704,"10:26:18",NA,113.081,2.196,6943.02,20.733,NA,NA,-1524.704,1901.82,-6501.068,1,"KelliiWood",105,"N/A",2019,25,37,"Line","rockfish","rosethorn",150,150,73,"","","","",""
"1132","SL_2019_EYKT_Dive_26_11-10-15.000.avi",10853,"11:16:21",NA,8.766,1.293,1938.646,30.656,NA,NA,563.968,-818.489,-1664.441,1,"KelliiWood",115,"N/A",2019,26,36,"Line","rockfish","yelloweye",145,145,229,"JV","Fish resting on bottom","","NO LENGTH - MISSED 1st ROUND",""
"1133","SL_2019_EYKT_Dive_26_11-10-15.000.avi",19441,"11:21:07",NA,44.675,0.894,4500.402,27.858,NA,NA,-2070.584,351.804,-3980.268,1,"KelliiWood",115,"N/A",2019,26,36,"Line","rockfish","rosethorn",150,150,1,"","","","",""
"1134","SL_2019_EYKT_Dive_26_11-10-15.000.avi",20067,"11:21:28",776.54,89.391,1.408,5486.689,33.843,20.095,0.281,-2402.045,1888.684,-4557.061,1,"KelliiWood",115,"N/A",2019,26,36,"Line","rockfish","yelloweye",145,145,2,"AD","Fish milling/hovering","","",""
"1135","SL_2019_EYKT_Dive_26_11-10-15.000.avi",20067,"11:21:28",NA,46.689,0.65,4523.846,17.276,NA,NA,-1152.702,672.814,-4322.474,1,"KelliiWood",115,"N/A",2019,26,36,"Line","rockfish","rosethorn",150,150,3,"","","","",""
"1136","SL_2019_EYKT_Dive_26_11-10-15.000.avi",20067,"11:21:28",NA,40.033,0.443,4152.465,19.125,NA,NA,893.46,1010.243,-3927.353,1,"KelliiWood",115,"N/A",2019,26,36,"Line","rockfish","rosethorn",150,150,4,"","","","",""
"1137","SL_2019_EYKT_Dive_26_11-10-15.000.avi",20595,"11:21:45",671.916,26.407,3.562,3354.671,24.718,0.168,19.914,1178.919,760.165,-3047.312,1,"KelliiWood",115,"N/A",2019,26,36,"Line","rockfish","yelloweye",145,145,5,"AD","Fish milling/hovering","","",""
"1138","SL_2019_EYKT_Dive_26_11-10-15.000.avi",21160,"11:22:04",NA,18.547,3.862,2838.134,16.77,NA,NA,-544.073,-622.884,-2714.959,1,"KelliiWood",115,"N/A",2019,26,36,"Line","rockfish","rosethorn",150,150,6,"","","","",""
"1139","SL_2019_EYKT_Dive_26_11-10-15.000.avi",21639,"11:22:20",NA,37.082,1.005,4210.232,14.457,NA,NA,85.475,1031.278,-4081.08,1,"KelliiWood",115,"N/A",2019,26,36,"Line","rockfish","tiger",148,148,7,"","","","",""
"1140","SL_2019_EYKT_Dive_26_11-10-15.000.avi",22683,"11:22:55",701.024,59.831,0.839,4358.954,13.592,26.072,5.479,-347.892,963.517,-4236.872,1,"KelliiWood",115,"N/A",2019,26,36,"Line","rockfish","yelloweye",145,145,8,"AD","Fish milling/hovering","","",""
"1141","SL_2019_EYKT_Dive_26_11-10-15.000.avi",22720,"11:22:56",631.921,47.195,4.164,4026.981,29.388,2.262,1.742,1855.425,680.008,-3508.784,1,"KelliiWood",115,"N/A",2019,26,36,"Line","rockfish","yelloweye",145,145,9,"AD","Fish moving quickly into frame","","",""
"1142","SL_2019_EYKT_Dive_26_11-10-15.000.avi",23006,"11:23:06",NA,17.597,0.749,2844.923,29.524,NA,NA,1369.542,289.84,-2476.678,1,"KelliiWood",115,"N/A",2019,26,36,"Line","rockfish","tiger",148,148,10,"","","","",""
"1143","SL_2019_EYKT_Dive_26_11-10-15.000.avi",23207,"11:23:13",791.719,155.927,1.967,5641.581,16.416,45.22,2.758,-592.81,1480.047,-5411.606,1,"KelliiWood",115,"N/A",2019,26,36,"Line","rockfish","yelloweye",145,145,11,"AD","Fish milling/hovering","","",""
"1144","SL_2019_EYKT_Dive_26_11-10-15.000.avi",23296,"11:23:16",NA,17.859,2.175,2864.245,25.608,NA,NA,1237.23,-52.721,-2582.709,1,"KelliiWood",115,"N/A",2019,26,36,"Line","rockfish","rosethorn",150,150,12,"","","","",""
"1145","SL_2019_EYKT_Dive_26_11-10-15.000.avi",23700,"11:23:29",NA,26.479,1.684,3362.263,19.876,NA,NA,-997.987,-570.117,-3159.716,1,"KelliiWood",115,"N/A",2019,26,36,"Line","rockfish","tiger",148,148,13,"","","","",""
"1146","SL_2019_EYKT_Dive_26_11-10-15.000.avi",24627,"11:24:00",NA,45.547,2.929,4609.293,11.861,NA,NA,-811.096,471.525,-4512.8,1,"KelliiWood",115,"N/A",2019,26,36,"Line","rockfish","rosethorn",150,150,14,"","","","",""
"1147","SL_2019_EYKT_Dive_26_11-10-15.000.avi",24627,"11:24:00",NA,6.1,0.103,1651.276,31.584,NA,NA,773.436,-392.611,-1405.122,1,"KelliiWood",115,"N/A",2019,26,36,"Line","rockfish","rosethorn",150,150,15,"","","","",""
"1148","SL_2019_EYKT_Dive_26_11-10-15.000.avi",24627,"11:24:00",NA,24.063,2.592,3207.128,25.908,NA,NA,1250.398,620.949,-2887.316,1,"KelliiWood",115,"N/A",2019,26,36,"Line","rockfish","rosethorn",150,150,16,"","","","",""
"1149","SL_2019_EYKT_Dive_26_11-10-15.000.avi",26107,"11:24:49",541.727,63.976,2.035,5807.249,24.896,1.473,20.515,1574.799,1869.861,-5267.615,1,"KelliiWood",115,"N/A",2019,26,36,"Line","rockfish","yelloweye",145,145,13,"AD","Feeding","","",""
"1150","SL_2019_EYKT_Dive_26_11-10-15.000.avi",26622,"11:25:06",NA,36.455,0.864,4024.144,15.521,NA,NA,-694.073,807.782,-3880.656,1,"KelliiWood",115,"N/A",2019,26,36,"Line","rockfish","rosethorn",150,150,17,"","","","",""
"1151","SL_2019_EYKT_Dive_26_11-10-15.000.avi",26964,"11:25:18",NA,19.549,0.657,3047.428,11.915,NA,NA,-617.312,109.73,-2982.232,1,"KelliiWood",115,"N/A",2019,26,36,"Line","rockfish","rosethorn",150,150,18,"","","","",""
"1152","SL_2019_EYKT_Dive_26_11-10-15.000.avi",27734,"11:25:43",NA,62.831,0.168,5151.487,23.353,NA,NA,1253.724,1592.848,-4735.908,1,"KelliiWood",115,"N/A",2019,26,36,"Line","rockfish","rosethorn",150,150,19,"","","","",""
"1153","SL_2019_EYKT_Dive_26_11-10-15.000.avi",27950,"11:25:51",651.989,115.297,1.523,5137.7,31.436,56.32,21.452,2067.759,1704.193,-4383.613,1,"KelliiWood",115,"N/A",2019,26,36,"Line","rockfish","yelloweye",145,145,20,"AD","Fish milling/hovering","","",""
"1154","SL_2019_EYKT_Dive_26_11-10-15.000.avi",28157,"11:25:58",899.285,30.376,3.784,3864.559,10.671,13.887,12.952,-437.286,566.47,-3797.724,1,"KelliiWood",115,"N/A",2019,26,36,"Line","prowfish","prowfish",215,215,21,"","","","",""
"1155","SL_2019_EYKT_Dive_26_11-10-15.000.avi",28157,"11:25:58",NA,66.353,3.995,5381.607,21.689,NA,NA,-1890.398,598.127,-5003.032,1,"KelliiWood",115,"N/A",2019,26,36,"Line","rockfish","rosethorn",150,150,22,"","","","",""
"1156","SL_2019_EYKT_Dive_26_11-10-15.000.avi",28408,"11:26:06",NA,34.877,0.879,3938.499,15.461,NA,NA,811.992,650.402,-3798.608,1,"KelliiWood",115,"N/A",2019,26,36,"Line","rockfish","rosethorn",150,150,23,"","","","",""
"1157","SL_2019_EYKT_Dive_26_11-10-15.000.avi",28459,"11:26:08",447.84,34.577,3.029,4423.97,15.245,14.538,2.326,79.713,1160.54,-4268.291,1,"KelliiWood",115,"N/A",2019,26,36,"Line","rockfish","yelloweye",145,145,24,"AD","Fish chasing other fish","","",""
"1158","SL_2019_EYKT_Dive_26_11-10-15.000.avi",28571,"11:26:11",635.397,51.54,0.375,3456.416,27.748,45.706,15.305,1098.38,1176.125,-3058.938,1,"KelliiWood",115,"N/A",2019,26,36,"Line","rockfish","yelloweye",145,145,26,"AD","Fish chasing other fish","","",""
"1159","SL_2019_EYKT_Dive_26_11-10-15.000.avi",28571,"11:26:11",741.294,80.918,1.093,4086.391,30.008,59.57,14.09,1686.074,1154.886,-3538.641,1,"KelliiWood",115,"N/A",2019,26,36,"Line","rockfish","yelloweye",145,145,27,"AD","Fish chasing other fish","","",""
"1160","SL_2019_EYKT_Dive_26_11-10-15.000.avi",28571,"11:26:11",NA,63.148,1.056,5440.398,15.846,NA,NA,-254.097,1442.625,-5239.484,1,"KelliiWood",115,"N/A",2019,26,36,"Line","rockfish","tiger",148,148,25,"","","","",""
"1161","SL_2019_EYKT_Dive_26_11-10-15.000.avi",29074,"11:26:28",NA,34.653,0.971,4092.243,9.636,NA,NA,341.495,577.605,-4036.857,1,"KelliiWood",115,"N/A",2019,26,36,"Line","rockfish","rosethorn",150,150,28,"","","","",""
"1162","SL_2019_EYKT_Dive_26_11-10-15.000.avi",29983,"11:26:58",NA,24.999,0.175,3307.933,20.093,NA,NA,1062.581,390.546,-3108.186,1,"KelliiWood",115,"N/A",2019,26,36,"Line","rockfish","silvergray",157,157,29,"","","","",""
"1163","SL_2019_EYKT_Dive_26_11-10-15.000.avi",30484,"11:27:15",NA,39.345,0.411,4317.427,13.797,NA,NA,-1029.099,-50.099,-4192.686,1,"KelliiWood",115,"N/A",2019,26,36,"Line","rockfish","rosethorn",150,150,30,"","","","",""
"1164","SL_2019_EYKT_Dive_26_11-10-15.000.avi",30650,"11:27:21",NA,38.718,0.213,4296.502,28.447,NA,NA,2046.36,16.549,-3777.839,1,"KelliiWood",115,"N/A",2019,26,36,"Line","rockfish","rosethorn",150,150,31,"","","","",""
"1165","SL_2019_EYKT_Dive_26_11-10-15.000.avi",30956,"11:27:31",NA,34.422,3.816,4125.272,9.648,NA,NA,691.288,-7.348,-4066.932,1,"KelliiWood",115,"N/A",2019,26,36,"Line","rockfish","rosethorn",150,150,32,"","","","",""
"1166","SL_2019_EYKT_Dive_26_11-10-15.000.avi",31077,"11:27:35",606.537,72.898,1.955,4660.619,4.515,27.644,9.77,86.59,356.537,-4646.155,1,"KelliiWood",115,"N/A",2019,26,36,"Line","greenling","lingcod",130,130,33,"","","","",""
"1167","SL_2019_EYKT_Dive_26_11-10-15.000.avi",31077,"11:27:35",847.173,108.145,3.041,5572.406,9.513,28.822,14.297,-757.751,523.485,-5495.769,1,"KelliiWood",115,"N/A",2019,26,36,"Line","greenling","lingcod",130,130,34,"","","","",""
"1168","SL_2019_EYKT_Dive_26_11-10-15.000.avi",31109,"11:27:36",NA,61.072,7.747,5141.948,21.949,NA,NA,1767.715,735.232,-4772.237,1,"KelliiWood",115,"N/A",2019,26,36,"Line","greenling","lingcod",130,130,35,"","","","NO LENGTH; too far away",""
"1169","SL_2019_EYKT_Dive_26_11-10-15.000.avi",31109,"11:27:36",NA,67.713,1.95,5351.539,22.393,NA,NA,-1719.722,1075.145,-4952.331,1,"KelliiWood",115,"N/A",2019,26,36,"Line","greenling","lingcod",130,130,36,"","","","NO LENGTH; too dark",""
"1170","SL_2019_EYKT_Dive_26_11-10-15.000.avi",31513,"11:27:49",927.6,160.361,0.482,6652.486,14.235,31.082,10.452,-759.714,1448.789,-6448.21,1,"KelliiWood",115,"N/A",2019,26,36,"Line","greenling","lingcod",130,130,37,"","","","",""
"1171","SL_2019_EYKT_Dive_26_11-10-15.000.avi",32726,"11:28:30",609.604,75.028,0.803,5095.064,14.826,22.612,14.525,985.345,853.665,-4925.447,1,"KelliiWood",115,"N/A",2019,26,36,"Line","rockfish","yelloweye",145,145,38,"AD","Fish milling/hovering","","",""
"1172","SL_2019_EYKT_Dive_26_11-10-15.000.avi",34532,"11:29:30",NA,37.997,1.301,4067.313,17.43,NA,NA,-974.576,715.563,-3883.453,1,"KelliiWood",115,"N/A",2019,26,36,"Line","rockfish","rosethorn",150,150,39,"","","","",""
"1173","SL_2019_EYKT_Dive_26_11-10-15.000.avi",34758,"11:29:38",613.412,98.232,0.597,5997.851,26.917,11.285,8.47,-2272.607,1485.84,-5348.061,1,"KelliiWood",115,"N/A",2019,26,36,"Line","rockfish","yelloweye",145,145,37,"AD","Fish milling/hovering","","",""
"1174","SL_2019_EYKT_Dive_26_11-10-15.000.avi",34943,"11:29:44",NA,26.526,0.351,3712.842,5.57,NA,NA,50.024,342.101,-3696.709,1,"KelliiWood",115,"N/A",2019,26,36,"Line","rockfish","rosethorn",150,150,40,"","","","",""
"1175","SL_2019_EYKT_Dive_26_11-10-15.000.avi",35033,"11:29:47",NA,12.574,0.352,2297.94,21.973,NA,NA,594.308,-629.861,-2128.521,1,"KelliiWood",115,"N/A",2019,26,36,"Line","rockfish","tiger",148,148,41,"","","","",""
"1176","SL_2019_EYKT_Dive_26_11-10-15.000.avi",35968,"11:30:18",NA,51.925,2.063,4705.787,23.148,NA,NA,-1667.846,782.97,-4330.09,1,"KelliiWood",115,"N/A",2019,26,36,"Line","rockfish","rosethorn",150,150,42,"","","","",""
"1177","SL_2019_EYKT_Dive_26_11-10-15.000.avi",35968,"11:30:18",NA,37.552,0.904,4118.167,14.439,NA,NA,611.375,809.091,-3991.352,1,"KelliiWood",115,"N/A",2019,26,36,"Line","rockfish","rosethorn",150,150,43,"","","","",""
"1178","SL_2019_EYKT_Dive_26_11-10-15.000.avi",35968,"11:30:18",NA,50.047,1.013,4621.404,20.293,NA,NA,1141.102,1108.202,-4339.027,1,"KelliiWood",115,"N/A",2019,26,36,"Line","rockfish","rosethorn",150,150,44,"","","","",""
"1179","SL_2019_EYKT_Dive_26_11-10-15.000.avi",36066,"11:30:21",602.2,57.68,1.679,4824.292,21.537,16.415,19.387,1258.177,1246.381,-4487.462,1,"KelliiWood",115,"N/A",2019,26,36,"Line","rockfish","yelloweye",145,145,45,"AD","Fish milling/hovering","","",""
"1180","SL_2019_EYKT_Dive_26_11-10-15.000.avi",36066,"11:30:21",NA,8.471,1.839,1959.576,34.327,NA,NA,-896.982,-651.838,-1615.695,1,"KelliiWood",115,"N/A",2019,26,36,"Line","eel","wolf eel",217,217,46,"","","","",""
"1181","SL_2019_EYKT_Dive_26_11-10-15.000.avi",36192,"11:30:25",NA,12.436,1.045,2312.648,27.261,NA,NA,962.712,-450.104,-2054.005,1,"KelliiWood",115,"N/A",2019,26,36,"Line","rockfish","rosethorn",150,150,47,"","","","",""
"1182","SL_2019_EYKT_Dive_26_11-10-15.000.avi",36550,"11:30:37",NA,31.613,2.474,4067.069,4.539,NA,NA,-287.14,129.194,-4054.863,1,"KelliiWood",115,"N/A",2019,26,36,"Line","rockfish","rosethorn",150,150,48,"","","","",""
"1183","SL_2019_EYKT_Dive_26_11-10-15.000.avi",37282,"11:31:02",NA,54.558,0.201,4810.458,21.348,NA,NA,1268.788,1189.014,-4485.19,1,"KelliiWood",115,"N/A",2019,26,36,"Line","rockfish","rosethorn",150,150,49,"","","","",""
"1184","SL_2019_EYKT_Dive_26_11-10-15.000.avi",37417,"11:31:06",702.616,169.582,0.489,5453.692,27.197,77.075,13.56,-2354.06,819.362,-4850.753,1,"KelliiWood",115,"N/A",2019,26,36,"Line","rockfish","yelloweye",145,145,37,"AD","Fish milling/hovering","","",""
"1185","SL_2019_EYKT_Dive_26_11-10-15.000.avi",37782,"11:31:18",NA,40.849,0.451,4393.225,31.396,NA,NA,-2251.84,393.65,-3751.624,1,"KelliiWood",115,"N/A",2019,26,36,"Line","rockfish","rosethorn",150,150,50,"","","","",""
"1186","SL_2019_EYKT_Dive_26_11-10-15.000.avi",38814,"11:31:53",NA,6.028,0.288,1599.77,25.496,NA,NA,-640.854,-257.797,-1442.952,1,"KelliiWood",115,"N/A",2019,26,36,"Line","rockfish","dusky",172,172,51,"","","","",""
"1187","SL_2019_EYKT_Dive_26_11-10-15.000.avi",38937,"11:31:57",NA,35.848,0.277,3909.538,20.383,NA,NA,944.205,966.471,-3668.637,1,"KelliiWood",115,"N/A",2019,26,36,"Line","rockfish","rosethorn",150,150,52,"","","","",""
"1188","SL_2019_EYKT_Dive_26_11-10-15.000.avi",39058,"11:32:01",NA,15.568,1.376,2708.927,12.865,NA,NA,595.678,83.971,-2641.288,1,"KelliiWood",115,"N/A",2019,26,36,"Line","rockfish","dusky",172,172,53,"","","","",""
"1189","SL_2019_EYKT_Dive_26_11-10-15.000.avi",39477,"11:32:15",NA,22.008,0.025,3111.7,31.583,NA,NA,-1434.635,762.49,-2653.885,1,"KelliiWood",115,"N/A",2019,26,36,"Line","rockfish","rosethorn",150,150,54,"","","","",""
"1190","SL_2019_EYKT_Dive_26_11-10-15.000.avi",39477,"11:32:15",NA,20.566,1.532,2995.71,20.957,NA,NA,-1019.441,318.608,-2798.84,1,"KelliiWood",115,"N/A",2019,26,36,"Line","rockfish","rosethorn",150,150,55,"","","","",""
"1191","SL_2019_EYKT_Dive_26_11-10-15.000.avi",39545,"11:32:17",NA,2.249,0.142,1011.386,8.141,NA,NA,139.777,27.244,-1001.31,1,"KelliiWood",115,"N/A",2019,26,36,"Line","rockfish","yelloweye",145,145,56,"AD","Attracted","","RIGHT IN FRONT OF ROV",""
"1192","SL_2019_EYKT_Dive_26_11-10-15.000.avi",39945,"11:32:30",NA,70.5,6.151,5479.561,29.712,NA,NA,-2243.863,1510.96,-4765.256,1,"KelliiWood",115,"N/A",2019,26,36,"Line","rockfish","dusky",172,172,57,"","","","",""
"1193","SL_2019_EYKT_Dive_26_11-10-15.000.avi",39945,"11:32:30",NA,55.526,0.297,4929.811,22.078,NA,NA,-1775.795,510.953,-4570.395,1,"KelliiWood",115,"N/A",2019,26,36,"Line","rockfish","dusky",172,172,58,"","","","",""
"1194","SL_2019_EYKT_Dive_26_11-10-15.000.avi",40562,"11:32:51",NA,45.107,0.924,4507.923,25.034,NA,NA,348.453,1859.085,-4091.913,1,"KelliiWood",115,"N/A",2019,26,36,"Line","rockfish","dusky",172,172,59,"","","","",""
"1195","SL_2019_EYKT_Dive_26_11-10-15.000.avi",40633,"11:32:53",NA,67.904,2.138,5350.19,28.038,NA,NA,1707.631,-1865.101,-4714.862,1,"KelliiWood",115,"N/A",2019,26,36,"Line","rockfish","tiger",148,148,60,"","","","",""
"1196","SL_2019_EYKT_Dive_26_11-10-15.000.avi",41006,"11:33:06",605.482,18.006,1.633,2341.93,23.829,19.571,9.396,-944.732,52.184,-2142.287,1,"KelliiWood",115,"N/A",2019,26,36,"Line","rockfish","yelloweye",145,145,61,"AD","Attracted","","",""
"1197","SL_2019_EYKT_Dive_26_11-10-15.000.avi",44129,"11:34:50",NA,32.977,0.21,3831.911,30.337,NA,NA,-1824.513,-659.071,-3304.591,1,"KelliiWood",115,"N/A",2019,26,36,"Line","greenling","lingcod",130,130,62,"","","","NO LENGTH; wrong direction",""
"1198","SL_2019_EYKT_Dive_26_11-10-15.000.avi",44129,"11:34:50",NA,40.042,3.492,4278.682,13.41,NA,NA,-917.083,-395.689,-4160.469,1,"KelliiWood",115,"N/A",2019,26,36,"Line","greenling","lingcod",130,130,63,"","","","NO LENGTH; wrong direction",""
"1199","SL_2019_EYKT_Dive_26_11-10-15.000.avi",44129,"11:34:50",NA,75.006,3.131,5777.995,19.175,NA,NA,1811.513,543.789,-5459.665,1,"KelliiWood",115,"N/A",2019,26,36,"Line","greenling","lingcod",130,130,64,"","","","NO LENGTH; wrong direction",""
"1200","SL_2019_EYKT_Dive_26_11-10-15.000.avi",44269,"11:34:55",278.399,75.799,0.682,3782.84,8.754,48.154,9.079,-322.847,-476.686,-3738.772,1,"KelliiWood",115,"N/A",2019,26,36,"Line","rockfish","yelloweye",145,145,65,"JV","Fish resting on bottom","","",""
"1201","SL_2019_EYKT_Dive_26_11-10-15.000.avi",44269,"11:34:55",172.875,90.121,0.796,4653.529,2.536,34.813,1.446,96.593,-181.806,-4648.973,1,"KelliiWood",115,"N/A",2019,26,36,"Line","rockfish","yelloweye",145,145,66,"JV","Fish resting on bottom","","",""
"1202","SL_2019_EYKT_Dive_26_11-10-15.000.avi",44337,"11:34:57",NA,39.572,2.689,4533.77,6.272,NA,NA,16.945,476.955,-4508.58,1,"KelliiWood",115,"N/A",2019,26,36,"Line","rockfish","quillback",147,147,67,"","","","",""
"1203","SL_2019_EYKT_Dive_26_11-10-15.000.avi",44342,"11:34:57",605.701,76.979,4.161,5927.481,26.883,8.193,45.169,-2632.36,504.196,-5286.918,1,"KelliiWood",115,"N/A",2019,26,36,"Line","rockfish","yelloweye",145,145,68,"AD","Fish milling/hovering","","",""
"1204","SL_2019_EYKT_Dive_26_11-10-15.000.avi",44484,"11:35:02",NA,28.01,0.469,3516.52,24.328,NA,NA,1412.594,-333.983,-3202.959,1,"KelliiWood",115,"N/A",2019,26,36,"Line","rockfish","yelloweye",145,145,69,"JV","Fish resting on bottom","","NO LENGTH; partial view only",""
"1205","SL_2019_EYKT_Dive_26_11-10-15.000.avi",44680,"11:35:08",787.922,54.952,2.63,4631.082,22.981,3.455,6.86,1693.061,-634.62,-4263.535,1,"KelliiWood",115,"N/A",2019,26,36,"Line","greenling","lingcod",130,130,70,"","","","",""
"1206","SL_2019_EYKT_Dive_26_11-10-15.000.avi",44814,"11:35:13",NA,16.126,0.648,2603.364,28.773,NA,NA,-970.76,-801.508,-2278.753,1,"KelliiWood",115,"N/A",2019,26,36,"Line","greenling","lingcod",130,130,71,"","","","NO LENGTH; partial view",""
"1207","SL_2019_EYKT_Dive_26_11-10-15.000.avi",45007,"11:35:19",124.077,19.381,0.215,2852.152,24.166,7.676,59.295,-354.005,-1112.657,-2602.2,1,"KelliiWood",115,"N/A",2019,26,36,"Line","rockfish","yelloweye",145,145,230,"JV","Fish milling/hovering","","MISSED FIRST ROUND",""
"1208","SL_2019_EYKT_Dive_26_11-10-15.000.avi",45201,"11:35:26",1413.559,56.318,0.658,3737.631,19.633,34.783,25.052,-1106.909,593.218,-3520.331,1,"KelliiWood",115,"N/A",2019,26,36,"Line","greenling","lingcod",130,130,72,"","","","",""
"1209","SL_2019_EYKT_Dive_26_11-10-15.000.avi",45271,"11:35:28",288.825,55.054,0.243,3108.612,24.099,75.814,20.685,1118.002,-600.998,-2837.664,1,"KelliiWood",115,"N/A",2019,26,36,"Line","greenling","lingcod",130,130,73,"JV","Fish resting on bottom","","BABY LINGCOD!!!",""
"1210","SL_2019_EYKT_Dive_26_11-10-15.000.avi",45354,"11:35:31",213.995,74.322,1.265,3409.809,18.409,78.948,15.07,996.547,407.972,-3235.313,1,"KelliiWood",115,"N/A",2019,26,36,"Line","rockfish","yelloweye",145,145,74,"JV","Fish resting on bottom","","",""
"1211","SL_2019_EYKT_Dive_26_11-10-15.000.avi",45468,"11:35:35",917.953,28.697,0.868,2481.828,28.158,78.307,40.208,-1151.669,-212.956,-2188.099,1,"KelliiWood",115,"N/A",2019,26,36,"Line","greenling","lingcod",130,130,75,"","","","",""
"1212","SL_2019_EYKT_Dive_26_11-10-15.000.avi",45692,"11:35:42",NA,40.568,0.049,4372.259,30.386,NA,NA,-2191.551,282.039,-3772.825,1,"KelliiWood",115,"N/A",2019,26,36,"Line","rockfish","yelloweye",145,145,76,"SU","Fish resting on bottom","","NO LENGTH; partial view",""
"1213","SL_2019_EYKT_Dive_26_11-10-15.000.avi",45766,"11:35:45",1259.324,42.849,2.288,3662.277,11.673,21.924,10.012,715.588,192.407,-3586.528,1,"KelliiWood",115,"N/A",2019,26,36,"Line","greenling","lingcod",130,130,77,"","","","",""
"1214","SL_2019_EYKT_Dive_26_11-10-15.000.avi",45903,"11:35:49",271.374,23.08,0.563,2926.083,27.6,10.195,5.335,-1124.612,-756.961,-2593.11,1,"KelliiWood",115,"N/A",2019,26,36,"Line","rockfish","yelloweye",145,145,78,"JV","Fish resting on bottom","","",""
"1215","SL_2019_EYKT_Dive_26_11-10-15.000.avi",46130,"11:35:57",NA,22.972,0.599,3102.802,27.716,NA,NA,-888.875,-1147.828,-2742.221,1,"KelliiWood",115,"N/A",2019,26,36,"Line","greenling","lingcod",130,130,79,"","","","NO LENGTH; too dark",""
"1216","SL_2019_EYKT_Dive_26_11-10-15.000.avi",47292,"11:36:35",NA,64.354,0.599,5681.578,7.463,NA,NA,-716.598,-198.832,-5632.697,1,"KelliiWood",115,"N/A",2019,26,36,"Line","rockfish","dusky",172,172,80,"","","","",""
"1217","SL_2019_EYKT_Dive_26_11-10-15.000.avi",48158,"11:37:04",618.71,107.056,1.331,5296.373,8.176,59.078,52.722,-374.552,653.514,-5242.537,1,"KelliiWood",115,"N/A",2019,26,36,"Line","greenling","lingcod",130,130,81,"","","","",""
"1218","SL_2019_EYKT_Dive_26_11-10-15.000.avi",48902,"11:37:29",536.007,37.075,0.63,3289.189,22.772,40.366,46.769,-219.211,1254.139,-3032.794,1,"KelliiWood",115,"N/A",2019,26,36,"Line","rockfish","yelloweye",145,145,82,"AD","Fish resting on bottom","","",""
"1219","SL_2019_EYKT_Dive_26_11-10-15.000.avi",48902,"11:37:29",NA,29.676,0.722,3708.635,24.523,NA,NA,-51.176,1524.915,-3380.235,1,"KelliiWood",115,"N/A",2019,26,36,"Line","rockfish","dusky",172,172,83,"","","","",""
"1220","SL_2019_EYKT_Dive_26_11-10-15.000.avi",49392,"11:37:45",290.651,65.217,1.01,4055.245,28.297,32.953,6.214,1894.472,326.08,-3570.666,1,"KelliiWood",115,"N/A",2019,26,36,"Line","rockfish","yelloweye",145,145,85,"JV","Fish resting on bottom","","",""
"1221","SL_2019_EYKT_Dive_26_11-10-15.000.avi",49392,"11:37:45",NA,20.487,0.998,3005.577,17.335,NA,NA,-818.239,352.52,-2870.49,1,"KelliiWood",115,"N/A",2019,26,36,"Line","greenling","lingcod",130,130,84,"","","","NO LENGTH; partial view",""
"1222","SL_2019_EYKT_Dive_26_11-10-15.000.avi",49555,"11:37:51",138.294,21.617,2.354,4106.285,6.973,9.201,23.7,-415.021,276.227,-4075.909,1,"KelliiWood",115,"N/A",2019,26,36,"Line","rockfish","yelloweye",145,145,86,"JV","Fish milling/hovering","","",""
"1223","SL_2019_EYKT_Dive_26_11-10-15.000.avi",49555,"11:37:51",NA,32.301,0.235,3976.533,10.284,NA,NA,152.986,677.559,-3915.396,1,"KelliiWood",115,"N/A",2019,26,36,"Line","rockfish","yelloweye",145,145,87,"JV","Fish resting on bottom","","NO LENGTH; partial view",""
"1224","SL_2019_EYKT_Dive_26_11-10-15.000.avi",49730,"11:37:57",695.774,121.889,1.402,7474.606,22.083,16.583,39.551,842.755,2680.778,-6926.249,1,"KelliiWood",115,"N/A",2019,26,36,"Line","rockfish","yelloweye",145,145,88,"AD","Fish milling/hovering","","",""
"1225","SL_2019_EYKT_Dive_26_11-10-15.000.avi",50419,"11:38:20",632.595,73.473,4.578,6834.801,15.082,12.409,23.043,-229.406,1763.581,-6599.368,1,"KelliiWood",115,"N/A",2019,26,36,"Line","rockfish","yelloweye",145,145,89,"AD","Fish milling/hovering","","",""
"1226","SL_2019_EYKT_Dive_26_11-10-15.000.avi",50644,"11:38:27",542.585,54.929,2.853,3321.888,9.393,42.911,2.584,479.353,253.258,-3277.35,1,"KelliiWood",115,"N/A",2019,26,36,"Line","rockfish","yelloweye",145,145,90,"AD","Fish milling/hovering","","",""
"1227","SL_2019_EYKT_Dive_26_11-10-15.000.avi",50772,"11:38:31",448.922,211.227,3.496,6322.289,14.656,49.438,5.572,-912.619,1313.701,-6116.588,1,"KelliiWood",115,"N/A",2019,26,36,"Line","rockfish","yelloweye",145,145,94,"AD","Fish milling/hovering","","",""
"1228","SL_2019_EYKT_Dive_26_11-10-15.000.avi",50796,"11:38:32",548.043,196.688,1.828,5550.051,14.236,66.456,9.062,-1237.848,574.918,-5379.616,1,"KelliiWood",115,"N/A",2019,26,36,"Line","rockfish","yelloweye",145,145,91,"AD","Fish milling/hovering","","",""
"1229","SL_2019_EYKT_Dive_26_11-10-15.000.avi",50854,"11:38:34",859.609,97.589,1.045,4927.999,21.631,31.796,0.687,1686.459,675.171,-4580.958,1,"KelliiWood",115,"N/A",2019,26,36,"Line","rockfish","yelloweye",145,145,93,"AD","Fish milling/hovering","","",""
"1230","SL_2019_EYKT_Dive_26_11-10-15.000.avi",50889,"11:38:35",721.888,65.549,0.825,3587.859,21.656,48.477,10.768,-1138.298,676.285,-3334.613,1,"KelliiWood",115,"N/A",2019,26,36,"Line","rockfish","yelloweye",145,145,95,"AD","Fish milling/hovering","","",""
"1231","SL_2019_EYKT_Dive_26_11-10-15.000.avi",51281,"11:38:48",173.057,38.011,0.861,3590.46,17.068,24.574,15.471,-606.275,-861.979,-3432.321,1,"KelliiWood",115,"N/A",2019,26,36,"Line","rockfish","yelloweye",145,145,96,"JV","Fish milling/hovering","","",""
"1232","SL_2019_EYKT_Dive_26_11-10-15.000.avi",51453,"11:38:54",606.83,35.146,0.34,3966.053,19.657,9.221,25.684,1231.666,512.691,-3734.933,1,"KelliiWood",115,"N/A",2019,26,36,"Line","greenling","lingcod",130,130,97,"","","","",""
"1233","SL_2019_EYKT_Dive_26_11-10-15.000.avi",51581,"11:38:58",467.284,74.494,0.309,4299.024,12.021,32.828,4.501,-833.878,326.033,-4204.754,1,"KelliiWood",115,"N/A",2019,26,36,"Line","rockfish","yelloweye",145,145,99,"AD","Fish milling/hovering","","",""
"1234","SL_2019_EYKT_Dive_26_11-10-15.000.avi",51581,"11:38:58",NA,37.079,1.845,4123.12,24.711,NA,NA,-1721.96,61.241,-3745.827,1,"KelliiWood",115,"N/A",2019,26,36,"Line","rockfish","yelloweye",145,145,98,"SU","Fish milling/hovering","","NO LENGTH; partial view",""
"1235","SL_2019_EYKT_Dive_26_11-10-15.000.avi",51946,"11:39:11",1223.649,188.571,3.322,5742.402,20.432,59.739,15.134,-1779.68,922.669,-5381.134,1,"KelliiWood",115,"N/A",2019,26,36,"Line","greenling","lingcod",130,130,100,"","","","",""
"1236","SL_2019_EYKT_Dive_26_11-10-15.000.avi",51946,"11:39:11",NA,20.841,0.25,3013.385,22.253,NA,NA,-1105.249,-295.096,-2787.801,1,"KelliiWood",115,"N/A",2019,26,36,"Line","rockfish","yelloweye",145,145,101,"JV","Fish resting on bottom","","NO LENGTH; facing ROV",""
"1237","SL_2019_EYKT_Dive_26_11-10-15.000.avi",52295,"11:39:22",132.383,56.215,0.175,4187.433,28.91,9.104,0.719,-2020.21,-129.404,-3665.597,1,"KelliiWood",115,"N/A",2019,26,36,"Line","rockfish","yelloweye",145,145,102,"JV","Fish milling/hovering","","",""
"1238","SL_2019_EYKT_Dive_26_11-10-15.000.avi",52417,"11:39:26",NA,14.592,0.41,2716.977,5.942,NA,NA,3.904,-292.075,-2701.23,1,"KelliiWood",115,"N/A",2019,26,36,"Line","rockfish","yelloweye",145,145,231,"JV","Fish resting on bottom","","MISSED FIRST ROUND",""
"1239","SL_2019_EYKT_Dive_26_11-10-15.000.avi",52561,"11:39:31",228.972,60.904,0.348,4540.009,32.481,5.43,9.68,2265.543,900.851,-3829.813,1,"KelliiWood",115,"N/A",2019,26,36,"Line","rockfish","yelloweye",145,145,103,"JV","Fish milling/hovering","","",""
"1240","SL_2019_EYKT_Dive_26_11-10-15.000.avi",52795,"11:39:39",NA,14.571,2.08,2487.348,29.45,NA,NA,-1009.99,-698.25,-2163.161,1,"KelliiWood",115,"N/A",2019,26,36,"Line","greenling","lingcod",130,130,104,"","","","NO LENGTH; partial view",""
"1241","SL_2019_EYKT_Dive_26_11-10-15.000.avi",52890,"11:39:42",229.805,96.606,1.427,4324.699,11.437,45.923,5.826,-804.625,296.508,-4238.83,1,"KelliiWood",115,"N/A",2019,26,36,"Line","rockfish","yelloweye",145,145,105,"JV","Fish milling/hovering","","",""
"1242","SL_2019_EYKT_Dive_26_11-10-15.000.avi",53152,"11:39:51",215.497,44.347,1.062,3623.082,31.281,25.89,23.06,-1861.672,-270.401,-3096.415,1,"KelliiWood",115,"N/A",2019,26,36,"Line","rockfish","yelloweye",145,145,106,"JV","Fish resting on bottom","","",""
"1243","SL_2019_EYKT_Dive_26_11-10-15.000.avi",53152,"11:39:51",NA,22.978,0.863,3192.509,21.657,NA,NA,-1163.239,-199.155,-2966.366,1,"KelliiWood",115,"N/A",2019,26,36,"Line","rockfish","yelloweye",145,145,107,"SU","Fish seeking cover","","NO LENGTH; hiding",""
"1244","SL_2019_EYKT_Dive_26_11-10-15.000.avi",53314,"11:39:56",1186.054,24.239,1.798,2651.221,5.013,25.746,13.952,87.035,-214.711,-2641.078,1,"KelliiWood",115,"N/A",2019,26,36,"Line","greenling","lingcod",130,130,108,"","","","",""
"1245","SL_2019_EYKT_Dive_26_11-10-15.000.avi",53723,"11:40:10",NA,17.971,0.596,2921.109,31.749,NA,NA,-1518.245,-249.723,-2483.031,1,"KelliiWood",115,"N/A",2019,26,36,"Line","rockfish","yelloweye",145,145,109,"SU","Fish resting on bottom","","NO LENGTH; partial view",""
"1246","SL_2019_EYKT_Dive_26_11-10-15.000.avi",53723,"11:40:10",NA,57.238,7.022,5248.005,9.849,NA,NA,-490.07,731.45,-5173.623,1,"KelliiWood",115,"N/A",2019,26,36,"Line","rockfish","quillback",147,147,110,"","","","",""
"1247","SL_2019_EYKT_Dive_26_11-10-15.000.avi",53723,"11:40:10",NA,29.476,0.837,3690.528,32.457,NA,NA,1835.513,731.581,-3116.998,1,"KelliiWood",115,"N/A",2019,26,36,"Line","greenling","lingcod",130,130,111,"","","","",""
"1248","SL_2019_EYKT_Dive_26_11-10-15.000.avi",53946,"11:40:17",226.086,56.744,1.804,4538.749,17.637,17.299,7.585,-1261.825,546.737,-4325.404,1,"KelliiWood",115,"N/A",2019,26,36,"Line","rockfish","yelloweye",145,145,112,"JV","Fish resting on bottom","","",""
"1249","SL_2019_EYKT_Dive_26_11-10-15.000.avi",54226,"11:40:27",163.508,47.184,3.226,3799.705,4.586,26.468,3.675,257.574,161.056,-3787.542,1,"KelliiWood",115,"N/A",2019,26,36,"Line","rockfish","yelloweye",145,145,113,"JV","Fish resting on bottom","","",""
"1250","SL_2019_EYKT_Dive_26_11-10-15.000.avi",54226,"11:40:27",NA,44.485,1.087,4505.396,13.313,NA,NA,720.279,729.148,-4387.269,1,"KelliiWood",115,"N/A",2019,26,36,"Line","rockfish","yelloweye",145,145,114,"JV","Fish resting on bottom","","NO LENGTH; partial view",""
"1251","SL_2019_EYKT_Dive_26_11-10-15.000.avi",54314,"11:40:29",131.753,4.397,1.396,3634.866,1.775,0.633,16.569,-101.079,49.601,-3633.121,1,"KelliiWood",115,"N/A",2019,26,36,"Line","rockfish","yelloweye",145,145,115,"JV","Fish resting on bottom","","",""
"1252","SL_2019_EYKT_Dive_26_11-10-15.000.avi",54550,"11:40:37",408.562,54.243,0.832,3749.94,5.327,31.793,5.478,308.154,-161.984,-3733.745,1,"KelliiWood",115,"N/A",2019,26,36,"Line","rockfish","yelloweye",145,145,116,"AD","Fish milling/hovering","","",""
"1253","SL_2019_EYKT_Dive_26_11-10-15.000.avi",54718,"11:40:43",55.878,25.039,0.471,2692.912,24.008,35.901,31.187,-381.737,-1027.006,-2459.941,1,"KelliiWood",115,"N/A",2019,26,36,"Line","rockfish","yelloweye",145,145,232,"JV","Fish resting on bottom","","MISSED FIRST ROUND",""
"1254","SL_2019_EYKT_Dive_26_11-10-15.000.avi",54756,"11:40:44",NA,62.395,1.29,5431.259,10.228,NA,NA,-584.462,-788.487,-5341.841,1,"KelliiWood",115,"N/A",2019,26,36,"Line","rockfish","quillback",147,147,117,"","","","",""
"1255","SL_2019_EYKT_Dive_26_11-10-15.000.avi",55149,"11:40:57",57.753,22.721,0.614,2587.993,14.058,31.64,25.084,188.838,-599.596,-2510.484,1,"KelliiWood",115,"N/A",2019,26,36,"Line","rockfish","yelloweye",145,145,118,"JV","Fish resting on bottom","","",""
"1256","SL_2019_EYKT_Dive_26_11-10-15.000.avi",55807,"11:41:19",343.348,31.426,0.897,4078.739,27.567,10.918,0.306,947.417,1632.617,-3615.671,1,"KelliiWood",115,"N/A",2019,26,36,"Line","rockfish","yelloweye",145,145,119,"JV","Fish milling/hovering","","",""
"1257","SL_2019_EYKT_Dive_26_11-10-15.000.avi",55945,"11:41:24",NA,67.514,0.249,5324.436,27.177,NA,NA,1733.136,1687.024,-4743.397,1,"KelliiWood",115,"N/A",2019,26,36,"Line","rockfish","yelloweye",145,145,120,"SU","Fish seeking cover","","NO LENGTH; hiding",""
"1258","SL_2019_EYKT_Dive_26_11-10-15.000.avi",56548,"11:41:44",653.465,193.752,3.534,6453.341,10.689,41.702,11.239,302.489,1158.044,-6341.375,1,"KelliiWood",115,"N/A",2019,26,36,"Line","rockfish","yelloweye",145,145,122,"AD","Fish resting on bottom","","",""
"1259","SL_2019_EYKT_Dive_26_11-10-15.000.avi",56548,"11:41:44",NA,18.271,2.341,2995.025,31.815,NA,NA,-1578.483,-47.751,-2544.854,1,"KelliiWood",115,"N/A",2019,26,36,"Line","rockfish","quillback",147,147,121,"","","","",""
"1260","SL_2019_EYKT_Dive_26_11-10-15.000.avi",56776,"11:41:52",446.719,54.568,0.365,4400.272,17.069,20.998,11.588,970.089,852.658,-4206.458,1,"KelliiWood",115,"N/A",2019,26,36,"Line","rockfish","yelloweye",145,145,123,"AD","Fish resting on bottom","","",""
"1261","SL_2019_EYKT_Dive_26_11-10-15.000.avi",56776,"11:41:52",NA,60.363,0.888,5428.778,12.373,NA,NA,-92.605,1138.286,-5307.293,1,"KelliiWood",115,"N/A",2019,26,36,"Line","rockfish","quillback",147,147,124,"","","","",""
"1262","SL_2019_EYKT_Dive_26_11-10-15.000.avi",56855,"11:41:54",247.148,64.444,0.856,3293.646,7.57,68.56,28.101,400.424,-167.122,-3264.94,1,"KelliiWood",115,"N/A",2019,26,36,"Line","rockfish","yelloweye",145,145,125,"JV","Fish resting on bottom","","",""
"1263","SL_2019_EYKT_Dive_26_11-10-15.000.avi",57031,"11:42:00",NA,84.945,2.242,6187.867,17.192,NA,NA,1739.713,540.778,-5913.599,1,"KelliiWood",115,"N/A",2019,26,36,"Line","rockfish","yelloweye",145,145,128,"AD","Fish resting on bottom","","NO LENGTH; partial view",""
"1264","SL_2019_EYKT_Dive_26_11-10-15.000.avi",57034,"11:42:00",693.295,100.476,0.708,4768.02,26.491,40.939,10.345,-1973.134,793.838,-4267.385,1,"KelliiWood",115,"N/A",2019,26,36,"Line","rockfish","yelloweye",145,145,126,"AD","Fish actively swimming in frame","","",""
"1265","SL_2019_EYKT_Dive_26_11-10-15.000.avi",57034,"11:42:00",NA,33.72,0.304,3871.676,18.469,NA,NA,1182.981,-338.547,-3670.942,1,"KelliiWood",115,"N/A",2019,26,36,"Line","rockfish","yelloweye",145,145,127,"JV","Fish resting on bottom","","NO LENGTH; partial view",""
"1266","SL_2019_EYKT_Dive_26_11-10-15.000.avi",57183,"11:42:05",225.977,115.96,0.781,4390.019,11.806,58.316,6.573,777.332,449.984,-4297.154,1,"KelliiWood",115,"N/A",2019,26,36,"Line","rockfish","yelloweye",145,145,129,"JV","Fish resting on bottom","","",""
"1267","SL_2019_EYKT_Dive_26_11-10-15.000.avi",57183,"11:42:05",1287.763,73.079,1.232,4298.198,23.486,27.441,0.413,-1711.524,-69.148,-3942.132,1,"KelliiWood",115,"N/A",2019,26,36,"Line","greenling","lingcod",130,130,130,"","","","",""
"1268","SL_2019_EYKT_Dive_26_11-10-15.000.avi",57260,"11:42:08",593.241,70.388,1.787,4764.143,27.219,15.84,1.481,-1960.49,951.341,-4236.566,1,"KelliiWood",115,"N/A",2019,26,36,"Line","rockfish","yelloweye",145,145,131,"AD","Fish milling/hovering","","",""
"1269","SL_2019_EYKT_Dive_26_11-10-15.000.avi",57329,"11:42:10",NA,34.292,0.256,3885.088,32.284,NA,NA,1661.164,1230.468,-3289.436,1,"KelliiWood",115,"N/A",2019,26,36,"Line","rockfish","yelloweye",145,145,132,"AD","Attracted","","NO LENGTH; facing ROV",""
"1270","SL_2019_EYKT_Dive_26_11-10-15.000.avi",57605,"11:42:19",121.078,5.342,1.218,2640.946,11.479,1.86,23.662,131.985,-508.732,-2588.121,1,"KelliiWood",115,"N/A",2019,26,36,"Line","rockfish","yelloweye",145,145,133,"JV","Fish milling/hovering","","",""
"1271","SL_2019_EYKT_Dive_26_11-10-15.000.avi",57991,"11:42:32",315.577,47.817,3.869,4045.737,31.456,5.323,17.14,2010.362,644.849,-3451.175,1,"KelliiWood",115,"N/A",2019,26,36,"Line","rockfish","yelloweye",145,145,134,"SU","Fish resting on bottom","","",""
"1272","SL_2019_EYKT_Dive_26_11-10-15.000.avi",57991,"11:42:32",265.305,83.429,1.543,6161.257,14.492,17.75,9.981,-591.637,1423.806,-5965.218,1,"KelliiWood",115,"N/A",2019,26,36,"Line","rockfish","yelloweye",145,145,135,"JV","Fish resting on bottom","","",""
"1273","SL_2019_EYKT_Dive_26_11-10-15.000.avi",58381,"11:42:45",175.16,18.88,0.855,2930.93,21.267,6.677,21.481,915.789,-539.922,-2731.33,1,"KelliiWood",115,"N/A",2019,26,36,"Line","rockfish","yelloweye",145,145,136,"JV","Fish resting on bottom","","",""
"1274","SL_2019_EYKT_Dive_26_11-10-15.000.avi",58381,"11:42:45",NA,33.773,1.066,3854.158,18.254,NA,NA,1129.919,-439.696,-3658.481,1,"KelliiWood",115,"N/A",2019,26,36,"Line","greenling","lingcod",130,130,137,"","","","NO LENGTH; partial view",""
"1275","SL_2019_EYKT_Dive_26_11-10-15.000.avi",58477,"11:42:48",150.569,10.112,0.217,3047.419,3.431,8.96,29.818,166.005,-75.527,-3041.957,1,"KelliiWood",115,"N/A",2019,26,36,"Line","rockfish","yelloweye",145,145,138,"JV","Fish milling/hovering","","",""
"1276","SL_2019_EYKT_Dive_26_11-10-15.000.avi",58649,"11:42:54",1002.834,22.789,2.04,2950.558,14.99,12.121,2.021,-715.054,266.606,-2850.16,1,"KelliiWood",115,"N/A",2019,26,36,"Line","greenling","lingcod",130,130,140,"","","","",""
"1277","SL_2019_EYKT_Dive_26_11-10-15.000.avi",58649,"11:42:54",NA,13.864,1.631,2691.712,2.818,NA,NA,-84.415,-112.662,-2688.028,1,"KelliiWood",115,"N/A",2019,26,36,"Line","rockfish","yelloweye",145,145,139,"AD","Fish seeking cover","","NO LENGTH; facing ROV",""
"1278","SL_2019_EYKT_Dive_26_11-10-15.000.avi",59148,"11:43:11",404.246,82.862,0.913,3706.894,10.485,68.134,25.508,-636.22,224.195,-3645,1,"KelliiWood",115,"N/A",2019,26,36,"Line","rockfish","yelloweye",145,145,141,"SU","Fish resting on bottom","","",""
"1279","SL_2019_EYKT_Dive_26_11-10-15.000.avi",59148,"11:43:11",594.292,92.493,2.125,6677.219,13.54,17.19,10.068,206.39,1549.604,-6491.64,1,"KelliiWood",115,"N/A",2019,26,36,"Line","rockfish","yelloweye",145,145,142,"AD","Fish milling/hovering","","",""
"1280","SL_2019_EYKT_Dive_26_11-10-15.000.avi",59230,"11:43:13",NA,41.133,0.382,4466.197,31.928,NA,NA,-2343.476,279.58,-3791.685,1,"KelliiWood",115,"N/A",2019,26,36,"Line","rockfish","yelloweye",145,145,143,"AD","Fish resting on bottom","","NO LENGTH; partial view",""
"1281","SL_2019_EYKT_Dive_26_11-10-15.000.avi",59359,"11:43:18",953.02,71.404,3.723,3989.718,32.08,84.352,37.113,-1669.011,1305.544,-3380.504,1,"KelliiWood",115,"N/A",2019,26,36,"Line","rockfish","yelloweye",145,145,144,"AD","Attracted","","",""
"1282","SL_2019_EYKT_Dive_26_11-10-15.000.avi",59458,"11:43:21",402.996,62.138,2.873,3433.815,4.548,50.709,21.499,237.348,-133.395,-3423.004,1,"KelliiWood",115,"N/A",2019,26,36,"Line","rockfish","yelloweye",145,145,145,"AD","Fish milling/hovering","","",""
"1283","SL_2019_EYKT_Dive_26_11-10-15.000.avi",59528,"11:43:23",NA,13.059,1.765,2455.133,35.648,NA,NA,-1133.635,865.091,-1998.541,1,"KelliiWood",115,"N/A",2019,26,36,"Line","rockfish","yelloweye",145,145,146,"AD","Attracted","","NO LENGHT; facing ROV",""
"1284","SL_2019_EYKT_Dive_26_11-10-15.000.avi",59610,"11:43:26",95.484,7.621,1.163,2843.586,8.342,0.336,31.397,-405.344,-76.852,-2813.498,1,"KelliiWood",115,"N/A",2019,26,36,"Line","rockfish","yelloweye",145,145,149,"JV","Fish resting on bottom","","",""
"1285","SL_2019_EYKT_Dive_26_11-10-15.000.avi",59610,"11:43:26",NA,22.193,0.392,3154.906,14.321,NA,NA,-601.798,484.592,-3058.83,1,"KelliiWood",115,"N/A",2019,26,36,"Line","rockfish","quillback",147,147,147,"","","","",""
"1286","SL_2019_EYKT_Dive_26_11-10-15.000.avi",59610,"11:43:26",NA,45.879,3.505,4469.806,20.488,NA,NA,-668.613,1397.664,-4192.691,1,"KelliiWood",115,"N/A",2019,26,36,"Line","rockfish","quillback",147,147,148,"","","","",""
"1287","SL_2019_EYKT_Dive_26_11-10-15.000.avi",59630,"11:43:27",94.912,13.901,0.215,2721.355,9.386,14.911,28.935,-381.908,-226.049,-2684.925,1,"KelliiWood",115,"N/A",2019,26,36,"Line","rockfish","yelloweye",145,145,233,"JV","Fish milling/hovering","","MISSED FIRST ROUND",""
"1288","SL_2019_EYKT_Dive_26_11-10-15.000.avi",59992,"11:43:39",129.316,23.674,0.779,3003.151,13.872,19.237,22.21,-714.079,92.079,-2915.567,1,"KelliiWood",115,"N/A",2019,26,36,"Line","rockfish","yelloweye",145,145,150,"JV","Fish resting on bottom","","",""
"1289","SL_2019_EYKT_Dive_26_11-10-15.000.avi",60084,"11:43:42",NA,18.159,0.642,3032.028,5.42,NA,NA,-254.266,-143.91,-3017.919,1,"KelliiWood",115,"N/A",2019,26,36,"Line","greenling","lingcod",130,130,151,"","","","NO LENGTH; curled up",""
"1290","SL_2019_EYKT_Dive_26_11-10-15.000.avi",60661,"11:44:01",NA,12.637,0.222,2296.807,26.583,NA,NA,-838.364,-602.804,-2051.609,1,"KelliiWood",115,"N/A",2019,26,36,"Line","rockfish","yelloweye",145,145,152,"SU","Fish seeking cover","","NO LENGTH; hiding",""
"1291","SL_2019_EYKT_Dive_26_11-10-15.000.avi",60773,"11:44:05",111.933,46.068,0.704,2967.98,9.748,50.892,20.214,337.877,371.988,-2925.127,1,"KelliiWood",115,"N/A",2019,26,36,"Line","rockfish","yelloweye",145,145,153,"JV","Fish milling/hovering","","",""
"1292","SL_2019_EYKT_Dive_26_11-10-15.000.avi",60773,"11:44:05",862.769,72.926,0.853,3594.609,20.324,85.709,33.735,1211.409,302.118,-3370.82,1,"KelliiWood",115,"N/A",2019,26,36,"Line","greenling","lingcod",130,130,154,"","","","",""
"1293","SL_2019_EYKT_Dive_26_11-10-15.000.avi",61021,"11:44:13",NA,16.042,2.453,2623.41,18.76,NA,NA,703.018,-476.433,-2482.147,1,"KelliiWood",115,"N/A",2019,26,36,"Line","cod","Pacific cod",110,110,234,"","","","MISSED FIRST ROUND",""
"1294","SL_2019_EYKT_Dive_26_11-10-15.000.avi",61073,"11:44:15",NA,29.853,0.477,3544.236,22.326,NA,NA,-829.164,-1073.836,-3274.289,1,"KelliiWood",115,"N/A",2019,26,36,"Line","rockfish","quillback",147,147,155,"","","","",""
"1295","SL_2019_EYKT_Dive_26_11-10-15.000.avi",61722,"11:44:36",1827.561,122.468,1.846,5180.815,28.365,41.139,5.903,-2282.089,922.04,-4558.81,1,"KelliiWood",115,"N/A",2019,26,36,"Line","greenling","lingcod",130,130,156,"","","","",""
"1296","SL_2019_EYKT_Dive_26_11-10-15.000.avi",61798,"11:44:39",NA,30.402,1.372,3756.485,29.089,NA,NA,-1811.961,215.181,-3283.546,1,"KelliiWood",115,"N/A",2019,26,36,"Line","rockfish","yelloweye",145,145,157,"AD","Fish seeking cover","","NO LENGTH; hiding",""
"1297","SL_2019_EYKT_Dive_26_11-10-15.000.avi",62079,"11:44:48",127.796,15.89,0.727,2442.333,12.28,21.963,13.017,-220.722,-470.241,-2386.45,1,"KelliiWood",115,"N/A",2019,26,36,"Line","rockfish","yelloweye",145,145,159,"JV","Fish resting on bottom","","",""
"1298","SL_2019_EYKT_Dive_26_11-10-15.000.avi",62079,"11:44:48",NA,17.47,0.595,2907.823,31.164,NA,NA,-1503.978,-58.907,-2487.974,1,"KelliiWood",115,"N/A",2019,26,36,"Line","rockfish","yelloweye",145,145,158,"JV","Fish resting on bottom","","NO LENGTH; partial view",""
"1299","SL_2019_EYKT_Dive_26_11-10-15.000.avi",62426,"11:45:00",679.604,162.259,3.819,6283.866,5.907,35.516,14.739,442.865,471.195,-6250.505,1,"KelliiWood",115,"N/A",2019,26,36,"Line","rockfish","yelloweye",145,145,160,"AD","Fish milling/hovering","","",""
"1300","SL_2019_EYKT_Dive_26_11-10-15.000.avi",62913,"11:45:16",187.826,21.181,1.05,3076.779,29.25,8.955,24.463,-960.913,-1156.178,-2684.487,1,"KelliiWood",115,"N/A",2019,26,36,"Line","rockfish","yelloweye",145,145,162,"JV","Fish resting on bottom","","",""
"1301","SL_2019_EYKT_Dive_26_11-10-15.000.avi",62913,"11:45:16",741.314,100.768,1.227,4358.224,20.978,78.492,36.751,-1035.713,-1166.992,-4069.342,1,"KelliiWood",115,"N/A",2019,26,36,"Line","rockfish","yelloweye",145,145,163,"AD","Fish milling/hovering","","",""
"1302","SL_2019_EYKT_Dive_26_11-10-15.000.avi",62913,"11:45:16",NA,18.091,0.923,2956.805,36.778,NA,NA,-1431.911,-1050.397,-2364.106,1,"KelliiWood",115,"N/A",2019,26,36,"Line","rockfish","yelloweye",145,145,161,"AD","Fish resting on bottom","","NO LENGTH; partial view",""
"1303","SL_2019_EYKT_Dive_26_11-10-15.000.avi",62923,"11:45:16",280.843,39.763,2.207,3029.448,30.199,67.446,38.444,-932.083,-1205.534,-2618.294,1,"KelliiWood",115,"N/A",2019,26,36,"Line","rockfish","yelloweye",145,145,221,"JV","Fish milling/hovering","","",""
"1304","SL_2019_EYKT_Dive_26_11-10-15.000.avi",62972,"11:45:18",NA,29.007,0.582,3493.838,26.88,NA,NA,-874.263,-1328.108,-3111.06,1,"KelliiWood",115,"N/A",2019,26,36,"Line","rockfish","yelloweye",145,145,235,"AD","Fish actively swimming in frame","","NO LENGTH - MISSED 1st ROUND",""
"1305","SL_2019_EYKT_Dive_26_11-10-15.000.avi",63058,"11:45:21",769.525,102.159,1.59,4535.138,15.22,47.122,13.411,-265.095,-1160.682,-4376.074,1,"KelliiWood",115,"N/A",2019,26,36,"Line","rockfish","yelloweye",145,145,164,"AD","Fish milling/hovering","","",""
"1306","SL_2019_EYKT_Dive_26_11-10-15.000.avi",63794,"11:45:45",NA,11.183,1.01,2298.376,31.848,NA,NA,-1191.258,219.673,-1953.249,1,"KelliiWood",115,"N/A",2019,26,36,"Line","halibut","halibut",200,200,165,"","","","",""
"1307","SL_2019_EYKT_Dive_26_11-10-15.000.avi",64060,"11:45:54",NA,69.631,4.008,5800.87,32.227,NA,NA,-3054.544,469.292,-4909.135,1,"KelliiWood",115,"N/A",2019,26,36,"Line","halibut","halibut",200,200,166,"","","","",""
"1308","SL_2019_EYKT_Dive_26_11-10-15.000.avi",64504,"11:46:09",NA,22.119,0.049,3039.38,26.628,NA,NA,-1095.593,-820.401,-2713.752,1,"KelliiWood",115,"N/A",2019,26,36,"Line","rockfish","yelloweye",145,145,167,"AD","Fish moving quickly into frame","","NO LENGTH; partial view",""
"1309","SL_2019_EYKT_Dive_26_11-10-15.000.avi",67076,"11:47:35",NA,169.944,9.008,8895.475,11.537,NA,NA,-1527.154,-947.691,-8712.012,1,"KelliiWood",115,"N/A",2019,26,36,"Line","greenling","lingcod",130,130,168,"","","","NO LENGTH; murky water",""
"1310","SL_2019_EYKT_Dive_26_11-10-15.000.avi",68288,"11:48:15",NA,31.361,0.304,3656.839,20.255,NA,NA,910.407,865.972,-3434.199,1,"KelliiWood",115,"N/A",2019,26,36,"Line","rockfish","dusky",172,172,169,"","","","",""
"1311","SL_2019_EYKT_Dive_26_11-10-15.000.avi",68304,"11:48:16",NA,26.923,0.413,3631.522,31.652,NA,NA,-1901.982,105.748,-3091.801,1,"KelliiWood",115,"N/A",2019,26,36,"Line","rockfish","yelloweye",145,145,170,"JV","Fish resting on bottom","","NO LENGTH; partial view",""
"1312","SL_2019_EYKT_Dive_26_11-10-15.000.avi",68420,"11:48:20",256.545,27.752,1.019,3746.424,4.996,15.435,0.73,156.965,286.025,-3732.19,1,"KelliiWood",115,"N/A",2019,26,36,"Line","rockfish","yelloweye",145,145,171,"JV","Fish milling/hovering","","",""
"1313","SL_2019_EYKT_Dive_26_11-10-15.000.avi",68536,"11:48:23",NA,21.834,0.894,3192.281,17.051,NA,NA,87.386,919.742,-3055.667,1,"KelliiWood",115,"N/A",2019,26,36,"Line","rockfish","dusky",172,172,172,"","","","",""
"1314","SL_2019_EYKT_Dive_26_11-10-15.000.avi",68570,"11:48:25",NA,32.243,3.52,3800.809,21.498,NA,NA,-318.437,1341.832,-3541.784,1,"KelliiWood",115,"N/A",2019,26,36,"Line","rockfish","yelloweye",145,145,173,"AD","Fish resting on bottom","","NO LENGTH; facing ROV",""
"1315","SL_2019_EYKT_Dive_26_11-10-15.000.avi",68837,"11:48:34",128.287,24.523,1.171,3257.426,7.077,18.885,15.919,220.383,335.383,-3232.611,1,"KelliiWood",115,"N/A",2019,26,36,"Line","rockfish","yelloweye",145,145,174,"JV","Fish milling/hovering","","",""
"1316","SL_2019_EYKT_Dive_26_11-10-15.000.avi",69017,"11:48:40",NA,23.012,1.611,3158.8,28.778,NA,NA,-1405.051,-592.808,-2766.302,1,"KelliiWood",115,"N/A",2019,26,36,"Line","greenling","lingcod",130,130,175,"","","","NO LENGTH; partial view",""
"1317","SL_2019_EYKT_Dive_26_11-10-15.000.avi",69185,"11:48:45",NA,34.435,1.919,3837.14,23.233,NA,NA,-1382.75,601.551,-3528.425,1,"KelliiWood",115,"N/A",2019,26,36,"Line","rockfish","dusky",172,172,176,"","","","",""
"1318","SL_2019_EYKT_Dive_26_11-10-15.000.avi",69352,"11:48:51",460.006,58.528,2.672,4876.027,31.4,21.864,47.864,-2312.789,1051.189,-4161.929,1,"KelliiWood",115,"N/A",2019,26,36,"Line","rockfish","yelloweye",145,145,177,"AD","Fish milling/hovering","","",""
"1319","SL_2019_EYKT_Dive_26_11-10-15.000.avi",69378,"11:48:52",NA,25.392,1.49,3435.466,11.879,NA,NA,336.445,-635.491,-3359.372,1,"KelliiWood",115,"N/A",2019,26,36,"Line","rockfish","tiger",148,148,236,"","","","MISSED FIRST ROUND",""
"1320","SL_2019_EYKT_Dive_26_11-10-15.000.avi",69649,"11:49:01",NA,39.145,1.12,4265.532,31.623,NA,NA,-2166.695,540.123,-3634.345,1,"KelliiWood",115,"N/A",2019,26,36,"Line","greenling","lingcod",130,130,178,"","","","NO LENGTH; partial view",""
"1321","SL_2019_EYKT_Dive_26_11-10-15.000.avi",69922,"11:49:10",176.355,50.213,0.854,3309.29,11.318,41.885,19.332,649.38,9.698,-3244.936,1,"KelliiWood",115,"N/A",2019,26,36,"Line","rockfish","yelloweye",145,145,179,"JV","Fish resting on bottom","","",""
"1322","SL_2019_EYKT_Dive_26_11-10-15.000.avi",70049,"11:49:14",124.158,22.805,0.81,2435.796,12.873,32.579,13.424,-435.613,-323.639,-2374.574,1,"KelliiWood",115,"N/A",2019,26,36,"Line","rockfish","yelloweye",145,145,180,"JV","Fish milling/hovering","","",""
"1323","SL_2019_EYKT_Dive_26_11-10-15.000.avi",70193,"11:49:19",NA,11.672,3.176,2331.96,32.906,NA,NA,1173.894,-484.164,-1955.914,1,"KelliiWood",115,"N/A",2019,26,36,"Line","rockfish","yelloweye",145,145,237,"JV","Fish milling/hovering","","NO LENGTH - MISSED 1st ROUND",""
"1324","SL_2019_EYKT_Dive_26_11-10-15.000.avi",70234,"11:49:20",NA,36.599,2.639,4095.16,29.216,NA,NA,1957.322,-419.648,-3572.551,1,"KelliiWood",115,"N/A",2019,26,36,"Line","rockfish","dusky",172,172,181,"","","","",""
"1325","SL_2019_EYKT_Dive_26_11-10-15.000.avi",70234,"11:49:20",NA,72.376,0.001,5531.785,27.313,NA,NA,2058.545,1465.361,-4920.95,1,"KelliiWood",115,"N/A",2019,26,36,"Line","rockfish","dusky",172,172,182,"","","","",""
"1326","SL_2019_EYKT_Dive_26_11-10-15.000.avi",70343,"11:49:24",NA,24.495,2.593,3383.424,14.433,NA,NA,831.509,127.453,-3277.18,1,"KelliiWood",115,"N/A",2019,26,36,"Line","rockfish","dusky",172,172,183,"","","","",""
"1327","SL_2019_EYKT_Dive_26_11-10-15.000.avi",70343,"11:49:24",NA,47.012,3.463,4575.336,28.488,NA,NA,2074.452,661.559,-4024.014,1,"KelliiWood",115,"N/A",2019,26,36,"Line","rockfish","yelloweye",145,145,184,"AD","Fish actively swimming in frame","","NO LENGTH; facing ROV",""
"1328","SL_2019_EYKT_Dive_26_11-10-15.000.avi",70343,"11:49:24",NA,74.792,2.464,5600.166,26.189,NA,NA,1753.311,1721.861,-5032.192,1,"KelliiWood",115,"N/A",2019,26,36,"Line","rockfish","dusky",172,172,185,"","","","",""
"1329","SL_2019_EYKT_Dive_26_11-10-15.000.avi",70343,"11:49:24",NA,60.806,0.674,5143.486,24.701,NA,NA,764.511,1990.129,-4680.85,1,"KelliiWood",115,"N/A",2019,26,36,"Line","rockfish","dusky",172,172,186,"","","","",""
"1330","SL_2019_EYKT_Dive_26_11-10-15.000.avi",70343,"11:49:24",NA,120.289,3.643,7434.917,21.621,NA,NA,363.292,2687.622,-6922.623,1,"KelliiWood",115,"N/A",2019,26,36,"Line","rockfish","dusky",172,172,187,"","","","",""
"1331","SL_2019_EYKT_Dive_26_11-10-15.000.avi",70343,"11:49:24",NA,61.116,4.714,5410.968,33.312,NA,NA,2825.651,902.12,-4525.533,1,"KelliiWood",115,"N/A",2019,26,36,"Line","rockfish","dusky",172,172,188,"","","","",""
"1332","SL_2019_EYKT_Dive_26_11-10-15.000.avi",70343,"11:49:24",NA,131.586,4.644,7530.726,19.233,NA,NA,1955.257,1498.3,-7116.453,1,"KelliiWood",115,"N/A",2019,26,36,"Line","rockfish","dusky",172,172,189,"","","","",""
"1333","SL_2019_EYKT_Dive_26_11-10-15.000.avi",70343,"11:49:24",NA,20.048,1.939,2988.698,14.938,NA,NA,-510.399,565.537,-2889.978,1,"KelliiWood",115,"N/A",2019,26,36,"Line","rockfish","dusky",172,172,190,"","","","",""
"1334","SL_2019_EYKT_Dive_26_11-10-15.000.avi",70343,"11:49:24",NA,59.081,1.47,5141.632,32.23,NA,NA,2371.122,1359.863,-4354.874,1,"KelliiWood",115,"N/A",2019,26,36,"Line","rockfish","dusky",172,172,191,"","","","",""
"1335","SL_2019_EYKT_Dive_26_11-10-15.000.avi",70343,"11:49:24",NA,63.683,2.066,5173.708,23.77,NA,NA,1550.09,1376.045,-4740.356,1,"KelliiWood",115,"N/A",2019,26,36,"Line","rockfish","dusky",172,172,192,"","","","",""
"1336","SL_2019_EYKT_Dive_26_11-10-15.000.avi",70446,"11:49:27",NA,62.792,10.988,5282.693,18.543,NA,NA,-635.618,1535.033,-5014.629,1,"KelliiWood",115,"N/A",2019,26,36,"Line","rockfish","dusky",172,172,193,"","","","",""
"1337","SL_2019_EYKT_Dive_26_11-10-15.000.avi",71857,"11:50:14",491.928,62.939,2.144,3884.358,29.049,49.041,26.556,1873.494,-217.686,-3395.713,1,"KelliiWood",115,"N/A",2019,26,36,"Line","rockfish","yelloweye",145,145,194,"AD","Fish milling/hovering","","",""
"1338","SL_2019_EYKT_Dive_26_11-10-15.000.avi",71883,"11:50:15",189.526,37.077,1.512,4027.935,10.307,35.187,61.347,1.69,-720.652,-3962.943,1,"KelliiWood",115,"N/A",2019,26,36,"Line","rockfish","yelloweye",145,145,195,"JV","Fish resting on bottom","","",""
"1339","SL_2019_EYKT_Dive_26_11-10-15.000.avi",72226,"11:50:27",539.228,43.532,0.886,3952.745,20.56,21.786,15.835,869.905,-1081.752,-3700.982,1,"KelliiWood",115,"N/A",2019,26,36,"Line","rockfish","yelloweye",145,145,196,"AD","Fish resting on bottom","","",""
"1340","SL_2019_EYKT_Dive_26_11-10-15.000.avi",72299,"11:50:29",522.729,23.45,2.795,3028.866,26.718,20.242,35.218,706.486,-1164.177,-2705.476,1,"KelliiWood",115,"N/A",2019,26,36,"Line","rockfish","yelloweye",145,145,238,"AD","Fish milling/hovering","","MISSED FIRST ROUND",""
"1341","SL_2019_EYKT_Dive_26_11-10-15.000.avi",73533,"11:51:10",240.898,7.388,3.019,1924.461,20.089,9.03,8.502,-451.817,-482.475,-1807.383,1,"KelliiWood",115,"N/A",2019,26,36,"Line","rockfish","yelloweye",145,145,197,"JV","Fish resting on bottom","","",""
"1342","SL_2019_EYKT_Dive_26_11-10-15.000.avi",73533,"11:51:10",576.368,196.072,5.534,5600.566,19.219,76.765,17.105,1765.84,-529.91,-5288.416,1,"KelliiWood",115,"N/A",2019,26,36,"Line","rockfish","yelloweye",145,145,198,"AD","Fish resting on bottom","","",""
"1343","SL_2019_EYKT_Dive_26_11-10-15.000.avi",73602,"11:51:12",NA,22.026,2.431,3240.838,30.576,NA,NA,-1641.857,137.189,-2790.791,1,"KelliiWood",115,"N/A",2019,26,36,"Line","rockfish","yelloweye",145,145,199,"AD","Attracted","","NO LENGTH"," facing ROV"
"1344","SL_2019_EYKT_Dive_26_11-10-15.000.avi",73894,"11:51:22",177.103,42.82,0.114,2570.119,13.145,71.313,11.466,1.328,-584.484,-2502.776,1,"KelliiWood",115,"N/A",2019,26,36,"Line","rockfish","yelloweye",145,145,200,"JV","Fish milling/hovering","","",""
"1345","SL_2019_EYKT_Dive_26_11-10-15.000.avi",75069,"11:52:01",306.318,194.301,1.186,5398.041,4.757,69.034,10.752,-55.895,444.126,-5379.449,1,"KelliiWood",115,"N/A",2019,26,36,"Line","rockfish","yelloweye",145,145,201,"JV","Fish milling/hovering","","",""
"1346","SL_2019_EYKT_Dive_26_11-10-15.000.avi",75486,"11:52:15",NA,75.901,2.745,6337.771,4.882,NA,NA,534.844,44.846,-6315.004,1,"KelliiWood",115,"N/A",2019,26,36,"Line","rockfish","yelloweye",145,145,202,"AD","Fish resting on bottom","","NO LENGTH; too far away",""
"1347","SL_2019_EYKT_Dive_26_11-10-15.000.avi",75582,"11:52:18",511.048,53.851,2.465,4803.873,32.584,2.787,42.225,-2039.137,1592.052,-4047.775,1,"KelliiWood",115,"N/A",2019,26,36,"Line","rockfish","yelloweye",145,145,203,"AD","Fish actively swimming in frame","","",""
"1348","SL_2019_EYKT_Dive_26_11-10-15.000.avi",75835,"11:52:27",NA,20.418,1.174,3137.269,30.711,NA,NA,-1601.95,-41.069,-2697.133,1,"KelliiWood",115,"N/A",2019,26,36,"Line","rockfish","yelloweye",145,145,239,"JV","Fish milling/hovering","","NO LENGTH - MISSED 1st ROUND",""
"1349","SL_2019_EYKT_Dive_26_11-10-15.000.avi",76040,"11:52:34",NA,14.451,1.088,2475.545,26.485,NA,NA,-519.798,-982.837,-2211.823,1,"KelliiWood",115,"N/A",2019,26,36,"Line","rockfish","yelloweye",145,145,204,"JV","Fish resting on bottom","","NO LENGTH; facing ROV",""
"1350","SL_2019_EYKT_Dive_26_11-10-15.000.avi",76040,"11:52:34",NA,26.038,3.854,3319.918,20.483,NA,NA,-961.966,-663.764,-3107.393,1,"KelliiWood",115,"N/A",2019,26,36,"Line","rockfish","yelloweye",145,145,205,"JV","Fish resting on bottom","","NO LENGTH; curled up",""
"1351","SL_2019_EYKT_Dive_26_11-10-15.000.avi",76342,"11:52:44",NA,36.905,2.186,3940.603,27.089,NA,NA,1392.506,1117.727,-3512.829,1,"KelliiWood",115,"N/A",2019,26,36,"Line","eel","unknown",10000,10000,206,"","","","",""
"1352","SL_2019_EYKT_Dive_26_11-10-15.000.avi",76492,"11:52:49",NA,20.186,2.623,2943.936,19.893,NA,NA,543.673,-852.442,-2764.873,1,"KelliiWood",115,"N/A",2019,26,36,"Line","rockfish","dusky",172,172,207,"","","","",""
"1353","SL_2019_EYKT_Dive_26_11-10-15.000.avi",76492,"11:52:49",NA,35.618,2.804,4297.579,5.042,NA,NA,-233.941,279.388,-4282.103,1,"KelliiWood",115,"N/A",2019,26,36,"Line","rockfish","dusky",172,172,208,"","","","",""
"1354","SL_2019_EYKT_Dive_26_11-10-15.000.avi",77239,"11:53:14",505.449,30.142,2.243,2621.739,1.428,38.173,17.091,-65.292,2.822,-2620.924,1,"KelliiWood",115,"N/A",2019,26,36,"Line","rockfish","yelloweye",145,145,209,"AD","Fish resting on bottom","","",""
"1355","SL_2019_EYKT_Dive_26_11-10-15.000.avi",77239,"11:53:14",NA,17.734,2.475,2785.947,20.253,NA,NA,-932.938,-254.815,-2612.699,1,"KelliiWood",115,"N/A",2019,26,36,"Line","rockfish","dusky",172,172,210,"","","","",""
"1356","SL_2019_EYKT_Dive_26_11-10-15.000.avi",77310,"11:53:16",NA,9.882,0.56,2113.678,33.43,NA,NA,-1021.885,551.272,-1766.207,1,"KelliiWood",115,"N/A",2019,26,36,"Line","rockfish","dusky",172,172,211,"","","","",""
"1357","SL_2019_EYKT_Dive_26_11-10-15.000.avi",80260,"11:54:54",NA,10.598,1.948,2110.636,24.943,NA,NA,-788.226,-421.109,-1912.107,1,"KelliiWood",115,"N/A",2019,26,36,"Line","rockfish","rosethorn",150,150,212,"","","","",""
"1358","SL_2019_EYKT_Dive_26_11-10-15.000.avi",80260,"11:54:54",NA,19.318,5.109,3007.931,12.089,NA,NA,210.334,-605.577,-2938.823,1,"KelliiWood",115,"N/A",2019,26,36,"Line","rockfish","rosethorn",150,150,213,"","","","",""
"1359","SL_2019_EYKT_Dive_26_11-10-15.000.avi",80260,"11:54:54",NA,40.114,3.5,4246.32,18.111,NA,NA,-1281.561,300.073,-4037.176,1,"KelliiWood",115,"N/A",2019,26,36,"Line","rockfish","rosethorn",150,150,214,"","","","",""
"1360","SL_2019_EYKT_Dive_26_11-10-15.000.avi",80260,"11:54:54",NA,60.992,2.361,5271.431,23.551,NA,NA,2099.072,-193.887,-4831.593,1,"KelliiWood",115,"N/A",2019,26,36,"Line","rockfish","rosethorn",150,150,215,"","","","",""
"1361","SL_2019_EYKT_Dive_26_11-10-15.000.avi",80573,"11:55:05",NA,46.145,0.053,4429.309,20.901,NA,NA,1185.982,1027.673,-4141.994,1,"KelliiWood",115,"N/A",2019,26,36,"Line","rockfish","rosethorn",150,150,216,"","","","",""
"1362","SL_2019_EYKT_Dive_26_11-10-15.000.avi",80731,"11:55:10",NA,27.5,3.28,3578.376,11.589,NA,NA,365.362,-633.099,-3502.924,1,"KelliiWood",115,"N/A",2019,26,36,"Line","rockfish","yelloweye",145,145,217,"AD","Fish milling/hovering","","NO LENGTH; hiding",""
"1363","SL_2019_EYKT_Dive_26_11-10-15.000.avi",80960,"11:55:18",NA,33.453,1.203,3930.217,27.819,NA,NA,-1829.615,-143.019,-3475.436,1,"KelliiWood",115,"N/A",2019,26,36,"Line","rockfish","rosethorn",150,150,218,"","","","",""
"1364","SL_2019_EYKT_Dive_26_11-10-15.000.avi",81084,"11:55:22",NA,51.184,3.165,4669.553,20.756,NA,NA,1294.403,1013.59,-4370.569,1,"KelliiWood",115,"N/A",2019,26,36,"Line","rockfish","rosethorn",150,150,219,"","","","",""
"1365","SL_2019_EYKT_Dive_26_11-10-15.000.avi",81546,"11:55:37",NA,55.124,4.116,5500.039,1.527,NA,NA,7.07,-168.448,-5497.454,1,"KelliiWood",115,"N/A",2019,26,36,"Line","rockfish","rosethorn",150,150,220,"","","","",""
"1366","SL_2019_EYKT_Dive_26_11-10-15.000.avi",82840,"11:56:20",NA,25.97,1.759,3392.234,16.599,NA,NA,853.482,445.93,-3252.686,1,"KelliiWood",115,"N/A",2019,26,36,"Line","rockfish","rosethorn",150,150,221,"","","","",""
"1367","SL_2019_EYKT_Dive_26_11-10-15.000.avi",84332,"11:57:10",592.36,40.839,1.432,3920.541,29.209,43.732,53.452,1913.182,10.358,-3422.027,1,"KelliiWood",115,"N/A",2019,26,36,"Line","rockfish","yelloweye",145,145,222,"AD","Fish resting on bottom","","",""
"1368","SL_2019_EYKT_Dive_26_11-10-15.000.avi",85284,"11:57:42",557.189,30.973,2.039,3198.004,33.848,30.829,34.484,-1469.175,1007.169,-2656.005,1,"KelliiWood",115,"N/A",2019,26,36,"Line","rockfish","yelloweye",145,145,223,"AD","Fish actively swimming in frame","","",""
"1369","SL_2019_EYKT_Dive_26_11-10-15.000.avi",85771,"11:57:58",491.936,33.104,1.018,4541.874,12.929,9.563,34.43,-883.923,-501.399,-4426.725,1,"KelliiWood",115,"N/A",2019,26,36,"Line","rockfish","yelloweye",145,145,224,"AD","Fish milling/hovering","","",""
"1370","SL_2019_EYKT_Dive_26_11-10-15.000.avi",85771,"11:57:58",159.215,75.327,0.79,4180.085,12.911,37.238,10.006,765.178,535.565,-4074.406,1,"KelliiWood",115,"N/A",2019,26,36,"Line","rockfish","yelloweye",145,145,225,"JV","Fish milling/hovering","","",""
"1371","SL_2019_EYKT_Dive_26_11-10-15.000.avi",91515,"12:01:09",NA,32.696,1.953,3839.444,22.592,NA,NA,276.448,1434.618,-3550.602,1,"KelliiWood",115,"N/A",2019,26,36,"Line","rockfish","rosethorn",150,150,226,"","","","",""
"1372","SL_2019_EYKT_Dive_26_11-10-15.000.avi",91780,"12:01:18",NA,26.424,3.632,3565.449,11.133,NA,NA,-675.718,117.849,-3498.849,1,"KelliiWood",115,"N/A",2019,26,36,"Line","rockfish","rosethorn",150,150,227,"","","","",""
"1373","SL_2019_EYKT_Dive_26_11-10-15.000.avi",92135,"12:01:30",1034.435,66.009,1.063,3481.238,21.986,54.628,9.954,-721.294,1085.494,-3228.073,1,"KelliiWood",115,"N/A",2019,26,36,"Line","halibut","halibut",200,200,228,"","","","",""
"1374","SL_2019_EYKT_Dive_27_12-48-30.000.avi",2440,"12:49:52",733.209,29.078,1.986,2350.419,20.684,51.785,21.144,-812.943,-168.329,-2198.922,1,"KelliiWood",125,"N/A",2019,27,35,"Line","halibut","halibut",200,200,1,"","","","",""
"1375","SL_2019_EYKT_Dive_27_12-48-30.000.avi",4835,"12:51:12",407.936,42.355,0.639,4050.002,24.374,2.46,9.218,-1526.949,679.737,-3689.024,1,"KelliiWood",125,"N/A",2019,27,35,"Line","rockfish","yelloweye",145,145,2,"AD","Fish milling/hovering","","",""
"1376","SL_2019_EYKT_Dive_27_12-48-30.000.avi",5450,"12:51:33",306.539,70.211,1.355,3941.446,12.334,39.73,1.873,-306.404,784.23,-3850.467,1,"KelliiWood",125,"N/A",2019,27,35,"Line","rockfish","yelloweye",145,145,3,"JV","Fish milling/hovering","","",""
"1377","SL_2019_EYKT_Dive_27_12-48-30.000.avi",12551,"12:55:29",NA,9.932,1.716,2122.174,17.44,NA,NA,634.558,-51.599,-2024.425,1,"KelliiWood",125,"N/A",2019,27,35,"Line","rockfish","dusky",172,172,4,"","","","",""
"1378","SL_2019_EYKT_Dive_27_12-48-30.000.avi",15451,"12:57:06",NA,19.072,0.547,2924.698,14.218,NA,NA,-541.684,460.466,-2836.971,1,"KelliiWood",125,"N/A",2019,27,35,"Line","rockfish","rosethorn",150,150,5,"","","","",""
"1379","SL_2019_EYKT_Dive_27_12-48-30.000.avi",19323,"12:59:15",NA,11.773,0.721,2288.45,23.668,NA,NA,-909.063,124.177,-2096.471,1,"KelliiWood",125,"N/A",2019,27,35,"Line","rockfish","rosethorn",150,150,6,"","","","",""
"1380","SL_2019_EYKT_Dive_27_12-48-30.000.avi",19567,"12:59:23",NA,31.309,2.153,3807.676,32.037,NA,NA,-1935.602,564.39,-3230.063,1,"KelliiWood",125,"N/A",2019,27,35,"Line","rockfish","rosethorn",150,150,7,"","","","",""
"1381","SL_2019_EYKT_Dive_27_12-48-30.000.avi",19607,"12:59:25",NA,21.037,0.334,3044.953,27.372,NA,NA,1329.634,427.316,-2705.774,1,"KelliiWood",125,"N/A",2019,27,35,"Line","rockfish","dusky",172,172,8,"","","","",""
"1382","SL_2019_EYKT_Dive_27_12-48-30.000.avi",27884,"13:04:00",571.363,30.191,0.414,3812.471,23.312,5.156,6.899,-1080.649,1052.862,-3501.23,1,"KelliiWood",125,"N/A",2019,27,35,"Line","greenling","lingcod",130,130,9,"","","","",""
"1383","SL_2019_EYKT_Dive_27_12-48-30.000.avi",28129,"13:04:09",NA,9.337,0.311,2084.561,11.692,NA,NA,408.357,-116.382,-2040.856,1,"KelliiWood",125,"N/A",2019,27,35,"Line","rockfish","rosethorn",150,150,10,"","","","",""
"1384","SL_2019_EYKT_Dive_27_12-48-30.000.avi",31137,"13:05:49",NA,12.27,1.419,2388.649,35.739,NA,NA,-1132.18,807.561,-1942.076,1,"KelliiWood",125,"N/A",2019,27,35,"Line","halibut","halibut",200,200,11,"","","","NO LENGTH; partial view",""
"1385","SL_2019_EYKT_Dive_27_12-48-30.000.avi",32935,"13:06:49",849.53,7.456,2.56,2302.815,3.254,1.314,6.564,-48.635,121.339,-2299.102,1,"KelliiWood",125,"N/A",2019,27,35,"Line","greenling","lingcod",130,130,12,"","","","",""
"1386","SL_2019_EYKT_Dive_27_12-48-30.000.avi",33642,"13:07:12",NA,21.934,3.999,3184.576,30.996,NA,NA,-1597.473,360.071,-2731.292,1,"KelliiWood",125,"N/A",2019,27,35,"Line","greenling","lingcod",130,130,13,"","","","NO LENGTH; partial view",""
"1387","SL_2019_EYKT_Dive_27_12-48-30.000.avi",43823,"13:12:52",NA,4.24,0.236,1371.753,20.706,NA,NA,7.248,-490.097,-1281.194,1,"KelliiWood",125,"N/A",2019,27,35,"Line","rockfish","yelloweye",145,145,32,"AD","Fish resting on bottom","","NO LENGTH - MISSED 1st ROUND",""
"1388","SL_2019_EYKT_Dive_27_12-48-30.000.avi",44968,"13:13:30",NA,34.847,0.774,3929.231,31.469,NA,NA,1783.901,999.035,-3355.367,1,"KelliiWood",125,"N/A",2019,27,35,"Line","greenling","lingcod",130,130,14,"","","","NO LENGTH; partial view",""
"1389","SL_2019_EYKT_Dive_27_12-48-30.000.avi",48502,"13:15:28",NA,36.564,0.693,4035.293,28.44,NA,NA,-1854.288,490.534,-3550.294,1,"KelliiWood",125,"N/A",2019,27,35,"Line","rockfish","rosethorn",150,150,15,"","","","",""
"1390","SL_2019_EYKT_Dive_27_12-48-30.000.avi",54465,"13:18:46",NA,22.868,0.749,3294.987,11.831,NA,NA,216.367,627.068,-3227.523,1,"KelliiWood",125,"N/A",2019,27,35,"Line","rockfish","rosethorn",150,150,16,"","","","",""
"1391","SL_2019_EYKT_Dive_27_12-48-30.000.avi",57353,"13:20:23",468.172,36.229,1.857,3604.49,34.217,19.919,31.255,-1714.252,1081.494,-2980.614,1,"KelliiWood",125,"N/A",2019,27,35,"Line","rockfish","yelloweye",145,145,17,"AD","Fish milling/hovering","","",""
"1392","SL_2019_EYKT_Dive_27_12-48-30.000.avi",57353,"13:20:23",NA,35.166,0.69,3975.825,20.112,NA,NA,-333.613,1310.82,-3738.668,1,"KelliiWood",125,"N/A",2019,27,35,"Line","rockfish","rosethorn",150,150,18,"","","","",""
"1393","SL_2019_EYKT_Dive_27_12-48-30.000.avi",57509,"13:20:28",NA,15.043,0.396,2668.356,11.754,NA,NA,168.459,506.37,-2614.447,1,"KelliiWood",125,"N/A",2019,27,35,"Line","rockfish","rosethorn",150,150,19,"","","","",""
"1394","SL_2019_EYKT_Dive_27_12-48-30.000.avi",58866,"13:21:13",NA,22.69,1.269,3425.327,4.881,NA,NA,-27.117,-303.841,-3411.717,1,"KelliiWood",125,"N/A",2019,27,35,"Line","rockfish","rosethorn",150,150,20,"","","","",""
"1395","SL_2019_EYKT_Dive_27_12-48-30.000.avi",61243,"13:22:32",NA,33.843,0.023,3879.768,29.486,NA,NA,1784.09,667.564,-3379.938,1,"KelliiWood",125,"N/A",2019,27,35,"Line","rockfish","yelloweye",145,145,21,"AD","Fish milling/hovering","","NO LENGTH; poor visibility",""
"1396","SL_2019_EYKT_Dive_27_12-48-30.000.avi",62694,"13:23:21",NA,33.205,0.44,3849.477,26.446,NA,NA,-1679.93,328.241,-3447.98,1,"KelliiWood",125,"N/A",2019,27,35,"Line","rockfish","rosethorn",150,150,22,"","","","",""
"1397","SL_2019_EYKT_Dive_27_12-48-30.000.avi",62906,"13:23:28",NA,24.69,0.37,3317.707,20.87,NA,NA,1153.029,247.475,-3101.042,1,"KelliiWood",125,"N/A",2019,27,35,"Line","rockfish","yelloweye",145,145,23,"AD","Feeding","","NO LENGTH; head in rocks",""
"1398","SL_2019_EYKT_Dive_27_12-48-30.000.avi",62972,"13:23:30",400.44,1.64,0.222,905.42,25.796,9.643,2.332,94.492,382.518,-815.191,1,"KelliiWood",125,"N/A",2019,27,35,"Line","rockfish","yelloweye",145,145,24,"AD","Attracted","","",""
"1399","SL_2019_EYKT_Dive_27_12-48-30.000.avi",65929,"13:25:09",NA,18.82,0.018,2901.335,19.074,NA,NA,921.814,210.86,-2742.908,1,"KelliiWood",125,"N/A",2019,27,35,"Line","rockfish","rosethorn",150,150,25,"","","","",""
"1400","SL_2019_EYKT_Dive_27_12-48-30.000.avi",69882,"13:27:20",550.967,31.753,0.458,2317.313,16.536,60.402,18.331,658.007,45.31,-2221.466,1,"KelliiWood",125,"N/A",2019,27,35,"Line","halibut","halibut",200,200,26,"","","","",""
"1401","SL_2019_EYKT_Dive_27_12-48-30.000.avi",71761,"13:28:23",NA,18.105,1.174,3015.438,6.895,NA,NA,-141.182,321.358,-2994.94,1,"KelliiWood",125,"N/A",2019,27,35,"Line","rockfish","rosethorn",150,150,27,"","","","",""
"1402","SL_2019_EYKT_Dive_27_12-48-30.000.avi",71917,"13:28:28",NA,31.983,0.201,3683.148,22.15,NA,NA,-1200.833,683.717,-3414.105,1,"KelliiWood",125,"N/A",2019,27,35,"Line","rockfish","rosethorn",150,150,28,"","","","",""
"1403","SL_2019_EYKT_Dive_27_12-48-30.000.avi",78329,"13:32:02",NA,8.639,0.467,1959.559,27.319,NA,NA,875.49,-212.717,-1740.156,1,"KelliiWood",125,"N/A",2019,27,35,"Line","crab","box crab",900,900,29,"","","","",""
"1404","SL_2019_EYKT_Dive_27_12-48-30.000.avi",80061,"13:33:00",NA,17.485,0.034,2826.454,18.142,NA,NA,-878.859,35.222,-2686.114,1,"KelliiWood",125,"N/A",2019,27,35,"Line","skate","longnose skate",701,701,30,"","","","",""
"1405","SL_2019_EYKT_Dive_27_12-48-30.000.avi",83655,"13:34:59",NA,43.394,0.749,4506.36,34.848,NA,NA,-2270.562,1199.589,-3703.082,1,"KelliiWood",125,"N/A",2019,27,35,"Line","rockfish","yelloweye",145,145,31,"JV","Fish milling/hovering","","NO LENGTH; partial view",""
"1406","SL_2019_EYKT_Dive_28_14-14-55.000.avi",2413,"14:16:17",NA,15.194,0.132,2577.825,23.931,NA,NA,-305.771,-1009.39,-2352.194,1,"KelliiWood",80,"N/A",2019,28,34,"Line","rockfish","rosethorn",150,150,1,"","","","",""
"1407","SL_2019_EYKT_Dive_28_14-14-55.000.avi",2522,"14:16:21",NA,44.076,1.689,4411.726,21.603,NA,NA,-1576.055,376.489,-4103.369,1,"KelliiWood",80,"N/A",2019,28,34,"Line","rockfish","rosethorn",150,150,2,"","","","",""
"1408","SL_2019_EYKT_Dive_28_14-14-55.000.avi",3080,"14:16:40",NA,39.03,1.259,4252.851,15.186,NA,NA,302.016,1055.868,-4108.609,1,"KelliiWood",80,"N/A",2019,28,34,"Line","rockfish","rosethorn",150,150,3,"","","","",""
"1409","SL_2019_EYKT_Dive_28_14-14-55.000.avi",3703,"14:17:00",NA,17.09,0.31,2857.629,9.775,NA,NA,414.428,241.029,-2817.126,1,"KelliiWood",80,"N/A",2019,28,34,"Line","greenling","kelp greenling",194,194,4,"","","","",""
"1410","SL_2019_EYKT_Dive_28_14-14-55.000.avi",5203,"14:17:50",NA,17.522,3.987,2720.454,24.254,NA,NA,-571.481,-970.273,-2476.459,1,"KelliiWood",80,"N/A",2019,28,34,"Line","greenling","lingcod",130,130,66,"","","","MISSED FIRST ROUND - NO LENGT",""
"1411","SL_2019_EYKT_Dive_28_14-14-55.000.avi",6798,"14:18:44",NA,13.807,1.195,2404.889,22.756,NA,NA,667.045,-657.221,-2215.085,1,"KelliiWood",80,"N/A",2019,28,34,"Line","rockfish","rosethorn",150,150,5,"","","","",""
"1412","SL_2019_EYKT_Dive_28_14-14-55.000.avi",10792,"14:20:57",NA,24.152,1.21,3307.084,32.761,NA,NA,-1620.071,749.121,-2784.06,1,"KelliiWood",80,"N/A",2019,28,34,"Line","rockfish","rosethorn",150,150,6,"","","","",""
"1413","SL_2019_EYKT_Dive_28_14-14-55.000.avi",12012,"14:21:37",NA,0.553,0.059,459.387,23.676,NA,NA,122.837,135.938,-421.27,1,"KelliiWood",80,"N/A",2019,28,34,"Line","halibut","halibut",200,200,7,"","","","NO LENGTH; facing ROV :)",""
"1414","SL_2019_EYKT_Dive_28_14-14-55.000.avi",12099,"14:21:40",NA,34.546,0.032,3849.128,26.165,NA,NA,-703.14,-1558.614,-3448.493,1,"KelliiWood",80,"N/A",2019,28,34,"Line","rockfish","tiger",148,148,67,"","","","MISSED FIRST ROUND",""
"1415","SL_2019_EYKT_Dive_28_14-14-55.000.avi",14019,"14:22:44",NA,26.878,0.654,3372.903,20.351,NA,NA,-956.453,-691.686,-3159.627,1,"KelliiWood",80,"N/A",2019,28,34,"Line","rockfish","rosethorn",150,150,8,"","","","",""
"1416","SL_2019_EYKT_Dive_28_14-14-55.000.avi",14254,"14:22:52",NA,36.186,0.046,3989.513,16.53,NA,NA,867.998,716.124,-3827.526,1,"KelliiWood",80,"N/A",2019,28,34,"Line","rockfish","rosethorn",150,150,9,"","","","",""
"1417","SL_2019_EYKT_Dive_28_14-14-55.000.avi",18805,"14:25:24",NA,29.743,0.337,3989.32,2.787,NA,NA,-191.488,-46.93,-3984.445,1,"KelliiWood",80,"N/A",2019,28,34,"Line","rockfish","rosethorn",150,150,10,"","","","",""
"1418","SL_2019_EYKT_Dive_28_14-14-55.000.avi",19603,"14:25:50",NA,28.154,1.818,3572.711,15.823,NA,NA,328.746,-930.767,-3433.637,1,"KelliiWood",80,"N/A",2019,28,34,"Line","rockfish","rosethorn",150,150,11,"","","","",""
"1419","SL_2019_EYKT_Dive_28_14-14-55.000.avi",29481,"14:31:20",NA,33.102,0.908,3764.564,19.658,NA,NA,-1046.565,698.875,-3547.988,1,"KelliiWood",80,"N/A",2019,28,34,"Line","halibut","halibut",200,200,12,"","","","NO LENGTH; too dark",""
"1420","SL_2019_EYKT_Dive_28_14-14-55.000.avi",34239,"14:33:58",470.482,146.8,0.35,5389.715,30.034,62.92,8.265,-2638.365,562.204,-4666.046,1,"KelliiWood",80,"N/A",2019,28,34,"Line","greenling","lingcod",130,130,13,"","","","",""
"1421","SL_2019_EYKT_Dive_28_14-14-55.000.avi",40397,"14:37:24",NA,57.909,5.645,5182.284,33.29,NA,NA,-2640.419,1040.389,-4336.11,1,"KelliiWood",80,"N/A",2019,28,34,"Line","rockfish","rosethorn",150,150,14,"","","","",""
"1422","SL_2019_EYKT_Dive_28_14-14-55.000.avi",41295,"14:37:53",NA,38.848,1.134,4074.692,19.591,NA,NA,-939.464,976.605,-3842.755,1,"KelliiWood",80,"N/A",2019,28,34,"Line","rockfish","rosethorn",150,150,15,"","","","",""
"1423","SL_2019_EYKT_Dive_28_14-14-55.000.avi",41506,"14:38:01",NA,46.544,0.462,4510.885,28.749,NA,NA,-2025.522,761.581,-3957.946,1,"KelliiWood",80,"N/A",2019,28,34,"Line","rockfish","rosethorn",150,150,16,"","","","",""
"1424","SL_2019_EYKT_Dive_28_14-14-55.000.avi",42387,"14:38:30",NA,27.166,0.08,3581.007,10.659,NA,NA,-415.115,502.077,-3521.251,1,"KelliiWood",80,"N/A",2019,28,34,"Line","rockfish","rosethorn",150,150,17,"","","","",""
"1425","SL_2019_EYKT_Dive_28_14-14-55.000.avi",46061,"14:40:32",NA,16.845,1.947,2846.396,31.174,NA,NA,-1468.019,116.082,-2435.86,1,"KelliiWood",80,"N/A",2019,28,34,"Line","rockfish","rosethorn",150,150,18,"","","","",""
"1426","SL_2019_EYKT_Dive_28_14-14-55.000.avi",46335,"14:40:41",550.209,19.534,1.134,2099.364,12.76,51.922,39.804,-460.623,-53.125,-2047.519,1,"KelliiWood",80,"N/A",2019,28,34,"Line","greenling","lingcod",130,130,19,"","","","",""
"1427","SL_2019_EYKT_Dive_28_14-14-55.000.avi",46498,"14:40:47",NA,31.89,0.686,3667.881,22.73,NA,NA,1113.768,862.859,-3386.495,1,"KelliiWood",80,"N/A",2019,28,34,"Line","rockfish","rosethorn",150,150,20,"","","","",""
"1428","SL_2019_EYKT_Dive_28_14-14-55.000.avi",47974,"14:41:36",NA,26.838,0.866,3582.503,9.656,NA,NA,-439.591,395.562,-3533.358,1,"KelliiWood",80,"N/A",2019,28,34,"Line","rockfish","rosethorn",150,150,21,"","","","",""
"1429","SL_2019_EYKT_Dive_28_14-14-55.000.avi",49733,"14:42:35",NA,12.21,0.175,2371.724,34.029,NA,NA,1138.276,674.68,-1968.302,1,"KelliiWood",80,"N/A",2019,28,34,"Line","rockfish","silvergray",157,157,22,"","","","",""
"1430","SL_2019_EYKT_Dive_28_14-14-55.000.avi",50095,"14:42:47",NA,31.109,2.386,3712.845,18.058,NA,NA,1071.601,405.692,-3531.615,1,"KelliiWood",80,"N/A",2019,28,34,"Line","rockfish","rosethorn",150,150,23,"","","","",""
"1431","SL_2019_EYKT_Dive_28_14-14-55.000.avi",50488,"14:43:00",NA,14.164,0.022,2678.761,5.098,NA,NA,-109.836,-221.866,-2667.297,1,"KelliiWood",80,"N/A",2019,28,34,"Line","rockfish","rosethorn",150,150,24,"","","","",""
"1432","SL_2019_EYKT_Dive_28_14-14-55.000.avi",50488,"14:43:00",NA,16.626,0.092,2864.954,8.226,NA,NA,-408.617,-43.652,-2835.328,1,"KelliiWood",80,"N/A",2019,28,34,"Line","rockfish","tiger",148,148,25,"","","","",""
"1433","SL_2019_EYKT_Dive_28_14-14-55.000.avi",50488,"14:43:00",NA,26.277,0.207,3461.346,13.443,NA,NA,-691.305,398.336,-3368.136,1,"KelliiWood",80,"N/A",2019,28,34,"Line","rockfish","rosethorn",150,150,26,"","","","",""
"1434","SL_2019_EYKT_Dive_28_14-14-55.000.avi",50581,"14:43:03",456.713,3.525,0.978,1481.51,25.268,5.804,9.357,190.61,602.98,-1339.759,1,"KelliiWood",80,"N/A",2019,28,34,"Line","rockfish","silvergray",157,157,28,"","","","",""
"1435","SL_2019_EYKT_Dive_28_14-14-55.000.avi",50601,"14:43:04",NA,20.141,0.613,3004.374,24.845,NA,NA,1248.122,-199.649,-2725.544,1,"KelliiWood",80,"N/A",2019,28,34,"Line","rockfish","rosethorn",150,150,27,"","","","",""
"1436","SL_2019_EYKT_Dive_28_14-14-55.000.avi",50824,"14:43:11",NA,10.455,0.083,2292.166,5.598,NA,NA,31.894,-230.421,-2280.332,1,"KelliiWood",80,"N/A",2019,28,34,"Line","rockfish","rosethorn",150,150,29,"","","","",""
"1437","SL_2019_EYKT_Dive_28_14-14-55.000.avi",51444,"14:43:32",NA,31.489,0.404,3685.798,24.581,NA,NA,1435.35,-552.337,-3349.598,1,"KelliiWood",80,"N/A",2019,28,34,"Line","greenling","lingcod",130,130,30,"","","","NO LENGTH; partial view",""
"1438","SL_2019_EYKT_Dive_28_14-14-55.000.avi",51747,"14:43:42",NA,33.901,0.274,3814.296,19.351,NA,NA,947.342,822.203,-3602.136,1,"KelliiWood",80,"N/A",2019,28,34,"Line","rockfish","silvergray",157,157,31,"","","","",""
"1439","SL_2019_EYKT_Dive_28_14-14-55.000.avi",51747,"14:43:42",NA,24.59,3.081,3380.637,29.414,NA,NA,-1650.913,-188.048,-2944.118,1,"KelliiWood",80,"N/A",2019,28,34,"Line","rockfish","rosethorn",150,150,32,"","","","",""
"1440","SL_2019_EYKT_Dive_28_14-14-55.000.avi",51893,"14:43:47",NA,27.627,0.813,3469.142,17.598,NA,NA,689.885,776.762,-3309.931,1,"KelliiWood",80,"N/A",2019,28,34,"Line","rockfish","silvergray",157,157,33,"","","","",""
"1441","SL_2019_EYKT_Dive_28_14-14-55.000.avi",52807,"14:44:17",NA,62.929,0.377,5590.31,32.844,NA,NA,-3012.308,325.777,-4698.025,1,"KelliiWood",80,"N/A",2019,28,34,"Line","rockfish","rosethorn",150,150,34,"","","","",""
"1442","SL_2019_EYKT_Dive_28_14-14-55.000.avi",53573,"14:44:43",NA,11.774,0.109,2379.625,30.426,NA,NA,1203.722,-66.064,-2051.659,1,"KelliiWood",80,"N/A",2019,28,34,"Line","rockfish","rosethorn",150,150,35,"","","","",""
"1443","SL_2019_EYKT_Dive_28_14-14-55.000.avi",54214,"14:45:04",NA,20.928,0.427,2991.582,20.346,NA,NA,865.749,565.291,-2807.221,1,"KelliiWood",80,"N/A",2019,28,34,"Line","rockfish","rosethorn",150,150,36,"","","","",""
"1444","SL_2019_EYKT_Dive_28_14-14-55.000.avi",55260,"14:45:39",NA,26.461,0.799,3461.017,13.102,NA,NA,-647.446,-456.621,-3369.117,1,"KelliiWood",80,"N/A",2019,28,34,"Line","rockfish","rosethorn",150,150,37,"","","","",""
"1445","SL_2019_EYKT_Dive_28_14-14-55.000.avi",55861,"14:45:59",NA,24.724,0.048,3339.271,17.409,NA,NA,964.628,247.434,-3187.319,1,"KelliiWood",80,"N/A",2019,28,34,"Line","rockfish","rosethorn",150,150,38,"","","","",""
"1446","SL_2019_EYKT_Dive_28_14-14-55.000.avi",56445,"14:46:18",NA,16.29,0.905,2720.336,14.732,NA,NA,-651.761,221.273,-2631.82,1,"KelliiWood",80,"N/A",2019,28,34,"Line","rockfish","rosethorn",150,150,39,"","","","",""
"1447","SL_2019_EYKT_Dive_28_14-14-55.000.avi",56804,"14:46:30",248.412,20.946,0.099,3011.002,23.466,20.766,21.419,78.963,1196.38,-2761.987,1,"KelliiWood",80,"N/A",2019,28,34,"Line","rockfish","yelloweye",145,145,40,"JV","Fish resting on bottom","","",""
"1448","SL_2019_EYKT_Dive_28_14-14-55.000.avi",60068,"14:48:19",NA,5.123,0.446,1462.491,27.095,NA,NA,-366.915,-561.174,-1299.745,1,"KelliiWood",80,"N/A",2019,28,34,"Line","rockfish","rosethorn",150,150,41,"","","","",""
"1449","SL_2019_EYKT_Dive_28_14-14-55.000.avi",60931,"14:48:48",NA,21.523,0.899,3146.527,12.431,NA,NA,608.349,-310.145,-3071.54,1,"KelliiWood",80,"N/A",2019,28,34,"Line","rockfish","rosethorn",150,150,42,"","","","",""
"1450","SL_2019_EYKT_Dive_28_14-14-55.000.avi",61446,"14:49:05",NA,26.101,1.21,3417.318,20.882,NA,NA,1202.884,-204.547,-3192.067,1,"KelliiWood",80,"N/A",2019,28,34,"Line","rockfish","rosethorn",150,150,43,"","","","",""
"1451","SL_2019_EYKT_Dive_28_14-14-55.000.avi",61677,"14:49:13",NA,39.494,4.234,4264.314,32.77,NA,NA,2100.227,942.958,-3589.464,1,"KelliiWood",80,"N/A",2019,28,34,"Line","rockfish","yelloweye",145,145,44,"AD","Fish actively swimming in frame","","NO LENGTH; partial view",""
"1452","SL_2019_EYKT_Dive_28_14-14-55.000.avi",62801,"14:49:50",NA,39.259,1.612,4331.456,30.159,NA,NA,2161.04,240.773,-3746.124,1,"KelliiWood",80,"N/A",2019,28,34,"Line","rockfish","rosethorn",150,150,45,"","","","",""
"1453","SL_2019_EYKT_Dive_28_14-14-55.000.avi",63403,"14:50:10",NA,14.82,0.432,2738.025,5.966,NA,NA,259.425,106.136,-2723.64,1,"KelliiWood",80,"N/A",2019,28,34,"Line","rockfish","rosethorn",150,150,46,"","","","",""
"1454","SL_2019_EYKT_Dive_28_14-14-55.000.avi",64223,"14:50:38",NA,20.401,0.873,3098.929,10.678,NA,NA,426.078,372.685,-3046.789,1,"KelliiWood",80,"N/A",2019,28,34,"Line","rockfish","rosethorn",150,150,47,"","","","",""
"1455","SL_2019_EYKT_Dive_28_14-14-55.000.avi",64800,"14:50:57",NA,38.593,0.756,4095.507,17.186,NA,NA,-766.828,-951.829,-3908.859,1,"KelliiWood",80,"N/A",2019,28,34,"Line","rockfish","tiger",148,148,48,"","","","",""
"1456","SL_2019_EYKT_Dive_28_14-14-55.000.avi",64927,"14:51:01",NA,46.403,0.392,4726.094,31.92,NA,NA,2450.728,471.942,-4013.374,1,"KelliiWood",80,"N/A",2019,28,34,"Line","rockfish","rosethorn",150,150,49,"","","","",""
"1457","SL_2019_EYKT_Dive_28_14-14-55.000.avi",66221,"14:51:44",NA,40.491,0.328,4395.54,11.722,NA,NA,289.441,827.569,-4307.218,1,"KelliiWood",80,"N/A",2019,28,34,"Line","rockfish","rosethorn",150,150,50,"","","","",""
"1458","SL_2019_EYKT_Dive_28_14-14-55.000.avi",66349,"14:51:49",NA,33.309,1.237,3823.83,29.209,NA,NA,-1744.273,649.627,-3340.236,1,"KelliiWood",80,"N/A",2019,28,34,"Line","rockfish","rosethorn",150,150,51,"","","","",""
"1459","SL_2019_EYKT_Dive_28_14-14-55.000.avi",66780,"14:52:03",501.214,60.998,0.557,3625.207,15.86,76.43,47.681,703.73,697.357,-3487.202,1,"KelliiWood",80,"N/A",2019,28,34,"Line","rockfish","yelloweye",145,145,52,"AD","Fish resting on bottom","","",""
"1460","SL_2019_EYKT_Dive_28_14-14-55.000.avi",68904,"14:53:14",NA,10.378,0.97,2196.199,31.129,NA,NA,-1115.903,-216.805,-1879.108,1,"KelliiWood",80,"N/A",2019,28,34,"Line","rockfish","rosethorn",150,150,53,"","","","",""
"1461","SL_2019_EYKT_Dive_28_14-14-55.000.avi",69458,"14:53:32",NA,25.487,0.41,3346.967,22.492,NA,NA,1229.868,343.712,-3093.78,1,"KelliiWood",80,"N/A",2019,28,34,"Line","rockfish","rosethorn",150,150,54,"","","","",""
"1462","SL_2019_EYKT_Dive_28_14-14-55.000.avi",73317,"14:55:41",NA,37.978,0.154,4206.39,11.362,NA,NA,713.814,-437.381,-4122.242,1,"KelliiWood",80,"N/A",2019,28,34,"Line","rockfish","rosethorn",150,150,55,"","","","",""
"1463","SL_2019_EYKT_Dive_28_14-14-55.000.avi",73337,"14:55:42",NA,31.815,0.502,3821.13,12.177,NA,NA,532.709,-619.768,-3732.713,1,"KelliiWood",80,"N/A",2019,28,34,"Line","rockfish","rosethorn",150,150,68,"","","","MISSED FIRST ROUND",""
"1464","SL_2019_EYKT_Dive_28_14-14-55.000.avi",76083,"14:57:13",NA,25.96,1.583,3316.645,24.543,NA,NA,726.036,1158.708,-3021.655,1,"KelliiWood",80,"N/A",2019,28,34,"Line","rockfish","rosethorn",150,150,56,"","","","",""
"1465","SL_2019_EYKT_Dive_28_14-14-55.000.avi",76083,"14:57:13",NA,19.969,1.336,2957.696,33.061,NA,NA,1098.603,1171.809,-2483.526,1,"KelliiWood",80,"N/A",2019,28,34,"Line","rockfish","tiger",148,148,57,"","","","",""
"1466","SL_2019_EYKT_Dive_28_14-14-55.000.avi",76740,"14:57:35",NA,48.602,0.921,4638.464,21.163,NA,NA,-513.08,1576.714,-4331.982,1,"KelliiWood",80,"N/A",2019,28,34,"Line","rockfish","rosethorn",150,150,58,"","","","",""
"1467","SL_2019_EYKT_Dive_28_14-14-55.000.avi",81676,"15:00:19",NA,26.994,0.891,3769.544,4.129,NA,NA,-261.293,58.327,-3760.025,1,"KelliiWood",80,"N/A",2019,28,34,"Line","rockfish","rosethorn",150,150,59,"","","","",""
"1468","SL_2019_EYKT_Dive_28_14-14-55.000.avi",82019,"15:00:31",NA,72.755,3.44,5742.496,27.783,NA,NA,2627.2,-532.683,-5078.418,1,"KelliiWood",80,"N/A",2019,28,34,"Line","rockfish","dusky",172,172,60,"","","","",""
"1469","SL_2019_EYKT_Dive_28_14-14-55.000.avi",82019,"15:00:31",NA,49.406,4.396,4947.237,8.825,NA,NA,253.311,695.898,-4891.494,1,"KelliiWood",80,"N/A",2019,28,34,"Line","rockfish","dusky",172,172,61,"","","","",""
"1470","SL_2019_EYKT_Dive_28_14-14-55.000.avi",82019,"15:00:31",NA,78.285,3.759,6006.95,20.268,NA,NA,-2080.876,-25.653,-5634.958,1,"KelliiWood",80,"N/A",2019,28,34,"Line","rockfish","dusky",172,172,62,"","","","",""
"1471","SL_2019_EYKT_Dive_28_14-14-55.000.avi",82293,"15:00:40",NA,63.77,6.666,5692.618,6.426,NA,NA,-611.184,-202.645,-5656.084,1,"KelliiWood",80,"N/A",2019,28,34,"Line","rockfish","dusky",172,172,63,"","","","",""
"1472","SL_2019_EYKT_Dive_28_14-14-55.000.avi",82293,"15:00:40",NA,38.647,0.664,4146.664,18.846,NA,NA,-1288.655,349.87,-3925.784,1,"KelliiWood",80,"N/A",2019,28,34,"Line","rockfish","dusky",172,172,64,"","","","",""
"1473","SL_2019_EYKT_Dive_28_14-14-55.000.avi",82467,"15:00:46",NA,55.574,2.674,5097.942,24.784,NA,NA,-9.109,2118.471,-4636.918,1,"KelliiWood",80,"N/A",2019,28,34,"Line","rockfish","yelloweye",145,145,69,"SU","Fish milling/hovering","","NO LENGTH - MISSED FIRST ROUN",""
"1474","SL_2019_EYKT_Dive_28_14-14-55.000.avi",83131,"15:01:08",NA,11.227,0.657,2270.367,11.57,NA,NA,-268.116,-376.939,-2222.745,1,"KelliiWood",80,"N/A",2019,28,34,"Line","rockfish","yelloweye",145,145,65,"JV","Fish resting on bottom","","NO LENGTH; partial view",""
"1475","SL_2019_EYKT_Dive_29_15-55-14.000.avi",401,"15:55:36",177.161,32.024,0.523,3806.542,5.5,18.764,24.954,362.407,42.106,-3789.017,1,"KelliiWood",55,"N/A",2019,29,33,"Line","rockfish","yelloweye",145,145,1,"JV","Fish resting on bottom","","",""
"1476","SL_2019_EYKT_Dive_29_15-55-14.000.avi",1024,"15:55:57",NA,65.408,0.815,5341.725,30.925,NA,NA,-2407.048,1301.548,-4587.605,1,"KelliiWood",55,"N/A",2019,29,33,"Line","rockfish","quillback",147,147,2,"","","","",""
"1477","SL_2019_EYKT_Dive_29_15-55-14.000.avi",1295,"15:56:06",NA,15.277,0.1,2616.725,14.409,NA,NA,-334.92,-568.576,-2532.153,1,"KelliiWood",55,"N/A",2019,29,33,"Line","greenling","kelp greenling",194,194,3,"","","YES","Can you double check ID?",""
"1478","SL_2019_EYKT_Dive_29_15-55-14.000.avi",1740,"15:56:21",300.526,5.857,0.538,1551.873,32.344,6.087,2.475,-583.248,590.885,-1311.101,1,"KelliiWood",55,"N/A",2019,29,33,"Line","rockfish","yelloweye",145,145,4,"AD","Attracted","","",""
"1479","SL_2019_EYKT_Dive_29_15-55-14.000.avi",4241,"15:57:44",NA,40.181,1.38,4308.069,15.987,NA,NA,-1170.418,178.433,-4142.191,1,"KelliiWood",55,"N/A",2019,29,33,"Line","rockfish","tiger",148,148,5,"","","","",""
"1480","SL_2019_EYKT_Dive_29_15-55-14.000.avi",5932,"15:58:41",154.962,117.075,1.38,5436.241,13.915,43.538,36.944,973.395,872.626,-5276.717,1,"KelliiWood",55,"N/A",2019,29,33,"Line","rockfish","yelloweye",145,145,6,"JV","Fish resting on bottom","","",""
"1481","SL_2019_EYKT_Dive_29_15-55-14.000.avi",7187,"15:59:23",NA,39.275,0.3,4306.951,11.176,NA,NA,729.313,389.281,-4226.865,1,"KelliiWood",55,"N/A",2019,29,33,"Line","greenling","kelp greenling",194,194,7,"","","","",""
"1482","SL_2019_EYKT_Dive_29_15-55-14.000.avi",11417,"16:01:44",678.59,113.684,1.61,5330.304,28.907,35.532,3.245,-2254.352,1247.658,-4666.197,1,"KelliiWood",55,"N/A",2019,29,33,"Line","rockfish","yelloweye",145,145,8,"AD","Fish milling/hovering","","",""
"1483","SL_2019_EYKT_Dive_29_15-55-14.000.avi",12840,"16:02:31",271.767,135.982,1.369,5788.722,15.891,35.826,6.199,796.445,1370.382,-5567.497,1,"KelliiWood",55,"N/A",2019,29,33,"Line","rockfish","yelloweye",145,145,9,"JV","Fish milling/hovering","","",""
"1484","SL_2019_EYKT_Dive_29_15-55-14.000.avi",12951,"16:02:35",577.006,41.041,2.443,3435.758,9.155,27.772,2.462,-423.569,345.556,-3391.992,1,"KelliiWood",55,"N/A",2019,29,33,"Line","rockfish","yelloweye",145,145,10,"AD","Fish milling/hovering","","",""
"1485","SL_2019_EYKT_Dive_29_15-55-14.000.avi",13206,"16:02:43",NA,19.525,0.513,2853.878,27.224,NA,NA,-853.737,977.593,-2541.666,1,"KelliiWood",55,"N/A",2019,29,33,"Line","rockfish","silvergray",157,157,11,"","","","",""
"1486","SL_2019_EYKT_Dive_29_15-55-14.000.avi",13646,"16:02:58",NA,50.59,1.994,4814.792,33.857,NA,NA,-2370.923,1238.592,-4003.353,1,"KelliiWood",55,"N/A",2019,29,33,"Line","rockfish","quillback",147,147,12,"","","","",""
"1487","SL_2019_EYKT_Dive_29_15-55-14.000.avi",15698,"16:04:06",NA,92.805,0.292,6487.47,33.088,NA,NA,3047.402,1782.896,-5442.6,1,"KelliiWood",55,"N/A",2019,29,33,"Line","rockfish","yelloweye",145,145,13,"AD","Fish milling/hovering","","NO LENGTH; too dark",""
"1488","SL_2019_EYKT_Dive_29_15-55-14.000.avi",18884,"16:05:52",NA,40.944,1.171,4291.225,16.122,NA,NA,-1113.912,406.618,-4124.133,1,"KelliiWood",55,"N/A",2019,29,33,"Line","rockfish","yelloweye",145,145,14,"SU","Fish resting on bottom","","NO LENGTH; wrong angle",""
"1489","SL_2019_EYKT_Dive_29_15-55-14.000.avi",19887,"16:06:26",NA,78.117,0.66,5862.263,33.125,NA,NA,-2525.896,1950.76,-4917.368,1,"KelliiWood",55,"N/A",2019,29,33,"Line","rockfish","yelloweye",145,145,15,"AD","Fish actively swimming in frame","","NO LENGTH; wrong angle",""
"1490","SL_2019_EYKT_Dive_29_15-55-14.000.avi",21261,"16:07:12",NA,80.622,1.096,5868.218,22.938,NA,NA,1173.149,1941.564,-5412.027,1,"KelliiWood",55,"N/A",2019,29,33,"Line","rockfish","quillback",147,147,16,"","","","",""
"1491","SL_2019_EYKT_Dive_29_15-55-14.000.avi",21482,"16:07:19",636.458,145.486,0.205,5045.388,16.381,60.416,17.253,82.044,1420.567,-4840.579,1,"KelliiWood",55,"N/A",2019,29,33,"Line","rockfish","yelloweye",145,145,17,"AD","Fish actively swimming in frame","","",""
"1492","SL_2019_EYKT_Dive_29_15-55-14.000.avi",25662,"16:09:38",478.687,133.217,0.997,6511.425,9.3,25.768,0.932,433.73,958.71,-6425.839,1,"KelliiWood",55,"N/A",2019,29,33,"Line","rockfish","yelloweye",145,145,18,"AD","Fish resting on bottom","","",""
"1493","SL_2019_EYKT_Dive_29_15-55-14.000.avi",25662,"16:09:38",NA,107.644,1.275,7033.088,14.351,NA,NA,750.314,1546.213,-6819.867,1,"KelliiWood",55,"N/A",2019,29,33,"Line","rockfish","quillback",147,147,19,"","","","",""
"1494","SL_2019_EYKT_Dive_29_15-55-14.000.avi",25874,"16:09:45",124.541,67.98,0.672,4081.353,5.721,34.147,5.1,337.376,-227.327,-4061.027,1,"KelliiWood",55,"N/A",2019,29,33,"Line","rockfish","yelloweye",145,145,20,"JV","Fish resting on bottom","","",""
"1495","SL_2019_EYKT_Dive_29_15-55-14.000.avi",26215,"16:09:57",NA,24.881,3.211,3384.014,30.063,NA,NA,1644.783,398.678,-2930.409,1,"KelliiWood",55,"N/A",2019,29,33,"Line","rockfish","silvergray",157,157,21,"","","","",""
"1496","SL_2019_EYKT_Dive_29_15-55-14.000.avi",26705,"16:10:13",809.294,231.42,0.636,6950.386,26.478,63.763,32.628,-1267.783,2827.673,-6221.323,1,"KelliiWood",55,"N/A",2019,29,33,"Line","rockfish","yelloweye",145,145,22,"AD","Fish actively swimming in frame","","",""
"1497","SL_2019_EYKT_Dive_29_15-55-14.000.avi",26982,"16:10:22",378.498,84.978,0.402,4368.484,28.928,47.866,13.379,1901.328,921.976,-3823.423,1,"KelliiWood",55,"N/A",2019,29,33,"Line","rockfish","yelloweye",145,145,23,"AD","Fish milling/hovering","","",""
"1498","SL_2019_EYKT_Dive_29_15-55-14.000.avi",27553,"16:10:41",NA,63.602,0.551,5356.294,16.228,NA,NA,-1411.144,478.838,-5144.83,1,"KelliiWood",55,"N/A",2019,29,33,"Line","rockfish","tiger",148,148,24,"","","","",""
"1499","SL_2019_EYKT_Dive_29_15-55-14.000.avi",27750,"16:10:48",356.33,54.727,0.555,3092.988,3.259,51.882,7.02,21.985,-174.476,-3087.984,1,"KelliiWood",55,"N/A",2019,29,33,"Line","rockfish","yelloweye",145,145,25,"JV","Fish milling/hovering","","",""
"1500","SL_2019_EYKT_Dive_29_15-55-14.000.avi",32445,"16:13:24",NA,24.018,1.102,3337.617,14.734,NA,NA,-834.809,140.933,-3228.455,1,"KelliiWood",55,"N/A",2019,29,33,"Line","greenling","kelp greenling",194,194,26,"","","","",""
"1501","SL_2019_EYKT_Dive_29_15-55-14.000.avi",32593,"16:13:29",NA,4.997,0.26,1437.05,23.167,NA,NA,-414.69,-389.563,-1319.616,1,"KelliiWood",55,"N/A",2019,29,33,"Line","rockfish","yelloweye",145,145,27,"AD","Attracted","","NO LENGTH; too close",""
"1502","SL_2019_EYKT_Dive_29_15-55-14.000.avi",32656,"16:13:32",NA,87.402,3.538,6487.031,33.696,NA,NA,-3463.672,955.799,-5401.019,1,"KelliiWood",55,"N/A",2019,29,33,"Line","rockfish","yelloweye",145,145,28,"AD","Fish actively swimming in frame","","NO LENGTH; too far away",""
"1503","SL_2019_EYKT_Dive_29_15-55-14.000.avi",34704,"16:14:40",NA,67.246,0.515,5448.253,16.965,NA,NA,906.932,1284.784,-5216.346,1,"KelliiWood",55,"N/A",2019,29,33,"Line","rockfish","quillback",147,147,29,"","","","",""
"1504","SL_2019_EYKT_Dive_29_15-55-14.000.avi",35217,"16:14:57",338.446,77.324,2.152,6373.799,15.364,15.47,2.841,-451.273,1627.334,-6146.011,1,"KelliiWood",55,"N/A",2019,29,33,"Line","rockfish","yelloweye",145,145,30,"SU","Fish milling/hovering","","",""
"1505","SL_2019_EYKT_Dive_29_15-55-14.000.avi",36435,"16:15:37",490.943,191.37,0.475,6871.406,30.743,44.467,14.627,2710.874,2233.7,-5905.758,1,"KelliiWood",55,"N/A",2019,29,33,"Line","rockfish","yelloweye",145,145,31,"AD","Fish milling/hovering","","",""
"1506","SL_2019_EYKT_Dive_29_15-55-14.000.avi",38076,"16:16:32",363.156,66.536,4.302,3652.996,27.787,66.72,23.993,1626.78,503.784,-3231.744,1,"KelliiWood",55,"N/A",2019,29,33,"Line","rockfish","yelloweye",145,145,32,"SU","Fish actively swimming in frame","","",""
"1507","SL_2019_EYKT_Dive_29_15-55-14.000.avi",38959,"16:17:02",NA,60.055,0.552,5377.373,9.574,NA,NA,617.87,625.424,-5305.018,1,"KelliiWood",55,"N/A",2019,29,33,"Line","rockfish","tiger",148,148,33,"","","","",""
"1508","SL_2019_EYKT_Dive_29_15-55-14.000.avi",39513,"16:17:20",630.968,141.067,1.227,5266.797,26.875,58.858,12.387,1545.409,1811.135,-4697.941,1,"KelliiWood",55,"N/A",2019,29,33,"Line","rockfish","yelloweye",145,145,34,"AD","Fish actively swimming in frame","","",""
"1509","SL_2019_EYKT_Dive_29_15-55-14.000.avi",40246,"16:17:45",NA,40.215,0.951,4356.585,10.793,NA,NA,-519.422,611.985,-4281.998,1,"KelliiWood",55,"N/A",2019,29,33,"Line","rockfish","tiger",148,148,35,"","","","",""
"1510","SL_2019_EYKT_Dive_29_15-55-14.000.avi",41462,"16:18:25",NA,38.965,0.894,4276.606,29.622,NA,NA,2088.745,309.79,-3718.943,1,"KelliiWood",55,"N/A",2019,29,33,"Line","rockfish","tiger",148,148,36,"","","","",""
"1511","SL_2019_EYKT_Dive_29_15-55-14.000.avi",43185,"16:19:22",NA,33.311,3.461,4014.536,31.331,NA,NA,-2082.286,-161.04,-3428.505,1,"KelliiWood",55,"N/A",2019,29,33,"Line","greenling","lingcod",130,130,37,"","","","NO LENGTH; partial view",""
"1512","SL_2019_EYKT_Dive_29_15-55-14.000.avi",43555,"16:19:35",462.335,84.025,1.494,4820.988,18.355,42.485,42.848,-799.774,1290.387,-4575.717,1,"KelliiWood",55,"N/A",2019,29,33,"Line","rockfish","yelloweye",145,145,38,"AD","Fish resting on bottom","","",""
"1513","SL_2019_EYKT_Dive_29_15-55-14.000.avi",43841,"16:19:44",209.671,92.109,0.768,5735.906,32.373,11.191,13.495,-2560.659,1695.683,-4844.41,1,"KelliiWood",55,"N/A",2019,29,33,"Line","rockfish","yelloweye",145,145,39,"JV","Fish milling/hovering","","",""
"1514","SL_2019_EYKT_Dive_29_15-55-14.000.avi",44128,"16:19:54",905.058,91.17,0.558,3919.584,24.197,70.871,14.765,-923.295,1314.738,-3575.21,1,"KelliiWood",55,"N/A",2019,29,33,"Line","greenling","lingcod",130,130,40,"","","","",""
"1515","SL_2019_EYKT_Dive_29_15-55-14.000.avi",44353,"16:20:01",605.226,80.572,4.487,4651.433,29.492,34.657,15.047,1892.089,1289.821,-4048.727,1,"KelliiWood",55,"N/A",2019,29,33,"Line","rockfish","yelloweye",145,145,41,"AD","Attracted","","",""
"1516","SL_2019_EYKT_Dive_29_15-55-14.000.avi",44520,"16:20:07",NA,114.104,0.519,7396.106,15.999,NA,NA,-85,2008.276,-7117.723,1,"KelliiWood",55,"N/A",2019,29,33,"Line","greenling","kelp greenling",194,194,42,"","","","",""
"1517","SL_2019_EYKT_Dive_29_15-55-14.000.avi",44611,"16:20:10",961.073,117.607,1.401,4664.604,27.655,75.427,23.311,-1998.574,832.521,-4131.723,1,"KelliiWood",55,"N/A",2019,29,33,"Line","greenling","lingcod",130,130,43,"","","","",""
"1518","SL_2019_EYKT_Dive_29_15-55-14.000.avi",46939,"16:21:28",NA,71.837,1.264,5584.901,30.549,NA,NA,-2483.76,1355.121,-4815.154,1,"KelliiWood",55,"N/A",2019,29,33,"Line","rockfish","quillback",147,147,44,"","","","",""
"1519","SL_2019_EYKT_Dive_29_15-55-14.000.avi",49940,"16:23:08",NA,35.89,1.228,4372.485,3.519,NA,NA,194.442,167.469,-4364.948,1,"KelliiWood",55,"N/A",2019,29,33,"Line","greenling","kelp greenling",194,194,45,"","","","",""
"1520","SL_2019_EYKT_Dive_29_15-55-14.000.avi",50246,"16:23:18",NA,25.043,2.625,3244.471,22.262,NA,NA,913.309,-834.643,-2999.305,1,"KelliiWood",55,"N/A",2019,29,33,"Line","greenling","kelp greenling",194,194,46,"","","","",""
"1521","SL_2019_EYKT_Dive_29_15-55-14.000.avi",50416,"16:23:24",545.381,119.928,1.045,5491.873,25.528,40.809,7.269,-401.427,2332.401,-4955.747,1,"KelliiWood",55,"N/A",2019,29,33,"Line","rockfish","yelloweye",145,145,47,"AD","Fish actively swimming in frame","","",""
"1522","SL_2019_EYKT_Dive_29_15-55-14.000.avi",50684,"16:23:32",NA,47.698,0.426,4865.175,32.005,NA,NA,-2574.778,122.28,-4126.196,1,"KelliiWood",55,"N/A",2019,29,33,"Line","rockfish","quillback",147,147,48,"","","","",""
"1523","SL_2019_EYKT_Dive_29_15-55-14.000.avi",54243,"16:25:31",797.712,43.433,1.823,5498.499,11.078,10.722,2,-170.732,1042.611,-5396.045,1,"KelliiWood",55,"N/A",2019,29,33,"Line","greenling","lingcod",130,130,49,"","","","",""
"1524","SL_2019_EYKT_Dive_29_15-55-14.000.avi",54413,"16:25:37",NA,19.705,0.3,3270.453,1.087,NA,NA,-15.129,47.093,-3270.078,1,"KelliiWood",55,"N/A",2019,29,33,"Line","greenling","lingcod",130,130,50,"","","","NO LENGTH; wrong angle",""
"1525","SL_2019_EYKT_Dive_29_15-55-14.000.avi",54539,"16:25:41",NA,51.985,1.377,4957.838,12.139,NA,NA,393.538,946.05,-4850.801,1,"KelliiWood",55,"N/A",2019,29,33,"Line","rockfish","quillback",147,147,51,"","","","",""
"1526","SL_2019_EYKT_Dive_29_15-55-14.000.avi",55581,"16:26:16",NA,48.243,0.112,4928.698,7.937,NA,NA,-185.534,635.231,-4884.068,1,"KelliiWood",55,"N/A",2019,29,33,"Line","rockfish","quillback",147,147,52,"","","","",""
"1527","SL_2019_EYKT_Dive_29_15-55-14.000.avi",56232,"16:26:37",583.961,59.451,2.668,3163.788,23.915,79.146,19.398,1216.686,405.72,-2892.165,1,"KelliiWood",55,"N/A",2019,29,33,"Line","rockfish","yelloweye",145,145,53,"AD","Attracted","","",""
"1528","SL_2019_EYKT_Dive_29_15-55-14.000.avi",56250,"16:26:38",NA,27.988,0.791,3516.734,17.045,NA,NA,952.183,-408.386,-3360.652,1,"KelliiWood",55,"N/A",2019,29,33,"Line","rockfish","quillback",147,147,54,"","","","",""
"1529","SL_2019_EYKT_Dive_29_15-55-14.000.avi",56308,"16:26:40",201.021,52.985,1.669,4784.319,19.23,4.841,8.824,1541.369,-327.582,-4517.364,1,"KelliiWood",55,"N/A",2019,29,33,"Line","rockfish","yelloweye",145,145,55,"JV","Fish milling/hovering","","",""
"1530","SL_2019_EYKT_Dive_29_15-55-14.000.avi",56308,"16:26:40",NA,66.343,0.139,5504.13,17.507,NA,NA,1637.359,-267.491,-5248.138,1,"KelliiWood",55,"N/A",2019,29,33,"Line","rockfish","tiger",148,148,56,"","","","",""
"1531","SL_2019_EYKT_Dive_29_15-55-14.000.avi",56548,"16:26:48",319.006,42.891,0.389,3874.653,7.702,22.411,7.791,463.639,233.842,-3839.7,1,"KelliiWood",55,"N/A",2019,29,33,"Line","rockfish","yelloweye",145,145,57,"JV","Fish milling/hovering","","",""
"1532","SL_2019_EYKT_Dive_29_15-55-14.000.avi",58133,"16:27:41",NA,31.434,1.835,3699.668,32.455,NA,NA,1394.483,1400.719,-3127.451,1,"KelliiWood",55,"N/A",2019,29,33,"Line","greenling","lingcod",130,130,58,"","","","NO LENGTH; facing ROV",""
"1533","SL_2019_EYKT_Dive_29_15-55-14.000.avi",58407,"16:27:50",NA,58.826,1.259,5218.398,13.465,NA,NA,534.934,1070.722,-5079.279,1,"KelliiWood",55,"N/A",2019,29,33,"Line","rockfish","quillback",147,147,59,"","","","",""
"1534","SL_2019_EYKT_Dive_29_15-55-14.000.avi",58717,"16:28:00",NA,64.574,0.176,5292.743,19.238,NA,NA,1512.082,848.826,-5000.623,1,"KelliiWood",55,"N/A",2019,29,33,"Line","greenling","kelp greenling",194,194,60,"","","","",""
"1535","SL_2019_EYKT_Dive_29_15-55-14.000.avi",58823,"16:28:04",317.507,94.655,1.184,5050.405,21.705,32.649,15.318,-1343.976,1297.079,-4692.324,1,"KelliiWood",55,"N/A",2019,29,33,"Line","rockfish","yelloweye",145,145,61,"SU","Fish milling/hovering","","",""
"1536","SL_2019_EYKT_Dive_29_15-55-14.000.avi",58962,"16:28:08",NA,25.917,0.921,3377.198,19.261,NA,NA,-1074.967,-305.225,-3186.966,1,"KelliiWood",55,"N/A",2019,29,33,"Line","rockfish","yelloweye",145,145,62,"JV","Fish resting on bottom","","",""
"1537","SL_2019_EYKT_Dive_29_15-55-14.000.avi",58962,"16:28:08",NA,25.408,0.04,3337.314,22.508,NA,NA,-1246.889,-290.631,-3081.958,1,"KelliiWood",55,"N/A",2019,29,33,"Line","rockfish","tiger",148,148,63,"","","","",""
"1538","SL_2019_EYKT_Dive_29_15-55-14.000.avi",61151,"16:29:21",NA,51.954,0.875,4818.662,32.443,NA,NA,-2290.351,1182.345,-4071.345,1,"KelliiWood",55,"N/A",2019,29,33,"Line","greenling","lingcod",130,130,64,"","","","NO LENGTH; facing ROV",""
"1539","SL_2019_EYKT_Dive_30_16-58-16.000.avi",1491,"16:59:09",NA,56.83,1.439,5013.976,30.117,NA,NA,-2343.003,899.078,-4340.732,1,"KelliiWood",60,"N/A",2019,30,32,"Line","rockfish","rosethorn",150,150,1,"","","","",""
"1540","SL_2019_EYKT_Dive_30_16-58-16.000.avi",2346,"16:59:37",NA,31.645,0.493,3908.624,29.81,NA,NA,1940.435,87.947,-3391.801,1,"KelliiWood",60,"N/A",2019,30,32,"Line","rockfish","rosethorn",150,150,2,"","","","",""
"1541","SL_2019_EYKT_Dive_30_16-58-16.000.avi",3324,"17:00:10",NA,44.956,2.377,4622.294,33.008,NA,NA,-2430.233,643.652,-3878.825,1,"KelliiWood",60,"N/A",2019,30,32,"Line","rockfish","rosethorn",150,150,3,"","","","",""
"1542","SL_2019_EYKT_Dive_30_16-58-16.000.avi",3804,"17:00:26",NA,97.117,5.797,6754.817,16.007,NA,NA,-297.071,1812.859,-6500.218,1,"KelliiWood",60,"N/A",2019,30,32,"Line","rockfish","quillback",147,147,4,"","","","",""
"1543","SL_2019_EYKT_Dive_30_16-58-16.000.avi",6272,"17:01:48",NA,58.936,0.699,5607.26,3.831,NA,NA,-335.526,144.232,-5595.354,1,"KelliiWood",60,"N/A",2019,30,32,"Line","rockfish","rosethorn",150,150,5,"","","","",""
"1544","SL_2019_EYKT_Dive_30_16-58-16.000.avi",8632,"17:03:07",314.318,131.337,1.541,4996.989,17.902,52.472,15.736,-1152.356,1015.539,-4755.066,1,"KelliiWood",60,"N/A",2019,30,32,"Line","rockfish","yelloweye",145,145,6,"SU","Fish milling/hovering","","",""
"1545","SL_2019_EYKT_Dive_30_16-58-16.000.avi",13015,"17:05:33",265.338,147.201,0.945,5089.645,18.997,65.174,21.71,1286.333,1044.13,-4812.445,1,"KelliiWood",60,"N/A",2019,30,32,"Line","rockfish","yelloweye",145,145,7,"JV","Fish milling/hovering","","",""
"1546","SL_2019_EYKT_Dive_30_16-58-16.000.avi",13015,"17:05:33",104.973,99.091,0.538,4564.086,15.971,42.131,0.173,1044.838,696.627,-4387.928,1,"KelliiWood",60,"N/A",2019,30,32,"Line","rockfish","yelloweye",145,145,8,"JV","Fish resting on bottom","","",""
"1547","SL_2019_EYKT_Dive_30_16-58-16.000.avi",13806,"17:05:59",NA,77.686,0.817,5725.394,23.082,NA,NA,-1334.617,1783.663,-5274.228,1,"KelliiWood",60,"N/A",2019,30,32,"Line","rockfish","quillback",147,147,9,"","","","",""
"1548","SL_2019_EYKT_Dive_30_16-58-16.000.avi",14401,"17:06:19",NA,32.862,0.47,4148.041,3.777,NA,NA,-213.876,-186.601,-4138.319,1,"KelliiWood",60,"N/A",2019,30,32,"Line","rockfish","yelloweye",145,145,10,"SU","Fish resting on bottom","","NO LENGTH; partial view",""
"1549","SL_2019_EYKT_Dive_30_16-58-16.000.avi",14811,"17:06:33",NA,120.075,6.802,7098.685,24.832,NA,NA,2160.276,2028.526,-6450.552,1,"KelliiWood",60,"N/A",2019,30,32,"Line","rockfish","quillback",147,147,11,"","","","",""
"1550","SL_2019_EYKT_Dive_30_16-58-16.000.avi",19598,"17:09:12",NA,36.706,0.009,4295.54,6.872,NA,NA,-302.192,398.659,-4266.312,1,"KelliiWood",60,"N/A",2019,30,32,"Line","rockfish","rosethorn",150,150,12,"","","","",""
"1551","SL_2019_EYKT_Dive_30_16-58-16.000.avi",20036,"17:09:27",401.02,27.524,0.34,2668.761,20.202,35.196,21.24,-717.807,-578.021,-2504.582,1,"KelliiWood",60,"N/A",2019,30,32,"Line","greenling","lingcod",130,130,13,"","","","",""
"1552","SL_2019_EYKT_Dive_30_16-58-16.000.avi",20843,"17:09:54",NA,62.022,0.657,5225.642,17.776,NA,NA,1417.517,712.123,-4979.042,1,"KelliiWood",60,"N/A",2019,30,32,"Line","rockfish","tiger",148,148,14,"","","","",""
"1553","SL_2019_EYKT_Dive_30_16-58-16.000.avi",20843,"17:09:54",NA,73.544,2.282,5861.453,17.512,NA,NA,233.541,1725.821,-5596.752,1,"KelliiWood",60,"N/A",2019,30,32,"Line","rockfish","rosethorn",150,150,15,"","","","",""
"1554","SL_2019_EYKT_Dive_30_16-58-16.000.avi",20980,"17:09:58",NA,39.321,0.653,4134.555,19.026,NA,NA,722.733,1122.053,-3913.209,1,"KelliiWood",60,"N/A",2019,30,32,"Line","rockfish","quillback",147,147,16,"","","","",""
"1555","SL_2019_EYKT_Dive_30_16-58-16.000.avi",21639,"17:10:20",NA,18.036,0.685,2902.696,15.736,NA,NA,58.092,-796.262,-2790.741,1,"KelliiWood",60,"N/A",2019,30,32,"Line","greenling","lingcod",130,130,17,"","","","NO LENGTH; wrong angle",""
"1556","SL_2019_EYKT_Dive_30_16-58-16.000.avi",23295,"17:11:15",NA,88.87,0.853,6155.478,21.252,NA,NA,-1287.825,1799.037,-5744.118,1,"KelliiWood",60,"N/A",2019,30,32,"Line","rockfish","silvergray",157,157,18,"","","","",""
"1557","SL_2019_EYKT_Dive_30_16-58-16.000.avi",23606,"17:11:26",NA,54.283,1.44,5036.421,34.685,NA,NA,-2540.985,1309.098,-4146.709,1,"KelliiWood",60,"N/A",2019,30,32,"Line","rockfish","yelloweye",145,145,19,"AD","Fish milling/hovering","","NO LENGTH; partial view- right cam",""
"1558","SL_2019_EYKT_Dive_30_16-58-16.000.avi",23606,"17:11:26",NA,60.949,1.862,5132.087,30.99,NA,NA,-2219.062,1416.999,-4405.246,1,"KelliiWood",60,"N/A",2019,30,32,"Line","rockfish","silvergray",157,157,20,"","","","",""
"1559","SL_2019_EYKT_Dive_30_16-58-16.000.avi",24427,"17:11:53",NA,28.756,1.085,3642.721,27.518,NA,NA,-1676.761,132.291,-3231.158,1,"KelliiWood",60,"N/A",2019,30,32,"Line","rockfish","silvergray",157,157,21,"","","","",""
"1560","SL_2019_EYKT_Dive_30_16-58-16.000.avi",24427,"17:11:53",NA,103.371,1.093,6904.262,13.805,NA,NA,-727.758,1451.169,-6710.686,1,"KelliiWood",60,"N/A",2019,30,32,"Line","rockfish","rosethorn",150,150,22,"","","","",""
"1561","SL_2019_EYKT_Dive_30_16-58-16.000.avi",24547,"17:11:57",NA,78.155,2.702,6031.544,34.409,NA,NA,-3038.004,1525.266,-4982.33,1,"KelliiWood",60,"N/A",2019,30,32,"Line","rockfish","tiger",148,148,23,"","","","",""
"1562","SL_2019_EYKT_Dive_30_16-58-16.000.avi",25206,"17:12:19",NA,79.284,7.984,6009.387,14.082,NA,NA,-784.071,1210.847,-5833.679,1,"KelliiWood",60,"N/A",2019,30,32,"Line","rockfish","rosethorn",150,150,24,"","","","",""
"1563","SL_2019_EYKT_Dive_30_16-58-16.000.avi",27392,"17:13:32",NA,61.164,0.474,5215.034,15.637,NA,NA,1094.428,862.045,-5025.504,1,"KelliiWood",60,"N/A",2019,30,32,"Line","rockfish","rosethorn",150,150,25,"","","","",""
"1564","SL_2019_EYKT_Dive_30_16-58-16.000.avi",28883,"17:14:22",197.796,46.038,0.627,4320.55,21.084,5.282,11.874,1514.268,350.177,-4031.318,1,"KelliiWood",60,"N/A",2019,30,32,"Line","rockfish","yelloweye",145,145,26,"JV","Fish milling/hovering","","",""
"1565","SL_2019_EYKT_Dive_30_16-58-16.000.avi",29356,"17:14:38",NA,43.348,1.966,4547.447,31.347,NA,NA,2322.823,432.602,-3885.437,1,"KelliiWood",60,"N/A",2019,30,32,"Line","rockfish","rosethorn",150,150,27,"","","","",""
"1566","SL_2019_EYKT_Dive_30_16-58-16.000.avi",30444,"17:15:14",NA,48.181,0.893,4731.458,12.175,NA,NA,-572.788,798.532,-4628.278,1,"KelliiWood",60,"N/A",2019,30,32,"Line","rockfish","rosethorn",150,150,28,"","","","",""
"1567","SL_2019_EYKT_Dive_30_16-58-16.000.avi",30982,"17:15:32",NA,60.27,0.815,5124.671,19.203,NA,NA,1501.959,745.688,-4842.553,1,"KelliiWood",60,"N/A",2019,30,32,"Line","rockfish","rosethorn",150,150,29,"","","","",""
"1568","SL_2019_EYKT_Dive_30_16-58-16.000.avi",31994,"17:16:05",NA,80.323,0.428,5950.729,27.239,NA,NA,2582.662,843.813,-5294.243,1,"KelliiWood",60,"N/A",2019,30,32,"Line","rockfish","rosethorn",150,150,30,"","","","",""
"1569","SL_2019_EYKT_Dive_30_16-58-16.000.avi",32931,"17:16:37",NA,99.343,2.419,6588.803,17.314,NA,NA,-1277.377,1462.606,-6296.143,1,"KelliiWood",60,"N/A",2019,30,32,"Line","rockfish","rosethorn",150,150,31,"","","","",""
"1570","SL_2019_EYKT_Dive_30_16-58-16.000.avi",33240,"17:16:47",NA,63.541,7.622,5474.831,30.87,NA,NA,-2773.434,427.304,-4700.984,1,"KelliiWood",60,"N/A",2019,30,32,"Line","rockfish","tiger",148,148,32,"","","","",""
"1571","SL_2019_EYKT_Dive_30_16-58-16.000.avi",36862,"17:18:48",NA,13.719,1.61,2412.615,28.922,NA,NA,-602.024,-1007.943,-2107.683,1,"KelliiWood",60,"N/A",2019,30,32,"Line","rockfish","rosethorn",150,150,71,"","","","MISSED FIRST ROUND",""
"1572","SL_2019_EYKT_Dive_30_16-58-16.000.avi",36894,"17:18:49",291.363,44.798,2.572,4656.509,13.521,14.271,0.999,-744.574,794.316,-4527.444,1,"KelliiWood",60,"N/A",2019,30,32,"Line","rockfish","yelloweye",145,145,33,"JV","Fish resting on bottom","","",""
"1573","SL_2019_EYKT_Dive_30_16-58-16.000.avi",36951,"17:18:51",NA,43.993,0.428,4418.898,15.473,NA,NA,-824.608,825.401,-4262.088,1,"KelliiWood",60,"N/A",2019,30,32,"Line","rockfish","silvergray",157,157,34,"","","","",""
"1574","SL_2019_EYKT_Dive_30_16-58-16.000.avi",37037,"17:18:54",264.687,82.291,0.649,4255.52,16.058,41.66,17.597,1078.217,-472.351,-4089.472,1,"KelliiWood",60,"N/A",2019,30,32,"Line","rockfish","yelloweye",145,145,35,"JV","Fish milling/hovering","","",""
"1575","SL_2019_EYKT_Dive_30_16-58-16.000.avi",37654,"17:19:14",NA,64.823,0.063,5268.575,21.193,NA,NA,1635.313,956.801,-4916.112,1,"KelliiWood",60,"N/A",2019,30,32,"Line","rockfish","rosethorn",150,150,36,"","","","",""
"1576","SL_2019_EYKT_Dive_30_16-58-16.000.avi",37654,"17:19:14",NA,61.612,0.362,5295.153,14.274,NA,NA,694.459,1084.964,-5136.071,1,"KelliiWood",60,"N/A",2019,30,32,"Line","rockfish","rosethorn",150,150,37,"","","","",""
"1577","SL_2019_EYKT_Dive_30_16-58-16.000.avi",38102,"17:19:29",NA,22.054,0.793,3168.68,13.105,NA,NA,-644.856,-329.11,-3084.863,1,"KelliiWood",60,"N/A",2019,30,32,"Line","rockfish","tiger",148,148,38,"","","","",""
"1578","SL_2019_EYKT_Dive_30_16-58-16.000.avi",38679,"17:19:48",NA,29.16,1.087,3597.094,26.511,NA,NA,1559.844,-393.686,-3217.294,1,"KelliiWood",60,"N/A",2019,30,32,"Line","rockfish","tiger",148,148,39,"","","","",""
"1579","SL_2019_EYKT_Dive_30_16-58-16.000.avi",39014,"17:19:59",562.478,25.763,0.215,3504.408,23.584,1.275,32.96,1138.665,-818.119,-3211.697,1,"KelliiWood",60,"N/A",2019,30,32,"Line","greenling","lingcod",130,130,40,"","","","",""
"1580","SL_2019_EYKT_Dive_30_16-58-16.000.avi",40836,"17:21:00",NA,36.992,0.497,4106.763,14.871,NA,NA,979.543,373.113,-3970.741,1,"KelliiWood",60,"N/A",2019,30,32,"Line","rockfish","tiger",148,148,41,"","","","",""
"1581","SL_2019_EYKT_Dive_30_16-58-16.000.avi",41523,"17:21:23",344.09,84.206,2.846,6389.076,28.051,0.677,1.568,-2000.879,2241.395,-5638.521,1,"KelliiWood",60,"N/A",2019,30,32,"Line","rockfish","yelloweye",145,145,42,"SU","Fish milling/hovering","","",""
"1582","SL_2019_EYKT_Dive_30_16-58-16.000.avi",42099,"17:21:42",421.655,90.124,3.453,7480.027,23.034,14.381,6.983,-265.615,2914.697,-6883.661,1,"KelliiWood",60,"N/A",2019,30,32,"Line","rockfish","yelloweye",145,145,43,"AD","Fish milling/hovering","","",""
"1583","SL_2019_EYKT_Dive_30_16-58-16.000.avi",43072,"17:22:15",NA,64.304,5.267,5214.814,21.205,NA,NA,-1400.26,1244.303,-4866.751,1,"KelliiWood",60,"N/A",2019,30,32,"Line","rockfish","rosethorn",150,150,44,"","","","",""
"1584","SL_2019_EYKT_Dive_30_16-58-16.000.avi",43796,"17:22:39",NA,70.561,2.114,5544.374,26.442,NA,NA,2306.491,860.636,-4967.845,1,"KelliiWood",60,"N/A",2019,30,32,"Line","rockfish","rosethorn",150,150,45,"","","","",""
"1585","SL_2019_EYKT_Dive_30_16-58-16.000.avi",44121,"17:22:50",100.487,29.697,0.236,2943.446,24.438,25.511,18.664,1169.464,-339.499,-2679.733,1,"KelliiWood",60,"N/A",2019,30,32,"Line","rockfish","yelloweye",145,145,46,"JV","Fish resting on bottom","","",""
"1586","SL_2019_EYKT_Dive_30_16-58-16.000.avi",44655,"17:23:07",NA,17.448,2.979,2752.518,32.03,NA,NA,-1180.532,849.428,-2336.915,1,"KelliiWood",60,"N/A",2019,30,32,"Line","rockfish","quillback",147,147,47,"","","","",""
"1587","SL_2019_EYKT_Dive_30_16-58-16.000.avi",45000,"17:23:19",NA,38.613,1.552,4210.177,26.24,NA,NA,-1859.322,-104.195,-3775.931,1,"KelliiWood",60,"N/A",2019,30,32,"Line","rockfish","rosethorn",150,150,48,"","","","",""
"1588","SL_2019_EYKT_Dive_30_16-58-16.000.avi",46375,"17:24:05",NA,57.555,3.635,5047.73,28.157,NA,NA,2252.254,757.385,-4453.459,1,"KelliiWood",60,"N/A",2019,30,32,"Line","rockfish","rosethorn",150,150,49,"","","","",""
"1589","SL_2019_EYKT_Dive_30_16-58-16.000.avi",46974,"17:24:25",NA,106.317,0.532,6757.895,19.497,NA,NA,-1423.606,1723.989,-6377.331,1,"KelliiWood",60,"N/A",2019,30,32,"Line","greenling","kelp greenling",194,194,50,"","","","",""
"1590","SL_2019_EYKT_Dive_30_16-58-16.000.avi",47387,"17:24:39",NA,73.63,0.827,5685.156,28.456,NA,NA,2508.505,1002.489,-5002.341,1,"KelliiWood",60,"N/A",2019,30,32,"Line","rockfish","rosethorn",150,150,51,"","","","",""
"1591","SL_2019_EYKT_Dive_30_16-58-16.000.avi",48255,"17:25:07",NA,33.28,1.356,3912.327,28.088,NA,NA,1817.296,287.159,-3452.72,1,"KelliiWood",60,"N/A",2019,30,32,"Line","greenling","lingcod",130,130,52,"","","","NO LENGTH; partial view"," big head"
"1592","SL_2019_EYKT_Dive_30_16-58-16.000.avi",48958,"17:25:31",NA,64.236,1.189,5274.154,30.76,NA,NA,-2314.811,1366.73,-4537.664,1,"KelliiWood",60,"N/A",2019,30,32,"Line","greenling","lingcod",130,130,53,"","","","NO LENGTH; partial view right cam",""
"1593","SL_2019_EYKT_Dive_30_16-58-16.000.avi",50210,"17:26:13",NA,49.156,1.847,4701.525,29.654,NA,NA,-2238.249,616.994,-4088.264,1,"KelliiWood",60,"N/A",2019,30,32,"Line","rockfish","rosethorn",150,150,54,"","","","",""
"1594","SL_2019_EYKT_Dive_30_16-58-16.000.avi",50664,"17:26:28",NA,25.394,5.26,3428.059,29.151,NA,NA,-1659.517,-197.486,-2993.091,1,"KelliiWood",60,"N/A",2019,30,32,"Line","rockfish","rosethorn",150,150,55,"","","","",""
"1595","SL_2019_EYKT_Dive_30_16-58-16.000.avi",50977,"17:26:38",NA,26.556,1.497,3431.522,22.304,NA,NA,-1285.559,-220.939,-3173.936,1,"KelliiWood",60,"N/A",2019,30,32,"Line","eel","unknown",10000,10000,56,"","","","",""
"1596","SL_2019_EYKT_Dive_30_16-58-16.000.avi",51093,"17:26:42",NA,53.259,4.876,4969.594,14.577,NA,NA,397.58,1166.583,-4814.341,1,"KelliiWood",60,"N/A",2019,30,32,"Line","rockfish","silvergray",157,157,57,"","","","",""
"1597","SL_2019_EYKT_Dive_30_16-58-16.000.avi",52562,"17:27:31",229.516,14.961,2.159,2944.696,6.877,13.433,0.185,61.82,347.116,-2923.512,1,"KelliiWood",60,"N/A",2019,30,32,"Line","rockfish","yelloweye",145,145,58,"JV","Fish milling/hovering","","",""
"1598","SL_2019_EYKT_Dive_30_16-58-16.000.avi",53686,"17:28:08",NA,46.789,0.625,4756.428,31.514,NA,NA,-2470.88,259.247,-4056.002,1,"KelliiWood",60,"N/A",2019,30,32,"Line","rockfish","rosethorn",150,150,59,"","","","",""
"1599","SL_2019_EYKT_Dive_30_16-58-16.000.avi",53910,"17:28:16",NA,37.74,0.284,4007.155,28.841,NA,NA,-1656.009,-1011.088,-3506.085,1,"KelliiWood",60,"N/A",2019,30,32,"Line","greenling","kelp greenling",194,194,60,"","","","",""
"1600","SL_2019_EYKT_Dive_30_16-58-16.000.avi",55087,"17:28:55",NA,111.532,8.144,6883.728,29.472,NA,NA,-2779.205,1911.597,-6000.627,1,"KelliiWood",60,"N/A",2019,30,32,"Line","rockfish","rosethorn",150,150,61,"","","","",""
"1601","SL_2019_EYKT_Dive_30_16-58-16.000.avi",55782,"17:29:18",NA,63.991,1.908,5442.814,12.175,NA,NA,-784.958,816.2,-5323.709,1,"KelliiWood",60,"N/A",2019,30,32,"Line","rockfish","tiger",148,148,62,"","","","",""
"1602","SL_2019_EYKT_Dive_30_16-58-16.000.avi",58348,"17:30:44",NA,61.137,0.705,5396.872,31.563,NA,NA,-2786.868,443.617,-4600.304,1,"KelliiWood",60,"N/A",2019,30,32,"Line","rockfish","tiger",148,148,63,"","","","",""
"1603","SL_2019_EYKT_Dive_30_16-58-16.000.avi",58702,"17:30:56",NA,25.812,3.251,3412.832,27.536,NA,NA,-1559.942,-248.518,-3025.267,1,"KelliiWood",60,"N/A",2019,30,32,"Line","rockfish","tiger",148,148,64,"","","","",""
"1604","SL_2019_EYKT_Dive_30_16-58-16.000.avi",58911,"17:31:03",NA,26.749,1.867,3380.42,30.347,NA,NA,1271.571,1128.491,-2921.789,1,"KelliiWood",60,"N/A",2019,30,32,"Line","rockfish","rosethorn",150,150,65,"","","","",""
"1605","SL_2019_EYKT_Dive_30_16-58-16.000.avi",61074,"17:32:15",NA,67.913,3.217,5543.966,33.43,NA,NA,-2668.244,1467.67,-4632.707,1,"KelliiWood",60,"N/A",2019,30,32,"Line","rockfish","yelloweye",145,145,66,"AD","Fish milling/hovering","","NO LENGTH; partial view right cam",""
"1606","SL_2019_EYKT_Dive_30_16-58-16.000.avi",61208,"17:32:19",NA,42.196,1.161,4290.098,17.46,NA,NA,-1065.995,705.144,-4095.286,1,"KelliiWood",60,"N/A",2019,30,32,"Line","rockfish","rosethorn",150,150,67,"","","","",""
"1607","SL_2019_EYKT_Dive_30_16-58-16.000.avi",65135,"17:34:30",134.46,49.317,0.565,4393.458,32.233,4.379,36.629,-2241.061,684.65,-3716.365,1,"KelliiWood",60,"N/A",2019,30,32,"Line","rockfish","yelloweye",145,145,68,"JV","Fish milling/hovering","","",""
"1608","SL_2019_EYKT_Dive_30_16-58-16.000.avi",67844,"17:36:00",NA,49.464,2.719,4633.154,25.383,NA,NA,-1883.341,613.691,-4188.38,1,"KelliiWood",60,"N/A",2019,30,32,"Line","rockfish","tiger",148,148,69,"","","","",""
"1609","SL_2019_EYKT_Dive_30_16-58-16.000.avi",69055,"17:36:41",NA,25.94,2.062,3536.465,31.491,NA,NA,1828.857,-272.492,-3014.567,1,"KelliiWood",60,"N/A",2019,30,32,"Line","rockfish","rosethorn",150,150,70,"","","","",""
"1610","SL_2019_EYKT_Dive_31_18-11-09.000.avi",820,"18:11:40",NA,32.981,1.069,3894.32,29.547,NA,NA,-1896.325,-316.857,-3386.632,1,"KelliiWood",50,"N/A",2019,31,31,"Line","rockfish","rosethorn",150,150,1,"","","","",""
"1611","SL_2019_EYKT_Dive_31_18-11-09.000.avi",1692,"18:12:09",NA,90.405,5.987,6291.962,18.166,NA,NA,-1752.587,857.257,-5981.834,1,"KelliiWood",50,"N/A",2019,31,31,"Line","rockfish","rosethorn",150,150,2,"","","","",""
"1612","SL_2019_EYKT_Dive_31_18-11-09.000.avi",2056,"18:12:22",NA,94.893,0.401,6333.399,27.836,NA,NA,2337.822,1788.746,-5607.755,1,"KelliiWood",50,"N/A",2019,31,31,"Line","rockfish","tiger",148,148,3,"","","","",""
"1613","SL_2019_EYKT_Dive_31_18-11-09.000.avi",3806,"18:13:20",NA,46.606,0.917,4968.396,4.038,NA,NA,284.931,183.127,-4956.837,1,"KelliiWood",50,"N/A",2019,31,31,"Line","rockfish","rosethorn",150,150,4,"","","","",""
"1614","SL_2019_EYKT_Dive_31_18-11-09.000.avi",4672,"18:13:49",610.053,12.435,1.78,2003.825,24.196,27.845,1.205,250.325,-782.223,-1827.779,1,"KelliiWood",50,"N/A",2019,31,31,"Line","rockfish","yelloweye",145,145,5,"AD","Fish moving quickly into frame","","",""
"1615","SL_2019_EYKT_Dive_31_18-11-09.000.avi",5467,"18:14:15",NA,95.604,2.879,6549.709,15.753,NA,NA,928.336,1491.313,-6309.743,1,"KelliiWood",50,"N/A",2019,31,31,"Line","rockfish","rosethorn",150,150,6,"","","","",""
"1616","SL_2019_EYKT_Dive_31_18-11-09.000.avi",6737,"18:14:58",767.356,239.832,1.66,7323.059,19.955,41.631,6.648,1427.664,2051.363,-6883.377,1,"KelliiWood",50,"N/A",2019,31,31,"Line","rockfish","yelloweye",145,145,7,"AD","Fish milling/hovering","","",""
"1617","SL_2019_EYKT_Dive_31_18-11-09.000.avi",9998,"18:16:46",NA,67.525,1.24,5326.396,22.565,NA,NA,-1448.088,1422.769,-4924.354,1,"KelliiWood",50,"N/A",2019,31,31,"Line","rockfish","yelloweye",145,145,8,"JV","Fish resting on bottom","","NO LENGTH; partial view",""
"1618","SL_2019_EYKT_Dive_31_18-11-09.000.avi",11600,"18:17:40",NA,63.097,0.238,5512.638,11.055,NA,NA,-344.233,977.756,-5414.303,1,"KelliiWood",50,"N/A",2019,31,31,"Line","rockfish","rosethorn",150,150,9,"","","","",""
"1619","SL_2019_EYKT_Dive_31_18-11-09.000.avi",11963,"18:17:52",NA,90.297,3.433,6177.81,21.505,NA,NA,-1565.893,1613.016,-5754.258,1,"KelliiWood",50,"N/A",2019,31,31,"Line","rockfish","rosethorn",150,150,10,"","","","",""
"1620","SL_2019_EYKT_Dive_31_18-11-09.000.avi",12898,"18:18:23",576.18,3.312,1.281,1210.316,20.751,5.742,38.731,-296.474,309.833,-1131.8,1,"KelliiWood",50,"N/A",2019,31,31,"Line","rockfish","yelloweye",145,145,11,"AD","Attracted","","",""
"1621","SL_2019_EYKT_Dive_31_18-11-09.000.avi",12977,"18:18:26",NA,68.233,2.046,5437.711,19.917,NA,NA,-1677.944,764.301,-5115.569,1,"KelliiWood",50,"N/A",2019,31,31,"Line","rockfish","rosethorn",150,150,12,"","","","",""
"1622","SL_2019_EYKT_Dive_31_18-11-09.000.avi",13351,"18:18:38",NA,78.221,1.007,6125.656,12.383,NA,NA,-1295.426,193.765,-5983.978,1,"KelliiWood",50,"N/A",2019,31,31,"Line","rockfish","rosethorn",150,150,13,"","","","",""
"1623","SL_2019_EYKT_Dive_31_18-11-09.000.avi",13924,"18:18:57",NA,115.938,1.343,7229.466,14.868,NA,NA,-1611.938,889.964,-6991.051,1,"KelliiWood",50,"N/A",2019,31,31,"Line","rockfish","rosethorn",150,150,14,"","","","",""
"1624","SL_2019_EYKT_Dive_31_18-11-09.000.avi",15981,"18:20:06",211.501,106.902,1.586,5266.04,32.026,39.95,12.025,2433.869,1369.252,-4464.595,1,"KelliiWood",50,"N/A",2019,31,31,"Line","rockfish","yelloweye",145,145,15,"JV","Fish milling/hovering","","",""
"1625","SL_2019_EYKT_Dive_31_18-11-09.000.avi",17665,"18:21:02",520.322,6.468,0.979,1510.842,22.093,0.238,0.445,-567.034,-37.159,-1399.906,1,"KelliiWood",50,"N/A",2019,31,31,"Line","rockfish","yelloweye",145,145,16,"AD","Attracted","","Had to wait to get length",""
"1626","SL_2019_EYKT_Dive_31_18-11-09.000.avi",19838,"18:22:14",510.508,82.748,2.09,5974.192,23.22,8.875,35.609,-2312.032,450.058,-5490.258,1,"KelliiWood",50,"N/A",2019,31,31,"Line","rockfish","yelloweye",145,145,17,"AD","Fish resting on bottom","","",""
"1627","SL_2019_EYKT_Dive_31_18-11-09.000.avi",21292,"18:23:03",NA,55.115,6.493,4945.136,31.635,NA,NA,2246.965,1278.837,-4215.459,1,"KelliiWood",50,"N/A",2019,31,31,"Line","greenling","lingcod",130,130,18,"","","","NO LENGTH; partial view",""
"1628","SL_2019_EYKT_Dive_31_18-11-09.000.avi",21855,"18:23:21",NA,54.278,0.429,4960.198,14.913,NA,NA,-608.596,1102.87,-4797.589,1,"KelliiWood",50,"N/A",2019,31,31,"Line","rockfish","rosethorn",150,150,19,"","","","",""
"1629","SL_2019_EYKT_Dive_31_18-11-09.000.avi",23212,"18:24:07",309.843,67.855,1.195,4785.153,24.408,15.172,10.786,1845.724,709.409,-4357.491,1,"KelliiWood",50,"N/A",2019,31,31,"Line","rockfish","yelloweye",145,145,20,"AD","Fish milling/hovering","","Had to wait to get length",""
"1630","SL_2019_EYKT_Dive_31_18-11-09.000.avi",24981,"18:25:06",221.219,50.585,0.838,3785.295,27.668,25.756,18.708,-1738.169,-261.277,-3352.456,1,"KelliiWood",50,"N/A",2019,31,31,"Line","rockfish","yelloweye",145,145,21,"JV","Fish milling/hovering","","",""
"1631","SL_2019_EYKT_Dive_31_18-11-09.000.avi",26163,"18:25:45",NA,19.861,0.935,2947.032,16.975,NA,NA,751.683,-429.956,-2816.932,1,"KelliiWood",50,"N/A",2019,31,31,"Line","greenling","kelp greenling",194,194,22,"","","","",""
"1632","SL_2019_EYKT_Dive_31_18-11-09.000.avi",27136,"18:26:18",NA,36.462,0.22,4225.929,10.194,NA,NA,736.853,111.543,-4159.697,1,"KelliiWood",50,"N/A",2019,31,31,"Line","rockfish","tiger",148,148,23,"","","","",""
"1633","SL_2019_EYKT_Dive_31_18-11-09.000.avi",27911,"18:26:43",NA,22.713,0.223,3452.464,4.541,NA,NA,-46.134,255.656,-3442.676,1,"KelliiWood",50,"N/A",2019,31,31,"Line","rockfish","quillback",147,147,24,"","","","",""
"1634","SL_2019_EYKT_Dive_31_18-11-09.000.avi",28706,"18:27:10",532.762,168.194,0.512,6550.992,28.631,37.09,3.784,2413.378,2007.219,-5749.972,1,"KelliiWood",50,"N/A",2019,31,31,"Line","rockfish","yelloweye",145,145,25,"AD","Fish milling/hovering","","",""
"1635","SL_2019_EYKT_Dive_31_18-11-09.000.avi",30213,"18:28:00",NA,50.651,0.136,4854.193,29.339,NA,NA,-2356.946,301.865,-4232.832,1,"KelliiWood",50,"N/A",2019,31,31,"Line","rockfish","rosethorn",150,150,26,"","","","",""
"1636","SL_2019_EYKT_Dive_31_18-11-09.000.avi",30824,"18:28:20",NA,15.09,0.257,2504.568,24.133,NA,NA,-748.204,-708.255,-2282.855,1,"KelliiWood",50,"N/A",2019,31,31,"Line","rockfish","yelloweye",145,145,27,"JV","Fish resting on bottom","YES","NO LENGTH"," Partial - Is this YE?"
"1637","SL_2019_EYKT_Dive_31_18-11-09.000.avi",31026,"18:28:27",NA,35.128,0.078,4050.621,16,NA,NA,-1115.836,22.577,-3893.832,1,"KelliiWood",50,"N/A",2019,31,31,"Line","rockfish","tiger",148,148,28,"","","","",""
"1638","SL_2019_EYKT_Dive_31_18-11-09.000.avi",32278,"18:29:09",NA,25.012,0.038,3269.954,27.295,NA,NA,-1368.591,-624.355,-2903.401,1,"KelliiWood",50,"N/A",2019,31,31,"Line","rockfish","tiger",148,148,29,"","","","",""
"1639","SL_2019_EYKT_Dive_31_18-11-09.000.avi",32278,"18:29:09",NA,71.311,1.314,5456.172,24.591,NA,NA,-1634.83,1555.747,-4967.575,1,"KelliiWood",50,"N/A",2019,31,31,"Line","rockfish","silvergray",157,157,30,"","","","",""
"1640","SL_2019_EYKT_Dive_31_18-11-09.000.avi",34375,"18:30:19",NA,36.813,0.392,4064.544,23.557,NA,NA,-1607.102,221.786,-3726.735,1,"KelliiWood",50,"N/A",2019,31,31,"Line","rockfish","tiger",148,148,31,"","","","",""
"1641","SL_2019_EYKT_Dive_31_18-11-09.000.avi",34933,"18:30:37",NA,17.745,1.988,3048.165,3.29,NA,NA,-55.184,-178.196,-3042.451,1,"KelliiWood",50,"N/A",2019,31,31,"Line","greenling","lingcod",130,130,32,"","","","NO LENGTH; curled up",""
"1642","SL_2019_EYKT_Dive_31_18-11-09.000.avi",35982,"18:31:12",283.685,151.113,0.894,5680.151,30.54,64.281,20.983,2679.068,1074.008,-4892.159,1,"KelliiWood",50,"N/A",2019,31,31,"Line","rockfish","yelloweye",145,145,33,"SU","Fish milling/hovering","","",""
"1643","SL_2019_EYKT_Dive_31_18-11-09.000.avi",37646,"18:32:08",NA,73.186,0.496,5594.384,30.854,NA,NA,-2261.634,1746.174,-4809.68,1,"KelliiWood",50,"N/A",2019,31,31,"Line","rockfish","rosethorn",150,150,34,"","","","",""
"1644","SL_2019_EYKT_Dive_31_18-11-09.000.avi",39899,"18:33:23",NA,39.064,0.435,4155.217,23.686,NA,NA,-1629.117,348.587,-3806.611,1,"KelliiWood",50,"N/A",2019,31,31,"Line","rockfish","rosethorn",150,150,35,"","","","",""
"1645","SL_2019_EYKT_Dive_31_18-11-09.000.avi",40156,"18:33:32",NA,59.643,0.675,5043.241,21.452,NA,NA,1545.749,987.402,-4697.87,1,"KelliiWood",50,"N/A",2019,31,31,"Line","rockfish","tiger",148,148,36,"","","","",""
"1646","SL_2019_EYKT_Dive_31_18-11-09.000.avi",40713,"18:33:50",217.355,45.981,0.451,3834.376,28.146,14.224,15.484,-1756.361,432.154,-3380.959,1,"KelliiWood",50,"N/A",2019,31,31,"Line","rockfish","yelloweye",145,145,37,"JV","Fish milling/hovering","","",""
"1647","SL_2019_EYKT_Dive_31_18-11-09.000.avi",40798,"18:33:53",114.552,49.117,1.051,4156.938,31.874,11.94,29.236,-2111.149,601.208,-3530.118,1,"KelliiWood",50,"N/A",2019,31,31,"Line","rockfish","yelloweye",145,145,38,"JV","Fish milling/hovering","","",""
"1648","SL_2019_EYKT_Dive_31_18-11-09.000.avi",47262,"18:37:28",462.749,172.326,1.753,5864.263,27.294,67.943,25.679,2420.753,1171.042,-5211.353,1,"KelliiWood",50,"N/A",2019,31,31,"Line","rockfish","yelloweye",145,145,39,"AD","Fish milling/hovering","","",""
"1649","SL_2019_EYKT_Dive_31_18-11-09.000.avi",47481,"18:37:36",NA,50.315,0.869,4782.995,32.005,NA,NA,2311.034,1025.382,-4060.142,1,"KelliiWood",50,"N/A",2019,31,31,"Line","rockfish","yelloweye",145,145,40,"AD","Fish milling/hovering","","NO LENGTH; partial view",""
"1650","SL_2019_EYKT_Dive_31_18-11-09.000.avi",49137,"18:38:31",NA,36.39,0.857,4310.361,6.641,NA,NA,-497.983,-39.159,-4281.318,1,"KelliiWood",50,"N/A",2019,31,31,"Line","rockfish","rosethorn",150,150,41,"","","","",""
"1651","SL_2019_EYKT_Dive_31_18-11-09.000.avi",51275,"18:39:42",NA,78.213,5.065,5845.084,32.507,NA,NA,-2511.14,1867.384,-4936.806,1,"KelliiWood",50,"N/A",2019,31,31,"Line","rockfish","yelloweye",145,145,42,"AD","Fish actively swimming in frame","","NO LENGTH; partial view",""
"1652","SL_2019_EYKT_Dive_31_18-11-09.000.avi",52167,"18:40:12",428.143,30.594,1.861,4896.352,23.861,1.241,2.408,-879.584,1774.661,-4477.854,1,"KelliiWood",50,"N/A",2019,31,31,"Line","rockfish","yelloweye",145,145,43,"AD","Fish milling/hovering","","",""
"1653","SL_2019_EYKT_Dive_31_18-11-09.000.avi",52377,"18:40:19",220.557,72.277,1.13,3419.871,11.23,64.561,16.505,-577.629,-331.505,-3354.395,1,"KelliiWood",50,"N/A",2019,31,31,"Line","rockfish","yelloweye",145,145,44,"JV","Fish milling/hovering","","",""
"1654","SL_2019_EYKT_Dive_31_18-11-09.000.avi",53403,"18:40:53",NA,14.977,1.51,2540.738,17.327,NA,NA,-535.305,-544.516,-2423.283,1,"KelliiWood",50,"N/A",2019,31,31,"Line","rockfish","tiger",148,148,69,"","","","MISSED FIRST TIME",""
"1655","SL_2019_EYKT_Dive_31_18-11-09.000.avi",53750,"18:41:05",184.462,141.015,0.866,5406.092,10.601,42.793,0.337,-272.827,956.397,-5313.822,1,"KelliiWood",50,"N/A",2019,31,31,"Line","rockfish","yelloweye",145,145,45,"JV","Fish milling/hovering","","",""
"1656","SL_2019_EYKT_Dive_31_18-11-09.000.avi",54854,"18:41:41",NA,39.335,2.758,4196.661,16.919,NA,NA,-1177.949,-338.686,-4013.688,1,"KelliiWood",50,"N/A",2019,31,31,"Line","rockfish","tiger",148,148,46,"","","","",""
"1657","SL_2019_EYKT_Dive_31_18-11-09.000.avi",55597,"18:42:06",912.286,147.004,1.322,5186.46,29.544,87.567,14.714,2556.84,53.553,-4512.103,1,"KelliiWood",50,"N/A",2019,31,31,"Line","greenling","lingcod",130,130,47,"","","","",""
"1658","SL_2019_EYKT_Dive_31_18-11-09.000.avi",56590,"18:42:39",334.42,166.685,2.052,5745.339,31.117,69.949,10.428,-2464.759,1655.56,-4918.639,1,"KelliiWood",50,"N/A",2019,31,31,"Line","rockfish","yelloweye",145,145,48,"AD","Fish resting on bottom","","",""
"1659","SL_2019_EYKT_Dive_31_18-11-09.000.avi",56841,"18:42:48",NA,75.136,1.502,5745.381,21.878,NA,NA,742.386,1986.706,-5339.594,1,"KelliiWood",50,"N/A",2019,31,31,"Line","rockfish","silvergray",157,157,49,"","","","",""
"1660","SL_2019_EYKT_Dive_31_18-11-09.000.avi",57926,"18:43:24",95.248,37.158,0.574,3564.584,19.786,18.219,7.193,1118.376,-453.036,-3354.139,1,"KelliiWood",50,"N/A",2019,31,31,"Line","rockfish","yelloweye",145,145,50,"JV","Fish milling/hovering","","",""
"1661","SL_2019_EYKT_Dive_31_18-11-09.000.avi",59667,"18:44:22",153.333,67.309,0.495,3729.555,20.234,48.4,20.146,1219.721,-419.675,-3499.39,1,"KelliiWood",50,"N/A",2019,31,31,"Line","rockfish","yelloweye",145,145,51,"JV","Fish milling/hovering","","MISSED FIRST ROUND",""
"1662","SL_2019_EYKT_Dive_31_18-11-09.000.avi",60446,"18:44:48",NA,9.782,0.304,2048.355,30.783,NA,NA,623.364,-849.891,-1756.377,1,"KelliiWood",50,"N/A",2019,31,31,"Line","rockfish","tiger",148,148,51,"","","","",""
"1663","SL_2019_EYKT_Dive_31_18-11-09.000.avi",63030,"18:46:14",422.296,151.784,2.586,7696.538,25.76,23.604,17.206,-976.804,3199.116,-6931.681,1,"KelliiWood",50,"N/A",2019,31,31,"Line","rockfish","yelloweye",145,145,52,"AD","Fish milling/hovering","","",""
"1664","SL_2019_EYKT_Dive_31_18-11-09.000.avi",64017,"18:46:47",NA,82.257,1.601,6119.524,14.173,NA,NA,-1328.207,669.669,-5935.991,1,"KelliiWood",50,"N/A",2019,31,31,"Line","rockfish","rosethorn",150,150,53,"","","","",""
"1665","SL_2019_EYKT_Dive_31_18-11-09.000.avi",67235,"18:48:34",NA,49.892,0.511,4784.008,13.327,NA,NA,942.997,553.064,-4657.425,1,"KelliiWood",50,"N/A",2019,31,31,"Line","rockfish","rosethorn",150,150,54,"","","","",""
"1666","SL_2019_EYKT_Dive_31_18-11-09.000.avi",67728,"18:48:51",NA,64.091,0.278,5252.506,22.593,NA,NA,-1867.293,745.59,-4852.435,1,"KelliiWood",50,"N/A",2019,31,31,"Line","rockfish","tiger",148,148,55,"","","","",""
"1667","SL_2019_EYKT_Dive_31_18-11-09.000.avi",67894,"18:48:56",NA,34.112,0.293,3967.352,12.227,NA,NA,-599.395,573.286,-3879.684,1,"KelliiWood",50,"N/A",2019,31,31,"Line","rockfish","rosethorn",150,150,56,"","","","",""
"1668","SL_2019_EYKT_Dive_31_18-11-09.000.avi",67894,"18:48:56",NA,82.337,0.623,6084.909,17.445,NA,NA,-653.68,1679.833,-5811.796,1,"KelliiWood",50,"N/A",2019,31,31,"Line","rockfish","rosethorn",150,150,57,"","","","",""
"1669","SL_2019_EYKT_Dive_31_18-11-09.000.avi",69031,"18:49:34",327.232,183.417,0.476,5986.013,24.002,51.83,4.89,-2058.137,1301.045,-5468.428,1,"KelliiWood",50,"N/A",2019,31,31,"Line","rockfish","yelloweye",145,145,58,"AD","Fish resting on bottom","","",""
"1670","SL_2019_EYKT_Dive_31_18-11-09.000.avi",69077,"18:49:36",NA,20.201,0.769,2950.267,17.978,NA,NA,626.69,-671.912,-2803.546,1,"KelliiWood",50,"N/A",2019,31,31,"Line","greenling","lingcod",130,130,70,"","","","MISSED FIRST ROUND",""
"1671","SL_2019_EYKT_Dive_31_18-11-09.000.avi",69221,"18:49:40",NA,59.835,0.094,5023.647,24.058,NA,NA,1667.778,1170.108,-4591.992,1,"KelliiWood",50,"N/A",2019,31,31,"Line","rockfish","tiger",148,148,59,"","","","",""
"1672","SL_2019_EYKT_Dive_31_18-11-09.000.avi",69283,"18:49:42",192.72,30.008,1.454,4235.42,25.908,8.424,56.751,1846.555,-121.553,-3809.756,1,"KelliiWood",50,"N/A",2019,31,31,"Line","rockfish","yelloweye",145,145,60,"JV","Fish milling/hovering","","",""
"1673","SL_2019_EYKT_Dive_31_18-11-09.000.avi",69692,"18:49:56",380.263,149.119,3.043,5954.228,13.82,40.362,24.409,-823.946,1159.339,-5781.858,1,"KelliiWood",50,"N/A",2019,31,31,"Line","rockfish","yelloweye",145,145,61,"AD","Fish actively swimming in frame","","",""
"1674","SL_2019_EYKT_Dive_31_18-11-09.000.avi",69974,"18:50:05",NA,102.788,0.889,6787.675,30.831,NA,NA,3191.516,1360.873,-5833.934,1,"KelliiWood",50,"N/A",2019,31,31,"Line","rockfish","yelloweye",145,145,62,"AD","Fish milling/hovering","","NO LENGTH; too far away",""
"1675","SL_2019_EYKT_Dive_31_18-11-09.000.avi",70167,"18:50:12",647.916,185.659,0.975,6633.939,16.924,36.172,3.148,-1428.319,1299.721,-6346.635,1,"KelliiWood",50,"N/A",2019,31,31,"Line","rockfish","yelloweye",145,145,63,"AD","Fish milling/hovering","","",""
"1676","SL_2019_EYKT_Dive_31_18-11-09.000.avi",70192,"18:50:13",670.628,177.374,1.288,5957.857,20.315,61.308,32.884,-1945.64,702.005,-5587.283,1,"KelliiWood",50,"N/A",2019,31,31,"Line","greenling","lingcod",130,130,64,"","","","",""
"1677","SL_2019_EYKT_Dive_31_18-11-09.000.avi",70474,"18:50:22",746.236,69.537,0.692,4499.552,28.973,19.117,8.136,-2150.417,355.25,-3936.429,1,"KelliiWood",50,"N/A",2019,31,31,"Line","rockfish","yelloweye",145,145,65,"AD","Fish milling/hovering","","Had to wait to get length",""
"1678","SL_2019_EYKT_Dive_31_18-11-09.000.avi",70643,"18:50:28",441.6,49.936,4.098,5808.568,19.611,2.491,16.923,-1143.796,1578.78,-5471.622,1,"KelliiWood",50,"N/A",2019,31,31,"Line","greenling","lingcod",130,130,66,"","","","",""
"1679","SL_2019_EYKT_Dive_31_18-11-09.000.avi",71915,"18:51:10",NA,27.327,1.922,3486.877,26.9,NA,NA,1533.429,-383.164,-3108.069,1,"KelliiWood",50,"N/A",2019,31,31,"Line","greenling","kelp greenling",194,194,67,"","","","",""
"1680","SL_2019_EYKT_Dive_31_18-11-09.000.avi",72778,"18:51:39",NA,127.369,0.469,7370.832,21.103,NA,NA,-1556.9,2121.637,-6885.048,1,"KelliiWood",50,"N/A",2019,31,31,"Line","rockfish","quillback",147,147,68,"","","","",""
"1681","SL_2019_EYKT_Dive_32_19-17-57.000.avi",693,"19:18:21",467.276,60.37,0.873,4143.809,25.058,24.928,10.951,-1660.983,566.858,-3753.793,1,"KelliiWood",50,"N/A",2019,32,30,"Line","rockfish","yelloweye",145,145,1,"AD","Feeding","","",""
"1682","SL_2019_EYKT_Dive_32_19-17-57.000.avi",1261,"19:18:40",306.962,47.574,0.276,4406.817,14.226,21.336,35.447,-982.251,456.101,-4271.674,1,"KelliiWood",50,"N/A",2019,32,30,"Line","rockfish","yelloweye",145,145,2,"SU","Fish resting on bottom","","",""
"1683","SL_2019_EYKT_Dive_32_19-17-57.000.avi",3373,"19:19:50",NA,82.964,0.695,6026.181,27.205,NA,NA,-2621.06,827.284,-5362.882,1,"KelliiWood",50,"N/A",2019,32,30,"Line","greenling","kelp greenling",194,194,3,"","","","",""
"1684","SL_2019_EYKT_Dive_32_19-17-57.000.avi",3641,"19:19:59",379.562,26.325,4.706,3319.628,17.134,12.472,21.407,-970.357,121.872,-3172.3,1,"KelliiWood",50,"N/A",2019,32,30,"Line","rockfish","yelloweye",145,145,4,"AD","Fish resting on bottom","","",""
"1685","SL_2019_EYKT_Dive_32_19-17-57.000.avi",9342,"19:23:09",NA,90.126,1.787,6144.566,24.114,NA,NA,-2000.476,1494.096,-5614.398,1,"KelliiWood",50,"N/A",2019,32,30,"Line","rockfish","rosethorn",150,150,5,"","","","",""
"1686","SL_2019_EYKT_Dive_32_19-17-57.000.avi",9441,"19:23:13",NA,36.375,0.616,4078.351,23.332,NA,NA,-1614.203,42.983,-3745.056,1,"KelliiWood",50,"N/A",2019,32,30,"Line","rockfish","rosethorn",150,150,6,"","","","",""
"1687","SL_2019_EYKT_Dive_32_19-17-57.000.avi",9916,"19:23:29",NA,28.896,0.46,3898.871,4.249,NA,NA,-276.918,66.756,-3888.452,1,"KelliiWood",50,"N/A",2019,32,30,"Line","rockfish","rosethorn",150,150,7,"","","","",""
"1688","SL_2019_EYKT_Dive_32_19-17-57.000.avi",10121,"19:23:35",NA,45.751,3.967,4765.075,31.075,NA,NA,2458.319,61.28,-4081.526,1,"KelliiWood",50,"N/A",2019,32,30,"Line","rockfish","rosethorn",150,150,8,"","","","",""
"1689","SL_2019_EYKT_Dive_32_19-17-57.000.avi",13149,"19:25:16",NA,66.436,1.037,5459.267,18.998,NA,NA,-535.598,1673.917,-5168.63,1,"KelliiWood",50,"N/A",2019,32,30,"Line","rockfish","quillback",147,147,9,"","","","",""
"1690","SL_2019_EYKT_Dive_32_19-17-57.000.avi",13389,"19:25:24",NA,34.199,4.575,4124.674,8.799,NA,NA,630.071,-50.08,-4075.959,1,"KelliiWood",50,"N/A",2019,32,30,"Line","rockfish","rosethorn",150,150,10,"","","","",""
"1691","SL_2019_EYKT_Dive_32_19-17-57.000.avi",14623,"19:26:05",NA,45.376,0.099,4413.337,26.072,NA,NA,-1790.465,730.187,-3967.191,1,"KelliiWood",50,"N/A",2019,32,30,"Line","rockfish","rosethorn",150,150,11,"","","","",""
"1692","SL_2019_EYKT_Dive_32_19-17-57.000.avi",16980,"19:27:24",709.846,201.487,2.032,6841.213,21.48,46.607,28.355,-752.419,2389.464,-6366.045,1,"KelliiWood",50,"N/A",2019,32,30,"Line","rockfish","yelloweye",145,145,12,"AD","Fish milling/hovering","","",""
"1693","SL_2019_EYKT_Dive_32_19-17-57.000.avi",20082,"19:29:07",NA,16.035,2.921,2724.473,33.169,NA,NA,-1387.591,-553.618,-2278.344,1,"KelliiWood",50,"N/A",2019,32,30,"Line","rockfish","yelloweye",145,145,13,"AD","Feeding","","NO LENGTH; partial view only",""
"1694","SL_2019_EYKT_Dive_32_19-17-57.000.avi",27713,"19:33:22",NA,113.738,0.668,7326.99,14.201,NA,NA,-408.434,1721.972,-7110.048,1,"KelliiWood",50,"N/A",2019,32,30,"Line","greenling","kelp greenling",194,194,14,"","","","",""
"1695","SL_2019_EYKT_Dive_32_19-17-57.000.avi",33344,"19:36:29",NA,27.977,2.436,3553.413,15.489,NA,NA,-909.796,-283.446,-3423.255,1,"KelliiWood",50,"N/A",2019,32,30,"Line","rockfish","quillback",147,147,15,"","","","",""
"1696","SL_2019_EYKT_Dive_32_19-17-57.000.avi",35823,"19:37:52",529.443,98.524,1.848,4482.05,20.91,47.872,9.666,1080.46,1179.649,-4186.861,1,"KelliiWood",50,"N/A",2019,32,30,"Line","greenling","lingcod",130,130,16,"","","","",""
"1697","SL_2019_EYKT_Dive_32_19-17-57.000.avi",43838,"19:42:19",NA,59.222,0.297,5093.671,19.234,NA,NA,-1558.893,601.744,-4811.781,1,"KelliiWood",50,"N/A",2019,32,30,"Line","rockfish","rosethorn",150,150,17,"","","","",""
"1698","SL_2019_EYKT_Dive_32_19-17-57.000.avi",47744,"19:44:29",557.324,128.368,0.657,5080.896,29.383,59.149,6.854,-1867.418,1651.511,-4427.275,1,"KelliiWood",50,"N/A",2019,32,30,"Line","rockfish","yelloweye",145,145,18,"AD","Fish milling/hovering","","Shows up again"," don't count"
"1699","SL_2019_EYKT_Dive_32_19-17-57.000.avi",47880,"19:44:34",NA,100.335,0.825,6746.27,16.793,NA,NA,-658.836,1808.523,-6465.859,1,"KelliiWood",50,"N/A",2019,32,30,"Line","rockfish","quillback",147,147,19,"","","","",""
"1700","SL_2019_EYKT_Dive_32_19-17-57.000.avi",47915,"19:44:35",NA,15.179,2.853,2639.844,30.93,NA,NA,-1320.68,-320.26,-2263.186,1,"KelliiWood",50,"N/A",2019,32,30,"Line","rockfish","tiger",148,148,20,"","","","",""
"1701","SL_2019_EYKT_Dive_32_19-17-57.000.avi",48655,"19:45:00",NA,48.307,0.881,4666.203,23.503,NA,NA,-1852.6,-192.634,-4278.343,1,"KelliiWood",50,"N/A",2019,32,30,"Line","rockfish","yelloweye",145,145,21,"AD","Fish resting on bottom","","",""
"1702","SL_2019_EYKT_Dive_32_19-17-57.000.avi",56487,"19:49:21",NA,74.188,7.547,5609.755,22.652,NA,NA,1281.09,1718.936,-5183.958,1,"KelliiWood",50,"N/A",2019,32,30,"Line","rockfish","rosethorn",150,150,22,"","","","",""
"1703","SL_2019_EYKT_Dive_32_19-17-57.000.avi",56585,"19:49:24",NA,39.104,0.547,4135.769,28.27,NA,NA,1807.377,740.684,-3645.458,1,"KelliiWood",50,"N/A",2019,32,30,"Line","rockfish","yelloweye",145,145,23,"AD","Feeding","","NO LENGTH; partial view",""
"1704","SL_2019_EYKT_Dive_32_19-17-57.000.avi",56688,"19:49:28",NA,34.11,1.303,3935.675,16.238,NA,NA,384.243,1016.133,-3782.773,1,"KelliiWood",50,"N/A",2019,32,30,"Line","rockfish","silvergray",157,157,24,"","","","",""
"1705","SL_2019_EYKT_Dive_32_19-17-57.000.avi",57413,"19:49:52",NA,154.205,1.39,8518.32,22.194,NA,NA,74.778,3185.211,-7900.039,1,"KelliiWood",50,"N/A",2019,32,30,"Line","rockfish","quillback",147,147,25,"","","","",""
"1706","SL_2019_EYKT_Dive_32_19-17-57.000.avi",59286,"19:50:54",NA,49.268,4.502,4565.13,24.972,NA,NA,1627.092,1016.335,-4142.468,1,"KelliiWood",50,"N/A",2019,32,30,"Line","rockfish","yelloweye",145,145,26,"AD","Fish resting on bottom","","NO LENGTH; partial view only",""
"1707","SL_2019_EYKT_Dive_33_20-22-48.000.avi",1728,"20:23:51",NA,98.711,0.319,6563.722,18.504,NA,NA,-1853.439,925.895,-6228.157,1,"KelliiWood",45,"N/A",2019,33,29,"Line","rockfish","tiger",148,148,1,"","","","",""
"1708","SL_2019_EYKT_Dive_33_20-22-48.000.avi",3668,"20:24:55",159.62,72.296,1.124,4227.633,16.307,37.304,21.621,921.478,748.347,-4057.553,1,"KelliiWood",45,"N/A",2019,33,29,"Line","rockfish","yelloweye",145,145,2,"JV","Fish milling/hovering","","",""
"1709","SL_2019_EYKT_Dive_33_20-22-48.000.avi",5485,"20:25:56",283.338,91.808,0.805,4866.078,19.209,34.487,11.383,1010.666,1241.737,-4595.145,1,"KelliiWood",45,"N/A",2019,33,29,"Line","rockfish","yelloweye",145,145,3,"SU","Fish milling/hovering","","",""
"1710","SL_2019_EYKT_Dive_33_20-22-48.000.avi",9626,"20:28:14",NA,48.077,1.66,4695.307,24.722,NA,NA,-1963.119,-64.393,-4264.73,1,"KelliiWood",45,"N/A",2019,33,29,"Line","rockfish","tiger",148,148,4,"","Fish resting on bottom","","",""
"1711","SL_2019_EYKT_Dive_33_20-22-48.000.avi",9707,"20:28:17",276.819,72.441,1.57,4186.071,26.631,33.951,3.107,-1849.425,-316.69,-3741.995,1,"KelliiWood",45,"N/A",2019,33,29,"Line","rockfish","yelloweye",145,145,5,"JV","Fish milling/hovering","","",""
"1712","SL_2019_EYKT_Dive_33_20-22-48.000.avi",9841,"20:28:21",184.792,61.003,1.733,4021.366,24.391,40.605,34.812,-1660.393,29.799,-3662.457,1,"KelliiWood",45,"N/A",2019,33,29,"Line","rockfish","yelloweye",145,145,6,"JV","Fish milling/hovering","","",""
"1713","SL_2019_EYKT_Dive_33_20-22-48.000.avi",12085,"20:29:36",435.833,200.418,2.87,6840.219,19.073,40.096,1.914,605.115,2151.688,-6464.725,1,"KelliiWood",45,"N/A",2019,33,29,"Line","rockfish","yelloweye",145,145,7,"AD","Fish milling/hovering","","",""
"1714","SL_2019_EYKT_Dive_33_20-22-48.000.avi",12271,"20:29:42",446.112,92.283,2.701,4417.118,10.763,41.841,5.796,235.955,790.437,-4339.408,1,"KelliiWood",45,"N/A",2019,33,29,"Line","rockfish","yelloweye",145,145,8,"AD","Fish milling/hovering","","",""
"1715","SL_2019_EYKT_Dive_33_20-22-48.000.avi",14706,"20:31:03",NA,13.895,1.261,2515.204,16.111,NA,NA,-164.716,-687.936,-2413.683,1,"KelliiWood",45,"N/A",2019,33,29,"Line","rockfish","tiger",148,148,56,"","","","Missed first round.",""
"1716","SL_2019_EYKT_Dive_33_20-22-48.000.avi",14963,"20:31:12",NA,34.357,3.7,3846.753,18.814,NA,NA,-795.607,937.256,-3645.006,1,"KelliiWood",45,"N/A",2019,33,29,"Line","rockfish","silvergray",157,157,9,"","","","",""
"1717","SL_2019_EYKT_Dive_33_20-22-48.000.avi",15273,"20:31:22",NA,60.983,2.333,5256.433,15.146,NA,NA,-632.109,1199.016,-5078.67,1,"KelliiWood",45,"N/A",2019,33,29,"Line","greenling","kelp greenling",194,194,10,"","","","",""
"1718","SL_2019_EYKT_Dive_33_20-22-48.000.avi",16531,"20:32:04",NA,74.101,2.28,5877.128,26.697,NA,NA,-2638.883,70.464,-5250.901,1,"KelliiWood",45,"N/A",2019,33,29,"Line","rockfish","unknown",NA,NA,11,"","Fish milling/hovering","","Too far away to identify.",""
"1719","SL_2019_EYKT_Dive_33_20-22-48.000.avi",16531,"20:32:04",NA,67.692,5.066,5690.456,13.668,NA,NA,-1344.263,7.943,-5529.393,1,"KelliiWood",45,"N/A",2019,33,29,"Line","rockfish","unknown",NA,NA,12,"","Fish milling/hovering","","Too far away to identify.",""
"1720","SL_2019_EYKT_Dive_33_20-22-48.000.avi",18403,"20:33:06",582.007,191.549,0.776,5884.611,22.595,64.136,18.203,-1123.6,1961.972,-5432.94,1,"KelliiWood",45,"N/A",2019,33,29,"Line","rockfish","yelloweye",145,145,13,"AD","Fish milling/hovering","","",""
"1721","SL_2019_EYKT_Dive_33_20-22-48.000.avi",18966,"20:33:25",NA,15.676,0.565,2705.285,36.029,NA,NA,-1270.756,948.939,-2191.634,1,"KelliiWood",45,"N/A",2019,33,29,"Line","rockfish","silvergray",157,157,14,"","","","",""
"1722","SL_2019_EYKT_Dive_33_20-22-48.000.avi",22622,"20:35:27",273.393,173.59,3.631,5832.856,14.923,47.881,2.585,287.014,1474.41,-5636.129,1,"KelliiWood",45,"N/A",2019,33,29,"Line","rockfish","yelloweye",145,145,15,"JV","Fish milling/hovering","","",""
"1723","SL_2019_EYKT_Dive_33_20-22-48.000.avi",22843,"20:35:34",162.085,20.09,0.316,3310.448,9.495,14.58,26.384,398.258,373.618,-3265.098,1,"KelliiWood",45,"N/A",2019,33,29,"Line","rockfish","yelloweye",145,145,16,"JV","Fish milling/hovering","","",""
"1724","SL_2019_EYKT_Dive_33_20-22-48.000.avi",23438,"20:35:54",NA,51.278,2.759,4824.036,31.23,NA,NA,2326.657,901.358,-4128.624,1,"KelliiWood",45,"N/A",2019,33,29,"Line","rockfish","silvergray",157,157,17,"","","","",""
"1725","SL_2019_EYKT_Dive_33_20-22-48.000.avi",23553,"20:35:58",195.199,66.05,1.781,4617.907,17.864,21.694,3.426,-1271.832,623.799,-4395.268,1,"KelliiWood",45,"N/A",2019,33,29,"Line","rockfish","yelloweye",145,145,18,"JV","Fish milling/hovering","","",""
"1726","SL_2019_EYKT_Dive_33_20-22-48.000.avi",24172,"20:36:19",NA,57.659,0.069,4989.742,24.475,NA,NA,-1942.737,688.29,-4544.178,1,"KelliiWood",45,"N/A",2019,33,29,"Line","rockfish","silvergray",157,157,19,"","","","",""
"1727","SL_2019_EYKT_Dive_33_20-22-48.000.avi",24957,"20:36:45",355.112,104.502,1.385,6895.013,16.848,17.515,6.974,-833.814,1816.102,-6599.07,1,"KelliiWood",45,"N/A",2019,33,29,"Line","rockfish","yelloweye",145,145,20,"AD","Fish milling/hovering","","",""
"1728","SL_2019_EYKT_Dive_33_20-22-48.000.avi",26164,"20:37:25",NA,26.834,0.751,3415.323,17.216,NA,NA,827.604,-593.441,-3259.959,1,"KelliiWood",45,"N/A",2019,33,29,"Line","rockfish","tiger",148,148,21,"","","","",""
"1729","SL_2019_EYKT_Dive_33_20-22-48.000.avi",28143,"20:38:31",377.238,144.743,2.585,7033.43,32.806,5.515,2.697,-3403.052,1714.92,-5911.635,1,"KelliiWood",45,"N/A",2019,33,29,"Line","rockfish","yelloweye",145,145,22,"AD","Fish milling/hovering","","",""
"1730","SL_2019_EYKT_Dive_33_20-22-48.000.avi",29146,"20:39:05",NA,80.296,0.154,6052.943,14.513,NA,NA,-702.432,1320.997,-5865.123,1,"KelliiWood",45,"N/A",2019,33,29,"Line","rockfish","tiger",148,148,23,"","","","",""
"1731","SL_2019_EYKT_Dive_33_20-22-48.000.avi",29163,"20:39:05",446.48,35.408,1.479,3665.355,20.53,9.643,10.902,-1276.371,-152.243,-3432.569,1,"KelliiWood",45,"N/A",2019,33,29,"Line","greenling","lingcod",130,130,24,"","Fish resting on bottom","","",""
"1732","SL_2019_EYKT_Dive_33_20-22-48.000.avi",29326,"20:39:11",NA,28.104,0.334,3614.5,28.477,NA,NA,1707.66,219.915,-3178.072,1,"KelliiWood",45,"N/A",2019,33,29,"Line","rockfish","yelloweye",145,145,25,"SU","Fish milling/hovering","","NO LENGTH"," partial view"
"1733","SL_2019_EYKT_Dive_33_20-22-48.000.avi",32051,"20:40:41",NA,100.386,0.019,6598.833,29.639,NA,NA,2829.599,1602.731,-5741.883,1,"KelliiWood",45,"N/A",2019,33,29,"Line","rockfish","yelloweye",145,145,26,"AD","Fish moving slowly out of frame","","NO LENGTH"," partial view"
"1734","SL_2019_EYKT_Dive_33_20-22-48.000.avi",32596,"20:41:00",262.133,212.684,0.491,5980.838,19.718,61.771,5.252,-1964.588,460.601,-5630.157,1,"KelliiWood",45,"N/A",2019,33,29,"Line","rockfish","yelloweye",145,145,27,"JV","Fish milling/hovering","","",""
"1735","SL_2019_EYKT_Dive_33_20-22-48.000.avi",34494,"20:42:03",NA,115.651,5.982,7016.41,22.168,NA,NA,2230.312,1400.455,-6503.418,1,"KelliiWood",45,"N/A",2019,33,29,"Line","rockfish","yelloweye",145,145,28,"AD","Fish milling/hovering","","NO LENGTH"," back view only"
"1736","SL_2019_EYKT_Dive_33_20-22-48.000.avi",35548,"20:42:38",153.681,65.496,1.463,3638.501,15.3,49.938,24.816,-958.402,-57.53,-3509.537,1,"KelliiWood",45,"N/A",2019,33,29,"Line","rockfish","yelloweye",145,145,29,"JV","Fish milling/hovering","","",""
"1737","SL_2019_EYKT_Dive_33_20-22-48.000.avi",37599,"20:43:46",NA,20.841,0.161,3365.988,1.07,NA,NA,31.855,40.704,-3365.591,1,"KelliiWood",45,"N/A",2019,33,29,"Line","rockfish","yelloweye",145,145,30,"JV","Fish resting on bottom","","",""
"1738","SL_2019_EYKT_Dive_33_20-22-48.000.avi",41608,"20:46:00",NA,56.672,1.505,4912.966,21.781,NA,NA,-1592.714,868.597,-4565.746,1,"KelliiWood",45,"N/A",2019,33,29,"Line","rockfish","quillback",147,147,31,"","","","",""
"1739","SL_2019_EYKT_Dive_33_20-22-48.000.avi",41777,"20:46:06",NA,77.81,0.114,5826.265,29.774,NA,NA,2551.871,1343.024,-5062.569,1,"KelliiWood",45,"N/A",2019,33,29,"Line","rockfish","yelloweye",145,145,32,"AD","Fish moving slowly out of frame","","NO LENGTH"," partial view"
"1740","SL_2019_EYKT_Dive_33_20-22-48.000.avi",43637,"20:47:08",NA,29.983,0.085,3705.541,27.869,NA,NA,-1722.859,-192.334,-3275.027,1,"KelliiWood",45,"N/A",2019,33,29,"Line","rockfish","yelloweye",145,145,33,"JV","Fish resting on bottom","","NO LENGTH; hiding",""
"1741","SL_2019_EYKT_Dive_33_20-22-48.000.avi",45518,"20:48:10",NA,72.358,0.117,5568.328,27.817,NA,NA,2262.81,1257.697,-4929.925,1,"KelliiWood",45,"N/A",2019,33,29,"Line","greenling","kelp greenling",194,194,34,"","","","",""
"1742","SL_2019_EYKT_Dive_33_20-22-48.000.avi",46259,"20:48:35",424.415,217.102,1.118,7378.614,25.46,38.741,3.254,1756.911,2640.878,-6662.054,1,"KelliiWood",45,"N/A",2019,33,29,"Line","rockfish","yelloweye",145,145,35,"AD","Fish milling/hovering","","",""
"1743","SL_2019_EYKT_Dive_33_20-22-48.000.avi",47546,"20:49:18",470.685,160.945,1.218,6700.102,19.313,31.476,18.973,-1583.342,1550.244,-6323.064,1,"KelliiWood",45,"N/A",2019,33,29,"Line","rockfish","yelloweye",145,145,36,"AD","Fish milling/hovering","","",""
"1744","SL_2019_EYKT_Dive_33_20-22-48.000.avi",47713,"20:49:23",NA,109.925,2.84,7291.416,10.424,NA,NA,-510.742,1187.672,-7175.885,1,"KelliiWood",45,"N/A",2019,33,29,"Line","rockfish","tiger",148,148,37,"","","","",""
"1745","SL_2019_EYKT_Dive_33_20-22-48.000.avi",50569,"20:50:59",663.342,57.895,3.446,4256.013,28.336,29.312,15.375,1238.67,1595.788,-3746.039,1,"KelliiWood",45,"N/A",2019,33,29,"Line","rockfish","yelloweye",145,145,38,"AD","Fish moving quickly into frame","","",""
"1746","SL_2019_EYKT_Dive_33_20-22-48.000.avi",51832,"20:51:41",NA,64.637,2.428,5397.58,15.846,NA,NA,-655.663,1299.192,-5197.699,1,"KelliiWood",45,"N/A",2019,33,29,"Line","rockfish","tiger",148,148,39,"","","","",""
"1747","SL_2019_EYKT_Dive_33_20-22-48.000.avi",54478,"20:53:09",NA,14.322,0.719,2472.677,23.578,NA,NA,451.23,-889.201,-2262.708,1,"KelliiWood",45,"N/A",2019,33,29,"Line","rockfish","yelloweye",145,145,40,"SU","Fish resting on bottom","","NO LENGTH; partial view",""
"1748","SL_2019_EYKT_Dive_33_20-22-48.000.avi",55020,"20:53:27",96.865,29.488,1.433,2994.864,20.738,26.13,15.161,-843.824,-642.268,-2800.832,1,"KelliiWood",45,"N/A",2019,33,29,"Line","rockfish","yelloweye",145,145,41,"JV","Fish resting on bottom","","",""
"1749","SL_2019_EYKT_Dive_33_20-22-48.000.avi",56440,"20:54:14",NA,2.6,0.166,1046.886,18.923,NA,NA,-309.2,136.251,-990.859,1,"KelliiWood",45,"N/A",2019,33,29,"Line","rockfish","yelloweye",145,145,42,"AD","Attracted","","NO LENGTH; partial view",""
"1750","SL_2019_EYKT_Dive_33_20-22-48.000.avi",56795,"20:54:26",163.751,126.318,1.791,5540.212,26.201,35.489,14.288,-2440.613,164.592,-4970.942,1,"KelliiWood",45,"N/A",2019,33,29,"Line","rockfish","yelloweye",145,145,43,"JV","Fish milling/hovering","","",""
"1751","SL_2019_EYKT_Dive_33_20-22-48.000.avi",57651,"20:54:55",NA,21.488,0.205,3100.015,16.623,NA,NA,-854.695,-248.429,-2969.49,1,"KelliiWood",45,"N/A",2019,33,29,"Line","rockfish","yelloweye",145,145,44,"JV","Fish resting on bottom","","NO LENGTH; facing forward",""
"1752","SL_2019_EYKT_Dive_33_20-22-48.000.avi",58201,"20:55:13",NA,71.524,0.546,5597.912,31.41,NA,NA,2426.715,1600.226,-4784.031,1,"KelliiWood",45,"N/A",2019,33,29,"Line","rockfish","silvergray",157,157,45,"","","","",""
"1753","SL_2019_EYKT_Dive_33_20-22-48.000.avi",60158,"20:56:18",NA,91.406,2.097,6496.738,12.736,NA,NA,-834.636,1138.621,-6341.493,1,"KelliiWood",45,"N/A",2019,33,29,"Line","rockfish","silvergray",157,157,46,"","","","",""
"1754","SL_2019_EYKT_Dive_33_20-22-48.000.avi",61880,"20:57:16",440.742,76.031,0.653,4713.94,19.413,24.76,6.391,1486.724,494.513,-4445.935,1,"KelliiWood",45,"N/A",2019,33,29,"Line","rockfish","yelloweye",145,145,47,"AD","Fish milling/hovering","","",""
"1755","SL_2019_EYKT_Dive_33_20-22-48.000.avi",62369,"20:57:32",NA,89.985,1.116,6195.821,20.479,NA,NA,1623.766,1412.854,-5809.942,1,"KelliiWood",45,"N/A",2019,33,29,"Line","rockfish","tiger",148,148,48,"","","","",""
"1756","SL_2019_EYKT_Dive_33_20-22-48.000.avi",63095,"20:57:56",NA,73.253,0.539,5599.555,25.424,NA,NA,1088.001,2123.407,-5065.809,1,"KelliiWood",45,"N/A",2019,33,29,"Line","rockfish","silvergray",157,157,49,"","","","",""
"1757","SL_2019_EYKT_Dive_33_20-22-48.000.avi",63151,"20:57:58",NA,14.738,1.352,2520.209,24.434,NA,NA,979.194,-366.816,-2293.05,1,"KelliiWood",45,"N/A",2019,33,29,"Line","rockfish","tiger",148,148,50,"","","","",""
"1758","SL_2019_EYKT_Dive_33_20-22-48.000.avi",63184,"20:57:59",NA,41.403,6.8,4412.673,28.47,NA,NA,-2100.873,89.983,-3879.422,1,"KelliiWood",45,"N/A",2019,33,29,"Line","rockfish","yelloweye",145,145,51,"SU","Fish resting on bottom","","",""
"1759","SL_2019_EYKT_Dive_33_20-22-48.000.avi",64200,"20:58:33",272.584,85.693,2.193,5926.696,15.194,18.101,9.06,-1044.467,1149.762,-5719.516,1,"KelliiWood",45,"N/A",2019,33,29,"Line","rockfish","yelloweye",145,145,52,"SU","Fish milling/hovering","","",""
"1760","SL_2019_EYKT_Dive_33_20-22-48.000.avi",64945,"20:58:58",NA,48.847,1.646,4818.466,12.043,NA,NA,-970.291,244.476,-4713.426,1,"KelliiWood",45,"N/A",2019,33,29,"Line","rockfish","tiger",148,148,53,"","","","",""
"1761","SL_2019_EYKT_Dive_33_20-22-48.000.avi",64986,"20:58:59",484.209,64.323,1.637,4560.871,26.055,10.135,5.976,-2002.414,-58.55,-4097.372,1,"KelliiWood",45,"N/A",2019,33,29,"Line","rockfish","yelloweye",145,145,54,"AD","Fish milling/hovering","","",""
"1762","SL_2019_EYKT_Dive_33_20-22-48.000.avi",65306,"20:59:10",NA,50.356,0.574,4869.355,32.344,NA,NA,2486.236,761.428,-4116.974,1,"KelliiWood",45,"N/A",2019,33,29,"Line","rockfish","silvergray",157,157,55,"","","","",""
