number,date_time,temp
1,5/10/2017 10:55,22.441
2,5/10/2017 10:55,
3,5/10/2017 10:56,22.633
4,5/10/2017 10:57,22.753
5,5/10/2017 10:58,22.824
6,5/10/2017 10:59,22.92
7,5/10/2017 11:00,22.992
8,5/10/2017 11:01,23.064
9,5/10/2017 11:02,23.088
10,5/10/2017 11:03,23.112
11,5/10/2017 11:04,23.136
12,5/10/2017 11:05,23.424
13,5/10/2017 11:06,23.809
14,5/10/2017 11:07,24.339
15,5/10/2017 11:08,21.915
16,5/10/2017 11:09,19.508
17,5/10/2017 11:10,17.653
18,5/10/2017 11:11,16.296
19,5/10/2017 11:12,15.247
20,5/10/2017 11:13,14.361
21,5/10/2017 11:14,13.522
22,5/10/2017 11:15,12.823
23,5/10/2017 11:16,12.243
24,5/10/2017 11:17,11.734
25,5/10/2017 11:18,11.297
26,5/10/2017 11:19,10.98
27,5/10/2017 11:20,10.687
28,5/10/2017 11:21,10.467
29,5/10/2017 11:22,10.271
30,5/10/2017 11:23,10.124
31,5/10/2017 11:24,9.977
32,5/10/2017 11:25,9.829
33,5/10/2017 11:26,9.805
34,5/10/2017 11:27,9.977
35,5/10/2017 11:28,10.075
36,5/10/2017 11:29,9.756
37,5/10/2017 11:30,9.46
38,5/10/2017 11:31,9.238
39,5/10/2017 11:32,9.089
40,5/10/2017 11:33,9.04
41,5/10/2017 11:34,8.916
42,5/10/2017 11:35,8.742
43,5/10/2017 11:36,8.593
44,5/10/2017 11:37,8.519
45,5/10/2017 11:38,8.419
46,5/10/2017 11:39,8.319
47,5/10/2017 11:40,8.319
48,5/10/2017 11:41,8.295
49,5/10/2017 11:42,8.295
50,5/10/2017 11:43,8.295
51,5/10/2017 11:44,8.245
52,5/10/2017 11:45,8.145
53,5/10/2017 11:46,8.12
54,5/10/2017 11:47,8.145
55,5/10/2017 11:48,8.195
56,5/10/2017 11:49,8.319
57,5/10/2017 11:50,8.394
58,5/10/2017 11:51,8.494
59,5/10/2017 11:52,8.568
60,5/10/2017 11:53,8.668
61,5/10/2017 11:54,8.742
62,5/10/2017 11:55,8.767
63,5/10/2017 11:56,8.817
64,5/10/2017 11:57,8.891
65,5/10/2017 11:58,8.965
66,5/10/2017 11:59,9.04
67,5/10/2017 12:00,9.089
68,5/10/2017 12:01,9.139
69,5/10/2017 12:02,9.188
70,5/10/2017 12:03,9.238
71,5/10/2017 12:04,9.262
72,5/10/2017 12:05,9.262
73,5/10/2017 12:06,9.287
74,5/10/2017 12:07,9.312
75,5/10/2017 12:08,9.312
76,5/10/2017 12:09,9.312
77,5/10/2017 12:10,9.312
78,5/10/2017 12:11,9.312
79,5/10/2017 12:12,9.312
80,5/10/2017 12:13,9.312
81,5/10/2017 12:14,9.312
82,5/10/2017 12:15,9.41
83,5/10/2017 12:16,9.435
84,5/10/2017 12:17,9.46
85,5/10/2017 12:18,9.485
86,5/10/2017 12:19,9.485
87,5/10/2017 12:20,9.46
88,5/10/2017 12:21,9.46
89,5/10/2017 12:22,9.46
90,5/10/2017 12:23,9.46
91,5/10/2017 12:24,9.485
92,5/10/2017 12:25,9.46
93,5/10/2017 12:26,9.435
94,5/10/2017 12:27,9.435
95,5/10/2017 12:28,9.435
96,5/10/2017 12:29,9.46
97,5/10/2017 12:30,9.485
98,5/10/2017 12:31,9.46
99,5/10/2017 12:32,9.435
100,5/10/2017 12:33,9.41
101,5/10/2017 12:34,9.46
102,5/10/2017 12:35,9.608
103,5/10/2017 12:36,9.682
104,5/10/2017 12:37,9.706
105,5/10/2017 12:38,9.805
106,5/10/2017 12:39,9.731
107,5/10/2017 12:40,9.583
108,5/10/2017 12:41,9.46
109,5/10/2017 12:42,9.41
110,5/10/2017 12:43,9.805
111,5/10/2017 12:44,10.075
112,5/10/2017 12:45,10.369
113,5/10/2017 12:46,10.516
114,5/10/2017 12:47,10.59
115,5/10/2017 12:48,10.687
116,5/10/2017 12:49,10.296
117,5/10/2017 12:50,9.952
118,5/10/2017 12:51,9.731
119,5/10/2017 12:52,9.509
120,5/10/2017 12:53,9.336
121,5/10/2017 12:54,9.139
122,5/10/2017 12:55,8.916
123,5/10/2017 12:56,9.238
124,5/10/2017 12:57,9.829
125,5/10/2017 12:58,11.053
126,5/10/2017 12:59,10.834
127,5/10/2017 13:00,10.614
128,5/10/2017 13:01,10.394
129,5/10/2017 13:02,10.296
130,5/10/2017 13:03,10.149
131,5/10/2017 13:04,9.928
132,5/10/2017 13:05,8.841
133,5/10/2017 13:06,8.469
134,5/10/2017 13:07,8.245
135,5/10/2017 13:08,8.145
136,5/10/2017 13:09,8.02
137,5/10/2017 13:10,7.795
138,5/10/2017 13:11,7.469
139,5/10/2017 13:12,7.167
140,5/10/2017 13:13,7.041
141,5/10/2017 13:14,7.116
142,5/10/2017 13:15,7.066
143,5/10/2017 13:16,7.268
144,5/10/2017 13:17,7.242
145,5/10/2017 13:18,7.217
146,5/10/2017 13:19,7.217
147,5/10/2017 13:20,7.167
148,5/10/2017 13:21,7.091
149,5/10/2017 13:22,6.889
150,5/10/2017 13:23,6.636
151,5/10/2017 13:24,6.535
152,5/10/2017 13:25,6.458
153,5/10/2017 13:26,6.458
154,5/10/2017 13:27,6.433
155,5/10/2017 13:28,6.433
156,5/10/2017 13:29,6.433
157,5/10/2017 13:30,6.433
158,5/10/2017 13:31,6.433
159,5/10/2017 13:32,6.433
160,5/10/2017 13:33,6.433
161,5/10/2017 13:34,6.433
162,5/10/2017 13:35,6.433
163,5/10/2017 13:36,6.433
164,5/10/2017 13:37,6.433
165,5/10/2017 13:38,6.433
166,5/10/2017 13:39,6.433
167,5/10/2017 13:40,6.433
168,5/10/2017 13:41,6.408
169,5/10/2017 13:42,6.408
170,5/10/2017 13:43,6.408
171,5/10/2017 13:44,6.408
172,5/10/2017 13:45,6.408
173,5/10/2017 13:46,6.408
174,5/10/2017 13:47,6.408
175,5/10/2017 13:48,6.382
176,5/10/2017 13:49,6.382
177,5/10/2017 13:50,6.382
178,5/10/2017 13:51,6.382
179,5/10/2017 13:52,6.408
180,5/10/2017 13:53,6.408
181,5/10/2017 13:54,6.408
182,5/10/2017 13:55,6.408
183,5/10/2017 13:56,6.408
184,5/10/2017 13:57,6.408
185,5/10/2017 13:58,6.408
186,5/10/2017 13:59,6.408
187,5/10/2017 14:00,6.408
188,5/10/2017 14:01,6.408
189,5/10/2017 14:02,6.408
190,5/10/2017 14:03,6.408
191,5/10/2017 14:04,6.408
192,5/10/2017 14:05,6.408
193,5/10/2017 14:06,6.408
194,5/10/2017 14:07,6.408
195,5/10/2017 14:08,6.408
196,5/10/2017 14:09,6.408
197,5/10/2017 14:10,6.408
198,5/10/2017 14:11,6.408
199,5/10/2017 14:12,6.408
200,5/10/2017 14:13,6.484
201,5/10/2017 14:14,6.94
202,5/10/2017 14:15,7.167
203,5/10/2017 14:16,7.192
204,5/10/2017 14:17,7.419
205,5/10/2017 14:18,7.594
206,5/10/2017 14:19,7.67
207,5/10/2017 14:20,7.695
208,5/10/2017 14:21,7.87
209,5/10/2017 14:22,7.795
210,5/10/2017 14:23,7.77
211,5/10/2017 14:24,7.92
212,5/10/2017 14:25,8.145
213,5/10/2017 14:26,8.295
214,5/10/2017 14:27,8.444
215,5/10/2017 14:28,8.568
216,5/10/2017 14:29,8.643
217,5/10/2017 14:30,8.693
218,5/10/2017 14:31,8.767
219,5/10/2017 14:32,8.817
220,5/10/2017 14:33,8.866
221,5/10/2017 14:34,8.891
222,5/10/2017 14:35,8.941
223,5/10/2017 14:36,8.941
224,5/10/2017 14:37,8.941
225,5/10/2017 14:38,8.965
226,5/10/2017 14:39,8.965
227,5/10/2017 14:40,8.916
228,5/10/2017 14:41,8.941
229,5/10/2017 14:42,8.941
230,5/10/2017 14:43,8.916
231,5/10/2017 14:44,8.916
232,5/10/2017 14:45,8.916
233,5/10/2017 14:46,8.916
234,5/10/2017 14:47,8.916
235,5/10/2017 14:48,9.04
236,5/10/2017 14:49,8.99
237,5/10/2017 14:50,8.916
238,5/10/2017 14:51,8.941
239,5/10/2017 14:52,8.891
240,5/10/2017 14:53,8.817
241,5/10/2017 14:54,8.792
242,5/10/2017 14:55,8.792
243,5/10/2017 14:56,8.792
244,5/10/2017 14:57,8.817
245,5/10/2017 14:58,8.792
246,5/10/2017 14:59,8.742
247,5/10/2017 15:00,8.717
248,5/10/2017 15:01,8.965
249,5/10/2017 15:02,9.903
250,5/10/2017 15:03,9.682
251,5/10/2017 15:04,10.075
252,5/10/2017 15:05,9.928
253,5/10/2017 15:06,9.682
254,5/10/2017 15:07,9.41
255,5/10/2017 15:08,9.238
256,5/10/2017 15:09,9.114
257,5/10/2017 15:10,9.015
258,5/10/2017 15:11,8.965
259,5/10/2017 15:12,8.941
260,5/10/2017 15:13,8.941
261,5/10/2017 15:14,8.891
262,5/10/2017 15:15,8.841
263,5/10/2017 15:16,8.792
264,5/10/2017 15:17,8.742
265,5/10/2017 15:18,8.767
266,5/10/2017 15:19,8.891
267,5/10/2017 15:20,8.916
268,5/10/2017 15:21,8.841
269,5/10/2017 15:22,8.792
270,5/10/2017 15:23,8.767
271,5/10/2017 15:24,8.767
272,5/10/2017 15:25,8.817
273,5/10/2017 15:26,8.767
274,5/10/2017 15:27,8.742
275,5/10/2017 15:28,8.792
276,5/10/2017 15:29,8.792
277,5/10/2017 15:30,8.742
278,5/10/2017 15:31,8.693
279,5/10/2017 15:32,8.965
280,5/10/2017 15:33,9.114
281,5/10/2017 15:34,8.941
282,5/10/2017 15:35,8.841
283,5/10/2017 15:36,8.99
284,5/10/2017 15:37,8.965
285,5/10/2017 15:38,8.941
286,5/10/2017 15:39,8.916
287,5/10/2017 15:40,8.841
288,5/10/2017 15:41,8.866
289,5/10/2017 15:42,8.866
290,5/10/2017 15:43,8.866
291,5/10/2017 15:44,8.841
292,5/10/2017 15:45,8.792
293,5/10/2017 15:46,8.817
294,5/10/2017 15:47,8.866
295,5/10/2017 15:48,8.817
296,5/10/2017 15:49,8.792
297,5/10/2017 15:50,9.089
298,5/10/2017 15:51,9.015
299,5/10/2017 15:52,8.916
300,5/10/2017 15:53,8.817
301,5/10/2017 15:54,9.04
302,5/10/2017 15:55,9.386
303,5/10/2017 15:56,9.213
304,5/10/2017 15:57,9.064
305,5/10/2017 15:58,9.015
306,5/10/2017 15:59,8.99
307,5/10/2017 16:00,8.941
308,5/10/2017 16:01,9.213
309,5/10/2017 16:02,9.188
310,5/10/2017 16:03,9.04
311,5/10/2017 16:04,8.965
312,5/10/2017 16:05,8.866
313,5/10/2017 16:06,8.817
314,5/10/2017 16:07,9.287
315,5/10/2017 16:08,9.509
316,5/10/2017 16:09,9.262
317,5/10/2017 16:10,9.139
318,5/10/2017 16:11,9.114
319,5/10/2017 16:12,9.015
320,5/10/2017 16:13,8.99
321,5/10/2017 16:14,8.891
322,5/10/2017 16:15,9.608
323,5/10/2017 16:16,10.124
324,5/10/2017 16:17,9.731
325,5/10/2017 16:18,9.41
326,5/10/2017 16:19,9.435
327,5/10/2017 16:20,9.336
328,5/10/2017 16:21,9.509
329,5/10/2017 16:22,9.213
330,5/10/2017 16:23,9.015
331,5/10/2017 16:24,9.188
332,5/10/2017 16:25,10.345
333,5/10/2017 16:26,10.124
334,5/10/2017 16:27,9.706
335,5/10/2017 16:28,9.386
336,5/10/2017 16:29,10.345
337,5/10/2017 16:30,10.638
338,5/10/2017 16:31,10.075
339,5/10/2017 16:32,9.657
340,5/10/2017 16:33,9.583
341,5/10/2017 16:34,9.879
342,5/10/2017 16:35,10.124
343,5/10/2017 16:36,9.706
344,5/10/2017 16:37,9.435
345,5/10/2017 16:38,9.879
346,5/10/2017 16:39,10.198
347,5/10/2017 16:40,9.854
348,5/10/2017 16:41,9.509
349,5/10/2017 16:42,9.657
350,5/10/2017 16:43,9.977
351,5/10/2017 16:44,9.854
352,5/10/2017 16:45,9.583
353,5/10/2017 16:46,9.312
354,5/10/2017 16:47,9.163
355,5/10/2017 16:48,9.903
356,5/10/2017 16:49,10.663
357,5/10/2017 16:50,10.687
358,5/10/2017 16:51,10.075
359,5/10/2017 16:52,9.805
360,5/10/2017 16:53,10.32
361,5/10/2017 16:54,11.053
362,5/10/2017 16:55,10.834
363,5/10/2017 16:56,10.222
364,5/10/2017 16:57,10.492
365,5/10/2017 16:58,10.834
366,5/10/2017 16:59,11.346
367,5/10/2017 17:00,10.834
368,5/10/2017 17:01,10.687
369,5/10/2017 17:02,10.956
370,5/10/2017 17:03,11.467
371,5/10/2017 17:04,11.589
372,5/10/2017 17:05,11.394
373,5/10/2017 17:06,11.053
374,5/10/2017 17:07,11.151
375,5/10/2017 17:08,11.321
376,5/10/2017 17:09,11.346
377,5/10/2017 17:10,11.273
378,5/10/2017 17:11,11.224
379,5/10/2017 17:12,11.151
380,5/10/2017 17:13,11.102
381,5/10/2017 17:14,11.102
382,5/10/2017 17:15,10.834
383,5/10/2017 17:16,11.053
384,5/10/2017 17:17,11.078
385,5/10/2017 17:18,11.2
386,5/10/2017 17:19,10.59
387,5/10/2017 17:20,10.614
388,5/10/2017 17:21,10.59
389,5/10/2017 17:22,10.761
390,5/10/2017 17:23,10.736
391,5/10/2017 17:24,10.541
392,5/10/2017 17:25,10.516
393,5/10/2017 17:26,10.541
394,5/10/2017 17:27,10.883
395,5/10/2017 17:28,10.932
396,5/10/2017 17:29,10.932
397,5/10/2017 17:30,10.761
398,5/10/2017 17:31,11.102
399,5/10/2017 17:32,11.005
400,5/10/2017 17:33,10.98
401,5/10/2017 17:34,10.907
402,5/10/2017 17:35,10.712
403,5/10/2017 17:36,10.858
404,5/10/2017 17:37,11.029
405,5/10/2017 17:38,10.883
406,5/10/2017 17:39,10.638
407,5/10/2017 17:40,10.565
408,5/10/2017 17:41,10.81
409,5/10/2017 17:42,10.956
410,5/10/2017 17:43,10.858
411,5/10/2017 17:44,10.614
412,5/10/2017 17:45,10.614
413,5/10/2017 17:46,10.541
414,5/10/2017 17:47,10.492
415,5/10/2017 17:48,10.247
416,5/10/2017 17:49,10.124
417,5/10/2017 17:50,10.247
418,5/10/2017 17:51,10.443
419,5/10/2017 17:52,10.345
420,5/10/2017 17:53,10.124
421,5/10/2017 17:54,10.026
422,5/10/2017 17:55,10.345
423,5/10/2017 17:56,10.32
424,5/10/2017 17:57,10.124
425,5/10/2017 17:58,10.124
426,5/10/2017 17:59,10.051
427,5/10/2017 18:00,10.32
428,5/10/2017 18:01,10.271
429,5/10/2017 18:02,10.1
430,5/10/2017 18:03,9.952
431,5/10/2017 18:04,10.075
432,5/10/2017 18:05,10.222
433,5/10/2017 18:06,10.026
434,5/10/2017 18:07,9.977
435,5/10/2017 18:08,9.928
436,5/10/2017 18:09,10.1
437,5/10/2017 18:10,9.928
438,5/10/2017 18:11,9.903
439,5/10/2017 18:12,9.805
440,5/10/2017 18:13,9.829
441,5/10/2017 18:14,9.78
442,5/10/2017 18:15,9.657
443,5/10/2017 18:16,9.632
444,5/10/2017 18:17,9.534
445,5/10/2017 18:18,9.534
446,5/10/2017 18:19,9.41
447,5/10/2017 18:20,9.361
448,5/10/2017 18:21,9.312
449,5/10/2017 18:22,9.262
450,5/10/2017 18:23,9.213
451,5/10/2017 18:24,9.188
452,5/10/2017 18:25,9.163
453,5/10/2017 18:26,9.139
454,5/10/2017 18:27,9.114
455,5/10/2017 18:28,9.089
456,5/10/2017 18:29,9.064
457,5/10/2017 18:30,9.064
458,5/10/2017 18:31,9.089
459,5/10/2017 18:32,9.089
460,5/10/2017 18:33,9.064
461,5/10/2017 18:34,8.965
462,5/10/2017 18:35,8.891
463,5/10/2017 18:36,8.792
464,5/10/2017 18:37,8.717
465,5/10/2017 18:38,8.668
466,5/10/2017 18:39,8.593
467,5/10/2017 18:40,8.543
468,5/10/2017 18:41,8.519
469,5/10/2017 18:42,8.469
470,5/10/2017 18:43,8.419
471,5/10/2017 18:44,8.369
472,5/10/2017 18:45,8.344
473,5/10/2017 18:46,8.319
474,5/10/2017 18:47,8.27
475,5/10/2017 18:48,8.245
476,5/10/2017 18:49,8.22
477,5/10/2017 18:50,8.22
478,5/10/2017 18:51,8.195
479,5/10/2017 18:52,8.17
480,5/10/2017 18:53,8.17
481,5/10/2017 18:54,8.145
482,5/10/2017 18:55,8.12
483,5/10/2017 18:56,8.12
484,5/10/2017 18:57,8.12
485,5/10/2017 18:58,8.12
486,5/10/2017 18:59,8.145
487,5/10/2017 19:00,7.895
488,5/10/2017 19:01,7.795
489,5/10/2017 19:02,7.519
490,5/10/2017 19:03,7.368
491,5/10/2017 19:04,7.242
492,5/10/2017 19:05,7.066
493,5/10/2017 19:06,6.965
494,5/10/2017 19:07,6.914
495,5/10/2017 19:08,6.864
496,5/10/2017 19:09,6.864
497,5/10/2017 19:10,6.839
498,5/10/2017 19:11,6.839
499,5/10/2017 19:12,6.813
500,5/10/2017 19:13,6.813
501,5/10/2017 19:14,6.813
502,5/10/2017 19:15,6.813
503,5/10/2017 19:16,6.813
504,5/10/2017 19:17,6.839
505,5/10/2017 19:18,6.839
506,5/10/2017 19:19,6.839
507,5/10/2017 19:20,6.864
508,5/10/2017 19:21,6.864
509,5/10/2017 19:22,6.864
510,5/10/2017 19:23,6.864
511,5/10/2017 19:24,6.864
512,5/10/2017 19:25,6.864
513,5/10/2017 19:26,6.864
514,5/10/2017 19:27,6.864
515,5/10/2017 19:28,6.864
516,5/10/2017 19:29,6.864
517,5/10/2017 19:30,6.864
518,5/10/2017 19:31,6.864
519,5/10/2017 19:32,6.864
520,5/10/2017 19:33,6.864
521,5/10/2017 19:34,6.864
522,5/10/2017 19:35,6.864
523,5/10/2017 19:36,6.864
524,5/10/2017 19:37,6.864
525,5/10/2017 19:38,6.864
526,5/10/2017 19:39,6.864
527,5/10/2017 19:40,6.864
528,5/10/2017 19:41,6.864
529,5/10/2017 19:42,6.864
530,5/10/2017 19:43,6.864
531,5/10/2017 19:44,6.864
532,5/10/2017 19:45,6.864
533,5/10/2017 19:46,6.864
534,5/10/2017 19:47,6.864
535,5/10/2017 19:48,6.864
536,5/10/2017 19:49,6.864
537,5/10/2017 19:50,6.864
538,5/10/2017 19:51,6.889
539,5/10/2017 19:52,6.99
540,5/10/2017 19:53,7.368
541,5/10/2017 19:54,7.519
542,5/10/2017 19:55,7.594
543,5/10/2017 19:56,7.67
544,5/10/2017 19:57,7.619
545,5/10/2017 19:58,7.619
546,5/10/2017 19:59,7.619
547,5/10/2017 20:00,7.645
548,5/10/2017 20:01,7.645
549,5/10/2017 20:02,7.67
550,5/10/2017 20:03,7.67
551,5/10/2017 20:04,7.67
552,5/10/2017 20:05,7.67
553,5/10/2017 20:06,7.67
554,5/10/2017 20:07,7.67
555,5/10/2017 20:08,7.645
556,5/10/2017 20:09,7.619
557,5/10/2017 20:10,7.619
558,5/10/2017 20:11,7.619
559,5/10/2017 20:12,7.594
560,5/10/2017 20:13,7.569
561,5/10/2017 20:14,7.569
562,5/10/2017 20:15,7.594
563,5/10/2017 20:16,7.594
564,5/10/2017 20:17,7.594
565,5/10/2017 20:18,7.594
566,5/10/2017 20:19,7.569
567,5/10/2017 20:20,7.569
568,5/10/2017 20:21,7.544
569,5/10/2017 20:22,7.544
570,5/10/2017 20:23,7.544
571,5/10/2017 20:24,7.544
572,5/10/2017 20:25,7.544
573,5/10/2017 20:26,7.519
574,5/10/2017 20:27,7.544
575,5/10/2017 20:28,7.519
576,5/10/2017 20:29,7.544
577,5/10/2017 20:30,7.519
578,5/10/2017 20:31,7.519
579,5/10/2017 20:32,7.519
580,5/10/2017 20:33,7.519
581,5/10/2017 20:34,7.519
582,5/10/2017 20:35,7.494
583,5/10/2017 20:36,7.494
584,5/10/2017 20:37,7.494
585,5/10/2017 20:38,7.494
586,5/10/2017 20:39,7.469
587,5/10/2017 20:40,7.469
588,5/10/2017 20:41,7.469
589,5/10/2017 20:42,7.469
590,5/10/2017 20:43,7.469
591,5/10/2017 20:44,7.469
592,5/10/2017 20:45,7.469
593,5/10/2017 20:46,7.469
594,5/10/2017 20:47,7.469
595,5/10/2017 20:48,7.469
596,5/10/2017 20:49,7.469
597,5/10/2017 20:50,7.469
598,5/10/2017 20:51,7.444
599,5/10/2017 20:52,7.444
600,5/10/2017 20:53,7.444
601,5/10/2017 20:54,7.444
602,5/10/2017 20:55,7.444
603,5/10/2017 20:56,7.419
604,5/10/2017 20:57,7.419
605,5/10/2017 20:58,7.419
606,5/10/2017 20:59,7.419
607,5/10/2017 21:00,7.419
608,5/10/2017 21:01,7.419
609,5/10/2017 21:02,7.419
610,5/10/2017 21:03,7.393
611,5/10/2017 21:04,7.368
612,5/10/2017 21:05,7.393
613,5/10/2017 21:06,7.393
614,5/10/2017 21:07,7.368
615,5/10/2017 21:08,7.368
616,5/10/2017 21:09,7.393
617,5/10/2017 21:10,7.393
618,5/10/2017 21:11,7.393
619,5/10/2017 21:12,7.419
620,5/10/2017 21:13,7.494
621,5/10/2017 21:14,7.544
622,5/10/2017 21:15,7.594
623,5/10/2017 21:16,7.645
624,5/10/2017 21:17,7.695
625,5/10/2017 21:18,7.695
626,5/10/2017 21:19,7.695
627,5/10/2017 21:20,7.72
628,5/10/2017 21:21,7.745
629,5/10/2017 21:22,7.745
630,5/10/2017 21:23,7.72
631,5/10/2017 21:24,7.72
632,5/10/2017 21:25,7.745
633,5/10/2017 21:26,7.77
634,5/10/2017 21:27,7.77
635,5/10/2017 21:28,7.745
636,5/10/2017 21:29,7.72
637,5/10/2017 21:30,7.745
638,5/10/2017 21:31,7.77
639,5/10/2017 21:32,7.745
640,5/10/2017 21:33,7.72
641,5/10/2017 21:34,7.745
642,5/10/2017 21:35,7.745
643,5/10/2017 21:36,7.72
644,5/10/2017 21:37,7.72
645,5/10/2017 21:38,7.72
646,5/10/2017 21:39,7.745
647,5/10/2017 21:40,7.72
648,5/10/2017 21:41,7.695
649,5/10/2017 21:42,7.67
650,5/10/2017 21:43,7.695
651,5/10/2017 21:44,7.72
652,5/10/2017 21:45,7.72
653,5/10/2017 21:46,7.695
654,5/10/2017 21:47,7.695
655,5/10/2017 21:48,7.695
656,5/10/2017 21:49,7.67
657,5/10/2017 21:50,7.67
658,5/10/2017 21:51,7.67
659,5/10/2017 21:52,7.695
660,5/10/2017 21:53,7.72
661,5/10/2017 21:54,7.72
662,5/10/2017 21:55,7.72
663,5/10/2017 21:56,7.695
664,5/10/2017 21:57,7.67
665,5/10/2017 21:58,7.67
666,5/10/2017 21:59,7.67
667,5/10/2017 22:00,7.67
668,5/10/2017 22:01,7.695
669,5/10/2017 22:02,7.695
670,5/10/2017 22:03,7.67
671,5/10/2017 22:04,7.67
672,5/10/2017 22:05,7.67
673,5/10/2017 22:06,7.695
674,5/10/2017 22:07,7.695
675,5/10/2017 22:08,7.67
676,5/10/2017 22:09,7.67
677,5/10/2017 22:10,7.67
678,5/10/2017 22:11,7.695
679,5/10/2017 22:12,7.695
680,5/10/2017 22:13,7.67
681,5/10/2017 22:14,7.67
682,5/10/2017 22:15,7.695
683,5/10/2017 22:16,7.695
684,5/10/2017 22:17,7.67
685,5/10/2017 22:18,7.67
686,5/10/2017 22:19,7.67
687,5/10/2017 22:20,7.67
688,5/10/2017 22:21,7.67
689,5/10/2017 22:22,7.695
690,5/10/2017 22:23,7.67
691,5/10/2017 22:24,7.67
692,5/10/2017 22:25,7.645
693,5/10/2017 22:26,7.67
694,5/10/2017 22:27,7.695
695,5/10/2017 22:28,7.67
696,5/10/2017 22:29,7.67
697,5/10/2017 22:30,7.67
698,5/10/2017 22:31,7.695
699,5/10/2017 22:32,7.67
700,5/10/2017 22:33,7.67
701,5/10/2017 22:34,7.67
702,5/10/2017 22:35,7.695
703,5/10/2017 22:36,7.695
704,5/10/2017 22:37,7.67
705,5/10/2017 22:38,7.67
706,5/10/2017 22:39,7.67
707,5/10/2017 22:40,7.67
708,5/10/2017 22:41,7.695
709,5/10/2017 22:42,7.67
710,5/10/2017 22:43,7.67
711,5/10/2017 22:44,7.67
712,5/10/2017 22:45,7.67
713,5/10/2017 22:46,7.67
714,5/10/2017 22:47,7.645
715,5/10/2017 22:48,7.645
716,5/10/2017 22:49,7.67
717,5/10/2017 22:50,7.67
718,5/10/2017 22:51,7.645
719,5/10/2017 22:52,7.645
720,5/10/2017 22:53,7.619
721,5/10/2017 22:54,7.645
722,5/10/2017 22:55,7.67
723,5/10/2017 22:56,7.645
724,5/10/2017 22:57,7.645
725,5/10/2017 22:58,7.619
726,5/10/2017 22:59,7.645
727,5/10/2017 23:00,7.645
728,5/10/2017 23:01,7.619
729,5/10/2017 23:02,7.619
730,5/10/2017 23:03,7.645
731,5/10/2017 23:04,7.67
732,5/10/2017 23:05,7.67
733,5/10/2017 23:06,7.645
734,5/10/2017 23:07,7.645
735,5/10/2017 23:08,7.645
736,5/10/2017 23:09,7.67
737,5/10/2017 23:10,7.645
738,5/10/2017 23:11,7.619
739,5/10/2017 23:12,7.645
740,5/10/2017 23:13,7.67
741,5/10/2017 23:14,7.67
742,5/10/2017 23:15,7.645
743,5/10/2017 23:16,7.645
744,5/10/2017 23:17,7.67
745,5/10/2017 23:18,7.67
746,5/10/2017 23:19,7.67
747,5/10/2017 23:20,7.645
748,5/10/2017 23:21,7.67
749,5/10/2017 23:22,7.695
750,5/10/2017 23:23,7.695
751,5/10/2017 23:24,7.67
752,5/10/2017 23:25,7.67
753,5/10/2017 23:26,7.695
754,5/10/2017 23:27,7.67
755,5/10/2017 23:28,7.67
756,5/10/2017 23:29,7.645
757,5/10/2017 23:30,7.645
758,5/10/2017 23:31,7.67
759,5/10/2017 23:32,7.67
760,5/10/2017 23:33,7.67
761,5/10/2017 23:34,7.645
762,5/10/2017 23:35,7.645
763,5/10/2017 23:36,7.619
764,5/10/2017 23:37,7.645
765,5/10/2017 23:38,7.619
766,5/10/2017 23:39,7.67
767,5/10/2017 23:40,7.645
768,5/10/2017 23:41,7.645
769,5/10/2017 23:42,7.645
770,5/10/2017 23:43,7.67
771,5/10/2017 23:44,7.695
772,5/10/2017 23:45,7.67
773,5/10/2017 23:46,7.67
774,5/10/2017 23:47,7.67
775,5/10/2017 23:48,7.67
776,5/10/2017 23:49,7.645
777,5/10/2017 23:50,7.645
778,5/10/2017 23:51,7.67
779,5/10/2017 23:52,7.645
780,5/10/2017 23:53,7.645
781,5/10/2017 23:54,7.645
782,5/10/2017 23:55,7.695
783,5/10/2017 23:56,7.67
784,5/10/2017 23:57,7.67
785,5/10/2017 23:58,7.645
786,5/10/2017 23:59,7.67
787,5/11/2017 0:00,7.695
788,5/11/2017 0:01,7.67
789,5/11/2017 0:02,7.67
790,5/11/2017 0:03,7.67
791,5/11/2017 0:04,7.695
792,5/11/2017 0:05,7.67
793,5/11/2017 0:06,7.67
794,5/11/2017 0:07,7.67
795,5/11/2017 0:08,7.67
796,5/11/2017 0:09,7.695
797,5/11/2017 0:10,7.67
798,5/11/2017 0:11,7.67
799,5/11/2017 0:12,7.67
800,5/11/2017 0:13,7.695
801,5/11/2017 0:14,7.695
802,5/11/2017 0:15,7.67
803,5/11/2017 0:16,7.67
804,5/11/2017 0:17,7.645
805,5/11/2017 0:18,7.67
806,5/11/2017 0:19,7.695
807,5/11/2017 0:20,7.67
808,5/11/2017 0:21,7.67
809,5/11/2017 0:22,7.67
810,5/11/2017 0:23,7.695
811,5/11/2017 0:24,7.67
812,5/11/2017 0:25,7.67
813,5/11/2017 0:26,7.645
814,5/11/2017 0:27,7.645
815,5/11/2017 0:28,7.67
816,5/11/2017 0:29,7.645
817,5/11/2017 0:30,7.645
818,5/11/2017 0:31,7.619
819,5/11/2017 0:32,7.619
820,5/11/2017 0:33,7.619
821,5/11/2017 0:34,7.645
822,5/11/2017 0:35,7.645
823,5/11/2017 0:36,7.619
824,5/11/2017 0:37,7.619
825,5/11/2017 0:38,7.619
826,5/11/2017 0:39,7.645
827,5/11/2017 0:40,7.645
828,5/11/2017 0:41,7.619
829,5/11/2017 0:42,7.619
830,5/11/2017 0:43,7.619
831,5/11/2017 0:44,7.645
832,5/11/2017 0:45,7.619
833,5/11/2017 0:46,7.619
834,5/11/2017 0:47,7.619
835,5/11/2017 0:48,7.619
836,5/11/2017 0:49,7.619
837,5/11/2017 0:50,7.619
838,5/11/2017 0:51,7.619
839,5/11/2017 0:52,7.619
840,5/11/2017 0:53,7.619
841,5/11/2017 0:54,7.619
842,5/11/2017 0:55,7.619
843,5/11/2017 0:56,7.619
844,5/11/2017 0:57,7.619
845,5/11/2017 0:58,7.619
846,5/11/2017 0:59,7.619
847,5/11/2017 1:00,7.619
848,5/11/2017 1:01,7.619
849,5/11/2017 1:02,7.619
850,5/11/2017 1:03,7.645
851,5/11/2017 1:04,7.645
852,5/11/2017 1:05,7.645
853,5/11/2017 1:06,7.645
854,5/11/2017 1:07,7.645
855,5/11/2017 1:08,7.619
856,5/11/2017 1:09,7.645
857,5/11/2017 1:10,7.619
858,5/11/2017 1:11,7.619
859,5/11/2017 1:12,7.619
860,5/11/2017 1:13,7.645
861,5/11/2017 1:14,7.619
862,5/11/2017 1:15,7.619
863,5/11/2017 1:16,7.619
864,5/11/2017 1:17,7.619
865,5/11/2017 1:18,7.619
866,5/11/2017 1:19,7.619
867,5/11/2017 1:20,7.619
868,5/11/2017 1:21,7.594
869,5/11/2017 1:22,7.619
870,5/11/2017 1:23,7.619
871,5/11/2017 1:24,7.619
872,5/11/2017 1:25,7.619
873,5/11/2017 1:26,7.619
874,5/11/2017 1:27,7.67
875,5/11/2017 1:28,7.67
876,5/11/2017 1:29,7.645
877,5/11/2017 1:30,7.67
878,5/11/2017 1:31,7.645
879,5/11/2017 1:32,7.645
880,5/11/2017 1:33,7.645
881,5/11/2017 1:34,7.67
882,5/11/2017 1:35,7.67
883,5/11/2017 1:36,7.645
884,5/11/2017 1:37,7.645
885,5/11/2017 1:38,7.645
886,5/11/2017 1:39,7.67
887,5/11/2017 1:40,7.645
888,5/11/2017 1:41,7.645
889,5/11/2017 1:42,7.645
890,5/11/2017 1:43,7.67
891,5/11/2017 1:44,7.67
892,5/11/2017 1:45,7.67
893,5/11/2017 1:46,7.67
894,5/11/2017 1:47,7.695
895,5/11/2017 1:48,7.695
896,5/11/2017 1:49,7.67
897,5/11/2017 1:50,7.645
898,5/11/2017 1:51,7.67
899,5/11/2017 1:52,7.695
900,5/11/2017 1:53,7.67
901,5/11/2017 1:54,7.67
902,5/11/2017 1:55,7.67
903,5/11/2017 1:56,7.695
904,5/11/2017 1:57,7.695
905,5/11/2017 1:58,7.695
906,5/11/2017 1:59,7.67
907,5/11/2017 2:00,7.67
908,5/11/2017 2:01,7.645
909,5/11/2017 2:02,7.67
910,5/11/2017 2:03,7.67
911,5/11/2017 2:04,7.67
912,5/11/2017 2:05,7.645
913,5/11/2017 2:06,7.645
914,5/11/2017 2:07,7.67
915,5/11/2017 2:08,7.67
916,5/11/2017 2:09,7.67
917,5/11/2017 2:10,7.645
918,5/11/2017 2:11,7.645
919,5/11/2017 2:12,7.645
920,5/11/2017 2:13,7.67
921,5/11/2017 2:14,7.645
922,5/11/2017 2:15,7.645
923,5/11/2017 2:16,7.619
924,5/11/2017 2:17,7.67
925,5/11/2017 2:18,7.67
926,5/11/2017 2:19,7.645
927,5/11/2017 2:20,7.645
928,5/11/2017 2:21,7.645
929,5/11/2017 2:22,7.67
930,5/11/2017 2:23,7.645
931,5/11/2017 2:24,7.645
932,5/11/2017 2:25,7.619
933,5/11/2017 2:26,7.645
934,5/11/2017 2:27,7.645
935,5/11/2017 2:28,7.619
936,5/11/2017 2:29,7.619
937,5/11/2017 2:30,7.619
938,5/11/2017 2:31,7.645
939,5/11/2017 2:32,7.645
940,5/11/2017 2:33,7.645
941,5/11/2017 2:34,7.619
942,5/11/2017 2:35,7.645
943,5/11/2017 2:36,7.645
944,5/11/2017 2:37,7.645
945,5/11/2017 2:38,7.619
946,5/11/2017 2:39,7.645
947,5/11/2017 2:40,7.645
948,5/11/2017 2:41,7.619
949,5/11/2017 2:42,7.619
950,5/11/2017 2:43,7.594
951,5/11/2017 2:44,7.619
952,5/11/2017 2:45,7.594
953,5/11/2017 2:46,7.594
954,5/11/2017 2:47,7.594
955,5/11/2017 2:48,7.594
956,5/11/2017 2:49,7.619
957,5/11/2017 2:50,7.594
958,5/11/2017 2:51,7.594
959,5/11/2017 2:52,7.594
960,5/11/2017 2:53,7.569
961,5/11/2017 2:54,7.594
962,5/11/2017 2:55,7.619
963,5/11/2017 2:56,7.594
964,5/11/2017 2:57,7.619
965,5/11/2017 2:58,7.619
966,5/11/2017 2:59,7.619
967,5/11/2017 3:00,7.619
968,5/11/2017 3:01,7.594
969,5/11/2017 3:02,7.619
970,5/11/2017 3:03,7.619
971,5/11/2017 3:04,7.619
972,5/11/2017 3:05,7.619
973,5/11/2017 3:06,7.619
974,5/11/2017 3:07,7.594
975,5/11/2017 3:08,7.619
976,5/11/2017 3:09,7.619
977,5/11/2017 3:10,7.619
978,5/11/2017 3:11,7.645
979,5/11/2017 3:12,7.619
980,5/11/2017 3:13,7.619
981,5/11/2017 3:14,7.594
982,5/11/2017 3:15,7.619
983,5/11/2017 3:16,7.619
984,5/11/2017 3:17,7.619
985,5/11/2017 3:18,7.594
986,5/11/2017 3:19,7.594
987,5/11/2017 3:20,7.619
988,5/11/2017 3:21,7.645
989,5/11/2017 3:22,7.619
990,5/11/2017 3:23,7.594
991,5/11/2017 3:24,7.594
992,5/11/2017 3:25,7.594
993,5/11/2017 3:26,7.619
994,5/11/2017 3:27,7.619
995,5/11/2017 3:28,7.619
996,5/11/2017 3:29,7.594
997,5/11/2017 3:30,7.594
998,5/11/2017 3:31,7.619
999,5/11/2017 3:32,7.594
1000,5/11/2017 3:33,7.594
1001,5/11/2017 3:34,7.569
1002,5/11/2017 3:35,7.594
1003,5/11/2017 3:36,7.619
1004,5/11/2017 3:37,7.619
1005,5/11/2017 3:38,7.594
1006,5/11/2017 3:39,7.594
1007,5/11/2017 3:40,7.619
1008,5/11/2017 3:41,7.619
1009,5/11/2017 3:42,7.594
1010,5/11/2017 3:43,7.594
1011,5/11/2017 3:44,7.594
1012,5/11/2017 3:45,7.594
1013,5/11/2017 3:46,7.569
1014,5/11/2017 3:47,7.569
1015,5/11/2017 3:48,7.569
1016,5/11/2017 3:49,7.569
1017,5/11/2017 3:50,7.594
1018,5/11/2017 3:51,7.569
1019,5/11/2017 3:52,7.569
1020,5/11/2017 3:53,7.569
1021,5/11/2017 3:54,7.569
1022,5/11/2017 3:55,7.594
1023,5/11/2017 3:56,7.569
1024,5/11/2017 3:57,7.569
1025,5/11/2017 3:58,7.569
1026,5/11/2017 3:59,7.569
1027,5/11/2017 4:00,7.594
1028,5/11/2017 4:01,7.594
1029,5/11/2017 4:02,7.569
1030,5/11/2017 4:03,7.594
1031,5/11/2017 4:04,7.619
1032,5/11/2017 4:05,7.594
1033,5/11/2017 4:06,7.569
1034,5/11/2017 4:07,7.569
1035,5/11/2017 4:08,7.569
1036,5/11/2017 4:09,7.594
1037,5/11/2017 4:10,7.619
1038,5/11/2017 4:11,7.594
1039,5/11/2017 4:12,7.594
1040,5/11/2017 4:13,7.594
1041,5/11/2017 4:14,7.619
1042,5/11/2017 4:15,7.594
1043,5/11/2017 4:16,7.594
1044,5/11/2017 4:17,7.594
1045,5/11/2017 4:18,7.619
1046,5/11/2017 4:19,7.594
1047,5/11/2017 4:20,7.569
1048,5/11/2017 4:21,7.569
1049,5/11/2017 4:22,7.569
1050,5/11/2017 4:23,7.569
1051,5/11/2017 4:24,7.569
1052,5/11/2017 4:25,7.569
1053,5/11/2017 4:26,7.569
1054,5/11/2017 4:27,7.569
1055,5/11/2017 4:28,7.569
1056,5/11/2017 4:29,7.569
1057,5/11/2017 4:30,7.569
1058,5/11/2017 4:31,7.594
1059,5/11/2017 4:32,7.569
1060,5/11/2017 4:33,7.569
1061,5/11/2017 4:34,7.569
1062,5/11/2017 4:35,7.569
1063,5/11/2017 4:36,7.569
1064,5/11/2017 4:37,7.594
1065,5/11/2017 4:38,7.594
1066,5/11/2017 4:39,7.569
1067,5/11/2017 4:40,7.569
1068,5/11/2017 4:41,7.594
1069,5/11/2017 4:42,7.619
1070,5/11/2017 4:43,7.594
1071,5/11/2017 4:44,7.594
1072,5/11/2017 4:45,7.594
1073,5/11/2017 4:46,7.619
1074,5/11/2017 4:47,7.594
1075,5/11/2017 4:48,7.594
1076,5/11/2017 4:49,7.594
1077,5/11/2017 4:50,7.619
1078,5/11/2017 4:51,7.619
1079,5/11/2017 4:52,7.619
1080,5/11/2017 4:53,7.619
1081,5/11/2017 4:54,7.619
1082,5/11/2017 4:55,7.619
1083,5/11/2017 4:56,7.619
1084,5/11/2017 4:57,7.594
1085,5/11/2017 4:58,7.594
1086,5/11/2017 4:59,7.619
1087,5/11/2017 5:00,7.619
1088,5/11/2017 5:01,7.619
1089,5/11/2017 5:02,7.619
1090,5/11/2017 5:03,7.594
1091,5/11/2017 5:04,7.594
1092,5/11/2017 5:05,7.569
1093,5/11/2017 5:06,7.544
1094,5/11/2017 5:07,7.519
1095,5/11/2017 5:08,7.519
1096,5/11/2017 5:09,7.519
1097,5/11/2017 5:10,7.519
1098,5/11/2017 5:11,7.494
1099,5/11/2017 5:12,7.494
1100,5/11/2017 5:13,7.494
1101,5/11/2017 5:14,7.494
1102,5/11/2017 5:15,7.494
1103,5/11/2017 5:16,7.519
1104,5/11/2017 5:17,7.519
1105,5/11/2017 5:18,7.519
1106,5/11/2017 5:19,7.519
1107,5/11/2017 5:20,7.544
1108,5/11/2017 5:21,7.544
1109,5/11/2017 5:22,7.544
1110,5/11/2017 5:23,7.569
1111,5/11/2017 5:24,7.569
1112,5/11/2017 5:25,7.569
1113,5/11/2017 5:26,7.569
1114,5/11/2017 5:27,7.569
1115,5/11/2017 5:28,7.594
1116,5/11/2017 5:29,7.594
1117,5/11/2017 5:30,7.594
1118,5/11/2017 5:31,7.594
1119,5/11/2017 5:32,7.619
1120,5/11/2017 5:33,7.619
1121,5/11/2017 5:34,7.619
1122,5/11/2017 5:35,7.619
1123,5/11/2017 5:36,7.645
1124,5/11/2017 5:37,7.645
1125,5/11/2017 5:38,7.645
1126,5/11/2017 5:39,7.67
1127,5/11/2017 5:40,7.67
1128,5/11/2017 5:41,7.67
1129,5/11/2017 5:42,7.645
1130,5/11/2017 5:43,7.645
1131,5/11/2017 5:44,7.645
1132,5/11/2017 5:45,7.645
1133,5/11/2017 5:46,7.645
1134,5/11/2017 5:47,7.67
1135,5/11/2017 5:48,7.67
1136,5/11/2017 5:49,7.695
1137,5/11/2017 5:50,7.695
1138,5/11/2017 5:51,7.695
1139,5/11/2017 5:52,7.72
1140,5/11/2017 5:53,7.72
1141,5/11/2017 5:54,7.695
1142,5/11/2017 5:55,7.645
1143,5/11/2017 5:56,7.619
1144,5/11/2017 5:57,7.619
1145,5/11/2017 5:58,7.619
1146,5/11/2017 5:59,7.619
1147,5/11/2017 6:00,7.619
1148,5/11/2017 6:01,7.619
1149,5/11/2017 6:02,7.645
1150,5/11/2017 6:03,7.67
1151,5/11/2017 6:04,7.695
1152,5/11/2017 6:05,7.72
1153,5/11/2017 6:06,7.695
1154,5/11/2017 6:07,7.67
1155,5/11/2017 6:08,7.619
1156,5/11/2017 6:09,7.594
1157,5/11/2017 6:10,7.469
1158,5/11/2017 6:11,7.293
1159,5/11/2017 6:12,7.167
1160,5/11/2017 6:13,7.066
1161,5/11/2017 6:14,6.99
1162,5/11/2017 6:15,6.864
1163,5/11/2017 6:16,6.737
1164,5/11/2017 6:17,6.661
1165,5/11/2017 6:18,6.636
1166,5/11/2017 6:19,6.611
1167,5/11/2017 6:20,6.611
1168,5/11/2017 6:21,6.611
1169,5/11/2017 6:22,6.611
1170,5/11/2017 6:23,6.611
1171,5/11/2017 6:24,6.611
1172,5/11/2017 6:25,6.585
1173,5/11/2017 6:26,6.585
1174,5/11/2017 6:27,6.585
1175,5/11/2017 6:28,6.585
1176,5/11/2017 6:29,6.585
1177,5/11/2017 6:30,6.585
1178,5/11/2017 6:31,6.611
1179,5/11/2017 6:32,6.611
1180,5/11/2017 6:33,6.611
1181,5/11/2017 6:34,6.611
1182,5/11/2017 6:35,6.611
1183,5/11/2017 6:36,6.611
1184,5/11/2017 6:37,6.611
1185,5/11/2017 6:38,6.611
1186,5/11/2017 6:39,6.611
1187,5/11/2017 6:40,6.611
1188,5/11/2017 6:41,6.636
1189,5/11/2017 6:42,6.636
1190,5/11/2017 6:43,6.636
1191,5/11/2017 6:44,6.636
1192,5/11/2017 6:45,6.636
1193,5/11/2017 6:46,6.636
1194,5/11/2017 6:47,6.636
1195,5/11/2017 6:48,6.636
1196,5/11/2017 6:49,6.661
1197,5/11/2017 6:50,6.661
1198,5/11/2017 6:51,6.661
1199,5/11/2017 6:52,6.661
1200,5/11/2017 6:53,6.661
1201,5/11/2017 6:54,6.661
1202,5/11/2017 6:55,6.661
1203,5/11/2017 6:56,6.763
1204,5/11/2017 6:57,6.99
1205,5/11/2017 6:58,7.318
1206,5/11/2017 6:59,7.469
1207,5/11/2017 7:00,7.519
1208,5/11/2017 7:01,7.569
1209,5/11/2017 7:02,7.569
1210,5/11/2017 7:03,7.594
1211,5/11/2017 7:04,7.645
1212,5/11/2017 7:05,7.619
1213,5/11/2017 7:06,7.619
1214,5/11/2017 7:07,7.619
1215,5/11/2017 7:08,7.594
1216,5/11/2017 7:09,7.569
1217,5/11/2017 7:10,7.569
1218,5/11/2017 7:11,7.544
1219,5/11/2017 7:12,7.544
1220,5/11/2017 7:13,7.544
1221,5/11/2017 7:14,7.519
1222,5/11/2017 7:15,7.519
1223,5/11/2017 7:16,7.519
1224,5/11/2017 7:17,7.519
1225,5/11/2017 7:18,7.519
1226,5/11/2017 7:19,7.544
1227,5/11/2017 7:20,7.544
1228,5/11/2017 7:21,7.544
1229,5/11/2017 7:22,7.544
1230,5/11/2017 7:23,7.544
1231,5/11/2017 7:24,7.544
1232,5/11/2017 7:25,7.544
1233,5/11/2017 7:26,7.569
1234,5/11/2017 7:27,7.569
1235,5/11/2017 7:28,7.569
1236,5/11/2017 7:29,7.569
1237,5/11/2017 7:30,7.569
1238,5/11/2017 7:31,7.569
1239,5/11/2017 7:32,7.569
1240,5/11/2017 7:33,7.569
1241,5/11/2017 7:34,7.569
1242,5/11/2017 7:35,7.569
1243,5/11/2017 7:36,7.569
1244,5/11/2017 7:37,7.569
1245,5/11/2017 7:38,7.569
1246,5/11/2017 7:39,7.594
1247,5/11/2017 7:40,7.72
1248,5/11/2017 7:41,7.795
1249,5/11/2017 7:42,7.945
1250,5/11/2017 7:43,7.945
1251,5/11/2017 7:44,7.92
1252,5/11/2017 7:45,7.82
1253,5/11/2017 7:46,7.67
1254,5/11/2017 7:47,7.619
1255,5/11/2017 7:48,7.519
1256,5/11/2017 7:49,7.343
1257,5/11/2017 7:50,7.217
1258,5/11/2017 7:51,6.99
1259,5/11/2017 7:52,6.737
1260,5/11/2017 7:53,6.611
1261,5/11/2017 7:54,6.56
1262,5/11/2017 7:55,6.509
1263,5/11/2017 7:56,6.484
1264,5/11/2017 7:57,6.484
1265,5/11/2017 7:58,6.484
1266,5/11/2017 7:59,6.484
1267,5/11/2017 8:00,6.484
1268,5/11/2017 8:01,6.484
1269,5/11/2017 8:02,6.484
1270,5/11/2017 8:03,6.458
1271,5/11/2017 8:04,6.484
1272,5/11/2017 8:05,6.458
1273,5/11/2017 8:06,6.458
1274,5/11/2017 8:07,6.458
1275,5/11/2017 8:08,6.458
1276,5/11/2017 8:09,6.458
1277,5/11/2017 8:10,6.458
1278,5/11/2017 8:11,6.458
1279,5/11/2017 8:12,6.458
1280,5/11/2017 8:13,6.458
1281,5/11/2017 8:14,6.458
1282,5/11/2017 8:15,6.458
1283,5/11/2017 8:16,6.458
1284,5/11/2017 8:17,6.458
1285,5/11/2017 8:18,6.458
1286,5/11/2017 8:19,6.458
1287,5/11/2017 8:20,6.458
1288,5/11/2017 8:21,6.458
1289,5/11/2017 8:22,6.458
1290,5/11/2017 8:23,6.458
1291,5/11/2017 8:24,6.458
1292,5/11/2017 8:25,6.458
1293,5/11/2017 8:26,6.458
1294,5/11/2017 8:27,6.458
1295,5/11/2017 8:28,6.458
1296,5/11/2017 8:29,6.585
1297,5/11/2017 8:30,6.914
1298,5/11/2017 8:31,7.041
1299,5/11/2017 8:32,7.142
1300,5/11/2017 8:33,7.293
1301,5/11/2017 8:34,7.444
1302,5/11/2017 8:35,7.519
1303,5/11/2017 8:36,7.519
1304,5/11/2017 8:37,7.544
1305,5/11/2017 8:38,7.594
1306,5/11/2017 8:39,7.67
1307,5/11/2017 8:40,7.745
1308,5/11/2017 8:41,7.795
1309,5/11/2017 8:42,7.82
1310,5/11/2017 8:43,7.845
1311,5/11/2017 8:44,7.895
1312,5/11/2017 8:45,7.895
1313,5/11/2017 8:46,7.945
1314,5/11/2017 8:47,8.02
1315,5/11/2017 8:48,8.12
1316,5/11/2017 8:49,8.22
1317,5/11/2017 8:50,8.27
1318,5/11/2017 8:51,8.27
1319,5/11/2017 8:52,8.344
1320,5/11/2017 8:53,8.469
1321,5/11/2017 8:54,8.593
1322,5/11/2017 8:55,8.668
1323,5/11/2017 8:56,8.693
1324,5/11/2017 8:57,8.717
1325,5/11/2017 8:58,8.767
1326,5/11/2017 8:59,8.767
1327,5/11/2017 9:00,8.767
1328,5/11/2017 9:01,8.717
1329,5/11/2017 9:02,8.767
1330,5/11/2017 9:03,8.891
1331,5/11/2017 9:04,8.866
1332,5/11/2017 9:05,8.866
1333,5/11/2017 9:06,8.866
1334,5/11/2017 9:07,8.916
1335,5/11/2017 9:08,8.916
1336,5/11/2017 9:09,8.866
1337,5/11/2017 9:10,8.965
1338,5/11/2017 9:11,9.015
1339,5/11/2017 9:12,9.114
1340,5/11/2017 9:13,9.089
1341,5/11/2017 9:14,9.089
1342,5/11/2017 9:15,9.139
1343,5/11/2017 9:16,9.188
1344,5/11/2017 9:17,9.188
1345,5/11/2017 9:18,9.114
1346,5/11/2017 9:19,9.188
1347,5/11/2017 9:20,9.188
1348,5/11/2017 9:21,9.262
1349,5/11/2017 9:22,9.262
1350,5/11/2017 9:23,9.312
1351,5/11/2017 9:24,9.336
1352,5/11/2017 9:25,9.336
1353,5/11/2017 9:26,9.312
1354,5/11/2017 9:27,9.238
1355,5/11/2017 9:28,9.213
1356,5/11/2017 9:29,9.188
1357,5/11/2017 9:30,9.213
1358,5/11/2017 9:31,9.139
1359,5/11/2017 9:32,9.064
1360,5/11/2017 9:33,8.965
1361,5/11/2017 9:34,8.841
1362,5/11/2017 9:35,8.767
1363,5/11/2017 9:36,8.668
1364,5/11/2017 9:37,8.593
1365,5/11/2017 9:38,8.717
1366,5/11/2017 9:39,8.618
1367,5/11/2017 9:40,8.469
1368,5/11/2017 9:41,8.319
1369,5/11/2017 9:42,8.245
1370,5/11/2017 9:43,8.145
1371,5/11/2017 9:44,8.07
1372,5/11/2017 9:45,8.02
1373,5/11/2017 9:46,7.97
1374,5/11/2017 9:47,7.92
1375,5/11/2017 9:48,7.92
1376,5/11/2017 9:49,7.895
1377,5/11/2017 9:50,7.895
1378,5/11/2017 9:51,7.845
1379,5/11/2017 9:52,7.87
1380,5/11/2017 9:53,7.92
1381,5/11/2017 9:54,7.97
1382,5/11/2017 9:55,7.97
1383,5/11/2017 9:56,7.795
1384,5/11/2017 9:57,7.745
1385,5/11/2017 9:58,7.645
1386,5/11/2017 9:59,7.594
1387,5/11/2017 10:00,7.419
1388,5/11/2017 10:01,7.293
1389,5/11/2017 10:02,7.015
1390,5/11/2017 10:03,6.864
1391,5/11/2017 10:04,6.788
1392,5/11/2017 10:05,6.737
1393,5/11/2017 10:06,6.737
1394,5/11/2017 10:07,6.712
1395,5/11/2017 10:08,6.712
1396,5/11/2017 10:09,6.712
1397,5/11/2017 10:10,6.712
1398,5/11/2017 10:11,6.712
1399,5/11/2017 10:12,6.712
1400,5/11/2017 10:13,6.712
1401,5/11/2017 10:14,6.687
1402,5/11/2017 10:15,6.687
1403,5/11/2017 10:16,6.687
1404,5/11/2017 10:17,6.687
1405,5/11/2017 10:18,6.687
1406,5/11/2017 10:19,6.687
1407,5/11/2017 10:20,6.687
1408,5/11/2017 10:21,6.636
1409,5/11/2017 10:22,6.611
1410,5/11/2017 10:23,6.611
1411,5/11/2017 10:24,6.611
1412,5/11/2017 10:25,6.611
1413,5/11/2017 10:26,6.611
1414,5/11/2017 10:27,6.585
1415,5/11/2017 10:28,6.56
1416,5/11/2017 10:29,6.56
1417,5/11/2017 10:30,6.56
1418,5/11/2017 10:31,6.56
1419,5/11/2017 10:32,6.535
1420,5/11/2017 10:33,6.535
1421,5/11/2017 10:34,6.535
1422,5/11/2017 10:35,6.535
1423,5/11/2017 10:36,6.509
1424,5/11/2017 10:37,6.509
1425,5/11/2017 10:38,6.712
1426,5/11/2017 10:39,6.99
1427,5/11/2017 10:40,7.217
1428,5/11/2017 10:41,7.494
1429,5/11/2017 10:42,7.594
1430,5/11/2017 10:43,7.645
1431,5/11/2017 10:44,7.67
1432,5/11/2017 10:45,7.67
1433,5/11/2017 10:46,7.695
1434,5/11/2017 10:47,7.695
1435,5/11/2017 10:48,7.895
1436,5/11/2017 10:49,8.145
1437,5/11/2017 10:50,8.27
1438,5/11/2017 10:51,8.344
1439,5/11/2017 10:52,8.394
1440,5/11/2017 10:53,8.419
1441,5/11/2017 10:54,8.494
1442,5/11/2017 10:55,8.618
1443,5/11/2017 10:56,8.841
1444,5/11/2017 10:57,9.46
1445,5/11/2017 10:58,10.565
1446,5/11/2017 10:59,11.419
1447,5/11/2017 11:00,11.297
1448,5/11/2017 11:01,11.613
1449,5/11/2017 11:02,11.904
1450,5/11/2017 11:03,11.419
1451,5/11/2017 11:04,10.834
1452,5/11/2017 11:05,10.883
1453,5/11/2017 11:06,10.026
1454,5/11/2017 11:07,8.817
1455,5/11/2017 11:08,8.22
1456,5/11/2017 11:09,7.67
1457,5/11/2017 11:10,7.343
1458,5/11/2017 11:11,7.167
1459,5/11/2017 11:12,6.99
1460,5/11/2017 11:13,6.763
1461,5/11/2017 11:14,6.636
1462,5/11/2017 11:15,6.56
1463,5/11/2017 11:16,6.509
1464,5/11/2017 11:17,6.484
1465,5/11/2017 11:18,6.484
1466,5/11/2017 11:19,6.484
1467,5/11/2017 11:20,6.458
1468,5/11/2017 11:21,6.458
1469,5/11/2017 11:22,6.458
1470,5/11/2017 11:23,6.458
1471,5/11/2017 11:24,6.458
1472,5/11/2017 11:25,6.458
1473,5/11/2017 11:26,6.484
1474,5/11/2017 11:27,6.484
1475,5/11/2017 11:28,6.484
1476,5/11/2017 11:29,6.484
1477,5/11/2017 11:30,6.484
1478,5/11/2017 11:31,6.484
1479,5/11/2017 11:32,6.484
1480,5/11/2017 11:33,6.484
1481,5/11/2017 11:34,6.484
1482,5/11/2017 11:35,6.484
1483,5/11/2017 11:36,6.484
1484,5/11/2017 11:37,6.509
1485,5/11/2017 11:38,6.509
1486,5/11/2017 11:39,6.509
1487,5/11/2017 11:40,6.509
1488,5/11/2017 11:41,6.509
1489,5/11/2017 11:42,6.509
1490,5/11/2017 11:43,6.509
1491,5/11/2017 11:44,6.509
1492,5/11/2017 11:45,6.509
1493,5/11/2017 11:46,6.509
1494,5/11/2017 11:47,6.509
1495,5/11/2017 11:48,6.535
1496,5/11/2017 11:49,6.535
1497,5/11/2017 11:50,6.535
1498,5/11/2017 11:51,6.813
1499,5/11/2017 11:52,6.965
1500,5/11/2017 11:53,7.393
1501,5/11/2017 11:54,7.569
1502,5/11/2017 11:55,7.67
1503,5/11/2017 11:56,7.87
1504,5/11/2017 11:57,7.895
1505,5/11/2017 11:58,7.97
1506,5/11/2017 11:59,8.07
1507,5/11/2017 12:00,8.145
1508,5/11/2017 12:01,8.17
1509,5/11/2017 12:02,8.245
1510,5/11/2017 12:03,8.344
1511,5/11/2017 12:04,8.444
1512,5/11/2017 12:05,8.543
1513,5/11/2017 12:06,8.618
1514,5/11/2017 12:07,8.668
1515,5/11/2017 12:08,8.717
1516,5/11/2017 12:09,8.767
1517,5/11/2017 12:10,8.817
1518,5/11/2017 12:11,8.866
1519,5/11/2017 12:12,8.891
1520,5/11/2017 12:13,8.941
1521,5/11/2017 12:14,9.238
1522,5/11/2017 12:15,9.558
1523,5/11/2017 12:16,9.361
1524,5/11/2017 12:17,8.519
1525,5/11/2017 12:18,8.045
1526,5/11/2017 12:19,7.569
1527,5/11/2017 12:20,7.293
1528,5/11/2017 12:21,7.142
1529,5/11/2017 12:22,6.965
1530,5/11/2017 12:23,6.56
1531,5/11/2017 12:24,6.331
1532,5/11/2017 12:25,6.23
1533,5/11/2017 12:26,6.179
1534,5/11/2017 12:27,6.153
1535,5/11/2017 12:28,6.128
1536,5/11/2017 12:29,6.128
1537,5/11/2017 12:30,6.128
1538,5/11/2017 12:31,6.128
1539,5/11/2017 12:32,6.128
1540,5/11/2017 12:33,6.128
1541,5/11/2017 12:34,6.128
1542,5/11/2017 12:35,6.128
1543,5/11/2017 12:36,6.128
1544,5/11/2017 12:37,6.128
1545,5/11/2017 12:38,6.128
1546,5/11/2017 12:39,6.128
1547,5/11/2017 12:40,6.128
1548,5/11/2017 12:41,6.128
1549,5/11/2017 12:42,6.128
1550,5/11/2017 12:43,6.128
1551,5/11/2017 12:44,6.128
1552,5/11/2017 12:45,6.128
1553,5/11/2017 12:46,6.128
1554,5/11/2017 12:47,6.128
1555,5/11/2017 12:48,6.128
1556,5/11/2017 12:49,6.153
1557,5/11/2017 12:50,6.153
1558,5/11/2017 12:51,6.153
1559,5/11/2017 12:52,6.153
1560,5/11/2017 12:53,6.153
1561,5/11/2017 12:54,6.153
1562,5/11/2017 12:55,6.153
1563,5/11/2017 12:56,6.179
1564,5/11/2017 12:57,6.179
1565,5/11/2017 12:58,6.179
1566,5/11/2017 12:59,6.179
1567,5/11/2017 13:00,6.204
1568,5/11/2017 13:01,6.204
1569,5/11/2017 13:02,6.611
1570,5/11/2017 13:03,6.889
1571,5/11/2017 13:04,7.393
1572,5/11/2017 13:05,7.619
1573,5/11/2017 13:06,7.695
1574,5/11/2017 13:07,7.77
1575,5/11/2017 13:08,7.77
1576,5/11/2017 13:09,7.82
1577,5/11/2017 13:10,8.12
1578,5/11/2017 13:11,8.394
1579,5/11/2017 13:12,8.618
1580,5/11/2017 13:13,8.792
1581,5/11/2017 13:14,8.965
1582,5/11/2017 13:15,9.114
1583,5/11/2017 13:16,9.238
1584,5/11/2017 13:17,9.336
1585,5/11/2017 13:18,9.435
1586,5/11/2017 13:19,9.534
1587,5/11/2017 13:20,9.608
1588,5/11/2017 13:21,9.706
1589,5/11/2017 13:22,9.731
1590,5/11/2017 13:23,9.756
1591,5/11/2017 13:24,9.731
1592,5/11/2017 13:25,10.271
1593,5/11/2017 13:26,11.613
1594,5/11/2017 13:27,12.05
1595,5/11/2017 13:28,12.147
1596,5/11/2017 13:29,9.756
1597,5/11/2017 13:30,8.742
1598,5/11/2017 13:31,7.92
1599,5/11/2017 13:32,7.469
1600,5/11/2017 13:33,7.242
1601,5/11/2017 13:34,7.066
1602,5/11/2017 13:35,6.737
1603,5/11/2017 13:36,6.484
1604,5/11/2017 13:37,6.357
1605,5/11/2017 13:38,6.255
1606,5/11/2017 13:39,6.23
1607,5/11/2017 13:40,6.204
1608,5/11/2017 13:41,6.179
1609,5/11/2017 13:42,6.179
1610,5/11/2017 13:43,6.179
1611,5/11/2017 13:44,6.179
1612,5/11/2017 13:45,6.179
1613,5/11/2017 13:46,6.179
1614,5/11/2017 13:47,6.179
1615,5/11/2017 13:48,6.179
1616,5/11/2017 13:49,6.179
1617,5/11/2017 13:50,6.204
1618,5/11/2017 13:51,6.204
1619,5/11/2017 13:52,6.204
1620,5/11/2017 13:53,6.204
1621,5/11/2017 13:54,6.23
1622,5/11/2017 13:55,6.23
1623,5/11/2017 13:56,6.23
1624,5/11/2017 13:57,6.23
1625,5/11/2017 13:58,6.255
1626,5/11/2017 13:59,6.255
1627,5/11/2017 14:00,6.255
1628,5/11/2017 14:01,6.255
1629,5/11/2017 14:02,6.255
1630,5/11/2017 14:03,6.255
1631,5/11/2017 14:04,6.255
1632,5/11/2017 14:05,6.255
1633,5/11/2017 14:06,6.255
1634,5/11/2017 14:07,6.255
1635,5/11/2017 14:08,6.255
1636,5/11/2017 14:09,6.255
1637,5/11/2017 14:10,6.281
1638,5/11/2017 14:11,6.281
1639,5/11/2017 14:12,6.281
1640,5/11/2017 14:13,6.281
1641,5/11/2017 14:14,6.281
1642,5/11/2017 14:15,6.281
1643,5/11/2017 14:16,6.281
1644,5/11/2017 14:17,6.281
1645,5/11/2017 14:18,6.281
1646,5/11/2017 14:19,6.281
1647,5/11/2017 14:20,6.306
1648,5/11/2017 14:21,6.661
1649,5/11/2017 14:22,6.914
1650,5/11/2017 14:23,7.419
1651,5/11/2017 14:24,7.645
1652,5/11/2017 14:25,7.995
1653,5/11/2017 14:26,8.07
1654,5/11/2017 14:27,8.22
1655,5/11/2017 14:28,8.419
1656,5/11/2017 14:29,8.593
1657,5/11/2017 14:30,8.742
1658,5/11/2017 14:31,8.841
1659,5/11/2017 14:32,8.916
1660,5/11/2017 14:33,8.965
1661,5/11/2017 14:34,9.015
1662,5/11/2017 14:35,9.064
1663,5/11/2017 14:36,9.163
1664,5/11/2017 14:37,9.188
1665,5/11/2017 14:38,9.213
1666,5/11/2017 14:39,9.262
1667,5/11/2017 14:40,9.262
1668,5/11/2017 14:41,9.262
1669,5/11/2017 14:42,9.262
1670,5/11/2017 14:43,9.287
1671,5/11/2017 14:44,9.287
1672,5/11/2017 14:45,9.238
1673,5/11/2017 14:46,9.41
1674,5/11/2017 14:47,9.509
1675,5/11/2017 14:48,9.509
1676,5/11/2017 14:49,8.693
1677,5/11/2017 14:50,8.195
1678,5/11/2017 14:51,7.795
1679,5/11/2017 14:52,7.368
1680,5/11/2017 14:53,7.167
1681,5/11/2017 14:54,6.99
1682,5/11/2017 14:55,6.611
1683,5/11/2017 14:56,6.382
1684,5/11/2017 14:57,6.255
1685,5/11/2017 14:58,6.204
1686,5/11/2017 14:59,6.179
1687,5/11/2017 15:00,6.153
1688,5/11/2017 15:01,6.153
1689,5/11/2017 15:02,6.128
1690,5/11/2017 15:03,6.128
1691,5/11/2017 15:04,6.128
1692,5/11/2017 15:05,6.128
1693,5/11/2017 15:06,6.128
1694,5/11/2017 15:07,6.128
1695,5/11/2017 15:08,6.128
1696,5/11/2017 15:09,6.128
1697,5/11/2017 15:10,6.128
1698,5/11/2017 15:11,6.128
1699,5/11/2017 15:12,6.128
1700,5/11/2017 15:13,6.128
1701,5/11/2017 15:14,6.128
1702,5/11/2017 15:15,6.128
1703,5/11/2017 15:16,6.128
1704,5/11/2017 15:17,6.128
1705,5/11/2017 15:18,6.128
1706,5/11/2017 15:19,6.128
1707,5/11/2017 15:20,6.128
1708,5/11/2017 15:21,6.128
1709,5/11/2017 15:22,6.128
1710,5/11/2017 15:23,6.128
1711,5/11/2017 15:24,6.102
1712,5/11/2017 15:25,6.102
1713,5/11/2017 15:26,6.102
1714,5/11/2017 15:27,6.102
1715,5/11/2017 15:28,6.102
1716,5/11/2017 15:29,6.102
1717,5/11/2017 15:30,6.077
1718,5/11/2017 15:31,6.128
1719,5/11/2017 15:32,6.509
1720,5/11/2017 15:33,6.737
1721,5/11/2017 15:34,7.217
1722,5/11/2017 15:35,7.519
1723,5/11/2017 15:36,7.619
1724,5/11/2017 15:37,7.845
1725,5/11/2017 15:38,8.27
1726,5/11/2017 15:39,8.618
1727,5/11/2017 15:40,8.618
1728,5/11/2017 15:41,8.717
1729,5/11/2017 15:42,8.817
1730,5/11/2017 15:43,8.891
1731,5/11/2017 15:44,8.965
1732,5/11/2017 15:45,9.015
1733,5/11/2017 15:46,9.04
1734,5/11/2017 15:47,9.064
1735,5/11/2017 15:48,9.139
1736,5/11/2017 15:49,9.188
1737,5/11/2017 15:50,9.238
1738,5/11/2017 15:51,9.287
1739,5/11/2017 15:52,9.336
1740,5/11/2017 15:53,9.361
1741,5/11/2017 15:54,9.361
1742,5/11/2017 15:55,9.361
1743,5/11/2017 15:56,9.41
1744,5/11/2017 15:57,9.435
1745,5/11/2017 15:58,9.485
1746,5/11/2017 15:59,9.485
1747,5/11/2017 16:00,9.509
1748,5/11/2017 16:01,9.485
1749,5/11/2017 16:02,9.485
1750,5/11/2017 16:03,9.485
1751,5/11/2017 16:04,9.534
1752,5/11/2017 16:05,9.485
1753,5/11/2017 16:06,9.336
1754,5/11/2017 16:07,9.336
1755,5/11/2017 16:08,9.238
1756,5/11/2017 16:09,8.841
1757,5/11/2017 16:10,8.22
1758,5/11/2017 16:11,7.845
1759,5/11/2017 16:12,7.469
1760,5/11/2017 16:13,7.217
1761,5/11/2017 16:14,7.041
1762,5/11/2017 16:15,6.965
1763,5/11/2017 16:16,6.914
1764,5/11/2017 16:17,6.889
1765,5/11/2017 16:18,6.889
1766,5/11/2017 16:19,6.864
1767,5/11/2017 16:20,6.864
1768,5/11/2017 16:21,6.864
1769,5/11/2017 16:22,6.864
1770,5/11/2017 16:23,6.839
1771,5/11/2017 16:24,6.839
1772,5/11/2017 16:25,6.839
1773,5/11/2017 16:26,6.839
1774,5/11/2017 16:27,6.813
1775,5/11/2017 16:28,6.839
1776,5/11/2017 16:29,6.813
1777,5/11/2017 16:30,6.813
1778,5/11/2017 16:31,6.813
1779,5/11/2017 16:32,6.813
1780,5/11/2017 16:33,6.813
1781,5/11/2017 16:34,6.813
1782,5/11/2017 16:35,6.813
1783,5/11/2017 16:36,6.813
1784,5/11/2017 16:37,6.813
1785,5/11/2017 16:38,6.813
1786,5/11/2017 16:39,6.813
1787,5/11/2017 16:40,6.813
1788,5/11/2017 16:41,6.813
1789,5/11/2017 16:42,6.813
1790,5/11/2017 16:43,6.813
1791,5/11/2017 16:44,6.813
1792,5/11/2017 16:45,6.813
1793,5/11/2017 16:46,6.813
1794,5/11/2017 16:47,6.813
1795,5/11/2017 16:48,6.813
1796,5/11/2017 16:49,6.788
1797,5/11/2017 16:50,6.788
1798,5/11/2017 16:51,6.788
1799,5/11/2017 16:52,6.788
1800,5/11/2017 16:53,6.788
1801,5/11/2017 16:54,6.788
1802,5/11/2017 16:55,6.788
1803,5/11/2017 16:56,6.788
1804,5/11/2017 16:57,6.813
1805,5/11/2017 16:58,6.889
1806,5/11/2017 16:59,7.217
1807,5/11/2017 17:00,7.469
1808,5/11/2017 17:01,7.544
1809,5/11/2017 17:02,7.594
1810,5/11/2017 17:03,7.97
1811,5/11/2017 17:04,7.995
1812,5/11/2017 17:05,8.02
1813,5/11/2017 17:06,8.12
1814,5/11/2017 17:07,8.17
1815,5/11/2017 17:08,8.095
1816,5/11/2017 17:09,8.045
1817,5/11/2017 17:10,8.02
1818,5/11/2017 17:11,7.995
1819,5/11/2017 17:12,7.995
1820,5/11/2017 17:13,7.97
1821,5/11/2017 17:14,7.895
1822,5/11/2017 17:15,7.845
1823,5/11/2017 17:16,7.82
1824,5/11/2017 17:17,7.795
1825,5/11/2017 17:18,7.745
1826,5/11/2017 17:19,7.695
1827,5/11/2017 17:20,7.569
1828,5/11/2017 17:21,7.368
1829,5/11/2017 17:22,7.116
1830,5/11/2017 17:23,6.99
1831,5/11/2017 17:24,6.839
1832,5/11/2017 17:25,6.763
1833,5/11/2017 17:26,6.737
1834,5/11/2017 17:27,6.712
1835,5/11/2017 17:28,6.712
1836,5/11/2017 17:29,6.712
1837,5/11/2017 17:30,6.687
1838,5/11/2017 17:31,6.687
1839,5/11/2017 17:32,6.687
1840,5/11/2017 17:33,6.687
1841,5/11/2017 17:34,6.687
1842,5/11/2017 17:35,6.788
1843,5/11/2017 17:36,6.813
1844,5/11/2017 17:37,6.839
1845,5/11/2017 17:38,6.763
1846,5/11/2017 17:39,6.737
1847,5/11/2017 17:40,6.712
1848,5/11/2017 17:41,6.712
1849,5/11/2017 17:42,6.712
1850,5/11/2017 17:43,6.712
1851,5/11/2017 17:44,6.712
1852,5/11/2017 17:45,6.737
1853,5/11/2017 17:46,6.737
1854,5/11/2017 17:47,6.737
1855,5/11/2017 17:48,6.737
1856,5/11/2017 17:49,6.737
1857,5/11/2017 17:50,6.737
1858,5/11/2017 17:51,6.737
1859,5/11/2017 17:52,6.737
1860,5/11/2017 17:53,6.737
1861,5/11/2017 17:54,6.737
1862,5/11/2017 17:55,6.737
1863,5/11/2017 17:56,6.737
1864,5/11/2017 17:57,6.737
1865,5/11/2017 17:58,6.737
1866,5/11/2017 17:59,6.737
1867,5/11/2017 18:00,6.737
1868,5/11/2017 18:01,6.737
1869,5/11/2017 18:02,6.763
1870,5/11/2017 18:03,6.763
1871,5/11/2017 18:04,6.763
1872,5/11/2017 18:05,6.763
1873,5/11/2017 18:06,6.763
1874,5/11/2017 18:07,6.788
1875,5/11/2017 18:08,6.763
1876,5/11/2017 18:09,6.763
1877,5/11/2017 18:10,6.788
1878,5/11/2017 18:11,6.788
1879,5/11/2017 18:12,6.788
1880,5/11/2017 18:13,6.788
1881,5/11/2017 18:14,6.813
1882,5/11/2017 18:15,6.914
1883,5/11/2017 18:16,7.217
1884,5/11/2017 18:17,7.419
1885,5/11/2017 18:18,7.519
1886,5/11/2017 18:19,7.544
1887,5/11/2017 18:20,7.569
1888,5/11/2017 18:21,7.544
1889,5/11/2017 18:22,7.569
1890,5/11/2017 18:23,7.594
1891,5/11/2017 18:24,7.619
1892,5/11/2017 18:25,7.645
1893,5/11/2017 18:26,7.67
1894,5/11/2017 18:27,7.72
1895,5/11/2017 18:28,7.77
1896,5/11/2017 18:29,7.82
1897,5/11/2017 18:30,7.845
1898,5/11/2017 18:31,7.845
1899,5/11/2017 18:32,7.87
1900,5/11/2017 18:33,7.87
1901,5/11/2017 18:34,7.87
1902,5/11/2017 18:35,7.87
1903,5/11/2017 18:36,7.87
1904,5/11/2017 18:37,7.87
1905,5/11/2017 18:38,7.87
1906,5/11/2017 18:39,7.87
1907,5/11/2017 18:40,7.87
1908,5/11/2017 18:41,7.845
1909,5/11/2017 18:42,7.845
1910,5/11/2017 18:43,7.82
1911,5/11/2017 18:44,7.795
1912,5/11/2017 18:45,7.795
1913,5/11/2017 18:46,7.77
1914,5/11/2017 18:47,7.77
1915,5/11/2017 18:48,7.77
1916,5/11/2017 18:49,7.77
1917,5/11/2017 18:50,7.77
1918,5/11/2017 18:51,7.77
1919,5/11/2017 18:52,7.77
1920,5/11/2017 18:53,7.77
1921,5/11/2017 18:54,7.745
1922,5/11/2017 18:55,7.745
1923,5/11/2017 18:56,7.745
1924,5/11/2017 18:57,7.72
1925,5/11/2017 18:58,7.72
1926,5/11/2017 18:59,7.72
1927,5/11/2017 19:00,7.67
1928,5/11/2017 19:01,7.619
1929,5/11/2017 19:02,7.645
1930,5/11/2017 19:03,7.67
1931,5/11/2017 19:04,7.594
1932,5/11/2017 19:05,7.569
1933,5/11/2017 19:06,7.569
1934,5/11/2017 19:07,7.569
1935,5/11/2017 19:08,7.72
1936,5/11/2017 19:09,7.695
1937,5/11/2017 19:10,7.695
1938,5/11/2017 19:11,7.795
1939,5/11/2017 19:12,7.72
1940,5/11/2017 19:13,7.67
1941,5/11/2017 19:14,7.594
1942,5/11/2017 19:15,7.268
1943,5/11/2017 19:16,6.965
1944,5/11/2017 19:17,6.788
1945,5/11/2017 19:18,6.687
1946,5/11/2017 19:19,6.56
1947,5/11/2017 19:20,6.433
1948,5/11/2017 19:21,6.382
1949,5/11/2017 19:22,6.357
1950,5/11/2017 19:23,6.306
1951,5/11/2017 19:24,6.357
1952,5/11/2017 19:25,6.433
1953,5/11/2017 19:26,6.458
1954,5/11/2017 19:27,6.408
1955,5/11/2017 19:28,6.357
1956,5/11/2017 19:29,6.331
1957,5/11/2017 19:30,6.331
1958,5/11/2017 19:31,6.331
1959,5/11/2017 19:32,6.331
1960,5/11/2017 19:33,6.331
1961,5/11/2017 19:34,6.331
1962,5/11/2017 19:35,6.331
1963,5/11/2017 19:36,6.331
1964,5/11/2017 19:37,6.331
1965,5/11/2017 19:38,6.306
1966,5/11/2017 19:39,6.306
1967,5/11/2017 19:40,6.306
1968,5/11/2017 19:41,6.306
1969,5/11/2017 19:42,6.306
1970,5/11/2017 19:43,6.306
1971,5/11/2017 19:44,6.306
1972,5/11/2017 19:45,6.306
1973,5/11/2017 19:46,6.306
1974,5/11/2017 19:47,6.306
1975,5/11/2017 19:48,6.306
1976,5/11/2017 19:49,6.306
1977,5/11/2017 19:50,6.306
1978,5/11/2017 19:51,6.306
1979,5/11/2017 19:52,6.306
1980,5/11/2017 19:53,6.306
1981,5/11/2017 19:54,6.306
1982,5/11/2017 19:55,6.306
1983,5/11/2017 19:56,6.306
1984,5/11/2017 19:57,6.306
1985,5/11/2017 19:58,6.306
1986,5/11/2017 19:59,6.306
1987,5/11/2017 20:00,6.306
1988,5/11/2017 20:01,6.306
1989,5/11/2017 20:02,6.306
1990,5/11/2017 20:03,6.408
1991,5/11/2017 20:04,6.458
1992,5/11/2017 20:05,6.585
1993,5/11/2017 20:06,6.712
1994,5/11/2017 20:07,7.167
1995,5/11/2017 20:08,7.343
1996,5/11/2017 20:09,7.419
1997,5/11/2017 20:10,7.469
1998,5/11/2017 20:11,7.393
1999,5/11/2017 20:12,7.368
2000,5/11/2017 20:13,7.393
2001,5/11/2017 20:14,7.368
2002,5/11/2017 20:15,7.368
2003,5/11/2017 20:16,7.368
2004,5/11/2017 20:17,7.343
2005,5/11/2017 20:18,7.343
2006,5/11/2017 20:19,7.368
2007,5/11/2017 20:20,7.318
2008,5/11/2017 20:21,7.268
2009,5/11/2017 20:22,7.242
2010,5/11/2017 20:23,7.217
2011,5/11/2017 20:24,7.242
2012,5/11/2017 20:25,7.217
2013,5/11/2017 20:26,7.217
2014,5/11/2017 20:27,7.192
2015,5/11/2017 20:28,7.167
2016,5/11/2017 20:29,7.167
2017,5/11/2017 20:30,7.167
2018,5/11/2017 20:31,7.167
2019,5/11/2017 20:32,7.167
2020,5/11/2017 20:33,7.167
2021,5/11/2017 20:34,7.167
2022,5/11/2017 20:35,7.192
2023,5/11/2017 20:36,7.192
2024,5/11/2017 20:37,7.167
2025,5/11/2017 20:38,7.167
2026,5/11/2017 20:39,7.167
2027,5/11/2017 20:40,7.192
2028,5/11/2017 20:41,7.167
2029,5/11/2017 20:42,7.167
2030,5/11/2017 20:43,7.167
2031,5/11/2017 20:44,7.116
2032,5/11/2017 20:45,7.116
2033,5/11/2017 20:46,7.091
2034,5/11/2017 20:47,7.091
2035,5/11/2017 20:48,7.091
2036,5/11/2017 20:49,7.066
2037,5/11/2017 20:50,7.066
2038,5/11/2017 20:51,7.015
2039,5/11/2017 20:52,6.99
2040,5/11/2017 20:53,6.99
2041,5/11/2017 20:54,7.015
2042,5/11/2017 20:55,7.015
2043,5/11/2017 20:56,7.015
2044,5/11/2017 20:57,7.066
2045,5/11/2017 20:58,7.066
2046,5/11/2017 20:59,7.066
2047,5/11/2017 21:00,7.116
2048,5/11/2017 21:01,7.116
2049,5/11/2017 21:02,7.091
2050,5/11/2017 21:03,7.091
2051,5/11/2017 21:04,7.091
2052,5/11/2017 21:05,7.091
2053,5/11/2017 21:06,7.091
2054,5/11/2017 21:07,7.091
2055,5/11/2017 21:08,7.091
2056,5/11/2017 21:09,7.091
2057,5/11/2017 21:10,7.091
2058,5/11/2017 21:11,7.066
2059,5/11/2017 21:12,7.041
2060,5/11/2017 21:13,7.015
2061,5/11/2017 21:14,7.015
2062,5/11/2017 21:15,7.015
2063,5/11/2017 21:16,7.041
2064,5/11/2017 21:17,7.041
2065,5/11/2017 21:18,7.015
2066,5/11/2017 21:19,6.99
2067,5/11/2017 21:20,6.99
2068,5/11/2017 21:21,6.99
2069,5/11/2017 21:22,6.965
2070,5/11/2017 21:23,6.965
2071,5/11/2017 21:24,6.94
2072,5/11/2017 21:25,6.914
2073,5/11/2017 21:26,6.889
2074,5/11/2017 21:27,6.914
2075,5/11/2017 21:28,6.889
2076,5/11/2017 21:29,6.914
2077,5/11/2017 21:30,6.889
2078,5/11/2017 21:31,6.889
2079,5/11/2017 21:32,6.914
2080,5/11/2017 21:33,6.914
2081,5/11/2017 21:34,6.889
2082,5/11/2017 21:35,6.839
2083,5/11/2017 21:36,6.788
2084,5/11/2017 21:37,6.763
2085,5/11/2017 21:38,6.763
2086,5/11/2017 21:39,6.763
2087,5/11/2017 21:40,6.763
2088,5/11/2017 21:41,6.788
2089,5/11/2017 21:42,6.813
2090,5/11/2017 21:43,6.839
2091,5/11/2017 21:44,6.864
2092,5/11/2017 21:45,6.839
2093,5/11/2017 21:46,6.839
2094,5/11/2017 21:47,6.839
2095,5/11/2017 21:48,6.813
2096,5/11/2017 21:49,6.813
2097,5/11/2017 21:50,6.763
2098,5/11/2017 21:51,6.737
2099,5/11/2017 21:52,6.737
2100,5/11/2017 21:53,6.712
2101,5/11/2017 21:54,6.687
2102,5/11/2017 21:55,6.687
2103,5/11/2017 21:56,6.687
2104,5/11/2017 21:57,6.712
2105,5/11/2017 21:58,6.712
2106,5/11/2017 21:59,6.712
2107,5/11/2017 22:00,6.737
2108,5/11/2017 22:01,6.737
2109,5/11/2017 22:02,6.737
2110,5/11/2017 22:03,6.737
2111,5/11/2017 22:04,6.737
2112,5/11/2017 22:05,6.661
2113,5/11/2017 22:06,6.687
2114,5/11/2017 22:07,6.737
2115,5/11/2017 22:08,6.763
2116,5/11/2017 22:09,6.763
2117,5/11/2017 22:10,6.788
2118,5/11/2017 22:11,6.813
2119,5/11/2017 22:12,6.788
2120,5/11/2017 22:13,6.788
2121,5/11/2017 22:14,6.788
2122,5/11/2017 22:15,6.763
2123,5/11/2017 22:16,6.763
2124,5/11/2017 22:17,6.763
2125,5/11/2017 22:18,6.763
2126,5/11/2017 22:19,6.737
2127,5/11/2017 22:20,6.737
2128,5/11/2017 22:21,6.737
2129,5/11/2017 22:22,6.712
2130,5/11/2017 22:23,6.687
2131,5/11/2017 22:24,6.661
2132,5/11/2017 22:25,6.687
2133,5/11/2017 22:26,6.687
2134,5/11/2017 22:27,6.687
2135,5/11/2017 22:28,6.661
2136,5/11/2017 22:29,6.687
2137,5/11/2017 22:30,6.687
2138,5/11/2017 22:31,6.687
2139,5/11/2017 22:32,6.687
2140,5/11/2017 22:33,6.712
2141,5/11/2017 22:34,6.712
2142,5/11/2017 22:35,6.712
2143,5/11/2017 22:36,6.712
2144,5/11/2017 22:37,6.712
2145,5/11/2017 22:38,6.712
2146,5/11/2017 22:39,6.687
2147,5/11/2017 22:40,6.712
2148,5/11/2017 22:41,6.712
2149,5/11/2017 22:42,6.712
2150,5/11/2017 22:43,6.687
2151,5/11/2017 22:44,6.687
2152,5/11/2017 22:45,6.687
2153,5/11/2017 22:46,6.687
2154,5/11/2017 22:47,6.661
2155,5/11/2017 22:48,6.661
2156,5/11/2017 22:49,6.661
2157,5/11/2017 22:50,6.661
2158,5/11/2017 22:51,6.636
2159,5/11/2017 22:52,6.636
2160,5/11/2017 22:53,6.661
2161,5/11/2017 22:54,6.661
2162,5/11/2017 22:55,6.661
2163,5/11/2017 22:56,6.661
2164,5/11/2017 22:57,6.661
2165,5/11/2017 22:58,6.661
2166,5/11/2017 22:59,6.636
2167,5/11/2017 23:00,6.636
2168,5/11/2017 23:01,6.636
2169,5/11/2017 23:02,6.661
2170,5/11/2017 23:03,6.636
2171,5/11/2017 23:04,6.636
2172,5/11/2017 23:05,6.636
2173,5/11/2017 23:06,6.636
2174,5/11/2017 23:07,6.611
2175,5/11/2017 23:08,6.611
2176,5/11/2017 23:09,6.636
2177,5/11/2017 23:10,6.636
2178,5/11/2017 23:11,6.636
2179,5/11/2017 23:12,6.636
2180,5/11/2017 23:13,6.636
2181,5/11/2017 23:14,6.611
2182,5/11/2017 23:15,6.611
2183,5/11/2017 23:16,6.611
2184,5/11/2017 23:17,6.585
2185,5/11/2017 23:18,6.56
2186,5/11/2017 23:19,6.56
2187,5/11/2017 23:20,6.585
2188,5/11/2017 23:21,6.585
2189,5/11/2017 23:22,6.56
2190,5/11/2017 23:23,6.585
2191,5/11/2017 23:24,6.585
2192,5/11/2017 23:25,6.611
2193,5/11/2017 23:26,6.585
2194,5/11/2017 23:27,6.611
2195,5/11/2017 23:28,6.611
2196,5/11/2017 23:29,6.585
2197,5/11/2017 23:30,6.585
2198,5/11/2017 23:31,6.56
2199,5/11/2017 23:32,6.56
2200,5/11/2017 23:33,6.56
2201,5/11/2017 23:34,6.535
2202,5/11/2017 23:35,6.535
2203,5/11/2017 23:36,6.535
2204,5/11/2017 23:37,6.535
2205,5/11/2017 23:38,6.535
2206,5/11/2017 23:39,6.56
2207,5/11/2017 23:40,6.535
2208,5/11/2017 23:41,6.535
2209,5/11/2017 23:42,6.535
2210,5/11/2017 23:43,6.509
2211,5/11/2017 23:44,6.484
2212,5/11/2017 23:45,6.509
2213,5/11/2017 23:46,6.509
2214,5/11/2017 23:47,6.484
2215,5/11/2017 23:48,6.484
2216,5/11/2017 23:49,6.509
2217,5/11/2017 23:50,6.509
2218,5/11/2017 23:51,6.509
2219,5/11/2017 23:52,6.509
2220,5/11/2017 23:53,6.509
2221,5/11/2017 23:54,6.484
2222,5/11/2017 23:55,6.484
2223,5/11/2017 23:56,6.509
2224,5/11/2017 23:57,6.509
2225,5/11/2017 23:58,6.535
2226,5/11/2017 23:59,6.56
2227,5/12/2017 0:00,6.56
2228,5/12/2017 0:01,6.535
2229,5/12/2017 0:02,6.535
2230,5/12/2017 0:03,6.509
2231,5/12/2017 0:04,6.509
2232,5/12/2017 0:05,6.484
2233,5/12/2017 0:06,6.509
2234,5/12/2017 0:07,6.56
2235,5/12/2017 0:08,6.56
2236,5/12/2017 0:09,6.535
2237,5/12/2017 0:10,6.56
2238,5/12/2017 0:11,6.56
2239,5/12/2017 0:12,6.535
2240,5/12/2017 0:13,6.535
2241,5/12/2017 0:14,6.509
2242,5/12/2017 0:15,6.535
2243,5/12/2017 0:16,6.535
2244,5/12/2017 0:17,6.535
2245,5/12/2017 0:18,6.535
2246,5/12/2017 0:19,6.535
2247,5/12/2017 0:20,6.535
2248,5/12/2017 0:21,6.535
2249,5/12/2017 0:22,6.509
2250,5/12/2017 0:23,6.535
2251,5/12/2017 0:24,6.535
2252,5/12/2017 0:25,6.535
2253,5/12/2017 0:26,6.56
2254,5/12/2017 0:27,6.56
2255,5/12/2017 0:28,6.535
2256,5/12/2017 0:29,6.535
2257,5/12/2017 0:30,6.56
2258,5/12/2017 0:31,6.535
2259,5/12/2017 0:32,6.509
2260,5/12/2017 0:33,6.509
2261,5/12/2017 0:34,6.509
2262,5/12/2017 0:35,6.509
2263,5/12/2017 0:36,6.484
2264,5/12/2017 0:37,6.509
2265,5/12/2017 0:38,6.509
2266,5/12/2017 0:39,6.484
2267,5/12/2017 0:40,6.484
2268,5/12/2017 0:41,6.484
2269,5/12/2017 0:42,6.535
2270,5/12/2017 0:43,6.509
2271,5/12/2017 0:44,6.484
2272,5/12/2017 0:45,6.484
2273,5/12/2017 0:46,6.484
2274,5/12/2017 0:47,6.509
2275,5/12/2017 0:48,6.509
2276,5/12/2017 0:49,6.509
2277,5/12/2017 0:50,6.535
2278,5/12/2017 0:51,6.509
2279,5/12/2017 0:52,6.484
2280,5/12/2017 0:53,6.509
2281,5/12/2017 0:54,6.509
2282,5/12/2017 0:55,6.484
2283,5/12/2017 0:56,6.458
2284,5/12/2017 0:57,6.484
2285,5/12/2017 0:58,6.509
2286,5/12/2017 0:59,6.509
2287,5/12/2017 1:00,6.509
2288,5/12/2017 1:01,6.484
2289,5/12/2017 1:02,6.484
2290,5/12/2017 1:03,6.484
2291,5/12/2017 1:04,6.509
2292,5/12/2017 1:05,6.509
2293,5/12/2017 1:06,6.509
2294,5/12/2017 1:07,6.535
2295,5/12/2017 1:08,6.535
2296,5/12/2017 1:09,6.56
2297,5/12/2017 1:10,6.56
2298,5/12/2017 1:11,6.56
2299,5/12/2017 1:12,6.535
2300,5/12/2017 1:13,6.535
2301,5/12/2017 1:14,6.535
2302,5/12/2017 1:15,6.56
2303,5/12/2017 1:16,6.585
2304,5/12/2017 1:17,6.535
2305,5/12/2017 1:18,6.535
2306,5/12/2017 1:19,6.56
2307,5/12/2017 1:20,6.535
2308,5/12/2017 1:21,6.509
2309,5/12/2017 1:22,6.509
2310,5/12/2017 1:23,6.535
2311,5/12/2017 1:24,6.56
2312,5/12/2017 1:25,6.56
2313,5/12/2017 1:26,6.585
2314,5/12/2017 1:27,6.611
2315,5/12/2017 1:28,6.636
2316,5/12/2017 1:29,6.636
2317,5/12/2017 1:30,6.636
2318,5/12/2017 1:31,6.636
2319,5/12/2017 1:32,6.661
2320,5/12/2017 1:33,6.636
2321,5/12/2017 1:34,6.636
2322,5/12/2017 1:35,6.636
2323,5/12/2017 1:36,6.636
2324,5/12/2017 1:37,6.585
2325,5/12/2017 1:38,6.585
2326,5/12/2017 1:39,6.611
2327,5/12/2017 1:40,6.585
2328,5/12/2017 1:41,6.56
2329,5/12/2017 1:42,6.585
2330,5/12/2017 1:43,6.585
2331,5/12/2017 1:44,6.585
2332,5/12/2017 1:45,6.611
2333,5/12/2017 1:46,6.611
2334,5/12/2017 1:47,6.611
2335,5/12/2017 1:48,6.636
2336,5/12/2017 1:49,6.661
2337,5/12/2017 1:50,6.661
2338,5/12/2017 1:51,6.636
2339,5/12/2017 1:52,6.661
2340,5/12/2017 1:53,6.661
2341,5/12/2017 1:54,6.661
2342,5/12/2017 1:55,6.636
2343,5/12/2017 1:56,6.636
2344,5/12/2017 1:57,6.636
2345,5/12/2017 1:58,6.611
2346,5/12/2017 1:59,6.585
2347,5/12/2017 2:00,6.585
2348,5/12/2017 2:01,6.56
2349,5/12/2017 2:02,6.535
2350,5/12/2017 2:03,6.535
2351,5/12/2017 2:04,6.56
2352,5/12/2017 2:05,6.56
2353,5/12/2017 2:06,6.56
2354,5/12/2017 2:07,6.585
2355,5/12/2017 2:08,6.56
2356,5/12/2017 2:09,6.535
2357,5/12/2017 2:10,6.535
2358,5/12/2017 2:11,6.535
2359,5/12/2017 2:12,6.535
2360,5/12/2017 2:13,6.509
2361,5/12/2017 2:14,6.509
2362,5/12/2017 2:15,6.509
2363,5/12/2017 2:16,6.535
2364,5/12/2017 2:17,6.509
2365,5/12/2017 2:18,6.484
2366,5/12/2017 2:19,6.509
2367,5/12/2017 2:20,6.509
2368,5/12/2017 2:21,6.535
2369,5/12/2017 2:22,6.56
2370,5/12/2017 2:23,6.535
2371,5/12/2017 2:24,6.535
2372,5/12/2017 2:25,6.535
2373,5/12/2017 2:26,6.535
2374,5/12/2017 2:27,6.535
2375,5/12/2017 2:28,6.535
2376,5/12/2017 2:29,6.535
2377,5/12/2017 2:30,6.535
2378,5/12/2017 2:31,6.509
2379,5/12/2017 2:32,6.509
2380,5/12/2017 2:33,6.509
2381,5/12/2017 2:34,6.509
2382,5/12/2017 2:35,6.509
2383,5/12/2017 2:36,6.535
2384,5/12/2017 2:37,6.56
2385,5/12/2017 2:38,6.535
2386,5/12/2017 2:39,6.535
2387,5/12/2017 2:40,6.535
2388,5/12/2017 2:41,6.535
2389,5/12/2017 2:42,6.535
2390,5/12/2017 2:43,6.56
2391,5/12/2017 2:44,6.535
2392,5/12/2017 2:45,6.535
2393,5/12/2017 2:46,6.56
2394,5/12/2017 2:47,6.509
2395,5/12/2017 2:48,6.509
2396,5/12/2017 2:49,6.535
2397,5/12/2017 2:50,6.56
2398,5/12/2017 2:51,6.56
2399,5/12/2017 2:52,6.56
2400,5/12/2017 2:53,6.585
2401,5/12/2017 2:54,6.585
2402,5/12/2017 2:55,6.585
2403,5/12/2017 2:56,6.585
2404,5/12/2017 2:57,6.56
2405,5/12/2017 2:58,6.535
2406,5/12/2017 2:59,6.509
2407,5/12/2017 3:00,6.509
2408,5/12/2017 3:01,6.509
2409,5/12/2017 3:02,6.509
2410,5/12/2017 3:03,6.484
2411,5/12/2017 3:04,6.484
2412,5/12/2017 3:05,6.484
2413,5/12/2017 3:06,6.484
2414,5/12/2017 3:07,6.509
2415,5/12/2017 3:08,6.509
2416,5/12/2017 3:09,6.509
2417,5/12/2017 3:10,6.509
2418,5/12/2017 3:11,6.484
2419,5/12/2017 3:12,6.458
2420,5/12/2017 3:13,6.484
2421,5/12/2017 3:14,6.509
2422,5/12/2017 3:15,6.509
2423,5/12/2017 3:16,6.509
2424,5/12/2017 3:17,6.535
2425,5/12/2017 3:18,6.56
2426,5/12/2017 3:19,6.535
2427,5/12/2017 3:20,6.509
2428,5/12/2017 3:21,6.509
2429,5/12/2017 3:22,6.535
2430,5/12/2017 3:23,6.535
2431,5/12/2017 3:24,6.509
2432,5/12/2017 3:25,6.509
2433,5/12/2017 3:26,6.535
2434,5/12/2017 3:27,6.56
2435,5/12/2017 3:28,6.56
2436,5/12/2017 3:29,6.509
2437,5/12/2017 3:30,6.535
2438,5/12/2017 3:31,6.56
2439,5/12/2017 3:32,6.56
2440,5/12/2017 3:33,6.56
2441,5/12/2017 3:34,6.56
2442,5/12/2017 3:35,6.56
2443,5/12/2017 3:36,6.585
2444,5/12/2017 3:37,6.585
2445,5/12/2017 3:38,6.585
2446,5/12/2017 3:39,6.585
2447,5/12/2017 3:40,6.585
2448,5/12/2017 3:41,6.56
2449,5/12/2017 3:42,6.56
2450,5/12/2017 3:43,6.535
2451,5/12/2017 3:44,6.535
2452,5/12/2017 3:45,6.509
2453,5/12/2017 3:46,6.484
2454,5/12/2017 3:47,6.484
2455,5/12/2017 3:48,6.484
2456,5/12/2017 3:49,6.458
2457,5/12/2017 3:50,6.484
2458,5/12/2017 3:51,6.484
2459,5/12/2017 3:52,6.484
2460,5/12/2017 3:53,6.509
2461,5/12/2017 3:54,6.509
2462,5/12/2017 3:55,6.509
2463,5/12/2017 3:56,6.509
2464,5/12/2017 3:57,6.484
2465,5/12/2017 3:58,6.484
2466,5/12/2017 3:59,6.484
2467,5/12/2017 4:00,6.509
2468,5/12/2017 4:01,6.535
2469,5/12/2017 4:02,6.535
2470,5/12/2017 4:03,6.509
2471,5/12/2017 4:04,6.535
2472,5/12/2017 4:05,6.56
2473,5/12/2017 4:06,6.56
2474,5/12/2017 4:07,6.535
2475,5/12/2017 4:08,6.56
2476,5/12/2017 4:09,6.535
2477,5/12/2017 4:10,6.535
2478,5/12/2017 4:11,6.56
2479,5/12/2017 4:12,6.56
2480,5/12/2017 4:13,6.56
2481,5/12/2017 4:14,6.535
2482,5/12/2017 4:15,6.535
2483,5/12/2017 4:16,6.56
2484,5/12/2017 4:17,6.535
2485,5/12/2017 4:18,6.535
2486,5/12/2017 4:19,6.535
2487,5/12/2017 4:20,6.509
2488,5/12/2017 4:21,6.535
2489,5/12/2017 4:22,6.535
2490,5/12/2017 4:23,6.535
2491,5/12/2017 4:24,6.535
2492,5/12/2017 4:25,6.535
2493,5/12/2017 4:26,6.535
2494,5/12/2017 4:27,6.585
2495,5/12/2017 4:28,6.585
2496,5/12/2017 4:29,6.56
2497,5/12/2017 4:30,6.535
2498,5/12/2017 4:31,6.535
2499,5/12/2017 4:32,6.56
2500,5/12/2017 4:33,6.56
2501,5/12/2017 4:34,6.56
2502,5/12/2017 4:35,6.535
2503,5/12/2017 4:36,6.56
2504,5/12/2017 4:37,6.56
2505,5/12/2017 4:38,6.56
2506,5/12/2017 4:39,6.56
2507,5/12/2017 4:40,6.56
2508,5/12/2017 4:41,6.56
2509,5/12/2017 4:42,6.56
2510,5/12/2017 4:43,6.56
2511,5/12/2017 4:44,6.56
2512,5/12/2017 4:45,6.56
2513,5/12/2017 4:46,6.585
2514,5/12/2017 4:47,6.585
2515,5/12/2017 4:48,6.611
2516,5/12/2017 4:49,6.585
2517,5/12/2017 4:50,6.585
2518,5/12/2017 4:51,6.585
2519,5/12/2017 4:52,6.611
2520,5/12/2017 4:53,6.611
2521,5/12/2017 4:54,6.585
2522,5/12/2017 4:55,6.56
2523,5/12/2017 4:56,6.535
2524,5/12/2017 4:57,6.535
2525,5/12/2017 4:58,6.56
2526,5/12/2017 4:59,6.56
2527,5/12/2017 5:00,6.56
2528,5/12/2017 5:01,6.509
2529,5/12/2017 5:02,6.458
2530,5/12/2017 5:03,6.433
2531,5/12/2017 5:04,6.408
2532,5/12/2017 5:05,6.408
2533,5/12/2017 5:06,6.382
2534,5/12/2017 5:07,6.357
2535,5/12/2017 5:08,6.357
2536,5/12/2017 5:09,6.357
2537,5/12/2017 5:10,6.357
2538,5/12/2017 5:11,6.357
2539,5/12/2017 5:12,6.382
2540,5/12/2017 5:13,6.382
2541,5/12/2017 5:14,6.408
2542,5/12/2017 5:15,6.408
2543,5/12/2017 5:16,6.408
2544,5/12/2017 5:17,6.382
2545,5/12/2017 5:18,6.382
2546,5/12/2017 5:19,6.357
2547,5/12/2017 5:20,6.331
2548,5/12/2017 5:21,6.331
2549,5/12/2017 5:22,6.357
2550,5/12/2017 5:23,6.357
2551,5/12/2017 5:24,6.357
2552,5/12/2017 5:25,6.382
2553,5/12/2017 5:26,6.357
2554,5/12/2017 5:27,6.357
2555,5/12/2017 5:28,6.357
2556,5/12/2017 5:29,6.357
2557,5/12/2017 5:30,6.408
2558,5/12/2017 5:31,6.433
2559,5/12/2017 5:32,6.408
2560,5/12/2017 5:33,6.408
2561,5/12/2017 5:34,6.433
2562,5/12/2017 5:35,6.433
2563,5/12/2017 5:36,6.433
2564,5/12/2017 5:37,6.408
2565,5/12/2017 5:38,6.382
2566,5/12/2017 5:39,6.408
2567,5/12/2017 5:40,6.408
2568,5/12/2017 5:41,6.458
2569,5/12/2017 5:42,6.408
2570,5/12/2017 5:43,6.408
2571,5/12/2017 5:44,6.382
2572,5/12/2017 5:45,6.408
2573,5/12/2017 5:46,6.433
2574,5/12/2017 5:47,6.458
2575,5/12/2017 5:48,6.509
2576,5/12/2017 5:49,6.509
2577,5/12/2017 5:50,6.56
2578,5/12/2017 5:51,6.611
2579,5/12/2017 5:52,6.636
2580,5/12/2017 5:53,6.687
2581,5/12/2017 5:54,6.763
2582,5/12/2017 5:55,6.763
2583,5/12/2017 5:56,6.788
2584,5/12/2017 5:57,6.763
2585,5/12/2017 5:58,6.737
2586,5/12/2017 5:59,6.737
2587,5/12/2017 6:00,6.788
2588,5/12/2017 6:01,6.813
2589,5/12/2017 6:02,6.839
2590,5/12/2017 6:03,6.864
2591,5/12/2017 6:04,6.864
2592,5/12/2017 6:05,6.889
2593,5/12/2017 6:06,6.889
2594,5/12/2017 6:07,6.914
2595,5/12/2017 6:08,6.94
2596,5/12/2017 6:09,6.965
2597,5/12/2017 6:10,6.965
2598,5/12/2017 6:11,6.965
2599,5/12/2017 6:12,6.94
2600,5/12/2017 6:13,6.94
2601,5/12/2017 6:14,6.94
2602,5/12/2017 6:15,6.94
2603,5/12/2017 6:16,6.965
2604,5/12/2017 6:17,6.99
2605,5/12/2017 6:18,6.965
2606,5/12/2017 6:19,6.94
2607,5/12/2017 6:20,6.94
2608,5/12/2017 6:21,6.94
2609,5/12/2017 6:22,7.091
2610,5/12/2017 6:23,7.368
2611,5/12/2017 6:24,7.469
2612,5/12/2017 6:25,7.519
2613,5/12/2017 6:26,7.419
2614,5/12/2017 6:27,7.268
2615,5/12/2017 6:28,7.167
2616,5/12/2017 6:29,7.015
2617,5/12/2017 6:30,6.864
2618,5/12/2017 6:31,6.763
2619,5/12/2017 6:32,6.687
2620,5/12/2017 6:33,6.636
2621,5/12/2017 6:34,6.611
2622,5/12/2017 6:35,6.611
2623,5/12/2017 6:36,6.611
2624,5/12/2017 6:37,6.585
2625,5/12/2017 6:38,6.585
2626,5/12/2017 6:39,6.585
2627,5/12/2017 6:40,6.585
2628,5/12/2017 6:41,6.585
2629,5/12/2017 6:42,6.611
2630,5/12/2017 6:43,6.585
2631,5/12/2017 6:44,6.585
2632,5/12/2017 6:45,6.585
2633,5/12/2017 6:46,6.56
2634,5/12/2017 6:47,6.585
2635,5/12/2017 6:48,6.56
2636,5/12/2017 6:49,6.56
2637,5/12/2017 6:50,6.56
2638,5/12/2017 6:51,6.56
2639,5/12/2017 6:52,6.56
2640,5/12/2017 6:53,6.56
2641,5/12/2017 6:54,6.611
2642,5/12/2017 6:55,6.611
2643,5/12/2017 6:56,6.611
2644,5/12/2017 6:57,6.611
2645,5/12/2017 6:58,6.611
2646,5/12/2017 6:59,6.611
2647,5/12/2017 7:00,6.636
2648,5/12/2017 7:01,6.636
2649,5/12/2017 7:02,6.636
2650,5/12/2017 7:03,6.636
2651,5/12/2017 7:04,6.661
2652,5/12/2017 7:05,6.661
2653,5/12/2017 7:06,6.636
2654,5/12/2017 7:07,6.636
2655,5/12/2017 7:08,6.636
2656,5/12/2017 7:09,6.636
2657,5/12/2017 7:10,6.636
2658,5/12/2017 7:11,6.636
2659,5/12/2017 7:12,6.636
2660,5/12/2017 7:13,6.636
2661,5/12/2017 7:14,6.636
2662,5/12/2017 7:15,6.813
2663,5/12/2017 7:16,6.99
2664,5/12/2017 7:17,7.293
2665,5/12/2017 7:18,7.469
2666,5/12/2017 7:19,7.544
2667,5/12/2017 7:20,7.569
2668,5/12/2017 7:21,7.594
2669,5/12/2017 7:22,7.619
2670,5/12/2017 7:23,7.619
2671,5/12/2017 7:24,7.594
2672,5/12/2017 7:25,7.569
2673,5/12/2017 7:26,7.544
2674,5/12/2017 7:27,7.544
2675,5/12/2017 7:28,7.519
2676,5/12/2017 7:29,7.519
2677,5/12/2017 7:30,7.494
2678,5/12/2017 7:31,7.494
2679,5/12/2017 7:32,7.494
2680,5/12/2017 7:33,7.494
2681,5/12/2017 7:34,7.469
2682,5/12/2017 7:35,7.469
2683,5/12/2017 7:36,7.469
2684,5/12/2017 7:37,7.469
2685,5/12/2017 7:38,7.469
2686,5/12/2017 7:39,7.469
2687,5/12/2017 7:40,7.519
2688,5/12/2017 7:41,7.569
2689,5/12/2017 7:42,7.619
2690,5/12/2017 7:43,7.72
2691,5/12/2017 7:44,7.67
2692,5/12/2017 7:45,7.544
2693,5/12/2017 7:46,7.494
2694,5/12/2017 7:47,7.469
2695,5/12/2017 7:48,7.268
2696,5/12/2017 7:49,6.99
2697,5/12/2017 7:50,6.813
2698,5/12/2017 7:51,6.687
2699,5/12/2017 7:52,6.585
2700,5/12/2017 7:53,6.509
2701,5/12/2017 7:54,6.484
2702,5/12/2017 7:55,6.484
2703,5/12/2017 7:56,6.458
2704,5/12/2017 7:57,6.458
2705,5/12/2017 7:58,6.458
2706,5/12/2017 7:59,6.458
2707,5/12/2017 8:00,6.458
2708,5/12/2017 8:01,6.458
2709,5/12/2017 8:02,6.484
2710,5/12/2017 8:03,6.484
2711,5/12/2017 8:04,6.484
2712,5/12/2017 8:05,6.484
2713,5/12/2017 8:06,6.484
2714,5/12/2017 8:07,6.484
2715,5/12/2017 8:08,6.484
2716,5/12/2017 8:09,6.484
2717,5/12/2017 8:10,6.484
2718,5/12/2017 8:11,6.458
2719,5/12/2017 8:12,6.458
2720,5/12/2017 8:13,6.458
2721,5/12/2017 8:14,6.458
2722,5/12/2017 8:15,6.458
2723,5/12/2017 8:16,6.484
2724,5/12/2017 8:17,6.484
2725,5/12/2017 8:18,6.484
2726,5/12/2017 8:19,6.484
2727,5/12/2017 8:20,6.484
2728,5/12/2017 8:21,6.484
2729,5/12/2017 8:22,6.484
2730,5/12/2017 8:23,6.484
2731,5/12/2017 8:24,6.484
2732,5/12/2017 8:25,6.484
2733,5/12/2017 8:26,6.484
2734,5/12/2017 8:27,6.484
2735,5/12/2017 8:28,6.484
2736,5/12/2017 8:29,6.611
2737,5/12/2017 8:30,6.839
2738,5/12/2017 8:31,7.116
2739,5/12/2017 8:32,7.318
2740,5/12/2017 8:33,7.444
2741,5/12/2017 8:34,7.494
2742,5/12/2017 8:35,7.569
2743,5/12/2017 8:36,7.569
2744,5/12/2017 8:37,7.594
2745,5/12/2017 8:38,7.87
2746,5/12/2017 8:39,7.97
2747,5/12/2017 8:40,7.945
2748,5/12/2017 8:41,7.97
2749,5/12/2017 8:42,7.97
2750,5/12/2017 8:43,7.97
2751,5/12/2017 8:44,7.945
2752,5/12/2017 8:45,7.945
2753,5/12/2017 8:46,7.97
2754,5/12/2017 8:47,7.995
2755,5/12/2017 8:48,7.995
2756,5/12/2017 8:49,8.02
2757,5/12/2017 8:50,8.02
2758,5/12/2017 8:51,8.02
2759,5/12/2017 8:52,8.02
2760,5/12/2017 8:53,8.02
2761,5/12/2017 8:54,8.045
2762,5/12/2017 8:55,8.045
2763,5/12/2017 8:56,8.07
2764,5/12/2017 8:57,8.07
2765,5/12/2017 8:58,8.07
2766,5/12/2017 8:59,8.07
2767,5/12/2017 9:00,8.095
2768,5/12/2017 9:01,8.095
2769,5/12/2017 9:02,8.12
2770,5/12/2017 9:03,8.12
2771,5/12/2017 9:04,8.07
2772,5/12/2017 9:05,8.07
2773,5/12/2017 9:06,8.07
2774,5/12/2017 9:07,7.92
2775,5/12/2017 9:08,7.82
2776,5/12/2017 9:09,7.72
2777,5/12/2017 9:10,7.444
2778,5/12/2017 9:11,7.293
2779,5/12/2017 9:12,7.318
2780,5/12/2017 9:13,7.444
2781,5/12/2017 9:14,7.544
2782,5/12/2017 9:15,7.594
2783,5/12/2017 9:16,7.695
2784,5/12/2017 9:17,7.97
2785,5/12/2017 9:18,7.995
2786,5/12/2017 9:19,8.02
2787,5/12/2017 9:20,8.02
2788,5/12/2017 9:21,8.02
2789,5/12/2017 9:22,8.095
2790,5/12/2017 9:23,8.593
2791,5/12/2017 9:24,9.04
2792,5/12/2017 9:25,9.312
2793,5/12/2017 9:26,9.114
2794,5/12/2017 9:27,8.866
2795,5/12/2017 9:28,9.213
2796,5/12/2017 9:29,9.46
2797,5/12/2017 9:30,9.336
2798,5/12/2017 9:31,9.78
2799,5/12/2017 9:32,9.682
2800,5/12/2017 9:33,9.485
2801,5/12/2017 9:34,9.361
2802,5/12/2017 9:35,9.238
2803,5/12/2017 9:36,9.114
2804,5/12/2017 9:37,8.891
2805,5/12/2017 9:38,8.593
2806,5/12/2017 9:39,8.295
2807,5/12/2017 9:40,8.469
2808,5/12/2017 9:41,8.891
2809,5/12/2017 9:42,8.891
2810,5/12/2017 9:43,9.163
2811,5/12/2017 9:44,8.717
2812,5/12/2017 9:45,8.195
2813,5/12/2017 9:46,7.995
2814,5/12/2017 9:47,7.77
2815,5/12/2017 9:48,7.469
2816,5/12/2017 9:49,7.217
2817,5/12/2017 9:50,7.015
2818,5/12/2017 9:51,6.813
2819,5/12/2017 9:52,6.661
2820,5/12/2017 9:53,6.535
2821,5/12/2017 9:54,6.458
2822,5/12/2017 9:55,6.408
2823,5/12/2017 9:56,6.382
2824,5/12/2017 9:57,6.382
2825,5/12/2017 9:58,6.357
2826,5/12/2017 9:59,6.357
2827,5/12/2017 10:00,6.357
2828,5/12/2017 10:01,6.357
2829,5/12/2017 10:02,6.357
2830,5/12/2017 10:03,6.357
2831,5/12/2017 10:04,6.357
2832,5/12/2017 10:05,6.357
2833,5/12/2017 10:06,6.357
2834,5/12/2017 10:07,6.357
2835,5/12/2017 10:08,6.357
2836,5/12/2017 10:09,6.357
2837,5/12/2017 10:10,6.357
2838,5/12/2017 10:11,6.382
2839,5/12/2017 10:12,6.382
2840,5/12/2017 10:13,6.382
2841,5/12/2017 10:14,6.382
2842,5/12/2017 10:15,6.382
2843,5/12/2017 10:16,6.382
2844,5/12/2017 10:17,6.382
2845,5/12/2017 10:18,6.382
2846,5/12/2017 10:19,6.382
2847,5/12/2017 10:20,6.382
2848,5/12/2017 10:21,6.382
2849,5/12/2017 10:22,6.382
2850,5/12/2017 10:23,6.382
2851,5/12/2017 10:24,6.382
2852,5/12/2017 10:25,6.382
2853,5/12/2017 10:26,6.408
2854,5/12/2017 10:27,6.382
2855,5/12/2017 10:28,6.509
2856,5/12/2017 10:29,6.737
2857,5/12/2017 10:30,7.167
2858,5/12/2017 10:31,7.469
2859,5/12/2017 10:32,7.645
2860,5/12/2017 10:33,7.72
2861,5/12/2017 10:34,7.77
2862,5/12/2017 10:35,8.12
2863,5/12/2017 10:36,8.195
2864,5/12/2017 10:37,8.195
2865,5/12/2017 10:38,8.22
2866,5/12/2017 10:39,8.245
2867,5/12/2017 10:40,8.27
2868,5/12/2017 10:41,8.319
2869,5/12/2017 10:42,8.344
2870,5/12/2017 10:43,8.394
2871,5/12/2017 10:44,8.419
2872,5/12/2017 10:45,8.469
2873,5/12/2017 10:46,8.469
2874,5/12/2017 10:47,8.444
2875,5/12/2017 10:48,8.419
2876,5/12/2017 10:49,8.394
2877,5/12/2017 10:50,8.419
2878,5/12/2017 10:51,8.643
2879,5/12/2017 10:52,8.643
2880,5/12/2017 10:53,8.593
2881,5/12/2017 10:54,8.543
2882,5/12/2017 10:55,8.494
2883,5/12/2017 10:56,8.519
2884,5/12/2017 10:57,8.543
2885,5/12/2017 10:58,8.444
2886,5/12/2017 10:59,8.07
2887,5/12/2017 11:00,7.945
2888,5/12/2017 11:01,7.494
2889,5/12/2017 11:02,7.293
2890,5/12/2017 11:03,7.116
2891,5/12/2017 11:04,6.94
2892,5/12/2017 11:05,6.839
2893,5/12/2017 11:06,6.813
2894,5/12/2017 11:07,6.788
2895,5/12/2017 11:08,6.763
2896,5/12/2017 11:09,6.763
2897,5/12/2017 11:10,6.763
2898,5/12/2017 11:11,6.763
2899,5/12/2017 11:12,6.763
2900,5/12/2017 11:13,6.763
2901,5/12/2017 11:14,6.763
2902,5/12/2017 11:15,6.763
2903,5/12/2017 11:16,6.763
2904,5/12/2017 11:17,6.763
2905,5/12/2017 11:18,6.737
2906,5/12/2017 11:19,6.763
2907,5/12/2017 11:20,6.763
2908,5/12/2017 11:21,6.763
2909,5/12/2017 11:22,6.763
2910,5/12/2017 11:23,6.737
2911,5/12/2017 11:24,6.737
2912,5/12/2017 11:25,6.737
2913,5/12/2017 11:26,6.737
2914,5/12/2017 11:27,6.763
2915,5/12/2017 11:28,6.763
2916,5/12/2017 11:29,6.737
2917,5/12/2017 11:30,6.737
2918,5/12/2017 11:31,6.737
2919,5/12/2017 11:32,6.737
2920,5/12/2017 11:33,6.737
2921,5/12/2017 11:34,6.737
2922,5/12/2017 11:35,6.737
2923,5/12/2017 11:36,6.737
2924,5/12/2017 11:37,6.737
2925,5/12/2017 11:38,6.737
2926,5/12/2017 11:39,6.788
2927,5/12/2017 11:40,7.293
2928,5/12/2017 11:41,7.569
2929,5/12/2017 11:42,7.695
2930,5/12/2017 11:43,7.795
2931,5/12/2017 11:44,7.745
2932,5/12/2017 11:45,7.67
2933,5/12/2017 11:46,7.645
2934,5/12/2017 11:47,7.745
2935,5/12/2017 11:48,7.92
2936,5/12/2017 11:49,8.07
2937,5/12/2017 11:50,8.17
2938,5/12/2017 11:51,8.22
2939,5/12/2017 11:52,8.27
2940,5/12/2017 11:53,8.344
2941,5/12/2017 11:54,8.394
2942,5/12/2017 11:55,8.469
2943,5/12/2017 11:56,8.593
2944,5/12/2017 11:57,8.841
2945,5/12/2017 11:58,8.891
2946,5/12/2017 11:59,8.792
2947,5/12/2017 12:00,8.717
2948,5/12/2017 12:01,8.444
2949,5/12/2017 12:02,8.095
2950,5/12/2017 12:03,7.87
2951,5/12/2017 12:04,7.594
2952,5/12/2017 12:05,7.217
2953,5/12/2017 12:06,7.041
2954,5/12/2017 12:07,6.864
2955,5/12/2017 12:08,6.763
2956,5/12/2017 12:09,6.712
2957,5/12/2017 12:10,6.712
2958,5/12/2017 12:11,6.687
2959,5/12/2017 12:12,6.687
2960,5/12/2017 12:13,6.687
2961,5/12/2017 12:14,6.687
2962,5/12/2017 12:15,6.687
2963,5/12/2017 12:16,6.687
2964,5/12/2017 12:17,6.687
2965,5/12/2017 12:18,6.687
2966,5/12/2017 12:19,6.712
2967,5/12/2017 12:20,6.687
2968,5/12/2017 12:21,6.687
2969,5/12/2017 12:22,6.687
2970,5/12/2017 12:23,6.687
2971,5/12/2017 12:24,6.687
2972,5/12/2017 12:25,6.687
2973,5/12/2017 12:26,6.712
2974,5/12/2017 12:27,6.712
2975,5/12/2017 12:28,6.712
2976,5/12/2017 12:29,6.712
2977,5/12/2017 12:30,6.712
2978,5/12/2017 12:31,6.712
2979,5/12/2017 12:32,6.712
2980,5/12/2017 12:33,6.712
2981,5/12/2017 12:34,6.712
2982,5/12/2017 12:35,6.712
2983,5/12/2017 12:36,6.712
2984,5/12/2017 12:37,6.712
2985,5/12/2017 12:38,6.712
2986,5/12/2017 12:39,6.712
2987,5/12/2017 12:40,6.712
2988,5/12/2017 12:41,6.712
2989,5/12/2017 12:42,6.712
2990,5/12/2017 12:43,6.763
2991,5/12/2017 12:44,7.116
2992,5/12/2017 12:45,7.469
2993,5/12/2017 12:46,7.619
2994,5/12/2017 12:47,7.695
2995,5/12/2017 12:48,8.02
2996,5/12/2017 12:49,8.344
2997,5/12/2017 12:50,8.419
2998,5/12/2017 12:51,8.717
2999,5/12/2017 12:52,8.916
3000,5/12/2017 12:53,9.114
3001,5/12/2017 12:54,9.238
3002,5/12/2017 12:55,9.41
3003,5/12/2017 12:56,9.583
3004,5/12/2017 12:57,9.78
3005,5/12/2017 12:58,9.977
3006,5/12/2017 12:59,10.1
3007,5/12/2017 13:00,10.271
3008,5/12/2017 13:01,10.418
3009,5/12/2017 13:02,10.541
3010,5/12/2017 13:03,10.614
3011,5/12/2017 13:04,10.712
3012,5/12/2017 13:05,10.834
3013,5/12/2017 13:06,10.883
3014,5/12/2017 13:07,10.956
3015,5/12/2017 13:08,11.005
3016,5/12/2017 13:09,11.078
3017,5/12/2017 13:10,11.078
3018,5/12/2017 13:11,11.078
3019,5/12/2017 13:12,11.175
3020,5/12/2017 13:13,11.224
3021,5/12/2017 13:14,11.321
3022,5/12/2017 13:15,11.37
3023,5/12/2017 13:16,11.394
3024,5/12/2017 13:17,11.443
3025,5/12/2017 13:18,11.443
3026,5/12/2017 13:19,11.516
3027,5/12/2017 13:20,11.516
3028,5/12/2017 13:21,11.492
3029,5/12/2017 13:22,11.516
3030,5/12/2017 13:23,11.54
3031,5/12/2017 13:24,11.565
3032,5/12/2017 13:25,11.565
3033,5/12/2017 13:26,11.565
3034,5/12/2017 13:27,11.637
3035,5/12/2017 13:28,11.71
3036,5/12/2017 13:29,11.759
3037,5/12/2017 13:30,11.832
3038,5/12/2017 13:31,11.88
3039,5/12/2017 13:32,11.953
3040,5/12/2017 13:33,11.977
3041,5/12/2017 13:34,12.001
3042,5/12/2017 13:35,12.05
3043,5/12/2017 13:36,12.074
3044,5/12/2017 13:37,12.098
3045,5/12/2017 13:38,12.122
3046,5/12/2017 13:39,12.147
3047,5/12/2017 13:40,12.219
3048,5/12/2017 13:41,12.243
3049,5/12/2017 13:42,12.268
3050,5/12/2017 13:43,12.34
3051,5/12/2017 13:44,12.389
3052,5/12/2017 13:45,12.364
3053,5/12/2017 13:46,12.34
3054,5/12/2017 13:47,12.34
3055,5/12/2017 13:48,12.364
3056,5/12/2017 13:49,12.389
3057,5/12/2017 13:50,12.413
3058,5/12/2017 13:51,12.413
3059,5/12/2017 13:52,12.437
3060,5/12/2017 13:53,12.437
3061,5/12/2017 13:54,12.437
3062,5/12/2017 13:55,12.461
3063,5/12/2017 13:56,12.461
3064,5/12/2017 13:57,12.485
3065,5/12/2017 13:58,12.509
3066,5/12/2017 13:59,12.534
3067,5/12/2017 14:00,12.558
3068,5/12/2017 14:01,12.582
3069,5/12/2017 14:02,12.582
3070,5/12/2017 14:03,12.582
3071,5/12/2017 14:04,12.63
3072,5/12/2017 14:05,12.678
3073,5/12/2017 14:06,12.678
3074,5/12/2017 14:07,12.727
3075,5/12/2017 14:08,12.775
3076,5/12/2017 14:09,12.751
3077,5/12/2017 14:10,12.751
3078,5/12/2017 14:11,12.751
3079,5/12/2017 14:12,12.727
3080,5/12/2017 14:13,12.727
3081,5/12/2017 14:14,12.751
3082,5/12/2017 14:15,12.775
3083,5/12/2017 14:16,12.775
3084,5/12/2017 14:17,12.799
3085,5/12/2017 14:18,12.799
3086,5/12/2017 14:19,12.799
3087,5/12/2017 14:20,12.799
3088,5/12/2017 14:21,12.823
3089,5/12/2017 14:22,12.823
3090,5/12/2017 14:23,12.823
3091,5/12/2017 14:24,12.823
3092,5/12/2017 14:25,12.847
3093,5/12/2017 14:26,12.896
3094,5/12/2017 14:27,12.896
3095,5/12/2017 14:28,12.92
3096,5/12/2017 14:29,12.896
3097,5/12/2017 14:30,12.92
3098,5/12/2017 14:31,12.92
3099,5/12/2017 14:32,12.944
3100,5/12/2017 14:33,12.944
3101,5/12/2017 14:34,12.92
3102,5/12/2017 14:35,12.92
3103,5/12/2017 14:36,12.968
3104,5/12/2017 14:37,12.968
3105,5/12/2017 14:38,12.968
3106,5/12/2017 14:39,13.016
3107,5/12/2017 14:40,12.992
3108,5/12/2017 14:41,12.968
3109,5/12/2017 14:42,12.968
3110,5/12/2017 14:43,12.992
3111,5/12/2017 14:44,12.944
3112,5/12/2017 14:45,12.992
3113,5/12/2017 14:46,12.944
3114,5/12/2017 14:47,12.944
3115,5/12/2017 14:48,12.92
3116,5/12/2017 14:49,12.896
3117,5/12/2017 14:50,12.847
3118,5/12/2017 14:51,12.823
3119,5/12/2017 14:52,12.847
3120,5/12/2017 14:53,12.823
3121,5/12/2017 14:54,12.751
3122,5/12/2017 14:55,12.775
3123,5/12/2017 14:56,12.703
3124,5/12/2017 14:57,12.678
3125,5/12/2017 14:58,12.703
3126,5/12/2017 14:59,12.727
3127,5/12/2017 15:00,12.751
3128,5/12/2017 15:01,12.751
3129,5/12/2017 15:02,12.751
3130,5/12/2017 15:03,12.775
3131,5/12/2017 15:04,12.727
3132,5/12/2017 15:05,12.63
3133,5/12/2017 15:06,12.606
3134,5/12/2017 15:07,12.534
3135,5/12/2017 15:08,12.509
3136,5/12/2017 15:09,12.534
3137,5/12/2017 15:10,12.509
3138,5/12/2017 15:11,12.437
3139,5/12/2017 15:12,12.389
3140,5/12/2017 15:13,12.389
3141,5/12/2017 15:14,12.316
3142,5/12/2017 15:15,12.292
3143,5/12/2017 15:16,12.292
3144,5/12/2017 15:17,12.268
3145,5/12/2017 15:18,12.243
3146,5/12/2017 15:19,12.219
3147,5/12/2017 15:20,12.243
3148,5/12/2017 15:21,12.243
3149,5/12/2017 15:22,12.243
3150,5/12/2017 15:23,12.243
3151,5/12/2017 15:24,12.243
3152,5/12/2017 15:25,12.219
3153,5/12/2017 15:26,12.219
3154,5/12/2017 15:27,12.219
3155,5/12/2017 15:28,12.195
3156,5/12/2017 15:29,12.195
3157,5/12/2017 15:30,12.171
3158,5/12/2017 15:31,12.147
3159,5/12/2017 15:32,12.147
3160,5/12/2017 15:33,12.122
3161,5/12/2017 15:34,12.074
3162,5/12/2017 15:35,12.074
3163,5/12/2017 15:36,12.05
3164,5/12/2017 15:37,12.025
3165,5/12/2017 15:38,12.025
3166,5/12/2017 15:39,11.953
3167,5/12/2017 15:40,11.929
3168,5/12/2017 15:41,11.88
3169,5/12/2017 15:42,11.88
3170,5/12/2017 15:43,11.856
3171,5/12/2017 15:44,11.832
3172,5/12/2017 15:45,11.783
3173,5/12/2017 15:46,11.734
3174,5/12/2017 15:47,11.686
3175,5/12/2017 15:48,11.662
3176,5/12/2017 15:49,11.613
3177,5/12/2017 15:50,11.589
3178,5/12/2017 15:51,11.54
3179,5/12/2017 15:52,11.516
3180,5/12/2017 15:53,11.492
3181,5/12/2017 15:54,11.467
3182,5/12/2017 15:55,11.443
3183,5/12/2017 15:56,11.443
3184,5/12/2017 15:57,11.443
3185,5/12/2017 15:58,11.419
3186,5/12/2017 15:59,11.419
3187,5/12/2017 16:00,11.419
3188,5/12/2017 16:01,11.419
3189,5/12/2017 16:02,11.419
3190,5/12/2017 16:03,11.443
3191,5/12/2017 16:04,11.443
3192,5/12/2017 16:05,11.419
3193,5/12/2017 16:06,11.419
3194,5/12/2017 16:07,11.419
3195,5/12/2017 16:08,11.419
3196,5/12/2017 16:09,11.419
3197,5/12/2017 16:10,11.394
3198,5/12/2017 16:11,11.394
3199,5/12/2017 16:12,11.37
3200,5/12/2017 16:13,11.37
3201,5/12/2017 16:14,11.346
3202,5/12/2017 16:15,11.37
3203,5/12/2017 16:16,11.346
3204,5/12/2017 16:17,11.346
3205,5/12/2017 16:18,11.321
3206,5/12/2017 16:19,11.346
3207,5/12/2017 16:20,11.321
3208,5/12/2017 16:21,11.321
3209,5/12/2017 16:22,11.297
3210,5/12/2017 16:23,11.297
3211,5/12/2017 16:24,11.321
3212,5/12/2017 16:25,11.346
3213,5/12/2017 16:26,11.346
3214,5/12/2017 16:27,11.346
3215,5/12/2017 16:28,11.321
3216,5/12/2017 16:29,11.297
3217,5/12/2017 16:30,11.273
3218,5/12/2017 16:31,11.248
3219,5/12/2017 16:32,11.224
3220,5/12/2017 16:33,11.224
3221,5/12/2017 16:34,11.224
3222,5/12/2017 16:35,11.2
3223,5/12/2017 16:36,11.175
3224,5/12/2017 16:37,11.175
3225,5/12/2017 16:38,11.175
3226,5/12/2017 16:39,11.151
3227,5/12/2017 16:40,11.127
3228,5/12/2017 16:41,11.102
3229,5/12/2017 16:42,11.127
3230,5/12/2017 16:43,11.127
3231,5/12/2017 16:44,11.127
3232,5/12/2017 16:45,11.127
3233,5/12/2017 16:46,11.127
3234,5/12/2017 16:47,11.127
3235,5/12/2017 16:48,11.102
3236,5/12/2017 16:49,11.102
3237,5/12/2017 16:50,11.127
3238,5/12/2017 16:51,11.127
3239,5/12/2017 16:52,11.127
3240,5/12/2017 16:53,11.127
3241,5/12/2017 16:54,11.127
3242,5/12/2017 16:55,11.151
3243,5/12/2017 16:56,11.151
3244,5/12/2017 16:57,11.175
3245,5/12/2017 16:58,11.151
3246,5/12/2017 16:59,11.175
3247,5/12/2017 17:00,11.175
3248,5/12/2017 17:01,11.2
3249,5/12/2017 17:02,11.224
3250,5/12/2017 17:03,11.175
3251,5/12/2017 17:04,11.175
3252,5/12/2017 17:05,11.175
3253,5/12/2017 17:06,11.175
3254,5/12/2017 17:07,11.175
3255,5/12/2017 17:08,11.2
3256,5/12/2017 17:09,11.175
3257,5/12/2017 17:10,11.175
3258,5/12/2017 17:11,11.175
3259,5/12/2017 17:12,11.127
3260,5/12/2017 17:13,11.127
3261,5/12/2017 17:14,11.078
3262,5/12/2017 17:15,11.078
3263,5/12/2017 17:16,11.078
3264,5/12/2017 17:17,11.029
3265,5/12/2017 17:18,11.029
3266,5/12/2017 17:19,11.005
3267,5/12/2017 17:20,11.005
3268,5/12/2017 17:21,10.98
3269,5/12/2017 17:22,10.956
3270,5/12/2017 17:23,10.956
3271,5/12/2017 17:24,10.932
3272,5/12/2017 17:25,10.907
3273,5/12/2017 17:26,10.883
3274,5/12/2017 17:27,10.834
3275,5/12/2017 17:28,10.834
3276,5/12/2017 17:29,10.81
3277,5/12/2017 17:30,10.761
3278,5/12/2017 17:31,10.712
3279,5/12/2017 17:32,10.712
3280,5/12/2017 17:33,10.712
3281,5/12/2017 17:34,10.663
3282,5/12/2017 17:35,10.59
3283,5/12/2017 17:36,10.541
3284,5/12/2017 17:37,10.541
3285,5/12/2017 17:38,10.492
3286,5/12/2017 17:39,10.467
3287,5/12/2017 17:40,10.418
3288,5/12/2017 17:41,10.369
3289,5/12/2017 17:42,10.345
3290,5/12/2017 17:43,10.32
3291,5/12/2017 17:44,10.296
3292,5/12/2017 17:45,10.296
3293,5/12/2017 17:46,10.271
3294,5/12/2017 17:47,10.222
3295,5/12/2017 17:48,10.222
3296,5/12/2017 17:49,10.198
3297,5/12/2017 17:50,10.173
3298,5/12/2017 17:51,10.173
3299,5/12/2017 17:52,10.173
3300,5/12/2017 17:53,10.149
3301,5/12/2017 17:54,10.149
3302,5/12/2017 17:55,10.124
3303,5/12/2017 17:56,10.075
3304,5/12/2017 17:57,10.026
3305,5/12/2017 17:58,10.001
3306,5/12/2017 17:59,9.977
3307,5/12/2017 18:00,9.977
3308,5/12/2017 18:01,9.952
3309,5/12/2017 18:02,9.952
3310,5/12/2017 18:03,9.903
3311,5/12/2017 18:04,9.829
3312,5/12/2017 18:05,9.731
3313,5/12/2017 18:06,9.632
3314,5/12/2017 18:07,9.509
3315,5/12/2017 18:08,9.41
3316,5/12/2017 18:09,9.312
3317,5/12/2017 18:10,9.213
3318,5/12/2017 18:11,9.139
3319,5/12/2017 18:12,9.064
3320,5/12/2017 18:13,8.99
3321,5/12/2017 18:14,8.916
3322,5/12/2017 18:15,8.866
3323,5/12/2017 18:16,8.817
3324,5/12/2017 18:17,8.767
3325,5/12/2017 18:18,8.717
3326,5/12/2017 18:19,8.693
3327,5/12/2017 18:20,8.668
3328,5/12/2017 18:21,8.668
3329,5/12/2017 18:22,8.717
3330,5/12/2017 18:23,8.717
3331,5/12/2017 18:24,8.742
3332,5/12/2017 18:25,8.742
3333,5/12/2017 18:26,8.792
3334,5/12/2017 18:27,8.817
3335,5/12/2017 18:28,8.866
3336,5/12/2017 18:29,8.866
3337,5/12/2017 18:30,8.817
3338,5/12/2017 18:31,8.792
3339,5/12/2017 18:32,8.817
3340,5/12/2017 18:33,8.841
3341,5/12/2017 18:34,8.891
3342,5/12/2017 18:35,8.941
3343,5/12/2017 18:36,8.99
3344,5/12/2017 18:37,8.99
3345,5/12/2017 18:38,8.99
3346,5/12/2017 18:39,9.015
3347,5/12/2017 18:40,9.015
3348,5/12/2017 18:41,8.99
3349,5/12/2017 18:42,8.941
3350,5/12/2017 18:43,8.916
3351,5/12/2017 18:44,8.965
3352,5/12/2017 18:45,8.916
3353,5/12/2017 18:46,8.841
3354,5/12/2017 18:47,8.792
3355,5/12/2017 18:48,8.792
3356,5/12/2017 18:49,8.767
3357,5/12/2017 18:50,8.717
3358,5/12/2017 18:51,8.717
3359,5/12/2017 18:52,8.742
3360,5/12/2017 18:53,8.717
3361,5/12/2017 18:54,8.693
3362,5/12/2017 18:55,8.668
3363,5/12/2017 18:56,8.643
3364,5/12/2017 18:57,8.618
3365,5/12/2017 18:58,8.593
3366,5/12/2017 18:59,8.593
3367,5/12/2017 19:00,8.568
3368,5/12/2017 19:01,8.568
3369,5/12/2017 19:02,8.643
3370,5/12/2017 19:03,8.668
3371,5/12/2017 19:04,8.717
3372,5/12/2017 19:05,8.742
3373,5/12/2017 19:06,8.742
3374,5/12/2017 19:07,8.792
3375,5/12/2017 19:08,8.841
3376,5/12/2017 19:09,8.891
3377,5/12/2017 19:10,8.941
3378,5/12/2017 19:11,9.015
3379,5/12/2017 19:12,9.064
3380,5/12/2017 19:13,9.089
3381,5/12/2017 19:14,9.114
3382,5/12/2017 19:15,9.139
3383,5/12/2017 19:16,9.139
3384,5/12/2017 19:17,9.089
3385,5/12/2017 19:18,9.089
3386,5/12/2017 19:19,9.089
3387,5/12/2017 19:20,9.114
3388,5/12/2017 19:21,9.139
3389,5/12/2017 19:22,9.139
3390,5/12/2017 19:23,9.163
3391,5/12/2017 19:24,9.213
3392,5/12/2017 19:25,9.238
3393,5/12/2017 19:26,9.262
3394,5/12/2017 19:27,9.213
3395,5/12/2017 19:28,9.213
3396,5/12/2017 19:29,9.213
3397,5/12/2017 19:30,9.213
3398,5/12/2017 19:31,9.262
3399,5/12/2017 19:32,9.287
3400,5/12/2017 19:33,9.287
3401,5/12/2017 19:34,9.312
3402,5/12/2017 19:35,9.336
3403,5/12/2017 19:36,9.361
3404,5/12/2017 19:37,9.41
3405,5/12/2017 19:38,9.485
3406,5/12/2017 19:39,9.509
3407,5/12/2017 19:40,9.558
3408,5/12/2017 19:41,9.558
3409,5/12/2017 19:42,9.534
3410,5/12/2017 19:43,9.509
3411,5/12/2017 19:44,9.485
3412,5/12/2017 19:45,9.46
3413,5/12/2017 19:46,9.485
3414,5/12/2017 19:47,9.509
3415,5/12/2017 19:48,9.534
3416,5/12/2017 19:49,9.534
3417,5/12/2017 19:50,9.509
3418,5/12/2017 19:51,9.485
3419,5/12/2017 19:52,9.485
3420,5/12/2017 19:53,9.485
3421,5/12/2017 19:54,9.509
3422,5/12/2017 19:55,9.534
3423,5/12/2017 19:56,9.534
3424,5/12/2017 19:57,9.509
3425,5/12/2017 19:58,9.509
3426,5/12/2017 19:59,9.534
3427,5/12/2017 20:00,9.558
3428,5/12/2017 20:01,9.534
3429,5/12/2017 20:02,9.509
3430,5/12/2017 20:03,9.509
3431,5/12/2017 20:04,9.534
3432,5/12/2017 20:05,9.558
3433,5/12/2017 20:06,9.558
3434,5/12/2017 20:07,9.534
3435,5/12/2017 20:08,9.509
3436,5/12/2017 20:09,9.509
3437,5/12/2017 20:10,9.509
3438,5/12/2017 20:11,9.509
3439,5/12/2017 20:12,9.509
3440,5/12/2017 20:13,9.485
3441,5/12/2017 20:14,9.46
3442,5/12/2017 20:15,9.46
3443,5/12/2017 20:16,9.46
3444,5/12/2017 20:17,9.435
3445,5/12/2017 20:18,9.41
3446,5/12/2017 20:19,9.386
3447,5/12/2017 20:20,9.361
3448,5/12/2017 20:21,9.41
3449,5/12/2017 20:22,9.435
3450,5/12/2017 20:23,9.41
3451,5/12/2017 20:24,9.386
3452,5/12/2017 20:25,9.361
3453,5/12/2017 20:26,9.361
3454,5/12/2017 20:27,9.312
3455,5/12/2017 20:28,9.312
3456,5/12/2017 20:29,9.361
3457,5/12/2017 20:30,9.336
3458,5/12/2017 20:31,9.312
3459,5/12/2017 20:32,9.287
3460,5/12/2017 20:33,9.262
3461,5/12/2017 20:34,9.238
3462,5/12/2017 20:35,9.213
3463,5/12/2017 20:36,9.213
3464,5/12/2017 20:37,9.213
3465,5/12/2017 20:38,9.188
3466,5/12/2017 20:39,9.163
3467,5/12/2017 20:40,9.163
3468,5/12/2017 20:41,9.139
3469,5/12/2017 20:42,9.114
3470,5/12/2017 20:43,9.089
3471,5/12/2017 20:44,9.064
3472,5/12/2017 20:45,9.064
3473,5/12/2017 20:46,9.04
3474,5/12/2017 20:47,9.015
3475,5/12/2017 20:48,9.015
3476,5/12/2017 20:49,8.99
3477,5/12/2017 20:50,8.99
3478,5/12/2017 20:51,8.965
3479,5/12/2017 20:52,8.941
3480,5/12/2017 20:53,8.941
3481,5/12/2017 20:54,8.965
3482,5/12/2017 20:55,8.965
3483,5/12/2017 20:56,8.965
3484,5/12/2017 20:57,8.99
3485,5/12/2017 20:58,9.015
3486,5/12/2017 20:59,9.064
3487,5/12/2017 21:00,9.114
3488,5/12/2017 21:01,9.139
3489,5/12/2017 21:02,9.163
3490,5/12/2017 21:03,9.188
3491,5/12/2017 21:04,9.213
3492,5/12/2017 21:05,9.213
3493,5/12/2017 21:06,9.213
3494,5/12/2017 21:07,9.213
3495,5/12/2017 21:08,9.238
3496,5/12/2017 21:09,9.238
3497,5/12/2017 21:10,9.238
3498,5/12/2017 21:11,9.262
3499,5/12/2017 21:12,9.287
3500,5/12/2017 21:13,9.262
3501,5/12/2017 21:14,9.262
3502,5/12/2017 21:15,9.262
3503,5/12/2017 21:16,9.262
3504,5/12/2017 21:17,9.238
3505,5/12/2017 21:18,9.213
3506,5/12/2017 21:19,9.213
3507,5/12/2017 21:20,9.213
3508,5/12/2017 21:21,9.139
3509,5/12/2017 21:22,9.163
3510,5/12/2017 21:23,9.163
3511,5/12/2017 21:24,9.139
3512,5/12/2017 21:25,9.114
3513,5/12/2017 21:26,9.114
3514,5/12/2017 21:27,9.114
3515,5/12/2017 21:28,9.114
3516,5/12/2017 21:29,9.114
3517,5/12/2017 21:30,9.089
3518,5/12/2017 21:31,9.064
3519,5/12/2017 21:32,9.064
3520,5/12/2017 21:33,9.015
3521,5/12/2017 21:34,9.015
3522,5/12/2017 21:35,9.015
3523,5/12/2017 21:36,9.04
3524,5/12/2017 21:37,9.04
3525,5/12/2017 21:38,9.015
3526,5/12/2017 21:39,9.015
3527,5/12/2017 21:40,9.015
3528,5/12/2017 21:41,9.04
3529,5/12/2017 21:42,9.04
3530,5/12/2017 21:43,9.015
3531,5/12/2017 21:44,9.015
3532,5/12/2017 21:45,9.064
3533,5/12/2017 21:46,9.064
3534,5/12/2017 21:47,9.04
3535,5/12/2017 21:48,9.04
3536,5/12/2017 21:49,9.015
3537,5/12/2017 21:50,9.015
3538,5/12/2017 21:51,9.064
3539,5/12/2017 21:52,9.015
3540,5/12/2017 21:53,9.04
3541,5/12/2017 21:54,9.04
3542,5/12/2017 21:55,8.99
3543,5/12/2017 21:56,8.99
3544,5/12/2017 21:57,8.99
3545,5/12/2017 21:58,8.99
3546,5/12/2017 21:59,9.015
3547,5/12/2017 22:00,9.015
3548,5/12/2017 22:01,8.99
3549,5/12/2017 22:02,8.99
3550,5/12/2017 22:03,9.015
3551,5/12/2017 22:04,9.015
3552,5/12/2017 22:05,8.99
3553,5/12/2017 22:06,9.015
3554,5/12/2017 22:07,8.99
3555,5/12/2017 22:08,8.941
3556,5/12/2017 22:09,8.941
3557,5/12/2017 22:10,8.965
3558,5/12/2017 22:11,8.941
3559,5/12/2017 22:12,8.941
3560,5/12/2017 22:13,8.941
3561,5/12/2017 22:14,8.99
3562,5/12/2017 22:15,9.04
3563,5/12/2017 22:16,9.015
3564,5/12/2017 22:17,8.99
3565,5/12/2017 22:18,8.941
3566,5/12/2017 22:19,8.891
3567,5/12/2017 22:20,8.891
3568,5/12/2017 22:21,8.891
3569,5/12/2017 22:22,8.866
3570,5/12/2017 22:23,8.866
3571,5/12/2017 22:24,8.866
3572,5/12/2017 22:25,8.817
3573,5/12/2017 22:26,8.817
3574,5/12/2017 22:27,8.792
3575,5/12/2017 22:28,8.767
3576,5/12/2017 22:29,8.717
3577,5/12/2017 22:30,8.693
3578,5/12/2017 22:31,8.693
3579,5/12/2017 22:32,8.693
3580,5/12/2017 22:33,8.668
3581,5/12/2017 22:34,8.643
3582,5/12/2017 22:35,8.618
3583,5/12/2017 22:36,8.618
3584,5/12/2017 22:37,8.593
3585,5/12/2017 22:38,8.568
3586,5/12/2017 22:39,8.568
3587,5/12/2017 22:40,8.543
3588,5/12/2017 22:41,8.519
3589,5/12/2017 22:42,8.543
3590,5/12/2017 22:43,8.519
3591,5/12/2017 22:44,8.519
3592,5/12/2017 22:45,8.494
3593,5/12/2017 22:46,8.469
3594,5/12/2017 22:47,8.419
3595,5/12/2017 22:48,8.419
3596,5/12/2017 22:49,8.394
3597,5/12/2017 22:50,8.369
3598,5/12/2017 22:51,8.369
3599,5/12/2017 22:52,8.369
3600,5/12/2017 22:53,8.344
3601,5/12/2017 22:54,8.319
3602,5/12/2017 22:55,8.319
3603,5/12/2017 22:56,8.319
3604,5/12/2017 22:57,8.344
3605,5/12/2017 22:58,8.344
3606,5/12/2017 22:59,8.344
3607,5/12/2017 23:00,8.319
3608,5/12/2017 23:01,8.319
3609,5/12/2017 23:02,8.344
3610,5/12/2017 23:03,8.344
3611,5/12/2017 23:04,8.344
3612,5/12/2017 23:05,8.319
3613,5/12/2017 23:06,8.319
3614,5/12/2017 23:07,8.295
3615,5/12/2017 23:08,8.27
3616,5/12/2017 23:09,8.27
3617,5/12/2017 23:10,8.295
3618,5/12/2017 23:11,8.295
3619,5/12/2017 23:12,8.295
3620,5/12/2017 23:13,8.319
3621,5/12/2017 23:14,8.319
3622,5/12/2017 23:15,8.295
3623,5/12/2017 23:16,8.295
3624,5/12/2017 23:17,8.295
3625,5/12/2017 23:18,8.295
3626,5/12/2017 23:19,8.319
3627,5/12/2017 23:20,8.319
3628,5/12/2017 23:21,8.295
3629,5/12/2017 23:22,8.295
3630,5/12/2017 23:23,8.295
3631,5/12/2017 23:24,8.295
3632,5/12/2017 23:25,8.295
3633,5/12/2017 23:26,8.27
3634,5/12/2017 23:27,8.27
3635,5/12/2017 23:28,8.27
3636,5/12/2017 23:29,8.27
3637,5/12/2017 23:30,8.27
3638,5/12/2017 23:31,8.27
3639,5/12/2017 23:32,8.27
3640,5/12/2017 23:33,8.27
3641,5/12/2017 23:34,8.27
3642,5/12/2017 23:35,8.295
3643,5/12/2017 23:36,8.295
3644,5/12/2017 23:37,8.295
3645,5/12/2017 23:38,8.295
3646,5/12/2017 23:39,8.295
3647,5/12/2017 23:40,8.27
3648,5/12/2017 23:41,8.27
3649,5/12/2017 23:42,8.245
3650,5/12/2017 23:43,8.245
3651,5/12/2017 23:44,8.27
3652,5/12/2017 23:45,8.27
3653,5/12/2017 23:46,8.27
3654,5/12/2017 23:47,8.27
3655,5/12/2017 23:48,8.27
3656,5/12/2017 23:49,8.27
3657,5/12/2017 23:50,8.295
3658,5/12/2017 23:51,8.295
3659,5/12/2017 23:52,8.27
3660,5/12/2017 23:53,8.295
3661,5/12/2017 23:54,8.295
3662,5/12/2017 23:55,8.295
3663,5/12/2017 23:56,8.295
3664,5/12/2017 23:57,8.319
3665,5/12/2017 23:58,8.319
3666,5/12/2017 23:59,8.295
3667,5/13/2017 0:00,8.295
3668,5/13/2017 0:01,8.295
3669,5/13/2017 0:02,8.295
3670,5/13/2017 0:03,8.295
3671,5/13/2017 0:04,8.295
3672,5/13/2017 0:05,8.295
3673,5/13/2017 0:06,8.295
3674,5/13/2017 0:07,8.295
3675,5/13/2017 0:08,8.295
3676,5/13/2017 0:09,8.295
3677,5/13/2017 0:10,8.319
3678,5/13/2017 0:11,8.319
3679,5/13/2017 0:12,8.344
3680,5/13/2017 0:13,8.344
3681,5/13/2017 0:14,8.344
3682,5/13/2017 0:15,8.344
3683,5/13/2017 0:16,8.344
3684,5/13/2017 0:17,8.369
3685,5/13/2017 0:18,8.344
3686,5/13/2017 0:19,8.344
3687,5/13/2017 0:20,8.344
3688,5/13/2017 0:21,8.344
3689,5/13/2017 0:22,8.319
3690,5/13/2017 0:23,8.319
3691,5/13/2017 0:24,8.344
3692,5/13/2017 0:25,8.319
3693,5/13/2017 0:26,8.319
3694,5/13/2017 0:27,8.319
3695,5/13/2017 0:28,8.319
3696,5/13/2017 0:29,8.319
3697,5/13/2017 0:30,8.319
3698,5/13/2017 0:31,8.319
3699,5/13/2017 0:32,8.319
3700,5/13/2017 0:33,8.319
3701,5/13/2017 0:34,8.319
3702,5/13/2017 0:35,8.319
3703,5/13/2017 0:36,8.319
3704,5/13/2017 0:37,8.319
3705,5/13/2017 0:38,8.319
3706,5/13/2017 0:39,8.319
3707,5/13/2017 0:40,8.319
3708,5/13/2017 0:41,8.319
3709,5/13/2017 0:42,8.344
3710,5/13/2017 0:43,8.394
3711,5/13/2017 0:44,8.394
3712,5/13/2017 0:45,8.369
3713,5/13/2017 0:46,8.419
3714,5/13/2017 0:47,8.394
3715,5/13/2017 0:48,8.444
3716,5/13/2017 0:49,8.469
3717,5/13/2017 0:50,8.519
3718,5/13/2017 0:51,8.543
3719,5/13/2017 0:52,8.543
3720,5/13/2017 0:53,8.568
3721,5/13/2017 0:54,8.593
3722,5/13/2017 0:55,8.593
3723,5/13/2017 0:56,8.618
3724,5/13/2017 0:57,8.618
3725,5/13/2017 0:58,8.643
3726,5/13/2017 0:59,8.668
3727,5/13/2017 1:00,8.693
3728,5/13/2017 1:01,8.717
3729,5/13/2017 1:02,8.717
3730,5/13/2017 1:03,8.717
3731,5/13/2017 1:04,8.693
3732,5/13/2017 1:05,8.668
3733,5/13/2017 1:06,8.618
3734,5/13/2017 1:07,8.593
3735,5/13/2017 1:08,8.543
3736,5/13/2017 1:09,8.543
3737,5/13/2017 1:10,8.519
3738,5/13/2017 1:11,8.519
3739,5/13/2017 1:12,8.593
3740,5/13/2017 1:13,8.618
3741,5/13/2017 1:14,8.618
3742,5/13/2017 1:15,8.618
3743,5/13/2017 1:16,8.643
3744,5/13/2017 1:17,8.668
3745,5/13/2017 1:18,8.668
3746,5/13/2017 1:19,8.668
3747,5/13/2017 1:20,8.643
3748,5/13/2017 1:21,8.618
3749,5/13/2017 1:22,8.618
3750,5/13/2017 1:23,8.618
3751,5/13/2017 1:24,8.668
3752,5/13/2017 1:25,8.668
3753,5/13/2017 1:26,8.668
3754,5/13/2017 1:27,8.668
3755,5/13/2017 1:28,8.693
3756,5/13/2017 1:29,8.693
3757,5/13/2017 1:30,8.742
3758,5/13/2017 1:31,8.742
3759,5/13/2017 1:32,8.767
3760,5/13/2017 1:33,8.792
3761,5/13/2017 1:34,8.841
3762,5/13/2017 1:35,8.866
3763,5/13/2017 1:36,8.866
3764,5/13/2017 1:37,8.841
3765,5/13/2017 1:38,8.841
3766,5/13/2017 1:39,8.817
3767,5/13/2017 1:40,8.792
3768,5/13/2017 1:41,8.792
3769,5/13/2017 1:42,8.742
3770,5/13/2017 1:43,8.693
3771,5/13/2017 1:44,8.668
3772,5/13/2017 1:45,8.668
3773,5/13/2017 1:46,8.643
3774,5/13/2017 1:47,8.643
3775,5/13/2017 1:48,8.643
3776,5/13/2017 1:49,8.643
3777,5/13/2017 1:50,8.618
3778,5/13/2017 1:51,8.593
3779,5/13/2017 1:52,8.593
3780,5/13/2017 1:53,8.618
3781,5/13/2017 1:54,8.618
3782,5/13/2017 1:55,8.593
3783,5/13/2017 1:56,8.618
3784,5/13/2017 1:57,8.593
3785,5/13/2017 1:58,8.568
3786,5/13/2017 1:59,8.568
3787,5/13/2017 2:00,8.568
3788,5/13/2017 2:01,8.568
3789,5/13/2017 2:02,8.543
3790,5/13/2017 2:03,8.568
3791,5/13/2017 2:04,8.568
3792,5/13/2017 2:05,8.568
3793,5/13/2017 2:06,8.543
3794,5/13/2017 2:07,8.519
3795,5/13/2017 2:08,8.519
3796,5/13/2017 2:09,8.519
3797,5/13/2017 2:10,8.494
3798,5/13/2017 2:11,8.519
3799,5/13/2017 2:12,8.519
3800,5/13/2017 2:13,8.494
3801,5/13/2017 2:14,8.494
3802,5/13/2017 2:15,8.469
3803,5/13/2017 2:16,8.469
3804,5/13/2017 2:17,8.469
3805,5/13/2017 2:18,8.444
3806,5/13/2017 2:19,8.444
3807,5/13/2017 2:20,8.419
3808,5/13/2017 2:21,8.419
3809,5/13/2017 2:22,8.394
3810,5/13/2017 2:23,8.419
3811,5/13/2017 2:24,8.419
3812,5/13/2017 2:25,8.394
3813,5/13/2017 2:26,8.419
3814,5/13/2017 2:27,8.394
3815,5/13/2017 2:28,8.369
3816,5/13/2017 2:29,8.369
3817,5/13/2017 2:30,8.369
3818,5/13/2017 2:31,8.369
3819,5/13/2017 2:32,8.369
3820,5/13/2017 2:33,8.344
3821,5/13/2017 2:34,8.394
3822,5/13/2017 2:35,8.419
3823,5/13/2017 2:36,8.419
3824,5/13/2017 2:37,8.394
3825,5/13/2017 2:38,8.419
3826,5/13/2017 2:39,8.419
3827,5/13/2017 2:40,8.419
3828,5/13/2017 2:41,8.494
3829,5/13/2017 2:42,8.444
3830,5/13/2017 2:43,8.469
3831,5/13/2017 2:44,8.519
3832,5/13/2017 2:45,8.519
3833,5/13/2017 2:46,8.494
3834,5/13/2017 2:47,8.519
3835,5/13/2017 2:48,8.519
3836,5/13/2017 2:49,8.494
3837,5/13/2017 2:50,8.469
3838,5/13/2017 2:51,8.444
3839,5/13/2017 2:52,8.419
3840,5/13/2017 2:53,8.394
3841,5/13/2017 2:54,8.369
3842,5/13/2017 2:55,8.344
3843,5/13/2017 2:56,8.319
3844,5/13/2017 2:57,8.319
3845,5/13/2017 2:58,8.295
3846,5/13/2017 2:59,8.27
3847,5/13/2017 3:00,8.27
3848,5/13/2017 3:01,8.27
3849,5/13/2017 3:02,8.22
3850,5/13/2017 3:03,8.22
3851,5/13/2017 3:04,8.22
3852,5/13/2017 3:05,8.195
3853,5/13/2017 3:06,8.17
3854,5/13/2017 3:07,8.17
3855,5/13/2017 3:08,8.145
3856,5/13/2017 3:09,8.12
3857,5/13/2017 3:10,8.12
3858,5/13/2017 3:11,8.095
3859,5/13/2017 3:12,8.095
3860,5/13/2017 3:13,8.095
3861,5/13/2017 3:14,8.095
3862,5/13/2017 3:15,8.07
3863,5/13/2017 3:16,8.07
3864,5/13/2017 3:17,8.07
3865,5/13/2017 3:18,8.07
3866,5/13/2017 3:19,8.07
3867,5/13/2017 3:20,8.045
3868,5/13/2017 3:21,8.045
3869,5/13/2017 3:22,8.045
3870,5/13/2017 3:23,8.045
3871,5/13/2017 3:24,8.045
3872,5/13/2017 3:25,8.02
3873,5/13/2017 3:26,8.02
3874,5/13/2017 3:27,7.995
3875,5/13/2017 3:28,7.995
3876,5/13/2017 3:29,7.995
3877,5/13/2017 3:30,7.995
3878,5/13/2017 3:31,7.97
3879,5/13/2017 3:32,7.97
3880,5/13/2017 3:33,7.995
3881,5/13/2017 3:34,8.02
3882,5/13/2017 3:35,8.02
3883,5/13/2017 3:36,8.02
3884,5/13/2017 3:37,8.02
3885,5/13/2017 3:38,7.995
3886,5/13/2017 3:39,7.995
3887,5/13/2017 3:40,7.995
3888,5/13/2017 3:41,7.995
3889,5/13/2017 3:42,7.995
3890,5/13/2017 3:43,8.02
3891,5/13/2017 3:44,8.02
3892,5/13/2017 3:45,8.02
3893,5/13/2017 3:46,8.045
3894,5/13/2017 3:47,8.07
3895,5/13/2017 3:48,8.095
3896,5/13/2017 3:49,8.095
3897,5/13/2017 3:50,8.095
3898,5/13/2017 3:51,8.095
3899,5/13/2017 3:52,8.095
3900,5/13/2017 3:53,8.12
3901,5/13/2017 3:54,8.195
3902,5/13/2017 3:55,8.245
3903,5/13/2017 3:56,8.27
3904,5/13/2017 3:57,8.295
3905,5/13/2017 3:58,8.344
3906,5/13/2017 3:59,8.344
3907,5/13/2017 4:00,8.344
3908,5/13/2017 4:01,8.319
3909,5/13/2017 4:02,8.295
3910,5/13/2017 4:03,8.27
3911,5/13/2017 4:04,8.22
3912,5/13/2017 4:05,8.22
3913,5/13/2017 4:06,8.195
3914,5/13/2017 4:07,8.17
3915,5/13/2017 4:08,8.17
3916,5/13/2017 4:09,8.145
3917,5/13/2017 4:10,8.145
3918,5/13/2017 4:11,8.12
3919,5/13/2017 4:12,8.145
3920,5/13/2017 4:13,8.145
3921,5/13/2017 4:14,8.145
3922,5/13/2017 4:15,8.12
3923,5/13/2017 4:16,8.12
3924,5/13/2017 4:17,8.145
3925,5/13/2017 4:18,8.12
3926,5/13/2017 4:19,8.12
3927,5/13/2017 4:20,8.095
3928,5/13/2017 4:21,8.07
3929,5/13/2017 4:22,8.07
3930,5/13/2017 4:23,8.045
3931,5/13/2017 4:24,8.02
3932,5/13/2017 4:25,8.02
3933,5/13/2017 4:26,7.995
3934,5/13/2017 4:27,8.02
3935,5/13/2017 4:28,8.02
3936,5/13/2017 4:29,8.12
3937,5/13/2017 4:30,8.17
3938,5/13/2017 4:31,8.17
3939,5/13/2017 4:32,8.22
3940,5/13/2017 4:33,8.195
3941,5/13/2017 4:34,8.195
3942,5/13/2017 4:35,8.245
3943,5/13/2017 4:36,8.295
3944,5/13/2017 4:37,8.27
3945,5/13/2017 4:38,8.295
3946,5/13/2017 4:39,8.295
3947,5/13/2017 4:40,8.319
3948,5/13/2017 4:41,8.344
3949,5/13/2017 4:42,8.344
3950,5/13/2017 4:43,8.369
3951,5/13/2017 4:44,8.344
3952,5/13/2017 4:45,8.344
3953,5/13/2017 4:46,8.369
3954,5/13/2017 4:47,8.369
3955,5/13/2017 4:48,8.394
3956,5/13/2017 4:49,8.444
3957,5/13/2017 4:50,8.494
3958,5/13/2017 4:51,8.519
3959,5/13/2017 4:52,8.543
3960,5/13/2017 4:53,8.543
3961,5/13/2017 4:54,8.519
3962,5/13/2017 4:55,8.543
3963,5/13/2017 4:56,8.593
3964,5/13/2017 4:57,8.618
3965,5/13/2017 4:58,8.618
3966,5/13/2017 4:59,8.593
3967,5/13/2017 5:00,8.593
3968,5/13/2017 5:01,8.593
3969,5/13/2017 5:02,8.568
3970,5/13/2017 5:03,8.543
3971,5/13/2017 5:04,8.543
3972,5/13/2017 5:05,8.568
3973,5/13/2017 5:06,8.593
3974,5/13/2017 5:07,8.568
3975,5/13/2017 5:08,8.568
3976,5/13/2017 5:09,8.568
3977,5/13/2017 5:10,8.593
3978,5/13/2017 5:11,8.568
3979,5/13/2017 5:12,8.618
3980,5/13/2017 5:13,8.668
3981,5/13/2017 5:14,8.693
3982,5/13/2017 5:15,8.668
3983,5/13/2017 5:16,8.668
3984,5/13/2017 5:17,8.643
3985,5/13/2017 5:18,8.618
3986,5/13/2017 5:19,8.618
3987,5/13/2017 5:20,8.618
3988,5/13/2017 5:21,8.643
3989,5/13/2017 5:22,8.593
3990,5/13/2017 5:23,8.568
3991,5/13/2017 5:24,8.568
3992,5/13/2017 5:25,8.543
3993,5/13/2017 5:26,8.593
3994,5/13/2017 5:27,8.568
3995,5/13/2017 5:28,8.494
3996,5/13/2017 5:29,8.419
3997,5/13/2017 5:30,8.394
3998,5/13/2017 5:31,8.369
3999,5/13/2017 5:32,8.344
4000,5/13/2017 5:33,8.369
4001,5/13/2017 5:34,8.394
4002,5/13/2017 5:35,8.394
4003,5/13/2017 5:36,8.419
4004,5/13/2017 5:37,8.369
4005,5/13/2017 5:38,8.394
4006,5/13/2017 5:39,8.394
4007,5/13/2017 5:40,8.369
4008,5/13/2017 5:41,8.319
4009,5/13/2017 5:42,8.295
4010,5/13/2017 5:43,8.245
4011,5/13/2017 5:44,8.295
4012,5/13/2017 5:45,8.295
4013,5/13/2017 5:46,8.27
4014,5/13/2017 5:47,8.27
4015,5/13/2017 5:48,8.245
4016,5/13/2017 5:49,8.22
4017,5/13/2017 5:50,8.27
4018,5/13/2017 5:51,8.245
4019,5/13/2017 5:52,8.22
4020,5/13/2017 5:53,8.245
4021,5/13/2017 5:54,8.22
4022,5/13/2017 5:55,8.195
4023,5/13/2017 5:56,8.17
4024,5/13/2017 5:57,8.17
4025,5/13/2017 5:58,8.17
4026,5/13/2017 5:59,8.17
4027,5/13/2017 6:00,8.145
4028,5/13/2017 6:01,8.145
4029,5/13/2017 6:02,8.12
4030,5/13/2017 6:03,8.12
4031,5/13/2017 6:04,8.145
4032,5/13/2017 6:05,8.145
4033,5/13/2017 6:06,8.17
4034,5/13/2017 6:07,8.17
4035,5/13/2017 6:08,8.195
4036,5/13/2017 6:09,8.195
4037,5/13/2017 6:10,8.195
4038,5/13/2017 6:11,8.195
4039,5/13/2017 6:12,8.17
4040,5/13/2017 6:13,8.195
4041,5/13/2017 6:14,8.195
4042,5/13/2017 6:15,8.17
4043,5/13/2017 6:16,8.145
4044,5/13/2017 6:17,8.12
4045,5/13/2017 6:18,8.12
4046,5/13/2017 6:19,8.12
4047,5/13/2017 6:20,8.145
4048,5/13/2017 6:21,8.17
4049,5/13/2017 6:22,8.145
4050,5/13/2017 6:23,8.12
4051,5/13/2017 6:24,8.17
4052,5/13/2017 6:25,8.195
4053,5/13/2017 6:26,8.195
4054,5/13/2017 6:27,8.17
4055,5/13/2017 6:28,8.145
4056,5/13/2017 6:29,8.145
4057,5/13/2017 6:30,8.095
4058,5/13/2017 6:31,8.07
4059,5/13/2017 6:32,8.045
4060,5/13/2017 6:33,8.045
4061,5/13/2017 6:34,8.045
4062,5/13/2017 6:35,8.02
4063,5/13/2017 6:36,8.02
4064,5/13/2017 6:37,8.02
4065,5/13/2017 6:38,8.02
4066,5/13/2017 6:39,8.02
4067,5/13/2017 6:40,7.995
4068,5/13/2017 6:41,7.97
4069,5/13/2017 6:42,7.97
4070,5/13/2017 6:43,7.97
4071,5/13/2017 6:44,7.97
4072,5/13/2017 6:45,7.945
4073,5/13/2017 6:46,7.945
4074,5/13/2017 6:47,7.945
4075,5/13/2017 6:48,7.97
4076,5/13/2017 6:49,7.97
4077,5/13/2017 6:50,7.97
4078,5/13/2017 6:51,7.97
4079,5/13/2017 6:52,7.995
4080,5/13/2017 6:53,8.045
4081,5/13/2017 6:54,8.07
4082,5/13/2017 6:55,8.095
4083,5/13/2017 6:56,8.07
4084,5/13/2017 6:57,8.045
4085,5/13/2017 6:58,8.02
4086,5/13/2017 6:59,7.995
4087,5/13/2017 7:00,7.97
4088,5/13/2017 7:01,7.97
4089,5/13/2017 7:02,7.97
4090,5/13/2017 7:03,7.97
4091,5/13/2017 7:04,7.995
4092,5/13/2017 7:05,7.995
4093,5/13/2017 7:06,7.995
4094,5/13/2017 7:07,7.995
4095,5/13/2017 7:08,7.995
4096,5/13/2017 7:09,7.97
4097,5/13/2017 7:10,7.97
4098,5/13/2017 7:11,7.97
4099,5/13/2017 7:12,7.995
4100,5/13/2017 7:13,8.02
4101,5/13/2017 7:14,8.045
4102,5/13/2017 7:15,8.07
4103,5/13/2017 7:16,8.095
4104,5/13/2017 7:17,8.12
4105,5/13/2017 7:18,8.095
4106,5/13/2017 7:19,8.12
4107,5/13/2017 7:20,8.095
4108,5/13/2017 7:21,8.095
4109,5/13/2017 7:22,8.095
4110,5/13/2017 7:23,8.095
4111,5/13/2017 7:24,8.095
4112,5/13/2017 7:25,8.095
4113,5/13/2017 7:26,8.095
4114,5/13/2017 7:27,8.12
4115,5/13/2017 7:28,8.12
4116,5/13/2017 7:29,8.145
4117,5/13/2017 7:30,8.195
4118,5/13/2017 7:31,8.195
4119,5/13/2017 7:32,8.195
4120,5/13/2017 7:33,8.195
4121,5/13/2017 7:34,8.17
4122,5/13/2017 7:35,8.17
4123,5/13/2017 7:36,8.17
4124,5/13/2017 7:37,8.17
4125,5/13/2017 7:38,8.145
4126,5/13/2017 7:39,8.145
4127,5/13/2017 7:40,8.145
4128,5/13/2017 7:41,8.12
4129,5/13/2017 7:42,8.12
4130,5/13/2017 7:43,8.12
4131,5/13/2017 7:44,8.17
4132,5/13/2017 7:45,8.17
4133,5/13/2017 7:46,8.17
4134,5/13/2017 7:47,8.17
4135,5/13/2017 7:48,8.17
4136,5/13/2017 7:49,8.195
4137,5/13/2017 7:50,8.22
4138,5/13/2017 7:51,8.22
4139,5/13/2017 7:52,8.22
4140,5/13/2017 7:53,8.22
4141,5/13/2017 7:54,8.245
4142,5/13/2017 7:55,8.27
4143,5/13/2017 7:56,8.27
4144,5/13/2017 7:57,8.245
4145,5/13/2017 7:58,8.27
4146,5/13/2017 7:59,8.27
4147,5/13/2017 8:00,8.27
4148,5/13/2017 8:01,8.27
4149,5/13/2017 8:02,8.245
4150,5/13/2017 8:03,8.27
4151,5/13/2017 8:04,8.27
4152,5/13/2017 8:05,8.295
4153,5/13/2017 8:06,8.369
4154,5/13/2017 8:07,8.469
4155,5/13/2017 8:08,8.494
4156,5/13/2017 8:09,8.543
4157,5/13/2017 8:10,8.593
4158,5/13/2017 8:11,8.618
4159,5/13/2017 8:12,8.618
4160,5/13/2017 8:13,8.643
4161,5/13/2017 8:14,8.668
4162,5/13/2017 8:15,8.643
4163,5/13/2017 8:16,8.643
4164,5/13/2017 8:17,8.668
4165,5/13/2017 8:18,8.643
4166,5/13/2017 8:19,8.668
4167,5/13/2017 8:20,8.668
4168,5/13/2017 8:21,8.643
4169,5/13/2017 8:22,8.593
4170,5/13/2017 8:23,8.568
4171,5/13/2017 8:24,8.519
4172,5/13/2017 8:25,8.494
4173,5/13/2017 8:26,8.469
4174,5/13/2017 8:27,8.469
4175,5/13/2017 8:28,8.444
4176,5/13/2017 8:29,8.494
4177,5/13/2017 8:30,8.469
4178,5/13/2017 8:31,8.469
4179,5/13/2017 8:32,8.469
4180,5/13/2017 8:33,8.469
4181,5/13/2017 8:34,8.444
4182,5/13/2017 8:35,8.394
4183,5/13/2017 8:36,8.419
4184,5/13/2017 8:37,8.394
4185,5/13/2017 8:38,8.394
4186,5/13/2017 8:39,8.369
4187,5/13/2017 8:40,8.369
4188,5/13/2017 8:41,8.369
4189,5/13/2017 8:42,8.344
4190,5/13/2017 8:43,8.344
4191,5/13/2017 8:44,8.319
4192,5/13/2017 8:45,8.295
4193,5/13/2017 8:46,8.27
4194,5/13/2017 8:47,8.245
4195,5/13/2017 8:48,8.22
4196,5/13/2017 8:49,8.22
4197,5/13/2017 8:50,8.195
4198,5/13/2017 8:51,8.195
4199,5/13/2017 8:52,8.195
4200,5/13/2017 8:53,8.195
4201,5/13/2017 8:54,8.22
4202,5/13/2017 8:55,8.17
4203,5/13/2017 8:56,8.145
4204,5/13/2017 8:57,8.145
4205,5/13/2017 8:58,8.145
4206,5/13/2017 8:59,8.145
4207,5/13/2017 9:00,8.145
4208,5/13/2017 9:01,8.17
4209,5/13/2017 9:02,8.17
4210,5/13/2017 9:03,8.195
4211,5/13/2017 9:04,8.22
4212,5/13/2017 9:05,8.245
4213,5/13/2017 9:06,8.27
4214,5/13/2017 9:07,8.295
4215,5/13/2017 9:08,8.295
4216,5/13/2017 9:09,8.27
4217,5/13/2017 9:10,8.319
4218,5/13/2017 9:11,8.419
4219,5/13/2017 9:12,8.369
4220,5/13/2017 9:13,8.319
4221,5/13/2017 9:14,8.295
4222,5/13/2017 9:15,8.245
4223,5/13/2017 9:16,8.22
4224,5/13/2017 9:17,8.22
4225,5/13/2017 9:18,8.22
4226,5/13/2017 9:19,8.245
4227,5/13/2017 9:20,8.22
4228,5/13/2017 9:21,8.22
4229,5/13/2017 9:22,8.17
4230,5/13/2017 9:23,8.12
4231,5/13/2017 9:24,8.095
4232,5/13/2017 9:25,8.07
4233,5/13/2017 9:26,8.07
4234,5/13/2017 9:27,8.02
4235,5/13/2017 9:28,8.045
4236,5/13/2017 9:29,8.095
4237,5/13/2017 9:30,8.045
4238,5/13/2017 9:31,8.045
4239,5/13/2017 9:32,7.995
4240,5/13/2017 9:33,8.02
4241,5/13/2017 9:34,8.02
4242,5/13/2017 9:35,8.07
4243,5/13/2017 9:36,8.17
4244,5/13/2017 9:37,8.27
4245,5/13/2017 9:38,8.344
4246,5/13/2017 9:39,8.419
4247,5/13/2017 9:40,8.519
4248,5/13/2017 9:41,8.593
4249,5/13/2017 9:42,8.543
4250,5/13/2017 9:43,8.519
4251,5/13/2017 9:44,8.519
4252,5/13/2017 9:45,8.419
4253,5/13/2017 9:46,8.369
4254,5/13/2017 9:47,8.469
4255,5/13/2017 9:48,8.519
4256,5/13/2017 9:49,8.543
4257,5/13/2017 9:50,8.593
4258,5/13/2017 9:51,8.618
4259,5/13/2017 9:52,8.618
4260,5/13/2017 9:53,8.568
4261,5/13/2017 9:54,8.519
4262,5/13/2017 9:55,8.494
4263,5/13/2017 9:56,8.469
4264,5/13/2017 9:57,8.444
4265,5/13/2017 9:58,8.419
4266,5/13/2017 9:59,8.419
4267,5/13/2017 10:00,8.419
4268,5/13/2017 10:01,8.444
4269,5/13/2017 10:02,8.469
4270,5/13/2017 10:03,8.469
4271,5/13/2017 10:04,8.494
4272,5/13/2017 10:05,8.519
4273,5/13/2017 10:06,8.444
4274,5/13/2017 10:07,8.419
4275,5/13/2017 10:08,8.419
4276,5/13/2017 10:09,8.419
4277,5/13/2017 10:10,8.369
4278,5/13/2017 10:11,8.319
4279,5/13/2017 10:12,8.344
4280,5/13/2017 10:13,8.419
4281,5/13/2017 10:14,8.494
4282,5/13/2017 10:15,8.543
4283,5/13/2017 10:16,8.593
4284,5/13/2017 10:17,8.668
4285,5/13/2017 10:18,8.742
4286,5/13/2017 10:19,8.693
4287,5/13/2017 10:20,8.668
4288,5/13/2017 10:21,8.643
4289,5/13/2017 10:22,8.618
4290,5/13/2017 10:23,8.618
4291,5/13/2017 10:24,8.693
4292,5/13/2017 10:25,8.767
4293,5/13/2017 10:26,8.817
4294,5/13/2017 10:27,8.866
4295,5/13/2017 10:28,8.916
4296,5/13/2017 10:29,8.916
4297,5/13/2017 10:30,8.916
4298,5/13/2017 10:31,8.965
4299,5/13/2017 10:32,8.891
4300,5/13/2017 10:33,8.792
4301,5/13/2017 10:34,8.792
4302,5/13/2017 10:35,8.817
4303,5/13/2017 10:36,8.866
4304,5/13/2017 10:37,8.891
4305,5/13/2017 10:38,8.916
4306,5/13/2017 10:39,8.99
4307,5/13/2017 10:40,9.015
4308,5/13/2017 10:41,9.114
4309,5/13/2017 10:42,9.139
4310,5/13/2017 10:43,9.089
4311,5/13/2017 10:44,8.965
4312,5/13/2017 10:45,8.891
4313,5/13/2017 10:46,8.792
4314,5/13/2017 10:47,8.693
4315,5/13/2017 10:48,8.618
4316,5/13/2017 10:49,8.643
4317,5/13/2017 10:50,8.693
4318,5/13/2017 10:51,8.643
4319,5/13/2017 10:52,8.469
4320,5/13/2017 10:53,8.344
4321,5/13/2017 10:54,8.319
4322,5/13/2017 10:55,8.344
4323,5/13/2017 10:56,8.444
4324,5/13/2017 10:57,8.568
4325,5/13/2017 10:58,8.494
4326,5/13/2017 10:59,8.444
4327,5/13/2017 11:00,8.419
4328,5/13/2017 11:01,8.369
4329,5/13/2017 11:02,8.319
4330,5/13/2017 11:03,8.27
4331,5/13/2017 11:04,8.245
4332,5/13/2017 11:05,8.295
4333,5/13/2017 11:06,8.319
4334,5/13/2017 11:07,8.344
4335,5/13/2017 11:08,8.344
4336,5/13/2017 11:09,8.369
4337,5/13/2017 11:10,8.444
4338,5/13/2017 11:11,8.543
4339,5/13/2017 11:12,8.444
4340,5/13/2017 11:13,8.369
4341,5/13/2017 11:14,8.319
4342,5/13/2017 11:15,8.295
4343,5/13/2017 11:16,8.369
4344,5/13/2017 11:17,8.469
4345,5/13/2017 11:18,8.519
4346,5/13/2017 11:19,8.568
4347,5/13/2017 11:20,8.618
4348,5/13/2017 11:21,8.643
4349,5/13/2017 11:22,8.568
4350,5/13/2017 11:23,8.568
4351,5/13/2017 11:24,8.643
4352,5/13/2017 11:25,8.543
4353,5/13/2017 11:26,8.444
4354,5/13/2017 11:27,8.419
4355,5/13/2017 11:28,8.419
4356,5/13/2017 11:29,8.444
4357,5/13/2017 11:30,8.444
4358,5/13/2017 11:31,8.444
4359,5/13/2017 11:32,8.444
4360,5/13/2017 11:33,8.568
4361,5/13/2017 11:34,8.668
4362,5/13/2017 11:35,8.742
4363,5/13/2017 11:36,8.792
4364,5/13/2017 11:37,8.841
4365,5/13/2017 11:38,8.891
4366,5/13/2017 11:39,8.916
4367,5/13/2017 11:40,8.965
4368,5/13/2017 11:41,9.015
4369,5/13/2017 11:42,9.064
4370,5/13/2017 11:43,9.089
4371,5/13/2017 11:44,9.114
4372,5/13/2017 11:45,9.163
4373,5/13/2017 11:46,9.163
4374,5/13/2017 11:47,9.188
4375,5/13/2017 11:48,9.238
4376,5/13/2017 11:49,9.238
4377,5/13/2017 11:50,9.213
4378,5/13/2017 11:51,9.114
4379,5/13/2017 11:52,9.015
4380,5/13/2017 11:53,8.866
4381,5/13/2017 11:54,8.742
4382,5/13/2017 11:55,8.643
4383,5/13/2017 11:56,8.593
4384,5/13/2017 11:57,8.593
4385,5/13/2017 11:58,8.568
4386,5/13/2017 11:59,8.618
4387,5/13/2017 12:00,8.618
4388,5/13/2017 12:01,8.444
4389,5/13/2017 12:02,8.394
4390,5/13/2017 12:03,8.394
4391,5/13/2017 12:04,8.419
4392,5/13/2017 12:05,8.519
4393,5/13/2017 12:06,8.369
4394,5/13/2017 12:07,8.22
4395,5/13/2017 12:08,8.145
4396,5/13/2017 12:09,8.095
4397,5/13/2017 12:10,8.045
4398,5/13/2017 12:11,8.02
4399,5/13/2017 12:12,7.995
4400,5/13/2017 12:13,7.92
4401,5/13/2017 12:14,7.945
4402,5/13/2017 12:15,7.995
4403,5/13/2017 12:16,8.02
4404,5/13/2017 12:17,8.045
4405,5/13/2017 12:18,8.195
4406,5/13/2017 12:19,8.319
4407,5/13/2017 12:20,8.394
4408,5/13/2017 12:21,8.469
4409,5/13/2017 12:22,8.543
4410,5/13/2017 12:23,8.643
4411,5/13/2017 12:24,8.693
4412,5/13/2017 12:25,8.717
4413,5/13/2017 12:26,8.717
4414,5/13/2017 12:27,8.668
4415,5/13/2017 12:28,8.543
4416,5/13/2017 12:29,8.419
4417,5/13/2017 12:30,8.319
4418,5/13/2017 12:31,8.245
4419,5/13/2017 12:32,8.195
4420,5/13/2017 12:33,8.12
4421,5/13/2017 12:34,8.045
4422,5/13/2017 12:35,8.02
4423,5/13/2017 12:36,7.97
4424,5/13/2017 12:37,7.97
4425,5/13/2017 12:38,7.97
4426,5/13/2017 12:39,7.97
4427,5/13/2017 12:40,7.92
4428,5/13/2017 12:41,7.895
4429,5/13/2017 12:42,7.87
4430,5/13/2017 12:43,7.795
4431,5/13/2017 12:44,7.77
4432,5/13/2017 12:45,7.77
4433,5/13/2017 12:46,7.77
4434,5/13/2017 12:47,7.77
4435,5/13/2017 12:48,7.77
4436,5/13/2017 12:49,7.77
4437,5/13/2017 12:50,7.745
4438,5/13/2017 12:51,7.72
4439,5/13/2017 12:52,7.695
4440,5/13/2017 12:53,7.695
4441,5/13/2017 12:54,7.695
4442,5/13/2017 12:55,7.72
4443,5/13/2017 12:56,7.77
4444,5/13/2017 12:57,7.87
4445,5/13/2017 12:58,7.945
4446,5/13/2017 12:59,8.02
4447,5/13/2017 13:00,8.095
4448,5/13/2017 13:01,8.17
4449,5/13/2017 13:02,8.245
4450,5/13/2017 13:03,8.27
4451,5/13/2017 13:04,8.295
4452,5/13/2017 13:05,8.245
4453,5/13/2017 13:06,8.22
4454,5/13/2017 13:07,8.195
4455,5/13/2017 13:08,8.195
4456,5/13/2017 13:09,8.195
4457,5/13/2017 13:10,8.17
4458,5/13/2017 13:11,8.195
4459,5/13/2017 13:12,8.27
4460,5/13/2017 13:13,8.344
4461,5/13/2017 13:14,8.444
4462,5/13/2017 13:15,8.519
4463,5/13/2017 13:16,8.593
4464,5/13/2017 13:17,8.643
4465,5/13/2017 13:18,8.618
4466,5/13/2017 13:19,8.568
4467,5/13/2017 13:20,8.543
4468,5/13/2017 13:21,8.494
4469,5/13/2017 13:22,8.469
4470,5/13/2017 13:23,8.444
4471,5/13/2017 13:24,8.419
4472,5/13/2017 13:25,8.419
4473,5/13/2017 13:26,8.419
4474,5/13/2017 13:27,8.444
4475,5/13/2017 13:28,8.469
4476,5/13/2017 13:29,8.469
4477,5/13/2017 13:30,8.469
4478,5/13/2017 13:31,8.469
4479,5/13/2017 13:32,8.469
4480,5/13/2017 13:33,8.494
4481,5/13/2017 13:34,8.519
4482,5/13/2017 13:35,8.519
4483,5/13/2017 13:36,8.519
4484,5/13/2017 13:37,8.519
4485,5/13/2017 13:38,8.494
4486,5/13/2017 13:39,8.494
4487,5/13/2017 13:40,8.494
4488,5/13/2017 13:41,8.519
4489,5/13/2017 13:42,8.543
4490,5/13/2017 13:43,8.519
4491,5/13/2017 13:44,8.494
4492,5/13/2017 13:45,8.469
4493,5/13/2017 13:46,8.469
4494,5/13/2017 13:47,8.469
4495,5/13/2017 13:48,8.469
4496,5/13/2017 13:49,8.444
4497,5/13/2017 13:50,8.469
4498,5/13/2017 13:51,8.469
4499,5/13/2017 13:52,8.469
4500,5/13/2017 13:53,8.444
4501,5/13/2017 13:54,8.444
4502,5/13/2017 13:55,8.469
4503,5/13/2017 13:56,8.469
4504,5/13/2017 13:57,8.469
4505,5/13/2017 13:58,8.469
4506,5/13/2017 13:59,8.494
4507,5/13/2017 14:00,8.519
4508,5/13/2017 14:01,8.543
4509,5/13/2017 14:02,8.543
4510,5/13/2017 14:03,8.543
4511,5/13/2017 14:04,8.519
4512,5/13/2017 14:05,8.519
4513,5/13/2017 14:06,8.568
4514,5/13/2017 14:07,8.618
4515,5/13/2017 14:08,8.643
4516,5/13/2017 14:09,8.643
4517,5/13/2017 14:10,8.618
4518,5/13/2017 14:11,8.618
4519,5/13/2017 14:12,8.643
4520,5/13/2017 14:13,8.643
4521,5/13/2017 14:14,8.643
4522,5/13/2017 14:15,8.668
4523,5/13/2017 14:16,8.643
4524,5/13/2017 14:17,8.668
4525,5/13/2017 14:18,8.693
4526,5/13/2017 14:19,8.693
4527,5/13/2017 14:20,8.668
4528,5/13/2017 14:21,8.693
4529,5/13/2017 14:22,8.717
4530,5/13/2017 14:23,8.767
4531,5/13/2017 14:24,8.792
4532,5/13/2017 14:25,8.817
4533,5/13/2017 14:26,8.792
4534,5/13/2017 14:27,8.767
4535,5/13/2017 14:28,8.767
4536,5/13/2017 14:29,8.767
4537,5/13/2017 14:30,8.767
4538,5/13/2017 14:31,8.792
4539,5/13/2017 14:32,8.817
4540,5/13/2017 14:33,8.841
4541,5/13/2017 14:34,8.891
4542,5/13/2017 14:35,8.916
4543,5/13/2017 14:36,8.891
4544,5/13/2017 14:37,8.866
4545,5/13/2017 14:38,8.866
4546,5/13/2017 14:39,8.866
4547,5/13/2017 14:40,8.891
4548,5/13/2017 14:41,8.916
4549,5/13/2017 14:42,8.965
4550,5/13/2017 14:43,8.99
4551,5/13/2017 14:44,9.015
4552,5/13/2017 14:45,9.064
4553,5/13/2017 14:46,9.114
4554,5/13/2017 14:47,9.163
4555,5/13/2017 14:48,9.163
4556,5/13/2017 14:49,9.163
4557,5/13/2017 14:50,9.139
4558,5/13/2017 14:51,9.089
4559,5/13/2017 14:52,9.114
4560,5/13/2017 14:53,9.163
4561,5/13/2017 14:54,9.163
4562,5/13/2017 14:55,9.139
4563,5/13/2017 14:56,9.139
4564,5/13/2017 14:57,9.188
4565,5/13/2017 14:58,9.213
4566,5/13/2017 14:59,9.238
4567,5/13/2017 15:00,9.238
4568,5/13/2017 15:01,9.213
4569,5/13/2017 15:02,9.213
4570,5/13/2017 15:03,9.238
4571,5/13/2017 15:04,9.287
4572,5/13/2017 15:05,9.312
4573,5/13/2017 15:06,9.361
4574,5/13/2017 15:07,9.361
4575,5/13/2017 15:08,9.361
4576,5/13/2017 15:09,9.386
4577,5/13/2017 15:10,9.41
4578,5/13/2017 15:11,9.41
4579,5/13/2017 15:12,9.41
4580,5/13/2017 15:13,9.435
4581,5/13/2017 15:14,9.41
4582,5/13/2017 15:15,9.41
4583,5/13/2017 15:16,9.386
4584,5/13/2017 15:17,9.312
4585,5/13/2017 15:18,9.312
4586,5/13/2017 15:19,9.312
4587,5/13/2017 15:20,9.262
4588,5/13/2017 15:21,9.262
4589,5/13/2017 15:22,9.238
4590,5/13/2017 15:23,9.238
4591,5/13/2017 15:24,9.238
4592,5/13/2017 15:25,9.238
4593,5/13/2017 15:26,9.213
4594,5/13/2017 15:27,9.188
4595,5/13/2017 15:28,9.114
4596,5/13/2017 15:29,9.064
4597,5/13/2017 15:30,9.04
4598,5/13/2017 15:31,9.015
4599,5/13/2017 15:32,8.941
4600,5/13/2017 15:33,8.916
4601,5/13/2017 15:34,8.916
4602,5/13/2017 15:35,8.941
4603,5/13/2017 15:36,8.941
4604,5/13/2017 15:37,8.891
4605,5/13/2017 15:38,8.841
4606,5/13/2017 15:39,8.841
4607,5/13/2017 15:40,8.841
4608,5/13/2017 15:41,8.841
4609,5/13/2017 15:42,8.841
4610,5/13/2017 15:43,8.866
4611,5/13/2017 15:44,8.817
4612,5/13/2017 15:45,8.792
4613,5/13/2017 15:46,8.792
4614,5/13/2017 15:47,8.792
4615,5/13/2017 15:48,8.792
4616,5/13/2017 15:49,8.792
4617,5/13/2017 15:50,8.792
4618,5/13/2017 15:51,8.817
4619,5/13/2017 15:52,8.792
4620,5/13/2017 15:53,8.767
4621,5/13/2017 15:54,8.767
4622,5/13/2017 15:55,8.767
4623,5/13/2017 15:56,8.792
4624,5/13/2017 15:57,8.693
4625,5/13/2017 15:58,8.668
4626,5/13/2017 15:59,8.693
4627,5/13/2017 16:00,8.668
4628,5/13/2017 16:01,8.693
4629,5/13/2017 16:02,8.717
4630,5/13/2017 16:03,8.717
4631,5/13/2017 16:04,8.693
4632,5/13/2017 16:05,8.717
4633,5/13/2017 16:06,8.693
4634,5/13/2017 16:07,8.643
4635,5/13/2017 16:08,8.643
4636,5/13/2017 16:09,8.668
4637,5/13/2017 16:10,8.668
4638,5/13/2017 16:11,8.568
4639,5/13/2017 16:12,8.469
4640,5/13/2017 16:13,8.494
4641,5/13/2017 16:14,8.469
4642,5/13/2017 16:15,8.469
4643,5/13/2017 16:16,8.469
4644,5/13/2017 16:17,8.394
4645,5/13/2017 16:18,8.369
4646,5/13/2017 16:19,8.394
4647,5/13/2017 16:20,8.419
4648,5/13/2017 16:21,8.419
4649,5/13/2017 16:22,8.369
4650,5/13/2017 16:23,8.344
4651,5/13/2017 16:24,8.344
4652,5/13/2017 16:25,8.369
4653,5/13/2017 16:26,8.369
4654,5/13/2017 16:27,8.394
4655,5/13/2017 16:28,8.369
4656,5/13/2017 16:29,8.319
4657,5/13/2017 16:30,8.369
4658,5/13/2017 16:31,8.344
4659,5/13/2017 16:32,8.295
4660,5/13/2017 16:33,8.319
4661,5/13/2017 16:34,8.369
4662,5/13/2017 16:35,8.419
4663,5/13/2017 16:36,8.394
4664,5/13/2017 16:37,8.319
4665,5/13/2017 16:38,8.319
4666,5/13/2017 16:39,8.369
4667,5/13/2017 16:40,8.394
4668,5/13/2017 16:41,8.444
4669,5/13/2017 16:42,8.519
4670,5/13/2017 16:43,8.543
4671,5/13/2017 16:44,8.444
4672,5/13/2017 16:45,8.494
4673,5/13/2017 16:46,8.568
4674,5/13/2017 16:47,8.618
4675,5/13/2017 16:48,8.693
4676,5/13/2017 16:49,8.717
4677,5/13/2017 16:50,8.668
4678,5/13/2017 16:51,8.668
4679,5/13/2017 16:52,8.717
4680,5/13/2017 16:53,8.742
4681,5/13/2017 16:54,8.767
4682,5/13/2017 16:55,8.767
4683,5/13/2017 16:56,8.817
4684,5/13/2017 16:57,8.866
4685,5/13/2017 16:58,8.792
4686,5/13/2017 16:59,8.767
4687,5/13/2017 17:00,8.767
4688,5/13/2017 17:01,8.742
4689,5/13/2017 17:02,8.717
4690,5/13/2017 17:03,8.717
4691,5/13/2017 17:04,8.767
4692,5/13/2017 17:05,8.817
4693,5/13/2017 17:06,8.866
4694,5/13/2017 17:07,8.891
4695,5/13/2017 17:08,8.891
4696,5/13/2017 17:09,8.841
4697,5/13/2017 17:10,8.792
4698,5/13/2017 17:11,8.767
4699,5/13/2017 17:12,8.792
4700,5/13/2017 17:13,8.767
4701,5/13/2017 17:14,8.767
4702,5/13/2017 17:15,8.742
4703,5/13/2017 17:16,8.717
4704,5/13/2017 17:17,8.693
4705,5/13/2017 17:18,8.668
4706,5/13/2017 17:19,8.643
4707,5/13/2017 17:20,8.618
4708,5/13/2017 17:21,8.593
4709,5/13/2017 17:22,8.568
4710,5/13/2017 17:23,8.543
4711,5/13/2017 17:24,8.519
4712,5/13/2017 17:25,8.519
4713,5/13/2017 17:26,8.494
4714,5/13/2017 17:27,8.494
4715,5/13/2017 17:28,8.519
4716,5/13/2017 17:29,8.519
4717,5/13/2017 17:30,8.494
4718,5/13/2017 17:31,8.494
4719,5/13/2017 17:32,8.643
4720,5/13/2017 17:33,8.742
4721,5/13/2017 17:34,8.693
4722,5/13/2017 17:35,8.792
4723,5/13/2017 17:36,8.916
4724,5/13/2017 17:37,8.99
4725,5/13/2017 17:38,9.04
4726,5/13/2017 17:39,9.089
4727,5/13/2017 17:40,9.064
4728,5/13/2017 17:41,9.064
4729,5/13/2017 17:42,9.04
4730,5/13/2017 17:43,9.064
4731,5/13/2017 17:44,9.114
4732,5/13/2017 17:45,9.213
4733,5/13/2017 17:46,9.114
4734,5/13/2017 17:47,9.089
4735,5/13/2017 17:48,8.916
4736,5/13/2017 17:49,8.866
4737,5/13/2017 17:50,8.742
4738,5/13/2017 17:51,8.593
4739,5/13/2017 17:52,8.568
4740,5/13/2017 17:53,8.494
4741,5/13/2017 17:54,8.469
4742,5/13/2017 17:55,8.568
4743,5/13/2017 17:56,8.717
4744,5/13/2017 17:57,8.841
4745,5/13/2017 17:58,8.891
4746,5/13/2017 17:59,8.916
4747,5/13/2017 18:00,8.916
4748,5/13/2017 18:01,8.916
4749,5/13/2017 18:02,8.99
4750,5/13/2017 18:03,9.089
4751,5/13/2017 18:04,9.089
4752,5/13/2017 18:05,9.015
4753,5/13/2017 18:06,8.965
4754,5/13/2017 18:07,8.916
4755,5/13/2017 18:08,8.866
4756,5/13/2017 18:09,8.841
4757,5/13/2017 18:10,8.817
4758,5/13/2017 18:11,8.817
4759,5/13/2017 18:12,8.841
4760,5/13/2017 18:13,8.965
4761,5/13/2017 18:14,9.064
4762,5/13/2017 18:15,9.114
4763,5/13/2017 18:16,9.114
4764,5/13/2017 18:17,9.139
4765,5/13/2017 18:18,9.213
4766,5/13/2017 18:19,9.262
4767,5/13/2017 18:20,9.188
4768,5/13/2017 18:21,9.114
4769,5/13/2017 18:22,9.089
4770,5/13/2017 18:23,9.089
4771,5/13/2017 18:24,9.114
4772,5/13/2017 18:25,9.114
4773,5/13/2017 18:26,9.089
4774,5/13/2017 18:27,9.064
4775,5/13/2017 18:28,9.064
4776,5/13/2017 18:29,9.04
4777,5/13/2017 18:30,9.015
4778,5/13/2017 18:31,9.015
4779,5/13/2017 18:32,8.916
4780,5/13/2017 18:33,8.916
4781,5/13/2017 18:34,8.965
4782,5/13/2017 18:35,8.941
4783,5/13/2017 18:36,8.941
4784,5/13/2017 18:37,8.965
4785,5/13/2017 18:38,8.866
4786,5/13/2017 18:39,8.891
4787,5/13/2017 18:40,8.916
4788,5/13/2017 18:41,8.965
4789,5/13/2017 18:42,8.99
4790,5/13/2017 18:43,9.015
4791,5/13/2017 18:44,9.064
4792,5/13/2017 18:45,9.064
4793,5/13/2017 18:46,9.089
4794,5/13/2017 18:47,8.965
4795,5/13/2017 18:48,8.941
4796,5/13/2017 18:49,8.965
4797,5/13/2017 18:50,8.99
4798,5/13/2017 18:51,9.015
4799,5/13/2017 18:52,8.965
4800,5/13/2017 18:53,8.965
4801,5/13/2017 18:54,8.965
4802,5/13/2017 18:55,8.99
4803,5/13/2017 18:56,9.015
4804,5/13/2017 18:57,9.015
4805,5/13/2017 18:58,9.04
4806,5/13/2017 18:59,9.064
4807,5/13/2017 19:00,9.064
4808,5/13/2017 19:01,9.04
4809,5/13/2017 19:02,9.04
4810,5/13/2017 19:03,9.04
4811,5/13/2017 19:04,9.015
4812,5/13/2017 19:05,8.965
4813,5/13/2017 19:06,8.916
4814,5/13/2017 19:07,8.916
4815,5/13/2017 19:08,8.916
4816,5/13/2017 19:09,8.891
4817,5/13/2017 19:10,8.891
4818,5/13/2017 19:11,8.891
4819,5/13/2017 19:12,8.866
4820,5/13/2017 19:13,8.866
4821,5/13/2017 19:14,8.841
4822,5/13/2017 19:15,8.817
4823,5/13/2017 19:16,8.792
4824,5/13/2017 19:17,8.792
4825,5/13/2017 19:18,8.817
4826,5/13/2017 19:19,8.717
4827,5/13/2017 19:20,8.717
4828,5/13/2017 19:21,8.717
4829,5/13/2017 19:22,8.693
4830,5/13/2017 19:23,8.693
4831,5/13/2017 19:24,8.717
4832,5/13/2017 19:25,8.742
4833,5/13/2017 19:26,8.742
4834,5/13/2017 19:27,8.742
4835,5/13/2017 19:28,8.742
4836,5/13/2017 19:29,8.717
4837,5/13/2017 19:30,8.693
4838,5/13/2017 19:31,8.693
4839,5/13/2017 19:32,8.717
4840,5/13/2017 19:33,8.767
4841,5/13/2017 19:34,8.767
4842,5/13/2017 19:35,8.767
4843,5/13/2017 19:36,8.717
4844,5/13/2017 19:37,8.693
4845,5/13/2017 19:38,8.717
4846,5/13/2017 19:39,8.742
4847,5/13/2017 19:40,8.742
4848,5/13/2017 19:41,8.717
4849,5/13/2017 19:42,8.693
4850,5/13/2017 19:43,8.693
4851,5/13/2017 19:44,8.668
4852,5/13/2017 19:45,8.643
4853,5/13/2017 19:46,8.668
4854,5/13/2017 19:47,8.643
4855,5/13/2017 19:48,8.668
4856,5/13/2017 19:49,8.668
4857,5/13/2017 19:50,8.668
4858,5/13/2017 19:51,8.668
4859,5/13/2017 19:52,8.618
4860,5/13/2017 19:53,8.618
4861,5/13/2017 19:54,8.593
4862,5/13/2017 19:55,8.568
4863,5/13/2017 19:56,8.568
4864,5/13/2017 19:57,8.568
4865,5/13/2017 19:58,8.543
4866,5/13/2017 19:59,8.543
4867,5/13/2017 20:00,8.519
4868,5/13/2017 20:01,8.519
4869,5/13/2017 20:02,8.519
4870,5/13/2017 20:03,8.519
4871,5/13/2017 20:04,8.494
4872,5/13/2017 20:05,8.469
4873,5/13/2017 20:06,8.444
4874,5/13/2017 20:07,8.444
4875,5/13/2017 20:08,8.494
4876,5/13/2017 20:09,8.543
4877,5/13/2017 20:10,8.618
4878,5/13/2017 20:11,8.618
4879,5/13/2017 20:12,8.618
4880,5/13/2017 20:13,8.593
4881,5/13/2017 20:14,8.568
4882,5/13/2017 20:15,8.568
4883,5/13/2017 20:16,8.568
4884,5/13/2017 20:17,8.568
4885,5/13/2017 20:18,8.543
4886,5/13/2017 20:19,8.568
4887,5/13/2017 20:20,8.543
4888,5/13/2017 20:21,8.618
4889,5/13/2017 20:22,8.643
4890,5/13/2017 20:23,8.643
4891,5/13/2017 20:24,8.643
4892,5/13/2017 20:25,8.618
4893,5/13/2017 20:26,8.618
4894,5/13/2017 20:27,8.618
4895,5/13/2017 20:28,8.618
4896,5/13/2017 20:29,8.593
4897,5/13/2017 20:30,8.568
4898,5/13/2017 20:31,8.568
4899,5/13/2017 20:32,8.519
4900,5/13/2017 20:33,8.519
4901,5/13/2017 20:34,8.494
4902,5/13/2017 20:35,8.469
4903,5/13/2017 20:36,8.469
4904,5/13/2017 20:37,8.469
4905,5/13/2017 20:38,8.469
4906,5/13/2017 20:39,8.469
4907,5/13/2017 20:40,8.469
4908,5/13/2017 20:41,8.469
4909,5/13/2017 20:42,8.543
4910,5/13/2017 20:43,8.618
4911,5/13/2017 20:44,8.593
4912,5/13/2017 20:45,8.668
4913,5/13/2017 20:46,8.717
4914,5/13/2017 20:47,8.742
4915,5/13/2017 20:48,8.767
4916,5/13/2017 20:49,8.792
4917,5/13/2017 20:50,8.792
4918,5/13/2017 20:51,8.817
4919,5/13/2017 20:52,8.792
4920,5/13/2017 20:53,8.792
4921,5/13/2017 20:54,8.891
4922,5/13/2017 20:55,8.965
4923,5/13/2017 20:56,9.015
4924,5/13/2017 20:57,9.064
4925,5/13/2017 20:58,9.114
4926,5/13/2017 20:59,9.163
4927,5/13/2017 21:00,9.188
4928,5/13/2017 21:01,9.213
4929,5/13/2017 21:02,9.213
4930,5/13/2017 21:03,9.262
4931,5/13/2017 21:04,9.262
4932,5/13/2017 21:05,9.262
4933,5/13/2017 21:06,9.287
4934,5/13/2017 21:07,9.287
4935,5/13/2017 21:08,9.312
4936,5/13/2017 21:09,9.312
4937,5/13/2017 21:10,9.312
4938,5/13/2017 21:11,9.312
4939,5/13/2017 21:12,9.262
4940,5/13/2017 21:13,9.114
4941,5/13/2017 21:14,8.99
4942,5/13/2017 21:15,8.965
4943,5/13/2017 21:16,9.015
4944,5/13/2017 21:17,9.04
4945,5/13/2017 21:18,9.064
4946,5/13/2017 21:19,9.015
4947,5/13/2017 21:20,8.99
4948,5/13/2017 21:21,8.965
4949,5/13/2017 21:22,8.99
4950,5/13/2017 21:23,8.941
4951,5/13/2017 21:24,8.941
4952,5/13/2017 21:25,8.916
4953,5/13/2017 21:26,8.916
4954,5/13/2017 21:27,8.866
4955,5/13/2017 21:28,8.866
4956,5/13/2017 21:29,8.891
4957,5/13/2017 21:30,8.891
4958,5/13/2017 21:31,8.866
4959,5/13/2017 21:32,8.866
4960,5/13/2017 21:33,8.841
4961,5/13/2017 21:34,8.866
4962,5/13/2017 21:35,8.817
4963,5/13/2017 21:36,8.767
4964,5/13/2017 21:37,8.767
4965,5/13/2017 21:38,8.767
4966,5/13/2017 21:39,8.742
4967,5/13/2017 21:40,8.742
4968,5/13/2017 21:41,8.693
4969,5/13/2017 21:42,8.668
4970,5/13/2017 21:43,8.668
4971,5/13/2017 21:44,8.618
4972,5/13/2017 21:45,8.618
4973,5/13/2017 21:46,8.593
4974,5/13/2017 21:47,8.568
4975,5/13/2017 21:48,8.593
4976,5/13/2017 21:49,8.618
4977,5/13/2017 21:50,8.593
4978,5/13/2017 21:51,8.593
4979,5/13/2017 21:52,8.643
4980,5/13/2017 21:53,8.618
4981,5/13/2017 21:54,8.593
4982,5/13/2017 21:55,8.593
4983,5/13/2017 21:56,8.543
4984,5/13/2017 21:57,8.519
4985,5/13/2017 21:58,8.519
4986,5/13/2017 21:59,8.519
4987,5/13/2017 22:00,8.494
4988,5/13/2017 22:01,8.444
4989,5/13/2017 22:02,8.494
4990,5/13/2017 22:03,8.494
4991,5/13/2017 22:04,8.444
4992,5/13/2017 22:05,8.444
4993,5/13/2017 22:06,8.444
4994,5/13/2017 22:07,8.469
4995,5/13/2017 22:08,8.519
4996,5/13/2017 22:09,8.519
4997,5/13/2017 22:10,8.494
4998,5/13/2017 22:11,8.519
4999,5/13/2017 22:12,8.519
5000,5/13/2017 22:13,8.519
5001,5/13/2017 22:14,8.519
5002,5/13/2017 22:15,8.519
5003,5/13/2017 22:16,8.543
5004,5/13/2017 22:17,8.568
5005,5/13/2017 22:18,8.568
5006,5/13/2017 22:19,8.568
5007,5/13/2017 22:20,8.543
5008,5/13/2017 22:21,8.543
5009,5/13/2017 22:22,8.543
5010,5/13/2017 22:23,8.568
5011,5/13/2017 22:24,8.568
5012,5/13/2017 22:25,8.519
5013,5/13/2017 22:26,8.494
5014,5/13/2017 22:27,8.444
5015,5/13/2017 22:28,8.419
5016,5/13/2017 22:29,8.369
5017,5/13/2017 22:30,8.319
5018,5/13/2017 22:31,8.245
5019,5/13/2017 22:32,8.195
5020,5/13/2017 22:33,8.145
5021,5/13/2017 22:34,8.095
5022,5/13/2017 22:35,8.07
5023,5/13/2017 22:36,8.02
5024,5/13/2017 22:37,8.02
5025,5/13/2017 22:38,7.995
5026,5/13/2017 22:39,7.995
5027,5/13/2017 22:40,7.97
5028,5/13/2017 22:41,7.995
5029,5/13/2017 22:42,8.045
5030,5/13/2017 22:43,8.095
5031,5/13/2017 22:44,8.17
5032,5/13/2017 22:45,8.195
5033,5/13/2017 22:46,8.195
5034,5/13/2017 22:47,8.195
5035,5/13/2017 22:48,8.22
5036,5/13/2017 22:49,8.27
5037,5/13/2017 22:50,8.319
5038,5/13/2017 22:51,8.319
5039,5/13/2017 22:52,8.319
5040,5/13/2017 22:53,8.319
5041,5/13/2017 22:54,8.369
5042,5/13/2017 22:55,8.369
5043,5/13/2017 22:56,8.419
5044,5/13/2017 22:57,8.419
5045,5/13/2017 22:58,8.419
5046,5/13/2017 22:59,8.419
5047,5/13/2017 23:00,8.419
5048,5/13/2017 23:01,8.419
5049,5/13/2017 23:02,8.444
5050,5/13/2017 23:03,8.419
5051,5/13/2017 23:04,8.419
5052,5/13/2017 23:05,8.444
5053,5/13/2017 23:06,8.469
5054,5/13/2017 23:07,8.469
5055,5/13/2017 23:08,8.494
5056,5/13/2017 23:09,8.494
5057,5/13/2017 23:10,8.568
5058,5/13/2017 23:11,8.593
5059,5/13/2017 23:12,8.618
5060,5/13/2017 23:13,8.643
5061,5/13/2017 23:14,8.668
5062,5/13/2017 23:15,8.693
5063,5/13/2017 23:16,8.717
5064,5/13/2017 23:17,8.717
5065,5/13/2017 23:18,8.767
5066,5/13/2017 23:19,8.792
5067,5/13/2017 23:20,8.792
5068,5/13/2017 23:21,8.792
5069,5/13/2017 23:22,8.817
5070,5/13/2017 23:23,8.841
5071,5/13/2017 23:24,8.866
5072,5/13/2017 23:25,8.891
5073,5/13/2017 23:26,8.891
5074,5/13/2017 23:27,8.941
5075,5/13/2017 23:28,8.941
5076,5/13/2017 23:29,8.941
5077,5/13/2017 23:30,8.965
5078,5/13/2017 23:31,8.941
5079,5/13/2017 23:32,8.965
5080,5/13/2017 23:33,8.965
5081,5/13/2017 23:34,8.916
5082,5/13/2017 23:35,8.841
5083,5/13/2017 23:36,8.866
5084,5/13/2017 23:37,8.866
5085,5/13/2017 23:38,8.866
5086,5/13/2017 23:39,8.866
5087,5/13/2017 23:40,8.866
5088,5/13/2017 23:41,8.841
5089,5/13/2017 23:42,8.866
5090,5/13/2017 23:43,8.866
5091,5/13/2017 23:44,8.916
5092,5/13/2017 23:45,8.941
5093,5/13/2017 23:46,8.941
5094,5/13/2017 23:47,8.941
5095,5/13/2017 23:48,8.941
5096,5/13/2017 23:49,8.941
5097,5/13/2017 23:50,8.916
5098,5/13/2017 23:51,8.916
5099,5/13/2017 23:52,8.965
5100,5/13/2017 23:53,8.99
5101,5/13/2017 23:54,8.99
5102,5/13/2017 23:55,8.99
5103,5/13/2017 23:56,8.99
5104,5/13/2017 23:57,8.99
5105,5/13/2017 23:58,8.99
5106,5/13/2017 23:59,8.99
5107,5/14/2017 0:00,8.965
5108,5/14/2017 0:01,8.99
5109,5/14/2017 0:02,8.99
5110,5/14/2017 0:03,8.99
5111,5/14/2017 0:04,8.841
5112,5/14/2017 0:05,8.742
5113,5/14/2017 0:06,8.643
5114,5/14/2017 0:07,8.593
5115,5/14/2017 0:08,8.519
5116,5/14/2017 0:09,8.469
5117,5/14/2017 0:10,8.419
5118,5/14/2017 0:11,8.369
5119,5/14/2017 0:12,8.319
5120,5/14/2017 0:13,8.245
5121,5/14/2017 0:14,8.22
5122,5/14/2017 0:15,8.17
5123,5/14/2017 0:16,8.12
5124,5/14/2017 0:17,8.07
5125,5/14/2017 0:18,8.02
5126,5/14/2017 0:19,7.995
5127,5/14/2017 0:20,7.995
5128,5/14/2017 0:21,7.945
5129,5/14/2017 0:22,7.895
5130,5/14/2017 0:23,7.845
5131,5/14/2017 0:24,7.77
5132,5/14/2017 0:25,7.695
5133,5/14/2017 0:26,7.67
5134,5/14/2017 0:27,7.619
5135,5/14/2017 0:28,7.619
5136,5/14/2017 0:29,7.594
5137,5/14/2017 0:30,7.569
5138,5/14/2017 0:31,7.569
5139,5/14/2017 0:32,7.544
5140,5/14/2017 0:33,7.519
5141,5/14/2017 0:34,7.519
5142,5/14/2017 0:35,7.519
5143,5/14/2017 0:36,7.494
5144,5/14/2017 0:37,7.469
5145,5/14/2017 0:38,7.469
5146,5/14/2017 0:39,7.444
5147,5/14/2017 0:40,7.419
5148,5/14/2017 0:41,7.419
5149,5/14/2017 0:42,7.469
5150,5/14/2017 0:43,7.469
5151,5/14/2017 0:44,7.469
5152,5/14/2017 0:45,7.469
5153,5/14/2017 0:46,7.469
5154,5/14/2017 0:47,7.469
5155,5/14/2017 0:48,7.469
5156,5/14/2017 0:49,7.469
5157,5/14/2017 0:50,7.469
5158,5/14/2017 0:51,7.444
5159,5/14/2017 0:52,7.469
5160,5/14/2017 0:53,7.469
5161,5/14/2017 0:54,7.444
5162,5/14/2017 0:55,7.419
5163,5/14/2017 0:56,7.419
5164,5/14/2017 0:57,7.419
5165,5/14/2017 0:58,7.393
5166,5/14/2017 0:59,7.393
5167,5/14/2017 1:00,7.368
5168,5/14/2017 1:01,7.368
5169,5/14/2017 1:02,7.343
5170,5/14/2017 1:03,7.368
5171,5/14/2017 1:04,7.368
5172,5/14/2017 1:05,7.393
5173,5/14/2017 1:06,7.469
5174,5/14/2017 1:07,7.494
5175,5/14/2017 1:08,7.519
5176,5/14/2017 1:09,7.494
5177,5/14/2017 1:10,7.494
5178,5/14/2017 1:11,7.469
5179,5/14/2017 1:12,7.494
5180,5/14/2017 1:13,7.494
5181,5/14/2017 1:14,7.494
5182,5/14/2017 1:15,7.519
5183,5/14/2017 1:16,7.519
5184,5/14/2017 1:17,7.544
5185,5/14/2017 1:18,7.544
5186,5/14/2017 1:19,7.544
5187,5/14/2017 1:20,7.544
5188,5/14/2017 1:21,7.569
5189,5/14/2017 1:22,7.569
5190,5/14/2017 1:23,7.569
5191,5/14/2017 1:24,7.544
5192,5/14/2017 1:25,7.494
5193,5/14/2017 1:26,7.469
5194,5/14/2017 1:27,7.444
5195,5/14/2017 1:28,7.393
5196,5/14/2017 1:29,7.343
5197,5/14/2017 1:30,7.318
5198,5/14/2017 1:31,7.293
5199,5/14/2017 1:32,7.268
5200,5/14/2017 1:33,7.242
5201,5/14/2017 1:34,7.217
5202,5/14/2017 1:35,7.167
5203,5/14/2017 1:36,7.167
5204,5/14/2017 1:37,7.167
5205,5/14/2017 1:38,7.167
5206,5/14/2017 1:39,7.167
5207,5/14/2017 1:40,7.167
5208,5/14/2017 1:41,7.167
5209,5/14/2017 1:42,7.142
5210,5/14/2017 1:43,7.142
5211,5/14/2017 1:44,7.142
5212,5/14/2017 1:45,7.142
5213,5/14/2017 1:46,7.167
5214,5/14/2017 1:47,7.167
5215,5/14/2017 1:48,7.192
5216,5/14/2017 1:49,7.192
5217,5/14/2017 1:50,7.192
5218,5/14/2017 1:51,7.192
5219,5/14/2017 1:52,7.192
5220,5/14/2017 1:53,7.192
5221,5/14/2017 1:54,7.192
5222,5/14/2017 1:55,7.192
5223,5/14/2017 1:56,7.192
5224,5/14/2017 1:57,7.192
5225,5/14/2017 1:58,7.192
5226,5/14/2017 1:59,7.217
5227,5/14/2017 2:00,7.217
5228,5/14/2017 2:01,7.268
5229,5/14/2017 2:02,7.343
5230,5/14/2017 2:03,7.368
5231,5/14/2017 2:04,7.444
5232,5/14/2017 2:05,7.544
5233,5/14/2017 2:06,7.594
5234,5/14/2017 2:07,7.645
5235,5/14/2017 2:08,7.72
5236,5/14/2017 2:09,7.77
5237,5/14/2017 2:10,7.845
5238,5/14/2017 2:11,7.87
5239,5/14/2017 2:12,7.87
5240,5/14/2017 2:13,7.87
5241,5/14/2017 2:14,7.87
5242,5/14/2017 2:15,7.895
5243,5/14/2017 2:16,7.92
5244,5/14/2017 2:17,8.02
5245,5/14/2017 2:18,8.045
5246,5/14/2017 2:19,8.095
5247,5/14/2017 2:20,8.145
5248,5/14/2017 2:21,8.17
5249,5/14/2017 2:22,8.145
5250,5/14/2017 2:23,8.145
5251,5/14/2017 2:24,8.12
5252,5/14/2017 2:25,8.095
5253,5/14/2017 2:26,8.07
5254,5/14/2017 2:27,8.07
5255,5/14/2017 2:28,8.02
5256,5/14/2017 2:29,8.02
5257,5/14/2017 2:30,8.045
5258,5/14/2017 2:31,8.02
5259,5/14/2017 2:32,7.995
5260,5/14/2017 2:33,7.995
5261,5/14/2017 2:34,8.02
5262,5/14/2017 2:35,8.02
5263,5/14/2017 2:36,8.02
5264,5/14/2017 2:37,7.995
5265,5/14/2017 2:38,7.945
5266,5/14/2017 2:39,7.92
5267,5/14/2017 2:40,7.87
5268,5/14/2017 2:41,7.87
5269,5/14/2017 2:42,7.87
5270,5/14/2017 2:43,7.87
5271,5/14/2017 2:44,7.87
5272,5/14/2017 2:45,7.845
5273,5/14/2017 2:46,7.795
5274,5/14/2017 2:47,7.795
5275,5/14/2017 2:48,7.795
5276,5/14/2017 2:49,7.77
5277,5/14/2017 2:50,7.72
5278,5/14/2017 2:51,7.72
5279,5/14/2017 2:52,7.695
5280,5/14/2017 2:53,7.72
5281,5/14/2017 2:54,7.72
5282,5/14/2017 2:55,7.72
5283,5/14/2017 2:56,7.695
5284,5/14/2017 2:57,7.695
5285,5/14/2017 2:58,7.695
5286,5/14/2017 2:59,7.67
5287,5/14/2017 3:00,7.72
5288,5/14/2017 3:01,7.72
5289,5/14/2017 3:02,7.72
5290,5/14/2017 3:03,7.72
5291,5/14/2017 3:04,7.745
5292,5/14/2017 3:05,7.745
5293,5/14/2017 3:06,7.745
5294,5/14/2017 3:07,7.745
5295,5/14/2017 3:08,7.745
5296,5/14/2017 3:09,7.795
5297,5/14/2017 3:10,7.77
5298,5/14/2017 3:11,7.795
5299,5/14/2017 3:12,7.82
5300,5/14/2017 3:13,7.845
5301,5/14/2017 3:14,7.82
5302,5/14/2017 3:15,7.845
5303,5/14/2017 3:16,7.845
5304,5/14/2017 3:17,7.82
5305,5/14/2017 3:18,7.82
5306,5/14/2017 3:19,7.82
5307,5/14/2017 3:20,7.845
5308,5/14/2017 3:21,7.82
5309,5/14/2017 3:22,7.82
5310,5/14/2017 3:23,7.845
5311,5/14/2017 3:24,7.845
5312,5/14/2017 3:25,7.87
5313,5/14/2017 3:26,7.795
5314,5/14/2017 3:27,7.72
5315,5/14/2017 3:28,7.67
5316,5/14/2017 3:29,7.645
5317,5/14/2017 3:30,7.569
5318,5/14/2017 3:31,7.469
5319,5/14/2017 3:32,7.393
5320,5/14/2017 3:33,7.318
5321,5/14/2017 3:34,7.268
5322,5/14/2017 3:35,7.217
5323,5/14/2017 3:36,7.167
5324,5/14/2017 3:37,7.066
5325,5/14/2017 3:38,7.015
5326,5/14/2017 3:39,7.015
5327,5/14/2017 3:40,6.99
5328,5/14/2017 3:41,7.041
5329,5/14/2017 3:42,7.066
5330,5/14/2017 3:43,7.116
5331,5/14/2017 3:44,7.167
5332,5/14/2017 3:45,7.167
5333,5/14/2017 3:46,7.167
5334,5/14/2017 3:47,7.116
5335,5/14/2017 3:48,7.192
5336,5/14/2017 3:49,7.242
5337,5/14/2017 3:50,7.293
5338,5/14/2017 3:51,7.293
5339,5/14/2017 3:52,7.318
5340,5/14/2017 3:53,7.268
5341,5/14/2017 3:54,7.167
5342,5/14/2017 3:55,7.091
5343,5/14/2017 3:56,7.066
5344,5/14/2017 3:57,7.015
5345,5/14/2017 3:58,6.94
5346,5/14/2017 3:59,6.889
5347,5/14/2017 4:00,6.813
5348,5/14/2017 4:01,6.737
5349,5/14/2017 4:02,6.661
5350,5/14/2017 4:03,6.611
5351,5/14/2017 4:04,6.56
5352,5/14/2017 4:05,6.509
5353,5/14/2017 4:06,6.484
5354,5/14/2017 4:07,6.433
5355,5/14/2017 4:08,6.382
5356,5/14/2017 4:09,6.331
5357,5/14/2017 4:10,6.306
5358,5/14/2017 4:11,6.281
5359,5/14/2017 4:12,6.255
5360,5/14/2017 4:13,6.23
5361,5/14/2017 4:14,6.204
5362,5/14/2017 4:15,6.204
5363,5/14/2017 4:16,6.204
5364,5/14/2017 4:17,6.179
5365,5/14/2017 4:18,6.153
5366,5/14/2017 4:19,6.153
5367,5/14/2017 4:20,6.153
5368,5/14/2017 4:21,6.153
5369,5/14/2017 4:22,6.153
5370,5/14/2017 4:23,6.128
5371,5/14/2017 4:24,6.128
5372,5/14/2017 4:25,6.128
5373,5/14/2017 4:26,6.128
5374,5/14/2017 4:27,6.128
5375,5/14/2017 4:28,6.128
5376,5/14/2017 4:29,6.128
5377,5/14/2017 4:30,6.102
5378,5/14/2017 4:31,6.077
5379,5/14/2017 4:32,6.077
5380,5/14/2017 4:33,6.077
5381,5/14/2017 4:34,6.051
5382,5/14/2017 4:35,6.026
5383,5/14/2017 4:36,6
5384,5/14/2017 4:37,6
5385,5/14/2017 4:38,5.975
5386,5/14/2017 4:39,5.949
5387,5/14/2017 4:40,5.949
5388,5/14/2017 4:41,5.949
5389,5/14/2017 4:42,5.924
5390,5/14/2017 4:43,5.924
5391,5/14/2017 4:44,5.949
5392,5/14/2017 4:45,5.924
5393,5/14/2017 4:46,5.898
5394,5/14/2017 4:47,5.898
5395,5/14/2017 4:48,5.898
5396,5/14/2017 4:49,5.898
5397,5/14/2017 4:50,5.898
5398,5/14/2017 4:51,5.898
5399,5/14/2017 4:52,5.924
5400,5/14/2017 4:53,5.898
5401,5/14/2017 4:54,5.924
5402,5/14/2017 4:55,5.924
5403,5/14/2017 4:56,5.924
5404,5/14/2017 4:57,5.924
5405,5/14/2017 4:58,5.924
5406,5/14/2017 4:59,5.898
5407,5/14/2017 5:00,5.898
5408,5/14/2017 5:01,5.898
5409,5/14/2017 5:02,5.898
5410,5/14/2017 5:03,5.898
5411,5/14/2017 5:04,5.872
5412,5/14/2017 5:05,5.872
5413,5/14/2017 5:06,5.872
5414,5/14/2017 5:07,5.847
5415,5/14/2017 5:08,5.847
5416,5/14/2017 5:09,5.847
5417,5/14/2017 5:10,5.847
5418,5/14/2017 5:11,5.847
5419,5/14/2017 5:12,5.872
5420,5/14/2017 5:13,5.898
5421,5/14/2017 5:14,5.924
5422,5/14/2017 5:15,5.949
5423,5/14/2017 5:16,5.975
5424,5/14/2017 5:17,5.975
5425,5/14/2017 5:18,5.975
5426,5/14/2017 5:19,5.975
5427,5/14/2017 5:20,5.975
5428,5/14/2017 5:21,5.975
5429,5/14/2017 5:22,5.975
5430,5/14/2017 5:23,6
5431,5/14/2017 5:24,6.077
5432,5/14/2017 5:25,6.153
5433,5/14/2017 5:26,6.153
5434,5/14/2017 5:27,6.204
5435,5/14/2017 5:28,6.281
5436,5/14/2017 5:29,6.382
5437,5/14/2017 5:30,6.458
5438,5/14/2017 5:31,6.509
5439,5/14/2017 5:32,6.509
5440,5/14/2017 5:33,6.56
5441,5/14/2017 5:34,6.509
5442,5/14/2017 5:35,6.509
5443,5/14/2017 5:36,6.585
5444,5/14/2017 5:37,6.636
5445,5/14/2017 5:38,6.611
5446,5/14/2017 5:39,6.636
5447,5/14/2017 5:40,6.636
5448,5/14/2017 5:41,6.661
5449,5/14/2017 5:42,6.687
5450,5/14/2017 5:43,6.636
5451,5/14/2017 5:44,6.611
5452,5/14/2017 5:45,6.585
5453,5/14/2017 5:46,6.56
5454,5/14/2017 5:47,6.636
5455,5/14/2017 5:48,6.687
5456,5/14/2017 5:49,6.712
5457,5/14/2017 5:50,6.763
5458,5/14/2017 5:51,6.737
5459,5/14/2017 5:52,6.788
5460,5/14/2017 5:53,6.788
5461,5/14/2017 5:54,6.788
5462,5/14/2017 5:55,6.763
5463,5/14/2017 5:56,6.763
5464,5/14/2017 5:57,6.788
5465,5/14/2017 5:58,6.788
5466,5/14/2017 5:59,6.737
5467,5/14/2017 6:00,6.737
5468,5/14/2017 6:01,6.788
5469,5/14/2017 6:02,6.839
5470,5/14/2017 6:03,6.864
5471,5/14/2017 6:04,6.889
5472,5/14/2017 6:05,6.788
5473,5/14/2017 6:06,6.712
5474,5/14/2017 6:07,6.687
5475,5/14/2017 6:08,6.636
5476,5/14/2017 6:09,6.611
5477,5/14/2017 6:10,6.585
5478,5/14/2017 6:11,6.56
5479,5/14/2017 6:12,6.56
5480,5/14/2017 6:13,6.56
5481,5/14/2017 6:14,6.509
5482,5/14/2017 6:15,6.484
5483,5/14/2017 6:16,6.433
5484,5/14/2017 6:17,6.382
5485,5/14/2017 6:18,6.382
5486,5/14/2017 6:19,6.306
5487,5/14/2017 6:20,6.281
5488,5/14/2017 6:21,6.281
5489,5/14/2017 6:22,6.281
5490,5/14/2017 6:23,6.281
5491,5/14/2017 6:24,6.255
5492,5/14/2017 6:25,6.23
5493,5/14/2017 6:26,6.23
5494,5/14/2017 6:27,6.23
5495,5/14/2017 6:28,6.23
5496,5/14/2017 6:29,6.204
5497,5/14/2017 6:30,6.204
5498,5/14/2017 6:31,6.204
5499,5/14/2017 6:32,6.179
5500,5/14/2017 6:33,6.179
5501,5/14/2017 6:34,6.153
5502,5/14/2017 6:35,6.153
5503,5/14/2017 6:36,6.153
5504,5/14/2017 6:37,6.153
5505,5/14/2017 6:38,6.153
5506,5/14/2017 6:39,6.153
5507,5/14/2017 6:40,6.128
5508,5/14/2017 6:41,6.128
5509,5/14/2017 6:42,6.128
5510,5/14/2017 6:43,6.102
5511,5/14/2017 6:44,6.102
5512,5/14/2017 6:45,6.128
5513,5/14/2017 6:46,6.128
5514,5/14/2017 6:47,6.128
5515,5/14/2017 6:48,6.102
5516,5/14/2017 6:49,6.077
5517,5/14/2017 6:50,6
5518,5/14/2017 6:51,5.924
5519,5/14/2017 6:52,5.924
5520,5/14/2017 6:53,5.898
5521,5/14/2017 6:54,5.898
5522,5/14/2017 6:55,5.847
5523,5/14/2017 6:56,5.847
5524,5/14/2017 6:57,5.821
5525,5/14/2017 6:58,5.821
5526,5/14/2017 6:59,5.796
5527,5/14/2017 7:00,5.821
5528,5/14/2017 7:01,5.847
5529,5/14/2017 7:02,5.821
5530,5/14/2017 7:03,5.821
5531,5/14/2017 7:04,5.847
5532,5/14/2017 7:05,5.847
5533,5/14/2017 7:06,5.872
5534,5/14/2017 7:07,5.872
5535,5/14/2017 7:08,5.898
5536,5/14/2017 7:09,5.898
5537,5/14/2017 7:10,5.924
5538,5/14/2017 7:11,5.949
5539,5/14/2017 7:12,5.949
5540,5/14/2017 7:13,5.949
5541,5/14/2017 7:14,5.924
5542,5/14/2017 7:15,5.924
5543,5/14/2017 7:16,5.924
5544,5/14/2017 7:17,5.949
5545,5/14/2017 7:18,5.975
5546,5/14/2017 7:19,5.975
5547,5/14/2017 7:20,6
5548,5/14/2017 7:21,6
5549,5/14/2017 7:22,5.975
5550,5/14/2017 7:23,5.975
5551,5/14/2017 7:24,6
5552,5/14/2017 7:25,6.026
5553,5/14/2017 7:26,6.051
5554,5/14/2017 7:27,6.077
5555,5/14/2017 7:28,6.077
5556,5/14/2017 7:29,6.102
5557,5/14/2017 7:30,6.102
5558,5/14/2017 7:31,6.128
5559,5/14/2017 7:32,6.153
5560,5/14/2017 7:33,6.153
5561,5/14/2017 7:34,6.128
5562,5/14/2017 7:35,6.102
5563,5/14/2017 7:36,6.077
5564,5/14/2017 7:37,6.077
5565,5/14/2017 7:38,6.077
5566,5/14/2017 7:39,6.102
5567,5/14/2017 7:40,6.102
5568,5/14/2017 7:41,6.128
5569,5/14/2017 7:42,6.153
5570,5/14/2017 7:43,6.153
5571,5/14/2017 7:44,6.153
5572,5/14/2017 7:45,6.153
5573,5/14/2017 7:46,6.153
5574,5/14/2017 7:47,6.153
5575,5/14/2017 7:48,6.153
5576,5/14/2017 7:49,6.128
5577,5/14/2017 7:50,6.128
5578,5/14/2017 7:51,6.153
5579,5/14/2017 7:52,6.153
5580,5/14/2017 7:53,6.153
5581,5/14/2017 7:54,6.153
5582,5/14/2017 7:55,6.153
5583,5/14/2017 7:56,6.179
5584,5/14/2017 7:57,6.153
5585,5/14/2017 7:58,6.128
5586,5/14/2017 7:59,6.153
5587,5/14/2017 8:00,6.179
5588,5/14/2017 8:01,6.179
5589,5/14/2017 8:02,6.179
5590,5/14/2017 8:03,6.153
5591,5/14/2017 8:04,6.153
5592,5/14/2017 8:05,6.128
5593,5/14/2017 8:06,6.102
5594,5/14/2017 8:07,6.102
5595,5/14/2017 8:08,6.128
5596,5/14/2017 8:09,6.153
5597,5/14/2017 8:10,6.179
5598,5/14/2017 8:11,6.179
5599,5/14/2017 8:12,6.204
5600,5/14/2017 8:13,6.204
5601,5/14/2017 8:14,6.23
5602,5/14/2017 8:15,6.255
5603,5/14/2017 8:16,6.255
5604,5/14/2017 8:17,6.281
5605,5/14/2017 8:18,6.281
5606,5/14/2017 8:19,6.281
5607,5/14/2017 8:20,6.255
5608,5/14/2017 8:21,6.23
5609,5/14/2017 8:22,6.255
5610,5/14/2017 8:23,6.255
5611,5/14/2017 8:24,6.255
5612,5/14/2017 8:25,6.281
5613,5/14/2017 8:26,6.281
5614,5/14/2017 8:27,6.281
5615,5/14/2017 8:28,6.281
5616,5/14/2017 8:29,6.281
5617,5/14/2017 8:30,6.306
5618,5/14/2017 8:31,6.306
5619,5/14/2017 8:32,6.281
5620,5/14/2017 8:33,6.255
5621,5/14/2017 8:34,6.281
5622,5/14/2017 8:35,6.306
5623,5/14/2017 8:36,6.357
5624,5/14/2017 8:37,6.382
5625,5/14/2017 8:38,6.408
5626,5/14/2017 8:39,6.408
5627,5/14/2017 8:40,6.408
5628,5/14/2017 8:41,6.382
5629,5/14/2017 8:42,6.357
5630,5/14/2017 8:43,6.357
5631,5/14/2017 8:44,6.357
5632,5/14/2017 8:45,6.382
5633,5/14/2017 8:46,6.408
5634,5/14/2017 8:47,6.408
5635,5/14/2017 8:48,6.433
5636,5/14/2017 8:49,6.408
5637,5/14/2017 8:50,6.433
5638,5/14/2017 8:51,6.433
5639,5/14/2017 8:52,6.484
5640,5/14/2017 8:53,6.509
5641,5/14/2017 8:54,6.535
5642,5/14/2017 8:55,6.535
5643,5/14/2017 8:56,6.509
5644,5/14/2017 8:57,6.509
5645,5/14/2017 8:58,6.56
5646,5/14/2017 8:59,6.585
5647,5/14/2017 9:00,6.611
5648,5/14/2017 9:01,6.611
5649,5/14/2017 9:02,6.585
5650,5/14/2017 9:03,6.611
5651,5/14/2017 9:04,6.611
5652,5/14/2017 9:05,6.636
5653,5/14/2017 9:06,6.636
5654,5/14/2017 9:07,6.661
5655,5/14/2017 9:08,6.661
5656,5/14/2017 9:09,6.661
5657,5/14/2017 9:10,6.687
5658,5/14/2017 9:11,6.712
5659,5/14/2017 9:12,6.763
5660,5/14/2017 9:13,6.763
5661,5/14/2017 9:14,6.813
5662,5/14/2017 9:15,6.839
5663,5/14/2017 9:16,6.864
5664,5/14/2017 9:17,6.889
5665,5/14/2017 9:18,6.914
5666,5/14/2017 9:19,6.94
5667,5/14/2017 9:20,6.914
5668,5/14/2017 9:21,6.889
5669,5/14/2017 9:22,6.914
5670,5/14/2017 9:23,6.914
5671,5/14/2017 9:24,6.965
5672,5/14/2017 9:25,6.99
5673,5/14/2017 9:26,7.015
5674,5/14/2017 9:27,7.041
5675,5/14/2017 9:28,7.066
5676,5/14/2017 9:29,7.041
5677,5/14/2017 9:30,7.041
5678,5/14/2017 9:31,7.066
5679,5/14/2017 9:32,7.116
5680,5/14/2017 9:33,7.116
5681,5/14/2017 9:34,7.142
5682,5/14/2017 9:35,7.192
5683,5/14/2017 9:36,7.192
5684,5/14/2017 9:37,7.217
5685,5/14/2017 9:38,7.242
5686,5/14/2017 9:39,7.293
5687,5/14/2017 9:40,7.293
5688,5/14/2017 9:41,7.268
5689,5/14/2017 9:42,7.268
5690,5/14/2017 9:43,7.268
5691,5/14/2017 9:44,7.293
5692,5/14/2017 9:45,7.293
5693,5/14/2017 9:46,7.293
5694,5/14/2017 9:47,7.293
5695,5/14/2017 9:48,7.293
5696,5/14/2017 9:49,7.242
5697,5/14/2017 9:50,7.268
5698,5/14/2017 9:51,7.268
5699,5/14/2017 9:52,7.268
5700,5/14/2017 9:53,7.293
5701,5/14/2017 9:54,7.318
5702,5/14/2017 9:55,7.318
5703,5/14/2017 9:56,7.293
5704,5/14/2017 9:57,7.268
5705,5/14/2017 9:58,7.217
5706,5/14/2017 9:59,7.192
5707,5/14/2017 10:00,7.167
5708,5/14/2017 10:01,7.142
5709,5/14/2017 10:02,7.142
5710,5/14/2017 10:03,7.142
5711,5/14/2017 10:04,7.142
5712,5/14/2017 10:05,7.192
5713,5/14/2017 10:06,7.217
5714,5/14/2017 10:07,7.217
5715,5/14/2017 10:08,7.242
5716,5/14/2017 10:09,7.268
5717,5/14/2017 10:10,7.318
5718,5/14/2017 10:11,7.318
5719,5/14/2017 10:12,7.293
5720,5/14/2017 10:13,7.268
5721,5/14/2017 10:14,7.268
5722,5/14/2017 10:15,7.217
5723,5/14/2017 10:16,7.217
5724,5/14/2017 10:17,7.217
5725,5/14/2017 10:18,7.192
5726,5/14/2017 10:19,7.167
5727,5/14/2017 10:20,7.167
5728,5/14/2017 10:21,7.142
5729,5/14/2017 10:22,7.142
5730,5/14/2017 10:23,7.116
5731,5/14/2017 10:24,7.116
5732,5/14/2017 10:25,7.142
5733,5/14/2017 10:26,7.217
5734,5/14/2017 10:27,7.293
5735,5/14/2017 10:28,7.318
5736,5/14/2017 10:29,7.318
5737,5/14/2017 10:30,7.368
5738,5/14/2017 10:31,7.419
5739,5/14/2017 10:32,7.494
5740,5/14/2017 10:33,7.544
5741,5/14/2017 10:34,7.569
5742,5/14/2017 10:35,7.619
5743,5/14/2017 10:36,7.645
5744,5/14/2017 10:37,7.72
5745,5/14/2017 10:38,7.745
5746,5/14/2017 10:39,7.795
5747,5/14/2017 10:40,7.87
5748,5/14/2017 10:41,7.92
5749,5/14/2017 10:42,7.945
5750,5/14/2017 10:43,7.995
5751,5/14/2017 10:44,8.02
5752,5/14/2017 10:45,8.045
5753,5/14/2017 10:46,8.095
5754,5/14/2017 10:47,8.12
5755,5/14/2017 10:48,8.17
5756,5/14/2017 10:49,8.22
5757,5/14/2017 10:50,8.319
5758,5/14/2017 10:51,8.394
5759,5/14/2017 10:52,8.469
5760,5/14/2017 10:53,8.494
5761,5/14/2017 10:54,8.519
5762,5/14/2017 10:55,8.543
5763,5/14/2017 10:56,8.568
5764,5/14/2017 10:57,8.593
5765,5/14/2017 10:58,8.618
5766,5/14/2017 10:59,8.593
5767,5/14/2017 11:00,8.593
5768,5/14/2017 11:01,8.543
5769,5/14/2017 11:02,8.469
5770,5/14/2017 11:03,8.469
5771,5/14/2017 11:04,8.419
5772,5/14/2017 11:05,8.394
5773,5/14/2017 11:06,8.419
5774,5/14/2017 11:07,8.369
5775,5/14/2017 11:08,8.369
5776,5/14/2017 11:09,8.344
5777,5/14/2017 11:10,8.344
5778,5/14/2017 11:11,8.369
5779,5/14/2017 11:12,8.419
5780,5/14/2017 11:13,8.469
5781,5/14/2017 11:14,8.444
5782,5/14/2017 11:15,8.419
5783,5/14/2017 11:16,8.444
5784,5/14/2017 11:17,8.519
5785,5/14/2017 11:18,8.519
5786,5/14/2017 11:19,8.519
5787,5/14/2017 11:20,8.494
5788,5/14/2017 11:21,8.494
5789,5/14/2017 11:22,8.543
5790,5/14/2017 11:23,8.568
5791,5/14/2017 11:24,8.593
5792,5/14/2017 11:25,8.618
5793,5/14/2017 11:26,8.668
5794,5/14/2017 11:27,8.693
5795,5/14/2017 11:28,8.668
5796,5/14/2017 11:29,8.618
5797,5/14/2017 11:30,8.643
5798,5/14/2017 11:31,8.693
5799,5/14/2017 11:32,8.742
5800,5/14/2017 11:33,8.643
5801,5/14/2017 11:34,8.494
5802,5/14/2017 11:35,8.519
5803,5/14/2017 11:36,8.469
5804,5/14/2017 11:37,8.444
5805,5/14/2017 11:38,8.519
5806,5/14/2017 11:39,8.568
5807,5/14/2017 11:40,8.519
5808,5/14/2017 11:41,8.519
5809,5/14/2017 11:42,8.568
5810,5/14/2017 11:43,8.568
5811,5/14/2017 11:44,8.618
5812,5/14/2017 11:45,8.668
5813,5/14/2017 11:46,8.643
5814,5/14/2017 11:47,8.494
5815,5/14/2017 11:48,8.394
5816,5/14/2017 11:49,8.444
5817,5/14/2017 11:50,8.444
5818,5/14/2017 11:51,8.419
5819,5/14/2017 11:52,8.394
5820,5/14/2017 11:53,8.444
5821,5/14/2017 11:54,8.519
5822,5/14/2017 11:55,8.419
5823,5/14/2017 11:56,8.444
5824,5/14/2017 11:57,8.519
5825,5/14/2017 11:58,8.494
5826,5/14/2017 11:59,8.543
5827,5/14/2017 12:00,8.643
5828,5/14/2017 12:01,8.717
5829,5/14/2017 12:02,8.742
5830,5/14/2017 12:03,8.767
5831,5/14/2017 12:04,8.891
5832,5/14/2017 12:05,8.891
5833,5/14/2017 12:06,8.916
5834,5/14/2017 12:07,8.99
5835,5/14/2017 12:08,9.064
5836,5/14/2017 12:09,9.139
5837,5/14/2017 12:10,9.213
5838,5/14/2017 12:11,9.262
5839,5/14/2017 12:12,9.312
5840,5/14/2017 12:13,9.336
5841,5/14/2017 12:14,9.336
5842,5/14/2017 12:15,9.312
5843,5/14/2017 12:16,9.312
5844,5/14/2017 12:17,9.361
5845,5/14/2017 12:18,9.386
5846,5/14/2017 12:19,9.312
5847,5/14/2017 12:20,9.312
5848,5/14/2017 12:21,9.312
5849,5/14/2017 12:22,9.213
5850,5/14/2017 12:23,9.287
5851,5/14/2017 12:24,9.287
5852,5/14/2017 12:25,9.312
5853,5/14/2017 12:26,9.336
5854,5/14/2017 12:27,9.435
5855,5/14/2017 12:28,9.509
5856,5/14/2017 12:29,9.608
5857,5/14/2017 12:30,9.657
5858,5/14/2017 12:31,9.706
5859,5/14/2017 12:32,9.756
5860,5/14/2017 12:33,9.805
5861,5/14/2017 12:34,9.78
5862,5/14/2017 12:35,9.829
5863,5/14/2017 12:36,9.657
5864,5/14/2017 12:37,9.558
5865,5/14/2017 12:38,9.435
5866,5/14/2017 12:39,9.312
5867,5/14/2017 12:40,9.238
5868,5/14/2017 12:41,9.213
5869,5/14/2017 12:42,9.213
5870,5/14/2017 12:43,9.238
5871,5/14/2017 12:44,9.188
5872,5/14/2017 12:45,9.163
5873,5/14/2017 12:46,9.188
5874,5/14/2017 12:47,9.114
5875,5/14/2017 12:48,9.04
5876,5/14/2017 12:49,9.04
5877,5/14/2017 12:50,9.114
5878,5/14/2017 12:51,9.114
5879,5/14/2017 12:52,9.114
5880,5/14/2017 12:53,9.114
5881,5/14/2017 12:54,9.089
5882,5/14/2017 12:55,9.089
5883,5/14/2017 12:56,9.089
5884,5/14/2017 12:57,9.04
5885,5/14/2017 12:58,8.965
5886,5/14/2017 12:59,8.965
5887,5/14/2017 13:00,9.015
5888,5/14/2017 13:01,9.089
5889,5/14/2017 13:02,9.163
5890,5/14/2017 13:03,9.238
5891,5/14/2017 13:04,9.287
5892,5/14/2017 13:05,9.312
5893,5/14/2017 13:06,9.336
5894,5/14/2017 13:07,9.336
5895,5/14/2017 13:08,9.336
5896,5/14/2017 13:09,9.312
5897,5/14/2017 13:10,9.312
5898,5/14/2017 13:11,9.238
5899,5/14/2017 13:12,9.163
5900,5/14/2017 13:13,9.089
5901,5/14/2017 13:14,9.114
5902,5/14/2017 13:15,9.163
5903,5/14/2017 13:16,9.163
5904,5/14/2017 13:17,9.139
5905,5/14/2017 13:18,9.089
5906,5/14/2017 13:19,9.139
5907,5/14/2017 13:20,9.139
5908,5/14/2017 13:21,9.064
5909,5/14/2017 13:22,8.941
5910,5/14/2017 13:23,8.817
5911,5/14/2017 13:24,8.717
5912,5/14/2017 13:25,8.618
5913,5/14/2017 13:26,8.543
5914,5/14/2017 13:27,8.469
5915,5/14/2017 13:28,8.444
5916,5/14/2017 13:29,8.369
5917,5/14/2017 13:30,8.295
5918,5/14/2017 13:31,8.22
5919,5/14/2017 13:32,8.22
5920,5/14/2017 13:33,8.27
5921,5/14/2017 13:34,8.369
5922,5/14/2017 13:35,8.419
5923,5/14/2017 13:36,8.444
5924,5/14/2017 13:37,8.469
5925,5/14/2017 13:38,8.469
5926,5/14/2017 13:39,8.519
5927,5/14/2017 13:40,8.593
5928,5/14/2017 13:41,8.668
5929,5/14/2017 13:42,8.717
5930,5/14/2017 13:43,8.742
5931,5/14/2017 13:44,8.767
5932,5/14/2017 13:45,8.792
5933,5/14/2017 13:46,8.792
5934,5/14/2017 13:47,8.767
5935,5/14/2017 13:48,8.767
5936,5/14/2017 13:49,8.767
5937,5/14/2017 13:50,8.767
5938,5/14/2017 13:51,8.767
5939,5/14/2017 13:52,8.767
5940,5/14/2017 13:53,8.817
5941,5/14/2017 13:54,8.841
5942,5/14/2017 13:55,8.841
5943,5/14/2017 13:56,8.866
5944,5/14/2017 13:57,8.866
5945,5/14/2017 13:58,8.891
5946,5/14/2017 13:59,8.916
5947,5/14/2017 14:00,8.916
5948,5/14/2017 14:01,8.916
5949,5/14/2017 14:02,8.916
5950,5/14/2017 14:03,8.941
5951,5/14/2017 14:04,8.941
5952,5/14/2017 14:05,8.99
5953,5/14/2017 14:06,8.99
5954,5/14/2017 14:07,8.916
5955,5/14/2017 14:08,8.866
5956,5/14/2017 14:09,8.916
5957,5/14/2017 14:10,8.965
5958,5/14/2017 14:11,8.941
5959,5/14/2017 14:12,8.965
5960,5/14/2017 14:13,8.916
5961,5/14/2017 14:14,8.866
5962,5/14/2017 14:15,8.817
5963,5/14/2017 14:16,8.767
5964,5/14/2017 14:17,8.767
5965,5/14/2017 14:18,8.742
5966,5/14/2017 14:19,8.693
5967,5/14/2017 14:20,8.643
5968,5/14/2017 14:21,7.494
5969,5/14/2017 14:22,6.965
5970,5/14/2017 14:23,7.091
5971,5/14/2017 14:24,6.965
5972,5/14/2017 14:25,6.889
5973,5/14/2017 14:26,6.839
5974,5/14/2017 14:27,6.839
5975,5/14/2017 14:28,7.192
5976,5/14/2017 14:29,6.585
5977,5/14/2017 14:30,6.026
5978,5/14/2017 14:31,6.585
5979,5/14/2017 14:32,6.306
5980,5/14/2017 14:33,6.23
5981,5/14/2017 14:34,5.949
5982,5/14/2017 14:35,6
5983,5/14/2017 14:36,6.94
5984,5/14/2017 14:37,7.368
5985,5/14/2017 14:38,7.167
5986,5/14/2017 14:39,7.167
5987,5/14/2017 14:40,6.864
5988,5/14/2017 14:41,7.142
5989,5/14/2017 14:42,7.293
5990,5/14/2017 14:43,7.066
5991,5/14/2017 14:44,7.041
5992,5/14/2017 14:45,7.142
5993,5/14/2017 14:46,7.268
5994,5/14/2017 14:47,7.343
5995,5/14/2017 14:48,7.419
5996,5/14/2017 14:49,7.469
5997,5/14/2017 14:50,7.519
5998,5/14/2017 14:51,7.594
5999,5/14/2017 14:52,7.645
6000,5/14/2017 14:53,7.72
6001,5/14/2017 14:54,7.795
6002,5/14/2017 14:55,7.845
6003,5/14/2017 14:56,7.87
6004,5/14/2017 14:57,7.92
6005,5/14/2017 14:58,7.97
6006,5/14/2017 14:59,8.02
6007,5/14/2017 15:00,8.045
6008,5/14/2017 15:01,8.07
6009,5/14/2017 15:02,8.07
6010,5/14/2017 15:03,7.97
6011,5/14/2017 15:04,7.895
6012,5/14/2017 15:05,7.895
6013,5/14/2017 15:06,7.92
6014,5/14/2017 15:07,7.97
6015,5/14/2017 15:08,8.02
6016,5/14/2017 15:09,8.045
6017,5/14/2017 15:10,8.07
6018,5/14/2017 15:11,8.045
6019,5/14/2017 15:12,8.02
6020,5/14/2017 15:13,8.07
6021,5/14/2017 15:14,8.045
6022,5/14/2017 15:15,7.945
6023,5/14/2017 15:16,7.87
6024,5/14/2017 15:17,7.845
6025,5/14/2017 15:18,7.87
6026,5/14/2017 15:19,7.92
6027,5/14/2017 15:20,7.945
6028,5/14/2017 15:21,7.97
6029,5/14/2017 15:22,7.97
6030,5/14/2017 15:23,7.97
6031,5/14/2017 15:24,7.945
6032,5/14/2017 15:25,7.945
6033,5/14/2017 15:26,7.92
6034,5/14/2017 15:27,7.92
6035,5/14/2017 15:28,7.895
6036,5/14/2017 15:29,7.895
6037,5/14/2017 15:30,7.995
6038,5/14/2017 15:31,8.045
6039,5/14/2017 15:32,8.095
6040,5/14/2017 15:33,8.12
6041,5/14/2017 15:34,8.12
6042,5/14/2017 15:35,8.145
6043,5/14/2017 15:36,8.22
6044,5/14/2017 15:37,8.27
6045,5/14/2017 15:38,8.295
6046,5/14/2017 15:39,8.319
6047,5/14/2017 15:40,8.369
6048,5/14/2017 15:41,8.419
6049,5/14/2017 15:42,8.469
6050,5/14/2017 15:43,8.494
6051,5/14/2017 15:44,8.419
6052,5/14/2017 15:45,8.319
6053,5/14/2017 15:46,8.22
6054,5/14/2017 15:47,8.17
6055,5/14/2017 15:48,8.12
6056,5/14/2017 15:49,8.045
6057,5/14/2017 15:50,7.995
6058,5/14/2017 15:51,7.995
6059,5/14/2017 15:52,7.995
6060,5/14/2017 15:53,7.995
6061,5/14/2017 15:54,8.02
6062,5/14/2017 15:55,8.02
6063,5/14/2017 15:56,8.02
6064,5/14/2017 15:57,7.995
6065,5/14/2017 15:58,7.995
6066,5/14/2017 15:59,8.07
6067,5/14/2017 16:00,8.145
6068,5/14/2017 16:01,8.17
6069,5/14/2017 16:02,8.22
6070,5/14/2017 16:03,8.295
6071,5/14/2017 16:04,8.27
6072,5/14/2017 16:05,8.22
6073,5/14/2017 16:06,8.22
6074,5/14/2017 16:07,8.22
6075,5/14/2017 16:08,8.295
6076,5/14/2017 16:09,8.344
6077,5/14/2017 16:10,8.394
6078,5/14/2017 16:11,8.394
6079,5/14/2017 16:12,8.394
6080,5/14/2017 16:13,8.469
6081,5/14/2017 16:14,8.519
6082,5/14/2017 16:15,8.568
6083,5/14/2017 16:16,8.593
6084,5/14/2017 16:17,8.668
6085,5/14/2017 16:18,8.693
6086,5/14/2017 16:19,8.742
6087,5/14/2017 16:20,8.767
6088,5/14/2017 16:21,8.792
6089,5/14/2017 16:22,8.767
6090,5/14/2017 16:23,8.792
6091,5/14/2017 16:24,8.817
6092,5/14/2017 16:25,8.817
6093,5/14/2017 16:26,8.841
6094,5/14/2017 16:27,8.841
6095,5/14/2017 16:28,8.866
6096,5/14/2017 16:29,8.866
6097,5/14/2017 16:30,8.916
6098,5/14/2017 16:31,8.941
6099,5/14/2017 16:32,8.965
6100,5/14/2017 16:33,8.941
6101,5/14/2017 16:34,8.916
6102,5/14/2017 16:35,8.916
6103,5/14/2017 16:36,8.866
6104,5/14/2017 16:37,8.841
6105,5/14/2017 16:38,8.817
6106,5/14/2017 16:39,8.817
6107,5/14/2017 16:40,8.841
6108,5/14/2017 16:41,8.866
6109,5/14/2017 16:42,8.916
6110,5/14/2017 16:43,8.965
6111,5/14/2017 16:44,8.99
6112,5/14/2017 16:45,8.99
6113,5/14/2017 16:46,8.99
6114,5/14/2017 16:47,9.015
6115,5/14/2017 16:48,8.99
6116,5/14/2017 16:49,8.817
6117,5/14/2017 16:50,8.717
6118,5/14/2017 16:51,8.717
6119,5/14/2017 16:52,8.717
6120,5/14/2017 16:53,8.693
6121,5/14/2017 16:54,8.717
6122,5/14/2017 16:55,8.668
6123,5/14/2017 16:56,8.693
6124,5/14/2017 16:57,8.717
6125,5/14/2017 16:58,8.742
6126,5/14/2017 16:59,8.717
6127,5/14/2017 17:00,8.717
6128,5/14/2017 17:01,8.643
6129,5/14/2017 17:02,8.593
6130,5/14/2017 17:03,8.519
6131,5/14/2017 17:04,8.444
6132,5/14/2017 17:05,8.344
6133,5/14/2017 17:06,8.245
6134,5/14/2017 17:07,8.195
6135,5/14/2017 17:08,8.17
6136,5/14/2017 17:09,8.27
6137,5/14/2017 17:10,8.344
6138,5/14/2017 17:11,8.394
6139,5/14/2017 17:12,8.444
6140,5/14/2017 17:13,8.469
6141,5/14/2017 17:14,8.543
6142,5/14/2017 17:15,8.618
6143,5/14/2017 17:16,8.643
6144,5/14/2017 17:17,8.668
6145,5/14/2017 17:18,8.717
6146,5/14/2017 17:19,8.717
6147,5/14/2017 17:20,8.717
6148,5/14/2017 17:21,8.742
6149,5/14/2017 17:22,8.742
6150,5/14/2017 17:23,8.742
6151,5/14/2017 17:24,8.742
6152,5/14/2017 17:25,8.717
6153,5/14/2017 17:26,8.717
6154,5/14/2017 17:27,8.693
6155,5/14/2017 17:28,8.668
6156,5/14/2017 17:29,8.668
6157,5/14/2017 17:30,8.717
6158,5/14/2017 17:31,8.767
6159,5/14/2017 17:32,8.817
6160,5/14/2017 17:33,8.841
6161,5/14/2017 17:34,8.866
6162,5/14/2017 17:35,8.866
6163,5/14/2017 17:36,8.841
6164,5/14/2017 17:37,8.817
6165,5/14/2017 17:38,8.817
6166,5/14/2017 17:39,8.792
6167,5/14/2017 17:40,8.767
6168,5/14/2017 17:41,8.717
6169,5/14/2017 17:42,8.717
6170,5/14/2017 17:43,8.717
6171,5/14/2017 17:44,8.693
6172,5/14/2017 17:45,8.717
6173,5/14/2017 17:46,8.618
6174,5/14/2017 17:47,8.494
6175,5/14/2017 17:48,8.369
6176,5/14/2017 17:49,8.319
6177,5/14/2017 17:50,8.369
6178,5/14/2017 17:51,8.369
6179,5/14/2017 17:52,8.419
6180,5/14/2017 17:53,8.469
6181,5/14/2017 17:54,8.469
6182,5/14/2017 17:55,8.519
6183,5/14/2017 17:56,8.519
6184,5/14/2017 17:57,8.519
6185,5/14/2017 17:58,8.543
6186,5/14/2017 17:59,8.543
6187,5/14/2017 18:00,8.568
6188,5/14/2017 18:01,8.568
6189,5/14/2017 18:02,8.568
6190,5/14/2017 18:03,8.568
6191,5/14/2017 18:04,8.593
6192,5/14/2017 18:05,8.593
6193,5/14/2017 18:06,8.593
6194,5/14/2017 18:07,8.568
6195,5/14/2017 18:08,8.568
6196,5/14/2017 18:09,8.568
6197,5/14/2017 18:10,8.568
6198,5/14/2017 18:11,8.568
6199,5/14/2017 18:12,8.543
6200,5/14/2017 18:13,8.543
6201,5/14/2017 18:14,8.519
6202,5/14/2017 18:15,8.519
6203,5/14/2017 18:16,8.494
6204,5/14/2017 18:17,8.494
6205,5/14/2017 18:18,8.494
6206,5/14/2017 18:19,8.494
6207,5/14/2017 18:20,8.469
6208,5/14/2017 18:21,8.444
6209,5/14/2017 18:22,8.469
6210,5/14/2017 18:23,8.444
6211,5/14/2017 18:24,8.369
6212,5/14/2017 18:25,8.344
6213,5/14/2017 18:26,8.319
6214,5/14/2017 18:27,8.27
6215,5/14/2017 18:28,8.245
6216,5/14/2017 18:29,8.22
6217,5/14/2017 18:30,8.17
6218,5/14/2017 18:31,8.095
6219,5/14/2017 18:32,8.02
6220,5/14/2017 18:33,7.97
6221,5/14/2017 18:34,7.945
6222,5/14/2017 18:35,7.97
6223,5/14/2017 18:36,7.97
6224,5/14/2017 18:37,7.995
6225,5/14/2017 18:38,7.995
6226,5/14/2017 18:39,7.995
6227,5/14/2017 18:40,8.02
6228,5/14/2017 18:41,8.07
6229,5/14/2017 18:42,8.12
6230,5/14/2017 18:43,8.145
6231,5/14/2017 18:44,8.195
6232,5/14/2017 18:45,8.145
6233,5/14/2017 18:46,8.12
6234,5/14/2017 18:47,8.07
6235,5/14/2017 18:48,7.995
6236,5/14/2017 18:49,7.945
6237,5/14/2017 18:50,7.895
6238,5/14/2017 18:51,7.845
6239,5/14/2017 18:52,7.795
6240,5/14/2017 18:53,7.77
6241,5/14/2017 18:54,7.745
6242,5/14/2017 18:55,7.695
6243,5/14/2017 18:56,7.67
6244,5/14/2017 18:57,7.645
6245,5/14/2017 18:58,7.594
6246,5/14/2017 18:59,7.569
6247,5/14/2017 19:00,7.569
6248,5/14/2017 19:01,7.544
6249,5/14/2017 19:02,7.519
6250,5/14/2017 19:03,7.519
6251,5/14/2017 19:04,7.544
6252,5/14/2017 19:05,7.594
6253,5/14/2017 19:06,7.645
6254,5/14/2017 19:07,7.67
6255,5/14/2017 19:08,7.72
6256,5/14/2017 19:09,7.77
6257,5/14/2017 19:10,7.795
6258,5/14/2017 19:11,7.795
6259,5/14/2017 19:12,7.795
6260,5/14/2017 19:13,7.77
6261,5/14/2017 19:14,7.72
6262,5/14/2017 19:15,7.695
6263,5/14/2017 19:16,7.695
6264,5/14/2017 19:17,7.72
6265,5/14/2017 19:18,7.745
6266,5/14/2017 19:19,7.795
6267,5/14/2017 19:20,7.82
6268,5/14/2017 19:21,7.895
6269,5/14/2017 19:22,7.92
6270,5/14/2017 19:23,7.92
6271,5/14/2017 19:24,7.945
6272,5/14/2017 19:25,7.97
6273,5/14/2017 19:26,7.995
6274,5/14/2017 19:27,8.045
6275,5/14/2017 19:28,8.07
6276,5/14/2017 19:29,8.07
6277,5/14/2017 19:30,8.02
6278,5/14/2017 19:31,7.97
6279,5/14/2017 19:32,7.895
6280,5/14/2017 19:33,7.87
6281,5/14/2017 19:34,7.845
6282,5/14/2017 19:35,7.895
6283,5/14/2017 19:36,7.92
6284,5/14/2017 19:37,7.97
6285,5/14/2017 19:38,7.97
6286,5/14/2017 19:39,7.97
6287,5/14/2017 19:40,8.02
6288,5/14/2017 19:41,8.07
6289,5/14/2017 19:42,8.02
6290,5/14/2017 19:43,7.945
6291,5/14/2017 19:44,7.945
6292,5/14/2017 19:45,7.995
6293,5/14/2017 19:46,8.02
6294,5/14/2017 19:47,8.02
6295,5/14/2017 19:48,8.07
6296,5/14/2017 19:49,8.045
6297,5/14/2017 19:50,8.02
6298,5/14/2017 19:51,8.07
6299,5/14/2017 19:52,8.07
6300,5/14/2017 19:53,8.12
6301,5/14/2017 19:54,8.12
6302,5/14/2017 19:55,8.12
6303,5/14/2017 19:56,8.095
6304,5/14/2017 19:57,8.095
6305,5/14/2017 19:58,8.07
6306,5/14/2017 19:59,8.095
6307,5/14/2017 20:00,8.12
6308,5/14/2017 20:01,8.17
6309,5/14/2017 20:02,8.195
6310,5/14/2017 20:03,8.195
6311,5/14/2017 20:04,8.12
6312,5/14/2017 20:05,8.07
6313,5/14/2017 20:06,8.095
6314,5/14/2017 20:07,8.095
6315,5/14/2017 20:08,8.07
6316,5/14/2017 20:09,8.045
6317,5/14/2017 20:10,7.995
6318,5/14/2017 20:11,7.97
6319,5/14/2017 20:12,7.97
6320,5/14/2017 20:13,7.995
6321,5/14/2017 20:14,8.02
6322,5/14/2017 20:15,8.045
6323,5/14/2017 20:16,8.07
6324,5/14/2017 20:17,8.095
6325,5/14/2017 20:18,8.07
6326,5/14/2017 20:19,8.02
6327,5/14/2017 20:20,7.97
6328,5/14/2017 20:21,7.92
6329,5/14/2017 20:22,7.945
6330,5/14/2017 20:23,7.97
6331,5/14/2017 20:24,8.02
6332,5/14/2017 20:25,7.995
6333,5/14/2017 20:26,8.02
6334,5/14/2017 20:27,8.045
6335,5/14/2017 20:28,8.02
6336,5/14/2017 20:29,7.995
6337,5/14/2017 20:30,7.945
6338,5/14/2017 20:31,7.945
6339,5/14/2017 20:32,7.97
6340,5/14/2017 20:33,7.97
6341,5/14/2017 20:34,7.97
6342,5/14/2017 20:35,7.995
6343,5/14/2017 20:36,8.02
6344,5/14/2017 20:37,8.045
6345,5/14/2017 20:38,8.02
6346,5/14/2017 20:39,7.995
6347,5/14/2017 20:40,7.945
6348,5/14/2017 20:41,7.895
6349,5/14/2017 20:42,7.895
6350,5/14/2017 20:43,7.87
6351,5/14/2017 20:44,7.845
6352,5/14/2017 20:45,7.82
6353,5/14/2017 20:46,7.82
6354,5/14/2017 20:47,7.795
6355,5/14/2017 20:48,7.77
6356,5/14/2017 20:49,7.77
6357,5/14/2017 20:50,7.77
6358,5/14/2017 20:51,7.745
6359,5/14/2017 20:52,7.695
6360,5/14/2017 20:53,7.67
6361,5/14/2017 20:54,7.645
6362,5/14/2017 20:55,7.67
6363,5/14/2017 20:56,7.695
6364,5/14/2017 20:57,7.695
6365,5/14/2017 20:58,7.67
6366,5/14/2017 20:59,7.645
6367,5/14/2017 21:00,7.619
6368,5/14/2017 21:01,7.594
6369,5/14/2017 21:02,7.569
6370,5/14/2017 21:03,7.544
6371,5/14/2017 21:04,7.544
6372,5/14/2017 21:05,7.544
6373,5/14/2017 21:06,7.519
6374,5/14/2017 21:07,7.569
6375,5/14/2017 21:08,7.569
6376,5/14/2017 21:09,7.569
6377,5/14/2017 21:10,7.569
6378,5/14/2017 21:11,7.544
6379,5/14/2017 21:12,7.544
6380,5/14/2017 21:13,7.569
6381,5/14/2017 21:14,7.569
6382,5/14/2017 21:15,7.594
6383,5/14/2017 21:16,7.594
6384,5/14/2017 21:17,7.619
6385,5/14/2017 21:18,7.619
6386,5/14/2017 21:19,7.619
6387,5/14/2017 21:20,7.594
6388,5/14/2017 21:21,7.594
6389,5/14/2017 21:22,7.594
6390,5/14/2017 21:23,7.619
6391,5/14/2017 21:24,7.594
6392,5/14/2017 21:25,7.569
6393,5/14/2017 21:26,7.544
6394,5/14/2017 21:27,7.519
6395,5/14/2017 21:28,7.494
6396,5/14/2017 21:29,7.469
6397,5/14/2017 21:30,7.469
6398,5/14/2017 21:31,7.469
6399,5/14/2017 21:32,7.469
6400,5/14/2017 21:33,7.469
6401,5/14/2017 21:34,7.469
6402,5/14/2017 21:35,7.419
6403,5/14/2017 21:36,7.419
6404,5/14/2017 21:37,7.444
6405,5/14/2017 21:38,7.469
6406,5/14/2017 21:39,7.419
6407,5/14/2017 21:40,7.393
6408,5/14/2017 21:41,7.343
6409,5/14/2017 21:42,7.343
6410,5/14/2017 21:43,7.343
6411,5/14/2017 21:44,7.368
6412,5/14/2017 21:45,7.368
6413,5/14/2017 21:46,7.318
6414,5/14/2017 21:47,7.293
6415,5/14/2017 21:48,7.293
6416,5/14/2017 21:49,7.318
6417,5/14/2017 21:50,7.343
6418,5/14/2017 21:51,7.343
6419,5/14/2017 21:52,7.343
6420,5/14/2017 21:53,7.318
6421,5/14/2017 21:54,7.293
6422,5/14/2017 21:55,7.268
6423,5/14/2017 21:56,7.268
6424,5/14/2017 21:57,7.293
6425,5/14/2017 21:58,7.293
6426,5/14/2017 21:59,7.318
6427,5/14/2017 22:00,7.318
6428,5/14/2017 22:01,7.318
6429,5/14/2017 22:02,7.268
6430,5/14/2017 22:03,7.242
6431,5/14/2017 22:04,7.242
6432,5/14/2017 22:05,7.242
6433,5/14/2017 22:06,7.268
6434,5/14/2017 22:07,7.268
6435,5/14/2017 22:08,7.268
6436,5/14/2017 22:09,7.268
6437,5/14/2017 22:10,7.268
6438,5/14/2017 22:11,7.268
6439,5/14/2017 22:12,7.268
6440,5/14/2017 22:13,7.268
6441,5/14/2017 22:14,7.268
6442,5/14/2017 22:15,7.268
6443,5/14/2017 22:16,7.268
6444,5/14/2017 22:17,7.242
6445,5/14/2017 22:18,7.217
6446,5/14/2017 22:19,7.167
6447,5/14/2017 22:20,7.142
6448,5/14/2017 22:21,7.116
6449,5/14/2017 22:22,7.116
6450,5/14/2017 22:23,7.091
6451,5/14/2017 22:24,7.066
6452,5/14/2017 22:25,7.066
6453,5/14/2017 22:26,7.066
6454,5/14/2017 22:27,7.091
6455,5/14/2017 22:28,7.091
6456,5/14/2017 22:29,7.091
6457,5/14/2017 22:30,7.091
6458,5/14/2017 22:31,7.091
6459,5/14/2017 22:32,7.091
6460,5/14/2017 22:33,7.116
6461,5/14/2017 22:34,7.116
6462,5/14/2017 22:35,7.116
6463,5/14/2017 22:36,7.066
6464,5/14/2017 22:37,7.015
6465,5/14/2017 22:38,6.99
6466,5/14/2017 22:39,6.99
6467,5/14/2017 22:40,7.015
6468,5/14/2017 22:41,7.015
6469,5/14/2017 22:42,7.015
6470,5/14/2017 22:43,6.99
6471,5/14/2017 22:44,6.965
6472,5/14/2017 22:45,6.99
6473,5/14/2017 22:46,6.99
6474,5/14/2017 22:47,6.965
6475,5/14/2017 22:48,6.94
6476,5/14/2017 22:49,6.965
6477,5/14/2017 22:50,6.99
6478,5/14/2017 22:51,6.99
6479,5/14/2017 22:52,7.015
6480,5/14/2017 22:53,6.99
6481,5/14/2017 22:54,6.94
6482,5/14/2017 22:55,6.965
6483,5/14/2017 22:56,6.965
6484,5/14/2017 22:57,6.965
6485,5/14/2017 22:58,6.99
6486,5/14/2017 22:59,6.965
6487,5/14/2017 23:00,6.965
6488,5/14/2017 23:01,6.965
6489,5/14/2017 23:02,6.965
6490,5/14/2017 23:03,6.965
6491,5/14/2017 23:04,6.99
6492,5/14/2017 23:05,6.99
6493,5/14/2017 23:06,6.99
6494,5/14/2017 23:07,6.99
6495,5/14/2017 23:08,6.99
6496,5/14/2017 23:09,6.99
6497,5/14/2017 23:10,7.015
6498,5/14/2017 23:11,6.965
6499,5/14/2017 23:12,6.965
6500,5/14/2017 23:13,6.99
6501,5/14/2017 23:14,6.99
6502,5/14/2017 23:15,6.94
6503,5/14/2017 23:16,6.914
6504,5/14/2017 23:17,6.864
6505,5/14/2017 23:18,6.839
6506,5/14/2017 23:19,6.813
6507,5/14/2017 23:20,6.788
6508,5/14/2017 23:21,6.788
6509,5/14/2017 23:22,6.813
6510,5/14/2017 23:23,6.813
6511,5/14/2017 23:24,6.813
6512,5/14/2017 23:25,6.788
6513,5/14/2017 23:26,6.763
6514,5/14/2017 23:27,6.763
6515,5/14/2017 23:28,6.763
6516,5/14/2017 23:29,6.737
6517,5/14/2017 23:30,6.737
6518,5/14/2017 23:31,6.763
6519,5/14/2017 23:32,6.788
6520,5/14/2017 23:33,6.763
6521,5/14/2017 23:34,6.687
6522,5/14/2017 23:35,6.661
6523,5/14/2017 23:36,6.636
6524,5/14/2017 23:37,6.611
6525,5/14/2017 23:38,6.585
6526,5/14/2017 23:39,6.56
6527,5/14/2017 23:40,6.585
6528,5/14/2017 23:41,6.56
6529,5/14/2017 23:42,6.56
6530,5/14/2017 23:43,6.56
6531,5/14/2017 23:44,6.535
6532,5/14/2017 23:45,6.535
6533,5/14/2017 23:46,6.535
6534,5/14/2017 23:47,6.535
6535,5/14/2017 23:48,6.535
6536,5/14/2017 23:49,6.535
6537,5/14/2017 23:50,6.535
6538,5/14/2017 23:51,6.535
6539,5/14/2017 23:52,6.535
6540,5/14/2017 23:53,6.535
6541,5/14/2017 23:54,6.509
6542,5/14/2017 23:55,6.509
6543,5/14/2017 23:56,6.484
6544,5/14/2017 23:57,6.484
6545,5/14/2017 23:58,6.484
6546,5/14/2017 23:59,6.458
6547,5/15/2017 0:00,6.484
6548,5/15/2017 0:01,6.458
6549,5/15/2017 0:02,6.484
6550,5/15/2017 0:03,6.535
6551,5/15/2017 0:04,6.56
6552,5/15/2017 0:05,6.56
6553,5/15/2017 0:06,6.56
6554,5/15/2017 0:07,6.585
6555,5/15/2017 0:08,6.611
6556,5/15/2017 0:09,6.611
6557,5/15/2017 0:10,6.636
6558,5/15/2017 0:11,6.636
6559,5/15/2017 0:12,6.611
6560,5/15/2017 0:13,6.585
6561,5/15/2017 0:14,6.56
6562,5/15/2017 0:15,6.535
6563,5/15/2017 0:16,6.484
6564,5/15/2017 0:17,6.458
6565,5/15/2017 0:18,6.408
6566,5/15/2017 0:19,6.357
6567,5/15/2017 0:20,6.357
6568,5/15/2017 0:21,6.331
6569,5/15/2017 0:22,6.306
6570,5/15/2017 0:23,6.255
6571,5/15/2017 0:24,6.281
6572,5/15/2017 0:25,6.255
6573,5/15/2017 0:26,6.255
6574,5/15/2017 0:27,6.281
6575,5/15/2017 0:28,6.306
6576,5/15/2017 0:29,6.281
6577,5/15/2017 0:30,6.281
6578,5/15/2017 0:31,6.23
6579,5/15/2017 0:32,6.179
6580,5/15/2017 0:33,6.102
6581,5/15/2017 0:34,6.051
6582,5/15/2017 0:35,6
6583,5/15/2017 0:36,6
6584,5/15/2017 0:37,5.975
6585,5/15/2017 0:38,5.949
6586,5/15/2017 0:39,5.924
6587,5/15/2017 0:40,5.898
6588,5/15/2017 0:41,5.898
6589,5/15/2017 0:42,5.872
6590,5/15/2017 0:43,5.821
6591,5/15/2017 0:44,5.796
6592,5/15/2017 0:45,5.796
6593,5/15/2017 0:46,5.77
6594,5/15/2017 0:47,5.745
6595,5/15/2017 0:48,5.745
6596,5/15/2017 0:49,5.719
6597,5/15/2017 0:50,5.719
6598,5/15/2017 0:51,5.719
6599,5/15/2017 0:52,5.693
6600,5/15/2017 0:53,5.668
6601,5/15/2017 0:54,5.642
6602,5/15/2017 0:55,5.668
6603,5/15/2017 0:56,5.668
6604,5/15/2017 0:57,5.668
6605,5/15/2017 0:58,5.642
6606,5/15/2017 0:59,5.591
6607,5/15/2017 1:00,5.591
6608,5/15/2017 1:01,5.668
6609,5/15/2017 1:02,5.719
6610,5/15/2017 1:03,5.796
6611,5/15/2017 1:04,5.847
6612,5/15/2017 1:05,5.924
6613,5/15/2017 1:06,5.872
6614,5/15/2017 1:07,5.821
6615,5/15/2017 1:08,5.796
6616,5/15/2017 1:09,5.77
6617,5/15/2017 1:10,5.693
6618,5/15/2017 1:11,5.591
6619,5/15/2017 1:12,5.565
6620,5/15/2017 1:13,5.539
6621,5/15/2017 1:14,5.514
6622,5/15/2017 1:15,5.462
6623,5/15/2017 1:16,5.437
6624,5/15/2017 1:17,5.411
6625,5/15/2017 1:18,5.36
6626,5/15/2017 1:19,5.36
6627,5/15/2017 1:20,5.334
6628,5/15/2017 1:21,5.308
6629,5/15/2017 1:22,5.282
6630,5/15/2017 1:23,5.282
6631,5/15/2017 1:24,5.282
6632,5/15/2017 1:25,5.257
6633,5/15/2017 1:26,5.308
6634,5/15/2017 1:27,5.36
6635,5/15/2017 1:28,5.411
6636,5/15/2017 1:29,5.437
6637,5/15/2017 1:30,5.385
6638,5/15/2017 1:31,5.334
6639,5/15/2017 1:32,5.308
6640,5/15/2017 1:33,5.308
6641,5/15/2017 1:34,5.308
6642,5/15/2017 1:35,5.282
6643,5/15/2017 1:36,5.282
6644,5/15/2017 1:37,5.334
6645,5/15/2017 1:38,5.385
6646,5/15/2017 1:39,5.411
6647,5/15/2017 1:40,5.462
6648,5/15/2017 1:41,5.514
6649,5/15/2017 1:42,5.591
6650,5/15/2017 1:43,5.668
6651,5/15/2017 1:44,5.693
6652,5/15/2017 1:45,5.719
6653,5/15/2017 1:46,5.77
6654,5/15/2017 1:47,5.77
6655,5/15/2017 1:48,5.77
6656,5/15/2017 1:49,5.821
6657,5/15/2017 1:50,5.821
6658,5/15/2017 1:51,5.847
6659,5/15/2017 1:52,5.821
6660,5/15/2017 1:53,5.821
6661,5/15/2017 1:54,5.821
6662,5/15/2017 1:55,5.821
6663,5/15/2017 1:56,5.821
6664,5/15/2017 1:57,5.796
6665,5/15/2017 1:58,5.77
6666,5/15/2017 1:59,5.719
6667,5/15/2017 2:00,5.719
6668,5/15/2017 2:01,5.745
6669,5/15/2017 2:02,5.745
6670,5/15/2017 2:03,5.745
6671,5/15/2017 2:04,5.745
6672,5/15/2017 2:05,5.745
6673,5/15/2017 2:06,5.745
6674,5/15/2017 2:07,5.719
6675,5/15/2017 2:08,5.693
6676,5/15/2017 2:09,5.693
6677,5/15/2017 2:10,5.668
6678,5/15/2017 2:11,5.642
6679,5/15/2017 2:12,5.642
6680,5/15/2017 2:13,5.616
6681,5/15/2017 2:14,5.539
6682,5/15/2017 2:15,5.488
6683,5/15/2017 2:16,5.462
6684,5/15/2017 2:17,5.437
6685,5/15/2017 2:18,5.411
6686,5/15/2017 2:19,5.385
6687,5/15/2017 2:20,5.385
6688,5/15/2017 2:21,5.385
6689,5/15/2017 2:22,5.385
6690,5/15/2017 2:23,5.411
6691,5/15/2017 2:24,5.411
6692,5/15/2017 2:25,5.411
6693,5/15/2017 2:26,5.437
6694,5/15/2017 2:27,5.462
6695,5/15/2017 2:28,5.462
6696,5/15/2017 2:29,5.462
6697,5/15/2017 2:30,5.488
6698,5/15/2017 2:31,5.514
6699,5/15/2017 2:32,5.488
6700,5/15/2017 2:33,5.591
6701,5/15/2017 2:34,5.616
6702,5/15/2017 2:35,5.616
6703,5/15/2017 2:36,5.591
6704,5/15/2017 2:37,5.591
6705,5/15/2017 2:38,5.591
6706,5/15/2017 2:39,5.565
6707,5/15/2017 2:40,5.565
6708,5/15/2017 2:41,5.539
6709,5/15/2017 2:42,5.539
6710,5/15/2017 2:43,5.539
6711,5/15/2017 2:44,5.539
6712,5/15/2017 2:45,5.616
6713,5/15/2017 2:46,5.565
6714,5/15/2017 2:47,5.539
6715,5/15/2017 2:48,5.539
6716,5/15/2017 2:49,5.462
6717,5/15/2017 2:50,5.488
6718,5/15/2017 2:51,5.488
6719,5/15/2017 2:52,5.462
6720,5/15/2017 2:53,5.437
6721,5/15/2017 2:54,5.36
6722,5/15/2017 2:55,5.308
6723,5/15/2017 2:56,5.282
6724,5/15/2017 2:57,5.257
6725,5/15/2017 2:58,5.231
6726,5/15/2017 2:59,5.205
6727,5/15/2017 3:00,5.179
6728,5/15/2017 3:01,5.154
6729,5/15/2017 3:02,5.154
6730,5/15/2017 3:03,5.154
6731,5/15/2017 3:04,5.179
6732,5/15/2017 3:05,5.231
6733,5/15/2017 3:06,5.231
6734,5/15/2017 3:07,5.257
6735,5/15/2017 3:08,5.282
6736,5/15/2017 3:09,5.257
6737,5/15/2017 3:10,5.205
6738,5/15/2017 3:11,5.154
6739,5/15/2017 3:12,5.076
6740,5/15/2017 3:13,5.076
6741,5/15/2017 3:14,4.999
6742,5/15/2017 3:15,4.947
6743,5/15/2017 3:16,4.895
6744,5/15/2017 3:17,4.895
6745,5/15/2017 3:18,4.895
6746,5/15/2017 3:19,4.869
6747,5/15/2017 3:20,4.844
6748,5/15/2017 3:21,4.844
6749,5/15/2017 3:22,4.844
6750,5/15/2017 3:23,4.869
6751,5/15/2017 3:24,4.869
6752,5/15/2017 3:25,4.895
6753,5/15/2017 3:26,4.869
6754,5/15/2017 3:27,4.869
6755,5/15/2017 3:28,4.869
6756,5/15/2017 3:29,4.869
6757,5/15/2017 3:30,4.947
6758,5/15/2017 3:31,4.895
6759,5/15/2017 3:32,4.869
6760,5/15/2017 3:33,4.869
6761,5/15/2017 3:34,4.869
6762,5/15/2017 3:35,4.895
6763,5/15/2017 3:36,4.921
6764,5/15/2017 3:37,4.947
6765,5/15/2017 3:38,4.895
6766,5/15/2017 3:39,4.895
6767,5/15/2017 3:40,4.869
6768,5/15/2017 3:41,4.844
6769,5/15/2017 3:42,4.818
6770,5/15/2017 3:43,4.792
6771,5/15/2017 3:44,4.74
6772,5/15/2017 3:45,4.662
6773,5/15/2017 3:46,4.61
6774,5/15/2017 3:47,4.584
6775,5/15/2017 3:48,4.558
6776,5/15/2017 3:49,4.506
6777,5/15/2017 3:50,4.506
6778,5/15/2017 3:51,4.48
6779,5/15/2017 3:52,4.48
6780,5/15/2017 3:53,4.454
6781,5/15/2017 3:54,4.428
6782,5/15/2017 3:55,4.376
6783,5/15/2017 3:56,4.35
6784,5/15/2017 3:57,4.35
6785,5/15/2017 3:58,4.324
6786,5/15/2017 3:59,4.298
6787,5/15/2017 4:00,4.272
6788,5/15/2017 4:01,4.246
6789,5/15/2017 4:02,4.22
6790,5/15/2017 4:03,4.22
6791,5/15/2017 4:04,4.22
6792,5/15/2017 4:05,4.194
6793,5/15/2017 4:06,4.194
6794,5/15/2017 4:07,4.194
6795,5/15/2017 4:08,4.168
6796,5/15/2017 4:09,4.168
6797,5/15/2017 4:10,4.168
6798,5/15/2017 4:11,4.168
6799,5/15/2017 4:12,4.194
6800,5/15/2017 4:13,4.194
6801,5/15/2017 4:14,4.194
6802,5/15/2017 4:15,4.194
6803,5/15/2017 4:16,4.194
6804,5/15/2017 4:17,4.168
6805,5/15/2017 4:18,4.141
6806,5/15/2017 4:19,4.141
6807,5/15/2017 4:20,4.141
6808,5/15/2017 4:21,4.115
6809,5/15/2017 4:22,4.115
6810,5/15/2017 4:23,4.089
6811,5/15/2017 4:24,4.037
6812,5/15/2017 4:25,4.011
6813,5/15/2017 4:26,4.011
6814,5/15/2017 4:27,4.011
6815,5/15/2017 4:28,4.011
6816,5/15/2017 4:29,4.011
6817,5/15/2017 4:30,4.011
6818,5/15/2017 4:31,4.011
6819,5/15/2017 4:32,3.985
6820,5/15/2017 4:33,3.958
6821,5/15/2017 4:34,3.932
6822,5/15/2017 4:35,3.932
6823,5/15/2017 4:36,3.932
6824,5/15/2017 4:37,3.906
6825,5/15/2017 4:38,3.906
6826,5/15/2017 4:39,3.906
6827,5/15/2017 4:40,3.906
6828,5/15/2017 4:41,3.906
6829,5/15/2017 4:42,3.906
6830,5/15/2017 4:43,3.906
6831,5/15/2017 4:44,3.906
6832,5/15/2017 4:45,3.88
6833,5/15/2017 4:46,3.854
6834,5/15/2017 4:47,3.854
6835,5/15/2017 4:48,3.854
6836,5/15/2017 4:49,3.827
6837,5/15/2017 4:50,3.801
6838,5/15/2017 4:51,3.801
6839,5/15/2017 4:52,3.775
6840,5/15/2017 4:53,3.775
6841,5/15/2017 4:54,3.775
6842,5/15/2017 4:55,3.775
6843,5/15/2017 4:56,3.775
6844,5/15/2017 4:57,3.775
6845,5/15/2017 4:58,3.775
6846,5/15/2017 4:59,3.775
6847,5/15/2017 5:00,3.775
6848,5/15/2017 5:01,3.749
6849,5/15/2017 5:02,3.749
6850,5/15/2017 5:03,3.722
6851,5/15/2017 5:04,3.722
6852,5/15/2017 5:05,3.722
6853,5/15/2017 5:06,3.722
6854,5/15/2017 5:07,3.722
6855,5/15/2017 5:08,3.749
6856,5/15/2017 5:09,3.775
6857,5/15/2017 5:10,3.775
6858,5/15/2017 5:11,3.775
6859,5/15/2017 5:12,3.749
6860,5/15/2017 5:13,3.749
6861,5/15/2017 5:14,3.775
6862,5/15/2017 5:15,3.775
6863,5/15/2017 5:16,3.801
6864,5/15/2017 5:17,3.827
6865,5/15/2017 5:18,3.854
6866,5/15/2017 5:19,3.854
6867,5/15/2017 5:20,3.88
6868,5/15/2017 5:21,3.906
6869,5/15/2017 5:22,3.932
6870,5/15/2017 5:23,3.906
6871,5/15/2017 5:24,3.88
6872,5/15/2017 5:25,3.88
6873,5/15/2017 5:26,3.88
6874,5/15/2017 5:27,3.88
6875,5/15/2017 5:28,3.906
6876,5/15/2017 5:29,3.906
6877,5/15/2017 5:30,3.906
6878,5/15/2017 5:31,3.932
6879,5/15/2017 5:32,3.906
6880,5/15/2017 5:33,3.932
6881,5/15/2017 5:34,3.932
6882,5/15/2017 5:35,3.932
6883,5/15/2017 5:36,3.932
6884,5/15/2017 5:37,3.932
6885,5/15/2017 5:38,3.906
6886,5/15/2017 5:39,3.88
6887,5/15/2017 5:40,3.88
6888,5/15/2017 5:41,3.854
6889,5/15/2017 5:42,3.827
6890,5/15/2017 5:43,3.827
6891,5/15/2017 5:44,3.801
6892,5/15/2017 5:45,3.801
6893,5/15/2017 5:46,3.801
6894,5/15/2017 5:47,3.801
6895,5/15/2017 5:48,3.801
6896,5/15/2017 5:49,3.801
6897,5/15/2017 5:50,3.801
6898,5/15/2017 5:51,3.801
6899,5/15/2017 5:52,3.775
6900,5/15/2017 5:53,3.775
6901,5/15/2017 5:54,3.801
6902,5/15/2017 5:55,3.801
6903,5/15/2017 5:56,3.801
6904,5/15/2017 5:57,3.775
6905,5/15/2017 5:58,3.749
6906,5/15/2017 5:59,3.749
6907,5/15/2017 6:00,3.722
6908,5/15/2017 6:01,3.749
6909,5/15/2017 6:02,3.775
6910,5/15/2017 6:03,3.775
6911,5/15/2017 6:04,3.827
6912,5/15/2017 6:05,3.854
6913,5/15/2017 6:06,3.88
6914,5/15/2017 6:07,3.88
6915,5/15/2017 6:08,3.906
6916,5/15/2017 6:09,3.932
6917,5/15/2017 6:10,3.932
6918,5/15/2017 6:11,3.932
6919,5/15/2017 6:12,3.932
6920,5/15/2017 6:13,3.932
6921,5/15/2017 6:14,3.932
6922,5/15/2017 6:15,3.932
6923,5/15/2017 6:16,3.932
6924,5/15/2017 6:17,3.958
6925,5/15/2017 6:18,3.958
6926,5/15/2017 6:19,3.985
6927,5/15/2017 6:20,3.985
6928,5/15/2017 6:21,4.011
6929,5/15/2017 6:22,4.037
6930,5/15/2017 6:23,4.037
6931,5/15/2017 6:24,4.037
6932,5/15/2017 6:25,4.037
6933,5/15/2017 6:26,4.037
6934,5/15/2017 6:27,4.063
6935,5/15/2017 6:28,4.063
6936,5/15/2017 6:29,4.089
6937,5/15/2017 6:30,4.115
6938,5/15/2017 6:31,4.115
6939,5/15/2017 6:32,4.115
6940,5/15/2017 6:33,4.115
6941,5/15/2017 6:34,4.115
6942,5/15/2017 6:35,4.141
6943,5/15/2017 6:36,4.141
6944,5/15/2017 6:37,4.141
6945,5/15/2017 6:38,4.141
6946,5/15/2017 6:39,4.168
6947,5/15/2017 6:40,4.194
6948,5/15/2017 6:41,4.194
6949,5/15/2017 6:42,4.22
6950,5/15/2017 6:43,4.246
6951,5/15/2017 6:44,4.272
6952,5/15/2017 6:45,4.298
6953,5/15/2017 6:46,4.35
6954,5/15/2017 6:47,4.402
6955,5/15/2017 6:48,4.402
6956,5/15/2017 6:49,4.454
6957,5/15/2017 6:50,4.454
6958,5/15/2017 6:51,4.48
6959,5/15/2017 6:52,4.506
6960,5/15/2017 6:53,4.48
6961,5/15/2017 6:54,4.48
6962,5/15/2017 6:55,4.584
6963,5/15/2017 6:56,4.61
6964,5/15/2017 6:57,4.584
6965,5/15/2017 6:58,4.584
6966,5/15/2017 6:59,4.636
6967,5/15/2017 7:00,4.636
6968,5/15/2017 7:01,4.714
6969,5/15/2017 7:02,4.766
6970,5/15/2017 7:03,4.766
6971,5/15/2017 7:04,4.792
6972,5/15/2017 7:05,4.869
6973,5/15/2017 7:06,5.024
6974,5/15/2017 7:07,5.179
6975,5/15/2017 7:08,5.308
6976,5/15/2017 7:09,5.437
6977,5/15/2017 7:10,5.591
6978,5/15/2017 7:11,5.745
6979,5/15/2017 7:12,5.745
6980,5/15/2017 7:13,5.796
6981,5/15/2017 7:14,5.796
6982,5/15/2017 7:15,5.796
6983,5/15/2017 7:16,5.796
6984,5/15/2017 7:17,5.796
6985,5/15/2017 7:18,5.796
6986,5/15/2017 7:19,5.77
6987,5/15/2017 7:20,5.77
6988,5/15/2017 7:21,5.77
6989,5/15/2017 7:22,5.77
6990,5/15/2017 7:23,5.796
6991,5/15/2017 7:24,5.847
6992,5/15/2017 7:25,5.872
6993,5/15/2017 7:26,5.949
6994,5/15/2017 7:27,5.975
6995,5/15/2017 7:28,6
6996,5/15/2017 7:29,6
6997,5/15/2017 7:30,6
6998,5/15/2017 7:31,5.975
6999,5/15/2017 7:32,5.975
7000,5/15/2017 7:33,5.975
7001,5/15/2017 7:34,6
7002,5/15/2017 7:35,6.026
7003,5/15/2017 7:36,6.077
7004,5/15/2017 7:37,6.102
7005,5/15/2017 7:38,6.153
7006,5/15/2017 7:39,6.23
7007,5/15/2017 7:40,6.306
7008,5/15/2017 7:41,6.357
7009,5/15/2017 7:42,6.408
7010,5/15/2017 7:43,6.458
7011,5/15/2017 7:44,6.484
7012,5/15/2017 7:45,6.535
7013,5/15/2017 7:46,6.585
7014,5/15/2017 7:47,6.636
7015,5/15/2017 7:48,6.687
7016,5/15/2017 7:49,6.763
7017,5/15/2017 7:50,6.788
7018,5/15/2017 7:51,6.839
7019,5/15/2017 7:52,6.864
7020,5/15/2017 7:53,6.914
7021,5/15/2017 7:54,6.94
7022,5/15/2017 7:55,6.94
7023,5/15/2017 7:56,6.965
7024,5/15/2017 7:57,6.965
7025,5/15/2017 7:58,6.965
7026,5/15/2017 7:59,6.99
7027,5/15/2017 8:00,7.015
7028,5/15/2017 8:01,7.041
7029,5/15/2017 8:02,7.041
7030,5/15/2017 8:03,7.066
7031,5/15/2017 8:04,7.066
7032,5/15/2017 8:05,7.091
7033,5/15/2017 8:06,7.116
7034,5/15/2017 8:07,7.142
7035,5/15/2017 8:08,7.167
7036,5/15/2017 8:09,7.192
7037,5/15/2017 8:10,7.217
7038,5/15/2017 8:11,7.268
7039,5/15/2017 8:12,7.293
7040,5/15/2017 8:13,7.293
7041,5/15/2017 8:14,7.318
7042,5/15/2017 8:15,7.318
7043,5/15/2017 8:16,7.343
7044,5/15/2017 8:17,7.343
7045,5/15/2017 8:18,7.368
7046,5/15/2017 8:19,7.368
7047,5/15/2017 8:20,7.419
7048,5/15/2017 8:21,7.469
7049,5/15/2017 8:22,7.519
7050,5/15/2017 8:23,7.544
7051,5/15/2017 8:24,7.569
7052,5/15/2017 8:25,7.569
7053,5/15/2017 8:26,7.569
7054,5/15/2017 8:27,7.569
7055,5/15/2017 8:28,7.569
7056,5/15/2017 8:29,7.569
7057,5/15/2017 8:30,7.569
7058,5/15/2017 8:31,7.594
7059,5/15/2017 8:32,7.594
7060,5/15/2017 8:33,7.619
7061,5/15/2017 8:34,7.645
7062,5/15/2017 8:35,7.619
7063,5/15/2017 8:36,7.619
7064,5/15/2017 8:37,7.594
7065,5/15/2017 8:38,7.619
7066,5/15/2017 8:39,7.619
7067,5/15/2017 8:40,7.594
7068,5/15/2017 8:41,7.594
7069,5/15/2017 8:42,7.569
7070,5/15/2017 8:43,7.569
7071,5/15/2017 8:44,7.569
7072,5/15/2017 8:45,7.594
7073,5/15/2017 8:46,7.594
7074,5/15/2017 8:47,7.594
7075,5/15/2017 8:48,7.594
7076,5/15/2017 8:49,7.594
7077,5/15/2017 8:50,7.594
7078,5/15/2017 8:51,7.569
7079,5/15/2017 8:52,7.544
7080,5/15/2017 8:53,7.519
7081,5/15/2017 8:54,7.494
7082,5/15/2017 8:55,7.494
7083,5/15/2017 8:56,7.469
7084,5/15/2017 8:57,7.469
7085,5/15/2017 8:58,7.444
7086,5/15/2017 8:59,7.444
7087,5/15/2017 9:00,7.419
7088,5/15/2017 9:01,7.419
7089,5/15/2017 9:02,7.419
7090,5/15/2017 9:03,7.419
7091,5/15/2017 9:04,7.419
7092,5/15/2017 9:05,7.419
7093,5/15/2017 9:06,7.419
7094,5/15/2017 9:07,7.419
7095,5/15/2017 9:08,7.444
7096,5/15/2017 9:09,7.444
7097,5/15/2017 9:10,7.444
7098,5/15/2017 9:11,7.419
7099,5/15/2017 9:12,7.419
7100,5/15/2017 9:13,7.419
7101,5/15/2017 9:14,7.393
7102,5/15/2017 9:15,7.368
7103,5/15/2017 9:16,7.343
7104,5/15/2017 9:17,7.343
7105,5/15/2017 9:18,7.343
7106,5/15/2017 9:19,7.368
7107,5/15/2017 9:20,7.393
7108,5/15/2017 9:21,7.393
7109,5/15/2017 9:22,7.368
7110,5/15/2017 9:23,7.368
7111,5/15/2017 9:24,7.343
7112,5/15/2017 9:25,7.343
7113,5/15/2017 9:26,7.343
7114,5/15/2017 9:27,7.343
7115,5/15/2017 9:28,7.368
7116,5/15/2017 9:29,7.368
7117,5/15/2017 9:30,7.368
7118,5/15/2017 9:31,7.368
7119,5/15/2017 9:32,7.393
7120,5/15/2017 9:33,7.419
7121,5/15/2017 9:34,7.419
7122,5/15/2017 9:35,7.444
7123,5/15/2017 9:36,7.444
7124,5/15/2017 9:37,7.444
7125,5/15/2017 9:38,7.469
7126,5/15/2017 9:39,7.469
7127,5/15/2017 9:40,7.494
7128,5/15/2017 9:41,7.519
7129,5/15/2017 9:42,7.544
7130,5/15/2017 9:43,7.569
7131,5/15/2017 9:44,7.594
7132,5/15/2017 9:45,7.619
7133,5/15/2017 9:46,7.645
7134,5/15/2017 9:47,7.645
7135,5/15/2017 9:48,7.67
7136,5/15/2017 9:49,7.695
7137,5/15/2017 9:50,7.72
7138,5/15/2017 9:51,7.745
7139,5/15/2017 9:52,7.77
7140,5/15/2017 9:53,7.795
7141,5/15/2017 9:54,7.795
7142,5/15/2017 9:55,7.82
7143,5/15/2017 9:56,7.82
7144,5/15/2017 9:57,7.845
7145,5/15/2017 9:58,7.87
7146,5/15/2017 9:59,7.87
7147,5/15/2017 10:00,7.87
7148,5/15/2017 10:01,7.87
7149,5/15/2017 10:02,7.895
7150,5/15/2017 10:03,7.895
7151,5/15/2017 10:04,7.92
7152,5/15/2017 10:05,7.945
7153,5/15/2017 10:06,7.97
7154,5/15/2017 10:07,7.995
7155,5/15/2017 10:08,8.07
7156,5/15/2017 10:09,8.095
7157,5/15/2017 10:10,8.095
7158,5/15/2017 10:11,8.145
7159,5/15/2017 10:12,8.195
7160,5/15/2017 10:13,8.27
7161,5/15/2017 10:14,8.319
7162,5/15/2017 10:15,8.369
7163,5/15/2017 10:16,8.444
7164,5/15/2017 10:17,8.494
7165,5/15/2017 10:18,8.568
7166,5/15/2017 10:19,8.618
7167,5/15/2017 10:20,8.618
7168,5/15/2017 10:21,8.668
7169,5/15/2017 10:22,8.668
7170,5/15/2017 10:23,8.717
7171,5/15/2017 10:24,8.767
7172,5/15/2017 10:25,8.792
7173,5/15/2017 10:26,8.841
7174,5/15/2017 10:27,8.866
7175,5/15/2017 10:28,8.866
7176,5/15/2017 10:29,8.841
7177,5/15/2017 10:30,8.817
7178,5/15/2017 10:31,8.817
7179,5/15/2017 10:32,8.792
7180,5/15/2017 10:33,8.792
7181,5/15/2017 10:34,8.817
7182,5/15/2017 10:35,8.866
7183,5/15/2017 10:36,8.916
7184,5/15/2017 10:37,8.965
7185,5/15/2017 10:38,8.99
7186,5/15/2017 10:39,8.965
7187,5/15/2017 10:40,8.941
7188,5/15/2017 10:41,8.965
7189,5/15/2017 10:42,9.015
7190,5/15/2017 10:43,9.04
7191,5/15/2017 10:44,9.04
7192,5/15/2017 10:45,9.064
7193,5/15/2017 10:46,9.089
7194,5/15/2017 10:47,9.089
7195,5/15/2017 10:48,9.089
7196,5/15/2017 10:49,9.064
7197,5/15/2017 10:50,9.064
7198,5/15/2017 10:51,9.015
7199,5/15/2017 10:52,9.04
7200,5/15/2017 10:53,9.015
7201,5/15/2017 10:54,9.015
7202,5/15/2017 10:55,9.064
7203,5/15/2017 10:56,9.064
7204,5/15/2017 10:57,9.064
7205,5/15/2017 10:58,9.114
7206,5/15/2017 10:59,9.163
7207,5/15/2017 11:00,9.139
7208,5/15/2017 11:01,9.139
7209,5/15/2017 11:02,9.163
7210,5/15/2017 11:03,9.188
7211,5/15/2017 11:04,9.213
7212,5/15/2017 11:05,9.238
7213,5/15/2017 11:06,9.287
7214,5/15/2017 11:07,9.312
7215,5/15/2017 11:08,9.312
7216,5/15/2017 11:09,9.312
7217,5/15/2017 11:10,9.336
7218,5/15/2017 11:11,9.336
7219,5/15/2017 11:12,9.188
7220,5/15/2017 11:13,9.04
7221,5/15/2017 11:14,8.916
7222,5/15/2017 11:15,8.841
7223,5/15/2017 11:16,8.866
7224,5/15/2017 11:17,8.941
7225,5/15/2017 11:18,9.04
7226,5/15/2017 11:19,9.163
7227,5/15/2017 11:20,9.262
7228,5/15/2017 11:21,9.213
7229,5/15/2017 11:22,9.213
7230,5/15/2017 11:23,9.188
7231,5/15/2017 11:24,9.163
7232,5/15/2017 11:25,9.089
7233,5/15/2017 11:26,9.114
7234,5/15/2017 11:27,8.891
7235,5/15/2017 11:28,8.245
7236,5/15/2017 11:29,7.945
7237,5/15/2017 11:30,7.845
7238,5/15/2017 11:31,7.795
7239,5/15/2017 11:32,7.745
7240,5/15/2017 11:33,7.945
7241,5/15/2017 11:34,8.07
7242,5/15/2017 11:35,8.145
7243,5/15/2017 11:36,8.27
7244,5/15/2017 11:37,9.114
7245,5/15/2017 11:38,8.916
7246,5/15/2017 11:39,8.817
7247,5/15/2017 11:40,8.717
7248,5/15/2017 11:41,8.195
7249,5/15/2017 11:42,7.945
7250,5/15/2017 11:43,7.695
7251,5/15/2017 11:44,7.268
7252,5/15/2017 11:45,7.091
7253,5/15/2017 11:46,6.94
7254,5/15/2017 11:47,6.509
7255,5/15/2017 11:48,6.179
7256,5/15/2017 11:49,6.026
7257,5/15/2017 11:50,5.949
7258,5/15/2017 11:51,5.898
7259,5/15/2017 11:52,5.898
7260,5/15/2017 11:53,5.872
7261,5/15/2017 11:54,5.872
7262,5/15/2017 11:55,5.872
7263,5/15/2017 11:56,5.872
7264,5/15/2017 11:57,5.872
7265,5/15/2017 11:58,5.872
7266,5/15/2017 11:59,5.872
7267,5/15/2017 12:00,5.872
7268,5/15/2017 12:01,5.872
7269,5/15/2017 12:02,5.872
7270,5/15/2017 12:03,5.872
7271,5/15/2017 12:04,5.872
7272,5/15/2017 12:05,5.872
7273,5/15/2017 12:06,5.872
7274,5/15/2017 12:07,5.872
7275,5/15/2017 12:08,5.872
7276,5/15/2017 12:09,5.872
7277,5/15/2017 12:10,5.872
7278,5/15/2017 12:11,5.872
7279,5/15/2017 12:12,5.872
7280,5/15/2017 12:13,5.872
7281,5/15/2017 12:14,5.872
7282,5/15/2017 12:15,5.872
7283,5/15/2017 12:16,5.872
7284,5/15/2017 12:17,5.872
7285,5/15/2017 12:18,5.872
7286,5/15/2017 12:19,5.872
7287,5/15/2017 12:20,5.872
7288,5/15/2017 12:21,5.872
7289,5/15/2017 12:22,5.847
7290,5/15/2017 12:23,6.255
7291,5/15/2017 12:24,6.585
7292,5/15/2017 12:25,6.99
7293,5/15/2017 12:26,7.293
7294,5/15/2017 12:27,7.544
7295,5/15/2017 12:28,7.72
7296,5/15/2017 12:29,7.92
7297,5/15/2017 12:30,7.97
7298,5/15/2017 12:31,8.12
7299,5/15/2017 12:32,8.195
7300,5/15/2017 12:33,8.195
7301,5/15/2017 12:34,8.195
7302,5/15/2017 12:35,8.195
7303,5/15/2017 12:36,8.17
7304,5/15/2017 12:37,8.17
7305,5/15/2017 12:38,8.145
7306,5/15/2017 12:39,8.145
7307,5/15/2017 12:40,8.12
7308,5/15/2017 12:41,8.12
7309,5/15/2017 12:42,8.12
7310,5/15/2017 12:43,8.145
7311,5/15/2017 12:44,8.17
7312,5/15/2017 12:45,8.17
7313,5/15/2017 12:46,8.17
7314,5/15/2017 12:47,8.12
7315,5/15/2017 12:48,8.095
7316,5/15/2017 12:49,8.07
7317,5/15/2017 12:50,8.07
7318,5/15/2017 12:51,8.045
7319,5/15/2017 12:52,8.02
7320,5/15/2017 12:53,7.995
7321,5/15/2017 12:54,7.995
7322,5/15/2017 12:55,8.02
7323,5/15/2017 12:56,8.02
7324,5/15/2017 12:57,8.02
7325,5/15/2017 12:58,8.02
7326,5/15/2017 12:59,8.045
7327,5/15/2017 13:00,8.02
7328,5/15/2017 13:01,7.995
7329,5/15/2017 13:02,7.97
7330,5/15/2017 13:03,7.945
7331,5/15/2017 13:04,7.945
7332,5/15/2017 13:05,7.97
7333,5/15/2017 13:06,7.97
7334,5/15/2017 13:07,7.995
7335,5/15/2017 13:08,8.045
7336,5/15/2017 13:09,8.07
7337,5/15/2017 13:10,8.07
7338,5/15/2017 13:11,8.095
7339,5/15/2017 13:12,8.12
7340,5/15/2017 13:13,8.12
7341,5/15/2017 13:14,8.145
7342,5/15/2017 13:15,8.145
7343,5/15/2017 13:16,8.17
7344,5/15/2017 13:17,8.17
7345,5/15/2017 13:18,8.17
7346,5/15/2017 13:19,8.145
7347,5/15/2017 13:20,8.145
7348,5/15/2017 13:21,8.17
7349,5/15/2017 13:22,8.17
7350,5/15/2017 13:23,8.195
7351,5/15/2017 13:24,8.22
7352,5/15/2017 13:25,8.245
7353,5/15/2017 13:26,8.22
7354,5/15/2017 13:27,8.245
7355,5/15/2017 13:28,8.22
7356,5/15/2017 13:29,8.195
7357,5/15/2017 13:30,8.145
7358,5/15/2017 13:31,8.12
7359,5/15/2017 13:32,8.12
7360,5/15/2017 13:33,8.145
7361,5/15/2017 13:34,8.17
7362,5/15/2017 13:35,8.17
7363,5/15/2017 13:36,8.17
7364,5/15/2017 13:37,8.145
7365,5/15/2017 13:38,8.145
7366,5/15/2017 13:39,8.17
7367,5/15/2017 13:40,8.195
7368,5/15/2017 13:41,8.17
7369,5/15/2017 13:42,8.195
7370,5/15/2017 13:43,8.17
7371,5/15/2017 13:44,8.17
7372,5/15/2017 13:45,8.17
7373,5/15/2017 13:46,8.17
7374,5/15/2017 13:47,8.17
7375,5/15/2017 13:48,8.195
7376,5/15/2017 13:49,8.17
7377,5/15/2017 13:50,8.17
7378,5/15/2017 13:51,8.17
7379,5/15/2017 13:52,8.145
7380,5/15/2017 13:53,8.195
7381,5/15/2017 13:54,8.22
7382,5/15/2017 13:55,8.245
7383,5/15/2017 13:56,8.27
7384,5/15/2017 13:57,8.27
7385,5/15/2017 13:58,8.27
7386,5/15/2017 13:59,8.245
7387,5/15/2017 14:00,8.245
7388,5/15/2017 14:01,8.22
7389,5/15/2017 14:02,8.195
7390,5/15/2017 14:03,8.195
7391,5/15/2017 14:04,8.195
7392,5/15/2017 14:05,8.17
7393,5/15/2017 14:06,8.145
7394,5/15/2017 14:07,8.095
7395,5/15/2017 14:08,8.07
7396,5/15/2017 14:09,8.07
7397,5/15/2017 14:10,8.07
7398,5/15/2017 14:11,8.07
7399,5/15/2017 14:12,8.095
7400,5/15/2017 14:13,8.045
7401,5/15/2017 14:14,7.97
7402,5/15/2017 14:15,7.77
7403,5/15/2017 14:16,7.444
7404,5/15/2017 14:17,7.242
7405,5/15/2017 14:18,6.839
7406,5/15/2017 14:19,6.636
7407,5/15/2017 14:20,6.535
7408,5/15/2017 14:21,6.484
7409,5/15/2017 14:22,6.458
7410,5/15/2017 14:23,6.433
7411,5/15/2017 14:24,6.433
7412,5/15/2017 14:25,6.433
7413,5/15/2017 14:26,6.408
7414,5/15/2017 14:27,6.408
7415,5/15/2017 14:28,6.408
7416,5/15/2017 14:29,6.382
7417,5/15/2017 14:30,6.357
7418,5/15/2017 14:31,6.331
7419,5/15/2017 14:32,6.331
7420,5/15/2017 14:33,6.306
7421,5/15/2017 14:34,6.306
7422,5/15/2017 14:35,6.306
7423,5/15/2017 14:36,6.306
7424,5/15/2017 14:37,6.306
7425,5/15/2017 14:38,6.306
7426,5/15/2017 14:39,6.306
7427,5/15/2017 14:40,6.306
7428,5/15/2017 14:41,6.306
7429,5/15/2017 14:42,6.306
7430,5/15/2017 14:43,6.306
7431,5/15/2017 14:44,6.306
7432,5/15/2017 14:45,6.306
7433,5/15/2017 14:46,6.306
7434,5/15/2017 14:47,6.306
7435,5/15/2017 14:48,6.306
7436,5/15/2017 14:49,6.331
7437,5/15/2017 14:50,6.331
7438,5/15/2017 14:51,6.306
7439,5/15/2017 14:52,6.306
7440,5/15/2017 14:53,6.306
7441,5/15/2017 14:54,6.306
7442,5/15/2017 14:55,6.306
7443,5/15/2017 14:56,6.306
7444,5/15/2017 14:57,6.306
7445,5/15/2017 14:58,6.306
7446,5/15/2017 14:59,6.306
7447,5/15/2017 15:00,6.306
7448,5/15/2017 15:01,6.306
7449,5/15/2017 15:02,6.306
7450,5/15/2017 15:03,6.331
7451,5/15/2017 15:04,6.331
7452,5/15/2017 15:05,6.331
7453,5/15/2017 15:06,6.382
7454,5/15/2017 15:07,6.839
7455,5/15/2017 15:08,7.393
7456,5/15/2017 15:09,7.67
7457,5/15/2017 15:10,7.77
7458,5/15/2017 15:11,7.945
7459,5/15/2017 15:12,8.095
7460,5/15/2017 15:13,8.145
7461,5/15/2017 15:14,8.22
7462,5/15/2017 15:15,8.27
7463,5/15/2017 15:16,8.295
7464,5/15/2017 15:17,8.319
7465,5/15/2017 15:18,8.369
7466,5/15/2017 15:19,8.394
7467,5/15/2017 15:20,8.444
7468,5/15/2017 15:21,8.469
7469,5/15/2017 15:22,8.469
7470,5/15/2017 15:23,8.469
7471,5/15/2017 15:24,8.469
7472,5/15/2017 15:25,8.419
7473,5/15/2017 15:26,8.394
7474,5/15/2017 15:27,8.369
7475,5/15/2017 15:28,8.369
7476,5/15/2017 15:29,8.394
7477,5/15/2017 15:30,8.394
7478,5/15/2017 15:31,8.344
7479,5/15/2017 15:32,8.17
7480,5/15/2017 15:33,8.045
7481,5/15/2017 15:34,7.945
7482,5/15/2017 15:35,7.695
7483,5/15/2017 15:36,7.444
7484,5/15/2017 15:37,7.167
7485,5/15/2017 15:38,6.839
7486,5/15/2017 15:39,6.433
7487,5/15/2017 15:40,6.204
7488,5/15/2017 15:41,6.179
7489,5/15/2017 15:42,6.255
7490,5/15/2017 15:43,6.281
7491,5/15/2017 15:44,6.281
7492,5/15/2017 15:45,6.281
7493,5/15/2017 15:46,6.281
7494,5/15/2017 15:47,6.281
7495,5/15/2017 15:48,6.281
7496,5/15/2017 15:49,6.255
7497,5/15/2017 15:50,6.255
7498,5/15/2017 15:51,6.281
7499,5/15/2017 15:52,6.306
7500,5/15/2017 15:53,6.306
7501,5/15/2017 15:54,6.306
7502,5/15/2017 15:55,6.306
7503,5/15/2017 15:56,6.255
7504,5/15/2017 15:57,6.204
7505,5/15/2017 15:58,6.179
7506,5/15/2017 15:59,6.153
7507,5/15/2017 16:00,6.153
7508,5/15/2017 16:01,6.153
7509,5/15/2017 16:02,6.128
7510,5/15/2017 16:03,6.128
7511,5/15/2017 16:04,6.153
7512,5/15/2017 16:05,6.128
7513,5/15/2017 16:06,6.128
7514,5/15/2017 16:07,6.128
7515,5/15/2017 16:08,6.128
7516,5/15/2017 16:09,6.153
7517,5/15/2017 16:10,6.153
7518,5/15/2017 16:11,6.128
7519,5/15/2017 16:12,6.128
7520,5/15/2017 16:13,6.128
7521,5/15/2017 16:14,6.128
7522,5/15/2017 16:15,6.102
7523,5/15/2017 16:16,6.102
7524,5/15/2017 16:17,6.102
7525,5/15/2017 16:18,6.102
7526,5/15/2017 16:19,6.102
7527,5/15/2017 16:20,6.102
7528,5/15/2017 16:21,6.102
7529,5/15/2017 16:22,6.102
7530,5/15/2017 16:23,6.077
7531,5/15/2017 16:24,6.077
7532,5/15/2017 16:25,6.077
7533,5/15/2017 16:26,6.051
7534,5/15/2017 16:27,6.077
7535,5/15/2017 16:28,6.357
7536,5/15/2017 16:29,6.788
7537,5/15/2017 16:30,7.217
7538,5/15/2017 16:31,7.72
7539,5/15/2017 16:32,7.82
7540,5/15/2017 16:33,7.87
7541,5/15/2017 16:34,7.87
7542,5/15/2017 16:35,7.97
7543,5/15/2017 16:36,8.07
7544,5/15/2017 16:37,8.145
7545,5/15/2017 16:38,8.22
7546,5/15/2017 16:39,8.295
7547,5/15/2017 16:40,8.369
7548,5/15/2017 16:41,8.419
7549,5/15/2017 16:42,8.444
7550,5/15/2017 16:43,8.469
7551,5/15/2017 16:44,8.494
7552,5/15/2017 16:45,8.519
7553,5/15/2017 16:46,8.519
7554,5/15/2017 16:47,8.543
7555,5/15/2017 16:48,8.568
7556,5/15/2017 16:49,8.593
7557,5/15/2017 16:50,8.593
7558,5/15/2017 16:51,8.593
7559,5/15/2017 16:52,8.618
7560,5/15/2017 16:53,8.593
7561,5/15/2017 16:54,8.593
7562,5/15/2017 16:55,8.742
7563,5/15/2017 16:56,8.568
7564,5/15/2017 16:57,8.27
7565,5/15/2017 16:58,8.02
7566,5/15/2017 16:59,7.77
7567,5/15/2017 17:00,7.343
7568,5/15/2017 17:01,6.99
7569,5/15/2017 17:02,6.636
7570,5/15/2017 17:03,6.56
7571,5/15/2017 17:04,6.433
7572,5/15/2017 17:05,6.408
7573,5/15/2017 17:06,6.357
7574,5/15/2017 17:07,6.357
7575,5/15/2017 17:08,6.357
7576,5/15/2017 17:09,6.357
7577,5/15/2017 17:10,6.357
7578,5/15/2017 17:11,6.357
7579,5/15/2017 17:12,6.357
7580,5/15/2017 17:13,6.357
7581,5/15/2017 17:14,6.357
7582,5/15/2017 17:15,6.357
7583,5/15/2017 17:16,6.357
7584,5/15/2017 17:17,6.357
7585,5/15/2017 17:18,6.357
7586,5/15/2017 17:19,6.357
7587,5/15/2017 17:20,6.357
7588,5/15/2017 17:21,6.357
7589,5/15/2017 17:22,6.357
7590,5/15/2017 17:23,6.357
7591,5/15/2017 17:24,6.357
7592,5/15/2017 17:25,6.357
7593,5/15/2017 17:26,6.357
7594,5/15/2017 17:27,6.357
7595,5/15/2017 17:28,6.357
7596,5/15/2017 17:29,6.357
7597,5/15/2017 17:30,6.357
7598,5/15/2017 17:31,6.357
7599,5/15/2017 17:32,6.357
7600,5/15/2017 17:33,6.357
7601,5/15/2017 17:34,6.357
7602,5/15/2017 17:35,6.357
7603,5/15/2017 17:36,6.357
7604,5/15/2017 17:37,6.382
7605,5/15/2017 17:38,6.382
7606,5/15/2017 17:39,6.382
7607,5/15/2017 17:40,6.382
7608,5/15/2017 17:41,6.382
7609,5/15/2017 17:42,6.382
7610,5/15/2017 17:43,6.408
7611,5/15/2017 17:44,6.408
7612,5/15/2017 17:45,6.408
7613,5/15/2017 17:46,6.712
7614,5/15/2017 17:47,7.318
7615,5/15/2017 17:48,7.619
7616,5/15/2017 17:49,7.77
7617,5/15/2017 17:50,7.82
7618,5/15/2017 17:51,7.87
7619,5/15/2017 17:52,7.945
7620,5/15/2017 17:53,8.02
7621,5/15/2017 17:54,8.095
7622,5/15/2017 17:55,8.12
7623,5/15/2017 17:56,8.17
7624,5/15/2017 17:57,8.22
7625,5/15/2017 17:58,8.27
7626,5/15/2017 17:59,8.27
7627,5/15/2017 18:00,8.319
7628,5/15/2017 18:01,8.344
7629,5/15/2017 18:02,8.394
7630,5/15/2017 18:03,8.419
7631,5/15/2017 18:04,8.444
7632,5/15/2017 18:05,8.469
7633,5/15/2017 18:06,8.494
7634,5/15/2017 18:07,8.519
7635,5/15/2017 18:08,8.543
7636,5/15/2017 18:09,8.568
7637,5/15/2017 18:10,8.593
7638,5/15/2017 18:11,8.618
7639,5/15/2017 18:12,8.618
7640,5/15/2017 18:13,8.643
7641,5/15/2017 18:14,8.643
7642,5/15/2017 18:15,8.643
7643,5/15/2017 18:16,8.668
7644,5/15/2017 18:17,8.693
7645,5/15/2017 18:18,8.693
7646,5/15/2017 18:19,8.618
7647,5/15/2017 18:20,8.568
7648,5/15/2017 18:21,8.543
7649,5/15/2017 18:22,8.568
7650,5/15/2017 18:23,8.17
7651,5/15/2017 18:24,7.995
7652,5/15/2017 18:25,7.795
7653,5/15/2017 18:26,7.469
7654,5/15/2017 18:27,7.116
7655,5/15/2017 18:28,6.737
7656,5/15/2017 18:29,6.585
7657,5/15/2017 18:30,6.509
7658,5/15/2017 18:31,6.458
7659,5/15/2017 18:32,6.433
7660,5/15/2017 18:33,6.408
7661,5/15/2017 18:34,6.408
7662,5/15/2017 18:35,6.408
7663,5/15/2017 18:36,6.408
7664,5/15/2017 18:37,6.408
7665,5/15/2017 18:38,6.408
7666,5/15/2017 18:39,6.408
7667,5/15/2017 18:40,6.408
7668,5/15/2017 18:41,6.408
7669,5/15/2017 18:42,6.408
7670,5/15/2017 18:43,6.408
7671,5/15/2017 18:44,6.408
7672,5/15/2017 18:45,6.408
7673,5/15/2017 18:46,6.408
7674,5/15/2017 18:47,6.408
7675,5/15/2017 18:48,6.408
7676,5/15/2017 18:49,6.408
7677,5/15/2017 18:50,6.408
7678,5/15/2017 18:51,6.408
7679,5/15/2017 18:52,6.408
7680,5/15/2017 18:53,6.408
7681,5/15/2017 18:54,6.408
7682,5/15/2017 18:55,6.408
7683,5/15/2017 18:56,6.433
7684,5/15/2017 18:57,6.433
7685,5/15/2017 18:58,6.433
7686,5/15/2017 18:59,6.433
7687,5/15/2017 19:00,6.433
7688,5/15/2017 19:01,6.433
7689,5/15/2017 19:02,6.433
7690,5/15/2017 19:03,6.433
7691,5/15/2017 19:04,6.458
7692,5/15/2017 19:05,6.458
7693,5/15/2017 19:06,6.458
7694,5/15/2017 19:07,6.458
7695,5/15/2017 19:08,6.458
7696,5/15/2017 19:09,6.458
7697,5/15/2017 19:10,6.611
7698,5/15/2017 19:11,7.116
7699,5/15/2017 19:12,7.469
7700,5/15/2017 19:13,7.645
7701,5/15/2017 19:14,8.045
7702,5/15/2017 19:15,7.895
7703,5/15/2017 19:16,7.895
7704,5/15/2017 19:17,7.87
7705,5/15/2017 19:18,7.87
7706,5/15/2017 19:19,7.87
7707,5/15/2017 19:20,7.87
7708,5/15/2017 19:21,7.87
7709,5/15/2017 19:22,7.87
7710,5/15/2017 19:23,7.845
7711,5/15/2017 19:24,7.845
7712,5/15/2017 19:25,7.82
7713,5/15/2017 19:26,7.82
7714,5/15/2017 19:27,7.82
7715,5/15/2017 19:28,7.82
7716,5/15/2017 19:29,7.82
7717,5/15/2017 19:30,7.845
7718,5/15/2017 19:31,7.845
7719,5/15/2017 19:32,7.845
7720,5/15/2017 19:33,7.845
7721,5/15/2017 19:34,7.845
7722,5/15/2017 19:35,7.845
7723,5/15/2017 19:36,7.845
7724,5/15/2017 19:37,7.845
7725,5/15/2017 19:38,7.845
7726,5/15/2017 19:39,7.845
7727,5/15/2017 19:40,7.845
7728,5/15/2017 19:41,7.845
7729,5/15/2017 19:42,7.845
7730,5/15/2017 19:43,7.87
7731,5/15/2017 19:44,7.845
7732,5/15/2017 19:45,7.845
7733,5/15/2017 19:46,7.845
7734,5/15/2017 19:47,7.845
7735,5/15/2017 19:48,7.845
7736,5/15/2017 19:49,7.845
7737,5/15/2017 19:50,7.845
7738,5/15/2017 19:51,7.895
7739,5/15/2017 19:52,7.895
7740,5/15/2017 19:53,7.895
7741,5/15/2017 19:54,7.92
7742,5/15/2017 19:55,8.17
7743,5/15/2017 19:56,7.97
7744,5/15/2017 19:57,7.92
7745,5/15/2017 19:58,7.795
7746,5/15/2017 19:59,7.343
7747,5/15/2017 20:00,6.864
7748,5/15/2017 20:01,6.535
7749,5/15/2017 20:02,6.382
7750,5/15/2017 20:03,6.281
7751,5/15/2017 20:04,6.255
7752,5/15/2017 20:05,6.179
7753,5/15/2017 20:06,6.153
7754,5/15/2017 20:07,6.128
7755,5/15/2017 20:08,6.077
7756,5/15/2017 20:09,6.051
7757,5/15/2017 20:10,6.026
7758,5/15/2017 20:11,6.026
7759,5/15/2017 20:12,6.026
7760,5/15/2017 20:13,6.026
7761,5/15/2017 20:14,6.026
7762,5/15/2017 20:15,6.026
7763,5/15/2017 20:16,6.026
7764,5/15/2017 20:17,6.026
7765,5/15/2017 20:18,6.026
7766,5/15/2017 20:19,6.026
7767,5/15/2017 20:20,6.026
7768,5/15/2017 20:21,6.026
7769,5/15/2017 20:22,6.026
7770,5/15/2017 20:23,6.026
7771,5/15/2017 20:24,6.051
7772,5/15/2017 20:25,6.051
7773,5/15/2017 20:26,6.026
7774,5/15/2017 20:27,6.026
7775,5/15/2017 20:28,6.026
7776,5/15/2017 20:29,6
7777,5/15/2017 20:30,6.026
7778,5/15/2017 20:31,6.026
7779,5/15/2017 20:32,6.026
7780,5/15/2017 20:33,6.026
7781,5/15/2017 20:34,6.026
7782,5/15/2017 20:35,6.026
7783,5/15/2017 20:36,6.026
7784,5/15/2017 20:37,6.026
7785,5/15/2017 20:38,6
7786,5/15/2017 20:39,6.026
7787,5/15/2017 20:40,6.026
7788,5/15/2017 20:41,6
7789,5/15/2017 20:42,6
7790,5/15/2017 20:43,6
7791,5/15/2017 20:44,6
7792,5/15/2017 20:45,6.026
7793,5/15/2017 20:46,6.077
7794,5/15/2017 20:47,6.102
7795,5/15/2017 20:48,6.433
7796,5/15/2017 20:49,6.813
7797,5/15/2017 20:50,7.293
7798,5/15/2017 20:51,7.594
7799,5/15/2017 20:52,7.72
7800,5/15/2017 20:53,7.795
7801,5/15/2017 20:54,7.82
7802,5/15/2017 20:55,7.92
7803,5/15/2017 20:56,7.77
7804,5/15/2017 20:57,7.72
7805,5/15/2017 20:58,7.695
7806,5/15/2017 20:59,7.67
7807,5/15/2017 21:00,7.72
7808,5/15/2017 21:01,7.77
7809,5/15/2017 21:02,7.77
7810,5/15/2017 21:03,7.72
7811,5/15/2017 21:04,7.695
7812,5/15/2017 21:05,7.695
7813,5/15/2017 21:06,7.695
7814,5/15/2017 21:07,7.72
7815,5/15/2017 21:08,7.77
7816,5/15/2017 21:09,7.77
7817,5/15/2017 21:10,7.795
7818,5/15/2017 21:11,7.82
7819,5/15/2017 21:12,7.82
7820,5/15/2017 21:13,7.87
7821,5/15/2017 21:14,7.92
7822,5/15/2017 21:15,7.945
7823,5/15/2017 21:16,7.945
7824,5/15/2017 21:17,7.97
7825,5/15/2017 21:18,7.995
7826,5/15/2017 21:19,7.995
7827,5/15/2017 21:20,8.02
7828,5/15/2017 21:21,8.02
7829,5/15/2017 21:22,8.045
7830,5/15/2017 21:23,8.07
7831,5/15/2017 21:24,8.045
7832,5/15/2017 21:25,8.07
7833,5/15/2017 21:26,8.095
7834,5/15/2017 21:27,8.07
7835,5/15/2017 21:28,8.07
7836,5/15/2017 21:29,8.07
7837,5/15/2017 21:30,8.07
7838,5/15/2017 21:31,8.07
7839,5/15/2017 21:32,8.095
7840,5/15/2017 21:33,8.095
7841,5/15/2017 21:34,8.12
7842,5/15/2017 21:35,8.145
7843,5/15/2017 21:36,8.17
7844,5/15/2017 21:37,8.17
7845,5/15/2017 21:38,8.17
7846,5/15/2017 21:39,8.145
7847,5/15/2017 21:40,8.17
7848,5/15/2017 21:41,8.17
7849,5/15/2017 21:42,8.195
7850,5/15/2017 21:43,8.195
7851,5/15/2017 21:44,8.22
7852,5/15/2017 21:45,8.195
7853,5/15/2017 21:46,8.195
7854,5/15/2017 21:47,8.195
7855,5/15/2017 21:48,8.22
7856,5/15/2017 21:49,8.22
7857,5/15/2017 21:50,8.22
7858,5/15/2017 21:51,8.22
7859,5/15/2017 21:52,8.245
7860,5/15/2017 21:53,8.22
7861,5/15/2017 21:54,8.22
7862,5/15/2017 21:55,8.195
7863,5/15/2017 21:56,8.22
7864,5/15/2017 21:57,8.195
7865,5/15/2017 21:58,8.195
7866,5/15/2017 21:59,8.195
7867,5/15/2017 22:00,8.17
7868,5/15/2017 22:01,8.17
7869,5/15/2017 22:02,8.17
7870,5/15/2017 22:03,8.195
7871,5/15/2017 22:04,8.195
7872,5/15/2017 22:05,8.195
7873,5/15/2017 22:06,8.195
7874,5/15/2017 22:07,8.22
7875,5/15/2017 22:08,8.22
7876,5/15/2017 22:09,8.17
7877,5/15/2017 22:10,8.12
7878,5/15/2017 22:11,8.095
7879,5/15/2017 22:12,8.07
7880,5/15/2017 22:13,8.07
7881,5/15/2017 22:14,8.07
7882,5/15/2017 22:15,8.07
7883,5/15/2017 22:16,8.07
7884,5/15/2017 22:17,8.07
7885,5/15/2017 22:18,8.07
7886,5/15/2017 22:19,8.07
7887,5/15/2017 22:20,8.095
7888,5/15/2017 22:21,8.095
7889,5/15/2017 22:22,8.07
7890,5/15/2017 22:23,8.07
7891,5/15/2017 22:24,8.045
7892,5/15/2017 22:25,8.07
7893,5/15/2017 22:26,8.07
7894,5/15/2017 22:27,8.045
7895,5/15/2017 22:28,8.045
7896,5/15/2017 22:29,8.045
7897,5/15/2017 22:30,8.045
7898,5/15/2017 22:31,8.02
7899,5/15/2017 22:32,8.02
7900,5/15/2017 22:33,8.045
7901,5/15/2017 22:34,8.045
7902,5/15/2017 22:35,8.045
7903,5/15/2017 22:36,8.02
7904,5/15/2017 22:37,8.02
7905,5/15/2017 22:38,8.045
7906,5/15/2017 22:39,8.045
7907,5/15/2017 22:40,8.02
7908,5/15/2017 22:41,8.02
7909,5/15/2017 22:42,7.995
7910,5/15/2017 22:43,7.995
7911,5/15/2017 22:44,8.02
7912,5/15/2017 22:45,8.02
7913,5/15/2017 22:46,7.995
7914,5/15/2017 22:47,7.97
7915,5/15/2017 22:48,7.97
7916,5/15/2017 22:49,7.995
7917,5/15/2017 22:50,8.02
7918,5/15/2017 22:51,7.995
7919,5/15/2017 22:52,7.97
7920,5/15/2017 22:53,7.97
7921,5/15/2017 22:54,7.97
7922,5/15/2017 22:55,7.995
7923,5/15/2017 22:56,7.995
7924,5/15/2017 22:57,7.97
7925,5/15/2017 22:58,7.97
7926,5/15/2017 22:59,7.945
7927,5/15/2017 23:00,7.945
7928,5/15/2017 23:01,7.945
7929,5/15/2017 23:02,7.97
7930,5/15/2017 23:03,7.945
7931,5/15/2017 23:04,7.945
7932,5/15/2017 23:05,7.92
7933,5/15/2017 23:06,7.945
7934,5/15/2017 23:07,7.945
7935,5/15/2017 23:08,7.945
7936,5/15/2017 23:09,7.945
7937,5/15/2017 23:10,7.92
7938,5/15/2017 23:11,7.92
7939,5/15/2017 23:12,7.92
7940,5/15/2017 23:13,7.97
7941,5/15/2017 23:14,7.945
7942,5/15/2017 23:15,7.92
7943,5/15/2017 23:16,7.92
7944,5/15/2017 23:17,7.92
7945,5/15/2017 23:18,7.92
7946,5/15/2017 23:19,7.92
7947,5/15/2017 23:20,7.895
7948,5/15/2017 23:21,7.895
7949,5/15/2017 23:22,7.895
7950,5/15/2017 23:23,7.895
7951,5/15/2017 23:24,7.895
7952,5/15/2017 23:25,7.92
7953,5/15/2017 23:26,7.895
7954,5/15/2017 23:27,7.87
7955,5/15/2017 23:28,7.895
7956,5/15/2017 23:29,7.92
7957,5/15/2017 23:30,7.92
7958,5/15/2017 23:31,7.895
7959,5/15/2017 23:32,7.895
7960,5/15/2017 23:33,7.895
7961,5/15/2017 23:34,7.87
7962,5/15/2017 23:35,7.87
7963,5/15/2017 23:36,7.87
7964,5/15/2017 23:37,7.87
7965,5/15/2017 23:38,7.87
7966,5/15/2017 23:39,7.87
7967,5/15/2017 23:40,7.845
7968,5/15/2017 23:41,7.845
7969,5/15/2017 23:42,7.87
7970,5/15/2017 23:43,7.87
7971,5/15/2017 23:44,7.87
7972,5/15/2017 23:45,7.87
7973,5/15/2017 23:46,7.845
7974,5/15/2017 23:47,7.845
7975,5/15/2017 23:48,7.845
7976,5/15/2017 23:49,7.82
7977,5/15/2017 23:50,7.82
7978,5/15/2017 23:51,7.82
7979,5/15/2017 23:52,7.82
7980,5/15/2017 23:53,7.82
7981,5/15/2017 23:54,7.845
7982,5/15/2017 23:55,7.845
7983,5/15/2017 23:56,7.845
7984,5/15/2017 23:57,7.82
7985,5/15/2017 23:58,7.82
7986,5/15/2017 23:59,7.845
7987,5/16/2017 0:00,7.845
7988,5/16/2017 0:01,7.845
7989,5/16/2017 0:02,7.845
7990,5/16/2017 0:03,7.87
7991,5/16/2017 0:04,7.845
7992,5/16/2017 0:05,7.845
7993,5/16/2017 0:06,7.845
7994,5/16/2017 0:07,7.845
7995,5/16/2017 0:08,7.845
7996,5/16/2017 0:09,7.82
7997,5/16/2017 0:10,7.82
7998,5/16/2017 0:11,7.82
7999,5/16/2017 0:12,7.845
8000,5/16/2017 0:13,7.845
8001,5/16/2017 0:14,7.82
8002,5/16/2017 0:15,7.82
8003,5/16/2017 0:16,7.82
8004,5/16/2017 0:17,7.82
8005,5/16/2017 0:18,7.795
8006,5/16/2017 0:19,7.82
8007,5/16/2017 0:20,7.82
8008,5/16/2017 0:21,7.795
8009,5/16/2017 0:22,7.795
8010,5/16/2017 0:23,7.795
8011,5/16/2017 0:24,7.82
8012,5/16/2017 0:25,7.845
8013,5/16/2017 0:26,7.82
8014,5/16/2017 0:27,7.82
8015,5/16/2017 0:28,7.795
8016,5/16/2017 0:29,7.82
8017,5/16/2017 0:30,7.845
8018,5/16/2017 0:31,7.82
8019,5/16/2017 0:32,7.82
8020,5/16/2017 0:33,7.82
8021,5/16/2017 0:34,7.845
8022,5/16/2017 0:35,7.845
8023,5/16/2017 0:36,7.82
8024,5/16/2017 0:37,7.82
8025,5/16/2017 0:38,7.845
8026,5/16/2017 0:39,7.845
8027,5/16/2017 0:40,7.82
8028,5/16/2017 0:41,7.845
8029,5/16/2017 0:42,7.845
8030,5/16/2017 0:43,7.87
8031,5/16/2017 0:44,7.845
8032,5/16/2017 0:45,7.845
8033,5/16/2017 0:46,7.845
8034,5/16/2017 0:47,7.87
8035,5/16/2017 0:48,7.845
8036,5/16/2017 0:49,7.82
8037,5/16/2017 0:50,7.82
8038,5/16/2017 0:51,7.845
8039,5/16/2017 0:52,7.82
8040,5/16/2017 0:53,7.795
8041,5/16/2017 0:54,7.795
8042,5/16/2017 0:55,7.82
8043,5/16/2017 0:56,7.82
8044,5/16/2017 0:57,7.795
8045,5/16/2017 0:58,7.795
8046,5/16/2017 0:59,7.795
8047,5/16/2017 1:00,7.795
8048,5/16/2017 1:01,7.77
8049,5/16/2017 1:02,7.77
8050,5/16/2017 1:03,7.795
8051,5/16/2017 1:04,7.795
8052,5/16/2017 1:05,7.77
8053,5/16/2017 1:06,7.77
8054,5/16/2017 1:07,7.77
8055,5/16/2017 1:08,7.77
8056,5/16/2017 1:09,7.795
8057,5/16/2017 1:10,7.77
8058,5/16/2017 1:11,7.77
8059,5/16/2017 1:12,7.77
8060,5/16/2017 1:13,7.77
8061,5/16/2017 1:14,7.77
8062,5/16/2017 1:15,7.745
8063,5/16/2017 1:16,7.77
8064,5/16/2017 1:17,7.795
8065,5/16/2017 1:18,7.795
8066,5/16/2017 1:19,7.745
8067,5/16/2017 1:20,7.745
8068,5/16/2017 1:21,7.77
8069,5/16/2017 1:22,7.77
8070,5/16/2017 1:23,7.745
8071,5/16/2017 1:24,7.745
8072,5/16/2017 1:25,7.72
8073,5/16/2017 1:26,7.745
8074,5/16/2017 1:27,7.72
8075,5/16/2017 1:28,7.72
8076,5/16/2017 1:29,7.745
8077,5/16/2017 1:30,7.77
8078,5/16/2017 1:31,7.745
8079,5/16/2017 1:32,7.745
8080,5/16/2017 1:33,7.745
8081,5/16/2017 1:34,7.77
8082,5/16/2017 1:35,7.745
8083,5/16/2017 1:36,7.72
8084,5/16/2017 1:37,7.72
8085,5/16/2017 1:38,7.745
8086,5/16/2017 1:39,7.745
8087,5/16/2017 1:40,7.72
8088,5/16/2017 1:41,7.72
8089,5/16/2017 1:42,7.72
8090,5/16/2017 1:43,7.72
8091,5/16/2017 1:44,7.72
8092,5/16/2017 1:45,7.72
8093,5/16/2017 1:46,7.72
8094,5/16/2017 1:47,7.72
8095,5/16/2017 1:48,7.72
8096,5/16/2017 1:49,7.72
8097,5/16/2017 1:50,7.72
8098,5/16/2017 1:51,7.72
8099,5/16/2017 1:52,7.745
8100,5/16/2017 1:53,7.72
8101,5/16/2017 1:54,7.72
8102,5/16/2017 1:55,7.72
8103,5/16/2017 1:56,7.72
8104,5/16/2017 1:57,7.695
8105,5/16/2017 1:58,7.695
8106,5/16/2017 1:59,7.695
8107,5/16/2017 2:00,7.695
8108,5/16/2017 2:01,7.695
8109,5/16/2017 2:02,7.695
8110,5/16/2017 2:03,7.695
8111,5/16/2017 2:04,7.695
8112,5/16/2017 2:05,7.695
8113,5/16/2017 2:06,7.695
8114,5/16/2017 2:07,7.695
8115,5/16/2017 2:08,7.695
8116,5/16/2017 2:09,7.695
8117,5/16/2017 2:10,7.67
8118,5/16/2017 2:11,7.67
8119,5/16/2017 2:12,7.67
8120,5/16/2017 2:13,7.67
8121,5/16/2017 2:14,7.695
8122,5/16/2017 2:15,7.695
8123,5/16/2017 2:16,7.695
8124,5/16/2017 2:17,7.67
8125,5/16/2017 2:18,7.695
8126,5/16/2017 2:19,7.67
8127,5/16/2017 2:20,7.67
8128,5/16/2017 2:21,7.67
8129,5/16/2017 2:22,7.67
8130,5/16/2017 2:23,7.67
8131,5/16/2017 2:24,7.67
8132,5/16/2017 2:25,7.67
8133,5/16/2017 2:26,7.67
8134,5/16/2017 2:27,7.67
8135,5/16/2017 2:28,7.67
8136,5/16/2017 2:29,7.67
8137,5/16/2017 2:30,7.67
8138,5/16/2017 2:31,7.67
8139,5/16/2017 2:32,7.695
8140,5/16/2017 2:33,7.695
8141,5/16/2017 2:34,7.67
8142,5/16/2017 2:35,7.67
8143,5/16/2017 2:36,7.67
8144,5/16/2017 2:37,7.67
8145,5/16/2017 2:38,7.67
8146,5/16/2017 2:39,7.67
8147,5/16/2017 2:40,7.67
8148,5/16/2017 2:41,7.695
8149,5/16/2017 2:42,7.695
8150,5/16/2017 2:43,7.695
8151,5/16/2017 2:44,7.67
8152,5/16/2017 2:45,7.695
8153,5/16/2017 2:46,7.72
8154,5/16/2017 2:47,7.72
8155,5/16/2017 2:48,7.695
8156,5/16/2017 2:49,7.695
8157,5/16/2017 2:50,7.695
8158,5/16/2017 2:51,7.695
8159,5/16/2017 2:52,7.67
8160,5/16/2017 2:53,7.67
8161,5/16/2017 2:54,7.695
8162,5/16/2017 2:55,7.695
8163,5/16/2017 2:56,7.67
8164,5/16/2017 2:57,7.67
8165,5/16/2017 2:58,7.67
8166,5/16/2017 2:59,7.695
8167,5/16/2017 3:00,7.695
8168,5/16/2017 3:01,7.67
8169,5/16/2017 3:02,7.67
8170,5/16/2017 3:03,7.67
8171,5/16/2017 3:04,7.67
8172,5/16/2017 3:05,7.645
8173,5/16/2017 3:06,7.645
8174,5/16/2017 3:07,7.645
8175,5/16/2017 3:08,7.645
8176,5/16/2017 3:09,7.645
8177,5/16/2017 3:10,7.619
8178,5/16/2017 3:11,7.619
8179,5/16/2017 3:12,7.619
8180,5/16/2017 3:13,7.619
8181,5/16/2017 3:14,7.619
8182,5/16/2017 3:15,7.619
8183,5/16/2017 3:16,7.645
8184,5/16/2017 3:17,7.619
8185,5/16/2017 3:18,7.619
8186,5/16/2017 3:19,7.619
8187,5/16/2017 3:20,7.619
8188,5/16/2017 3:21,7.619
8189,5/16/2017 3:22,7.619
8190,5/16/2017 3:23,7.619
8191,5/16/2017 3:24,7.619
8192,5/16/2017 3:25,7.619
8193,5/16/2017 3:26,7.619
8194,5/16/2017 3:27,7.619
8195,5/16/2017 3:28,7.619
8196,5/16/2017 3:29,7.619
8197,5/16/2017 3:30,7.619
8198,5/16/2017 3:31,7.619
8199,5/16/2017 3:32,7.619
8200,5/16/2017 3:33,7.619
8201,5/16/2017 3:34,7.619
8202,5/16/2017 3:35,7.594
8203,5/16/2017 3:36,7.619
8204,5/16/2017 3:37,7.619
8205,5/16/2017 3:38,7.619
8206,5/16/2017 3:39,7.619
8207,5/16/2017 3:40,7.619
8208,5/16/2017 3:41,7.619
8209,5/16/2017 3:42,7.619
8210,5/16/2017 3:43,7.619
8211,5/16/2017 3:44,7.619
8212,5/16/2017 3:45,7.619
8213,5/16/2017 3:46,7.619
8214,5/16/2017 3:47,7.619
8215,5/16/2017 3:48,7.619
8216,5/16/2017 3:49,7.645
8217,5/16/2017 3:50,7.645
8218,5/16/2017 3:51,7.619
8219,5/16/2017 3:52,7.619
8220,5/16/2017 3:53,7.619
8221,5/16/2017 3:54,7.645
8222,5/16/2017 3:55,7.645
8223,5/16/2017 3:56,7.619
8224,5/16/2017 3:57,7.619
8225,5/16/2017 3:58,7.619
8226,5/16/2017 3:59,7.619
8227,5/16/2017 4:00,7.645
8228,5/16/2017 4:01,7.619
8229,5/16/2017 4:02,7.645
8230,5/16/2017 4:03,7.619
8231,5/16/2017 4:04,7.619
8232,5/16/2017 4:05,7.619
8233,5/16/2017 4:06,7.619
8234,5/16/2017 4:07,7.619
8235,5/16/2017 4:08,7.619
8236,5/16/2017 4:09,7.619
8237,5/16/2017 4:10,7.594
8238,5/16/2017 4:11,7.594
8239,5/16/2017 4:12,7.594
8240,5/16/2017 4:13,7.594
8241,5/16/2017 4:14,7.619
8242,5/16/2017 4:15,7.594
8243,5/16/2017 4:16,7.594
8244,5/16/2017 4:17,7.594
8245,5/16/2017 4:18,7.594
8246,5/16/2017 4:19,7.569
8247,5/16/2017 4:20,7.569
8248,5/16/2017 4:21,7.569
8249,5/16/2017 4:22,7.569
8250,5/16/2017 4:23,7.569
8251,5/16/2017 4:24,7.569
8252,5/16/2017 4:25,7.594
8253,5/16/2017 4:26,7.594
8254,5/16/2017 4:27,7.594
8255,5/16/2017 4:28,7.569
8256,5/16/2017 4:29,7.594
8257,5/16/2017 4:30,7.594
8258,5/16/2017 4:31,7.594
8259,5/16/2017 4:32,7.619
8260,5/16/2017 4:33,7.619
8261,5/16/2017 4:34,7.645
8262,5/16/2017 4:35,7.645
8263,5/16/2017 4:36,7.645
8264,5/16/2017 4:37,7.645
8265,5/16/2017 4:38,7.645
8266,5/16/2017 4:39,7.645
8267,5/16/2017 4:40,7.645
8268,5/16/2017 4:41,7.645
8269,5/16/2017 4:42,7.645
8270,5/16/2017 4:43,7.619
8271,5/16/2017 4:44,7.619
8272,5/16/2017 4:45,7.619
8273,5/16/2017 4:46,7.645
8274,5/16/2017 4:47,7.619
8275,5/16/2017 4:48,7.619
8276,5/16/2017 4:49,7.645
8277,5/16/2017 4:50,7.645
8278,5/16/2017 4:51,7.645
8279,5/16/2017 4:52,7.645
8280,5/16/2017 4:53,7.645
8281,5/16/2017 4:54,7.67
8282,5/16/2017 4:55,7.67
8283,5/16/2017 4:56,7.695
8284,5/16/2017 4:57,7.695
8285,5/16/2017 4:58,7.695
8286,5/16/2017 4:59,7.72
8287,5/16/2017 5:00,7.72
8288,5/16/2017 5:01,7.72
8289,5/16/2017 5:02,7.72
8290,5/16/2017 5:03,7.72
8291,5/16/2017 5:04,7.77
8292,5/16/2017 5:05,7.72
8293,5/16/2017 5:06,7.695
8294,5/16/2017 5:07,7.67
8295,5/16/2017 5:08,7.645
8296,5/16/2017 5:09,7.82
8297,5/16/2017 5:10,7.97
8298,5/16/2017 5:11,7.995
8299,5/16/2017 5:12,7.67
8300,5/16/2017 5:13,7.242
8301,5/16/2017 5:14,6.94
8302,5/16/2017 5:15,6.788
8303,5/16/2017 5:16,6.687
8304,5/16/2017 5:17,6.661
8305,5/16/2017 5:18,6.636
8306,5/16/2017 5:19,6.636
8307,5/16/2017 5:20,6.636
8308,5/16/2017 5:21,6.636
8309,5/16/2017 5:22,6.636
8310,5/16/2017 5:23,6.636
8311,5/16/2017 5:24,6.636
8312,5/16/2017 5:25,6.636
8313,5/16/2017 5:26,6.636
8314,5/16/2017 5:27,6.636
8315,5/16/2017 5:28,6.636
8316,5/16/2017 5:29,6.636
8317,5/16/2017 5:30,6.636
8318,5/16/2017 5:31,6.636
8319,5/16/2017 5:32,6.636
8320,5/16/2017 5:33,6.636
8321,5/16/2017 5:34,6.636
8322,5/16/2017 5:35,6.636
8323,5/16/2017 5:36,6.636
8324,5/16/2017 5:37,6.611
8325,5/16/2017 5:38,6.611
8326,5/16/2017 5:39,6.636
8327,5/16/2017 5:40,6.636
8328,5/16/2017 5:41,6.636
8329,5/16/2017 5:42,6.636
8330,5/16/2017 5:43,6.636
8331,5/16/2017 5:44,6.636
8332,5/16/2017 5:45,6.636
8333,5/16/2017 5:46,6.636
8334,5/16/2017 5:47,6.661
8335,5/16/2017 5:48,6.636
8336,5/16/2017 5:49,6.636
8337,5/16/2017 5:50,6.636
8338,5/16/2017 5:51,6.636
8339,5/16/2017 5:52,6.636
8340,5/16/2017 5:53,6.636
8341,5/16/2017 5:54,6.636
8342,5/16/2017 5:55,6.636
8343,5/16/2017 5:56,6.636
8344,5/16/2017 5:57,6.636
8345,5/16/2017 5:58,6.636
8346,5/16/2017 5:59,6.636
8347,5/16/2017 6:00,6.661
8348,5/16/2017 6:01,6.661
8349,5/16/2017 6:02,6.636
8350,5/16/2017 6:03,6.636
8351,5/16/2017 6:04,6.636
8352,5/16/2017 6:05,6.636
8353,5/16/2017 6:06,6.585
8354,5/16/2017 6:07,7.015
8355,5/16/2017 6:08,7.519
8356,5/16/2017 6:09,7.745
8357,5/16/2017 6:10,7.87
8358,5/16/2017 6:11,7.945
8359,5/16/2017 6:12,7.895
8360,5/16/2017 6:13,7.745
8361,5/16/2017 6:14,7.67
8362,5/16/2017 6:15,7.619
8363,5/16/2017 6:16,7.569
8364,5/16/2017 6:17,7.544
8365,5/16/2017 6:18,7.544
8366,5/16/2017 6:19,7.519
8367,5/16/2017 6:20,7.494
8368,5/16/2017 6:21,7.469
8369,5/16/2017 6:22,7.469
8370,5/16/2017 6:23,7.494
8371,5/16/2017 6:24,7.494
8372,5/16/2017 6:25,7.494
8373,5/16/2017 6:26,7.494
8374,5/16/2017 6:27,7.469
8375,5/16/2017 6:28,7.469
8376,5/16/2017 6:29,7.444
8377,5/16/2017 6:30,7.419
8378,5/16/2017 6:31,7.444
8379,5/16/2017 6:32,7.469
8380,5/16/2017 6:33,7.494
8381,5/16/2017 6:34,7.469
8382,5/16/2017 6:35,7.469
8383,5/16/2017 6:36,7.469
8384,5/16/2017 6:37,7.444
8385,5/16/2017 6:38,7.444
8386,5/16/2017 6:39,7.569
8387,5/16/2017 6:40,7.82
8388,5/16/2017 6:41,7.92
8389,5/16/2017 6:42,7.97
8390,5/16/2017 6:43,7.945
8391,5/16/2017 6:44,7.519
8392,5/16/2017 6:45,7.142
8393,5/16/2017 6:46,7.116
8394,5/16/2017 6:47,7.116
8395,5/16/2017 6:48,6.94
8396,5/16/2017 6:49,6.813
8397,5/16/2017 6:50,6.763
8398,5/16/2017 6:51,6.788
8399,5/16/2017 6:52,6.763
8400,5/16/2017 6:53,6.712
8401,5/16/2017 6:54,6.712
8402,5/16/2017 6:55,6.687
8403,5/16/2017 6:56,6.661
8404,5/16/2017 6:57,6.661
8405,5/16/2017 6:58,6.636
8406,5/16/2017 6:59,6.636
8407,5/16/2017 7:00,6.636
8408,5/16/2017 7:01,6.687
8409,5/16/2017 7:02,6.661
8410,5/16/2017 7:03,6.661
8411,5/16/2017 7:04,6.661
8412,5/16/2017 7:05,6.636
8413,5/16/2017 7:06,6.636
8414,5/16/2017 7:07,6.636
8415,5/16/2017 7:08,6.636
8416,5/16/2017 7:09,6.636
8417,5/16/2017 7:10,6.636
8418,5/16/2017 7:11,6.636
8419,5/16/2017 7:12,6.636
8420,5/16/2017 7:13,6.636
8421,5/16/2017 7:14,6.636
8422,5/16/2017 7:15,6.636
8423,5/16/2017 7:16,6.636
8424,5/16/2017 7:17,6.636
8425,5/16/2017 7:18,6.687
8426,5/16/2017 7:19,6.687
8427,5/16/2017 7:20,6.661
8428,5/16/2017 7:21,6.661
8429,5/16/2017 7:22,6.661
8430,5/16/2017 7:23,6.687
8431,5/16/2017 7:24,6.712
8432,5/16/2017 7:25,6.737
8433,5/16/2017 7:26,6.737
8434,5/16/2017 7:27,6.763
8435,5/16/2017 7:28,6.839
8436,5/16/2017 7:29,6.889
8437,5/16/2017 7:30,6.914
8438,5/16/2017 7:31,6.914
8439,5/16/2017 7:32,7.041
8440,5/16/2017 7:33,7.066
8441,5/16/2017 7:34,6.965
8442,5/16/2017 7:35,7.091
8443,5/16/2017 7:36,7.569
8444,5/16/2017 7:37,7.795
8445,5/16/2017 7:38,7.895
8446,5/16/2017 7:39,7.97
8447,5/16/2017 7:40,7.97
8448,5/16/2017 7:41,7.945
8449,5/16/2017 7:42,7.945
8450,5/16/2017 7:43,7.92
8451,5/16/2017 7:44,7.895
8452,5/16/2017 7:45,7.87
8453,5/16/2017 7:46,7.845
8454,5/16/2017 7:47,7.845
8455,5/16/2017 7:48,7.845
8456,5/16/2017 7:49,7.845
8457,5/16/2017 7:50,7.845
8458,5/16/2017 7:51,7.87
8459,5/16/2017 7:52,7.82
8460,5/16/2017 7:53,7.87
8461,5/16/2017 7:54,7.995
8462,5/16/2017 7:55,8.02
8463,5/16/2017 7:56,7.845
8464,5/16/2017 7:57,7.695
8465,5/16/2017 7:58,7.419
8466,5/16/2017 7:59,7.066
8467,5/16/2017 8:00,6.94
8468,5/16/2017 8:01,6.712
8469,5/16/2017 8:02,6.661
8470,5/16/2017 8:03,6.636
8471,5/16/2017 8:04,6.636
8472,5/16/2017 8:05,6.636
8473,5/16/2017 8:06,6.636
8474,5/16/2017 8:07,6.636
8475,5/16/2017 8:08,6.636
8476,5/16/2017 8:09,6.636
8477,5/16/2017 8:10,6.636
8478,5/16/2017 8:11,6.636
8479,5/16/2017 8:12,6.636
8480,5/16/2017 8:13,6.636
8481,5/16/2017 8:14,6.636
8482,5/16/2017 8:15,6.636
8483,5/16/2017 8:16,6.611
8484,5/16/2017 8:17,6.611
8485,5/16/2017 8:18,6.611
8486,5/16/2017 8:19,6.611
8487,5/16/2017 8:20,6.611
8488,5/16/2017 8:21,6.611
8489,5/16/2017 8:22,6.611
8490,5/16/2017 8:23,6.611
8491,5/16/2017 8:24,6.611
8492,5/16/2017 8:25,6.611
8493,5/16/2017 8:26,6.611
8494,5/16/2017 8:27,6.585
8495,5/16/2017 8:28,6.56
8496,5/16/2017 8:29,6.535
8497,5/16/2017 8:30,6.56
8498,5/16/2017 8:31,6.585
8499,5/16/2017 8:32,6.585
8500,5/16/2017 8:33,6.585
8501,5/16/2017 8:34,6.585
8502,5/16/2017 8:35,6.585
8503,5/16/2017 8:36,6.585
8504,5/16/2017 8:37,6.585
8505,5/16/2017 8:38,6.585
8506,5/16/2017 8:39,6.585
8507,5/16/2017 8:40,6.585
8508,5/16/2017 8:41,6.585
8509,5/16/2017 8:42,6.585
8510,5/16/2017 8:43,6.585
8511,5/16/2017 8:44,6.585
8512,5/16/2017 8:45,6.585
8513,5/16/2017 8:46,6.585
8514,5/16/2017 8:47,6.56
8515,5/16/2017 8:48,6.661
8516,5/16/2017 8:49,7.142
8517,5/16/2017 8:50,7.419
8518,5/16/2017 8:51,7.745
8519,5/16/2017 8:52,7.92
8520,5/16/2017 8:53,8.02
8521,5/16/2017 8:54,8.095
8522,5/16/2017 8:55,8.095
8523,5/16/2017 8:56,8.07
8524,5/16/2017 8:57,8.02
8525,5/16/2017 8:58,7.995
8526,5/16/2017 8:59,7.97
8527,5/16/2017 9:00,7.92
8528,5/16/2017 9:01,7.92
8529,5/16/2017 9:02,7.895
8530,5/16/2017 9:03,7.87
8531,5/16/2017 9:04,7.845
8532,5/16/2017 9:05,7.845
8533,5/16/2017 9:06,7.845
8534,5/16/2017 9:07,7.87
8535,5/16/2017 9:08,7.845
8536,5/16/2017 9:09,7.82
8537,5/16/2017 9:10,7.87
8538,5/16/2017 9:11,7.945
8539,5/16/2017 9:12,7.995
8540,5/16/2017 9:13,8.02
8541,5/16/2017 9:14,8.045
8542,5/16/2017 9:15,8.095
8543,5/16/2017 9:16,8.12
8544,5/16/2017 9:17,8.07
8545,5/16/2017 9:18,7.97
8546,5/16/2017 9:19,7.795
8547,5/16/2017 9:20,7.72
8548,5/16/2017 9:21,7.519
8549,5/16/2017 9:22,7.041
8550,5/16/2017 9:23,6.788
8551,5/16/2017 9:24,6.687
8552,5/16/2017 9:25,6.661
8553,5/16/2017 9:26,6.636
8554,5/16/2017 9:27,6.636
8555,5/16/2017 9:28,6.636
8556,5/16/2017 9:29,6.636
8557,5/16/2017 9:30,6.611
8558,5/16/2017 9:31,6.611
8559,5/16/2017 9:32,6.585
8560,5/16/2017 9:33,6.56
8561,5/16/2017 9:34,6.56
8562,5/16/2017 9:35,6.56
8563,5/16/2017 9:36,6.56
8564,5/16/2017 9:37,6.56
8565,5/16/2017 9:38,6.56
8566,5/16/2017 9:39,6.56
8567,5/16/2017 9:40,6.56
8568,5/16/2017 9:41,6.56
8569,5/16/2017 9:42,6.56
8570,5/16/2017 9:43,6.56
8571,5/16/2017 9:44,6.56
8572,5/16/2017 9:45,6.56
8573,5/16/2017 9:46,6.585
8574,5/16/2017 9:47,6.56
8575,5/16/2017 9:48,6.56
8576,5/16/2017 9:49,6.56
8577,5/16/2017 9:50,6.535
8578,5/16/2017 9:51,6.535
8579,5/16/2017 9:52,6.535
8580,5/16/2017 9:53,6.535
8581,5/16/2017 9:54,6.56
8582,5/16/2017 9:55,6.56
8583,5/16/2017 9:56,6.56
8584,5/16/2017 9:57,6.56
8585,5/16/2017 9:58,6.585
8586,5/16/2017 9:59,6.585
8587,5/16/2017 10:00,6.611
8588,5/16/2017 10:01,6.611
8589,5/16/2017 10:02,6.611
8590,5/16/2017 10:03,6.636
8591,5/16/2017 10:04,6.636
8592,5/16/2017 10:05,6.661
8593,5/16/2017 10:06,6.687
8594,5/16/2017 10:07,7.217
8595,5/16/2017 10:08,7.519
8596,5/16/2017 10:09,7.745
8597,5/16/2017 10:10,7.92
8598,5/16/2017 10:11,7.995
8599,5/16/2017 10:12,8.07
8600,5/16/2017 10:13,8.07
8601,5/16/2017 10:14,8.045
8602,5/16/2017 10:15,8.095
8603,5/16/2017 10:16,8.095
8604,5/16/2017 10:17,8.12
8605,5/16/2017 10:18,8.145
8606,5/16/2017 10:19,8.145
8607,5/16/2017 10:20,8.12
8608,5/16/2017 10:21,8.02
8609,5/16/2017 10:22,7.995
8610,5/16/2017 10:23,7.97
8611,5/16/2017 10:24,8.07
8612,5/16/2017 10:25,8.12
8613,5/16/2017 10:26,8.195
8614,5/16/2017 10:27,8.22
8615,5/16/2017 10:28,8.27
8616,5/16/2017 10:29,8.295
8617,5/16/2017 10:30,8.295
8618,5/16/2017 10:31,8.319
8619,5/16/2017 10:32,8.319
8620,5/16/2017 10:33,8.295
8621,5/16/2017 10:34,8.295
8622,5/16/2017 10:35,8.369
8623,5/16/2017 10:36,8.394
8624,5/16/2017 10:37,8.394
8625,5/16/2017 10:38,8.369
8626,5/16/2017 10:39,8.344
8627,5/16/2017 10:40,8.27
8628,5/16/2017 10:41,8.245
8629,5/16/2017 10:42,8.17
8630,5/16/2017 10:43,8.07
8631,5/16/2017 10:44,7.895
8632,5/16/2017 10:45,7.745
8633,5/16/2017 10:46,7.594
8634,5/16/2017 10:47,7.293
8635,5/16/2017 10:48,6.99
8636,5/16/2017 10:49,6.788
8637,5/16/2017 10:50,6.585
8638,5/16/2017 10:51,6.535
8639,5/16/2017 10:52,6.509
8640,5/16/2017 10:53,6.509
8641,5/16/2017 10:54,6.484
8642,5/16/2017 10:55,6.484
8643,5/16/2017 10:56,6.484
8644,5/16/2017 10:57,6.458
8645,5/16/2017 10:58,6.458
8646,5/16/2017 10:59,6.458
8647,5/16/2017 11:00,6.458
8648,5/16/2017 11:01,6.458
8649,5/16/2017 11:02,6.382
8650,5/16/2017 11:03,6.357
8651,5/16/2017 11:04,6.382
8652,5/16/2017 11:05,6.357
8653,5/16/2017 11:06,6.357
8654,5/16/2017 11:07,6.357
8655,5/16/2017 11:08,6.357
8656,5/16/2017 11:09,6.382
8657,5/16/2017 11:10,6.408
8658,5/16/2017 11:11,6.433
8659,5/16/2017 11:12,6.433
8660,5/16/2017 11:13,6.433
8661,5/16/2017 11:14,6.433
8662,5/16/2017 11:15,6.458
8663,5/16/2017 11:16,6.458
8664,5/16/2017 11:17,6.458
8665,5/16/2017 11:18,6.458
8666,5/16/2017 11:19,6.458
8667,5/16/2017 11:20,6.458
8668,5/16/2017 11:21,6.458
8669,5/16/2017 11:22,6.484
8670,5/16/2017 11:23,6.484
8671,5/16/2017 11:24,6.484
8672,5/16/2017 11:25,6.484
8673,5/16/2017 11:26,6.458
8674,5/16/2017 11:27,6.458
8675,5/16/2017 11:28,6.433
8676,5/16/2017 11:29,6.433
8677,5/16/2017 11:30,6.357
8678,5/16/2017 11:31,6.763
8679,5/16/2017 11:32,7.217
8680,5/16/2017 11:33,7.619
8681,5/16/2017 11:34,7.92
8682,5/16/2017 11:35,8.07
8683,5/16/2017 11:36,8.095
8684,5/16/2017 11:37,8.145
8685,5/16/2017 11:38,8.17
8686,5/16/2017 11:39,8.17
8687,5/16/2017 11:40,8.145
8688,5/16/2017 11:41,8.12
8689,5/16/2017 11:42,8.12
8690,5/16/2017 11:43,8.12
8691,5/16/2017 11:44,8.12
8692,5/16/2017 11:45,8.12
8693,5/16/2017 11:46,8.12
8694,5/16/2017 11:47,8.12
8695,5/16/2017 11:48,8.12
8696,5/16/2017 11:49,8.12
8697,5/16/2017 11:50,8.145
8698,5/16/2017 11:51,8.17
8699,5/16/2017 11:52,8.195
8700,5/16/2017 11:53,8.17
8701,5/16/2017 11:54,8.145
8702,5/16/2017 11:55,8.145
8703,5/16/2017 11:56,8.12
8704,5/16/2017 11:57,8.02
8705,5/16/2017 11:58,8.17
8706,5/16/2017 11:59,8.22
8707,5/16/2017 12:00,8.12
8708,5/16/2017 12:01,7.745
8709,5/16/2017 12:02,7.015
8710,5/16/2017 12:03,6.661
8711,5/16/2017 12:04,6.408
8712,5/16/2017 12:05,6.179
8713,5/16/2017 12:06,6
8714,5/16/2017 12:07,5.898
8715,5/16/2017 12:08,6.077
8716,5/16/2017 12:09,6.204
8717,5/16/2017 12:10,6.23
8718,5/16/2017 12:11,6.255
8719,5/16/2017 12:12,6.23
8720,5/16/2017 12:13,6.255
8721,5/16/2017 12:14,6.255
8722,5/16/2017 12:15,6.255
8723,5/16/2017 12:16,6.255
8724,5/16/2017 12:17,6.23
8725,5/16/2017 12:18,6.23
8726,5/16/2017 12:19,6.255
8727,5/16/2017 12:20,6.255
8728,5/16/2017 12:21,6.281
8729,5/16/2017 12:22,6.255
8730,5/16/2017 12:23,6.23
8731,5/16/2017 12:24,6.204
8732,5/16/2017 12:25,6.179
8733,5/16/2017 12:26,6.204
8734,5/16/2017 12:27,6.179
8735,5/16/2017 12:28,6.153
8736,5/16/2017 12:29,6.153
8737,5/16/2017 12:30,6.128
8738,5/16/2017 12:31,6.102
8739,5/16/2017 12:32,6.102
8740,5/16/2017 12:33,6.077
8741,5/16/2017 12:34,6.077
8742,5/16/2017 12:35,6.051
8743,5/16/2017 12:36,6.026
8744,5/16/2017 12:37,5.975
8745,5/16/2017 12:38,6
8746,5/16/2017 12:39,6
8747,5/16/2017 12:40,6.026
8748,5/16/2017 12:41,6
8749,5/16/2017 12:42,6
8750,5/16/2017 12:43,6
8751,5/16/2017 12:44,6
8752,5/16/2017 12:45,6
8753,5/16/2017 12:46,6
8754,5/16/2017 12:47,5.975
8755,5/16/2017 12:48,5.975
8756,5/16/2017 12:49,5.949
8757,5/16/2017 12:50,5.898
8758,5/16/2017 12:51,6.077
8759,5/16/2017 12:52,6.458
8760,5/16/2017 12:53,7.217
8761,5/16/2017 12:54,7.745
8762,5/16/2017 12:55,7.995
8763,5/16/2017 12:56,8.145
8764,5/16/2017 12:57,8.245
8765,5/16/2017 12:58,8.319
8766,5/16/2017 12:59,8.394
8767,5/16/2017 13:00,8.369
8768,5/16/2017 13:01,8.319
8769,5/16/2017 13:02,8.295
8770,5/16/2017 13:03,8.27
8771,5/16/2017 13:04,8.245
8772,5/16/2017 13:05,8.22
8773,5/16/2017 13:06,8.195
8774,5/16/2017 13:07,8.22
8775,5/16/2017 13:08,8.22
8776,5/16/2017 13:09,8.27
8777,5/16/2017 13:10,8.319
8778,5/16/2017 13:11,8.419
8779,5/16/2017 13:12,8.419
8780,5/16/2017 13:13,8.419
8781,5/16/2017 13:14,8.469
8782,5/16/2017 13:15,8.419
8783,5/16/2017 13:16,8.369
8784,5/16/2017 13:17,8.319
8785,5/16/2017 13:18,8.295
8786,5/16/2017 13:19,8.295
8787,5/16/2017 13:20,8.319
8788,5/16/2017 13:21,8.369
8789,5/16/2017 13:22,8.419
8790,5/16/2017 13:23,8.419
8791,5/16/2017 13:24,8.344
8792,5/16/2017 13:25,8.17
8793,5/16/2017 13:26,7.745
8794,5/16/2017 13:27,6.99
8795,5/16/2017 13:28,6.458
8796,5/16/2017 13:29,6.179
8797,5/16/2017 13:30,6
8798,5/16/2017 13:31,5.924
8799,5/16/2017 13:32,5.898
8800,5/16/2017 13:33,6.026
8801,5/16/2017 13:34,6.153
8802,5/16/2017 13:35,6.23
8803,5/16/2017 13:36,6.255
8804,5/16/2017 13:37,6.255
8805,5/16/2017 13:38,6.281
8806,5/16/2017 13:39,6.281
8807,5/16/2017 13:40,6.281
8808,5/16/2017 13:41,6.281
8809,5/16/2017 13:42,6.281
8810,5/16/2017 13:43,6.281
8811,5/16/2017 13:44,6.255
8812,5/16/2017 13:45,6.255
8813,5/16/2017 13:46,6.255
8814,5/16/2017 13:47,6.255
8815,5/16/2017 13:48,6.255
8816,5/16/2017 13:49,6.23
8817,5/16/2017 13:50,6.23
8818,5/16/2017 13:51,6.23
8819,5/16/2017 13:52,6.204
8820,5/16/2017 13:53,6.204
8821,5/16/2017 13:54,6.179
8822,5/16/2017 13:55,6.179
8823,5/16/2017 13:56,6.153
8824,5/16/2017 13:57,6.153
8825,5/16/2017 13:58,6.128
8826,5/16/2017 13:59,6.102
8827,5/16/2017 14:00,6.077
8828,5/16/2017 14:01,6.051
8829,5/16/2017 14:02,6.051
8830,5/16/2017 14:03,6.051
8831,5/16/2017 14:04,6.051
8832,5/16/2017 14:05,6.051
8833,5/16/2017 14:06,6.051
8834,5/16/2017 14:07,6.051
8835,5/16/2017 14:08,6
8836,5/16/2017 14:09,5.975
8837,5/16/2017 14:10,6.179
8838,5/16/2017 14:11,6.914
8839,5/16/2017 14:12,7.242
8840,5/16/2017 14:13,7.745
8841,5/16/2017 14:14,7.995
8842,5/16/2017 14:15,7.995
8843,5/16/2017 14:16,7.995
8844,5/16/2017 14:17,7.97
8845,5/16/2017 14:18,7.945
8846,5/16/2017 14:19,7.97
8847,5/16/2017 14:20,7.995
8848,5/16/2017 14:21,7.995
8849,5/16/2017 14:22,8.02
8850,5/16/2017 14:23,8.045
8851,5/16/2017 14:24,8.095
8852,5/16/2017 14:25,8.095
8853,5/16/2017 14:26,8.095
8854,5/16/2017 14:27,8.12
8855,5/16/2017 14:28,8.17
8856,5/16/2017 14:29,8.22
8857,5/16/2017 14:30,8.27
8858,5/16/2017 14:31,8.295
8859,5/16/2017 14:32,8.319
8860,5/16/2017 14:33,8.27
8861,5/16/2017 14:34,8.27
8862,5/16/2017 14:35,8.245
8863,5/16/2017 14:36,8.245
8864,5/16/2017 14:37,8.22
8865,5/16/2017 14:38,8.245
8866,5/16/2017 14:39,8.22
8867,5/16/2017 14:40,8.17
8868,5/16/2017 14:41,8.195
8869,5/16/2017 14:42,8.22
8870,5/16/2017 14:43,8.245
8871,5/16/2017 14:44,8.295
8872,5/16/2017 14:45,8.319
8873,5/16/2017 14:46,8.27
8874,5/16/2017 14:47,8.22
8875,5/16/2017 14:48,8.245
8876,5/16/2017 14:49,8.22
8877,5/16/2017 14:50,8.369
8878,5/16/2017 14:51,8.568
8879,5/16/2017 14:52,8.369
8880,5/16/2017 14:53,8.095
8881,5/16/2017 14:54,7.845
8882,5/16/2017 14:55,7.519
8883,5/16/2017 14:56,6.839
8884,5/16/2017 14:57,6.484
8885,5/16/2017 14:58,6.306
8886,5/16/2017 14:59,6.204
8887,5/16/2017 15:00,6.179
8888,5/16/2017 15:01,6.331
8889,5/16/2017 15:02,6.408
8890,5/16/2017 15:03,6.433
8891,5/16/2017 15:04,6.458
8892,5/16/2017 15:05,6.484
8893,5/16/2017 15:06,6.509
8894,5/16/2017 15:07,6.509
8895,5/16/2017 15:08,6.509
8896,5/16/2017 15:09,6.509
8897,5/16/2017 15:10,6.509
8898,5/16/2017 15:11,6.509
8899,5/16/2017 15:12,6.509
8900,5/16/2017 15:13,6.509
8901,5/16/2017 15:14,6.509
8902,5/16/2017 15:15,6.509
8903,5/16/2017 15:16,6.509
8904,5/16/2017 15:17,6.509
8905,5/16/2017 15:18,6.484
8906,5/16/2017 15:19,6.484
8907,5/16/2017 15:20,6.484
8908,5/16/2017 15:21,6.484
8909,5/16/2017 15:22,6.484
8910,5/16/2017 15:23,6.484
8911,5/16/2017 15:24,6.458
8912,5/16/2017 15:25,6.458
8913,5/16/2017 15:26,6.433
8914,5/16/2017 15:27,6.458
8915,5/16/2017 15:28,6.458
8916,5/16/2017 15:29,6.458
8917,5/16/2017 15:30,6.484
8918,5/16/2017 15:31,6.509
8919,5/16/2017 15:32,6.509
8920,5/16/2017 15:33,6.484
8921,5/16/2017 15:34,6.408
8922,5/16/2017 15:35,6.382
8923,5/16/2017 15:36,6.408
8924,5/16/2017 15:37,6.433
8925,5/16/2017 15:38,6.408
8926,5/16/2017 15:39,6.357
8927,5/16/2017 15:40,6.535
8928,5/16/2017 15:41,7.041
8929,5/16/2017 15:42,7.419
8930,5/16/2017 15:43,7.87
8931,5/16/2017 15:44,8.319
8932,5/16/2017 15:45,8.593
8933,5/16/2017 15:46,8.593
8934,5/16/2017 15:47,8.618
8935,5/16/2017 15:48,8.717
8936,5/16/2017 15:49,8.841
8937,5/16/2017 15:50,8.841
8938,5/16/2017 15:51,8.717
8939,5/16/2017 15:52,8.643
8940,5/16/2017 15:53,8.643
8941,5/16/2017 15:54,8.618
8942,5/16/2017 15:55,8.568
8943,5/16/2017 15:56,8.494
8944,5/16/2017 15:57,8.419
8945,5/16/2017 15:58,8.419
8946,5/16/2017 15:59,8.419
8947,5/16/2017 16:00,8.469
8948,5/16/2017 16:01,8.469
8949,5/16/2017 16:02,8.494
8950,5/16/2017 16:03,8.519
8951,5/16/2017 16:04,8.494
8952,5/16/2017 16:05,8.519
8953,5/16/2017 16:06,8.543
8954,5/16/2017 16:07,8.568
8955,5/16/2017 16:08,8.593
8956,5/16/2017 16:09,8.618
8957,5/16/2017 16:10,8.643
8958,5/16/2017 16:11,8.668
8959,5/16/2017 16:12,8.693
8960,5/16/2017 16:13,8.717
8961,5/16/2017 16:14,8.742
8962,5/16/2017 16:15,8.742
8963,5/16/2017 16:16,8.742
8964,5/16/2017 16:17,8.767
8965,5/16/2017 16:18,8.792
8966,5/16/2017 16:19,8.817
8967,5/16/2017 16:20,8.841
8968,5/16/2017 16:21,8.891
8969,5/16/2017 16:22,8.916
8970,5/16/2017 16:23,8.941
8971,5/16/2017 16:24,8.965
8972,5/16/2017 16:25,8.965
8973,5/16/2017 16:26,8.965
8974,5/16/2017 16:27,8.965
8975,5/16/2017 16:28,8.99
8976,5/16/2017 16:29,8.99
8977,5/16/2017 16:30,9.015
8978,5/16/2017 16:31,9.04
8979,5/16/2017 16:32,9.064
8980,5/16/2017 16:33,9.064
8981,5/16/2017 16:34,9.262
8982,5/16/2017 16:35,9.435
8983,5/16/2017 16:36,9.534
8984,5/16/2017 16:37,9.312
8985,5/16/2017 16:38,9.064
8986,5/16/2017 16:39,8.394
8987,5/16/2017 16:40,7.97
8988,5/16/2017 16:41,7.192
8989,5/16/2017 16:42,6.687
8990,5/16/2017 16:43,6.382
8991,5/16/2017 16:44,6.281
8992,5/16/2017 16:45,6.382
8993,5/16/2017 16:46,6.56
8994,5/16/2017 16:47,6.687
8995,5/16/2017 16:48,6.763
8996,5/16/2017 16:49,6.813
8997,5/16/2017 16:50,6.839
8998,5/16/2017 16:51,6.864
8999,5/16/2017 16:52,6.864
9000,5/16/2017 16:53,6.864
9001,5/16/2017 16:54,6.864
9002,5/16/2017 16:55,6.864
9003,5/16/2017 16:56,6.864
9004,5/16/2017 16:57,6.864
9005,5/16/2017 16:58,6.864
9006,5/16/2017 16:59,6.864
9007,5/16/2017 17:00,6.864
9008,5/16/2017 17:01,6.864
9009,5/16/2017 17:02,6.864
9010,5/16/2017 17:03,6.864
9011,5/16/2017 17:04,6.864
9012,5/16/2017 17:05,6.864
9013,5/16/2017 17:06,6.864
9014,5/16/2017 17:07,6.864
9015,5/16/2017 17:08,6.864
9016,5/16/2017 17:09,6.864
9017,5/16/2017 17:10,6.864
9018,5/16/2017 17:11,6.864
9019,5/16/2017 17:12,6.864
9020,5/16/2017 17:13,6.864
9021,5/16/2017 17:14,6.864
9022,5/16/2017 17:15,6.864
9023,5/16/2017 17:16,6.864
9024,5/16/2017 17:17,6.864
9025,5/16/2017 17:18,6.864
9026,5/16/2017 17:19,6.864
9027,5/16/2017 17:20,6.864
9028,5/16/2017 17:21,6.864
9029,5/16/2017 17:22,6.864
9030,5/16/2017 17:23,6.864
9031,5/16/2017 17:24,6.864
9032,5/16/2017 17:25,6.864
9033,5/16/2017 17:26,6.864
9034,5/16/2017 17:27,6.864
9035,5/16/2017 17:28,6.864
9036,5/16/2017 17:29,6.864
9037,5/16/2017 17:30,6.864
9038,5/16/2017 17:31,6.864
9039,5/16/2017 17:32,6.864
9040,5/16/2017 17:33,6.813
9041,5/16/2017 17:34,6.636
9042,5/16/2017 17:35,6.408
9043,5/16/2017 17:36,6.204
9044,5/16/2017 17:37,6.204
9045,5/16/2017 17:38,6.306
9046,5/16/2017 17:39,6.99
9047,5/16/2017 17:40,7.318
9048,5/16/2017 17:41,7.645
9049,5/16/2017 17:42,8.643
9050,5/16/2017 17:43,9.163
9051,5/16/2017 17:44,9.361
9052,5/16/2017 17:45,9.336
9053,5/16/2017 17:46,9.238
9054,5/16/2017 17:47,9.114
9055,5/16/2017 17:48,9.04
9056,5/16/2017 17:49,8.965
9057,5/16/2017 17:50,8.891
9058,5/16/2017 17:51,8.841
9059,5/16/2017 17:52,8.792
9060,5/16/2017 17:53,8.767
9061,5/16/2017 17:54,8.717
9062,5/16/2017 17:55,8.693
9063,5/16/2017 17:56,8.668
9064,5/16/2017 17:57,8.643
9065,5/16/2017 17:58,8.618
9066,5/16/2017 17:59,8.618
9067,5/16/2017 18:00,8.593
9068,5/16/2017 18:01,8.593
9069,5/16/2017 18:02,8.593
9070,5/16/2017 18:03,8.593
9071,5/16/2017 18:04,8.593
9072,5/16/2017 18:05,8.593
9073,5/16/2017 18:06,8.568
9074,5/16/2017 18:07,8.568
9075,5/16/2017 18:08,8.568
9076,5/16/2017 18:09,8.568
9077,5/16/2017 18:10,8.568
9078,5/16/2017 18:11,8.568
9079,5/16/2017 18:12,8.568
9080,5/16/2017 18:13,8.568
9081,5/16/2017 18:14,8.568
9082,5/16/2017 18:15,8.568
9083,5/16/2017 18:16,8.568
9084,5/16/2017 18:17,8.568
9085,5/16/2017 18:18,8.568
9086,5/16/2017 18:19,8.568
9087,5/16/2017 18:20,8.568
9088,5/16/2017 18:21,8.568
9089,5/16/2017 18:22,8.568
9090,5/16/2017 18:23,8.767
9091,5/16/2017 18:24,8.742
9092,5/16/2017 18:25,8.866
9093,5/16/2017 18:26,9.064
9094,5/16/2017 18:27,9.188
9095,5/16/2017 18:28,8.593
9096,5/16/2017 18:29,8.145
9097,5/16/2017 18:30,7.82
9098,5/16/2017 18:31,7.343
9099,5/16/2017 18:32,6.965
9100,5/16/2017 18:33,6.712
9101,5/16/2017 18:34,6.535
9102,5/16/2017 18:35,6.484
9103,5/16/2017 18:36,6.382
9104,5/16/2017 18:37,6.433
9105,5/16/2017 18:38,6.636
9106,5/16/2017 18:39,6.737
9107,5/16/2017 18:40,6.763
9108,5/16/2017 18:41,6.788
9109,5/16/2017 18:42,6.813
9110,5/16/2017 18:43,6.813
9111,5/16/2017 18:44,6.813
9112,5/16/2017 18:45,6.813
9113,5/16/2017 18:46,6.813
9114,5/16/2017 18:47,6.813
9115,5/16/2017 18:48,6.813
9116,5/16/2017 18:49,6.813
9117,5/16/2017 18:50,6.813
9118,5/16/2017 18:51,6.813
9119,5/16/2017 18:52,6.813
9120,5/16/2017 18:53,6.813
9121,5/16/2017 18:54,6.813
9122,5/16/2017 18:55,6.813
9123,5/16/2017 18:56,6.813
9124,5/16/2017 18:57,6.813
9125,5/16/2017 18:58,6.813
9126,5/16/2017 18:59,6.813
9127,5/16/2017 19:00,6.813
9128,5/16/2017 19:01,6.813
9129,5/16/2017 19:02,6.813
9130,5/16/2017 19:03,6.813
9131,5/16/2017 19:04,6.813
9132,5/16/2017 19:05,6.813
9133,5/16/2017 19:06,6.813
9134,5/16/2017 19:07,6.813
9135,5/16/2017 19:08,6.813
9136,5/16/2017 19:09,6.813
9137,5/16/2017 19:10,6.813
9138,5/16/2017 19:11,6.813
9139,5/16/2017 19:12,6.813
9140,5/16/2017 19:13,6.813
9141,5/16/2017 19:14,6.813
9142,5/16/2017 19:15,6.813
9143,5/16/2017 19:16,6.813
9144,5/16/2017 19:17,6.788
9145,5/16/2017 19:18,6.56
9146,5/16/2017 19:19,6.661
9147,5/16/2017 19:20,6.712
9148,5/16/2017 19:21,7.091
9149,5/16/2017 19:22,7.293
9150,5/16/2017 19:23,7.519
9151,5/16/2017 19:24,7.82
9152,5/16/2017 19:25,8.419
9153,5/16/2017 19:26,8.668
9154,5/16/2017 19:27,8.568
9155,5/16/2017 19:28,8.519
9156,5/16/2017 19:29,8.444
9157,5/16/2017 19:30,8.369
9158,5/16/2017 19:31,8.295
9159,5/16/2017 19:32,8.245
9160,5/16/2017 19:33,8.195
9161,5/16/2017 19:34,8.17
9162,5/16/2017 19:35,8.145
9163,5/16/2017 19:36,8.145
9164,5/16/2017 19:37,8.12
9165,5/16/2017 19:38,8.095
9166,5/16/2017 19:39,8.07
9167,5/16/2017 19:40,8.045
9168,5/16/2017 19:41,8.02
9169,5/16/2017 19:42,8.02
9170,5/16/2017 19:43,7.995
9171,5/16/2017 19:44,7.995
9172,5/16/2017 19:45,7.995
9173,5/16/2017 19:46,7.97
9174,5/16/2017 19:47,7.97
9175,5/16/2017 19:48,7.97
9176,5/16/2017 19:49,7.97
9177,5/16/2017 19:50,7.97
9178,5/16/2017 19:51,7.995
9179,5/16/2017 19:52,7.995
9180,5/16/2017 19:53,7.995
9181,5/16/2017 19:54,8.02
9182,5/16/2017 19:55,8.22
9183,5/16/2017 19:56,8.369
9184,5/16/2017 19:57,8.295
9185,5/16/2017 19:58,7.945
9186,5/16/2017 19:59,7.368
9187,5/16/2017 20:00,7.041
9188,5/16/2017 20:01,6.611
9189,5/16/2017 20:02,6.382
9190,5/16/2017 20:03,6.204
9191,5/16/2017 20:04,6.255
9192,5/16/2017 20:05,6.281
9193,5/16/2017 20:06,6.382
9194,5/16/2017 20:07,6.509
9195,5/16/2017 20:08,6.585
9196,5/16/2017 20:09,6.636
9197,5/16/2017 20:10,6.636
9198,5/16/2017 20:11,6.661
9199,5/16/2017 20:12,6.661
9200,5/16/2017 20:13,6.661
9201,5/16/2017 20:14,6.661
9202,5/16/2017 20:15,6.661
9203,5/16/2017 20:16,6.661
9204,5/16/2017 20:17,6.661
9205,5/16/2017 20:18,6.661
9206,5/16/2017 20:19,6.661
9207,5/16/2017 20:20,6.661
9208,5/16/2017 20:21,6.661
9209,5/16/2017 20:22,6.661
9210,5/16/2017 20:23,6.661
9211,5/16/2017 20:24,6.661
9212,5/16/2017 20:25,6.661
9213,5/16/2017 20:26,6.661
9214,5/16/2017 20:27,6.661
9215,5/16/2017 20:28,6.661
9216,5/16/2017 20:29,6.661
9217,5/16/2017 20:30,6.661
9218,5/16/2017 20:31,6.661
9219,5/16/2017 20:32,6.636
9220,5/16/2017 20:33,6.636
9221,5/16/2017 20:34,6.636
9222,5/16/2017 20:35,6.636
9223,5/16/2017 20:36,6.636
9224,5/16/2017 20:37,6.636
9225,5/16/2017 20:38,6.636
9226,5/16/2017 20:39,6.636
9227,5/16/2017 20:40,6.636
9228,5/16/2017 20:41,6.636
9229,5/16/2017 20:42,6.636
9230,5/16/2017 20:43,6.636
9231,5/16/2017 20:44,6.636
9232,5/16/2017 20:45,6.636
9233,5/16/2017 20:46,6.585
9234,5/16/2017 20:47,6.306
9235,5/16/2017 20:48,6.128
9236,5/16/2017 20:49,6.102
9237,5/16/2017 20:50,6.433
9238,5/16/2017 20:51,6.687
9239,5/16/2017 20:52,6.889
9240,5/16/2017 20:53,7.544
9241,5/16/2017 20:54,8.145
9242,5/16/2017 20:55,8.319
9243,5/16/2017 20:56,8.27
9244,5/16/2017 20:57,8.22
9245,5/16/2017 20:58,8.17
9246,5/16/2017 20:59,8.195
9247,5/16/2017 21:00,8.245
9248,5/16/2017 21:01,8.295
9249,5/16/2017 21:02,8.319
9250,5/16/2017 21:03,8.344
9251,5/16/2017 21:04,8.369
9252,5/16/2017 21:05,8.319
9253,5/16/2017 21:06,8.319
9254,5/16/2017 21:07,8.319
9255,5/16/2017 21:08,8.369
9256,5/16/2017 21:09,8.369
9257,5/16/2017 21:10,8.419
9258,5/16/2017 21:11,8.444
9259,5/16/2017 21:12,8.494
9260,5/16/2017 21:13,8.519
9261,5/16/2017 21:14,8.543
9262,5/16/2017 21:15,8.568
9263,5/16/2017 21:16,8.593
9264,5/16/2017 21:17,8.618
9265,5/16/2017 21:18,8.643
9266,5/16/2017 21:19,8.643
9267,5/16/2017 21:20,8.618
9268,5/16/2017 21:21,8.618
9269,5/16/2017 21:22,8.618
9270,5/16/2017 21:23,8.643
9271,5/16/2017 21:24,8.643
9272,5/16/2017 21:25,8.643
9273,5/16/2017 21:26,8.618
9274,5/16/2017 21:27,8.593
9275,5/16/2017 21:28,8.618
9276,5/16/2017 21:29,8.643
9277,5/16/2017 21:30,8.643
9278,5/16/2017 21:31,8.668
9279,5/16/2017 21:32,8.668
9280,5/16/2017 21:33,8.668
9281,5/16/2017 21:34,8.668
9282,5/16/2017 21:35,8.693
9283,5/16/2017 21:36,8.668
9284,5/16/2017 21:37,8.643
9285,5/16/2017 21:38,8.593
9286,5/16/2017 21:39,8.568
9287,5/16/2017 21:40,8.618
9288,5/16/2017 21:41,8.618
9289,5/16/2017 21:42,8.643
9290,5/16/2017 21:43,8.643
9291,5/16/2017 21:44,8.643
9292,5/16/2017 21:45,8.643
9293,5/16/2017 21:46,8.668
9294,5/16/2017 21:47,8.643
9295,5/16/2017 21:48,8.618
9296,5/16/2017 21:49,8.618
9297,5/16/2017 21:50,8.618
9298,5/16/2017 21:51,8.643
9299,5/16/2017 21:52,8.618
9300,5/16/2017 21:53,8.643
9301,5/16/2017 21:54,8.618
9302,5/16/2017 21:55,8.618
9303,5/16/2017 21:56,8.618
9304,5/16/2017 21:57,8.618
9305,5/16/2017 21:58,8.593
9306,5/16/2017 21:59,8.568
9307,5/16/2017 22:00,8.543
9308,5/16/2017 22:01,8.519
9309,5/16/2017 22:02,8.519
9310,5/16/2017 22:03,8.519
9311,5/16/2017 22:04,8.543
9312,5/16/2017 22:05,8.543
9313,5/16/2017 22:06,8.543
9314,5/16/2017 22:07,8.519
9315,5/16/2017 22:08,8.494
9316,5/16/2017 22:09,8.444
9317,5/16/2017 22:10,8.469
9318,5/16/2017 22:11,8.469
9319,5/16/2017 22:12,8.469
9320,5/16/2017 22:13,8.469
9321,5/16/2017 22:14,8.469
9322,5/16/2017 22:15,8.469
9323,5/16/2017 22:16,8.469
9324,5/16/2017 22:17,8.444
9325,5/16/2017 22:18,8.444
9326,5/16/2017 22:19,8.419
9327,5/16/2017 22:20,8.419
9328,5/16/2017 22:21,8.419
9329,5/16/2017 22:22,8.444
9330,5/16/2017 22:23,8.444
9331,5/16/2017 22:24,8.444
9332,5/16/2017 22:25,8.444
9333,5/16/2017 22:26,8.444
9334,5/16/2017 22:27,8.469
9335,5/16/2017 22:28,8.469
9336,5/16/2017 22:29,8.469
9337,5/16/2017 22:30,8.469
9338,5/16/2017 22:31,8.469
9339,5/16/2017 22:32,8.469
9340,5/16/2017 22:33,8.444
9341,5/16/2017 22:34,8.444
9342,5/16/2017 22:35,8.469
9343,5/16/2017 22:36,8.469
9344,5/16/2017 22:37,8.469
9345,5/16/2017 22:38,8.469
9346,5/16/2017 22:39,8.469
9347,5/16/2017 22:40,8.469
9348,5/16/2017 22:41,8.469
9349,5/16/2017 22:42,8.469
9350,5/16/2017 22:43,8.469
9351,5/16/2017 22:44,8.469
9352,5/16/2017 22:45,8.469
9353,5/16/2017 22:46,8.444
9354,5/16/2017 22:47,8.444
9355,5/16/2017 22:48,8.444
9356,5/16/2017 22:49,8.469
9357,5/16/2017 22:50,8.444
9358,5/16/2017 22:51,8.469
9359,5/16/2017 22:52,8.469
9360,5/16/2017 22:53,8.469
9361,5/16/2017 22:54,8.469
9362,5/16/2017 22:55,8.469
9363,5/16/2017 22:56,8.469
9364,5/16/2017 22:57,8.469
9365,5/16/2017 22:58,8.444
9366,5/16/2017 22:59,8.469
9367,5/16/2017 23:00,8.469
9368,5/16/2017 23:01,8.469
9369,5/16/2017 23:02,8.469
9370,5/16/2017 23:03,8.469
9371,5/16/2017 23:04,8.469
9372,5/16/2017 23:05,8.469
9373,5/16/2017 23:06,8.469
9374,5/16/2017 23:07,8.469
9375,5/16/2017 23:08,8.469
9376,5/16/2017 23:09,8.469
9377,5/16/2017 23:10,8.469
9378,5/16/2017 23:11,8.469
9379,5/16/2017 23:12,8.469
9380,5/16/2017 23:13,8.469
9381,5/16/2017 23:14,8.444
9382,5/16/2017 23:15,8.444
9383,5/16/2017 23:16,8.444
9384,5/16/2017 23:17,8.444
9385,5/16/2017 23:18,8.444
9386,5/16/2017 23:19,8.419
9387,5/16/2017 23:20,8.419
9388,5/16/2017 23:21,8.419
9389,5/16/2017 23:22,8.444
9390,5/16/2017 23:23,8.419
9391,5/16/2017 23:24,8.419
9392,5/16/2017 23:25,8.419
9393,5/16/2017 23:26,8.419
9394,5/16/2017 23:27,8.419
9395,5/16/2017 23:28,8.419
9396,5/16/2017 23:29,8.419
9397,5/16/2017 23:30,8.394
9398,5/16/2017 23:31,8.394
9399,5/16/2017 23:32,8.369
9400,5/16/2017 23:33,8.369
9401,5/16/2017 23:34,8.369
9402,5/16/2017 23:35,8.344
9403,5/16/2017 23:36,8.319
9404,5/16/2017 23:37,8.319
9405,5/16/2017 23:38,8.319
9406,5/16/2017 23:39,8.344
9407,5/16/2017 23:40,8.344
9408,5/16/2017 23:41,8.344
9409,5/16/2017 23:42,8.319
9410,5/16/2017 23:43,8.319
9411,5/16/2017 23:44,8.319
9412,5/16/2017 23:45,8.319
9413,5/16/2017 23:46,8.319
9414,5/16/2017 23:47,8.319
9415,5/16/2017 23:48,8.319
9416,5/16/2017 23:49,8.319
9417,5/16/2017 23:50,8.319
9418,5/16/2017 23:51,8.319
9419,5/16/2017 23:52,8.319
9420,5/16/2017 23:53,8.295
9421,5/16/2017 23:54,8.319
9422,5/16/2017 23:55,8.319
9423,5/16/2017 23:56,8.295
9424,5/16/2017 23:57,8.319
9425,5/16/2017 23:58,8.319
9426,5/16/2017 23:59,8.319
9427,5/17/2017 0:00,8.295
9428,5/17/2017 0:01,8.295
9429,5/17/2017 0:02,8.295
9430,5/17/2017 0:03,8.295
9431,5/17/2017 0:04,8.295
9432,5/17/2017 0:05,8.295
9433,5/17/2017 0:06,8.295
9434,5/17/2017 0:07,8.27
9435,5/17/2017 0:08,8.27
9436,5/17/2017 0:09,8.295
9437,5/17/2017 0:10,8.295
9438,5/17/2017 0:11,8.295
9439,5/17/2017 0:12,8.295
9440,5/17/2017 0:13,8.295
9441,5/17/2017 0:14,8.295
9442,5/17/2017 0:15,8.319
9443,5/17/2017 0:16,8.319
9444,5/17/2017 0:17,8.319
9445,5/17/2017 0:18,8.295
9446,5/17/2017 0:19,8.295
9447,5/17/2017 0:20,8.319
9448,5/17/2017 0:21,8.319
9449,5/17/2017 0:22,8.319
9450,5/17/2017 0:23,8.319
9451,5/17/2017 0:24,8.344
9452,5/17/2017 0:25,8.319
9453,5/17/2017 0:26,8.319
9454,5/17/2017 0:27,8.319
9455,5/17/2017 0:28,8.319
9456,5/17/2017 0:29,8.319
9457,5/17/2017 0:30,8.319
9458,5/17/2017 0:31,8.319
9459,5/17/2017 0:32,8.344
9460,5/17/2017 0:33,8.319
9461,5/17/2017 0:34,8.319
9462,5/17/2017 0:35,8.319
9463,5/17/2017 0:36,8.319
9464,5/17/2017 0:37,8.295
9465,5/17/2017 0:38,8.22
9466,5/17/2017 0:39,8.17
9467,5/17/2017 0:40,8.12
9468,5/17/2017 0:41,8.07
9469,5/17/2017 0:42,8.02
9470,5/17/2017 0:43,7.995
9471,5/17/2017 0:44,7.945
9472,5/17/2017 0:45,7.92
9473,5/17/2017 0:46,7.895
9474,5/17/2017 0:47,7.895
9475,5/17/2017 0:48,7.92
9476,5/17/2017 0:49,7.945
9477,5/17/2017 0:50,7.995
9478,5/17/2017 0:51,8.02
9479,5/17/2017 0:52,8.045
9480,5/17/2017 0:53,8.07
9481,5/17/2017 0:54,8.095
9482,5/17/2017 0:55,8.12
9483,5/17/2017 0:56,8.12
9484,5/17/2017 0:57,8.145
9485,5/17/2017 0:58,8.145
9486,5/17/2017 0:59,8.17
9487,5/17/2017 1:00,8.17
9488,5/17/2017 1:01,8.17
9489,5/17/2017 1:02,8.195
9490,5/17/2017 1:03,8.195
9491,5/17/2017 1:04,8.195
9492,5/17/2017 1:05,8.195
9493,5/17/2017 1:06,8.195
9494,5/17/2017 1:07,8.195
9495,5/17/2017 1:08,8.22
9496,5/17/2017 1:09,8.22
9497,5/17/2017 1:10,8.245
9498,5/17/2017 1:11,8.245
9499,5/17/2017 1:12,8.245
9500,5/17/2017 1:13,8.27
9501,5/17/2017 1:14,8.27
9502,5/17/2017 1:15,8.27
9503,5/17/2017 1:16,8.295
9504,5/17/2017 1:17,8.295
9505,5/17/2017 1:18,8.295
9506,5/17/2017 1:19,8.295
9507,5/17/2017 1:20,8.295
9508,5/17/2017 1:21,8.295
9509,5/17/2017 1:22,8.295
9510,5/17/2017 1:23,8.295
9511,5/17/2017 1:24,8.295
9512,5/17/2017 1:25,8.319
9513,5/17/2017 1:26,8.319
9514,5/17/2017 1:27,8.319
9515,5/17/2017 1:28,8.319
9516,5/17/2017 1:29,8.319
9517,5/17/2017 1:30,8.344
9518,5/17/2017 1:31,8.344
9519,5/17/2017 1:32,8.344
9520,5/17/2017 1:33,8.344
9521,5/17/2017 1:34,8.344
9522,5/17/2017 1:35,8.344
9523,5/17/2017 1:36,8.369
9524,5/17/2017 1:37,8.369
9525,5/17/2017 1:38,8.344
9526,5/17/2017 1:39,8.344
9527,5/17/2017 1:40,8.344
9528,5/17/2017 1:41,8.344
9529,5/17/2017 1:42,8.319
9530,5/17/2017 1:43,8.319
9531,5/17/2017 1:44,8.295
9532,5/17/2017 1:45,8.319
9533,5/17/2017 1:46,8.295
9534,5/17/2017 1:47,8.295
9535,5/17/2017 1:48,8.295
9536,5/17/2017 1:49,8.295
9537,5/17/2017 1:50,8.295
9538,5/17/2017 1:51,8.295
9539,5/17/2017 1:52,8.27
9540,5/17/2017 1:53,8.27
9541,5/17/2017 1:54,8.27
9542,5/17/2017 1:55,8.245
9543,5/17/2017 1:56,8.22
9544,5/17/2017 1:57,8.195
9545,5/17/2017 1:58,8.22
9546,5/17/2017 1:59,8.22
9547,5/17/2017 2:00,8.22
9548,5/17/2017 2:01,8.195
9549,5/17/2017 2:02,8.195
9550,5/17/2017 2:03,8.195
9551,5/17/2017 2:04,8.195
9552,5/17/2017 2:05,8.17
9553,5/17/2017 2:06,8.17
9554,5/17/2017 2:07,8.17
9555,5/17/2017 2:08,8.17
9556,5/17/2017 2:09,8.17
9557,5/17/2017 2:10,8.195
9558,5/17/2017 2:11,8.195
9559,5/17/2017 2:12,8.195
9560,5/17/2017 2:13,8.195
9561,5/17/2017 2:14,8.195
9562,5/17/2017 2:15,8.17
9563,5/17/2017 2:16,8.17
9564,5/17/2017 2:17,8.17
9565,5/17/2017 2:18,8.195
9566,5/17/2017 2:19,8.17
9567,5/17/2017 2:20,8.195
9568,5/17/2017 2:21,8.195
9569,5/17/2017 2:22,8.195
9570,5/17/2017 2:23,8.195
9571,5/17/2017 2:24,8.195
9572,5/17/2017 2:25,8.17
9573,5/17/2017 2:26,8.145
9574,5/17/2017 2:27,8.12
9575,5/17/2017 2:28,8.095
9576,5/17/2017 2:29,8.095
9577,5/17/2017 2:30,8.12
9578,5/17/2017 2:31,8.12
9579,5/17/2017 2:32,8.145
9580,5/17/2017 2:33,8.145
9581,5/17/2017 2:34,8.12
9582,5/17/2017 2:35,8.12
9583,5/17/2017 2:36,8.12
9584,5/17/2017 2:37,8.095
9585,5/17/2017 2:38,8.095
9586,5/17/2017 2:39,8.07
9587,5/17/2017 2:40,8.07
9588,5/17/2017 2:41,8.045
9589,5/17/2017 2:42,8.045
9590,5/17/2017 2:43,8.045
9591,5/17/2017 2:44,8.02
9592,5/17/2017 2:45,8.02
9593,5/17/2017 2:46,7.995
9594,5/17/2017 2:47,7.97
9595,5/17/2017 2:48,7.995
9596,5/17/2017 2:49,8.02
9597,5/17/2017 2:50,8.02
9598,5/17/2017 2:51,8.045
9599,5/17/2017 2:52,8.07
9600,5/17/2017 2:53,8.07
9601,5/17/2017 2:54,8.07
9602,5/17/2017 2:55,8.045
9603,5/17/2017 2:56,8.045
9604,5/17/2017 2:57,8.045
9605,5/17/2017 2:58,8.045
9606,5/17/2017 2:59,8.045
9607,5/17/2017 3:00,8.07
9608,5/17/2017 3:01,8.07
9609,5/17/2017 3:02,8.095
9610,5/17/2017 3:03,8.095
9611,5/17/2017 3:04,8.095
9612,5/17/2017 3:05,8.095
9613,5/17/2017 3:06,8.12
9614,5/17/2017 3:07,8.12
9615,5/17/2017 3:08,8.12
9616,5/17/2017 3:09,8.12
9617,5/17/2017 3:10,8.145
9618,5/17/2017 3:11,8.145
9619,5/17/2017 3:12,8.145
9620,5/17/2017 3:13,8.145
9621,5/17/2017 3:14,8.145
9622,5/17/2017 3:15,8.12
9623,5/17/2017 3:16,8.12
9624,5/17/2017 3:17,8.12
9625,5/17/2017 3:18,8.07
9626,5/17/2017 3:19,8.07
9627,5/17/2017 3:20,8.07
9628,5/17/2017 3:21,8.095
9629,5/17/2017 3:22,8.095
9630,5/17/2017 3:23,8.095
9631,5/17/2017 3:24,8.095
9632,5/17/2017 3:25,8.095
9633,5/17/2017 3:26,8.095
9634,5/17/2017 3:27,8.07
9635,5/17/2017 3:28,8.07
9636,5/17/2017 3:29,8.045
9637,5/17/2017 3:30,8.07
9638,5/17/2017 3:31,8.07
9639,5/17/2017 3:32,8.07
9640,5/17/2017 3:33,8.07
9641,5/17/2017 3:34,8.07
9642,5/17/2017 3:35,8.07
9643,5/17/2017 3:36,8.07
9644,5/17/2017 3:37,8.07
9645,5/17/2017 3:38,8.045
9646,5/17/2017 3:39,8.045
9647,5/17/2017 3:40,8.045
9648,5/17/2017 3:41,8.045
9649,5/17/2017 3:42,8.07
9650,5/17/2017 3:43,8.045
9651,5/17/2017 3:44,8.02
9652,5/17/2017 3:45,8.02
9653,5/17/2017 3:46,8.02
9654,5/17/2017 3:47,8.02
9655,5/17/2017 3:48,8.02
9656,5/17/2017 3:49,8.02
9657,5/17/2017 3:50,7.995
9658,5/17/2017 3:51,7.995
9659,5/17/2017 3:52,7.995
9660,5/17/2017 3:53,7.995
9661,5/17/2017 3:54,7.995
9662,5/17/2017 3:55,7.995
9663,5/17/2017 3:56,7.97
9664,5/17/2017 3:57,7.945
9665,5/17/2017 3:58,7.945
9666,5/17/2017 3:59,7.945
9667,5/17/2017 4:00,7.945
9668,5/17/2017 4:01,7.945
9669,5/17/2017 4:02,7.97
9670,5/17/2017 4:03,7.97
9671,5/17/2017 4:04,7.97
9672,5/17/2017 4:05,7.97
9673,5/17/2017 4:06,7.945
9674,5/17/2017 4:07,7.97
9675,5/17/2017 4:08,7.97
9676,5/17/2017 4:09,7.97
9677,5/17/2017 4:10,7.945
9678,5/17/2017 4:11,7.945
9679,5/17/2017 4:12,7.945
9680,5/17/2017 4:13,7.945
9681,5/17/2017 4:14,7.945
9682,5/17/2017 4:15,7.945
9683,5/17/2017 4:16,7.945
9684,5/17/2017 4:17,7.945
9685,5/17/2017 4:18,7.945
9686,5/17/2017 4:19,7.97
9687,5/17/2017 4:20,7.97
9688,5/17/2017 4:21,7.945
9689,5/17/2017 4:22,7.945
9690,5/17/2017 4:23,7.945
9691,5/17/2017 4:24,7.97
9692,5/17/2017 4:25,7.97
9693,5/17/2017 4:26,7.97
9694,5/17/2017 4:27,7.97
9695,5/17/2017 4:28,7.97
9696,5/17/2017 4:29,7.945
9697,5/17/2017 4:30,7.945
9698,5/17/2017 4:31,7.945
9699,5/17/2017 4:32,7.97
9700,5/17/2017 4:33,7.995
9701,5/17/2017 4:34,7.995
9702,5/17/2017 4:35,7.995
9703,5/17/2017 4:36,7.995
9704,5/17/2017 4:37,7.995
9705,5/17/2017 4:38,7.995
9706,5/17/2017 4:39,8.02
9707,5/17/2017 4:40,8.02
9708,5/17/2017 4:41,8.02
9709,5/17/2017 4:42,7.995
9710,5/17/2017 4:43,7.995
9711,5/17/2017 4:44,8.02
9712,5/17/2017 4:45,7.995
9713,5/17/2017 4:46,7.995
9714,5/17/2017 4:47,7.995
9715,5/17/2017 4:48,7.995
9716,5/17/2017 4:49,7.995
9717,5/17/2017 4:50,7.995
9718,5/17/2017 4:51,7.995
9719,5/17/2017 4:52,7.995
9720,5/17/2017 4:53,8.02
9721,5/17/2017 4:54,8.02
9722,5/17/2017 4:55,7.995
9723,5/17/2017 4:56,8.02
9724,5/17/2017 4:57,8.02
9725,5/17/2017 4:58,8.02
9726,5/17/2017 4:59,8.02
9727,5/17/2017 5:00,8.02
9728,5/17/2017 5:01,8.02
9729,5/17/2017 5:02,8.045
9730,5/17/2017 5:03,8.07
9731,5/17/2017 5:04,8.07
9732,5/17/2017 5:05,8.095
9733,5/17/2017 5:06,8.095
9734,5/17/2017 5:07,8.095
9735,5/17/2017 5:08,8.095
9736,5/17/2017 5:09,8.095
9737,5/17/2017 5:10,8.095
9738,5/17/2017 5:11,8.095
9739,5/17/2017 5:12,8.12
9740,5/17/2017 5:13,8.12
9741,5/17/2017 5:14,8.145
9742,5/17/2017 5:15,8.17
9743,5/17/2017 5:16,8.17
9744,5/17/2017 5:17,8.195
9745,5/17/2017 5:18,8.17
9746,5/17/2017 5:19,8.17
9747,5/17/2017 5:20,8.17
9748,5/17/2017 5:21,8.195
9749,5/17/2017 5:22,8.22
9750,5/17/2017 5:23,8.22
9751,5/17/2017 5:24,8.245
9752,5/17/2017 5:25,8.27
9753,5/17/2017 5:26,8.27
9754,5/17/2017 5:27,8.27
9755,5/17/2017 5:28,8.27
9756,5/17/2017 5:29,8.27
9757,5/17/2017 5:30,8.27
9758,5/17/2017 5:31,8.295
9759,5/17/2017 5:32,8.319
9760,5/17/2017 5:33,8.344
9761,5/17/2017 5:34,8.369
9762,5/17/2017 5:35,8.394
9763,5/17/2017 5:36,8.394
9764,5/17/2017 5:37,8.394
9765,5/17/2017 5:38,8.419
9766,5/17/2017 5:39,8.419
9767,5/17/2017 5:40,8.419
9768,5/17/2017 5:41,8.419
9769,5/17/2017 5:42,8.419
9770,5/17/2017 5:43,8.444
9771,5/17/2017 5:44,8.444
9772,5/17/2017 5:45,8.469
9773,5/17/2017 5:46,8.469
9774,5/17/2017 5:47,8.469
9775,5/17/2017 5:48,8.469
9776,5/17/2017 5:49,8.494
9777,5/17/2017 5:50,8.494
9778,5/17/2017 5:51,8.494
9779,5/17/2017 5:52,8.519
9780,5/17/2017 5:53,8.519
9781,5/17/2017 5:54,8.519
9782,5/17/2017 5:55,8.519
9783,5/17/2017 5:56,8.543
9784,5/17/2017 5:57,8.568
9785,5/17/2017 5:58,8.568
9786,5/17/2017 5:59,8.593
9787,5/17/2017 6:00,8.593
9788,5/17/2017 6:01,8.593
9789,5/17/2017 6:02,8.593
9790,5/17/2017 6:03,8.593
9791,5/17/2017 6:04,8.593
9792,5/17/2017 6:05,8.593
9793,5/17/2017 6:06,8.618
9794,5/17/2017 6:07,8.618
9795,5/17/2017 6:08,8.643
9796,5/17/2017 6:09,8.668
9797,5/17/2017 6:10,8.668
9798,5/17/2017 6:11,8.668
9799,5/17/2017 6:12,8.668
9800,5/17/2017 6:13,8.668
9801,5/17/2017 6:14,8.693
9802,5/17/2017 6:15,8.693
9803,5/17/2017 6:16,8.717
9804,5/17/2017 6:17,8.717
9805,5/17/2017 6:18,8.742
9806,5/17/2017 6:19,8.742
9807,5/17/2017 6:20,8.767
9808,5/17/2017 6:21,8.767
9809,5/17/2017 6:22,8.742
9810,5/17/2017 6:23,8.717
9811,5/17/2017 6:24,8.693
9812,5/17/2017 6:25,8.643
9813,5/17/2017 6:26,8.593
9814,5/17/2017 6:27,8.568
9815,5/17/2017 6:28,8.519
9816,5/17/2017 6:29,8.519
9817,5/17/2017 6:30,8.494
9818,5/17/2017 6:31,8.494
9819,5/17/2017 6:32,8.519
9820,5/17/2017 6:33,8.519
9821,5/17/2017 6:34,8.519
9822,5/17/2017 6:35,8.494
9823,5/17/2017 6:36,8.494
9824,5/17/2017 6:37,8.494
9825,5/17/2017 6:38,8.469
9826,5/17/2017 6:39,8.444
9827,5/17/2017 6:40,8.444
9828,5/17/2017 6:41,8.444
9829,5/17/2017 6:42,8.419
9830,5/17/2017 6:43,8.419
9831,5/17/2017 6:44,8.419
9832,5/17/2017 6:45,8.419
9833,5/17/2017 6:46,8.419
9834,5/17/2017 6:47,8.419
9835,5/17/2017 6:48,8.419
9836,5/17/2017 6:49,8.419
9837,5/17/2017 6:50,8.469
9838,5/17/2017 6:51,8.519
9839,5/17/2017 6:52,8.394
9840,5/17/2017 6:53,8.17
9841,5/17/2017 6:54,7.544
9842,5/17/2017 6:55,7.041
9843,5/17/2017 6:56,6.813
9844,5/17/2017 6:57,6.737
9845,5/17/2017 6:58,6.56
9846,5/17/2017 6:59,6.433
9847,5/17/2017 7:00,6.458
9848,5/17/2017 7:01,6.433
9849,5/17/2017 7:02,6.433
9850,5/17/2017 7:03,6.458
9851,5/17/2017 7:04,6.458
9852,5/17/2017 7:05,6.458
9853,5/17/2017 7:06,6.484
9854,5/17/2017 7:07,6.484
9855,5/17/2017 7:08,6.509
9856,5/17/2017 7:09,6.509
9857,5/17/2017 7:10,6.535
9858,5/17/2017 7:11,6.509
9859,5/17/2017 7:12,6.509
9860,5/17/2017 7:13,6.484
9861,5/17/2017 7:14,6.458
9862,5/17/2017 7:15,6.458
9863,5/17/2017 7:16,6.433
9864,5/17/2017 7:17,6.408
9865,5/17/2017 7:18,6.408
9866,5/17/2017 7:19,6.382
9867,5/17/2017 7:20,6.408
9868,5/17/2017 7:21,6.382
9869,5/17/2017 7:22,6.357
9870,5/17/2017 7:23,6.331
9871,5/17/2017 7:24,6.306
9872,5/17/2017 7:25,6.281
9873,5/17/2017 7:26,6.255
9874,5/17/2017 7:27,6.255
9875,5/17/2017 7:28,6.23
9876,5/17/2017 7:29,6.23
9877,5/17/2017 7:30,6.204
9878,5/17/2017 7:31,6.204
9879,5/17/2017 7:32,6.204
9880,5/17/2017 7:33,6.179
9881,5/17/2017 7:34,6.179
9882,5/17/2017 7:35,6.179
9883,5/17/2017 7:36,6.179
9884,5/17/2017 7:37,6.179
9885,5/17/2017 7:38,6.179
9886,5/17/2017 7:39,6.179
9887,5/17/2017 7:40,6.179
9888,5/17/2017 7:41,6.179
9889,5/17/2017 7:42,6.179
9890,5/17/2017 7:43,6.128
9891,5/17/2017 7:44,6.509
9892,5/17/2017 7:45,6.763
9893,5/17/2017 7:46,7.469
9894,5/17/2017 7:47,7.945
9895,5/17/2017 7:48,8.12
9896,5/17/2017 7:49,8.195
9897,5/17/2017 7:50,8.27
9898,5/17/2017 7:51,8.369
9899,5/17/2017 7:52,8.469
9900,5/17/2017 7:53,8.568
9901,5/17/2017 7:54,8.643
9902,5/17/2017 7:55,8.693
9903,5/17/2017 7:56,8.742
9904,5/17/2017 7:57,8.767
9905,5/17/2017 7:58,8.817
9906,5/17/2017 7:59,8.841
9907,5/17/2017 8:00,8.891
9908,5/17/2017 8:01,8.916
9909,5/17/2017 8:02,8.916
9910,5/17/2017 8:03,8.916
9911,5/17/2017 8:04,8.99
9912,5/17/2017 8:05,8.99
9913,5/17/2017 8:06,8.965
9914,5/17/2017 8:07,8.99
9915,5/17/2017 8:08,9.015
9916,5/17/2017 8:09,9.015
9917,5/17/2017 8:10,9.015
9918,5/17/2017 8:11,8.941
9919,5/17/2017 8:12,8.891
9920,5/17/2017 8:13,8.866
9921,5/17/2017 8:14,8.866
9922,5/17/2017 8:15,8.469
9923,5/17/2017 8:16,8.319
9924,5/17/2017 8:17,8.145
9925,5/17/2017 8:18,7.845
9926,5/17/2017 8:19,7.494
9927,5/17/2017 8:20,7.268
9928,5/17/2017 8:21,7.167
9929,5/17/2017 8:22,7.066
9930,5/17/2017 8:23,6.687
9931,5/17/2017 8:24,6.458
9932,5/17/2017 8:25,6.331
9933,5/17/2017 8:26,6.255
9934,5/17/2017 8:27,6.255
9935,5/17/2017 8:28,6.255
9936,5/17/2017 8:29,6.23
9937,5/17/2017 8:30,6.23
9938,5/17/2017 8:31,6.23
9939,5/17/2017 8:32,6.204
9940,5/17/2017 8:33,6.204
9941,5/17/2017 8:34,6.204
9942,5/17/2017 8:35,6.204
9943,5/17/2017 8:36,6.204
9944,5/17/2017 8:37,6.204
9945,5/17/2017 8:38,6.204
9946,5/17/2017 8:39,6.255
9947,5/17/2017 8:40,6.255
9948,5/17/2017 8:41,6.281
9949,5/17/2017 8:42,6.281
9950,5/17/2017 8:43,6.281
9951,5/17/2017 8:44,6.281
9952,5/17/2017 8:45,6.281
9953,5/17/2017 8:46,6.255
9954,5/17/2017 8:47,6.255
9955,5/17/2017 8:48,6.306
9956,5/17/2017 8:49,6.331
9957,5/17/2017 8:50,6.331
9958,5/17/2017 8:51,6.331
9959,5/17/2017 8:52,6.306
9960,5/17/2017 8:53,6.331
9961,5/17/2017 8:54,6.382
9962,5/17/2017 8:55,6.382
9963,5/17/2017 8:56,6.382
9964,5/17/2017 8:57,6.357
9965,5/17/2017 8:58,6.357
9966,5/17/2017 8:59,6.357
9967,5/17/2017 9:00,6.331
9968,5/17/2017 9:01,6.331
9969,5/17/2017 9:02,6.331
9970,5/17/2017 9:03,6.306
9971,5/17/2017 9:04,6.306
9972,5/17/2017 9:05,6.306
9973,5/17/2017 9:06,6.306
9974,5/17/2017 9:07,6.331
9975,5/17/2017 9:08,6.331
9976,5/17/2017 9:09,6.331
9977,5/17/2017 9:10,6.331
9978,5/17/2017 9:11,6.331
9979,5/17/2017 9:12,6.331
9980,5/17/2017 9:13,6.458
9981,5/17/2017 9:14,7.217
9982,5/17/2017 9:15,7.745
9983,5/17/2017 9:16,7.995
9984,5/17/2017 9:17,8.17
9985,5/17/2017 9:18,8.319
9986,5/17/2017 9:19,8.469
9987,5/17/2017 9:20,8.618
9988,5/17/2017 9:21,8.742
9989,5/17/2017 9:22,8.866
9990,5/17/2017 9:23,9.015
9991,5/17/2017 9:24,9.139
9992,5/17/2017 9:25,9.262
9993,5/17/2017 9:26,9.386
9994,5/17/2017 9:27,9.46
9995,5/17/2017 9:28,9.509
9996,5/17/2017 9:29,9.46
9997,5/17/2017 9:30,9.435
9998,5/17/2017 9:31,9.435
9999,5/17/2017 9:32,9.435
10000,5/17/2017 9:33,9.435
10001,5/17/2017 9:34,9.435
10002,5/17/2017 9:35,9.435
10003,5/17/2017 9:36,9.435
10004,5/17/2017 9:37,9.435
10005,5/17/2017 9:38,9.435
10006,5/17/2017 9:39,9.435
10007,5/17/2017 9:40,9.435
10008,5/17/2017 9:41,9.46
10009,5/17/2017 9:42,9.46
10010,5/17/2017 9:43,9.46
10011,5/17/2017 9:44,9.485
10012,5/17/2017 9:45,9.509
10013,5/17/2017 9:46,9.509
10014,5/17/2017 9:47,9.509
10015,5/17/2017 9:48,9.534
10016,5/17/2017 9:49,9.534
10017,5/17/2017 9:50,9.558
10018,5/17/2017 9:51,9.583
10019,5/17/2017 9:52,9.608
10020,5/17/2017 9:53,9.632
10021,5/17/2017 9:54,9.657
10022,5/17/2017 9:55,9.657
10023,5/17/2017 9:56,9.682
10024,5/17/2017 9:57,9.682
10025,5/17/2017 9:58,9.706
10026,5/17/2017 9:59,9.706
10027,5/17/2017 10:00,9.756
10028,5/17/2017 10:01,9.756
10029,5/17/2017 10:02,9.78
10030,5/17/2017 10:03,9.829
10031,5/17/2017 10:04,9.829
10032,5/17/2017 10:05,9.829
10033,5/17/2017 10:06,9.854
10034,5/17/2017 10:07,9.879
10035,5/17/2017 10:08,9.879
10036,5/17/2017 10:09,9.854
10037,5/17/2017 10:10,9.854
10038,5/17/2017 10:11,9.879
10039,5/17/2017 10:12,9.903
10040,5/17/2017 10:13,9.903
10041,5/17/2017 10:14,9.928
10042,5/17/2017 10:15,9.952
10043,5/17/2017 10:16,9.977
10044,5/17/2017 10:17,9.977
10045,5/17/2017 10:18,9.977
10046,5/17/2017 10:19,10.001
10047,5/17/2017 10:20,10.001
10048,5/17/2017 10:21,10.026
10049,5/17/2017 10:22,10.075
10050,5/17/2017 10:23,10.1
10051,5/17/2017 10:24,10.173
10052,5/17/2017 10:25,10.198
10053,5/17/2017 10:26,10.247
10054,5/17/2017 10:27,10.32
10055,5/17/2017 10:28,10.369
10056,5/17/2017 10:29,10.394
10057,5/17/2017 10:30,10.467
10058,5/17/2017 10:31,10.541
10059,5/17/2017 10:32,10.59
10060,5/17/2017 10:33,10.614
10061,5/17/2017 10:34,10.638
10062,5/17/2017 10:35,10.663
10063,5/17/2017 10:36,10.712
10064,5/17/2017 10:37,10.736
10065,5/17/2017 10:38,10.761
10066,5/17/2017 10:39,10.81
10067,5/17/2017 10:40,10.81
10068,5/17/2017 10:41,10.858
10069,5/17/2017 10:42,10.883
10070,5/17/2017 10:43,10.883
10071,5/17/2017 10:44,10.907
10072,5/17/2017 10:45,10.932
10073,5/17/2017 10:46,10.932
10074,5/17/2017 10:47,10.98
10075,5/17/2017 10:48,10.98
10076,5/17/2017 10:49,10.98
10077,5/17/2017 10:50,10.956
10078,5/17/2017 10:51,10.98
10079,5/17/2017 10:52,10.98
10080,5/17/2017 10:53,11.029
10081,5/17/2017 10:54,11.053
10082,5/17/2017 10:55,11.078
10083,5/17/2017 10:56,11.078
10084,5/17/2017 10:57,11.127
10085,5/17/2017 10:58,11.127
10086,5/17/2017 10:59,11.151
10087,5/17/2017 11:00,11.102
10088,5/17/2017 11:01,11.078
10089,5/17/2017 11:02,11.053
10090,5/17/2017 11:03,11.078
10091,5/17/2017 11:04,11.053
10092,5/17/2017 11:05,11.053
10093,5/17/2017 11:06,11.078
10094,5/17/2017 11:07,11.102
10095,5/17/2017 11:08,11.078
10096,5/17/2017 11:09,11.102
10097,5/17/2017 11:10,11.127
10098,5/17/2017 11:11,11.127
10099,5/17/2017 11:12,11.151
10100,5/17/2017 11:13,11.151
10101,5/17/2017 11:14,11.175
10102,5/17/2017 11:15,11.2
10103,5/17/2017 11:16,11.248
10104,5/17/2017 11:17,11.273
10105,5/17/2017 11:18,11.273
10106,5/17/2017 11:19,11.273
10107,5/17/2017 11:20,11.273
10108,5/17/2017 11:21,11.297
10109,5/17/2017 11:22,11.297
10110,5/17/2017 11:23,11.297
10111,5/17/2017 11:24,11.321
10112,5/17/2017 11:25,11.346
10113,5/17/2017 11:26,11.37
10114,5/17/2017 11:27,11.37
10115,5/17/2017 11:28,11.37
10116,5/17/2017 11:29,11.394
10117,5/17/2017 11:30,11.394
10118,5/17/2017 11:31,11.394
10119,5/17/2017 11:32,11.394
10120,5/17/2017 11:33,11.419
10121,5/17/2017 11:34,11.443
10122,5/17/2017 11:35,11.443
10123,5/17/2017 11:36,11.492
10124,5/17/2017 11:37,11.516
10125,5/17/2017 11:38,11.492
10126,5/17/2017 11:39,11.492
10127,5/17/2017 11:40,11.492
10128,5/17/2017 11:41,11.516
10129,5/17/2017 11:42,11.516
10130,5/17/2017 11:43,11.516
10131,5/17/2017 11:44,11.492
10132,5/17/2017 11:45,11.54
10133,5/17/2017 11:46,11.516
10134,5/17/2017 11:47,11.516
10135,5/17/2017 11:48,11.467
10136,5/17/2017 11:49,11.419
10137,5/17/2017 11:50,11.37
10138,5/17/2017 11:51,11.297
10139,5/17/2017 11:52,11.248
10140,5/17/2017 11:53,11.248
10141,5/17/2017 11:54,11.248
10142,5/17/2017 11:55,11.248
10143,5/17/2017 11:56,11.224
10144,5/17/2017 11:57,11.175
10145,5/17/2017 11:58,11.127
10146,5/17/2017 11:59,11.078
10147,5/17/2017 12:00,11.053
10148,5/17/2017 12:01,11.005
10149,5/17/2017 12:02,10.956
10150,5/17/2017 12:03,10.932
10151,5/17/2017 12:04,10.907
10152,5/17/2017 12:05,10.907
10153,5/17/2017 12:06,10.883
10154,5/17/2017 12:07,10.883
10155,5/17/2017 12:08,10.883
10156,5/17/2017 12:09,10.858
10157,5/17/2017 12:10,10.834
10158,5/17/2017 12:11,10.834
10159,5/17/2017 12:12,10.834
10160,5/17/2017 12:13,10.834
10161,5/17/2017 12:14,10.834
10162,5/17/2017 12:15,10.834
10163,5/17/2017 12:16,10.834
10164,5/17/2017 12:17,10.834
10165,5/17/2017 12:18,10.858
10166,5/17/2017 12:19,10.858
10167,5/17/2017 12:20,10.834
10168,5/17/2017 12:21,10.834
10169,5/17/2017 12:22,10.858
10170,5/17/2017 12:23,10.858
10171,5/17/2017 12:24,10.858
10172,5/17/2017 12:25,10.834
10173,5/17/2017 12:26,10.834
10174,5/17/2017 12:27,10.858
10175,5/17/2017 12:28,10.883
10176,5/17/2017 12:29,10.907
10177,5/17/2017 12:30,10.932
10178,5/17/2017 12:31,10.956
10179,5/17/2017 12:32,10.956
10180,5/17/2017 12:33,11.005
10181,5/17/2017 12:34,11.053
10182,5/17/2017 12:35,11.151
10183,5/17/2017 12:36,11.151
10184,5/17/2017 12:37,11.151
10185,5/17/2017 12:38,11.175
10186,5/17/2017 12:39,11.151
10187,5/17/2017 12:40,11.151
10188,5/17/2017 12:41,11.175
10189,5/17/2017 12:42,11.175
10190,5/17/2017 12:43,11.127
10191,5/17/2017 12:44,11.078
10192,5/17/2017 12:45,11.053
10193,5/17/2017 12:46,11.029
10194,5/17/2017 12:47,11.029
10195,5/17/2017 12:48,11.005
10196,5/17/2017 12:49,11.005
10197,5/17/2017 12:50,11.005
10198,5/17/2017 12:51,11.005
10199,5/17/2017 12:52,11.005
10200,5/17/2017 12:53,11.029
10201,5/17/2017 12:54,11.029
10202,5/17/2017 12:55,11.029
10203,5/17/2017 12:56,11.053
10204,5/17/2017 12:57,11.029
10205,5/17/2017 12:58,11.029
10206,5/17/2017 12:59,11.053
10207,5/17/2017 13:00,11.078
10208,5/17/2017 13:01,11.078
10209,5/17/2017 13:02,11.102
10210,5/17/2017 13:03,11.127
10211,5/17/2017 13:04,11.175
10212,5/17/2017 13:05,11.2
10213,5/17/2017 13:06,11.273
10214,5/17/2017 13:07,11.346
10215,5/17/2017 13:08,11.419
10216,5/17/2017 13:09,11.467
10217,5/17/2017 13:10,11.54
10218,5/17/2017 13:11,11.637
10219,5/17/2017 13:12,11.686
10220,5/17/2017 13:13,11.662
10221,5/17/2017 13:14,11.686
10222,5/17/2017 13:15,11.71
10223,5/17/2017 13:16,11.71
10224,5/17/2017 13:17,11.686
10225,5/17/2017 13:18,11.662
10226,5/17/2017 13:19,11.613
10227,5/17/2017 13:20,11.565
10228,5/17/2017 13:21,11.54
10229,5/17/2017 13:22,11.492
10230,5/17/2017 13:23,11.492
10231,5/17/2017 13:24,11.443
10232,5/17/2017 13:25,11.443
10233,5/17/2017 13:26,11.394
10234,5/17/2017 13:27,11.321
10235,5/17/2017 13:28,11.297
10236,5/17/2017 13:29,11.248
10237,5/17/2017 13:30,11.224
10238,5/17/2017 13:31,11.175
10239,5/17/2017 13:32,11.151
10240,5/17/2017 13:33,11.175
10241,5/17/2017 13:34,11.175
10242,5/17/2017 13:35,11.2
10243,5/17/2017 13:36,11.273
10244,5/17/2017 13:37,11.297
10245,5/17/2017 13:38,11.297
10246,5/17/2017 13:39,11.273
10247,5/17/2017 13:40,11.224
10248,5/17/2017 13:41,11.224
10249,5/17/2017 13:42,11.248
10250,5/17/2017 13:43,11.273
10251,5/17/2017 13:44,11.321
10252,5/17/2017 13:45,11.321
10253,5/17/2017 13:46,11.321
10254,5/17/2017 13:47,11.297
10255,5/17/2017 13:48,11.321
10256,5/17/2017 13:49,11.346
10257,5/17/2017 13:50,11.394
10258,5/17/2017 13:51,11.419
10259,5/17/2017 13:52,11.443
10260,5/17/2017 13:53,11.443
10261,5/17/2017 13:54,11.394
10262,5/17/2017 13:55,11.37
10263,5/17/2017 13:56,11.346
10264,5/17/2017 13:57,11.346
10265,5/17/2017 13:58,11.346
10266,5/17/2017 13:59,11.37
10267,5/17/2017 14:00,11.443
10268,5/17/2017 14:01,11.467
10269,5/17/2017 14:02,11.492
10270,5/17/2017 14:03,11.467
10271,5/17/2017 14:04,11.492
10272,5/17/2017 14:05,11.467
10273,5/17/2017 14:06,11.419
10274,5/17/2017 14:07,11.394
10275,5/17/2017 14:08,11.37
10276,5/17/2017 14:09,11.443
10277,5/17/2017 14:10,11.467
10278,5/17/2017 14:11,11.467
10279,5/17/2017 14:12,11.443
10280,5/17/2017 14:13,11.37
10281,5/17/2017 14:14,11.419
10282,5/17/2017 14:15,11.419
10283,5/17/2017 14:16,11.467
10284,5/17/2017 14:17,11.54
10285,5/17/2017 14:18,11.662
10286,5/17/2017 14:19,11.977
10287,5/17/2017 14:20,12.219
10288,5/17/2017 14:21,12.219
10289,5/17/2017 14:22,12.195
10290,5/17/2017 14:23,12.243
10291,5/17/2017 14:24,12.292
10292,5/17/2017 14:25,12.316
10293,5/17/2017 14:26,12.316
10294,5/17/2017 14:27,12.364
10295,5/17/2017 14:28,12.485
10296,5/17/2017 14:29,12.63
10297,5/17/2017 14:30,12.751
10298,5/17/2017 14:31,12.823
10299,5/17/2017 14:32,12.871
10300,5/17/2017 14:33,13.016
10301,5/17/2017 14:34,13.112
10302,5/17/2017 14:35,13.281
10303,5/17/2017 14:36,13.281
10304,5/17/2017 14:37,13.161
10305,5/17/2017 14:38,12.896
10306,5/17/2017 14:39,12.678
10307,5/17/2017 14:40,12.485
10308,5/17/2017 14:41,12.292
10309,5/17/2017 14:42,12.147
10310,5/17/2017 14:43,12.025
10311,5/17/2017 14:44,11.953
10312,5/17/2017 14:45,11.856
10313,5/17/2017 14:46,11.759
10314,5/17/2017 14:47,11.686
10315,5/17/2017 14:48,11.589
10316,5/17/2017 14:49,11.516
10317,5/17/2017 14:50,11.467
10318,5/17/2017 14:51,11.443
10319,5/17/2017 14:52,11.419
10320,5/17/2017 14:53,11.394
10321,5/17/2017 14:54,11.37
10322,5/17/2017 14:55,11.37
10323,5/17/2017 14:56,11.346
10324,5/17/2017 14:57,11.321
10325,5/17/2017 14:58,11.297
10326,5/17/2017 14:59,11.297
10327,5/17/2017 15:00,11.297
10328,5/17/2017 15:01,11.273
10329,5/17/2017 15:02,11.273
10330,5/17/2017 15:03,11.273
10331,5/17/2017 15:04,11.273
10332,5/17/2017 15:05,11.273
10333,5/17/2017 15:06,11.273
10334,5/17/2017 15:07,11.248
10335,5/17/2017 15:08,11.224
10336,5/17/2017 15:09,11.2
10337,5/17/2017 15:10,11.175
10338,5/17/2017 15:11,11.151
10339,5/17/2017 15:12,11.151
10340,5/17/2017 15:13,11.151
10341,5/17/2017 15:14,11.151
10342,5/17/2017 15:15,11.127
10343,5/17/2017 15:16,11.102
10344,5/17/2017 15:17,11.078
10345,5/17/2017 15:18,11.102
10346,5/17/2017 15:19,11.078
10347,5/17/2017 15:20,11.053
10348,5/17/2017 15:21,11.078
10349,5/17/2017 15:22,11.053
10350,5/17/2017 15:23,11.053
10351,5/17/2017 15:24,11.029
10352,5/17/2017 15:25,10.98
10353,5/17/2017 15:26,10.956
10354,5/17/2017 15:27,10.956
10355,5/17/2017 15:28,10.98
10356,5/17/2017 15:29,10.98
10357,5/17/2017 15:30,10.956
10358,5/17/2017 15:31,10.956
10359,5/17/2017 15:32,10.932
10360,5/17/2017 15:33,10.956
10361,5/17/2017 15:34,10.98
10362,5/17/2017 15:35,10.98
10363,5/17/2017 15:36,10.98
10364,5/17/2017 15:37,10.98
10365,5/17/2017 15:38,10.956
10366,5/17/2017 15:39,10.98
10367,5/17/2017 15:40,10.98
10368,5/17/2017 15:41,11.005
10369,5/17/2017 15:42,11.029
10370,5/17/2017 15:43,11.053
10371,5/17/2017 15:44,11.078
10372,5/17/2017 15:45,11.078
10373,5/17/2017 15:46,11.102
10374,5/17/2017 15:47,11.102
10375,5/17/2017 15:48,11.127
10376,5/17/2017 15:49,11.127
10377,5/17/2017 15:50,11.127
10378,5/17/2017 15:51,11.151
10379,5/17/2017 15:52,11.127
10380,5/17/2017 15:53,11.127
10381,5/17/2017 15:54,11.127
10382,5/17/2017 15:55,11.127
10383,5/17/2017 15:56,11.102
10384,5/17/2017 15:57,11.078
10385,5/17/2017 15:58,11.053
10386,5/17/2017 15:59,11.053
10387,5/17/2017 16:00,11.029
10388,5/17/2017 16:01,11.029
10389,5/17/2017 16:02,11.005
10390,5/17/2017 16:03,11.005
10391,5/17/2017 16:04,10.956
10392,5/17/2017 16:05,10.956
10393,5/17/2017 16:06,10.932
10394,5/17/2017 16:07,10.907
10395,5/17/2017 16:08,10.907
10396,5/17/2017 16:09,10.883
10397,5/17/2017 16:10,10.883
10398,5/17/2017 16:11,10.858
10399,5/17/2017 16:12,10.834
10400,5/17/2017 16:13,10.81
10401,5/17/2017 16:14,10.81
10402,5/17/2017 16:15,10.81
10403,5/17/2017 16:16,10.785
10404,5/17/2017 16:17,10.785
10405,5/17/2017 16:18,10.785
10406,5/17/2017 16:19,10.785
10407,5/17/2017 16:20,10.785
10408,5/17/2017 16:21,10.785
10409,5/17/2017 16:22,10.736
10410,5/17/2017 16:23,10.736
10411,5/17/2017 16:24,10.687
10412,5/17/2017 16:25,10.687
10413,5/17/2017 16:26,10.663
10414,5/17/2017 16:27,10.638
10415,5/17/2017 16:28,10.614
10416,5/17/2017 16:29,10.59
10417,5/17/2017 16:30,10.565
10418,5/17/2017 16:31,10.541
10419,5/17/2017 16:32,10.516
10420,5/17/2017 16:33,10.492
10421,5/17/2017 16:34,10.467
10422,5/17/2017 16:35,10.467
10423,5/17/2017 16:36,10.443
10424,5/17/2017 16:37,10.443
10425,5/17/2017 16:38,10.418
10426,5/17/2017 16:39,10.394
10427,5/17/2017 16:40,10.394
10428,5/17/2017 16:41,10.418
10429,5/17/2017 16:42,10.394
10430,5/17/2017 16:43,10.369
10431,5/17/2017 16:44,10.345
10432,5/17/2017 16:45,10.345
10433,5/17/2017 16:46,10.32
10434,5/17/2017 16:47,10.296
10435,5/17/2017 16:48,10.271
10436,5/17/2017 16:49,10.271
10437,5/17/2017 16:50,10.247
10438,5/17/2017 16:51,10.247
10439,5/17/2017 16:52,10.247
10440,5/17/2017 16:53,10.222
10441,5/17/2017 16:54,10.198
10442,5/17/2017 16:55,10.198
10443,5/17/2017 16:56,10.198
10444,5/17/2017 16:57,10.173
10445,5/17/2017 16:58,10.149
10446,5/17/2017 16:59,10.124
10447,5/17/2017 17:00,10.1
10448,5/17/2017 17:01,10.075
10449,5/17/2017 17:02,10.075
10450,5/17/2017 17:03,10.051
10451,5/17/2017 17:04,10.051
10452,5/17/2017 17:05,10.026
10453,5/17/2017 17:06,9.977
10454,5/17/2017 17:07,9.977
10455,5/17/2017 17:08,9.952
10456,5/17/2017 17:09,9.952
10457,5/17/2017 17:10,9.928
10458,5/17/2017 17:11,9.928
10459,5/17/2017 17:12,9.903
10460,5/17/2017 17:13,9.903
10461,5/17/2017 17:14,9.879
10462,5/17/2017 17:15,9.854
10463,5/17/2017 17:16,9.829
10464,5/17/2017 17:17,9.805
10465,5/17/2017 17:18,9.805
10466,5/17/2017 17:19,9.78
10467,5/17/2017 17:20,9.756
10468,5/17/2017 17:21,9.731
10469,5/17/2017 17:22,9.706
10470,5/17/2017 17:23,9.657
10471,5/17/2017 17:24,9.657
10472,5/17/2017 17:25,9.608
10473,5/17/2017 17:26,9.583
10474,5/17/2017 17:27,9.558
10475,5/17/2017 17:28,9.534
10476,5/17/2017 17:29,9.485
10477,5/17/2017 17:30,9.46
10478,5/17/2017 17:31,9.435
10479,5/17/2017 17:32,9.41
10480,5/17/2017 17:33,9.41
10481,5/17/2017 17:34,9.361
10482,5/17/2017 17:35,9.336
10483,5/17/2017 17:36,9.287
10484,5/17/2017 17:37,9.262
10485,5/17/2017 17:38,9.213
10486,5/17/2017 17:39,9.188
10487,5/17/2017 17:40,9.163
10488,5/17/2017 17:41,9.139
10489,5/17/2017 17:42,9.114
10490,5/17/2017 17:43,9.089
10491,5/17/2017 17:44,9.04
10492,5/17/2017 17:45,9.015
10493,5/17/2017 17:46,9.015
10494,5/17/2017 17:47,8.99
10495,5/17/2017 17:48,8.965
10496,5/17/2017 17:49,8.941
10497,5/17/2017 17:50,8.916
10498,5/17/2017 17:51,8.916
10499,5/17/2017 17:52,8.916
10500,5/17/2017 17:53,8.916
10501,5/17/2017 17:54,8.916
10502,5/17/2017 17:55,8.941
10503,5/17/2017 17:56,8.941
10504,5/17/2017 17:57,8.941
10505,5/17/2017 17:58,8.916
10506,5/17/2017 17:59,8.916
10507,5/17/2017 18:00,8.891
10508,5/17/2017 18:01,8.891
10509,5/17/2017 18:02,8.866
10510,5/17/2017 18:03,8.866
10511,5/17/2017 18:04,8.841
10512,5/17/2017 18:05,8.841
10513,5/17/2017 18:06,8.817
10514,5/17/2017 18:07,8.792
10515,5/17/2017 18:08,8.767
10516,5/17/2017 18:09,8.742
10517,5/17/2017 18:10,8.742
10518,5/17/2017 18:11,8.717
10519,5/17/2017 18:12,8.693
10520,5/17/2017 18:13,8.668
10521,5/17/2017 18:14,8.668
10522,5/17/2017 18:15,8.643
10523,5/17/2017 18:16,8.643
10524,5/17/2017 18:17,8.643
10525,5/17/2017 18:18,8.643
10526,5/17/2017 18:19,8.618
10527,5/17/2017 18:20,8.618
10528,5/17/2017 18:21,8.618
10529,5/17/2017 18:22,8.618
10530,5/17/2017 18:23,8.593
10531,5/17/2017 18:24,8.593
10532,5/17/2017 18:25,8.568
10533,5/17/2017 18:26,8.593
10534,5/17/2017 18:27,8.593
10535,5/17/2017 18:28,8.593
10536,5/17/2017 18:29,8.593
10537,5/17/2017 18:30,8.593
10538,5/17/2017 18:31,8.593
10539,5/17/2017 18:32,8.618
10540,5/17/2017 18:33,8.618
10541,5/17/2017 18:34,8.643
10542,5/17/2017 18:35,8.643
10543,5/17/2017 18:36,8.668
10544,5/17/2017 18:37,8.668
10545,5/17/2017 18:38,8.693
10546,5/17/2017 18:39,8.717
10547,5/17/2017 18:40,8.717
10548,5/17/2017 18:41,8.717
10549,5/17/2017 18:42,8.717
10550,5/17/2017 18:43,8.717
10551,5/17/2017 18:44,8.742
10552,5/17/2017 18:45,8.717
10553,5/17/2017 18:46,8.742
10554,5/17/2017 18:47,8.717
10555,5/17/2017 18:48,8.717
10556,5/17/2017 18:49,8.742
10557,5/17/2017 18:50,8.742
10558,5/17/2017 18:51,8.717
10559,5/17/2017 18:52,8.717
10560,5/17/2017 18:53,8.717
10561,5/17/2017 18:54,8.717
10562,5/17/2017 18:55,8.717
10563,5/17/2017 18:56,8.717
10564,5/17/2017 18:57,8.693
10565,5/17/2017 18:58,8.693
10566,5/17/2017 18:59,8.693
10567,5/17/2017 19:00,8.693
10568,5/17/2017 19:01,8.668
10569,5/17/2017 19:02,8.693
10570,5/17/2017 19:03,8.693
10571,5/17/2017 19:04,8.693
10572,5/17/2017 19:05,8.693
10573,5/17/2017 19:06,8.693
10574,5/17/2017 19:07,8.693
10575,5/17/2017 19:08,8.693
10576,5/17/2017 19:09,8.693
10577,5/17/2017 19:10,8.693
10578,5/17/2017 19:11,8.668
10579,5/17/2017 19:12,8.668
10580,5/17/2017 19:13,8.668
10581,5/17/2017 19:14,8.668
10582,5/17/2017 19:15,8.668
10583,5/17/2017 19:16,8.643
10584,5/17/2017 19:17,8.643
10585,5/17/2017 19:18,8.643
10586,5/17/2017 19:19,8.618
10587,5/17/2017 19:20,8.618
10588,5/17/2017 19:21,8.643
10589,5/17/2017 19:22,8.643
10590,5/17/2017 19:23,8.668
10591,5/17/2017 19:24,8.668
10592,5/17/2017 19:25,8.668
10593,5/17/2017 19:26,8.668
10594,5/17/2017 19:27,8.643
10595,5/17/2017 19:28,8.643
10596,5/17/2017 19:29,8.643
10597,5/17/2017 19:30,8.643
10598,5/17/2017 19:31,8.643
10599,5/17/2017 19:32,8.668
10600,5/17/2017 19:33,8.668
10601,5/17/2017 19:34,8.668
10602,5/17/2017 19:35,8.668
10603,5/17/2017 19:36,8.668
10604,5/17/2017 19:37,8.693
10605,5/17/2017 19:38,8.717
10606,5/17/2017 19:39,8.717
10607,5/17/2017 19:40,8.717
10608,5/17/2017 19:41,8.717
10609,5/17/2017 19:42,8.742
10610,5/17/2017 19:43,8.767
10611,5/17/2017 19:44,8.767
10612,5/17/2017 19:45,8.792
10613,5/17/2017 19:46,8.792
10614,5/17/2017 19:47,8.792
10615,5/17/2017 19:48,8.767
10616,5/17/2017 19:49,8.767
10617,5/17/2017 19:50,8.767
10618,5/17/2017 19:51,8.767
10619,5/17/2017 19:52,8.767
10620,5/17/2017 19:53,8.767
10621,5/17/2017 19:54,8.767
10622,5/17/2017 19:55,8.767
10623,5/17/2017 19:56,8.792
10624,5/17/2017 19:57,8.792
10625,5/17/2017 19:58,8.817
10626,5/17/2017 19:59,8.817
10627,5/17/2017 20:00,8.792
10628,5/17/2017 20:01,8.792
10629,5/17/2017 20:02,8.792
10630,5/17/2017 20:03,8.792
10631,5/17/2017 20:04,8.817
10632,5/17/2017 20:05,8.792
10633,5/17/2017 20:06,8.792
10634,5/17/2017 20:07,8.792
10635,5/17/2017 20:08,8.817
10636,5/17/2017 20:09,8.792
10637,5/17/2017 20:10,8.792
10638,5/17/2017 20:11,8.767
10639,5/17/2017 20:12,8.767
10640,5/17/2017 20:13,8.742
10641,5/17/2017 20:14,8.717
10642,5/17/2017 20:15,8.717
10643,5/17/2017 20:16,8.693
10644,5/17/2017 20:17,8.693
10645,5/17/2017 20:18,8.668
10646,5/17/2017 20:19,8.668
10647,5/17/2017 20:20,8.668
10648,5/17/2017 20:21,8.668
10649,5/17/2017 20:22,8.668
10650,5/17/2017 20:23,8.668
10651,5/17/2017 20:24,8.693
10652,5/17/2017 20:25,8.717
10653,5/17/2017 20:26,8.717
10654,5/17/2017 20:27,8.717
10655,5/17/2017 20:28,8.717
10656,5/17/2017 20:29,8.717
10657,5/17/2017 20:30,8.717
10658,5/17/2017 20:31,8.717
10659,5/17/2017 20:32,8.717
10660,5/17/2017 20:33,8.717
10661,5/17/2017 20:34,8.693
10662,5/17/2017 20:35,8.693
10663,5/17/2017 20:36,8.668
10664,5/17/2017 20:37,8.643
10665,5/17/2017 20:38,8.643
10666,5/17/2017 20:39,8.618
10667,5/17/2017 20:40,8.618
10668,5/17/2017 20:41,8.618
10669,5/17/2017 20:42,8.593
10670,5/17/2017 20:43,8.568
10671,5/17/2017 20:44,8.568
10672,5/17/2017 20:45,8.568
10673,5/17/2017 20:46,8.568
10674,5/17/2017 20:47,8.568
10675,5/17/2017 20:48,8.568
10676,5/17/2017 20:49,8.543
10677,5/17/2017 20:50,8.568
10678,5/17/2017 20:51,8.543
10679,5/17/2017 20:52,8.568
10680,5/17/2017 20:53,8.543
10681,5/17/2017 20:54,8.543
10682,5/17/2017 20:55,8.568
10683,5/17/2017 20:56,8.568
10684,5/17/2017 20:57,8.568
10685,5/17/2017 20:58,8.568
10686,5/17/2017 20:59,8.593
10687,5/17/2017 21:00,8.568
10688,5/17/2017 21:01,8.593
10689,5/17/2017 21:02,8.593
10690,5/17/2017 21:03,8.593
10691,5/17/2017 21:04,8.593
10692,5/17/2017 21:05,8.593
10693,5/17/2017 21:06,8.593
10694,5/17/2017 21:07,8.618
10695,5/17/2017 21:08,8.618
10696,5/17/2017 21:09,8.618
10697,5/17/2017 21:10,8.618
10698,5/17/2017 21:11,8.618
10699,5/17/2017 21:12,8.618
10700,5/17/2017 21:13,8.618
10701,5/17/2017 21:14,8.618
10702,5/17/2017 21:15,8.618
10703,5/17/2017 21:16,8.618
10704,5/17/2017 21:17,8.618
10705,5/17/2017 21:18,8.618
10706,5/17/2017 21:19,8.593
10707,5/17/2017 21:20,8.593
10708,5/17/2017 21:21,8.568
10709,5/17/2017 21:22,8.568
10710,5/17/2017 21:23,8.568
10711,5/17/2017 21:24,8.543
10712,5/17/2017 21:25,8.543
10713,5/17/2017 21:26,8.519
10714,5/17/2017 21:27,8.543
10715,5/17/2017 21:28,8.543
10716,5/17/2017 21:29,8.519
10717,5/17/2017 21:30,8.519
10718,5/17/2017 21:31,8.543
10719,5/17/2017 21:32,8.519
10720,5/17/2017 21:33,8.519
10721,5/17/2017 21:34,8.519
10722,5/17/2017 21:35,8.519
10723,5/17/2017 21:36,8.519
10724,5/17/2017 21:37,8.519
10725,5/17/2017 21:38,8.494
10726,5/17/2017 21:39,8.494
10727,5/17/2017 21:40,8.519
10728,5/17/2017 21:41,8.494
10729,5/17/2017 21:42,8.519
10730,5/17/2017 21:43,8.519
10731,5/17/2017 21:44,8.519
10732,5/17/2017 21:45,8.519
10733,5/17/2017 21:46,8.519
10734,5/17/2017 21:47,8.494
10735,5/17/2017 21:48,8.494
10736,5/17/2017 21:49,8.494
10737,5/17/2017 21:50,8.469
10738,5/17/2017 21:51,8.444
10739,5/17/2017 21:52,8.444
10740,5/17/2017 21:53,8.419
10741,5/17/2017 21:54,8.394
10742,5/17/2017 21:55,8.369
10743,5/17/2017 21:56,8.369
10744,5/17/2017 21:57,8.344
10745,5/17/2017 21:58,8.319
10746,5/17/2017 21:59,8.319
10747,5/17/2017 22:00,8.319
10748,5/17/2017 22:01,8.295
10749,5/17/2017 22:02,8.295
10750,5/17/2017 22:03,8.295
10751,5/17/2017 22:04,8.27
10752,5/17/2017 22:05,8.27
10753,5/17/2017 22:06,8.27
10754,5/17/2017 22:07,8.295
10755,5/17/2017 22:08,8.295
10756,5/17/2017 22:09,8.295
10757,5/17/2017 22:10,8.319
10758,5/17/2017 22:11,8.319
10759,5/17/2017 22:12,8.319
10760,5/17/2017 22:13,8.319
10761,5/17/2017 22:14,8.295
10762,5/17/2017 22:15,8.319
10763,5/17/2017 22:16,8.319
10764,5/17/2017 22:17,8.319
10765,5/17/2017 22:18,8.319
10766,5/17/2017 22:19,8.344
10767,5/17/2017 22:20,8.319
10768,5/17/2017 22:21,8.319
10769,5/17/2017 22:22,8.344
10770,5/17/2017 22:23,8.344
10771,5/17/2017 22:24,8.369
10772,5/17/2017 22:25,8.369
10773,5/17/2017 22:26,8.369
10774,5/17/2017 22:27,8.369
10775,5/17/2017 22:28,8.369
10776,5/17/2017 22:29,8.369
10777,5/17/2017 22:30,8.369
10778,5/17/2017 22:31,8.344
10779,5/17/2017 22:32,8.344
10780,5/17/2017 22:33,8.344
10781,5/17/2017 22:34,8.344
10782,5/17/2017 22:35,8.319
10783,5/17/2017 22:36,8.319
10784,5/17/2017 22:37,8.319
10785,5/17/2017 22:38,8.319
10786,5/17/2017 22:39,8.319
10787,5/17/2017 22:40,8.295
10788,5/17/2017 22:41,8.295
10789,5/17/2017 22:42,8.295
10790,5/17/2017 22:43,8.295
10791,5/17/2017 22:44,8.295
10792,5/17/2017 22:45,8.295
10793,5/17/2017 22:46,8.295
10794,5/17/2017 22:47,8.295
10795,5/17/2017 22:48,8.295
10796,5/17/2017 22:49,8.295
10797,5/17/2017 22:50,8.295
10798,5/17/2017 22:51,8.27
10799,5/17/2017 22:52,8.27
10800,5/17/2017 22:53,8.27
10801,5/17/2017 22:54,8.27
10802,5/17/2017 22:55,8.27
10803,5/17/2017 22:56,8.27
10804,5/17/2017 22:57,8.27
10805,5/17/2017 22:58,8.27
10806,5/17/2017 22:59,8.27
10807,5/17/2017 23:00,8.27
10808,5/17/2017 23:01,8.27
10809,5/17/2017 23:02,8.27
10810,5/17/2017 23:03,8.27
10811,5/17/2017 23:04,8.27
10812,5/17/2017 23:05,8.245
10813,5/17/2017 23:06,8.245
10814,5/17/2017 23:07,8.22
10815,5/17/2017 23:08,8.22
10816,5/17/2017 23:09,8.22
10817,5/17/2017 23:10,8.22
10818,5/17/2017 23:11,8.245
10819,5/17/2017 23:12,8.245
10820,5/17/2017 23:13,8.245
10821,5/17/2017 23:14,8.245
10822,5/17/2017 23:15,8.245
10823,5/17/2017 23:16,8.245
10824,5/17/2017 23:17,8.245
10825,5/17/2017 23:18,8.245
10826,5/17/2017 23:19,8.245
10827,5/17/2017 23:20,8.245
10828,5/17/2017 23:21,8.22
10829,5/17/2017 23:22,8.22
10830,5/17/2017 23:23,8.22
10831,5/17/2017 23:24,8.245
10832,5/17/2017 23:25,8.245
10833,5/17/2017 23:26,8.22
10834,5/17/2017 23:27,8.22
10835,5/17/2017 23:28,8.22
10836,5/17/2017 23:29,8.22
10837,5/17/2017 23:30,8.22
10838,5/17/2017 23:31,8.22
10839,5/17/2017 23:32,8.22
10840,5/17/2017 23:33,8.195
10841,5/17/2017 23:34,8.195
10842,5/17/2017 23:35,8.22
10843,5/17/2017 23:36,8.22
10844,5/17/2017 23:37,8.22
10845,5/17/2017 23:38,8.195
10846,5/17/2017 23:39,8.22
10847,5/17/2017 23:40,8.195
10848,5/17/2017 23:41,8.195
10849,5/17/2017 23:42,8.195
10850,5/17/2017 23:43,8.22
10851,5/17/2017 23:44,8.195
10852,5/17/2017 23:45,8.195
10853,5/17/2017 23:46,8.195
10854,5/17/2017 23:47,8.22
10855,5/17/2017 23:48,8.22
10856,5/17/2017 23:49,8.195
10857,5/17/2017 23:50,8.195
10858,5/17/2017 23:51,8.195
10859,5/17/2017 23:52,8.195
10860,5/17/2017 23:53,8.195
10861,5/17/2017 23:54,8.195
10862,5/17/2017 23:55,8.195
10863,5/17/2017 23:56,8.195
10864,5/17/2017 23:57,8.195
10865,5/17/2017 23:58,8.22
10866,5/17/2017 23:59,8.245
10867,5/18/2017 0:00,8.27
10868,5/18/2017 0:01,8.295
10869,5/18/2017 0:02,8.295
10870,5/18/2017 0:03,8.319
10871,5/18/2017 0:04,8.295
10872,5/18/2017 0:05,8.295
10873,5/18/2017 0:06,8.295
10874,5/18/2017 0:07,8.295
10875,5/18/2017 0:08,8.295
10876,5/18/2017 0:09,8.319
10877,5/18/2017 0:10,8.319
10878,5/18/2017 0:11,8.319
10879,5/18/2017 0:12,8.344
10880,5/18/2017 0:13,8.344
10881,5/18/2017 0:14,8.344
10882,5/18/2017 0:15,8.344
10883,5/18/2017 0:16,8.369
10884,5/18/2017 0:17,8.369
10885,5/18/2017 0:18,8.369
10886,5/18/2017 0:19,8.369
10887,5/18/2017 0:20,8.369
10888,5/18/2017 0:21,8.369
10889,5/18/2017 0:22,8.369
10890,5/18/2017 0:23,8.369
10891,5/18/2017 0:24,8.369
10892,5/18/2017 0:25,8.394
10893,5/18/2017 0:26,8.394
10894,5/18/2017 0:27,8.394
10895,5/18/2017 0:28,8.394
10896,5/18/2017 0:29,8.394
10897,5/18/2017 0:30,8.419
10898,5/18/2017 0:31,8.419
10899,5/18/2017 0:32,8.419
10900,5/18/2017 0:33,8.419
10901,5/18/2017 0:34,8.419
10902,5/18/2017 0:35,8.419
10903,5/18/2017 0:36,8.419
10904,5/18/2017 0:37,8.419
10905,5/18/2017 0:38,8.419
10906,5/18/2017 0:39,8.444
10907,5/18/2017 0:40,8.444
10908,5/18/2017 0:41,8.444
10909,5/18/2017 0:42,8.444
10910,5/18/2017 0:43,8.444
10911,5/18/2017 0:44,8.444
10912,5/18/2017 0:45,8.444
10913,5/18/2017 0:46,8.444
10914,5/18/2017 0:47,8.444
10915,5/18/2017 0:48,8.444
10916,5/18/2017 0:49,8.469
10917,5/18/2017 0:50,8.469
10918,5/18/2017 0:51,8.469
10919,5/18/2017 0:52,8.469
10920,5/18/2017 0:53,8.469
10921,5/18/2017 0:54,8.469
10922,5/18/2017 0:55,8.469
10923,5/18/2017 0:56,8.469
10924,5/18/2017 0:57,8.469
10925,5/18/2017 0:58,8.469
10926,5/18/2017 0:59,8.469
10927,5/18/2017 1:00,8.469
10928,5/18/2017 1:01,8.469
10929,5/18/2017 1:02,8.494
10930,5/18/2017 1:03,8.494
10931,5/18/2017 1:04,8.494
10932,5/18/2017 1:05,8.494
10933,5/18/2017 1:06,8.469
10934,5/18/2017 1:07,8.469
10935,5/18/2017 1:08,8.469
10936,5/18/2017 1:09,8.469
10937,5/18/2017 1:10,8.469
10938,5/18/2017 1:11,8.469
10939,5/18/2017 1:12,8.469
10940,5/18/2017 1:13,8.494
10941,5/18/2017 1:14,8.494
10942,5/18/2017 1:15,8.494
10943,5/18/2017 1:16,8.519
10944,5/18/2017 1:17,8.519
10945,5/18/2017 1:18,8.519
10946,5/18/2017 1:19,8.519
10947,5/18/2017 1:20,8.519
10948,5/18/2017 1:21,8.543
10949,5/18/2017 1:22,8.519
10950,5/18/2017 1:23,8.519
10951,5/18/2017 1:24,8.519
10952,5/18/2017 1:25,8.519
10953,5/18/2017 1:26,8.519
10954,5/18/2017 1:27,8.543
10955,5/18/2017 1:28,8.519
10956,5/18/2017 1:29,8.519
10957,5/18/2017 1:30,8.519
10958,5/18/2017 1:31,8.519
10959,5/18/2017 1:32,8.519
10960,5/18/2017 1:33,8.519
10961,5/18/2017 1:34,8.519
10962,5/18/2017 1:35,8.519
10963,5/18/2017 1:36,8.519
10964,5/18/2017 1:37,8.519
10965,5/18/2017 1:38,8.519
10966,5/18/2017 1:39,8.519
10967,5/18/2017 1:40,8.519
10968,5/18/2017 1:41,8.519
10969,5/18/2017 1:42,8.494
10970,5/18/2017 1:43,8.494
10971,5/18/2017 1:44,8.494
10972,5/18/2017 1:45,8.494
10973,5/18/2017 1:46,8.469
10974,5/18/2017 1:47,8.469
10975,5/18/2017 1:48,8.469
10976,5/18/2017 1:49,8.469
10977,5/18/2017 1:50,8.469
10978,5/18/2017 1:51,8.469
10979,5/18/2017 1:52,8.494
10980,5/18/2017 1:53,8.469
10981,5/18/2017 1:54,8.469
10982,5/18/2017 1:55,8.469
10983,5/18/2017 1:56,8.444
10984,5/18/2017 1:57,8.444
10985,5/18/2017 1:58,8.444
10986,5/18/2017 1:59,8.419
10987,5/18/2017 2:00,8.419
10988,5/18/2017 2:01,8.419
10989,5/18/2017 2:02,8.419
10990,5/18/2017 2:03,8.419
10991,5/18/2017 2:04,8.394
10992,5/18/2017 2:05,8.394
10993,5/18/2017 2:06,8.394
10994,5/18/2017 2:07,8.394
10995,5/18/2017 2:08,8.394
10996,5/18/2017 2:09,8.369
10997,5/18/2017 2:10,8.369
10998,5/18/2017 2:11,8.369
10999,5/18/2017 2:12,8.344
11000,5/18/2017 2:13,8.344
11001,5/18/2017 2:14,8.344
11002,5/18/2017 2:15,8.344
11003,5/18/2017 2:16,8.319
11004,5/18/2017 2:17,8.319
11005,5/18/2017 2:18,8.319
11006,5/18/2017 2:19,8.295
11007,5/18/2017 2:20,8.295
11008,5/18/2017 2:21,8.295
11009,5/18/2017 2:22,8.27
11010,5/18/2017 2:23,8.27
11011,5/18/2017 2:24,8.245
11012,5/18/2017 2:25,8.245
11013,5/18/2017 2:26,8.245
11014,5/18/2017 2:27,8.22
11015,5/18/2017 2:28,8.22
11016,5/18/2017 2:29,8.22
11017,5/18/2017 2:30,8.195
11018,5/18/2017 2:31,8.195
11019,5/18/2017 2:32,8.195
11020,5/18/2017 2:33,8.195
11021,5/18/2017 2:34,8.17
11022,5/18/2017 2:35,8.17
11023,5/18/2017 2:36,8.17
11024,5/18/2017 2:37,8.145
11025,5/18/2017 2:38,8.145
11026,5/18/2017 2:39,8.145
11027,5/18/2017 2:40,8.145
11028,5/18/2017 2:41,8.145
11029,5/18/2017 2:42,8.12
11030,5/18/2017 2:43,8.12
11031,5/18/2017 2:44,8.12
11032,5/18/2017 2:45,8.12
11033,5/18/2017 2:46,8.12
11034,5/18/2017 2:47,8.095
11035,5/18/2017 2:48,8.12
11036,5/18/2017 2:49,8.095
11037,5/18/2017 2:50,8.095
11038,5/18/2017 2:51,8.095
11039,5/18/2017 2:52,8.095
11040,5/18/2017 2:53,8.095
11041,5/18/2017 2:54,8.07
11042,5/18/2017 2:55,8.07
11043,5/18/2017 2:56,8.07
11044,5/18/2017 2:57,8.07
11045,5/18/2017 2:58,8.07
11046,5/18/2017 2:59,8.045
11047,5/18/2017 3:00,8.045
11048,5/18/2017 3:01,8.02
11049,5/18/2017 3:02,8.02
11050,5/18/2017 3:03,8.02
11051,5/18/2017 3:04,8.02
11052,5/18/2017 3:05,8.02
11053,5/18/2017 3:06,8.02
11054,5/18/2017 3:07,8.02
11055,5/18/2017 3:08,8.02
11056,5/18/2017 3:09,7.995
11057,5/18/2017 3:10,7.995
11058,5/18/2017 3:11,7.995
11059,5/18/2017 3:12,7.97
11060,5/18/2017 3:13,7.97
11061,5/18/2017 3:14,7.97
11062,5/18/2017 3:15,7.97
11063,5/18/2017 3:16,7.97
11064,5/18/2017 3:17,7.945
11065,5/18/2017 3:18,7.945
11066,5/18/2017 3:19,7.945
11067,5/18/2017 3:20,7.945
11068,5/18/2017 3:21,7.945
11069,5/18/2017 3:22,7.92
11070,5/18/2017 3:23,7.92
11071,5/18/2017 3:24,7.92
11072,5/18/2017 3:25,7.92
11073,5/18/2017 3:26,7.92
11074,5/18/2017 3:27,7.92
11075,5/18/2017 3:28,7.92
11076,5/18/2017 3:29,7.92
11077,5/18/2017 3:30,7.92
11078,5/18/2017 3:31,7.92
11079,5/18/2017 3:32,7.895
11080,5/18/2017 3:33,7.895
11081,5/18/2017 3:34,7.895
11082,5/18/2017 3:35,7.895
11083,5/18/2017 3:36,7.895
11084,5/18/2017 3:37,7.895
11085,5/18/2017 3:38,7.87
11086,5/18/2017 3:39,7.87
11087,5/18/2017 3:40,7.87
11088,5/18/2017 3:41,7.87
11089,5/18/2017 3:42,7.87
11090,5/18/2017 3:43,7.87
11091,5/18/2017 3:44,7.87
11092,5/18/2017 3:45,7.87
11093,5/18/2017 3:46,7.845
11094,5/18/2017 3:47,7.845
11095,5/18/2017 3:48,7.845
11096,5/18/2017 3:49,7.845
11097,5/18/2017 3:50,7.87
11098,5/18/2017 3:51,7.845
11099,5/18/2017 3:52,7.87
11100,5/18/2017 3:53,7.87
11101,5/18/2017 3:54,7.87
11102,5/18/2017 3:55,7.87
11103,5/18/2017 3:56,7.87
11104,5/18/2017 3:57,7.87
11105,5/18/2017 3:58,7.87
11106,5/18/2017 3:59,7.87
11107,5/18/2017 4:00,7.87
11108,5/18/2017 4:01,7.87
11109,5/18/2017 4:02,7.895
11110,5/18/2017 4:03,7.895
11111,5/18/2017 4:04,7.895
11112,5/18/2017 4:05,7.92
11113,5/18/2017 4:06,7.92
11114,5/18/2017 4:07,7.92
11115,5/18/2017 4:08,7.92
11116,5/18/2017 4:09,7.92
11117,5/18/2017 4:10,7.92
11118,5/18/2017 4:11,7.945
11119,5/18/2017 4:12,7.945
11120,5/18/2017 4:13,7.945
11121,5/18/2017 4:14,7.945
11122,5/18/2017 4:15,7.92
11123,5/18/2017 4:16,7.895
11124,5/18/2017 4:17,7.895
11125,5/18/2017 4:18,7.87
11126,5/18/2017 4:19,7.87
11127,5/18/2017 4:20,7.845
11128,5/18/2017 4:21,7.82
11129,5/18/2017 4:22,7.795
11130,5/18/2017 4:23,7.795
11131,5/18/2017 4:24,7.77
11132,5/18/2017 4:25,7.77
11133,5/18/2017 4:26,7.745
11134,5/18/2017 4:27,7.745
11135,5/18/2017 4:28,7.72
11136,5/18/2017 4:29,7.72
11137,5/18/2017 4:30,7.72
11138,5/18/2017 4:31,7.72
11139,5/18/2017 4:32,7.72
11140,5/18/2017 4:33,7.72
11141,5/18/2017 4:34,7.72
11142,5/18/2017 4:35,7.72
11143,5/18/2017 4:36,7.72
11144,5/18/2017 4:37,7.745
11145,5/18/2017 4:38,7.745
11146,5/18/2017 4:39,7.745
11147,5/18/2017 4:40,7.77
11148,5/18/2017 4:41,7.77
11149,5/18/2017 4:42,7.745
11150,5/18/2017 4:43,7.745
11151,5/18/2017 4:44,7.77
11152,5/18/2017 4:45,7.77
11153,5/18/2017 4:46,7.77
11154,5/18/2017 4:47,7.77
11155,5/18/2017 4:48,7.77
11156,5/18/2017 4:49,7.77
11157,5/18/2017 4:50,7.77
11158,5/18/2017 4:51,7.77
11159,5/18/2017 4:52,7.77
11160,5/18/2017 4:53,7.77
11161,5/18/2017 4:54,7.77
11162,5/18/2017 4:55,7.77
11163,5/18/2017 4:56,7.795
11164,5/18/2017 4:57,7.795
11165,5/18/2017 4:58,7.795
11166,5/18/2017 4:59,7.795
11167,5/18/2017 5:00,7.795
11168,5/18/2017 5:01,7.82
11169,5/18/2017 5:02,7.82
11170,5/18/2017 5:03,7.82
11171,5/18/2017 5:04,7.82
11172,5/18/2017 5:05,7.82
11173,5/18/2017 5:06,7.82
11174,5/18/2017 5:07,7.82
11175,5/18/2017 5:08,7.845
11176,5/18/2017 5:09,7.845
11177,5/18/2017 5:10,7.845
11178,5/18/2017 5:11,7.845
11179,5/18/2017 5:12,7.845
11180,5/18/2017 5:13,7.845
11181,5/18/2017 5:14,7.845
11182,5/18/2017 5:15,7.87
11183,5/18/2017 5:16,7.87
11184,5/18/2017 5:17,7.87
11185,5/18/2017 5:18,7.87
11186,5/18/2017 5:19,7.895
11187,5/18/2017 5:20,7.895
11188,5/18/2017 5:21,7.87
11189,5/18/2017 5:22,7.87
11190,5/18/2017 5:23,7.845
11191,5/18/2017 5:24,7.82
11192,5/18/2017 5:25,7.82
11193,5/18/2017 5:26,7.82
11194,5/18/2017 5:27,7.82
11195,5/18/2017 5:28,7.82
11196,5/18/2017 5:29,7.795
11197,5/18/2017 5:30,7.795
11198,5/18/2017 5:31,7.82
11199,5/18/2017 5:32,7.82
11200,5/18/2017 5:33,7.82
11201,5/18/2017 5:34,7.82
11202,5/18/2017 5:35,7.82
11203,5/18/2017 5:36,7.795
11204,5/18/2017 5:37,7.795
11205,5/18/2017 5:38,7.82
11206,5/18/2017 5:39,7.82
11207,5/18/2017 5:40,7.82
11208,5/18/2017 5:41,7.82
11209,5/18/2017 5:42,7.82
11210,5/18/2017 5:43,7.82
11211,5/18/2017 5:44,7.795
11212,5/18/2017 5:45,7.795
11213,5/18/2017 5:46,7.795
11214,5/18/2017 5:47,7.795
11215,5/18/2017 5:48,7.795
11216,5/18/2017 5:49,7.795
11217,5/18/2017 5:50,7.795
11218,5/18/2017 5:51,7.82
11219,5/18/2017 5:52,7.82
11220,5/18/2017 5:53,7.82
11221,5/18/2017 5:54,7.82
11222,5/18/2017 5:55,7.845
11223,5/18/2017 5:56,7.845
11224,5/18/2017 5:57,7.895
11225,5/18/2017 5:58,7.92
11226,5/18/2017 5:59,7.945
11227,5/18/2017 6:00,7.97
11228,5/18/2017 6:01,7.995
11229,5/18/2017 6:02,8.02
11230,5/18/2017 6:03,8.02
11231,5/18/2017 6:04,8.02
11232,5/18/2017 6:05,8.02
11233,5/18/2017 6:06,8.02
11234,5/18/2017 6:07,8.02
11235,5/18/2017 6:08,8.045
11236,5/18/2017 6:09,8.045
11237,5/18/2017 6:10,8.045
11238,5/18/2017 6:11,8.045
11239,5/18/2017 6:12,8.045
11240,5/18/2017 6:13,8.045
11241,5/18/2017 6:14,8.045
11242,5/18/2017 6:15,8.045
11243,5/18/2017 6:16,8.07
11244,5/18/2017 6:17,8.07
11245,5/18/2017 6:18,8.07
11246,5/18/2017 6:19,8.07
11247,5/18/2017 6:20,8.07
11248,5/18/2017 6:21,8.07
11249,5/18/2017 6:22,8.07
11250,5/18/2017 6:23,8.07
11251,5/18/2017 6:24,8.07
11252,5/18/2017 6:25,8.07
11253,5/18/2017 6:26,8.07
11254,5/18/2017 6:27,8.095
11255,5/18/2017 6:28,8.095
11256,5/18/2017 6:29,8.095
11257,5/18/2017 6:30,8.095
11258,5/18/2017 6:31,8.095
11259,5/18/2017 6:32,8.12
11260,5/18/2017 6:33,8.095
11261,5/18/2017 6:34,8.12
11262,5/18/2017 6:35,8.12
11263,5/18/2017 6:36,8.12
11264,5/18/2017 6:37,8.12
11265,5/18/2017 6:38,8.145
11266,5/18/2017 6:39,8.145
11267,5/18/2017 6:40,8.17
11268,5/18/2017 6:41,8.17
11269,5/18/2017 6:42,8.17
11270,5/18/2017 6:43,8.195
11271,5/18/2017 6:44,8.195
11272,5/18/2017 6:45,8.22
11273,5/18/2017 6:46,8.22
11274,5/18/2017 6:47,8.22
11275,5/18/2017 6:48,8.22
11276,5/18/2017 6:49,8.245
11277,5/18/2017 6:50,8.245
11278,5/18/2017 6:51,8.245
11279,5/18/2017 6:52,8.245
11280,5/18/2017 6:53,8.27
11281,5/18/2017 6:54,8.295
11282,5/18/2017 6:55,8.295
11283,5/18/2017 6:56,8.319
11284,5/18/2017 6:57,8.319
11285,5/18/2017 6:58,8.344
11286,5/18/2017 6:59,8.369
11287,5/18/2017 7:00,8.369
11288,5/18/2017 7:01,8.369
11289,5/18/2017 7:02,8.369
11290,5/18/2017 7:03,8.394
11291,5/18/2017 7:04,8.394
11292,5/18/2017 7:05,8.394
11293,5/18/2017 7:06,8.394
11294,5/18/2017 7:07,8.394
11295,5/18/2017 7:08,8.369
11296,5/18/2017 7:09,8.369
11297,5/18/2017 7:10,8.369
11298,5/18/2017 7:11,8.369
11299,5/18/2017 7:12,8.344
11300,5/18/2017 7:13,8.319
11301,5/18/2017 7:14,8.319
11302,5/18/2017 7:15,8.295
11303,5/18/2017 7:16,8.27
11304,5/18/2017 7:17,8.27
11305,5/18/2017 7:18,8.245
11306,5/18/2017 7:19,8.245
11307,5/18/2017 7:20,8.22
11308,5/18/2017 7:21,8.22
11309,5/18/2017 7:22,8.195
11310,5/18/2017 7:23,8.195
11311,5/18/2017 7:24,8.17
11312,5/18/2017 7:25,8.17
11313,5/18/2017 7:26,8.145
11314,5/18/2017 7:27,8.17
11315,5/18/2017 7:28,8.17
11316,5/18/2017 7:29,8.195
11317,5/18/2017 7:30,8.195
11318,5/18/2017 7:31,8.195
11319,5/18/2017 7:32,8.195
11320,5/18/2017 7:33,8.22
11321,5/18/2017 7:34,8.245
11322,5/18/2017 7:35,8.27
11323,5/18/2017 7:36,8.27
11324,5/18/2017 7:37,8.295
11325,5/18/2017 7:38,8.319
11326,5/18/2017 7:39,8.319
11327,5/18/2017 7:40,8.344
11328,5/18/2017 7:41,8.344
11329,5/18/2017 7:42,8.319
11330,5/18/2017 7:43,8.344
11331,5/18/2017 7:44,8.344
11332,5/18/2017 7:45,8.319
11333,5/18/2017 7:46,8.319
11334,5/18/2017 7:47,8.319
11335,5/18/2017 7:48,8.319
11336,5/18/2017 7:49,8.344
11337,5/18/2017 7:50,8.344
11338,5/18/2017 7:51,8.344
11339,5/18/2017 7:52,8.369
11340,5/18/2017 7:53,8.394
11341,5/18/2017 7:54,8.394
11342,5/18/2017 7:55,8.419
11343,5/18/2017 7:56,8.419
11344,5/18/2017 7:57,8.469
11345,5/18/2017 7:58,8.469
11346,5/18/2017 7:59,8.494
11347,5/18/2017 8:00,8.494
11348,5/18/2017 8:01,8.494
11349,5/18/2017 8:02,8.469
11350,5/18/2017 8:03,8.469
11351,5/18/2017 8:04,8.494
11352,5/18/2017 8:05,8.519
11353,5/18/2017 8:06,8.519
11354,5/18/2017 8:07,8.519
11355,5/18/2017 8:08,8.543
11356,5/18/2017 8:09,8.543
11357,5/18/2017 8:10,8.568
11358,5/18/2017 8:11,8.593
11359,5/18/2017 8:12,8.618
11360,5/18/2017 8:13,8.643
11361,5/18/2017 8:14,8.693
11362,5/18/2017 8:15,8.841
11363,5/18/2017 8:16,8.965
11364,5/18/2017 8:17,9.139
11365,5/18/2017 8:18,9.312
11366,5/18/2017 8:19,9.435
11367,5/18/2017 8:20,9.558
11368,5/18/2017 8:21,9.682
11369,5/18/2017 8:22,9.731
11370,5/18/2017 8:23,9.731
11371,5/18/2017 8:24,9.706
11372,5/18/2017 8:25,9.682
11373,5/18/2017 8:26,9.657
11374,5/18/2017 8:27,9.657
11375,5/18/2017 8:28,9.632
11376,5/18/2017 8:29,9.608
11377,5/18/2017 8:30,9.583
11378,5/18/2017 8:31,9.583
11379,5/18/2017 8:32,9.558
11380,5/18/2017 8:33,9.534
11381,5/18/2017 8:34,9.509
11382,5/18/2017 8:35,9.509
11383,5/18/2017 8:36,9.509
11384,5/18/2017 8:37,9.485
11385,5/18/2017 8:38,9.485
11386,5/18/2017 8:39,9.485
11387,5/18/2017 8:40,9.509
11388,5/18/2017 8:41,9.509
11389,5/18/2017 8:42,9.509
11390,5/18/2017 8:43,9.509
11391,5/18/2017 8:44,9.534
11392,5/18/2017 8:45,9.558
11393,5/18/2017 8:46,9.558
11394,5/18/2017 8:47,9.558
11395,5/18/2017 8:48,9.558
11396,5/18/2017 8:49,9.558
11397,5/18/2017 8:50,9.558
11398,5/18/2017 8:51,9.558
11399,5/18/2017 8:52,9.558
11400,5/18/2017 8:53,9.558
11401,5/18/2017 8:54,9.558
11402,5/18/2017 8:55,9.558
11403,5/18/2017 8:56,9.558
11404,5/18/2017 8:57,9.558
11405,5/18/2017 8:58,9.583
11406,5/18/2017 8:59,9.583
11407,5/18/2017 9:00,9.583
11408,5/18/2017 9:01,9.583
11409,5/18/2017 9:02,9.558
11410,5/18/2017 9:03,9.534
11411,5/18/2017 9:04,9.509
11412,5/18/2017 9:05,9.509
11413,5/18/2017 9:06,9.509
11414,5/18/2017 9:07,9.509
11415,5/18/2017 9:08,9.509
11416,5/18/2017 9:09,9.509
11417,5/18/2017 9:10,9.509
11418,5/18/2017 9:11,9.485
11419,5/18/2017 9:12,9.46
11420,5/18/2017 9:13,9.46
11421,5/18/2017 9:14,9.435
11422,5/18/2017 9:15,9.46
11423,5/18/2017 9:16,9.46
11424,5/18/2017 9:17,9.46
11425,5/18/2017 9:18,9.46
11426,5/18/2017 9:19,9.46
11427,5/18/2017 9:20,9.435
11428,5/18/2017 9:21,9.435
11429,5/18/2017 9:22,9.435
11430,5/18/2017 9:23,9.41
11431,5/18/2017 9:24,9.41
11432,5/18/2017 9:25,9.386
11433,5/18/2017 9:26,9.361
11434,5/18/2017 9:27,9.361
11435,5/18/2017 9:28,9.336
11436,5/18/2017 9:29,9.312
11437,5/18/2017 9:30,9.312
11438,5/18/2017 9:31,9.287
11439,5/18/2017 9:32,9.262
11440,5/18/2017 9:33,9.262
11441,5/18/2017 9:34,9.238
11442,5/18/2017 9:35,9.238
11443,5/18/2017 9:36,9.238
11444,5/18/2017 9:37,9.238
11445,5/18/2017 9:38,9.213
11446,5/18/2017 9:39,9.213
11447,5/18/2017 9:40,9.188
11448,5/18/2017 9:41,9.188
11449,5/18/2017 9:42,9.188
11450,5/18/2017 9:43,9.188
11451,5/18/2017 9:44,9.213
11452,5/18/2017 9:45,9.188
11453,5/18/2017 9:46,9.188
11454,5/18/2017 9:47,9.188
11455,5/18/2017 9:48,9.213
11456,5/18/2017 9:49,9.213
11457,5/18/2017 9:50,9.213
11458,5/18/2017 9:51,9.213
11459,5/18/2017 9:52,9.262
11460,5/18/2017 9:53,9.287
11461,5/18/2017 9:54,9.287
11462,5/18/2017 9:55,9.262
11463,5/18/2017 9:56,9.262
11464,5/18/2017 9:57,9.262
11465,5/18/2017 9:58,9.262
11466,5/18/2017 9:59,9.287
11467,5/18/2017 10:00,9.312
11468,5/18/2017 10:01,9.312
11469,5/18/2017 10:02,9.361
11470,5/18/2017 10:03,9.41
11471,5/18/2017 10:04,9.435
11472,5/18/2017 10:05,9.46
11473,5/18/2017 10:06,9.485
11474,5/18/2017 10:07,9.509
11475,5/18/2017 10:08,9.558
11476,5/18/2017 10:09,9.583
11477,5/18/2017 10:10,9.608
11478,5/18/2017 10:11,9.632
11479,5/18/2017 10:12,9.657
11480,5/18/2017 10:13,9.682
11481,5/18/2017 10:14,9.682
11482,5/18/2017 10:15,9.706
11483,5/18/2017 10:16,9.706
11484,5/18/2017 10:17,9.706
11485,5/18/2017 10:18,9.706
11486,5/18/2017 10:19,9.682
11487,5/18/2017 10:20,9.682
11488,5/18/2017 10:21,9.706
11489,5/18/2017 10:22,9.706
11490,5/18/2017 10:23,9.706
11491,5/18/2017 10:24,9.731
11492,5/18/2017 10:25,9.706
11493,5/18/2017 10:26,9.682
11494,5/18/2017 10:27,9.657
11495,5/18/2017 10:28,9.632
11496,5/18/2017 10:29,9.608
11497,5/18/2017 10:30,9.583
11498,5/18/2017 10:31,9.534
11499,5/18/2017 10:32,9.534
11500,5/18/2017 10:33,9.509
11501,5/18/2017 10:34,9.509
11502,5/18/2017 10:35,9.534
11503,5/18/2017 10:36,9.509
11504,5/18/2017 10:37,9.509
11505,5/18/2017 10:38,9.509
11506,5/18/2017 10:39,9.509
11507,5/18/2017 10:40,9.485
11508,5/18/2017 10:41,9.435
11509,5/18/2017 10:42,9.41
11510,5/18/2017 10:43,9.41
11511,5/18/2017 10:44,9.41
11512,5/18/2017 10:45,9.41
11513,5/18/2017 10:46,9.46
11514,5/18/2017 10:47,9.46
11515,5/18/2017 10:48,9.46
11516,5/18/2017 10:49,9.485
11517,5/18/2017 10:50,9.485
11518,5/18/2017 10:51,9.485
11519,5/18/2017 10:52,9.46
11520,5/18/2017 10:53,9.46
11521,5/18/2017 10:54,9.46
11522,5/18/2017 10:55,9.435
11523,5/18/2017 10:56,9.41
11524,5/18/2017 10:57,9.361
11525,5/18/2017 10:58,9.312
11526,5/18/2017 10:59,9.213
11527,5/18/2017 11:00,9.114
11528,5/18/2017 11:01,9.04
11529,5/18/2017 11:02,8.941
11530,5/18/2017 11:03,8.891
11531,5/18/2017 11:04,8.866
11532,5/18/2017 11:05,8.841
11533,5/18/2017 11:06,8.866
11534,5/18/2017 11:07,8.866
11535,5/18/2017 11:08,8.841
11536,5/18/2017 11:09,8.866
11537,5/18/2017 11:10,8.941
11538,5/18/2017 11:11,8.866
11539,5/18/2017 11:12,8.767
11540,5/18/2017 11:13,8.742
11541,5/18/2017 11:14,8.767
11542,5/18/2017 11:15,8.817
11543,5/18/2017 11:16,8.767
11544,5/18/2017 11:17,8.742
11545,5/18/2017 11:18,8.717
11546,5/18/2017 11:19,8.693
11547,5/18/2017 11:20,8.643
11548,5/18/2017 11:21,8.643
11549,5/18/2017 11:22,8.717
11550,5/18/2017 11:23,8.717
11551,5/18/2017 11:24,8.693
11552,5/18/2017 11:25,8.693
11553,5/18/2017 11:26,8.668
11554,5/18/2017 11:27,8.668
11555,5/18/2017 11:28,8.618
11556,5/18/2017 11:29,8.618
11557,5/18/2017 11:30,8.593
11558,5/18/2017 11:31,8.568
11559,5/18/2017 11:32,8.519
11560,5/18/2017 11:33,8.444
11561,5/18/2017 11:34,8.369
11562,5/18/2017 11:35,8.22
11563,5/18/2017 11:36,8.095
11564,5/18/2017 11:37,7.995
11565,5/18/2017 11:38,7.92
11566,5/18/2017 11:39,7.845
11567,5/18/2017 11:40,7.795
11568,5/18/2017 11:41,7.77
11569,5/18/2017 11:42,7.745
11570,5/18/2017 11:43,7.72
11571,5/18/2017 11:44,7.67
11572,5/18/2017 11:45,7.67
11573,5/18/2017 11:46,7.695
11574,5/18/2017 11:47,7.72
11575,5/18/2017 11:48,7.77
11576,5/18/2017 11:49,7.82
11577,5/18/2017 11:50,7.87
11578,5/18/2017 11:51,7.895
11579,5/18/2017 11:52,7.92
11580,5/18/2017 11:53,7.995
11581,5/18/2017 11:54,8.045
11582,5/18/2017 11:55,8.095
11583,5/18/2017 11:56,8.17
11584,5/18/2017 11:57,8.22
11585,5/18/2017 11:58,8.22
11586,5/18/2017 11:59,8.27
11587,5/18/2017 12:00,8.319
11588,5/18/2017 12:01,8.319
11589,5/18/2017 12:02,8.27
11590,5/18/2017 12:03,7.895
11591,5/18/2017 12:04,7.444
11592,5/18/2017 12:05,7.242
11593,5/18/2017 12:06,7.142
11594,5/18/2017 12:07,6.99
11595,5/18/2017 12:08,6.813
11596,5/18/2017 12:09,6.737
11597,5/18/2017 12:10,6.661
11598,5/18/2017 12:11,6.611
11599,5/18/2017 12:12,6.585
11600,5/18/2017 12:13,6.585
11601,5/18/2017 12:14,6.56
11602,5/18/2017 12:15,6.56
11603,5/18/2017 12:16,6.585
11604,5/18/2017 12:17,6.585
11605,5/18/2017 12:18,6.585
11606,5/18/2017 12:19,6.585
11607,5/18/2017 12:20,6.585
11608,5/18/2017 12:21,6.611
11609,5/18/2017 12:22,6.611
11610,5/18/2017 12:23,6.611
11611,5/18/2017 12:24,6.611
11612,5/18/2017 12:25,6.611
11613,5/18/2017 12:26,6.813
11614,5/18/2017 12:27,6.914
11615,5/18/2017 12:28,6.99
11616,5/18/2017 12:29,7.041
11617,5/18/2017 12:30,7.167
11618,5/18/2017 12:31,7.293
11619,5/18/2017 12:32,7.393
11620,5/18/2017 12:33,7.469
11621,5/18/2017 12:34,7.594
11622,5/18/2017 12:35,7.645
11623,5/18/2017 12:36,7.77
11624,5/18/2017 12:37,7.87
11625,5/18/2017 12:38,7.97
11626,5/18/2017 12:39,8.02
11627,5/18/2017 12:40,7.92
11628,5/18/2017 12:41,7.845
11629,5/18/2017 12:42,7.72
11630,5/18/2017 12:43,7.519
11631,5/18/2017 12:44,7.318
11632,5/18/2017 12:45,7.091
11633,5/18/2017 12:46,6.788
11634,5/18/2017 12:47,6.585
11635,5/18/2017 12:48,6.484
11636,5/18/2017 12:49,6.433
11637,5/18/2017 12:50,6.408
11638,5/18/2017 12:51,6.382
11639,5/18/2017 12:52,6.357
11640,5/18/2017 12:53,6.331
11641,5/18/2017 12:54,6.331
11642,5/18/2017 12:55,6.306
11643,5/18/2017 12:56,6.306
11644,5/18/2017 12:57,6.306
11645,5/18/2017 12:58,6.306
11646,5/18/2017 12:59,6.306
11647,5/18/2017 13:00,6.306
11648,5/18/2017 13:01,6.306
11649,5/18/2017 13:02,6.306
11650,5/18/2017 13:03,6.306
11651,5/18/2017 13:04,6.306
11652,5/18/2017 13:05,6.306
11653,5/18/2017 13:06,6.306
11654,5/18/2017 13:07,6.331
11655,5/18/2017 13:08,6.813
11656,5/18/2017 13:09,7.066
11657,5/18/2017 13:10,7.242
11658,5/18/2017 13:11,7.343
11659,5/18/2017 13:12,7.444
11660,5/18/2017 13:13,7.544
11661,5/18/2017 13:14,7.569
11662,5/18/2017 13:15,7.544
11663,5/18/2017 13:16,7.569
11664,5/18/2017 13:17,7.645
11665,5/18/2017 13:18,7.77
11666,5/18/2017 13:19,7.895
11667,5/18/2017 13:20,8.02
11668,5/18/2017 13:21,8.07
11669,5/18/2017 13:22,8.02
11670,5/18/2017 13:23,8.045
11671,5/18/2017 13:24,8.17
11672,5/18/2017 13:25,8.295
11673,5/18/2017 13:26,8.568
11674,5/18/2017 13:27,8.767
11675,5/18/2017 13:28,8.469
11676,5/18/2017 13:29,8.02
11677,5/18/2017 13:30,7.569
11678,5/18/2017 13:31,6.914
11679,5/18/2017 13:32,6.56
11680,5/18/2017 13:33,6.408
11681,5/18/2017 13:34,6.331
11682,5/18/2017 13:35,6.281
11683,5/18/2017 13:36,6.255
11684,5/18/2017 13:37,6.255
11685,5/18/2017 13:38,6.255
11686,5/18/2017 13:39,6.255
11687,5/18/2017 13:40,6.281
11688,5/18/2017 13:41,6.357
11689,5/18/2017 13:42,6.535
11690,5/18/2017 13:43,6.433
11691,5/18/2017 13:44,6.509
11692,5/18/2017 13:45,6.661
11693,5/18/2017 13:46,6.763
11694,5/18/2017 13:47,6.839
11695,5/18/2017 13:48,6.94
11696,5/18/2017 13:49,6.965
11697,5/18/2017 13:50,7.015
11698,5/18/2017 13:51,7.041
11699,5/18/2017 13:52,7.066
11700,5/18/2017 13:53,7.116
11701,5/18/2017 13:54,7.142
11702,5/18/2017 13:55,7.066
11703,5/18/2017 13:56,6.965
11704,5/18/2017 13:57,6.889
11705,5/18/2017 13:58,6.813
11706,5/18/2017 13:59,6.763
11707,5/18/2017 14:00,6.712
11708,5/18/2017 14:01,6.636
11709,5/18/2017 14:02,6.611
11710,5/18/2017 14:03,6.585
11711,5/18/2017 14:04,6.535
11712,5/18/2017 14:05,6.535
11713,5/18/2017 14:06,6.509
11714,5/18/2017 14:07,6.484
11715,5/18/2017 14:08,6.458
11716,5/18/2017 14:09,6.458
11717,5/18/2017 14:10,6.484
11718,5/18/2017 14:11,6.509
11719,5/18/2017 14:12,6.535
11720,5/18/2017 14:13,6.535
11721,5/18/2017 14:14,6.535
11722,5/18/2017 14:15,6.535
11723,5/18/2017 14:16,6.535
11724,5/18/2017 14:17,6.535
11725,5/18/2017 14:18,6.585
11726,5/18/2017 14:19,6.611
11727,5/18/2017 14:20,6.636
11728,5/18/2017 14:21,6.611
11729,5/18/2017 14:22,6.636
11730,5/18/2017 14:23,6.661
11731,5/18/2017 14:24,6.687
11732,5/18/2017 14:25,6.712
11733,5/18/2017 14:26,6.712
11734,5/18/2017 14:27,6.712
11735,5/18/2017 14:28,6.763
11736,5/18/2017 14:29,6.788
11737,5/18/2017 14:30,6.839
11738,5/18/2017 14:31,6.864
11739,5/18/2017 14:32,6.914
11740,5/18/2017 14:33,6.94
11741,5/18/2017 14:34,7.015
11742,5/18/2017 14:35,7.041
11743,5/18/2017 14:36,7.091
11744,5/18/2017 14:37,7.116
11745,5/18/2017 14:38,7.167
11746,5/18/2017 14:39,7.167
11747,5/18/2017 14:40,7.167
11748,5/18/2017 14:41,7.217
11749,5/18/2017 14:42,7.293
11750,5/18/2017 14:43,7.343
11751,5/18/2017 14:44,7.343
11752,5/18/2017 14:45,7.343
11753,5/18/2017 14:46,7.343
11754,5/18/2017 14:47,7.343
11755,5/18/2017 14:48,7.318
11756,5/18/2017 14:49,7.293
11757,5/18/2017 14:50,7.293
11758,5/18/2017 14:51,7.268
11759,5/18/2017 14:52,7.217
11760,5/18/2017 14:53,7.167
11761,5/18/2017 14:54,7.116
11762,5/18/2017 14:55,7.091
11763,5/18/2017 14:56,7.091
11764,5/18/2017 14:57,7.066
11765,5/18/2017 14:58,7.091
11766,5/18/2017 14:59,7.116
11767,5/18/2017 15:00,7.116
11768,5/18/2017 15:01,7.116
11769,5/18/2017 15:02,7.116
11770,5/18/2017 15:03,7.142
11771,5/18/2017 15:04,7.167
11772,5/18/2017 15:05,7.192
11773,5/18/2017 15:06,7.192
11774,5/18/2017 15:07,7.217
11775,5/18/2017 15:08,7.217
11776,5/18/2017 15:09,7.242
11777,5/18/2017 15:10,7.242
11778,5/18/2017 15:11,7.242
11779,5/18/2017 15:12,7.242
11780,5/18/2017 15:13,7.268
11781,5/18/2017 15:14,7.293
11782,5/18/2017 15:15,7.318
11783,5/18/2017 15:16,7.318
11784,5/18/2017 15:17,7.343
11785,5/18/2017 15:18,7.368
11786,5/18/2017 15:19,7.393
11787,5/18/2017 15:20,7.419
11788,5/18/2017 15:21,7.419
11789,5/18/2017 15:22,7.444
11790,5/18/2017 15:23,7.494
11791,5/18/2017 15:24,7.544
11792,5/18/2017 15:25,7.544
11793,5/18/2017 15:26,7.594
11794,5/18/2017 15:27,7.619
11795,5/18/2017 15:28,7.594
11796,5/18/2017 15:29,7.569
11797,5/18/2017 15:30,7.569
11798,5/18/2017 15:31,7.594
11799,5/18/2017 15:32,7.619
11800,5/18/2017 15:33,7.619
11801,5/18/2017 15:34,7.645
11802,5/18/2017 15:35,7.67
11803,5/18/2017 15:36,7.72
11804,5/18/2017 15:37,7.72
11805,5/18/2017 15:38,7.72
11806,5/18/2017 15:39,7.72
11807,5/18/2017 15:40,7.695
11808,5/18/2017 15:41,7.645
11809,5/18/2017 15:42,7.645
11810,5/18/2017 15:43,7.67
11811,5/18/2017 15:44,7.695
11812,5/18/2017 15:45,7.67
11813,5/18/2017 15:46,7.619
11814,5/18/2017 15:47,7.619
11815,5/18/2017 15:48,7.619
11816,5/18/2017 15:49,7.619
11817,5/18/2017 15:50,7.594
11818,5/18/2017 15:51,7.594
11819,5/18/2017 15:52,7.569
11820,5/18/2017 15:53,7.544
11821,5/18/2017 15:54,7.594
11822,5/18/2017 15:55,7.569
11823,5/18/2017 15:56,7.569
11824,5/18/2017 15:57,7.569
11825,5/18/2017 15:58,7.544
11826,5/18/2017 15:59,7.519
11827,5/18/2017 16:00,7.494
11828,5/18/2017 16:01,7.494
11829,5/18/2017 16:02,7.469
11830,5/18/2017 16:03,7.469
11831,5/18/2017 16:04,7.469
11832,5/18/2017 16:05,7.494
11833,5/18/2017 16:06,7.519
11834,5/18/2017 16:07,7.519
11835,5/18/2017 16:08,7.519
11836,5/18/2017 16:09,7.494
11837,5/18/2017 16:10,7.494
11838,5/18/2017 16:11,7.494
11839,5/18/2017 16:12,7.519
11840,5/18/2017 16:13,7.544
11841,5/18/2017 16:14,7.519
11842,5/18/2017 16:15,7.494
11843,5/18/2017 16:16,7.494
11844,5/18/2017 16:17,7.469
11845,5/18/2017 16:18,7.469
11846,5/18/2017 16:19,7.444
11847,5/18/2017 16:20,7.419
11848,5/18/2017 16:21,7.419
11849,5/18/2017 16:22,7.419
11850,5/18/2017 16:23,7.419
11851,5/18/2017 16:24,7.469
11852,5/18/2017 16:25,7.494
11853,5/18/2017 16:26,7.494
11854,5/18/2017 16:27,7.494
11855,5/18/2017 16:28,7.519
11856,5/18/2017 16:29,7.519
11857,5/18/2017 16:30,7.519
11858,5/18/2017 16:31,7.519
11859,5/18/2017 16:32,7.494
11860,5/18/2017 16:33,7.519
11861,5/18/2017 16:34,7.544
11862,5/18/2017 16:35,7.544
11863,5/18/2017 16:36,7.544
11864,5/18/2017 16:37,7.569
11865,5/18/2017 16:38,7.569
11866,5/18/2017 16:39,7.594
11867,5/18/2017 16:40,7.594
11868,5/18/2017 16:41,7.619
11869,5/18/2017 16:42,7.619
11870,5/18/2017 16:43,7.645
11871,5/18/2017 16:44,7.645
11872,5/18/2017 16:45,7.645
11873,5/18/2017 16:46,7.645
11874,5/18/2017 16:47,7.645
11875,5/18/2017 16:48,7.67
11876,5/18/2017 16:49,7.619
11877,5/18/2017 16:50,7.569
11878,5/18/2017 16:51,7.569
11879,5/18/2017 16:52,7.569
11880,5/18/2017 16:53,7.519
11881,5/18/2017 16:54,7.519
11882,5/18/2017 16:55,7.494
11883,5/18/2017 16:56,7.268
11884,5/18/2017 16:57,7.091
11885,5/18/2017 16:58,6.94
11886,5/18/2017 16:59,6.864
11887,5/18/2017 17:00,6.56
11888,5/18/2017 17:01,6.408
11889,5/18/2017 17:02,6.331
11890,5/18/2017 17:03,6.281
11891,5/18/2017 17:04,6.255
11892,5/18/2017 17:05,6.255
11893,5/18/2017 17:06,6.255
11894,5/18/2017 17:07,6.23
11895,5/18/2017 17:08,6.23
11896,5/18/2017 17:09,6.23
11897,5/18/2017 17:10,6.23
11898,5/18/2017 17:11,6.23
11899,5/18/2017 17:12,6.23
11900,5/18/2017 17:13,6.23
11901,5/18/2017 17:14,6.23
11902,5/18/2017 17:15,6.23
11903,5/18/2017 17:16,6.23
11904,5/18/2017 17:17,6.382
11905,5/18/2017 17:18,6.56
11906,5/18/2017 17:19,6.788
11907,5/18/2017 17:20,6.864
11908,5/18/2017 17:21,6.864
11909,5/18/2017 17:22,6.813
11910,5/18/2017 17:23,6.763
11911,5/18/2017 17:24,6.636
11912,5/18/2017 17:25,6.56
11913,5/18/2017 17:26,6.56
11914,5/18/2017 17:27,6.535
11915,5/18/2017 17:28,6.484
11916,5/18/2017 17:29,6.484
11917,5/18/2017 17:30,6.484
11918,5/18/2017 17:31,6.484
11919,5/18/2017 17:32,6.484
11920,5/18/2017 17:33,6.509
11921,5/18/2017 17:34,6.56
11922,5/18/2017 17:35,6.585
11923,5/18/2017 17:36,6.636
11924,5/18/2017 17:37,6.661
11925,5/18/2017 17:38,6.712
11926,5/18/2017 17:39,6.763
11927,5/18/2017 17:40,6.813
11928,5/18/2017 17:41,6.864
11929,5/18/2017 17:42,6.864
11930,5/18/2017 17:43,6.864
11931,5/18/2017 17:44,6.889
11932,5/18/2017 17:45,6.889
11933,5/18/2017 17:46,6.889
11934,5/18/2017 17:47,6.914
11935,5/18/2017 17:48,6.914
11936,5/18/2017 17:49,6.914
11937,5/18/2017 17:50,6.889
11938,5/18/2017 17:51,6.864
11939,5/18/2017 17:52,6.839
11940,5/18/2017 17:53,6.813
11941,5/18/2017 17:54,6.813
11942,5/18/2017 17:55,6.813
11943,5/18/2017 17:56,6.813
11944,5/18/2017 17:57,6.813
11945,5/18/2017 17:58,6.813
11946,5/18/2017 17:59,6.839
11947,5/18/2017 18:00,6.813
11948,5/18/2017 18:01,6.813
11949,5/18/2017 18:02,6.839
11950,5/18/2017 18:03,6.864
11951,5/18/2017 18:04,6.864
11952,5/18/2017 18:05,6.889
11953,5/18/2017 18:06,6.914
11954,5/18/2017 18:07,6.94
11955,5/18/2017 18:08,6.94
11956,5/18/2017 18:09,6.94
11957,5/18/2017 18:10,6.965
11958,5/18/2017 18:11,6.965
11959,5/18/2017 18:12,6.99
11960,5/18/2017 18:13,6.965
11961,5/18/2017 18:14,6.99
11962,5/18/2017 18:15,6.99
11963,5/18/2017 18:16,6.99
11964,5/18/2017 18:17,6.99
11965,5/18/2017 18:18,6.99
11966,5/18/2017 18:19,6.965
11967,5/18/2017 18:20,6.965
11968,5/18/2017 18:21,6.965
11969,5/18/2017 18:22,6.965
11970,5/18/2017 18:23,6.965
11971,5/18/2017 18:24,6.965
11972,5/18/2017 18:25,6.965
11973,5/18/2017 18:26,6.94
11974,5/18/2017 18:27,6.94
11975,5/18/2017 18:28,6.914
11976,5/18/2017 18:29,6.94
11977,5/18/2017 18:30,6.94
11978,5/18/2017 18:31,6.914
11979,5/18/2017 18:32,6.889
11980,5/18/2017 18:33,6.864
11981,5/18/2017 18:34,6.889
11982,5/18/2017 18:35,6.889
11983,5/18/2017 18:36,6.889
11984,5/18/2017 18:37,6.914
11985,5/18/2017 18:38,6.914
11986,5/18/2017 18:39,7.217
11987,5/18/2017 18:40,7.469
11988,5/18/2017 18:41,7.469
11989,5/18/2017 18:42,7.116
11990,5/18/2017 18:43,6.484
11991,5/18/2017 18:44,6.077
11992,5/18/2017 18:45,5.898
11993,5/18/2017 18:46,5.796
11994,5/18/2017 18:47,5.77
11995,5/18/2017 18:48,5.693
11996,5/18/2017 18:49,5.668
11997,5/18/2017 18:50,5.693
11998,5/18/2017 18:51,5.668
11999,5/18/2017 18:52,5.668
12000,5/18/2017 18:53,5.668
12001,5/18/2017 18:54,5.668
12002,5/18/2017 18:55,5.668
12003,5/18/2017 18:56,5.693
12004,5/18/2017 18:57,6.281
12005,5/18/2017 18:58,6.94
12006,5/18/2017 18:59,7.217
12007,5/18/2017 19:00,7.293
12008,5/18/2017 19:01,7.217
12009,5/18/2017 19:02,7.142
12010,5/18/2017 19:03,7.041
12011,5/18/2017 19:04,6.965
12012,5/18/2017 19:05,6.914
12013,5/18/2017 19:06,6.864
12014,5/18/2017 19:07,6.813
12015,5/18/2017 19:08,6.788
12016,5/18/2017 19:09,6.737
12017,5/18/2017 19:10,6.712
12018,5/18/2017 19:11,6.687
12019,5/18/2017 19:12,6.687
12020,5/18/2017 19:13,6.661
12021,5/18/2017 19:14,6.636
12022,5/18/2017 19:15,6.611
12023,5/18/2017 19:16,6.611
12024,5/18/2017 19:17,6.585
12025,5/18/2017 19:18,6.585
12026,5/18/2017 19:19,6.611
12027,5/18/2017 19:20,6.636
12028,5/18/2017 19:21,6.636
12029,5/18/2017 19:22,6.661
12030,5/18/2017 19:23,7.041
12031,5/18/2017 19:24,7.217
12032,5/18/2017 19:25,6.94
12033,5/18/2017 19:26,6.636
12034,5/18/2017 19:27,6.484
12035,5/18/2017 19:28,6.408
12036,5/18/2017 19:29,6.382
12037,5/18/2017 19:30,6.357
12038,5/18/2017 19:31,6.331
12039,5/18/2017 19:32,6.331
12040,5/18/2017 19:33,6.331
12041,5/18/2017 19:34,6.331
12042,5/18/2017 19:35,6.331
12043,5/18/2017 19:36,6.306
12044,5/18/2017 19:37,6.306
12045,5/18/2017 19:38,6.306
12046,5/18/2017 19:39,6.306
12047,5/18/2017 19:40,6.306
12048,5/18/2017 19:41,6.306
12049,5/18/2017 19:42,6.306
12050,5/18/2017 19:43,6.306
12051,5/18/2017 19:44,6.306
12052,5/18/2017 19:45,6.331
12053,5/18/2017 19:46,6.611
12054,5/18/2017 19:47,7.041
12055,5/18/2017 19:48,7.066
12056,5/18/2017 19:49,7.015
12057,5/18/2017 19:50,7.066
12058,5/18/2017 19:51,7.066
12059,5/18/2017 19:52,7.015
12060,5/18/2017 19:53,6.965
12061,5/18/2017 19:54,6.914
12062,5/18/2017 19:55,6.914
12063,5/18/2017 19:56,6.864
12064,5/18/2017 19:57,6.839
12065,5/18/2017 19:58,6.813
12066,5/18/2017 19:59,6.788
12067,5/18/2017 20:00,6.788
12068,5/18/2017 20:01,6.788
12069,5/18/2017 20:02,6.788
12070,5/18/2017 20:03,6.788
12071,5/18/2017 20:04,6.788
12072,5/18/2017 20:05,6.788
12073,5/18/2017 20:06,6.813
12074,5/18/2017 20:07,6.813
12075,5/18/2017 20:08,6.813
12076,5/18/2017 20:09,6.813
12077,5/18/2017 20:10,6.813
12078,5/18/2017 20:11,6.839
12079,5/18/2017 20:12,6.839
12080,5/18/2017 20:13,6.864
12081,5/18/2017 20:14,6.839
12082,5/18/2017 20:15,6.839
12083,5/18/2017 20:16,6.839
12084,5/18/2017 20:17,6.839
12085,5/18/2017 20:18,6.864
12086,5/18/2017 20:19,6.864
12087,5/18/2017 20:20,6.889
12088,5/18/2017 20:21,6.889
12089,5/18/2017 20:22,6.864
12090,5/18/2017 20:23,6.864
12091,5/18/2017 20:24,6.889
12092,5/18/2017 20:25,6.889
12093,5/18/2017 20:26,6.889
12094,5/18/2017 20:27,6.864
12095,5/18/2017 20:28,6.864
12096,5/18/2017 20:29,6.864
12097,5/18/2017 20:30,6.839
12098,5/18/2017 20:31,6.813
12099,5/18/2017 20:32,6.813
12100,5/18/2017 20:33,6.788
12101,5/18/2017 20:34,6.763
12102,5/18/2017 20:35,6.737
12103,5/18/2017 20:36,6.737
12104,5/18/2017 20:37,6.712
12105,5/18/2017 20:38,6.687
12106,5/18/2017 20:39,6.636
12107,5/18/2017 20:40,6.611
12108,5/18/2017 20:41,6.56
12109,5/18/2017 20:42,6.509
12110,5/18/2017 20:43,6.484
12111,5/18/2017 20:44,6.458
12112,5/18/2017 20:45,6.458
12113,5/18/2017 20:46,6.458
12114,5/18/2017 20:47,6.458
12115,5/18/2017 20:48,6.433
12116,5/18/2017 20:49,6.408
12117,5/18/2017 20:50,6.382
12118,5/18/2017 20:51,6.382
12119,5/18/2017 20:52,6.408
12120,5/18/2017 20:53,6.433
12121,5/18/2017 20:54,6.433
12122,5/18/2017 20:55,6.433
12123,5/18/2017 20:56,6.433
12124,5/18/2017 20:57,6.408
12125,5/18/2017 20:58,6.382
12126,5/18/2017 20:59,6.382
12127,5/18/2017 21:00,6.408
12128,5/18/2017 21:01,6.433
12129,5/18/2017 21:02,6.408
12130,5/18/2017 21:03,6.357
12131,5/18/2017 21:04,6.306
12132,5/18/2017 21:05,6.23
12133,5/18/2017 21:06,6.204
12134,5/18/2017 21:07,6.153
12135,5/18/2017 21:08,6.153
12136,5/18/2017 21:09,6.153
12137,5/18/2017 21:10,6.128
12138,5/18/2017 21:11,6.077
12139,5/18/2017 21:12,6.051
12140,5/18/2017 21:13,6.051
12141,5/18/2017 21:14,6.026
12142,5/18/2017 21:15,6
12143,5/18/2017 21:16,5.975
12144,5/18/2017 21:17,5.975
12145,5/18/2017 21:18,5.949
12146,5/18/2017 21:19,5.975
12147,5/18/2017 21:20,6
12148,5/18/2017 21:21,6.051
12149,5/18/2017 21:22,6.102
12150,5/18/2017 21:23,6.102
12151,5/18/2017 21:24,6.077
12152,5/18/2017 21:25,6.051
12153,5/18/2017 21:26,6.051
12154,5/18/2017 21:27,6.051
12155,5/18/2017 21:28,6.051
12156,5/18/2017 21:29,6.051
12157,5/18/2017 21:30,6.051
12158,5/18/2017 21:31,6.051
12159,5/18/2017 21:32,6.051
12160,5/18/2017 21:33,6.051
12161,5/18/2017 21:34,6.102
12162,5/18/2017 21:35,6.128
12163,5/18/2017 21:36,6.102
12164,5/18/2017 21:37,6.077
12165,5/18/2017 21:38,6.102
12166,5/18/2017 21:39,6.128
12167,5/18/2017 21:40,6.179
12168,5/18/2017 21:41,6.204
12169,5/18/2017 21:42,6.204
12170,5/18/2017 21:43,6.23
12171,5/18/2017 21:44,6.23
12172,5/18/2017 21:45,6.204
12173,5/18/2017 21:46,6.204
12174,5/18/2017 21:47,6.153
12175,5/18/2017 21:48,6.102
12176,5/18/2017 21:49,6.026
12177,5/18/2017 21:50,5.924
12178,5/18/2017 21:51,5.821
12179,5/18/2017 21:52,5.821
12180,5/18/2017 21:53,5.847
12181,5/18/2017 21:54,5.872
12182,5/18/2017 21:55,5.847
12183,5/18/2017 21:56,5.847
12184,5/18/2017 21:57,5.847
12185,5/18/2017 21:58,5.796
12186,5/18/2017 21:59,5.745
12187,5/18/2017 22:00,5.693
12188,5/18/2017 22:01,5.642
12189,5/18/2017 22:02,5.591
12190,5/18/2017 22:03,5.565
12191,5/18/2017 22:04,5.539
12192,5/18/2017 22:05,5.539
12193,5/18/2017 22:06,5.539
12194,5/18/2017 22:07,5.514
12195,5/18/2017 22:08,5.514
12196,5/18/2017 22:09,5.539
12197,5/18/2017 22:10,5.539
12198,5/18/2017 22:11,5.514
12199,5/18/2017 22:12,5.488
12200,5/18/2017 22:13,5.488
12201,5/18/2017 22:14,5.488
12202,5/18/2017 22:15,5.462
12203,5/18/2017 22:16,5.462
12204,5/18/2017 22:17,5.437
12205,5/18/2017 22:18,5.411
12206,5/18/2017 22:19,5.385
12207,5/18/2017 22:20,5.385
12208,5/18/2017 22:21,5.385
12209,5/18/2017 22:22,5.385
12210,5/18/2017 22:23,5.36
12211,5/18/2017 22:24,5.334
12212,5/18/2017 22:25,5.334
12213,5/18/2017 22:26,5.334
12214,5/18/2017 22:27,5.308
12215,5/18/2017 22:28,5.308
12216,5/18/2017 22:29,5.334
12217,5/18/2017 22:30,5.334
12218,5/18/2017 22:31,5.334
12219,5/18/2017 22:32,5.334
12220,5/18/2017 22:33,5.334
12221,5/18/2017 22:34,5.308
12222,5/18/2017 22:35,5.308
12223,5/18/2017 22:36,5.308
12224,5/18/2017 22:37,5.334
12225,5/18/2017 22:38,5.334
12226,5/18/2017 22:39,5.334
12227,5/18/2017 22:40,5.334
12228,5/18/2017 22:41,5.334
12229,5/18/2017 22:42,5.334
12230,5/18/2017 22:43,5.334
12231,5/18/2017 22:44,5.36
12232,5/18/2017 22:45,5.334
12233,5/18/2017 22:46,5.334
12234,5/18/2017 22:47,5.334
12235,5/18/2017 22:48,5.308
12236,5/18/2017 22:49,5.308
12237,5/18/2017 22:50,5.282
12238,5/18/2017 22:51,5.282
12239,5/18/2017 22:52,5.282
12240,5/18/2017 22:53,5.282
12241,5/18/2017 22:54,5.257
12242,5/18/2017 22:55,5.257
12243,5/18/2017 22:56,5.257
12244,5/18/2017 22:57,5.257
12245,5/18/2017 22:58,5.257
12246,5/18/2017 22:59,5.231
12247,5/18/2017 23:00,5.231
12248,5/18/2017 23:01,5.231
12249,5/18/2017 23:02,5.205
12250,5/18/2017 23:03,5.205
12251,5/18/2017 23:04,5.231
12252,5/18/2017 23:05,5.231
12253,5/18/2017 23:06,5.257
12254,5/18/2017 23:07,5.257
12255,5/18/2017 23:08,5.257
12256,5/18/2017 23:09,5.282
12257,5/18/2017 23:10,5.257
12258,5/18/2017 23:11,5.257
12259,5/18/2017 23:12,5.257
12260,5/18/2017 23:13,5.257
12261,5/18/2017 23:14,5.257
12262,5/18/2017 23:15,5.257
12263,5/18/2017 23:16,5.257
12264,5/18/2017 23:17,5.257
12265,5/18/2017 23:18,5.257
12266,5/18/2017 23:19,5.231
12267,5/18/2017 23:20,5.257
12268,5/18/2017 23:21,5.257
12269,5/18/2017 23:22,5.257
12270,5/18/2017 23:23,5.231
12271,5/18/2017 23:24,5.231
12272,5/18/2017 23:25,5.231
12273,5/18/2017 23:26,5.231
12274,5/18/2017 23:27,5.231
12275,5/18/2017 23:28,5.257
12276,5/18/2017 23:29,5.334
12277,5/18/2017 23:30,5.334
12278,5/18/2017 23:31,5.36
12279,5/18/2017 23:32,5.36
12280,5/18/2017 23:33,5.411
12281,5/18/2017 23:34,5.437
12282,5/18/2017 23:35,5.462
12283,5/18/2017 23:36,5.462
12284,5/18/2017 23:37,5.488
12285,5/18/2017 23:38,5.488
12286,5/18/2017 23:39,5.488
12287,5/18/2017 23:40,5.462
12288,5/18/2017 23:41,5.437
12289,5/18/2017 23:42,5.411
12290,5/18/2017 23:43,5.385
12291,5/18/2017 23:44,5.36
12292,5/18/2017 23:45,5.36
12293,5/18/2017 23:46,5.36
12294,5/18/2017 23:47,5.334
12295,5/18/2017 23:48,5.334
12296,5/18/2017 23:49,5.334
12297,5/18/2017 23:50,5.334
12298,5/18/2017 23:51,5.334
12299,5/18/2017 23:52,5.308
12300,5/18/2017 23:53,5.334
12301,5/18/2017 23:54,5.334
12302,5/18/2017 23:55,5.36
12303,5/18/2017 23:56,5.36
12304,5/18/2017 23:57,5.36
12305,5/18/2017 23:58,5.36
12306,5/18/2017 23:59,5.36
12307,5/19/2017 0:00,5.36
12308,5/19/2017 0:01,5.36
12309,5/19/2017 0:02,5.36
12310,5/19/2017 0:03,5.36
12311,5/19/2017 0:04,5.36
12312,5/19/2017 0:05,5.385
12313,5/19/2017 0:06,5.36
12314,5/19/2017 0:07,5.36
12315,5/19/2017 0:08,5.334
12316,5/19/2017 0:09,5.308
12317,5/19/2017 0:10,5.282
12318,5/19/2017 0:11,5.282
12319,5/19/2017 0:12,5.257
12320,5/19/2017 0:13,5.231
12321,5/19/2017 0:14,5.231
12322,5/19/2017 0:15,5.231
12323,5/19/2017 0:16,5.231
12324,5/19/2017 0:17,5.205
12325,5/19/2017 0:18,5.205
12326,5/19/2017 0:19,5.205
12327,5/19/2017 0:20,5.179
12328,5/19/2017 0:21,5.179
12329,5/19/2017 0:22,5.179
12330,5/19/2017 0:23,5.205
12331,5/19/2017 0:24,5.205
12332,5/19/2017 0:25,5.231
12333,5/19/2017 0:26,5.231
12334,5/19/2017 0:27,5.205
12335,5/19/2017 0:28,5.205
12336,5/19/2017 0:29,5.205
12337,5/19/2017 0:30,5.231
12338,5/19/2017 0:31,5.231
12339,5/19/2017 0:32,5.231
12340,5/19/2017 0:33,5.231
12341,5/19/2017 0:34,5.257
12342,5/19/2017 0:35,5.257
12343,5/19/2017 0:36,5.257
12344,5/19/2017 0:37,5.257
12345,5/19/2017 0:38,5.282
12346,5/19/2017 0:39,5.257
12347,5/19/2017 0:40,5.282
12348,5/19/2017 0:41,5.282
12349,5/19/2017 0:42,5.282
12350,5/19/2017 0:43,5.282
12351,5/19/2017 0:44,5.282
12352,5/19/2017 0:45,5.282
12353,5/19/2017 0:46,5.282
12354,5/19/2017 0:47,5.308
12355,5/19/2017 0:48,5.308
12356,5/19/2017 0:49,5.308
12357,5/19/2017 0:50,5.308
12358,5/19/2017 0:51,5.308
12359,5/19/2017 0:52,5.308
12360,5/19/2017 0:53,5.308
12361,5/19/2017 0:54,5.308
12362,5/19/2017 0:55,5.282
12363,5/19/2017 0:56,5.282
12364,5/19/2017 0:57,5.282
12365,5/19/2017 0:58,5.282
12366,5/19/2017 0:59,5.282
12367,5/19/2017 1:00,5.282
12368,5/19/2017 1:01,5.282
12369,5/19/2017 1:02,5.282
12370,5/19/2017 1:03,5.282
12371,5/19/2017 1:04,5.308
12372,5/19/2017 1:05,5.282
12373,5/19/2017 1:06,5.308
12374,5/19/2017 1:07,5.282
12375,5/19/2017 1:08,5.334
12376,5/19/2017 1:09,5.36
12377,5/19/2017 1:10,5.36
12378,5/19/2017 1:11,5.334
12379,5/19/2017 1:12,5.334
12380,5/19/2017 1:13,5.334
12381,5/19/2017 1:14,5.36
12382,5/19/2017 1:15,5.334
12383,5/19/2017 1:16,5.334
12384,5/19/2017 1:17,5.36
12385,5/19/2017 1:18,5.36
12386,5/19/2017 1:19,5.334
12387,5/19/2017 1:20,5.334
12388,5/19/2017 1:21,5.334
12389,5/19/2017 1:22,5.334
12390,5/19/2017 1:23,5.334
12391,5/19/2017 1:24,5.334
12392,5/19/2017 1:25,5.334
12393,5/19/2017 1:26,5.334
12394,5/19/2017 1:27,5.334
12395,5/19/2017 1:28,5.334
12396,5/19/2017 1:29,5.385
12397,5/19/2017 1:30,5.411
12398,5/19/2017 1:31,5.437
12399,5/19/2017 1:32,5.488
12400,5/19/2017 1:33,5.539
12401,5/19/2017 1:34,5.565
12402,5/19/2017 1:35,5.591
12403,5/19/2017 1:36,5.591
12404,5/19/2017 1:37,5.642
12405,5/19/2017 1:38,5.616
12406,5/19/2017 1:39,5.591
12407,5/19/2017 1:40,5.565
12408,5/19/2017 1:41,5.539
12409,5/19/2017 1:42,5.514
12410,5/19/2017 1:43,5.488
12411,5/19/2017 1:44,5.462
12412,5/19/2017 1:45,5.462
12413,5/19/2017 1:46,5.488
12414,5/19/2017 1:47,5.488
12415,5/19/2017 1:48,5.462
12416,5/19/2017 1:49,5.488
12417,5/19/2017 1:50,5.488
12418,5/19/2017 1:51,5.514
12419,5/19/2017 1:52,5.591
12420,5/19/2017 1:53,5.591
12421,5/19/2017 1:54,5.565
12422,5/19/2017 1:55,5.514
12423,5/19/2017 1:56,5.488
12424,5/19/2017 1:57,5.462
12425,5/19/2017 1:58,5.437
12426,5/19/2017 1:59,5.385
12427,5/19/2017 2:00,5.36
12428,5/19/2017 2:01,5.36
12429,5/19/2017 2:02,5.36
12430,5/19/2017 2:03,5.36
12431,5/19/2017 2:04,5.36
12432,5/19/2017 2:05,5.334
12433,5/19/2017 2:06,5.308
12434,5/19/2017 2:07,5.36
12435,5/19/2017 2:08,5.36
12436,5/19/2017 2:09,5.385
12437,5/19/2017 2:10,5.437
12438,5/19/2017 2:11,5.488
12439,5/19/2017 2:12,5.514
12440,5/19/2017 2:13,5.539
12441,5/19/2017 2:14,5.488
12442,5/19/2017 2:15,5.437
12443,5/19/2017 2:16,5.411
12444,5/19/2017 2:17,5.437
12445,5/19/2017 2:18,5.488
12446,5/19/2017 2:19,5.488
12447,5/19/2017 2:20,5.488
12448,5/19/2017 2:21,5.462
12449,5/19/2017 2:22,5.437
12450,5/19/2017 2:23,5.437
12451,5/19/2017 2:24,5.411
12452,5/19/2017 2:25,5.411
12453,5/19/2017 2:26,5.411
12454,5/19/2017 2:27,5.385
12455,5/19/2017 2:28,5.385
12456,5/19/2017 2:29,5.385
12457,5/19/2017 2:30,5.385
12458,5/19/2017 2:31,5.385
12459,5/19/2017 2:32,5.385
12460,5/19/2017 2:33,5.437
12461,5/19/2017 2:34,5.437
12462,5/19/2017 2:35,5.462
12463,5/19/2017 2:36,5.462
12464,5/19/2017 2:37,5.565
12465,5/19/2017 2:38,5.565
12466,5/19/2017 2:39,5.565
12467,5/19/2017 2:40,5.539
12468,5/19/2017 2:41,5.514
12469,5/19/2017 2:42,5.514
12470,5/19/2017 2:43,5.488
12471,5/19/2017 2:44,5.488
12472,5/19/2017 2:45,5.462
12473,5/19/2017 2:46,5.488
12474,5/19/2017 2:47,5.514
12475,5/19/2017 2:48,5.565
12476,5/19/2017 2:49,5.591
12477,5/19/2017 2:50,5.591
12478,5/19/2017 2:51,5.591
12479,5/19/2017 2:52,5.591
12480,5/19/2017 2:53,5.591
12481,5/19/2017 2:54,5.565
12482,5/19/2017 2:55,5.565
12483,5/19/2017 2:56,5.539
12484,5/19/2017 2:57,5.565
12485,5/19/2017 2:58,5.565
12486,5/19/2017 2:59,5.565
12487,5/19/2017 3:00,5.565
12488,5/19/2017 3:01,5.514
12489,5/19/2017 3:02,5.539
12490,5/19/2017 3:03,5.539
12491,5/19/2017 3:04,5.514
12492,5/19/2017 3:05,5.539
12493,5/19/2017 3:06,5.591
12494,5/19/2017 3:07,5.565
12495,5/19/2017 3:08,5.565
12496,5/19/2017 3:09,5.591
12497,5/19/2017 3:10,5.642
12498,5/19/2017 3:11,5.591
12499,5/19/2017 3:12,5.565
12500,5/19/2017 3:13,5.565
12501,5/19/2017 3:14,5.539
12502,5/19/2017 3:15,5.565
12503,5/19/2017 3:16,5.514
12504,5/19/2017 3:17,5.488
12505,5/19/2017 3:18,5.488
12506,5/19/2017 3:19,5.462
12507,5/19/2017 3:20,5.437
12508,5/19/2017 3:21,5.411
12509,5/19/2017 3:22,5.437
12510,5/19/2017 3:23,5.462
12511,5/19/2017 3:24,5.488
12512,5/19/2017 3:25,5.539
12513,5/19/2017 3:26,5.539
12514,5/19/2017 3:27,5.591
12515,5/19/2017 3:28,5.565
12516,5/19/2017 3:29,5.539
12517,5/19/2017 3:30,5.539
12518,5/19/2017 3:31,5.514
12519,5/19/2017 3:32,5.488
12520,5/19/2017 3:33,5.488
12521,5/19/2017 3:34,5.488
12522,5/19/2017 3:35,5.462
12523,5/19/2017 3:36,5.462
12524,5/19/2017 3:37,5.437
12525,5/19/2017 3:38,5.462
12526,5/19/2017 3:39,5.462
12527,5/19/2017 3:40,5.488
12528,5/19/2017 3:41,5.514
12529,5/19/2017 3:42,5.539
12530,5/19/2017 3:43,5.591
12531,5/19/2017 3:44,5.642
12532,5/19/2017 3:45,5.668
12533,5/19/2017 3:46,5.668
12534,5/19/2017 3:47,5.642
12535,5/19/2017 3:48,5.693
12536,5/19/2017 3:49,5.719
12537,5/19/2017 3:50,5.719
12538,5/19/2017 3:51,5.693
12539,5/19/2017 3:52,5.719
12540,5/19/2017 3:53,5.719
12541,5/19/2017 3:54,5.693
12542,5/19/2017 3:55,5.693
12543,5/19/2017 3:56,5.693
12544,5/19/2017 3:57,5.719
12545,5/19/2017 3:58,5.77
12546,5/19/2017 3:59,5.821
12547,5/19/2017 4:00,5.847
12548,5/19/2017 4:01,5.872
12549,5/19/2017 4:02,5.821
12550,5/19/2017 4:03,5.821
12551,5/19/2017 4:04,5.847
12552,5/19/2017 4:05,5.872
12553,5/19/2017 4:06,5.949
12554,5/19/2017 4:07,5.924
12555,5/19/2017 4:08,5.949
12556,5/19/2017 4:09,5.975
12557,5/19/2017 4:10,6.026
12558,5/19/2017 4:11,6.026
12559,5/19/2017 4:12,6.026
12560,5/19/2017 4:13,6.026
12561,5/19/2017 4:14,6.026
12562,5/19/2017 4:15,5.924
12563,5/19/2017 4:16,5.847
12564,5/19/2017 4:17,5.796
12565,5/19/2017 4:18,5.77
12566,5/19/2017 4:19,5.719
12567,5/19/2017 4:20,5.693
12568,5/19/2017 4:21,5.642
12569,5/19/2017 4:22,5.591
12570,5/19/2017 4:23,5.565
12571,5/19/2017 4:24,5.539
12572,5/19/2017 4:25,5.539
12573,5/19/2017 4:26,5.539
12574,5/19/2017 4:27,5.539
12575,5/19/2017 4:28,5.539
12576,5/19/2017 4:29,5.565
12577,5/19/2017 4:30,5.591
12578,5/19/2017 4:31,5.591
12579,5/19/2017 4:32,5.642
12580,5/19/2017 4:33,5.668
12581,5/19/2017 4:34,5.693
12582,5/19/2017 4:35,5.668
12583,5/19/2017 4:36,5.668
12584,5/19/2017 4:37,5.668
12585,5/19/2017 4:38,5.642
12586,5/19/2017 4:39,5.616
12587,5/19/2017 4:40,5.616
12588,5/19/2017 4:41,5.565
12589,5/19/2017 4:42,5.539
12590,5/19/2017 4:43,5.539
12591,5/19/2017 4:44,5.539
12592,5/19/2017 4:45,5.514
12593,5/19/2017 4:46,5.488
12594,5/19/2017 4:47,5.488
12595,5/19/2017 4:48,5.488
12596,5/19/2017 4:49,5.462
12597,5/19/2017 4:50,5.462
12598,5/19/2017 4:51,5.462
12599,5/19/2017 4:52,5.437
12600,5/19/2017 4:53,5.437
12601,5/19/2017 4:54,5.437
12602,5/19/2017 4:55,5.437
12603,5/19/2017 4:56,5.437
12604,5/19/2017 4:57,5.437
12605,5/19/2017 4:58,5.437
12606,5/19/2017 4:59,5.411
12607,5/19/2017 5:00,5.385
12608,5/19/2017 5:01,5.36
12609,5/19/2017 5:02,5.36
12610,5/19/2017 5:03,5.36
12611,5/19/2017 5:04,5.36
12612,5/19/2017 5:05,5.36
12613,5/19/2017 5:06,5.385
12614,5/19/2017 5:07,5.385
12615,5/19/2017 5:08,5.411
12616,5/19/2017 5:09,5.411
12617,5/19/2017 5:10,5.411
12618,5/19/2017 5:11,5.411
12619,5/19/2017 5:12,5.411
12620,5/19/2017 5:13,5.437
12621,5/19/2017 5:14,5.411
12622,5/19/2017 5:15,5.437
12623,5/19/2017 5:16,5.437
12624,5/19/2017 5:17,5.437
12625,5/19/2017 5:18,5.437
12626,5/19/2017 5:19,5.462
12627,5/19/2017 5:20,5.462
12628,5/19/2017 5:21,5.462
12629,5/19/2017 5:22,5.462
12630,5/19/2017 5:23,5.462
12631,5/19/2017 5:24,5.437
12632,5/19/2017 5:25,5.437
12633,5/19/2017 5:26,5.437
12634,5/19/2017 5:27,5.437
12635,5/19/2017 5:28,5.437
12636,5/19/2017 5:29,5.437
12637,5/19/2017 5:30,5.411
12638,5/19/2017 5:31,5.437
12639,5/19/2017 5:32,5.437
12640,5/19/2017 5:33,5.437
12641,5/19/2017 5:34,5.437
12642,5/19/2017 5:35,5.437
12643,5/19/2017 5:36,5.411
12644,5/19/2017 5:37,5.437
12645,5/19/2017 5:38,5.437
12646,5/19/2017 5:39,5.462
12647,5/19/2017 5:40,5.488
12648,5/19/2017 5:41,5.488
12649,5/19/2017 5:42,5.462
12650,5/19/2017 5:43,5.514
12651,5/19/2017 5:44,5.539
12652,5/19/2017 5:45,5.539
12653,5/19/2017 5:46,5.514
12654,5/19/2017 5:47,5.514
12655,5/19/2017 5:48,5.488
12656,5/19/2017 5:49,5.514
12657,5/19/2017 5:50,5.514
12658,5/19/2017 5:51,5.488
12659,5/19/2017 5:52,5.488
12660,5/19/2017 5:53,5.514
12661,5/19/2017 5:54,5.488
12662,5/19/2017 5:55,5.488
12663,5/19/2017 5:56,5.539
12664,5/19/2017 5:57,5.539
12665,5/19/2017 5:58,5.539
12666,5/19/2017 5:59,5.565
12667,5/19/2017 6:00,5.565
12668,5/19/2017 6:01,5.565
12669,5/19/2017 6:02,5.565
12670,5/19/2017 6:03,5.565
12671,5/19/2017 6:04,5.591
12672,5/19/2017 6:05,5.591
12673,5/19/2017 6:06,5.565
12674,5/19/2017 6:07,5.565
12675,5/19/2017 6:08,5.565
12676,5/19/2017 6:09,5.565
12677,5/19/2017 6:10,5.591
12678,5/19/2017 6:11,5.616
12679,5/19/2017 6:12,5.642
12680,5/19/2017 6:13,5.668
12681,5/19/2017 6:14,5.693
12682,5/19/2017 6:15,5.719
12683,5/19/2017 6:16,5.77
12684,5/19/2017 6:17,5.796
12685,5/19/2017 6:18,5.847
12686,5/19/2017 6:19,5.898
12687,5/19/2017 6:20,5.924
12688,5/19/2017 6:21,5.949
12689,5/19/2017 6:22,6
12690,5/19/2017 6:23,6.051
12691,5/19/2017 6:24,6.102
12692,5/19/2017 6:25,6.153
12693,5/19/2017 6:26,6.204
12694,5/19/2017 6:27,6.23
12695,5/19/2017 6:28,6.255
12696,5/19/2017 6:29,6.281
12697,5/19/2017 6:30,6.306
12698,5/19/2017 6:31,6.331
12699,5/19/2017 6:32,6.382
12700,5/19/2017 6:33,6.408
12701,5/19/2017 6:34,6.408
12702,5/19/2017 6:35,6.433
12703,5/19/2017 6:36,6.509
12704,5/19/2017 6:37,6.535
12705,5/19/2017 6:38,6.56
12706,5/19/2017 6:39,6.585
12707,5/19/2017 6:40,6.56
12708,5/19/2017 6:41,6.535
12709,5/19/2017 6:42,6.56
12710,5/19/2017 6:43,6.535
12711,5/19/2017 6:44,6.56
12712,5/19/2017 6:45,6.611
12713,5/19/2017 6:46,6.99
12714,5/19/2017 6:47,7.645
12715,5/19/2017 6:48,7.419
12716,5/19/2017 6:49,6.763
12717,5/19/2017 6:50,6.408
12718,5/19/2017 6:51,6.153
12719,5/19/2017 6:52,6.051
12720,5/19/2017 6:53,5.949
12721,5/19/2017 6:54,5.924
12722,5/19/2017 6:55,5.924
12723,5/19/2017 6:56,5.898
12724,5/19/2017 6:57,5.898
12725,5/19/2017 6:58,5.872
12726,5/19/2017 6:59,5.847
12727,5/19/2017 7:00,5.847
12728,5/19/2017 7:01,5.847
12729,5/19/2017 7:02,5.847
12730,5/19/2017 7:03,5.847
12731,5/19/2017 7:04,5.847
12732,5/19/2017 7:05,5.847
12733,5/19/2017 7:06,5.847
12734,5/19/2017 7:07,5.847
12735,5/19/2017 7:08,5.872
12736,5/19/2017 7:09,5.924
12737,5/19/2017 7:10,5.898
12738,5/19/2017 7:11,5.872
12739,5/19/2017 7:12,5.847
12740,5/19/2017 7:13,5.847
12741,5/19/2017 7:14,5.898
12742,5/19/2017 7:15,6.051
12743,5/19/2017 7:16,6.585
12744,5/19/2017 7:17,7.192
12745,5/19/2017 7:18,7.444
12746,5/19/2017 7:19,7.242
12747,5/19/2017 7:20,6.914
12748,5/19/2017 7:21,6.712
12749,5/19/2017 7:22,6.585
12750,5/19/2017 7:23,6.509
12751,5/19/2017 7:24,6.433
12752,5/19/2017 7:25,6.408
12753,5/19/2017 7:26,6.357
12754,5/19/2017 7:27,6.357
12755,5/19/2017 7:28,6.357
12756,5/19/2017 7:29,6.357
12757,5/19/2017 7:30,6.331
12758,5/19/2017 7:31,6.306
12759,5/19/2017 7:32,6.331
12760,5/19/2017 7:33,6.331
12761,5/19/2017 7:34,6.331
12762,5/19/2017 7:35,6.331
12763,5/19/2017 7:36,6.382
12764,5/19/2017 7:37,6.408
12765,5/19/2017 7:38,6.433
12766,5/19/2017 7:39,6.433
12767,5/19/2017 7:40,6.433
12768,5/19/2017 7:41,6.458
12769,5/19/2017 7:42,6.458
12770,5/19/2017 7:43,6.458
12771,5/19/2017 7:44,6.458
12772,5/19/2017 7:45,6.484
12773,5/19/2017 7:46,6.433
12774,5/19/2017 7:47,6.408
12775,5/19/2017 7:48,6.382
12776,5/19/2017 7:49,6.357
12777,5/19/2017 7:50,6.331
12778,5/19/2017 7:51,6.331
12779,5/19/2017 7:52,6.306
12780,5/19/2017 7:53,6.306
12781,5/19/2017 7:54,6.306
12782,5/19/2017 7:55,6.281
12783,5/19/2017 7:56,6.281
12784,5/19/2017 7:57,6.306
12785,5/19/2017 7:58,6.306
12786,5/19/2017 7:59,6.306
12787,5/19/2017 8:00,6.331
12788,5/19/2017 8:01,6.331
12789,5/19/2017 8:02,6.281
12790,5/19/2017 8:03,6.281
12791,5/19/2017 8:04,6.281
12792,5/19/2017 8:05,6.281
12793,5/19/2017 8:06,6.281
12794,5/19/2017 8:07,6.255
12795,5/19/2017 8:08,6.255
12796,5/19/2017 8:09,6.255
12797,5/19/2017 8:10,6.23
12798,5/19/2017 8:11,6.204
12799,5/19/2017 8:12,6.204
12800,5/19/2017 8:13,6.204
12801,5/19/2017 8:14,6.204
12802,5/19/2017 8:15,6.204
12803,5/19/2017 8:16,6.204
12804,5/19/2017 8:17,6.179
12805,5/19/2017 8:18,6.153
12806,5/19/2017 8:19,6.102
12807,5/19/2017 8:20,6.077
12808,5/19/2017 8:21,6.026
12809,5/19/2017 8:22,6.026
12810,5/19/2017 8:23,6
12811,5/19/2017 8:24,5.975
12812,5/19/2017 8:25,5.924
12813,5/19/2017 8:26,5.872
12814,5/19/2017 8:27,5.796
12815,5/19/2017 8:28,5.847
12816,5/19/2017 8:29,5.872
12817,5/19/2017 8:30,5.847
12818,5/19/2017 8:31,5.847
12819,5/19/2017 8:32,5.745
12820,5/19/2017 8:33,5.642
12821,5/19/2017 8:34,5.591
12822,5/19/2017 8:35,5.565
12823,5/19/2017 8:36,5.514
12824,5/19/2017 8:37,5.488
12825,5/19/2017 8:38,5.462
12826,5/19/2017 8:39,5.462
12827,5/19/2017 8:40,5.437
12828,5/19/2017 8:41,5.437
12829,5/19/2017 8:42,5.437
12830,5/19/2017 8:43,5.437
12831,5/19/2017 8:44,5.437
12832,5/19/2017 8:45,5.437
12833,5/19/2017 8:46,5.462
12834,5/19/2017 8:47,5.437
12835,5/19/2017 8:48,5.462
12836,5/19/2017 8:49,5.514
12837,5/19/2017 8:50,5.668
12838,5/19/2017 8:51,5.796
12839,5/19/2017 8:52,5.872
12840,5/19/2017 8:53,5.745
12841,5/19/2017 8:54,5.719
12842,5/19/2017 8:55,5.693
12843,5/19/2017 8:56,6.179
12844,5/19/2017 8:57,6.99
12845,5/19/2017 8:58,7.795
12846,5/19/2017 8:59,8.494
12847,5/19/2017 9:00,9.213
12848,5/19/2017 9:01,9.756
12849,5/19/2017 9:02,10.173
12850,5/19/2017 9:03,10.516
12851,5/19/2017 9:04,10.858
12852,5/19/2017 9:05,11.175
12853,5/19/2017 9:06,11.419
12854,5/19/2017 9:07,11.662
12855,5/19/2017 9:08,11.929
12856,5/19/2017 9:09,12.147
12857,5/19/2017 9:10,12.389
12858,5/19/2017 9:11,12.558
12859,5/19/2017 9:12,12.703
12860,5/19/2017 9:13,12.799
12861,5/19/2017 9:14,12.944
12862,5/19/2017 9:15,13.04
12863,5/19/2017 9:16,13.137
12864,5/19/2017 9:17,13.233
12865,5/19/2017 9:18,13.329
12866,5/19/2017 9:19,13.401
12867,5/19/2017 9:20,13.449
12868,5/19/2017 9:21,13.69
12869,5/19/2017 9:22,13.954
12870,5/19/2017 9:23,14.17
12871,5/19/2017 9:24,14.17
12872,5/19/2017 9:25,14.218
12873,5/19/2017 9:26,14.361
12874,5/19/2017 9:27,14.553
12875,5/19/2017 9:28,14.601
12876,5/19/2017 9:29,14.649
12877,5/19/2017 9:30,14.649
12878,5/19/2017 9:31,14.577
12879,5/19/2017 9:32,14.649
12880,5/19/2017 9:33,14.697
12881,5/19/2017 9:34,14.768
12882,5/19/2017 9:35,14.816
12883,5/19/2017 9:36,14.792
12884,5/19/2017 9:37,14.84
12885,5/19/2017 9:38,14.912
12886,5/19/2017 9:39,14.984
12887,5/19/2017 9:40,15.008
12888,5/19/2017 9:41,15.031
12889,5/19/2017 9:42,15.008
12890,5/19/2017 9:43,14.888
12891,5/19/2017 9:44,14.912
12892,5/19/2017 9:45,14.888
12893,5/19/2017 9:46,14.96
12894,5/19/2017 9:47,15.008
12895,5/19/2017 9:48,15.031
12896,5/19/2017 9:49,15.055
12897,5/19/2017 9:50,15.103
12898,5/19/2017 9:51,15.151
12899,5/19/2017 9:52,15.223
12900,5/19/2017 9:53,15.294
12901,5/19/2017 9:54,15.39
12902,5/19/2017 9:55,15.533
12903,5/19/2017 9:56,15.629
12904,5/19/2017 9:57,15.724
12905,5/19/2017 9:58,15.843
12906,5/19/2017 9:59,15.963
12907,5/19/2017 10:00,16.058
12908,5/19/2017 10:01,16.177
12909,5/19/2017 10:02,16.249
12910,5/19/2017 10:03,16.32
12911,5/19/2017 10:04,16.415
12912,5/19/2017 10:05,16.511
12913,5/19/2017 10:06,16.582
12914,5/19/2017 10:07,16.63
12915,5/19/2017 10:08,16.606
12916,5/19/2017 10:09,16.654
12917,5/19/2017 10:10,16.654
12918,5/19/2017 10:11,16.677
12919,5/19/2017 10:12,16.654
12920,5/19/2017 10:13,16.63
12921,5/19/2017 10:14,16.654
12922,5/19/2017 10:15,16.677
12923,5/19/2017 10:16,16.654
12924,5/19/2017 10:17,16.63
12925,5/19/2017 10:18,16.606
12926,5/19/2017 10:19,16.606
12927,5/19/2017 10:20,16.582
12928,5/19/2017 10:21,16.701
12929,5/19/2017 10:22,16.677
12930,5/19/2017 10:23,16.701
12931,5/19/2017 10:24,16.677
12932,5/19/2017 10:25,16.701
12933,5/19/2017 10:26,16.749
12934,5/19/2017 10:27,16.701
12935,5/19/2017 10:28,16.701
12936,5/19/2017 10:29,16.749
12937,5/19/2017 10:30,16.892
12938,5/19/2017 10:31,17.011
12939,5/19/2017 10:32,17.13
12940,5/19/2017 10:33,17.225
12941,5/19/2017 10:34,17.32
12942,5/19/2017 10:35,17.439
12943,5/19/2017 10:36,17.558
12944,5/19/2017 10:37,17.677
12945,5/19/2017 10:38,17.772
12946,5/19/2017 10:39,17.867
12947,5/19/2017 10:40,17.986
12948,5/19/2017 10:41,18.081
12949,5/19/2017 10:42,18.176
12950,5/19/2017 10:43,18.224
12951,5/19/2017 10:44,18.295
12952,5/19/2017 10:45,18.366
12953,5/19/2017 10:46,18.438
12954,5/19/2017 10:47,18.485
12955,5/19/2017 10:48,18.557
12956,5/19/2017 10:49,18.628
12957,5/19/2017 10:50,18.723
12958,5/19/2017 10:51,18.794
12959,5/19/2017 10:52,18.842
12960,5/19/2017 10:53,18.913
12961,5/19/2017 10:54,19.008
12962,5/19/2017 10:55,19.08
12963,5/19/2017 10:56,19.151
12964,5/19/2017 10:57,19.199
12965,5/19/2017 10:58,19.27
12966,5/19/2017 10:59,19.318
12967,5/19/2017 11:00,19.365
12968,5/19/2017 11:01,19.413
12969,5/19/2017 11:02,19.46
12970,5/19/2017 11:03,19.484
12971,5/19/2017 11:04,19.532
12972,5/19/2017 11:05,19.555
12973,5/19/2017 11:06,19.579
12974,5/19/2017 11:07,19.555
12975,5/19/2017 11:08,19.555
12976,5/19/2017 11:09,19.555
12977,5/19/2017 11:10,19.532
12978,5/19/2017 11:11,19.532
12979,5/19/2017 11:12,19.532
12980,5/19/2017 11:13,19.532
12981,5/19/2017 11:14,19.508
12982,5/19/2017 11:15,19.484
12983,5/19/2017 11:16,19.365
12984,5/19/2017 11:17,19.27
12985,5/19/2017 11:18,19.199
12986,5/19/2017 11:19,19.008
12987,5/19/2017 11:20,18.889
12988,5/19/2017 11:21,18.866
12989,5/19/2017 11:22,18.842
12990,5/19/2017 11:23,18.794
12991,5/19/2017 11:24,18.699
12992,5/19/2017 11:25,18.533
12993,5/19/2017 11:26,18.39
12994,5/19/2017 11:27,18.319
12995,5/19/2017 11:28,18.176
12996,5/19/2017 11:29,18.176
12997,5/19/2017 11:30,18.2
12998,5/19/2017 11:31,18.2
12999,5/19/2017 11:32,18.105
13000,5/19/2017 11:33,18.057
13001,5/19/2017 11:34,18.057
13002,5/19/2017 11:35,18.01
13003,5/19/2017 11:36,17.986
13004,5/19/2017 11:37,17.986
13005,5/19/2017 11:38,17.962
13006,5/19/2017 11:39,17.938
13007,5/19/2017 11:40,17.915
13008,5/19/2017 11:41,17.938
13009,5/19/2017 11:42,17.938
13010,5/19/2017 11:43,17.986
13011,5/19/2017 11:44,17.986
13012,5/19/2017 11:45,17.962
13013,5/19/2017 11:46,17.938
13014,5/19/2017 11:47,17.938
13015,5/19/2017 11:48,17.915
13016,5/19/2017 11:49,17.891
13017,5/19/2017 11:50,17.867
13018,5/19/2017 11:51,17.867
13019,5/19/2017 11:52,17.843
13020,5/19/2017 11:53,17.843
13021,5/19/2017 11:54,17.819
13022,5/19/2017 11:55,17.796
13023,5/19/2017 11:56,17.819
13024,5/19/2017 11:57,17.843
13025,5/19/2017 11:58,17.843
13026,5/19/2017 11:59,17.843
13027,5/19/2017 12:00,17.867
13028,5/19/2017 12:01,17.891
13029,5/19/2017 12:02,17.915
13030,5/19/2017 12:03,17.938
13031,5/19/2017 12:04,17.962
13032,5/19/2017 12:05,17.986
13033,5/19/2017 12:06,18.033
13034,5/19/2017 12:07,18.081
13035,5/19/2017 12:08,18.176
13036,5/19/2017 12:08,
13037,5/19/2017 12:08,
