number,date_time,temp
1,5/10/2017 10:57,73.515
2,5/10/2017 10:57,
3,5/10/2017 10:58,73.731
4,5/10/2017 10:59,73.818
5,5/10/2017 11:00,73.861
6,5/10/2017 11:01,73.904
7,5/10/2017 11:02,73.904
8,5/10/2017 11:03,73.904
9,5/10/2017 11:04,76.071
10,5/10/2017 11:05,77.464
11,5/10/2017 11:06,78.208
12,5/10/2017 11:07,75.681
13,5/10/2017 11:08,70.201
14,5/10/2017 11:09,66.258
15,5/10/2017 11:10,63.048
16,5/10/2017 11:11,60.733
17,5/10/2017 11:12,58.541
18,5/10/2017 11:13,56.772
19,5/10/2017 11:14,55.213
20,5/10/2017 11:15,53.865
21,5/10/2017 11:16,52.729
22,5/10/2017 11:17,51.809
23,5/10/2017 11:18,51.193
24,5/10/2017 11:19,50.576
25,5/10/2017 11:20,50.135
26,5/10/2017 11:21,49.692
27,5/10/2017 11:22,49.383
28,5/10/2017 11:23,49.116
29,5/10/2017 11:24,48.85
30,5/10/2017 11:25,50.135
31,5/10/2017 11:26,50.18
32,5/10/2017 11:27,50.268
33,5/10/2017 11:28,49.561
34,5/10/2017 11:29,49.028
35,5/10/2017 11:30,48.672
36,5/10/2017 11:31,48.405
37,5/10/2017 11:32,48.182
38,5/10/2017 11:33,48.049
39,5/10/2017 11:34,47.736
40,5/10/2017 11:35,47.467
41,5/10/2017 11:36,47.334
42,5/10/2017 11:37,47.154
43,5/10/2017 11:38,46.974
44,5/10/2017 11:39,46.931
45,5/10/2017 11:40,46.886
46,5/10/2017 11:41,46.886
47,5/10/2017 11:42,46.886
48,5/10/2017 11:43,46.796
49,5/10/2017 11:44,46.661
50,5/10/2017 11:45,46.616
51,5/10/2017 11:46,46.616
52,5/10/2017 11:47,46.661
53,5/10/2017 11:48,46.796
54,5/10/2017 11:49,46.931
55,5/10/2017 11:50,47.064
56,5/10/2017 11:51,47.109
57,5/10/2017 11:52,47.244
58,5/10/2017 11:53,47.377
59,5/10/2017 11:54,47.422
60,5/10/2017 11:55,47.467
61,5/10/2017 11:56,47.602
62,5/10/2017 11:57,47.691
63,5/10/2017 11:58,47.781
64,5/10/2017 11:59,47.871
65,5/10/2017 12:00,47.914
66,5/10/2017 12:01,47.959
67,5/10/2017 12:02,48.049
68,5/10/2017 12:03,48.049
69,5/10/2017 12:04,48.094
70,5/10/2017 12:05,48.137
71,5/10/2017 12:06,48.094
72,5/10/2017 12:07,48.137
73,5/10/2017 12:08,48.137
74,5/10/2017 12:09,48.182
75,5/10/2017 12:10,48.182
76,5/10/2017 12:11,48.272
77,5/10/2017 12:12,48.272
78,5/10/2017 12:13,48.405
79,5/10/2017 12:14,48.672
80,5/10/2017 12:15,48.762
81,5/10/2017 12:16,48.762
82,5/10/2017 12:17,48.762
83,5/10/2017 12:18,48.762
84,5/10/2017 12:19,48.717
85,5/10/2017 12:20,48.717
86,5/10/2017 12:21,48.762
87,5/10/2017 12:22,48.762
88,5/10/2017 12:23,48.762
89,5/10/2017 12:24,48.717
90,5/10/2017 12:25,48.717
91,5/10/2017 12:26,48.717
92,5/10/2017 12:27,48.717
93,5/10/2017 12:28,48.805
94,5/10/2017 12:29,48.805
95,5/10/2017 12:30,48.805
96,5/10/2017 12:31,48.762
97,5/10/2017 12:32,48.85
98,5/10/2017 12:33,50.488
99,5/10/2017 12:34,52.817
100,5/10/2017 12:35,52.378
101,5/10/2017 12:36,52.246
102,5/10/2017 12:37,54.473
103,5/10/2017 12:38,55.038
104,5/10/2017 12:39,54.734
105,5/10/2017 12:40,54.777
106,5/10/2017 12:41,54.648
107,5/10/2017 12:42,53.472
108,5/10/2017 12:43,52.772
109,5/10/2017 12:44,52.466
110,5/10/2017 12:45,52.115
111,5/10/2017 12:46,51.984
112,5/10/2017 12:47,51.589
113,5/10/2017 12:48,50.709
114,5/10/2017 12:49,50.002
115,5/10/2017 12:50,49.428
116,5/10/2017 12:51,49.028
117,5/10/2017 12:52,48.672
118,5/10/2017 12:53,48.315
119,5/10/2017 12:54,47.914
120,5/10/2017 12:55,47.781
121,5/10/2017 12:56,48.137
122,5/10/2017 12:57,48.45
123,5/10/2017 12:58,49.383
124,5/10/2017 12:59,51.895
125,5/10/2017 13:00,53.209
126,5/10/2017 13:01,53.645
127,5/10/2017 13:02,54.473
128,5/10/2017 13:03,54.43
129,5/10/2017 13:04,49.914
130,5/10/2017 13:05,48.182
131,5/10/2017 13:06,47.736
132,5/10/2017 13:07,47.467
133,5/10/2017 13:08,46.796
134,5/10/2017 13:09,46.211
135,5/10/2017 13:10,45.624
136,5/10/2017 13:11,44.991
137,5/10/2017 13:12,44.719
138,5/10/2017 13:13,44.719
139,5/10/2017 13:14,44.764
140,5/10/2017 13:15,45.036
141,5/10/2017 13:16,45.036
142,5/10/2017 13:17,44.991
143,5/10/2017 13:18,45.036
144,5/10/2017 13:19,44.946
145,5/10/2017 13:20,44.764
146,5/10/2017 13:21,44.445
147,5/10/2017 13:22,43.99
148,5/10/2017 13:23,43.763
149,5/10/2017 13:24,43.624
150,5/10/2017 13:25,43.624
151,5/10/2017 13:26,43.579
152,5/10/2017 13:27,43.579
153,5/10/2017 13:28,43.534
154,5/10/2017 13:29,43.534
155,5/10/2017 13:30,43.534
156,5/10/2017 13:31,43.534
157,5/10/2017 13:32,43.534
158,5/10/2017 13:33,43.534
159,5/10/2017 13:34,43.534
160,5/10/2017 13:35,43.534
161,5/10/2017 13:36,43.534
162,5/10/2017 13:37,43.534
163,5/10/2017 13:38,43.534
164,5/10/2017 13:39,43.534
165,5/10/2017 13:40,43.534
166,5/10/2017 13:41,43.534
167,5/10/2017 13:42,43.534
168,5/10/2017 13:43,43.534
169,5/10/2017 13:44,43.534
170,5/10/2017 13:45,43.534
171,5/10/2017 13:46,43.488
172,5/10/2017 13:47,43.488
173,5/10/2017 13:48,43.488
174,5/10/2017 13:49,43.488
175,5/10/2017 13:50,43.488
176,5/10/2017 13:51,43.488
177,5/10/2017 13:52,43.488
178,5/10/2017 13:53,43.488
179,5/10/2017 13:54,43.488
180,5/10/2017 13:55,43.488
181,5/10/2017 13:56,43.534
182,5/10/2017 13:57,43.534
183,5/10/2017 13:58,43.534
184,5/10/2017 13:59,43.534
185,5/10/2017 14:00,43.534
186,5/10/2017 14:01,43.534
187,5/10/2017 14:02,43.534
188,5/10/2017 14:03,43.534
189,5/10/2017 14:04,43.534
190,5/10/2017 14:05,43.534
191,5/10/2017 14:06,43.534
192,5/10/2017 14:07,43.534
193,5/10/2017 14:08,43.534
194,5/10/2017 14:09,43.534
195,5/10/2017 14:10,43.534
196,5/10/2017 14:11,43.534
197,5/10/2017 14:12,43.579
198,5/10/2017 14:13,44.4
199,5/10/2017 14:14,44.856
200,5/10/2017 14:15,44.856
201,5/10/2017 14:16,45.307
202,5/10/2017 14:17,46.166
203,5/10/2017 14:18,46.391
204,5/10/2017 14:19,46.166
205,5/10/2017 14:20,45.986
206,5/10/2017 14:21,45.941
207,5/10/2017 14:22,45.896
208,5/10/2017 14:23,47.871
209,5/10/2017 14:24,50.092
210,5/10/2017 14:25,50.841
211,5/10/2017 14:26,51.544
212,5/10/2017 14:27,52.423
213,5/10/2017 14:28,52.554
214,5/10/2017 14:29,52.903
215,5/10/2017 14:30,53.776
216,5/10/2017 14:31,55.038
217,5/10/2017 14:32,55.863
218,5/10/2017 14:33,56.599
219,5/10/2017 14:34,57.117
220,5/10/2017 14:35,57.463
221,5/10/2017 14:36,57.117
222,5/10/2017 14:37,57.074
223,5/10/2017 14:38,57.376
224,5/10/2017 14:39,56.035
225,5/10/2017 14:40,54.952
226,5/10/2017 14:41,55.038
227,5/10/2017 14:42,54.473
228,5/10/2017 14:43,54.212
229,5/10/2017 14:44,53.733
230,5/10/2017 14:45,53.515
231,5/10/2017 14:46,53.121
232,5/10/2017 14:47,52.466
233,5/10/2017 14:48,51.589
234,5/10/2017 14:49,52.072
235,5/10/2017 14:50,51.105
236,5/10/2017 14:51,50.621
237,5/10/2017 14:52,50.311
238,5/10/2017 14:53,50.18
239,5/10/2017 14:54,50.092
240,5/10/2017 14:55,49.782
241,5/10/2017 14:56,49.561
242,5/10/2017 14:57,49.338
243,5/10/2017 14:58,49.204
244,5/10/2017 14:59,49.073
245,5/10/2017 15:00,49.161
246,5/10/2017 15:01,49.073
247,5/10/2017 15:02,48.85
248,5/10/2017 15:03,48.672
249,5/10/2017 15:04,48.805
250,5/10/2017 15:05,49.116
251,5/10/2017 15:06,48.938
252,5/10/2017 15:07,48.762
253,5/10/2017 15:08,49.204
254,5/10/2017 15:09,48.762
255,5/10/2017 15:10,48.628
256,5/10/2017 15:11,48.762
257,5/10/2017 15:12,49.073
258,5/10/2017 15:13,48.762
259,5/10/2017 15:14,49.116
260,5/10/2017 15:15,48.583
261,5/10/2017 15:16,48.583
262,5/10/2017 15:17,48.938
263,5/10/2017 15:18,49.204
264,5/10/2017 15:19,49.604
265,5/10/2017 15:20,48.938
266,5/10/2017 15:21,48.762
267,5/10/2017 15:22,49.249
268,5/10/2017 15:23,49.561
269,5/10/2017 15:24,49.737
270,5/10/2017 15:25,49.294
271,5/10/2017 15:26,49.294
272,5/10/2017 15:27,49.737
273,5/10/2017 15:28,50.002
274,5/10/2017 15:29,49.028
275,5/10/2017 15:30,49.649
276,5/10/2017 15:31,50.047
277,5/10/2017 15:32,49.649
278,5/10/2017 15:33,50.533
279,5/10/2017 15:34,49.471
280,5/10/2017 15:35,50.047
281,5/10/2017 15:36,50.664
282,5/10/2017 15:37,50.841
283,5/10/2017 15:38,51.017
284,5/10/2017 15:39,51.37
285,5/10/2017 15:40,50.752
286,5/10/2017 15:41,50.356
287,5/10/2017 15:42,51.544
288,5/10/2017 15:43,51.678
289,5/10/2017 15:44,51.501
290,5/10/2017 15:45,51.282
291,5/10/2017 15:46,51.458
292,5/10/2017 15:47,52.423
293,5/10/2017 15:48,52.641
294,5/10/2017 15:49,51.37
295,5/10/2017 15:50,51.017
296,5/10/2017 15:51,51.501
297,5/10/2017 15:52,52.203
298,5/10/2017 15:53,51.458
299,5/10/2017 15:54,50.311
300,5/10/2017 15:55,50.886
301,5/10/2017 15:56,52.423
302,5/10/2017 15:57,51.105
303,5/10/2017 15:58,51.764
304,5/10/2017 15:59,51.282
305,5/10/2017 16:00,51.501
306,5/10/2017 16:01,51.458
307,5/10/2017 16:02,51.984
308,5/10/2017 16:03,51.895
309,5/10/2017 16:04,52.903
310,5/10/2017 16:05,53.559
311,5/10/2017 16:06,51.94
312,5/10/2017 16:07,50.929
313,5/10/2017 16:08,51.017
314,5/10/2017 16:09,51.895
315,5/10/2017 16:10,52.509
316,5/10/2017 16:11,51.809
317,5/10/2017 16:12,52.291
318,5/10/2017 16:13,52.509
319,5/10/2017 16:14,51.501
320,5/10/2017 16:15,50.841
321,5/10/2017 16:16,51.589
322,5/10/2017 16:17,52.423
323,5/10/2017 16:18,51.809
324,5/10/2017 16:19,52.729
325,5/10/2017 16:20,51.678
326,5/10/2017 16:21,51.895
327,5/10/2017 16:22,52.509
328,5/10/2017 16:23,52.378
329,5/10/2017 16:24,51.193
330,5/10/2017 16:25,50.709
331,5/10/2017 16:26,51.458
332,5/10/2017 16:27,51.413
333,5/10/2017 16:28,50.709
334,5/10/2017 16:29,50.18
335,5/10/2017 16:30,50.488
336,5/10/2017 16:31,50.974
337,5/10/2017 16:32,51.458
338,5/10/2017 16:33,50.356
339,5/10/2017 16:34,49.87
340,5/10/2017 16:35,50.576
341,5/10/2017 16:36,50.223
342,5/10/2017 16:37,50.223
343,5/10/2017 16:38,49.782
344,5/10/2017 16:39,50.135
345,5/10/2017 16:40,49.471
346,5/10/2017 16:41,49.914
347,5/10/2017 16:42,49.383
348,5/10/2017 16:43,50.002
349,5/10/2017 16:44,50.841
350,5/10/2017 16:45,50.135
351,5/10/2017 16:46,49.737
352,5/10/2017 16:47,49.737
353,5/10/2017 16:48,49.471
354,5/10/2017 16:49,49.204
355,5/10/2017 16:50,49.604
356,5/10/2017 16:51,49.338
357,5/10/2017 16:52,49.073
358,5/10/2017 16:53,48.983
359,5/10/2017 16:54,49.294
360,5/10/2017 16:55,48.895
361,5/10/2017 16:56,48.85
362,5/10/2017 16:57,48.895
363,5/10/2017 16:58,48.895
364,5/10/2017 16:59,49.428
365,5/10/2017 17:00,49.428
366,5/10/2017 17:01,48.938
367,5/10/2017 17:02,48.805
368,5/10/2017 17:03,48.717
369,5/10/2017 17:04,49.028
370,5/10/2017 17:05,49.161
371,5/10/2017 17:06,49.161
372,5/10/2017 17:07,48.85
373,5/10/2017 17:08,48.672
374,5/10/2017 17:09,48.583
375,5/10/2017 17:10,48.538
376,5/10/2017 17:11,48.493
377,5/10/2017 17:12,48.45
378,5/10/2017 17:13,48.45
379,5/10/2017 17:14,49.204
380,5/10/2017 17:15,48.983
381,5/10/2017 17:16,48.672
382,5/10/2017 17:17,48.672
383,5/10/2017 17:18,48.538
384,5/10/2017 17:19,48.45
385,5/10/2017 17:20,48.583
386,5/10/2017 17:21,48.895
387,5/10/2017 17:22,49.338
388,5/10/2017 17:23,49.338
389,5/10/2017 17:24,48.938
390,5/10/2017 17:25,49.028
391,5/10/2017 17:26,48.983
392,5/10/2017 17:27,49.471
393,5/10/2017 17:28,49.073
394,5/10/2017 17:29,48.85
395,5/10/2017 17:30,48.717
396,5/10/2017 17:31,48.583
397,5/10/2017 17:32,48.493
398,5/10/2017 17:33,48.405
399,5/10/2017 17:34,48.493
400,5/10/2017 17:35,48.493
401,5/10/2017 17:36,48.493
402,5/10/2017 17:37,48.405
403,5/10/2017 17:38,48.45
404,5/10/2017 17:39,48.493
405,5/10/2017 17:40,48.45
406,5/10/2017 17:41,48.628
407,5/10/2017 17:42,48.493
408,5/10/2017 17:43,48.672
409,5/10/2017 17:44,48.85
410,5/10/2017 17:45,48.983
411,5/10/2017 17:46,49.116
412,5/10/2017 17:47,48.983
413,5/10/2017 17:48,49.073
414,5/10/2017 17:49,48.983
415,5/10/2017 17:50,48.85
416,5/10/2017 17:51,48.583
417,5/10/2017 17:52,48.717
418,5/10/2017 17:53,48.85
419,5/10/2017 17:54,48.762
420,5/10/2017 17:55,49.161
421,5/10/2017 17:56,48.85
422,5/10/2017 17:57,48.762
423,5/10/2017 17:58,48.805
424,5/10/2017 17:59,48.762
425,5/10/2017 18:00,48.805
426,5/10/2017 18:01,48.805
427,5/10/2017 18:02,48.895
428,5/10/2017 18:03,48.805
429,5/10/2017 18:04,49.383
430,5/10/2017 18:05,48.983
431,5/10/2017 18:06,48.85
432,5/10/2017 18:07,48.805
433,5/10/2017 18:08,48.672
434,5/10/2017 18:09,48.538
435,5/10/2017 18:10,48.628
436,5/10/2017 18:11,48.672
437,5/10/2017 18:12,48.583
438,5/10/2017 18:13,48.405
439,5/10/2017 18:14,48.36
440,5/10/2017 18:15,48.405
441,5/10/2017 18:16,48.405
442,5/10/2017 18:17,48.227
443,5/10/2017 18:18,48.137
444,5/10/2017 18:19,48.094
445,5/10/2017 18:20,48.36
446,5/10/2017 18:21,48.45
447,5/10/2017 18:22,48.405
448,5/10/2017 18:23,48.315
449,5/10/2017 18:24,48.36
450,5/10/2017 18:25,48.538
451,5/10/2017 18:26,48.493
452,5/10/2017 18:27,48.538
453,5/10/2017 18:28,48.583
454,5/10/2017 18:29,48.628
455,5/10/2017 18:30,48.493
456,5/10/2017 18:31,48.36
457,5/10/2017 18:32,48.315
458,5/10/2017 18:33,48.137
459,5/10/2017 18:34,47.959
460,5/10/2017 18:35,47.826
461,5/10/2017 18:36,47.691
462,5/10/2017 18:37,47.602
463,5/10/2017 18:38,47.467
464,5/10/2017 18:39,47.422
465,5/10/2017 18:40,47.334
466,5/10/2017 18:41,47.244
467,5/10/2017 18:42,47.154
468,5/10/2017 18:43,47.109
469,5/10/2017 18:44,47.019
470,5/10/2017 18:45,46.974
471,5/10/2017 18:46,46.886
472,5/10/2017 18:47,46.841
473,5/10/2017 18:48,46.796
474,5/10/2017 18:49,46.751
475,5/10/2017 18:50,46.706
476,5/10/2017 18:51,46.706
477,5/10/2017 18:52,46.661
478,5/10/2017 18:53,46.616
479,5/10/2017 18:54,46.571
480,5/10/2017 18:55,46.571
481,5/10/2017 18:56,46.526
482,5/10/2017 18:57,46.526
483,5/10/2017 18:58,46.571
484,5/10/2017 18:59,46.211
485,5/10/2017 19:00,46.031
486,5/10/2017 19:01,45.624
487,5/10/2017 19:02,45.262
488,5/10/2017 19:03,45.082
489,5/10/2017 19:04,44.764
490,5/10/2017 19:05,44.537
491,5/10/2017 19:06,44.445
492,5/10/2017 19:07,44.4
493,5/10/2017 19:08,44.355
494,5/10/2017 19:09,44.31
495,5/10/2017 19:10,44.263
496,5/10/2017 19:11,44.263
497,5/10/2017 19:12,44.263
498,5/10/2017 19:13,44.263
499,5/10/2017 19:14,44.263
500,5/10/2017 19:15,44.263
501,5/10/2017 19:16,44.31
502,5/10/2017 19:17,44.31
503,5/10/2017 19:18,44.31
504,5/10/2017 19:19,44.31
505,5/10/2017 19:20,44.355
506,5/10/2017 19:21,44.355
507,5/10/2017 19:22,44.355
508,5/10/2017 19:23,44.355
509,5/10/2017 19:24,44.355
510,5/10/2017 19:25,44.355
511,5/10/2017 19:26,44.355
512,5/10/2017 19:27,44.355
513,5/10/2017 19:28,44.355
514,5/10/2017 19:29,44.355
515,5/10/2017 19:30,44.355
516,5/10/2017 19:31,44.31
517,5/10/2017 19:32,44.31
518,5/10/2017 19:33,44.355
519,5/10/2017 19:34,44.355
520,5/10/2017 19:35,44.355
521,5/10/2017 19:36,44.355
522,5/10/2017 19:37,44.355
523,5/10/2017 19:38,44.355
524,5/10/2017 19:39,44.355
525,5/10/2017 19:40,44.355
526,5/10/2017 19:41,44.355
527,5/10/2017 19:42,44.355
528,5/10/2017 19:43,44.355
529,5/10/2017 19:44,44.355
530,5/10/2017 19:45,44.355
531,5/10/2017 19:46,44.355
532,5/10/2017 19:47,44.355
533,5/10/2017 19:48,44.355
534,5/10/2017 19:49,44.355
535,5/10/2017 19:50,44.355
536,5/10/2017 19:51,44.492
537,5/10/2017 19:52,45.217
538,5/10/2017 19:53,45.534
539,5/10/2017 19:54,45.669
540,5/10/2017 19:55,45.761
541,5/10/2017 19:56,45.669
542,5/10/2017 19:57,45.624
543,5/10/2017 19:58,45.534
544,5/10/2017 19:59,45.579
545,5/10/2017 20:00,45.624
546,5/10/2017 20:01,45.669
547,5/10/2017 20:02,45.669
548,5/10/2017 20:03,45.714
549,5/10/2017 20:04,45.806
550,5/10/2017 20:05,45.806
551,5/10/2017 20:06,45.806
552,5/10/2017 20:07,45.761
553,5/10/2017 20:08,45.714
554,5/10/2017 20:09,45.669
555,5/10/2017 20:10,45.669
556,5/10/2017 20:11,45.624
557,5/10/2017 20:12,45.579
558,5/10/2017 20:13,45.579
559,5/10/2017 20:14,45.579
560,5/10/2017 20:15,45.579
561,5/10/2017 20:16,45.579
562,5/10/2017 20:17,45.579
563,5/10/2017 20:18,45.579
564,5/10/2017 20:19,45.534
565,5/10/2017 20:20,45.534
566,5/10/2017 20:21,45.534
567,5/10/2017 20:22,45.534
568,5/10/2017 20:23,45.534
569,5/10/2017 20:24,45.489
570,5/10/2017 20:25,45.489
571,5/10/2017 20:26,45.489
572,5/10/2017 20:27,45.489
573,5/10/2017 20:28,45.489
574,5/10/2017 20:29,45.444
575,5/10/2017 20:30,45.444
576,5/10/2017 20:31,45.489
577,5/10/2017 20:32,45.489
578,5/10/2017 20:33,45.444
579,5/10/2017 20:34,45.444
580,5/10/2017 20:35,45.444
581,5/10/2017 20:36,45.444
582,5/10/2017 20:37,45.444
583,5/10/2017 20:38,45.399
584,5/10/2017 20:39,45.399
585,5/10/2017 20:40,45.444
586,5/10/2017 20:41,45.444
587,5/10/2017 20:42,45.444
588,5/10/2017 20:43,45.399
589,5/10/2017 20:44,45.399
590,5/10/2017 20:45,45.399
591,5/10/2017 20:46,45.399
592,5/10/2017 20:47,45.399
593,5/10/2017 20:48,45.399
594,5/10/2017 20:49,45.399
595,5/10/2017 20:50,45.399
596,5/10/2017 20:51,45.354
597,5/10/2017 20:52,45.354
598,5/10/2017 20:53,45.354
599,5/10/2017 20:54,45.354
600,5/10/2017 20:55,45.354
601,5/10/2017 20:56,45.354
602,5/10/2017 20:57,45.354
603,5/10/2017 20:58,45.354
604,5/10/2017 20:59,45.354
605,5/10/2017 21:00,45.354
606,5/10/2017 21:01,45.307
607,5/10/2017 21:02,45.307
608,5/10/2017 21:03,45.262
609,5/10/2017 21:04,45.262
610,5/10/2017 21:05,45.262
611,5/10/2017 21:06,45.262
612,5/10/2017 21:07,45.262
613,5/10/2017 21:08,45.307
614,5/10/2017 21:09,45.307
615,5/10/2017 21:10,45.307
616,5/10/2017 21:11,45.354
617,5/10/2017 21:12,45.489
618,5/10/2017 21:13,45.624
619,5/10/2017 21:14,45.669
620,5/10/2017 21:15,45.669
621,5/10/2017 21:16,45.714
622,5/10/2017 21:17,45.714
623,5/10/2017 21:18,45.714
624,5/10/2017 21:19,45.761
625,5/10/2017 21:20,45.714
626,5/10/2017 21:21,45.714
627,5/10/2017 21:22,45.714
628,5/10/2017 21:23,45.714
629,5/10/2017 21:24,45.714
630,5/10/2017 21:25,45.714
631,5/10/2017 21:26,45.714
632,5/10/2017 21:27,45.714
633,5/10/2017 21:28,45.669
634,5/10/2017 21:29,45.714
635,5/10/2017 21:30,45.714
636,5/10/2017 21:31,45.714
637,5/10/2017 21:32,45.669
638,5/10/2017 21:33,45.669
639,5/10/2017 21:34,45.669
640,5/10/2017 21:35,45.669
641,5/10/2017 21:36,45.669
642,5/10/2017 21:37,45.669
643,5/10/2017 21:38,45.669
644,5/10/2017 21:39,45.624
645,5/10/2017 21:40,45.624
646,5/10/2017 21:41,45.624
647,5/10/2017 21:42,45.624
648,5/10/2017 21:43,45.624
649,5/10/2017 21:44,45.624
650,5/10/2017 21:45,45.579
651,5/10/2017 21:46,45.579
652,5/10/2017 21:47,45.579
653,5/10/2017 21:48,45.579
654,5/10/2017 21:49,45.579
655,5/10/2017 21:50,45.579
656,5/10/2017 21:51,45.624
657,5/10/2017 21:52,45.669
658,5/10/2017 21:53,45.624
659,5/10/2017 21:54,45.624
660,5/10/2017 21:55,45.624
661,5/10/2017 21:56,45.579
662,5/10/2017 21:57,45.579
663,5/10/2017 21:58,45.579
664,5/10/2017 21:59,45.579
665,5/10/2017 22:00,45.579
666,5/10/2017 22:01,45.579
667,5/10/2017 22:02,45.579
668,5/10/2017 22:03,45.534
669,5/10/2017 22:04,45.534
670,5/10/2017 22:05,45.579
671,5/10/2017 22:06,45.579
672,5/10/2017 22:07,45.579
673,5/10/2017 22:08,45.534
674,5/10/2017 22:09,45.534
675,5/10/2017 22:10,45.579
676,5/10/2017 22:11,45.534
677,5/10/2017 22:12,45.534
678,5/10/2017 22:13,45.534
679,5/10/2017 22:14,45.534
680,5/10/2017 22:15,45.579
681,5/10/2017 22:16,45.534
682,5/10/2017 22:17,45.534
683,5/10/2017 22:18,45.534
684,5/10/2017 22:19,45.534
685,5/10/2017 22:20,45.534
686,5/10/2017 22:21,45.534
687,5/10/2017 22:22,45.534
688,5/10/2017 22:23,45.534
689,5/10/2017 22:24,45.534
690,5/10/2017 22:25,45.534
691,5/10/2017 22:26,45.534
692,5/10/2017 22:27,45.534
693,5/10/2017 22:28,45.534
694,5/10/2017 22:29,45.534
695,5/10/2017 22:30,45.534
696,5/10/2017 22:31,45.534
697,5/10/2017 22:32,45.534
698,5/10/2017 22:33,45.534
699,5/10/2017 22:34,45.534
700,5/10/2017 22:35,45.534
701,5/10/2017 22:36,45.534
702,5/10/2017 22:37,45.534
703,5/10/2017 22:38,45.534
704,5/10/2017 22:39,45.534
705,5/10/2017 22:40,45.534
706,5/10/2017 22:41,45.534
707,5/10/2017 22:42,45.489
708,5/10/2017 22:43,45.534
709,5/10/2017 22:44,45.534
710,5/10/2017 22:45,45.534
711,5/10/2017 22:46,45.534
712,5/10/2017 22:47,45.489
713,5/10/2017 22:48,45.534
714,5/10/2017 22:49,45.534
715,5/10/2017 22:50,45.489
716,5/10/2017 22:51,45.489
717,5/10/2017 22:52,45.489
718,5/10/2017 22:53,45.489
719,5/10/2017 22:54,45.534
720,5/10/2017 22:55,45.489
721,5/10/2017 22:56,45.489
722,5/10/2017 22:57,45.489
723,5/10/2017 22:58,45.489
724,5/10/2017 22:59,45.489
725,5/10/2017 23:00,45.489
726,5/10/2017 23:01,45.489
727,5/10/2017 23:02,45.489
728,5/10/2017 23:03,45.534
729,5/10/2017 23:04,45.489
730,5/10/2017 23:05,45.489
731,5/10/2017 23:06,45.489
732,5/10/2017 23:07,45.489
733,5/10/2017 23:08,45.489
734,5/10/2017 23:09,45.489
735,5/10/2017 23:10,45.489
736,5/10/2017 23:11,45.489
737,5/10/2017 23:12,45.534
738,5/10/2017 23:13,45.489
739,5/10/2017 23:14,45.489
740,5/10/2017 23:15,45.489
741,5/10/2017 23:16,45.489
742,5/10/2017 23:17,45.489
743,5/10/2017 23:18,45.489
744,5/10/2017 23:19,45.489
745,5/10/2017 23:20,45.489
746,5/10/2017 23:21,45.534
747,5/10/2017 23:22,45.534
748,5/10/2017 23:23,45.489
749,5/10/2017 23:24,45.489
750,5/10/2017 23:25,45.534
751,5/10/2017 23:26,45.534
752,5/10/2017 23:27,45.489
753,5/10/2017 23:28,45.489
754,5/10/2017 23:29,45.489
755,5/10/2017 23:30,45.489
756,5/10/2017 23:31,45.534
757,5/10/2017 23:32,45.489
758,5/10/2017 23:33,45.489
759,5/10/2017 23:34,45.489
760,5/10/2017 23:35,45.489
761,5/10/2017 23:36,45.489
762,5/10/2017 23:37,45.489
763,5/10/2017 23:38,45.534
764,5/10/2017 23:39,45.489
765,5/10/2017 23:40,45.489
766,5/10/2017 23:41,45.489
767,5/10/2017 23:42,45.534
768,5/10/2017 23:43,45.534
769,5/10/2017 23:44,45.534
770,5/10/2017 23:45,45.534
771,5/10/2017 23:46,45.534
772,5/10/2017 23:47,45.489
773,5/10/2017 23:48,45.489
774,5/10/2017 23:49,45.489
775,5/10/2017 23:50,45.534
776,5/10/2017 23:51,45.489
777,5/10/2017 23:52,45.489
778,5/10/2017 23:53,45.489
779,5/10/2017 23:54,45.534
780,5/10/2017 23:55,45.534
781,5/10/2017 23:56,45.489
782,5/10/2017 23:57,45.489
783,5/10/2017 23:58,45.534
784,5/10/2017 23:59,45.534
785,5/11/2017 0:00,45.534
786,5/11/2017 0:01,45.489
787,5/11/2017 0:02,45.534
788,5/11/2017 0:03,45.534
789,5/11/2017 0:04,45.534
790,5/11/2017 0:05,45.489
791,5/11/2017 0:06,45.489
792,5/11/2017 0:07,45.534
793,5/11/2017 0:08,45.534
794,5/11/2017 0:09,45.534
795,5/11/2017 0:10,45.534
796,5/11/2017 0:11,45.489
797,5/11/2017 0:12,45.534
798,5/11/2017 0:13,45.534
799,5/11/2017 0:14,45.489
800,5/11/2017 0:15,45.489
801,5/11/2017 0:16,45.489
802,5/11/2017 0:17,45.489
803,5/11/2017 0:18,45.489
804,5/11/2017 0:19,45.489
805,5/11/2017 0:20,45.489
806,5/11/2017 0:21,45.489
807,5/11/2017 0:22,45.489
808,5/11/2017 0:23,45.534
809,5/11/2017 0:24,45.489
810,5/11/2017 0:25,45.489
811,5/11/2017 0:26,45.489
812,5/11/2017 0:27,45.534
813,5/11/2017 0:28,45.489
814,5/11/2017 0:29,45.489
815,5/11/2017 0:30,45.489
816,5/11/2017 0:31,45.444
817,5/11/2017 0:32,45.444
818,5/11/2017 0:33,45.489
819,5/11/2017 0:34,45.489
820,5/11/2017 0:35,45.444
821,5/11/2017 0:36,45.444
822,5/11/2017 0:37,45.444
823,5/11/2017 0:38,45.489
824,5/11/2017 0:39,45.489
825,5/11/2017 0:40,45.444
826,5/11/2017 0:41,45.444
827,5/11/2017 0:42,45.444
828,5/11/2017 0:43,45.489
829,5/11/2017 0:44,45.444
830,5/11/2017 0:45,45.444
831,5/11/2017 0:46,45.444
832,5/11/2017 0:47,45.444
833,5/11/2017 0:48,45.444
834,5/11/2017 0:49,45.444
835,5/11/2017 0:50,45.444
836,5/11/2017 0:51,45.444
837,5/11/2017 0:52,45.444
838,5/11/2017 0:53,45.444
839,5/11/2017 0:54,45.444
840,5/11/2017 0:55,45.444
841,5/11/2017 0:56,45.399
842,5/11/2017 0:57,45.444
843,5/11/2017 0:58,45.444
844,5/11/2017 0:59,45.444
845,5/11/2017 1:00,45.444
846,5/11/2017 1:01,45.444
847,5/11/2017 1:02,45.489
848,5/11/2017 1:03,45.489
849,5/11/2017 1:04,45.489
850,5/11/2017 1:05,45.489
851,5/11/2017 1:06,45.489
852,5/11/2017 1:07,45.489
853,5/11/2017 1:08,45.444
854,5/11/2017 1:09,45.444
855,5/11/2017 1:10,45.444
856,5/11/2017 1:11,45.444
857,5/11/2017 1:12,45.489
858,5/11/2017 1:13,45.444
859,5/11/2017 1:14,45.444
860,5/11/2017 1:15,45.444
861,5/11/2017 1:16,45.444
862,5/11/2017 1:17,45.444
863,5/11/2017 1:18,45.444
864,5/11/2017 1:19,45.444
865,5/11/2017 1:20,45.399
866,5/11/2017 1:21,45.444
867,5/11/2017 1:22,45.444
868,5/11/2017 1:23,45.444
869,5/11/2017 1:24,45.444
870,5/11/2017 1:25,45.444
871,5/11/2017 1:26,45.489
872,5/11/2017 1:27,45.489
873,5/11/2017 1:28,45.489
874,5/11/2017 1:29,45.489
875,5/11/2017 1:30,45.489
876,5/11/2017 1:31,45.489
877,5/11/2017 1:32,45.489
878,5/11/2017 1:33,45.489
879,5/11/2017 1:34,45.534
880,5/11/2017 1:35,45.489
881,5/11/2017 1:36,45.444
882,5/11/2017 1:37,45.489
883,5/11/2017 1:38,45.489
884,5/11/2017 1:39,45.489
885,5/11/2017 1:40,45.489
886,5/11/2017 1:41,45.489
887,5/11/2017 1:42,45.534
888,5/11/2017 1:43,45.534
889,5/11/2017 1:44,45.489
890,5/11/2017 1:45,45.534
891,5/11/2017 1:46,45.534
892,5/11/2017 1:47,45.534
893,5/11/2017 1:48,45.489
894,5/11/2017 1:49,45.489
895,5/11/2017 1:50,45.489
896,5/11/2017 1:51,45.534
897,5/11/2017 1:52,45.489
898,5/11/2017 1:53,45.489
899,5/11/2017 1:54,45.489
900,5/11/2017 1:55,45.534
901,5/11/2017 1:56,45.534
902,5/11/2017 1:57,45.534
903,5/11/2017 1:58,45.534
904,5/11/2017 1:59,45.489
905,5/11/2017 2:00,45.489
906,5/11/2017 2:01,45.534
907,5/11/2017 2:02,45.534
908,5/11/2017 2:03,45.534
909,5/11/2017 2:04,45.489
910,5/11/2017 2:05,45.489
911,5/11/2017 2:06,45.534
912,5/11/2017 2:07,45.534
913,5/11/2017 2:08,45.489
914,5/11/2017 2:09,45.489
915,5/11/2017 2:10,45.444
916,5/11/2017 2:11,45.489
917,5/11/2017 2:12,45.534
918,5/11/2017 2:13,45.489
919,5/11/2017 2:14,45.489
920,5/11/2017 2:15,45.444
921,5/11/2017 2:16,45.489
922,5/11/2017 2:17,45.534
923,5/11/2017 2:18,45.489
924,5/11/2017 2:19,45.489
925,5/11/2017 2:20,45.489
926,5/11/2017 2:21,45.489
927,5/11/2017 2:22,45.489
928,5/11/2017 2:23,45.444
929,5/11/2017 2:24,45.444
930,5/11/2017 2:25,45.444
931,5/11/2017 2:26,45.489
932,5/11/2017 2:27,45.444
933,5/11/2017 2:28,45.444
934,5/11/2017 2:29,45.444
935,5/11/2017 2:30,45.489
936,5/11/2017 2:31,45.444
937,5/11/2017 2:32,45.444
938,5/11/2017 2:33,45.444
939,5/11/2017 2:34,45.444
940,5/11/2017 2:35,45.444
941,5/11/2017 2:36,45.444
942,5/11/2017 2:37,45.444
943,5/11/2017 2:38,45.444
944,5/11/2017 2:39,45.444
945,5/11/2017 2:40,45.444
946,5/11/2017 2:41,45.399
947,5/11/2017 2:42,45.399
948,5/11/2017 2:43,45.399
949,5/11/2017 2:44,45.399
950,5/11/2017 2:45,45.399
951,5/11/2017 2:46,45.399
952,5/11/2017 2:47,45.399
953,5/11/2017 2:48,45.444
954,5/11/2017 2:49,45.399
955,5/11/2017 2:50,45.399
956,5/11/2017 2:51,45.399
957,5/11/2017 2:52,45.399
958,5/11/2017 2:53,45.399
959,5/11/2017 2:54,45.444
960,5/11/2017 2:55,45.399
961,5/11/2017 2:56,45.399
962,5/11/2017 2:57,45.444
963,5/11/2017 2:58,45.444
964,5/11/2017 2:59,45.399
965,5/11/2017 3:00,45.399
966,5/11/2017 3:01,45.399
967,5/11/2017 3:02,45.444
968,5/11/2017 3:03,45.444
969,5/11/2017 3:04,45.444
970,5/11/2017 3:05,45.399
971,5/11/2017 3:06,45.399
972,5/11/2017 3:07,45.444
973,5/11/2017 3:08,45.399
974,5/11/2017 3:09,45.444
975,5/11/2017 3:10,45.444
976,5/11/2017 3:11,45.444
977,5/11/2017 3:12,45.399
978,5/11/2017 3:13,45.354
979,5/11/2017 3:14,45.399
980,5/11/2017 3:15,45.399
981,5/11/2017 3:16,45.399
982,5/11/2017 3:17,45.399
983,5/11/2017 3:18,45.399
984,5/11/2017 3:19,45.444
985,5/11/2017 3:20,45.444
986,5/11/2017 3:21,45.399
987,5/11/2017 3:22,45.399
988,5/11/2017 3:23,45.399
989,5/11/2017 3:24,45.399
990,5/11/2017 3:25,45.399
991,5/11/2017 3:26,45.399
992,5/11/2017 3:27,45.399
993,5/11/2017 3:28,45.399
994,5/11/2017 3:29,45.354
995,5/11/2017 3:30,45.399
996,5/11/2017 3:31,45.399
997,5/11/2017 3:32,45.354
998,5/11/2017 3:33,45.354
999,5/11/2017 3:34,45.354
1000,5/11/2017 3:35,45.399
1001,5/11/2017 3:36,45.354
1002,5/11/2017 3:37,45.354
1003,5/11/2017 3:38,45.354
1004,5/11/2017 3:39,45.399
1005,5/11/2017 3:40,45.399
1006,5/11/2017 3:41,45.399
1007,5/11/2017 3:42,45.354
1008,5/11/2017 3:43,45.354
1009,5/11/2017 3:44,45.354
1010,5/11/2017 3:45,45.354
1011,5/11/2017 3:46,45.307
1012,5/11/2017 3:47,45.307
1013,5/11/2017 3:48,45.307
1014,5/11/2017 3:49,45.354
1015,5/11/2017 3:50,45.354
1016,5/11/2017 3:51,45.354
1017,5/11/2017 3:52,45.307
1018,5/11/2017 3:53,45.307
1019,5/11/2017 3:54,45.354
1020,5/11/2017 3:55,45.354
1021,5/11/2017 3:56,45.354
1022,5/11/2017 3:57,45.307
1023,5/11/2017 3:58,45.354
1024,5/11/2017 3:59,45.354
1025,5/11/2017 4:00,45.354
1026,5/11/2017 4:01,45.354
1027,5/11/2017 4:02,45.354
1028,5/11/2017 4:03,45.354
1029,5/11/2017 4:04,45.354
1030,5/11/2017 4:05,45.354
1031,5/11/2017 4:06,45.354
1032,5/11/2017 4:07,45.354
1033,5/11/2017 4:08,45.354
1034,5/11/2017 4:09,45.399
1035,5/11/2017 4:10,45.354
1036,5/11/2017 4:11,45.354
1037,5/11/2017 4:12,45.354
1038,5/11/2017 4:13,45.399
1039,5/11/2017 4:14,45.354
1040,5/11/2017 4:15,45.354
1041,5/11/2017 4:16,45.354
1042,5/11/2017 4:17,45.399
1043,5/11/2017 4:18,45.354
1044,5/11/2017 4:19,45.354
1045,5/11/2017 4:20,45.354
1046,5/11/2017 4:21,45.354
1047,5/11/2017 4:22,45.354
1048,5/11/2017 4:23,45.354
1049,5/11/2017 4:24,45.354
1050,5/11/2017 4:25,45.354
1051,5/11/2017 4:26,45.354
1052,5/11/2017 4:27,45.354
1053,5/11/2017 4:28,45.354
1054,5/11/2017 4:29,45.354
1055,5/11/2017 4:30,45.354
1056,5/11/2017 4:31,45.354
1057,5/11/2017 4:32,45.354
1058,5/11/2017 4:33,45.354
1059,5/11/2017 4:34,45.354
1060,5/11/2017 4:35,45.354
1061,5/11/2017 4:36,45.399
1062,5/11/2017 4:37,45.399
1063,5/11/2017 4:38,45.354
1064,5/11/2017 4:39,45.354
1065,5/11/2017 4:40,45.399
1066,5/11/2017 4:41,45.399
1067,5/11/2017 4:42,45.354
1068,5/11/2017 4:43,45.354
1069,5/11/2017 4:44,45.399
1070,5/11/2017 4:45,45.444
1071,5/11/2017 4:46,45.399
1072,5/11/2017 4:47,45.399
1073,5/11/2017 4:48,45.399
1074,5/11/2017 4:49,45.444
1075,5/11/2017 4:50,45.444
1076,5/11/2017 4:51,45.444
1077,5/11/2017 4:52,45.399
1078,5/11/2017 4:53,45.444
1079,5/11/2017 4:54,45.444
1080,5/11/2017 4:55,45.399
1081,5/11/2017 4:56,45.399
1082,5/11/2017 4:57,45.399
1083,5/11/2017 4:58,45.444
1084,5/11/2017 4:59,45.444
1085,5/11/2017 5:00,45.444
1086,5/11/2017 5:01,45.444
1087,5/11/2017 5:02,45.399
1088,5/11/2017 5:03,45.444
1089,5/11/2017 5:04,45.354
1090,5/11/2017 5:05,45.399
1091,5/11/2017 5:06,45.354
1092,5/11/2017 5:07,45.354
1093,5/11/2017 5:08,45.354
1094,5/11/2017 5:09,45.354
1095,5/11/2017 5:10,45.354
1096,5/11/2017 5:11,45.354
1097,5/11/2017 5:12,45.399
1098,5/11/2017 5:13,45.399
1099,5/11/2017 5:14,45.399
1100,5/11/2017 5:15,45.399
1101,5/11/2017 5:16,45.399
1102,5/11/2017 5:17,45.444
1103,5/11/2017 5:18,45.444
1104,5/11/2017 5:19,45.489
1105,5/11/2017 5:20,45.489
1106,5/11/2017 5:21,45.489
1107,5/11/2017 5:22,45.489
1108,5/11/2017 5:23,45.534
1109,5/11/2017 5:24,45.534
1110,5/11/2017 5:25,45.534
1111,5/11/2017 5:26,45.534
1112,5/11/2017 5:27,45.579
1113,5/11/2017 5:28,45.579
1114,5/11/2017 5:29,45.579
1115,5/11/2017 5:30,45.579
1116,5/11/2017 5:31,45.579
1117,5/11/2017 5:32,45.624
1118,5/11/2017 5:33,45.624
1119,5/11/2017 5:34,45.624
1120,5/11/2017 5:35,45.624
1121,5/11/2017 5:36,45.624
1122,5/11/2017 5:37,45.624
1123,5/11/2017 5:38,45.669
1124,5/11/2017 5:39,45.669
1125,5/11/2017 5:40,45.669
1126,5/11/2017 5:41,45.669
1127,5/11/2017 5:42,45.669
1128,5/11/2017 5:43,45.714
1129,5/11/2017 5:44,45.714
1130,5/11/2017 5:45,45.714
1131,5/11/2017 5:46,45.761
1132,5/11/2017 5:47,45.761
1133,5/11/2017 5:48,45.806
1134,5/11/2017 5:49,45.806
1135,5/11/2017 5:50,45.806
1136,5/11/2017 5:51,45.851
1137,5/11/2017 5:52,46.031
1138,5/11/2017 5:53,45.896
1139,5/11/2017 5:54,45.806
1140,5/11/2017 5:55,45.806
1141,5/11/2017 5:56,45.761
1142,5/11/2017 5:57,45.761
1143,5/11/2017 5:58,45.806
1144,5/11/2017 5:59,45.761
1145,5/11/2017 6:00,45.761
1146,5/11/2017 6:01,45.806
1147,5/11/2017 6:02,45.806
1148,5/11/2017 6:03,45.851
1149,5/11/2017 6:04,45.941
1150,5/11/2017 6:05,45.896
1151,5/11/2017 6:06,45.851
1152,5/11/2017 6:07,45.714
1153,5/11/2017 6:08,45.669
1154,5/11/2017 6:09,45.489
1155,5/11/2017 6:10,45.172
1156,5/11/2017 6:11,44.946
1157,5/11/2017 6:12,44.719
1158,5/11/2017 6:13,44.582
1159,5/11/2017 6:14,44.4
1160,5/11/2017 6:15,44.127
1161,5/11/2017 6:16,43.99
1162,5/11/2017 6:17,43.945
1163,5/11/2017 6:18,43.9
1164,5/11/2017 6:19,43.9
1165,5/11/2017 6:20,43.9
1166,5/11/2017 6:21,43.9
1167,5/11/2017 6:22,43.9
1168,5/11/2017 6:23,43.853
1169,5/11/2017 6:24,43.853
1170,5/11/2017 6:25,43.853
1171,5/11/2017 6:26,43.853
1172,5/11/2017 6:27,43.853
1173,5/11/2017 6:28,43.853
1174,5/11/2017 6:29,43.853
1175,5/11/2017 6:30,43.9
1176,5/11/2017 6:31,43.9
1177,5/11/2017 6:32,43.9
1178,5/11/2017 6:33,43.9
1179,5/11/2017 6:34,43.9
1180,5/11/2017 6:35,43.9
1181,5/11/2017 6:36,43.9
1182,5/11/2017 6:37,43.9
1183,5/11/2017 6:38,43.9
1184,5/11/2017 6:39,43.9
1185,5/11/2017 6:40,43.9
1186,5/11/2017 6:41,43.945
1187,5/11/2017 6:42,43.945
1188,5/11/2017 6:43,43.945
1189,5/11/2017 6:44,43.945
1190,5/11/2017 6:45,43.945
1191,5/11/2017 6:46,43.945
1192,5/11/2017 6:47,43.945
1193,5/11/2017 6:48,43.945
1194,5/11/2017 6:49,43.99
1195,5/11/2017 6:50,43.99
1196,5/11/2017 6:51,43.99
1197,5/11/2017 6:52,43.99
1198,5/11/2017 6:53,43.99
1199,5/11/2017 6:54,43.99
1200,5/11/2017 6:55,44.127
1201,5/11/2017 6:56,44.445
1202,5/11/2017 6:57,45.127
1203,5/11/2017 6:58,45.399
1204,5/11/2017 6:59,45.534
1205,5/11/2017 7:00,45.579
1206,5/11/2017 7:01,45.624
1207,5/11/2017 7:02,45.624
1208,5/11/2017 7:03,45.851
1209,5/11/2017 7:04,45.806
1210,5/11/2017 7:05,45.761
1211,5/11/2017 7:06,45.714
1212,5/11/2017 7:07,45.669
1213,5/11/2017 7:08,45.624
1214,5/11/2017 7:09,45.624
1215,5/11/2017 7:10,45.579
1216,5/11/2017 7:11,45.579
1217,5/11/2017 7:12,45.534
1218,5/11/2017 7:13,45.534
1219,5/11/2017 7:14,45.534
1220,5/11/2017 7:15,45.534
1221,5/11/2017 7:16,45.534
1222,5/11/2017 7:17,45.534
1223,5/11/2017 7:18,45.534
1224,5/11/2017 7:19,45.534
1225,5/11/2017 7:20,45.534
1226,5/11/2017 7:21,45.534
1227,5/11/2017 7:22,45.534
1228,5/11/2017 7:23,45.534
1229,5/11/2017 7:24,45.534
1230,5/11/2017 7:25,45.534
1231,5/11/2017 7:26,45.579
1232,5/11/2017 7:27,45.579
1233,5/11/2017 7:28,45.579
1234,5/11/2017 7:29,45.579
1235,5/11/2017 7:30,45.579
1236,5/11/2017 7:31,45.579
1237,5/11/2017 7:32,45.579
1238,5/11/2017 7:33,45.579
1239,5/11/2017 7:34,45.579
1240,5/11/2017 7:35,45.579
1241,5/11/2017 7:36,45.579
1242,5/11/2017 7:37,45.579
1243,5/11/2017 7:38,45.624
1244,5/11/2017 7:39,45.941
1245,5/11/2017 7:40,46.211
1246,5/11/2017 7:41,46.256
1247,5/11/2017 7:42,46.211
1248,5/11/2017 7:43,46.166
1249,5/11/2017 7:44,46.121
1250,5/11/2017 7:45,45.806
1251,5/11/2017 7:46,45.714
1252,5/11/2017 7:47,45.534
1253,5/11/2017 7:48,45.217
1254,5/11/2017 7:49,45.036
1255,5/11/2017 7:50,44.674
1256,5/11/2017 7:51,44.173
1257,5/11/2017 7:52,43.9
1258,5/11/2017 7:53,43.808
1259,5/11/2017 7:54,43.716
1260,5/11/2017 7:55,43.671
1261,5/11/2017 7:56,43.671
1262,5/11/2017 7:57,43.671
1263,5/11/2017 7:58,43.671
1264,5/11/2017 7:59,43.671
1265,5/11/2017 8:00,43.671
1266,5/11/2017 8:01,43.671
1267,5/11/2017 8:02,43.624
1268,5/11/2017 8:03,43.624
1269,5/11/2017 8:04,43.671
1270,5/11/2017 8:05,43.624
1271,5/11/2017 8:06,43.624
1272,5/11/2017 8:07,43.624
1273,5/11/2017 8:08,43.624
1274,5/11/2017 8:09,43.624
1275,5/11/2017 8:10,43.624
1276,5/11/2017 8:11,43.624
1277,5/11/2017 8:12,43.624
1278,5/11/2017 8:13,43.624
1279,5/11/2017 8:14,43.624
1280,5/11/2017 8:15,43.624
1281,5/11/2017 8:16,43.624
1282,5/11/2017 8:17,43.624
1283,5/11/2017 8:18,43.624
1284,5/11/2017 8:19,43.624
1285,5/11/2017 8:20,43.624
1286,5/11/2017 8:21,43.624
1287,5/11/2017 8:22,43.624
1288,5/11/2017 8:23,43.624
1289,5/11/2017 8:24,43.624
1290,5/11/2017 8:25,43.624
1291,5/11/2017 8:26,43.624
1292,5/11/2017 8:27,43.624
1293,5/11/2017 8:28,43.716
1294,5/11/2017 8:29,44.355
1295,5/11/2017 8:30,44.674
1296,5/11/2017 8:31,44.856
1297,5/11/2017 8:32,45.082
1298,5/11/2017 8:33,45.354
1299,5/11/2017 8:34,45.534
1300,5/11/2017 8:35,45.534
1301,5/11/2017 8:36,45.579
1302,5/11/2017 8:37,45.624
1303,5/11/2017 8:38,45.761
1304,5/11/2017 8:39,45.896
1305,5/11/2017 8:40,45.941
1306,5/11/2017 8:41,45.941
1307,5/11/2017 8:42,46.031
1308,5/11/2017 8:43,46.166
1309,5/11/2017 8:44,46.166
1310,5/11/2017 8:45,46.211
1311,5/11/2017 8:46,46.481
1312,5/11/2017 8:47,46.796
1313,5/11/2017 8:48,46.974
1314,5/11/2017 8:49,47.199
1315,5/11/2017 8:50,47.199
1316,5/11/2017 8:51,47.289
1317,5/11/2017 8:52,47.467
1318,5/11/2017 8:53,47.602
1319,5/11/2017 8:54,47.781
1320,5/11/2017 8:55,47.871
1321,5/11/2017 8:56,47.914
1322,5/11/2017 8:57,48.094
1323,5/11/2017 8:58,48.272
1324,5/11/2017 8:59,48.182
1325,5/11/2017 9:00,48.049
1326,5/11/2017 9:01,48.182
1327,5/11/2017 9:02,48.272
1328,5/11/2017 9:03,48.538
1329,5/11/2017 9:04,48.762
1330,5/11/2017 9:05,48.85
1331,5/11/2017 9:06,48.85
1332,5/11/2017 9:07,48.895
1333,5/11/2017 9:08,48.805
1334,5/11/2017 9:09,48.895
1335,5/11/2017 9:10,49.073
1336,5/11/2017 9:11,49.161
1337,5/11/2017 9:12,49.383
1338,5/11/2017 9:13,49.428
1339,5/11/2017 9:14,49.383
1340,5/11/2017 9:15,49.383
1341,5/11/2017 9:16,49.294
1342,5/11/2017 9:17,49.561
1343,5/11/2017 9:18,49.116
1344,5/11/2017 9:19,48.538
1345,5/11/2017 9:20,48.049
1346,5/11/2017 9:21,47.691
1347,5/11/2017 9:22,47.422
1348,5/11/2017 9:23,47.244
1349,5/11/2017 9:24,47.064
1350,5/11/2017 9:25,46.974
1351,5/11/2017 9:26,46.796
1352,5/11/2017 9:27,46.706
1353,5/11/2017 9:28,46.661
1354,5/11/2017 9:29,46.616
1355,5/11/2017 9:30,46.616
1356,5/11/2017 9:31,46.571
1357,5/11/2017 9:32,46.526
1358,5/11/2017 9:33,46.481
1359,5/11/2017 9:34,46.436
1360,5/11/2017 9:35,46.391
1361,5/11/2017 9:36,46.346
1362,5/11/2017 9:37,46.301
1363,5/11/2017 9:38,46.346
1364,5/11/2017 9:39,46.256
1365,5/11/2017 9:40,46.256
1366,5/11/2017 9:41,46.211
1367,5/11/2017 9:42,46.166
1368,5/11/2017 9:43,46.121
1369,5/11/2017 9:44,46.121
1370,5/11/2017 9:45,46.076
1371,5/11/2017 9:46,45.986
1372,5/11/2017 9:47,46.031
1373,5/11/2017 9:48,45.986
1374,5/11/2017 9:49,46.031
1375,5/11/2017 9:50,45.986
1376,5/11/2017 9:51,45.986
1377,5/11/2017 9:52,46.121
1378,5/11/2017 9:53,46.211
1379,5/11/2017 9:54,46.211
1380,5/11/2017 9:55,46.031
1381,5/11/2017 9:56,46.031
1382,5/11/2017 9:57,45.806
1383,5/11/2017 9:58,45.714
1384,5/11/2017 9:59,45.354
1385,5/11/2017 10:00,45.172
1386,5/11/2017 10:01,44.674
1387,5/11/2017 10:02,44.355
1388,5/11/2017 10:03,44.218
1389,5/11/2017 10:04,44.127
1390,5/11/2017 10:05,44.127
1391,5/11/2017 10:06,44.082
1392,5/11/2017 10:07,44.082
1393,5/11/2017 10:08,44.082
1394,5/11/2017 10:09,44.082
1395,5/11/2017 10:10,44.082
1396,5/11/2017 10:11,44.082
1397,5/11/2017 10:12,44.082
1398,5/11/2017 10:13,44.037
1399,5/11/2017 10:14,44.037
1400,5/11/2017 10:15,44.037
1401,5/11/2017 10:16,44.037
1402,5/11/2017 10:17,44.037
1403,5/11/2017 10:18,44.037
1404,5/11/2017 10:19,44.037
1405,5/11/2017 10:20,43.99
1406,5/11/2017 10:21,43.9
1407,5/11/2017 10:22,43.853
1408,5/11/2017 10:23,43.9
1409,5/11/2017 10:24,43.9
1410,5/11/2017 10:25,43.9
1411,5/11/2017 10:26,43.853
1412,5/11/2017 10:27,43.808
1413,5/11/2017 10:28,43.808
1414,5/11/2017 10:29,43.808
1415,5/11/2017 10:30,43.808
1416,5/11/2017 10:31,43.763
1417,5/11/2017 10:32,43.763
1418,5/11/2017 10:33,43.763
1419,5/11/2017 10:34,43.763
1420,5/11/2017 10:35,43.716
1421,5/11/2017 10:36,43.716
1422,5/11/2017 10:37,43.99
1423,5/11/2017 10:38,44.537
1424,5/11/2017 10:39,44.856
1425,5/11/2017 10:40,45.489
1426,5/11/2017 10:41,45.714
1427,5/11/2017 10:42,45.761
1428,5/11/2017 10:43,45.761
1429,5/11/2017 10:44,45.896
1430,5/11/2017 10:45,45.896
1431,5/11/2017 10:46,45.896
1432,5/11/2017 10:47,46.391
1433,5/11/2017 10:48,46.751
1434,5/11/2017 10:49,46.841
1435,5/11/2017 10:50,47.736
1436,5/11/2017 10:51,48.315
1437,5/11/2017 10:52,48.227
1438,5/11/2017 10:53,48.895
1439,5/11/2017 10:54,48.717
1440,5/11/2017 10:55,48.583
1441,5/11/2017 10:56,48.628
1442,5/11/2017 10:57,48.895
1443,5/11/2017 10:58,49.073
1444,5/11/2017 10:59,49.073
1445,5/11/2017 11:00,49.249
1446,5/11/2017 11:01,49.516
1447,5/11/2017 11:02,49.294
1448,5/11/2017 11:03,48.762
1449,5/11/2017 11:04,48.672
1450,5/11/2017 11:05,48.315
1451,5/11/2017 11:06,46.886
1452,5/11/2017 11:07,46.436
1453,5/11/2017 11:08,45.624
1454,5/11/2017 11:09,45.127
1455,5/11/2017 11:10,44.856
1456,5/11/2017 11:11,44.582
1457,5/11/2017 11:12,44.173
1458,5/11/2017 11:13,43.945
1459,5/11/2017 11:14,43.808
1460,5/11/2017 11:15,43.716
1461,5/11/2017 11:16,43.671
1462,5/11/2017 11:17,43.671
1463,5/11/2017 11:18,43.671
1464,5/11/2017 11:19,43.624
1465,5/11/2017 11:20,43.624
1466,5/11/2017 11:21,43.624
1467,5/11/2017 11:22,43.624
1468,5/11/2017 11:23,43.624
1469,5/11/2017 11:24,43.624
1470,5/11/2017 11:25,43.624
1471,5/11/2017 11:26,43.671
1472,5/11/2017 11:27,43.671
1473,5/11/2017 11:28,43.671
1474,5/11/2017 11:29,43.671
1475,5/11/2017 11:30,43.671
1476,5/11/2017 11:31,43.671
1477,5/11/2017 11:32,43.671
1478,5/11/2017 11:33,43.671
1479,5/11/2017 11:34,43.671
1480,5/11/2017 11:35,43.671
1481,5/11/2017 11:36,43.671
1482,5/11/2017 11:37,43.671
1483,5/11/2017 11:38,43.716
1484,5/11/2017 11:39,43.716
1485,5/11/2017 11:40,43.716
1486,5/11/2017 11:41,43.716
1487,5/11/2017 11:42,43.716
1488,5/11/2017 11:43,43.716
1489,5/11/2017 11:44,43.716
1490,5/11/2017 11:45,43.716
1491,5/11/2017 11:46,43.716
1492,5/11/2017 11:47,43.763
1493,5/11/2017 11:48,43.763
1494,5/11/2017 11:49,43.716
1495,5/11/2017 11:50,44.218
1496,5/11/2017 11:51,44.492
1497,5/11/2017 11:52,45.489
1498,5/11/2017 11:53,45.714
1499,5/11/2017 11:54,45.761
1500,5/11/2017 11:55,45.986
1501,5/11/2017 11:56,46.076
1502,5/11/2017 11:57,46.166
1503,5/11/2017 11:58,46.346
1504,5/11/2017 11:59,46.436
1505,5/11/2017 12:00,46.571
1506,5/11/2017 12:01,46.706
1507,5/11/2017 12:02,46.886
1508,5/11/2017 12:03,47.109
1509,5/11/2017 12:04,47.289
1510,5/11/2017 12:05,47.422
1511,5/11/2017 12:06,47.512
1512,5/11/2017 12:07,47.602
1513,5/11/2017 12:08,47.736
1514,5/11/2017 12:09,47.826
1515,5/11/2017 12:10,47.914
1516,5/11/2017 12:11,48.004
1517,5/11/2017 12:12,48.049
1518,5/11/2017 12:13,48.672
1519,5/11/2017 12:14,48.762
1520,5/11/2017 12:15,48.85
1521,5/11/2017 12:16,47.244
1522,5/11/2017 12:17,46.436
1523,5/11/2017 12:18,45.624
1524,5/11/2017 12:19,45.082
1525,5/11/2017 12:20,44.856
1526,5/11/2017 12:21,44.582
1527,5/11/2017 12:22,43.853
1528,5/11/2017 12:23,43.443
1529,5/11/2017 12:24,43.214
1530,5/11/2017 12:25,43.122
1531,5/11/2017 12:26,43.075
1532,5/11/2017 12:27,43.03
1533,5/11/2017 12:28,43.03
1534,5/11/2017 12:29,43.03
1535,5/11/2017 12:30,43.03
1536,5/11/2017 12:31,43.03
1537,5/11/2017 12:32,43.03
1538,5/11/2017 12:33,43.03
1539,5/11/2017 12:34,43.03
1540,5/11/2017 12:35,43.03
1541,5/11/2017 12:36,43.03
1542,5/11/2017 12:37,43.03
1543,5/11/2017 12:38,43.03
1544,5/11/2017 12:39,43.03
1545,5/11/2017 12:40,43.03
1546,5/11/2017 12:41,43.03
1547,5/11/2017 12:42,43.03
1548,5/11/2017 12:43,43.03
1549,5/11/2017 12:44,43.03
1550,5/11/2017 12:45,43.03
1551,5/11/2017 12:46,43.03
1552,5/11/2017 12:47,43.03
1553,5/11/2017 12:48,43.03
1554,5/11/2017 12:49,43.03
1555,5/11/2017 12:50,43.03
1556,5/11/2017 12:51,43.03
1557,5/11/2017 12:52,43.03
1558,5/11/2017 12:53,43.075
1559,5/11/2017 12:54,43.075
1560,5/11/2017 12:55,43.075
1561,5/11/2017 12:56,43.075
1562,5/11/2017 12:57,43.075
1563,5/11/2017 12:58,43.122
1564,5/11/2017 12:59,43.122
1565,5/11/2017 13:00,43.122
1566,5/11/2017 13:01,43.808
1567,5/11/2017 13:02,44.218
1568,5/11/2017 13:03,45.444
1569,5/11/2017 13:04,45.806
1570,5/11/2017 13:05,45.896
1571,5/11/2017 13:06,45.986
1572,5/11/2017 13:07,45.941
1573,5/11/2017 13:08,46.211
1574,5/11/2017 13:09,46.616
1575,5/11/2017 13:10,47.422
1576,5/11/2017 13:11,48.049
1577,5/11/2017 13:12,48.493
1578,5/11/2017 13:13,48.895
1579,5/11/2017 13:14,49.249
1580,5/11/2017 13:15,49.471
1581,5/11/2017 13:16,49.692
1582,5/11/2017 13:17,49.87
1583,5/11/2017 13:18,50.047
1584,5/11/2017 13:19,50.18
1585,5/11/2017 13:20,50.356
1586,5/11/2017 13:21,50.4
1587,5/11/2017 13:22,50.4
1588,5/11/2017 13:23,50.18
1589,5/11/2017 13:24,49.649
1590,5/11/2017 13:25,49.914
1591,5/11/2017 13:26,50.047
1592,5/11/2017 13:27,50.18
1593,5/11/2017 13:28,47.959
1594,5/11/2017 13:29,47.199
1595,5/11/2017 13:30,45.986
1596,5/11/2017 13:31,45.262
1597,5/11/2017 13:32,44.946
1598,5/11/2017 13:33,44.719
1599,5/11/2017 13:34,44.173
1600,5/11/2017 13:35,43.671
1601,5/11/2017 13:36,43.443
1602,5/11/2017 13:37,43.259
1603,5/11/2017 13:38,43.167
1604,5/11/2017 13:39,43.167
1605,5/11/2017 13:40,43.122
1606,5/11/2017 13:41,43.122
1607,5/11/2017 13:42,43.122
1608,5/11/2017 13:43,43.122
1609,5/11/2017 13:44,43.122
1610,5/11/2017 13:45,43.122
1611,5/11/2017 13:46,43.122
1612,5/11/2017 13:47,43.122
1613,5/11/2017 13:48,43.122
1614,5/11/2017 13:49,43.122
1615,5/11/2017 13:50,43.167
1616,5/11/2017 13:51,43.167
1617,5/11/2017 13:52,43.167
1618,5/11/2017 13:53,43.167
1619,5/11/2017 13:54,43.214
1620,5/11/2017 13:55,43.214
1621,5/11/2017 13:56,43.214
1622,5/11/2017 13:57,43.214
1623,5/11/2017 13:58,43.214
1624,5/11/2017 13:59,43.214
1625,5/11/2017 14:00,43.214
1626,5/11/2017 14:01,43.259
1627,5/11/2017 14:02,43.259
1628,5/11/2017 14:03,43.259
1629,5/11/2017 14:04,43.259
1630,5/11/2017 14:05,43.259
1631,5/11/2017 14:06,43.259
1632,5/11/2017 14:07,43.259
1633,5/11/2017 14:08,43.259
1634,5/11/2017 14:09,43.259
1635,5/11/2017 14:10,43.259
1636,5/11/2017 14:11,43.259
1637,5/11/2017 14:12,43.306
1638,5/11/2017 14:13,43.306
1639,5/11/2017 14:14,43.306
1640,5/11/2017 14:15,43.306
1641,5/11/2017 14:16,43.306
1642,5/11/2017 14:17,43.306
1643,5/11/2017 14:18,43.306
1644,5/11/2017 14:19,43.351
1645,5/11/2017 14:20,43.9
1646,5/11/2017 14:21,44.31
1647,5/11/2017 14:22,45.172
1648,5/11/2017 14:23,45.806
1649,5/11/2017 14:24,45.851
1650,5/11/2017 14:25,46.166
1651,5/11/2017 14:26,47.154
1652,5/11/2017 14:27,49.338
1653,5/11/2017 14:28,50.974
1654,5/11/2017 14:29,52.378
1655,5/11/2017 14:30,53.427
1656,5/11/2017 14:31,54.126
1657,5/11/2017 14:32,54.734
1658,5/11/2017 14:33,55.256
1659,5/11/2017 14:34,55.776
1660,5/11/2017 14:35,56.165
1661,5/11/2017 14:36,56.642
1662,5/11/2017 14:37,56.901
1663,5/11/2017 14:38,57.117
1664,5/11/2017 14:39,56.772
1665,5/11/2017 14:40,56.599
1666,5/11/2017 14:41,57.204
1667,5/11/2017 14:42,57.247
1668,5/11/2017 14:43,57.247
1669,5/11/2017 14:44,56.035
1670,5/11/2017 14:45,54.255
1671,5/11/2017 14:46,53.253
1672,5/11/2017 14:47,52.423
1673,5/11/2017 14:48,50.002
1674,5/11/2017 14:49,48.094
1675,5/11/2017 14:50,46.751
1676,5/11/2017 14:51,45.624
1677,5/11/2017 14:52,45.127
1678,5/11/2017 14:53,44.764
1679,5/11/2017 14:54,44.082
1680,5/11/2017 14:55,43.534
1681,5/11/2017 14:56,43.306
1682,5/11/2017 14:57,43.167
1683,5/11/2017 14:58,43.122
1684,5/11/2017 14:59,43.075
1685,5/11/2017 15:00,43.03
1686,5/11/2017 15:01,43.03
1687,5/11/2017 15:02,43.03
1688,5/11/2017 15:03,43.03
1689,5/11/2017 15:04,43.03
1690,5/11/2017 15:05,42.984
1691,5/11/2017 15:06,43.03
1692,5/11/2017 15:07,42.984
1693,5/11/2017 15:08,43.03
1694,5/11/2017 15:09,42.984
1695,5/11/2017 15:10,43.03
1696,5/11/2017 15:11,42.984
1697,5/11/2017 15:12,43.03
1698,5/11/2017 15:13,43.03
1699,5/11/2017 15:14,43.03
1700,5/11/2017 15:15,43.03
1701,5/11/2017 15:16,43.03
1702,5/11/2017 15:17,43.03
1703,5/11/2017 15:18,43.03
1704,5/11/2017 15:19,42.984
1705,5/11/2017 15:20,42.984
1706,5/11/2017 15:21,42.984
1707,5/11/2017 15:22,42.984
1708,5/11/2017 15:23,42.984
1709,5/11/2017 15:24,42.984
1710,5/11/2017 15:25,42.984
1711,5/11/2017 15:26,42.984
1712,5/11/2017 15:27,42.984
1713,5/11/2017 15:28,42.939
1714,5/11/2017 15:29,42.939
1715,5/11/2017 15:30,42.984
1716,5/11/2017 15:31,43.579
1717,5/11/2017 15:32,44.082
1718,5/11/2017 15:33,44.856
1719,5/11/2017 15:34,45.669
1720,5/11/2017 15:35,45.941
1721,5/11/2017 15:36,45.851
1722,5/11/2017 15:37,46.166
1723,5/11/2017 15:38,46.661
1724,5/11/2017 15:39,47.244
1725,5/11/2017 15:40,48.315
1726,5/11/2017 15:41,48.493
1727,5/11/2017 15:42,48.493
1728,5/11/2017 15:43,48.538
1729,5/11/2017 15:44,48.672
1730,5/11/2017 15:45,48.717
1731,5/11/2017 15:46,48.717
1732,5/11/2017 15:47,48.895
1733,5/11/2017 15:48,49.028
1734,5/11/2017 15:49,49.161
1735,5/11/2017 15:50,49.294
1736,5/11/2017 15:51,49.161
1737,5/11/2017 15:52,49.161
1738,5/11/2017 15:53,49.116
1739,5/11/2017 15:54,49.161
1740,5/11/2017 15:55,49.161
1741,5/11/2017 15:56,49.249
1742,5/11/2017 15:57,49.116
1743,5/11/2017 15:58,49.073
1744,5/11/2017 15:59,49.294
1745,5/11/2017 16:00,49.161
1746,5/11/2017 16:01,49.161
1747,5/11/2017 16:02,49.116
1748,5/11/2017 16:03,49.073
1749,5/11/2017 16:04,49.028
1750,5/11/2017 16:05,48.762
1751,5/11/2017 16:06,48.762
1752,5/11/2017 16:07,48.583
1753,5/11/2017 16:08,48.182
1754,5/11/2017 16:09,46.931
1755,5/11/2017 16:10,46.256
1756,5/11/2017 16:11,45.534
1757,5/11/2017 16:12,44.991
1758,5/11/2017 16:13,44.719
1759,5/11/2017 16:14,44.537
1760,5/11/2017 16:15,44.445
1761,5/11/2017 16:16,44.4
1762,5/11/2017 16:17,44.4
1763,5/11/2017 16:18,44.355
1764,5/11/2017 16:19,44.355
1765,5/11/2017 16:20,44.355
1766,5/11/2017 16:21,44.31
1767,5/11/2017 16:22,44.31
1768,5/11/2017 16:23,44.31
1769,5/11/2017 16:24,44.31
1770,5/11/2017 16:25,44.31
1771,5/11/2017 16:26,44.31
1772,5/11/2017 16:27,44.263
1773,5/11/2017 16:28,44.263
1774,5/11/2017 16:29,44.263
1775,5/11/2017 16:30,44.263
1776,5/11/2017 16:31,44.263
1777,5/11/2017 16:32,44.263
1778,5/11/2017 16:33,44.263
1779,5/11/2017 16:34,44.263
1780,5/11/2017 16:35,44.263
1781,5/11/2017 16:36,44.263
1782,5/11/2017 16:37,44.263
1783,5/11/2017 16:38,44.263
1784,5/11/2017 16:39,44.263
1785,5/11/2017 16:40,44.263
1786,5/11/2017 16:41,44.263
1787,5/11/2017 16:42,44.263
1788,5/11/2017 16:43,44.263
1789,5/11/2017 16:44,44.263
1790,5/11/2017 16:45,44.263
1791,5/11/2017 16:46,44.263
1792,5/11/2017 16:47,44.263
1793,5/11/2017 16:48,44.263
1794,5/11/2017 16:49,44.218
1795,5/11/2017 16:50,44.218
1796,5/11/2017 16:51,44.218
1797,5/11/2017 16:52,44.218
1798,5/11/2017 16:53,44.218
1799,5/11/2017 16:54,44.218
1800,5/11/2017 16:55,44.218
1801,5/11/2017 16:56,44.263
1802,5/11/2017 16:57,44.355
1803,5/11/2017 16:58,44.946
1804,5/11/2017 16:59,45.534
1805,5/11/2017 17:00,45.624
1806,5/11/2017 17:01,45.669
1807,5/11/2017 17:02,45.896
1808,5/11/2017 17:03,46.166
1809,5/11/2017 17:04,46.211
1810,5/11/2017 17:05,46.256
1811,5/11/2017 17:06,46.301
1812,5/11/2017 17:07,46.256
1813,5/11/2017 17:08,46.166
1814,5/11/2017 17:09,46.121
1815,5/11/2017 17:10,46.076
1816,5/11/2017 17:11,46.031
1817,5/11/2017 17:12,45.986
1818,5/11/2017 17:13,45.941
1819,5/11/2017 17:14,45.851
1820,5/11/2017 17:15,45.851
1821,5/11/2017 17:16,45.896
1822,5/11/2017 17:17,45.851
1823,5/11/2017 17:18,45.806
1824,5/11/2017 17:19,45.624
1825,5/11/2017 17:20,45.354
1826,5/11/2017 17:21,44.809
1827,5/11/2017 17:22,44.582
1828,5/11/2017 17:23,44.355
1829,5/11/2017 17:24,44.173
1830,5/11/2017 17:25,44.127
1831,5/11/2017 17:26,44.082
1832,5/11/2017 17:27,44.037
1833,5/11/2017 17:28,44.037
1834,5/11/2017 17:29,44.037
1835,5/11/2017 17:30,44.037
1836,5/11/2017 17:31,44.037
1837,5/11/2017 17:32,44.037
1838,5/11/2017 17:33,44.037
1839,5/11/2017 17:34,44.173
1840,5/11/2017 17:35,44.31
1841,5/11/2017 17:36,44.31
1842,5/11/2017 17:37,44.173
1843,5/11/2017 17:38,44.127
1844,5/11/2017 17:39,44.082
1845,5/11/2017 17:40,44.082
1846,5/11/2017 17:41,44.082
1847,5/11/2017 17:42,44.082
1848,5/11/2017 17:43,44.082
1849,5/11/2017 17:44,44.082
1850,5/11/2017 17:45,44.127
1851,5/11/2017 17:46,44.127
1852,5/11/2017 17:47,44.127
1853,5/11/2017 17:48,44.127
1854,5/11/2017 17:49,44.127
1855,5/11/2017 17:50,44.127
1856,5/11/2017 17:51,44.127
1857,5/11/2017 17:52,44.127
1858,5/11/2017 17:53,44.127
1859,5/11/2017 17:54,44.127
1860,5/11/2017 17:55,44.127
1861,5/11/2017 17:56,44.127
1862,5/11/2017 17:57,44.082
1863,5/11/2017 17:58,44.082
1864,5/11/2017 17:59,44.127
1865,5/11/2017 18:00,44.127
1866,5/11/2017 18:01,44.173
1867,5/11/2017 18:02,44.173
1868,5/11/2017 18:03,44.173
1869,5/11/2017 18:04,44.173
1870,5/11/2017 18:05,44.173
1871,5/11/2017 18:06,44.218
1872,5/11/2017 18:07,44.173
1873,5/11/2017 18:08,44.173
1874,5/11/2017 18:09,44.218
1875,5/11/2017 18:10,44.218
1876,5/11/2017 18:11,44.218
1877,5/11/2017 18:12,44.218
1878,5/11/2017 18:13,44.263
1879,5/11/2017 18:14,44.445
1880,5/11/2017 18:15,44.946
1881,5/11/2017 18:16,45.399
1882,5/11/2017 18:17,45.579
1883,5/11/2017 18:18,45.669
1884,5/11/2017 18:19,45.624
1885,5/11/2017 18:20,45.624
1886,5/11/2017 18:21,45.669
1887,5/11/2017 18:22,45.714
1888,5/11/2017 18:23,45.806
1889,5/11/2017 18:24,45.851
1890,5/11/2017 18:25,45.851
1891,5/11/2017 18:26,45.896
1892,5/11/2017 18:27,46.031
1893,5/11/2017 18:28,46.121
1894,5/11/2017 18:29,46.211
1895,5/11/2017 18:30,46.211
1896,5/11/2017 18:31,46.211
1897,5/11/2017 18:32,46.211
1898,5/11/2017 18:33,46.166
1899,5/11/2017 18:34,46.166
1900,5/11/2017 18:35,46.166
1901,5/11/2017 18:36,46.166
1902,5/11/2017 18:37,46.166
1903,5/11/2017 18:38,46.166
1904,5/11/2017 18:39,46.166
1905,5/11/2017 18:40,46.121
1906,5/11/2017 18:41,46.076
1907,5/11/2017 18:42,46.031
1908,5/11/2017 18:43,45.986
1909,5/11/2017 18:44,45.986
1910,5/11/2017 18:45,45.941
1911,5/11/2017 18:46,45.941
1912,5/11/2017 18:47,45.896
1913,5/11/2017 18:48,45.896
1914,5/11/2017 18:49,45.896
1915,5/11/2017 18:50,45.896
1916,5/11/2017 18:51,45.896
1917,5/11/2017 18:52,45.896
1918,5/11/2017 18:53,45.851
1919,5/11/2017 18:54,45.851
1920,5/11/2017 18:55,45.851
1921,5/11/2017 18:56,45.806
1922,5/11/2017 18:57,45.806
1923,5/11/2017 18:58,45.806
1924,5/11/2017 18:59,45.714
1925,5/11/2017 19:00,45.624
1926,5/11/2017 19:01,45.669
1927,5/11/2017 19:02,45.761
1928,5/11/2017 19:03,45.624
1929,5/11/2017 19:04,45.534
1930,5/11/2017 19:05,45.489
1931,5/11/2017 19:06,45.806
1932,5/11/2017 19:07,45.806
1933,5/11/2017 19:08,45.714
1934,5/11/2017 19:09,45.714
1935,5/11/2017 19:10,45.579
1936,5/11/2017 19:11,45.714
1937,5/11/2017 19:12,45.714
1938,5/11/2017 19:13,45.714
1939,5/11/2017 19:14,45.127
1940,5/11/2017 19:15,44.582
1941,5/11/2017 19:16,44.218
1942,5/11/2017 19:17,44.037
1943,5/11/2017 19:18,43.853
1944,5/11/2017 19:19,43.579
1945,5/11/2017 19:20,43.443
1946,5/11/2017 19:21,43.396
1947,5/11/2017 19:22,43.351
1948,5/11/2017 19:23,43.396
1949,5/11/2017 19:24,43.534
1950,5/11/2017 19:25,43.624
1951,5/11/2017 19:26,43.534
1952,5/11/2017 19:27,43.396
1953,5/11/2017 19:28,43.396
1954,5/11/2017 19:29,43.396
1955,5/11/2017 19:30,43.351
1956,5/11/2017 19:31,43.351
1957,5/11/2017 19:32,43.351
1958,5/11/2017 19:33,43.351
1959,5/11/2017 19:34,43.351
1960,5/11/2017 19:35,43.351
1961,5/11/2017 19:36,43.351
1962,5/11/2017 19:37,43.351
1963,5/11/2017 19:38,43.351
1964,5/11/2017 19:39,43.351
1965,5/11/2017 19:40,43.351
1966,5/11/2017 19:41,43.351
1967,5/11/2017 19:42,43.351
1968,5/11/2017 19:43,43.351
1969,5/11/2017 19:44,43.351
1970,5/11/2017 19:45,43.351
1971,5/11/2017 19:46,43.351
1972,5/11/2017 19:47,43.351
1973,5/11/2017 19:48,43.351
1974,5/11/2017 19:49,43.351
1975,5/11/2017 19:50,43.351
1976,5/11/2017 19:51,43.351
1977,5/11/2017 19:52,43.351
1978,5/11/2017 19:53,43.351
1979,5/11/2017 19:54,43.351
1980,5/11/2017 19:55,43.351
1981,5/11/2017 19:56,43.351
1982,5/11/2017 19:57,43.351
1983,5/11/2017 19:58,43.351
1984,5/11/2017 19:59,43.351
1985,5/11/2017 20:00,43.351
1986,5/11/2017 20:01,43.306
1987,5/11/2017 20:02,43.443
1988,5/11/2017 20:03,43.624
1989,5/11/2017 20:04,43.808
1990,5/11/2017 20:05,44.037
1991,5/11/2017 20:06,44.809
1992,5/11/2017 20:07,45.172
1993,5/11/2017 20:08,45.354
1994,5/11/2017 20:09,45.444
1995,5/11/2017 20:10,45.307
1996,5/11/2017 20:11,45.217
1997,5/11/2017 20:12,45.307
1998,5/11/2017 20:13,45.262
1999,5/11/2017 20:14,45.262
2000,5/11/2017 20:15,45.262
2001,5/11/2017 20:16,45.172
2002,5/11/2017 20:17,45.172
2003,5/11/2017 20:18,45.217
2004,5/11/2017 20:19,45.127
2005,5/11/2017 20:20,44.991
2006,5/11/2017 20:21,44.946
2007,5/11/2017 20:22,44.946
2008,5/11/2017 20:23,44.901
2009,5/11/2017 20:24,44.901
2010,5/11/2017 20:25,44.901
2011,5/11/2017 20:26,44.856
2012,5/11/2017 20:27,44.809
2013,5/11/2017 20:28,44.809
2014,5/11/2017 20:29,44.764
2015,5/11/2017 20:30,44.764
2016,5/11/2017 20:31,44.764
2017,5/11/2017 20:32,44.764
2018,5/11/2017 20:33,44.764
2019,5/11/2017 20:34,44.809
2020,5/11/2017 20:35,44.809
2021,5/11/2017 20:36,44.809
2022,5/11/2017 20:37,44.764
2023,5/11/2017 20:38,44.809
2024,5/11/2017 20:39,44.809
2025,5/11/2017 20:40,44.764
2026,5/11/2017 20:41,44.764
2027,5/11/2017 20:42,44.764
2028,5/11/2017 20:43,44.674
2029,5/11/2017 20:44,44.674
2030,5/11/2017 20:45,44.627
2031,5/11/2017 20:46,44.627
2032,5/11/2017 20:47,44.627
2033,5/11/2017 20:48,44.582
2034,5/11/2017 20:49,44.582
2035,5/11/2017 20:50,44.492
2036,5/11/2017 20:51,44.445
2037,5/11/2017 20:52,44.445
2038,5/11/2017 20:53,44.492
2039,5/11/2017 20:54,44.445
2040,5/11/2017 20:55,44.537
2041,5/11/2017 20:56,44.582
2042,5/11/2017 20:57,44.582
2043,5/11/2017 20:58,44.627
2044,5/11/2017 20:59,44.674
2045,5/11/2017 21:00,44.674
2046,5/11/2017 21:01,44.627
2047,5/11/2017 21:02,44.627
2048,5/11/2017 21:03,44.674
2049,5/11/2017 21:04,44.627
2050,5/11/2017 21:05,44.627
2051,5/11/2017 21:06,44.627
2052,5/11/2017 21:07,44.627
2053,5/11/2017 21:08,44.674
2054,5/11/2017 21:09,44.627
2055,5/11/2017 21:10,44.582
2056,5/11/2017 21:11,44.537
2057,5/11/2017 21:12,44.492
2058,5/11/2017 21:13,44.445
2059,5/11/2017 21:14,44.492
2060,5/11/2017 21:15,44.537
2061,5/11/2017 21:16,44.537
2062,5/11/2017 21:17,44.492
2063,5/11/2017 21:18,44.445
2064,5/11/2017 21:19,44.445
2065,5/11/2017 21:20,44.445
2066,5/11/2017 21:21,44.4
2067,5/11/2017 21:22,44.4
2068,5/11/2017 21:23,44.31
2069,5/11/2017 21:24,44.263
2070,5/11/2017 21:25,44.263
2071,5/11/2017 21:26,44.31
2072,5/11/2017 21:27,44.263
2073,5/11/2017 21:28,44.263
2074,5/11/2017 21:29,44.263
2075,5/11/2017 21:30,44.263
2076,5/11/2017 21:31,44.263
2077,5/11/2017 21:32,44.263
2078,5/11/2017 21:33,44.263
2079,5/11/2017 21:34,44.127
2080,5/11/2017 21:35,44.037
2081,5/11/2017 21:36,43.99
2082,5/11/2017 21:37,43.99
2083,5/11/2017 21:38,43.99
2084,5/11/2017 21:39,44.037
2085,5/11/2017 21:40,44.082
2086,5/11/2017 21:41,44.127
2087,5/11/2017 21:42,44.173
2088,5/11/2017 21:43,44.218
2089,5/11/2017 21:44,44.218
2090,5/11/2017 21:45,44.218
2091,5/11/2017 21:46,44.218
2092,5/11/2017 21:47,44.173
2093,5/11/2017 21:48,44.127
2094,5/11/2017 21:49,44.082
2095,5/11/2017 21:50,43.99
2096,5/11/2017 21:51,43.99
2097,5/11/2017 21:52,43.99
2098,5/11/2017 21:53,43.9
2099,5/11/2017 21:54,43.9
2100,5/11/2017 21:55,43.9
2101,5/11/2017 21:56,43.99
2102,5/11/2017 21:57,43.99
2103,5/11/2017 21:58,43.99
2104,5/11/2017 21:59,44.082
2105,5/11/2017 22:00,44.082
2106,5/11/2017 22:01,44.037
2107,5/11/2017 22:02,44.037
2108,5/11/2017 22:03,44.037
2109,5/11/2017 22:04,43.9
2110,5/11/2017 22:05,43.9
2111,5/11/2017 22:06,43.99
2112,5/11/2017 22:07,44.037
2113,5/11/2017 22:08,44.037
2114,5/11/2017 22:09,44.082
2115,5/11/2017 22:10,44.082
2116,5/11/2017 22:11,44.037
2117,5/11/2017 22:12,44.037
2118,5/11/2017 22:13,44.082
2119,5/11/2017 22:14,43.99
2120,5/11/2017 22:15,43.99
2121,5/11/2017 22:16,43.99
2122,5/11/2017 22:17,43.99
2123,5/11/2017 22:18,43.99
2124,5/11/2017 22:19,43.945
2125,5/11/2017 22:20,43.945
2126,5/11/2017 22:21,43.945
2127,5/11/2017 22:22,43.853
2128,5/11/2017 22:23,43.808
2129,5/11/2017 22:24,43.853
2130,5/11/2017 22:25,43.853
2131,5/11/2017 22:26,43.853
2132,5/11/2017 22:27,43.808
2133,5/11/2017 22:28,43.9
2134,5/11/2017 22:29,43.9
2135,5/11/2017 22:30,43.853
2136,5/11/2017 22:31,43.9
2137,5/11/2017 22:32,43.945
2138,5/11/2017 22:33,43.9
2139,5/11/2017 22:34,43.9
2140,5/11/2017 22:35,43.945
2141,5/11/2017 22:36,43.9
2142,5/11/2017 22:37,43.9
2143,5/11/2017 22:38,43.853
2144,5/11/2017 22:39,43.9
2145,5/11/2017 22:40,43.9
2146,5/11/2017 22:41,43.9
2147,5/11/2017 22:42,43.853
2148,5/11/2017 22:43,43.853
2149,5/11/2017 22:44,43.853
2150,5/11/2017 22:45,43.853
2151,5/11/2017 22:46,43.853
2152,5/11/2017 22:47,43.853
2153,5/11/2017 22:48,43.808
2154,5/11/2017 22:49,43.808
2155,5/11/2017 22:50,43.763
2156,5/11/2017 22:51,43.808
2157,5/11/2017 22:52,43.808
2158,5/11/2017 22:53,43.853
2159,5/11/2017 22:54,43.853
2160,5/11/2017 22:55,43.853
2161,5/11/2017 22:56,43.853
2162,5/11/2017 22:57,43.808
2163,5/11/2017 22:58,43.808
2164,5/11/2017 22:59,43.808
2165,5/11/2017 23:00,43.808
2166,5/11/2017 23:01,43.853
2167,5/11/2017 23:02,43.808
2168,5/11/2017 23:03,43.808
2169,5/11/2017 23:04,43.808
2170,5/11/2017 23:05,43.763
2171,5/11/2017 23:06,43.716
2172,5/11/2017 23:07,43.763
2173,5/11/2017 23:08,43.763
2174,5/11/2017 23:09,43.763
2175,5/11/2017 23:10,43.808
2176,5/11/2017 23:11,43.808
2177,5/11/2017 23:12,43.808
2178,5/11/2017 23:13,43.763
2179,5/11/2017 23:14,43.763
2180,5/11/2017 23:15,43.763
2181,5/11/2017 23:16,43.716
2182,5/11/2017 23:17,43.671
2183,5/11/2017 23:18,43.671
2184,5/11/2017 23:19,43.716
2185,5/11/2017 23:20,43.716
2186,5/11/2017 23:21,43.671
2187,5/11/2017 23:22,43.716
2188,5/11/2017 23:23,43.716
2189,5/11/2017 23:24,43.716
2190,5/11/2017 23:25,43.716
2191,5/11/2017 23:26,43.716
2192,5/11/2017 23:27,43.716
2193,5/11/2017 23:28,43.716
2194,5/11/2017 23:29,43.716
2195,5/11/2017 23:30,43.671
2196,5/11/2017 23:31,43.671
2197,5/11/2017 23:32,43.624
2198,5/11/2017 23:33,43.624
2199,5/11/2017 23:34,43.624
2200,5/11/2017 23:35,43.624
2201,5/11/2017 23:36,43.579
2202,5/11/2017 23:37,43.624
2203,5/11/2017 23:38,43.624
2204,5/11/2017 23:39,43.579
2205,5/11/2017 23:40,43.579
2206,5/11/2017 23:41,43.534
2207,5/11/2017 23:42,43.534
2208,5/11/2017 23:43,43.534
2209,5/11/2017 23:44,43.534
2210,5/11/2017 23:45,43.534
2211,5/11/2017 23:46,43.534
2212,5/11/2017 23:47,43.534
2213,5/11/2017 23:48,43.579
2214,5/11/2017 23:49,43.579
2215,5/11/2017 23:50,43.534
2216,5/11/2017 23:51,43.534
2217,5/11/2017 23:52,43.579
2218,5/11/2017 23:53,43.534
2219,5/11/2017 23:54,43.534
2220,5/11/2017 23:55,43.534
2221,5/11/2017 23:56,43.534
2222,5/11/2017 23:57,43.624
2223,5/11/2017 23:58,43.671
2224,5/11/2017 23:59,43.671
2225,5/12/2017 0:00,43.624
2226,5/12/2017 0:01,43.624
2227,5/12/2017 0:02,43.624
2228,5/12/2017 0:03,43.534
2229,5/12/2017 0:04,43.534
2230,5/12/2017 0:05,43.624
2231,5/12/2017 0:06,43.716
2232,5/12/2017 0:07,43.671
2233,5/12/2017 0:08,43.624
2234,5/12/2017 0:09,43.671
2235,5/12/2017 0:10,43.671
2236,5/12/2017 0:11,43.624
2237,5/12/2017 0:12,43.624
2238,5/12/2017 0:13,43.579
2239,5/12/2017 0:14,43.624
2240,5/12/2017 0:15,43.624
2241,5/12/2017 0:16,43.579
2242,5/12/2017 0:17,43.624
2243,5/12/2017 0:18,43.671
2244,5/12/2017 0:19,43.624
2245,5/12/2017 0:20,43.624
2246,5/12/2017 0:21,43.579
2247,5/12/2017 0:22,43.624
2248,5/12/2017 0:23,43.624
2249,5/12/2017 0:24,43.624
2250,5/12/2017 0:25,43.624
2251,5/12/2017 0:26,43.671
2252,5/12/2017 0:27,43.624
2253,5/12/2017 0:28,43.624
2254,5/12/2017 0:29,43.671
2255,5/12/2017 0:30,43.624
2256,5/12/2017 0:31,43.534
2257,5/12/2017 0:32,43.534
2258,5/12/2017 0:33,43.579
2259,5/12/2017 0:34,43.624
2260,5/12/2017 0:35,43.534
2261,5/12/2017 0:36,43.579
2262,5/12/2017 0:37,43.624
2263,5/12/2017 0:38,43.534
2264,5/12/2017 0:39,43.534
2265,5/12/2017 0:40,43.534
2266,5/12/2017 0:41,43.624
2267,5/12/2017 0:42,43.579
2268,5/12/2017 0:43,43.534
2269,5/12/2017 0:44,43.488
2270,5/12/2017 0:45,43.534
2271,5/12/2017 0:46,43.534
2272,5/12/2017 0:47,43.579
2273,5/12/2017 0:48,43.579
2274,5/12/2017 0:49,43.624
2275,5/12/2017 0:50,43.579
2276,5/12/2017 0:51,43.534
2277,5/12/2017 0:52,43.579
2278,5/12/2017 0:53,43.579
2279,5/12/2017 0:54,43.534
2280,5/12/2017 0:55,43.488
2281,5/12/2017 0:56,43.534
2282,5/12/2017 0:57,43.579
2283,5/12/2017 0:58,43.624
2284,5/12/2017 0:59,43.624
2285,5/12/2017 1:00,43.534
2286,5/12/2017 1:01,43.534
2287,5/12/2017 1:02,43.534
2288,5/12/2017 1:03,43.624
2289,5/12/2017 1:04,43.624
2290,5/12/2017 1:05,43.624
2291,5/12/2017 1:06,43.624
2292,5/12/2017 1:07,43.624
2293,5/12/2017 1:08,43.671
2294,5/12/2017 1:09,43.671
2295,5/12/2017 1:10,43.671
2296,5/12/2017 1:11,43.624
2297,5/12/2017 1:12,43.624
2298,5/12/2017 1:13,43.624
2299,5/12/2017 1:14,43.671
2300,5/12/2017 1:15,43.716
2301,5/12/2017 1:16,43.671
2302,5/12/2017 1:17,43.624
2303,5/12/2017 1:18,43.624
2304,5/12/2017 1:19,43.624
2305,5/12/2017 1:20,43.534
2306,5/12/2017 1:21,43.624
2307,5/12/2017 1:22,43.671
2308,5/12/2017 1:23,43.671
2309,5/12/2017 1:24,43.716
2310,5/12/2017 1:25,43.763
2311,5/12/2017 1:26,43.808
2312,5/12/2017 1:27,43.853
2313,5/12/2017 1:28,43.853
2314,5/12/2017 1:29,43.808
2315,5/12/2017 1:30,43.853
2316,5/12/2017 1:31,43.853
2317,5/12/2017 1:32,43.808
2318,5/12/2017 1:33,43.808
2319,5/12/2017 1:34,43.808
2320,5/12/2017 1:35,43.808
2321,5/12/2017 1:36,43.716
2322,5/12/2017 1:37,43.716
2323,5/12/2017 1:38,43.763
2324,5/12/2017 1:39,43.716
2325,5/12/2017 1:40,43.671
2326,5/12/2017 1:41,43.671
2327,5/12/2017 1:42,43.716
2328,5/12/2017 1:43,43.716
2329,5/12/2017 1:44,43.716
2330,5/12/2017 1:45,43.763
2331,5/12/2017 1:46,43.808
2332,5/12/2017 1:47,43.808
2333,5/12/2017 1:48,43.853
2334,5/12/2017 1:49,43.853
2335,5/12/2017 1:50,43.808
2336,5/12/2017 1:51,43.853
2337,5/12/2017 1:52,43.853
2338,5/12/2017 1:53,43.853
2339,5/12/2017 1:54,43.808
2340,5/12/2017 1:55,43.808
2341,5/12/2017 1:56,43.808
2342,5/12/2017 1:57,43.763
2343,5/12/2017 1:58,43.716
2344,5/12/2017 1:59,43.671
2345,5/12/2017 2:00,43.671
2346,5/12/2017 2:01,43.624
2347,5/12/2017 2:02,43.579
2348,5/12/2017 2:03,43.624
2349,5/12/2017 2:04,43.671
2350,5/12/2017 2:05,43.671
2351,5/12/2017 2:06,43.671
2352,5/12/2017 2:07,43.624
2353,5/12/2017 2:08,43.624
2354,5/12/2017 2:09,43.579
2355,5/12/2017 2:10,43.579
2356,5/12/2017 2:11,43.579
2357,5/12/2017 2:12,43.534
2358,5/12/2017 2:13,43.534
2359,5/12/2017 2:14,43.534
2360,5/12/2017 2:15,43.579
2361,5/12/2017 2:16,43.534
2362,5/12/2017 2:17,43.534
2363,5/12/2017 2:18,43.534
2364,5/12/2017 2:19,43.534
2365,5/12/2017 2:20,43.624
2366,5/12/2017 2:21,43.671
2367,5/12/2017 2:22,43.624
2368,5/12/2017 2:23,43.624
2369,5/12/2017 2:24,43.624
2370,5/12/2017 2:25,43.624
2371,5/12/2017 2:26,43.579
2372,5/12/2017 2:27,43.624
2373,5/12/2017 2:28,43.624
2374,5/12/2017 2:29,43.579
2375,5/12/2017 2:30,43.534
2376,5/12/2017 2:31,43.534
2377,5/12/2017 2:32,43.534
2378,5/12/2017 2:33,43.534
2379,5/12/2017 2:34,43.534
2380,5/12/2017 2:35,43.624
2381,5/12/2017 2:36,43.624
2382,5/12/2017 2:37,43.579
2383,5/12/2017 2:38,43.579
2384,5/12/2017 2:39,43.579
2385,5/12/2017 2:40,43.579
2386,5/12/2017 2:41,43.579
2387,5/12/2017 2:42,43.624
2388,5/12/2017 2:43,43.624
2389,5/12/2017 2:44,43.534
2390,5/12/2017 2:45,43.579
2391,5/12/2017 2:46,43.534
2392,5/12/2017 2:47,43.488
2393,5/12/2017 2:48,43.579
2394,5/12/2017 2:49,43.624
2395,5/12/2017 2:50,43.579
2396,5/12/2017 2:51,43.624
2397,5/12/2017 2:52,43.671
2398,5/12/2017 2:53,43.671
2399,5/12/2017 2:54,43.671
2400,5/12/2017 2:55,43.624
2401,5/12/2017 2:56,43.579
2402,5/12/2017 2:57,43.534
2403,5/12/2017 2:58,43.534
2404,5/12/2017 2:59,43.534
2405,5/12/2017 3:00,43.534
2406,5/12/2017 3:01,43.534
2407,5/12/2017 3:02,43.488
2408,5/12/2017 3:03,43.534
2409,5/12/2017 3:04,43.534
2410,5/12/2017 3:05,43.534
2411,5/12/2017 3:06,43.534
2412,5/12/2017 3:07,43.579
2413,5/12/2017 3:08,43.579
2414,5/12/2017 3:09,43.579
2415,5/12/2017 3:10,43.534
2416,5/12/2017 3:11,43.443
2417,5/12/2017 3:12,43.534
2418,5/12/2017 3:13,43.579
2419,5/12/2017 3:14,43.579
2420,5/12/2017 3:15,43.579
2421,5/12/2017 3:16,43.624
2422,5/12/2017 3:17,43.671
2423,5/12/2017 3:18,43.579
2424,5/12/2017 3:19,43.579
2425,5/12/2017 3:20,43.579
2426,5/12/2017 3:21,43.624
2427,5/12/2017 3:22,43.579
2428,5/12/2017 3:23,43.579
2429,5/12/2017 3:24,43.534
2430,5/12/2017 3:25,43.624
2431,5/12/2017 3:26,43.624
2432,5/12/2017 3:27,43.624
2433,5/12/2017 3:28,43.579
2434,5/12/2017 3:29,43.624
2435,5/12/2017 3:30,43.671
2436,5/12/2017 3:31,43.671
2437,5/12/2017 3:32,43.624
2438,5/12/2017 3:33,43.671
2439,5/12/2017 3:34,43.671
2440,5/12/2017 3:35,43.716
2441,5/12/2017 3:36,43.716
2442,5/12/2017 3:37,43.716
2443,5/12/2017 3:38,43.763
2444,5/12/2017 3:39,43.716
2445,5/12/2017 3:40,43.671
2446,5/12/2017 3:41,43.624
2447,5/12/2017 3:42,43.624
2448,5/12/2017 3:43,43.624
2449,5/12/2017 3:44,43.534
2450,5/12/2017 3:45,43.488
2451,5/12/2017 3:46,43.534
2452,5/12/2017 3:47,43.488
2453,5/12/2017 3:48,43.488
2454,5/12/2017 3:49,43.488
2455,5/12/2017 3:50,43.488
2456,5/12/2017 3:51,43.534
2457,5/12/2017 3:52,43.534
2458,5/12/2017 3:53,43.534
2459,5/12/2017 3:54,43.534
2460,5/12/2017 3:55,43.534
2461,5/12/2017 3:56,43.534
2462,5/12/2017 3:57,43.534
2463,5/12/2017 3:58,43.534
2464,5/12/2017 3:59,43.579
2465,5/12/2017 4:00,43.671
2466,5/12/2017 4:01,43.671
2467,5/12/2017 4:02,43.624
2468,5/12/2017 4:03,43.671
2469,5/12/2017 4:04,43.716
2470,5/12/2017 4:05,43.671
2471,5/12/2017 4:06,43.624
2472,5/12/2017 4:07,43.671
2473,5/12/2017 4:08,43.671
2474,5/12/2017 4:09,43.624
2475,5/12/2017 4:10,43.671
2476,5/12/2017 4:11,43.671
2477,5/12/2017 4:12,43.671
2478,5/12/2017 4:13,43.624
2479,5/12/2017 4:14,43.624
2480,5/12/2017 4:15,43.671
2481,5/12/2017 4:16,43.624
2482,5/12/2017 4:17,43.624
2483,5/12/2017 4:18,43.624
2484,5/12/2017 4:19,43.579
2485,5/12/2017 4:20,43.624
2486,5/12/2017 4:21,43.624
2487,5/12/2017 4:22,43.624
2488,5/12/2017 4:23,43.624
2489,5/12/2017 4:24,43.624
2490,5/12/2017 4:25,43.624
2491,5/12/2017 4:26,43.671
2492,5/12/2017 4:27,43.716
2493,5/12/2017 4:28,43.671
2494,5/12/2017 4:29,43.671
2495,5/12/2017 4:30,43.671
2496,5/12/2017 4:31,43.671
2497,5/12/2017 4:32,43.671
2498,5/12/2017 4:33,43.671
2499,5/12/2017 4:34,43.671
2500,5/12/2017 4:35,43.671
2501,5/12/2017 4:36,43.716
2502,5/12/2017 4:37,43.671
2503,5/12/2017 4:38,43.671
2504,5/12/2017 4:39,43.716
2505,5/12/2017 4:40,43.716
2506,5/12/2017 4:41,43.671
2507,5/12/2017 4:42,43.671
2508,5/12/2017 4:43,43.671
2509,5/12/2017 4:44,43.671
2510,5/12/2017 4:45,43.716
2511,5/12/2017 4:46,43.763
2512,5/12/2017 4:47,43.763
2513,5/12/2017 4:48,43.716
2514,5/12/2017 4:49,43.763
2515,5/12/2017 4:50,43.763
2516,5/12/2017 4:51,43.763
2517,5/12/2017 4:52,43.763
2518,5/12/2017 4:53,43.716
2519,5/12/2017 4:54,43.671
2520,5/12/2017 4:55,43.624
2521,5/12/2017 4:56,43.579
2522,5/12/2017 4:57,43.671
2523,5/12/2017 4:58,43.671
2524,5/12/2017 4:59,43.671
2525,5/12/2017 5:00,43.624
2526,5/12/2017 5:01,43.488
2527,5/12/2017 5:02,43.488
2528,5/12/2017 5:03,43.443
2529,5/12/2017 5:04,43.443
2530,5/12/2017 5:05,43.351
2531,5/12/2017 5:06,43.351
2532,5/12/2017 5:07,43.351
2533,5/12/2017 5:08,43.351
2534,5/12/2017 5:09,43.351
2535,5/12/2017 5:10,43.351
2536,5/12/2017 5:11,43.396
2537,5/12/2017 5:12,43.396
2538,5/12/2017 5:13,43.443
2539,5/12/2017 5:14,43.443
2540,5/12/2017 5:15,43.488
2541,5/12/2017 5:16,43.443
2542,5/12/2017 5:17,43.396
2543,5/12/2017 5:18,43.351
2544,5/12/2017 5:19,43.351
2545,5/12/2017 5:20,43.351
2546,5/12/2017 5:21,43.351
2547,5/12/2017 5:22,43.351
2548,5/12/2017 5:23,43.351
2549,5/12/2017 5:24,43.396
2550,5/12/2017 5:25,43.396
2551,5/12/2017 5:26,43.351
2552,5/12/2017 5:27,43.351
2553,5/12/2017 5:28,43.351
2554,5/12/2017 5:29,43.488
2555,5/12/2017 5:30,43.579
2556,5/12/2017 5:31,43.488
2557,5/12/2017 5:32,43.488
2558,5/12/2017 5:33,43.534
2559,5/12/2017 5:34,43.534
2560,5/12/2017 5:35,43.534
2561,5/12/2017 5:36,43.534
2562,5/12/2017 5:37,43.443
2563,5/12/2017 5:38,43.443
2564,5/12/2017 5:39,43.534
2565,5/12/2017 5:40,43.624
2566,5/12/2017 5:41,43.534
2567,5/12/2017 5:42,43.488
2568,5/12/2017 5:43,43.443
2569,5/12/2017 5:44,43.488
2570,5/12/2017 5:45,43.534
2571,5/12/2017 5:46,43.624
2572,5/12/2017 5:47,43.716
2573,5/12/2017 5:48,43.716
2574,5/12/2017 5:49,43.808
2575,5/12/2017 5:50,43.853
2576,5/12/2017 5:51,43.945
2577,5/12/2017 5:52,43.99
2578,5/12/2017 5:53,44.127
2579,5/12/2017 5:54,44.173
2580,5/12/2017 5:55,44.218
2581,5/12/2017 5:56,44.127
2582,5/12/2017 5:57,44.082
2583,5/12/2017 5:58,44.082
2584,5/12/2017 5:59,44.173
2585,5/12/2017 6:00,44.218
2586,5/12/2017 6:01,44.263
2587,5/12/2017 6:02,44.263
2588,5/12/2017 6:03,44.31
2589,5/12/2017 6:04,44.355
2590,5/12/2017 6:05,44.355
2591,5/12/2017 6:06,44.355
2592,5/12/2017 6:07,44.4
2593,5/12/2017 6:08,44.445
2594,5/12/2017 6:09,44.492
2595,5/12/2017 6:10,44.492
2596,5/12/2017 6:11,44.445
2597,5/12/2017 6:12,44.445
2598,5/12/2017 6:13,44.537
2599,5/12/2017 6:14,44.537
2600,5/12/2017 6:15,44.582
2601,5/12/2017 6:16,44.582
2602,5/12/2017 6:17,44.492
2603,5/12/2017 6:18,44.445
2604,5/12/2017 6:19,44.445
2605,5/12/2017 6:20,44.445
2606,5/12/2017 6:21,44.492
2607,5/12/2017 6:22,45.172
2608,5/12/2017 6:23,45.399
2609,5/12/2017 6:24,45.489
2610,5/12/2017 6:25,45.444
2611,5/12/2017 6:26,45.082
2612,5/12/2017 6:27,44.946
2613,5/12/2017 6:28,44.627
2614,5/12/2017 6:29,44.4
2615,5/12/2017 6:30,44.218
2616,5/12/2017 6:31,44.037
2617,5/12/2017 6:32,43.945
2618,5/12/2017 6:33,43.9
2619,5/12/2017 6:34,43.9
2620,5/12/2017 6:35,43.9
2621,5/12/2017 6:36,43.853
2622,5/12/2017 6:37,43.853
2623,5/12/2017 6:38,43.853
2624,5/12/2017 6:39,43.853
2625,5/12/2017 6:40,43.853
2626,5/12/2017 6:41,43.9
2627,5/12/2017 6:42,43.853
2628,5/12/2017 6:43,43.853
2629,5/12/2017 6:44,43.853
2630,5/12/2017 6:45,43.808
2631,5/12/2017 6:46,43.853
2632,5/12/2017 6:47,43.808
2633,5/12/2017 6:48,43.808
2634,5/12/2017 6:49,43.808
2635,5/12/2017 6:50,43.808
2636,5/12/2017 6:51,43.808
2637,5/12/2017 6:52,43.808
2638,5/12/2017 6:53,43.853
2639,5/12/2017 6:54,43.9
2640,5/12/2017 6:55,43.9
2641,5/12/2017 6:56,43.9
2642,5/12/2017 6:57,43.9
2643,5/12/2017 6:58,43.9
2644,5/12/2017 6:59,43.945
2645,5/12/2017 7:00,43.945
2646,5/12/2017 7:01,43.945
2647,5/12/2017 7:02,43.945
2648,5/12/2017 7:03,43.99
2649,5/12/2017 7:04,43.99
2650,5/12/2017 7:05,43.945
2651,5/12/2017 7:06,43.945
2652,5/12/2017 7:07,43.945
2653,5/12/2017 7:08,43.945
2654,5/12/2017 7:09,43.945
2655,5/12/2017 7:10,43.945
2656,5/12/2017 7:11,43.945
2657,5/12/2017 7:12,43.945
2658,5/12/2017 7:13,43.99
2659,5/12/2017 7:14,44.218
2660,5/12/2017 7:15,44.445
2661,5/12/2017 7:16,45.082
2662,5/12/2017 7:17,45.399
2663,5/12/2017 7:18,45.534
2664,5/12/2017 7:19,45.624
2665,5/12/2017 7:20,45.669
2666,5/12/2017 7:21,45.714
2667,5/12/2017 7:22,45.806
2668,5/12/2017 7:23,45.761
2669,5/12/2017 7:24,45.714
2670,5/12/2017 7:25,45.669
2671,5/12/2017 7:26,45.624
2672,5/12/2017 7:27,45.579
2673,5/12/2017 7:28,45.579
2674,5/12/2017 7:29,45.579
2675,5/12/2017 7:30,45.534
2676,5/12/2017 7:31,45.534
2677,5/12/2017 7:32,45.534
2678,5/12/2017 7:33,45.534
2679,5/12/2017 7:34,45.534
2680,5/12/2017 7:35,45.534
2681,5/12/2017 7:36,45.534
2682,5/12/2017 7:37,45.534
2683,5/12/2017 7:38,45.534
2684,5/12/2017 7:39,45.624
2685,5/12/2017 7:40,45.761
2686,5/12/2017 7:41,45.851
2687,5/12/2017 7:42,45.986
2688,5/12/2017 7:43,46.211
2689,5/12/2017 7:44,45.669
2690,5/12/2017 7:45,45.534
2691,5/12/2017 7:46,45.444
2692,5/12/2017 7:47,45.172
2693,5/12/2017 7:48,44.627
2694,5/12/2017 7:49,44.263
2695,5/12/2017 7:50,44.082
2696,5/12/2017 7:51,43.853
2697,5/12/2017 7:52,43.716
2698,5/12/2017 7:53,43.671
2699,5/12/2017 7:54,43.671
2700,5/12/2017 7:55,43.624
2701,5/12/2017 7:56,43.624
2702,5/12/2017 7:57,43.624
2703,5/12/2017 7:58,43.624
2704,5/12/2017 7:59,43.624
2705,5/12/2017 8:00,43.624
2706,5/12/2017 8:01,43.671
2707,5/12/2017 8:02,43.671
2708,5/12/2017 8:03,43.671
2709,5/12/2017 8:04,43.671
2710,5/12/2017 8:05,43.671
2711,5/12/2017 8:06,43.671
2712,5/12/2017 8:07,43.671
2713,5/12/2017 8:08,43.671
2714,5/12/2017 8:09,43.671
2715,5/12/2017 8:10,43.624
2716,5/12/2017 8:11,43.624
2717,5/12/2017 8:12,43.624
2718,5/12/2017 8:13,43.624
2719,5/12/2017 8:14,43.624
2720,5/12/2017 8:15,43.624
2721,5/12/2017 8:16,43.624
2722,5/12/2017 8:17,43.671
2723,5/12/2017 8:18,43.671
2724,5/12/2017 8:19,43.671
2725,5/12/2017 8:20,43.671
2726,5/12/2017 8:21,43.671
2727,5/12/2017 8:22,43.671
2728,5/12/2017 8:23,43.671
2729,5/12/2017 8:24,43.671
2730,5/12/2017 8:25,43.671
2731,5/12/2017 8:26,43.671
2732,5/12/2017 8:27,43.671
2733,5/12/2017 8:28,43.9
2734,5/12/2017 8:29,44.173
2735,5/12/2017 8:30,44.719
2736,5/12/2017 8:31,45.127
2737,5/12/2017 8:32,45.354
2738,5/12/2017 8:33,45.489
2739,5/12/2017 8:34,45.624
2740,5/12/2017 8:35,45.579
2741,5/12/2017 8:36,45.669
2742,5/12/2017 8:37,45.851
2743,5/12/2017 8:38,46.346
2744,5/12/2017 8:39,46.436
2745,5/12/2017 8:40,46.436
2746,5/12/2017 8:41,46.481
2747,5/12/2017 8:42,46.481
2748,5/12/2017 8:43,46.436
2749,5/12/2017 8:44,46.391
2750,5/12/2017 8:45,46.436
2751,5/12/2017 8:46,46.436
2752,5/12/2017 8:47,46.436
2753,5/12/2017 8:48,46.436
2754,5/12/2017 8:49,46.436
2755,5/12/2017 8:50,46.436
2756,5/12/2017 8:51,46.391
2757,5/12/2017 8:52,46.346
2758,5/12/2017 8:53,46.391
2759,5/12/2017 8:54,46.391
2760,5/12/2017 8:55,46.436
2761,5/12/2017 8:56,46.391
2762,5/12/2017 8:57,46.391
2763,5/12/2017 8:58,46.346
2764,5/12/2017 8:59,46.346
2765,5/12/2017 9:00,46.391
2766,5/12/2017 9:01,46.391
2767,5/12/2017 9:02,46.436
2768,5/12/2017 9:03,46.346
2769,5/12/2017 9:04,46.436
2770,5/12/2017 9:05,46.391
2771,5/12/2017 9:06,46.346
2772,5/12/2017 9:07,46.076
2773,5/12/2017 9:08,45.896
2774,5/12/2017 9:09,45.444
2775,5/12/2017 9:10,45.127
2776,5/12/2017 9:11,45.082
2777,5/12/2017 9:12,45.262
2778,5/12/2017 9:13,45.534
2779,5/12/2017 9:14,45.669
2780,5/12/2017 9:15,45.761
2781,5/12/2017 9:16,46.121
2782,5/12/2017 9:17,46.436
2783,5/12/2017 9:18,46.616
2784,5/12/2017 9:19,46.661
2785,5/12/2017 9:20,46.616
2786,5/12/2017 9:21,46.841
2787,5/12/2017 9:22,47.602
2788,5/12/2017 9:23,47.422
2789,5/12/2017 9:24,47.422
2790,5/12/2017 9:25,48.405
2791,5/12/2017 9:26,48.315
2792,5/12/2017 9:27,48.315
2793,5/12/2017 9:28,48.137
2794,5/12/2017 9:29,48.583
2795,5/12/2017 9:30,48.45
2796,5/12/2017 9:31,48.272
2797,5/12/2017 9:32,48.182
2798,5/12/2017 9:33,48.137
2799,5/12/2017 9:34,48.049
2800,5/12/2017 9:35,47.959
2801,5/12/2017 9:36,47.647
2802,5/12/2017 9:37,47.244
2803,5/12/2017 9:38,46.796
2804,5/12/2017 9:39,46.886
2805,5/12/2017 9:40,46.974
2806,5/12/2017 9:41,47.064
2807,5/12/2017 9:42,47.109
2808,5/12/2017 9:43,46.841
2809,5/12/2017 9:44,46.301
2810,5/12/2017 9:45,46.076
2811,5/12/2017 9:46,45.896
2812,5/12/2017 9:47,45.444
2813,5/12/2017 9:48,44.991
2814,5/12/2017 9:49,44.627
2815,5/12/2017 9:50,44.31
2816,5/12/2017 9:51,43.99
2817,5/12/2017 9:52,43.808
2818,5/12/2017 9:53,43.624
2819,5/12/2017 9:54,43.534
2820,5/12/2017 9:55,43.488
2821,5/12/2017 9:56,43.443
2822,5/12/2017 9:57,43.443
2823,5/12/2017 9:58,43.443
2824,5/12/2017 9:59,43.443
2825,5/12/2017 10:00,43.443
2826,5/12/2017 10:01,43.443
2827,5/12/2017 10:02,43.443
2828,5/12/2017 10:03,43.443
2829,5/12/2017 10:04,43.443
2830,5/12/2017 10:05,43.443
2831,5/12/2017 10:06,43.443
2832,5/12/2017 10:07,43.443
2833,5/12/2017 10:08,43.443
2834,5/12/2017 10:09,43.443
2835,5/12/2017 10:10,43.443
2836,5/12/2017 10:11,43.443
2837,5/12/2017 10:12,43.443
2838,5/12/2017 10:13,43.443
2839,5/12/2017 10:14,43.443
2840,5/12/2017 10:15,43.443
2841,5/12/2017 10:16,43.443
2842,5/12/2017 10:17,43.443
2843,5/12/2017 10:18,43.443
2844,5/12/2017 10:19,43.443
2845,5/12/2017 10:20,43.443
2846,5/12/2017 10:21,43.488
2847,5/12/2017 10:22,43.488
2848,5/12/2017 10:23,43.488
2849,5/12/2017 10:24,43.488
2850,5/12/2017 10:25,43.488
2851,5/12/2017 10:26,43.488
2852,5/12/2017 10:27,43.671
2853,5/12/2017 10:28,44.127
2854,5/12/2017 10:29,44.809
2855,5/12/2017 10:30,45.489
2856,5/12/2017 10:31,45.714
2857,5/12/2017 10:32,45.896
2858,5/12/2017 10:33,45.941
2859,5/12/2017 10:34,46.166
2860,5/12/2017 10:35,47.064
2861,5/12/2017 10:36,48.137
2862,5/12/2017 10:37,49.204
2863,5/12/2017 10:38,49.249
2864,5/12/2017 10:39,49.294
2865,5/12/2017 10:40,49.204
2866,5/12/2017 10:41,49.604
2867,5/12/2017 10:42,49.516
2868,5/12/2017 10:43,49.338
2869,5/12/2017 10:44,49.737
2870,5/12/2017 10:45,49.604
2871,5/12/2017 10:46,50.047
2872,5/12/2017 10:47,49.516
2873,5/12/2017 10:48,49.737
2874,5/12/2017 10:49,49.737
2875,5/12/2017 10:50,49.561
2876,5/12/2017 10:51,48.938
2877,5/12/2017 10:52,48.36
2878,5/12/2017 10:53,48.004
2879,5/12/2017 10:54,47.647
2880,5/12/2017 10:55,47.557
2881,5/12/2017 10:56,47.467
2882,5/12/2017 10:57,47.334
2883,5/12/2017 10:58,46.751
2884,5/12/2017 10:59,46.346
2885,5/12/2017 11:00,45.534
2886,5/12/2017 11:01,45.127
2887,5/12/2017 11:02,44.856
2888,5/12/2017 11:03,44.492
2889,5/12/2017 11:04,44.31
2890,5/12/2017 11:05,44.263
2891,5/12/2017 11:06,44.218
2892,5/12/2017 11:07,44.173
2893,5/12/2017 11:08,44.173
2894,5/12/2017 11:09,44.173
2895,5/12/2017 11:10,44.173
2896,5/12/2017 11:11,44.173
2897,5/12/2017 11:12,44.173
2898,5/12/2017 11:13,44.127
2899,5/12/2017 11:14,44.173
2900,5/12/2017 11:15,44.173
2901,5/12/2017 11:16,44.173
2902,5/12/2017 11:17,44.127
2903,5/12/2017 11:18,44.127
2904,5/12/2017 11:19,44.127
2905,5/12/2017 11:20,44.127
2906,5/12/2017 11:21,44.127
2907,5/12/2017 11:22,44.173
2908,5/12/2017 11:23,44.127
2909,5/12/2017 11:24,44.127
2910,5/12/2017 11:25,44.127
2911,5/12/2017 11:26,44.127
2912,5/12/2017 11:27,44.127
2913,5/12/2017 11:28,44.127
2914,5/12/2017 11:29,44.127
2915,5/12/2017 11:30,44.127
2916,5/12/2017 11:31,44.127
2917,5/12/2017 11:32,44.127
2918,5/12/2017 11:33,44.127
2919,5/12/2017 11:34,44.127
2920,5/12/2017 11:35,44.127
2921,5/12/2017 11:36,44.127
2922,5/12/2017 11:37,44.127
2923,5/12/2017 11:38,44.173
2924,5/12/2017 11:39,45.036
2925,5/12/2017 11:40,45.714
2926,5/12/2017 11:41,46.031
2927,5/12/2017 11:42,45.986
2928,5/12/2017 11:43,46.031
2929,5/12/2017 11:44,45.851
2930,5/12/2017 11:45,45.851
2931,5/12/2017 11:46,45.896
2932,5/12/2017 11:47,46.121
2933,5/12/2017 11:48,46.256
2934,5/12/2017 11:49,46.436
2935,5/12/2017 11:50,46.436
2936,5/12/2017 11:51,46.571
2937,5/12/2017 11:52,46.616
2938,5/12/2017 11:53,46.751
2939,5/12/2017 11:54,46.931
2940,5/12/2017 11:55,46.796
2941,5/12/2017 11:56,46.796
2942,5/12/2017 11:57,46.841
2943,5/12/2017 11:58,46.886
2944,5/12/2017 11:59,46.974
2945,5/12/2017 12:00,47.244
2946,5/12/2017 12:01,46.974
2947,5/12/2017 12:02,46.256
2948,5/12/2017 12:03,45.761
2949,5/12/2017 12:04,45.082
2950,5/12/2017 12:05,44.674
2951,5/12/2017 12:06,44.355
2952,5/12/2017 12:07,44.173
2953,5/12/2017 12:08,44.082
2954,5/12/2017 12:09,44.082
2955,5/12/2017 12:10,44.037
2956,5/12/2017 12:11,44.037
2957,5/12/2017 12:12,44.037
2958,5/12/2017 12:13,44.037
2959,5/12/2017 12:14,44.037
2960,5/12/2017 12:15,44.037
2961,5/12/2017 12:16,44.037
2962,5/12/2017 12:17,44.037
2963,5/12/2017 12:18,44.037
2964,5/12/2017 12:19,44.037
2965,5/12/2017 12:20,44.037
2966,5/12/2017 12:21,44.037
2967,5/12/2017 12:22,44.037
2968,5/12/2017 12:23,44.037
2969,5/12/2017 12:24,44.037
2970,5/12/2017 12:25,44.037
2971,5/12/2017 12:26,44.082
2972,5/12/2017 12:27,44.082
2973,5/12/2017 12:28,44.082
2974,5/12/2017 12:29,44.082
2975,5/12/2017 12:30,44.082
2976,5/12/2017 12:31,44.082
2977,5/12/2017 12:32,44.082
2978,5/12/2017 12:33,44.082
2979,5/12/2017 12:34,44.082
2980,5/12/2017 12:35,44.082
2981,5/12/2017 12:36,44.082
2982,5/12/2017 12:37,44.082
2983,5/12/2017 12:38,44.082
2984,5/12/2017 12:39,44.082
2985,5/12/2017 12:40,44.082
2986,5/12/2017 12:41,44.082
2987,5/12/2017 12:42,44.173
2988,5/12/2017 12:43,44.582
2989,5/12/2017 12:44,45.669
2990,5/12/2017 12:45,45.851
2991,5/12/2017 12:46,45.896
2992,5/12/2017 12:47,46.346
2993,5/12/2017 12:48,46.616
2994,5/12/2017 12:49,46.931
2995,5/12/2017 12:50,49.825
2996,5/12/2017 12:51,51.721
2997,5/12/2017 12:52,53.166
2998,5/12/2017 12:53,54.212
2999,5/12/2017 12:54,55.342
3000,5/12/2017 12:55,56.469
3001,5/12/2017 12:56,56.901
3002,5/12/2017 12:57,57.679
3003,5/12/2017 12:58,58.239
3004,5/12/2017 12:59,58.971
3005,5/12/2017 13:00,59.659
3006,5/12/2017 13:01,60.217
3007,5/12/2017 13:02,60.517
3008,5/12/2017 13:03,60.948
3009,5/12/2017 13:04,61.333
3010,5/12/2017 13:05,61.677
3011,5/12/2017 13:06,61.934
3012,5/12/2017 13:07,62.062
3013,5/12/2017 13:08,61.891
3014,5/12/2017 13:09,61.804
3015,5/12/2017 13:10,61.419
3016,5/12/2017 13:11,62.019
3017,5/12/2017 13:12,62.406
3018,5/12/2017 13:13,62.704
3019,5/12/2017 13:14,62.791
3020,5/12/2017 13:15,63.09
3021,5/12/2017 13:16,63.09
3022,5/12/2017 13:17,62.62
3023,5/12/2017 13:18,63.005
3024,5/12/2017 13:19,63.133
3025,5/12/2017 13:20,63.262
3026,5/12/2017 13:21,61.119
3027,5/12/2017 13:22,62.105
3028,5/12/2017 13:23,62.62
3029,5/12/2017 13:24,63.005
3030,5/12/2017 13:25,63.176
3031,5/12/2017 13:26,63.304
3032,5/12/2017 13:27,63.689
3033,5/12/2017 13:28,63.946
3034,5/12/2017 13:29,64.204
3035,5/12/2017 13:30,64.418
3036,5/12/2017 13:31,64.503
3037,5/12/2017 13:32,64.632
3038,5/12/2017 13:33,64.632
3039,5/12/2017 13:34,64.717
3040,5/12/2017 13:35,64.674
3041,5/12/2017 13:36,64.674
3042,5/12/2017 13:37,64.546
3043,5/12/2017 13:38,64.459
3044,5/12/2017 13:39,64.717
3045,5/12/2017 13:40,64.76
3046,5/12/2017 13:41,64.76
3047,5/12/2017 13:42,64.845
3048,5/12/2017 13:43,65.102
3049,5/12/2017 13:44,64.845
3050,5/12/2017 13:45,64.76
3051,5/12/2017 13:46,64.803
3052,5/12/2017 13:47,64.589
3053,5/12/2017 13:48,64.845
3054,5/12/2017 13:49,65.017
3055,5/12/2017 13:50,64.803
3056,5/12/2017 13:51,64.974
3057,5/12/2017 13:52,64.418
3058,5/12/2017 13:53,64.76
3059,5/12/2017 13:54,64.845
3060,5/12/2017 13:55,64.632
3061,5/12/2017 13:56,64.161
3062,5/12/2017 13:57,64.503
3063,5/12/2017 13:58,64.546
3064,5/12/2017 13:59,64.546
3065,5/12/2017 14:00,64.418
3066,5/12/2017 14:01,64.418
3067,5/12/2017 14:02,63.862
3068,5/12/2017 14:03,64.375
3069,5/12/2017 14:04,64.375
3070,5/12/2017 14:05,63.862
3071,5/12/2017 14:06,63.903
3072,5/12/2017 14:07,64.161
3073,5/12/2017 14:08,63.689
3074,5/12/2017 14:09,63.475
3075,5/12/2017 14:10,63.133
3076,5/12/2017 14:11,62.962
3077,5/12/2017 14:12,62.406
3078,5/12/2017 14:13,62.233
3079,5/12/2017 14:14,61.977
3080,5/12/2017 14:15,61.72
3081,5/12/2017 14:16,61.59
3082,5/12/2017 14:17,61.29
3083,5/12/2017 14:18,61.075
3084,5/12/2017 14:19,60.775
3085,5/12/2017 14:20,60.604
3086,5/12/2017 14:21,60.346
3087,5/12/2017 14:22,60.303
3088,5/12/2017 14:23,60.003
3089,5/12/2017 14:24,59.873
3090,5/12/2017 14:25,59.745
3091,5/12/2017 14:26,59.659
3092,5/12/2017 14:27,59.358
3093,5/12/2017 14:28,59.142
3094,5/12/2017 14:29,59.099
3095,5/12/2017 14:30,58.885
3096,5/12/2017 14:31,58.755
3097,5/12/2017 14:32,58.712
3098,5/12/2017 14:33,58.455
3099,5/12/2017 14:34,58.239
3100,5/12/2017 14:35,58.282
3101,5/12/2017 14:36,58.023
3102,5/12/2017 14:37,57.765
3103,5/12/2017 14:38,57.679
3104,5/12/2017 14:39,57.463
3105,5/12/2017 14:40,57.29
3106,5/12/2017 14:41,57.247
3107,5/12/2017 14:42,57.204
3108,5/12/2017 14:43,56.944
3109,5/12/2017 14:44,56.772
3110,5/12/2017 14:45,56.469
3111,5/12/2017 14:46,56.383
3112,5/12/2017 14:47,56.122
3113,5/12/2017 14:48,56.035
3114,5/12/2017 14:49,55.819
3115,5/12/2017 14:50,55.647
3116,5/12/2017 14:51,55.602
3117,5/12/2017 14:52,55.558
3118,5/12/2017 14:53,55.299
3119,5/12/2017 14:54,55.213
3120,5/12/2017 14:55,55.038
3121,5/12/2017 14:56,54.909
3122,5/12/2017 14:57,55.081
3123,5/12/2017 14:58,55.038
3124,5/12/2017 14:59,54.995
3125,5/12/2017 15:00,55.081
3126,5/12/2017 15:01,55.038
3127,5/12/2017 15:02,55.038
3128,5/12/2017 15:03,54.909
3129,5/12/2017 15:04,54.777
3130,5/12/2017 15:05,54.909
3131,5/12/2017 15:06,54.648
3132,5/12/2017 15:07,54.516
3133,5/12/2017 15:08,54.561
3134,5/12/2017 15:09,54.561
3135,5/12/2017 15:10,54.343
3136,5/12/2017 15:11,54.169
3137,5/12/2017 15:12,54.43
3138,5/12/2017 15:13,54.473
3139,5/12/2017 15:14,54.648
3140,5/12/2017 15:15,54.43
3141,5/12/2017 15:16,54.995
3142,5/12/2017 15:17,54.909
3143,5/12/2017 15:18,55.038
3144,5/12/2017 15:19,55.342
3145,5/12/2017 15:20,55.299
3146,5/12/2017 15:21,55.429
3147,5/12/2017 15:22,55.69
3148,5/12/2017 15:23,55.863
3149,5/12/2017 15:24,55.949
3150,5/12/2017 15:25,55.992
3151,5/12/2017 15:26,56.383
3152,5/12/2017 15:27,56.599
3153,5/12/2017 15:28,56.512
3154,5/12/2017 15:29,56.426
3155,5/12/2017 15:30,56.772
3156,5/12/2017 15:31,56.988
3157,5/12/2017 15:32,57.204
3158,5/12/2017 15:33,57.333
3159,5/12/2017 15:34,57.29
3160,5/12/2017 15:35,57.42
3161,5/12/2017 15:36,57.722
3162,5/12/2017 15:37,57.333
3163,5/12/2017 15:38,56.901
3164,5/12/2017 15:39,57.376
3165,5/12/2017 15:40,57.031
3166,5/12/2017 15:41,57.247
3167,5/12/2017 15:42,57.333
3168,5/12/2017 15:43,56.469
3169,5/12/2017 15:44,56.426
3170,5/12/2017 15:45,56.772
3171,5/12/2017 15:46,56.426
3172,5/12/2017 15:47,55.906
3173,5/12/2017 15:48,55.819
3174,5/12/2017 15:49,56.035
3175,5/12/2017 15:50,55.819
3176,5/12/2017 15:51,55.342
3177,5/12/2017 15:52,55.299
3178,5/12/2017 15:53,55.213
3179,5/12/2017 15:54,55.256
3180,5/12/2017 15:55,55.213
3181,5/12/2017 15:56,55.602
3182,5/12/2017 15:57,55.776
3183,5/12/2017 15:58,55.949
3184,5/12/2017 15:59,55.515
3185,5/12/2017 16:00,55.472
3186,5/12/2017 16:01,55.776
3187,5/12/2017 16:02,55.472
3188,5/12/2017 16:03,55.647
3189,5/12/2017 16:04,55.429
3190,5/12/2017 16:05,55.256
3191,5/12/2017 16:06,55.213
3192,5/12/2017 16:07,55.429
3193,5/12/2017 16:08,54.82
3194,5/12/2017 16:09,54.561
3195,5/12/2017 16:10,54.473
3196,5/12/2017 16:11,54.387
3197,5/12/2017 16:12,54.3
3198,5/12/2017 16:13,54.126
3199,5/12/2017 16:14,54.037
3200,5/12/2017 16:15,54.037
3201,5/12/2017 16:16,54.3
3202,5/12/2017 16:17,53.908
3203,5/12/2017 16:18,53.951
3204,5/12/2017 16:19,53.865
3205,5/12/2017 16:20,54.082
3206,5/12/2017 16:21,53.69
3207,5/12/2017 16:22,53.559
3208,5/12/2017 16:23,53.559
3209,5/12/2017 16:24,53.515
3210,5/12/2017 16:25,53.427
3211,5/12/2017 16:26,53.341
3212,5/12/2017 16:27,53.298
3213,5/12/2017 16:28,53.166
3214,5/12/2017 16:29,53.078
3215,5/12/2017 16:30,53.035
3216,5/12/2017 16:31,52.903
3217,5/12/2017 16:32,52.86
3218,5/12/2017 16:33,52.86
3219,5/12/2017 16:34,52.772
3220,5/12/2017 16:35,52.729
3221,5/12/2017 16:36,52.641
3222,5/12/2017 16:37,52.597
3223,5/12/2017 16:38,52.554
3224,5/12/2017 16:39,52.509
3225,5/12/2017 16:40,52.466
3226,5/12/2017 16:41,52.554
3227,5/12/2017 16:42,52.466
3228,5/12/2017 16:43,52.466
3229,5/12/2017 16:44,52.509
3230,5/12/2017 16:45,52.466
3231,5/12/2017 16:46,52.466
3232,5/12/2017 16:47,52.423
3233,5/12/2017 16:48,52.335
3234,5/12/2017 16:49,52.423
3235,5/12/2017 16:50,52.466
3236,5/12/2017 16:51,52.423
3237,5/12/2017 16:52,52.378
3238,5/12/2017 16:53,52.378
3239,5/12/2017 16:54,52.466
3240,5/12/2017 16:55,52.466
3241,5/12/2017 16:56,52.509
3242,5/12/2017 16:57,52.423
3243,5/12/2017 16:58,52.466
3244,5/12/2017 16:59,52.554
3245,5/12/2017 17:00,52.554
3246,5/12/2017 17:01,52.597
3247,5/12/2017 17:02,52.509
3248,5/12/2017 17:03,52.378
3249,5/12/2017 17:04,52.378
3250,5/12/2017 17:05,52.423
3251,5/12/2017 17:06,52.378
3252,5/12/2017 17:07,52.378
3253,5/12/2017 17:08,52.335
3254,5/12/2017 17:09,52.291
3255,5/12/2017 17:10,52.246
3256,5/12/2017 17:11,52.203
3257,5/12/2017 17:12,52.115
3258,5/12/2017 17:13,52.029
3259,5/12/2017 17:14,52.029
3260,5/12/2017 17:15,51.984
3261,5/12/2017 17:16,51.895
3262,5/12/2017 17:17,51.852
3263,5/12/2017 17:18,51.809
3264,5/12/2017 17:19,51.764
3265,5/12/2017 17:20,51.678
3266,5/12/2017 17:21,51.678
3267,5/12/2017 17:22,51.678
3268,5/12/2017 17:23,51.633
3269,5/12/2017 17:24,51.458
3270,5/12/2017 17:25,51.458
3271,5/12/2017 17:26,51.37
3272,5/12/2017 17:27,51.282
3273,5/12/2017 17:28,51.282
3274,5/12/2017 17:29,51.148
3275,5/12/2017 17:30,51.062
3276,5/12/2017 17:31,51.062
3277,5/12/2017 17:32,51.062
3278,5/12/2017 17:33,50.929
3279,5/12/2017 17:34,50.797
3280,5/12/2017 17:35,50.709
3281,5/12/2017 17:36,50.709
3282,5/12/2017 17:37,50.621
3283,5/12/2017 17:38,50.533
3284,5/12/2017 17:39,50.445
3285,5/12/2017 17:40,50.311
3286,5/12/2017 17:41,50.268
3287,5/12/2017 17:42,50.223
3288,5/12/2017 17:43,50.18
3289,5/12/2017 17:44,50.18
3290,5/12/2017 17:45,50.18
3291,5/12/2017 17:46,50.092
3292,5/12/2017 17:47,50.047
3293,5/12/2017 17:48,50.002
3294,5/12/2017 17:49,50.002
3295,5/12/2017 17:50,50.002
3296,5/12/2017 17:51,49.959
3297,5/12/2017 17:52,49.914
3298,5/12/2017 17:53,49.914
3299,5/12/2017 17:54,49.825
3300,5/12/2017 17:55,49.782
3301,5/12/2017 17:56,49.649
3302,5/12/2017 17:57,49.649
3303,5/12/2017 17:58,49.649
3304,5/12/2017 17:59,49.649
3305,5/12/2017 18:00,49.604
3306,5/12/2017 18:01,49.516
3307,5/12/2017 18:02,49.471
3308,5/12/2017 18:03,49.294
3309,5/12/2017 18:04,49.073
3310,5/12/2017 18:05,48.895
3311,5/12/2017 18:06,48.628
3312,5/12/2017 18:07,48.405
3313,5/12/2017 18:08,48.182
3314,5/12/2017 18:09,48.004
3315,5/12/2017 18:10,47.826
3316,5/12/2017 18:11,47.691
3317,5/12/2017 18:12,47.512
3318,5/12/2017 18:13,47.422
3319,5/12/2017 18:14,47.334
3320,5/12/2017 18:15,47.244
3321,5/12/2017 18:16,47.199
3322,5/12/2017 18:17,47.154
3323,5/12/2017 18:18,47.109
3324,5/12/2017 18:19,47.109
3325,5/12/2017 18:20,47.154
3326,5/12/2017 18:21,47.244
3327,5/12/2017 18:22,47.289
3328,5/12/2017 18:23,47.334
3329,5/12/2017 18:24,47.334
3330,5/12/2017 18:25,47.422
3331,5/12/2017 18:26,47.557
3332,5/12/2017 18:27,47.691
3333,5/12/2017 18:28,47.691
3334,5/12/2017 18:29,47.647
3335,5/12/2017 18:30,47.647
3336,5/12/2017 18:31,47.736
3337,5/12/2017 18:32,47.781
3338,5/12/2017 18:33,47.871
3339,5/12/2017 18:34,48.049
3340,5/12/2017 18:35,48.137
3341,5/12/2017 18:36,48.094
3342,5/12/2017 18:37,48.049
3343,5/12/2017 18:38,48.094
3344,5/12/2017 18:39,48.137
3345,5/12/2017 18:40,48.004
3346,5/12/2017 18:41,47.914
3347,5/12/2017 18:42,47.871
3348,5/12/2017 18:43,47.959
3349,5/12/2017 18:44,47.914
3350,5/12/2017 18:45,47.826
3351,5/12/2017 18:46,47.736
3352,5/12/2017 18:47,47.781
3353,5/12/2017 18:48,47.691
3354,5/12/2017 18:49,47.647
3355,5/12/2017 18:50,47.602
3356,5/12/2017 18:51,47.647
3357,5/12/2017 18:52,47.647
3358,5/12/2017 18:53,47.602
3359,5/12/2017 18:54,47.602
3360,5/12/2017 18:55,47.557
3361,5/12/2017 18:56,47.512
3362,5/12/2017 18:57,47.512
3363,5/12/2017 18:58,47.512
3364,5/12/2017 18:59,47.467
3365,5/12/2017 19:00,47.467
3366,5/12/2017 19:01,47.557
3367,5/12/2017 19:02,47.602
3368,5/12/2017 19:03,47.647
3369,5/12/2017 19:04,47.691
3370,5/12/2017 19:05,47.691
3371,5/12/2017 19:06,47.736
3372,5/12/2017 19:07,47.826
3373,5/12/2017 19:08,47.914
3374,5/12/2017 19:09,48.004
3375,5/12/2017 19:10,48.094
3376,5/12/2017 19:11,48.182
3377,5/12/2017 19:12,48.227
3378,5/12/2017 19:13,48.227
3379,5/12/2017 19:14,48.272
3380,5/12/2017 19:15,48.315
3381,5/12/2017 19:16,48.182
3382,5/12/2017 19:17,48.227
3383,5/12/2017 19:18,48.227
3384,5/12/2017 19:19,48.227
3385,5/12/2017 19:20,48.227
3386,5/12/2017 19:21,48.272
3387,5/12/2017 19:22,48.272
3388,5/12/2017 19:23,48.315
3389,5/12/2017 19:24,48.405
3390,5/12/2017 19:25,48.45
3391,5/12/2017 19:26,48.405
3392,5/12/2017 19:27,48.405
3393,5/12/2017 19:28,48.36
3394,5/12/2017 19:29,48.405
3395,5/12/2017 19:30,48.493
3396,5/12/2017 19:31,48.538
3397,5/12/2017 19:32,48.583
3398,5/12/2017 19:33,48.628
3399,5/12/2017 19:34,48.672
3400,5/12/2017 19:35,48.717
3401,5/12/2017 19:36,48.85
3402,5/12/2017 19:37,48.938
3403,5/12/2017 19:38,49.028
3404,5/12/2017 19:39,49.116
3405,5/12/2017 19:40,49.073
3406,5/12/2017 19:41,49.028
3407,5/12/2017 19:42,48.938
3408,5/12/2017 19:43,48.895
3409,5/12/2017 19:44,48.85
3410,5/12/2017 19:45,48.895
3411,5/12/2017 19:46,48.938
3412,5/12/2017 19:47,48.983
3413,5/12/2017 19:48,48.983
3414,5/12/2017 19:49,48.895
3415,5/12/2017 19:50,48.895
3416,5/12/2017 19:51,48.895
3417,5/12/2017 19:52,48.895
3418,5/12/2017 19:53,48.983
3419,5/12/2017 19:54,49.028
3420,5/12/2017 19:55,49.028
3421,5/12/2017 19:56,48.983
3422,5/12/2017 19:57,48.983
3423,5/12/2017 19:58,49.073
3424,5/12/2017 19:59,49.116
3425,5/12/2017 20:00,49.073
3426,5/12/2017 20:01,48.983
3427,5/12/2017 20:02,48.983
3428,5/12/2017 20:03,49.028
3429,5/12/2017 20:04,49.116
3430,5/12/2017 20:05,49.116
3431,5/12/2017 20:06,49.028
3432,5/12/2017 20:07,48.983
3433,5/12/2017 20:08,48.983
3434,5/12/2017 20:09,48.983
3435,5/12/2017 20:10,48.983
3436,5/12/2017 20:11,48.938
3437,5/12/2017 20:12,48.895
3438,5/12/2017 20:13,48.85
3439,5/12/2017 20:14,48.85
3440,5/12/2017 20:15,48.85
3441,5/12/2017 20:16,48.805
3442,5/12/2017 20:17,48.762
3443,5/12/2017 20:18,48.717
3444,5/12/2017 20:19,48.717
3445,5/12/2017 20:20,48.762
3446,5/12/2017 20:21,48.805
3447,5/12/2017 20:22,48.762
3448,5/12/2017 20:23,48.717
3449,5/12/2017 20:24,48.672
3450,5/12/2017 20:25,48.672
3451,5/12/2017 20:26,48.583
3452,5/12/2017 20:27,48.538
3453,5/12/2017 20:28,48.628
3454,5/12/2017 20:29,48.583
3455,5/12/2017 20:30,48.538
3456,5/12/2017 20:31,48.45
3457,5/12/2017 20:32,48.405
3458,5/12/2017 20:33,48.315
3459,5/12/2017 20:34,48.315
3460,5/12/2017 20:35,48.315
3461,5/12/2017 20:36,48.315
3462,5/12/2017 20:37,48.315
3463,5/12/2017 20:38,48.272
3464,5/12/2017 20:39,48.227
3465,5/12/2017 20:40,48.137
3466,5/12/2017 20:41,48.094
3467,5/12/2017 20:42,48.049
3468,5/12/2017 20:43,48.004
3469,5/12/2017 20:44,47.959
3470,5/12/2017 20:45,47.914
3471,5/12/2017 20:46,47.871
3472,5/12/2017 20:47,47.871
3473,5/12/2017 20:48,47.826
3474,5/12/2017 20:49,47.781
3475,5/12/2017 20:50,47.781
3476,5/12/2017 20:51,47.736
3477,5/12/2017 20:52,47.736
3478,5/12/2017 20:53,47.781
3479,5/12/2017 20:54,47.781
3480,5/12/2017 20:55,47.781
3481,5/12/2017 20:56,47.826
3482,5/12/2017 20:57,47.871
3483,5/12/2017 20:58,47.959
3484,5/12/2017 20:59,48.049
3485,5/12/2017 21:00,48.094
3486,5/12/2017 21:01,48.137
3487,5/12/2017 21:02,48.182
3488,5/12/2017 21:03,48.227
3489,5/12/2017 21:04,48.227
3490,5/12/2017 21:05,48.227
3491,5/12/2017 21:06,48.227
3492,5/12/2017 21:07,48.272
3493,5/12/2017 21:08,48.315
3494,5/12/2017 21:09,48.272
3495,5/12/2017 21:10,48.315
3496,5/12/2017 21:11,48.36
3497,5/12/2017 21:12,48.315
3498,5/12/2017 21:13,48.272
3499,5/12/2017 21:14,48.272
3500,5/12/2017 21:15,48.315
3501,5/12/2017 21:16,48.272
3502,5/12/2017 21:17,48.227
3503,5/12/2017 21:18,48.182
3504,5/12/2017 21:19,48.137
3505,5/12/2017 21:20,48.049
3506,5/12/2017 21:21,48.049
3507,5/12/2017 21:22,48.049
3508,5/12/2017 21:23,48.049
3509,5/12/2017 21:24,48.004
3510,5/12/2017 21:25,48.004
3511,5/12/2017 21:26,48.004
3512,5/12/2017 21:27,48.004
3513,5/12/2017 21:28,47.959
3514,5/12/2017 21:29,47.959
3515,5/12/2017 21:30,47.914
3516,5/12/2017 21:31,47.871
3517,5/12/2017 21:32,47.781
3518,5/12/2017 21:33,47.781
3519,5/12/2017 21:34,47.826
3520,5/12/2017 21:35,47.871
3521,5/12/2017 21:36,47.871
3522,5/12/2017 21:37,47.781
3523,5/12/2017 21:38,47.826
3524,5/12/2017 21:39,47.826
3525,5/12/2017 21:40,47.826
3526,5/12/2017 21:41,47.826
3527,5/12/2017 21:42,47.781
3528,5/12/2017 21:43,47.781
3529,5/12/2017 21:44,47.871
3530,5/12/2017 21:45,47.826
3531,5/12/2017 21:46,47.826
3532,5/12/2017 21:47,47.826
3533,5/12/2017 21:48,47.781
3534,5/12/2017 21:49,47.826
3535,5/12/2017 21:50,47.871
3536,5/12/2017 21:51,47.871
3537,5/12/2017 21:52,47.826
3538,5/12/2017 21:53,47.826
3539,5/12/2017 21:54,47.736
3540,5/12/2017 21:55,47.691
3541,5/12/2017 21:56,47.691
3542,5/12/2017 21:57,47.781
3543,5/12/2017 21:58,47.826
3544,5/12/2017 21:59,47.781
3545,5/12/2017 22:00,47.781
3546,5/12/2017 22:01,47.781
3547,5/12/2017 22:02,47.781
3548,5/12/2017 22:03,47.781
3549,5/12/2017 22:04,47.736
3550,5/12/2017 22:05,47.826
3551,5/12/2017 22:06,47.736
3552,5/12/2017 22:07,47.647
3553,5/12/2017 22:08,47.691
3554,5/12/2017 22:09,47.736
3555,5/12/2017 22:10,47.691
3556,5/12/2017 22:11,47.691
3557,5/12/2017 22:12,47.691
3558,5/12/2017 22:13,47.781
3559,5/12/2017 22:14,47.871
3560,5/12/2017 22:15,47.826
3561,5/12/2017 22:16,47.781
3562,5/12/2017 22:17,47.647
3563,5/12/2017 22:18,47.602
3564,5/12/2017 22:19,47.602
3565,5/12/2017 22:20,47.602
3566,5/12/2017 22:21,47.602
3567,5/12/2017 22:22,47.602
3568,5/12/2017 22:23,47.557
3569,5/12/2017 22:24,47.467
3570,5/12/2017 22:25,47.467
3571,5/12/2017 22:26,47.467
3572,5/12/2017 22:27,47.377
3573,5/12/2017 22:28,47.289
3574,5/12/2017 22:29,47.244
3575,5/12/2017 22:30,47.199
3576,5/12/2017 22:31,47.244
3577,5/12/2017 22:32,47.199
3578,5/12/2017 22:33,47.154
3579,5/12/2017 22:34,47.109
3580,5/12/2017 22:35,47.109
3581,5/12/2017 22:36,47.064
3582,5/12/2017 22:37,47.064
3583,5/12/2017 22:38,47.019
3584,5/12/2017 22:39,46.974
3585,5/12/2017 22:40,46.931
3586,5/12/2017 22:41,46.974
3587,5/12/2017 22:42,46.974
3588,5/12/2017 22:43,46.931
3589,5/12/2017 22:44,46.931
3590,5/12/2017 22:45,46.886
3591,5/12/2017 22:46,46.796
3592,5/12/2017 22:47,46.751
3593,5/12/2017 22:48,46.751
3594,5/12/2017 22:49,46.661
3595,5/12/2017 22:50,46.706
3596,5/12/2017 22:51,46.661
3597,5/12/2017 22:52,46.616
3598,5/12/2017 22:53,46.616
3599,5/12/2017 22:54,46.616
3600,5/12/2017 22:55,46.661
3601,5/12/2017 22:56,46.706
3602,5/12/2017 22:57,46.661
3603,5/12/2017 22:58,46.661
3604,5/12/2017 22:59,46.616
3605,5/12/2017 23:00,46.661
3606,5/12/2017 23:01,46.706
3607,5/12/2017 23:02,46.706
3608,5/12/2017 23:03,46.706
3609,5/12/2017 23:04,46.661
3610,5/12/2017 23:05,46.661
3611,5/12/2017 23:06,46.616
3612,5/12/2017 23:07,46.571
3613,5/12/2017 23:08,46.571
3614,5/12/2017 23:09,46.616
3615,5/12/2017 23:10,46.661
3616,5/12/2017 23:11,46.661
3617,5/12/2017 23:12,46.751
3618,5/12/2017 23:13,46.706
3619,5/12/2017 23:14,46.661
3620,5/12/2017 23:15,46.661
3621,5/12/2017 23:16,46.706
3622,5/12/2017 23:17,46.706
3623,5/12/2017 23:18,46.706
3624,5/12/2017 23:19,46.706
3625,5/12/2017 23:20,46.706
3626,5/12/2017 23:21,46.706
3627,5/12/2017 23:22,46.706
3628,5/12/2017 23:23,46.661
3629,5/12/2017 23:24,46.661
3630,5/12/2017 23:25,46.616
3631,5/12/2017 23:26,46.616
3632,5/12/2017 23:27,46.571
3633,5/12/2017 23:28,46.571
3634,5/12/2017 23:29,46.571
3635,5/12/2017 23:30,46.661
3636,5/12/2017 23:31,46.616
3637,5/12/2017 23:32,46.616
3638,5/12/2017 23:33,46.616
3639,5/12/2017 23:34,46.706
3640,5/12/2017 23:35,46.661
3641,5/12/2017 23:36,46.661
3642,5/12/2017 23:37,46.706
3643,5/12/2017 23:38,46.661
3644,5/12/2017 23:39,46.571
3645,5/12/2017 23:40,46.616
3646,5/12/2017 23:41,46.571
3647,5/12/2017 23:42,46.526
3648,5/12/2017 23:43,46.571
3649,5/12/2017 23:44,46.571
3650,5/12/2017 23:45,46.526
3651,5/12/2017 23:46,46.571
3652,5/12/2017 23:47,46.571
3653,5/12/2017 23:48,46.526
3654,5/12/2017 23:49,46.616
3655,5/12/2017 23:50,46.616
3656,5/12/2017 23:51,46.616
3657,5/12/2017 23:52,46.616
3658,5/12/2017 23:53,46.616
3659,5/12/2017 23:54,46.616
3660,5/12/2017 23:55,46.661
3661,5/12/2017 23:56,46.661
3662,5/12/2017 23:57,46.661
3663,5/12/2017 23:58,46.616
3664,5/12/2017 23:59,46.616
3665,5/13/2017 0:00,46.661
3666,5/13/2017 0:01,46.616
3667,5/13/2017 0:02,46.661
3668,5/13/2017 0:03,46.661
3669,5/13/2017 0:04,46.616
3670,5/13/2017 0:05,46.661
3671,5/13/2017 0:06,46.661
3672,5/13/2017 0:07,46.616
3673,5/13/2017 0:08,46.616
3674,5/13/2017 0:09,46.706
3675,5/13/2017 0:10,46.661
3676,5/13/2017 0:11,46.706
3677,5/13/2017 0:12,46.751
3678,5/13/2017 0:13,46.751
3679,5/13/2017 0:14,46.706
3680,5/13/2017 0:15,46.751
3681,5/13/2017 0:16,46.796
3682,5/13/2017 0:17,46.796
3683,5/13/2017 0:18,46.796
3684,5/13/2017 0:19,46.751
3685,5/13/2017 0:20,46.751
3686,5/13/2017 0:21,46.751
3687,5/13/2017 0:22,46.751
3688,5/13/2017 0:23,46.751
3689,5/13/2017 0:24,46.751
3690,5/13/2017 0:25,46.751
3691,5/13/2017 0:26,46.751
3692,5/13/2017 0:27,46.706
3693,5/13/2017 0:28,46.706
3694,5/13/2017 0:29,46.706
3695,5/13/2017 0:30,46.706
3696,5/13/2017 0:31,46.706
3697,5/13/2017 0:32,46.706
3698,5/13/2017 0:33,46.751
3699,5/13/2017 0:34,46.706
3700,5/13/2017 0:35,46.706
3701,5/13/2017 0:36,46.706
3702,5/13/2017 0:37,46.751
3703,5/13/2017 0:38,46.751
3704,5/13/2017 0:39,46.706
3705,5/13/2017 0:40,46.706
3706,5/13/2017 0:41,46.751
3707,5/13/2017 0:42,46.796
3708,5/13/2017 0:43,46.796
3709,5/13/2017 0:44,46.751
3710,5/13/2017 0:45,46.841
3711,5/13/2017 0:46,46.841
3712,5/13/2017 0:47,46.931
3713,5/13/2017 0:48,46.974
3714,5/13/2017 0:49,47.019
3715,5/13/2017 0:50,47.064
3716,5/13/2017 0:51,47.064
3717,5/13/2017 0:52,47.064
3718,5/13/2017 0:53,47.154
3719,5/13/2017 0:54,47.109
3720,5/13/2017 0:55,47.109
3721,5/13/2017 0:56,47.154
3722,5/13/2017 0:57,47.154
3723,5/13/2017 0:58,47.244
3724,5/13/2017 0:59,47.154
3725,5/13/2017 1:00,47.244
3726,5/13/2017 1:01,47.244
3727,5/13/2017 1:02,47.244
3728,5/13/2017 1:03,47.199
3729,5/13/2017 1:04,47.154
3730,5/13/2017 1:05,47.109
3731,5/13/2017 1:06,47.064
3732,5/13/2017 1:07,46.974
3733,5/13/2017 1:08,46.931
3734,5/13/2017 1:09,46.931
3735,5/13/2017 1:10,46.974
3736,5/13/2017 1:11,47.064
3737,5/13/2017 1:12,47.154
3738,5/13/2017 1:13,47.064
3739,5/13/2017 1:14,47.109
3740,5/13/2017 1:15,47.154
3741,5/13/2017 1:16,47.199
3742,5/13/2017 1:17,47.244
3743,5/13/2017 1:18,47.199
3744,5/13/2017 1:19,47.109
3745,5/13/2017 1:20,47.109
3746,5/13/2017 1:21,47.154
3747,5/13/2017 1:22,47.154
3748,5/13/2017 1:23,47.244
3749,5/13/2017 1:24,47.244
3750,5/13/2017 1:25,47.244
3751,5/13/2017 1:26,47.244
3752,5/13/2017 1:27,47.289
3753,5/13/2017 1:28,47.334
3754,5/13/2017 1:29,47.377
3755,5/13/2017 1:30,47.334
3756,5/13/2017 1:31,47.422
3757,5/13/2017 1:32,47.422
3758,5/13/2017 1:33,47.467
3759,5/13/2017 1:34,47.512
3760,5/13/2017 1:35,47.557
3761,5/13/2017 1:36,47.512
3762,5/13/2017 1:37,47.557
3763,5/13/2017 1:38,47.512
3764,5/13/2017 1:39,47.422
3765,5/13/2017 1:40,47.467
3766,5/13/2017 1:41,47.334
3767,5/13/2017 1:42,47.244
3768,5/13/2017 1:43,47.244
3769,5/13/2017 1:44,47.244
3770,5/13/2017 1:45,47.199
3771,5/13/2017 1:46,47.199
3772,5/13/2017 1:47,47.154
3773,5/13/2017 1:48,47.199
3774,5/13/2017 1:49,47.154
3775,5/13/2017 1:50,47.109
3776,5/13/2017 1:51,47.109
3777,5/13/2017 1:52,47.154
3778,5/13/2017 1:53,47.154
3779,5/13/2017 1:54,47.064
3780,5/13/2017 1:55,47.109
3781,5/13/2017 1:56,47.064
3782,5/13/2017 1:57,47.064
3783,5/13/2017 1:58,47.064
3784,5/13/2017 1:59,47.064
3785,5/13/2017 2:00,47.064
3786,5/13/2017 2:01,47.064
3787,5/13/2017 2:02,47.064
3788,5/13/2017 2:03,47.019
3789,5/13/2017 2:04,47.064
3790,5/13/2017 2:05,47.019
3791,5/13/2017 2:06,46.974
3792,5/13/2017 2:07,46.974
3793,5/13/2017 2:08,46.974
3794,5/13/2017 2:09,46.931
3795,5/13/2017 2:10,46.931
3796,5/13/2017 2:11,46.974
3797,5/13/2017 2:12,46.886
3798,5/13/2017 2:13,46.931
3799,5/13/2017 2:14,46.886
3800,5/13/2017 2:15,46.886
3801,5/13/2017 2:16,46.886
3802,5/13/2017 2:17,46.796
3803,5/13/2017 2:18,46.796
3804,5/13/2017 2:19,46.796
3805,5/13/2017 2:20,46.706
3806,5/13/2017 2:21,46.706
3807,5/13/2017 2:22,46.751
3808,5/13/2017 2:23,46.751
3809,5/13/2017 2:24,46.751
3810,5/13/2017 2:25,46.751
3811,5/13/2017 2:26,46.706
3812,5/13/2017 2:27,46.661
3813,5/13/2017 2:28,46.661
3814,5/13/2017 2:29,46.616
3815,5/13/2017 2:30,46.661
3816,5/13/2017 2:31,46.661
3817,5/13/2017 2:32,46.616
3818,5/13/2017 2:33,46.661
3819,5/13/2017 2:34,46.751
3820,5/13/2017 2:35,46.706
3821,5/13/2017 2:36,46.661
3822,5/13/2017 2:37,46.706
3823,5/13/2017 2:38,46.661
3824,5/13/2017 2:39,46.706
3825,5/13/2017 2:40,46.886
3826,5/13/2017 2:41,46.751
3827,5/13/2017 2:42,46.841
3828,5/13/2017 2:43,46.841
3829,5/13/2017 2:44,46.931
3830,5/13/2017 2:45,46.841
3831,5/13/2017 2:46,46.886
3832,5/13/2017 2:47,46.886
3833,5/13/2017 2:48,46.841
3834,5/13/2017 2:49,46.796
3835,5/13/2017 2:50,46.796
3836,5/13/2017 2:51,46.706
3837,5/13/2017 2:52,46.661
3838,5/13/2017 2:53,46.616
3839,5/13/2017 2:54,46.571
3840,5/13/2017 2:55,46.526
3841,5/13/2017 2:56,46.481
3842,5/13/2017 2:57,46.481
3843,5/13/2017 2:58,46.436
3844,5/13/2017 2:59,46.436
3845,5/13/2017 3:00,46.391
3846,5/13/2017 3:01,46.346
3847,5/13/2017 3:02,46.301
3848,5/13/2017 3:03,46.301
3849,5/13/2017 3:04,46.301
3850,5/13/2017 3:05,46.256
3851,5/13/2017 3:06,46.211
3852,5/13/2017 3:07,46.211
3853,5/13/2017 3:08,46.166
3854,5/13/2017 3:09,46.166
3855,5/13/2017 3:10,46.121
3856,5/13/2017 3:11,46.121
3857,5/13/2017 3:12,46.166
3858,5/13/2017 3:13,46.121
3859,5/13/2017 3:14,46.076
3860,5/13/2017 3:15,46.076
3861,5/13/2017 3:16,46.076
3862,5/13/2017 3:17,46.031
3863,5/13/2017 3:18,46.031
3864,5/13/2017 3:19,46.031
3865,5/13/2017 3:20,46.031
3866,5/13/2017 3:21,46.031
3867,5/13/2017 3:22,46.031
3868,5/13/2017 3:23,46.076
3869,5/13/2017 3:24,46.031
3870,5/13/2017 3:25,45.986
3871,5/13/2017 3:26,45.986
3872,5/13/2017 3:27,45.986
3873,5/13/2017 3:28,45.941
3874,5/13/2017 3:29,45.941
3875,5/13/2017 3:30,45.941
3876,5/13/2017 3:31,45.941
3877,5/13/2017 3:32,45.941
3878,5/13/2017 3:33,46.031
3879,5/13/2017 3:34,46.031
3880,5/13/2017 3:35,46.076
3881,5/13/2017 3:36,46.031
3882,5/13/2017 3:37,46.031
3883,5/13/2017 3:38,45.986
3884,5/13/2017 3:39,46.031
3885,5/13/2017 3:40,46.031
3886,5/13/2017 3:41,46.031
3887,5/13/2017 3:42,46.031
3888,5/13/2017 3:43,46.031
3889,5/13/2017 3:44,46.076
3890,5/13/2017 3:45,46.121
3891,5/13/2017 3:46,46.166
3892,5/13/2017 3:47,46.211
3893,5/13/2017 3:48,46.211
3894,5/13/2017 3:49,46.211
3895,5/13/2017 3:50,46.256
3896,5/13/2017 3:51,46.211
3897,5/13/2017 3:52,46.256
3898,5/13/2017 3:53,46.391
3899,5/13/2017 3:54,46.436
3900,5/13/2017 3:55,46.436
3901,5/13/2017 3:56,46.481
3902,5/13/2017 3:57,46.526
3903,5/13/2017 3:58,46.526
3904,5/13/2017 3:59,46.571
3905,5/13/2017 4:00,46.481
3906,5/13/2017 4:01,46.481
3907,5/13/2017 4:02,46.436
3908,5/13/2017 4:03,46.346
3909,5/13/2017 4:04,46.346
3910,5/13/2017 4:05,46.301
3911,5/13/2017 4:06,46.301
3912,5/13/2017 4:07,46.256
3913,5/13/2017 4:08,46.256
3914,5/13/2017 4:09,46.211
3915,5/13/2017 4:10,46.211
3916,5/13/2017 4:11,46.256
3917,5/13/2017 4:12,46.256
3918,5/13/2017 4:13,46.256
3919,5/13/2017 4:14,46.256
3920,5/13/2017 4:15,46.211
3921,5/13/2017 4:16,46.256
3922,5/13/2017 4:17,46.256
3923,5/13/2017 4:18,46.256
3924,5/13/2017 4:19,46.211
3925,5/13/2017 4:20,46.166
3926,5/13/2017 4:21,46.166
3927,5/13/2017 4:22,46.121
3928,5/13/2017 4:23,46.076
3929,5/13/2017 4:24,46.031
3930,5/13/2017 4:25,46.031
3931,5/13/2017 4:26,46.031
3932,5/13/2017 4:27,46.076
3933,5/13/2017 4:28,46.166
3934,5/13/2017 4:29,46.301
3935,5/13/2017 4:30,46.256
3936,5/13/2017 4:31,46.391
3937,5/13/2017 4:32,46.346
3938,5/13/2017 4:33,46.346
3939,5/13/2017 4:34,46.436
3940,5/13/2017 4:35,46.526
3941,5/13/2017 4:36,46.526
3942,5/13/2017 4:37,46.571
3943,5/13/2017 4:38,46.526
3944,5/13/2017 4:39,46.526
3945,5/13/2017 4:40,46.571
3946,5/13/2017 4:41,46.571
3947,5/13/2017 4:42,46.571
3948,5/13/2017 4:43,46.571
3949,5/13/2017 4:44,46.571
3950,5/13/2017 4:45,46.571
3951,5/13/2017 4:46,46.616
3952,5/13/2017 4:47,46.661
3953,5/13/2017 4:48,46.706
3954,5/13/2017 4:49,46.841
3955,5/13/2017 4:50,46.886
3956,5/13/2017 4:51,46.931
3957,5/13/2017 4:52,46.886
3958,5/13/2017 4:53,46.841
3959,5/13/2017 4:54,46.841
3960,5/13/2017 4:55,46.931
3961,5/13/2017 4:56,47.019
3962,5/13/2017 4:57,46.974
3963,5/13/2017 4:58,46.974
3964,5/13/2017 4:59,46.931
3965,5/13/2017 5:00,46.931
3966,5/13/2017 5:01,46.886
3967,5/13/2017 5:02,46.841
3968,5/13/2017 5:03,46.841
3969,5/13/2017 5:04,46.886
3970,5/13/2017 5:05,46.974
3971,5/13/2017 5:06,46.886
3972,5/13/2017 5:07,46.886
3973,5/13/2017 5:08,46.886
3974,5/13/2017 5:09,46.886
3975,5/13/2017 5:10,46.886
3976,5/13/2017 5:11,46.974
3977,5/13/2017 5:12,47.019
3978,5/13/2017 5:13,47.064
3979,5/13/2017 5:14,46.974
3980,5/13/2017 5:15,46.974
3981,5/13/2017 5:16,46.931
3982,5/13/2017 5:17,46.931
3983,5/13/2017 5:18,46.886
3984,5/13/2017 5:19,46.886
3985,5/13/2017 5:20,46.974
3986,5/13/2017 5:21,46.886
3987,5/13/2017 5:22,46.886
3988,5/13/2017 5:23,46.841
3989,5/13/2017 5:24,46.796
3990,5/13/2017 5:25,46.886
3991,5/13/2017 5:26,46.931
3992,5/13/2017 5:27,46.751
3993,5/13/2017 5:28,46.661
3994,5/13/2017 5:29,46.571
3995,5/13/2017 5:30,46.526
3996,5/13/2017 5:31,46.481
3997,5/13/2017 5:32,46.526
3998,5/13/2017 5:33,46.571
3999,5/13/2017 5:34,46.571
4000,5/13/2017 5:35,46.616
4001,5/13/2017 5:36,46.526
4002,5/13/2017 5:37,46.571
4003,5/13/2017 5:38,46.616
4004,5/13/2017 5:39,46.571
4005,5/13/2017 5:40,46.526
4006,5/13/2017 5:41,46.436
4007,5/13/2017 5:42,46.346
4008,5/13/2017 5:43,46.436
4009,5/13/2017 5:44,46.436
4010,5/13/2017 5:45,46.436
4011,5/13/2017 5:46,46.436
4012,5/13/2017 5:47,46.391
4013,5/13/2017 5:48,46.391
4014,5/13/2017 5:49,46.436
4015,5/13/2017 5:50,46.436
4016,5/13/2017 5:51,46.391
4017,5/13/2017 5:52,46.436
4018,5/13/2017 5:53,46.346
4019,5/13/2017 5:54,46.301
4020,5/13/2017 5:55,46.256
4021,5/13/2017 5:56,46.301
4022,5/13/2017 5:57,46.256
4023,5/13/2017 5:58,46.256
4024,5/13/2017 5:59,46.256
4025,5/13/2017 6:00,46.211
4026,5/13/2017 6:01,46.166
4027,5/13/2017 6:02,46.211
4028,5/13/2017 6:03,46.256
4029,5/13/2017 6:04,46.301
4030,5/13/2017 6:05,46.301
4031,5/13/2017 6:06,46.391
4032,5/13/2017 6:07,46.391
4033,5/13/2017 6:08,46.346
4034,5/13/2017 6:09,46.391
4035,5/13/2017 6:10,46.391
4036,5/13/2017 6:11,46.346
4037,5/13/2017 6:12,46.391
4038,5/13/2017 6:13,46.346
4039,5/13/2017 6:14,46.346
4040,5/13/2017 6:15,46.301
4041,5/13/2017 6:16,46.256
4042,5/13/2017 6:17,46.301
4043,5/13/2017 6:18,46.301
4044,5/13/2017 6:19,46.346
4045,5/13/2017 6:20,46.391
4046,5/13/2017 6:21,46.346
4047,5/13/2017 6:22,46.301
4048,5/13/2017 6:23,46.436
4049,5/13/2017 6:24,46.436
4050,5/13/2017 6:25,46.481
4051,5/13/2017 6:26,46.391
4052,5/13/2017 6:27,46.346
4053,5/13/2017 6:28,46.346
4054,5/13/2017 6:29,46.256
4055,5/13/2017 6:30,46.121
4056,5/13/2017 6:31,46.076
4057,5/13/2017 6:32,46.031
4058,5/13/2017 6:33,46.076
4059,5/13/2017 6:34,46.031
4060,5/13/2017 6:35,46.031
4061,5/13/2017 6:36,46.031
4062,5/13/2017 6:37,46.076
4063,5/13/2017 6:38,46.031
4064,5/13/2017 6:39,45.986
4065,5/13/2017 6:40,45.986
4066,5/13/2017 6:41,45.896
4067,5/13/2017 6:42,45.941
4068,5/13/2017 6:43,45.941
4069,5/13/2017 6:44,45.896
4070,5/13/2017 6:45,45.896
4071,5/13/2017 6:46,45.896
4072,5/13/2017 6:47,45.941
4073,5/13/2017 6:48,45.941
4074,5/13/2017 6:49,45.941
4075,5/13/2017 6:50,45.941
4076,5/13/2017 6:51,45.986
4077,5/13/2017 6:52,46.121
4078,5/13/2017 6:53,46.211
4079,5/13/2017 6:54,46.256
4080,5/13/2017 6:55,46.211
4081,5/13/2017 6:56,46.121
4082,5/13/2017 6:57,46.076
4083,5/13/2017 6:58,46.031
4084,5/13/2017 6:59,45.986
4085,5/13/2017 7:00,45.986
4086,5/13/2017 7:01,45.941
4087,5/13/2017 7:02,45.986
4088,5/13/2017 7:03,46.031
4089,5/13/2017 7:04,46.076
4090,5/13/2017 7:05,46.076
4091,5/13/2017 7:06,46.076
4092,5/13/2017 7:07,46.031
4093,5/13/2017 7:08,46.031
4094,5/13/2017 7:09,45.986
4095,5/13/2017 7:10,46.031
4096,5/13/2017 7:11,46.076
4097,5/13/2017 7:12,46.166
4098,5/13/2017 7:13,46.211
4099,5/13/2017 7:14,46.256
4100,5/13/2017 7:15,46.301
4101,5/13/2017 7:16,46.301
4102,5/13/2017 7:17,46.301
4103,5/13/2017 7:18,46.301
4104,5/13/2017 7:19,46.256
4105,5/13/2017 7:20,46.256
4106,5/13/2017 7:21,46.256
4107,5/13/2017 7:22,46.211
4108,5/13/2017 7:23,46.211
4109,5/13/2017 7:24,46.256
4110,5/13/2017 7:25,46.211
4111,5/13/2017 7:26,46.256
4112,5/13/2017 7:27,46.301
4113,5/13/2017 7:28,46.301
4114,5/13/2017 7:29,46.436
4115,5/13/2017 7:30,46.436
4116,5/13/2017 7:31,46.436
4117,5/13/2017 7:32,46.436
4118,5/13/2017 7:33,46.391
4119,5/13/2017 7:34,46.391
4120,5/13/2017 7:35,46.346
4121,5/13/2017 7:36,46.346
4122,5/13/2017 7:37,46.301
4123,5/13/2017 7:38,46.346
4124,5/13/2017 7:39,46.346
4125,5/13/2017 7:40,46.301
4126,5/13/2017 7:41,46.301
4127,5/13/2017 7:42,46.301
4128,5/13/2017 7:43,46.391
4129,5/13/2017 7:44,46.436
4130,5/13/2017 7:45,46.391
4131,5/13/2017 7:46,46.391
4132,5/13/2017 7:47,46.436
4133,5/13/2017 7:48,46.436
4134,5/13/2017 7:49,46.526
4135,5/13/2017 7:50,46.526
4136,5/13/2017 7:51,46.526
4137,5/13/2017 7:52,46.481
4138,5/13/2017 7:53,46.526
4139,5/13/2017 7:54,46.571
4140,5/13/2017 7:55,46.571
4141,5/13/2017 7:56,46.526
4142,5/13/2017 7:57,46.526
4143,5/13/2017 7:58,46.571
4144,5/13/2017 7:59,46.571
4145,5/13/2017 8:00,46.571
4146,5/13/2017 8:01,46.526
4147,5/13/2017 8:02,46.526
4148,5/13/2017 8:03,46.571
4149,5/13/2017 8:04,46.616
4150,5/13/2017 8:05,46.706
4151,5/13/2017 8:06,46.841
4152,5/13/2017 8:07,46.931
4153,5/13/2017 8:08,46.974
4154,5/13/2017 8:09,47.064
4155,5/13/2017 8:10,47.109
4156,5/13/2017 8:11,47.109
4157,5/13/2017 8:12,47.154
4158,5/13/2017 8:13,47.199
4159,5/13/2017 8:14,47.154
4160,5/13/2017 8:15,47.154
4161,5/13/2017 8:16,47.154
4162,5/13/2017 8:17,47.154
4163,5/13/2017 8:18,47.199
4164,5/13/2017 8:19,47.154
4165,5/13/2017 8:20,47.154
4166,5/13/2017 8:21,47.064
4167,5/13/2017 8:22,47.019
4168,5/13/2017 8:23,46.931
4169,5/13/2017 8:24,46.886
4170,5/13/2017 8:25,46.841
4171,5/13/2017 8:26,46.796
4172,5/13/2017 8:27,46.796
4173,5/13/2017 8:28,46.931
4174,5/13/2017 8:29,46.886
4175,5/13/2017 8:30,46.796
4176,5/13/2017 8:31,46.886
4177,5/13/2017 8:32,46.886
4178,5/13/2017 8:33,46.841
4179,5/13/2017 8:34,46.751
4180,5/13/2017 8:35,46.796
4181,5/13/2017 8:36,46.796
4182,5/13/2017 8:37,46.751
4183,5/13/2017 8:38,46.706
4184,5/13/2017 8:39,46.706
4185,5/13/2017 8:40,46.751
4186,5/13/2017 8:41,46.706
4187,5/13/2017 8:42,46.616
4188,5/13/2017 8:43,46.616
4189,5/13/2017 8:44,46.571
4190,5/13/2017 8:45,46.481
4191,5/13/2017 8:46,46.436
4192,5/13/2017 8:47,46.436
4193,5/13/2017 8:48,46.391
4194,5/13/2017 8:49,46.391
4195,5/13/2017 8:50,46.346
4196,5/13/2017 8:51,46.346
4197,5/13/2017 8:52,46.346
4198,5/13/2017 8:53,46.436
4199,5/13/2017 8:54,46.391
4200,5/13/2017 8:55,46.301
4201,5/13/2017 8:56,46.256
4202,5/13/2017 8:57,46.301
4203,5/13/2017 8:58,46.301
4204,5/13/2017 8:59,46.346
4205,5/13/2017 9:00,46.391
4206,5/13/2017 9:01,46.391
4207,5/13/2017 9:02,46.391
4208,5/13/2017 9:03,46.436
4209,5/13/2017 9:04,46.526
4210,5/13/2017 9:05,46.616
4211,5/13/2017 9:06,46.616
4212,5/13/2017 9:07,46.661
4213,5/13/2017 9:08,46.616
4214,5/13/2017 9:09,46.706
4215,5/13/2017 9:10,46.886
4216,5/13/2017 9:11,46.886
4217,5/13/2017 9:12,46.886
4218,5/13/2017 9:13,46.841
4219,5/13/2017 9:14,46.796
4220,5/13/2017 9:15,46.751
4221,5/13/2017 9:16,46.706
4222,5/13/2017 9:17,46.706
4223,5/13/2017 9:18,46.706
4224,5/13/2017 9:19,46.661
4225,5/13/2017 9:20,46.661
4226,5/13/2017 9:21,46.661
4227,5/13/2017 9:22,46.571
4228,5/13/2017 9:23,46.571
4229,5/13/2017 9:24,46.526
4230,5/13/2017 9:25,46.526
4231,5/13/2017 9:26,46.391
4232,5/13/2017 9:27,46.481
4233,5/13/2017 9:28,46.571
4234,5/13/2017 9:29,46.526
4235,5/13/2017 9:30,46.526
4236,5/13/2017 9:31,46.436
4237,5/13/2017 9:32,46.436
4238,5/13/2017 9:33,46.436
4239,5/13/2017 9:34,46.526
4240,5/13/2017 9:35,46.706
4241,5/13/2017 9:36,46.796
4242,5/13/2017 9:37,46.886
4243,5/13/2017 9:38,47.064
4244,5/13/2017 9:39,47.244
4245,5/13/2017 9:40,47.422
4246,5/13/2017 9:41,47.244
4247,5/13/2017 9:42,47.154
4248,5/13/2017 9:43,47.244
4249,5/13/2017 9:44,47.064
4250,5/13/2017 9:45,46.974
4251,5/13/2017 9:46,47.154
4252,5/13/2017 9:47,47.199
4253,5/13/2017 9:48,47.289
4254,5/13/2017 9:49,47.377
4255,5/13/2017 9:50,47.422
4256,5/13/2017 9:51,47.422
4257,5/13/2017 9:52,47.289
4258,5/13/2017 9:53,47.199
4259,5/13/2017 9:54,47.154
4260,5/13/2017 9:55,47.109
4261,5/13/2017 9:56,47.109
4262,5/13/2017 9:57,47.109
4263,5/13/2017 9:58,47.064
4264,5/13/2017 9:59,47.064
4265,5/13/2017 10:00,47.109
4266,5/13/2017 10:01,47.154
4267,5/13/2017 10:02,47.109
4268,5/13/2017 10:03,47.109
4269,5/13/2017 10:04,47.199
4270,5/13/2017 10:05,47.109
4271,5/13/2017 10:06,47.109
4272,5/13/2017 10:07,47.109
4273,5/13/2017 10:08,47.199
4274,5/13/2017 10:09,47.064
4275,5/13/2017 10:10,46.931
4276,5/13/2017 10:11,46.974
4277,5/13/2017 10:12,47.154
4278,5/13/2017 10:13,47.244
4279,5/13/2017 10:14,47.377
4280,5/13/2017 10:15,47.467
4281,5/13/2017 10:16,47.512
4282,5/13/2017 10:17,47.691
4283,5/13/2017 10:18,47.557
4284,5/13/2017 10:19,47.512
4285,5/13/2017 10:20,47.422
4286,5/13/2017 10:21,47.422
4287,5/13/2017 10:22,47.377
4288,5/13/2017 10:23,47.467
4289,5/13/2017 10:24,47.691
4290,5/13/2017 10:25,47.736
4291,5/13/2017 10:26,47.871
4292,5/13/2017 10:27,47.914
4293,5/13/2017 10:28,47.871
4294,5/13/2017 10:29,47.871
4295,5/13/2017 10:30,48.004
4296,5/13/2017 10:31,47.871
4297,5/13/2017 10:32,47.736
4298,5/13/2017 10:33,47.736
4299,5/13/2017 10:34,47.691
4300,5/13/2017 10:35,47.826
4301,5/13/2017 10:36,47.871
4302,5/13/2017 10:37,47.959
4303,5/13/2017 10:38,48.137
4304,5/13/2017 10:39,48.137
4305,5/13/2017 10:40,48.405
4306,5/13/2017 10:41,48.493
4307,5/13/2017 10:42,48.315
4308,5/13/2017 10:43,48.137
4309,5/13/2017 10:44,48.004
4310,5/13/2017 10:45,47.871
4311,5/13/2017 10:46,47.691
4312,5/13/2017 10:47,47.602
4313,5/13/2017 10:48,47.602
4314,5/13/2017 10:49,47.691
4315,5/13/2017 10:50,47.602
4316,5/13/2017 10:51,47.199
4317,5/13/2017 10:52,46.974
4318,5/13/2017 10:53,46.886
4319,5/13/2017 10:54,46.931
4320,5/13/2017 10:55,47.109
4321,5/13/2017 10:56,47.334
4322,5/13/2017 10:57,47.199
4323,5/13/2017 10:58,47.154
4324,5/13/2017 10:59,47.064
4325,5/13/2017 11:00,46.974
4326,5/13/2017 11:01,46.931
4327,5/13/2017 11:02,46.796
4328,5/13/2017 11:03,46.796
4329,5/13/2017 11:04,46.886
4330,5/13/2017 11:05,46.886
4331,5/13/2017 11:06,46.931
4332,5/13/2017 11:07,46.931
4333,5/13/2017 11:08,46.974
4334,5/13/2017 11:09,47.109
4335,5/13/2017 11:10,47.334
4336,5/13/2017 11:11,47.154
4337,5/13/2017 11:12,47.109
4338,5/13/2017 11:13,47.019
4339,5/13/2017 11:14,46.931
4340,5/13/2017 11:15,47.019
4341,5/13/2017 11:16,47.289
4342,5/13/2017 11:17,47.377
4343,5/13/2017 11:18,47.422
4344,5/13/2017 11:19,47.467
4345,5/13/2017 11:20,47.512
4346,5/13/2017 11:21,47.334
4347,5/13/2017 11:22,47.334
4348,5/13/2017 11:23,47.512
4349,5/13/2017 11:24,47.334
4350,5/13/2017 11:25,47.289
4351,5/13/2017 11:26,47.289
4352,5/13/2017 11:27,47.244
4353,5/13/2017 11:28,47.199
4354,5/13/2017 11:29,47.244
4355,5/13/2017 11:30,47.154
4356,5/13/2017 11:31,47.154
4357,5/13/2017 11:32,47.422
4358,5/13/2017 11:33,47.647
4359,5/13/2017 11:34,47.781
4360,5/13/2017 11:35,47.871
4361,5/13/2017 11:36,47.959
4362,5/13/2017 11:37,48.049
4363,5/13/2017 11:38,48.094
4364,5/13/2017 11:39,48.137
4365,5/13/2017 11:40,48.227
4366,5/13/2017 11:41,48.405
4367,5/13/2017 11:42,48.493
4368,5/13/2017 11:43,48.493
4369,5/13/2017 11:44,48.493
4370,5/13/2017 11:45,48.493
4371,5/13/2017 11:46,48.538
4372,5/13/2017 11:47,48.628
4373,5/13/2017 11:48,48.672
4374,5/13/2017 11:49,48.672
4375,5/13/2017 11:50,48.36
4376,5/13/2017 11:51,48.094
4377,5/13/2017 11:52,47.871
4378,5/13/2017 11:53,47.647
4379,5/13/2017 11:54,47.557
4380,5/13/2017 11:55,47.422
4381,5/13/2017 11:56,47.422
4382,5/13/2017 11:57,47.334
4383,5/13/2017 11:58,47.422
4384,5/13/2017 11:59,47.557
4385,5/13/2017 12:00,47.199
4386,5/13/2017 12:01,47.109
4387,5/13/2017 12:02,47.064
4388,5/13/2017 12:03,47.109
4389,5/13/2017 12:04,47.334
4390,5/13/2017 12:05,47.019
4391,5/13/2017 12:06,46.796
4392,5/13/2017 12:07,46.661
4393,5/13/2017 12:08,46.571
4394,5/13/2017 12:09,46.526
4395,5/13/2017 12:10,46.571
4396,5/13/2017 12:11,46.526
4397,5/13/2017 12:12,46.436
4398,5/13/2017 12:13,46.436
4399,5/13/2017 12:14,46.481
4400,5/13/2017 12:15,46.526
4401,5/13/2017 12:16,46.526
4402,5/13/2017 12:17,46.796
4403,5/13/2017 12:18,46.974
4404,5/13/2017 12:19,47.109
4405,5/13/2017 12:20,47.244
4406,5/13/2017 12:21,47.377
4407,5/13/2017 12:22,47.557
4408,5/13/2017 12:23,47.647
4409,5/13/2017 12:24,47.647
4410,5/13/2017 12:25,47.557
4411,5/13/2017 12:26,47.467
4412,5/13/2017 12:27,47.244
4413,5/13/2017 12:28,47.064
4414,5/13/2017 12:29,46.931
4415,5/13/2017 12:30,46.886
4416,5/13/2017 12:31,46.796
4417,5/13/2017 12:32,46.661
4418,5/13/2017 12:33,46.526
4419,5/13/2017 12:34,46.526
4420,5/13/2017 12:35,46.481
4421,5/13/2017 12:36,46.391
4422,5/13/2017 12:37,46.391
4423,5/13/2017 12:38,46.391
4424,5/13/2017 12:39,46.301
4425,5/13/2017 12:40,46.256
4426,5/13/2017 12:41,46.256
4427,5/13/2017 12:42,46.121
4428,5/13/2017 12:43,46.076
4429,5/13/2017 12:44,46.076
4430,5/13/2017 12:45,46.121
4431,5/13/2017 12:46,46.121
4432,5/13/2017 12:47,46.121
4433,5/13/2017 12:48,46.076
4434,5/13/2017 12:49,46.076
4435,5/13/2017 12:50,46.076
4436,5/13/2017 12:51,45.986
4437,5/13/2017 12:52,45.986
4438,5/13/2017 12:53,46.031
4439,5/13/2017 12:54,46.076
4440,5/13/2017 12:55,46.121
4441,5/13/2017 12:56,46.256
4442,5/13/2017 12:57,46.391
4443,5/13/2017 12:58,46.481
4444,5/13/2017 12:59,46.616
4445,5/13/2017 13:00,46.706
4446,5/13/2017 13:01,46.796
4447,5/13/2017 13:02,46.886
4448,5/13/2017 13:03,46.886
4449,5/13/2017 13:04,46.796
4450,5/13/2017 13:05,46.706
4451,5/13/2017 13:06,46.661
4452,5/13/2017 13:07,46.661
4453,5/13/2017 13:08,46.616
4454,5/13/2017 13:09,46.571
4455,5/13/2017 13:10,46.571
4456,5/13/2017 13:11,46.751
4457,5/13/2017 13:12,46.931
4458,5/13/2017 13:13,47.064
4459,5/13/2017 13:14,47.244
4460,5/13/2017 13:15,47.334
4461,5/13/2017 13:16,47.422
4462,5/13/2017 13:17,47.334
4463,5/13/2017 13:18,47.244
4464,5/13/2017 13:19,47.154
4465,5/13/2017 13:20,47.064
4466,5/13/2017 13:21,46.974
4467,5/13/2017 13:22,46.974
4468,5/13/2017 13:23,46.931
4469,5/13/2017 13:24,46.931
4470,5/13/2017 13:25,46.974
4471,5/13/2017 13:26,46.974
4472,5/13/2017 13:27,47.064
4473,5/13/2017 13:28,47.154
4474,5/13/2017 13:29,47.154
4475,5/13/2017 13:30,47.154
4476,5/13/2017 13:31,47.109
4477,5/13/2017 13:32,47.109
4478,5/13/2017 13:33,47.199
4479,5/13/2017 13:34,47.199
4480,5/13/2017 13:35,47.244
4481,5/13/2017 13:36,47.109
4482,5/13/2017 13:37,47.109
4483,5/13/2017 13:38,47.064
4484,5/13/2017 13:39,47.109
4485,5/13/2017 13:40,47.199
4486,5/13/2017 13:41,47.244
4487,5/13/2017 13:42,47.154
4488,5/13/2017 13:43,47.109
4489,5/13/2017 13:44,47.109
4490,5/13/2017 13:45,47.064
4491,5/13/2017 13:46,47.109
4492,5/13/2017 13:47,47.109
4493,5/13/2017 13:48,47.064
4494,5/13/2017 13:49,47.064
4495,5/13/2017 13:50,47.064
4496,5/13/2017 13:51,47.064
4497,5/13/2017 13:52,47.019
4498,5/13/2017 13:53,47.019
4499,5/13/2017 13:54,47.064
4500,5/13/2017 13:55,47.064
4501,5/13/2017 13:56,47.064
4502,5/13/2017 13:57,47.109
4503,5/13/2017 13:58,47.154
4504,5/13/2017 13:59,47.244
4505,5/13/2017 14:00,47.199
4506,5/13/2017 14:01,47.244
4507,5/13/2017 14:02,47.244
4508,5/13/2017 14:03,47.199
4509,5/13/2017 14:04,47.154
4510,5/13/2017 14:05,47.289
4511,5/13/2017 14:06,47.377
4512,5/13/2017 14:07,47.467
4513,5/13/2017 14:08,47.422
4514,5/13/2017 14:09,47.334
4515,5/13/2017 14:10,47.334
4516,5/13/2017 14:11,47.377
4517,5/13/2017 14:12,47.422
4518,5/13/2017 14:13,47.422
4519,5/13/2017 14:14,47.422
4520,5/13/2017 14:15,47.422
4521,5/13/2017 14:16,47.467
4522,5/13/2017 14:17,47.467
4523,5/13/2017 14:18,47.467
4524,5/13/2017 14:19,47.377
4525,5/13/2017 14:20,47.467
4526,5/13/2017 14:21,47.512
4527,5/13/2017 14:22,47.602
4528,5/13/2017 14:23,47.691
4529,5/13/2017 14:24,47.781
4530,5/13/2017 14:25,47.647
4531,5/13/2017 14:26,47.602
4532,5/13/2017 14:27,47.512
4533,5/13/2017 14:28,47.557
4534,5/13/2017 14:29,47.557
4535,5/13/2017 14:30,47.602
4536,5/13/2017 14:31,47.691
4537,5/13/2017 14:32,47.691
4538,5/13/2017 14:33,47.781
4539,5/13/2017 14:34,47.826
4540,5/13/2017 14:35,47.736
4541,5/13/2017 14:36,47.781
4542,5/13/2017 14:37,47.736
4543,5/13/2017 14:38,47.736
4544,5/13/2017 14:39,47.826
4545,5/13/2017 14:40,47.914
4546,5/13/2017 14:41,48.004
4547,5/13/2017 14:42,48.049
4548,5/13/2017 14:43,48.094
4549,5/13/2017 14:44,48.182
4550,5/13/2017 14:45,48.272
4551,5/13/2017 14:46,48.405
4552,5/13/2017 14:47,48.405
4553,5/13/2017 14:48,48.45
4554,5/13/2017 14:49,48.36
4555,5/13/2017 14:50,48.272
4556,5/13/2017 14:51,48.36
4557,5/13/2017 14:52,48.405
4558,5/13/2017 14:53,48.45
4559,5/13/2017 14:54,48.36
4560,5/13/2017 14:55,48.405
4561,5/13/2017 14:56,48.45
4562,5/13/2017 14:57,48.493
4563,5/13/2017 14:58,48.493
4564,5/13/2017 14:59,48.493
4565,5/13/2017 15:00,48.405
4566,5/13/2017 15:01,48.45
4567,5/13/2017 15:02,48.493
4568,5/13/2017 15:03,48.583
4569,5/13/2017 15:04,48.672
4570,5/13/2017 15:05,48.762
4571,5/13/2017 15:06,48.762
4572,5/13/2017 15:07,48.717
4573,5/13/2017 15:08,48.762
4574,5/13/2017 15:09,48.805
4575,5/13/2017 15:10,48.762
4576,5/13/2017 15:11,48.762
4577,5/13/2017 15:12,48.762
4578,5/13/2017 15:13,48.762
4579,5/13/2017 15:14,48.717
4580,5/13/2017 15:15,48.628
4581,5/13/2017 15:16,48.493
4582,5/13/2017 15:17,48.493
4583,5/13/2017 15:18,48.493
4584,5/13/2017 15:19,48.405
4585,5/13/2017 15:20,48.405
4586,5/13/2017 15:21,48.405
4587,5/13/2017 15:22,48.315
4588,5/13/2017 15:23,48.36
4589,5/13/2017 15:24,48.405
4590,5/13/2017 15:25,48.405
4591,5/13/2017 15:26,48.315
4592,5/13/2017 15:27,48.137
4593,5/13/2017 15:28,48.049
4594,5/13/2017 15:29,47.959
4595,5/13/2017 15:30,47.959
4596,5/13/2017 15:31,47.871
4597,5/13/2017 15:32,47.781
4598,5/13/2017 15:33,47.781
4599,5/13/2017 15:34,47.871
4600,5/13/2017 15:35,47.826
4601,5/13/2017 15:36,47.781
4602,5/13/2017 15:37,47.647
4603,5/13/2017 15:38,47.691
4604,5/13/2017 15:39,47.691
4605,5/13/2017 15:40,47.691
4606,5/13/2017 15:41,47.602
4607,5/13/2017 15:42,47.691
4608,5/13/2017 15:43,47.602
4609,5/13/2017 15:44,47.557
4610,5/13/2017 15:45,47.557
4611,5/13/2017 15:46,47.602
4612,5/13/2017 15:47,47.557
4613,5/13/2017 15:48,47.557
4614,5/13/2017 15:49,47.602
4615,5/13/2017 15:50,47.602
4616,5/13/2017 15:51,47.602
4617,5/13/2017 15:52,47.557
4618,5/13/2017 15:53,47.467
4619,5/13/2017 15:54,47.557
4620,5/13/2017 15:55,47.602
4621,5/13/2017 15:56,47.422
4622,5/13/2017 15:57,47.422
4623,5/13/2017 15:58,47.467
4624,5/13/2017 15:59,47.467
4625,5/13/2017 16:00,47.512
4626,5/13/2017 16:01,47.512
4627,5/13/2017 16:02,47.512
4628,5/13/2017 16:03,47.422
4629,5/13/2017 16:04,47.467
4630,5/13/2017 16:05,47.422
4631,5/13/2017 16:06,47.244
4632,5/13/2017 16:07,47.244
4633,5/13/2017 16:08,47.334
4634,5/13/2017 16:09,47.377
4635,5/13/2017 16:10,47.244
4636,5/13/2017 16:11,47.064
4637,5/13/2017 16:12,47.109
4638,5/13/2017 16:13,47.019
4639,5/13/2017 16:14,47.019
4640,5/13/2017 16:15,47.064
4641,5/13/2017 16:16,47.019
4642,5/13/2017 16:17,46.931
4643,5/13/2017 16:18,46.974
4644,5/13/2017 16:19,47.019
4645,5/13/2017 16:20,47.019
4646,5/13/2017 16:21,46.974
4647,5/13/2017 16:22,46.931
4648,5/13/2017 16:23,46.931
4649,5/13/2017 16:24,46.931
4650,5/13/2017 16:25,46.974
4651,5/13/2017 16:26,46.974
4652,5/13/2017 16:27,46.974
4653,5/13/2017 16:28,46.886
4654,5/13/2017 16:29,46.931
4655,5/13/2017 16:30,46.931
4656,5/13/2017 16:31,46.841
4657,5/13/2017 16:32,46.931
4658,5/13/2017 16:33,47.019
4659,5/13/2017 16:34,47.064
4660,5/13/2017 16:35,47.109
4661,5/13/2017 16:36,46.931
4662,5/13/2017 16:37,46.931
4663,5/13/2017 16:38,47.019
4664,5/13/2017 16:39,47.064
4665,5/13/2017 16:40,47.199
4666,5/13/2017 16:41,47.334
4667,5/13/2017 16:42,47.377
4668,5/13/2017 16:43,47.244
4669,5/13/2017 16:44,47.334
4670,5/13/2017 16:45,47.512
4671,5/13/2017 16:46,47.602
4672,5/13/2017 16:47,47.691
4673,5/13/2017 16:48,47.736
4674,5/13/2017 16:49,47.736
4675,5/13/2017 16:50,47.691
4676,5/13/2017 16:51,47.781
4677,5/13/2017 16:52,47.781
4678,5/13/2017 16:53,47.826
4679,5/13/2017 16:54,47.826
4680,5/13/2017 16:55,47.914
4681,5/13/2017 16:56,48.004
4682,5/13/2017 16:57,47.959
4683,5/13/2017 16:58,47.914
4684,5/13/2017 16:59,47.959
4685,5/13/2017 17:00,47.914
4686,5/13/2017 17:01,47.871
4687,5/13/2017 17:02,47.871
4688,5/13/2017 17:03,47.959
4689,5/13/2017 17:04,48.004
4690,5/13/2017 17:05,48.049
4691,5/13/2017 17:06,48.049
4692,5/13/2017 17:07,48.049
4693,5/13/2017 17:08,47.959
4694,5/13/2017 17:09,47.871
4695,5/13/2017 17:10,47.826
4696,5/13/2017 17:11,47.871
4697,5/13/2017 17:12,47.826
4698,5/13/2017 17:13,47.826
4699,5/13/2017 17:14,47.736
4700,5/13/2017 17:15,47.691
4701,5/13/2017 17:16,47.647
4702,5/13/2017 17:17,47.602
4703,5/13/2017 17:18,47.557
4704,5/13/2017 17:19,47.467
4705,5/13/2017 17:20,47.422
4706,5/13/2017 17:21,47.377
4707,5/13/2017 17:22,47.334
4708,5/13/2017 17:23,47.289
4709,5/13/2017 17:24,47.289
4710,5/13/2017 17:25,47.244
4711,5/13/2017 17:26,47.289
4712,5/13/2017 17:27,47.334
4713,5/13/2017 17:28,47.289
4714,5/13/2017 17:29,47.154
4715,5/13/2017 17:30,47.109
4716,5/13/2017 17:31,47.422
4717,5/13/2017 17:32,47.647
4718,5/13/2017 17:33,47.512
4719,5/13/2017 17:34,47.647
4720,5/13/2017 17:35,47.959
4721,5/13/2017 17:36,48.137
4722,5/13/2017 17:37,48.272
4723,5/13/2017 17:38,48.36
4724,5/13/2017 17:39,48.227
4725,5/13/2017 17:40,48.227
4726,5/13/2017 17:41,48.182
4727,5/13/2017 17:42,48.272
4728,5/13/2017 17:43,48.36
4729,5/13/2017 17:44,48.538
4730,5/13/2017 17:45,48.405
4731,5/13/2017 17:46,48.272
4732,5/13/2017 17:47,47.959
4733,5/13/2017 17:48,47.781
4734,5/13/2017 17:49,47.602
4735,5/13/2017 17:50,47.377
4736,5/13/2017 17:51,47.422
4737,5/13/2017 17:52,47.244
4738,5/13/2017 17:53,47.154
4739,5/13/2017 17:54,47.334
4740,5/13/2017 17:55,47.691
4741,5/13/2017 17:56,47.871
4742,5/13/2017 17:57,47.959
4743,5/13/2017 17:58,47.959
4744,5/13/2017 17:59,47.871
4745,5/13/2017 18:00,47.826
4746,5/13/2017 18:01,48.049
4747,5/13/2017 18:02,48.227
4748,5/13/2017 18:03,48.182
4749,5/13/2017 18:04,47.871
4750,5/13/2017 18:05,47.736
4751,5/13/2017 18:06,47.691
4752,5/13/2017 18:07,47.647
4753,5/13/2017 18:08,47.557
4754,5/13/2017 18:09,47.557
4755,5/13/2017 18:10,47.512
4756,5/13/2017 18:11,47.512
4757,5/13/2017 18:12,47.871
4758,5/13/2017 18:13,48.049
4759,5/13/2017 18:14,48.137
4760,5/13/2017 18:15,48.094
4761,5/13/2017 18:16,48.137
4762,5/13/2017 18:17,48.272
4763,5/13/2017 18:18,48.36
4764,5/13/2017 18:19,48.182
4765,5/13/2017 18:20,48.004
4766,5/13/2017 18:21,47.959
4767,5/13/2017 18:22,48.004
4768,5/13/2017 18:23,48.049
4769,5/13/2017 18:24,48.137
4770,5/13/2017 18:25,48.094
4771,5/13/2017 18:26,48.049
4772,5/13/2017 18:27,48.049
4773,5/13/2017 18:28,48.049
4774,5/13/2017 18:29,48.004
4775,5/13/2017 18:30,48.004
4776,5/13/2017 18:31,47.871
4777,5/13/2017 18:32,47.871
4778,5/13/2017 18:33,47.959
4779,5/13/2017 18:34,47.914
4780,5/13/2017 18:35,47.871
4781,5/13/2017 18:36,48.004
4782,5/13/2017 18:37,47.826
4783,5/13/2017 18:38,47.871
4784,5/13/2017 18:39,47.959
4785,5/13/2017 18:40,48.004
4786,5/13/2017 18:41,48.094
4787,5/13/2017 18:42,48.137
4788,5/13/2017 18:43,48.182
4789,5/13/2017 18:44,48.227
4790,5/13/2017 18:45,48.227
4791,5/13/2017 18:46,48.049
4792,5/13/2017 18:47,48.049
4793,5/13/2017 18:48,48.049
4794,5/13/2017 18:49,48.049
4795,5/13/2017 18:50,48.137
4796,5/13/2017 18:51,48.049
4797,5/13/2017 18:52,47.914
4798,5/13/2017 18:53,47.959
4799,5/13/2017 18:54,48.004
4800,5/13/2017 18:55,48.004
4801,5/13/2017 18:56,48.004
4802,5/13/2017 18:57,48.049
4803,5/13/2017 18:58,48.137
4804,5/13/2017 18:59,48.137
4805,5/13/2017 19:00,48.094
4806,5/13/2017 19:01,48.094
4807,5/13/2017 19:02,48.137
4808,5/13/2017 19:03,48.094
4809,5/13/2017 19:04,47.914
4810,5/13/2017 19:05,47.826
4811,5/13/2017 19:06,47.826
4812,5/13/2017 19:07,47.871
4813,5/13/2017 19:08,47.781
4814,5/13/2017 19:09,47.826
4815,5/13/2017 19:10,47.826
4816,5/13/2017 19:11,47.736
4817,5/13/2017 19:12,47.691
4818,5/13/2017 19:13,47.647
4819,5/13/2017 19:14,47.647
4820,5/13/2017 19:15,47.557
4821,5/13/2017 19:16,47.602
4822,5/13/2017 19:17,47.647
4823,5/13/2017 19:18,47.467
4824,5/13/2017 19:19,47.512
4825,5/13/2017 19:20,47.512
4826,5/13/2017 19:21,47.422
4827,5/13/2017 19:22,47.467
4828,5/13/2017 19:23,47.512
4829,5/13/2017 19:24,47.557
4830,5/13/2017 19:25,47.557
4831,5/13/2017 19:26,47.557
4832,5/13/2017 19:27,47.512
4833,5/13/2017 19:28,47.467
4834,5/13/2017 19:29,47.422
4835,5/13/2017 19:30,47.422
4836,5/13/2017 19:31,47.512
4837,5/13/2017 19:32,47.512
4838,5/13/2017 19:33,47.557
4839,5/13/2017 19:34,47.512
4840,5/13/2017 19:35,47.377
4841,5/13/2017 19:36,47.289
4842,5/13/2017 19:37,47.377
4843,5/13/2017 19:38,47.467
4844,5/13/2017 19:39,47.512
4845,5/13/2017 19:40,47.422
4846,5/13/2017 19:41,47.334
4847,5/13/2017 19:42,47.289
4848,5/13/2017 19:43,47.244
4849,5/13/2017 19:44,47.244
4850,5/13/2017 19:45,47.289
4851,5/13/2017 19:46,47.289
4852,5/13/2017 19:47,47.289
4853,5/13/2017 19:48,47.334
4854,5/13/2017 19:49,47.334
4855,5/13/2017 19:50,47.334
4856,5/13/2017 19:51,47.244
4857,5/13/2017 19:52,47.199
4858,5/13/2017 19:53,47.154
4859,5/13/2017 19:54,47.109
4860,5/13/2017 19:55,47.109
4861,5/13/2017 19:56,47.064
4862,5/13/2017 19:57,47.064
4863,5/13/2017 19:58,47.064
4864,5/13/2017 19:59,47.019
4865,5/13/2017 20:00,47.064
4866,5/13/2017 20:01,47.019
4867,5/13/2017 20:02,47.019
4868,5/13/2017 20:03,46.931
4869,5/13/2017 20:04,46.931
4870,5/13/2017 20:05,46.886
4871,5/13/2017 20:06,46.886
4872,5/13/2017 20:07,46.931
4873,5/13/2017 20:08,47.064
4874,5/13/2017 20:09,47.154
4875,5/13/2017 20:10,47.154
4876,5/13/2017 20:11,47.154
4877,5/13/2017 20:12,47.064
4878,5/13/2017 20:13,47.019
4879,5/13/2017 20:14,47.019
4880,5/13/2017 20:15,46.974
4881,5/13/2017 20:16,46.974
4882,5/13/2017 20:17,46.931
4883,5/13/2017 20:18,46.931
4884,5/13/2017 20:19,46.886
4885,5/13/2017 20:20,47.019
4886,5/13/2017 20:21,47.154
4887,5/13/2017 20:22,47.154
4888,5/13/2017 20:23,47.064
4889,5/13/2017 20:24,47.019
4890,5/13/2017 20:25,47.019
4891,5/13/2017 20:26,47.019
4892,5/13/2017 20:27,47.019
4893,5/13/2017 20:28,46.974
4894,5/13/2017 20:29,46.974
4895,5/13/2017 20:30,46.886
4896,5/13/2017 20:31,46.841
4897,5/13/2017 20:32,46.841
4898,5/13/2017 20:33,46.796
4899,5/13/2017 20:34,46.751
4900,5/13/2017 20:35,46.706
4901,5/13/2017 20:36,46.706
4902,5/13/2017 20:37,46.706
4903,5/13/2017 20:38,46.751
4904,5/13/2017 20:39,46.751
4905,5/13/2017 20:40,46.706
4906,5/13/2017 20:41,46.796
4907,5/13/2017 20:42,46.931
4908,5/13/2017 20:43,46.886
4909,5/13/2017 20:44,47.019
4910,5/13/2017 20:45,47.064
4911,5/13/2017 20:46,47.154
4912,5/13/2017 20:47,47.199
4913,5/13/2017 20:48,47.154
4914,5/13/2017 20:49,47.199
4915,5/13/2017 20:50,47.199
4916,5/13/2017 20:51,47.199
4917,5/13/2017 20:52,47.244
4918,5/13/2017 20:53,47.334
4919,5/13/2017 20:54,47.512
4920,5/13/2017 20:55,47.647
4921,5/13/2017 20:56,47.781
4922,5/13/2017 20:57,47.914
4923,5/13/2017 20:58,48.004
4924,5/13/2017 20:59,48.049
4925,5/13/2017 21:00,48.049
4926,5/13/2017 21:01,48.094
4927,5/13/2017 21:02,48.137
4928,5/13/2017 21:03,48.227
4929,5/13/2017 21:04,48.227
4930,5/13/2017 21:05,48.182
4931,5/13/2017 21:06,48.182
4932,5/13/2017 21:07,48.227
4933,5/13/2017 21:08,48.227
4934,5/13/2017 21:09,48.182
4935,5/13/2017 21:10,48.137
4936,5/13/2017 21:11,48.094
4937,5/13/2017 21:12,47.914
4938,5/13/2017 21:13,47.647
4939,5/13/2017 21:14,47.602
4940,5/13/2017 21:15,47.647
4941,5/13/2017 21:16,47.736
4942,5/13/2017 21:17,47.826
4943,5/13/2017 21:18,47.691
4944,5/13/2017 21:19,47.647
4945,5/13/2017 21:20,47.602
4946,5/13/2017 21:21,47.602
4947,5/13/2017 21:22,47.557
4948,5/13/2017 21:23,47.557
4949,5/13/2017 21:24,47.557
4950,5/13/2017 21:25,47.557
4951,5/13/2017 21:26,47.512
4952,5/13/2017 21:27,47.467
4953,5/13/2017 21:28,47.512
4954,5/13/2017 21:29,47.512
4955,5/13/2017 21:30,47.467
4956,5/13/2017 21:31,47.467
4957,5/13/2017 21:32,47.422
4958,5/13/2017 21:33,47.467
4959,5/13/2017 21:34,47.422
4960,5/13/2017 21:35,47.289
4961,5/13/2017 21:36,47.244
4962,5/13/2017 21:37,47.244
4963,5/13/2017 21:38,47.244
4964,5/13/2017 21:39,47.244
4965,5/13/2017 21:40,47.199
4966,5/13/2017 21:41,47.154
4967,5/13/2017 21:42,47.154
4968,5/13/2017 21:43,47.064
4969,5/13/2017 21:44,46.974
4970,5/13/2017 21:45,46.974
4971,5/13/2017 21:46,46.974
4972,5/13/2017 21:47,46.931
4973,5/13/2017 21:48,46.974
4974,5/13/2017 21:49,46.931
4975,5/13/2017 21:50,46.931
4976,5/13/2017 21:51,46.974
4977,5/13/2017 21:52,46.931
4978,5/13/2017 21:53,46.974
4979,5/13/2017 21:54,47.019
4980,5/13/2017 21:55,46.841
4981,5/13/2017 21:56,46.841
4982,5/13/2017 21:57,46.841
4983,5/13/2017 21:58,46.796
4984,5/13/2017 21:59,46.796
4985,5/13/2017 22:00,46.706
4986,5/13/2017 22:01,46.706
4987,5/13/2017 22:02,46.706
4988,5/13/2017 22:03,46.661
4989,5/13/2017 22:04,46.616
4990,5/13/2017 22:05,46.661
4991,5/13/2017 22:06,46.706
4992,5/13/2017 22:07,46.751
4993,5/13/2017 22:08,46.751
4994,5/13/2017 22:09,46.706
4995,5/13/2017 22:10,46.706
4996,5/13/2017 22:11,46.706
4997,5/13/2017 22:12,46.661
4998,5/13/2017 22:13,46.751
4999,5/13/2017 22:14,46.706
5000,5/13/2017 22:15,46.706
5001,5/13/2017 22:16,46.796
5002,5/13/2017 22:17,46.841
5003,5/13/2017 22:18,46.841
5004,5/13/2017 22:19,46.796
5005,5/13/2017 22:20,46.796
5006,5/13/2017 22:21,46.796
5007,5/13/2017 22:22,46.796
5008,5/13/2017 22:23,46.796
5009,5/13/2017 22:24,46.706
5010,5/13/2017 22:25,46.661
5011,5/13/2017 22:26,46.571
5012,5/13/2017 22:27,46.481
5013,5/13/2017 22:28,46.346
5014,5/13/2017 22:29,46.301
5015,5/13/2017 22:30,46.166
5016,5/13/2017 22:31,46.076
5017,5/13/2017 22:32,45.986
5018,5/13/2017 22:33,45.896
5019,5/13/2017 22:34,45.806
5020,5/13/2017 22:35,45.714
5021,5/13/2017 22:36,45.714
5022,5/13/2017 22:37,45.714
5023,5/13/2017 22:38,45.714
5024,5/13/2017 22:39,45.669
5025,5/13/2017 22:40,45.714
5026,5/13/2017 22:41,45.806
5027,5/13/2017 22:42,45.896
5028,5/13/2017 22:43,46.031
5029,5/13/2017 22:44,46.076
5030,5/13/2017 22:45,46.076
5031,5/13/2017 22:46,46.121
5032,5/13/2017 22:47,46.211
5033,5/13/2017 22:48,46.301
5034,5/13/2017 22:49,46.346
5035,5/13/2017 22:50,46.346
5036,5/13/2017 22:51,46.346
5037,5/13/2017 22:52,46.346
5038,5/13/2017 22:53,46.436
5039,5/13/2017 22:54,46.436
5040,5/13/2017 22:55,46.571
5041,5/13/2017 22:56,46.571
5042,5/13/2017 22:57,46.571
5043,5/13/2017 22:58,46.616
5044,5/13/2017 22:59,46.571
5045,5/13/2017 23:00,46.526
5046,5/13/2017 23:01,46.616
5047,5/13/2017 23:02,46.661
5048,5/13/2017 23:03,46.571
5049,5/13/2017 23:04,46.616
5050,5/13/2017 23:05,46.706
5051,5/13/2017 23:06,46.661
5052,5/13/2017 23:07,46.706
5053,5/13/2017 23:08,46.706
5054,5/13/2017 23:09,46.796
5055,5/13/2017 23:10,46.886
5056,5/13/2017 23:11,46.886
5057,5/13/2017 23:12,46.931
5058,5/13/2017 23:13,46.931
5059,5/13/2017 23:14,46.974
5060,5/13/2017 23:15,47.019
5061,5/13/2017 23:16,47.064
5062,5/13/2017 23:17,47.064
5063,5/13/2017 23:18,47.109
5064,5/13/2017 23:19,47.064
5065,5/13/2017 23:20,47.109
5066,5/13/2017 23:21,47.154
5067,5/13/2017 23:22,47.244
5068,5/13/2017 23:23,47.289
5069,5/13/2017 23:24,47.289
5070,5/13/2017 23:25,47.289
5071,5/13/2017 23:26,47.334
5072,5/13/2017 23:27,47.334
5073,5/13/2017 23:28,47.334
5074,5/13/2017 23:29,47.334
5075,5/13/2017 23:30,47.334
5076,5/13/2017 23:31,47.334
5077,5/13/2017 23:32,47.334
5078,5/13/2017 23:33,47.289
5079,5/13/2017 23:34,47.109
5080,5/13/2017 23:35,47.154
5081,5/13/2017 23:36,47.199
5082,5/13/2017 23:37,47.199
5083,5/13/2017 23:38,47.199
5084,5/13/2017 23:39,47.154
5085,5/13/2017 23:40,47.109
5086,5/13/2017 23:41,47.199
5087,5/13/2017 23:42,47.199
5088,5/13/2017 23:43,47.289
5089,5/13/2017 23:44,47.377
5090,5/13/2017 23:45,47.289
5091,5/13/2017 23:46,47.334
5092,5/13/2017 23:47,47.334
5093,5/13/2017 23:48,47.334
5094,5/13/2017 23:49,47.289
5095,5/13/2017 23:50,47.334
5096,5/13/2017 23:51,47.334
5097,5/13/2017 23:52,47.422
5098,5/13/2017 23:53,47.422
5099,5/13/2017 23:54,47.422
5100,5/13/2017 23:55,47.422
5101,5/13/2017 23:56,47.422
5102,5/13/2017 23:57,47.422
5103,5/13/2017 23:58,47.512
5104,5/13/2017 23:59,47.244
5105,5/14/2017 0:00,47.244
5106,5/14/2017 0:01,47.289
5107,5/14/2017 0:02,47.334
5108,5/14/2017 0:03,47.064
5109,5/14/2017 0:04,47.019
5110,5/14/2017 0:05,46.841
5111,5/14/2017 0:06,46.706
5112,5/14/2017 0:07,46.616
5113,5/14/2017 0:08,46.616
5114,5/14/2017 0:09,46.571
5115,5/14/2017 0:10,46.526
5116,5/14/2017 0:11,46.436
5117,5/14/2017 0:12,46.391
5118,5/14/2017 0:13,46.346
5119,5/14/2017 0:14,46.301
5120,5/14/2017 0:15,46.256
5121,5/14/2017 0:16,46.166
5122,5/14/2017 0:17,46.166
5123,5/14/2017 0:18,46.121
5124,5/14/2017 0:19,46.166
5125,5/14/2017 0:20,46.076
5126,5/14/2017 0:21,45.986
5127,5/14/2017 0:22,45.941
5128,5/14/2017 0:23,45.806
5129,5/14/2017 0:24,45.714
5130,5/14/2017 0:25,45.624
5131,5/14/2017 0:26,45.579
5132,5/14/2017 0:27,45.534
5133,5/14/2017 0:28,45.534
5134,5/14/2017 0:29,45.534
5135,5/14/2017 0:30,45.489
5136,5/14/2017 0:31,45.444
5137,5/14/2017 0:32,45.444
5138,5/14/2017 0:33,45.444
5139,5/14/2017 0:34,45.444
5140,5/14/2017 0:35,45.399
5141,5/14/2017 0:36,45.354
5142,5/14/2017 0:37,45.307
5143,5/14/2017 0:38,45.262
5144,5/14/2017 0:39,45.262
5145,5/14/2017 0:40,45.262
5146,5/14/2017 0:41,45.307
5147,5/14/2017 0:42,45.307
5148,5/14/2017 0:43,45.262
5149,5/14/2017 0:44,45.262
5150,5/14/2017 0:45,45.217
5151,5/14/2017 0:46,45.172
5152,5/14/2017 0:47,45.172
5153,5/14/2017 0:48,45.127
5154,5/14/2017 0:49,45.082
5155,5/14/2017 0:50,45.082
5156,5/14/2017 0:51,45.082
5157,5/14/2017 0:52,45.082
5158,5/14/2017 0:53,45.036
5159,5/14/2017 0:54,44.991
5160,5/14/2017 0:55,44.946
5161,5/14/2017 0:56,44.901
5162,5/14/2017 0:57,44.809
5163,5/14/2017 0:58,44.809
5164,5/14/2017 0:59,44.764
5165,5/14/2017 1:00,44.719
5166,5/14/2017 1:01,44.674
5167,5/14/2017 1:02,44.674
5168,5/14/2017 1:03,44.719
5169,5/14/2017 1:04,44.764
5170,5/14/2017 1:05,44.901
5171,5/14/2017 1:06,44.991
5172,5/14/2017 1:07,44.991
5173,5/14/2017 1:08,44.946
5174,5/14/2017 1:09,44.901
5175,5/14/2017 1:10,44.856
5176,5/14/2017 1:11,44.901
5177,5/14/2017 1:12,44.946
5178,5/14/2017 1:13,44.946
5179,5/14/2017 1:14,44.946
5180,5/14/2017 1:15,44.946
5181,5/14/2017 1:16,44.991
5182,5/14/2017 1:17,44.946
5183,5/14/2017 1:18,44.946
5184,5/14/2017 1:19,44.991
5185,5/14/2017 1:20,44.991
5186,5/14/2017 1:21,45.036
5187,5/14/2017 1:22,44.991
5188,5/14/2017 1:23,44.991
5189,5/14/2017 1:24,44.946
5190,5/14/2017 1:25,44.901
5191,5/14/2017 1:26,44.901
5192,5/14/2017 1:27,44.856
5193,5/14/2017 1:28,44.809
5194,5/14/2017 1:29,44.809
5195,5/14/2017 1:30,44.764
5196,5/14/2017 1:31,44.764
5197,5/14/2017 1:32,44.719
5198,5/14/2017 1:33,44.719
5199,5/14/2017 1:34,44.627
5200,5/14/2017 1:35,44.627
5201,5/14/2017 1:36,44.674
5202,5/14/2017 1:37,44.627
5203,5/14/2017 1:38,44.627
5204,5/14/2017 1:39,44.627
5205,5/14/2017 1:40,44.627
5206,5/14/2017 1:41,44.627
5207,5/14/2017 1:42,44.627
5208,5/14/2017 1:43,44.627
5209,5/14/2017 1:44,44.627
5210,5/14/2017 1:45,44.627
5211,5/14/2017 1:46,44.674
5212,5/14/2017 1:47,44.674
5213,5/14/2017 1:48,44.674
5214,5/14/2017 1:49,44.674
5215,5/14/2017 1:50,44.674
5216,5/14/2017 1:51,44.674
5217,5/14/2017 1:52,44.674
5218,5/14/2017 1:53,44.674
5219,5/14/2017 1:54,44.627
5220,5/14/2017 1:55,44.627
5221,5/14/2017 1:56,44.627
5222,5/14/2017 1:57,44.627
5223,5/14/2017 1:58,44.674
5224,5/14/2017 1:59,44.627
5225,5/14/2017 2:00,44.627
5226,5/14/2017 2:01,44.856
5227,5/14/2017 2:02,44.856
5228,5/14/2017 2:03,44.946
5229,5/14/2017 2:04,45.127
5230,5/14/2017 2:05,45.262
5231,5/14/2017 2:06,45.354
5232,5/14/2017 2:07,45.489
5233,5/14/2017 2:08,45.534
5234,5/14/2017 2:09,45.624
5235,5/14/2017 2:10,45.669
5236,5/14/2017 2:11,45.624
5237,5/14/2017 2:12,45.579
5238,5/14/2017 2:13,45.579
5239,5/14/2017 2:14,45.579
5240,5/14/2017 2:15,45.624
5241,5/14/2017 2:16,45.851
5242,5/14/2017 2:17,45.941
5243,5/14/2017 2:18,46.031
5244,5/14/2017 2:19,46.121
5245,5/14/2017 2:20,46.166
5246,5/14/2017 2:21,46.121
5247,5/14/2017 2:22,46.076
5248,5/14/2017 2:23,46.121
5249,5/14/2017 2:24,46.076
5250,5/14/2017 2:25,45.986
5251,5/14/2017 2:26,45.986
5252,5/14/2017 2:27,45.986
5253,5/14/2017 2:28,45.896
5254,5/14/2017 2:29,45.941
5255,5/14/2017 2:30,45.941
5256,5/14/2017 2:31,45.896
5257,5/14/2017 2:32,45.941
5258,5/14/2017 2:33,45.941
5259,5/14/2017 2:34,45.941
5260,5/14/2017 2:35,45.941
5261,5/14/2017 2:36,45.896
5262,5/14/2017 2:37,45.806
5263,5/14/2017 2:38,45.761
5264,5/14/2017 2:39,45.669
5265,5/14/2017 2:40,45.669
5266,5/14/2017 2:41,45.669
5267,5/14/2017 2:42,45.669
5268,5/14/2017 2:43,45.624
5269,5/14/2017 2:44,45.579
5270,5/14/2017 2:45,45.534
5271,5/14/2017 2:46,45.444
5272,5/14/2017 2:47,45.444
5273,5/14/2017 2:48,45.399
5274,5/14/2017 2:49,45.354
5275,5/14/2017 2:50,45.307
5276,5/14/2017 2:51,45.307
5277,5/14/2017 2:52,45.354
5278,5/14/2017 2:53,45.399
5279,5/14/2017 2:54,45.444
5280,5/14/2017 2:55,45.399
5281,5/14/2017 2:56,45.399
5282,5/14/2017 2:57,45.354
5283,5/14/2017 2:58,45.354
5284,5/14/2017 2:59,45.354
5285,5/14/2017 3:00,45.399
5286,5/14/2017 3:01,45.354
5287,5/14/2017 3:02,45.399
5288,5/14/2017 3:03,45.444
5289,5/14/2017 3:04,45.489
5290,5/14/2017 3:05,45.489
5291,5/14/2017 3:06,45.489
5292,5/14/2017 3:07,45.489
5293,5/14/2017 3:08,45.534
5294,5/14/2017 3:09,45.489
5295,5/14/2017 3:10,45.534
5296,5/14/2017 3:11,45.579
5297,5/14/2017 3:12,45.669
5298,5/14/2017 3:13,45.624
5299,5/14/2017 3:14,45.579
5300,5/14/2017 3:15,45.579
5301,5/14/2017 3:16,45.624
5302,5/14/2017 3:17,45.534
5303,5/14/2017 3:18,45.489
5304,5/14/2017 3:19,45.534
5305,5/14/2017 3:20,45.489
5306,5/14/2017 3:21,45.534
5307,5/14/2017 3:22,45.579
5308,5/14/2017 3:23,45.534
5309,5/14/2017 3:24,45.579
5310,5/14/2017 3:25,45.399
5311,5/14/2017 3:26,45.262
5312,5/14/2017 3:27,45.127
5313,5/14/2017 3:28,45.082
5314,5/14/2017 3:29,44.946
5315,5/14/2017 3:30,44.809
5316,5/14/2017 3:31,44.627
5317,5/14/2017 3:32,44.492
5318,5/14/2017 3:33,44.492
5319,5/14/2017 3:34,44.445
5320,5/14/2017 3:35,44.355
5321,5/14/2017 3:36,44.218
5322,5/14/2017 3:37,44.127
5323,5/14/2017 3:38,44.082
5324,5/14/2017 3:39,43.99
5325,5/14/2017 3:40,44.037
5326,5/14/2017 3:41,44.082
5327,5/14/2017 3:42,44.127
5328,5/14/2017 3:43,44.218
5329,5/14/2017 3:44,44.218
5330,5/14/2017 3:45,44.218
5331,5/14/2017 3:46,44.082
5332,5/14/2017 3:47,44.218
5333,5/14/2017 3:48,44.31
5334,5/14/2017 3:49,44.4
5335,5/14/2017 3:50,44.445
5336,5/14/2017 3:51,44.537
5337,5/14/2017 3:52,44.4
5338,5/14/2017 3:53,44.173
5339,5/14/2017 3:54,44.082
5340,5/14/2017 3:55,44.082
5341,5/14/2017 3:56,43.9
5342,5/14/2017 3:57,43.9
5343,5/14/2017 3:58,43.9
5344,5/14/2017 3:59,43.808
5345,5/14/2017 4:00,43.716
5346,5/14/2017 4:01,43.534
5347,5/14/2017 4:02,43.443
5348,5/14/2017 4:03,43.351
5349,5/14/2017 4:04,43.259
5350,5/14/2017 4:05,43.214
5351,5/14/2017 4:06,43.167
5352,5/14/2017 4:07,43.122
5353,5/14/2017 4:08,43.075
5354,5/14/2017 4:09,43.075
5355,5/14/2017 4:10,43.075
5356,5/14/2017 4:11,43.075
5357,5/14/2017 4:12,42.984
5358,5/14/2017 4:13,42.984
5359,5/14/2017 4:14,42.984
5360,5/14/2017 4:15,43.03
5361,5/14/2017 4:16,42.984
5362,5/14/2017 4:17,42.984
5363,5/14/2017 4:18,42.939
5364,5/14/2017 4:19,42.939
5365,5/14/2017 4:20,42.939
5366,5/14/2017 4:21,42.984
5367,5/14/2017 4:22,42.984
5368,5/14/2017 4:23,42.939
5369,5/14/2017 4:24,42.984
5370,5/14/2017 4:25,42.984
5371,5/14/2017 4:26,42.984
5372,5/14/2017 4:27,42.939
5373,5/14/2017 4:28,42.939
5374,5/14/2017 4:29,42.892
5375,5/14/2017 4:30,42.892
5376,5/14/2017 4:31,42.892
5377,5/14/2017 4:32,42.847
5378,5/14/2017 4:33,42.8
5379,5/14/2017 4:34,42.755
5380,5/14/2017 4:35,42.755
5381,5/14/2017 4:36,42.755
5382,5/14/2017 4:37,42.708
5383,5/14/2017 4:38,42.663
5384,5/14/2017 4:39,42.663
5385,5/14/2017 4:40,42.663
5386,5/14/2017 4:41,42.616
5387,5/14/2017 4:42,42.616
5388,5/14/2017 4:43,42.663
5389,5/14/2017 4:44,42.616
5390,5/14/2017 4:45,42.57
5391,5/14/2017 4:46,42.57
5392,5/14/2017 4:47,42.57
5393,5/14/2017 4:48,42.57
5394,5/14/2017 4:49,42.616
5395,5/14/2017 4:50,42.616
5396,5/14/2017 4:51,42.616
5397,5/14/2017 4:52,42.616
5398,5/14/2017 4:53,42.616
5399,5/14/2017 4:54,42.616
5400,5/14/2017 4:55,42.616
5401,5/14/2017 4:56,42.616
5402,5/14/2017 4:57,42.616
5403,5/14/2017 4:58,42.57
5404,5/14/2017 4:59,42.57
5405,5/14/2017 5:00,42.57
5406,5/14/2017 5:01,42.57
5407,5/14/2017 5:02,42.57
5408,5/14/2017 5:03,42.525
5409,5/14/2017 5:04,42.478
5410,5/14/2017 5:05,42.478
5411,5/14/2017 5:06,42.386
5412,5/14/2017 5:07,42.433
5413,5/14/2017 5:08,42.433
5414,5/14/2017 5:09,42.433
5415,5/14/2017 5:10,42.386
5416,5/14/2017 5:11,42.433
5417,5/14/2017 5:12,42.433
5418,5/14/2017 5:13,42.525
5419,5/14/2017 5:14,42.57
5420,5/14/2017 5:15,42.57
5421,5/14/2017 5:16,42.57
5422,5/14/2017 5:17,42.57
5423,5/14/2017 5:18,42.525
5424,5/14/2017 5:19,42.525
5425,5/14/2017 5:20,42.525
5426,5/14/2017 5:21,42.478
5427,5/14/2017 5:22,42.525
5428,5/14/2017 5:23,42.616
5429,5/14/2017 5:24,42.8
5430,5/14/2017 5:25,42.755
5431,5/14/2017 5:26,42.8
5432,5/14/2017 5:27,42.892
5433,5/14/2017 5:28,43.167
5434,5/14/2017 5:29,43.214
5435,5/14/2017 5:30,43.351
5436,5/14/2017 5:31,43.306
5437,5/14/2017 5:32,43.396
5438,5/14/2017 5:33,43.351
5439,5/14/2017 5:34,43.306
5440,5/14/2017 5:35,43.396
5441,5/14/2017 5:36,43.488
5442,5/14/2017 5:37,43.396
5443,5/14/2017 5:38,43.396
5444,5/14/2017 5:39,43.396
5445,5/14/2017 5:40,43.488
5446,5/14/2017 5:41,43.534
5447,5/14/2017 5:42,43.396
5448,5/14/2017 5:43,43.351
5449,5/14/2017 5:44,43.306
5450,5/14/2017 5:45,43.259
5451,5/14/2017 5:46,43.488
5452,5/14/2017 5:47,43.534
5453,5/14/2017 5:48,43.534
5454,5/14/2017 5:49,43.671
5455,5/14/2017 5:50,43.579
5456,5/14/2017 5:51,43.671
5457,5/14/2017 5:52,43.716
5458,5/14/2017 5:53,43.671
5459,5/14/2017 5:54,43.624
5460,5/14/2017 5:55,43.534
5461,5/14/2017 5:56,43.624
5462,5/14/2017 5:57,43.624
5463,5/14/2017 5:58,43.534
5464,5/14/2017 5:59,43.488
5465,5/14/2017 6:00,43.624
5466,5/14/2017 6:01,43.671
5467,5/14/2017 6:02,43.763
5468,5/14/2017 6:03,43.808
5469,5/14/2017 6:04,43.534
5470,5/14/2017 6:05,43.443
5471,5/14/2017 6:06,43.443
5472,5/14/2017 6:07,43.351
5473,5/14/2017 6:08,43.306
5474,5/14/2017 6:09,43.259
5475,5/14/2017 6:10,43.167
5476,5/14/2017 6:11,43.167
5477,5/14/2017 6:12,43.167
5478,5/14/2017 6:13,43.122
5479,5/14/2017 6:14,43.122
5480,5/14/2017 6:15,43.075
5481,5/14/2017 6:16,43.075
5482,5/14/2017 6:17,43.03
5483,5/14/2017 6:18,42.984
5484,5/14/2017 6:19,42.984
5485,5/14/2017 6:20,42.984
5486,5/14/2017 6:21,42.984
5487,5/14/2017 6:22,42.984
5488,5/14/2017 6:23,42.939
5489,5/14/2017 6:24,42.892
5490,5/14/2017 6:25,42.892
5491,5/14/2017 6:26,42.939
5492,5/14/2017 6:27,42.939
5493,5/14/2017 6:28,42.892
5494,5/14/2017 6:29,42.892
5495,5/14/2017 6:30,42.892
5496,5/14/2017 6:31,42.847
5497,5/14/2017 6:32,42.847
5498,5/14/2017 6:33,42.8
5499,5/14/2017 6:34,42.8
5500,5/14/2017 6:35,42.8
5501,5/14/2017 6:36,42.8
5502,5/14/2017 6:37,42.8
5503,5/14/2017 6:38,42.8
5504,5/14/2017 6:39,42.755
5505,5/14/2017 6:40,42.755
5506,5/14/2017 6:41,42.755
5507,5/14/2017 6:42,42.708
5508,5/14/2017 6:43,42.708
5509,5/14/2017 6:44,42.755
5510,5/14/2017 6:45,42.755
5511,5/14/2017 6:46,42.755
5512,5/14/2017 6:47,42.663
5513,5/14/2017 6:48,42.663
5514,5/14/2017 6:49,42.525
5515,5/14/2017 6:50,42.478
5516,5/14/2017 6:51,42.478
5517,5/14/2017 6:52,42.433
5518,5/14/2017 6:53,42.433
5519,5/14/2017 6:54,42.386
5520,5/14/2017 6:55,42.386
5521,5/14/2017 6:56,42.386
5522,5/14/2017 6:57,42.386
5523,5/14/2017 6:58,42.341
5524,5/14/2017 6:59,42.386
5525,5/14/2017 7:00,42.478
5526,5/14/2017 7:01,42.386
5527,5/14/2017 7:02,42.433
5528,5/14/2017 7:03,42.433
5529,5/14/2017 7:04,42.478
5530,5/14/2017 7:05,42.525
5531,5/14/2017 7:06,42.525
5532,5/14/2017 7:07,42.57
5533,5/14/2017 7:08,42.525
5534,5/14/2017 7:09,42.57
5535,5/14/2017 7:10,42.616
5536,5/14/2017 7:11,42.616
5537,5/14/2017 7:12,42.57
5538,5/14/2017 7:13,42.57
5539,5/14/2017 7:14,42.57
5540,5/14/2017 7:15,42.616
5541,5/14/2017 7:16,42.616
5542,5/14/2017 7:17,42.616
5543,5/14/2017 7:18,42.663
5544,5/14/2017 7:19,42.663
5545,5/14/2017 7:20,42.663
5546,5/14/2017 7:21,42.663
5547,5/14/2017 7:22,42.663
5548,5/14/2017 7:23,42.708
5549,5/14/2017 7:24,42.755
5550,5/14/2017 7:25,42.847
5551,5/14/2017 7:26,42.892
5552,5/14/2017 7:27,42.892
5553,5/14/2017 7:28,42.984
5554,5/14/2017 7:29,42.939
5555,5/14/2017 7:30,42.984
5556,5/14/2017 7:31,43.03
5557,5/14/2017 7:32,43.03
5558,5/14/2017 7:33,42.984
5559,5/14/2017 7:34,42.939
5560,5/14/2017 7:35,42.892
5561,5/14/2017 7:36,42.939
5562,5/14/2017 7:37,42.984
5563,5/14/2017 7:38,42.984
5564,5/14/2017 7:39,42.984
5565,5/14/2017 7:40,43.03
5566,5/14/2017 7:41,43.075
5567,5/14/2017 7:42,43.075
5568,5/14/2017 7:43,43.075
5569,5/14/2017 7:44,43.075
5570,5/14/2017 7:45,43.075
5571,5/14/2017 7:46,43.075
5572,5/14/2017 7:47,43.03
5573,5/14/2017 7:48,43.03
5574,5/14/2017 7:49,42.984
5575,5/14/2017 7:50,43.03
5576,5/14/2017 7:51,43.075
5577,5/14/2017 7:52,43.075
5578,5/14/2017 7:53,43.075
5579,5/14/2017 7:54,43.075
5580,5/14/2017 7:55,43.075
5581,5/14/2017 7:56,43.075
5582,5/14/2017 7:57,43.03
5583,5/14/2017 7:58,43.075
5584,5/14/2017 7:59,43.122
5585,5/14/2017 8:00,43.122
5586,5/14/2017 8:01,43.122
5587,5/14/2017 8:02,43.075
5588,5/14/2017 8:03,43.075
5589,5/14/2017 8:04,43.075
5590,5/14/2017 8:05,42.984
5591,5/14/2017 8:06,42.984
5592,5/14/2017 8:07,43.075
5593,5/14/2017 8:08,43.122
5594,5/14/2017 8:09,43.167
5595,5/14/2017 8:10,43.214
5596,5/14/2017 8:11,43.214
5597,5/14/2017 8:12,43.259
5598,5/14/2017 8:13,43.306
5599,5/14/2017 8:14,43.351
5600,5/14/2017 8:15,43.396
5601,5/14/2017 8:16,43.396
5602,5/14/2017 8:17,43.443
5603,5/14/2017 8:18,43.443
5604,5/14/2017 8:19,43.351
5605,5/14/2017 8:20,43.306
5606,5/14/2017 8:21,43.306
5607,5/14/2017 8:22,43.351
5608,5/14/2017 8:23,43.351
5609,5/14/2017 8:24,43.396
5610,5/14/2017 8:25,43.396
5611,5/14/2017 8:26,43.443
5612,5/14/2017 8:27,43.396
5613,5/14/2017 8:28,43.443
5614,5/14/2017 8:29,43.488
5615,5/14/2017 8:30,43.443
5616,5/14/2017 8:31,43.396
5617,5/14/2017 8:32,43.396
5618,5/14/2017 8:33,43.443
5619,5/14/2017 8:34,43.534
5620,5/14/2017 8:35,43.579
5621,5/14/2017 8:36,43.624
5622,5/14/2017 8:37,43.671
5623,5/14/2017 8:38,43.624
5624,5/14/2017 8:39,43.624
5625,5/14/2017 8:40,43.624
5626,5/14/2017 8:41,43.624
5627,5/14/2017 8:42,43.579
5628,5/14/2017 8:43,43.624
5629,5/14/2017 8:44,43.671
5630,5/14/2017 8:45,43.716
5631,5/14/2017 8:46,43.763
5632,5/14/2017 8:47,43.763
5633,5/14/2017 8:48,43.763
5634,5/14/2017 8:49,43.808
5635,5/14/2017 8:50,43.808
5636,5/14/2017 8:51,43.853
5637,5/14/2017 8:52,43.99
5638,5/14/2017 8:53,44.037
5639,5/14/2017 8:54,44.037
5640,5/14/2017 8:55,43.945
5641,5/14/2017 8:56,43.99
5642,5/14/2017 8:57,44.037
5643,5/14/2017 8:58,44.082
5644,5/14/2017 8:59,44.127
5645,5/14/2017 9:00,44.127
5646,5/14/2017 9:01,44.082
5647,5/14/2017 9:02,44.127
5648,5/14/2017 9:03,44.127
5649,5/14/2017 9:04,44.127
5650,5/14/2017 9:05,44.173
5651,5/14/2017 9:06,44.173
5652,5/14/2017 9:07,44.127
5653,5/14/2017 9:08,44.173
5654,5/14/2017 9:09,44.218
5655,5/14/2017 9:10,44.218
5656,5/14/2017 9:11,44.31
5657,5/14/2017 9:12,44.355
5658,5/14/2017 9:13,44.4
5659,5/14/2017 9:14,44.492
5660,5/14/2017 9:15,44.492
5661,5/14/2017 9:16,44.537
5662,5/14/2017 9:17,44.582
5663,5/14/2017 9:18,44.537
5664,5/14/2017 9:19,44.582
5665,5/14/2017 9:20,44.537
5666,5/14/2017 9:21,44.537
5667,5/14/2017 9:22,44.582
5668,5/14/2017 9:23,44.674
5669,5/14/2017 9:24,44.764
5670,5/14/2017 9:25,44.809
5671,5/14/2017 9:26,44.856
5672,5/14/2017 9:27,44.901
5673,5/14/2017 9:28,44.856
5674,5/14/2017 9:29,44.901
5675,5/14/2017 9:30,44.901
5676,5/14/2017 9:31,44.946
5677,5/14/2017 9:32,44.991
5678,5/14/2017 9:33,44.991
5679,5/14/2017 9:34,45.082
5680,5/14/2017 9:35,45.082
5681,5/14/2017 9:36,45.082
5682,5/14/2017 9:37,45.172
5683,5/14/2017 9:38,45.217
5684,5/14/2017 9:39,45.217
5685,5/14/2017 9:40,45.127
5686,5/14/2017 9:41,45.172
5687,5/14/2017 9:42,45.172
5688,5/14/2017 9:43,45.127
5689,5/14/2017 9:44,45.082
5690,5/14/2017 9:45,45.036
5691,5/14/2017 9:46,45.036
5692,5/14/2017 9:47,44.991
5693,5/14/2017 9:48,44.946
5694,5/14/2017 9:49,44.946
5695,5/14/2017 9:50,44.991
5696,5/14/2017 9:51,44.991
5697,5/14/2017 9:52,45.036
5698,5/14/2017 9:53,45.082
5699,5/14/2017 9:54,45.127
5700,5/14/2017 9:55,45.082
5701,5/14/2017 9:56,45.082
5702,5/14/2017 9:57,45.036
5703,5/14/2017 9:58,44.991
5704,5/14/2017 9:59,44.946
5705,5/14/2017 10:00,44.901
5706,5/14/2017 10:01,44.901
5707,5/14/2017 10:02,44.901
5708,5/14/2017 10:03,44.901
5709,5/14/2017 10:04,44.946
5710,5/14/2017 10:05,44.991
5711,5/14/2017 10:06,45.036
5712,5/14/2017 10:07,45.036
5713,5/14/2017 10:08,45.082
5714,5/14/2017 10:09,45.172
5715,5/14/2017 10:10,45.172
5716,5/14/2017 10:11,45.127
5717,5/14/2017 10:12,45.082
5718,5/14/2017 10:13,45.082
5719,5/14/2017 10:14,44.991
5720,5/14/2017 10:15,45.036
5721,5/14/2017 10:16,44.991
5722,5/14/2017 10:17,44.991
5723,5/14/2017 10:18,44.946
5724,5/14/2017 10:19,44.946
5725,5/14/2017 10:20,44.946
5726,5/14/2017 10:21,44.946
5727,5/14/2017 10:22,44.991
5728,5/14/2017 10:23,44.991
5729,5/14/2017 10:24,45.082
5730,5/14/2017 10:25,45.217
5731,5/14/2017 10:26,45.354
5732,5/14/2017 10:27,45.444
5733,5/14/2017 10:28,45.444
5734,5/14/2017 10:29,45.534
5735,5/14/2017 10:30,45.624
5736,5/14/2017 10:31,45.714
5737,5/14/2017 10:32,45.761
5738,5/14/2017 10:33,45.761
5739,5/14/2017 10:34,45.761
5740,5/14/2017 10:35,45.806
5741,5/14/2017 10:36,45.941
5742,5/14/2017 10:37,46.031
5743,5/14/2017 10:38,46.076
5744,5/14/2017 10:39,46.256
5745,5/14/2017 10:40,46.346
5746,5/14/2017 10:41,46.391
5747,5/14/2017 10:42,46.436
5748,5/14/2017 10:43,46.526
5749,5/14/2017 10:44,46.616
5750,5/14/2017 10:45,46.706
5751,5/14/2017 10:46,46.796
5752,5/14/2017 10:47,46.841
5753,5/14/2017 10:48,46.974
5754,5/14/2017 10:49,47.154
5755,5/14/2017 10:50,47.289
5756,5/14/2017 10:51,47.422
5757,5/14/2017 10:52,47.512
5758,5/14/2017 10:53,47.512
5759,5/14/2017 10:54,47.602
5760,5/14/2017 10:55,47.691
5761,5/14/2017 10:56,47.736
5762,5/14/2017 10:57,47.781
5763,5/14/2017 10:58,47.736
5764,5/14/2017 10:59,47.781
5765,5/14/2017 11:00,47.602
5766,5/14/2017 11:01,47.334
5767,5/14/2017 11:02,47.334
5768,5/14/2017 11:03,47.377
5769,5/14/2017 11:04,47.334
5770,5/14/2017 11:05,47.334
5771,5/14/2017 11:06,47.199
5772,5/14/2017 11:07,47.199
5773,5/14/2017 11:08,47.244
5774,5/14/2017 11:09,47.289
5775,5/14/2017 11:10,47.289
5776,5/14/2017 11:11,47.377
5777,5/14/2017 11:12,47.422
5778,5/14/2017 11:13,47.334
5779,5/14/2017 11:14,47.244
5780,5/14/2017 11:15,47.334
5781,5/14/2017 11:16,47.467
5782,5/14/2017 11:17,47.512
5783,5/14/2017 11:18,47.512
5784,5/14/2017 11:19,47.467
5785,5/14/2017 11:20,47.467
5786,5/14/2017 11:21,47.557
5787,5/14/2017 11:22,47.647
5788,5/14/2017 11:23,47.647
5789,5/14/2017 11:24,47.691
5790,5/14/2017 11:25,47.781
5791,5/14/2017 11:26,47.871
5792,5/14/2017 11:27,47.781
5793,5/14/2017 11:28,47.691
5794,5/14/2017 11:29,47.691
5795,5/14/2017 11:30,47.826
5796,5/14/2017 11:31,47.871
5797,5/14/2017 11:32,47.736
5798,5/14/2017 11:33,47.467
5799,5/14/2017 11:34,47.512
5800,5/14/2017 11:35,47.467
5801,5/14/2017 11:36,47.377
5802,5/14/2017 11:37,47.512
5803,5/14/2017 11:38,47.647
5804,5/14/2017 11:39,47.557
5805,5/14/2017 11:40,47.512
5806,5/14/2017 11:41,47.647
5807,5/14/2017 11:42,47.647
5808,5/14/2017 11:43,47.781
5809,5/14/2017 11:44,47.871
5810,5/14/2017 11:45,47.871
5811,5/14/2017 11:46,47.557
5812,5/14/2017 11:47,47.334
5813,5/14/2017 11:48,47.512
5814,5/14/2017 11:49,47.512
5815,5/14/2017 11:50,47.422
5816,5/14/2017 11:51,47.422
5817,5/14/2017 11:52,47.512
5818,5/14/2017 11:53,47.781
5819,5/14/2017 11:54,47.602
5820,5/14/2017 11:55,47.647
5821,5/14/2017 11:56,47.781
5822,5/14/2017 11:57,47.736
5823,5/14/2017 11:58,47.871
5824,5/14/2017 11:59,48.049
5825,5/14/2017 12:00,48.272
5826,5/14/2017 12:01,48.36
5827,5/14/2017 12:02,48.36
5828,5/14/2017 12:03,48.583
5829,5/14/2017 12:04,48.672
5830,5/14/2017 12:05,48.628
5831,5/14/2017 12:06,48.805
5832,5/14/2017 12:07,48.895
5833,5/14/2017 12:08,49.028
5834,5/14/2017 12:09,49.161
5835,5/14/2017 12:10,49.294
5836,5/14/2017 12:11,49.338
5837,5/14/2017 12:12,49.383
5838,5/14/2017 12:13,49.383
5839,5/14/2017 12:14,49.204
5840,5/14/2017 12:15,49.204
5841,5/14/2017 12:16,49.338
5842,5/14/2017 12:17,49.428
5843,5/14/2017 12:18,49.294
5844,5/14/2017 12:19,49.204
5845,5/14/2017 12:20,49.294
5846,5/14/2017 12:21,49.116
5847,5/14/2017 12:22,49.294
5848,5/14/2017 12:23,49.294
5849,5/14/2017 12:24,49.294
5850,5/14/2017 12:25,49.294
5851,5/14/2017 12:26,49.561
5852,5/14/2017 12:27,49.782
5853,5/14/2017 12:28,49.959
5854,5/14/2017 12:29,50.092
5855,5/14/2017 12:30,50.223
5856,5/14/2017 12:31,50.356
5857,5/14/2017 12:32,50.445
5858,5/14/2017 12:33,50.356
5859,5/14/2017 12:34,50.356
5860,5/14/2017 12:35,50.047
5861,5/14/2017 12:36,49.737
5862,5/14/2017 12:37,49.516
5863,5/14/2017 12:38,49.383
5864,5/14/2017 12:39,49.249
5865,5/14/2017 12:40,49.204
5866,5/14/2017 12:41,49.294
5867,5/14/2017 12:42,49.471
5868,5/14/2017 12:43,49.471
5869,5/14/2017 12:44,49.428
5870,5/14/2017 12:45,49.516
5871,5/14/2017 12:46,49.471
5872,5/14/2017 12:47,49.204
5873,5/14/2017 12:48,49.161
5874,5/14/2017 12:49,49.294
5875,5/14/2017 12:50,49.249
5876,5/14/2017 12:51,49.161
5877,5/14/2017 12:52,49.028
5878,5/14/2017 12:53,48.938
5879,5/14/2017 12:54,48.895
5880,5/14/2017 12:55,48.938
5881,5/14/2017 12:56,48.895
5882,5/14/2017 12:57,48.85
5883,5/14/2017 12:58,48.85
5884,5/14/2017 12:59,48.938
5885,5/14/2017 13:00,49.073
5886,5/14/2017 13:01,49.249
5887,5/14/2017 13:02,49.383
5888,5/14/2017 13:03,49.428
5889,5/14/2017 13:04,49.471
5890,5/14/2017 13:05,49.428
5891,5/14/2017 13:06,49.428
5892,5/14/2017 13:07,49.338
5893,5/14/2017 13:08,49.338
5894,5/14/2017 13:09,49.383
5895,5/14/2017 13:10,49.383
5896,5/14/2017 13:11,49.249
5897,5/14/2017 13:12,49.028
5898,5/14/2017 13:13,49.073
5899,5/14/2017 13:14,49.161
5900,5/14/2017 13:15,49.116
5901,5/14/2017 13:16,49.116
5902,5/14/2017 13:17,48.983
5903,5/14/2017 13:18,49.073
5904,5/14/2017 13:19,49.073
5905,5/14/2017 13:20,48.938
5906,5/14/2017 13:21,48.628
5907,5/14/2017 13:22,48.315
5908,5/14/2017 13:23,48.137
5909,5/14/2017 13:24,48.004
5910,5/14/2017 13:25,47.826
5911,5/14/2017 13:26,47.602
5912,5/14/2017 13:27,47.467
5913,5/14/2017 13:28,47.289
5914,5/14/2017 13:29,47.109
5915,5/14/2017 13:30,46.974
5916,5/14/2017 13:31,46.886
5917,5/14/2017 13:32,47.064
5918,5/14/2017 13:33,47.199
5919,5/14/2017 13:34,47.289
5920,5/14/2017 13:35,47.334
5921,5/14/2017 13:36,47.377
5922,5/14/2017 13:37,47.334
5923,5/14/2017 13:38,47.377
5924,5/14/2017 13:39,47.557
5925,5/14/2017 13:40,47.647
5926,5/14/2017 13:41,47.736
5927,5/14/2017 13:42,47.736
5928,5/14/2017 13:43,47.781
5929,5/14/2017 13:44,47.871
5930,5/14/2017 13:45,47.871
5931,5/14/2017 13:46,47.781
5932,5/14/2017 13:47,47.781
5933,5/14/2017 13:48,47.781
5934,5/14/2017 13:49,47.781
5935,5/14/2017 13:50,47.781
5936,5/14/2017 13:51,47.781
5937,5/14/2017 13:52,47.871
5938,5/14/2017 13:53,47.959
5939,5/14/2017 13:54,47.959
5940,5/14/2017 13:55,48.049
5941,5/14/2017 13:56,48.049
5942,5/14/2017 13:57,48.094
5943,5/14/2017 13:58,48.182
5944,5/14/2017 13:59,48.182
5945,5/14/2017 14:00,48.182
5946,5/14/2017 14:01,48.137
5947,5/14/2017 14:02,48.182
5948,5/14/2017 14:03,48.182
5949,5/14/2017 14:04,48.227
5950,5/14/2017 14:05,48.315
5951,5/14/2017 14:06,48.004
5952,5/14/2017 14:07,47.871
5953,5/14/2017 14:08,47.959
5954,5/14/2017 14:09,48.094
5955,5/14/2017 14:10,48.049
5956,5/14/2017 14:11,48.049
5957,5/14/2017 14:12,48.004
5958,5/14/2017 14:13,47.914
5959,5/14/2017 14:14,47.781
5960,5/14/2017 14:15,47.691
5961,5/14/2017 14:16,47.691
5962,5/14/2017 14:17,47.647
5963,5/14/2017 14:18,47.691
5964,5/14/2017 14:19,47.691
5965,5/14/2017 14:20,45.669
5966,5/14/2017 14:21,44.263
5967,5/14/2017 14:22,44.263
5968,5/14/2017 14:23,43.99
5969,5/14/2017 14:24,43.853
5970,5/14/2017 14:25,43.763
5971,5/14/2017 14:26,43.671
5972,5/14/2017 14:27,44.946
5973,5/14/2017 14:28,44.037
5974,5/14/2017 14:29,42.939
5975,5/14/2017 14:30,43.167
5976,5/14/2017 14:31,43.259
5977,5/14/2017 14:32,43.122
5978,5/14/2017 14:33,42.386
5979,5/14/2017 14:34,42.247
5980,5/14/2017 14:35,44.263
5981,5/14/2017 14:36,45.172
5982,5/14/2017 14:37,44.856
5983,5/14/2017 14:38,45.217
5984,5/14/2017 14:39,44.809
5985,5/14/2017 14:40,44.809
5986,5/14/2017 14:41,45.217
5987,5/14/2017 14:42,44.809
5988,5/14/2017 14:43,44.719
5989,5/14/2017 14:44,44.946
5990,5/14/2017 14:45,45.262
5991,5/14/2017 14:46,45.489
5992,5/14/2017 14:47,45.624
5993,5/14/2017 14:48,45.669
5994,5/14/2017 14:49,45.806
5995,5/14/2017 14:50,45.986
5996,5/14/2017 14:51,46.121
5997,5/14/2017 14:52,46.301
5998,5/14/2017 14:53,46.436
5999,5/14/2017 14:54,46.481
6000,5/14/2017 14:55,46.526
6001,5/14/2017 14:56,46.616
6002,5/14/2017 14:57,46.661
6003,5/14/2017 14:58,46.751
6004,5/14/2017 14:59,46.796
6005,5/14/2017 15:00,46.796
6006,5/14/2017 15:01,46.796
6007,5/14/2017 15:02,46.616
6008,5/14/2017 15:03,46.391
6009,5/14/2017 15:04,46.301
6010,5/14/2017 15:05,46.436
6011,5/14/2017 15:06,46.481
6012,5/14/2017 15:07,46.571
6013,5/14/2017 15:08,46.616
6014,5/14/2017 15:09,46.616
6015,5/14/2017 15:10,46.616
6016,5/14/2017 15:11,46.526
6017,5/14/2017 15:12,46.571
6018,5/14/2017 15:13,46.526
6019,5/14/2017 15:14,46.391
6020,5/14/2017 15:15,46.256
6021,5/14/2017 15:16,46.256
6022,5/14/2017 15:17,46.301
6023,5/14/2017 15:18,46.436
6024,5/14/2017 15:19,46.436
6025,5/14/2017 15:20,46.436
6026,5/14/2017 15:21,46.436
6027,5/14/2017 15:22,46.481
6028,5/14/2017 15:23,46.436
6029,5/14/2017 15:24,46.481
6030,5/14/2017 15:25,46.436
6031,5/14/2017 15:26,46.436
6032,5/14/2017 15:27,46.391
6033,5/14/2017 15:28,46.436
6034,5/14/2017 15:29,46.616
6035,5/14/2017 15:30,46.751
6036,5/14/2017 15:31,46.796
6037,5/14/2017 15:32,46.841
6038,5/14/2017 15:33,46.886
6039,5/14/2017 15:34,46.931
6040,5/14/2017 15:35,47.019
6041,5/14/2017 15:36,47.154
6042,5/14/2017 15:37,47.244
6043,5/14/2017 15:38,47.289
6044,5/14/2017 15:39,47.377
6045,5/14/2017 15:40,47.422
6046,5/14/2017 15:41,47.512
6047,5/14/2017 15:42,47.557
6048,5/14/2017 15:43,47.422
6049,5/14/2017 15:44,47.289
6050,5/14/2017 15:45,47.154
6051,5/14/2017 15:46,47.064
6052,5/14/2017 15:47,47.019
6053,5/14/2017 15:48,46.931
6054,5/14/2017 15:49,46.841
6055,5/14/2017 15:50,46.841
6056,5/14/2017 15:51,46.796
6057,5/14/2017 15:52,46.751
6058,5/14/2017 15:53,46.841
6059,5/14/2017 15:54,46.796
6060,5/14/2017 15:55,46.751
6061,5/14/2017 15:56,46.706
6062,5/14/2017 15:57,46.751
6063,5/14/2017 15:58,46.886
6064,5/14/2017 15:59,47.019
6065,5/14/2017 16:00,47.064
6066,5/14/2017 16:01,47.064
6067,5/14/2017 16:02,47.199
6068,5/14/2017 16:03,47.154
6069,5/14/2017 16:04,47.019
6070,5/14/2017 16:05,47.019
6071,5/14/2017 16:06,47.019
6072,5/14/2017 16:07,47.154
6073,5/14/2017 16:08,47.289
6074,5/14/2017 16:09,47.334
6075,5/14/2017 16:10,47.244
6076,5/14/2017 16:11,47.244
6077,5/14/2017 16:12,47.422
6078,5/14/2017 16:13,47.512
6079,5/14/2017 16:14,47.602
6080,5/14/2017 16:15,47.691
6081,5/14/2017 16:16,47.826
6082,5/14/2017 16:17,47.871
6083,5/14/2017 16:18,47.959
6084,5/14/2017 16:19,47.959
6085,5/14/2017 16:20,48.004
6086,5/14/2017 16:21,47.959
6087,5/14/2017 16:22,48.049
6088,5/14/2017 16:23,48.137
6089,5/14/2017 16:24,48.137
6090,5/14/2017 16:25,48.137
6091,5/14/2017 16:26,48.137
6092,5/14/2017 16:27,48.182
6093,5/14/2017 16:28,48.227
6094,5/14/2017 16:29,48.272
6095,5/14/2017 16:30,48.36
6096,5/14/2017 16:31,48.405
6097,5/14/2017 16:32,48.405
6098,5/14/2017 16:33,48.36
6099,5/14/2017 16:34,48.315
6100,5/14/2017 16:35,48.182
6101,5/14/2017 16:36,48.094
6102,5/14/2017 16:37,48.049
6103,5/14/2017 16:38,48.094
6104,5/14/2017 16:39,48.182
6105,5/14/2017 16:40,48.227
6106,5/14/2017 16:41,48.315
6107,5/14/2017 16:42,48.405
6108,5/14/2017 16:43,48.45
6109,5/14/2017 16:44,48.405
6110,5/14/2017 16:45,48.36
6111,5/14/2017 16:46,48.405
6112,5/14/2017 16:47,48.405
6113,5/14/2017 16:48,48.094
6114,5/14/2017 16:49,48.004
6115,5/14/2017 16:50,48.004
6116,5/14/2017 16:51,48.004
6117,5/14/2017 16:52,48.049
6118,5/14/2017 16:53,48.094
6119,5/14/2017 16:54,47.871
6120,5/14/2017 16:55,47.871
6121,5/14/2017 16:56,48.004
6122,5/14/2017 16:57,48.004
6123,5/14/2017 16:58,48.004
6124,5/14/2017 16:59,48.049
6125,5/14/2017 17:00,47.959
6126,5/14/2017 17:01,47.914
6127,5/14/2017 17:02,47.781
6128,5/14/2017 17:03,47.602
6129,5/14/2017 17:04,47.467
6130,5/14/2017 17:05,47.289
6131,5/14/2017 17:06,47.154
6132,5/14/2017 17:07,47.109
6133,5/14/2017 17:08,47.334
6134,5/14/2017 17:09,47.512
6135,5/14/2017 17:10,47.602
6136,5/14/2017 17:11,47.691
6137,5/14/2017 17:12,47.736
6138,5/14/2017 17:13,47.871
6139,5/14/2017 17:14,48.004
6140,5/14/2017 17:15,48.049
6141,5/14/2017 17:16,48.049
6142,5/14/2017 17:17,48.094
6143,5/14/2017 17:18,48.049
6144,5/14/2017 17:19,48.049
6145,5/14/2017 17:20,48.094
6146,5/14/2017 17:21,48.094
6147,5/14/2017 17:22,48.049
6148,5/14/2017 17:23,48.049
6149,5/14/2017 17:24,47.959
6150,5/14/2017 17:25,47.959
6151,5/14/2017 17:26,47.871
6152,5/14/2017 17:27,47.781
6153,5/14/2017 17:28,47.781
6154,5/14/2017 17:29,47.871
6155,5/14/2017 17:30,47.959
6156,5/14/2017 17:31,48.004
6157,5/14/2017 17:32,48.049
6158,5/14/2017 17:33,48.004
6159,5/14/2017 17:34,48.004
6160,5/14/2017 17:35,47.914
6161,5/14/2017 17:36,47.914
6162,5/14/2017 17:37,47.871
6163,5/14/2017 17:38,47.826
6164,5/14/2017 17:39,47.736
6165,5/14/2017 17:40,47.691
6166,5/14/2017 17:41,47.647
6167,5/14/2017 17:42,47.647
6168,5/14/2017 17:43,47.602
6169,5/14/2017 17:44,47.691
6170,5/14/2017 17:45,47.557
6171,5/14/2017 17:46,47.289
6172,5/14/2017 17:47,47.109
6173,5/14/2017 17:48,47.064
6174,5/14/2017 17:49,47.199
6175,5/14/2017 17:50,47.199
6176,5/14/2017 17:51,47.289
6177,5/14/2017 17:52,47.377
6178,5/14/2017 17:53,47.334
6179,5/14/2017 17:54,47.422
6180,5/14/2017 17:55,47.467
6181,5/14/2017 17:56,47.467
6182,5/14/2017 17:57,47.512
6183,5/14/2017 17:58,47.557
6184,5/14/2017 17:59,47.557
6185,5/14/2017 18:00,47.557
6186,5/14/2017 18:01,47.557
6187,5/14/2017 18:02,47.602
6188,5/14/2017 18:03,47.602
6189,5/14/2017 18:04,47.602
6190,5/14/2017 18:05,47.602
6191,5/14/2017 18:06,47.602
6192,5/14/2017 18:07,47.557
6193,5/14/2017 18:08,47.557
6194,5/14/2017 18:09,47.557
6195,5/14/2017 18:10,47.512
6196,5/14/2017 18:11,47.512
6197,5/14/2017 18:12,47.467
6198,5/14/2017 18:13,47.422
6199,5/14/2017 18:14,47.467
6200,5/14/2017 18:15,47.377
6201,5/14/2017 18:16,47.334
6202,5/14/2017 18:17,47.334
6203,5/14/2017 18:18,47.334
6204,5/14/2017 18:19,47.289
6205,5/14/2017 18:20,47.244
6206,5/14/2017 18:21,47.244
6207,5/14/2017 18:22,47.199
6208,5/14/2017 18:23,47.064
6209,5/14/2017 18:24,46.974
6210,5/14/2017 18:25,46.931
6211,5/14/2017 18:26,46.796
6212,5/14/2017 18:27,46.796
6213,5/14/2017 18:28,46.796
6214,5/14/2017 18:29,46.796
6215,5/14/2017 18:30,46.706
6216,5/14/2017 18:31,46.526
6217,5/14/2017 18:32,46.436
6218,5/14/2017 18:33,46.391
6219,5/14/2017 18:34,46.436
6220,5/14/2017 18:35,46.526
6221,5/14/2017 18:36,46.526
6222,5/14/2017 18:37,46.481
6223,5/14/2017 18:38,46.436
6224,5/14/2017 18:39,46.481
6225,5/14/2017 18:40,46.571
6226,5/14/2017 18:41,46.571
6227,5/14/2017 18:42,46.616
6228,5/14/2017 18:43,46.616
6229,5/14/2017 18:44,46.526
6230,5/14/2017 18:45,46.391
6231,5/14/2017 18:46,46.211
6232,5/14/2017 18:47,45.941
6233,5/14/2017 18:48,45.896
6234,5/14/2017 18:49,45.806
6235,5/14/2017 18:50,45.761
6236,5/14/2017 18:51,45.714
6237,5/14/2017 18:52,45.669
6238,5/14/2017 18:53,45.579
6239,5/14/2017 18:54,45.489
6240,5/14/2017 18:55,45.399
6241,5/14/2017 18:56,45.354
6242,5/14/2017 18:57,45.307
6243,5/14/2017 18:58,45.262
6244,5/14/2017 18:59,45.307
6245,5/14/2017 19:00,45.262
6246,5/14/2017 19:01,45.262
6247,5/14/2017 19:02,45.262
6248,5/14/2017 19:03,45.307
6249,5/14/2017 19:04,45.399
6250,5/14/2017 19:05,45.399
6251,5/14/2017 19:06,45.444
6252,5/14/2017 19:07,45.534
6253,5/14/2017 19:08,45.669
6254,5/14/2017 19:09,45.669
6255,5/14/2017 19:10,45.669
6256,5/14/2017 19:11,45.624
6257,5/14/2017 19:12,45.579
6258,5/14/2017 19:13,45.534
6259,5/14/2017 19:14,45.489
6260,5/14/2017 19:15,45.489
6261,5/14/2017 19:16,45.534
6262,5/14/2017 19:17,45.534
6263,5/14/2017 19:18,45.624
6264,5/14/2017 19:19,45.714
6265,5/14/2017 19:20,45.806
6266,5/14/2017 19:21,45.851
6267,5/14/2017 19:22,45.851
6268,5/14/2017 19:23,45.896
6269,5/14/2017 19:24,45.896
6270,5/14/2017 19:25,45.941
6271,5/14/2017 19:26,46.031
6272,5/14/2017 19:27,46.121
6273,5/14/2017 19:28,46.076
6274,5/14/2017 19:29,45.941
6275,5/14/2017 19:30,45.851
6276,5/14/2017 19:31,45.806
6277,5/14/2017 19:32,45.714
6278,5/14/2017 19:33,45.714
6279,5/14/2017 19:34,45.806
6280,5/14/2017 19:35,45.896
6281,5/14/2017 19:36,45.986
6282,5/14/2017 19:37,45.986
6283,5/14/2017 19:38,45.986
6284,5/14/2017 19:39,46.031
6285,5/14/2017 19:40,46.121
6286,5/14/2017 19:41,46.031
6287,5/14/2017 19:42,45.941
6288,5/14/2017 19:43,45.896
6289,5/14/2017 19:44,45.986
6290,5/14/2017 19:45,46.076
6291,5/14/2017 19:46,46.076
6292,5/14/2017 19:47,46.166
6293,5/14/2017 19:48,46.121
6294,5/14/2017 19:49,45.986
6295,5/14/2017 19:50,46.076
6296,5/14/2017 19:51,46.121
6297,5/14/2017 19:52,46.166
6298,5/14/2017 19:53,46.211
6299,5/14/2017 19:54,46.211
6300,5/14/2017 19:55,46.121
6301,5/14/2017 19:56,46.121
6302,5/14/2017 19:57,46.031
6303,5/14/2017 19:58,46.121
6304,5/14/2017 19:59,46.166
6305,5/14/2017 20:00,46.211
6306,5/14/2017 20:01,46.256
6307,5/14/2017 20:02,46.301
6308,5/14/2017 20:03,46.121
6309,5/14/2017 20:04,46.031
6310,5/14/2017 20:05,46.076
6311,5/14/2017 20:06,46.121
6312,5/14/2017 20:07,46.031
6313,5/14/2017 20:08,45.986
6314,5/14/2017 20:09,45.851
6315,5/14/2017 20:10,45.806
6316,5/14/2017 20:11,45.761
6317,5/14/2017 20:12,45.896
6318,5/14/2017 20:13,45.941
6319,5/14/2017 20:14,45.986
6320,5/14/2017 20:15,46.076
6321,5/14/2017 20:16,46.076
6322,5/14/2017 20:17,46.031
6323,5/14/2017 20:18,45.941
6324,5/14/2017 20:19,45.851
6325,5/14/2017 20:20,45.761
6326,5/14/2017 20:21,45.806
6327,5/14/2017 20:22,45.896
6328,5/14/2017 20:23,45.941
6329,5/14/2017 20:24,45.941
6330,5/14/2017 20:25,45.986
6331,5/14/2017 20:26,46.031
6332,5/14/2017 20:27,45.986
6333,5/14/2017 20:28,45.896
6334,5/14/2017 20:29,45.806
6335,5/14/2017 20:30,45.806
6336,5/14/2017 20:31,45.896
6337,5/14/2017 20:32,45.851
6338,5/14/2017 20:33,45.896
6339,5/14/2017 20:34,45.941
6340,5/14/2017 20:35,45.986
6341,5/14/2017 20:36,45.986
6342,5/14/2017 20:37,45.941
6343,5/14/2017 20:38,45.896
6344,5/14/2017 20:39,45.806
6345,5/14/2017 20:40,45.714
6346,5/14/2017 20:41,45.714
6347,5/14/2017 20:42,45.714
6348,5/14/2017 20:43,45.714
6349,5/14/2017 20:44,45.669
6350,5/14/2017 20:45,45.624
6351,5/14/2017 20:46,45.624
6352,5/14/2017 20:47,45.624
6353,5/14/2017 20:48,45.579
6354,5/14/2017 20:49,45.579
6355,5/14/2017 20:50,45.579
6356,5/14/2017 20:51,45.489
6357,5/14/2017 20:52,45.399
6358,5/14/2017 20:53,45.399
6359,5/14/2017 20:54,45.444
6360,5/14/2017 20:55,45.444
6361,5/14/2017 20:56,45.489
6362,5/14/2017 20:57,45.399
6363,5/14/2017 20:58,45.354
6364,5/14/2017 20:59,45.354
6365,5/14/2017 21:00,45.262
6366,5/14/2017 21:01,45.217
6367,5/14/2017 21:02,45.217
6368,5/14/2017 21:03,45.217
6369,5/14/2017 21:04,45.217
6370,5/14/2017 21:05,45.217
6371,5/14/2017 21:06,45.262
6372,5/14/2017 21:07,45.262
6373,5/14/2017 21:08,45.307
6374,5/14/2017 21:09,45.262
6375,5/14/2017 21:10,45.262
6376,5/14/2017 21:11,45.262
6377,5/14/2017 21:12,45.307
6378,5/14/2017 21:13,45.307
6379,5/14/2017 21:14,45.307
6380,5/14/2017 21:15,45.307
6381,5/14/2017 21:16,45.354
6382,5/14/2017 21:17,45.354
6383,5/14/2017 21:18,45.354
6384,5/14/2017 21:19,45.262
6385,5/14/2017 21:20,45.262
6386,5/14/2017 21:21,45.262
6387,5/14/2017 21:22,45.262
6388,5/14/2017 21:23,45.262
6389,5/14/2017 21:24,45.217
6390,5/14/2017 21:25,45.172
6391,5/14/2017 21:26,45.172
6392,5/14/2017 21:27,45.082
6393,5/14/2017 21:28,45.082
6394,5/14/2017 21:29,45.082
6395,5/14/2017 21:30,45.036
6396,5/14/2017 21:31,45.082
6397,5/14/2017 21:32,45.082
6398,5/14/2017 21:33,45.082
6399,5/14/2017 21:34,44.991
6400,5/14/2017 21:35,44.946
6401,5/14/2017 21:36,44.991
6402,5/14/2017 21:37,44.991
6403,5/14/2017 21:38,44.946
6404,5/14/2017 21:39,44.901
6405,5/14/2017 21:40,44.856
6406,5/14/2017 21:41,44.856
6407,5/14/2017 21:42,44.856
6408,5/14/2017 21:43,44.901
6409,5/14/2017 21:44,44.856
6410,5/14/2017 21:45,44.809
6411,5/14/2017 21:46,44.764
6412,5/14/2017 21:47,44.764
6413,5/14/2017 21:48,44.809
6414,5/14/2017 21:49,44.809
6415,5/14/2017 21:50,44.809
6416,5/14/2017 21:51,44.809
6417,5/14/2017 21:52,44.764
6418,5/14/2017 21:53,44.719
6419,5/14/2017 21:54,44.719
6420,5/14/2017 21:55,44.719
6421,5/14/2017 21:56,44.719
6422,5/14/2017 21:57,44.719
6423,5/14/2017 21:58,44.719
6424,5/14/2017 21:59,44.674
6425,5/14/2017 22:00,44.674
6426,5/14/2017 22:01,44.627
6427,5/14/2017 22:02,44.582
6428,5/14/2017 22:03,44.537
6429,5/14/2017 22:04,44.582
6430,5/14/2017 22:05,44.582
6431,5/14/2017 22:06,44.582
6432,5/14/2017 22:07,44.582
6433,5/14/2017 22:08,44.582
6434,5/14/2017 22:09,44.537
6435,5/14/2017 22:10,44.537
6436,5/14/2017 22:11,44.537
6437,5/14/2017 22:12,44.492
6438,5/14/2017 22:13,44.537
6439,5/14/2017 22:14,44.492
6440,5/14/2017 22:15,44.537
6441,5/14/2017 22:16,44.445
6442,5/14/2017 22:17,44.4
6443,5/14/2017 22:18,44.4
6444,5/14/2017 22:19,44.355
6445,5/14/2017 22:20,44.31
6446,5/14/2017 22:21,44.263
6447,5/14/2017 22:22,44.31
6448,5/14/2017 22:23,44.263
6449,5/14/2017 22:24,44.263
6450,5/14/2017 22:25,44.218
6451,5/14/2017 22:26,44.263
6452,5/14/2017 22:27,44.263
6453,5/14/2017 22:28,44.263
6454,5/14/2017 22:29,44.31
6455,5/14/2017 22:30,44.263
6456,5/14/2017 22:31,44.263
6457,5/14/2017 22:32,44.31
6458,5/14/2017 22:33,44.355
6459,5/14/2017 22:34,44.31
6460,5/14/2017 22:35,44.263
6461,5/14/2017 22:36,44.218
6462,5/14/2017 22:37,44.173
6463,5/14/2017 22:38,44.127
6464,5/14/2017 22:39,44.173
6465,5/14/2017 22:40,44.173
6466,5/14/2017 22:41,44.173
6467,5/14/2017 22:42,44.127
6468,5/14/2017 22:43,44.082
6469,5/14/2017 22:44,44.082
6470,5/14/2017 22:45,44.127
6471,5/14/2017 22:46,44.082
6472,5/14/2017 22:47,44.082
6473,5/14/2017 22:48,44.082
6474,5/14/2017 22:49,44.127
6475,5/14/2017 22:50,44.127
6476,5/14/2017 22:51,44.173
6477,5/14/2017 22:52,44.127
6478,5/14/2017 22:53,44.082
6479,5/14/2017 22:54,44.082
6480,5/14/2017 22:55,44.127
6481,5/14/2017 22:56,44.173
6482,5/14/2017 22:57,44.173
6483,5/14/2017 22:58,44.173
6484,5/14/2017 22:59,44.173
6485,5/14/2017 23:00,44.173
6486,5/14/2017 23:01,44.218
6487,5/14/2017 23:02,44.173
6488,5/14/2017 23:03,44.218
6489,5/14/2017 23:04,44.218
6490,5/14/2017 23:05,44.218
6491,5/14/2017 23:06,44.173
6492,5/14/2017 23:07,44.173
6493,5/14/2017 23:08,44.173
6494,5/14/2017 23:09,44.173
6495,5/14/2017 23:10,44.127
6496,5/14/2017 23:11,44.127
6497,5/14/2017 23:12,44.173
6498,5/14/2017 23:13,44.173
6499,5/14/2017 23:14,44.082
6500,5/14/2017 23:15,44.037
6501,5/14/2017 23:16,43.99
6502,5/14/2017 23:17,43.99
6503,5/14/2017 23:18,43.945
6504,5/14/2017 23:19,43.9
6505,5/14/2017 23:20,43.853
6506,5/14/2017 23:21,43.853
6507,5/14/2017 23:22,43.853
6508,5/14/2017 23:23,43.808
6509,5/14/2017 23:24,43.763
6510,5/14/2017 23:25,43.716
6511,5/14/2017 23:26,43.716
6512,5/14/2017 23:27,43.716
6513,5/14/2017 23:28,43.716
6514,5/14/2017 23:29,43.716
6515,5/14/2017 23:30,43.716
6516,5/14/2017 23:31,43.763
6517,5/14/2017 23:32,43.716
6518,5/14/2017 23:33,43.624
6519,5/14/2017 23:34,43.579
6520,5/14/2017 23:35,43.534
6521,5/14/2017 23:36,43.443
6522,5/14/2017 23:37,43.396
6523,5/14/2017 23:38,43.351
6524,5/14/2017 23:39,43.396
6525,5/14/2017 23:40,43.351
6526,5/14/2017 23:41,43.351
6527,5/14/2017 23:42,43.306
6528,5/14/2017 23:43,43.259
6529,5/14/2017 23:44,43.259
6530,5/14/2017 23:45,43.214
6531,5/14/2017 23:46,43.214
6532,5/14/2017 23:47,43.167
6533,5/14/2017 23:48,43.122
6534,5/14/2017 23:49,43.122
6535,5/14/2017 23:50,43.122
6536,5/14/2017 23:51,43.122
6537,5/14/2017 23:52,43.122
6538,5/14/2017 23:53,43.075
6539,5/14/2017 23:54,43.075
6540,5/14/2017 23:55,43.03
6541,5/14/2017 23:56,43.03
6542,5/14/2017 23:57,43.03
6543,5/14/2017 23:58,42.984
6544,5/14/2017 23:59,42.984
6545,5/15/2017 0:00,42.939
6546,5/15/2017 0:01,43.03
6547,5/15/2017 0:02,43.075
6548,5/15/2017 0:03,43.167
6549,5/15/2017 0:04,43.122
6550,5/15/2017 0:05,43.03
6551,5/15/2017 0:06,43.075
6552,5/15/2017 0:07,43.075
6553,5/15/2017 0:08,43.075
6554,5/15/2017 0:09,43.122
6555,5/15/2017 0:10,43.167
6556,5/15/2017 0:11,43.075
6557,5/15/2017 0:12,42.984
6558,5/15/2017 0:13,42.939
6559,5/15/2017 0:14,42.847
6560,5/15/2017 0:15,42.755
6561,5/15/2017 0:16,42.708
6562,5/15/2017 0:17,42.57
6563,5/15/2017 0:18,42.478
6564,5/15/2017 0:19,42.433
6565,5/15/2017 0:20,42.433
6566,5/15/2017 0:21,42.386
6567,5/15/2017 0:22,42.341
6568,5/15/2017 0:23,42.386
6569,5/15/2017 0:24,42.433
6570,5/15/2017 0:25,42.386
6571,5/15/2017 0:26,42.341
6572,5/15/2017 0:27,42.386
6573,5/15/2017 0:28,42.341
6574,5/15/2017 0:29,42.341
6575,5/15/2017 0:30,42.247
6576,5/15/2017 0:31,42.156
6577,5/15/2017 0:32,42.064
6578,5/15/2017 0:33,41.97
6579,5/15/2017 0:34,41.925
6580,5/15/2017 0:35,41.925
6581,5/15/2017 0:36,41.925
6582,5/15/2017 0:37,41.878
6583,5/15/2017 0:38,41.878
6584,5/15/2017 0:39,41.832
6585,5/15/2017 0:40,41.878
6586,5/15/2017 0:41,41.832
6587,5/15/2017 0:42,41.693
6588,5/15/2017 0:43,41.693
6589,5/15/2017 0:44,41.648
6590,5/15/2017 0:45,41.648
6591,5/15/2017 0:46,41.648
6592,5/15/2017 0:47,41.648
6593,5/15/2017 0:48,41.648
6594,5/15/2017 0:49,41.693
6595,5/15/2017 0:50,41.693
6596,5/15/2017 0:51,41.554
6597,5/15/2017 0:52,41.508
6598,5/15/2017 0:53,41.508
6599,5/15/2017 0:54,41.508
6600,5/15/2017 0:55,41.554
6601,5/15/2017 0:56,41.508
6602,5/15/2017 0:57,41.508
6603,5/15/2017 0:58,41.463
6604,5/15/2017 0:59,41.463
6605,5/15/2017 1:00,41.601
6606,5/15/2017 1:01,41.693
6607,5/15/2017 1:02,41.878
6608,5/15/2017 1:03,41.878
6609,5/15/2017 1:04,42.017
6610,5/15/2017 1:05,41.97
6611,5/15/2017 1:06,41.832
6612,5/15/2017 1:07,41.74
6613,5/15/2017 1:08,41.693
6614,5/15/2017 1:09,41.554
6615,5/15/2017 1:10,41.463
6616,5/15/2017 1:11,41.416
6617,5/15/2017 1:12,41.416
6618,5/15/2017 1:13,41.416
6619,5/15/2017 1:14,41.369
6620,5/15/2017 1:15,41.322
6621,5/15/2017 1:16,41.322
6622,5/15/2017 1:17,41.277
6623,5/15/2017 1:18,41.23
6624,5/15/2017 1:19,41.184
6625,5/15/2017 1:20,41.137
6626,5/15/2017 1:21,41.09
6627,5/15/2017 1:22,41.09
6628,5/15/2017 1:23,41.137
6629,5/15/2017 1:24,41.137
6630,5/15/2017 1:25,41.137
6631,5/15/2017 1:26,41.23
6632,5/15/2017 1:27,41.369
6633,5/15/2017 1:28,41.416
6634,5/15/2017 1:29,41.322
6635,5/15/2017 1:30,41.277
6636,5/15/2017 1:31,41.23
6637,5/15/2017 1:32,41.184
6638,5/15/2017 1:33,41.184
6639,5/15/2017 1:34,41.137
6640,5/15/2017 1:35,41.184
6641,5/15/2017 1:36,41.184
6642,5/15/2017 1:37,41.277
6643,5/15/2017 1:38,41.322
6644,5/15/2017 1:39,41.369
6645,5/15/2017 1:40,41.463
6646,5/15/2017 1:41,41.554
6647,5/15/2017 1:42,41.648
6648,5/15/2017 1:43,41.648
6649,5/15/2017 1:44,41.648
6650,5/15/2017 1:45,41.74
6651,5/15/2017 1:46,41.693
6652,5/15/2017 1:47,41.693
6653,5/15/2017 1:48,41.74
6654,5/15/2017 1:49,41.74
6655,5/15/2017 1:50,41.74
6656,5/15/2017 1:51,41.74
6657,5/15/2017 1:52,41.74
6658,5/15/2017 1:53,41.693
6659,5/15/2017 1:54,41.787
6660,5/15/2017 1:55,41.74
6661,5/15/2017 1:56,41.74
6662,5/15/2017 1:57,41.648
6663,5/15/2017 1:58,41.601
6664,5/15/2017 1:59,41.601
6665,5/15/2017 2:00,41.648
6666,5/15/2017 2:01,41.693
6667,5/15/2017 2:02,41.693
6668,5/15/2017 2:03,41.787
6669,5/15/2017 2:04,41.74
6670,5/15/2017 2:05,41.787
6671,5/15/2017 2:06,41.74
6672,5/15/2017 2:07,41.74
6673,5/15/2017 2:08,41.693
6674,5/15/2017 2:09,41.648
6675,5/15/2017 2:10,41.648
6676,5/15/2017 2:11,41.648
6677,5/15/2017 2:12,41.601
6678,5/15/2017 2:13,41.463
6679,5/15/2017 2:14,41.369
6680,5/15/2017 2:15,41.322
6681,5/15/2017 2:16,41.277
6682,5/15/2017 2:17,41.23
6683,5/15/2017 2:18,41.137
6684,5/15/2017 2:19,41.184
6685,5/15/2017 2:20,41.23
6686,5/15/2017 2:21,41.277
6687,5/15/2017 2:22,41.277
6688,5/15/2017 2:23,41.322
6689,5/15/2017 2:24,41.322
6690,5/15/2017 2:25,41.322
6691,5/15/2017 2:26,41.416
6692,5/15/2017 2:27,41.416
6693,5/15/2017 2:28,41.416
6694,5/15/2017 2:29,41.369
6695,5/15/2017 2:30,41.416
6696,5/15/2017 2:31,41.463
6697,5/15/2017 2:32,41.554
6698,5/15/2017 2:33,41.554
6699,5/15/2017 2:34,41.554
6700,5/15/2017 2:35,41.554
6701,5/15/2017 2:36,41.508
6702,5/15/2017 2:37,41.508
6703,5/15/2017 2:38,41.508
6704,5/15/2017 2:39,41.463
6705,5/15/2017 2:40,41.508
6706,5/15/2017 2:41,41.463
6707,5/15/2017 2:42,41.463
6708,5/15/2017 2:43,41.416
6709,5/15/2017 2:44,41.554
6710,5/15/2017 2:45,41.416
6711,5/15/2017 2:46,41.322
6712,5/15/2017 2:47,41.322
6713,5/15/2017 2:48,41.23
6714,5/15/2017 2:49,41.184
6715,5/15/2017 2:50,41.23
6716,5/15/2017 2:51,41.137
6717,5/15/2017 2:52,41.137
6718,5/15/2017 2:53,41.043
6719,5/15/2017 2:54,40.998
6720,5/15/2017 2:55,40.998
6721,5/15/2017 2:56,40.951
6722,5/15/2017 2:57,40.951
6723,5/15/2017 2:58,40.951
6724,5/15/2017 2:59,40.905
6725,5/15/2017 3:00,40.905
6726,5/15/2017 3:01,40.905
6727,5/15/2017 3:02,40.858
6728,5/15/2017 3:03,40.858
6729,5/15/2017 3:04,40.998
6730,5/15/2017 3:05,40.951
6731,5/15/2017 3:06,40.951
6732,5/15/2017 3:07,40.951
6733,5/15/2017 3:08,40.998
6734,5/15/2017 3:09,40.951
6735,5/15/2017 3:10,40.905
6736,5/15/2017 3:11,40.811
6737,5/15/2017 3:12,40.764
6738,5/15/2017 3:13,40.672
6739,5/15/2017 3:14,40.579
6740,5/15/2017 3:15,40.485
6741,5/15/2017 3:16,40.532
6742,5/15/2017 3:17,40.532
6743,5/15/2017 3:18,40.438
6744,5/15/2017 3:19,40.392
6745,5/15/2017 3:20,40.392
6746,5/15/2017 3:21,40.392
6747,5/15/2017 3:22,40.438
6748,5/15/2017 3:23,40.438
6749,5/15/2017 3:24,40.485
6750,5/15/2017 3:25,40.485
6751,5/15/2017 3:26,40.438
6752,5/15/2017 3:27,40.438
6753,5/15/2017 3:28,40.438
6754,5/15/2017 3:29,40.626
6755,5/15/2017 3:30,40.485
6756,5/15/2017 3:31,40.485
6757,5/15/2017 3:32,40.438
6758,5/15/2017 3:33,40.392
6759,5/15/2017 3:34,40.392
6760,5/15/2017 3:35,40.438
6761,5/15/2017 3:36,40.485
6762,5/15/2017 3:37,40.392
6763,5/15/2017 3:38,40.392
6764,5/15/2017 3:39,40.298
6765,5/15/2017 3:40,40.298
6766,5/15/2017 3:41,40.298
6767,5/15/2017 3:42,40.298
6768,5/15/2017 3:43,40.158
6769,5/15/2017 3:44,40.017
6770,5/15/2017 3:45,39.924
6771,5/15/2017 3:46,39.877
6772,5/15/2017 3:47,39.877
6773,5/15/2017 3:48,39.783
6774,5/15/2017 3:49,39.783
6775,5/15/2017 3:50,39.736
6776,5/15/2017 3:51,39.736
6777,5/15/2017 3:52,39.69
6778,5/15/2017 3:53,39.643
6779,5/15/2017 3:54,39.549
6780,5/15/2017 3:55,39.549
6781,5/15/2017 3:56,39.549
6782,5/15/2017 3:57,39.454
6783,5/15/2017 3:58,39.407
6784,5/15/2017 3:59,39.36
6785,5/15/2017 4:00,39.313
6786,5/15/2017 4:01,39.267
6787,5/15/2017 4:02,39.267
6788,5/15/2017 4:03,39.313
6789,5/15/2017 4:04,39.313
6790,5/15/2017 4:05,39.313
6791,5/15/2017 4:06,39.267
6792,5/15/2017 4:07,39.267
6793,5/15/2017 4:08,39.22
6794,5/15/2017 4:09,39.267
6795,5/15/2017 4:10,39.267
6796,5/15/2017 4:11,39.313
6797,5/15/2017 4:12,39.313
6798,5/15/2017 4:13,39.313
6799,5/15/2017 4:14,39.313
6800,5/15/2017 4:15,39.267
6801,5/15/2017 4:16,39.267
6802,5/15/2017 4:17,39.22
6803,5/15/2017 4:18,39.173
6804,5/15/2017 4:19,39.173
6805,5/15/2017 4:20,39.124
6806,5/15/2017 4:21,39.078
6807,5/15/2017 4:22,39.078
6808,5/15/2017 4:23,38.984
6809,5/15/2017 4:24,38.937
6810,5/15/2017 4:25,38.937
6811,5/15/2017 4:26,38.937
6812,5/15/2017 4:27,38.937
6813,5/15/2017 4:28,38.984
6814,5/15/2017 4:29,38.937
6815,5/15/2017 4:30,38.937
6816,5/15/2017 4:31,38.937
6817,5/15/2017 4:32,38.889
6818,5/15/2017 4:33,38.842
6819,5/15/2017 4:34,38.795
6820,5/15/2017 4:35,38.795
6821,5/15/2017 4:36,38.795
6822,5/15/2017 4:37,38.795
6823,5/15/2017 4:38,38.795
6824,5/15/2017 4:39,38.795
6825,5/15/2017 4:40,38.748
6826,5/15/2017 4:41,38.748
6827,5/15/2017 4:42,38.748
6828,5/15/2017 4:43,38.748
6829,5/15/2017 4:44,38.7
6830,5/15/2017 4:45,38.653
6831,5/15/2017 4:46,38.653
6832,5/15/2017 4:47,38.653
6833,5/15/2017 4:48,38.606
6834,5/15/2017 4:49,38.606
6835,5/15/2017 4:50,38.557
6836,5/15/2017 4:51,38.511
6837,5/15/2017 4:52,38.511
6838,5/15/2017 4:53,38.511
6839,5/15/2017 4:54,38.511
6840,5/15/2017 4:55,38.557
6841,5/15/2017 4:56,38.511
6842,5/15/2017 4:57,38.557
6843,5/15/2017 4:58,38.557
6844,5/15/2017 4:59,38.557
6845,5/15/2017 5:00,38.511
6846,5/15/2017 5:01,38.464
6847,5/15/2017 5:02,38.464
6848,5/15/2017 5:03,38.464
6849,5/15/2017 5:04,38.464
6850,5/15/2017 5:05,38.464
6851,5/15/2017 5:06,38.464
6852,5/15/2017 5:07,38.464
6853,5/15/2017 5:08,38.511
6854,5/15/2017 5:09,38.557
6855,5/15/2017 5:10,38.557
6856,5/15/2017 5:11,38.511
6857,5/15/2017 5:12,38.511
6858,5/15/2017 5:13,38.557
6859,5/15/2017 5:14,38.557
6860,5/15/2017 5:15,38.606
6861,5/15/2017 5:16,38.653
6862,5/15/2017 5:17,38.7
6863,5/15/2017 5:18,38.7
6864,5/15/2017 5:19,38.748
6865,5/15/2017 5:20,38.795
6866,5/15/2017 5:21,38.795
6867,5/15/2017 5:22,38.795
6868,5/15/2017 5:23,38.7
6869,5/15/2017 5:24,38.748
6870,5/15/2017 5:25,38.748
6871,5/15/2017 5:26,38.748
6872,5/15/2017 5:27,38.795
6873,5/15/2017 5:28,38.795
6874,5/15/2017 5:29,38.842
6875,5/15/2017 5:30,38.842
6876,5/15/2017 5:31,38.842
6877,5/15/2017 5:32,38.842
6878,5/15/2017 5:33,38.889
6879,5/15/2017 5:34,38.889
6880,5/15/2017 5:35,38.889
6881,5/15/2017 5:36,38.842
6882,5/15/2017 5:37,38.795
6883,5/15/2017 5:38,38.748
6884,5/15/2017 5:39,38.748
6885,5/15/2017 5:40,38.748
6886,5/15/2017 5:41,38.7
6887,5/15/2017 5:42,38.7
6888,5/15/2017 5:43,38.653
6889,5/15/2017 5:44,38.606
6890,5/15/2017 5:45,38.606
6891,5/15/2017 5:46,38.606
6892,5/15/2017 5:47,38.653
6893,5/15/2017 5:48,38.606
6894,5/15/2017 5:49,38.606
6895,5/15/2017 5:50,38.606
6896,5/15/2017 5:51,38.606
6897,5/15/2017 5:52,38.606
6898,5/15/2017 5:53,38.606
6899,5/15/2017 5:54,38.606
6900,5/15/2017 5:55,38.606
6901,5/15/2017 5:56,38.557
6902,5/15/2017 5:57,38.511
6903,5/15/2017 5:58,38.557
6904,5/15/2017 5:59,38.557
6905,5/15/2017 6:00,38.557
6906,5/15/2017 6:01,38.606
6907,5/15/2017 6:02,38.653
6908,5/15/2017 6:03,38.653
6909,5/15/2017 6:04,38.748
6910,5/15/2017 6:05,38.748
6911,5/15/2017 6:06,38.795
6912,5/15/2017 6:07,38.842
6913,5/15/2017 6:08,38.889
6914,5/15/2017 6:09,38.889
6915,5/15/2017 6:10,38.842
6916,5/15/2017 6:11,38.889
6917,5/15/2017 6:12,38.889
6918,5/15/2017 6:13,38.937
6919,5/15/2017 6:14,38.937
6920,5/15/2017 6:15,38.937
6921,5/15/2017 6:16,38.937
6922,5/15/2017 6:17,38.984
6923,5/15/2017 6:18,38.984
6924,5/15/2017 6:19,39.031
6925,5/15/2017 6:20,39.078
6926,5/15/2017 6:21,39.078
6927,5/15/2017 6:22,39.078
6928,5/15/2017 6:23,39.078
6929,5/15/2017 6:24,39.078
6930,5/15/2017 6:25,39.078
6931,5/15/2017 6:26,39.124
6932,5/15/2017 6:27,39.173
6933,5/15/2017 6:28,39.22
6934,5/15/2017 6:29,39.267
6935,5/15/2017 6:30,39.267
6936,5/15/2017 6:31,39.22
6937,5/15/2017 6:32,39.22
6938,5/15/2017 6:33,39.267
6939,5/15/2017 6:34,39.267
6940,5/15/2017 6:35,39.267
6941,5/15/2017 6:36,39.267
6942,5/15/2017 6:37,39.313
6943,5/15/2017 6:38,39.36
6944,5/15/2017 6:39,39.407
6945,5/15/2017 6:40,39.454
6946,5/15/2017 6:41,39.454
6947,5/15/2017 6:42,39.502
6948,5/15/2017 6:43,39.549
6949,5/15/2017 6:44,39.549
6950,5/15/2017 6:45,39.596
6951,5/15/2017 6:46,39.643
6952,5/15/2017 6:47,39.69
6953,5/15/2017 6:48,39.736
6954,5/15/2017 6:49,39.736
6955,5/15/2017 6:50,39.736
6956,5/15/2017 6:51,39.783
6957,5/15/2017 6:52,39.736
6958,5/15/2017 6:53,39.783
6959,5/15/2017 6:54,39.97
6960,5/15/2017 6:55,39.97
6961,5/15/2017 6:56,39.877
6962,5/15/2017 6:57,39.924
6963,5/15/2017 6:58,39.924
6964,5/15/2017 6:59,39.924
6965,5/15/2017 7:00,40.111
6966,5/15/2017 7:01,40.204
6967,5/15/2017 7:02,40.251
6968,5/15/2017 7:03,40.251
6969,5/15/2017 7:04,40.392
6970,5/15/2017 7:05,40.764
6971,5/15/2017 7:06,41.09
6972,5/15/2017 7:07,41.322
6973,5/15/2017 7:08,41.554
6974,5/15/2017 7:09,41.787
6975,5/15/2017 7:10,42.156
6976,5/15/2017 7:11,43.488
6977,5/15/2017 7:12,43.214
6978,5/15/2017 7:13,42.984
6979,5/15/2017 7:14,42.8
6980,5/15/2017 7:15,42.616
6981,5/15/2017 7:16,42.525
6982,5/15/2017 7:17,42.478
6983,5/15/2017 7:18,42.386
6984,5/15/2017 7:19,42.341
6985,5/15/2017 7:20,42.341
6986,5/15/2017 7:21,42.341
6987,5/15/2017 7:22,42.386
6988,5/15/2017 7:23,42.525
6989,5/15/2017 7:24,42.616
6990,5/15/2017 7:25,42.755
6991,5/15/2017 7:26,42.8
6992,5/15/2017 7:27,42.939
6993,5/15/2017 7:28,42.984
6994,5/15/2017 7:29,42.984
6995,5/15/2017 7:30,42.984
6996,5/15/2017 7:31,42.939
6997,5/15/2017 7:32,42.939
6998,5/15/2017 7:33,42.984
6999,5/15/2017 7:34,43.075
7000,5/15/2017 7:35,43.167
7001,5/15/2017 7:36,43.214
7002,5/15/2017 7:37,43.351
7003,5/15/2017 7:38,43.488
7004,5/15/2017 7:39,43.624
7005,5/15/2017 7:40,43.716
7006,5/15/2017 7:41,43.808
7007,5/15/2017 7:42,43.945
7008,5/15/2017 7:43,43.99
7009,5/15/2017 7:44,44.082
7010,5/15/2017 7:45,44.173
7011,5/15/2017 7:46,44.263
7012,5/15/2017 7:47,44.4
7013,5/15/2017 7:48,44.492
7014,5/15/2017 7:49,44.537
7015,5/15/2017 7:50,44.627
7016,5/15/2017 7:51,44.719
7017,5/15/2017 7:52,44.764
7018,5/15/2017 7:53,44.809
7019,5/15/2017 7:54,44.856
7020,5/15/2017 7:55,44.856
7021,5/15/2017 7:56,44.856
7022,5/15/2017 7:57,44.901
7023,5/15/2017 7:58,44.901
7024,5/15/2017 7:59,44.946
7025,5/15/2017 8:00,44.991
7026,5/15/2017 8:01,44.991
7027,5/15/2017 8:02,45.036
7028,5/15/2017 8:03,45.036
7029,5/15/2017 8:04,45.036
7030,5/15/2017 8:05,45.127
7031,5/15/2017 8:06,45.172
7032,5/15/2017 8:07,45.217
7033,5/15/2017 8:08,45.262
7034,5/15/2017 8:09,45.354
7035,5/15/2017 8:10,45.399
7036,5/15/2017 8:11,45.444
7037,5/15/2017 8:12,45.444
7038,5/15/2017 8:13,45.489
7039,5/15/2017 8:14,45.489
7040,5/15/2017 8:15,45.489
7041,5/15/2017 8:16,45.534
7042,5/15/2017 8:17,45.534
7043,5/15/2017 8:18,45.579
7044,5/15/2017 8:19,45.624
7045,5/15/2017 8:20,45.714
7046,5/15/2017 8:21,45.806
7047,5/15/2017 8:22,45.851
7048,5/15/2017 8:23,45.896
7049,5/15/2017 8:24,45.896
7050,5/15/2017 8:25,45.896
7051,5/15/2017 8:26,45.851
7052,5/15/2017 8:27,45.806
7053,5/15/2017 8:28,45.851
7054,5/15/2017 8:29,45.806
7055,5/15/2017 8:30,45.806
7056,5/15/2017 8:31,45.851
7057,5/15/2017 8:32,45.851
7058,5/15/2017 8:33,45.896
7059,5/15/2017 8:34,45.851
7060,5/15/2017 8:35,45.851
7061,5/15/2017 8:36,45.806
7062,5/15/2017 8:37,45.806
7063,5/15/2017 8:38,45.806
7064,5/15/2017 8:39,45.761
7065,5/15/2017 8:40,45.714
7066,5/15/2017 8:41,45.714
7067,5/15/2017 8:42,45.714
7068,5/15/2017 8:43,45.714
7069,5/15/2017 8:44,45.714
7070,5/15/2017 8:45,45.761
7071,5/15/2017 8:46,45.761
7072,5/15/2017 8:47,45.714
7073,5/15/2017 8:48,45.669
7074,5/15/2017 8:49,45.669
7075,5/15/2017 8:50,45.624
7076,5/15/2017 8:51,45.579
7077,5/15/2017 8:52,45.534
7078,5/15/2017 8:53,45.489
7079,5/15/2017 8:54,45.489
7080,5/15/2017 8:55,45.489
7081,5/15/2017 8:56,45.444
7082,5/15/2017 8:57,45.444
7083,5/15/2017 8:58,45.399
7084,5/15/2017 8:59,45.354
7085,5/15/2017 9:00,45.354
7086,5/15/2017 9:01,45.354
7087,5/15/2017 9:02,45.354
7088,5/15/2017 9:03,45.354
7089,5/15/2017 9:04,45.399
7090,5/15/2017 9:05,45.399
7091,5/15/2017 9:06,45.399
7092,5/15/2017 9:07,45.399
7093,5/15/2017 9:08,45.399
7094,5/15/2017 9:09,45.399
7095,5/15/2017 9:10,45.354
7096,5/15/2017 9:11,45.354
7097,5/15/2017 9:12,45.399
7098,5/15/2017 9:13,45.354
7099,5/15/2017 9:14,45.307
7100,5/15/2017 9:15,45.262
7101,5/15/2017 9:16,45.262
7102,5/15/2017 9:17,45.262
7103,5/15/2017 9:18,45.307
7104,5/15/2017 9:19,45.307
7105,5/15/2017 9:20,45.262
7106,5/15/2017 9:21,45.217
7107,5/15/2017 9:22,45.217
7108,5/15/2017 9:23,45.172
7109,5/15/2017 9:24,45.172
7110,5/15/2017 9:25,45.172
7111,5/15/2017 9:26,45.172
7112,5/15/2017 9:27,45.217
7113,5/15/2017 9:28,45.217
7114,5/15/2017 9:29,45.217
7115,5/15/2017 9:30,45.217
7116,5/15/2017 9:31,45.262
7117,5/15/2017 9:32,45.262
7118,5/15/2017 9:33,45.307
7119,5/15/2017 9:34,45.307
7120,5/15/2017 9:35,45.354
7121,5/15/2017 9:36,45.354
7122,5/15/2017 9:37,45.354
7123,5/15/2017 9:38,45.399
7124,5/15/2017 9:39,45.444
7125,5/15/2017 9:40,45.489
7126,5/15/2017 9:41,45.489
7127,5/15/2017 9:42,45.534
7128,5/15/2017 9:43,45.624
7129,5/15/2017 9:44,45.624
7130,5/15/2017 9:45,45.669
7131,5/15/2017 9:46,45.669
7132,5/15/2017 9:47,45.761
7133,5/15/2017 9:48,45.761
7134,5/15/2017 9:49,45.851
7135,5/15/2017 9:50,45.851
7136,5/15/2017 9:51,45.896
7137,5/15/2017 9:52,45.896
7138,5/15/2017 9:53,45.941
7139,5/15/2017 9:54,45.986
7140,5/15/2017 9:55,45.986
7141,5/15/2017 9:56,46.031
7142,5/15/2017 9:57,46.076
7143,5/15/2017 9:58,46.031
7144,5/15/2017 9:59,46.076
7145,5/15/2017 10:00,46.076
7146,5/15/2017 10:01,46.076
7147,5/15/2017 10:02,46.121
7148,5/15/2017 10:03,46.166
7149,5/15/2017 10:04,46.211
7150,5/15/2017 10:05,46.301
7151,5/15/2017 10:06,46.346
7152,5/15/2017 10:07,46.436
7153,5/15/2017 10:08,46.481
7154,5/15/2017 10:09,46.526
7155,5/15/2017 10:10,46.616
7156,5/15/2017 10:11,46.661
7157,5/15/2017 10:12,46.796
7158,5/15/2017 10:13,46.886
7159,5/15/2017 10:14,46.931
7160,5/15/2017 10:15,47.109
7161,5/15/2017 10:16,47.199
7162,5/15/2017 10:17,47.334
7163,5/15/2017 10:18,47.422
7164,5/15/2017 10:19,47.467
7165,5/15/2017 10:20,47.512
7166,5/15/2017 10:21,47.512
7167,5/15/2017 10:22,47.602
7168,5/15/2017 10:23,47.691
7169,5/15/2017 10:24,47.781
7170,5/15/2017 10:25,47.871
7171,5/15/2017 10:26,47.959
7172,5/15/2017 10:27,47.959
7173,5/15/2017 10:28,47.871
7174,5/15/2017 10:29,47.826
7175,5/15/2017 10:30,47.781
7176,5/15/2017 10:31,47.781
7177,5/15/2017 10:32,47.781
7178,5/15/2017 10:33,47.781
7179,5/15/2017 10:34,47.871
7180,5/15/2017 10:35,48.004
7181,5/15/2017 10:36,48.094
7182,5/15/2017 10:37,48.137
7183,5/15/2017 10:38,48.049
7184,5/15/2017 10:39,47.959
7185,5/15/2017 10:40,48.004
7186,5/15/2017 10:41,48.094
7187,5/15/2017 10:42,48.182
7188,5/15/2017 10:43,48.227
7189,5/15/2017 10:44,48.227
7190,5/15/2017 10:45,48.315
7191,5/15/2017 10:46,48.272
7192,5/15/2017 10:47,48.272
7193,5/15/2017 10:48,48.272
7194,5/15/2017 10:49,48.272
7195,5/15/2017 10:50,48.182
7196,5/15/2017 10:51,48.182
7197,5/15/2017 10:52,48.137
7198,5/15/2017 10:53,48.137
7199,5/15/2017 10:54,48.227
7200,5/15/2017 10:55,48.272
7201,5/15/2017 10:56,48.272
7202,5/15/2017 10:57,48.36
7203,5/15/2017 10:58,48.45
7204,5/15/2017 10:59,48.405
7205,5/15/2017 11:00,48.405
7206,5/15/2017 11:01,48.45
7207,5/15/2017 11:02,48.493
7208,5/15/2017 11:03,48.538
7209,5/15/2017 11:04,48.583
7210,5/15/2017 11:05,48.672
7211,5/15/2017 11:06,48.672
7212,5/15/2017 11:07,48.628
7213,5/15/2017 11:08,48.628
7214,5/15/2017 11:09,48.672
7215,5/15/2017 11:10,48.762
7216,5/15/2017 11:11,48.493
7217,5/15/2017 11:12,48.227
7218,5/15/2017 11:13,48.049
7219,5/15/2017 11:14,47.959
7220,5/15/2017 11:15,48.094
7221,5/15/2017 11:16,48.315
7222,5/15/2017 11:17,48.493
7223,5/15/2017 11:18,48.583
7224,5/15/2017 11:19,48.538
7225,5/15/2017 11:20,48.36
7226,5/15/2017 11:21,48.227
7227,5/15/2017 11:22,48.094
7228,5/15/2017 11:23,48.137
7229,5/15/2017 11:24,48.227
7230,5/15/2017 11:25,48.315
7231,5/15/2017 11:26,48.493
7232,5/15/2017 11:27,46.931
7233,5/15/2017 11:28,46.346
7234,5/15/2017 11:29,46.076
7235,5/15/2017 11:30,46.031
7236,5/15/2017 11:31,46.121
7237,5/15/2017 11:32,46.841
7238,5/15/2017 11:33,47.154
7239,5/15/2017 11:34,47.334
7240,5/15/2017 11:35,47.512
7241,5/15/2017 11:36,47.512
7242,5/15/2017 11:37,47.422
7243,5/15/2017 11:38,47.422
7244,5/15/2017 11:39,47.647
7245,5/15/2017 11:40,46.841
7246,5/15/2017 11:41,46.346
7247,5/15/2017 11:42,45.941
7248,5/15/2017 11:43,45.127
7249,5/15/2017 11:44,44.764
7250,5/15/2017 11:45,44.537
7251,5/15/2017 11:46,43.9
7252,5/15/2017 11:47,43.167
7253,5/15/2017 11:48,42.847
7254,5/15/2017 11:49,42.708
7255,5/15/2017 11:50,42.616
7256,5/15/2017 11:51,42.57
7257,5/15/2017 11:52,42.57
7258,5/15/2017 11:53,42.525
7259,5/15/2017 11:54,42.525
7260,5/15/2017 11:55,42.525
7261,5/15/2017 11:56,42.525
7262,5/15/2017 11:57,42.525
7263,5/15/2017 11:58,42.525
7264,5/15/2017 11:59,42.525
7265,5/15/2017 12:00,42.525
7266,5/15/2017 12:01,42.525
7267,5/15/2017 12:02,42.525
7268,5/15/2017 12:03,42.525
7269,5/15/2017 12:04,42.525
7270,5/15/2017 12:05,42.525
7271,5/15/2017 12:06,42.525
7272,5/15/2017 12:07,42.525
7273,5/15/2017 12:08,42.525
7274,5/15/2017 12:09,42.525
7275,5/15/2017 12:10,42.525
7276,5/15/2017 12:11,42.525
7277,5/15/2017 12:12,42.525
7278,5/15/2017 12:13,42.525
7279,5/15/2017 12:14,42.525
7280,5/15/2017 12:15,42.525
7281,5/15/2017 12:16,42.525
7282,5/15/2017 12:17,42.525
7283,5/15/2017 12:18,42.525
7284,5/15/2017 12:19,42.525
7285,5/15/2017 12:20,42.525
7286,5/15/2017 12:21,42.525
7287,5/15/2017 12:22,43.075
7288,5/15/2017 12:23,43.763
7289,5/15/2017 12:24,44.445
7290,5/15/2017 12:25,45.082
7291,5/15/2017 12:26,45.579
7292,5/15/2017 12:27,45.941
7293,5/15/2017 12:28,46.391
7294,5/15/2017 12:29,46.661
7295,5/15/2017 12:30,46.661
7296,5/15/2017 12:31,46.751
7297,5/15/2017 12:32,46.751
7298,5/15/2017 12:33,46.706
7299,5/15/2017 12:34,46.616
7300,5/15/2017 12:35,46.571
7301,5/15/2017 12:36,46.526
7302,5/15/2017 12:37,46.436
7303,5/15/2017 12:38,46.436
7304,5/15/2017 12:39,46.391
7305,5/15/2017 12:40,46.391
7306,5/15/2017 12:41,46.436
7307,5/15/2017 12:42,46.436
7308,5/15/2017 12:43,46.436
7309,5/15/2017 12:44,46.436
7310,5/15/2017 12:45,46.436
7311,5/15/2017 12:46,46.346
7312,5/15/2017 12:47,46.211
7313,5/15/2017 12:48,46.166
7314,5/15/2017 12:49,46.211
7315,5/15/2017 12:50,46.166
7316,5/15/2017 12:51,46.166
7317,5/15/2017 12:52,46.076
7318,5/15/2017 12:53,46.121
7319,5/15/2017 12:54,46.121
7320,5/15/2017 12:55,46.166
7321,5/15/2017 12:56,46.121
7322,5/15/2017 12:57,46.121
7323,5/15/2017 12:58,46.121
7324,5/15/2017 12:59,46.121
7325,5/15/2017 13:00,46.076
7326,5/15/2017 13:01,46.031
7327,5/15/2017 13:02,45.986
7328,5/15/2017 13:03,45.986
7329,5/15/2017 13:04,46.031
7330,5/15/2017 13:05,46.076
7331,5/15/2017 13:06,46.076
7332,5/15/2017 13:07,46.166
7333,5/15/2017 13:08,46.256
7334,5/15/2017 13:09,46.256
7335,5/15/2017 13:10,46.301
7336,5/15/2017 13:11,46.346
7337,5/15/2017 13:12,46.391
7338,5/15/2017 13:13,46.436
7339,5/15/2017 13:14,46.436
7340,5/15/2017 13:15,46.481
7341,5/15/2017 13:16,46.481
7342,5/15/2017 13:17,46.481
7343,5/15/2017 13:18,46.526
7344,5/15/2017 13:19,46.481
7345,5/15/2017 13:20,46.526
7346,5/15/2017 13:21,46.526
7347,5/15/2017 13:22,46.571
7348,5/15/2017 13:23,46.661
7349,5/15/2017 13:24,46.616
7350,5/15/2017 13:25,46.616
7351,5/15/2017 13:26,46.616
7352,5/15/2017 13:27,46.616
7353,5/15/2017 13:28,46.571
7354,5/15/2017 13:29,46.526
7355,5/15/2017 13:30,46.436
7356,5/15/2017 13:31,46.391
7357,5/15/2017 13:32,46.391
7358,5/15/2017 13:33,46.436
7359,5/15/2017 13:34,46.481
7360,5/15/2017 13:35,46.436
7361,5/15/2017 13:36,46.391
7362,5/15/2017 13:37,46.346
7363,5/15/2017 13:38,46.436
7364,5/15/2017 13:39,46.436
7365,5/15/2017 13:40,46.391
7366,5/15/2017 13:41,46.391
7367,5/15/2017 13:42,46.391
7368,5/15/2017 13:43,46.391
7369,5/15/2017 13:44,46.391
7370,5/15/2017 13:45,46.346
7371,5/15/2017 13:46,46.346
7372,5/15/2017 13:47,46.391
7373,5/15/2017 13:48,46.391
7374,5/15/2017 13:49,46.346
7375,5/15/2017 13:50,46.346
7376,5/15/2017 13:51,46.346
7377,5/15/2017 13:52,46.436
7378,5/15/2017 13:53,46.481
7379,5/15/2017 13:54,46.526
7380,5/15/2017 13:55,46.526
7381,5/15/2017 13:56,46.571
7382,5/15/2017 13:57,46.526
7383,5/15/2017 13:58,46.526
7384,5/15/2017 13:59,46.526
7385,5/15/2017 14:00,46.481
7386,5/15/2017 14:01,46.481
7387,5/15/2017 14:02,46.481
7388,5/15/2017 14:03,46.481
7389,5/15/2017 14:04,46.436
7390,5/15/2017 14:05,46.346
7391,5/15/2017 14:06,46.346
7392,5/15/2017 14:07,46.346
7393,5/15/2017 14:08,46.346
7394,5/15/2017 14:09,46.436
7395,5/15/2017 14:10,46.616
7396,5/15/2017 14:11,46.751
7397,5/15/2017 14:12,46.706
7398,5/15/2017 14:13,46.436
7399,5/15/2017 14:14,46.076
7400,5/15/2017 14:15,45.489
7401,5/15/2017 14:16,45.172
7402,5/15/2017 14:17,44.4
7403,5/15/2017 14:18,43.99
7404,5/15/2017 14:19,43.763
7405,5/15/2017 14:20,43.671
7406,5/15/2017 14:21,43.624
7407,5/15/2017 14:22,43.579
7408,5/15/2017 14:23,43.534
7409,5/15/2017 14:24,43.534
7410,5/15/2017 14:25,43.534
7411,5/15/2017 14:26,43.534
7412,5/15/2017 14:27,43.534
7413,5/15/2017 14:28,43.488
7414,5/15/2017 14:29,43.396
7415,5/15/2017 14:30,43.396
7416,5/15/2017 14:31,43.351
7417,5/15/2017 14:32,43.351
7418,5/15/2017 14:33,43.351
7419,5/15/2017 14:34,43.351
7420,5/15/2017 14:35,43.351
7421,5/15/2017 14:36,43.351
7422,5/15/2017 14:37,43.351
7423,5/15/2017 14:38,43.351
7424,5/15/2017 14:39,43.351
7425,5/15/2017 14:40,43.351
7426,5/15/2017 14:41,43.351
7427,5/15/2017 14:42,43.351
7428,5/15/2017 14:43,43.351
7429,5/15/2017 14:44,43.351
7430,5/15/2017 14:45,43.351
7431,5/15/2017 14:46,43.351
7432,5/15/2017 14:47,43.351
7433,5/15/2017 14:48,43.351
7434,5/15/2017 14:49,43.351
7435,5/15/2017 14:50,43.351
7436,5/15/2017 14:51,43.351
7437,5/15/2017 14:52,43.351
7438,5/15/2017 14:53,43.351
7439,5/15/2017 14:54,43.351
7440,5/15/2017 14:55,43.351
7441,5/15/2017 14:56,43.351
7442,5/15/2017 14:57,43.351
7443,5/15/2017 14:58,43.351
7444,5/15/2017 14:59,43.351
7445,5/15/2017 15:00,43.351
7446,5/15/2017 15:01,43.351
7447,5/15/2017 15:02,43.351
7448,5/15/2017 15:03,43.351
7449,5/15/2017 15:04,43.351
7450,5/15/2017 15:05,43.443
7451,5/15/2017 15:06,44.082
7452,5/15/2017 15:07,45.217
7453,5/15/2017 15:08,45.806
7454,5/15/2017 15:09,46.031
7455,5/15/2017 15:10,46.256
7456,5/15/2017 15:11,46.571
7457,5/15/2017 15:12,46.706
7458,5/15/2017 15:13,46.796
7459,5/15/2017 15:14,46.886
7460,5/15/2017 15:15,46.931
7461,5/15/2017 15:16,46.931
7462,5/15/2017 15:17,47.019
7463,5/15/2017 15:18,47.064
7464,5/15/2017 15:19,47.109
7465,5/15/2017 15:20,47.154
7466,5/15/2017 15:21,47.154
7467,5/15/2017 15:22,47.199
7468,5/15/2017 15:23,47.244
7469,5/15/2017 15:24,47.109
7470,5/15/2017 15:25,47.019
7471,5/15/2017 15:26,46.974
7472,5/15/2017 15:27,46.974
7473,5/15/2017 15:28,47.019
7474,5/15/2017 15:29,47.109
7475,5/15/2017 15:30,47.064
7476,5/15/2017 15:31,46.751
7477,5/15/2017 15:32,46.526
7478,5/15/2017 15:33,46.346
7479,5/15/2017 15:34,45.896
7480,5/15/2017 15:35,45.444
7481,5/15/2017 15:36,45.036
7482,5/15/2017 15:37,44.4
7483,5/15/2017 15:38,43.716
7484,5/15/2017 15:39,43.167
7485,5/15/2017 15:40,43.075
7486,5/15/2017 15:41,43.259
7487,5/15/2017 15:42,43.306
7488,5/15/2017 15:43,43.306
7489,5/15/2017 15:44,43.351
7490,5/15/2017 15:45,43.259
7491,5/15/2017 15:46,43.259
7492,5/15/2017 15:47,43.259
7493,5/15/2017 15:48,43.259
7494,5/15/2017 15:49,43.214
7495,5/15/2017 15:50,43.306
7496,5/15/2017 15:51,43.351
7497,5/15/2017 15:52,43.351
7498,5/15/2017 15:53,43.351
7499,5/15/2017 15:54,43.351
7500,5/15/2017 15:55,43.259
7501,5/15/2017 15:56,43.167
7502,5/15/2017 15:57,43.122
7503,5/15/2017 15:58,43.075
7504,5/15/2017 15:59,43.03
7505,5/15/2017 16:00,43.03
7506,5/15/2017 16:01,43.03
7507,5/15/2017 16:02,43.03
7508,5/15/2017 16:03,43.03
7509,5/15/2017 16:04,43.03
7510,5/15/2017 16:05,43.03
7511,5/15/2017 16:06,43.03
7512,5/15/2017 16:07,43.03
7513,5/15/2017 16:08,43.03
7514,5/15/2017 16:09,43.03
7515,5/15/2017 16:10,42.984
7516,5/15/2017 16:11,42.984
7517,5/15/2017 16:12,42.984
7518,5/15/2017 16:13,43.03
7519,5/15/2017 16:14,42.984
7520,5/15/2017 16:15,42.984
7521,5/15/2017 16:16,42.939
7522,5/15/2017 16:17,42.939
7523,5/15/2017 16:18,42.939
7524,5/15/2017 16:19,42.939
7525,5/15/2017 16:20,42.939
7526,5/15/2017 16:21,42.939
7527,5/15/2017 16:22,42.939
7528,5/15/2017 16:23,42.939
7529,5/15/2017 16:24,42.939
7530,5/15/2017 16:25,42.847
7531,5/15/2017 16:26,42.892
7532,5/15/2017 16:27,43.306
7533,5/15/2017 16:28,44.127
7534,5/15/2017 16:29,44.674
7535,5/15/2017 16:30,45.534
7536,5/15/2017 16:31,46.076
7537,5/15/2017 16:32,46.211
7538,5/15/2017 16:33,46.256
7539,5/15/2017 16:34,46.436
7540,5/15/2017 16:35,46.661
7541,5/15/2017 16:36,46.841
7542,5/15/2017 16:37,46.974
7543,5/15/2017 16:38,47.154
7544,5/15/2017 16:39,47.289
7545,5/15/2017 16:40,47.334
7546,5/15/2017 16:41,47.422
7547,5/15/2017 16:42,47.422
7548,5/15/2017 16:43,47.467
7549,5/15/2017 16:44,47.512
7550,5/15/2017 16:45,47.557
7551,5/15/2017 16:46,47.602
7552,5/15/2017 16:47,47.647
7553,5/15/2017 16:48,47.691
7554,5/15/2017 16:49,47.691
7555,5/15/2017 16:50,47.736
7556,5/15/2017 16:51,47.736
7557,5/15/2017 16:52,47.826
7558,5/15/2017 16:53,47.914
7559,5/15/2017 16:54,47.959
7560,5/15/2017 16:55,48.315
7561,5/15/2017 16:56,46.974
7562,5/15/2017 16:57,46.571
7563,5/15/2017 16:58,46.076
7564,5/15/2017 16:59,45.307
7565,5/15/2017 17:00,44.674
7566,5/15/2017 17:01,44.037
7567,5/15/2017 17:02,43.853
7568,5/15/2017 17:03,43.624
7569,5/15/2017 17:04,43.488
7570,5/15/2017 17:05,43.443
7571,5/15/2017 17:06,43.443
7572,5/15/2017 17:07,43.443
7573,5/15/2017 17:08,43.443
7574,5/15/2017 17:09,43.396
7575,5/15/2017 17:10,43.396
7576,5/15/2017 17:11,43.396
7577,5/15/2017 17:12,43.396
7578,5/15/2017 17:13,43.396
7579,5/15/2017 17:14,43.396
7580,5/15/2017 17:15,43.396
7581,5/15/2017 17:16,43.396
7582,5/15/2017 17:17,43.396
7583,5/15/2017 17:18,43.396
7584,5/15/2017 17:19,43.443
7585,5/15/2017 17:20,43.396
7586,5/15/2017 17:21,43.396
7587,5/15/2017 17:22,43.396
7588,5/15/2017 17:23,43.443
7589,5/15/2017 17:24,43.396
7590,5/15/2017 17:25,43.396
7591,5/15/2017 17:26,43.443
7592,5/15/2017 17:27,43.443
7593,5/15/2017 17:28,43.443
7594,5/15/2017 17:29,43.443
7595,5/15/2017 17:30,43.443
7596,5/15/2017 17:31,43.443
7597,5/15/2017 17:32,43.443
7598,5/15/2017 17:33,43.443
7599,5/15/2017 17:34,43.443
7600,5/15/2017 17:35,43.443
7601,5/15/2017 17:36,43.443
7602,5/15/2017 17:37,43.443
7603,5/15/2017 17:38,43.488
7604,5/15/2017 17:39,43.488
7605,5/15/2017 17:40,43.488
7606,5/15/2017 17:41,43.488
7607,5/15/2017 17:42,43.488
7608,5/15/2017 17:43,43.488
7609,5/15/2017 17:44,43.488
7610,5/15/2017 17:45,43.9
7611,5/15/2017 17:46,44.946
7612,5/15/2017 17:47,45.624
7613,5/15/2017 17:48,46.031
7614,5/15/2017 17:49,46.121
7615,5/15/2017 17:50,46.211
7616,5/15/2017 17:51,46.346
7617,5/15/2017 17:52,46.481
7618,5/15/2017 17:53,46.616
7619,5/15/2017 17:54,46.706
7620,5/15/2017 17:55,46.796
7621,5/15/2017 17:56,46.931
7622,5/15/2017 17:57,47.019
7623,5/15/2017 17:58,47.064
7624,5/15/2017 17:59,47.154
7625,5/15/2017 18:00,47.244
7626,5/15/2017 18:01,47.334
7627,5/15/2017 18:02,47.377
7628,5/15/2017 18:03,47.422
7629,5/15/2017 18:04,47.512
7630,5/15/2017 18:05,47.557
7631,5/15/2017 18:06,47.647
7632,5/15/2017 18:07,47.647
7633,5/15/2017 18:08,47.691
7634,5/15/2017 18:09,47.781
7635,5/15/2017 18:10,47.826
7636,5/15/2017 18:11,47.871
7637,5/15/2017 18:12,47.914
7638,5/15/2017 18:13,47.914
7639,5/15/2017 18:14,47.959
7640,5/15/2017 18:15,48.004
7641,5/15/2017 18:16,48.004
7642,5/15/2017 18:17,48.004
7643,5/15/2017 18:18,47.871
7644,5/15/2017 18:19,47.736
7645,5/15/2017 18:20,47.602
7646,5/15/2017 18:21,47.691
7647,5/15/2017 18:22,46.886
7648,5/15/2017 18:23,46.436
7649,5/15/2017 18:24,46.076
7650,5/15/2017 18:25,45.534
7651,5/15/2017 18:26,44.901
7652,5/15/2017 18:27,44.173
7653,5/15/2017 18:28,43.853
7654,5/15/2017 18:29,43.716
7655,5/15/2017 18:30,43.624
7656,5/15/2017 18:31,43.534
7657,5/15/2017 18:32,43.534
7658,5/15/2017 18:33,43.534
7659,5/15/2017 18:34,43.534
7660,5/15/2017 18:35,43.534
7661,5/15/2017 18:36,43.534
7662,5/15/2017 18:37,43.534
7663,5/15/2017 18:38,43.534
7664,5/15/2017 18:39,43.488
7665,5/15/2017 18:40,43.488
7666,5/15/2017 18:41,43.534
7667,5/15/2017 18:42,43.534
7668,5/15/2017 18:43,43.534
7669,5/15/2017 18:44,43.534
7670,5/15/2017 18:45,43.534
7671,5/15/2017 18:46,43.534
7672,5/15/2017 18:47,43.534
7673,5/15/2017 18:48,43.534
7674,5/15/2017 18:49,43.534
7675,5/15/2017 18:50,43.534
7676,5/15/2017 18:51,43.534
7677,5/15/2017 18:52,43.534
7678,5/15/2017 18:53,43.534
7679,5/15/2017 18:54,43.534
7680,5/15/2017 18:55,43.534
7681,5/15/2017 18:56,43.534
7682,5/15/2017 18:57,43.534
7683,5/15/2017 18:58,43.534
7684,5/15/2017 18:59,43.579
7685,5/15/2017 19:00,43.579
7686,5/15/2017 19:01,43.579
7687,5/15/2017 19:02,43.579
7688,5/15/2017 19:03,43.624
7689,5/15/2017 19:04,43.624
7690,5/15/2017 19:05,43.624
7691,5/15/2017 19:06,43.624
7692,5/15/2017 19:07,43.624
7693,5/15/2017 19:08,43.624
7694,5/15/2017 19:09,43.853
7695,5/15/2017 19:10,44.627
7696,5/15/2017 19:11,45.399
7697,5/15/2017 19:12,45.806
7698,5/15/2017 19:13,46.391
7699,5/15/2017 19:14,46.166
7700,5/15/2017 19:15,46.301
7701,5/15/2017 19:16,46.301
7702,5/15/2017 19:17,46.301
7703,5/15/2017 19:18,46.301
7704,5/15/2017 19:19,46.301
7705,5/15/2017 19:20,46.301
7706,5/15/2017 19:21,46.346
7707,5/15/2017 19:22,46.301
7708,5/15/2017 19:23,46.301
7709,5/15/2017 19:24,46.301
7710,5/15/2017 19:25,46.301
7711,5/15/2017 19:26,46.301
7712,5/15/2017 19:27,46.301
7713,5/15/2017 19:28,46.301
7714,5/15/2017 19:29,46.346
7715,5/15/2017 19:30,46.346
7716,5/15/2017 19:31,46.346
7717,5/15/2017 19:32,46.346
7718,5/15/2017 19:33,46.346
7719,5/15/2017 19:34,46.346
7720,5/15/2017 19:35,46.346
7721,5/15/2017 19:36,46.346
7722,5/15/2017 19:37,46.346
7723,5/15/2017 19:38,46.346
7724,5/15/2017 19:39,46.346
7725,5/15/2017 19:40,46.391
7726,5/15/2017 19:41,46.391
7727,5/15/2017 19:42,46.391
7728,5/15/2017 19:43,46.391
7729,5/15/2017 19:44,46.391
7730,5/15/2017 19:45,46.346
7731,5/15/2017 19:46,46.346
7732,5/15/2017 19:47,46.346
7733,5/15/2017 19:48,46.346
7734,5/15/2017 19:49,46.346
7735,5/15/2017 19:50,46.346
7736,5/15/2017 19:51,46.391
7737,5/15/2017 19:52,46.391
7738,5/15/2017 19:53,46.436
7739,5/15/2017 19:54,46.526
7740,5/15/2017 19:55,46.391
7741,5/15/2017 19:56,46.301
7742,5/15/2017 19:57,46.076
7743,5/15/2017 19:58,45.354
7744,5/15/2017 19:59,44.445
7745,5/15/2017 20:00,43.808
7746,5/15/2017 20:01,43.488
7747,5/15/2017 20:02,43.306
7748,5/15/2017 20:03,43.214
7749,5/15/2017 20:04,43.122
7750,5/15/2017 20:05,42.984
7751,5/15/2017 20:06,43.03
7752,5/15/2017 20:07,42.939
7753,5/15/2017 20:08,42.892
7754,5/15/2017 20:09,42.847
7755,5/15/2017 20:10,42.847
7756,5/15/2017 20:11,42.847
7757,5/15/2017 20:12,42.8
7758,5/15/2017 20:13,42.8
7759,5/15/2017 20:14,42.8
7760,5/15/2017 20:15,42.8
7761,5/15/2017 20:16,42.8
7762,5/15/2017 20:17,42.8
7763,5/15/2017 20:18,42.847
7764,5/15/2017 20:19,42.847
7765,5/15/2017 20:20,42.847
7766,5/15/2017 20:21,42.847
7767,5/15/2017 20:22,42.847
7768,5/15/2017 20:23,42.847
7769,5/15/2017 20:24,42.892
7770,5/15/2017 20:25,42.847
7771,5/15/2017 20:26,42.8
7772,5/15/2017 20:27,42.8
7773,5/15/2017 20:28,42.8
7774,5/15/2017 20:29,42.8
7775,5/15/2017 20:30,42.8
7776,5/15/2017 20:31,42.847
7777,5/15/2017 20:32,42.8
7778,5/15/2017 20:33,42.8
7779,5/15/2017 20:34,42.8
7780,5/15/2017 20:35,42.8
7781,5/15/2017 20:36,42.8
7782,5/15/2017 20:37,42.8
7783,5/15/2017 20:38,42.8
7784,5/15/2017 20:39,42.8
7785,5/15/2017 20:40,42.8
7786,5/15/2017 20:41,42.8
7787,5/15/2017 20:42,42.8
7788,5/15/2017 20:43,42.8
7789,5/15/2017 20:44,42.8
7790,5/15/2017 20:45,42.892
7791,5/15/2017 20:46,42.939
7792,5/15/2017 20:47,43.396
7793,5/15/2017 20:48,44.218
7794,5/15/2017 20:49,44.991
7795,5/15/2017 20:50,45.624
7796,5/15/2017 20:51,45.896
7797,5/15/2017 20:52,46.031
7798,5/15/2017 20:53,46.076
7799,5/15/2017 20:54,46.121
7800,5/15/2017 20:55,45.941
7801,5/15/2017 20:56,45.851
7802,5/15/2017 20:57,45.806
7803,5/15/2017 20:58,45.761
7804,5/15/2017 20:59,45.851
7805,5/15/2017 21:00,45.986
7806,5/15/2017 21:01,46.031
7807,5/15/2017 21:02,46.031
7808,5/15/2017 21:03,46.076
7809,5/15/2017 21:04,46.121
7810,5/15/2017 21:05,45.986
7811,5/15/2017 21:06,45.986
7812,5/15/2017 21:07,46.031
7813,5/15/2017 21:08,46.076
7814,5/15/2017 21:09,46.031
7815,5/15/2017 21:10,46.076
7816,5/15/2017 21:11,46.076
7817,5/15/2017 21:12,46.121
7818,5/15/2017 21:13,46.211
7819,5/15/2017 21:14,46.211
7820,5/15/2017 21:15,46.256
7821,5/15/2017 21:16,46.256
7822,5/15/2017 21:17,46.301
7823,5/15/2017 21:18,46.301
7824,5/15/2017 21:19,46.301
7825,5/15/2017 21:20,46.256
7826,5/15/2017 21:21,46.301
7827,5/15/2017 21:22,46.346
7828,5/15/2017 21:23,46.346
7829,5/15/2017 21:24,46.346
7830,5/15/2017 21:25,46.346
7831,5/15/2017 21:26,46.346
7832,5/15/2017 21:27,46.346
7833,5/15/2017 21:28,46.301
7834,5/15/2017 21:29,46.301
7835,5/15/2017 21:30,46.346
7836,5/15/2017 21:31,46.301
7837,5/15/2017 21:32,46.301
7838,5/15/2017 21:33,46.346
7839,5/15/2017 21:34,46.391
7840,5/15/2017 21:35,46.391
7841,5/15/2017 21:36,46.391
7842,5/15/2017 21:37,46.391
7843,5/15/2017 21:38,46.391
7844,5/15/2017 21:39,46.436
7845,5/15/2017 21:40,46.436
7846,5/15/2017 21:41,46.481
7847,5/15/2017 21:42,46.481
7848,5/15/2017 21:43,46.526
7849,5/15/2017 21:44,46.481
7850,5/15/2017 21:45,46.481
7851,5/15/2017 21:46,46.481
7852,5/15/2017 21:47,46.481
7853,5/15/2017 21:48,46.481
7854,5/15/2017 21:49,46.481
7855,5/15/2017 21:50,46.481
7856,5/15/2017 21:51,46.526
7857,5/15/2017 21:52,46.481
7858,5/15/2017 21:53,46.436
7859,5/15/2017 21:54,46.436
7860,5/15/2017 21:55,46.436
7861,5/15/2017 21:56,46.436
7862,5/15/2017 21:57,46.436
7863,5/15/2017 21:58,46.391
7864,5/15/2017 21:59,46.391
7865,5/15/2017 22:00,46.346
7866,5/15/2017 22:01,46.391
7867,5/15/2017 22:02,46.391
7868,5/15/2017 22:03,46.391
7869,5/15/2017 22:04,46.391
7870,5/15/2017 22:05,46.436
7871,5/15/2017 22:06,46.526
7872,5/15/2017 22:07,46.481
7873,5/15/2017 22:08,46.436
7874,5/15/2017 22:09,46.346
7875,5/15/2017 22:10,46.301
7876,5/15/2017 22:11,46.301
7877,5/15/2017 22:12,46.301
7878,5/15/2017 22:13,46.301
7879,5/15/2017 22:14,46.301
7880,5/15/2017 22:15,46.301
7881,5/15/2017 22:16,46.301
7882,5/15/2017 22:17,46.301
7883,5/15/2017 22:18,46.301
7884,5/15/2017 22:19,46.346
7885,5/15/2017 22:20,46.301
7886,5/15/2017 22:21,46.301
7887,5/15/2017 22:22,46.301
7888,5/15/2017 22:23,46.256
7889,5/15/2017 22:24,46.256
7890,5/15/2017 22:25,46.256
7891,5/15/2017 22:26,46.256
7892,5/15/2017 22:27,46.256
7893,5/15/2017 22:28,46.256
7894,5/15/2017 22:29,46.211
7895,5/15/2017 22:30,46.166
7896,5/15/2017 22:31,46.211
7897,5/15/2017 22:32,46.211
7898,5/15/2017 22:33,46.211
7899,5/15/2017 22:34,46.211
7900,5/15/2017 22:35,46.211
7901,5/15/2017 22:36,46.166
7902,5/15/2017 22:37,46.211
7903,5/15/2017 22:38,46.211
7904,5/15/2017 22:39,46.211
7905,5/15/2017 22:40,46.166
7906,5/15/2017 22:41,46.211
7907,5/15/2017 22:42,46.166
7908,5/15/2017 22:43,46.211
7909,5/15/2017 22:44,46.166
7910,5/15/2017 22:45,46.166
7911,5/15/2017 22:46,46.166
7912,5/15/2017 22:47,46.121
7913,5/15/2017 22:48,46.166
7914,5/15/2017 22:49,46.166
7915,5/15/2017 22:50,46.166
7916,5/15/2017 22:51,46.121
7917,5/15/2017 22:52,46.121
7918,5/15/2017 22:53,46.121
7919,5/15/2017 22:54,46.121
7920,5/15/2017 22:55,46.121
7921,5/15/2017 22:56,46.121
7922,5/15/2017 22:57,46.121
7923,5/15/2017 22:58,46.076
7924,5/15/2017 22:59,46.076
7925,5/15/2017 23:00,46.076
7926,5/15/2017 23:01,46.076
7927,5/15/2017 23:02,46.076
7928,5/15/2017 23:03,46.076
7929,5/15/2017 23:04,46.076
7930,5/15/2017 23:05,46.076
7931,5/15/2017 23:06,46.076
7932,5/15/2017 23:07,46.076
7933,5/15/2017 23:08,46.076
7934,5/15/2017 23:09,46.076
7935,5/15/2017 23:10,46.076
7936,5/15/2017 23:11,46.076
7937,5/15/2017 23:12,46.121
7938,5/15/2017 23:13,46.076
7939,5/15/2017 23:14,46.031
7940,5/15/2017 23:15,46.031
7941,5/15/2017 23:16,46.031
7942,5/15/2017 23:17,46.031
7943,5/15/2017 23:18,46.031
7944,5/15/2017 23:19,46.031
7945,5/15/2017 23:20,45.986
7946,5/15/2017 23:21,45.986
7947,5/15/2017 23:22,45.986
7948,5/15/2017 23:23,46.031
7949,5/15/2017 23:24,46.031
7950,5/15/2017 23:25,46.031
7951,5/15/2017 23:26,45.986
7952,5/15/2017 23:27,46.031
7953,5/15/2017 23:28,46.031
7954,5/15/2017 23:29,46.031
7955,5/15/2017 23:30,45.986
7956,5/15/2017 23:31,45.986
7957,5/15/2017 23:32,45.986
7958,5/15/2017 23:33,45.986
7959,5/15/2017 23:34,45.986
7960,5/15/2017 23:35,45.986
7961,5/15/2017 23:36,45.941
7962,5/15/2017 23:37,45.941
7963,5/15/2017 23:38,45.986
7964,5/15/2017 23:39,45.941
7965,5/15/2017 23:40,45.941
7966,5/15/2017 23:41,45.941
7967,5/15/2017 23:42,45.941
7968,5/15/2017 23:43,45.941
7969,5/15/2017 23:44,45.941
7970,5/15/2017 23:45,45.941
7971,5/15/2017 23:46,45.941
7972,5/15/2017 23:47,45.941
7973,5/15/2017 23:48,45.896
7974,5/15/2017 23:49,45.896
7975,5/15/2017 23:50,45.896
7976,5/15/2017 23:51,45.896
7977,5/15/2017 23:52,45.896
7978,5/15/2017 23:53,45.941
7979,5/15/2017 23:54,45.941
7980,5/15/2017 23:55,45.896
7981,5/15/2017 23:56,45.896
7982,5/15/2017 23:57,45.896
7983,5/15/2017 23:58,45.896
7984,5/15/2017 23:59,45.941
7985,5/16/2017 0:00,45.941
7986,5/16/2017 0:01,45.941
7987,5/16/2017 0:02,45.941
7988,5/16/2017 0:03,45.941
7989,5/16/2017 0:04,45.896
7990,5/16/2017 0:05,45.896
7991,5/16/2017 0:06,45.896
7992,5/16/2017 0:07,45.941
7993,5/16/2017 0:08,45.896
7994,5/16/2017 0:09,45.896
7995,5/16/2017 0:10,45.896
7996,5/16/2017 0:11,45.941
7997,5/16/2017 0:12,45.896
7998,5/16/2017 0:13,45.896
7999,5/16/2017 0:14,45.896
8000,5/16/2017 0:15,45.896
8001,5/16/2017 0:16,45.896
8002,5/16/2017 0:17,45.896
8003,5/16/2017 0:18,45.896
8004,5/16/2017 0:19,45.896
8005,5/16/2017 0:20,45.896
8006,5/16/2017 0:21,45.896
8007,5/16/2017 0:22,45.896
8008,5/16/2017 0:23,45.896
8009,5/16/2017 0:24,45.896
8010,5/16/2017 0:25,45.896
8011,5/16/2017 0:26,45.896
8012,5/16/2017 0:27,45.896
8013,5/16/2017 0:28,45.896
8014,5/16/2017 0:29,45.896
8015,5/16/2017 0:30,45.896
8016,5/16/2017 0:31,45.896
8017,5/16/2017 0:32,45.896
8018,5/16/2017 0:33,45.896
8019,5/16/2017 0:34,45.896
8020,5/16/2017 0:35,45.896
8021,5/16/2017 0:36,45.896
8022,5/16/2017 0:37,45.896
8023,5/16/2017 0:38,45.896
8024,5/16/2017 0:39,45.896
8025,5/16/2017 0:40,45.896
8026,5/16/2017 0:41,45.896
8027,5/16/2017 0:42,45.896
8028,5/16/2017 0:43,45.896
8029,5/16/2017 0:44,45.896
8030,5/16/2017 0:45,45.896
8031,5/16/2017 0:46,45.896
8032,5/16/2017 0:47,45.896
8033,5/16/2017 0:48,45.896
8034,5/16/2017 0:49,45.851
8035,5/16/2017 0:50,45.896
8036,5/16/2017 0:51,45.851
8037,5/16/2017 0:52,45.851
8038,5/16/2017 0:53,45.851
8039,5/16/2017 0:54,45.851
8040,5/16/2017 0:55,45.851
8041,5/16/2017 0:56,45.851
8042,5/16/2017 0:57,45.806
8043,5/16/2017 0:58,45.851
8044,5/16/2017 0:59,45.851
8045,5/16/2017 1:00,45.806
8046,5/16/2017 1:01,45.806
8047,5/16/2017 1:02,45.806
8048,5/16/2017 1:03,45.806
8049,5/16/2017 1:04,45.806
8050,5/16/2017 1:05,45.806
8051,5/16/2017 1:06,45.806
8052,5/16/2017 1:07,45.806
8053,5/16/2017 1:08,45.851
8054,5/16/2017 1:09,45.806
8055,5/16/2017 1:10,45.806
8056,5/16/2017 1:11,45.806
8057,5/16/2017 1:12,45.806
8058,5/16/2017 1:13,45.806
8059,5/16/2017 1:14,45.806
8060,5/16/2017 1:15,45.806
8061,5/16/2017 1:16,45.806
8062,5/16/2017 1:17,45.806
8063,5/16/2017 1:18,45.761
8064,5/16/2017 1:19,45.761
8065,5/16/2017 1:20,45.761
8066,5/16/2017 1:21,45.761
8067,5/16/2017 1:22,45.761
8068,5/16/2017 1:23,45.761
8069,5/16/2017 1:24,45.761
8070,5/16/2017 1:25,45.761
8071,5/16/2017 1:26,45.761
8072,5/16/2017 1:27,45.714
8073,5/16/2017 1:28,45.761
8074,5/16/2017 1:29,45.761
8075,5/16/2017 1:30,45.761
8076,5/16/2017 1:31,45.761
8077,5/16/2017 1:32,45.714
8078,5/16/2017 1:33,45.761
8079,5/16/2017 1:34,45.761
8080,5/16/2017 1:35,45.714
8081,5/16/2017 1:36,45.714
8082,5/16/2017 1:37,45.714
8083,5/16/2017 1:38,45.714
8084,5/16/2017 1:39,45.714
8085,5/16/2017 1:40,45.714
8086,5/16/2017 1:41,45.714
8087,5/16/2017 1:42,45.714
8088,5/16/2017 1:43,45.714
8089,5/16/2017 1:44,45.714
8090,5/16/2017 1:45,45.714
8091,5/16/2017 1:46,45.714
8092,5/16/2017 1:47,45.714
8093,5/16/2017 1:48,45.714
8094,5/16/2017 1:49,45.714
8095,5/16/2017 1:50,45.714
8096,5/16/2017 1:51,45.761
8097,5/16/2017 1:52,45.714
8098,5/16/2017 1:53,45.714
8099,5/16/2017 1:54,45.714
8100,5/16/2017 1:55,45.714
8101,5/16/2017 1:56,45.714
8102,5/16/2017 1:57,45.669
8103,5/16/2017 1:58,45.714
8104,5/16/2017 1:59,45.669
8105,5/16/2017 2:00,45.669
8106,5/16/2017 2:01,45.669
8107,5/16/2017 2:02,45.714
8108,5/16/2017 2:03,45.714
8109,5/16/2017 2:04,45.669
8110,5/16/2017 2:05,45.669
8111,5/16/2017 2:06,45.669
8112,5/16/2017 2:07,45.669
8113,5/16/2017 2:08,45.669
8114,5/16/2017 2:09,45.669
8115,5/16/2017 2:10,45.669
8116,5/16/2017 2:11,45.669
8117,5/16/2017 2:12,45.669
8118,5/16/2017 2:13,45.714
8119,5/16/2017 2:14,45.669
8120,5/16/2017 2:15,45.669
8121,5/16/2017 2:16,45.669
8122,5/16/2017 2:17,45.669
8123,5/16/2017 2:18,45.669
8124,5/16/2017 2:19,45.669
8125,5/16/2017 2:20,45.624
8126,5/16/2017 2:21,45.669
8127,5/16/2017 2:22,45.624
8128,5/16/2017 2:23,45.624
8129,5/16/2017 2:24,45.669
8130,5/16/2017 2:25,45.624
8131,5/16/2017 2:26,45.624
8132,5/16/2017 2:27,45.624
8133,5/16/2017 2:28,45.624
8134,5/16/2017 2:29,45.624
8135,5/16/2017 2:30,45.624
8136,5/16/2017 2:31,45.669
8137,5/16/2017 2:32,45.624
8138,5/16/2017 2:33,45.624
8139,5/16/2017 2:34,45.624
8140,5/16/2017 2:35,45.624
8141,5/16/2017 2:36,45.624
8142,5/16/2017 2:37,45.624
8143,5/16/2017 2:38,45.624
8144,5/16/2017 2:39,45.624
8145,5/16/2017 2:40,45.669
8146,5/16/2017 2:41,45.669
8147,5/16/2017 2:42,45.624
8148,5/16/2017 2:43,45.624
8149,5/16/2017 2:44,45.669
8150,5/16/2017 2:45,45.669
8151,5/16/2017 2:46,45.669
8152,5/16/2017 2:47,45.669
8153,5/16/2017 2:48,45.669
8154,5/16/2017 2:49,45.669
8155,5/16/2017 2:50,45.624
8156,5/16/2017 2:51,45.624
8157,5/16/2017 2:52,45.624
8158,5/16/2017 2:53,45.624
8159,5/16/2017 2:54,45.624
8160,5/16/2017 2:55,45.624
8161,5/16/2017 2:56,45.624
8162,5/16/2017 2:57,45.624
8163,5/16/2017 2:58,45.669
8164,5/16/2017 2:59,45.624
8165,5/16/2017 3:00,45.624
8166,5/16/2017 3:01,45.624
8167,5/16/2017 3:02,45.624
8168,5/16/2017 3:03,45.579
8169,5/16/2017 3:04,45.579
8170,5/16/2017 3:05,45.579
8171,5/16/2017 3:06,45.579
8172,5/16/2017 3:07,45.579
8173,5/16/2017 3:08,45.579
8174,5/16/2017 3:09,45.579
8175,5/16/2017 3:10,45.579
8176,5/16/2017 3:11,45.534
8177,5/16/2017 3:12,45.534
8178,5/16/2017 3:13,45.534
8179,5/16/2017 3:14,45.534
8180,5/16/2017 3:15,45.579
8181,5/16/2017 3:16,45.534
8182,5/16/2017 3:17,45.534
8183,5/16/2017 3:18,45.534
8184,5/16/2017 3:19,45.579
8185,5/16/2017 3:20,45.534
8186,5/16/2017 3:21,45.534
8187,5/16/2017 3:22,45.534
8188,5/16/2017 3:23,45.534
8189,5/16/2017 3:24,45.534
8190,5/16/2017 3:25,45.534
8191,5/16/2017 3:26,45.579
8192,5/16/2017 3:27,45.534
8193,5/16/2017 3:28,45.534
8194,5/16/2017 3:29,45.534
8195,5/16/2017 3:30,45.534
8196,5/16/2017 3:31,45.534
8197,5/16/2017 3:32,45.534
8198,5/16/2017 3:33,45.534
8199,5/16/2017 3:34,45.534
8200,5/16/2017 3:35,45.534
8201,5/16/2017 3:36,45.534
8202,5/16/2017 3:37,45.534
8203,5/16/2017 3:38,45.534
8204,5/16/2017 3:39,45.534
8205,5/16/2017 3:40,45.534
8206,5/16/2017 3:41,45.534
8207,5/16/2017 3:42,45.534
8208,5/16/2017 3:43,45.534
8209,5/16/2017 3:44,45.534
8210,5/16/2017 3:45,45.534
8211,5/16/2017 3:46,45.534
8212,5/16/2017 3:47,45.534
8213,5/16/2017 3:48,45.579
8214,5/16/2017 3:49,45.579
8215,5/16/2017 3:50,45.534
8216,5/16/2017 3:51,45.534
8217,5/16/2017 3:52,45.534
8218,5/16/2017 3:53,45.534
8219,5/16/2017 3:54,45.534
8220,5/16/2017 3:55,45.534
8221,5/16/2017 3:56,45.534
8222,5/16/2017 3:57,45.534
8223,5/16/2017 3:58,45.534
8224,5/16/2017 3:59,45.534
8225,5/16/2017 4:00,45.534
8226,5/16/2017 4:01,45.534
8227,5/16/2017 4:02,45.534
8228,5/16/2017 4:03,45.534
8229,5/16/2017 4:04,45.534
8230,5/16/2017 4:05,45.534
8231,5/16/2017 4:06,45.534
8232,5/16/2017 4:07,45.489
8233,5/16/2017 4:08,45.534
8234,5/16/2017 4:09,45.489
8235,5/16/2017 4:10,45.489
8236,5/16/2017 4:11,45.489
8237,5/16/2017 4:12,45.489
8238,5/16/2017 4:13,45.534
8239,5/16/2017 4:14,45.489
8240,5/16/2017 4:15,45.489
8241,5/16/2017 4:16,45.489
8242,5/16/2017 4:17,45.489
8243,5/16/2017 4:18,45.489
8244,5/16/2017 4:19,45.489
8245,5/16/2017 4:20,45.489
8246,5/16/2017 4:21,45.444
8247,5/16/2017 4:22,45.444
8248,5/16/2017 4:23,45.444
8249,5/16/2017 4:24,45.489
8250,5/16/2017 4:25,45.489
8251,5/16/2017 4:26,45.489
8252,5/16/2017 4:27,45.489
8253,5/16/2017 4:28,45.489
8254,5/16/2017 4:29,45.489
8255,5/16/2017 4:30,45.489
8256,5/16/2017 4:31,45.489
8257,5/16/2017 4:32,45.534
8258,5/16/2017 4:33,45.534
8259,5/16/2017 4:34,45.534
8260,5/16/2017 4:35,45.534
8261,5/16/2017 4:36,45.534
8262,5/16/2017 4:37,45.534
8263,5/16/2017 4:38,45.534
8264,5/16/2017 4:39,45.534
8265,5/16/2017 4:40,45.534
8266,5/16/2017 4:41,45.534
8267,5/16/2017 4:42,45.489
8268,5/16/2017 4:43,45.489
8269,5/16/2017 4:44,45.489
8270,5/16/2017 4:45,45.489
8271,5/16/2017 4:46,45.489
8272,5/16/2017 4:47,45.489
8273,5/16/2017 4:48,45.534
8274,5/16/2017 4:49,45.534
8275,5/16/2017 4:50,45.534
8276,5/16/2017 4:51,45.579
8277,5/16/2017 4:52,45.579
8278,5/16/2017 4:53,45.624
8279,5/16/2017 4:54,45.624
8280,5/16/2017 4:55,45.669
8281,5/16/2017 4:56,45.669
8282,5/16/2017 4:57,45.714
8283,5/16/2017 4:58,45.714
8284,5/16/2017 4:59,45.761
8285,5/16/2017 5:00,45.851
8286,5/16/2017 5:01,45.941
8287,5/16/2017 5:02,45.896
8288,5/16/2017 5:03,45.986
8289,5/16/2017 5:04,45.896
8290,5/16/2017 5:05,45.851
8291,5/16/2017 5:06,45.851
8292,5/16/2017 5:07,45.806
8293,5/16/2017 5:08,45.986
8294,5/16/2017 5:09,46.301
8295,5/16/2017 5:10,46.436
8296,5/16/2017 5:11,45.896
8297,5/16/2017 5:12,45.127
8298,5/16/2017 5:13,44.582
8299,5/16/2017 5:14,44.218
8300,5/16/2017 5:15,44.082
8301,5/16/2017 5:16,43.99
8302,5/16/2017 5:17,43.945
8303,5/16/2017 5:18,43.945
8304,5/16/2017 5:19,43.945
8305,5/16/2017 5:20,43.945
8306,5/16/2017 5:21,43.945
8307,5/16/2017 5:22,43.945
8308,5/16/2017 5:23,43.945
8309,5/16/2017 5:24,43.945
8310,5/16/2017 5:25,43.945
8311,5/16/2017 5:26,43.945
8312,5/16/2017 5:27,43.945
8313,5/16/2017 5:28,43.945
8314,5/16/2017 5:29,43.945
8315,5/16/2017 5:30,43.945
8316,5/16/2017 5:31,43.945
8317,5/16/2017 5:32,43.945
8318,5/16/2017 5:33,43.945
8319,5/16/2017 5:34,43.945
8320,5/16/2017 5:35,43.945
8321,5/16/2017 5:36,43.9
8322,5/16/2017 5:37,43.9
8323,5/16/2017 5:38,43.945
8324,5/16/2017 5:39,43.945
8325,5/16/2017 5:40,43.945
8326,5/16/2017 5:41,43.945
8327,5/16/2017 5:42,43.945
8328,5/16/2017 5:43,43.945
8329,5/16/2017 5:44,43.945
8330,5/16/2017 5:45,43.945
8331,5/16/2017 5:46,43.945
8332,5/16/2017 5:47,43.945
8333,5/16/2017 5:48,43.945
8334,5/16/2017 5:49,43.945
8335,5/16/2017 5:50,43.945
8336,5/16/2017 5:51,43.945
8337,5/16/2017 5:52,43.945
8338,5/16/2017 5:53,43.945
8339,5/16/2017 5:54,43.945
8340,5/16/2017 5:55,43.945
8341,5/16/2017 5:56,43.945
8342,5/16/2017 5:57,43.945
8343,5/16/2017 5:58,43.945
8344,5/16/2017 5:59,43.945
8345,5/16/2017 6:00,43.945
8346,5/16/2017 6:01,43.945
8347,5/16/2017 6:02,43.945
8348,5/16/2017 6:03,43.945
8349,5/16/2017 6:04,43.945
8350,5/16/2017 6:05,43.9
8351,5/16/2017 6:06,44.492
8352,5/16/2017 6:07,45.444
8353,5/16/2017 6:08,45.896
8354,5/16/2017 6:09,46.166
8355,5/16/2017 6:10,46.256
8356,5/16/2017 6:11,46.211
8357,5/16/2017 6:12,45.986
8358,5/16/2017 6:13,45.851
8359,5/16/2017 6:14,45.761
8360,5/16/2017 6:15,45.669
8361,5/16/2017 6:16,45.624
8362,5/16/2017 6:17,45.579
8363,5/16/2017 6:18,45.579
8364,5/16/2017 6:19,45.534
8365,5/16/2017 6:20,45.489
8366,5/16/2017 6:21,45.444
8367,5/16/2017 6:22,45.489
8368,5/16/2017 6:23,45.489
8369,5/16/2017 6:24,45.489
8370,5/16/2017 6:25,45.489
8371,5/16/2017 6:26,45.444
8372,5/16/2017 6:27,45.399
8373,5/16/2017 6:28,45.399
8374,5/16/2017 6:29,45.354
8375,5/16/2017 6:30,45.399
8376,5/16/2017 6:31,45.444
8377,5/16/2017 6:32,45.489
8378,5/16/2017 6:33,45.444
8379,5/16/2017 6:34,45.444
8380,5/16/2017 6:35,45.399
8381,5/16/2017 6:36,45.399
8382,5/16/2017 6:37,45.399
8383,5/16/2017 6:38,45.399
8384,5/16/2017 6:39,46.031
8385,5/16/2017 6:40,46.211
8386,5/16/2017 6:41,46.301
8387,5/16/2017 6:42,46.346
8388,5/16/2017 6:43,45.714
8389,5/16/2017 6:44,44.901
8390,5/16/2017 6:45,44.809
8391,5/16/2017 6:46,44.809
8392,5/16/2017 6:47,44.537
8393,5/16/2017 6:48,44.263
8394,5/16/2017 6:49,44.173
8395,5/16/2017 6:50,44.218
8396,5/16/2017 6:51,44.173
8397,5/16/2017 6:52,44.082
8398,5/16/2017 6:53,44.082
8399,5/16/2017 6:54,44.037
8400,5/16/2017 6:55,43.99
8401,5/16/2017 6:56,43.99
8402,5/16/2017 6:57,43.945
8403,5/16/2017 6:58,43.945
8404,5/16/2017 6:59,43.945
8405,5/16/2017 7:00,44.037
8406,5/16/2017 7:01,43.99
8407,5/16/2017 7:02,43.99
8408,5/16/2017 7:03,43.945
8409,5/16/2017 7:04,43.945
8410,5/16/2017 7:05,43.945
8411,5/16/2017 7:06,43.945
8412,5/16/2017 7:07,43.945
8413,5/16/2017 7:08,43.945
8414,5/16/2017 7:09,43.945
8415,5/16/2017 7:10,43.945
8416,5/16/2017 7:11,43.945
8417,5/16/2017 7:12,43.945
8418,5/16/2017 7:13,43.945
8419,5/16/2017 7:14,43.945
8420,5/16/2017 7:15,43.945
8421,5/16/2017 7:16,43.945
8422,5/16/2017 7:17,44.037
8423,5/16/2017 7:18,44.037
8424,5/16/2017 7:19,43.99
8425,5/16/2017 7:20,43.99
8426,5/16/2017 7:21,43.99
8427,5/16/2017 7:22,44.037
8428,5/16/2017 7:23,44.082
8429,5/16/2017 7:24,44.127
8430,5/16/2017 7:25,44.127
8431,5/16/2017 7:26,44.173
8432,5/16/2017 7:27,44.263
8433,5/16/2017 7:28,44.4
8434,5/16/2017 7:29,44.445
8435,5/16/2017 7:30,44.445
8436,5/16/2017 7:31,44.627
8437,5/16/2017 7:32,44.674
8438,5/16/2017 7:33,44.582
8439,5/16/2017 7:34,44.582
8440,5/16/2017 7:35,45.534
8441,5/16/2017 7:36,45.986
8442,5/16/2017 7:37,46.211
8443,5/16/2017 7:38,46.346
8444,5/16/2017 7:39,46.346
8445,5/16/2017 7:40,46.301
8446,5/16/2017 7:41,46.301
8447,5/16/2017 7:42,46.301
8448,5/16/2017 7:43,46.211
8449,5/16/2017 7:44,46.166
8450,5/16/2017 7:45,46.121
8451,5/16/2017 7:46,46.121
8452,5/16/2017 7:47,46.121
8453,5/16/2017 7:48,46.121
8454,5/16/2017 7:49,46.076
8455,5/16/2017 7:50,46.121
8456,5/16/2017 7:51,46.076
8457,5/16/2017 7:52,46.031
8458,5/16/2017 7:53,46.346
8459,5/16/2017 7:54,46.436
8460,5/16/2017 7:55,46.256
8461,5/16/2017 7:56,45.851
8462,5/16/2017 7:57,45.534
8463,5/16/2017 7:58,44.764
8464,5/16/2017 7:59,44.537
8465,5/16/2017 8:00,44.082
8466,5/16/2017 8:01,43.99
8467,5/16/2017 8:02,43.945
8468,5/16/2017 8:03,43.945
8469,5/16/2017 8:04,43.945
8470,5/16/2017 8:05,43.945
8471,5/16/2017 8:06,43.945
8472,5/16/2017 8:07,43.945
8473,5/16/2017 8:08,43.945
8474,5/16/2017 8:09,43.945
8475,5/16/2017 8:10,43.945
8476,5/16/2017 8:11,43.945
8477,5/16/2017 8:12,43.945
8478,5/16/2017 8:13,43.945
8479,5/16/2017 8:14,43.945
8480,5/16/2017 8:15,43.9
8481,5/16/2017 8:16,43.9
8482,5/16/2017 8:17,43.9
8483,5/16/2017 8:18,43.9
8484,5/16/2017 8:19,43.9
8485,5/16/2017 8:20,43.9
8486,5/16/2017 8:21,43.9
8487,5/16/2017 8:22,43.9
8488,5/16/2017 8:23,43.9
8489,5/16/2017 8:24,43.9
8490,5/16/2017 8:25,43.9
8491,5/16/2017 8:26,43.9
8492,5/16/2017 8:27,43.853
8493,5/16/2017 8:28,43.808
8494,5/16/2017 8:29,43.808
8495,5/16/2017 8:30,43.853
8496,5/16/2017 8:31,43.853
8497,5/16/2017 8:32,43.853
8498,5/16/2017 8:33,43.853
8499,5/16/2017 8:34,43.853
8500,5/16/2017 8:35,43.853
8501,5/16/2017 8:36,43.853
8502,5/16/2017 8:37,43.853
8503,5/16/2017 8:38,43.853
8504,5/16/2017 8:39,43.853
8505,5/16/2017 8:40,43.853
8506,5/16/2017 8:41,43.853
8507,5/16/2017 8:42,43.853
8508,5/16/2017 8:43,43.853
8509,5/16/2017 8:44,43.853
8510,5/16/2017 8:45,43.853
8511,5/16/2017 8:46,43.808
8512,5/16/2017 8:47,43.9
8513,5/16/2017 8:48,44.764
8514,5/16/2017 8:49,45.217
8515,5/16/2017 8:50,45.896
8516,5/16/2017 8:51,46.211
8517,5/16/2017 8:52,46.436
8518,5/16/2017 8:53,46.571
8519,5/16/2017 8:54,46.481
8520,5/16/2017 8:55,46.436
8521,5/16/2017 8:56,46.346
8522,5/16/2017 8:57,46.346
8523,5/16/2017 8:58,46.301
8524,5/16/2017 8:59,46.256
8525,5/16/2017 9:00,46.256
8526,5/16/2017 9:01,46.211
8527,5/16/2017 9:02,46.211
8528,5/16/2017 9:03,46.166
8529,5/16/2017 9:04,46.121
8530,5/16/2017 9:05,46.121
8531,5/16/2017 9:06,46.166
8532,5/16/2017 9:07,46.166
8533,5/16/2017 9:08,46.121
8534,5/16/2017 9:09,46.121
8535,5/16/2017 9:10,46.256
8536,5/16/2017 9:11,46.301
8537,5/16/2017 9:12,46.391
8538,5/16/2017 9:13,46.391
8539,5/16/2017 9:14,46.526
8540,5/16/2017 9:15,46.571
8541,5/16/2017 9:16,46.526
8542,5/16/2017 9:17,46.391
8543,5/16/2017 9:18,46.076
8544,5/16/2017 9:19,45.896
8545,5/16/2017 9:20,45.714
8546,5/16/2017 9:21,44.764
8547,5/16/2017 9:22,44.263
8548,5/16/2017 9:23,44.037
8549,5/16/2017 9:24,43.99
8550,5/16/2017 9:25,43.945
8551,5/16/2017 9:26,43.945
8552,5/16/2017 9:27,43.945
8553,5/16/2017 9:28,43.945
8554,5/16/2017 9:29,43.9
8555,5/16/2017 9:30,43.853
8556,5/16/2017 9:31,43.853
8557,5/16/2017 9:32,43.808
8558,5/16/2017 9:33,43.808
8559,5/16/2017 9:34,43.808
8560,5/16/2017 9:35,43.808
8561,5/16/2017 9:36,43.808
8562,5/16/2017 9:37,43.808
8563,5/16/2017 9:38,43.808
8564,5/16/2017 9:39,43.808
8565,5/16/2017 9:40,43.808
8566,5/16/2017 9:41,43.808
8567,5/16/2017 9:42,43.808
8568,5/16/2017 9:43,43.808
8569,5/16/2017 9:44,43.808
8570,5/16/2017 9:45,43.808
8571,5/16/2017 9:46,43.808
8572,5/16/2017 9:47,43.808
8573,5/16/2017 9:48,43.808
8574,5/16/2017 9:49,43.763
8575,5/16/2017 9:50,43.763
8576,5/16/2017 9:51,43.763
8577,5/16/2017 9:52,43.763
8578,5/16/2017 9:53,43.808
8579,5/16/2017 9:54,43.808
8580,5/16/2017 9:55,43.808
8581,5/16/2017 9:56,43.808
8582,5/16/2017 9:57,43.853
8583,5/16/2017 9:58,43.853
8584,5/16/2017 9:59,43.9
8585,5/16/2017 10:00,43.9
8586,5/16/2017 10:01,43.9
8587,5/16/2017 10:02,43.945
8588,5/16/2017 10:03,43.9
8589,5/16/2017 10:04,43.945
8590,5/16/2017 10:05,43.853
8591,5/16/2017 10:06,44.901
8592,5/16/2017 10:07,45.444
8593,5/16/2017 10:08,45.896
8594,5/16/2017 10:09,46.211
8595,5/16/2017 10:10,46.346
8596,5/16/2017 10:11,46.526
8597,5/16/2017 10:12,46.526
8598,5/16/2017 10:13,46.526
8599,5/16/2017 10:14,46.571
8600,5/16/2017 10:15,46.526
8601,5/16/2017 10:16,46.481
8602,5/16/2017 10:17,46.481
8603,5/16/2017 10:18,46.436
8604,5/16/2017 10:19,46.391
8605,5/16/2017 10:20,46.301
8606,5/16/2017 10:21,46.301
8607,5/16/2017 10:22,46.256
8608,5/16/2017 10:23,46.256
8609,5/16/2017 10:24,46.301
8610,5/16/2017 10:25,46.346
8611,5/16/2017 10:26,46.346
8612,5/16/2017 10:27,46.391
8613,5/16/2017 10:28,46.436
8614,5/16/2017 10:29,46.436
8615,5/16/2017 10:30,46.346
8616,5/16/2017 10:31,46.391
8617,5/16/2017 10:32,46.391
8618,5/16/2017 10:33,46.391
8619,5/16/2017 10:34,46.526
8620,5/16/2017 10:35,46.661
8621,5/16/2017 10:36,46.661
8622,5/16/2017 10:37,46.616
8623,5/16/2017 10:38,46.751
8624,5/16/2017 10:39,46.706
8625,5/16/2017 10:40,46.796
8626,5/16/2017 10:41,46.661
8627,5/16/2017 10:42,46.526
8628,5/16/2017 10:43,46.256
8629,5/16/2017 10:44,45.941
8630,5/16/2017 10:45,45.714
8631,5/16/2017 10:46,45.354
8632,5/16/2017 10:47,44.627
8633,5/16/2017 10:48,44.218
8634,5/16/2017 10:49,43.853
8635,5/16/2017 10:50,43.763
8636,5/16/2017 10:51,43.716
8637,5/16/2017 10:52,43.716
8638,5/16/2017 10:53,43.671
8639,5/16/2017 10:54,43.671
8640,5/16/2017 10:55,43.671
8641,5/16/2017 10:56,43.624
8642,5/16/2017 10:57,43.624
8643,5/16/2017 10:58,43.624
8644,5/16/2017 10:59,43.624
8645,5/16/2017 11:00,43.624
8646,5/16/2017 11:01,43.488
8647,5/16/2017 11:02,43.443
8648,5/16/2017 11:03,43.488
8649,5/16/2017 11:04,43.396
8650,5/16/2017 11:05,43.396
8651,5/16/2017 11:06,43.443
8652,5/16/2017 11:07,43.396
8653,5/16/2017 11:08,43.443
8654,5/16/2017 11:09,43.534
8655,5/16/2017 11:10,43.534
8656,5/16/2017 11:11,43.534
8657,5/16/2017 11:12,43.579
8658,5/16/2017 11:13,43.579
8659,5/16/2017 11:14,43.579
8660,5/16/2017 11:15,43.624
8661,5/16/2017 11:16,43.624
8662,5/16/2017 11:17,43.624
8663,5/16/2017 11:18,43.624
8664,5/16/2017 11:19,43.624
8665,5/16/2017 11:20,43.624
8666,5/16/2017 11:21,43.671
8667,5/16/2017 11:22,43.671
8668,5/16/2017 11:23,43.671
8669,5/16/2017 11:24,43.671
8670,5/16/2017 11:25,43.624
8671,5/16/2017 11:26,43.624
8672,5/16/2017 11:27,43.579
8673,5/16/2017 11:28,43.579
8674,5/16/2017 11:29,43.443
8675,5/16/2017 11:30,43.945
8676,5/16/2017 11:31,44.946
8677,5/16/2017 11:32,45.534
8678,5/16/2017 11:33,46.166
8679,5/16/2017 11:34,46.526
8680,5/16/2017 11:35,46.526
8681,5/16/2017 11:36,46.526
8682,5/16/2017 11:37,46.571
8683,5/16/2017 11:38,46.571
8684,5/16/2017 11:39,46.526
8685,5/16/2017 11:40,46.526
8686,5/16/2017 11:41,46.526
8687,5/16/2017 11:42,46.526
8688,5/16/2017 11:43,46.481
8689,5/16/2017 11:44,46.436
8690,5/16/2017 11:45,46.481
8691,5/16/2017 11:46,46.481
8692,5/16/2017 11:47,46.481
8693,5/16/2017 11:48,46.481
8694,5/16/2017 11:49,46.526
8695,5/16/2017 11:50,46.571
8696,5/16/2017 11:51,46.571
8697,5/16/2017 11:52,46.571
8698,5/16/2017 11:53,46.526
8699,5/16/2017 11:54,46.526
8700,5/16/2017 11:55,46.436
8701,5/16/2017 11:56,46.346
8702,5/16/2017 11:57,46.571
8703,5/16/2017 11:58,46.706
8704,5/16/2017 11:59,46.616
8705,5/16/2017 12:00,46.211
8706,5/16/2017 12:01,44.719
8707,5/16/2017 12:02,44.037
8708,5/16/2017 12:03,43.579
8709,5/16/2017 12:04,43.167
8710,5/16/2017 12:05,42.8
8711,5/16/2017 12:06,42.616
8712,5/16/2017 12:07,42.8
8713,5/16/2017 12:08,43.075
8714,5/16/2017 12:09,43.214
8715,5/16/2017 12:10,43.214
8716,5/16/2017 12:11,43.214
8717,5/16/2017 12:12,43.214
8718,5/16/2017 12:13,43.259
8719,5/16/2017 12:14,43.259
8720,5/16/2017 12:15,43.259
8721,5/16/2017 12:16,43.214
8722,5/16/2017 12:17,43.214
8723,5/16/2017 12:18,43.214
8724,5/16/2017 12:19,43.214
8725,5/16/2017 12:20,43.306
8726,5/16/2017 12:21,43.259
8727,5/16/2017 12:22,43.167
8728,5/16/2017 12:23,43.122
8729,5/16/2017 12:24,43.075
8730,5/16/2017 12:25,43.122
8731,5/16/2017 12:26,43.122
8732,5/16/2017 12:27,43.075
8733,5/16/2017 12:28,43.03
8734,5/16/2017 12:29,42.984
8735,5/16/2017 12:30,42.984
8736,5/16/2017 12:31,42.984
8737,5/16/2017 12:32,42.939
8738,5/16/2017 12:33,42.892
8739,5/16/2017 12:34,42.892
8740,5/16/2017 12:35,42.847
8741,5/16/2017 12:36,42.755
8742,5/16/2017 12:37,42.8
8743,5/16/2017 12:38,42.8
8744,5/16/2017 12:39,42.8
8745,5/16/2017 12:40,42.8
8746,5/16/2017 12:41,42.8
8747,5/16/2017 12:42,42.755
8748,5/16/2017 12:43,42.755
8749,5/16/2017 12:44,42.8
8750,5/16/2017 12:45,42.755
8751,5/16/2017 12:46,42.755
8752,5/16/2017 12:47,42.755
8753,5/16/2017 12:48,42.708
8754,5/16/2017 12:49,42.616
8755,5/16/2017 12:50,42.847
8756,5/16/2017 12:51,43.396
8757,5/16/2017 12:52,44.764
8758,5/16/2017 12:53,45.896
8759,5/16/2017 12:54,46.391
8760,5/16/2017 12:55,46.571
8761,5/16/2017 12:56,46.886
8762,5/16/2017 12:57,46.886
8763,5/16/2017 12:58,47.019
8764,5/16/2017 12:59,46.974
8765,5/16/2017 13:00,46.886
8766,5/16/2017 13:01,46.886
8767,5/16/2017 13:02,46.841
8768,5/16/2017 13:03,46.751
8769,5/16/2017 13:04,46.751
8770,5/16/2017 13:05,46.706
8771,5/16/2017 13:06,46.706
8772,5/16/2017 13:07,46.751
8773,5/16/2017 13:08,46.751
8774,5/16/2017 13:09,46.886
8775,5/16/2017 13:10,46.974
8776,5/16/2017 13:11,47.019
8777,5/16/2017 13:12,47.019
8778,5/16/2017 13:13,47.109
8779,5/16/2017 13:14,47.109
8780,5/16/2017 13:15,47.064
8781,5/16/2017 13:16,46.974
8782,5/16/2017 13:17,46.974
8783,5/16/2017 13:18,46.974
8784,5/16/2017 13:19,47.019
8785,5/16/2017 13:20,47.019
8786,5/16/2017 13:21,47.154
8787,5/16/2017 13:22,47.109
8788,5/16/2017 13:23,47.019
8789,5/16/2017 13:24,46.751
8790,5/16/2017 13:25,46.211
8791,5/16/2017 13:26,44.764
8792,5/16/2017 13:27,43.716
8793,5/16/2017 13:28,43.167
8794,5/16/2017 13:29,42.8
8795,5/16/2017 13:30,42.663
8796,5/16/2017 13:31,42.616
8797,5/16/2017 13:32,42.755
8798,5/16/2017 13:33,43.075
8799,5/16/2017 13:34,43.167
8800,5/16/2017 13:35,43.259
8801,5/16/2017 13:36,43.259
8802,5/16/2017 13:37,43.259
8803,5/16/2017 13:38,43.259
8804,5/16/2017 13:39,43.306
8805,5/16/2017 13:40,43.306
8806,5/16/2017 13:41,43.259
8807,5/16/2017 13:42,43.259
8808,5/16/2017 13:43,43.259
8809,5/16/2017 13:44,43.259
8810,5/16/2017 13:45,43.259
8811,5/16/2017 13:46,43.259
8812,5/16/2017 13:47,43.214
8813,5/16/2017 13:48,43.214
8814,5/16/2017 13:49,43.167
8815,5/16/2017 13:50,43.167
8816,5/16/2017 13:51,43.167
8817,5/16/2017 13:52,43.167
8818,5/16/2017 13:53,43.122
8819,5/16/2017 13:54,43.075
8820,5/16/2017 13:55,43.075
8821,5/16/2017 13:56,43.03
8822,5/16/2017 13:57,42.984
8823,5/16/2017 13:58,42.939
8824,5/16/2017 13:59,42.939
8825,5/16/2017 14:00,42.892
8826,5/16/2017 14:01,42.892
8827,5/16/2017 14:02,42.892
8828,5/16/2017 14:03,42.892
8829,5/16/2017 14:04,42.892
8830,5/16/2017 14:05,42.892
8831,5/16/2017 14:06,42.892
8832,5/16/2017 14:07,42.8
8833,5/16/2017 14:08,42.755
8834,5/16/2017 14:09,42.984
8835,5/16/2017 14:10,44.445
8836,5/16/2017 14:11,44.856
8837,5/16/2017 14:12,45.941
8838,5/16/2017 14:13,46.391
8839,5/16/2017 14:14,46.526
8840,5/16/2017 14:15,46.436
8841,5/16/2017 14:16,46.256
8842,5/16/2017 14:17,46.211
8843,5/16/2017 14:18,46.256
8844,5/16/2017 14:19,46.301
8845,5/16/2017 14:20,46.301
8846,5/16/2017 14:21,46.391
8847,5/16/2017 14:22,46.391
8848,5/16/2017 14:23,46.436
8849,5/16/2017 14:24,46.481
8850,5/16/2017 14:25,46.481
8851,5/16/2017 14:26,46.526
8852,5/16/2017 14:27,46.616
8853,5/16/2017 14:28,46.706
8854,5/16/2017 14:29,46.796
8855,5/16/2017 14:30,46.886
8856,5/16/2017 14:31,46.931
8857,5/16/2017 14:32,46.931
8858,5/16/2017 14:33,46.931
8859,5/16/2017 14:34,46.974
8860,5/16/2017 14:35,46.931
8861,5/16/2017 14:36,46.974
8862,5/16/2017 14:37,47.019
8863,5/16/2017 14:38,47.019
8864,5/16/2017 14:39,46.931
8865,5/16/2017 14:40,46.931
8866,5/16/2017 14:41,47.019
8867,5/16/2017 14:42,47.109
8868,5/16/2017 14:43,47.199
8869,5/16/2017 14:44,47.422
8870,5/16/2017 14:45,47.334
8871,5/16/2017 14:46,47.244
8872,5/16/2017 14:47,47.199
8873,5/16/2017 14:48,47.199
8874,5/16/2017 14:49,47.154
8875,5/16/2017 14:50,47.377
8876,5/16/2017 14:51,47.154
8877,5/16/2017 14:52,46.616
8878,5/16/2017 14:53,46.166
8879,5/16/2017 14:54,45.761
8880,5/16/2017 14:55,44.445
8881,5/16/2017 14:56,43.716
8882,5/16/2017 14:57,43.351
8883,5/16/2017 14:58,43.167
8884,5/16/2017 14:59,43.075
8885,5/16/2017 15:00,43.306
8886,5/16/2017 15:01,43.488
8887,5/16/2017 15:02,43.579
8888,5/16/2017 15:03,43.624
8889,5/16/2017 15:04,43.624
8890,5/16/2017 15:05,43.671
8891,5/16/2017 15:06,43.716
8892,5/16/2017 15:07,43.716
8893,5/16/2017 15:08,43.716
8894,5/16/2017 15:09,43.716
8895,5/16/2017 15:10,43.716
8896,5/16/2017 15:11,43.716
8897,5/16/2017 15:12,43.716
8898,5/16/2017 15:13,43.716
8899,5/16/2017 15:14,43.671
8900,5/16/2017 15:15,43.716
8901,5/16/2017 15:16,43.716
8902,5/16/2017 15:17,43.671
8903,5/16/2017 15:18,43.671
8904,5/16/2017 15:19,43.671
8905,5/16/2017 15:20,43.671
8906,5/16/2017 15:21,43.671
8907,5/16/2017 15:22,43.671
8908,5/16/2017 15:23,43.624
8909,5/16/2017 15:24,43.579
8910,5/16/2017 15:25,43.534
8911,5/16/2017 15:26,43.624
8912,5/16/2017 15:27,43.624
8913,5/16/2017 15:28,43.624
8914,5/16/2017 15:29,43.671
8915,5/16/2017 15:30,43.716
8916,5/16/2017 15:31,43.716
8917,5/16/2017 15:32,43.671
8918,5/16/2017 15:33,43.534
8919,5/16/2017 15:34,43.443
8920,5/16/2017 15:35,43.534
8921,5/16/2017 15:36,43.579
8922,5/16/2017 15:37,43.488
8923,5/16/2017 15:38,43.443
8924,5/16/2017 15:39,43.624
8925,5/16/2017 15:40,44.537
8926,5/16/2017 15:41,45.262
8927,5/16/2017 15:42,46.076
8928,5/16/2017 15:43,46.974
8929,5/16/2017 15:44,47.557
8930,5/16/2017 15:45,47.512
8931,5/16/2017 15:46,47.512
8932,5/16/2017 15:47,47.512
8933,5/16/2017 15:48,47.602
8934,5/16/2017 15:49,47.647
8935,5/16/2017 15:50,47.467
8936,5/16/2017 15:51,47.422
8937,5/16/2017 15:52,47.422
8938,5/16/2017 15:53,47.422
8939,5/16/2017 15:54,47.334
8940,5/16/2017 15:55,47.244
8941,5/16/2017 15:56,47.109
8942,5/16/2017 15:57,47.154
8943,5/16/2017 15:58,47.154
8944,5/16/2017 15:59,47.244
8945,5/16/2017 16:00,47.289
8946,5/16/2017 16:01,47.289
8947,5/16/2017 16:02,47.289
8948,5/16/2017 16:03,47.289
8949,5/16/2017 16:04,47.334
8950,5/16/2017 16:05,47.377
8951,5/16/2017 16:06,47.422
8952,5/16/2017 16:07,47.467
8953,5/16/2017 16:08,47.512
8954,5/16/2017 16:09,47.557
8955,5/16/2017 16:10,47.602
8956,5/16/2017 16:11,47.647
8957,5/16/2017 16:12,47.691
8958,5/16/2017 16:13,47.736
8959,5/16/2017 16:14,47.781
8960,5/16/2017 16:15,47.781
8961,5/16/2017 16:16,47.826
8962,5/16/2017 16:17,47.871
8963,5/16/2017 16:18,47.871
8964,5/16/2017 16:19,47.914
8965,5/16/2017 16:20,48.004
8966,5/16/2017 16:21,48.094
8967,5/16/2017 16:22,48.094
8968,5/16/2017 16:23,48.137
8969,5/16/2017 16:24,48.182
8970,5/16/2017 16:25,48.182
8971,5/16/2017 16:26,48.227
8972,5/16/2017 16:27,48.227
8973,5/16/2017 16:28,48.227
8974,5/16/2017 16:29,48.272
8975,5/16/2017 16:30,48.315
8976,5/16/2017 16:31,48.36
8977,5/16/2017 16:32,48.36
8978,5/16/2017 16:33,48.45
8979,5/16/2017 16:34,49.914
8980,5/16/2017 16:35,49.604
8981,5/16/2017 16:36,49.161
8982,5/16/2017 16:37,48.717
8983,5/16/2017 16:38,47.334
8984,5/16/2017 16:39,46.436
8985,5/16/2017 16:40,45.172
8986,5/16/2017 16:41,44.082
8987,5/16/2017 16:42,43.534
8988,5/16/2017 16:43,43.259
8989,5/16/2017 16:44,43.443
8990,5/16/2017 16:45,43.716
8991,5/16/2017 16:46,44.037
8992,5/16/2017 16:47,44.173
8993,5/16/2017 16:48,44.263
8994,5/16/2017 16:49,44.31
8995,5/16/2017 16:50,44.355
8996,5/16/2017 16:51,44.355
8997,5/16/2017 16:52,44.355
8998,5/16/2017 16:53,44.355
8999,5/16/2017 16:54,44.355
9000,5/16/2017 16:55,44.355
9001,5/16/2017 16:56,44.355
9002,5/16/2017 16:57,44.355
9003,5/16/2017 16:58,44.355
9004,5/16/2017 16:59,44.355
9005,5/16/2017 17:00,44.355
9006,5/16/2017 17:01,44.355
9007,5/16/2017 17:02,44.355
9008,5/16/2017 17:03,44.355
9009,5/16/2017 17:04,44.355
9010,5/16/2017 17:05,44.355
9011,5/16/2017 17:06,44.355
9012,5/16/2017 17:07,44.355
9013,5/16/2017 17:08,44.355
9014,5/16/2017 17:09,44.355
9015,5/16/2017 17:10,44.355
9016,5/16/2017 17:11,44.355
9017,5/16/2017 17:12,44.355
9018,5/16/2017 17:13,44.355
9019,5/16/2017 17:14,44.355
9020,5/16/2017 17:15,44.355
9021,5/16/2017 17:16,44.355
9022,5/16/2017 17:17,44.355
9023,5/16/2017 17:18,44.355
9024,5/16/2017 17:19,44.355
9025,5/16/2017 17:20,44.355
9026,5/16/2017 17:21,44.355
9027,5/16/2017 17:22,44.355
9028,5/16/2017 17:23,44.355
9029,5/16/2017 17:24,44.355
9030,5/16/2017 17:25,44.355
9031,5/16/2017 17:26,44.355
9032,5/16/2017 17:27,44.355
9033,5/16/2017 17:28,44.355
9034,5/16/2017 17:29,44.355
9035,5/16/2017 17:30,44.355
9036,5/16/2017 17:31,44.355
9037,5/16/2017 17:32,44.31
9038,5/16/2017 17:33,44.037
9039,5/16/2017 17:34,43.624
9040,5/16/2017 17:35,43.167
9041,5/16/2017 17:36,43.167
9042,5/16/2017 17:37,43.214
9043,5/16/2017 17:38,44.4
9044,5/16/2017 17:39,45.082
9045,5/16/2017 17:40,45.669
9046,5/16/2017 17:41,47.289
9047,5/16/2017 17:42,48.493
9048,5/16/2017 17:43,48.85
9049,5/16/2017 17:44,48.805
9050,5/16/2017 17:45,48.717
9051,5/16/2017 17:46,48.493
9052,5/16/2017 17:47,48.315
9053,5/16/2017 17:48,48.182
9054,5/16/2017 17:49,48.049
9055,5/16/2017 17:50,47.959
9056,5/16/2017 17:51,47.871
9057,5/16/2017 17:52,47.781
9058,5/16/2017 17:53,47.691
9059,5/16/2017 17:54,47.647
9060,5/16/2017 17:55,47.602
9061,5/16/2017 17:56,47.602
9062,5/16/2017 17:57,47.557
9063,5/16/2017 17:58,47.512
9064,5/16/2017 17:59,47.512
9065,5/16/2017 18:00,47.512
9066,5/16/2017 18:01,47.467
9067,5/16/2017 18:02,47.467
9068,5/16/2017 18:03,47.467
9069,5/16/2017 18:04,47.467
9070,5/16/2017 18:05,47.467
9071,5/16/2017 18:06,47.467
9072,5/16/2017 18:07,47.467
9073,5/16/2017 18:08,47.467
9074,5/16/2017 18:09,47.467
9075,5/16/2017 18:10,47.467
9076,5/16/2017 18:11,47.467
9077,5/16/2017 18:12,47.467
9078,5/16/2017 18:13,47.467
9079,5/16/2017 18:14,47.467
9080,5/16/2017 18:15,47.467
9081,5/16/2017 18:16,47.467
9082,5/16/2017 18:17,47.467
9083,5/16/2017 18:18,47.467
9084,5/16/2017 18:19,47.467
9085,5/16/2017 18:20,47.467
9086,5/16/2017 18:21,47.467
9087,5/16/2017 18:22,47.512
9088,5/16/2017 18:23,47.691
9089,5/16/2017 18:24,47.914
9090,5/16/2017 18:25,47.914
9091,5/16/2017 18:26,48.315
9092,5/16/2017 18:27,47.512
9093,5/16/2017 18:28,46.706
9094,5/16/2017 18:29,46.076
9095,5/16/2017 18:30,45.399
9096,5/16/2017 18:31,44.537
9097,5/16/2017 18:32,44.218
9098,5/16/2017 18:33,43.808
9099,5/16/2017 18:34,43.671
9100,5/16/2017 18:35,43.534
9101,5/16/2017 18:36,43.534
9102,5/16/2017 18:37,43.9
9103,5/16/2017 18:38,44.082
9104,5/16/2017 18:39,44.173
9105,5/16/2017 18:40,44.218
9106,5/16/2017 18:41,44.263
9107,5/16/2017 18:42,44.263
9108,5/16/2017 18:43,44.263
9109,5/16/2017 18:44,44.263
9110,5/16/2017 18:45,44.263
9111,5/16/2017 18:46,44.263
9112,5/16/2017 18:47,44.263
9113,5/16/2017 18:48,44.263
9114,5/16/2017 18:49,44.263
9115,5/16/2017 18:50,44.263
9116,5/16/2017 18:51,44.263
9117,5/16/2017 18:52,44.263
9118,5/16/2017 18:53,44.263
9119,5/16/2017 18:54,44.263
9120,5/16/2017 18:55,44.263
9121,5/16/2017 18:56,44.263
9122,5/16/2017 18:57,44.263
9123,5/16/2017 18:58,44.263
9124,5/16/2017 18:59,44.263
9125,5/16/2017 19:00,44.263
9126,5/16/2017 19:01,44.263
9127,5/16/2017 19:02,44.263
9128,5/16/2017 19:03,44.263
9129,5/16/2017 19:04,44.263
9130,5/16/2017 19:05,44.263
9131,5/16/2017 19:06,44.263
9132,5/16/2017 19:07,44.263
9133,5/16/2017 19:08,44.263
9134,5/16/2017 19:09,44.263
9135,5/16/2017 19:10,44.263
9136,5/16/2017 19:11,44.263
9137,5/16/2017 19:12,44.263
9138,5/16/2017 19:13,44.263
9139,5/16/2017 19:14,44.263
9140,5/16/2017 19:15,44.263
9141,5/16/2017 19:16,44.263
9142,5/16/2017 19:17,43.853
9143,5/16/2017 19:18,43.99
9144,5/16/2017 19:19,44.127
9145,5/16/2017 19:20,44.627
9146,5/16/2017 19:21,45.082
9147,5/16/2017 19:22,45.444
9148,5/16/2017 19:23,45.806
9149,5/16/2017 19:24,47.109
9150,5/16/2017 19:25,47.557
9151,5/16/2017 19:26,47.422
9152,5/16/2017 19:27,47.334
9153,5/16/2017 19:28,47.244
9154,5/16/2017 19:29,47.154
9155,5/16/2017 19:30,47.064
9156,5/16/2017 19:31,46.974
9157,5/16/2017 19:32,46.886
9158,5/16/2017 19:33,46.841
9159,5/16/2017 19:34,46.796
9160,5/16/2017 19:35,46.751
9161,5/16/2017 19:36,46.706
9162,5/16/2017 19:37,46.661
9163,5/16/2017 19:38,46.616
9164,5/16/2017 19:39,46.616
9165,5/16/2017 19:40,46.571
9166,5/16/2017 19:41,46.526
9167,5/16/2017 19:42,46.526
9168,5/16/2017 19:43,46.526
9169,5/16/2017 19:44,46.526
9170,5/16/2017 19:45,46.526
9171,5/16/2017 19:46,46.481
9172,5/16/2017 19:47,46.481
9173,5/16/2017 19:48,46.481
9174,5/16/2017 19:49,46.481
9175,5/16/2017 19:50,46.481
9176,5/16/2017 19:51,46.526
9177,5/16/2017 19:52,46.526
9178,5/16/2017 19:53,46.571
9179,5/16/2017 19:54,46.751
9180,5/16/2017 19:55,47.019
9181,5/16/2017 19:56,47.064
9182,5/16/2017 19:57,46.391
9183,5/16/2017 19:58,45.444
9184,5/16/2017 19:59,44.764
9185,5/16/2017 20:00,43.99
9186,5/16/2017 20:01,43.534
9187,5/16/2017 20:02,43.167
9188,5/16/2017 20:03,43.167
9189,5/16/2017 20:04,43.259
9190,5/16/2017 20:05,43.396
9191,5/16/2017 20:06,43.716
9192,5/16/2017 20:07,43.853
9193,5/16/2017 20:08,43.9
9194,5/16/2017 20:09,43.945
9195,5/16/2017 20:10,43.99
9196,5/16/2017 20:11,43.99
9197,5/16/2017 20:12,43.99
9198,5/16/2017 20:13,43.99
9199,5/16/2017 20:14,43.99
9200,5/16/2017 20:15,43.99
9201,5/16/2017 20:16,43.99
9202,5/16/2017 20:17,43.99
9203,5/16/2017 20:18,43.99
9204,5/16/2017 20:19,43.99
9205,5/16/2017 20:20,43.99
9206,5/16/2017 20:21,43.99
9207,5/16/2017 20:22,43.99
9208,5/16/2017 20:23,43.99
9209,5/16/2017 20:24,43.99
9210,5/16/2017 20:25,43.99
9211,5/16/2017 20:26,43.99
9212,5/16/2017 20:27,43.99
9213,5/16/2017 20:28,43.99
9214,5/16/2017 20:29,43.99
9215,5/16/2017 20:30,43.99
9216,5/16/2017 20:31,43.945
9217,5/16/2017 20:32,43.945
9218,5/16/2017 20:33,43.945
9219,5/16/2017 20:34,43.945
9220,5/16/2017 20:35,43.945
9221,5/16/2017 20:36,43.945
9222,5/16/2017 20:37,43.945
9223,5/16/2017 20:38,43.945
9224,5/16/2017 20:39,43.945
9225,5/16/2017 20:40,43.945
9226,5/16/2017 20:41,43.945
9227,5/16/2017 20:42,43.945
9228,5/16/2017 20:43,43.945
9229,5/16/2017 20:44,43.945
9230,5/16/2017 20:45,43.9
9231,5/16/2017 20:46,43.396
9232,5/16/2017 20:47,43.03
9233,5/16/2017 20:48,42.939
9234,5/16/2017 20:49,43.396
9235,5/16/2017 20:50,44.037
9236,5/16/2017 20:51,44.218
9237,5/16/2017 20:52,45.262
9238,5/16/2017 20:53,46.526
9239,5/16/2017 20:54,46.974
9240,5/16/2017 20:55,46.841
9241,5/16/2017 20:56,46.796
9242,5/16/2017 20:57,46.706
9243,5/16/2017 20:58,46.706
9244,5/16/2017 20:59,46.796
9245,5/16/2017 21:00,46.886
9246,5/16/2017 21:01,46.931
9247,5/16/2017 21:02,46.974
9248,5/16/2017 21:03,46.974
9249,5/16/2017 21:04,46.886
9250,5/16/2017 21:05,46.796
9251,5/16/2017 21:06,46.751
9252,5/16/2017 21:07,46.886
9253,5/16/2017 21:08,46.931
9254,5/16/2017 21:09,46.974
9255,5/16/2017 21:10,47.019
9256,5/16/2017 21:11,47.019
9257,5/16/2017 21:12,47.064
9258,5/16/2017 21:13,47.109
9259,5/16/2017 21:14,47.109
9260,5/16/2017 21:15,47.154
9261,5/16/2017 21:16,47.199
9262,5/16/2017 21:17,47.199
9263,5/16/2017 21:18,47.244
9264,5/16/2017 21:19,47.244
9265,5/16/2017 21:20,47.244
9266,5/16/2017 21:21,47.244
9267,5/16/2017 21:22,47.199
9268,5/16/2017 21:23,47.199
9269,5/16/2017 21:24,47.199
9270,5/16/2017 21:25,47.154
9271,5/16/2017 21:26,47.109
9272,5/16/2017 21:27,47.109
9273,5/16/2017 21:28,47.109
9274,5/16/2017 21:29,47.154
9275,5/16/2017 21:30,47.199
9276,5/16/2017 21:31,47.199
9277,5/16/2017 21:32,47.199
9278,5/16/2017 21:33,47.199
9279,5/16/2017 21:34,47.244
9280,5/16/2017 21:35,47.154
9281,5/16/2017 21:36,47.109
9282,5/16/2017 21:37,47.064
9283,5/16/2017 21:38,46.974
9284,5/16/2017 21:39,47.019
9285,5/16/2017 21:40,47.064
9286,5/16/2017 21:41,47.064
9287,5/16/2017 21:42,47.109
9288,5/16/2017 21:43,47.109
9289,5/16/2017 21:44,47.109
9290,5/16/2017 21:45,47.109
9291,5/16/2017 21:46,47.064
9292,5/16/2017 21:47,47.019
9293,5/16/2017 21:48,47.019
9294,5/16/2017 21:49,47.019
9295,5/16/2017 21:50,47.019
9296,5/16/2017 21:51,47.019
9297,5/16/2017 21:52,47.019
9298,5/16/2017 21:53,47.019
9299,5/16/2017 21:54,46.974
9300,5/16/2017 21:55,46.974
9301,5/16/2017 21:56,46.974
9302,5/16/2017 21:57,46.886
9303,5/16/2017 21:58,46.886
9304,5/16/2017 21:59,46.841
9305,5/16/2017 22:00,46.751
9306,5/16/2017 22:01,46.751
9307,5/16/2017 22:02,46.796
9308,5/16/2017 22:03,46.796
9309,5/16/2017 22:04,46.841
9310,5/16/2017 22:05,46.841
9311,5/16/2017 22:06,46.796
9312,5/16/2017 22:07,46.751
9313,5/16/2017 22:08,46.661
9314,5/16/2017 22:09,46.661
9315,5/16/2017 22:10,46.706
9316,5/16/2017 22:11,46.706
9317,5/16/2017 22:12,46.751
9318,5/16/2017 22:13,46.751
9319,5/16/2017 22:14,46.751
9320,5/16/2017 22:15,46.751
9321,5/16/2017 22:16,46.706
9322,5/16/2017 22:17,46.661
9323,5/16/2017 22:18,46.661
9324,5/16/2017 22:19,46.616
9325,5/16/2017 22:20,46.616
9326,5/16/2017 22:21,46.661
9327,5/16/2017 22:22,46.706
9328,5/16/2017 22:23,46.706
9329,5/16/2017 22:24,46.751
9330,5/16/2017 22:25,46.751
9331,5/16/2017 22:26,46.796
9332,5/16/2017 22:27,46.751
9333,5/16/2017 22:28,46.751
9334,5/16/2017 22:29,46.796
9335,5/16/2017 22:30,46.751
9336,5/16/2017 22:31,46.706
9337,5/16/2017 22:32,46.706
9338,5/16/2017 22:33,46.706
9339,5/16/2017 22:34,46.706
9340,5/16/2017 22:35,46.706
9341,5/16/2017 22:36,46.706
9342,5/16/2017 22:37,46.751
9343,5/16/2017 22:38,46.751
9344,5/16/2017 22:39,46.751
9345,5/16/2017 22:40,46.796
9346,5/16/2017 22:41,46.796
9347,5/16/2017 22:42,46.796
9348,5/16/2017 22:43,46.751
9349,5/16/2017 22:44,46.706
9350,5/16/2017 22:45,46.661
9351,5/16/2017 22:46,46.616
9352,5/16/2017 22:47,46.661
9353,5/16/2017 22:48,46.706
9354,5/16/2017 22:49,46.706
9355,5/16/2017 22:50,46.706
9356,5/16/2017 22:51,46.751
9357,5/16/2017 22:52,46.706
9358,5/16/2017 22:53,46.706
9359,5/16/2017 22:54,46.706
9360,5/16/2017 22:55,46.706
9361,5/16/2017 22:56,46.706
9362,5/16/2017 22:57,46.706
9363,5/16/2017 22:58,46.706
9364,5/16/2017 22:59,46.661
9365,5/16/2017 23:00,46.661
9366,5/16/2017 23:01,46.661
9367,5/16/2017 23:02,46.661
9368,5/16/2017 23:03,46.661
9369,5/16/2017 23:04,46.706
9370,5/16/2017 23:05,46.706
9371,5/16/2017 23:06,46.661
9372,5/16/2017 23:07,46.706
9373,5/16/2017 23:08,46.706
9374,5/16/2017 23:09,46.706
9375,5/16/2017 23:10,46.661
9376,5/16/2017 23:11,46.616
9377,5/16/2017 23:12,46.616
9378,5/16/2017 23:13,46.616
9379,5/16/2017 23:14,46.616
9380,5/16/2017 23:15,46.571
9381,5/16/2017 23:16,46.571
9382,5/16/2017 23:17,46.616
9383,5/16/2017 23:18,46.616
9384,5/16/2017 23:19,46.616
9385,5/16/2017 23:20,46.616
9386,5/16/2017 23:21,46.661
9387,5/16/2017 23:22,46.616
9388,5/16/2017 23:23,46.616
9389,5/16/2017 23:24,46.616
9390,5/16/2017 23:25,46.571
9391,5/16/2017 23:26,46.571
9392,5/16/2017 23:27,46.526
9393,5/16/2017 23:28,46.571
9394,5/16/2017 23:29,46.571
9395,5/16/2017 23:30,46.571
9396,5/16/2017 23:31,46.526
9397,5/16/2017 23:32,46.526
9398,5/16/2017 23:33,46.571
9399,5/16/2017 23:34,46.526
9400,5/16/2017 23:35,46.526
9401,5/16/2017 23:36,46.526
9402,5/16/2017 23:37,46.481
9403,5/16/2017 23:38,46.526
9404,5/16/2017 23:39,46.526
9405,5/16/2017 23:40,46.526
9406,5/16/2017 23:41,46.526
9407,5/16/2017 23:42,46.526
9408,5/16/2017 23:43,46.526
9409,5/16/2017 23:44,46.526
9410,5/16/2017 23:45,46.526
9411,5/16/2017 23:46,46.571
9412,5/16/2017 23:47,46.526
9413,5/16/2017 23:48,46.526
9414,5/16/2017 23:49,46.526
9415,5/16/2017 23:50,46.526
9416,5/16/2017 23:51,46.526
9417,5/16/2017 23:52,46.526
9418,5/16/2017 23:53,46.481
9419,5/16/2017 23:54,46.481
9420,5/16/2017 23:55,46.481
9421,5/16/2017 23:56,46.481
9422,5/16/2017 23:57,46.526
9423,5/16/2017 23:58,46.481
9424,5/16/2017 23:59,46.481
9425,5/17/2017 0:00,46.526
9426,5/17/2017 0:01,46.526
9427,5/17/2017 0:02,46.526
9428,5/17/2017 0:03,46.526
9429,5/17/2017 0:04,46.526
9430,5/17/2017 0:05,46.526
9431,5/17/2017 0:06,46.436
9432,5/17/2017 0:07,46.481
9433,5/17/2017 0:08,46.481
9434,5/17/2017 0:09,46.526
9435,5/17/2017 0:10,46.526
9436,5/17/2017 0:11,46.526
9437,5/17/2017 0:12,46.526
9438,5/17/2017 0:13,46.526
9439,5/17/2017 0:14,46.526
9440,5/17/2017 0:15,46.526
9441,5/17/2017 0:16,46.571
9442,5/17/2017 0:17,46.571
9443,5/17/2017 0:18,46.526
9444,5/17/2017 0:19,46.571
9445,5/17/2017 0:20,46.571
9446,5/17/2017 0:21,46.571
9447,5/17/2017 0:22,46.571
9448,5/17/2017 0:23,46.571
9449,5/17/2017 0:24,46.571
9450,5/17/2017 0:25,46.571
9451,5/17/2017 0:26,46.571
9452,5/17/2017 0:27,46.571
9453,5/17/2017 0:28,46.571
9454,5/17/2017 0:29,46.571
9455,5/17/2017 0:30,46.571
9456,5/17/2017 0:31,46.571
9457,5/17/2017 0:32,46.571
9458,5/17/2017 0:33,46.571
9459,5/17/2017 0:34,46.571
9460,5/17/2017 0:35,46.571
9461,5/17/2017 0:36,46.526
9462,5/17/2017 0:37,46.391
9463,5/17/2017 0:38,46.301
9464,5/17/2017 0:39,46.211
9465,5/17/2017 0:40,46.166
9466,5/17/2017 0:41,46.076
9467,5/17/2017 0:42,46.076
9468,5/17/2017 0:43,45.986
9469,5/17/2017 0:44,45.941
9470,5/17/2017 0:45,45.896
9471,5/17/2017 0:46,45.896
9472,5/17/2017 0:47,45.896
9473,5/17/2017 0:48,45.986
9474,5/17/2017 0:49,46.076
9475,5/17/2017 0:50,46.166
9476,5/17/2017 0:51,46.211
9477,5/17/2017 0:52,46.211
9478,5/17/2017 0:53,46.256
9479,5/17/2017 0:54,46.256
9480,5/17/2017 0:55,46.301
9481,5/17/2017 0:56,46.346
9482,5/17/2017 0:57,46.391
9483,5/17/2017 0:58,46.391
9484,5/17/2017 0:59,46.391
9485,5/17/2017 1:00,46.436
9486,5/17/2017 1:01,46.436
9487,5/17/2017 1:02,46.436
9488,5/17/2017 1:03,46.436
9489,5/17/2017 1:04,46.436
9490,5/17/2017 1:05,46.436
9491,5/17/2017 1:06,46.436
9492,5/17/2017 1:07,46.436
9493,5/17/2017 1:08,46.436
9494,5/17/2017 1:09,46.436
9495,5/17/2017 1:10,46.436
9496,5/17/2017 1:11,46.436
9497,5/17/2017 1:12,46.436
9498,5/17/2017 1:13,46.481
9499,5/17/2017 1:14,46.481
9500,5/17/2017 1:15,46.481
9501,5/17/2017 1:16,46.526
9502,5/17/2017 1:17,46.526
9503,5/17/2017 1:18,46.526
9504,5/17/2017 1:19,46.526
9505,5/17/2017 1:20,46.526
9506,5/17/2017 1:21,46.526
9507,5/17/2017 1:22,46.526
9508,5/17/2017 1:23,46.481
9509,5/17/2017 1:24,46.526
9510,5/17/2017 1:25,46.526
9511,5/17/2017 1:26,46.526
9512,5/17/2017 1:27,46.571
9513,5/17/2017 1:28,46.571
9514,5/17/2017 1:29,46.571
9515,5/17/2017 1:30,46.571
9516,5/17/2017 1:31,46.571
9517,5/17/2017 1:32,46.616
9518,5/17/2017 1:33,46.616
9519,5/17/2017 1:34,46.616
9520,5/17/2017 1:35,46.616
9521,5/17/2017 1:36,46.616
9522,5/17/2017 1:37,46.571
9523,5/17/2017 1:38,46.526
9524,5/17/2017 1:39,46.526
9525,5/17/2017 1:40,46.526
9526,5/17/2017 1:41,46.526
9527,5/17/2017 1:42,46.436
9528,5/17/2017 1:43,46.436
9529,5/17/2017 1:44,46.436
9530,5/17/2017 1:45,46.436
9531,5/17/2017 1:46,46.436
9532,5/17/2017 1:47,46.436
9533,5/17/2017 1:48,46.436
9534,5/17/2017 1:49,46.391
9535,5/17/2017 1:50,46.391
9536,5/17/2017 1:51,46.391
9537,5/17/2017 1:52,46.346
9538,5/17/2017 1:53,46.346
9539,5/17/2017 1:54,46.301
9540,5/17/2017 1:55,46.256
9541,5/17/2017 1:56,46.256
9542,5/17/2017 1:57,46.256
9543,5/17/2017 1:58,46.256
9544,5/17/2017 1:59,46.256
9545,5/17/2017 2:00,46.256
9546,5/17/2017 2:01,46.256
9547,5/17/2017 2:02,46.256
9548,5/17/2017 2:03,46.256
9549,5/17/2017 2:04,46.211
9550,5/17/2017 2:05,46.211
9551,5/17/2017 2:06,46.211
9552,5/17/2017 2:07,46.211
9553,5/17/2017 2:08,46.211
9554,5/17/2017 2:09,46.256
9555,5/17/2017 2:10,46.256
9556,5/17/2017 2:11,46.256
9557,5/17/2017 2:12,46.256
9558,5/17/2017 2:13,46.256
9559,5/17/2017 2:14,46.256
9560,5/17/2017 2:15,46.256
9561,5/17/2017 2:16,46.256
9562,5/17/2017 2:17,46.301
9563,5/17/2017 2:18,46.256
9564,5/17/2017 2:19,46.301
9565,5/17/2017 2:20,46.301
9566,5/17/2017 2:21,46.256
9567,5/17/2017 2:22,46.301
9568,5/17/2017 2:23,46.256
9569,5/17/2017 2:24,46.256
9570,5/17/2017 2:25,46.211
9571,5/17/2017 2:26,46.166
9572,5/17/2017 2:27,46.121
9573,5/17/2017 2:28,46.121
9574,5/17/2017 2:29,46.121
9575,5/17/2017 2:30,46.166
9576,5/17/2017 2:31,46.166
9577,5/17/2017 2:32,46.166
9578,5/17/2017 2:33,46.121
9579,5/17/2017 2:34,46.076
9580,5/17/2017 2:35,46.121
9581,5/17/2017 2:36,46.076
9582,5/17/2017 2:37,46.076
9583,5/17/2017 2:38,46.031
9584,5/17/2017 2:39,46.031
9585,5/17/2017 2:40,46.031
9586,5/17/2017 2:41,45.986
9587,5/17/2017 2:42,45.986
9588,5/17/2017 2:43,45.986
9589,5/17/2017 2:44,45.986
9590,5/17/2017 2:45,45.986
9591,5/17/2017 2:46,45.941
9592,5/17/2017 2:47,45.941
9593,5/17/2017 2:48,45.941
9594,5/17/2017 2:49,45.986
9595,5/17/2017 2:50,46.031
9596,5/17/2017 2:51,46.076
9597,5/17/2017 2:52,46.076
9598,5/17/2017 2:53,46.076
9599,5/17/2017 2:54,46.031
9600,5/17/2017 2:55,45.986
9601,5/17/2017 2:56,45.986
9602,5/17/2017 2:57,45.986
9603,5/17/2017 2:58,45.986
9604,5/17/2017 2:59,46.031
9605,5/17/2017 3:00,46.076
9606,5/17/2017 3:01,46.076
9607,5/17/2017 3:02,46.076
9608,5/17/2017 3:03,46.121
9609,5/17/2017 3:04,46.121
9610,5/17/2017 3:05,46.166
9611,5/17/2017 3:06,46.166
9612,5/17/2017 3:07,46.166
9613,5/17/2017 3:08,46.211
9614,5/17/2017 3:09,46.211
9615,5/17/2017 3:10,46.211
9616,5/17/2017 3:11,46.211
9617,5/17/2017 3:12,46.211
9618,5/17/2017 3:13,46.166
9619,5/17/2017 3:14,46.166
9620,5/17/2017 3:15,46.121
9621,5/17/2017 3:16,46.121
9622,5/17/2017 3:17,46.031
9623,5/17/2017 3:18,46.031
9624,5/17/2017 3:19,46.031
9625,5/17/2017 3:20,46.031
9626,5/17/2017 3:21,46.031
9627,5/17/2017 3:22,46.076
9628,5/17/2017 3:23,46.076
9629,5/17/2017 3:24,46.076
9630,5/17/2017 3:25,46.076
9631,5/17/2017 3:26,46.031
9632,5/17/2017 3:27,46.031
9633,5/17/2017 3:28,46.031
9634,5/17/2017 3:29,46.031
9635,5/17/2017 3:30,46.031
9636,5/17/2017 3:31,46.031
9637,5/17/2017 3:32,46.031
9638,5/17/2017 3:33,46.031
9639,5/17/2017 3:34,46.031
9640,5/17/2017 3:35,46.031
9641,5/17/2017 3:36,46.031
9642,5/17/2017 3:37,45.986
9643,5/17/2017 3:38,45.986
9644,5/17/2017 3:39,45.986
9645,5/17/2017 3:40,45.986
9646,5/17/2017 3:41,46.031
9647,5/17/2017 3:42,45.986
9648,5/17/2017 3:43,45.986
9649,5/17/2017 3:44,45.941
9650,5/17/2017 3:45,45.941
9651,5/17/2017 3:46,45.941
9652,5/17/2017 3:47,45.941
9653,5/17/2017 3:48,45.941
9654,5/17/2017 3:49,45.941
9655,5/17/2017 3:50,45.896
9656,5/17/2017 3:51,45.896
9657,5/17/2017 3:52,45.941
9658,5/17/2017 3:53,45.896
9659,5/17/2017 3:54,45.896
9660,5/17/2017 3:55,45.851
9661,5/17/2017 3:56,45.851
9662,5/17/2017 3:57,45.806
9663,5/17/2017 3:58,45.806
9664,5/17/2017 3:59,45.851
9665,5/17/2017 4:00,45.806
9666,5/17/2017 4:01,45.851
9667,5/17/2017 4:02,45.851
9668,5/17/2017 4:03,45.851
9669,5/17/2017 4:04,45.851
9670,5/17/2017 4:05,45.851
9671,5/17/2017 4:06,45.851
9672,5/17/2017 4:07,45.851
9673,5/17/2017 4:08,45.851
9674,5/17/2017 4:09,45.851
9675,5/17/2017 4:10,45.806
9676,5/17/2017 4:11,45.806
9677,5/17/2017 4:12,45.851
9678,5/17/2017 4:13,45.851
9679,5/17/2017 4:14,45.806
9680,5/17/2017 4:15,45.806
9681,5/17/2017 4:16,45.806
9682,5/17/2017 4:17,45.806
9683,5/17/2017 4:18,45.806
9684,5/17/2017 4:19,45.851
9685,5/17/2017 4:20,45.806
9686,5/17/2017 4:21,45.806
9687,5/17/2017 4:22,45.806
9688,5/17/2017 4:23,45.806
9689,5/17/2017 4:24,45.851
9690,5/17/2017 4:25,45.851
9691,5/17/2017 4:26,45.851
9692,5/17/2017 4:27,45.851
9693,5/17/2017 4:28,45.851
9694,5/17/2017 4:29,45.851
9695,5/17/2017 4:30,45.851
9696,5/17/2017 4:31,45.851
9697,5/17/2017 4:32,45.896
9698,5/17/2017 4:33,45.896
9699,5/17/2017 4:34,45.896
9700,5/17/2017 4:35,45.896
9701,5/17/2017 4:36,45.896
9702,5/17/2017 4:37,45.941
9703,5/17/2017 4:38,45.941
9704,5/17/2017 4:39,45.941
9705,5/17/2017 4:40,45.941
9706,5/17/2017 4:41,45.896
9707,5/17/2017 4:42,45.896
9708,5/17/2017 4:43,45.941
9709,5/17/2017 4:44,45.896
9710,5/17/2017 4:45,45.896
9711,5/17/2017 4:46,45.896
9712,5/17/2017 4:47,45.896
9713,5/17/2017 4:48,45.896
9714,5/17/2017 4:49,45.896
9715,5/17/2017 4:50,45.896
9716,5/17/2017 4:51,45.896
9717,5/17/2017 4:52,45.941
9718,5/17/2017 4:53,45.896
9719,5/17/2017 4:54,45.896
9720,5/17/2017 4:55,45.941
9721,5/17/2017 4:56,45.941
9722,5/17/2017 4:57,45.941
9723,5/17/2017 4:58,45.941
9724,5/17/2017 4:59,45.941
9725,5/17/2017 5:00,45.986
9726,5/17/2017 5:01,45.986
9727,5/17/2017 5:02,46.031
9728,5/17/2017 5:03,46.076
9729,5/17/2017 5:04,46.076
9730,5/17/2017 5:05,46.121
9731,5/17/2017 5:06,46.121
9732,5/17/2017 5:07,46.121
9733,5/17/2017 5:08,46.121
9734,5/17/2017 5:09,46.121
9735,5/17/2017 5:10,46.121
9736,5/17/2017 5:11,46.166
9737,5/17/2017 5:12,46.166
9738,5/17/2017 5:13,46.211
9739,5/17/2017 5:14,46.256
9740,5/17/2017 5:15,46.256
9741,5/17/2017 5:16,46.301
9742,5/17/2017 5:17,46.301
9743,5/17/2017 5:18,46.301
9744,5/17/2017 5:19,46.301
9745,5/17/2017 5:20,46.301
9746,5/17/2017 5:21,46.346
9747,5/17/2017 5:22,46.391
9748,5/17/2017 5:23,46.436
9749,5/17/2017 5:24,46.436
9750,5/17/2017 5:25,46.481
9751,5/17/2017 5:26,46.481
9752,5/17/2017 5:27,46.481
9753,5/17/2017 5:28,46.481
9754,5/17/2017 5:29,46.526
9755,5/17/2017 5:30,46.526
9756,5/17/2017 5:31,46.571
9757,5/17/2017 5:32,46.616
9758,5/17/2017 5:33,46.661
9759,5/17/2017 5:34,46.661
9760,5/17/2017 5:35,46.661
9761,5/17/2017 5:36,46.706
9762,5/17/2017 5:37,46.706
9763,5/17/2017 5:38,46.706
9764,5/17/2017 5:39,46.706
9765,5/17/2017 5:40,46.751
9766,5/17/2017 5:41,46.751
9767,5/17/2017 5:42,46.796
9768,5/17/2017 5:43,46.796
9769,5/17/2017 5:44,46.841
9770,5/17/2017 5:45,46.841
9771,5/17/2017 5:46,46.886
9772,5/17/2017 5:47,46.886
9773,5/17/2017 5:48,46.886
9774,5/17/2017 5:49,46.931
9775,5/17/2017 5:50,46.931
9776,5/17/2017 5:51,46.931
9777,5/17/2017 5:52,46.974
9778,5/17/2017 5:53,46.974
9779,5/17/2017 5:54,46.974
9780,5/17/2017 5:55,47.019
9781,5/17/2017 5:56,47.019
9782,5/17/2017 5:57,47.064
9783,5/17/2017 5:58,47.064
9784,5/17/2017 5:59,47.109
9785,5/17/2017 6:00,47.109
9786,5/17/2017 6:01,47.109
9787,5/17/2017 6:02,47.109
9788,5/17/2017 6:03,47.109
9789,5/17/2017 6:04,47.154
9790,5/17/2017 6:05,47.154
9791,5/17/2017 6:06,47.199
9792,5/17/2017 6:07,47.199
9793,5/17/2017 6:08,47.244
9794,5/17/2017 6:09,47.289
9795,5/17/2017 6:10,47.289
9796,5/17/2017 6:11,47.289
9797,5/17/2017 6:12,47.289
9798,5/17/2017 6:13,47.334
9799,5/17/2017 6:14,47.334
9800,5/17/2017 6:15,47.377
9801,5/17/2017 6:16,47.377
9802,5/17/2017 6:17,47.422
9803,5/17/2017 6:18,47.467
9804,5/17/2017 6:19,47.467
9805,5/17/2017 6:20,47.467
9806,5/17/2017 6:21,47.422
9807,5/17/2017 6:22,47.422
9808,5/17/2017 6:23,47.377
9809,5/17/2017 6:24,47.334
9810,5/17/2017 6:25,47.289
9811,5/17/2017 6:26,47.244
9812,5/17/2017 6:27,47.244
9813,5/17/2017 6:28,47.199
9814,5/17/2017 6:29,47.199
9815,5/17/2017 6:30,47.199
9816,5/17/2017 6:31,47.244
9817,5/17/2017 6:32,47.289
9818,5/17/2017 6:33,47.289
9819,5/17/2017 6:34,47.244
9820,5/17/2017 6:35,47.244
9821,5/17/2017 6:36,47.199
9822,5/17/2017 6:37,47.199
9823,5/17/2017 6:38,47.154
9824,5/17/2017 6:39,47.154
9825,5/17/2017 6:40,47.154
9826,5/17/2017 6:41,47.154
9827,5/17/2017 6:42,47.154
9828,5/17/2017 6:43,47.154
9829,5/17/2017 6:44,47.154
9830,5/17/2017 6:45,47.109
9831,5/17/2017 6:46,47.109
9832,5/17/2017 6:47,47.109
9833,5/17/2017 6:48,47.154
9834,5/17/2017 6:49,47.154
9835,5/17/2017 6:50,47.289
9836,5/17/2017 6:51,47.109
9837,5/17/2017 6:52,46.796
9838,5/17/2017 6:53,45.714
9839,5/17/2017 6:54,44.764
9840,5/17/2017 6:55,44.218
9841,5/17/2017 6:56,44.082
9842,5/17/2017 6:57,43.9
9843,5/17/2017 6:58,43.579
9844,5/17/2017 6:59,43.624
9845,5/17/2017 7:00,43.534
9846,5/17/2017 7:01,43.534
9847,5/17/2017 7:02,43.624
9848,5/17/2017 7:03,43.579
9849,5/17/2017 7:04,43.624
9850,5/17/2017 7:05,43.624
9851,5/17/2017 7:06,43.671
9852,5/17/2017 7:07,43.671
9853,5/17/2017 7:08,43.716
9854,5/17/2017 7:09,43.716
9855,5/17/2017 7:10,43.716
9856,5/17/2017 7:11,43.671
9857,5/17/2017 7:12,43.671
9858,5/17/2017 7:13,43.624
9859,5/17/2017 7:14,43.624
9860,5/17/2017 7:15,43.579
9861,5/17/2017 7:16,43.534
9862,5/17/2017 7:17,43.488
9863,5/17/2017 7:18,43.488
9864,5/17/2017 7:19,43.534
9865,5/17/2017 7:20,43.488
9866,5/17/2017 7:21,43.443
9867,5/17/2017 7:22,43.396
9868,5/17/2017 7:23,43.351
9869,5/17/2017 7:24,43.306
9870,5/17/2017 7:25,43.259
9871,5/17/2017 7:26,43.214
9872,5/17/2017 7:27,43.214
9873,5/17/2017 7:28,43.214
9874,5/17/2017 7:29,43.167
9875,5/17/2017 7:30,43.167
9876,5/17/2017 7:31,43.122
9877,5/17/2017 7:32,43.122
9878,5/17/2017 7:33,43.122
9879,5/17/2017 7:34,43.122
9880,5/17/2017 7:35,43.122
9881,5/17/2017 7:36,43.122
9882,5/17/2017 7:37,43.122
9883,5/17/2017 7:38,43.122
9884,5/17/2017 7:39,43.122
9885,5/17/2017 7:40,43.122
9886,5/17/2017 7:41,43.122
9887,5/17/2017 7:42,43.03
9888,5/17/2017 7:43,43.534
9889,5/17/2017 7:44,43.99
9890,5/17/2017 7:45,45.217
9891,5/17/2017 7:46,46.256
9892,5/17/2017 7:47,46.616
9893,5/17/2017 7:48,46.706
9894,5/17/2017 7:49,46.796
9895,5/17/2017 7:50,46.886
9896,5/17/2017 7:51,46.974
9897,5/17/2017 7:52,47.019
9898,5/17/2017 7:53,47.109
9899,5/17/2017 7:54,47.154
9900,5/17/2017 7:55,47.199
9901,5/17/2017 7:56,47.244
9902,5/17/2017 7:57,47.289
9903,5/17/2017 7:58,47.334
9904,5/17/2017 7:59,47.334
9905,5/17/2017 8:00,47.422
9906,5/17/2017 8:01,47.422
9907,5/17/2017 8:02,47.422
9908,5/17/2017 8:03,47.512
9909,5/17/2017 8:04,47.512
9910,5/17/2017 8:05,47.512
9911,5/17/2017 8:06,47.512
9912,5/17/2017 8:07,47.512
9913,5/17/2017 8:08,47.512
9914,5/17/2017 8:09,47.512
9915,5/17/2017 8:10,47.467
9916,5/17/2017 8:11,47.512
9917,5/17/2017 8:12,47.467
9918,5/17/2017 8:13,47.467
9919,5/17/2017 8:14,47.064
9920,5/17/2017 8:15,46.886
9921,5/17/2017 8:16,46.616
9922,5/17/2017 8:17,46.166
9923,5/17/2017 8:18,45.579
9924,5/17/2017 8:19,45.127
9925,5/17/2017 8:20,44.946
9926,5/17/2017 8:21,44.764
9927,5/17/2017 8:22,44.173
9928,5/17/2017 8:23,43.671
9929,5/17/2017 8:24,43.396
9930,5/17/2017 8:25,43.259
9931,5/17/2017 8:26,43.214
9932,5/17/2017 8:27,43.259
9933,5/17/2017 8:28,43.214
9934,5/17/2017 8:29,43.167
9935,5/17/2017 8:30,43.167
9936,5/17/2017 8:31,43.167
9937,5/17/2017 8:32,43.167
9938,5/17/2017 8:33,43.122
9939,5/17/2017 8:34,43.122
9940,5/17/2017 8:35,43.122
9941,5/17/2017 8:36,43.122
9942,5/17/2017 8:37,43.122
9943,5/17/2017 8:38,43.214
9944,5/17/2017 8:39,43.259
9945,5/17/2017 8:40,43.259
9946,5/17/2017 8:41,43.259
9947,5/17/2017 8:42,43.259
9948,5/17/2017 8:43,43.306
9949,5/17/2017 8:44,43.259
9950,5/17/2017 8:45,43.259
9951,5/17/2017 8:46,43.259
9952,5/17/2017 8:47,43.306
9953,5/17/2017 8:48,43.396
9954,5/17/2017 8:49,43.351
9955,5/17/2017 8:50,43.351
9956,5/17/2017 8:51,43.351
9957,5/17/2017 8:52,43.351
9958,5/17/2017 8:53,43.443
9959,5/17/2017 8:54,43.443
9960,5/17/2017 8:55,43.443
9961,5/17/2017 8:56,43.443
9962,5/17/2017 8:57,43.443
9963,5/17/2017 8:58,43.396
9964,5/17/2017 8:59,43.396
9965,5/17/2017 9:00,43.351
9966,5/17/2017 9:01,43.351
9967,5/17/2017 9:02,43.351
9968,5/17/2017 9:03,43.351
9969,5/17/2017 9:04,43.351
9970,5/17/2017 9:05,43.351
9971,5/17/2017 9:06,43.351
9972,5/17/2017 9:07,43.351
9973,5/17/2017 9:08,43.351
9974,5/17/2017 9:09,43.351
9975,5/17/2017 9:10,43.351
9976,5/17/2017 9:11,43.351
9977,5/17/2017 9:12,43.488
9978,5/17/2017 9:13,44.809
9979,5/17/2017 9:14,45.896
9980,5/17/2017 9:15,46.346
9981,5/17/2017 9:16,46.661
9982,5/17/2017 9:17,46.974
9983,5/17/2017 9:18,47.289
9984,5/17/2017 9:19,47.557
9985,5/17/2017 9:20,47.781
9986,5/17/2017 9:21,47.959
9987,5/17/2017 9:22,48.227
9988,5/17/2017 9:23,48.45
9989,5/17/2017 9:24,48.672
9990,5/17/2017 9:25,48.85
9991,5/17/2017 9:26,48.938
9992,5/17/2017 9:27,49.116
9993,5/17/2017 9:28,49.073
9994,5/17/2017 9:29,49.073
9995,5/17/2017 9:30,49.161
9996,5/17/2017 9:31,49.204
9997,5/17/2017 9:32,49.249
9998,5/17/2017 9:33,49.249
9999,5/17/2017 9:34,49.249
10000,5/17/2017 9:35,49.294
10001,5/17/2017 9:36,49.294
10002,5/17/2017 9:37,49.294
10003,5/17/2017 9:38,49.294
10004,5/17/2017 9:39,49.338
10005,5/17/2017 9:40,49.338
10006,5/17/2017 9:41,49.338
10007,5/17/2017 9:42,49.383
10008,5/17/2017 9:43,49.383
10009,5/17/2017 9:44,49.428
10010,5/17/2017 9:45,49.471
10011,5/17/2017 9:46,49.428
10012,5/17/2017 9:47,49.471
10013,5/17/2017 9:48,49.516
10014,5/17/2017 9:49,49.561
10015,5/17/2017 9:50,49.604
10016,5/17/2017 9:51,49.692
10017,5/17/2017 9:52,49.737
10018,5/17/2017 9:53,49.737
10019,5/17/2017 9:54,49.782
10020,5/17/2017 9:55,49.825
10021,5/17/2017 9:56,49.825
10022,5/17/2017 9:57,49.825
10023,5/17/2017 9:58,49.825
10024,5/17/2017 9:59,49.87
10025,5/17/2017 10:00,49.914
10026,5/17/2017 10:01,50.002
10027,5/17/2017 10:02,50.047
10028,5/17/2017 10:03,50.092
10029,5/17/2017 10:04,50.047
10030,5/17/2017 10:05,50.092
10031,5/17/2017 10:06,50.135
10032,5/17/2017 10:07,50.135
10033,5/17/2017 10:08,50.092
10034,5/17/2017 10:09,50.092
10035,5/17/2017 10:10,50.092
10036,5/17/2017 10:11,50.092
10037,5/17/2017 10:12,50.092
10038,5/17/2017 10:13,50.18
10039,5/17/2017 10:14,50.223
10040,5/17/2017 10:15,50.18
10041,5/17/2017 10:16,50.18
10042,5/17/2017 10:17,50.18
10043,5/17/2017 10:18,50.18
10044,5/17/2017 10:19,50.223
10045,5/17/2017 10:20,50.356
10046,5/17/2017 10:21,50.488
10047,5/17/2017 10:22,50.576
10048,5/17/2017 10:23,50.709
10049,5/17/2017 10:24,50.841
10050,5/17/2017 10:25,50.974
10051,5/17/2017 10:26,51.105
10052,5/17/2017 10:27,51.193
10053,5/17/2017 10:28,51.325
10054,5/17/2017 10:29,51.413
10055,5/17/2017 10:30,51.633
10056,5/17/2017 10:31,51.764
10057,5/17/2017 10:32,51.852
10058,5/17/2017 10:33,51.895
10059,5/17/2017 10:34,51.895
10060,5/17/2017 10:35,52.029
10061,5/17/2017 10:36,52.072
10062,5/17/2017 10:37,52.115
10063,5/17/2017 10:38,52.246
10064,5/17/2017 10:39,52.203
10065,5/17/2017 10:40,52.291
10066,5/17/2017 10:41,52.335
10067,5/17/2017 10:42,52.378
10068,5/17/2017 10:43,52.378
10069,5/17/2017 10:44,52.466
10070,5/17/2017 10:45,52.466
10071,5/17/2017 10:46,52.509
10072,5/17/2017 10:47,52.509
10073,5/17/2017 10:48,52.466
10074,5/17/2017 10:49,52.466
10075,5/17/2017 10:50,52.466
10076,5/17/2017 10:51,52.509
10077,5/17/2017 10:52,52.554
10078,5/17/2017 10:53,52.641
10079,5/17/2017 10:54,52.641
10080,5/17/2017 10:55,52.686
10081,5/17/2017 10:56,52.772
10082,5/17/2017 10:57,52.86
10083,5/17/2017 10:58,52.903
10084,5/17/2017 10:59,52.772
10085,5/17/2017 11:00,52.641
10086,5/17/2017 11:01,52.554
10087,5/17/2017 11:02,52.466
10088,5/17/2017 11:03,52.466
10089,5/17/2017 11:04,52.423
10090,5/17/2017 11:05,52.423
10091,5/17/2017 11:06,52.466
10092,5/17/2017 11:07,52.466
10093,5/17/2017 11:08,52.466
10094,5/17/2017 11:09,52.509
10095,5/17/2017 11:10,52.509
10096,5/17/2017 11:11,52.554
10097,5/17/2017 11:12,52.554
10098,5/17/2017 11:13,52.597
10099,5/17/2017 11:14,52.597
10100,5/17/2017 11:15,52.686
10101,5/17/2017 11:16,52.686
10102,5/17/2017 11:17,52.729
10103,5/17/2017 11:18,52.729
10104,5/17/2017 11:19,52.729
10105,5/17/2017 11:20,52.772
10106,5/17/2017 11:21,52.817
10107,5/17/2017 11:22,52.817
10108,5/17/2017 11:23,52.817
10109,5/17/2017 11:24,52.817
10110,5/17/2017 11:25,52.817
10111,5/17/2017 11:26,52.817
10112,5/17/2017 11:27,52.817
10113,5/17/2017 11:28,52.86
10114,5/17/2017 11:29,52.86
10115,5/17/2017 11:30,52.817
10116,5/17/2017 11:31,52.817
10117,5/17/2017 11:32,52.817
10118,5/17/2017 11:33,52.817
10119,5/17/2017 11:34,52.817
10120,5/17/2017 11:35,52.86
10121,5/17/2017 11:36,52.86
10122,5/17/2017 11:37,52.86
10123,5/17/2017 11:38,52.817
10124,5/17/2017 11:39,52.817
10125,5/17/2017 11:40,52.817
10126,5/17/2017 11:41,52.817
10127,5/17/2017 11:42,52.772
10128,5/17/2017 11:43,52.772
10129,5/17/2017 11:44,52.817
10130,5/17/2017 11:45,52.86
10131,5/17/2017 11:46,52.817
10132,5/17/2017 11:47,52.817
10133,5/17/2017 11:48,52.686
10134,5/17/2017 11:49,52.641
10135,5/17/2017 11:50,52.554
10136,5/17/2017 11:51,52.423
10137,5/17/2017 11:52,52.335
10138,5/17/2017 11:53,52.291
10139,5/17/2017 11:54,52.291
10140,5/17/2017 11:55,52.291
10141,5/17/2017 11:56,52.16
10142,5/17/2017 11:57,52.072
10143,5/17/2017 11:58,51.984
10144,5/17/2017 11:59,51.852
10145,5/17/2017 12:00,51.764
10146,5/17/2017 12:01,51.678
10147,5/17/2017 12:02,51.589
10148,5/17/2017 12:03,51.544
10149,5/17/2017 12:04,51.501
10150,5/17/2017 12:05,51.458
10151,5/17/2017 12:06,51.413
10152,5/17/2017 12:07,51.413
10153,5/17/2017 12:08,51.37
10154,5/17/2017 12:09,51.325
10155,5/17/2017 12:10,51.282
10156,5/17/2017 12:11,51.282
10157,5/17/2017 12:12,51.237
10158,5/17/2017 12:13,51.237
10159,5/17/2017 12:14,51.237
10160,5/17/2017 12:15,51.237
10161,5/17/2017 12:16,51.193
10162,5/17/2017 12:17,51.193
10163,5/17/2017 12:18,51.193
10164,5/17/2017 12:19,51.148
10165,5/17/2017 12:20,51.105
10166,5/17/2017 12:21,51.105
10167,5/17/2017 12:22,51.105
10168,5/17/2017 12:23,51.105
10169,5/17/2017 12:24,51.017
10170,5/17/2017 12:25,51.017
10171,5/17/2017 12:26,51.017
10172,5/17/2017 12:27,51.062
10173,5/17/2017 12:28,51.062
10174,5/17/2017 12:29,51.062
10175,5/17/2017 12:30,51.062
10176,5/17/2017 12:31,51.062
10177,5/17/2017 12:32,51.105
10178,5/17/2017 12:33,51.148
10179,5/17/2017 12:34,51.193
10180,5/17/2017 12:35,51.193
10181,5/17/2017 12:36,51.148
10182,5/17/2017 12:37,51.148
10183,5/17/2017 12:38,51.148
10184,5/17/2017 12:39,51.105
10185,5/17/2017 12:40,51.105
10186,5/17/2017 12:41,51.105
10187,5/17/2017 12:42,51.105
10188,5/17/2017 12:43,51.062
10189,5/17/2017 12:44,51.105
10190,5/17/2017 12:45,51.105
10191,5/17/2017 12:46,51.148
10192,5/17/2017 12:47,51.148
10193,5/17/2017 12:48,51.148
10194,5/17/2017 12:49,51.193
10195,5/17/2017 12:50,51.237
10196,5/17/2017 12:51,51.282
10197,5/17/2017 12:52,51.282
10198,5/17/2017 12:53,51.325
10199,5/17/2017 12:54,51.325
10200,5/17/2017 12:55,51.37
10201,5/17/2017 12:56,51.37
10202,5/17/2017 12:57,51.325
10203,5/17/2017 12:58,51.37
10204,5/17/2017 12:59,51.413
10205,5/17/2017 13:00,51.413
10206,5/17/2017 13:01,51.413
10207,5/17/2017 13:02,51.413
10208,5/17/2017 13:03,51.458
10209,5/17/2017 13:04,51.501
10210,5/17/2017 13:05,51.501
10211,5/17/2017 13:06,51.501
10212,5/17/2017 13:07,51.589
10213,5/17/2017 13:08,51.589
10214,5/17/2017 13:09,51.589
10215,5/17/2017 13:10,51.633
10216,5/17/2017 13:11,51.633
10217,5/17/2017 13:12,51.589
10218,5/17/2017 13:13,51.589
10219,5/17/2017 13:14,51.589
10220,5/17/2017 13:15,51.589
10221,5/17/2017 13:16,51.589
10222,5/17/2017 13:17,51.589
10223,5/17/2017 13:18,51.589
10224,5/17/2017 13:19,51.544
10225,5/17/2017 13:20,51.544
10226,5/17/2017 13:21,51.544
10227,5/17/2017 13:22,51.501
10228,5/17/2017 13:23,51.501
10229,5/17/2017 13:24,51.544
10230,5/17/2017 13:25,51.544
10231,5/17/2017 13:26,51.501
10232,5/17/2017 13:27,51.501
10233,5/17/2017 13:28,51.501
10234,5/17/2017 13:29,51.501
10235,5/17/2017 13:30,51.501
10236,5/17/2017 13:31,51.458
10237,5/17/2017 13:32,51.458
10238,5/17/2017 13:33,51.501
10239,5/17/2017 13:34,51.501
10240,5/17/2017 13:35,51.544
10241,5/17/2017 13:36,51.544
10242,5/17/2017 13:37,51.589
10243,5/17/2017 13:38,51.589
10244,5/17/2017 13:39,51.589
10245,5/17/2017 13:40,51.589
10246,5/17/2017 13:41,51.589
10247,5/17/2017 13:42,51.544
10248,5/17/2017 13:43,51.589
10249,5/17/2017 13:44,51.589
10250,5/17/2017 13:45,51.589
10251,5/17/2017 13:46,51.589
10252,5/17/2017 13:47,51.589
10253,5/17/2017 13:48,51.589
10254,5/17/2017 13:49,51.589
10255,5/17/2017 13:50,51.589
10256,5/17/2017 13:51,51.589
10257,5/17/2017 13:52,51.589
10258,5/17/2017 13:53,51.589
10259,5/17/2017 13:54,51.589
10260,5/17/2017 13:55,51.589
10261,5/17/2017 13:56,51.589
10262,5/17/2017 13:57,51.589
10263,5/17/2017 13:58,51.633
10264,5/17/2017 13:59,51.633
10265,5/17/2017 14:00,51.678
10266,5/17/2017 14:01,51.678
10267,5/17/2017 14:02,51.721
10268,5/17/2017 14:03,51.721
10269,5/17/2017 14:04,51.721
10270,5/17/2017 14:05,51.721
10271,5/17/2017 14:06,51.678
10272,5/17/2017 14:07,51.678
10273,5/17/2017 14:08,51.721
10274,5/17/2017 14:09,51.721
10275,5/17/2017 14:10,51.721
10276,5/17/2017 14:11,51.721
10277,5/17/2017 14:12,51.678
10278,5/17/2017 14:13,51.721
10279,5/17/2017 14:14,51.721
10280,5/17/2017 14:15,51.721
10281,5/17/2017 14:16,51.764
10282,5/17/2017 14:17,51.809
10283,5/17/2017 14:18,51.94
10284,5/17/2017 14:19,52.029
10285,5/17/2017 14:20,52.029
10286,5/17/2017 14:21,52.029
10287,5/17/2017 14:22,52.072
10288,5/17/2017 14:23,52.072
10289,5/17/2017 14:24,52.115
10290,5/17/2017 14:25,52.115
10291,5/17/2017 14:26,52.072
10292,5/17/2017 14:27,52.115
10293,5/17/2017 14:28,52.246
10294,5/17/2017 14:29,52.246
10295,5/17/2017 14:30,52.291
10296,5/17/2017 14:31,52.291
10297,5/17/2017 14:32,52.378
10298,5/17/2017 14:33,52.378
10299,5/17/2017 14:34,52.554
10300,5/17/2017 14:35,52.597
10301,5/17/2017 14:36,52.554
10302,5/17/2017 14:37,52.423
10303,5/17/2017 14:38,52.246
10304,5/17/2017 14:39,52.115
10305,5/17/2017 14:40,52.029
10306,5/17/2017 14:41,51.895
10307,5/17/2017 14:42,51.764
10308,5/17/2017 14:43,51.721
10309,5/17/2017 14:44,51.678
10310,5/17/2017 14:45,51.633
10311,5/17/2017 14:46,51.633
10312,5/17/2017 14:47,51.544
10313,5/17/2017 14:48,51.501
10314,5/17/2017 14:49,51.501
10315,5/17/2017 14:50,51.501
10316,5/17/2017 14:51,51.544
10317,5/17/2017 14:52,51.544
10318,5/17/2017 14:53,51.589
10319,5/17/2017 14:54,51.544
10320,5/17/2017 14:55,51.589
10321,5/17/2017 14:56,51.589
10322,5/17/2017 14:57,51.589
10323,5/17/2017 14:58,51.589
10324,5/17/2017 14:59,51.633
10325,5/17/2017 15:00,51.678
10326,5/17/2017 15:01,51.678
10327,5/17/2017 15:02,51.678
10328,5/17/2017 15:03,51.678
10329,5/17/2017 15:04,51.678
10330,5/17/2017 15:05,51.721
10331,5/17/2017 15:06,51.678
10332,5/17/2017 15:07,51.633
10333,5/17/2017 15:08,51.589
10334,5/17/2017 15:09,51.589
10335,5/17/2017 15:10,51.544
10336,5/17/2017 15:11,51.544
10337,5/17/2017 15:12,51.544
10338,5/17/2017 15:13,51.544
10339,5/17/2017 15:14,51.501
10340,5/17/2017 15:15,51.501
10341,5/17/2017 15:16,51.458
10342,5/17/2017 15:17,51.458
10343,5/17/2017 15:18,51.413
10344,5/17/2017 15:19,51.413
10345,5/17/2017 15:20,51.413
10346,5/17/2017 15:21,51.413
10347,5/17/2017 15:22,51.413
10348,5/17/2017 15:23,51.413
10349,5/17/2017 15:24,51.325
10350,5/17/2017 15:25,51.282
10351,5/17/2017 15:26,51.282
10352,5/17/2017 15:27,51.282
10353,5/17/2017 15:28,51.325
10354,5/17/2017 15:29,51.282
10355,5/17/2017 15:30,51.282
10356,5/17/2017 15:31,51.237
10357,5/17/2017 15:32,51.282
10358,5/17/2017 15:33,51.282
10359,5/17/2017 15:34,51.325
10360,5/17/2017 15:35,51.282
10361,5/17/2017 15:36,51.325
10362,5/17/2017 15:37,51.325
10363,5/17/2017 15:38,51.325
10364,5/17/2017 15:39,51.325
10365,5/17/2017 15:40,51.413
10366,5/17/2017 15:41,51.413
10367,5/17/2017 15:42,51.458
10368,5/17/2017 15:43,51.458
10369,5/17/2017 15:44,51.501
10370,5/17/2017 15:45,51.544
10371,5/17/2017 15:46,51.544
10372,5/17/2017 15:47,51.544
10373,5/17/2017 15:48,51.544
10374,5/17/2017 15:49,51.544
10375,5/17/2017 15:50,51.589
10376,5/17/2017 15:51,51.589
10377,5/17/2017 15:52,51.589
10378,5/17/2017 15:53,51.544
10379,5/17/2017 15:54,51.544
10380,5/17/2017 15:55,51.544
10381,5/17/2017 15:56,51.501
10382,5/17/2017 15:57,51.458
10383,5/17/2017 15:58,51.458
10384,5/17/2017 15:59,51.413
10385,5/17/2017 16:00,51.413
10386,5/17/2017 16:01,51.37
10387,5/17/2017 16:02,51.37
10388,5/17/2017 16:03,51.325
10389,5/17/2017 16:04,51.282
10390,5/17/2017 16:05,51.282
10391,5/17/2017 16:06,51.237
10392,5/17/2017 16:07,51.193
10393,5/17/2017 16:08,51.148
10394,5/17/2017 16:09,51.148
10395,5/17/2017 16:10,51.148
10396,5/17/2017 16:11,51.105
10397,5/17/2017 16:12,51.062
10398,5/17/2017 16:13,51.062
10399,5/17/2017 16:14,51.062
10400,5/17/2017 16:15,51.062
10401,5/17/2017 16:16,51.062
10402,5/17/2017 16:17,51.062
10403,5/17/2017 16:18,51.062
10404,5/17/2017 16:19,51.062
10405,5/17/2017 16:20,51.017
10406,5/17/2017 16:21,50.974
10407,5/17/2017 16:22,50.929
10408,5/17/2017 16:23,50.886
10409,5/17/2017 16:24,50.886
10410,5/17/2017 16:25,50.886
10411,5/17/2017 16:26,50.841
10412,5/17/2017 16:27,50.797
10413,5/17/2017 16:28,50.709
10414,5/17/2017 16:29,50.709
10415,5/17/2017 16:30,50.664
10416,5/17/2017 16:31,50.621
10417,5/17/2017 16:32,50.576
10418,5/17/2017 16:33,50.533
10419,5/17/2017 16:34,50.533
10420,5/17/2017 16:35,50.533
10421,5/17/2017 16:36,50.533
10422,5/17/2017 16:37,50.488
10423,5/17/2017 16:38,50.488
10424,5/17/2017 16:39,50.488
10425,5/17/2017 16:40,50.488
10426,5/17/2017 16:41,50.445
10427,5/17/2017 16:42,50.445
10428,5/17/2017 16:43,50.4
10429,5/17/2017 16:44,50.4
10430,5/17/2017 16:45,50.356
10431,5/17/2017 16:46,50.311
10432,5/17/2017 16:47,50.268
10433,5/17/2017 16:48,50.268
10434,5/17/2017 16:49,50.223
10435,5/17/2017 16:50,50.223
10436,5/17/2017 16:51,50.223
10437,5/17/2017 16:52,50.18
10438,5/17/2017 16:53,50.18
10439,5/17/2017 16:54,50.18
10440,5/17/2017 16:55,50.18
10441,5/17/2017 16:56,50.135
10442,5/17/2017 16:57,50.092
10443,5/17/2017 16:58,50.047
10444,5/17/2017 16:59,50.002
10445,5/17/2017 17:00,50.002
10446,5/17/2017 17:01,49.959
10447,5/17/2017 17:02,49.959
10448,5/17/2017 17:03,49.914
10449,5/17/2017 17:04,49.914
10450,5/17/2017 17:05,49.825
10451,5/17/2017 17:06,49.825
10452,5/17/2017 17:07,49.825
10453,5/17/2017 17:08,49.825
10454,5/17/2017 17:09,49.825
10455,5/17/2017 17:10,49.737
10456,5/17/2017 17:11,49.737
10457,5/17/2017 17:12,49.737
10458,5/17/2017 17:13,49.649
10459,5/17/2017 17:14,49.649
10460,5/17/2017 17:15,49.604
10461,5/17/2017 17:16,49.561
10462,5/17/2017 17:17,49.516
10463,5/17/2017 17:18,49.471
10464,5/17/2017 17:19,49.471
10465,5/17/2017 17:20,49.428
10466,5/17/2017 17:21,49.338
10467,5/17/2017 17:22,49.294
10468,5/17/2017 17:23,49.294
10469,5/17/2017 17:24,49.249
10470,5/17/2017 17:25,49.161
10471,5/17/2017 17:26,49.116
10472,5/17/2017 17:27,49.028
10473,5/17/2017 17:28,48.938
10474,5/17/2017 17:29,48.895
10475,5/17/2017 17:30,48.895
10476,5/17/2017 17:31,48.805
10477,5/17/2017 17:32,48.805
10478,5/17/2017 17:33,48.717
10479,5/17/2017 17:34,48.672
10480,5/17/2017 17:35,48.583
10481,5/17/2017 17:36,48.538
10482,5/17/2017 17:37,48.45
10483,5/17/2017 17:38,48.405
10484,5/17/2017 17:39,48.36
10485,5/17/2017 17:40,48.315
10486,5/17/2017 17:41,48.272
10487,5/17/2017 17:42,48.227
10488,5/17/2017 17:43,48.182
10489,5/17/2017 17:44,48.137
10490,5/17/2017 17:45,48.094
10491,5/17/2017 17:46,48.094
10492,5/17/2017 17:47,48.049
10493,5/17/2017 17:48,48.004
10494,5/17/2017 17:49,47.959
10495,5/17/2017 17:50,47.959
10496,5/17/2017 17:51,47.959
10497,5/17/2017 17:52,47.959
10498,5/17/2017 17:53,47.959
10499,5/17/2017 17:54,47.959
10500,5/17/2017 17:55,47.959
10501,5/17/2017 17:56,48.004
10502,5/17/2017 17:57,47.959
10503,5/17/2017 17:58,47.959
10504,5/17/2017 17:59,47.959
10505,5/17/2017 18:00,47.914
10506,5/17/2017 18:01,47.871
10507,5/17/2017 18:02,47.871
10508,5/17/2017 18:03,47.826
10509,5/17/2017 18:04,47.826
10510,5/17/2017 18:05,47.781
10511,5/17/2017 18:06,47.736
10512,5/17/2017 18:07,47.691
10513,5/17/2017 18:08,47.647
10514,5/17/2017 18:09,47.647
10515,5/17/2017 18:10,47.602
10516,5/17/2017 18:11,47.557
10517,5/17/2017 18:12,47.512
10518,5/17/2017 18:13,47.512
10519,5/17/2017 18:14,47.467
10520,5/17/2017 18:15,47.467
10521,5/17/2017 18:16,47.467
10522,5/17/2017 18:17,47.467
10523,5/17/2017 18:18,47.422
10524,5/17/2017 18:19,47.422
10525,5/17/2017 18:20,47.422
10526,5/17/2017 18:21,47.422
10527,5/17/2017 18:22,47.377
10528,5/17/2017 18:23,47.377
10529,5/17/2017 18:24,47.334
10530,5/17/2017 18:25,47.377
10531,5/17/2017 18:26,47.377
10532,5/17/2017 18:27,47.377
10533,5/17/2017 18:28,47.377
10534,5/17/2017 18:29,47.422
10535,5/17/2017 18:30,47.422
10536,5/17/2017 18:31,47.422
10537,5/17/2017 18:32,47.467
10538,5/17/2017 18:33,47.467
10539,5/17/2017 18:34,47.512
10540,5/17/2017 18:35,47.557
10541,5/17/2017 18:36,47.557
10542,5/17/2017 18:37,47.602
10543,5/17/2017 18:38,47.602
10544,5/17/2017 18:39,47.647
10545,5/17/2017 18:40,47.691
10546,5/17/2017 18:41,47.691
10547,5/17/2017 18:42,47.691
10548,5/17/2017 18:43,47.691
10549,5/17/2017 18:44,47.691
10550,5/17/2017 18:45,47.691
10551,5/17/2017 18:46,47.691
10552,5/17/2017 18:47,47.691
10553,5/17/2017 18:48,47.691
10554,5/17/2017 18:49,47.691
10555,5/17/2017 18:50,47.691
10556,5/17/2017 18:51,47.647
10557,5/17/2017 18:52,47.647
10558,5/17/2017 18:53,47.647
10559,5/17/2017 18:54,47.602
10560,5/17/2017 18:55,47.602
10561,5/17/2017 18:56,47.602
10562,5/17/2017 18:57,47.557
10563,5/17/2017 18:58,47.557
10564,5/17/2017 18:59,47.557
10565,5/17/2017 19:00,47.512
10566,5/17/2017 19:01,47.557
10567,5/17/2017 19:02,47.557
10568,5/17/2017 19:03,47.557
10569,5/17/2017 19:04,47.602
10570,5/17/2017 19:05,47.602
10571,5/17/2017 19:06,47.602
10572,5/17/2017 19:07,47.557
10573,5/17/2017 19:08,47.557
10574,5/17/2017 19:09,47.557
10575,5/17/2017 19:10,47.512
10576,5/17/2017 19:11,47.512
10577,5/17/2017 19:12,47.512
10578,5/17/2017 19:13,47.512
10579,5/17/2017 19:14,47.512
10580,5/17/2017 19:15,47.467
10581,5/17/2017 19:16,47.467
10582,5/17/2017 19:17,47.467
10583,5/17/2017 19:18,47.467
10584,5/17/2017 19:19,47.467
10585,5/17/2017 19:20,47.467
10586,5/17/2017 19:21,47.467
10587,5/17/2017 19:22,47.512
10588,5/17/2017 19:23,47.512
10589,5/17/2017 19:24,47.512
10590,5/17/2017 19:25,47.512
10591,5/17/2017 19:26,47.467
10592,5/17/2017 19:27,47.467
10593,5/17/2017 19:28,47.467
10594,5/17/2017 19:29,47.467
10595,5/17/2017 19:30,47.467
10596,5/17/2017 19:31,47.512
10597,5/17/2017 19:32,47.512
10598,5/17/2017 19:33,47.512
10599,5/17/2017 19:34,47.512
10600,5/17/2017 19:35,47.467
10601,5/17/2017 19:36,47.512
10602,5/17/2017 19:37,47.557
10603,5/17/2017 19:38,47.557
10604,5/17/2017 19:39,47.557
10605,5/17/2017 19:40,47.602
10606,5/17/2017 19:41,47.602
10607,5/17/2017 19:42,47.647
10608,5/17/2017 19:43,47.691
10609,5/17/2017 19:44,47.691
10610,5/17/2017 19:45,47.691
10611,5/17/2017 19:46,47.691
10612,5/17/2017 19:47,47.647
10613,5/17/2017 19:48,47.647
10614,5/17/2017 19:49,47.602
10615,5/17/2017 19:50,47.647
10616,5/17/2017 19:51,47.602
10617,5/17/2017 19:52,47.602
10618,5/17/2017 19:53,47.647
10619,5/17/2017 19:54,47.647
10620,5/17/2017 19:55,47.647
10621,5/17/2017 19:56,47.691
10622,5/17/2017 19:57,47.736
10623,5/17/2017 19:58,47.736
10624,5/17/2017 19:59,47.736
10625,5/17/2017 20:00,47.691
10626,5/17/2017 20:01,47.691
10627,5/17/2017 20:02,47.691
10628,5/17/2017 20:03,47.736
10629,5/17/2017 20:04,47.691
10630,5/17/2017 20:05,47.691
10631,5/17/2017 20:06,47.691
10632,5/17/2017 20:07,47.691
10633,5/17/2017 20:08,47.691
10634,5/17/2017 20:09,47.691
10635,5/17/2017 20:10,47.647
10636,5/17/2017 20:11,47.647
10637,5/17/2017 20:12,47.602
10638,5/17/2017 20:13,47.557
10639,5/17/2017 20:14,47.557
10640,5/17/2017 20:15,47.512
10641,5/17/2017 20:16,47.512
10642,5/17/2017 20:17,47.467
10643,5/17/2017 20:18,47.467
10644,5/17/2017 20:19,47.422
10645,5/17/2017 20:20,47.467
10646,5/17/2017 20:21,47.422
10647,5/17/2017 20:22,47.467
10648,5/17/2017 20:23,47.512
10649,5/17/2017 20:24,47.512
10650,5/17/2017 20:25,47.557
10651,5/17/2017 20:26,47.557
10652,5/17/2017 20:27,47.557
10653,5/17/2017 20:28,47.557
10654,5/17/2017 20:29,47.512
10655,5/17/2017 20:30,47.512
10656,5/17/2017 20:31,47.512
10657,5/17/2017 20:32,47.557
10658,5/17/2017 20:33,47.512
10659,5/17/2017 20:34,47.512
10660,5/17/2017 20:35,47.467
10661,5/17/2017 20:36,47.422
10662,5/17/2017 20:37,47.377
10663,5/17/2017 20:38,47.377
10664,5/17/2017 20:39,47.377
10665,5/17/2017 20:40,47.377
10666,5/17/2017 20:41,47.334
10667,5/17/2017 20:42,47.289
10668,5/17/2017 20:43,47.289
10669,5/17/2017 20:44,47.289
10670,5/17/2017 20:45,47.289
10671,5/17/2017 20:46,47.244
10672,5/17/2017 20:47,47.244
10673,5/17/2017 20:48,47.244
10674,5/17/2017 20:49,47.244
10675,5/17/2017 20:50,47.244
10676,5/17/2017 20:51,47.244
10677,5/17/2017 20:52,47.244
10678,5/17/2017 20:53,47.244
10679,5/17/2017 20:54,47.289
10680,5/17/2017 20:55,47.289
10681,5/17/2017 20:56,47.289
10682,5/17/2017 20:57,47.289
10683,5/17/2017 20:58,47.334
10684,5/17/2017 20:59,47.289
10685,5/17/2017 21:00,47.334
10686,5/17/2017 21:01,47.334
10687,5/17/2017 21:02,47.334
10688,5/17/2017 21:03,47.334
10689,5/17/2017 21:04,47.334
10690,5/17/2017 21:05,47.377
10691,5/17/2017 21:06,47.377
10692,5/17/2017 21:07,47.377
10693,5/17/2017 21:08,47.422
10694,5/17/2017 21:09,47.422
10695,5/17/2017 21:10,47.422
10696,5/17/2017 21:11,47.422
10697,5/17/2017 21:12,47.422
10698,5/17/2017 21:13,47.422
10699,5/17/2017 21:14,47.422
10700,5/17/2017 21:15,47.422
10701,5/17/2017 21:16,47.377
10702,5/17/2017 21:17,47.377
10703,5/17/2017 21:18,47.334
10704,5/17/2017 21:19,47.334
10705,5/17/2017 21:20,47.334
10706,5/17/2017 21:21,47.334
10707,5/17/2017 21:22,47.289
10708,5/17/2017 21:23,47.289
10709,5/17/2017 21:24,47.289
10710,5/17/2017 21:25,47.244
10711,5/17/2017 21:26,47.244
10712,5/17/2017 21:27,47.289
10713,5/17/2017 21:28,47.244
10714,5/17/2017 21:29,47.244
10715,5/17/2017 21:30,47.289
10716,5/17/2017 21:31,47.244
10717,5/17/2017 21:32,47.244
10718,5/17/2017 21:33,47.244
10719,5/17/2017 21:34,47.244
10720,5/17/2017 21:35,47.244
10721,5/17/2017 21:36,47.244
10722,5/17/2017 21:37,47.244
10723,5/17/2017 21:38,47.244
10724,5/17/2017 21:39,47.244
10725,5/17/2017 21:40,47.199
10726,5/17/2017 21:41,47.199
10727,5/17/2017 21:42,47.244
10728,5/17/2017 21:43,47.244
10729,5/17/2017 21:44,47.244
10730,5/17/2017 21:45,47.244
10731,5/17/2017 21:46,47.199
10732,5/17/2017 21:47,47.199
10733,5/17/2017 21:48,47.199
10734,5/17/2017 21:49,47.154
10735,5/17/2017 21:50,47.154
10736,5/17/2017 21:51,47.154
10737,5/17/2017 21:52,47.109
10738,5/17/2017 21:53,47.064
10739,5/17/2017 21:54,47.064
10740,5/17/2017 21:55,47.019
10741,5/17/2017 21:56,47.019
10742,5/17/2017 21:57,46.974
10743,5/17/2017 21:58,46.974
10744,5/17/2017 21:59,46.974
10745,5/17/2017 22:00,46.931
10746,5/17/2017 22:01,46.931
10747,5/17/2017 22:02,46.886
10748,5/17/2017 22:03,46.886
10749,5/17/2017 22:04,46.886
10750,5/17/2017 22:05,46.886
10751,5/17/2017 22:06,46.886
10752,5/17/2017 22:07,46.931
10753,5/17/2017 22:08,46.931
10754,5/17/2017 22:09,46.931
10755,5/17/2017 22:10,46.931
10756,5/17/2017 22:11,46.931
10757,5/17/2017 22:12,46.931
10758,5/17/2017 22:13,46.931
10759,5/17/2017 22:14,46.931
10760,5/17/2017 22:15,46.931
10761,5/17/2017 22:16,46.931
10762,5/17/2017 22:17,46.931
10763,5/17/2017 22:18,46.974
10764,5/17/2017 22:19,46.974
10765,5/17/2017 22:20,46.931
10766,5/17/2017 22:21,46.974
10767,5/17/2017 22:22,46.974
10768,5/17/2017 22:23,47.019
10769,5/17/2017 22:24,47.019
10770,5/17/2017 22:25,47.019
10771,5/17/2017 22:26,47.019
10772,5/17/2017 22:27,46.974
10773,5/17/2017 22:28,46.974
10774,5/17/2017 22:29,46.974
10775,5/17/2017 22:30,46.974
10776,5/17/2017 22:31,46.931
10777,5/17/2017 22:32,46.931
10778,5/17/2017 22:33,46.931
10779,5/17/2017 22:34,46.931
10780,5/17/2017 22:35,46.886
10781,5/17/2017 22:36,46.931
10782,5/17/2017 22:37,46.931
10783,5/17/2017 22:38,46.886
10784,5/17/2017 22:39,46.886
10785,5/17/2017 22:40,46.886
10786,5/17/2017 22:41,46.886
10787,5/17/2017 22:42,46.886
10788,5/17/2017 22:43,46.841
10789,5/17/2017 22:44,46.841
10790,5/17/2017 22:45,46.841
10791,5/17/2017 22:46,46.841
10792,5/17/2017 22:47,46.886
10793,5/17/2017 22:48,46.841
10794,5/17/2017 22:49,46.841
10795,5/17/2017 22:50,46.841
10796,5/17/2017 22:51,46.796
10797,5/17/2017 22:52,46.796
10798,5/17/2017 22:53,46.796
10799,5/17/2017 22:54,46.796
10800,5/17/2017 22:55,46.796
10801,5/17/2017 22:56,46.796
10802,5/17/2017 22:57,46.796
10803,5/17/2017 22:58,46.796
10804,5/17/2017 22:59,46.841
10805,5/17/2017 23:00,46.796
10806,5/17/2017 23:01,46.796
10807,5/17/2017 23:02,46.796
10808,5/17/2017 23:03,46.796
10809,5/17/2017 23:04,46.796
10810,5/17/2017 23:05,46.751
10811,5/17/2017 23:06,46.751
10812,5/17/2017 23:07,46.751
10813,5/17/2017 23:08,46.751
10814,5/17/2017 23:09,46.751
10815,5/17/2017 23:10,46.751
10816,5/17/2017 23:11,46.796
10817,5/17/2017 23:12,46.796
10818,5/17/2017 23:13,46.796
10819,5/17/2017 23:14,46.796
10820,5/17/2017 23:15,46.751
10821,5/17/2017 23:16,46.751
10822,5/17/2017 23:17,46.751
10823,5/17/2017 23:18,46.751
10824,5/17/2017 23:19,46.751
10825,5/17/2017 23:20,46.751
10826,5/17/2017 23:21,46.706
10827,5/17/2017 23:22,46.751
10828,5/17/2017 23:23,46.751
10829,5/17/2017 23:24,46.751
10830,5/17/2017 23:25,46.706
10831,5/17/2017 23:26,46.706
10832,5/17/2017 23:27,46.706
10833,5/17/2017 23:28,46.706
10834,5/17/2017 23:29,46.706
10835,5/17/2017 23:30,46.706
10836,5/17/2017 23:31,46.706
10837,5/17/2017 23:32,46.661
10838,5/17/2017 23:33,46.661
10839,5/17/2017 23:34,46.706
10840,5/17/2017 23:35,46.706
10841,5/17/2017 23:36,46.706
10842,5/17/2017 23:37,46.706
10843,5/17/2017 23:38,46.706
10844,5/17/2017 23:39,46.706
10845,5/17/2017 23:40,46.706
10846,5/17/2017 23:41,46.706
10847,5/17/2017 23:42,46.706
10848,5/17/2017 23:43,46.706
10849,5/17/2017 23:44,46.661
10850,5/17/2017 23:45,46.706
10851,5/17/2017 23:46,46.706
10852,5/17/2017 23:47,46.706
10853,5/17/2017 23:48,46.706
10854,5/17/2017 23:49,46.661
10855,5/17/2017 23:50,46.661
10856,5/17/2017 23:51,46.661
10857,5/17/2017 23:52,46.661
10858,5/17/2017 23:53,46.661
10859,5/17/2017 23:54,46.661
10860,5/17/2017 23:55,46.706
10861,5/17/2017 23:56,46.706
10862,5/17/2017 23:57,46.706
10863,5/17/2017 23:58,46.751
10864,5/17/2017 23:59,46.796
10865,5/18/2017 0:00,46.841
10866,5/18/2017 0:01,46.886
10867,5/18/2017 0:02,46.886
10868,5/18/2017 0:03,46.886
10869,5/18/2017 0:04,46.886
10870,5/18/2017 0:05,46.886
10871,5/18/2017 0:06,46.886
10872,5/18/2017 0:07,46.886
10873,5/18/2017 0:08,46.931
10874,5/18/2017 0:09,46.974
10875,5/18/2017 0:10,46.974
10876,5/18/2017 0:11,46.974
10877,5/18/2017 0:12,46.974
10878,5/18/2017 0:13,47.019
10879,5/18/2017 0:14,46.974
10880,5/18/2017 0:15,46.974
10881,5/18/2017 0:16,47.019
10882,5/18/2017 0:17,47.019
10883,5/18/2017 0:18,46.974
10884,5/18/2017 0:19,47.019
10885,5/18/2017 0:20,47.019
10886,5/18/2017 0:21,47.019
10887,5/18/2017 0:22,47.019
10888,5/18/2017 0:23,47.019
10889,5/18/2017 0:24,47.019
10890,5/18/2017 0:25,47.064
10891,5/18/2017 0:26,47.064
10892,5/18/2017 0:27,47.064
10893,5/18/2017 0:28,47.064
10894,5/18/2017 0:29,47.064
10895,5/18/2017 0:30,47.064
10896,5/18/2017 0:31,47.064
10897,5/18/2017 0:32,47.064
10898,5/18/2017 0:33,47.064
10899,5/18/2017 0:34,47.064
10900,5/18/2017 0:35,47.064
10901,5/18/2017 0:36,47.109
10902,5/18/2017 0:37,47.109
10903,5/18/2017 0:38,47.109
10904,5/18/2017 0:39,47.109
10905,5/18/2017 0:40,47.154
10906,5/18/2017 0:41,47.154
10907,5/18/2017 0:42,47.154
10908,5/18/2017 0:43,47.154
10909,5/18/2017 0:44,47.154
10910,5/18/2017 0:45,47.154
10911,5/18/2017 0:46,47.154
10912,5/18/2017 0:47,47.154
10913,5/18/2017 0:48,47.154
10914,5/18/2017 0:49,47.154
10915,5/18/2017 0:50,47.154
10916,5/18/2017 0:51,47.154
10917,5/18/2017 0:52,47.154
10918,5/18/2017 0:53,47.154
10919,5/18/2017 0:54,47.199
10920,5/18/2017 0:55,47.199
10921,5/18/2017 0:56,47.154
10922,5/18/2017 0:57,47.154
10923,5/18/2017 0:58,47.154
10924,5/18/2017 0:59,47.199
10925,5/18/2017 1:00,47.154
10926,5/18/2017 1:01,47.199
10927,5/18/2017 1:02,47.244
10928,5/18/2017 1:03,47.199
10929,5/18/2017 1:04,47.199
10930,5/18/2017 1:05,47.199
10931,5/18/2017 1:06,47.154
10932,5/18/2017 1:07,47.154
10933,5/18/2017 1:08,47.154
10934,5/18/2017 1:09,47.199
10935,5/18/2017 1:10,47.154
10936,5/18/2017 1:11,47.199
10937,5/18/2017 1:12,47.199
10938,5/18/2017 1:13,47.244
10939,5/18/2017 1:14,47.244
10940,5/18/2017 1:15,47.244
10941,5/18/2017 1:16,47.244
10942,5/18/2017 1:17,47.244
10943,5/18/2017 1:18,47.244
10944,5/18/2017 1:19,47.289
10945,5/18/2017 1:20,47.289
10946,5/18/2017 1:21,47.289
10947,5/18/2017 1:22,47.244
10948,5/18/2017 1:23,47.244
10949,5/18/2017 1:24,47.244
10950,5/18/2017 1:25,47.289
10951,5/18/2017 1:26,47.289
10952,5/18/2017 1:27,47.289
10953,5/18/2017 1:28,47.244
10954,5/18/2017 1:29,47.244
10955,5/18/2017 1:30,47.289
10956,5/18/2017 1:31,47.244
10957,5/18/2017 1:32,47.244
10958,5/18/2017 1:33,47.244
10959,5/18/2017 1:34,47.289
10960,5/18/2017 1:35,47.244
10961,5/18/2017 1:36,47.244
10962,5/18/2017 1:37,47.244
10963,5/18/2017 1:38,47.244
10964,5/18/2017 1:39,47.244
10965,5/18/2017 1:40,47.199
10966,5/18/2017 1:41,47.199
10967,5/18/2017 1:42,47.199
10968,5/18/2017 1:43,47.154
10969,5/18/2017 1:44,47.154
10970,5/18/2017 1:45,47.154
10971,5/18/2017 1:46,47.154
10972,5/18/2017 1:47,47.154
10973,5/18/2017 1:48,47.154
10974,5/18/2017 1:49,47.154
10975,5/18/2017 1:50,47.154
10976,5/18/2017 1:51,47.154
10977,5/18/2017 1:52,47.154
10978,5/18/2017 1:53,47.154
10979,5/18/2017 1:54,47.154
10980,5/18/2017 1:55,47.109
10981,5/18/2017 1:56,47.109
10982,5/18/2017 1:57,47.109
10983,5/18/2017 1:58,47.064
10984,5/18/2017 1:59,47.064
10985,5/18/2017 2:00,47.064
10986,5/18/2017 2:01,47.064
10987,5/18/2017 2:02,47.019
10988,5/18/2017 2:03,47.019
10989,5/18/2017 2:04,47.019
10990,5/18/2017 2:05,47.019
10991,5/18/2017 2:06,46.974
10992,5/18/2017 2:07,46.974
10993,5/18/2017 2:08,46.974
10994,5/18/2017 2:09,46.974
10995,5/18/2017 2:10,46.931
10996,5/18/2017 2:11,46.931
10997,5/18/2017 2:12,46.886
10998,5/18/2017 2:13,46.886
10999,5/18/2017 2:14,46.886
11000,5/18/2017 2:15,46.886
11001,5/18/2017 2:16,46.886
11002,5/18/2017 2:17,46.841
11003,5/18/2017 2:18,46.841
11004,5/18/2017 2:19,46.841
11005,5/18/2017 2:20,46.796
11006,5/18/2017 2:21,46.796
11007,5/18/2017 2:22,46.796
11008,5/18/2017 2:23,46.751
11009,5/18/2017 2:24,46.751
11010,5/18/2017 2:25,46.751
11011,5/18/2017 2:26,46.706
11012,5/18/2017 2:27,46.706
11013,5/18/2017 2:28,46.706
11014,5/18/2017 2:29,46.661
11015,5/18/2017 2:30,46.661
11016,5/18/2017 2:31,46.661
11017,5/18/2017 2:32,46.616
11018,5/18/2017 2:33,46.616
11019,5/18/2017 2:34,46.616
11020,5/18/2017 2:35,46.616
11021,5/18/2017 2:36,46.616
11022,5/18/2017 2:37,46.571
11023,5/18/2017 2:38,46.571
11024,5/18/2017 2:39,46.571
11025,5/18/2017 2:40,46.571
11026,5/18/2017 2:41,46.526
11027,5/18/2017 2:42,46.526
11028,5/18/2017 2:43,46.526
11029,5/18/2017 2:44,46.526
11030,5/18/2017 2:45,46.526
11031,5/18/2017 2:46,46.481
11032,5/18/2017 2:47,46.481
11033,5/18/2017 2:48,46.481
11034,5/18/2017 2:49,46.481
11035,5/18/2017 2:50,46.481
11036,5/18/2017 2:51,46.481
11037,5/18/2017 2:52,46.481
11038,5/18/2017 2:53,46.436
11039,5/18/2017 2:54,46.436
11040,5/18/2017 2:55,46.436
11041,5/18/2017 2:56,46.436
11042,5/18/2017 2:57,46.391
11043,5/18/2017 2:58,46.391
11044,5/18/2017 2:59,46.391
11045,5/18/2017 3:00,46.391
11046,5/18/2017 3:01,46.346
11047,5/18/2017 3:02,46.346
11048,5/18/2017 3:03,46.346
11049,5/18/2017 3:04,46.346
11050,5/18/2017 3:05,46.346
11051,5/18/2017 3:06,46.346
11052,5/18/2017 3:07,46.346
11053,5/18/2017 3:08,46.301
11054,5/18/2017 3:09,46.301
11055,5/18/2017 3:10,46.301
11056,5/18/2017 3:11,46.256
11057,5/18/2017 3:12,46.256
11058,5/18/2017 3:13,46.256
11059,5/18/2017 3:14,46.256
11060,5/18/2017 3:15,46.256
11061,5/18/2017 3:16,46.256
11062,5/18/2017 3:17,46.211
11063,5/18/2017 3:18,46.211
11064,5/18/2017 3:19,46.211
11065,5/18/2017 3:20,46.211
11066,5/18/2017 3:21,46.166
11067,5/18/2017 3:22,46.166
11068,5/18/2017 3:23,46.166
11069,5/18/2017 3:24,46.166
11070,5/18/2017 3:25,46.166
11071,5/18/2017 3:26,46.166
11072,5/18/2017 3:27,46.166
11073,5/18/2017 3:28,46.166
11074,5/18/2017 3:29,46.166
11075,5/18/2017 3:30,46.166
11076,5/18/2017 3:31,46.166
11077,5/18/2017 3:32,46.121
11078,5/18/2017 3:33,46.121
11079,5/18/2017 3:34,46.121
11080,5/18/2017 3:35,46.121
11081,5/18/2017 3:36,46.121
11082,5/18/2017 3:37,46.076
11083,5/18/2017 3:38,46.076
11084,5/18/2017 3:39,46.076
11085,5/18/2017 3:40,46.076
11086,5/18/2017 3:41,46.076
11087,5/18/2017 3:42,46.076
11088,5/18/2017 3:43,46.076
11089,5/18/2017 3:44,46.076
11090,5/18/2017 3:45,46.076
11091,5/18/2017 3:46,46.076
11092,5/18/2017 3:47,46.076
11093,5/18/2017 3:48,46.076
11094,5/18/2017 3:49,46.076
11095,5/18/2017 3:50,46.076
11096,5/18/2017 3:51,46.076
11097,5/18/2017 3:52,46.076
11098,5/18/2017 3:53,46.076
11099,5/18/2017 3:54,46.076
11100,5/18/2017 3:55,46.076
11101,5/18/2017 3:56,46.076
11102,5/18/2017 3:57,46.076
11103,5/18/2017 3:58,46.076
11104,5/18/2017 3:59,46.076
11105,5/18/2017 4:00,46.121
11106,5/18/2017 4:01,46.121
11107,5/18/2017 4:02,46.121
11108,5/18/2017 4:03,46.166
11109,5/18/2017 4:04,46.166
11110,5/18/2017 4:05,46.166
11111,5/18/2017 4:06,46.211
11112,5/18/2017 4:07,46.211
11113,5/18/2017 4:08,46.211
11114,5/18/2017 4:09,46.211
11115,5/18/2017 4:10,46.211
11116,5/18/2017 4:11,46.211
11117,5/18/2017 4:12,46.256
11118,5/18/2017 4:13,46.256
11119,5/18/2017 4:14,46.211
11120,5/18/2017 4:15,46.166
11121,5/18/2017 4:16,46.121
11122,5/18/2017 4:17,46.121
11123,5/18/2017 4:18,46.076
11124,5/18/2017 4:19,46.031
11125,5/18/2017 4:20,45.986
11126,5/18/2017 4:21,45.941
11127,5/18/2017 4:22,45.941
11128,5/18/2017 4:23,45.896
11129,5/18/2017 4:24,45.896
11130,5/18/2017 4:25,45.851
11131,5/18/2017 4:26,45.851
11132,5/18/2017 4:27,45.806
11133,5/18/2017 4:28,45.806
11134,5/18/2017 4:29,45.806
11135,5/18/2017 4:30,45.806
11136,5/18/2017 4:31,45.806
11137,5/18/2017 4:32,45.806
11138,5/18/2017 4:33,45.806
11139,5/18/2017 4:34,45.851
11140,5/18/2017 4:35,45.851
11141,5/18/2017 4:36,45.851
11142,5/18/2017 4:37,45.896
11143,5/18/2017 4:38,45.896
11144,5/18/2017 4:39,45.941
11145,5/18/2017 4:40,45.941
11146,5/18/2017 4:41,45.941
11147,5/18/2017 4:42,45.941
11148,5/18/2017 4:43,45.941
11149,5/18/2017 4:44,45.941
11150,5/18/2017 4:45,45.941
11151,5/18/2017 4:46,45.986
11152,5/18/2017 4:47,45.986
11153,5/18/2017 4:48,45.986
11154,5/18/2017 4:49,45.986
11155,5/18/2017 4:50,45.986
11156,5/18/2017 4:51,45.986
11157,5/18/2017 4:52,45.986
11158,5/18/2017 4:53,45.986
11159,5/18/2017 4:54,45.986
11160,5/18/2017 4:55,46.031
11161,5/18/2017 4:56,46.031
11162,5/18/2017 4:57,46.031
11163,5/18/2017 4:58,46.031
11164,5/18/2017 4:59,46.031
11165,5/18/2017 5:00,46.076
11166,5/18/2017 5:01,46.031
11167,5/18/2017 5:02,46.076
11168,5/18/2017 5:03,46.031
11169,5/18/2017 5:04,46.076
11170,5/18/2017 5:05,46.076
11171,5/18/2017 5:06,46.076
11172,5/18/2017 5:07,46.076
11173,5/18/2017 5:08,46.076
11174,5/18/2017 5:09,46.076
11175,5/18/2017 5:10,46.076
11176,5/18/2017 5:11,46.076
11177,5/18/2017 5:12,46.076
11178,5/18/2017 5:13,46.121
11179,5/18/2017 5:14,46.076
11180,5/18/2017 5:15,46.121
11181,5/18/2017 5:16,46.121
11182,5/18/2017 5:17,46.121
11183,5/18/2017 5:18,46.166
11184,5/18/2017 5:19,46.166
11185,5/18/2017 5:20,46.121
11186,5/18/2017 5:21,46.121
11187,5/18/2017 5:22,46.076
11188,5/18/2017 5:23,46.076
11189,5/18/2017 5:24,46.076
11190,5/18/2017 5:25,46.031
11191,5/18/2017 5:26,46.031
11192,5/18/2017 5:27,46.031
11193,5/18/2017 5:28,46.031
11194,5/18/2017 5:29,46.031
11195,5/18/2017 5:30,46.031
11196,5/18/2017 5:31,46.076
11197,5/18/2017 5:32,46.031
11198,5/18/2017 5:33,46.076
11199,5/18/2017 5:34,46.076
11200,5/18/2017 5:35,46.031
11201,5/18/2017 5:36,46.031
11202,5/18/2017 5:37,46.031
11203,5/18/2017 5:38,46.076
11204,5/18/2017 5:39,46.076
11205,5/18/2017 5:40,46.076
11206,5/18/2017 5:41,46.076
11207,5/18/2017 5:42,46.031
11208,5/18/2017 5:43,46.031
11209,5/18/2017 5:44,46.031
11210,5/18/2017 5:45,46.031
11211,5/18/2017 5:46,46.031
11212,5/18/2017 5:47,46.076
11213,5/18/2017 5:48,46.076
11214,5/18/2017 5:49,46.076
11215,5/18/2017 5:50,46.076
11216,5/18/2017 5:51,46.121
11217,5/18/2017 5:52,46.121
11218,5/18/2017 5:53,46.121
11219,5/18/2017 5:54,46.166
11220,5/18/2017 5:55,46.211
11221,5/18/2017 5:56,46.256
11222,5/18/2017 5:57,46.346
11223,5/18/2017 5:58,46.391
11224,5/18/2017 5:59,46.436
11225,5/18/2017 6:00,46.436
11226,5/18/2017 6:01,46.481
11227,5/18/2017 6:02,46.481
11228,5/18/2017 6:03,46.436
11229,5/18/2017 6:04,46.481
11230,5/18/2017 6:05,46.481
11231,5/18/2017 6:06,46.481
11232,5/18/2017 6:07,46.526
11233,5/18/2017 6:08,46.481
11234,5/18/2017 6:09,46.481
11235,5/18/2017 6:10,46.526
11236,5/18/2017 6:11,46.526
11237,5/18/2017 6:12,46.526
11238,5/18/2017 6:13,46.526
11239,5/18/2017 6:14,46.526
11240,5/18/2017 6:15,46.526
11241,5/18/2017 6:16,46.526
11242,5/18/2017 6:17,46.526
11243,5/18/2017 6:18,46.526
11244,5/18/2017 6:19,46.526
11245,5/18/2017 6:20,46.526
11246,5/18/2017 6:21,46.526
11247,5/18/2017 6:22,46.526
11248,5/18/2017 6:23,46.526
11249,5/18/2017 6:24,46.526
11250,5/18/2017 6:25,46.526
11251,5/18/2017 6:26,46.526
11252,5/18/2017 6:27,46.526
11253,5/18/2017 6:28,46.571
11254,5/18/2017 6:29,46.571
11255,5/18/2017 6:30,46.571
11256,5/18/2017 6:31,46.571
11257,5/18/2017 6:32,46.526
11258,5/18/2017 6:33,46.571
11259,5/18/2017 6:34,46.571
11260,5/18/2017 6:35,46.571
11261,5/18/2017 6:36,46.616
11262,5/18/2017 6:37,46.616
11263,5/18/2017 6:38,46.661
11264,5/18/2017 6:39,46.661
11265,5/18/2017 6:40,46.661
11266,5/18/2017 6:41,46.706
11267,5/18/2017 6:42,46.706
11268,5/18/2017 6:43,46.706
11269,5/18/2017 6:44,46.706
11270,5/18/2017 6:45,46.751
11271,5/18/2017 6:46,46.751
11272,5/18/2017 6:47,46.751
11273,5/18/2017 6:48,46.796
11274,5/18/2017 6:49,46.796
11275,5/18/2017 6:50,46.796
11276,5/18/2017 6:51,46.841
11277,5/18/2017 6:52,46.886
11278,5/18/2017 6:53,46.886
11279,5/18/2017 6:54,46.931
11280,5/18/2017 6:55,46.931
11281,5/18/2017 6:56,46.974
11282,5/18/2017 6:57,47.019
11283,5/18/2017 6:58,47.064
11284,5/18/2017 6:59,47.064
11285,5/18/2017 7:00,47.109
11286,5/18/2017 7:01,47.109
11287,5/18/2017 7:02,47.109
11288,5/18/2017 7:03,47.109
11289,5/18/2017 7:04,47.109
11290,5/18/2017 7:05,47.109
11291,5/18/2017 7:06,47.064
11292,5/18/2017 7:07,47.064
11293,5/18/2017 7:08,47.019
11294,5/18/2017 7:09,47.019
11295,5/18/2017 7:10,46.974
11296,5/18/2017 7:11,46.974
11297,5/18/2017 7:12,46.931
11298,5/18/2017 7:13,46.886
11299,5/18/2017 7:14,46.886
11300,5/18/2017 7:15,46.796
11301,5/18/2017 7:16,46.796
11302,5/18/2017 7:17,46.751
11303,5/18/2017 7:18,46.751
11304,5/18/2017 7:19,46.706
11305,5/18/2017 7:20,46.706
11306,5/18/2017 7:21,46.706
11307,5/18/2017 7:22,46.661
11308,5/18/2017 7:23,46.616
11309,5/18/2017 7:24,46.616
11310,5/18/2017 7:25,46.616
11311,5/18/2017 7:26,46.616
11312,5/18/2017 7:27,46.616
11313,5/18/2017 7:28,46.661
11314,5/18/2017 7:29,46.706
11315,5/18/2017 7:30,46.706
11316,5/18/2017 7:31,46.706
11317,5/18/2017 7:32,46.706
11318,5/18/2017 7:33,46.751
11319,5/18/2017 7:34,46.796
11320,5/18/2017 7:35,46.796
11321,5/18/2017 7:36,46.841
11322,5/18/2017 7:37,46.931
11323,5/18/2017 7:38,46.974
11324,5/18/2017 7:39,47.019
11325,5/18/2017 7:40,47.019
11326,5/18/2017 7:41,47.019
11327,5/18/2017 7:42,47.019
11328,5/18/2017 7:43,47.019
11329,5/18/2017 7:44,47.019
11330,5/18/2017 7:45,47.019
11331,5/18/2017 7:46,46.974
11332,5/18/2017 7:47,47.019
11333,5/18/2017 7:48,47.064
11334,5/18/2017 7:49,47.064
11335,5/18/2017 7:50,47.064
11336,5/18/2017 7:51,47.109
11337,5/18/2017 7:52,47.154
11338,5/18/2017 7:53,47.199
11339,5/18/2017 7:54,47.244
11340,5/18/2017 7:55,47.289
11341,5/18/2017 7:56,47.377
11342,5/18/2017 7:57,47.377
11343,5/18/2017 7:58,47.377
11344,5/18/2017 7:59,47.422
11345,5/18/2017 8:00,47.422
11346,5/18/2017 8:01,47.422
11347,5/18/2017 8:02,47.422
11348,5/18/2017 8:03,47.467
11349,5/18/2017 8:04,47.512
11350,5/18/2017 8:05,47.512
11351,5/18/2017 8:06,47.557
11352,5/18/2017 8:07,47.602
11353,5/18/2017 8:08,47.602
11354,5/18/2017 8:09,47.691
11355,5/18/2017 8:10,47.736
11356,5/18/2017 8:11,47.781
11357,5/18/2017 8:12,47.826
11358,5/18/2017 8:13,47.959
11359,5/18/2017 8:14,48.538
11360,5/18/2017 8:15,48.717
11361,5/18/2017 8:16,49.073
11362,5/18/2017 8:17,49.204
11363,5/18/2017 8:18,49.161
11364,5/18/2017 8:19,49.471
11365,5/18/2017 8:20,49.516
11366,5/18/2017 8:21,49.428
11367,5/18/2017 8:22,49.428
11368,5/18/2017 8:23,49.428
11369,5/18/2017 8:24,49.428
11370,5/18/2017 8:25,49.383
11371,5/18/2017 8:26,49.428
11372,5/18/2017 8:27,49.428
11373,5/18/2017 8:28,49.428
11374,5/18/2017 8:29,49.428
11375,5/18/2017 8:30,49.471
11376,5/18/2017 8:31,49.428
11377,5/18/2017 8:32,49.428
11378,5/18/2017 8:33,49.383
11379,5/18/2017 8:34,49.383
11380,5/18/2017 8:35,49.428
11381,5/18/2017 8:36,49.428
11382,5/18/2017 8:37,49.428
11383,5/18/2017 8:38,49.428
11384,5/18/2017 8:39,49.428
11385,5/18/2017 8:40,49.428
11386,5/18/2017 8:41,49.471
11387,5/18/2017 8:42,49.471
11388,5/18/2017 8:43,49.516
11389,5/18/2017 8:44,49.516
11390,5/18/2017 8:45,49.516
11391,5/18/2017 8:46,49.516
11392,5/18/2017 8:47,49.471
11393,5/18/2017 8:48,49.471
11394,5/18/2017 8:49,49.471
11395,5/18/2017 8:50,49.428
11396,5/18/2017 8:51,49.383
11397,5/18/2017 8:52,49.383
11398,5/18/2017 8:53,49.383
11399,5/18/2017 8:54,49.338
11400,5/18/2017 8:55,49.383
11401,5/18/2017 8:56,49.383
11402,5/18/2017 8:57,49.428
11403,5/18/2017 8:58,49.428
11404,5/18/2017 8:59,49.428
11405,5/18/2017 9:00,49.428
11406,5/18/2017 9:01,49.338
11407,5/18/2017 9:02,49.294
11408,5/18/2017 9:03,49.249
11409,5/18/2017 9:04,49.204
11410,5/18/2017 9:05,49.204
11411,5/18/2017 9:06,49.204
11412,5/18/2017 9:07,49.204
11413,5/18/2017 9:08,49.204
11414,5/18/2017 9:09,49.116
11415,5/18/2017 9:10,49.116
11416,5/18/2017 9:11,49.073
11417,5/18/2017 9:12,48.983
11418,5/18/2017 9:13,48.983
11419,5/18/2017 9:14,48.983
11420,5/18/2017 9:15,49.028
11421,5/18/2017 9:16,48.983
11422,5/18/2017 9:17,48.938
11423,5/18/2017 9:18,48.938
11424,5/18/2017 9:19,48.938
11425,5/18/2017 9:20,48.895
11426,5/18/2017 9:21,48.938
11427,5/18/2017 9:22,48.895
11428,5/18/2017 9:23,48.85
11429,5/18/2017 9:24,48.805
11430,5/18/2017 9:25,48.762
11431,5/18/2017 9:26,48.717
11432,5/18/2017 9:27,48.717
11433,5/18/2017 9:28,48.628
11434,5/18/2017 9:29,48.583
11435,5/18/2017 9:30,48.538
11436,5/18/2017 9:31,48.493
11437,5/18/2017 9:32,48.493
11438,5/18/2017 9:33,48.45
11439,5/18/2017 9:34,48.405
11440,5/18/2017 9:35,48.405
11441,5/18/2017 9:36,48.405
11442,5/18/2017 9:37,48.36
11443,5/18/2017 9:38,48.315
11444,5/18/2017 9:39,48.272
11445,5/18/2017 9:40,48.315
11446,5/18/2017 9:41,48.315
11447,5/18/2017 9:42,48.272
11448,5/18/2017 9:43,48.315
11449,5/18/2017 9:44,48.315
11450,5/18/2017 9:45,48.272
11451,5/18/2017 9:46,48.315
11452,5/18/2017 9:47,48.315
11453,5/18/2017 9:48,48.36
11454,5/18/2017 9:49,48.36
11455,5/18/2017 9:50,48.36
11456,5/18/2017 9:51,48.405
11457,5/18/2017 9:52,48.493
11458,5/18/2017 9:53,48.493
11459,5/18/2017 9:54,48.45
11460,5/18/2017 9:55,48.45
11461,5/18/2017 9:56,48.45
11462,5/18/2017 9:57,48.45
11463,5/18/2017 9:58,48.45
11464,5/18/2017 9:59,48.493
11465,5/18/2017 10:00,48.538
11466,5/18/2017 10:01,48.583
11467,5/18/2017 10:02,48.717
11468,5/18/2017 10:03,48.805
11469,5/18/2017 10:04,48.85
11470,5/18/2017 10:05,48.895
11471,5/18/2017 10:06,48.983
11472,5/18/2017 10:07,49.028
11473,5/18/2017 10:08,49.161
11474,5/18/2017 10:09,49.204
11475,5/18/2017 10:10,49.249
11476,5/18/2017 10:11,49.294
11477,5/18/2017 10:12,49.383
11478,5/18/2017 10:13,49.383
11479,5/18/2017 10:14,49.471
11480,5/18/2017 10:15,49.471
11481,5/18/2017 10:16,49.471
11482,5/18/2017 10:17,49.471
11483,5/18/2017 10:18,49.428
11484,5/18/2017 10:19,49.428
11485,5/18/2017 10:20,49.516
11486,5/18/2017 10:21,49.561
11487,5/18/2017 10:22,49.516
11488,5/18/2017 10:23,49.561
11489,5/18/2017 10:24,49.516
11490,5/18/2017 10:25,49.471
11491,5/18/2017 10:26,49.383
11492,5/18/2017 10:27,49.249
11493,5/18/2017 10:28,49.204
11494,5/18/2017 10:29,49.116
11495,5/18/2017 10:30,48.983
11496,5/18/2017 10:31,48.983
11497,5/18/2017 10:32,48.983
11498,5/18/2017 10:33,49.028
11499,5/18/2017 10:34,49.028
11500,5/18/2017 10:35,49.028
11501,5/18/2017 10:36,48.983
11502,5/18/2017 10:37,48.983
11503,5/18/2017 10:38,48.983
11504,5/18/2017 10:39,48.938
11505,5/18/2017 10:40,48.85
11506,5/18/2017 10:41,48.805
11507,5/18/2017 10:42,48.762
11508,5/18/2017 10:43,48.805
11509,5/18/2017 10:44,48.805
11510,5/18/2017 10:45,48.85
11511,5/18/2017 10:46,48.85
11512,5/18/2017 10:47,48.85
11513,5/18/2017 10:48,48.895
11514,5/18/2017 10:49,48.938
11515,5/18/2017 10:50,48.938
11516,5/18/2017 10:51,48.938
11517,5/18/2017 10:52,48.938
11518,5/18/2017 10:53,48.938
11519,5/18/2017 10:54,48.938
11520,5/18/2017 10:55,48.938
11521,5/18/2017 10:56,48.805
11522,5/18/2017 10:57,48.717
11523,5/18/2017 10:58,48.493
11524,5/18/2017 10:59,48.272
11525,5/18/2017 11:00,48.049
11526,5/18/2017 11:01,47.871
11527,5/18/2017 11:02,47.781
11528,5/18/2017 11:03,47.691
11529,5/18/2017 11:04,47.647
11530,5/18/2017 11:05,47.647
11531,5/18/2017 11:06,47.647
11532,5/18/2017 11:07,47.602
11533,5/18/2017 11:08,47.647
11534,5/18/2017 11:09,47.826
11535,5/18/2017 11:10,47.736
11536,5/18/2017 11:11,47.602
11537,5/18/2017 11:12,47.647
11538,5/18/2017 11:13,47.914
11539,5/18/2017 11:14,48.315
11540,5/18/2017 11:15,48.36
11541,5/18/2017 11:16,48.315
11542,5/18/2017 11:17,48.227
11543,5/18/2017 11:18,48.137
11544,5/18/2017 11:19,48.049
11545,5/18/2017 11:20,48.004
11546,5/18/2017 11:21,48.049
11547,5/18/2017 11:22,47.959
11548,5/18/2017 11:23,47.914
11549,5/18/2017 11:24,47.871
11550,5/18/2017 11:25,47.826
11551,5/18/2017 11:26,47.781
11552,5/18/2017 11:27,47.691
11553,5/18/2017 11:28,47.647
11554,5/18/2017 11:29,47.512
11555,5/18/2017 11:30,47.422
11556,5/18/2017 11:31,47.244
11557,5/18/2017 11:32,47.064
11558,5/18/2017 11:33,46.841
11559,5/18/2017 11:34,46.661
11560,5/18/2017 11:35,46.436
11561,5/18/2017 11:36,46.346
11562,5/18/2017 11:37,46.211
11563,5/18/2017 11:38,46.031
11564,5/18/2017 11:39,45.896
11565,5/18/2017 11:40,45.851
11566,5/18/2017 11:41,45.761
11567,5/18/2017 11:42,45.714
11568,5/18/2017 11:43,45.669
11569,5/18/2017 11:44,45.669
11570,5/18/2017 11:45,45.714
11571,5/18/2017 11:46,45.761
11572,5/18/2017 11:47,45.806
11573,5/18/2017 11:48,45.896
11574,5/18/2017 11:49,45.986
11575,5/18/2017 11:50,46.031
11576,5/18/2017 11:51,46.121
11577,5/18/2017 11:52,46.256
11578,5/18/2017 11:53,46.346
11579,5/18/2017 11:54,46.436
11580,5/18/2017 11:55,46.526
11581,5/18/2017 11:56,46.616
11582,5/18/2017 11:57,46.661
11583,5/18/2017 11:58,46.751
11584,5/18/2017 11:59,46.841
11585,5/18/2017 12:00,46.841
11586,5/18/2017 12:01,46.706
11587,5/18/2017 12:02,46.436
11588,5/18/2017 12:03,45.399
11589,5/18/2017 12:04,45.036
11590,5/18/2017 12:05,44.856
11591,5/18/2017 12:06,44.627
11592,5/18/2017 12:07,44.31
11593,5/18/2017 12:08,44.127
11594,5/18/2017 12:09,43.99
11595,5/18/2017 12:10,43.9
11596,5/18/2017 12:11,43.853
11597,5/18/2017 12:12,43.853
11598,5/18/2017 12:13,43.808
11599,5/18/2017 12:14,43.808
11600,5/18/2017 12:15,43.853
11601,5/18/2017 12:16,43.853
11602,5/18/2017 12:17,43.853
11603,5/18/2017 12:18,43.853
11604,5/18/2017 12:19,43.853
11605,5/18/2017 12:20,43.853
11606,5/18/2017 12:21,43.853
11607,5/18/2017 12:22,43.9
11608,5/18/2017 12:23,43.9
11609,5/18/2017 12:24,43.9
11610,5/18/2017 12:25,44.218
11611,5/18/2017 12:26,44.492
11612,5/18/2017 12:27,44.582
11613,5/18/2017 12:28,44.627
11614,5/18/2017 12:29,44.764
11615,5/18/2017 12:30,44.901
11616,5/18/2017 12:31,45.082
11617,5/18/2017 12:32,45.172
11618,5/18/2017 12:33,45.354
11619,5/18/2017 12:34,45.489
11620,5/18/2017 12:35,45.714
11621,5/18/2017 12:36,45.896
11622,5/18/2017 12:37,46.031
11623,5/18/2017 12:38,46.121
11624,5/18/2017 12:39,46.076
11625,5/18/2017 12:40,46.031
11626,5/18/2017 12:41,45.806
11627,5/18/2017 12:42,45.534
11628,5/18/2017 12:43,45.217
11629,5/18/2017 12:44,44.764
11630,5/18/2017 12:45,44.263
11631,5/18/2017 12:46,43.9
11632,5/18/2017 12:47,43.716
11633,5/18/2017 12:48,43.579
11634,5/18/2017 12:49,43.534
11635,5/18/2017 12:50,43.443
11636,5/18/2017 12:51,43.443
11637,5/18/2017 12:52,43.396
11638,5/18/2017 12:53,43.351
11639,5/18/2017 12:54,43.351
11640,5/18/2017 12:55,43.351
11641,5/18/2017 12:56,43.351
11642,5/18/2017 12:57,43.351
11643,5/18/2017 12:58,43.351
11644,5/18/2017 12:59,43.351
11645,5/18/2017 13:00,43.351
11646,5/18/2017 13:01,43.351
11647,5/18/2017 13:02,43.351
11648,5/18/2017 13:03,43.351
11649,5/18/2017 13:04,43.351
11650,5/18/2017 13:05,43.351
11651,5/18/2017 13:06,43.351
11652,5/18/2017 13:07,44.173
11653,5/18/2017 13:08,44.674
11654,5/18/2017 13:09,44.901
11655,5/18/2017 13:10,45.172
11656,5/18/2017 13:11,45.354
11657,5/18/2017 13:12,45.444
11658,5/18/2017 13:13,45.444
11659,5/18/2017 13:14,45.399
11660,5/18/2017 13:15,45.399
11661,5/18/2017 13:16,45.534
11662,5/18/2017 13:17,45.714
11663,5/18/2017 13:18,45.941
11664,5/18/2017 13:19,46.076
11665,5/18/2017 13:20,46.166
11666,5/18/2017 13:21,46.076
11667,5/18/2017 13:22,46.076
11668,5/18/2017 13:23,46.211
11669,5/18/2017 13:24,46.391
11670,5/18/2017 13:25,46.526
11671,5/18/2017 13:26,46.796
11672,5/18/2017 13:27,46.661
11673,5/18/2017 13:28,45.941
11674,5/18/2017 13:29,45.534
11675,5/18/2017 13:30,44.4
11676,5/18/2017 13:31,43.808
11677,5/18/2017 13:32,43.488
11678,5/18/2017 13:33,43.351
11679,5/18/2017 13:34,43.306
11680,5/18/2017 13:35,43.259
11681,5/18/2017 13:36,43.259
11682,5/18/2017 13:37,43.259
11683,5/18/2017 13:38,43.259
11684,5/18/2017 13:39,43.259
11685,5/18/2017 13:40,43.351
11686,5/18/2017 13:41,43.763
11687,5/18/2017 13:42,43.624
11688,5/18/2017 13:43,43.671
11689,5/18/2017 13:44,43.945
11690,5/18/2017 13:45,44.173
11691,5/18/2017 13:46,44.263
11692,5/18/2017 13:47,44.492
11693,5/18/2017 13:48,44.492
11694,5/18/2017 13:49,44.582
11695,5/18/2017 13:50,44.582
11696,5/18/2017 13:51,44.627
11697,5/18/2017 13:52,44.764
11698,5/18/2017 13:53,44.856
11699,5/18/2017 13:54,44.719
11700,5/18/2017 13:55,44.582
11701,5/18/2017 13:56,44.492
11702,5/18/2017 13:57,44.355
11703,5/18/2017 13:58,44.355
11704,5/18/2017 13:59,44.263
11705,5/18/2017 14:00,44.173
11706,5/18/2017 14:01,44.127
11707,5/18/2017 14:02,44.082
11708,5/18/2017 14:03,44.037
11709,5/18/2017 14:04,43.99
11710,5/18/2017 14:05,44.037
11711,5/18/2017 14:06,43.99
11712,5/18/2017 14:07,43.945
11713,5/18/2017 14:08,43.945
11714,5/18/2017 14:09,43.945
11715,5/18/2017 14:10,43.99
11716,5/18/2017 14:11,44.037
11717,5/18/2017 14:12,44.082
11718,5/18/2017 14:13,44.082
11719,5/18/2017 14:14,44.082
11720,5/18/2017 14:15,44.082
11721,5/18/2017 14:16,44.082
11722,5/18/2017 14:17,44.127
11723,5/18/2017 14:18,44.173
11724,5/18/2017 14:19,44.263
11725,5/18/2017 14:20,44.218
11726,5/18/2017 14:21,44.263
11727,5/18/2017 14:22,44.31
11728,5/18/2017 14:23,44.4
11729,5/18/2017 14:24,44.445
11730,5/18/2017 14:25,44.445
11731,5/18/2017 14:26,44.492
11732,5/18/2017 14:27,44.492
11733,5/18/2017 14:28,44.537
11734,5/18/2017 14:29,44.627
11735,5/18/2017 14:30,44.627
11736,5/18/2017 14:31,44.674
11737,5/18/2017 14:32,44.719
11738,5/18/2017 14:33,44.856
11739,5/18/2017 14:34,44.856
11740,5/18/2017 14:35,44.946
11741,5/18/2017 14:36,44.991
11742,5/18/2017 14:37,45.036
11743,5/18/2017 14:38,45.036
11744,5/18/2017 14:39,45.082
11745,5/18/2017 14:40,45.172
11746,5/18/2017 14:41,45.262
11747,5/18/2017 14:42,45.354
11748,5/18/2017 14:43,45.354
11749,5/18/2017 14:44,45.399
11750,5/18/2017 14:45,45.399
11751,5/18/2017 14:46,45.399
11752,5/18/2017 14:47,45.354
11753,5/18/2017 14:48,45.354
11754,5/18/2017 14:49,45.354
11755,5/18/2017 14:50,45.307
11756,5/18/2017 14:51,45.262
11757,5/18/2017 14:52,45.217
11758,5/18/2017 14:53,45.127
11759,5/18/2017 14:54,45.082
11760,5/18/2017 14:55,45.082
11761,5/18/2017 14:56,45.036
11762,5/18/2017 14:57,45.082
11763,5/18/2017 14:58,45.082
11764,5/18/2017 14:59,45.082
11765,5/18/2017 15:00,45.082
11766,5/18/2017 15:01,45.036
11767,5/18/2017 15:02,45.127
11768,5/18/2017 15:03,45.172
11769,5/18/2017 15:04,45.217
11770,5/18/2017 15:05,45.217
11771,5/18/2017 15:06,45.262
11772,5/18/2017 15:07,45.262
11773,5/18/2017 15:08,45.307
11774,5/18/2017 15:09,45.307
11775,5/18/2017 15:10,45.307
11776,5/18/2017 15:11,45.354
11777,5/18/2017 15:12,45.354
11778,5/18/2017 15:13,45.354
11779,5/18/2017 15:14,45.444
11780,5/18/2017 15:15,45.444
11781,5/18/2017 15:16,45.489
11782,5/18/2017 15:17,45.534
11783,5/18/2017 15:18,45.534
11784,5/18/2017 15:19,45.579
11785,5/18/2017 15:20,45.624
11786,5/18/2017 15:21,45.624
11787,5/18/2017 15:22,45.714
11788,5/18/2017 15:23,45.761
11789,5/18/2017 15:24,45.806
11790,5/18/2017 15:25,45.896
11791,5/18/2017 15:26,45.941
11792,5/18/2017 15:27,45.896
11793,5/18/2017 15:28,45.896
11794,5/18/2017 15:29,45.896
11795,5/18/2017 15:30,45.896
11796,5/18/2017 15:31,45.941
11797,5/18/2017 15:32,45.896
11798,5/18/2017 15:33,45.986
11799,5/18/2017 15:34,45.986
11800,5/18/2017 15:35,46.031
11801,5/18/2017 15:36,46.031
11802,5/18/2017 15:37,46.031
11803,5/18/2017 15:38,46.031
11804,5/18/2017 15:39,45.986
11805,5/18/2017 15:40,45.986
11806,5/18/2017 15:41,45.986
11807,5/18/2017 15:42,46.076
11808,5/18/2017 15:43,46.121
11809,5/18/2017 15:44,46.076
11810,5/18/2017 15:45,46.031
11811,5/18/2017 15:46,46.031
11812,5/18/2017 15:47,45.986
11813,5/18/2017 15:48,46.031
11814,5/18/2017 15:49,45.986
11815,5/18/2017 15:50,46.031
11816,5/18/2017 15:51,45.986
11817,5/18/2017 15:52,45.941
11818,5/18/2017 15:53,45.986
11819,5/18/2017 15:54,45.986
11820,5/18/2017 15:55,45.941
11821,5/18/2017 15:56,45.941
11822,5/18/2017 15:57,45.896
11823,5/18/2017 15:58,45.896
11824,5/18/2017 15:59,45.851
11825,5/18/2017 16:00,45.896
11826,5/18/2017 16:01,45.851
11827,5/18/2017 16:02,45.851
11828,5/18/2017 16:03,45.851
11829,5/18/2017 16:04,45.896
11830,5/18/2017 16:05,45.896
11831,5/18/2017 16:06,45.896
11832,5/18/2017 16:07,45.896
11833,5/18/2017 16:08,45.851
11834,5/18/2017 16:09,45.851
11835,5/18/2017 16:10,45.851
11836,5/18/2017 16:11,45.896
11837,5/18/2017 16:12,45.896
11838,5/18/2017 16:13,45.896
11839,5/18/2017 16:14,45.851
11840,5/18/2017 16:15,45.851
11841,5/18/2017 16:16,45.851
11842,5/18/2017 16:17,45.806
11843,5/18/2017 16:18,45.761
11844,5/18/2017 16:19,45.714
11845,5/18/2017 16:20,45.669
11846,5/18/2017 16:21,45.714
11847,5/18/2017 16:22,45.714
11848,5/18/2017 16:23,45.806
11849,5/18/2017 16:24,45.806
11850,5/18/2017 16:25,45.806
11851,5/18/2017 16:26,45.806
11852,5/18/2017 16:27,45.851
11853,5/18/2017 16:28,45.851
11854,5/18/2017 16:29,45.851
11855,5/18/2017 16:30,45.851
11856,5/18/2017 16:31,45.851
11857,5/18/2017 16:32,45.851
11858,5/18/2017 16:33,45.896
11859,5/18/2017 16:34,45.896
11860,5/18/2017 16:35,45.896
11861,5/18/2017 16:36,45.941
11862,5/18/2017 16:37,45.941
11863,5/18/2017 16:38,45.941
11864,5/18/2017 16:39,45.941
11865,5/18/2017 16:40,45.986
11866,5/18/2017 16:41,46.031
11867,5/18/2017 16:42,46.031
11868,5/18/2017 16:43,45.986
11869,5/18/2017 16:44,45.986
11870,5/18/2017 16:45,45.986
11871,5/18/2017 16:46,45.986
11872,5/18/2017 16:47,45.986
11873,5/18/2017 16:48,45.941
11874,5/18/2017 16:49,45.851
11875,5/18/2017 16:50,45.806
11876,5/18/2017 16:51,45.806
11877,5/18/2017 16:52,45.714
11878,5/18/2017 16:53,45.714
11879,5/18/2017 16:54,45.714
11880,5/18/2017 16:55,45.127
11881,5/18/2017 16:56,44.809
11882,5/18/2017 16:57,44.492
11883,5/18/2017 16:58,44.445
11884,5/18/2017 16:59,43.853
11885,5/18/2017 17:00,43.534
11886,5/18/2017 17:01,43.396
11887,5/18/2017 17:02,43.306
11888,5/18/2017 17:03,43.259
11889,5/18/2017 17:04,43.214
11890,5/18/2017 17:05,43.214
11891,5/18/2017 17:06,43.214
11892,5/18/2017 17:07,43.214
11893,5/18/2017 17:08,43.214
11894,5/18/2017 17:09,43.214
11895,5/18/2017 17:10,43.214
11896,5/18/2017 17:11,43.214
11897,5/18/2017 17:12,43.214
11898,5/18/2017 17:13,43.214
11899,5/18/2017 17:14,43.214
11900,5/18/2017 17:15,43.214
11901,5/18/2017 17:16,43.306
11902,5/18/2017 17:17,43.808
11903,5/18/2017 17:18,44.173
11904,5/18/2017 17:19,44.355
11905,5/18/2017 17:20,44.31
11906,5/18/2017 17:21,44.218
11907,5/18/2017 17:22,44.127
11908,5/18/2017 17:23,43.853
11909,5/18/2017 17:24,43.671
11910,5/18/2017 17:25,43.624
11911,5/18/2017 17:26,43.579
11912,5/18/2017 17:27,43.534
11913,5/18/2017 17:28,43.534
11914,5/18/2017 17:29,43.534
11915,5/18/2017 17:30,43.534
11916,5/18/2017 17:31,43.579
11917,5/18/2017 17:32,43.624
11918,5/18/2017 17:33,43.671
11919,5/18/2017 17:34,43.763
11920,5/18/2017 17:35,43.853
11921,5/18/2017 17:36,43.9
11922,5/18/2017 17:37,43.945
11923,5/18/2017 17:38,44.037
11924,5/18/2017 17:39,44.173
11925,5/18/2017 17:40,44.218
11926,5/18/2017 17:41,44.263
11927,5/18/2017 17:42,44.263
11928,5/18/2017 17:43,44.263
11929,5/18/2017 17:44,44.263
11930,5/18/2017 17:45,44.263
11931,5/18/2017 17:46,44.31
11932,5/18/2017 17:47,44.31
11933,5/18/2017 17:48,44.31
11934,5/18/2017 17:49,44.263
11935,5/18/2017 17:50,44.218
11936,5/18/2017 17:51,44.173
11937,5/18/2017 17:52,44.127
11938,5/18/2017 17:53,44.127
11939,5/18/2017 17:54,44.173
11940,5/18/2017 17:55,44.173
11941,5/18/2017 17:56,44.173
11942,5/18/2017 17:57,44.173
11943,5/18/2017 17:58,44.173
11944,5/18/2017 17:59,44.173
11945,5/18/2017 18:00,44.173
11946,5/18/2017 18:01,44.173
11947,5/18/2017 18:02,44.218
11948,5/18/2017 18:03,44.218
11949,5/18/2017 18:04,44.263
11950,5/18/2017 18:05,44.31
11951,5/18/2017 18:06,44.31
11952,5/18/2017 18:07,44.31
11953,5/18/2017 18:08,44.31
11954,5/18/2017 18:09,44.31
11955,5/18/2017 18:10,44.355
11956,5/18/2017 18:11,44.355
11957,5/18/2017 18:12,44.355
11958,5/18/2017 18:13,44.4
11959,5/18/2017 18:14,44.4
11960,5/18/2017 18:15,44.4
11961,5/18/2017 18:16,44.355
11962,5/18/2017 18:17,44.355
11963,5/18/2017 18:18,44.355
11964,5/18/2017 18:19,44.355
11965,5/18/2017 18:20,44.355
11966,5/18/2017 18:21,44.355
11967,5/18/2017 18:22,44.355
11968,5/18/2017 18:23,44.355
11969,5/18/2017 18:24,44.355
11970,5/18/2017 18:25,44.355
11971,5/18/2017 18:26,44.355
11972,5/18/2017 18:27,44.31
11973,5/18/2017 18:28,44.355
11974,5/18/2017 18:29,44.355
11975,5/18/2017 18:30,44.355
11976,5/18/2017 18:31,44.31
11977,5/18/2017 18:32,44.263
11978,5/18/2017 18:33,44.218
11979,5/18/2017 18:34,44.263
11980,5/18/2017 18:35,44.263
11981,5/18/2017 18:36,44.263
11982,5/18/2017 18:37,44.31
11983,5/18/2017 18:38,44.719
11984,5/18/2017 18:39,45.354
11985,5/18/2017 18:40,45.489
11986,5/18/2017 18:41,44.901
11987,5/18/2017 18:42,43.808
11988,5/18/2017 18:43,42.984
11989,5/18/2017 18:44,42.616
11990,5/18/2017 18:45,42.386
11991,5/18/2017 18:46,42.341
11992,5/18/2017 18:47,42.247
11993,5/18/2017 18:48,42.202
11994,5/18/2017 18:49,42.202
11995,5/18/2017 18:50,42.202
11996,5/18/2017 18:51,42.202
11997,5/18/2017 18:52,42.202
11998,5/18/2017 18:53,42.156
11999,5/18/2017 18:54,42.202
12000,5/18/2017 18:55,42.202
12001,5/18/2017 18:56,43.075
12002,5/18/2017 18:57,44.4
12003,5/18/2017 18:58,44.946
12004,5/18/2017 18:59,45.172
12005,5/18/2017 19:00,44.946
12006,5/18/2017 19:01,44.856
12007,5/18/2017 19:02,44.674
12008,5/18/2017 19:03,44.582
12009,5/18/2017 19:04,44.445
12010,5/18/2017 19:05,44.355
12011,5/18/2017 19:06,44.263
12012,5/18/2017 19:07,44.218
12013,5/18/2017 19:08,44.173
12014,5/18/2017 19:09,44.082
12015,5/18/2017 19:10,44.037
12016,5/18/2017 19:11,44.037
12017,5/18/2017 19:12,43.99
12018,5/18/2017 19:13,43.99
12019,5/18/2017 19:14,43.99
12020,5/18/2017 19:15,43.945
12021,5/18/2017 19:16,43.945
12022,5/18/2017 19:17,43.945
12023,5/18/2017 19:18,43.99
12024,5/18/2017 19:19,44.037
12025,5/18/2017 19:20,44.082
12026,5/18/2017 19:21,44.127
12027,5/18/2017 19:22,44.674
12028,5/18/2017 19:23,44.991
12029,5/18/2017 19:24,44.627
12030,5/18/2017 19:25,44.037
12031,5/18/2017 19:26,43.716
12032,5/18/2017 19:27,43.534
12033,5/18/2017 19:28,43.488
12034,5/18/2017 19:29,43.443
12035,5/18/2017 19:30,43.396
12036,5/18/2017 19:31,43.396
12037,5/18/2017 19:32,43.396
12038,5/18/2017 19:33,43.351
12039,5/18/2017 19:34,43.351
12040,5/18/2017 19:35,43.351
12041,5/18/2017 19:36,43.351
12042,5/18/2017 19:37,43.351
12043,5/18/2017 19:38,43.351
12044,5/18/2017 19:39,43.351
12045,5/18/2017 19:40,43.351
12046,5/18/2017 19:41,43.306
12047,5/18/2017 19:42,43.351
12048,5/18/2017 19:43,43.306
12049,5/18/2017 19:44,43.306
12050,5/18/2017 19:45,43.853
12051,5/18/2017 19:46,44.627
12052,5/18/2017 19:47,44.719
12053,5/18/2017 19:48,44.627
12054,5/18/2017 19:49,44.674
12055,5/18/2017 19:50,44.719
12056,5/18/2017 19:51,44.674
12057,5/18/2017 19:52,44.582
12058,5/18/2017 19:53,44.492
12059,5/18/2017 19:54,44.492
12060,5/18/2017 19:55,44.4
12061,5/18/2017 19:56,44.355
12062,5/18/2017 19:57,44.31
12063,5/18/2017 19:58,44.31
12064,5/18/2017 19:59,44.31
12065,5/18/2017 20:00,44.263
12066,5/18/2017 20:01,44.263
12067,5/18/2017 20:02,44.263
12068,5/18/2017 20:03,44.263
12069,5/18/2017 20:04,44.218
12070,5/18/2017 20:05,44.218
12071,5/18/2017 20:06,44.263
12072,5/18/2017 20:07,44.263
12073,5/18/2017 20:08,44.263
12074,5/18/2017 20:09,44.263
12075,5/18/2017 20:10,44.263
12076,5/18/2017 20:11,44.31
12077,5/18/2017 20:12,44.31
12078,5/18/2017 20:13,44.31
12079,5/18/2017 20:14,44.31
12080,5/18/2017 20:15,44.31
12081,5/18/2017 20:16,44.31
12082,5/18/2017 20:17,44.31
12083,5/18/2017 20:18,44.31
12084,5/18/2017 20:19,44.355
12085,5/18/2017 20:20,44.355
12086,5/18/2017 20:21,44.31
12087,5/18/2017 20:22,44.31
12088,5/18/2017 20:23,44.355
12089,5/18/2017 20:24,44.31
12090,5/18/2017 20:25,44.31
12091,5/18/2017 20:26,44.31
12092,5/18/2017 20:27,44.31
12093,5/18/2017 20:28,44.263
12094,5/18/2017 20:29,44.263
12095,5/18/2017 20:30,44.173
12096,5/18/2017 20:31,44.127
12097,5/18/2017 20:32,44.082
12098,5/18/2017 20:33,44.037
12099,5/18/2017 20:34,43.99
12100,5/18/2017 20:35,43.99
12101,5/18/2017 20:36,43.945
12102,5/18/2017 20:37,43.9
12103,5/18/2017 20:38,43.808
12104,5/18/2017 20:39,43.716
12105,5/18/2017 20:40,43.671
12106,5/18/2017 20:41,43.579
12107,5/18/2017 20:42,43.534
12108,5/18/2017 20:43,43.488
12109,5/18/2017 20:44,43.488
12110,5/18/2017 20:45,43.443
12111,5/18/2017 20:46,43.396
12112,5/18/2017 20:47,43.351
12113,5/18/2017 20:48,43.351
12114,5/18/2017 20:49,43.306
12115,5/18/2017 20:50,43.259
12116,5/18/2017 20:51,43.306
12117,5/18/2017 20:52,43.351
12118,5/18/2017 20:53,43.396
12119,5/18/2017 20:54,43.396
12120,5/18/2017 20:55,43.396
12121,5/18/2017 20:56,43.351
12122,5/18/2017 20:57,43.306
12123,5/18/2017 20:58,43.306
12124,5/18/2017 20:59,43.351
12125,5/18/2017 21:00,43.396
12126,5/18/2017 21:01,43.396
12127,5/18/2017 21:02,43.306
12128,5/18/2017 21:03,43.167
12129,5/18/2017 21:04,43.122
12130,5/18/2017 21:05,43.075
12131,5/18/2017 21:06,42.984
12132,5/18/2017 21:07,42.939
12133,5/18/2017 21:08,42.939
12134,5/18/2017 21:09,42.892
12135,5/18/2017 21:10,42.847
12136,5/18/2017 21:11,42.8
12137,5/18/2017 21:12,42.8
12138,5/18/2017 21:13,42.755
12139,5/18/2017 21:14,42.663
12140,5/18/2017 21:15,42.616
12141,5/18/2017 21:16,42.616
12142,5/18/2017 21:17,42.57
12143,5/18/2017 21:18,42.616
12144,5/18/2017 21:19,42.663
12145,5/18/2017 21:20,42.8
12146,5/18/2017 21:21,42.847
12147,5/18/2017 21:22,42.847
12148,5/18/2017 21:23,42.847
12149,5/18/2017 21:24,42.8
12150,5/18/2017 21:25,42.8
12151,5/18/2017 21:26,42.847
12152,5/18/2017 21:27,42.8
12153,5/18/2017 21:28,42.8
12154,5/18/2017 21:29,42.8
12155,5/18/2017 21:30,42.8
12156,5/18/2017 21:31,42.8
12157,5/18/2017 21:32,42.8
12158,5/18/2017 21:33,42.847
12159,5/18/2017 21:34,42.892
12160,5/18/2017 21:35,42.847
12161,5/18/2017 21:36,42.8
12162,5/18/2017 21:37,42.847
12163,5/18/2017 21:38,42.939
12164,5/18/2017 21:39,42.984
12165,5/18/2017 21:40,42.939
12166,5/18/2017 21:41,42.984
12167,5/18/2017 21:42,42.984
12168,5/18/2017 21:43,42.984
12169,5/18/2017 21:44,42.984
12170,5/18/2017 21:45,42.984
12171,5/18/2017 21:46,42.939
12172,5/18/2017 21:47,42.8
12173,5/18/2017 21:48,42.708
12174,5/18/2017 21:49,42.57
12175,5/18/2017 21:50,42.433
12176,5/18/2017 21:51,42.341
12177,5/18/2017 21:52,42.433
12178,5/18/2017 21:53,42.433
12179,5/18/2017 21:54,42.386
12180,5/18/2017 21:55,42.341
12181,5/18/2017 21:56,42.386
12182,5/18/2017 21:57,42.341
12183,5/18/2017 21:58,42.202
12184,5/18/2017 21:59,42.109
12185,5/18/2017 22:00,42.064
12186,5/18/2017 22:01,42.017
12187,5/18/2017 22:02,41.97
12188,5/18/2017 22:03,41.925
12189,5/18/2017 22:04,41.925
12190,5/18/2017 22:05,41.878
12191,5/18/2017 22:06,41.925
12192,5/18/2017 22:07,41.925
12193,5/18/2017 22:08,41.925
12194,5/18/2017 22:09,41.925
12195,5/18/2017 22:10,41.878
12196,5/18/2017 22:11,41.878
12197,5/18/2017 22:12,41.878
12198,5/18/2017 22:13,41.832
12199,5/18/2017 22:14,41.787
12200,5/18/2017 22:15,41.787
12201,5/18/2017 22:16,41.787
12202,5/18/2017 22:17,41.693
12203,5/18/2017 22:18,41.693
12204,5/18/2017 22:19,41.693
12205,5/18/2017 22:20,41.648
12206,5/18/2017 22:21,41.693
12207,5/18/2017 22:22,41.648
12208,5/18/2017 22:23,41.601
12209,5/18/2017 22:24,41.601
12210,5/18/2017 22:25,41.554
12211,5/18/2017 22:26,41.554
12212,5/18/2017 22:27,41.554
12213,5/18/2017 22:28,41.554
12214,5/18/2017 22:29,41.554
12215,5/18/2017 22:30,41.554
12216,5/18/2017 22:31,41.601
12217,5/18/2017 22:32,41.554
12218,5/18/2017 22:33,41.508
12219,5/18/2017 22:34,41.508
12220,5/18/2017 22:35,41.508
12221,5/18/2017 22:36,41.508
12222,5/18/2017 22:37,41.554
12223,5/18/2017 22:38,41.554
12224,5/18/2017 22:39,41.508
12225,5/18/2017 22:40,41.508
12226,5/18/2017 22:41,41.508
12227,5/18/2017 22:42,41.554
12228,5/18/2017 22:43,41.554
12229,5/18/2017 22:44,41.554
12230,5/18/2017 22:45,41.554
12231,5/18/2017 22:46,41.554
12232,5/18/2017 22:47,41.508
12233,5/18/2017 22:48,41.463
12234,5/18/2017 22:49,41.463
12235,5/18/2017 22:50,41.463
12236,5/18/2017 22:51,41.463
12237,5/18/2017 22:52,41.416
12238,5/18/2017 22:53,41.416
12239,5/18/2017 22:54,41.416
12240,5/18/2017 22:55,41.369
12241,5/18/2017 22:56,41.416
12242,5/18/2017 22:57,41.416
12243,5/18/2017 22:58,41.369
12244,5/18/2017 22:59,41.322
12245,5/18/2017 23:00,41.322
12246,5/18/2017 23:01,41.322
12247,5/18/2017 23:02,41.322
12248,5/18/2017 23:03,41.322
12249,5/18/2017 23:04,41.369
12250,5/18/2017 23:05,41.369
12251,5/18/2017 23:06,41.369
12252,5/18/2017 23:07,41.416
12253,5/18/2017 23:08,41.463
12254,5/18/2017 23:09,41.416
12255,5/18/2017 23:10,41.416
12256,5/18/2017 23:11,41.416
12257,5/18/2017 23:12,41.416
12258,5/18/2017 23:13,41.416
12259,5/18/2017 23:14,41.416
12260,5/18/2017 23:15,41.416
12261,5/18/2017 23:16,41.416
12262,5/18/2017 23:17,41.416
12263,5/18/2017 23:18,41.369
12264,5/18/2017 23:19,41.369
12265,5/18/2017 23:20,41.369
12266,5/18/2017 23:21,41.369
12267,5/18/2017 23:22,41.369
12268,5/18/2017 23:23,41.322
12269,5/18/2017 23:24,41.322
12270,5/18/2017 23:25,41.322
12271,5/18/2017 23:26,41.322
12272,5/18/2017 23:27,41.369
12273,5/18/2017 23:28,41.463
12274,5/18/2017 23:29,41.463
12275,5/18/2017 23:30,41.508
12276,5/18/2017 23:31,41.508
12277,5/18/2017 23:32,41.554
12278,5/18/2017 23:33,41.601
12279,5/18/2017 23:34,41.601
12280,5/18/2017 23:35,41.601
12281,5/18/2017 23:36,41.601
12282,5/18/2017 23:37,41.648
12283,5/18/2017 23:38,41.648
12284,5/18/2017 23:39,41.601
12285,5/18/2017 23:40,41.554
12286,5/18/2017 23:41,41.508
12287,5/18/2017 23:42,41.508
12288,5/18/2017 23:43,41.463
12289,5/18/2017 23:44,41.463
12290,5/18/2017 23:45,41.416
12291,5/18/2017 23:46,41.416
12292,5/18/2017 23:47,41.416
12293,5/18/2017 23:48,41.463
12294,5/18/2017 23:49,41.463
12295,5/18/2017 23:50,41.416
12296,5/18/2017 23:51,41.416
12297,5/18/2017 23:52,41.463
12298,5/18/2017 23:53,41.508
12299,5/18/2017 23:54,41.508
12300,5/18/2017 23:55,41.508
12301,5/18/2017 23:56,41.508
12302,5/18/2017 23:57,41.508
12303,5/18/2017 23:58,41.508
12304,5/18/2017 23:59,41.554
12305,5/19/2017 0:00,41.554
12306,5/19/2017 0:01,41.554
12307,5/19/2017 0:02,41.554
12308,5/19/2017 0:03,41.554
12309,5/19/2017 0:04,41.601
12310,5/19/2017 0:05,41.601
12311,5/19/2017 0:06,41.601
12312,5/19/2017 0:07,41.554
12313,5/19/2017 0:08,41.508
12314,5/19/2017 0:09,41.463
12315,5/19/2017 0:10,41.463
12316,5/19/2017 0:11,41.416
12317,5/19/2017 0:12,41.369
12318,5/19/2017 0:13,41.369
12319,5/19/2017 0:14,41.369
12320,5/19/2017 0:15,41.369
12321,5/19/2017 0:16,41.322
12322,5/19/2017 0:17,41.322
12323,5/19/2017 0:18,41.322
12324,5/19/2017 0:19,41.322
12325,5/19/2017 0:20,41.277
12326,5/19/2017 0:21,41.277
12327,5/19/2017 0:22,41.322
12328,5/19/2017 0:23,41.369
12329,5/19/2017 0:24,41.369
12330,5/19/2017 0:25,41.369
12331,5/19/2017 0:26,41.369
12332,5/19/2017 0:27,41.322
12333,5/19/2017 0:28,41.322
12334,5/19/2017 0:29,41.369
12335,5/19/2017 0:30,41.369
12336,5/19/2017 0:31,41.369
12337,5/19/2017 0:32,41.416
12338,5/19/2017 0:33,41.416
12339,5/19/2017 0:34,41.416
12340,5/19/2017 0:35,41.416
12341,5/19/2017 0:36,41.416
12342,5/19/2017 0:37,41.463
12343,5/19/2017 0:38,41.416
12344,5/19/2017 0:39,41.463
12345,5/19/2017 0:40,41.463
12346,5/19/2017 0:41,41.463
12347,5/19/2017 0:42,41.463
12348,5/19/2017 0:43,41.463
12349,5/19/2017 0:44,41.463
12350,5/19/2017 0:45,41.463
12351,5/19/2017 0:46,41.508
12352,5/19/2017 0:47,41.508
12353,5/19/2017 0:48,41.463
12354,5/19/2017 0:49,41.508
12355,5/19/2017 0:50,41.508
12356,5/19/2017 0:51,41.508
12357,5/19/2017 0:52,41.508
12358,5/19/2017 0:53,41.508
12359,5/19/2017 0:54,41.463
12360,5/19/2017 0:55,41.508
12361,5/19/2017 0:56,41.463
12362,5/19/2017 0:57,41.463
12363,5/19/2017 0:58,41.463
12364,5/19/2017 0:59,41.463
12365,5/19/2017 1:00,41.416
12366,5/19/2017 1:01,41.416
12367,5/19/2017 1:02,41.463
12368,5/19/2017 1:03,41.463
12369,5/19/2017 1:04,41.463
12370,5/19/2017 1:05,41.463
12371,5/19/2017 1:06,41.463
12372,5/19/2017 1:07,41.554
12373,5/19/2017 1:08,41.554
12374,5/19/2017 1:09,41.601
12375,5/19/2017 1:10,41.554
12376,5/19/2017 1:11,41.508
12377,5/19/2017 1:12,41.554
12378,5/19/2017 1:13,41.554
12379,5/19/2017 1:14,41.554
12380,5/19/2017 1:15,41.508
12381,5/19/2017 1:16,41.554
12382,5/19/2017 1:17,41.554
12383,5/19/2017 1:18,41.554
12384,5/19/2017 1:19,41.554
12385,5/19/2017 1:20,41.554
12386,5/19/2017 1:21,41.554
12387,5/19/2017 1:22,41.554
12388,5/19/2017 1:23,41.508
12389,5/19/2017 1:24,41.554
12390,5/19/2017 1:25,41.508
12391,5/19/2017 1:26,41.554
12392,5/19/2017 1:27,41.554
12393,5/19/2017 1:28,41.601
12394,5/19/2017 1:29,41.601
12395,5/19/2017 1:30,41.648
12396,5/19/2017 1:31,41.693
12397,5/19/2017 1:32,41.787
12398,5/19/2017 1:33,41.832
12399,5/19/2017 1:34,41.878
12400,5/19/2017 1:35,41.878
12401,5/19/2017 1:36,42.017
12402,5/19/2017 1:37,41.97
12403,5/19/2017 1:38,41.925
12404,5/19/2017 1:39,41.878
12405,5/19/2017 1:40,41.832
12406,5/19/2017 1:41,41.832
12407,5/19/2017 1:42,41.787
12408,5/19/2017 1:43,41.787
12409,5/19/2017 1:44,41.74
12410,5/19/2017 1:45,41.74
12411,5/19/2017 1:46,41.74
12412,5/19/2017 1:47,41.74
12413,5/19/2017 1:48,41.74
12414,5/19/2017 1:49,41.74
12415,5/19/2017 1:50,41.74
12416,5/19/2017 1:51,41.832
12417,5/19/2017 1:52,41.878
12418,5/19/2017 1:53,41.832
12419,5/19/2017 1:54,41.787
12420,5/19/2017 1:55,41.74
12421,5/19/2017 1:56,41.693
12422,5/19/2017 1:57,41.648
12423,5/19/2017 1:58,41.601
12424,5/19/2017 1:59,41.554
12425,5/19/2017 2:00,41.554
12426,5/19/2017 2:01,41.554
12427,5/19/2017 2:02,41.508
12428,5/19/2017 2:03,41.508
12429,5/19/2017 2:04,41.463
12430,5/19/2017 2:05,41.463
12431,5/19/2017 2:06,41.508
12432,5/19/2017 2:07,41.508
12433,5/19/2017 2:08,41.554
12434,5/19/2017 2:09,41.601
12435,5/19/2017 2:10,41.693
12436,5/19/2017 2:11,41.74
12437,5/19/2017 2:12,41.74
12438,5/19/2017 2:13,41.693
12439,5/19/2017 2:14,41.648
12440,5/19/2017 2:15,41.601
12441,5/19/2017 2:16,41.648
12442,5/19/2017 2:17,41.693
12443,5/19/2017 2:18,41.693
12444,5/19/2017 2:19,41.693
12445,5/19/2017 2:20,41.693
12446,5/19/2017 2:21,41.648
12447,5/19/2017 2:22,41.648
12448,5/19/2017 2:23,41.648
12449,5/19/2017 2:24,41.648
12450,5/19/2017 2:25,41.601
12451,5/19/2017 2:26,41.601
12452,5/19/2017 2:27,41.601
12453,5/19/2017 2:28,41.601
12454,5/19/2017 2:29,41.601
12455,5/19/2017 2:30,41.648
12456,5/19/2017 2:31,41.648
12457,5/19/2017 2:32,41.693
12458,5/19/2017 2:33,41.787
12459,5/19/2017 2:34,41.787
12460,5/19/2017 2:35,41.787
12461,5/19/2017 2:36,41.878
12462,5/19/2017 2:37,41.878
12463,5/19/2017 2:38,41.878
12464,5/19/2017 2:39,41.878
12465,5/19/2017 2:40,41.878
12466,5/19/2017 2:41,41.832
12467,5/19/2017 2:42,41.878
12468,5/19/2017 2:43,41.832
12469,5/19/2017 2:44,41.787
12470,5/19/2017 2:45,41.832
12471,5/19/2017 2:46,41.925
12472,5/19/2017 2:47,41.925
12473,5/19/2017 2:48,41.925
12474,5/19/2017 2:49,41.97
12475,5/19/2017 2:50,42.017
12476,5/19/2017 2:51,42.017
12477,5/19/2017 2:52,42.017
12478,5/19/2017 2:53,42.017
12479,5/19/2017 2:54,42.017
12480,5/19/2017 2:55,41.97
12481,5/19/2017 2:56,42.017
12482,5/19/2017 2:57,42.017
12483,5/19/2017 2:58,42.017
12484,5/19/2017 2:59,42.017
12485,5/19/2017 3:00,42.017
12486,5/19/2017 3:01,41.97
12487,5/19/2017 3:02,41.97
12488,5/19/2017 3:03,41.97
12489,5/19/2017 3:04,41.97
12490,5/19/2017 3:05,42.017
12491,5/19/2017 3:06,41.97
12492,5/19/2017 3:07,42.017
12493,5/19/2017 3:08,42.017
12494,5/19/2017 3:09,42.017
12495,5/19/2017 3:10,42.017
12496,5/19/2017 3:11,41.97
12497,5/19/2017 3:12,41.97
12498,5/19/2017 3:13,42.017
12499,5/19/2017 3:14,41.97
12500,5/19/2017 3:15,41.97
12501,5/19/2017 3:16,41.878
12502,5/19/2017 3:17,41.878
12503,5/19/2017 3:18,41.832
12504,5/19/2017 3:19,41.787
12505,5/19/2017 3:20,41.787
12506,5/19/2017 3:21,41.787
12507,5/19/2017 3:22,41.787
12508,5/19/2017 3:23,41.832
12509,5/19/2017 3:24,41.878
12510,5/19/2017 3:25,41.878
12511,5/19/2017 3:26,41.925
12512,5/19/2017 3:27,41.925
12513,5/19/2017 3:28,41.878
12514,5/19/2017 3:29,41.878
12515,5/19/2017 3:30,41.832
12516,5/19/2017 3:31,41.787
12517,5/19/2017 3:32,41.787
12518,5/19/2017 3:33,41.787
12519,5/19/2017 3:34,41.74
12520,5/19/2017 3:35,41.787
12521,5/19/2017 3:36,41.74
12522,5/19/2017 3:37,41.74
12523,5/19/2017 3:38,41.74
12524,5/19/2017 3:39,41.787
12525,5/19/2017 3:40,41.787
12526,5/19/2017 3:41,41.832
12527,5/19/2017 3:42,41.878
12528,5/19/2017 3:43,41.925
12529,5/19/2017 3:44,41.97
12530,5/19/2017 3:45,42.017
12531,5/19/2017 3:46,41.97
12532,5/19/2017 3:47,42.064
12533,5/19/2017 3:48,42.064
12534,5/19/2017 3:49,42.064
12535,5/19/2017 3:50,42.064
12536,5/19/2017 3:51,42.064
12537,5/19/2017 3:52,42.064
12538,5/19/2017 3:53,42.064
12539,5/19/2017 3:54,42.064
12540,5/19/2017 3:55,42.064
12541,5/19/2017 3:56,42.109
12542,5/19/2017 3:57,42.156
12543,5/19/2017 3:58,42.202
12544,5/19/2017 3:59,42.247
12545,5/19/2017 4:00,42.341
12546,5/19/2017 4:01,42.294
12547,5/19/2017 4:02,42.247
12548,5/19/2017 4:03,42.247
12549,5/19/2017 4:04,42.294
12550,5/19/2017 4:05,42.386
12551,5/19/2017 4:06,42.386
12552,5/19/2017 4:07,42.386
12553,5/19/2017 4:08,42.433
12554,5/19/2017 4:09,42.478
12555,5/19/2017 4:10,42.525
12556,5/19/2017 4:11,42.478
12557,5/19/2017 4:12,42.478
12558,5/19/2017 4:13,42.525
12559,5/19/2017 4:14,42.433
12560,5/19/2017 4:15,42.341
12561,5/19/2017 4:16,42.294
12562,5/19/2017 4:17,42.247
12563,5/19/2017 4:18,42.202
12564,5/19/2017 4:19,42.156
12565,5/19/2017 4:20,42.109
12566,5/19/2017 4:21,42.017
12567,5/19/2017 4:22,41.97
12568,5/19/2017 4:23,41.97
12569,5/19/2017 4:24,41.925
12570,5/19/2017 4:25,41.925
12571,5/19/2017 4:26,41.925
12572,5/19/2017 4:27,41.925
12573,5/19/2017 4:28,41.97
12574,5/19/2017 4:29,42.064
12575,5/19/2017 4:30,42.064
12576,5/19/2017 4:31,42.064
12577,5/19/2017 4:32,42.064
12578,5/19/2017 4:33,42.064
12579,5/19/2017 4:34,42.064
12580,5/19/2017 4:35,42.064
12581,5/19/2017 4:36,42.109
12582,5/19/2017 4:37,42.064
12583,5/19/2017 4:38,42.064
12584,5/19/2017 4:39,42.017
12585,5/19/2017 4:40,41.97
12586,5/19/2017 4:41,41.925
12587,5/19/2017 4:42,41.878
12588,5/19/2017 4:43,41.878
12589,5/19/2017 4:44,41.878
12590,5/19/2017 4:45,41.832
12591,5/19/2017 4:46,41.878
12592,5/19/2017 4:47,41.832
12593,5/19/2017 4:48,41.832
12594,5/19/2017 4:49,41.832
12595,5/19/2017 4:50,41.832
12596,5/19/2017 4:51,41.832
12597,5/19/2017 4:52,41.787
12598,5/19/2017 4:53,41.787
12599,5/19/2017 4:54,41.832
12600,5/19/2017 4:55,41.787
12601,5/19/2017 4:56,41.74
12602,5/19/2017 4:57,41.74
12603,5/19/2017 4:58,41.74
12604,5/19/2017 4:59,41.74
12605,5/19/2017 5:00,41.693
12606,5/19/2017 5:01,41.693
12607,5/19/2017 5:02,41.648
12608,5/19/2017 5:03,41.693
12609,5/19/2017 5:04,41.648
12610,5/19/2017 5:05,41.648
12611,5/19/2017 5:06,41.693
12612,5/19/2017 5:07,41.74
12613,5/19/2017 5:08,41.74
12614,5/19/2017 5:09,41.74
12615,5/19/2017 5:10,41.787
12616,5/19/2017 5:11,41.787
12617,5/19/2017 5:12,41.787
12618,5/19/2017 5:13,41.74
12619,5/19/2017 5:14,41.74
12620,5/19/2017 5:15,41.787
12621,5/19/2017 5:16,41.74
12622,5/19/2017 5:17,41.787
12623,5/19/2017 5:18,41.787
12624,5/19/2017 5:19,41.787
12625,5/19/2017 5:20,41.787
12626,5/19/2017 5:21,41.787
12627,5/19/2017 5:22,41.832
12628,5/19/2017 5:23,41.787
12629,5/19/2017 5:24,41.74
12630,5/19/2017 5:25,41.74
12631,5/19/2017 5:26,41.74
12632,5/19/2017 5:27,41.74
12633,5/19/2017 5:28,41.74
12634,5/19/2017 5:29,41.74
12635,5/19/2017 5:30,41.787
12636,5/19/2017 5:31,41.787
12637,5/19/2017 5:32,41.787
12638,5/19/2017 5:33,41.74
12639,5/19/2017 5:34,41.74
12640,5/19/2017 5:35,41.693
12641,5/19/2017 5:36,41.74
12642,5/19/2017 5:37,41.787
12643,5/19/2017 5:38,41.787
12644,5/19/2017 5:39,41.832
12645,5/19/2017 5:40,41.925
12646,5/19/2017 5:41,41.832
12647,5/19/2017 5:42,41.878
12648,5/19/2017 5:43,41.925
12649,5/19/2017 5:44,41.97
12650,5/19/2017 5:45,41.925
12651,5/19/2017 5:46,41.925
12652,5/19/2017 5:47,41.878
12653,5/19/2017 5:48,41.878
12654,5/19/2017 5:49,41.925
12655,5/19/2017 5:50,41.878
12656,5/19/2017 5:51,41.878
12657,5/19/2017 5:52,41.925
12658,5/19/2017 5:53,41.925
12659,5/19/2017 5:54,41.925
12660,5/19/2017 5:55,41.97
12661,5/19/2017 5:56,41.97
12662,5/19/2017 5:57,41.97
12663,5/19/2017 5:58,41.97
12664,5/19/2017 5:59,41.97
12665,5/19/2017 6:00,41.97
12666,5/19/2017 6:01,41.97
12667,5/19/2017 6:02,42.017
12668,5/19/2017 6:03,42.017
12669,5/19/2017 6:04,42.017
12670,5/19/2017 6:05,42.017
12671,5/19/2017 6:06,41.97
12672,5/19/2017 6:07,41.97
12673,5/19/2017 6:08,41.97
12674,5/19/2017 6:09,42.017
12675,5/19/2017 6:10,42.064
12676,5/19/2017 6:11,42.109
12677,5/19/2017 6:12,42.202
12678,5/19/2017 6:13,42.247
12679,5/19/2017 6:14,42.294
12680,5/19/2017 6:15,42.386
12681,5/19/2017 6:16,42.433
12682,5/19/2017 6:17,42.525
12683,5/19/2017 6:18,42.57
12684,5/19/2017 6:19,42.663
12685,5/19/2017 6:20,42.708
12686,5/19/2017 6:21,42.755
12687,5/19/2017 6:22,42.847
12688,5/19/2017 6:23,42.984
12689,5/19/2017 6:24,43.075
12690,5/19/2017 6:25,43.167
12691,5/19/2017 6:26,43.167
12692,5/19/2017 6:27,43.214
12693,5/19/2017 6:28,43.259
12694,5/19/2017 6:29,43.306
12695,5/19/2017 6:30,43.396
12696,5/19/2017 6:31,43.443
12697,5/19/2017 6:32,43.534
12698,5/19/2017 6:33,43.534
12699,5/19/2017 6:34,43.534
12700,5/19/2017 6:35,43.671
12701,5/19/2017 6:36,43.763
12702,5/19/2017 6:37,43.763
12703,5/19/2017 6:38,43.853
12704,5/19/2017 6:39,43.808
12705,5/19/2017 6:40,43.808
12706,5/19/2017 6:41,43.808
12707,5/19/2017 6:42,43.763
12708,5/19/2017 6:43,43.853
12709,5/19/2017 6:44,43.9
12710,5/19/2017 6:45,44.082
12711,5/19/2017 6:46,45.669
12712,5/19/2017 6:47,45.579
12713,5/19/2017 6:48,44.31
12714,5/19/2017 6:49,43.579
12715,5/19/2017 6:50,43.122
12716,5/19/2017 6:51,42.892
12717,5/19/2017 6:52,42.755
12718,5/19/2017 6:53,42.663
12719,5/19/2017 6:54,42.663
12720,5/19/2017 6:55,42.616
12721,5/19/2017 6:56,42.57
12722,5/19/2017 6:57,42.57
12723,5/19/2017 6:58,42.525
12724,5/19/2017 6:59,42.525
12725,5/19/2017 7:00,42.525
12726,5/19/2017 7:01,42.525
12727,5/19/2017 7:02,42.525
12728,5/19/2017 7:03,42.525
12729,5/19/2017 7:04,42.525
12730,5/19/2017 7:05,42.525
12731,5/19/2017 7:06,42.525
12732,5/19/2017 7:07,42.525
12733,5/19/2017 7:08,42.616
12734,5/19/2017 7:09,42.57
12735,5/19/2017 7:10,42.525
12736,5/19/2017 7:11,42.525
12737,5/19/2017 7:12,42.525
12738,5/19/2017 7:13,42.57
12739,5/19/2017 7:14,42.8
12740,5/19/2017 7:15,43.534
12741,5/19/2017 7:16,44.856
12742,5/19/2017 7:17,45.354
12743,5/19/2017 7:18,45.036
12744,5/19/2017 7:19,44.537
12745,5/19/2017 7:20,44.173
12746,5/19/2017 7:21,43.99
12747,5/19/2017 7:22,43.853
12748,5/19/2017 7:23,43.671
12749,5/19/2017 7:24,43.579
12750,5/19/2017 7:25,43.488
12751,5/19/2017 7:26,43.443
12752,5/19/2017 7:27,43.396
12753,5/19/2017 7:28,43.443
12754,5/19/2017 7:29,43.396
12755,5/19/2017 7:30,43.351
12756,5/19/2017 7:31,43.351
12757,5/19/2017 7:32,43.351
12758,5/19/2017 7:33,43.306
12759,5/19/2017 7:34,43.306
12760,5/19/2017 7:35,43.351
12761,5/19/2017 7:36,43.443
12762,5/19/2017 7:37,43.488
12763,5/19/2017 7:38,43.488
12764,5/19/2017 7:39,43.488
12765,5/19/2017 7:40,43.534
12766,5/19/2017 7:41,43.534
12767,5/19/2017 7:42,43.534
12768,5/19/2017 7:43,43.534
12769,5/19/2017 7:44,43.534
12770,5/19/2017 7:45,43.488
12771,5/19/2017 7:46,43.443
12772,5/19/2017 7:47,43.396
12773,5/19/2017 7:48,43.351
12774,5/19/2017 7:49,43.259
12775,5/19/2017 7:50,43.259
12776,5/19/2017 7:51,43.167
12777,5/19/2017 7:52,43.214
12778,5/19/2017 7:53,43.167
12779,5/19/2017 7:54,43.122
12780,5/19/2017 7:55,43.075
12781,5/19/2017 7:56,43.122
12782,5/19/2017 7:57,43.167
12783,5/19/2017 7:58,43.167
12784,5/19/2017 7:59,43.167
12785,5/19/2017 8:00,43.167
12786,5/19/2017 8:01,43.075
12787,5/19/2017 8:02,43.122
12788,5/19/2017 8:03,43.075
12789,5/19/2017 8:04,43.075
12790,5/19/2017 8:05,43.075
12791,5/19/2017 8:06,43.075
12792,5/19/2017 8:07,43.03
12793,5/19/2017 8:08,43.03
12794,5/19/2017 8:09,43.03
12795,5/19/2017 8:10,42.984
12796,5/19/2017 8:11,43.03
12797,5/19/2017 8:12,43.03
12798,5/19/2017 8:13,43.03
12799,5/19/2017 8:14,43.075
12800,5/19/2017 8:15,43.03
12801,5/19/2017 8:16,42.984
12802,5/19/2017 8:17,42.984
12803,5/19/2017 8:18,42.892
12804,5/19/2017 8:19,42.847
12805,5/19/2017 8:20,42.8
12806,5/19/2017 8:21,42.755
12807,5/19/2017 8:22,42.755
12808,5/19/2017 8:23,42.708
12809,5/19/2017 8:24,42.616
12810,5/19/2017 8:25,42.478
12811,5/19/2017 8:26,42.341
12812,5/19/2017 8:27,42.341
12813,5/19/2017 8:28,42.386
12814,5/19/2017 8:29,42.341
12815,5/19/2017 8:30,42.433
12816,5/19/2017 8:31,42.341
12817,5/19/2017 8:32,42.156
12818,5/19/2017 8:33,42.017
12819,5/19/2017 8:34,42.017
12820,5/19/2017 8:35,41.925
12821,5/19/2017 8:36,41.878
12822,5/19/2017 8:37,41.832
12823,5/19/2017 8:38,41.787
12824,5/19/2017 8:39,41.787
12825,5/19/2017 8:40,41.787
12826,5/19/2017 8:41,41.787
12827,5/19/2017 8:42,41.787
12828,5/19/2017 8:43,41.787
12829,5/19/2017 8:44,41.787
12830,5/19/2017 8:45,41.787
12831,5/19/2017 8:46,41.787
12832,5/19/2017 8:47,41.832
12833,5/19/2017 8:48,41.878
12834,5/19/2017 8:49,42.156
12835,5/19/2017 8:50,42.433
12836,5/19/2017 8:51,42.525
12837,5/19/2017 8:52,42.341
12838,5/19/2017 8:53,42.294
12839,5/19/2017 8:54,42.247
12840,5/19/2017 8:55,42.525
12841,5/19/2017 8:56,46.481
12842,5/19/2017 8:57,46.931
12843,5/19/2017 8:58,47.736
12844,5/19/2017 8:59,48.762
12845,5/19/2017 9:00,49.649
12846,5/19/2017 9:01,50.4
12847,5/19/2017 9:02,51.017
12848,5/19/2017 9:03,51.633
12849,5/19/2017 9:04,52.16
12850,5/19/2017 9:05,52.597
12851,5/19/2017 9:06,53.078
12852,5/19/2017 9:07,53.515
12853,5/19/2017 9:08,53.951
12854,5/19/2017 9:09,54.387
12855,5/19/2017 9:10,54.734
12856,5/19/2017 9:11,54.995
12857,5/19/2017 9:12,55.168
12858,5/19/2017 9:13,55.429
12859,5/19/2017 9:14,55.602
12860,5/19/2017 9:15,55.863
12861,5/19/2017 9:16,56.035
12862,5/19/2017 9:17,56.165
12863,5/19/2017 9:18,56.383
12864,5/19/2017 9:19,56.469
12865,5/19/2017 9:20,56.815
12866,5/19/2017 9:21,57.29
12867,5/19/2017 9:22,57.722
12868,5/19/2017 9:23,57.765
12869,5/19/2017 9:24,57.807
12870,5/19/2017 9:25,58.023
12871,5/19/2017 9:26,58.325
12872,5/19/2017 9:27,58.455
12873,5/19/2017 9:28,58.541
12874,5/19/2017 9:29,58.541
12875,5/19/2017 9:30,58.325
12876,5/19/2017 9:31,58.368
12877,5/19/2017 9:32,58.455
12878,5/19/2017 9:33,58.541
12879,5/19/2017 9:34,58.626
12880,5/19/2017 9:35,58.498
12881,5/19/2017 9:36,58.582
12882,5/19/2017 9:37,58.755
12883,5/19/2017 9:38,58.842
12884,5/19/2017 9:39,58.885
12885,5/19/2017 9:40,58.885
12886,5/19/2017 9:41,58.885
12887,5/19/2017 9:42,58.541
12888,5/19/2017 9:43,58.541
12889,5/19/2017 9:44,58.498
12890,5/19/2017 9:45,58.626
12891,5/19/2017 9:46,58.755
12892,5/19/2017 9:47,58.798
12893,5/19/2017 9:48,58.842
12894,5/19/2017 9:49,58.928
12895,5/19/2017 9:50,59.014
12896,5/19/2017 9:51,59.142
12897,5/19/2017 9:52,59.272
12898,5/19/2017 9:53,59.401
12899,5/19/2017 9:54,59.616
12900,5/19/2017 9:55,59.83
12901,5/19/2017 9:56,60.003
12902,5/19/2017 9:57,60.174
12903,5/19/2017 9:58,60.433
12904,5/19/2017 9:59,60.604
12905,5/19/2017 10:00,60.818
12906,5/19/2017 10:01,60.991
12907,5/19/2017 10:02,61.119
12908,5/19/2017 10:03,61.248
12909,5/19/2017 10:04,61.419
12910,5/19/2017 10:05,61.59
12911,5/19/2017 10:06,61.677
12912,5/19/2017 10:07,61.677
12913,5/19/2017 10:08,61.761
12914,5/19/2017 10:09,61.804
12915,5/19/2017 10:10,61.804
12916,5/19/2017 10:11,61.804
12917,5/19/2017 10:12,61.804
12918,5/19/2017 10:13,61.848
12919,5/19/2017 10:14,61.848
12920,5/19/2017 10:15,61.891
12921,5/19/2017 10:16,61.804
12922,5/19/2017 10:17,61.804
12923,5/19/2017 10:18,61.761
12924,5/19/2017 10:19,61.761
12925,5/19/2017 10:20,61.977
12926,5/19/2017 10:21,61.891
12927,5/19/2017 10:22,61.891
12928,5/19/2017 10:23,61.891
12929,5/19/2017 10:24,61.934
12930,5/19/2017 10:25,62.019
12931,5/19/2017 10:26,62.019
12932,5/19/2017 10:27,62.019
12933,5/19/2017 10:28,62.105
12934,5/19/2017 10:29,62.362
12935,5/19/2017 10:30,62.577
12936,5/19/2017 10:31,62.791
12937,5/19/2017 10:32,62.962
12938,5/19/2017 10:33,63.133
12939,5/19/2017 10:34,63.304
12940,5/19/2017 10:35,63.518
12941,5/19/2017 10:36,63.732
12942,5/19/2017 10:37,63.903
12943,5/19/2017 10:38,64.074
12944,5/19/2017 10:39,64.247
12945,5/19/2017 10:40,64.418
12946,5/19/2017 10:41,64.589
12947,5/19/2017 10:42,64.674
12948,5/19/2017 10:43,64.76
12949,5/19/2017 10:44,64.888
12950,5/19/2017 10:45,65.017
12951,5/19/2017 10:46,65.102
12952,5/19/2017 10:47,65.145
12953,5/19/2017 10:48,65.316
12954,5/19/2017 10:49,65.487
12955,5/19/2017 10:50,65.615
12956,5/19/2017 10:51,65.788
12957,5/19/2017 10:52,65.872
12958,5/19/2017 10:53,66.043
12959,5/19/2017 10:54,66.173
12960,5/19/2017 10:55,66.301
12961,5/19/2017 10:56,66.429
12962,5/19/2017 10:57,66.558
12963,5/19/2017 10:58,66.686
12964,5/19/2017 10:59,66.772
12965,5/19/2017 11:00,66.857
12966,5/19/2017 11:01,66.985
12967,5/19/2017 11:02,67.028
12968,5/19/2017 11:03,67.071
12969,5/19/2017 11:04,67.158
12970,5/19/2017 11:05,67.199
12971,5/19/2017 11:06,67.158
12972,5/19/2017 11:07,67.114
12973,5/19/2017 11:08,67.028
12974,5/19/2017 11:09,67.028
12975,5/19/2017 11:10,67.028
12976,5/19/2017 11:11,67.071
12977,5/19/2017 11:12,66.985
12978,5/19/2017 11:13,66.943
12979,5/19/2017 11:14,66.943
12980,5/19/2017 11:15,66.686
12981,5/19/2017 11:16,66.6
12982,5/19/2017 11:17,66.6
12983,5/19/2017 11:18,66.173
12984,5/19/2017 11:19,65.916
12985,5/19/2017 11:20,65.916
12986,5/19/2017 11:21,65.872
12987,5/19/2017 11:22,65.701
12988,5/19/2017 11:23,65.574
12989,5/19/2017 11:24,65.273
12990,5/19/2017 11:25,65.017
12991,5/19/2017 11:26,64.931
12992,5/19/2017 11:27,64.803
12993,5/19/2017 11:28,64.717
12994,5/19/2017 11:29,64.803
12995,5/19/2017 11:30,64.717
12996,5/19/2017 11:31,64.546
12997,5/19/2017 11:32,64.375
12998,5/19/2017 11:33,64.332
12999,5/19/2017 11:34,64.161
13000,5/19/2017 11:35,64.117
13001,5/19/2017 11:36,64.204
13002,5/19/2017 11:37,64.117
13003,5/19/2017 11:38,63.99
13004,5/19/2017 11:39,63.946
13005,5/19/2017 11:40,64.033
13006,5/19/2017 11:41,64.033
13007,5/19/2017 11:42,64.117
13008,5/19/2017 11:43,64.074
13009,5/19/2017 11:44,64.033
13010,5/19/2017 11:45,63.946
13011,5/19/2017 11:46,63.903
13012,5/19/2017 11:47,63.862
13013,5/19/2017 11:48,63.862
13014,5/19/2017 11:49,63.862
13015,5/19/2017 11:50,63.903
13016,5/19/2017 11:51,63.862
13017,5/19/2017 11:52,63.775
13018,5/19/2017 11:53,63.689
13019,5/19/2017 11:54,63.732
13020,5/19/2017 11:55,63.775
13021,5/19/2017 11:56,63.819
13022,5/19/2017 11:57,63.819
13023,5/19/2017 11:58,63.775
13024,5/19/2017 11:59,63.819
13025,5/19/2017 12:00,63.862
13026,5/19/2017 12:01,63.862
13027,5/19/2017 12:02,63.862
13028,5/19/2017 12:03,63.903
13029,5/19/2017 12:04,63.946
13030,5/19/2017 12:05,64.117
13031,5/19/2017 12:06,
13032,5/19/2017 12:06,
