"","date","time","temperature","depth","dive_number","dive_status","length_mm","precision_mm","genus","species","code","stage","activity","comment"
"1","8/19/2023",8H 26M 0S,6.255660612,124.7937056,"10","Dive",547.683,98.047,"yelloweye",145,145,"AD","Fish chasing other fish",NA
"2","8/19/2023",8H 26M 13S,6.269462843,123.8369727,"10","Dive",NA,59.832,"yelloweye",145,145,"AD","Fish milling/hovering","no length - bad angle"
"3","8/19/2023",8H 26M 27S,6.268976682,123.4130419,"10","Dive",NA,83.95,"yelloweye",145,145,"AD","Fish chasing other fish","no length - bad angle"
"4","8/19/2023",8H 26M 48S,6.269107946,123.6391524,"10","Dive",NA,92.195,"yelloweye",145,145,"AD","Fish milling/hovering","no length - bad angle"
"5","8/19/2023",8H 27M 7S,6.276774668,123.0296371,"10","Dive",NA,29.069,"dusky",172,172,NA,NA,NA
"6","8/19/2023",8H 29M 23S,6.241546976,128.4237601,"10","Dive",NA,108.376,"tiger",148,148,NA,NA,NA
"7","8/19/2023",8H 29M 41S,6.24484326,127.4560717,"10","Dive",NA,98.286,"yelloweye",145,145,"AD","Fish moving quickly out of frame","no length - bad angle"
"8","8/19/2023",8H 30M 35S,6.266959111,123.0533146,"10","Dive",548.948,179.024,"yelloweye",145,145,"AD","Fish chasing other fish",NA
"9","8/19/2023",8H 30M 40S,6.267362626,122.9049814,"10","Dive",NA,66.215,"rosethorn",150,150,NA,NA,NA
"10","8/19/2023",8H 31M 26S,6.278213689,114.7315262,"10","Dive",149.726,21.051,"yelloweye",145,145,"JV","Fish milling/hovering",NA
"11","8/19/2023",8H 32M 6S,6.271446377,116.1946283,"10","Dive",649.838,74.711,"yelloweye",145,145,"AD","Fish milling/hovering",NA
"12","8/19/2023",8H 32M 13S,6.30204466,117.635635,"10","Dive",NA,67.529,"yelloweye",145,145,"AD","Fish chasing other fish","no length - bad angle"
"13","8/19/2023",8H 32M 15S,6.298218724,117.9536367,"10","Dive",NA,84.602,"yelloweye",145,145,"AD","Passing","no length - bad angle"
"14","8/19/2023",8H 33M 2S,6.27728027,113.4570641,"10","Dive",NA,14.645,"rosethorn",150,150,NA,NA,NA
"15","8/19/2023",8H 33M 10S,6.276910791,113.259152,"10","Dive",NA,20.872,"yelloweye",145,145,"JV","Fish milling/hovering","check with aaron"
"16","8/19/2023",8H 34M 15S,6.262481542,114.4599522,"10","Dive",NA,64.292,"silvergray",157,157,NA,NA,NA
"17","8/19/2023",8H 35M 8S,6.281441754,119.2651222,"10","Dive",NA,38.87,"yelloweye",145,145,"AD","Fish milling/hovering","no length - bad angle"
"18","8/19/2023",8H 35M 17S,6.277892826,119.0922212,"10","Dive",198.315,88.271,"yelloweye",145,145,"JV","Fish milling/hovering",NA
"19","8/19/2023",8H 35M 24S,6.278602613,119.57312,"10","Dive",NA,67.995,"silvergray",157,157,NA,NA,NA
"20","8/19/2023",8H 35M 36S,6.267493889,121.119789,"10","Dive",NA,31.936,"silvergray",157,157,NA,NA,NA
"21","8/19/2023",8H 36M 37S,6.253657591,122.6651933,"10","Dive",NA,23.778,"rosethorn",150,150,NA,NA,NA
"22","8/19/2023",8H 36M 59S,6.242689495,122.7260712,"10","Dive",NA,26.584,"rosethorn",150,150,NA,NA,NA
"23","8/19/2023",8H 39M 51S,6.258086595,122.1142355,"10","Dive",NA,11.387,"rosethorn",150,150,NA,NA,NA
"24","8/19/2023",8H 40M 51S,6.264042131,120.9977561,"10","Dive",NA,11.871,"rosethorn",150,150,NA,NA,NA
"25","8/19/2023",8H 41M 42S,6.252636631,119.6063169,"10","Dive",NA,19.259,"rosethorn",150,150,NA,NA,NA
"26","8/19/2023",8H 42M 25S,6.250317589,118.3776678,"10","Dive",NA,21.534,"rosethorn",150,150,NA,NA,NA
"27","8/19/2023",8H 42M 49S,6.23542596,117.7183152,"10","Dive",NA,84.229,"silvergray",157,157,NA,NA,NA
"28","8/19/2023",8H 43M 3S,6.247847826,117.2654983,"10","Dive",562.045,197.476,"yelloweye",145,145,"AD","Fish milling/hovering",NA
"29","8/19/2023",8H 43M 59S,6.23306797,116.2465823,"10","Dive",NA,13.779,"rosethorn",150,150,NA,NA,NA
"30","8/19/2023",8H 44M 19S,6.224379806,115.9624977,"10","Dive",NA,40.609,"silvergray",157,157,NA,NA,NA
"31","8/19/2023",8H 44M 19S,6.224379806,115.9624977,"10","Dive",NA,61.521,"rosethorn",150,150,NA,NA,NA
"32","8/19/2023",8H 44M 28S,6.224763896,115.5491583,"10","Dive",NA,34.578,"rosethorn",150,150,NA,NA,NA
"33","8/19/2023",8H 44M 33S,6.219498443,115.4952325,"10","Dive",NA,33.92,"rosethorn",150,150,NA,NA,NA
"34","8/19/2023",8H 44M 46S,6.218132238,115.3451297,"10","Dive",646.005,117.509,"yelloweye",145,145,"AD","Fish actively swimming in frame",NA
"35","8/19/2023",8H 44M 46S,6.218132238,115.3451297,"10","Dive",NA,20.574,"rosethorn",150,150,NA,NA,NA
"36","8/19/2023",8H 45M 0S,6.221088293,115.6889764,"10","Dive",NA,24.215,"rosethorn",150,150,NA,NA,NA
"37","8/19/2023",8H 45M 5S,6.218351026,115.5638906,"10","Dive",NA,46.933,"rosethorn",150,150,NA,NA,NA
"38","8/19/2023",8H 45M 8S,6.216265251,115.4674357,"10","Dive",NA,33.415,"rosethorn",150,150,NA,NA,NA
"39","8/19/2023",8H 45M 56S,6.209560586,113.2870683,"10","Dive",NA,22.459,"rosethorn",150,150,NA,NA,NA
"40","8/19/2023",8H 45M 56S,6.209560586,113.2870683,"10","Dive",NA,46.398,"lingcod",130,130,NA,NA,"no length - bad angle"
"41","8/19/2023",8H 46M 12S,6.210134301,112.715709,"10","Dive",NA,42.527,"tiger",148,148,NA,NA,NA
"42","8/19/2023",8H 46M 22S,6.209721032,112.6584487,"10","Dive",NA,32.555,"rosethorn",150,150,NA,NA,NA
"43","8/19/2023",8H 46M 25S,6.212361091,112.6206458,"10","Dive",NA,54.304,"silvergray",157,157,NA,NA,NA
"44","8/19/2023",8H 46M 28S,6.213780788,112.5204445,"10","Dive",NA,155.935,"yelloweye",145,145,"AD","Fish chasing other fish","no length  - bad angle"
"45","8/19/2023",8H 46M 42S,6.212506951,111.8686226,"10","Dive",NA,18.333,"lingcod",130,130,NA,NA,"no length - bad angle"
"46","8/19/2023",8H 46M 44S,6.217631458,111.8729283,"10","Dive",NA,27.504,"rosethorn",150,150,NA,NA,NA
"47","8/19/2023",8H 47M 20S,6.210771222,111.712964,"10","Dive",NA,27.145,"rosethorn",150,150,NA,NA,NA
"48","8/19/2023",8H 47M 38S,6.224165883,111.6206807,"10","Dive",NA,38.552,"lingcod",130,130,NA,NA,"no length - bad angle"
"49","8/19/2023",8H 48M 19S,6.225989093,111.1206289,"10","Dive",716.158,48.13,"lingcod",130,130,NA,NA,NA
"50","8/19/2023",8H 48M 39S,6.218457988,110.4991103,"10","Dive",NA,27.69,"lingcod",130,130,NA,NA,"no length - bad angle"
"51","8/19/2023",8H 48M 59S,6.214125988,110.0076787,"10","Dive",840.582,50.155,"lingcod",130,130,NA,NA,NA
"52","8/19/2023",8H 49M 10S,6.212064511,109.6669018,"10","Dive",NA,36.317,"lingcod",130,130,NA,NA,"no length - bad angle"
"53","8/19/2023",8H 49M 14S,6.216824375,109.4473151,"10","Dive",885.854,41.735,"lingcod",130,130,NA,NA,NA
"54","8/19/2023",8H 49M 16S,6.219303965,109.297496,"10","Dive",878.694,27.028,"lingcod",130,130,NA,NA,NA
"55","8/19/2023",8H 49M 16S,6.219303965,109.297496,"10","Dive",758.859,41.599,"lingcod",130,130,NA,NA,NA
"56","8/19/2023",8H 49M 16S,6.219303965,109.297496,"10","Dive",NA,22.137,"lingcod",130,130,NA,NA,"no length - bad angle"
"57","8/19/2023",8H 49M 16S,6.219303965,109.297496,"10","Dive",NA,32.841,"lingcod",130,130,NA,NA,"no length - bad angle"
"58","8/19/2023",8H 49M 37S,6.216722274,108.1598206,"10","Dive",NA,174.297,"lingcod",130,130,NA,NA,"no length - bad viz"
"59","8/19/2023",8H 49M 48S,6.220465967,107.6526992,"10","Dive",593.57,55.387,"lingcod",130,130,NA,NA,NA
"60","8/19/2023",8H 49M 48S,6.220465967,107.6526992,"10","Dive",NA,58.978,"lingcod",130,130,NA,NA,"no length - bad angle"
"61","8/19/2023",8H 49M 48S,6.220465967,107.6526992,"10","Dive",NA,99.421,"lingcod",130,130,NA,NA,"no length - bad angle"
"62","8/19/2023",8H 49M 59S,6.213032044,107.4659144,"10","Dive",NA,82.977,"yelloweye",145,145,"AD","Fish milling/hovering","no length - bad angle"
"63","8/19/2023",8H 50M 12S,6.211840859,107.0649583,"10","Dive",928.117,50.793,"lingcod",130,130,NA,NA,NA
"64","8/19/2023",8H 50M 12S,6.211840859,107.0649583,"10","Dive",NA,82.629,"lingcod",130,130,NA,NA,"no length - bad angle"
"65","8/19/2023",8H 50M 22S,6.198275799,107.2617494,"10","Dive",NA,30.03,"lingcod",130,130,NA,NA,"no length - bad angle"
"66","8/19/2023",8H 50M 41S,6.229368099,107.1087446,"10","Dive",NA,86.127,"lingcod",130,130,NA,NA,"no length - bad angle"
"67","8/19/2023",8H 50M 55S,6.210250989,107.1282013,"10","Dive",574.412,53.773,"yelloweye",145,145,"AD","Passing",NA
"68","8/19/2023",8H 50M 55S,6.210250989,107.1282013,"10","Dive",NA,94.189,"lingcod",130,130,NA,NA,"no length - bad angle"
"69","8/19/2023",8H 51M 5S,6.220830611,107.0034005,"10","Dive",NA,114.055,"lingcod",130,130,NA,NA,"no length - bad viz"
"70","8/19/2023",8H 51M 5S,6.220830611,107.0034005,"10","Dive",NA,53.157,"lingcod",130,130,NA,NA,"no length - bad angle"
"71","8/19/2023",8H 51M 11S,6.238834094,106.9143076,"10","Dive",NA,26.374,"lingcod",130,130,NA,NA,"no length - bad viz"
"72","8/19/2023",8H 51M 17S,6.238556971,106.8687233,"10","Dive",NA,61.225,"lingcod",130,130,NA,NA,"no length - bad viz"
"73","8/19/2023",8H 51M 17S,6.238556971,106.8687233,"10","Dive",NA,45.685,"lingcod",130,130,NA,NA,"no length - not in frame"
"74","8/19/2023",8H 51M 17S,6.238556971,106.8687233,"10","Dive",NA,28.858,"lingcod",130,130,NA,NA,"no length - not in frame"
"75","8/19/2023",8H 51M 20S,6.240239154,106.7480917,"10","Dive",938.723,90.997,"lingcod",130,130,NA,NA,NA
"76","8/19/2023",8H 51M 20S,6.240239154,106.7480917,"10","Dive",NA,79.981,"lingcod",130,130,NA,NA,"no length - bad viz"
"77","8/19/2023",8H 51M 21S,6.244415425,106.7189067,"10","Dive",905.224,33.535,"lingcod",130,130,NA,NA,NA
"78","8/19/2023",8H 51M 21S,6.244415425,106.7189067,"10","Dive",NA,23.051,"lingcod",130,130,NA,NA,"no length - partial view"
"79","8/19/2023",8H 51M 27S,6.246608079,106.5360138,"10","Dive",736.175,69.249,"lingcod",130,130,NA,NA,NA
"80","8/19/2023",8H 51M 27S,6.246608079,106.5360138,"10","Dive",775.55,36.697,"lingcod",130,130,NA,NA,NA
"81","8/19/2023",8H 51M 27S,6.246608079,106.5360138,"10","Dive",NA,38.001,"lingcod",130,130,NA,NA,"no length - bad angle"
"82","8/19/2023",8H 51M 27S,6.246608079,106.5360138,"10","Dive",NA,55.768,"lingcod",130,130,NA,NA,"no length - bad viz"
"83","8/19/2023",8H 51M 27S,6.246608079,106.5360138,"10","Dive",NA,63.231,"lingcod",130,130,NA,NA,"no length - partial view"
"84","8/19/2023",8H 51M 29S,6.247711697,106.487928,"10","Dive",NA,69.772,"lingcod",130,130,NA,NA,"no length - bad viz"
"85","8/19/2023",8H 51M 32S,6.296366518,106.2933615,"10","Dive",727.39,70.795,"lingcod",130,130,NA,NA,NA
"86","8/19/2023",8H 51M 32S,6.296366518,106.2933615,"10","Dive",709.486,51.217,"lingcod",130,130,NA,NA,NA
"87","8/19/2023",8H 51M 33S,6.302025214,106.2219278,"10","Dive",NA,90.986,"lingcod",130,130,NA,NA,"no length - bad viz"
"88","8/19/2023",8H 51M 36S,6.309672169,106.0382017,"10","Dive",NA,48.834,"lingcod",130,130,NA,NA,"no length - bad angle"
"89","8/19/2023",8H 51M 36S,6.309672169,106.0382017,"10","Dive",NA,116.126,"lingcod",130,130,NA,NA,"no length - bad angle"
"90","8/19/2023",8H 51M 39S,6.308417937,105.9182545,"10","Dive",NA,35.208,"yelloweye",145,145,"AD","Passing","no length - bad angle"
"91","8/19/2023",8H 51M 40S,6.308301264,105.8657215,"10","Dive",NA,61.493,"lingcod",130,130,NA,NA,"no length - bad angle"
"92","8/19/2023",8H 51M 40S,6.308301264,105.8657215,"10","Dive",NA,52.998,"lingcod",130,130,NA,NA,"no length - bad angle"
"93","8/19/2023",8H 51M 46S,6.290897378,105.9146411,"10","Dive",740.342,99.348,"lingcod",130,130,NA,NA,NA
"94","8/19/2023",8H 51M 46S,6.290897378,105.9146411,"10","Dive",NA,98.785,"lingcod",130,130,NA,NA,"no length - bad angle"
"95","8/19/2023",8H 51M 46S,6.290897378,105.9146411,"10","Dive",NA,18.197,"lingcod",130,130,NA,NA,"no length - bad angle"
"96","8/19/2023",8H 51M 48S,6.288106887,105.8411117,"10","Dive",NA,124.111,"lingcod",130,130,NA,NA,"no length - bad viz"
"97","8/19/2023",8H 51M 51S,6.299205594,105.7510551,"10","Dive",NA,105.289,"lingcod",130,130,NA,NA,"no length - bad viz"
"98","8/19/2023",8H 51M 53S,6.302822484,105.7240937,"10","Dive",862.756,67.413,"lingcod",130,130,NA,NA,NA
"99","8/19/2023",8H 51M 53S,6.302822484,105.7240937,"10","Dive",815.7,81.422,"lingcod",130,130,NA,NA,NA
"100","8/19/2023",8H 51M 53S,6.302822484,105.7240937,"10","Dive",NA,75.427,"lingcod",130,130,NA,NA,"nop length - bad angle"
"101","8/19/2023",8H 51M 54S,6.315350216,105.6685032,"10","Dive",NA,86.079,"lingcod",130,130,NA,NA,"no length - bad angle"
"102","8/19/2023",8H 51M 55S,6.308772817,105.6204175,"10","Dive",NA,82.171,"lingcod",130,130,NA,NA,"no length - bad angle"
"103","8/19/2023",8H 52M 1S,6.293585769,105.3160602,"10","Dive",NA,30.746,"lingcod",130,130,NA,NA,"no length - bad angle"
"104","8/19/2023",8H 52M 1S,6.293585769,105.3160602,"10","Dive",NA,41.718,"lingcod",130,130,NA,NA,"no length - bad angle"
"105","8/19/2023",8H 52M 12S,6.348819748,102.7908899,"10","Dive",683.237,29.977,"lingcod",130,130,NA,NA,NA
"106","8/19/2023",8H 52M 47S,6.355751684,104.445768,"10","Dive",NA,72.878,"lingcod",130,130,NA,NA,"no length - not in full view"
"107","8/19/2023",8H 52M 48S,6.355941267,104.4934231,"10","Dive",NA,92.053,"lingcod",130,130,NA,NA,"no length - not in full view"
"108","8/19/2023",8H 52M 51S,6.343059294,104.552071,"10","Dive",979.361,81.663,"lingcod",130,130,NA,NA,NA
"109","8/19/2023",8H 52M 51S,6.343059294,104.552071,"10","Dive",NA,52.966,"lingcod",130,130,NA,NA,"no length - bad angle"
"110","8/19/2023",8H 52M 59S,6.375103444,104.4748003,"10","Dive",706.488,42.035,"lingcod",130,130,NA,NA,NA
"111","8/19/2023",8H 53M 0S,6.372648648,104.4506184,"10","Dive",NA,58.823,"lingcod",130,130,NA,NA,"no length - not in full view"
"112","8/19/2023",8H 53M 11S,6.375506905,103.1923345,"10","Dive",NA,33.76,"rosethorn",150,150,NA,NA,NA
"113","8/19/2023",8H 53M 17S,6.437841794,102.0327322,"10","Dive",NA,13.029,"rosethorn",150,150,NA,NA,NA
"114","8/19/2023",8H 53M 19S,6.421835598,102.06553,"10","Dive",NA,36.803,"rosethorn",150,150,NA,NA,NA
"115","8/19/2023",8H 53M 24S,6.492867375,102.2410355,"10","Dive",800.434,32.871,"lingcod",130,130,NA,NA,NA
"116","8/19/2023",8H 53M 24S,6.492867375,102.2410355,"10","Dive",NA,36.718,"lingcod",130,130,NA,NA,"no length - bad angle"
"117","8/19/2023",8H 53M 29S,6.461396109,102.3181481,"10","Dive",NA,24.071,"lingcod",130,130,NA,NA,"no length - bad angle"
"118","8/19/2023",8H 53M 31S,6.434220617,102.3420518,"10","Dive",NA,9.458,"lingcod",130,130,NA,NA,"no length - bad angle"
"119","8/19/2023",8H 53M 43S,6.541668941,103.0553949,"10","Dive",NA,24.143,"lingcod",130,130,NA,NA,"no length - bad angle"
"120","8/19/2023",8H 53M 53S,6.658159689,102.6478847,"10","Dive",NA,58.078,"lingcod",130,130,NA,NA,"no length - bad viz"
"121","8/19/2023",8H 53M 54S,6.662635384,102.6426036,"10","Dive",NA,95.431,"lingcod",130,130,NA,NA,"no length - bad angle"
"122","8/19/2023",8H 53M 58S,6.543097814,102.5465545,"10","Dive",367.068,110.509,"yelloweye",145,145,"JV","Passing",NA
"123","8/19/2023",8H 53M 58S,6.543097814,102.5465545,"10","Dive",NA,80.37,"lingcod",130,130,NA,NA,"no length - not in full view"
"124","8/19/2023",8H 54M 0S,6.542237574,102.4892962,"10","Dive",NA,56.179,"lingcod",130,130,NA,NA,"no length - bad viz"
"125","8/19/2023",8H 54M 8S,6.567368909,102.1697728,"10","Dive",1076.95,95.571,"lingcod",130,130,NA,NA,NA
"126","8/19/2023",8H 54M 13S,6.542825648,102.4757989,"10","Dive",899.431,54.899,"lingcod",130,130,NA,NA,NA
"127","8/19/2023",8H 54M 20S,6.577074277,102.575862,"10","Dive",819.279,61.677,"lingcod",130,130,NA,NA,NA
"128","8/19/2023",8H 54M 20S,6.577074277,102.575862,"10","Dive",723.894,89.564,"lingcod",130,130,NA,NA,NA
"129","8/19/2023",8H 54M 20S,6.577074277,102.575862,"10","Dive",NA,116.681,"lingcod",130,130,NA,NA,"no length - not in full view"
"130","8/19/2023",8H 54M 32S,6.512483546,102.3975384,"10","Dive",462.907,211.99,"yelloweye",145,145,"AD","Passing",NA
"131","8/19/2023",8H 54M 32S,6.512483546,102.3975384,"10","Dive",NA,35.925,"lingcod",130,130,NA,NA,"no length - bad angle"
"132","8/19/2023",8H 54M 32S,6.512483546,102.3975384,"10","Dive",NA,37.515,"lingcod",130,130,NA,NA,"no length - bad angle"
"133","8/19/2023",8H 54M 35S,6.529377641,102.2632869,"10","Dive",NA,77.048,"halibut",200,200,NA,NA,"no length - bad angle"
"134","8/19/2023",8H 54M 35S,6.529377641,102.2632869,"10","Dive",NA,91.572,"yelloweye",145,145,"AD","Passing","no length - bad angle"
"135","8/19/2023",8H 54M 36S,6.525129843,102.197134,"10","Dive",NA,43.493,"lingcod",130,130,NA,NA,"no length - bad angle"
"136","8/19/2023",8H 54M 52S,6.539297203,101.0572518,"10","Dive",NA,33.918,"rosethorn",150,150,NA,NA,NA
"137","8/19/2023",8H 54M 55S,6.530835692,101.3835669,"10","Dive",NA,216.75,"tiger",148,148,NA,NA,NA
"138","8/19/2023",8H 55M 6S,6.508191934,102.7180193,"10","Dive",NA,31.032,"lingcod",130,130,NA,NA,"no length - bad viz"
"139","8/19/2023",8H 55M 15S,6.542971451,103.7599475,"10","Dive",NA,113.383,"lingcod",130,130,NA,NA,"no length - bad angle"
"140","8/19/2023",8H 55M 20S,6.515841974,102.695783,"10","Dive",NA,67.137,"lingcod",130,130,NA,NA,"no length - bad angle"
"141","8/19/2023",8H 55M 20S,6.515841974,102.695783,"10","Dive",NA,79.377,"lingcod",130,130,NA,NA,"no length - bad angle"
"142","8/19/2023",8H 55M 32S,6.553362309,99.5863409,"10","Dive",NA,18.951,"lingcod",130,130,NA,NA,"no length - bad angle"
"143","8/19/2023",8H 55M 32S,6.553362309,99.5863409,"10","Dive",NA,23.689,"lingcod",130,130,NA,NA,"no length - bad angle"
"144","8/19/2023",8H 55M 35S,6.549683238,99.49739737,"10","Dive",NA,51.287,"lingcod",130,130,NA,NA,"no length - bad angle"
"145","8/19/2023",8H 56M 27S,6.516750838,103.3447791,"10","Dive",NA,56.475,"lingcod",130,130,NA,NA,"no length - bad angle"
"146","8/19/2023",8H 56M 29S,6.513475037,103.3061432,"10","Dive",635.324,154.007,"yelloweye",145,145,"AD","Fish chasing other fish",NA
"147","8/19/2023",8H 56M 43S,6.514952551,103.567297,"10","Dive",NA,25.238,"tiger",148,148,NA,NA,NA
"148","8/19/2023",8H 57M 3S,6.447519258,105.8454608,"10","Dive",NA,58.209,"yelloweye",145,145,"AD","Fish milling/hovering","no length - bad angle"
"149","8/19/2023",8H 57M 11S,6.420581533,105.524011,"10","Dive",NA,20.742,"rosethorn",150,150,NA,NA,NA
"150","8/19/2023",8H 57M 11S,6.420581533,105.524011,"10","Dive",NA,36.824,"rosethorn",150,150,NA,NA,NA
"151","8/19/2023",8H 57M 34S,6.467184955,105.1827004,"10","Dive",NA,41.067,"rosethorn",150,150,NA,NA,NA
"152","8/19/2023",8H 57M 46S,6.447631051,102.4026095,"10","Dive",NA,45.979,"lingcod",130,130,NA,NA,"no length - bad angle"
"153","8/19/2023",8H 57M 59S,6.415088899,101.7925082,"10","Dive",NA,28.772,"lingcod",130,130,NA,NA,"no length - bad angle"
"154","8/19/2023",8H 58M 6S,6.436242645,102.0846338,"10","Dive",NA,6.012,"rosethorn",150,150,NA,NA,NA
"155","8/19/2023",8H 58M 15S,6.480565756,102.5936841,"10","Dive",NA,21.506,"rosethorn",150,150,NA,NA,NA
"156","8/19/2023",8H 58M 15S,6.480565756,102.5936841,"10","Dive",NA,31.946,"yelloweye",145,145,"JV","Passing","no length - bad angle"
"157","8/19/2023",8H 58M 20S,6.483258419,102.736429,"10","Dive",NA,19.287,"lingcod",130,130,NA,NA,"no length - bad angle"
"158","8/19/2023",8H 58M 35S,6.502772715,104.1453459,"10","Dive",NA,85.002,"lingcod",130,130,NA,NA,"no length - bad angle"
"159","8/19/2023",8H 58M 35S,6.502772715,104.1453459,"10","Dive",NA,84.509,"lingcod",130,130,NA,NA,"no length - bad angle"
"160","8/19/2023",8H 58M 38S,6.474135413,104.4427585,"10","Dive",NA,4.424,"yelloweye",145,145,"AD","Fish actively swimming in frame","no length - bad angle"
"161","8/19/2023",8H 58M 40S,6.459563696,104.630101,"10","Dive",701.183,55.414,"lingcod",130,130,NA,NA,NA
"162","8/19/2023",8H 58M 58S,6.484667933,105.8522796,"10","Dive",NA,90.605,"lingcod",130,130,NA,NA,"no length - bad angle"
"163","8/19/2023",8H 59M 14S,6.484682514,106.2375305,"10","Dive",NA,13.589,"rosethorn",150,150,NA,NA,"Seen only in belly cam"
"164","8/19/2023",8H 59M 24S,6.47129691,107.3554862,"10","Dive",NA,41.036,"rosethorn",150,150,NA,NA,NA
"165","8/19/2023",8H 59M 36S,6.477591181,108.9632215,"10","Dive",NA,140.819,"lingcod",130,130,NA,NA,"no length - bad viz"
"166","8/19/2023",8H 59M 43S,6.462144627,109.7440242,"10","Dive",210.864,88.052,"yelloweye",145,145,"JV","Fish milling/hovering",NA
"167","8/19/2023",8H 59M 53S,6.465381716,110.6246209,"10","Dive",NA,60.496,"lingcod",130,130,NA,NA,"no length - bad angle"
"168","8/19/2023",8H 59M 53S,6.465381716,110.6246209,"10","Dive",NA,99.109,"lingcod",130,130,NA,NA,"no length - bad angle"
"169","8/19/2023",8H 59M 53S,6.465381716,110.6246209,"10","Dive",NA,25.573,"yelloweye",145,145,"AD","Fish milling/hovering","no length - bad angle"
"170","8/19/2023",8H 59M 53S,6.465381716,110.6246209,"10","Dive",NA,72.973,"lingcod",130,130,NA,NA,"no length - bad angle"
"171","8/19/2023",8H 59M 58S,6.465337972,110.9255174,"10","Dive",NA,44.536,"silvergray",157,157,NA,NA,NA
"172","8/19/2023",8H 59M 58S,6.465337972,110.9255174,"10","Dive",NA,50.931,"rosethorn",150,150,NA,NA,NA
"173","8/19/2023",9H 0M 11S,6.442279539,111.836973,"10","Dive",NA,28.183,"lingcod",130,130,NA,NA,"no length - bad angle"
"174","8/19/2023",9H 0M 11S,6.442279539,111.836973,"10","Dive",NA,15.192,"lingcod",130,130,NA,NA,"no length - bad angle"
"175","8/19/2023",9H 0M 11S,6.442279539,111.836973,"10","Dive",NA,48.015,"rosethorn",150,150,NA,NA,NA
"176","8/19/2023",9H 0M 15S,6.449949544,111.6001441,"10","Dive",NA,46.656,"rosethorn",150,150,NA,NA,NA
"177","8/19/2023",9H 0M 15S,6.449949544,111.6001441,"10","Dive",NA,165.827,"tiger",148,148,NA,NA,NA
"178","8/19/2023",9H 0M 21S,6.4509411,110.671178,"10","Dive",NA,32.609,"silvergray",157,157,NA,NA,NA
"179","8/19/2023",9H 0M 23S,6.451461179,110.6358763,"10","Dive",NA,87.065,"lingcod",130,130,NA,NA,"no length - bad angle"
"180","8/19/2023",9H 0M 32S,6.444889681,110.7401137,"10","Dive",NA,25.334,"rosethorn",150,150,NA,NA,NA
"181","8/19/2023",9H 0M 38S,6.441526144,110.6656187,"10","Dive",NA,36.987,"tiger",148,148,NA,NA,NA
"182","8/19/2023",9H 0M 46S,6.445604188,110.9103655,"10","Dive",NA,30.44,"lingcod",130,130,NA,NA,"no length - bad angle"
"183","8/19/2023",9H 0M 46S,6.445604188,110.9103655,"10","Dive",NA,22.949,"rosethorn",150,150,NA,NA,NA
"184","8/19/2023",9H 0M 47S,6.445220201,111.0026503,"10","Dive",NA,127.467,"lingcod",130,130,NA,NA,"no length - bad viz"
"185","8/19/2023",9H 0M 53S,6.441929575,111.309112,"10","Dive",NA,24.988,"dark",173,173,NA,NA,NA
"186","8/19/2023",9H 0M 55S,6.435912122,111.4729699,"10","Dive",NA,48.264,"lingcod",130,130,NA,NA,"no length - bad angle"
"187","8/19/2023",9H 0M 56S,6.43650512,111.5530244,"10","Dive",685.525,52.322,"yelloweye",145,145,"AD","Passing",NA
"188","8/19/2023",9H 0M 56S,6.43650512,111.5530244,"10","Dive",NA,49.144,"dark",173,173,NA,NA,"double check"
"189","8/19/2023",9H 1M 4S,6.430886206,112.1061801,"10","Dive",NA,29.325,"rosethorn",150,150,NA,NA,NA
"190","8/19/2023",9H 1M 4S,6.430886206,112.1061801,"10","Dive",NA,66.677,"rosethorn",150,150,NA,NA,NA
"191","8/19/2023",9H 1M 6S,6.431226452,112.1387024,"10","Dive",NA,37.886,"silvergray",157,157,NA,NA,NA
"192","8/19/2023",9H 1M 11S,6.427449707,112.2664347,"10","Dive",NA,27.795,"dusky",172,172,NA,NA,NA
"193","8/19/2023",9H 1M 21S,6.428042711,113.0509967,"10","Dive",NA,35.642,"rosethorn",150,150,NA,NA,NA
"194","8/19/2023",9H 1M 39S,6.434026191,113.3025596,"10","Dive",NA,15.774,"rosethorn",150,150,NA,NA,NA
"195","8/19/2023",9H 1M 54S,6.440792192,112.993457,"10","Dive",NA,14.522,"tiger",148,148,NA,NA,NA
"196","8/19/2023",9H 2M 5S,6.421723802,113.4315379,"10","Dive",NA,94.025,"lingcod",130,130,NA,NA,"no length - bad angle"
"197","8/19/2023",9H 2M 14S,6.440602628,113.9532893,"10","Dive",NA,18.012,"rosethorn",150,150,NA,NA,NA
"198","8/19/2023",9H 2M 29S,6.444787608,110.8889621,"10","Dive",NA,27.65,"rosethorn",150,150,NA,NA,NA
"199","8/19/2023",10H 11M 32S,6.54689355,111.2987094,"11","Dive",NA,9.926,"rosethorn",150,150,NA,NA,NA
"200","8/19/2023",10H 12M 5S,6.567568168,110.7903019,"11","Dive",518.004,32.695,"yelloweye",145,145,"AD","Passing",NA
"201","8/19/2023",10H 12M 18S,6.58559374,111.0910655,"11","Dive",454.289,41.166,"yelloweye",145,145,"AD","Fish moving quickly out of frame",NA
"202","8/19/2023",10H 12M 33S,6.545231398,111.3434627,"11","Dive",NA,11.682,"dusky",172,172,NA,NA,NA
"203","8/19/2023",10H 13M 36S,6.659588414,106.5442253,"11","Dive",NA,18.474,"dusky",172,172,NA,NA,NA
"204","8/19/2023",10H 14M 18S,6.588913057,106.7970274,"11","Dive",NA,56.254,"rosethorn",150,150,NA,NA,NA
"205","8/19/2023",10H 15M 6S,6.542631243,108.897061,"11","Dive",NA,32.42,"rosethorn",150,150,NA,NA,NA
"206","8/19/2023",10H 15M 30S,6.567747988,107.5101577,"11","Dive",NA,32.164,"rosethorn",150,150,NA,NA,NA
"207","8/19/2023",10H 15M 42S,6.589656622,106.9895332,"11","Dive",NA,69.537,"yelloweye",145,145,"AD","Fish moving quickly out of frame","no length"
"208","8/19/2023",10H 16M 0S,6.549906801,107.3788156,"11","Dive",NA,29.45,"rosethorn",150,150,NA,NA,NA
"209","8/19/2023",10H 16M 16S,6.543277637,108.0150759,"11","Dive",NA,48.723,"rosethorn",150,150,NA,NA,NA
"210","8/19/2023",10H 16M 33S,6.559806728,107.2244116,"11","Dive",NA,26.737,"rosethorn",150,150,NA,NA,NA
"211","8/19/2023",10H 16M 39S,6.571840095,107.2777805,"11","Dive",NA,64.109,"rosethorn",150,150,NA,NA,NA
"212","8/19/2023",10H 16M 47S,6.563689885,107.8787375,"11","Dive",NA,97.369,"rosethorn",150,150,NA,NA,NA
"213","8/19/2023",10H 17M 36S,6.519234413,109.1348619,"11","Dive",NA,78.894,"yelloweye",145,145,"AD","Fish chasing other fish","no length - bad angle"
"214","8/19/2023",10H 17M 50S,6.510174923,109.2903843,"11","Dive",NA,7.431,"rosethorn",150,150,NA,NA,NA
"215","8/19/2023",10H 17M 59S,6.516687655,109.1939302,"11","Dive",NA,30.716,"rosethorn",150,150,NA,NA,NA
"216","8/19/2023",10H 18M 2S,6.514690098,109.0560593,"11","Dive",NA,15.451,"rosethorn",150,150,NA,NA,NA
"217","8/19/2023",10H 18M 23S,6.507428871,109.1155439,"11","Dive",NA,30.859,"tiger",148,148,NA,NA,NA
"218","8/19/2023",10H 20M 17S,6.500347423,110.0521502,"11","Dive",NA,33.605,"rosethorn",150,150,NA,NA,NA
"219","8/19/2023",10H 22M 43S,6.626056665,106.1536878,"11","Dive",NA,41.092,"rosethorn",150,150,NA,NA,NA
"220","8/19/2023",10H 23M 50S,6.660385389,103.7691942,"11","Dive",NA,21.63,"rosethorn",150,150,NA,NA,NA
"221","8/19/2023",10H 24M 26S,6.617377133,104.0485429,"11","Dive",NA,31.553,"rosethorn",150,150,NA,NA,NA
"222","8/19/2023",10H 24M 53S,6.633239342,103.5340413,"11","Dive",428.522,99.347,"yelloweye",145,145,"AD","Passing",NA
"223","8/19/2023",10H 24M 53S,6.633239342,103.5340413,"11","Dive",NA,27.741,"rosethorn",150,150,NA,NA,NA
"224","8/19/2023",10H 25M 32S,6.617780495,103.2338467,"11","Dive",NA,63.474,"rosethorn",150,150,NA,NA,NA
"225","8/19/2023",10H 27M 17S,6.655890248,100.6898399,"11","Dive",NA,31.003,"rosethorn",150,150,NA,NA,NA
"226","8/19/2023",10H 28M 15S,6.631752269,100.2991967,"11","Dive",NA,73.139,"rosethorn",150,150,NA,NA,NA
"227","8/19/2023",10H 29M 36S,6.642735182,98.68302623,"11","Dive",NA,23.865,"rosethorn",150,150,NA,NA,NA
"228","8/19/2023",10H 29M 50S,6.652250386,99.06092336,"11","Dive",NA,53.431,"rosethorn",150,150,NA,NA,NA
"229","8/19/2023",10H 30M 5S,6.663471234,99.70060537,"11","Dive",NA,50.873,"rosethorn",150,150,NA,NA,NA
"230","8/19/2023",10H 30M 7S,6.660672106,99.80261381,"11","Dive",NA,53.801,"rosethorn",150,150,NA,NA,NA
"231","8/19/2023",10H 30M 35S,6.652454491,99.06604212,"11","Dive",NA,26.963,"rosethorn",150,150,NA,NA,NA
"232","8/19/2023",10H 33M 16S,6.691292087,95.63432815,"11","Dive",533.279,71.278,"yelloweye",145,145,"AD","Fish milling/hovering",NA
"233","8/19/2023",10H 34M 56S,6.6947083,90.51336627,"11","Dive",NA,39.701,"tiger",148,148,NA,NA,NA
"234","8/19/2023",10H 35M 15S,6.695670475,90.59702524,"11","Dive",NA,4.675,"rosethorn",150,150,NA,NA,"Seen only in belly camera"
"235","8/19/2023",10H 35M 30S,6.699426839,91.15679113,"11","Dive",NA,63.739,"rosethorn",150,150,NA,NA,NA
"236","8/19/2023",10H 37M 30S,6.718057857,91.59047366,"11","Dive",NA,11.094,"dusky",172,172,NA,NA,NA
"237","8/19/2023",10H 38M 7S,6.721580907,96.04479436,"11","Dive",NA,35.135,"rosethorn",150,150,NA,NA,NA
"238","8/19/2023",10H 38M 7S,6.721580907,96.04479436,"11","Dive",NA,36.524,"rosethorn",150,150,NA,NA,NA
"239","8/19/2023",10H 38M 32S,6.723053297,97.71415565,"11","Dive",NA,14.766,"rosethorn",150,150,NA,NA,NA
"240","8/19/2023",10H 39M 3S,6.723097031,97.93651616,"11","Dive",NA,21.352,"rosethorn",150,150,NA,NA,NA
"241","8/19/2023",10H 40M 31S,6.727344113,99.64870282,"11","Dive",NA,46.975,"rosethorn",150,150,NA,NA,NA
"242","8/19/2023",10H 41M 36S,6.723539234,100.8055514,"11","Dive",NA,16.354,"rosethorn",150,150,NA,NA,NA
"243","8/19/2023",10H 44M 41S,6.711434496,101.6220999,"11","Dive",NA,14.459,"rosethorn",150,150,NA,NA,NA
"244","8/19/2023",10H 44M 44S,6.708013467,101.5195343,"11","Dive",NA,35.149,"rosethorn",150,150,NA,NA,NA
"245","8/19/2023",10H 44M 57S,6.699601779,100.6699469,"11","Dive",566.197,119.163,"yelloweye",145,145,"AD","Passing",NA
"246","8/19/2023",10H 45M 29S,6.741217498,99.9749026,"11","Dive",NA,30.51,"rosethorn",150,150,NA,NA,NA
"247","8/19/2023",10H 45M 31S,6.732417269,100.0165957,"11","Dive",NA,66.803,"rosethorn",150,150,NA,NA,NA
"248","8/19/2023",10H 45M 45S,6.745095219,99.38214525,"11","Dive",NA,37.561,"rosethorn",150,150,NA,NA,NA
"249","8/19/2023",10H 45M 47S,6.736630307,99.34489949,"11","Dive",NA,47.487,"rosethorn",150,150,NA,NA,NA
"250","8/19/2023",10H 45M 47S,6.736630307,99.34489949,"11","Dive",NA,85.946,"rosethorn",150,150,NA,NA,NA
"251","8/19/2023",10H 46M 18S,6.75612091,99.78184281,"11","Dive",NA,35.901,"rosethorn",150,150,NA,NA,NA
"252","8/19/2023",10H 47M 57S,6.768011458,97.58513516,"11","Dive",NA,26.104,"rosethorn",150,150,NA,NA,NA
"253","8/19/2023",11H 20M 31S,6.559894209,90.04534025,"12","Dive",NA,31.187,"lingcod",130,130,NA,NA,"no length - bad angle"
"254","8/19/2023",11H 20M 43S,6.558402179,88.71030823,"12","Dive",NA,12.483,"dusky",172,172,NA,NA,NA
"255","8/19/2023",11H 21M 2S,6.558742381,88.67176744,"12","Dive",NA,43.038,"tiger",148,148,NA,NA,NA
"256","8/19/2023",11H 23M 43S,6.566051849,89.88383579,"12","Dive",NA,31.36,"rosethorn",150,150,NA,NA,NA
"257","8/19/2023",11H 25M 54S,6.578998816,89.34510879,"12","Dive",NA,42.155,"yelloweye",145,145,"AD","Fish milling/hovering","no length - bad angle"
"258","8/19/2023",11H 27M 1S,6.594079119,92.00660864,"12","Dive",NA,46.447,"yelloweye",145,145,"AD","Fish actively swimming in frame","no length - partial view"
"259","8/19/2023",11H 29M 37S,6.613707995,87.39885178,"12","Dive",NA,25.969,"lingcod",130,130,NA,NA,"no length - bad angle"
"260","8/19/2023",11H 30M 19S,6.611389871,85.47162055,"12","Dive",NA,43.167,"rosethorn",150,150,NA,NA,NA
"261","8/19/2023",11H 30M 34S,6.613435846,84.42218002,"12","Dive",NA,12.487,"rosethorn",150,150,NA,NA,NA
"262","8/19/2023",11H 31M 42S,6.611078843,86.7342384,"12","Dive",NA,24.684,"rosethorn",150,150,NA,NA,NA
"263","8/19/2023",11H 31M 42S,6.611078843,86.7342384,"12","Dive",NA,31.899,"tiger",148,148,NA,NA,NA
"264","8/19/2023",11H 31M 44S,6.611142021,86.83985076,"12","Dive",NA,24.044,"rosethorn",150,150,NA,NA,NA
"265","8/19/2023",11H 32M 21S,6.612045944,87.40070922,"12","Dive",NA,21.938,"rosethorn",150,150,NA,NA,NA
"266","8/19/2023",11H 32M 42S,6.615379763,87.14946216,"12","Dive",629.318,71.446,"yelloweye",145,145,"AD","Fish moving slowly out of frame",NA
"267","8/19/2023",11H 33M 3S,6.617790214,87.33372849,"12","Dive",NA,43.526,"rosethorn",150,150,NA,NA,NA
"268","8/19/2023",11H 33M 15S,6.615948358,87.80462874,"12","Dive",NA,67.295,"rosethorn",150,150,NA,NA,NA
"269","8/19/2023",11H 33M 23S,6.616959192,88.25367388,"12","Dive",NA,19.611,"kelp greenling",194,194,NA,NA,NA
"270","8/19/2023",11H 33M 42S,6.618689273,88.82482104,"12","Dive",NA,18.136,"rosethorn",150,150,NA,NA,NA
"271","8/19/2023",11H 35M 21S,6.614694533,89.09274677,"12","Dive",NA,27.735,"tiger",148,148,NA,NA,NA
"272","8/19/2023",11H 35M 50S,6.621784944,86.35856695,"12","Dive",623.74,102.642,"yelloweye",145,145,"AD","Fish moving slowly into frame",NA
"273","8/19/2023",11H 36M 8S,6.621294108,85.67347813,"12","Dive",NA,61.711,"rosethorn",150,150,NA,NA,NA
"274","8/19/2023",11H 37M 6S,6.619578611,86.07285813,"12","Dive",NA,11.633,"rosethorn",150,150,NA,NA,"Seen only in belly cam"
"275","8/19/2023",11H 37M 13S,6.618363668,87.09729907,"12","Dive",NA,10.89,"rosethorn",150,150,NA,NA,"Seen only in belly cam"
"276","8/19/2023",11H 38M 10S,6.615515837,88.38550312,"12","Dive",522.051,68.345,"yelloweye",145,145,"AD","Fish moving slowly out of frame",NA
"277","8/19/2023",11H 39M 14S,6.628248407,88.97638528,"12","Dive",NA,43.066,"rosethorn",150,150,NA,NA,NA
"278","8/19/2023",11H 39M 32S,6.627043192,87.03921203,"12","Dive",488.724,38.684,"yelloweye",145,145,"AD","Passing",NA
"279","8/19/2023",11H 41M 0S,6.635149207,81.7939611,"12","Dive",NA,26.142,"lingcod",130,130,NA,NA,"no length - bad angle"
"280","8/19/2023",11H 41M 49S,6.63242777,83.17967004,"12","Dive",584.529,44.73,"yelloweye",145,145,"AD","Passing",NA
"281","8/19/2023",11H 43M 31S,6.627577763,86.95916867,"12","Dive",NA,54.468,"rosethorn",150,150,NA,NA,NA
"282","8/19/2023",11H 43M 59S,6.631178822,81.53577488,"12","Dive",NA,45.533,"rosethorn",150,150,NA,NA,NA
"283","8/19/2023",11H 44M 48S,6.674463581,74.15934783,"12","Dive",NA,68.389,"lingcod",130,130,NA,NA,"no length - bad viz"
"284","8/19/2023",11H 44M 59S,6.673584002,77.10518421,"12","Dive",NA,55.249,"lingcod",130,130,NA,NA,"no length - bad viz"
"285","8/19/2023",11H 44M 59S,6.673584002,77.10518421,"12","Dive",NA,74.307,"lingcod",130,130,NA,NA,"no length - bad viz"
"286","8/19/2023",11H 45M 55S,6.663301148,85.66169599,"12","Dive",NA,34.024,"tiger",148,148,NA,NA,"Seen better in belly cam"
"287","8/19/2023",11H 45M 57S,6.665473384,85.85013071,"12","Dive",NA,84.355,"yelloweye",145,145,"AD","Passing","no length - bad angle"
"288","8/19/2023",11H 46M 18S,6.659836254,88.89847027,"12","Dive",NA,7.231,"dusky",172,172,NA,NA,"Seen better in belly cam"
"289","8/19/2023",11H 48M 40S,6.654913464,92.65412591,"12","Dive",NA,32.121,"rosethorn",150,150,NA,NA,NA
"290","8/19/2023",11H 48M 40S,6.654913464,92.65412591,"12","Dive",NA,60.236,"rosethorn",150,150,NA,NA,NA
"291","8/19/2023",11H 50M 20S,6.646151528,95.51498207,"12","Dive",NA,45.436,"rosethorn",150,150,NA,NA,NA
"292","8/19/2023",11H 51M 14S,6.647410179,95.17533425,"12","Dive",NA,36.169,"rosethorn",150,150,NA,NA,NA
"293","8/19/2023",11H 51M 17S,6.647789233,94.46463335,"12","Dive",NA,17.437,"rosethorn",150,150,NA,NA,NA
"294","8/19/2023",11H 51M 27S,6.64627302,94.32316063,"12","Dive",NA,18.864,"rosethorn",150,150,NA,NA,NA
"295","8/19/2023",11H 51M 34S,6.6468416,94.01659052,"12","Dive",NA,33.306,"rosethorn",150,150,NA,NA,NA
"296","8/19/2023",11H 52M 4S,6.644844279,94.44740091,"12","Dive",547.345,17.933,"yelloweye",145,145,"AD","Passing",NA
"297","8/19/2023",11H 55M 44S,6.635192945,96.91460639,"12","Dive",555.022,34.963,"yelloweye",145,145,"AD","Passing",NA
"298","8/19/2023",11H 55M 51S,6.635192945,96.28033404,"12","Dive",NA,40.832,"rosethorn",150,150,NA,NA,NA
"299","8/19/2023",11H 56M 33S,6.63427932,93.65905481,"12","Dive",548.831,109.324,"yelloweye",145,145,"AD","Passing",NA
"300","8/19/2023",11H 57M 9S,6.630561637,96.88820149,"12","Dive",NA,35.478,"rosethorn",150,150,NA,NA,NA
"301","8/19/2023",14H 12M 52S,6.507166416,91.10276074,"13","Dive",NA,24.995,"yelloweye",145,145,"AD","Passing","no length - partial view"
"302","8/19/2023",14H 22M 18S,6.505309788,92.13350941,"13","Dive",878.657,65.401,"lingcod",130,130,NA,NA,NA
"303","8/19/2023",14H 23M 57S,6.518753252,91.4984305,"13","Dive",NA,13.813,"halibut",200,200,NA,NA,"no length - bad angle"
"304","8/19/2023",14H 24M 1S,6.514908809,91.40143181,"13","Dive",NA,21.231,"rosethorn",150,150,NA,NA,NA
"305","8/19/2023",14H 24M 19S,6.535438257,91.69697222,"13","Dive",680.248,172.082,"yelloweye",145,145,"AD","Fish chasing other fish",NA
"306","8/19/2023",14H 24M 37S,6.564963208,91.66149399,"13","Dive",NA,56.282,"rosethorn",150,150,NA,NA,NA
"307","8/19/2023",14H 27M 44S,6.510184644,91.2004863,"13","Dive",NA,47.503,"rosethorn",150,150,NA,NA,NA
"308","8/19/2023",14H 28M 25S,6.51198294,90.67630603,"13","Dive",NA,28.142,"rosethorn",150,150,NA,NA,NA
"309","8/19/2023",14H 28M 42S,6.506981725,90.73939656,"13","Dive",NA,33.081,"rosethorn",150,150,NA,NA,NA
"310","8/19/2023",14H 29M 13S,6.512507847,90.59181478,"13","Dive",NA,21.502,"rosethorn",150,150,NA,NA,NA
"311","8/19/2023",14H 29M 45S,6.560730134,89.63582532,"13","Dive",NA,27.247,"rosethorn",150,150,NA,NA,NA
"312","8/19/2023",14H 32M 19S,6.758307573,85.28638472,"13","Dive",762.098,21.096,"lingcod",130,130,NA,NA,NA
"313","8/19/2023",14H 34M 5S,6.797001258,84.29018111,"13","Dive",NA,41.316,"rosethorn",150,150,NA,NA,NA
"314","8/19/2023",14H 36M 2S,6.791772833,85.91745377,"13","Dive",NA,22.499,"rosethorn",150,150,NA,NA,NA
"315","8/19/2023",14H 36M 6S,6.787312137,85.80600379,"13","Dive",610.054,123.318,"yelloweye",145,145,"AD","Passing",NA
"316","8/19/2023",14H 36M 26S,6.79128206,83.84827748,"13","Dive",NA,19.701,"rosethorn",150,150,NA,NA,NA
"317","8/19/2023",14H 36M 52S,6.762360179,82.86950297,"13","Dive",NA,26.034,"rosethorn",150,150,NA,NA,NA
"318","8/19/2023",14H 36M 57S,6.754881799,82.55370191,"13","Dive",NA,30.396,"quillback",147,147,NA,NA,NA
"319","8/19/2023",14H 38M 10S,6.668826492,87.8366714,"13","Dive",NA,19.715,"rosethorn",150,150,NA,NA,NA
"320","8/19/2023",14H 45M 48S,6.585865895,91.22153614,"13","Dive",NA,5.085,"halibut",200,200,NA,NA,"no length - bad angle"
"321","8/19/2023",15H 23M 9S,6.590682059,92.85058208,"14","Dive",1002.527,72.713,"halibut",200,200,NA,NA,NA
"322","8/19/2023",15H 23M 24S,6.586463665,92.45218909,"14","Dive",639.291,4.165,"yelloweye",145,145,"AD","Fish moving quickly into frame",NA
"323","8/19/2023",15H 28M 31S,6.627140387,90.60544897,"14","Dive",NA,12.629,"lingcod",130,130,NA,NA,"no length - bad angle"
"324","8/19/2023",15H 28M 51S,6.628209529,90.04179666,"14","Dive",399.818,64.007,"yelloweye",145,145,"AD","Passing",NA
"325","8/19/2023",15H 29M 28S,6.626163579,90.05680512,"14","Dive",NA,19.561,"kelp greenling",194,194,NA,NA,NA
"326","8/19/2023",15H 30M 3S,6.628598307,89.55114963,"14","Dive",NA,45.178,"rosethorn",150,150,NA,NA,NA
"327","8/19/2023",15H 30M 33S,6.629682027,88.66593562,"14","Dive",NA,29.32,"tiger",148,148,NA,NA,NA
"328","8/19/2023",15H 32M 33S,6.647492794,88.68539081,"14","Dive",NA,46.437,"kelp greenling",194,194,NA,NA,NA
"329","8/19/2023",15H 32M 37S,6.640528888,88.53975482,"14","Dive",NA,59.018,"rosethorn",150,150,NA,NA,NA
"330","8/19/2023",15H 32M 42S,6.639440319,88.24829562,"14","Dive",NA,43.925,"tiger",148,148,NA,NA,NA
"331","8/19/2023",15H 33M 42S,6.637671391,85.88303438,"14","Dive",NA,24.796,"tiger",148,148,NA,NA,NA
"332","8/19/2023",15H 34M 17S,6.642453321,84.34091063,"14","Dive",NA,19.073,"yelloweye",145,145,"SU","Fish milling/hovering","no length - bad angle"
"333","8/19/2023",15H 36M 44S,6.661930742,86.1165779,"14","Dive",194.383,37.461,"yelloweye",145,145,"JV","Fish milling/hovering",NA
"334","8/19/2023",15H 37M 46S,6.665580294,84.0108178,"14","Dive",NA,7.232,"yelloweye",145,145,"AD","Attracted","no length - bad angle"
"335","8/19/2023",15H 38M 34S,6.66243614,83.57189675,"14","Dive",NA,120.962,"yelloweye",145,145,"AD","Fish moving slowly out of frame","check this one - partial view"
"336","8/19/2023",15H 39M 39S,6.66339348,83.80229478,"14","Dive",NA,29.769,"rosethorn",150,150,NA,NA,NA
"337","8/19/2023",15H 43M 58S,6.669147223,76.01981846,"14","Dive",539.812,61.484,"yelloweye",145,145,"AD","Passing",NA
"338","8/19/2023",15H 49M 21S,6.652712052,76.21407664,"14","Dive",NA,33.487,"rosethorn",150,150,NA,NA,NA
"339","8/19/2023",15H 50M 9S,6.652765507,76.0245429,"14","Dive",364.936,39.61,"yelloweye",145,145,"AD","Passing",NA
"340","8/19/2023",15H 50M 30S,6.654743377,76.0342697,"14","Dive",NA,42.812,"yelloweye",145,145,"JV","Fish milling/hovering","no length - bad angle"
"341","8/19/2023",15H 51M 4S,6.665269281,75.74135438,"14","Dive",312.019,34.108,"yelloweye",145,145,"SU","Fish milling/hovering",NA
"342","8/19/2023",15H 52M 1S,6.671907456,75.51019575,"14","Dive",NA,28.105,"yelloweye",145,145,"AD","Fish moving slowly into frame","no length - partial view"
"343","8/19/2023",15H 52M 11S,6.674813468,75.42765704,"14","Dive",574.254,57.571,"yelloweye",145,145,"AD","Fish chasing other fish",NA
"344","8/19/2023",15H 52M 11S,6.674813468,75.42765704,"14","Dive",800.816,97.313,"lingcod",130,130,NA,NA,NA
"345","8/19/2023",15H 52M 11S,6.674813468,75.42765704,"14","Dive",587.047,13.382,"lingcod",130,130,NA,NA,NA
"346","8/19/2023",15H 52M 29S,6.676305348,74.85127685,"14","Dive",NA,43.552,"dusky",172,172,NA,NA,NA
"347","8/19/2023",15H 52M 54S,6.677831244,75.17837372,"14","Dive",257.865,98.677,"yelloweye",145,145,"JV","Fish milling/hovering",NA
"348","8/19/2023",15H 53M 22S,6.674099115,76.35837405,"14","Dive",NA,12.857,"dusky",172,172,NA,NA,NA
"349","8/19/2023",15H 53M 44S,6.674643384,76.85027523,"14","Dive",NA,74.069,"yelloweye",145,145,"AD","Passing","no length - too far away"
"350","8/19/2023",15H 53M 44S,6.674643384,76.85027523,"14","Dive",NA,120.257,"lingcod",130,130,NA,NA,"no length - too far away"
"351","8/19/2023",15H 54M 9S,6.676621219,76.93225892,"14","Dive",NA,76.293,"yelloweye",145,145,"AD","Fish moving slowly into frame","no length - partial view"
"352","8/19/2023",15H 54M 13S,6.676421977,76.99617844,"14","Dive",NA,40.845,"tiger",148,148,NA,NA,NA
"353","8/19/2023",15H 54M 38S,6.681198897,77.24574274,"14","Dive",NA,84.658,"yelloweye",145,145,"JV","Fish being chased","no length - too far"
"354","8/19/2023",15H 56M 27S,6.716794415,82.74078791,"14","Dive",617.314,20.644,"yelloweye",145,145,"AD","Fish chasing other fish",NA
"355","8/19/2023",15H 56M 47S,6.71944764,83.56566383,"14","Dive",345.458,115.55,"yelloweye",145,145,"JV","Fish milling/hovering",NA
"356","8/19/2023",15H 57M 32S,6.630581076,85.02274284,"14","Dive",323.738,33.897,"yelloweye",145,145,"SU","Fish milling/hovering",NA
"357","8/19/2023",16H 38M 30S,6.801884668,82.19914881,"15","Dive",NA,53.17,"yelloweye",145,145,"AD","Fish resting on bottom","no length - bad angle"
"358","8/19/2023",16H 39M 6S,6.802341424,81.67859809,"15","Dive",NA,30.007,"rosethorn",150,150,NA,NA,NA
"359","8/19/2023",16H 39M 51S,6.809056695,81.20446217,"15","Dive",613.699,12.537,"yelloweye",145,145,"AD","Passing",NA
"360","8/19/2023",16H 39M 51S,6.809056695,81.20446217,"15","Dive",622.501,159.065,"yelloweye",145,145,"AD","Passing",NA
"361","8/19/2023",16H 40M 5S,6.810776811,80.96850646,"15","Dive",675.491,72.316,"lingcod",130,130,NA,NA,NA
"362","8/19/2023",16H 40M 5S,6.810776811,80.96850646,"15","Dive",NA,44.279,"lingcod",130,130,NA,NA,"no length - bad angle"
"363","8/19/2023",17H 39M 17S,6.400205151,128.6635519,"16","Dive",NA,57.468,"rosethorn",150,150,NA,NA,NA
"364","8/19/2023",17H 39M 58S,6.371443122,129.7334797,"16","Dive",NA,12.09,"rosethorn",150,150,NA,NA,NA
"365","8/19/2023",17H 40M 3S,6.361618994,130.0832037,"16","Dive",NA,26.442,"rosethorn",150,150,NA,NA,NA
"366","8/19/2023",17H 41M 20S,6.348041967,133.3725092,"16","Dive",NA,7.959,"rosethorn",150,150,NA,NA,NA
"367","8/19/2023",17H 43M 24S,6.353253083,133.076883,"16","Dive",NA,24.179,"rosethorn",150,150,NA,NA,NA
"368","8/19/2023",17H 44M 3S,6.366178648,131.1678535,"16","Dive",NA,17.235,"rosethorn",150,150,NA,NA,NA
"369","8/19/2023",17H 44M 12S,6.365143249,132.5677758,"16","Dive",NA,37.592,"rosethorn",150,150,NA,NA,NA
"370","8/19/2023",17H 44M 36S,6.328796528,134.9119043,"16","Dive",NA,31.281,"lingcod",130,130,NA,NA,"no length - partial view"
"371","8/19/2023",17H 44M 37S,6.327586078,134.9634159,"16","Dive",NA,13.994,"rosethorn",150,150,NA,NA,NA
"372","8/19/2023",17H 45M 15S,6.287460308,136.4480477,"16","Dive",NA,10.765,"rosethorn",150,150,NA,NA,NA
"373","8/19/2023",17H 49M 27S,6.337172409,133.6684464,"16","Dive",526.032,100.929,"yelloweye",145,145,"AD","Fish moving quickly out of frame",NA
"374","8/19/2023",17H 50M 30S,6.32794581,133.5595793,"16","Dive",NA,31.942,"rosethorn",150,150,NA,NA,NA
"375","8/19/2023",17H 51M 1S,6.322039371,134.6568578,"16","Dive",NA,4.96,"rosethorn",150,150,NA,NA,NA
"376","8/19/2023",17H 53M 29S,6.343618327,132.6983306,"16","Dive",NA,20.646,"tiger",148,148,NA,NA,NA
"377","8/19/2023",17H 53M 43S,6.357428757,131.99638,"16","Dive",728.826,173.575,"yelloweye",145,145,"AD","Fish chasing other fish",NA
"378","8/19/2023",17H 53M 52S,6.351828779,132.3060719,"16","Dive",NA,52.573,"yelloweye",145,145,"AD","Fish chasing other fish","No length - too far away"
"379","8/19/2023",17H 54M 18S,6.340580099,132.8448371,"16","Dive",NA,31.646,"rosethorn",150,150,NA,NA,NA
"380","8/19/2023",17H 54M 18S,6.340580099,132.8448371,"16","Dive",NA,25.104,"dusky",172,172,NA,NA,NA
"381","8/19/2023",17H 54M 18S,6.340580099,132.8448371,"16","Dive",NA,39.606,"dusky",172,172,NA,NA,NA
"382","8/19/2023",17H 54M 40S,6.371097992,131.0361721,"16","Dive",NA,10.821,"rosethorn",150,150,NA,NA,NA
"383","8/19/2023",17H 55M 0S,6.366125177,130.8170193,"16","Dive",NA,27.263,"dusky",172,172,NA,NA,NA
"384","8/19/2023",17H 55M 8S,6.36183288,131.6362823,"16","Dive",NA,42.191,"rosethorn",150,150,NA,NA,NA
"385","8/19/2023",17H 55M 28S,6.358541943,132.6904605,"16","Dive",NA,7.832,"rosethorn",150,150,NA,NA,NA
"386","8/19/2023",17H 55M 48S,6.359100966,132.1278739,"16","Dive",NA,9.423,"dusky",172,172,NA,NA,NA
"387","8/19/2023",17H 56M 6S,6.34333638,133.1133012,"16","Dive",NA,18.068,"rosethorn",150,150,NA,NA,NA
"388","8/19/2023",17H 56M 6S,6.34333638,133.1133012,"16","Dive",NA,11.893,"rosethorn",150,150,NA,NA,NA
"389","8/19/2023",17H 56M 42S,6.356184321,133.4163239,"16","Dive",NA,43.285,"tiger",148,148,NA,NA,NA
"390","8/19/2023",17H 56M 44S,6.353656554,133.4211343,"16","Dive",NA,14.117,"rosethorn",150,150,NA,NA,NA
"391","8/19/2023",17H 57M 40S,6.315355077,133.9284887,"16","Dive",NA,28.646,"rosethorn",150,150,NA,NA,NA
"392","8/19/2023",17H 58M 40S,6.351230863,133.4872988,"16","Dive",NA,35.549,"rosethorn",150,150,NA,NA,NA
"393","8/19/2023",18H 1M 1S,6.369712606,132.2087719,"16","Dive",NA,27.793,"rosethorn",150,150,NA,NA,NA
"394","8/19/2023",18H 1M 42S,6.311222941,133.5565213,"16","Dive",531.551,107.962,"yelloweye",145,145,"AD","Fish chasing other fish",NA
"395","8/19/2023",18H 1M 42S,6.311222941,133.5565213,"16","Dive",NA,20.247,"rosethorn",150,150,NA,NA,NA
"396","8/19/2023",18H 3M 50S,6.351551696,132.1416865,"16","Dive",646.858,12.988,"lingcod",130,130,NA,NA,NA
"397","8/19/2023",18H 3M 55S,6.352523917,132.0916464,"16","Dive",NA,94.598,"yelloweye",145,145,"AD","Fish chasing other fish","no length - too far away"
"398","8/19/2023",18H 4M 17S,6.336929349,132.7605169,"16","Dive",624.919,53.337,"yelloweye",145,145,"AD","Fish moving quickly into frame",NA
"399","8/19/2023",18H 4M 35S,6.366864052,132.6313324,"16","Dive",NA,17.667,"rosethorn",150,150,NA,NA,NA
"400","8/19/2023",18H 5M 11S,6.394950574,131.9128046,"16","Dive",NA,8.902,"lingcod",130,130,NA,NA,"no length - bad angle"
"401","8/19/2023",18H 5M 20S,6.373951392,132.2072077,"16","Dive",NA,27.912,"tiger",148,148,NA,NA,NA
"402","8/19/2023",18H 5M 26S,6.353116972,132.3979167,"16","Dive",791.481,15.294,"lingcod",130,130,NA,NA,NA
"403","8/19/2023",18H 8M 29S,6.403009848,132.5227395,"16","Dive",NA,30.761,"rosethorn",150,150,NA,NA,NA
"404","8/19/2023",18H 10M 3S,6.428232277,128.8538954,"16","Dive",NA,41.995,"rosethorn",150,150,NA,NA,NA
"405","8/19/2023",18H 10M 9S,6.43150351,128.6150968,"16","Dive",NA,47.88,"yelloweye",145,145,"AD","Passing","no length - partial view"
"406","8/19/2023",18H 10M 34S,6.408765038,127.7833351,"16","Dive",NA,37.02,"lingcod",130,130,NA,NA,"no length - bad angle"
"407","8/19/2023",18H 11M 10S,6.397696957,127.1100338,"16","Dive",NA,23.305,"rosethorn",150,150,NA,NA,NA
"408","8/19/2023",18H 11M 19S,6.407564423,126.8779095,"16","Dive",NA,35.745,"rosethorn",150,150,NA,NA,NA
"409","8/19/2023",18H 12M 8S,6.375993002,129.436392,"16","Dive",NA,37.018,"rosethorn",150,150,NA,NA,NA
"410","8/19/2023",18H 12M 31S,6.377101302,129.7602584,"16","Dive",NA,27.327,"rosethorn",150,150,NA,NA,NA
"411","8/19/2023",18H 12M 42S,6.377261714,129.8203058,"16","Dive",NA,46.68,"rosethorn",150,150,NA,NA,NA
"412","8/19/2023",18H 13M 3S,6.368327219,130.3874212,"16","Dive",NA,26.945,"rosethorn",150,150,NA,NA,NA
"413","8/19/2023",18H 15M 27S,6.353452388,129.4437134,"16","Dive",NA,26.117,"tiger",148,148,NA,NA,NA
"414","8/19/2023",18H 15M 39S,6.365221026,127.3089959,"16","Dive",NA,68.384,"rosethorn",150,150,NA,NA,NA
"415","8/19/2023",18H 16M 57S,6.344750976,133.424664,"16","Dive",NA,15.663,"rosethorn",150,150,NA,NA,NA
"416","8/19/2023",18H 17M 22S,6.345728066,133.8631581,"16","Dive",542.331,69.464,"yelloweye",145,145,"AD","Fish milling/hovering",NA
"417","8/19/2023",18H 18M 0S,6.334474441,134.3935882,"16","Dive",NA,12.335,"lingcod",130,130,NA,NA,"no length - bad angle"
"418","8/19/2023",18H 18M 41S,6.311811164,135.1872905,"16","Dive",NA,11.252,"rosethorn",150,150,NA,NA,NA
"419","8/19/2023",18H 18M 53S,6.313079974,135.3891222,"16","Dive",NA,9.992,"harlequin",176,176,NA,NA,"lot of others in this video"
"420","8/19/2023",18H 18M 53S,6.313079974,135.3891222,"16","Dive",NA,28.634,"longnose skate",701,701,NA,NA,NA
"421","8/19/2023",18H 19M 26S,6.293867733,136.1537167,"16","Dive",555.618,86.422,"yelloweye",145,145,"AD","Fish milling/hovering",NA
"422","8/19/2023",18H 20M 15S,6.259773596,136.8262911,"16","Dive",NA,30.023,"rosethorn",150,150,NA,NA,NA
"423","8/19/2023",18H 21M 1S,6.331061865,136.7378081,"16","Dive",NA,26.561,"rosethorn",150,150,NA,NA,NA
"424","8/19/2023",18H 21M 22S,6.375327049,133.7214606,"16","Dive",NA,112.301,"yelloweye",145,145,"AD","Fish milling/hovering","no length - bad angle"
"425","8/19/2023",18H 21M 42S,6.374432629,132.4759301,"16","Dive",NA,45.433,"rosethorn",150,150,NA,NA,NA
"426","8/19/2023",18H 21M 50S,6.374977059,132.6254082,"16","Dive",680.746,114.372,"yelloweye",145,145,"AD","Passing",NA
"427","8/19/2023",18H 22M 31S,6.33422652,134.6938324,"16","Dive",NA,38.853,"rosethorn",150,150,NA,NA,NA
"428","8/19/2023",18H 22M 39S,6.33865021,134.6082071,"16","Dive",747.057,170.388,"yelloweye",145,145,"AD","Passing",NA
"429","8/19/2023",18H 23M 4S,6.33422652,135.8428275,"16","Dive",NA,26.16,"rosethorn",150,150,NA,NA,NA
"430","8/19/2023",18H 24M 7S,6.335295985,135.3729979,"16","Dive",NA,45.96,"rosethorn",150,150,NA,NA,NA
"431","8/19/2023",18H 24M 23S,6.336443229,134.6563018,"16","Dive",608.335,17.333,"yelloweye",145,145,"AD","Fish chasing other fish",NA
"432","8/19/2023",19H 17M 17S,6.309910375,135.4377731,"17","Dive",NA,12.306,"rosethorn",150,150,NA,NA,"Seen only in belly cam"
"433","8/19/2023",19H 17M 17S,6.309910375,135.4377731,"17","Dive",NA,12.146,"rosethorn",150,150,NA,NA,"Seen only in belly cam"
"434","8/19/2023",19H 18M 23S,6.320872662,132.5910223,"17","Dive",NA,45.821,"rosethorn",150,150,NA,NA,NA
"435","8/19/2023",19H 19M 1S,6.325131142,131.7397866,"17","Dive",NA,25.184,"rosethorn",150,150,NA,NA,NA
"436","8/19/2023",19H 19M 40S,6.327926365,130.6500333,"17","Dive",NA,55.298,"rosethorn",150,150,NA,NA,NA
"437","8/19/2023",19H 20M 8S,6.330833387,129.7482122,"17","Dive",NA,64.728,"yelloweye",145,145,"AD","Attracted","no length - can only see in L"
"438","8/19/2023",19H 20M 26S,6.380338697,128.0418825,"17","Dive",NA,10.638,"rosethorn",150,150,NA,NA,"Seen only in belly cam"
"439","8/19/2023",19H 22M 54S,6.431445182,123.7156636,"17","Dive",NA,108.498,"yelloweye",145,145,"AD","Passing","no length - bad angle"
"440","8/19/2023",19H 23M 10S,6.433374864,123.2105598,"17","Dive",NA,10.537,"rosethorn",150,150,NA,NA,NA
"441","8/19/2023",19H 23M 33S,6.450712653,121.5743343,"17","Dive",NA,71.057,"yelloweye",145,145,"AD","Fish chasing other fish","no length - bad angle"
"442","8/19/2023",19H 24M 21S,6.463335449,120.0433656,"17","Dive",NA,49.959,"rosethorn",150,150,NA,NA,NA
"443","8/19/2023",19H 26M 2S,6.467398816,118.960627,"17","Dive",NA,35.365,"rosethorn",150,150,NA,NA,NA
"444","8/19/2023",19H 28M 40S,6.469347865,114.4050155,"17","Dive",448.905,116.171,"yelloweye",145,145,"AD","Fish milling/hovering",NA
"445","8/19/2023",19H 29M 22S,6.470898353,115.7695932,"17","Dive",NA,46.065,"rosethorn",150,150,NA,NA,NA
"446","8/19/2023",19H 29M 47S,6.46919233,117.3650255,"17","Dive",NA,22.563,"rosethorn",150,150,NA,NA,NA
"447","8/19/2023",19H 30M 8S,6.470718516,117.5600457,"17","Dive",NA,38.249,"rosethorn",150,150,NA,NA,NA
"448","8/19/2023",19H 30M 16S,6.475272756,117.5811721,"17","Dive",NA,39.708,"rosethorn",150,150,NA,NA,NA
"449","8/19/2023",19H 30M 50S,6.47076226,118.0423399,"17","Dive",NA,11.972,"rosethorn",150,150,NA,NA,NA
"450","8/19/2023",19H 32M 5S,6.477537716,118.1955069,"17","Dive",NA,27.749,"rosethorn",150,150,NA,NA,NA
"451","8/19/2023",19H 32M 26S,6.472993208,117.3929804,"17","Dive",NA,11.093,"rosethorn",150,150,NA,NA,NA
"452","8/19/2023",19H 32M 35S,6.474747828,117.9917476,"17","Dive",NA,28.462,"rosethorn",150,150,NA,NA,NA
"453","8/19/2023",19H 32M 50S,6.475010292,117.8533138,"17","Dive",NA,20.598,"rosethorn",150,150,NA,NA,NA
"454","8/19/2023",19H 33M 18S,6.475005431,117.0368901,"17","Dive",NA,36.222,"rosethorn",150,150,NA,NA,NA
"455","8/19/2023",19H 33M 47S,6.475126942,116.4306211,"17","Dive",NA,81.859,"rosethorn",150,150,NA,NA,NA
"456","8/19/2023",19H 34M 12S,6.478334826,115.9627865,"17","Dive",NA,19.313,"rosethorn",150,150,NA,NA,NA
"457","8/19/2023",19H 34M 34S,6.476026123,115.1763938,"17","Dive",NA,39.52,"rosethorn",150,150,NA,NA,NA
"458","8/19/2023",19H 35M 49S,6.479049307,113.2494839,"17","Dive",NA,12.442,"rosethorn",150,150,NA,NA,NA
"459","8/19/2023",19H 36M 20S,6.485042183,113.0018115,"17","Dive",NA,44.509,"yelloweye",145,145,"AD","Fish milling/hovering","no length - bad angle"
"460","8/19/2023",19H 36M 20S,6.485042183,113.0018115,"17","Dive",NA,33.228,"tiger",148,148,NA,NA,NA
"461","8/19/2023",19H 36M 29S,6.484400612,112.9845773,"17","Dive",NA,19.386,"rosethorn",150,150,NA,NA,NA
"462","8/19/2023",19H 36M 50S,6.485032462,113.0754738,"17","Dive",NA,44.675,"rosethorn",150,150,NA,NA,NA
"463","8/19/2023",19H 37M 29S,6.491020441,109.467171,"17","Dive",NA,42.771,"yelloweye",145,145,"AD","Fish chasing other fish","no length - bad angle"
"464","8/19/2023",19H 38M 51S,6.488050758,111.8708957,"17","Dive",NA,40.376,"rosethorn",150,150,NA,NA,NA
"465","8/19/2023",19H 38M 54S,6.48873121,112.0547669,"17","Dive",NA,25.785,"dusky",172,172,NA,NA,"Seen only in belly cam"
"466","8/19/2023",19H 39M 9S,6.486485717,112.5474754,"17","Dive",NA,14.704,"rosethorn",150,150,NA,NA,NA
"467","8/19/2023",19H 39M 16S,6.485290063,113.3089698,"17","Dive",NA,25.125,"rosethorn",150,150,NA,NA,NA
"468","8/19/2023",19H 39M 16S,6.485290063,113.3089698,"17","Dive",NA,131.663,"yelloweye",145,145,"AD","Fish moving quickly out of frame","no length - too far"
"469","8/19/2023",19H 39M 16S,6.485290063,113.3089698,"17","Dive",NA,79.756,"rosethorn",150,150,NA,NA,NA
"470","8/19/2023",19H 40M 19S,6.491632846,113.6661636,"17","Dive",NA,8.12,"tiger",148,148,NA,NA,NA
"471","8/19/2023",19H 40M 31S,6.486874547,114.118981,"17","Dive",NA,8.735,"rosethorn",150,150,NA,NA,NA
"472","8/19/2023",19H 40M 52S,6.490403175,114.2373975,"17","Dive",NA,26.943,"rosethorn",150,150,NA,NA,NA
"473","8/19/2023",19H 41M 34S,6.492007093,113.6094573,"17","Dive",NA,22.429,"rosethorn",150,150,NA,NA,NA
"474","8/19/2023",19H 41M 50S,6.490053229,113.6808962,"17","Dive",NA,99.914,"lingcod",130,130,NA,NA,"no length - partial view"
"475","8/19/2023",19H 42M 37S,6.492546592,113.0499005,"17","Dive",NA,18.55,"rosethorn",150,150,NA,NA,NA
"476","8/19/2023",19H 42M 51S,6.48833266,112.9237016,"17","Dive",NA,54.8,"rosethorn",150,150,NA,NA,NA
"477","8/19/2023",19H 43M 8S,6.484599888,113.1941675,"17","Dive",NA,48.787,"rosethorn",150,150,NA,NA,NA
"478","8/19/2023",19H 43M 43S,6.483627809,112.9975109,"17","Dive",NA,77.529,"yelloweye",145,145,"AD","Fish chasing other fish","no length - bad angle"
"479","8/19/2023",19H 44M 5S,6.485722637,113.2075102,"17","Dive",NA,30.689,"rosethorn",150,150,NA,NA,NA
"480","8/19/2023",19H 44M 33S,6.483647251,112.7182812,"17","Dive",NA,28.024,"rosethorn",150,150,NA,NA,NA
"481","8/19/2023",19H 45M 2S,6.481114982,112.9990317,"17","Dive",NA,30.909,"rosethorn",150,150,NA,NA,NA
"482","8/19/2023",19H 45M 38S,6.482300921,112.5175866,"17","Dive",NA,8.231,"rosethorn",150,150,NA,NA,NA
"483","8/19/2023",19H 45M 38S,6.482300921,112.5175866,"17","Dive",NA,25.064,"rosethorn",150,150,NA,NA,NA
"484","8/19/2023",19H 45M 57S,6.481907228,112.5906928,"17","Dive",NA,58.726,"rosethorn",150,150,NA,NA,NA
"485","8/19/2023",19H 46M 5S,6.482986237,112.5334309,"17","Dive",NA,18.846,"rosethorn",150,150,NA,NA,NA
"486","8/20/2023",7H 4M 4S,6.600863488,78.36733036,"18","Dive",NA,26.908,"rosethorn",150,150,NA,NA,NA
"487","8/20/2023",7H 6M 30S,6.606301645,78.98673101,"18","Dive",593.455,54.046,"yelloweye",145,145,"AD","Fish milling/hovering",NA
"488","8/20/2023",7H 6M 56S,6.603259391,78.93809616,"18","Dive",NA,25.198,"yelloweye",145,145,"AD","Attracted","no length - bad angle"
"489","8/20/2023",7H 6M 56S,6.603259391,78.93809616,"18","Dive",NA,21.624,"yelloweye",145,145,"AD","Attracted","no length - bad angle"
"490","8/20/2023",7H 7M 50S,6.599196559,81.07074525,"18","Dive",NA,60.342,"rosethorn",150,150,NA,NA,NA
"491","8/20/2023",7H 11M 31S,6.609431368,83.10788838,"18","Dive",NA,28.944,"rosethorn",150,150,NA,NA,NA
"492","8/20/2023",7H 12M 19S,6.607190993,83.67067838,"18","Dive",NA,40.262,"quillback",147,147,NA,NA,NA
"493","8/20/2023",7H 12M 19S,6.607190993,83.67067838,"18","Dive",NA,33.828,"rosethorn",150,150,NA,NA,NA
"494","8/20/2023",7H 12M 56S,6.606325944,84.51139329,"18","Dive",NA,20.998,"rosethorn",150,150,NA,NA,NA
"495","8/20/2023",7H 13M 22S,6.607638096,84.67008745,"18","Dive",418.242,66.59,"yelloweye",145,145,"AD","Fish milling/hovering",NA
"496","8/20/2023",7H 13M 32S,6.6064523,85.15895543,"18","Dive",NA,18.619,"rosethorn",150,150,NA,NA,NA
"497","8/20/2023",7H 17M 34S,6.599400673,84.03809106,"18","Dive",NA,41.061,"wolf eel",217,217,NA,NA,NA
"498","8/20/2023",7H 34M 39S,6.616084432,77.91281157,"18","Dive",NA,39.681,"rosethorn",150,150,NA,NA,NA
"499","8/20/2023",7H 35M 1S,6.615238829,76.58746103,"18","Dive",NA,96.356,"yelloweye",145,145,"AD","Passing","no length - too far"
"500","8/20/2023",7H 37M 9S,6.618130399,77.05858012,"18","Dive",NA,25.407,"rosethorn",150,150,NA,NA,NA
"501","8/20/2023",7H 37M 12S,6.621226071,76.95825471,"18","Dive",538.171,137.343,"yelloweye",145,145,"AD","Fish moving quickly out of frame",NA
"502","8/20/2023",7H 37M 40S,6.620395052,77.45738125,"18","Dive",NA,58.282,"rosethorn",150,150,NA,NA,NA
"503","8/20/2023",7H 37M 45S,6.617075827,77.29174664,"18","Dive",NA,12.841,"tiger",148,148,NA,NA,NA
"504","8/20/2023",7H 38M 46S,6.616103871,79.34301646,"18","Dive",NA,22.86,"rosethorn",150,150,NA,NA,NA
"505","8/20/2023",8H 21M 8S,6.547112254,114.7529812,"19","Dive",NA,21.641,"rosethorn",150,150,NA,NA,NA
"506","8/20/2023",8H 21M 14S,6.542388238,114.0965082,"19","Dive",NA,32.699,"rosethorn",150,150,NA,NA,NA
"507","8/20/2023",8H 21M 33S,6.53841266,113.9859706,"19","Dive",NA,22.661,"rosethorn",150,150,NA,NA,NA
"508","8/20/2023",8H 21M 58S,6.571115959,113.5559119,"19","Dive",NA,15.889,"rosethorn",150,150,NA,NA,NA
"509","8/20/2023",8H 22M 12S,6.581540564,113.324078,"19","Dive",NA,59.327,"rosethorn",150,150,NA,NA,NA
"510","8/20/2023",8H 23M 29S,6.594088839,110.8256206,"19","Dive",NA,54.246,"rosethorn",150,150,NA,NA,NA
"511","8/20/2023",8H 24M 2S,6.588820719,111.6204785,"19","Dive",NA,25.37,"rosethorn",150,150,NA,NA,NA
"512","8/20/2023",8H 24M 51S,6.568763726,111.4902423,"19","Dive",846.721,54.499,"lingcod",130,130,NA,NA,NA
"513","8/20/2023",8H 26M 26S,6.554898087,109.3048383,"19","Dive",NA,13.523,"rosethorn",150,150,NA,NA,NA
"514","8/20/2023",8H 30M 57S,6.602399199,104.4150435,"19","Dive",547.409,31.666,"yelloweye",145,145,"AD","Fish milling/hovering",NA
"515","8/20/2023",8H 30M 57S,6.602399199,104.4150435,"19","Dive",NA,41.482,"lingcod",130,130,NA,NA,"no length - bad angle"
"516","8/20/2023",8H 30M 57S,6.602399199,104.4150435,"19","Dive",NA,45.762,"lingcod",130,130,NA,NA,"no length - bad angle"
"517","8/20/2023",8H 31M 17S,6.579980524,104.6496413,"19","Dive",NA,51.994,"rosethorn",150,150,NA,NA,NA
"518","8/20/2023",8H 32M 3S,6.571825516,102.7282726,"19","Dive",NA,27.733,"rosethorn",150,150,NA,NA,NA
"519","8/20/2023",8H 32M 33S,6.579052276,101.7112366,"19","Dive",NA,62.327,"rosethorn",150,150,NA,NA,NA
"520","8/20/2023",8H 32M 58S,6.588597164,101.7217989,"19","Dive",NA,45.467,"rosethorn",150,150,NA,NA,NA
"521","8/20/2023",8H 33M 8S,6.592485078,101.217156,"19","Dive",NA,13.994,"dusky",172,172,NA,NA,NA
"522","8/20/2023",8H 33M 31S,6.597024201,100.6565248,"19","Dive",NA,38.355,"rosethorn",150,150,NA,NA,NA
"523","8/20/2023",8H 33M 54S,6.599901238,99.86825365,"19","Dive",NA,40.112,"rosethorn",150,150,NA,NA,NA
"524","8/20/2023",8H 34M 5S,6.60143209,99.47606521,"19","Dive",NA,82.509,"lingcod",130,130,NA,NA,"nolength - bad angle"
"525","8/20/2023",8H 34M 8S,6.600955825,99.45521893,"19","Dive",NA,21.677,"rosethorn",150,150,NA,NA,NA
"526","8/20/2023",8H 34M 44S,6.606510618,98.18415737,"19","Dive",NA,29.3,"rosethorn",150,150,NA,NA,NA
"527","8/20/2023",8H 34M 55S,6.610777536,97.18382566,"19","Dive",NA,74.898,"yelloweye",145,145,"AD","Fish milling/hovering","no length - partial view"
"528","8/20/2023",8H 35M 0S,6.608964826,97.4442615,"19","Dive",NA,36.237,"rosethorn",150,150,NA,NA,NA
"529","8/20/2023",8H 35M 23S,6.614616776,97.16270175,"19","Dive",NA,6.099,"rosethorn",150,150,NA,NA,"Seen better in belly cam"
"530","8/20/2023",8H 35M 26S,6.612352112,97.13574098,"19","Dive",NA,10.934,"lingcod",130,130,NA,NA,"no length - bad angle"
"531","8/20/2023",8H 35M 40S,6.614850046,96.72938426,"19","Dive",NA,37.086,"rosethorn",150,150,NA,NA,NA
"532","8/20/2023",8H 35M 45S,6.616108731,96.53215263,"19","Dive",NA,43.626,"rosethorn",150,150,NA,NA,NA
"533","8/20/2023",8H 35M 57S,6.612123701,96.3384246,"19","Dive",715.238,18.265,"lingcod",130,130,NA,NA,NA
"534","8/20/2023",8H 35M 58S,6.614675093,96.35249075,"19","Dive",NA,60.376,"rosethorn",150,150,NA,NA,NA
"535","8/20/2023",8H 36M 23S,6.616400318,95.66374527,"19","Dive",NA,11.343,"lingcod",130,130,NA,NA,"no length - bad angle"
"536","8/20/2023",8H 36M 40S,6.617075827,95.20357793,"19","Dive",NA,27.41,"lingcod",130,130,NA,NA,"no length - bad angle"
"537","8/20/2023",8H 38M 6S,6.645456597,92.04839814,"19","Dive",644.369,7.864,"yelloweye",145,145,"AD","Fish chasing other fish",NA
"538","8/20/2023",8H 38M 16S,6.656774699,91.44898579,"19","Dive",NA,29.992,"rosethorn",150,150,NA,NA,NA
"539","8/20/2023",8H 38M 42S,6.661211522,92.56323978,"19","Dive",NA,25.877,"lingcod",130,130,NA,NA,"no length - bad angle"
"540","8/20/2023",8H 38M 49S,6.650763337,92.84562622,"19","Dive",NA,60.786,"rosethorn",150,150,NA,NA,NA
"541","8/20/2023",8H 39M 26S,6.681422435,91.5685971,"19","Dive",NA,14.422,"rosethorn",150,150,NA,NA,NA
"542","8/20/2023",8H 39M 26S,6.681422435,91.5685971,"19","Dive",NA,57.276,"rosethorn",150,150,NA,NA,NA
"543","8/20/2023",8H 39M 29S,6.684061153,91.40127852,"19","Dive",NA,14.779,"rosethorn",150,150,NA,NA,NA
"544","8/20/2023",8H 39M 58S,6.704781947,90.54050795,"19","Dive",NA,15.053,"rosethorn",150,150,NA,NA,NA
"545","8/20/2023",8H 39M 59S,6.705880179,90.52522146,"19","Dive",NA,119.306,"rosethorn",150,150,NA,NA,NA
"546","8/20/2023",8H 40M 17S,6.705724677,90.1684472,"19","Dive",NA,36.314,"lingcod",130,130,NA,NA,"no length - bad angle"
"547","8/20/2023",8H 40M 34S,6.70983089,89.3552084,"19","Dive",NA,19.551,"rosethorn",150,150,NA,NA,NA
"548","8/20/2023",8H 40M 43S,6.711361605,88.95692865,"19","Dive",NA,54.254,"rosethorn",150,150,NA,NA,NA
"549","8/20/2023",8H 41M 6S,6.711726061,88.40198708,"19","Dive",NA,16.098,"rosethorn",150,150,NA,NA,NA
"550","8/20/2023",8H 41M 58S,6.752670835,86.39003989,"19","Dive",NA,46.742,"rosethorn",150,150,NA,NA,NA
"551","8/20/2023",8H 42M 18S,6.746509272,85.23116124,"19","Dive",NA,46.226,"rosethorn",150,150,NA,NA,NA
"552","8/20/2023",8H 42M 18S,6.746509272,85.23116124,"19","Dive",NA,72.994,"tiger",148,148,NA,NA,NA
"553","8/20/2023",8H 42M 38S,6.746625895,84.10277656,"19","Dive",61.937,221.769,"rosethorn",150,150,NA,NA,NA
"554","8/20/2023",8H 42M 40S,6.753730154,84.01884286,"19","Dive",NA,50.833,"rosethorn",150,150,NA,NA,NA
"555","8/20/2023",8H 43M 12S,6.796729147,80.38591048,"19","Dive",NA,48.562,"lingcod",130,130,NA,NA,"no length - partial view"
"556","8/20/2023",8H 44M 30S,6.946723812,71.96822406,"19","Dive",NA,33.078,"lingcod",130,130,NA,NA,"no length - bad angle"
"557","8/20/2023",8H 44M 55S,6.978898073,72.2153392,"19","Dive",NA,16.848,"rosethorn",150,150,NA,NA,NA
"558","8/20/2023",8H 45M 8S,6.973009371,72.39547993,"19","Dive",NA,68.818,"rosethorn",150,150,NA,NA,NA
"559","8/20/2023",8H 45M 31S,6.977926341,70.86948689,"19","Dive",NA,63.867,"lingcod",130,130,NA,NA,"no length - bad angle"
"560","8/20/2023",8H 46M 11S,6.976643654,69.67482112,"19","Dive",NA,88.039,"yelloweye",145,145,"AD","Fish chasing other fish","no length - bad angle"
"561","8/20/2023",8H 46M 13S,6.977148955,69.31354511,"19","Dive",NA,75.238,"wolf eel",217,217,NA,NA,NA
"562","8/20/2023",8H 46M 28S,6.975448422,67.33376849,"19","Dive",NA,22.764,"lingcod",130,130,NA,NA,"no length - bad angle"
"563","8/20/2023",8H 46M 42S,6.975380401,66.24051206,"19","Dive",1099.147,30.218,"lingcod",130,130,NA,NA,NA
"564","8/20/2023",8H 46M 44S,6.976799131,66.21828019,"19","Dive",493.889,53.931,"yelloweye",145,145,"AD","Passing",NA
"565","8/20/2023",8H 46M 54S,6.986608753,66.92442164,"19","Dive",NA,58.413,"lingcod",130,130,NA,NA,"no length - bad angle"
"566","8/20/2023",8H 47M 1S,7.004512793,67.69114897,"19","Dive",NA,196.919,"lingcod",130,130,NA,NA,"no length - bad viz"
"567","8/20/2023",8H 47M 56S,6.977610528,65.93768589,"19","Dive",981.939,75.042,"lingcod",130,130,NA,NA,NA
"568","8/20/2023",8H 47M 56S,6.977610528,65.93768589,"19","Dive",NA,33.041,"lingcod",130,130,NA,NA,"no length - bad angle"
"569","8/20/2023",8H 48M 25S,6.964093693,65.10899308,"19","Dive",208.484,31.096,"yelloweye",145,145,"JV","Passing",NA
"570","8/20/2023",8H 48M 54S,6.966299537,68.09526417,"19","Dive",NA,26.753,"yelloweye",145,145,"JV","Passing","no length - bad angle"
"571","8/20/2023",8H 49M 3S,6.965075148,67.78818212,"19","Dive",1132.274,26.64,"lingcod",130,130,NA,NA,NA
"572","8/20/2023",8H 49M 9S,6.966785405,67.19287301,"19","Dive",832.884,21.701,"lingcod",130,130,NA,NA,NA
"573","8/20/2023",8H 49M 41S,6.967334436,70.74420335,"19","Dive",NA,37.464,"yelloweye",145,145,"AD","Passing","no length - bad angle"
"574","8/20/2023",8H 49M 49S,6.965230626,73.00610592,"19","Dive",NA,44.432,"rosethorn",150,150,NA,NA,NA
"575","8/20/2023",8H 49M 49S,6.965230626,73.00610592,"19","Dive",NA,63.058,"rosethorn",150,150,NA,NA,NA
"576","8/20/2023",8H 50M 19S,6.964220019,75.34919471,"19","Dive",NA,48.016,"lingcod",130,130,NA,NA,"no length - bad angle"
"577","8/20/2023",8H 50M 28S,6.9629519,75.97534016,"19","Dive",NA,41.45,"rosethorn",150,150,NA,NA,NA
"578","8/20/2023",8H 50M 33S,6.96213564,76.07955903,"19","Dive",803.269,61.974,"lingcod",130,130,NA,NA,NA
"579","8/20/2023",8H 50M 33S,6.96213564,76.07955903,"19","Dive",NA,71.839,"lingcod",130,130,NA,NA,"no lenght - bad angle"
"580","8/20/2023",8H 50M 45S,6.963909062,76.49032107,"19","Dive",NA,30.546,"lingcod",130,130,NA,NA,"no length - bad angle"
"581","8/20/2023",8H 51M 2S,6.969447962,75.55596415,"19","Dive",NA,53.749,"rosethorn",150,150,NA,NA,NA
"582","8/20/2023",8H 51M 2S,6.969447962,75.55596415,"19","Dive",NA,47.679,"tiger",148,148,NA,NA,NA
"583","8/20/2023",8H 51M 46S,6.972873328,67.70282082,"19","Dive",NA,63.574,"rosethorn",150,150,NA,NA,NA
"584","8/20/2023",8H 52M 31S,6.962125923,66.22745083,"19","Dive",175.562,102.077,"yelloweye",145,145,"JV","Passing",NA
"585","8/20/2023",8H 52M 31S,6.962125923,66.22745083,"19","Dive",NA,29.803,"lingcod",130,130,NA,NA,"no length - partial view"
"586","8/20/2023",8H 53M 35S,6.953924433,75.28777535,"19","Dive",NA,27.139,"rosethorn",150,150,NA,NA,NA
"587","8/20/2023",8H 53M 41S,6.950367854,75.87584594,"19","Dive",583.254,215.358,"yelloweye",145,145,"AD","Passing",NA
"588","8/20/2023",8H 54M 11S,6.95159711,77.69343241,"19","Dive",NA,36.038,"rosethorn",150,150,NA,NA,NA
"589","8/20/2023",8H 54M 11S,6.95159711,77.69343241,"19","Dive",NA,39.4,"rosethorn",150,150,NA,NA,NA
"590","8/20/2023",8H 54M 13S,6.951752588,77.61033431,"19","Dive",803.447,27.135,"lingcod",130,130,NA,NA,NA
"591","8/20/2023",8H 54M 14S,6.950168647,77.61366935,"19","Dive",NA,54.458,"yelloweye",145,145,"AD","Passing","no length - bad angle"
"592","8/20/2023",8H 54M 20S,6.945169019,77.62951079,"19","Dive",NA,49.37,"rosethorn",150,150,NA,NA,NA
"593","8/20/2023",8H 54M 20S,6.945169019,77.62951079,"19","Dive",NA,39.571,"lingcod",130,130,NA,NA,"no length - partial view"
"594","8/20/2023",8H 54M 32S,6.943614225,77.69926873,"19","Dive",NA,24.784,"lingcod",130,130,NA,NA,"no length - bad angle"
"595","8/20/2023",8H 54M 43S,6.938123849,77.95189835,"19","Dive",NA,58.657,"lingcod",130,130,NA,NA,"no length - partial view"
"596","8/20/2023",8H 54M 56S,6.939581473,77.95961096,"19","Dive",NA,22.47,"lingcod",130,130,NA,NA,"no length - partial view"
"597","8/20/2023",8H 55M 11S,6.940222827,77.96183432,"19","Dive",780.969,27.876,"lingcod",130,130,NA,NA,NA
"598","8/20/2023",8H 55M 11S,6.940222827,77.96183432,"19","Dive",NA,48.052,"rosethorn",150,150,NA,NA,NA
"599","8/20/2023",8H 55M 16S,6.941544404,77.88596218,"19","Dive",NA,73.087,"rosethorn",150,150,NA,NA,NA
"600","8/20/2023",8H 55M 21S,6.943191515,77.54217574,"19","Dive",NA,89.569,"yelloweye",145,145,"AD","Passing","no length - bad angle"
"601","8/20/2023",8H 55M 22S,6.942350954,77.51327215,"19","Dive",NA,15.482,"tiger",148,148,NA,NA,NA
"602","8/20/2023",8H 55M 34S,6.945105856,77.6108218,"19","Dive",NA,91.095,"rosethorn",150,150,NA,NA,NA
"603","8/20/2023",8H 56M 40S,6.953239355,71.84499713,"19","Dive",NA,40.827,"rosethorn",150,150,NA,NA,NA
"604","8/20/2023",8H 56M 40S,6.953239355,71.84499713,"19","Dive",NA,26.556,"lingcod",130,130,NA,NA,"no length - partial view"
"605","8/20/2023",8H 56M 59S,6.955090524,69.95406545,"19","Dive",NA,76.484,"lingcod",130,130,NA,NA,"no length - partial view"
"606","8/20/2023",8H 57M 24S,6.950824574,68.87556863,"19","Dive",NA,25.051,"tiger",148,148,NA,NA,NA
"607","8/20/2023",8H 57M 29S,6.952170438,68.82165537,"19","Dive",856.876,28.793,"lingcod",130,130,NA,NA,NA
"608","8/20/2023",8H 57M 34S,6.951961513,68.80020908,"19","Dive",NA,51.573,"lingcod",130,130,NA,NA,"no length - partial view"
"609","8/20/2023",8H 57M 34S,6.951961513,68.80020908,"19","Dive",NA,58.118,"lingcod",130,130,NA,NA,"no length - partial view"
"610","8/20/2023",8H 58M 43S,6.95555696,76.92192814,"19","Dive",606.703,34.623,"lingcod",130,130,NA,NA,NA
"611","8/20/2023",8H 58M 43S,6.95555696,76.92192814,"19","Dive",677.941,62.765,"lingcod",130,130,NA,NA,NA
"612","8/20/2023",8H 58M 43S,6.95555696,76.92192814,"19","Dive",NA,58.831,"lingcod",130,130,NA,NA,"no length - partial view"
"613","8/20/2023",8H 58M 51S,6.950309549,77.13592568,"19","Dive",NA,32.67,"rosethorn",150,150,NA,NA,NA
"614","8/20/2023",10H 14M 3S,6.229975832,159.2281523,"20","Dive",NA,6.175,"yelloweye",145,145,"AD","Attracted","no length - facing camera"
"615","8/20/2023",10H 16M 4S,6.232231733,158.5564303,"20","Dive",NA,19.501,"rosethorn",150,150,NA,NA,NA
"616","8/20/2023",10H 16M 13S,6.234959225,158.0181452,"20","Dive",NA,11.619,"rosethorn",150,150,NA,NA,NA
"617","8/20/2023",11H 25M 32S,7.028625967,74.78745289,"21","Dive",NA,53.787,"rosethorn",150,150,NA,NA,NA
"618","8/20/2023",11H 25M 35S,7.029004935,74.54204757,"21","Dive",NA,80.042,"rosethorn",150,150,NA,NA,NA
"619","8/20/2023",11H 25M 35S,7.029004935,74.54204757,"21","Dive",NA,102.048,"rosethorn",150,150,NA,NA,NA
"620","8/20/2023",11H 25M 42S,7.029694852,74.64370296,"21","Dive",NA,38.617,"rosethorn",150,150,NA,NA,NA
"621","8/20/2023",11H 25M 42S,7.029694852,74.64370296,"21","Dive",NA,82.641,"lingcod",130,130,NA,NA,"no length - bad angle"
"622","8/20/2023",11H 26M 18S,7.02905838,76.02039869,"21","Dive",NA,25.332,"rosethorn",150,150,NA,NA,NA
"623","8/20/2023",11H 26M 50S,7.033528257,77.26542865,"21","Dive",NA,16.79,"rosethorn",150,150,NA,NA,NA
"624","8/20/2023",11H 27M 2S,7.032138709,76.93720015,"21","Dive",NA,13.493,"rosethorn",150,150,NA,NA,NA
"625","8/20/2023",11H 27M 26S,7.034052982,76.48022646,"21","Dive",NA,33.365,"lingcod",130,130,NA,NA,"no length - bad angle"
"626","8/20/2023",11H 28M 50S,7.035651447,75.91208822,"21","Dive",NA,117.205,"rosethorn",150,150,NA,NA,NA
"627","8/20/2023",11H 30M 7S,7.039339088,75.95537802,"21","Dive",NA,25.066,"lingcod",130,130,NA,NA,"no length - bad angle"
"628","8/20/2023",11H 30M 30S,7.043901263,75.94148201,"21","Dive",420.154,44.138,"yelloweye",145,145,"AD","Fish milling/hovering",NA
"629","8/20/2023",11H 30M 34S,7.041690626,75.66745306,"21","Dive",750.723,93.52,"yelloweye",145,145,"AD","Passing",NA
"630","8/20/2023",11H 30M 36S,7.043400833,75.61513938,"21","Dive",NA,34.496,"rosethorn",150,150,NA,NA,NA
"631","8/20/2023",11H 30M 46S,7.047214787,75.21694613,"21","Dive",NA,20.221,"lingcod",130,130,NA,NA,"no length - bad angle"
"632","8/20/2023",11H 30M 46S,7.047214787,75.21694613,"21","Dive",NA,23.635,"rosethorn",150,150,NA,NA,NA
"633","8/20/2023",11H 30M 53S,7.049721791,74.88316613,"21","Dive",NA,23.715,"rosethorn",150,150,NA,NA,NA
"634","8/20/2023",11H 31M 3S,7.049537167,74.47428704,"21","Dive",NA,46.276,"lingcod",130,130,NA,NA,"no length - bad angle"
"635","8/20/2023",11H 31M 32S,7.057330245,74.04351683,"21","Dive",NA,35.632,"rosethorn",150,150,NA,NA,NA
"636","8/20/2023",11H 31M 41S,7.05451716,73.25318556,"21","Dive",NA,43.871,"rosethorn",150,150,NA,NA,NA
"637","8/20/2023",11H 31M 48S,7.060915831,73.553552,"21","Dive",NA,51.975,"rosethorn",150,150,NA,NA,NA
"638","8/20/2023",11H 31M 55S,7.063320796,73.57550728,"21","Dive",NA,57.312,"rosethorn",150,150,NA,NA,NA
"639","8/20/2023",11H 31M 55S,7.063320796,73.57550728,"21","Dive",NA,63.799,"rosethorn",150,150,NA,NA,NA
"640","8/20/2023",11H 32M 12S,7.068626287,72.92357873,"21","Dive",NA,21.336,"lingcod",130,130,NA,NA,"no length - partial view"
"641","8/20/2023",11H 32M 20S,7.06640595,72.89523146,"21","Dive",NA,22.925,"lingcod",130,130,NA,NA,"no length - partial view"
"642","8/20/2023",11H 32M 20S,7.06640595,72.89523146,"21","Dive",NA,26.26,"yelloweye",145,145,"AD","Passing","no length - bad angle"
"643","8/20/2023",11H 32M 20S,7.06640595,72.89523146,"21","Dive",NA,83.644,"tiger",148,148,NA,NA,NA
"644","8/20/2023",11H 32M 20S,7.06640595,72.89523146,"21","Dive",NA,66.489,"rosethorn",150,150,NA,NA,NA
"645","8/20/2023",11H 32M 33S,7.064608301,72.02035975,"21","Dive",NA,19.74,"yelloweye",145,145,"AD","Fish moving quickly out of frame","no length - bad angle"
"646","8/20/2023",11H 32M 45S,7.074432195,69.53889853,"21","Dive",NA,72.895,"rosethorn",150,150,NA,NA,NA
"647","8/20/2023",11H 33M 5S,7.067052131,69.45413662,"21","Dive",NA,64.872,"rosethorn",150,150,NA,NA,NA
"648","8/20/2023",11H 33M 5S,7.067052131,69.45413662,"21","Dive",NA,44.448,"lingcod",130,130,NA,NA,"no length - partial view"
"649","8/20/2023",11H 33M 11S,7.070798038,69.44107496,"21","Dive",NA,48.803,"yelloweye",145,145,"AD","Fish moving quickly out of frame","no length - partial view"
"650","8/20/2023",11H 33M 21S,7.067377651,67.78642149,"21","Dive",343.723,27.91,"yelloweye",145,145,"SU","Passing",NA
"651","8/20/2023",11H 33M 28S,7.067882936,65.87250505,"21","Dive",436.157,18.908,"yelloweye",145,145,"SU","Passing",NA
"652","8/20/2023",11H 33M 33S,7.0666343,64.64168699,"21","Dive",NA,5.579,"black",142,142,NA,NA,"no length - bad angle"
"653","8/20/2023",11H 33M 33S,7.0666343,64.64168699,"21","Dive",NA,56.99,"black",142,142,NA,NA,"no length - bad angle"
"654","8/20/2023",11H 33M 36S,7.065643164,64.28847833,"21","Dive",NA,34.064,"black",142,142,NA,NA,"no length - bad angle"
"655","8/20/2023",11H 33M 41S,7.067066707,63.95111067,"21","Dive",NA,19.786,"yelloweye",145,145,"JV","Fish milling/hovering","no length - bad angle"
"656","8/20/2023",11H 33M 45S,7.066833498,63.30639049,"21","Dive",NA,4.8,"black",142,142,NA,NA,"no length - partial view"
"657","8/20/2023",11H 34M 4S,7.06971945,60.09589374,"21","Dive",NA,8.537,"quillback",147,147,NA,NA,NA
"658","8/20/2023",11H 34M 4S,7.06971945,60.09589374,"21","Dive",NA,9.968,"lingcod",130,130,NA,NA,"no length - partial view"
"659","8/20/2023",11H 34M 34S,7.080131206,61.69043427,"21","Dive",NA,25.134,"lingcod",130,130,NA,NA,"no length - partial view"
"660","8/20/2023",11H 34M 58S,7.086170302,63.50953262,"21","Dive",289.014,76.056,"yelloweye",145,145,"JV","Fish milling/hovering",NA
"661","8/20/2023",11H 35M 9S,7.0932491,65.72744082,"21","Dive",NA,26.417,"tiger",148,148,NA,NA,NA
"662","8/20/2023",11H 35M 9S,7.0932491,65.72744082,"21","Dive",NA,48.313,"rosethorn",150,150,NA,NA,NA
"663","8/20/2023",11H 35M 36S,7.087360629,61.45092274,"21","Dive",589.239,15.442,"black",142,142,NA,NA,NA
"664","8/20/2023",11H 35M 36S,7.087360629,61.45092274,"21","Dive",NA,12.315,"black",142,142,NA,NA,"no length - partial view"
"665","8/20/2023",11H 38M 16S,7.092330849,64.46414889,"21","Dive",NA,23.165,"rosethorn",150,150,NA,NA,NA
"666","8/20/2023",11H 38M 45S,7.09879747,63.77218231,"21","Dive",NA,55.32,"yelloweye",145,145,"AD","Passing","no length - partial view"
"667","8/20/2023",11H 39M 11S,7.094726075,63.66602549,"21","Dive",594.981,59.901,"lingcod",130,130,NA,NA,NA
"668","8/20/2023",11H 39M 19S,7.09664517,64.85515315,"21","Dive",NA,53.181,"rosethorn",150,150,NA,NA,NA
"669","8/20/2023",11H 39M 23S,7.104987147,65.53795418,"21","Dive",NA,157.029,"tiger",148,148,NA,NA,NA
"670","8/20/2023",11H 39M 34S,7.103510176,65.90617341,"21","Dive",NA,27.661,"rosethorn",150,150,NA,NA,NA
"671","8/20/2023",11H 39M 44S,7.098165869,66.12988442,"21","Dive",NA,27.313,"tiger",148,148,NA,NA,"Only seen in belly cam"
"672","8/20/2023",11H 40M 11S,7.090683827,65.39400156,"21","Dive",NA,24.276,"rosethorn",150,150,NA,NA,"Only seen in belly cam"
"673","8/20/2023",11H 40M 22S,7.090829581,65.94007742,"21","Dive",NA,2.433,"lingcod",130,130,NA,NA,"potentially following the ROV?"
"674","8/20/2023",11H 40M 22S,7.090829581,65.94007742,"21","Dive",NA,20.471,"lingcod",130,130,NA,NA,"no length - facing camera"
"675","8/20/2023",11H 40M 28S,7.089605246,65.9047839,"21","Dive",NA,33.449,"rosethorn",150,150,NA,NA,NA
"676","8/20/2023",11H 40M 51S,7.101148965,65.66773398,"21","Dive",506.865,145.422,"yelloweye",145,145,"AD","Passing",NA
"677","8/20/2023",11H 41M 11S,7.094249945,64.97659535,"21","Dive",NA,14.441,"tiger",148,148,NA,NA,NA
"678","8/20/2023",11H 41M 13S,7.097981248,65.02272673,"21","Dive",NA,35.487,"tiger",148,148,NA,NA,NA
"679","8/20/2023",11H 41M 22S,7.100585384,65.00633064,"21","Dive",NA,61.713,"tiger",148,148,NA,NA,NA
"680","8/20/2023",11H 41M 40S,7.098010399,65.84142234,"21","Dive",674.807,61.62,"lingcod",130,130,NA,NA,NA
"681","8/20/2023",11H 41M 41S,7.097534269,65.94369014,"21","Dive",206.03,24.952,"yelloweye",145,145,"JV","Passing",NA
"682","8/20/2023",11H 41M 49S,7.109199426,66.09903729,"21","Dive",NA,142.281,"yelloweye",145,145,"AD","Passing","no length - partial view"
"683","8/20/2023",11H 41M 58S,7.103753099,66.66067838,"21","Dive",NA,38.102,"rosethorn",150,150,NA,NA,NA
"684","8/20/2023",11H 42M 5S,7.106002564,66.72014966,"21","Dive",NA,49.358,"yelloweye",145,145,"AD","Attracted","no length - facing camera"
"685","8/20/2023",11H 42M 29S,7.101994337,67.81953896,"21","Dive",NA,17.973,"rosethorn",150,150,NA,NA,NA
"686","8/20/2023",11H 43M 21S,7.107017981,68.41231223,"21","Dive",424.291,68.545,"yelloweye",145,145,"AD","Passing",NA
"687","8/20/2023",11H 43M 24S,7.10900023,68.32310428,"21","Dive",NA,38.467,"rosethorn",150,150,NA,NA,NA
"688","8/20/2023",11H 43M 40S,7.105681906,67.03695968,"21","Dive",771.469,11.12,"lingcod",130,130,NA,NA,NA
"689","8/20/2023",11H 43M 43S,7.108203444,66.43974558,"21","Dive",875.094,7.106,"lingcod",130,130,NA,NA,NA
"690","8/20/2023",11H 44M 3S,7.107571845,64.38911621,"21","Dive",NA,64.494,"rosethorn",150,150,NA,NA,NA
"691","8/20/2023",11H 44M 14S,7.104234086,64.22960242,"21","Dive",NA,51.294,"tiger",148,148,NA,NA,NA
"692","8/20/2023",11H 44M 18S,7.105919971,64.54751858,"21","Dive",NA,27.317,"rosethorn",150,150,NA,NA,NA
"693","8/20/2023",11H 44M 18S,7.105919971,64.54751858,"21","Dive",NA,37.906,"rosethorn",150,150,NA,NA,NA
"694","8/20/2023",11H 44M 33S,7.107756466,64.31825204,"21","Dive",NA,76.143,"yelloweye",145,145,"JV","Passing","no length - bad viz"
"695","8/20/2023",11H 44M 37S,7.107484393,64.4371927,"21","Dive",NA,12.558,"yelloweye",145,145,"AD","Attracted","no length - facing camera"
"696","8/20/2023",11H 44M 43S,7.11138087,63.98366251,"21","Dive",NA,86.501,"tiger",148,148,NA,NA,NA
"697","8/20/2023",11H 44M 48S,7.11059866,63.55597818,"21","Dive",502.594,17.711,"black",142,142,NA,NA,NA
"698","8/20/2023",11H 45M 4S,7.109850458,61.17830989,"21","Dive",904.668,77.212,"lingcod",130,130,NA,NA,NA
"699","8/20/2023",11H 45M 4S,7.109850458,61.17830989,"21","Dive",NA,44.832,"lingcod",130,130,NA,NA,"no length - bad angle"
"700","8/20/2023",11H 45M 8S,7.110593801,60.66031912,"21","Dive",NA,35.046,"black",142,142,NA,NA,"no length - bad angle"
"701","8/20/2023",11H 45M 39S,7.113290239,60.10620446,"21","Dive",NA,22.593,"black",142,142,NA,NA,"no length - bad angle"
"702","8/20/2023",11H 45M 45S,7.114189052,59.97253921,"21","Dive",NA,56.125,"lingcod",130,130,NA,NA,"no length - bad angle"
"703","8/20/2023",11H 46M 5S,7.112148505,58.92434118,"21","Dive",NA,20.025,"lingcod",130,130,NA,NA,"no length - bad angle"
"704","8/20/2023",11H 46M 53S,7.120354414,60.52835071,"21","Dive",NA,15.973,"black",142,142,NA,NA,"no length - bad angle"
"705","8/20/2023",11H 46M 59S,7.121719634,59.97979308,"21","Dive",NA,12.587,"black",142,142,NA,NA,"no length - partial view"
"706","8/20/2023",11H 47M 11S,7.124663845,60.0220325,"21","Dive",805.084,39.744,"lingcod",130,130,NA,NA,NA
"707","8/20/2023",11H 47M 26S,7.12216661,61.03967278,"21","Dive",307.677,92.362,"yelloweye",145,145,"JV","Passing",NA
"708","8/20/2023",11H 47M 40S,7.118576225,63.004945,"21","Dive",NA,84.434,"tiger",148,148,NA,NA,NA
"709","8/20/2023",11H 48M 18S,7.122258921,59.56879307,"21","Dive",380.341,188.269,"yelloweye",145,145,"JV","Passing",NA
"710","8/20/2023",11H 48M 31S,7.120927709,59.87725139,"21","Dive",NA,26.437,"rosethorn",150,150,NA,NA,NA
"711","8/20/2023",11H 49M 43S,7.120310688,64.41722308,"21","Dive",495.497,211.25,"yelloweye",145,145,"AD","Passing",NA
"712","8/20/2023",11H 49M 43S,7.120310688,64.41722308,"21","Dive",NA,35.91,"rosethorn",150,150,NA,NA,NA
"713","8/20/2023",11H 49M 52S,7.124877616,65.52465662,"21","Dive",NA,57.5,"rosethorn",150,150,NA,NA,NA
"714","8/20/2023",11H 49M 59S,7.122312363,65.76281847,"21","Dive",NA,123.381,"lingcod",130,130,NA,NA,"no length - bad angle"
"715","8/20/2023",11H 50M 3S,7.126437173,65.84090896,"21","Dive",NA,36.958,"lingcod",130,130,NA,NA,"no length - bad angle"
"716","8/20/2023",11H 50M 8S,7.125280866,65.94039798,"21","Dive",NA,51.287,"yelloweye",145,145,"AD","Fish moving slowly into frame","no length - partial view"
"717","8/20/2023",11H 50M 8S,7.125280866,65.94039798,"21","Dive",NA,36.301,"rosethorn",150,150,NA,NA,NA
"718","8/20/2023",11H 50M 10S,7.126121375,65.95790583,"21","Dive",NA,111.702,"lingcod",130,130,NA,NA,"no length - bad angle"
"719","8/20/2023",11H 50M 14S,7.12390593,65.73224925,"21","Dive",NA,65.58,"rosethorn",150,150,NA,NA,NA
"720","8/20/2023",11H 50M 22S,7.122205478,64.15405254,"21","Dive",NA,24.466,"black",142,142,NA,NA,"no length - bad angle"
"721","8/20/2023",11H 50M 36S,7.122856508,60.60477101,"21","Dive",646.962,361.069,"yelloweye",145,145,"AD","Fish chasing other fish",NA
"722","8/20/2023",11H 50M 57S,7.12629142,61.27560407,"21","Dive",NA,6.073,"lingcod",130,130,NA,NA,"no length - bad angle"
"723","8/20/2023",11H 50M 57S,7.12629142,61.27560407,"21","Dive",NA,26.955,"lingcod",130,130,NA,NA,"no length - bad angle"
"724","8/20/2023",11H 50M 57S,7.12629142,61.27560407,"21","Dive",NA,44.489,"black",142,142,NA,NA,"no length - bad angle"
"725","8/20/2023",11H 50M 57S,7.12629142,61.27560407,"21","Dive",NA,39.08,"yelloweye",145,145,"SU","Passing","no length - bad angle"
"726","8/20/2023",11H 51M 18S,7.125688975,61.47902217,"21","Dive",NA,12.918,"yelloweye",145,145,"AD","Attracted","no length - bad angle"
"727","8/20/2023",11H 51M 24S,7.123760177,61.59629339,"21","Dive",NA,20.715,"dusky",172,172,NA,NA,NA
"728","8/20/2023",11H 51M 24S,7.123760177,61.59629339,"21","Dive",NA,65.356,"rosethorn",150,150,NA,NA,NA
"729","8/20/2023",11H 51M 26S,7.123716451,61.59796076,"21","Dive",206.4,42.293,"yelloweye",145,145,"JV","Fish milling/hovering",NA
"730","8/20/2023",11H 51M 57S,7.127355416,59.67216822,"21","Dive",NA,41.89,"yelloweye",145,145,"SU","Passing","no length - bad angle"
"731","8/20/2023",11H 52M 19S,7.129736046,58.90408156,"21","Dive",822.012,38.208,"lingcod",130,130,NA,NA,NA
"732","8/20/2023",11H 52M 53S,7.128628325,58.10987763,"21","Dive",510.682,26.243,"lingcod",130,130,NA,NA,NA
"733","8/20/2023",11H 53M 14S,7.130173305,59.01634867,"21","Dive",235.893,52.789,"yelloweye",145,145,"JV","Fish milling/hovering",NA
"734","8/20/2023",11H 53M 42S,7.139341147,60.08761478,"21","Dive",NA,56.707,"tiger",148,148,NA,NA,NA
"735","8/20/2023",11H 53M 48S,7.130639714,59.93533055,"21","Dive",315.397,24.065,"yelloweye",145,145,"AD","Fish resting on bottom",NA
"736","8/20/2023",11H 53M 54S,7.130761174,59.67994914,"21","Dive",NA,64.529,"yelloweye",145,145,"AD","Passing","no length - bad angle"
"737","8/20/2023",11H 54M 40S,7.131587107,58.27049654,"21","Dive",NA,30.538,"lingcod",130,130,NA,NA,"no length - partial view"
"738","8/20/2023",11H 55M 13S,7.132495632,56.18329845,"21","Dive",249.362,25.205,"yelloweye",145,145,"JV","Passing",NA
"739","8/20/2023",11H 55M 13S,7.132495632,56.18329845,"21","Dive",NA,31.783,"quillback",147,147,NA,NA,NA
"740","8/20/2023",11H 55M 17S,7.129527134,56.26499622,"21","Dive",NA,18.098,"yelloweye",145,145,"JV","Fish resting on bottom","no length - bad angle"
"741","8/20/2023",11H 55M 38S,7.134268957,56.7640761,"21","Dive",NA,27.933,"yelloweye",145,145,"SU","Fish resting on bottom","no length - bad angle"
"742","8/20/2023",11H 57M 33S,7.143266746,56.92608292,"21","Dive",NA,26.501,"quillback",147,147,NA,NA,NA
"743","8/20/2023",11H 59M 3S,7.161286568,57.2701275,"21","Dive",NA,33.769,"quillback",147,147,NA,NA,NA
"744","8/20/2023",12H 45M 23S,6.354896133,122.5381097,"22","Dive",475.111,7.27,"halibut",200,200,NA,NA,NA
"745","8/20/2023",12H 45M 52S,6.356339876,122.8967123,"22","Dive",NA,23.158,"halibut",200,200,NA,NA,"no length - bad angle"
"746","8/20/2023",12H 54M 54S,6.356023905,122.5295426,"22","Dive",NA,26.949,"halibut",200,200,NA,NA,"no length - bad angle"
"747","8/20/2023",12H 57M 17S,6.358157918,122.4906248,"22","Dive",NA,7.14,"halibut",200,200,NA,NA,"no length - bad angle"
"748","8/20/2023",12H 57M 45S,6.357871115,122.6754844,"22","Dive",NA,13.444,"halibut",200,200,NA,NA,"no length - bad angle"
"749","8/20/2023",13H 3M 47S,6.363208556,122.5287087,"22","Dive",NA,4.842,"halibut",200,200,NA,NA,"no length - bad angle"
"750","8/20/2023",13H 7M 0S,6.371068826,118.113823,"22","Dive",599.881,26.598,"yelloweye",145,145,"AD","Fish chasing other fish",NA
"751","8/20/2023",13H 7M 8S,6.368341802,118.3134103,"22","Dive",NA,14.508,"rosethorn",150,150,NA,NA,NA
"752","8/20/2023",13H 8M 31S,6.373518765,119.573763,"22","Dive",NA,96.827,"yelloweye",145,145,"AD","Fish moving slowly out of frame","no length - partial view"
"753","8/20/2023",13H 8M 35S,6.373849312,119.8328398,"22","Dive",NA,9.589,"rosethorn",150,150,NA,NA,"Only seen in belly cam"
"754","8/20/2023",15H 44M 37S,6.731780696,74.37847443,"23","Dive",NA,21.148,"yelloweye",145,145,"AD","Passing","no length - bad angle"
"755","8/20/2023",15H 44M 43S,6.76638362,74.24390588,"23","Dive",NA,52.89,"lingcod",130,130,NA,NA,"no length - bad angle"
"756","8/20/2023",15H 46M 39S,6.787540517,74.31888221,"23","Dive",654.354,135.027,"lingcod",130,130,NA,NA,NA
"757","8/20/2023",15H 46M 39S,6.787540517,74.31888221,"23","Dive",NA,79.657,"quillback",147,147,NA,NA,NA
"758","8/20/2023",15H 46M 49S,6.783949599,74.4767351,"23","Dive",NA,88.416,"yelloweye",145,145,"AD","Fish chasing other fish","no length - bad angle"
"759","8/20/2023",15H 47M 53S,6.793016772,75.39022866,"23","Dive",NA,38.701,"rosethorn",150,150,NA,NA,NA
"760","8/20/2023",15H 49M 43S,6.823599874,75.44531736,"23","Dive",NA,94.311,"lingcod",130,130,NA,NA,"no length - bad angle"
"761","8/20/2023",15H 49M 43S,6.823599874,75.44531736,"23","Dive",NA,124.102,"lingcod",130,130,NA,NA,"no length - bad angle"
"762","8/20/2023",15H 50M 39S,6.823410371,74.50041739,"23","Dive",NA,30.995,"tiger",148,148,NA,NA,NA
"763","8/20/2023",15H 51M 28S,6.828978825,73.63750668,"23","Dive",NA,17.899,"lingcod",130,130,NA,NA,"no length - bad angle"
"764","8/20/2023",15H 51M 36S,6.828167368,73.57936589,"23","Dive",634.906,69.076,"lingcod",130,130,NA,NA,NA
"765","8/20/2023",15H 51M 36S,6.828167368,73.57936589,"23","Dive",NA,54.675,"lingcod",130,130,NA,NA,"no length - bad angle"
"766","8/20/2023",15H 51M 39S,6.833055544,73.45325297,"23","Dive",601.87,26.884,"lingcod",130,130,NA,NA,NA
"767","8/20/2023",15H 51M 39S,6.833055544,73.45325297,"23","Dive",NA,39.271,"lingcod",130,130,NA,NA,"no length - facing camera"
"768","8/20/2023",15H 51M 39S,6.833055544,73.45325297,"23","Dive",NA,57.554,"lingcod",130,130,NA,NA,"no length - bad angle"
"769","8/20/2023",15H 51M 49S,6.832720272,73.01526921,"23","Dive",468.524,58.74,"yelloweye",145,145,"SU","Passing",NA
"770","8/20/2023",15H 52M 0S,6.827569707,72.79377666,"23","Dive",NA,34.753,"tiger",148,148,NA,NA,NA
"771","8/20/2023",15H 52M 24S,6.841369298,73.07029502,"23","Dive",NA,37.638,"lingcod",130,130,NA,NA,"no length - bad angle"
"772","8/20/2023",15H 53M 3S,6.843201136,72.53115417,"23","Dive",NA,34.843,"tiger",148,148,NA,NA,NA
"773","8/20/2023",15H 53M 11S,6.845985333,72.56894955,"23","Dive",NA,45.666,"yelloweye",145,145,"AD","Fish moving quickly out of frame","Seen only in belly cam"
"774","8/20/2023",15H 53M 40S,6.849585832,72.83407327,"23","Dive",531.531,55.197,"yelloweye",145,145,"AD","Passing",NA
"775","8/20/2023",15H 53M 56S,6.858730386,72.87692742,"23","Dive",189.11,48.193,"yelloweye",145,145,"JV","Fish milling/hovering",NA
"776","8/20/2023",15H 54M 24S,6.865158756,72.12685443,"23","Dive",NA,37.586,"tiger",148,148,NA,NA,NA
"777","8/20/2023",15H 55M 50S,6.864323021,71.64996675,"23","Dive",568.574,65.699,"yelloweye",145,145,"AD","Passing",NA
"778","8/20/2023",15H 55M 50S,6.864323021,71.64996675,"23","Dive",780.499,174.92,"lingcod",130,130,NA,NA,NA
"779","8/20/2023",15H 56M 26S,6.870469554,71.68192596,"23","Dive",NA,59.51,"lingcod",130,130,NA,NA,"no length - partial view"
"780","8/20/2023",15H 56M 28S,6.872364529,71.93259755,"23","Dive",710.513,19.516,"lingcod",130,130,NA,NA,NA
"781","8/20/2023",15H 56M 50S,6.869002162,73.082024,"23","Dive",896.126,128.217,"lingcod",130,130,NA,NA,NA
"782","8/20/2023",15H 56M 53S,6.862850765,73.06368201,"23","Dive",751.869,33.603,"lingcod",130,130,NA,NA,NA
"783","8/20/2023",15H 57M 20S,6.866776778,72.45117229,"23","Dive",695.103,134.455,"yelloweye",145,145,"AD","Passing",NA
"784","8/20/2023",15H 57M 20S,6.866776778,72.45117229,"23","Dive",NA,27.841,"lingcod",130,130,NA,NA,"no length - partial view"
"785","8/20/2023",15H 58M 10S,6.865100449,72.88081814,"23","Dive",NA,84.09,"lingcod",130,130,NA,NA,"no length - partial view"
"786","8/20/2023",15H 58M 46S,6.866941981,72.31138482,"23","Dive",NA,37.889,"yelloweye",145,145,"AD","Passing","no length - bad angle"
"787","8/20/2023",15H 58M 51S,6.864677723,72.26664173,"23","Dive",217.628,29.626,"yelloweye",145,145,"JV","Fish milling/hovering",NA
"788","8/20/2023",15H 59M 30S,6.867471603,71.40485376,"23","Dive",221.749,105.253,"yelloweye",145,145,"JV","Fish milling/hovering",NA
"789","8/20/2023",16H 0M 45S,6.865183051,72.01596957,"23","Dive",347.751,71.604,"yelloweye",145,145,"AD","Fish chasing other fish",NA
"790","8/20/2023",16H 1M 21S,6.861441675,71.37094927,"23","Dive",NA,27.319,"rosethorn",150,150,NA,NA,NA
"791","8/20/2023",16H 1M 43S,6.859201704,70.34520333,"23","Dive",529.823,177.449,"yelloweye",145,145,"AD","Passing",NA
"792","8/20/2023",16H 1M 47S,6.855722698,70.16401027,"23","Dive",NA,13.68,"yelloweye",145,145,"JV","Passing","no length - bad angle"
"793","8/20/2023",16H 1M 54S,6.863545592,70.74038284,"23","Dive",NA,125.705,"tiger",148,148,NA,NA,NA
"794","8/20/2023",16H 2M 5S,6.864439635,70.75316644,"23","Dive",NA,84.362,"rosethorn",150,150,NA,NA,NA
"795","8/20/2023",16H 3M 59S,6.855557494,72.23023588,"23","Dive",NA,69.519,"lingcod",130,130,NA,NA,"no length - partial view"
"796","8/20/2023",16H 4M 9S,6.855023009,72.52370621,"23","Dive",NA,44.783,"lingcod",130,130,NA,NA,"no length - partial view"
"797","8/20/2023",16H 4M 20S,6.854080372,72.85191566,"23","Dive",NA,25.678,"lingcod",130,130,NA,NA,NA
"798","8/20/2023",16H 4M 27S,6.852680992,72.75103494,"23","Dive",NA,93.068,"lingcod",130,130,NA,NA,"no length - partial view"
"799","8/20/2023",16H 4M 30S,6.851437098,72.82718181,"23","Dive",888.826,30.921,"lingcod",130,130,NA,NA,NA
"800","8/20/2023",16H 4M 30S,6.851437098,72.82718181,"23","Dive",NA,80.542,"lingcod",130,130,NA,NA,"no length - partial view"
"801","8/20/2023",16H 5M 21S,6.848720936,72.34217744,"23","Dive",NA,75.657,"lingcod",130,130,NA,NA,"no length - bad angle"
"802","8/20/2023",16H 5M 28S,6.847807449,71.87868367,"23","Dive",NA,45.165,"lingcod",130,130,NA,NA,"no length - bad angle"
"803","8/20/2023",16H 5M 29S,6.846155397,71.8191578,"23","Dive",NA,88.934,"yelloweye",145,145,"AD","Fish moving slowly into frame","no length - partial view"
"804","8/20/2023",16H 5M 57S,6.844313844,72.37663788,"23","Dive",672.482,194.218,"yelloweye",145,145,"AD","Fish milling/hovering",NA
"805","8/20/2023",16H 5M 57S,6.844313844,72.37663788,"23","Dive",NA,58.691,"lingcod",130,130,NA,NA,"no length - bad angle"
"806","8/20/2023",16H 7M 5S,6.844605383,72.44361345,"23","Dive",NA,63.432,"lingcod",130,130,NA,NA,"no length - bad angle"
"807","8/20/2023",16H 7M 52S,6.846126244,70.51717496,"23","Dive",NA,15.326,"lingcod",130,130,NA,NA,"no length - partial view"
"808","8/20/2023",16H 8M 44S,6.839775548,70.8773381,"23","Dive",NA,60.608,"rosethorn",150,150,NA,NA,NA
"809","8/20/2023",16H 8M 47S,6.839712381,71.36089187,"23","Dive",NA,74.535,"tiger",148,148,NA,NA,NA
"810","8/20/2023",16H 8M 52S,6.83918275,72.17487765,"23","Dive",NA,109.536,"quillback",147,147,NA,NA,NA
"811","8/20/2023",16H 8M 52S,6.83918275,72.17487765,"23","Dive",NA,108.317,"yelloweye",145,145,"AD","Passing","no length - too far away"
"812","8/20/2023",16H 8M 54S,6.840232293,72.30160305,"23","Dive",NA,78.498,"rosethorn",150,150,NA,NA,NA
"813","8/20/2023",16H 10M 7S,6.843060226,71.04630383,"23","Dive",264.472,43.819,"yelloweye",145,145,"JV","Fish milling/hovering",NA
"814","8/20/2023",16H 10M 45S,6.842652071,71.81526712,"23","Dive",NA,23.727,"rosethorn",150,150,NA,NA,NA
"815","8/20/2023",16H 11M 26S,6.84294361,73.98044707,"23","Dive",NA,68.527,"quillback",147,147,NA,NA,NA
"816","8/20/2023",16H 11M 26S,6.84294361,73.98044707,"23","Dive",NA,113.82,"lingcod",130,130,NA,NA,"no length - partial view"
"817","8/20/2023",16H 12M 57S,6.85353131,74.46317734,"23","Dive",985.038,69.83,"lingcod",130,130,NA,NA,NA
"818","8/20/2023",16H 12M 57S,6.85353131,74.46317734,"23","Dive",NA,11.627,"lingcod",130,130,NA,NA,"no length - bad angle"
"819","8/20/2023",16H 13M 22S,6.856883987,74.28781573,"23","Dive",NA,12.175,"quillback",147,147,NA,NA,NA
"820","8/20/2023",16H 44M 52S,6.499268433,94.85465394,"24","Dive",NA,11.178,"rosethorn",150,150,NA,NA,NA
"821","8/20/2023",16H 45M 0S,6.492391061,95.932409,"24","Dive",NA,26.836,"rosethorn",150,150,NA,NA,NA
"822","8/20/2023",16H 46M 38S,6.495666932,97.60902726,"24","Dive",NA,38.425,"lingcod",130,130,NA,NA,"no length - bad angle"
"823","8/20/2023",16H 47M 11S,6.492191786,97.85778826,"24","Dive",NA,56.111,"lingcod",130,130,NA,NA,"no length - bad view"
"824","8/20/2023",16H 47M 31S,6.487875785,98.08320221,"24","Dive",812.974,68.729,"lingcod",130,130,NA,NA,NA
"825","8/20/2023",16H 47M 31S,6.487875785,98.08320221,"24","Dive",NA,48.3,"lingcod",130,130,NA,NA,"no length - bad angle"
"826","8/20/2023",16H 50M 49S,6.4949233,97.78207561,"24","Dive",779.248,17.799,"lingcod",130,130,NA,NA,NA
"827","8/20/2023",16H 53M 26S,6.477216928,94.42471488,"24","Dive",728.178,54.81,"lingcod",130,130,NA,NA,NA
"828","8/20/2023",16H 53M 33S,6.464599178,94.7646334,"24","Dive",NA,27.793,"rosethorn",150,150,NA,NA,NA
"829","8/20/2023",16H 53M 33S,6.464599178,94.7646334,"24","Dive",NA,46.423,"rosethorn",150,150,NA,NA,NA
"830","8/20/2023",16H 53M 49S,6.466237162,94.58703074,"24","Dive",NA,37.903,"rosethorn",150,150,NA,NA,NA
"831","8/20/2023",16H 53M 59S,6.463291705,94.24905818,"24","Dive",NA,31.813,"lingcod",130,130,NA,NA,"no length - bad angle"
"832","8/20/2023",16H 54M 8S,6.463607637,93.8474388,"24","Dive",NA,42.919,"lingcod",130,130,NA,NA,"no length - bad angle"
"833","8/20/2023",16H 54M 25S,6.465576136,92.94599234,"24","Dive",498.507,79.503,"lingcod",130,130,NA,NA,NA
"834","8/20/2023",16H 54M 25S,6.465576136,92.94599234,"24","Dive",824.513,138.457,"yelloweye",145,145,"AD","Passing",NA
"835","8/20/2023",16H 54M 25S,6.465576136,92.94599234,"24","Dive",NA,85.898,"yelloweye",145,145,"AD","Passing","no length - bad angle"
"836","8/20/2023",16H 54M 29S,6.462873702,93.35715886,"24","Dive",587.1,18.026,"yelloweye",145,145,"AD","Passing",NA
"837","8/20/2023",16H 54M 43S,6.462898004,93.34353999,"24","Dive",NA,18.669,"lingcod",130,130,NA,NA,"no length - partial view"
"838","8/20/2023",16H 55M 18S,6.473085557,92.45331355,"24","Dive",701.693,20.725,"lingcod",130,130,NA,NA,NA
"839","8/20/2023",16H 55M 18S,6.473085557,92.45331355,"24","Dive",NA,17.861,"lingcod",130,130,NA,NA,"no length - bad angle"
"840","8/20/2023",16H 56M 9S,6.477304416,91.5544764,"24","Dive",NA,13.124,"lingcod",130,130,NA,NA,"no length - bad angle"
"841","8/20/2023",16H 56M 25S,6.479117353,91.49611053,"24","Dive",624.587,21.827,"yelloweye",145,145,"AD","Fish chasing other fish",NA
"842","8/20/2023",16H 56M 25S,6.479117353,91.49611053,"24","Dive",572.999,148.726,"yelloweye",145,145,"AD","Passing",NA
"843","8/20/2023",16H 56M 53S,6.475253314,91.37465401,"24","Dive",NA,21.877,"rosethorn",150,150,NA,NA,NA
"844","8/20/2023",16H 57M 29S,6.488352101,90.8913303,"24","Dive",762.101,45.389,"lingcod",130,130,NA,NA,NA
"845","8/20/2023",16H 57M 33S,6.4867822,91.00278089,"24","Dive",655.672,143.997,"yelloweye",145,145,"AD","Fish chasing other fish",NA
"846","8/20/2023",16H 57M 48S,6.493912349,91.39188583,"24","Dive",NA,12.816,"lingcod",130,130,NA,NA,"no length - bad angle"
"847","8/20/2023",16H 58M 14S,6.479831834,91.08532664,"24","Dive",NA,56.043,"lingcod",130,130,NA,NA,"no length - bad angle"
"848","8/20/2023",16H 58M 51S,6.482500197,90.95414284,"24","Dive",NA,53.723,"yelloweye",145,145,"AD","Fish chasing other fish","no length - bad angle"
"849","8/20/2023",16H 59M 13S,6.477907108,90.26404012,"24","Dive",NA,62.197,"yelloweye",145,145,"AD","Fish chasing other fish","no length - bad angle"
"850","8/20/2023",16H 59M 51S,6.479676301,90.38716333,"24","Dive",NA,21.484,"lingcod",130,130,NA,NA,"no length - bad angle"
"851","8/20/2023",16H 59M 55S,6.480001948,90.41356674,"24","Dive",NA,26.855,"yelloweye",145,145,"AD","Fish chasing other fish","no length - bad angle"
"852","8/20/2023",16H 59M 57S,6.477387043,90.47943632,"24","Dive",NA,24.804,"lingcod",130,130,NA,NA,"no length - partial view"
"853","8/20/2023",17H 0M 13S,6.477863365,90.77571083,"24","Dive",NA,22.972,"rosethorn",150,150,NA,NA,NA
"854","8/20/2023",17H 0M 22S,6.476045565,90.49110942,"24","Dive",520.291,177.388,"yelloweye",145,145,"AD","Passing",NA
"855","8/20/2023",17H 1M 16S,6.489533171,90.80128051,"24","Dive",NA,36.641,"yelloweye",145,145,"AD","Fish chasing other fish","Chasing fish with lingcod! No length - bad angle"
"856","8/20/2023",17H 1M 16S,6.489533171,90.80128051,"24","Dive",NA,35.98,"lingcod",130,130,NA,NA,"No length - bad angle"
"857","8/20/2023",17H 2M 30S,6.512478686,90.66518876,"24","Dive",NA,25.638,"yelloweye",145,145,"AD","Fish milling/hovering","No length - bad angle"
"858","8/20/2023",17H 2M 30S,6.512478686,90.66518876,"24","Dive",NA,65.631,"rosethorn",150,150,NA,NA,NA
"859","8/20/2023",17H 2M 43S,6.510233247,91.04484404,"24","Dive",NA,10.43,"lingcod",130,130,NA,NA,"No length - bad angle"
"860","8/20/2023",17H 2M 53S,6.514787303,91.03289294,"24","Dive",NA,27.345,"rosethorn",150,150,NA,NA,NA
"861","8/20/2023",17H 3M 9S,6.520449468,91.09181463,"24","Dive",NA,17.048,"rosethorn",150,150,NA,NA,NA
"862","8/20/2023",17H 3M 57S,6.523292689,91.39847106,"24","Dive",170.289,60.429,"yelloweye",145,145,"JV","Passing",NA
"863","8/20/2023",17H 4M 21S,6.532390943,90.79396631,"24","Dive",NA,11.815,"tiger",148,148,NA,NA,NA
"864","8/20/2023",17H 5M 2S,6.512400921,90.68918574,"24","Dive",NA,25.548,"yelloweye",145,145,"AD","Fish milling/hovering","No length - bad angle"
"865","8/20/2023",17H 5M 21S,6.517436131,90.34862479,"24","Dive",NA,30.617,"rosethorn",150,150,NA,NA,NA
"866","8/20/2023",17H 5M 49S,6.518826155,91.03650606,"24","Dive",NA,14.901,"lingcod",130,130,NA,NA,"No length - bad angle"
"867","8/20/2023",17H 6M 47S,6.543199876,90.42681771,"24","Dive",NA,20.105,"rosethorn",150,150,NA,NA,NA
"868","8/20/2023",17H 7M 45S,6.539025036,89.90875336,"24","Dive",NA,45.421,"yelloweye",145,145,"AD","Fish moving slowly into frame","No length - partial view"
"869","8/20/2023",17H 7M 49S,6.535336194,90.04104859,"24","Dive",NA,33.257,"lingcod",130,130,NA,NA,"No length - not in view in right cam"
"870","8/20/2023",17H 7M 56S,6.535389655,90.18918604,"24","Dive",NA,16.746,"rosethorn",150,150,NA,NA,NA
"871","8/20/2023",17H 8M 25S,6.533814968,89.98601821,"24","Dive",NA,26.269,"lingcod",130,130,NA,NA,"No length - partial view"
"872","8/20/2023",17H 8M 59S,6.548652901,90.26320993,"24","Dive",NA,28.26,"lingcod",130,130,NA,NA,"No length - partial view"
"873","8/20/2023",17H 9M 12S,6.540191466,90.48138698,"24","Dive",NA,52.05,"lingcod",130,130,NA,NA,"No length - bad angle"
"874","8/20/2023",17H 9M 20S,6.539783215,90.56828516,"24","Dive",NA,125.817,"yelloweye",145,145,"AD","Passing","No length - partial view"
"875","8/20/2023",17H 9M 40S,6.523278108,90.45665097,"24","Dive",521.266,7.495,"yelloweye",145,145,"AD","Fish chasing other fish",NA
"876","8/20/2023",17H 9M 40S,6.523278108,90.45665097,"24","Dive",NA,6.003,"yelloweye",145,145,"AD","Fish chasing other fish","No length - partial view"
"877","8/20/2023",17H 10M 53S,6.504580745,91.0787518,"24","Dive",NA,24.833,"lingcod",130,130,NA,NA,"No length - bad angle"
"878","8/20/2023",17H 11M 7S,6.504284267,90.76218698,"24","Dive",NA,44.785,"rosethorn",150,150,NA,NA,NA
"879","8/20/2023",17H 12M 55S,6.487224495,91.26163152,"24","Dive",NA,41.991,"lingcod",130,130,NA,NA,"No length - bad angle"
"880","8/20/2023",17H 13M 12S,6.477163463,91.37910093,"24","Dive",NA,21.61,"rosethorn",150,150,NA,NA,NA
"881","8/20/2023",17H 13M 15S,6.472973766,91.23235268,"24","Dive",NA,19.282,"lingcod",130,130,NA,NA,"No length - bad angle"
"882","8/20/2023",17H 13M 24S,6.466591977,91.58977386,"24","Dive",NA,50.922,"lingcod",130,130,NA,NA,"No length - partial view"
"883","8/20/2023",17H 13M 24S,6.466591977,91.58977386,"24","Dive",NA,31.829,"lingcod",130,130,NA,NA,"No length - bad angle"
"884","8/20/2023",17H 13M 58S,6.449837751,92.21512397,"24","Dive",NA,25.23,"lingcod",130,130,NA,NA,"No length - bad angle"
"885","8/20/2023",17H 14M 14S,6.434332412,93.04966199,"24","Dive",NA,16.141,"lingcod",130,130,NA,NA,"No length - bad angle"
"886","8/20/2023",17H 14M 14S,6.434332412,93.04966199,"24","Dive",NA,30.197,"tiger",148,148,NA,NA,NA
"887","8/20/2023",17H 14M 14S,6.434332412,93.04966199,"24","Dive",NA,36.253,"lingcod",130,130,NA,NA,"No length - bad angle"
"888","8/20/2023",17H 14M 14S,6.434332412,93.04966199,"24","Dive",NA,20.732,"yelloweye",145,145,"AD","Fish chasing other fish","No length - bad angle"
"889","8/20/2023",17H 14M 25S,6.420323914,93.60914581,"24","Dive",NA,24.083,"lingcod",130,130,NA,NA,"No length - partial view"
"890","8/20/2023",17H 14M 50S,6.405211796,94.24996469,"24","Dive",NA,34.27,"lingcod",130,130,NA,NA,"No length - bad angle"
"891","8/20/2023",17H 15M 0S,6.388242558,94.62017635,"24","Dive",483.297,25.268,"yelloweye",145,145,"AD","Passing",NA
"892","8/20/2023",17H 15M 0S,6.388242558,94.62017635,"24","Dive",NA,39.048,"rosethorn",150,150,NA,NA,NA
"893","8/20/2023",17H 15M 4S,6.38436355,94.58432248,"24","Dive",NA,25.909,"lingcod",130,130,NA,NA,"No length - bad angle"
"894","8/20/2023",17H 15M 14S,6.390337603,95.27739413,"24","Dive",816.275,41.648,"lingcod",130,130,NA,NA,NA
"895","8/20/2023",17H 15M 35S,6.367889727,96.22238474,"24","Dive",NA,21.153,"rosethorn",150,150,NA,NA,NA
"896","8/20/2023",17H 15M 35S,6.367889727,96.22238474,"24","Dive",NA,32.13,"rosethorn",150,150,NA,NA,NA
"897","8/20/2023",17H 15M 36S,6.368789015,96.23200592,"24","Dive",NA,25.187,"rosethorn",150,150,NA,NA,NA
"898","8/20/2023",17H 16M 49S,6.371214656,96.75675496,"24","Dive",NA,28.192,"lingcod",130,130,NA,NA,"No length - bad angle"
"899","8/20/2023",17H 17M 20S,6.363952296,100.7648566,"24","Dive",NA,18.566,"tiger",148,148,NA,NA,NA
