"","Time","dive_number","Transect.No","Length..mm.","Precision..mm.","Genus","Species","Code","Stage","Activity","Dive_Id","Date","Temperature"
"1",13:28:40,"01",1,NA,10.757,"spiny dogfish",691,691,NA,NA,"eykt_1","5/10/2017",NA
"2",13:29:09,"01",1,NA,21.057,"spiny dogfish",691,691,NA,NA,"eykt_1","5/10/2017",NA
"3",13:31:40,"01",1,NA,2.707,"Dover sole",124,124,NA,NA,"eykt_1","5/10/2017",NA
"4",13:38:44,"01",1,NA,7.041,"yelloweye",145,145,"AD","Fish moving slowly into frame","eykt_1","5/10/2017",NA
"5",13:38:48,"01",1,523.997,11.345,"yelloweye",145,145,"AD",NA,"eykt_1","5/10/2017",NA
"6",13:39:46,"01",1,NA,101.631,"canary",146,146,NA,NA,"eykt_1","5/10/2017",NA
"7",13:41:43,"01",1,NA,33.854,"red tree coral",10001,10001,NA,NA,"eykt_1","5/10/2017",NA
"8",13:45:40,"01",1,NA,21.621,"rosethorn",150,150,NA,NA,"eykt_1","5/10/2017",NA
"9",13:47:06,"01",1,NA,11.1,"rosethorn",150,150,NA,NA,"eykt_1","5/10/2017",NA
"10",13:56:59,"01",1,NA,48.508,"spiny dogfish",691,691,NA,NA,"eykt_1","5/10/2017",NA
"11",13:59:26,"01",1,NA,146.838,"yelloweye",145,145,"AD","Fish milling/hovering","eykt_1","5/10/2017",NA
"12",13:59:39,"01",1,560.139,11.72,"yelloweye",145,145,"AD",NA,"eykt_1","5/10/2017",NA
"13",13:59:44,"01",1,NA,34.271,"rosethorn",150,150,NA,NA,"eykt_1","5/10/2017",NA
"14",14:00:44,"01",1,NA,5.943,"yelloweye",145,145,"AD","Fish seeking cover","eykt_1","5/10/2017",NA
"15",14:01:30,"01",1,NA,36.96,"rosethorn",150,150,NA,NA,"eykt_1","5/10/2017",NA
"16",14:01:47,"01",1,NA,20.07,"rosethorn",150,150,NA,NA,"eykt_1","5/10/2017",NA
"17",14:02:46,"01",1,NA,17.745,"rosethorn",150,150,NA,NA,"eykt_1","5/10/2017",NA
"18",14:05:09,"01",1,NA,25.671,"dusky",172,172,NA,NA,"eykt_1","5/10/2017",NA
"19",14:05:16,"01",1,NA,14.593,"dusky",172,172,NA,NA,"eykt_1","5/10/2017",NA
"20",14:09:47,"01",1,NA,27.599,"rosethorn",150,150,NA,NA,"eykt_1","5/10/2017",NA
"21",13:44:39,"01",1,NA,9.206,"rosethorn",150,150,NA,NA,"eykt_1","5/10/2017",NA
"22",13:38:53,"01",1,NA,NA,"rosethorn",150,150,NA,NA,"eykt_1","5/10/2017",NA
"23",14:03:37,"01",1,NA,NA,"tiger",148,148,NA,NA,"eykt_1","5/10/2017",NA
"24",14:05:57,"01",1,NA,NA,"rosethorn",150,150,NA,NA,"eykt_1","5/10/2017",NA
"25",16:22:39,"10",1,NA,67.999,"yelloweye",145,145,"SU","Fish milling/hovering","eykt_10","5/11/2017",NA
"26",16:22:43,"10",1,216.869,57.759,"yelloweye",145,145,"SU",NA,"eykt_10","5/11/2017",NA
"27",16:22:43,"10",1,NA,45.518,"silvergray",157,157,NA,NA,"eykt_10","5/11/2017",NA
"28",16:23:44,"10",1,NA,103.784,"yelloweye",145,145,"JV","Fish milling/hovering","eykt_10","5/11/2017",NA
"29",16:26:02,"10",1,NA,13.116,"lingcod",130,130,NA,NA,"eykt_10","5/11/2017",NA
"30",16:26:18,"10",1,NA,19.826,"tiger",148,148,NA,NA,"eykt_10","5/11/2017",NA
"31",16:28:33,"10",1,NA,22.621,"yelloweye",145,145,"JV","Fish milling/hovering","eykt_10","5/11/2017",NA
"32",16:32:37,"10",1,NA,38.679,"rosethorn",150,150,NA,NA,"eykt_10","5/11/2017",NA
"33",16:35:17,"10",1,NA,37.266,"yelloweye",145,145,"SU","Fish milling/hovering","eykt_10","5/11/2017",NA
"34",16:37:12,"10",1,NA,74.555,"silvergray",157,157,NA,NA,"eykt_10","5/11/2017",NA
"35",16:37:12,"10",1,NA,64.9,"rosethorn",150,150,NA,NA,"eykt_10","5/11/2017",NA
"36",16:38:43,"10",1,NA,71.012,"rosethorn",150,150,NA,NA,"eykt_10","5/11/2017",NA
"37",16:38:52,"10",1,NA,62.271,"lingcod",130,130,NA,NA,"eykt_10","5/11/2017",NA
"38",16:38:54,"10",1,640.7,82.165,"lingcod",130,130,NA,NA,"eykt_10","5/11/2017",NA
"39",16:39:14,"10",1,NA,19.442,"yelloweye",145,145,"JV","Fish milling/hovering","eykt_10","5/11/2017",NA
"40",16:39:14,"10",1,143.687,23.212,"yelloweye",145,145,"JV",NA,"eykt_10","5/11/2017",NA
"41",16:39:17,"10",1,NA,40.998,"silvergray",157,157,NA,NA,"eykt_10","5/11/2017",NA
"42",16:39:35,"10",1,NA,67.221,"silvergray",157,157,NA,NA,"eykt_10","5/11/2017",NA
"43",16:40:39,"10",1,NA,18.526,"yelloweye",145,145,"AD","Fish moving slowly into frame","eykt_10","5/11/2017",NA
"44",16:47:16,"10",1,NA,45.179,"rosethorn",150,150,NA,NA,"eykt_10","5/11/2017",NA
"45",16:50:18,"10",1,NA,46.636,"yelloweye",145,145,"JV","Fish milling/hovering","eykt_10","5/11/2017",NA
"46",16:50:20,"10",1,NA,61.885,"yelloweye",145,145,"JV","Fish milling/hovering","eykt_10","5/11/2017",NA
"47",16:50:21,"10",1,241.76,61.411,"yelloweye",145,145,"JV",NA,"eykt_10","5/11/2017",NA
"48",16:50:27,"10",1,245.521,20.663,"yelloweye",145,145,"JV",NA,"eykt_10","5/11/2017",NA
"49",16:51:41,"10",1,NA,48.228,"silvergray",157,157,NA,NA,"eykt_10","5/11/2017",NA
"50",16:52:04,"10",1,NA,79.232,"rosethorn",150,150,NA,NA,"eykt_10","5/11/2017",NA
"51",16:52:31,"10",1,NA,39.244,"rosethorn",150,150,NA,NA,"eykt_10","5/11/2017",NA
"52",16:53:01,"10",1,NA,79.64,"tiger",148,148,NA,NA,"eykt_10","5/11/2017",NA
"53",16:53:04,"10",1,NA,123.42,"yelloweye",145,145,"AD","Fish chasing other fish","eykt_10","5/11/2017",NA
"54",16:53:08,"10",1,495.842,69.931,"yelloweye",145,145,"AD",NA,"eykt_10","5/11/2017",NA
"55",16:54:21,"10",1,NA,34.336,"yelloweye",145,145,"JV","Fish milling/hovering","eykt_10","5/11/2017",NA
"56",16:54:22,"10",1,192.809,71.876,"yelloweye",145,145,"JV",NA,"eykt_10","5/11/2017",NA
"57",16:28:48,"10",1,NA,15.014,"tiger",148,148,NA,NA,"eykt_10","5/11/2017",NA
"58",16:44:49,"10",1,NA,35.417,"yelloweye",145,145,"JV","Fish milling/hovering","eykt_10","5/11/2017",NA
"59",16:44:50,"10",1,137.131,38.999,"yelloweye",145,145,"JV",NA,"eykt_10","5/11/2017",NA
"60",16:49:55,"10",1,NA,50.157,"yelloweye",145,145,"JV","Fish milling/hovering","eykt_10","5/11/2017",NA
"61",16:54:21,"10",1,NA,483.127,"yelloweye",145,145,"JV","Fish milling/hovering","eykt_10","5/11/2017",NA
"62",16:42:18,"10",1,NA,NA,"yelloweye",145,145,"AD","Fish moving slowly into frame","eykt_10","5/11/2017",NA
"63",16:53:08,"10",1,NA,NA,"tiger",148,148,NA,NA,"eykt_10","5/11/2017",NA
"64",16:35:46,"10",1,NA,33.364,"tiger",148,148,NA,NA,"eykt_10","5/11/2017",NA
"65",17:26:08,"11",1,NA,41.513,"rosethorn",150,150,NA,NA,"eykt_11","5/11/2017",NA
"66",17:26:25,"11",1,NA,19.558,"silvergray",157,157,NA,NA,"eykt_11","5/11/2017",NA
"67",17:30:50,"11",1,NA,22.433,"yelloweye",145,145,"JV","Fish milling/hovering","eykt_11","5/11/2017",NA
"68",17:31:45,"11",1,NA,57.779,"yelloweye",145,145,"JV","Fish milling/hovering","eykt_11","5/11/2017",NA
"69",17:31:56,"11",1,NA,6.811,"yelloweye",145,145,"JV","Fish moving quickly into frame","eykt_11","5/11/2017",NA
"70",17:31:56,"11",1,195.945,8.75,"yelloweye",145,145,"JV",NA,"eykt_11","5/11/2017",NA
"71",17:38:23,"11",1,NA,14.806,"rosethorn",150,150,NA,NA,"eykt_11","5/11/2017",NA
"72",17:39:31,"11",1,NA,10.679,"yelloweye",145,145,"JV","Fish seeking cover","eykt_11","5/11/2017",NA
"73",17:40:30,"11",1,NA,12.375,"box crab",900,900,NA,NA,"eykt_11","5/11/2017",NA
"74",17:41:09,"11",1,NA,16.364,"yelloweye",145,145,"JV","Fish milling/hovering","eykt_11","5/11/2017",NA
"75",17:41:28,"11",1,NA,33.793,"yelloweye",145,145,"JV","Fish milling/hovering","eykt_11","5/11/2017",NA
"76",17:42:14,"11",1,NA,35.402,"tiger",148,148,NA,NA,"eykt_11","5/11/2017",NA
"77",17:44:57,"11",1,NA,54.703,"rosethorn",150,150,NA,NA,"eykt_11","5/11/2017",NA
"78",17:46:32,"11",1,NA,49.538,"quillback",147,147,NA,NA,"eykt_11","5/11/2017",NA
"79",17:52:27,"11",1,NA,22.914,"yelloweye",145,145,"SU","Fish milling/hovering","eykt_11","5/11/2017",NA
"80",17:55:19,"11",1,NA,55.995,"tiger",148,148,NA,NA,"eykt_11","5/11/2017",NA
"81",17:55:35,"11",1,NA,68.601,"yelloweye",145,145,"AD","Chase other","eykt_11","5/11/2017",NA
"82",17:55:36,"11",1,622.395,66.479,"yelloweye",145,145,"AD",NA,"eykt_11","5/11/2017",NA
"83",17:58:18,"11",1,NA,37.394,"yelloweye",145,145,"JV","Fish milling/hovering","eykt_11","5/11/2017",NA
"84",17:58:23,"11",1,235.344,10.405,"yelloweye",145,145,"JV",NA,"eykt_11","5/11/2017",NA
"85",18:00:51,"11",1,NA,34.493,"silvergray",157,157,NA,NA,"eykt_11","5/11/2017",NA
"86",18:01:41,"11",1,NA,37.085,"yelloweye",145,145,"JV","Fish milling/hovering","eykt_11","5/11/2017",NA
"87",18:01:42,"11",1,301.776,46.361,"yelloweye",145,145,"JV",NA,"eykt_11","5/11/2017",NA
"88",18:02:27,"11",1,NA,108.729,"yelloweye",145,145,"AD","Fish milling/hovering","eykt_11","5/11/2017",NA
"89",18:02:33,"11",1,432.83,39.619,"yelloweye",145,145,"AD",NA,"eykt_11","5/11/2017",NA
"90",18:02:47,"11",1,NA,61.659,"silvergray",157,157,NA,NA,"eykt_11","5/11/2017",NA
"91",18:09:03,"11",1,NA,51.833,"yelloweye",145,145,"JV","Fish milling/hovering","eykt_11","5/11/2017",NA
"92",18:09:06,"11",1,308.437,99.748,"yelloweye",145,145,"JV",NA,"eykt_11","5/11/2017",NA
"93",18:09:19,"11",1,NA,47.119,"silvergray",157,157,NA,NA,"eykt_11","5/11/2017",NA
"94",18:11:20,"11",1,NA,40.682,"yelloweye",145,145,"JV","Fish milling/hovering","eykt_11","5/11/2017",NA
"95",18:11:23,"11",1,196.159,44.959,"yelloweye",145,145,"JV",NA,"eykt_11","5/11/2017",NA
"96",18:11:52,"11",1,NA,71.162,"rosethorn",150,150,NA,NA,"eykt_11","5/11/2017",NA
"97",17:25:53,"11",1,NA,8.024,"tiger",148,148,NA,NA,"eykt_11","5/11/2017",NA
"98",18:10:40,"11",1,NA,12.949,"yelloweye",145,145,"JV","Fish seeking cover","eykt_11","5/11/2017",NA
"99",17:27:26,"11",1,NA,NA,"rosethorn",150,150,NA,NA,"eykt_11","5/11/2017",NA
"100",17:28:33,"11",1,NA,NA,"rosethorn",150,150,NA,NA,"eykt_11","5/11/2017",NA
"101",17:44:12,"11",1,NA,NA,"yelloweye",145,145,"JV","Fish milling/hovering","eykt_11","5/11/2017",NA
"102",17:53:57,"11",1,NA,NA,"tiger",148,148,NA,NA,"eykt_11","5/11/2017",NA
"103",19:29:45,"12",1,NA,1.078,"halibut",200,200,NA,NA,"eykt_12","5/11/2017",NA
"104",19:31:15,"12",1,NA,12.371,"box crab",900,900,NA,NA,"eykt_12","5/11/2017",NA
"105",19:31:44,"12",1,NA,7.484,"box crab",900,900,NA,NA,"eykt_12","5/11/2017",NA
"106",19:43:36,"12",1,NA,10.357,"box crab",900,900,NA,NA,"eykt_12","5/11/2017",NA
"107",19:45:16,"12",1,NA,13.046,"arrowtooth flounder",121,121,NA,NA,"eykt_12","5/11/2017",NA
"108",19:45:25,"12",1,NA,7.688,"box crab",900,900,NA,NA,"eykt_12","5/11/2017",NA
"109",19:49:31,"12",1,NA,23.83,"box crab",900,900,NA,NA,"eykt_12","5/11/2017",NA
"110",19:54:45,"12",1,NA,13.83,"flatfish",10006,10006,NA,NA,"eykt_12","5/11/2017",NA
"111",19:59:50,"12",1,NA,28.443,"box crab",900,900,NA,NA,"eykt_12","5/11/2017",NA
"112",06:33:03,"13",1,NA,21.362,"rosethorn",150,150,NA,NA,"eykt_13","5/12/2017",NA
"113",06:33:56,"13",1,NA,27.035,"rosethorn",150,150,NA,NA,"eykt_13","5/12/2017",NA
"114",06:34:20,"13",1,NA,73.529,"rosethorn",150,150,NA,NA,"eykt_13","5/12/2017",NA
"115",06:34:33,"13",1,NA,17.947,"rosethorn",150,150,NA,NA,"eykt_13","5/12/2017",NA
"116",06:35:47,"13",1,NA,69.597,"rosethorn",150,150,NA,NA,"eykt_13","5/12/2017",NA
"117",06:36:00,"13",1,NA,32.788,"rosethorn",150,150,NA,NA,"eykt_13","5/12/2017",NA
"118",06:36:35,"13",1,NA,29.508,"silvergray",157,157,NA,NA,"eykt_13","5/12/2017",NA
"119",06:37:22,"13",1,NA,37.762,"rosethorn",150,150,NA,NA,"eykt_13","5/12/2017",NA
"120",06:37:40,"13",1,NA,23.637,"rosethorn",150,150,NA,NA,"eykt_13","5/12/2017",NA
"121",06:38:36,"13",1,NA,24.037,"rosethorn",150,150,NA,NA,"eykt_13","5/12/2017",NA
"122",06:38:53,"13",1,NA,106.085,"yelloweye",145,145,"AD","Fish resting on bottom","eykt_13","5/12/2017",NA
"123",06:38:58,"13",1,508.352,86.104,"yelloweye",145,145,"AD",NA,"eykt_13","5/12/2017",NA
"124",06:41:02,"13",1,NA,146.472,"yelloweye",145,145,"AD","Fish resting on bottom","eykt_13","5/12/2017",NA
"125",06:41:20,"13",1,NA,58.551,"rosethorn",150,150,NA,NA,"eykt_13","5/12/2017",NA
"126",06:42:54,"13",1,NA,60.908,"rosethorn",150,150,NA,NA,"eykt_13","5/12/2017",NA
"127",06:43:27,"13",1,NA,22.569,"dusky",172,172,NA,NA,"eykt_13","5/12/2017",NA
"128",06:43:31,"13",1,NA,80.762,"rosethorn",150,150,NA,NA,"eykt_13","5/12/2017",NA
"129",06:43:31,"13",1,NA,51.88,"rosethorn",150,150,NA,NA,"eykt_13","5/12/2017",NA
"130",06:43:41,"13",1,NA,30.868,"rosethorn",150,150,NA,NA,"eykt_13","5/12/2017",NA
"131",06:44:09,"13",1,NA,79.814,"yelloweye",145,145,"AD","Fish milling/hovering","eykt_13","5/12/2017",NA
"132",06:44:15,"13",1,567.59,37.685,"yelloweye",145,145,"AD",NA,"eykt_13","5/12/2017",NA
"133",06:45:21,"13",1,NA,36.959,"rosethorn",150,150,NA,NA,"eykt_13","5/12/2017",NA
"134",06:45:37,"13",1,NA,40.085,"rosethorn",150,150,NA,NA,"eykt_13","5/12/2017",NA
"135",06:45:49,"13",1,NA,151.084,"lingcod",130,130,NA,NA,"eykt_13","5/12/2017",NA
"136",06:46:24,"13",1,NA,152.531,"yelloweye",145,145,"AD","Fish milling/hovering","eykt_13","5/12/2017",NA
"137",06:46:26,"13",1,NA,168.118,"silvergray",157,157,NA,NA,"eykt_13","5/12/2017",NA
"138",06:46:40,"13",1,422.923,47.398,"yelloweye",145,145,"AD",NA,"eykt_13","5/12/2017",NA
"139",06:46:40,"13",1,NA,688.088,"rosethorn",150,150,NA,NA,"eykt_13","5/12/2017",NA
"140",06:47:23,"13",1,NA,64.693,"rosethorn",150,150,NA,NA,"eykt_13","5/12/2017",NA
"141",06:48:25,"13",1,NA,48.379,"rosethorn",150,150,NA,NA,"eykt_13","5/12/2017",NA
"142",06:48:33,"13",1,NA,66.036,"rosethorn",150,150,NA,NA,"eykt_13","5/12/2017",NA
"143",06:48:37,"13",1,NA,144.971,"lingcod",130,130,NA,NA,"eykt_13","5/12/2017",NA
"144",06:49:29,"13",1,NA,104.426,"lingcod",130,130,NA,NA,"eykt_13","5/12/2017",NA
"145",06:49:36,"13",1,602.938,21.243,"lingcod",130,130,NA,NA,"eykt_13","5/12/2017",NA
"146",06:49:54,"13",1,NA,49.985,"rosethorn",150,150,NA,NA,"eykt_13","5/12/2017",NA
"147",06:50:22,"13",1,NA,53.148,"rosethorn",150,150,NA,NA,"eykt_13","5/12/2017",NA
"148",06:50:58,"13",1,NA,21.315,"rosethorn",150,150,NA,NA,"eykt_13","5/12/2017",NA
"149",06:51:14,"13",1,NA,45.888,"rosethorn",150,150,NA,NA,"eykt_13","5/12/2017",NA
"150",06:51:20,"13",1,NA,60.538,"rosethorn",150,150,NA,NA,"eykt_13","5/12/2017",NA
"151",06:52:27,"13",1,NA,47.574,"rosethorn",150,150,NA,NA,"eykt_13","5/12/2017",NA
"152",06:52:33,"13",1,NA,32.497,"rosethorn",150,150,NA,NA,"eykt_13","5/12/2017",NA
"153",06:53:37,"13",1,NA,26.193,"rosethorn",150,150,NA,NA,"eykt_13","5/12/2017",NA
"154",06:54:09,"13",1,NA,103.48,"rosethorn",150,150,NA,NA,"eykt_13","5/12/2017",NA
"155",06:54:14,"13",1,NA,35.327,"rosethorn",150,150,NA,NA,"eykt_13","5/12/2017",NA
"156",06:54:56,"13",1,NA,58.554,"rosethorn",150,150,NA,NA,"eykt_13","5/12/2017",NA
"157",06:55:09,"13",1,NA,30.307,"rosethorn",150,150,NA,NA,"eykt_13","5/12/2017",NA
"158",06:55:15,"13",1,NA,69.728,"dusky",172,172,NA,NA,"eykt_13","5/12/2017",NA
"159",06:55:53,"13",1,NA,142.591,"yelloweye",145,145,"AD","Fish milling/hovering","eykt_13","5/12/2017",NA
"160",06:56:09,"13",1,NA,63.258,"rosethorn",150,150,NA,NA,"eykt_13","5/12/2017",NA
"161",06:56:42,"13",1,NA,50.528,"rosethorn",150,150,NA,NA,"eykt_13","5/12/2017",NA
"162",06:57:01,"13",1,NA,70.253,"yelloweye",145,145,"AD","Fish seeking cover","eykt_13","5/12/2017",NA
"163",06:57:05,"13",1,NA,71.301,"rosethorn",150,150,NA,NA,"eykt_13","5/12/2017",NA
"164",06:57:05,"13",1,533.552,39.488,"yelloweye",145,145,"AD",NA,"eykt_13","5/12/2017",NA
"165",06:57:12,"13",1,NA,58.367,"rosethorn",150,150,NA,NA,"eykt_13","5/12/2017",NA
"166",06:57:15,"13",1,NA,47.567,"rosethorn",150,150,NA,NA,"eykt_13","5/12/2017",NA
"167",06:57:40,"13",1,NA,98.161,"rosethorn",150,150,NA,NA,"eykt_13","5/12/2017",NA
"168",06:58:05,"13",1,NA,55.547,"rosethorn",150,150,NA,NA,"eykt_13","5/12/2017",NA
"169",06:58:20,"13",1,NA,27.01,"dusky",172,172,NA,NA,"eykt_13","5/12/2017",NA
"170",06:58:20,"13",1,NA,50.994,"rosethorn",150,150,NA,NA,"eykt_13","5/12/2017",NA
"171",06:58:43,"13",1,NA,67.789,"dusky",172,172,NA,NA,"eykt_13","5/12/2017",NA
"172",06:58:52,"13",1,NA,47.192,"rosethorn",150,150,NA,NA,"eykt_13","5/12/2017",NA
"173",06:59:39,"13",1,NA,45.938,"lingcod",130,130,NA,NA,"eykt_13","5/12/2017",NA
"174",07:00:18,"13",1,NA,48.9,"dusky",172,172,NA,NA,"eykt_13","5/12/2017",NA
"175",07:00:24,"13",1,NA,33.685,"rosethorn",150,150,NA,NA,"eykt_13","5/12/2017",NA
"176",07:00:24,"13",1,NA,50.942,"rosethorn",150,150,NA,NA,"eykt_13","5/12/2017",NA
"177",07:00:36,"13",1,NA,56.265,"rosethorn",150,150,NA,NA,"eykt_13","5/12/2017",NA
"178",07:00:53,"13",1,NA,25.195,"rosethorn",150,150,NA,NA,"eykt_13","5/12/2017",NA
"179",07:00:57,"13",1,NA,75.664,"rosethorn",150,150,NA,NA,"eykt_13","5/12/2017",NA
"180",07:01:02,"13",1,NA,39.557,"rosethorn",150,150,NA,NA,"eykt_13","5/12/2017",NA
"181",07:01:14,"13",1,NA,55.284,"rosethorn",150,150,NA,NA,"eykt_13","5/12/2017",NA
"182",07:01:31,"13",1,NA,40.184,"rosethorn",150,150,NA,NA,"eykt_13","5/12/2017",NA
"183",07:02:05,"13",1,NA,40.642,"rosethorn",150,150,NA,NA,"eykt_13","5/12/2017",NA
"184",07:02:05,"13",1,NA,57.138,"rosethorn",150,150,NA,NA,"eykt_13","5/12/2017",NA
"185",07:02:39,"13",1,NA,32.016,"rosethorn",150,150,NA,NA,"eykt_13","5/12/2017",NA
"186",07:03:06,"13",1,NA,21.225,"rosethorn",150,150,NA,NA,"eykt_13","5/12/2017",NA
"187",07:03:37,"13",1,NA,90.864,"rosethorn",150,150,NA,NA,"eykt_13","5/12/2017",NA
"188",07:04:08,"13",1,NA,47.824,"rosethorn",150,150,NA,NA,"eykt_13","5/12/2017",NA
"189",07:04:27,"13",1,NA,29.02,"rosethorn",150,150,NA,NA,"eykt_13","5/12/2017",NA
"190",07:04:43,"13",1,NA,32.514,"rosethorn",150,150,NA,NA,"eykt_13","5/12/2017",NA
"191",07:04:52,"13",1,NA,63.205,"rosethorn",150,150,NA,NA,"eykt_13","5/12/2017",NA
"192",07:05:09,"13",1,NA,91.248,"rosethorn",150,150,NA,NA,"eykt_13","5/12/2017",NA
"193",07:05:12,"13",1,NA,41.493,"rosethorn",150,150,NA,NA,"eykt_13","5/12/2017",NA
"194",07:05:20,"13",1,NA,31.629,"rosethorn",150,150,NA,NA,"eykt_13","5/12/2017",NA
"195",07:05:22,"13",1,NA,65.407,"rosethorn",150,150,NA,NA,"eykt_13","5/12/2017",NA
"196",07:06:00,"13",1,NA,82.094,"tiger",148,148,NA,NA,"eykt_13","5/12/2017",NA
"197",07:06:58,"13",1,NA,33.761,"rosethorn",150,150,NA,NA,"eykt_13","5/12/2017",NA
"198",07:07:13,"13",1,NA,55.008,"rosethorn",150,150,NA,NA,"eykt_13","5/12/2017",NA
"199",07:08:03,"13",1,NA,51.891,"rosethorn",150,150,NA,NA,"eykt_13","5/12/2017",NA
"200",07:08:04,"13",1,NA,52.008,"yelloweye",145,145,"AD","Fish actively swimming in frame","eykt_13","5/12/2017",NA
"201",07:08:07,"13",1,504.703,31.48,"yelloweye",145,145,"AD",NA,"eykt_13","5/12/2017",NA
"202",07:08:39,"13",1,NA,37.306,"rosethorn",150,150,NA,NA,"eykt_13","5/12/2017",NA
"203",07:08:49,"13",1,NA,35.097,"rosethorn",150,150,NA,NA,"eykt_13","5/12/2017",NA
"204",07:08:53,"13",1,NA,43.056,"lingcod",130,130,NA,NA,"eykt_13","5/12/2017",NA
"205",07:08:55,"13",1,NA,111.593,"rosethorn",150,150,NA,NA,"eykt_13","5/12/2017",NA
"206",07:09:06,"13",1,NA,85.787,"rosethorn",150,150,NA,NA,"eykt_13","5/12/2017",NA
"207",07:09:23,"13",1,NA,39.568,"rosethorn",150,150,NA,NA,"eykt_13","5/12/2017",NA
"208",07:09:23,"13",1,NA,90.833,"rosethorn",150,150,NA,NA,"eykt_13","5/12/2017",NA
"209",07:09:44,"13",1,NA,83.654,"rosethorn",150,150,NA,NA,"eykt_13","5/12/2017",NA
"210",07:09:54,"13",1,NA,71.46,"rosethorn",150,150,NA,NA,"eykt_13","5/12/2017",NA
"211",07:13:02,"13",1,NA,34.873,"rosethorn",150,150,NA,NA,"eykt_13","5/12/2017",NA
"212",06:36:25,"13",1,NA,19.901,"rosethorn",150,150,NA,NA,"eykt_13","5/12/2017",NA
"213",06:45:24,"13",1,NA,287.822,"rosethorn",150,150,NA,NA,"eykt_13","5/12/2017",NA
"214",06:45:46,"13",1,NA,27.601,"rosethorn",150,150,NA,NA,"eykt_13","5/12/2017",NA
"215",06:48:19,"13",1,NA,26.868,"rosethorn",150,150,NA,NA,"eykt_13","5/12/2017",NA
"216",06:52:47,"13",1,NA,37.012,"rosethorn",150,150,NA,NA,"eykt_13","5/12/2017",NA
"217",06:54:05,"13",1,NA,28.268,"rosethorn",150,150,NA,NA,"eykt_13","5/12/2017",NA
"218",06:56:36,"13",1,NA,29.288,"rosethorn",150,150,NA,NA,"eykt_13","5/12/2017",NA
"219",06:56:46,"13",1,NA,39.542,"rosethorn",150,150,NA,NA,"eykt_13","5/12/2017",NA
"220",07:00:16,"13",1,NA,24.483,"tiger",148,148,NA,NA,"eykt_13","5/12/2017",NA
"221",07:00:24,"13",1,NA,41.4,"rosethorn",150,150,NA,NA,"eykt_13","5/12/2017",NA
"222",07:02:17,"13",1,NA,21.894,"rosethorn",150,150,NA,NA,"eykt_13","5/12/2017",NA
"223",07:06:06,"13",1,NA,50.974,"rosethorn",150,150,NA,NA,"eykt_13","5/12/2017",NA
"224",06:36:31,"13",1,NA,NA,"rosethorn",150,150,NA,NA,"eykt_13","5/12/2017",NA
"225",06:44:23,"13",1,NA,NA,"rosethorn",150,150,NA,NA,"eykt_13","5/12/2017",NA
"226",06:44:50,"13",1,NA,NA,"rosethorn",150,150,NA,NA,"eykt_13","5/12/2017",NA
"227",06:50:46,"13",1,NA,NA,"rosethorn",150,150,NA,NA,"eykt_13","5/12/2017",NA
"228",06:54:24,"13",1,NA,NA,"rosethorn",150,150,NA,NA,"eykt_13","5/12/2017",NA
"229",06:58:34,"13",1,NA,NA,"rosethorn",150,150,NA,NA,"eykt_13","5/12/2017",NA
"230",06:59:08,"13",1,NA,NA,"rosethorn",150,150,NA,NA,"eykt_13","5/12/2017",NA
"231",06:59:15,"13",1,NA,NA,"rosethorn",150,150,NA,NA,"eykt_13","5/12/2017",NA
"232",07:01:24,"13",1,NA,NA,"tiger",148,148,NA,NA,"eykt_13","5/12/2017",NA
"233",07:01:48,"13",1,NA,NA,"rosethorn",150,150,NA,NA,"eykt_13","5/12/2017",NA
"234",07:10:00,"13",1,NA,NA,"yelloweye",145,145,"AD","moving slowly into frame","eykt_13","5/12/2017",NA
"235",07:55:42,"14",1,NA,89.124,"rosethorn",150,150,NA,NA,"eykt_14","5/12/2017",NA
"236",07:56:15,"14",1,NA,103.036,"rosethorn",150,150,NA,NA,"eykt_14","5/12/2017",NA
"237",07:58:06,"14",1,NA,46.07,"rosethorn",150,150,NA,NA,"eykt_14","5/12/2017",NA
"238",07:58:25,"14",1,NA,52.414,"rosethorn",150,150,NA,NA,"eykt_14","5/12/2017",NA
"239",07:58:56,"14",1,NA,44.496,"rosethorn",150,150,NA,NA,"eykt_14","5/12/2017",NA
"240",07:59:43,"14",1,NA,35.008,"yelloweye",145,145,"AD","Fish milling/hovering","eykt_14","5/12/2017",NA
"241",08:00:16,"14",1,NA,48.145,"dusky",172,172,NA,NA,"eykt_14","5/12/2017",NA
"242",08:00:25,"14",1,NA,23.001,"dusky",172,172,NA,NA,"eykt_14","5/12/2017",NA
"243",08:04:02,"14",1,NA,39.49,"rosethorn",150,150,NA,NA,"eykt_14","5/12/2017",NA
"244",08:04:11,"14",1,NA,147.314,"dusky",172,172,NA,NA,"eykt_14","5/12/2017",NA
"245",08:04:16,"14",1,NA,26.192,"silvergray",157,157,NA,NA,"eykt_14","5/12/2017",NA
"246",08:04:20,"14",1,NA,23.345,"yelloweye",145,145,"AD","Fish seeking cover","eykt_14","5/12/2017",NA
"247",08:04:22,"14",1,NA,8.386,"dusky",172,172,NA,NA,"eykt_14","5/12/2017",NA
"248",08:04:37,"14",1,NA,83.723,"rosethorn",150,150,NA,NA,"eykt_14","5/12/2017",NA
"249",08:05:23,"14",1,NA,71.477,"rosethorn",150,150,NA,NA,"eykt_14","5/12/2017",NA
"250",08:06:58,"14",1,NA,57.867,"rosethorn",150,150,NA,NA,"eykt_14","5/12/2017",NA
"251",08:07:16,"14",1,NA,14.555,"silvergray",157,157,NA,NA,"eykt_14","5/12/2017",NA
"252",08:08:55,"14",1,NA,29.69,"rosethorn",150,150,NA,NA,"eykt_14","5/12/2017",NA
"253",08:09:51,"14",1,NA,521.752,"halibut",200,200,NA,NA,"eykt_14","5/12/2017",NA
"254",08:09:56,"14",1,NA,36.898,"rosethorn",150,150,NA,NA,"eykt_14","5/12/2017",NA
"255",08:10:25,"14",1,NA,45.248,"rosethorn",150,150,NA,NA,"eykt_14","5/12/2017",NA
"256",08:11:57,"14",1,NA,26.7,"yelloweye",145,145,"AD","Fish seeking cover","eykt_14","5/12/2017",NA
"257",08:11:58,"14",1,454.795,17.651,"yelloweye",145,145,"AD",NA,"eykt_14","5/12/2017",NA
"258",08:21:25,"14",1,NA,103.142,"flatfish",10006,10006,NA,NA,"eykt_14","5/12/2017",NA
"259",08:26:13,"14",1,NA,41.255,"rosethorn",150,150,NA,NA,"eykt_14","5/12/2017",NA
"260",07:56:09,"14",1,NA,37.926,"rosethorn",150,150,NA,NA,"eykt_14","5/12/2017",NA
"261",07:56:56,"14",1,NA,26.675,"rosethorn",150,150,NA,NA,"eykt_14","5/12/2017",NA
"262",08:00:53,"14",1,NA,28.923,"rosethorn",150,150,NA,NA,"eykt_14","5/12/2017",NA
"263",08:08:06,"14",1,NA,22.276,"rosethorn",150,150,NA,NA,"eykt_14","5/12/2017",NA
"264",09:59:06,"15",1,NA,72.457,"rosethorn",150,150,NA,NA,"eykt_15","5/12/2017",NA
"265",10:01:01,"15",1,NA,52.483,"rosethorn",150,150,NA,NA,"eykt_15","5/12/2017",NA
"266",10:01:16,"15",1,NA,76.897,"rosethorn",150,150,NA,NA,"eykt_15","5/12/2017",NA
"267",10:01:40,"15",1,NA,51.664,"rosethorn",150,150,NA,NA,"eykt_15","5/12/2017",NA
"268",10:03:19,"15",1,NA,332.516,"yelloweye",145,145,"AD","Fish milling/hovering","eykt_15","5/12/2017",NA
"269",10:04:56,"15",1,NA,38.389,"rosethorn",150,150,NA,NA,"eykt_15","5/12/2017",NA
"270",10:12:35,"15",1,NA,38.408,"rosethorn",150,150,NA,NA,"eykt_15","5/12/2017",NA
"271",10:13:53,"15",1,NA,46.526,"rosethorn",150,150,NA,NA,"eykt_15","5/12/2017",NA
"272",10:14:30,"15",1,NA,76.142,"rosethorn",150,150,NA,NA,"eykt_15","5/12/2017",NA
"273",10:15:01,"15",1,NA,60.771,"rosethorn",150,150,NA,NA,"eykt_15","5/12/2017",NA
"274",10:15:03,"15",1,NA,80.64,"rosethorn",150,150,NA,NA,"eykt_15","5/12/2017",NA
"275",10:15:41,"15",1,NA,52.147,"rosethorn",150,150,NA,NA,"eykt_15","5/12/2017",NA
"276",10:15:47,"15",1,NA,47.624,"rosethorn",150,150,NA,NA,"eykt_15","5/12/2017",NA
"277",10:16:11,"15",1,NA,22.486,"rosethorn",150,150,NA,NA,"eykt_15","5/12/2017",NA
"278",10:16:32,"15",1,NA,46.14,"rosethorn",150,150,NA,NA,"eykt_15","5/12/2017",NA
"279",10:16:50,"15",1,NA,52.924,"rosethorn",150,150,NA,NA,"eykt_15","5/12/2017",NA
"280",10:17:34,"15",1,NA,49.065,"rosethorn",150,150,NA,NA,"eykt_15","5/12/2017",NA
"281",10:21:05,"15",1,NA,130.17,"rosethorn",150,150,NA,NA,"eykt_15","5/12/2017",NA
"282",10:22:35,"15",1,NA,54.522,"rosethorn",150,150,NA,NA,"eykt_15","5/12/2017",NA
"283",10:23:22,"15",1,NA,126.283,"tiger",148,148,NA,NA,"eykt_15","5/12/2017",NA
"284",10:24:05,"15",1,NA,33.348,"rosethorn",150,150,NA,NA,"eykt_15","5/12/2017",NA
"285",09:59:25,"15",1,NA,256.44,"rosethorn",150,150,NA,NA,"eykt_15","5/12/2017",NA
"286",10:00:19,"15",1,NA,31.482,"rosethorn",150,150,NA,NA,"eykt_15","5/12/2017",NA
"287",10:20:22,"15",1,NA,NA,"rosethorn",150,150,NA,NA,"eykt_15","5/12/2017",NA
"288",11:07:15,"16",1,NA,80.766,"rosethorn",150,150,NA,NA,"eykt_16","5/12/2017",NA
"289",11:10:56,"16",1,NA,2.76,"yelloweye",145,145,"AD","Fish moving quickly into frame","eykt_16","5/12/2017",NA
"290",11:11:07,"16",1,NA,42.933,"rosethorn",150,150,NA,NA,"eykt_16","5/12/2017",NA
"291",11:12:37,"16",1,NA,61.804,"silvergray",157,157,NA,NA,"eykt_16","5/12/2017",NA
"292",11:14:57,"16",1,NA,66.292,"rosethorn",150,150,NA,NA,"eykt_16","5/12/2017",NA
"293",11:17:37,"16",1,NA,13.54,"yelloweye",145,145,"JV","Fish milling/hovering","eykt_16","5/12/2017",NA
"294",11:17:37,"16",1,166.766,23.402,"yelloweye",145,145,"JV",NA,"eykt_16","5/12/2017",NA
"295",11:20:11,"16",1,NA,86.852,"yelloweye",145,145,"SU","Fish milling/hovering","eykt_16","5/12/2017",NA
"296",11:20:17,"16",1,NA,74.297,"lingcod",130,130,NA,NA,"eykt_16","5/12/2017",NA
"297",11:21:41,"16",1,NA,84.547,"yelloweye",145,145,"SU","Fish seeking cover","eykt_16","5/12/2017",NA
"298",11:21:42,"16",1,337.614,67.907,"yelloweye",145,145,"SU",NA,"eykt_16","5/12/2017",NA
"299",11:22:14,"16",1,NA,114.203,"yelloweye",145,145,"AD","Fish milling/hovering","eykt_16","5/12/2017",NA
"300",11:22:23,"16",1,537.157,41.6,"yelloweye",145,145,"AD",NA,"eykt_16","5/12/2017",NA
"301",11:23:45,"16",1,NA,79.446,"lingcod",130,130,NA,NA,"eykt_16","5/12/2017",NA
"302",11:23:46,"16",1,1063.716,99.25,"lingcod",130,130,NA,NA,"eykt_16","5/12/2017",NA
"303",11:23:51,"16",1,NA,56.612,"prowfish",215,215,NA,NA,"eykt_16","5/12/2017",NA
"304",11:27:25,"16",1,NA,73.998,"rosethorn",150,150,NA,NA,"eykt_16","5/12/2017",NA
"305",11:27:52,"16",1,NA,98.934,"yelloweye",145,145,"AD","Fish milling/hovering","eykt_16","5/12/2017",NA
"306",11:27:56,"16",1,NA,82.328,"tiger",148,148,NA,NA,"eykt_16","5/12/2017",NA
"307",11:30:17,"16",1,NA,118.503,"yelloweye",145,145,"AD","Chase other","eykt_16","5/12/2017",NA
"308",11:30:20,"16",1,NA,78.635,"rosethorn",150,150,NA,NA,"eykt_16","5/12/2017",NA
"309",11:30:28,"16",1,NA,102.589,"lingcod",130,130,NA,NA,"eykt_16","5/12/2017",NA
"310",11:31:04,"16",1,NA,75.925,"yelloweye",145,145,"AD","Fish milling/hovering","eykt_16","5/12/2017",NA
"311",11:31:09,"16",1,NA,112.022,"lingcod",130,130,NA,NA,"eykt_16","5/12/2017",NA
"312",11:31:12,"16",1,1055.34,98.331,"lingcod",130,130,NA,NA,"eykt_16","5/12/2017",NA
"313",11:31:13,"16",1,NA,93.201,"lingcod",130,130,NA,NA,"eykt_16","5/12/2017",NA
"314",11:31:16,"16",1,NA,30.208,"yelloweye",145,145,"AD","Fish moving slowly into frame","eykt_16","5/12/2017",NA
"315",11:31:16,"16",1,NA,41.219,"yelloweye",145,145,"AD","Fish milling/hovering","eykt_16","5/12/2017",NA
"316",11:31:16,"16",1,554.18,22.463,"yelloweye",145,145,"AD",NA,"eykt_16","5/12/2017",NA
"317",11:31:19,"16",1,898.16,92.307,"lingcod",130,130,NA,NA,"eykt_16","5/12/2017",NA
"318",11:31:26,"16",1,695.343,19.344,"yelloweye",145,145,"AD",NA,"eykt_16","5/12/2017",NA
"319",11:31:30,"16",1,NA,25.55,"yelloweye",145,145,"AD","Fish milling/hovering","eykt_16","5/12/2017",NA
"320",11:31:30,"16",1,NA,6.948,"yelloweye",145,145,"AD","Fish milling/hovering","eykt_16","5/12/2017",NA
"321",11:31:32,"16",1,592.663,16.008,"yelloweye",145,145,"AD",NA,"eykt_16","5/12/2017",NA
"322",11:31:34,"16",1,NA,64.702,"yelloweye",145,145,"JV","Fish resting on bottom","eykt_16","5/12/2017",NA
"323",11:31:34,"16",1,265.507,83.002,"yelloweye",145,145,"JV",NA,"eykt_16","5/12/2017",NA
"324",11:31:40,"16",1,NA,112.092,"lingcod",130,130,NA,NA,"eykt_16","5/12/2017",NA
"325",11:31:46,"16",1,NA,73.316,"yelloweye",145,145,"AD","Fish milling/hovering","eykt_16","5/12/2017",NA
"326",11:31:47,"16",1,NA,96.54,"yelloweye",145,145,"AD","Fish seeking cover","eykt_16","5/12/2017",NA
"327",11:31:47,"16",1,NA,68.732,"lingcod",130,130,NA,NA,"eykt_16","5/12/2017",NA
"328",11:31:51,"16",1,658.422,74.648,"yelloweye",145,145,"AD",NA,"eykt_16","5/12/2017",NA
"329",11:31:52,"16",1,1014.719,30.86,"lingcod",130,130,NA,NA,"eykt_16","5/12/2017",NA
"330",11:32:14,"16",1,NA,42.609,"tiger",148,148,NA,NA,"eykt_16","5/12/2017",NA
"331",11:32:17,"16",1,NA,27.893,"lingcod",130,130,NA,NA,"eykt_16","5/12/2017",NA
"332",11:34:47,"16",1,NA,45.905,"rosethorn",150,150,NA,NA,"eykt_16","5/12/2017",NA
"333",11:35:02,"16",1,NA,28.705,"rosethorn",150,150,NA,NA,"eykt_16","5/12/2017",NA
"334",11:36:40,"16",1,NA,35.12,"rosethorn",150,150,NA,NA,"eykt_16","5/12/2017",NA
"335",12:09:46,"17",1,NA,78.864,"lingcod",130,130,NA,NA,"eykt_17","5/12/2017",NA
"336",12:09:46,"17",1,694.242,92.136,"lingcod",130,130,NA,NA,"eykt_17","5/12/2017",NA
"337",12:10:42,"17",1,NA,154.097,"yelloweye",145,145,"AD","Chase other","eykt_17","5/12/2017",NA
"338",12:10:53,"17",1,NA,81.723,"silvergray",157,157,NA,NA,"eykt_17","5/12/2017",NA
"339",12:12:01,"17",1,NA,76.149,"rosethorn",150,150,NA,NA,"eykt_17","5/12/2017",NA
"340",12:22:14,"17",1,NA,80.44,"quillback",147,147,NA,NA,"eykt_17","5/12/2017",NA
"341",12:22:18,"17",1,NA,90.484,"rosethorn",150,150,NA,NA,"eykt_17","5/12/2017",NA
"342",12:22:31,"17",1,NA,19.328,"lingcod",130,130,NA,NA,"eykt_17","5/12/2017",NA
"343",12:22:47,"17",1,NA,45.531,"silvergray",157,157,NA,NA,"eykt_17","5/12/2017",NA
"344",12:22:47,"17",1,NA,78.144,"yelloweye",145,145,"AD","Fish milling/hovering","eykt_17","5/12/2017",NA
"345",12:24:07,"17",1,NA,51.361,"rosethorn",150,150,NA,NA,"eykt_17","5/12/2017",NA
"346",12:25:10,"17",1,NA,80.125,"rosethorn",150,150,NA,NA,"eykt_17","5/12/2017",NA
"347",12:25:26,"17",1,NA,72.306,"tiger",148,148,NA,NA,"eykt_17","5/12/2017",NA
"348",12:29:09,"17",1,NA,56.528,"rosethorn",150,150,NA,NA,"eykt_17","5/12/2017",NA
"349",12:33:32,"17",1,NA,44.919,"rosethorn",150,150,NA,NA,"eykt_17","5/12/2017",NA
"350",12:34:20,"17",1,NA,674.201,"rosethorn",150,150,NA,NA,"eykt_17","5/12/2017",NA
"351",12:34:56,"17",1,NA,44.185,"yelloweye",145,145,"JV","Fish milling/hovering","eykt_17","5/12/2017",NA
"352",12:34:57,"17",1,177.572,95.226,"yelloweye",145,145,"JV",NA,"eykt_17","5/12/2017",NA
"353",12:36:17,"17",1,NA,53.844,"rosethorn",150,150,NA,NA,"eykt_17","5/12/2017",NA
"354",12:37:57,"17",1,NA,64.517,"rosethorn",150,150,NA,NA,"eykt_17","5/12/2017",NA
"355",12:38:33,"17",1,NA,54.555,"rosethorn",150,150,NA,NA,"eykt_17","5/12/2017",NA
"356",12:39:09,"17",1,NA,16.743,"tiger",148,148,NA,NA,"eykt_17","5/12/2017",NA
"357",12:39:19,"17",1,NA,74.49,"rosethorn",150,150,NA,NA,"eykt_17","5/12/2017",NA
"358",11:50:43,"18",1,NA,3.525,"halibut",200,200,NA,NA,"eykt_18","5/15/2017",NA
"359",11:50:43,"18",1,NA,14.913,"flatfish",10006,10006,NA,NA,"eykt_18","5/15/2017",NA
"360",12:06:04,"18",1,NA,15.653,"halibut",200,200,NA,NA,"eykt_18","5/15/2017",NA
"361",12:06:04,"18",1,467.774,36.953,"halibut",200,200,NA,NA,"eykt_18","5/15/2017",NA
"362",12:13:06,"18",1,NA,33.692,"flatfish",10006,10006,NA,NA,"eykt_18","5/15/2017",NA
"363",12:13:19,"18",1,233.76,16.342,"lingcod",130,130,NA,NA,"eykt_18","5/15/2017",NA
"364",12:13:19,"18",1,NA,12.18,"lingcod",130,130,NA,NA,"eykt_18","5/15/2017",NA
"365",12:15:43,"18",1,NA,13.874,"Dover sole",124,124,NA,NA,"eykt_18","5/15/2017",NA
"366",12:17:24,"18",1,269.233,18.316,"lingcod",130,130,NA,NA,"eykt_18","5/15/2017",NA
"367",12:17:24,"18",1,NA,14.475,"lingcod",130,130,NA,NA,"eykt_18","5/15/2017",NA
"368",12:19:25,"18",1,NA,33.103,"Dover sole",124,124,NA,NA,"eykt_18","5/15/2017",NA
"369",14:25:09,"19",1,NA,61.225,"rosethorn",150,150,NA,NA,"eykt_19","5/15/2017",NA
"370",14:25:14,"19",1,NA,51.627,"rosethorn",150,150,NA,NA,"eykt_19","5/15/2017",NA
"371",14:26:08,"19",1,NA,101.702,"yelloweye",145,145,"AD","Fish moving slowly into frame","eykt_19","5/15/2017",NA
"372",14:26:48,"19",1,156.843,33.074,"yelloweye",145,145,"JV",NA,"eykt_19","5/15/2017",NA
"373",14:26:48,"19",1,NA,33.749,"yelloweye",145,145,"JV","Fish seeking cover","eykt_19","5/15/2017",NA
"374",14:29:18,"19",1,NA,40.377,"rosethorn",150,150,NA,NA,"eykt_19","5/15/2017",NA
"375",14:29:28,"19",1,NA,68.622,"rosethorn",150,150,NA,NA,"eykt_19","5/15/2017",NA
"376",14:30:40,"19",1,NA,55.579,"rosethorn",150,150,NA,NA,"eykt_19","5/15/2017",NA
"377",14:30:40,"19",1,NA,172.693,"yelloweye",145,145,"AD","Fish milling/hovering","eykt_19","5/15/2017",NA
"378",14:30:44,"19",1,535.046,60.896,"yelloweye",145,145,"AD",NA,"eykt_19","5/15/2017",NA
"379",14:31:56,"19",1,NA,61.62,"rosethorn",150,150,NA,NA,"eykt_19","5/15/2017",NA
"380",14:31:56,"19",1,NA,79.917,"rosethorn",150,150,NA,NA,"eykt_19","5/15/2017",NA
"381",14:32:29,"19",1,NA,46.765,"rosethorn",150,150,NA,NA,"eykt_19","5/15/2017",NA
"382",14:32:47,"19",1,NA,84.422,"rosethorn",150,150,NA,NA,"eykt_19","5/15/2017",NA
"383",14:33:24,"19",1,NA,67.238,"rosethorn",150,150,NA,NA,"eykt_19","5/15/2017",NA
"384",14:33:29,"19",1,NA,55.404,"rosethorn",150,150,NA,NA,"eykt_19","5/15/2017",NA
"385",14:33:41,"19",1,NA,63.081,"rosethorn",150,150,NA,NA,"eykt_19","5/15/2017",NA
"386",14:34:24,"19",1,NA,43.635,"lingcod",130,130,NA,NA,"eykt_19","5/15/2017",NA
"387",14:34:53,"19",1,NA,53.067,"rosethorn",150,150,NA,NA,"eykt_19","5/15/2017",NA
"388",14:35:34,"19",1,NA,51.923,"rosethorn",150,150,NA,NA,"eykt_19","5/15/2017",NA
"389",14:35:41,"19",1,NA,71.065,"lingcod",130,130,NA,NA,"eykt_19","5/15/2017",NA
"390",14:37:23,"19",1,NA,23.948,"rosethorn",150,150,NA,NA,"eykt_19","5/15/2017",NA
"391",14:38:04,"19",1,NA,99.714,"lingcod",130,130,NA,NA,"eykt_19","5/15/2017",NA
"392",14:38:34,"19",1,NA,71.289,"tiger",148,148,NA,NA,"eykt_19","5/15/2017",NA
"393",14:38:42,"19",1,NA,30.126,"rosethorn",150,150,NA,NA,"eykt_19","5/15/2017",NA
"394",14:39:42,"19",1,NA,130.145,"tiger",148,148,NA,NA,"eykt_19","5/15/2017",NA
"395",14:40:27,"19",1,NA,97.724,"dusky",172,172,NA,NA,"eykt_19","5/15/2017",NA
"396",14:42:17,"19",1,NA,98.388,"dusky",172,172,NA,NA,"eykt_19","5/15/2017",NA
"397",14:43:39,"19",1,NA,63.397,"rosethorn",150,150,NA,NA,"eykt_19","5/15/2017",NA
"398",14:46:06,"19",1,NA,29.822,"rosethorn",150,150,NA,NA,"eykt_19","5/15/2017",NA
"399",14:46:27,"19",1,NA,24.31,"rosethorn",150,150,NA,NA,"eykt_19","5/15/2017",NA
"400",14:47:47,"19",1,NA,64.027,"lingcod",130,130,NA,NA,"eykt_19","5/15/2017",NA
"401",14:47:52,"19",1,639.468,8.444,"lingcod",130,130,NA,NA,"eykt_19","5/15/2017",NA
"402",14:49:47,"19",1,NA,69.618,"rosethorn",150,150,NA,NA,"eykt_19","5/15/2017",NA
"403",14:50:08,"19",1,NA,74.221,"rosethorn",150,150,NA,NA,"eykt_19","5/15/2017",NA
"404",14:51:40,"19",1,NA,70.856,"rosethorn",150,150,NA,NA,"eykt_19","5/15/2017",NA
"405",14:52:36,"19",1,NA,51.72,"dusky",172,172,NA,NA,"eykt_19","5/15/2017",NA
"406",14:53:18,"19",1,NA,97.995,"rosethorn",150,150,NA,NA,"eykt_19","5/15/2017",NA
"407",14:53:34,"19",1,NA,70.081,"dusky",172,172,NA,NA,"eykt_19","5/15/2017",NA
"408",14:53:47,"19",1,NA,55.547,"dusky",172,172,NA,NA,"eykt_19","5/15/2017",NA
"409",14:54:05,"19",1,NA,16.153,"dusky",172,172,NA,NA,"eykt_19","5/15/2017",NA
"410",14:54:28,"19",1,NA,37.57,"silvergray",157,157,NA,NA,"eykt_19","5/15/2017",NA
"411",14:55:30,"19",1,NA,71.694,"dusky",172,172,NA,NA,"eykt_19","5/15/2017",NA
"412",14:56:14,"19",1,NA,46.289,"tiger",148,148,NA,NA,"eykt_19","5/15/2017",NA
"413",14:56:25,"19",1,NA,52.463,"rosethorn",150,150,NA,NA,"eykt_19","5/15/2017",NA
"414",14:56:38,"19",1,NA,31.374,"rosethorn",150,150,NA,NA,"eykt_19","5/15/2017",NA
"415",14:57:00,"19",1,NA,63.307,"rosethorn",150,150,NA,NA,"eykt_19","5/15/2017",6.306
"416",14:57:39,"19",1,NA,42.948,"yelloweye",145,145,"AD","Chase other","eykt_19","5/15/2017",NA
"417",14:57:41,"19",1,322.185,83.462,"yelloweye",145,145,"AD",NA,"eykt_19","5/15/2017",NA
"418",14:58:15,"19",1,NA,50.333,"rosethorn",150,150,NA,NA,"eykt_19","5/15/2017",NA
"419",14:58:21,"19",1,NA,64.848,"rosethorn",150,150,NA,NA,"eykt_19","5/15/2017",NA
"420",15:00:09,"19",1,NA,100.737,"rosethorn",150,150,NA,NA,"eykt_19","5/15/2017",NA
"421",15:02:48,"19",1,NA,44.637,"rosethorn",150,150,NA,NA,"eykt_19","5/15/2017",NA
"422",15:04:12,"19",1,NA,53.15,"rosethorn",150,150,NA,NA,"eykt_19","5/15/2017",NA
"423",14:43:02,"19",1,NA,30.229,"rosethorn",150,150,NA,NA,"eykt_19","5/15/2017",NA
"424",14:43:12,"19",1,NA,53.141,"rosethorn",150,150,NA,NA,"eykt_19","5/15/2017",NA
"425",14:31:26,"19",1,NA,NA,"rosethorn",150,150,NA,NA,"eykt_19","5/15/2017",NA
"426",14:35:00,"19",1,NA,NA,"rosethorn",150,150,NA,NA,"eykt_19","5/15/2017",6.306
"427",14:40:00,"19",1,NA,NA,"rosethorn",150,150,NA,NA,"eykt_19","5/15/2017",6.306
"428",14:44:38,"19",1,NA,NA,"yelloweye",145,145,"AD","Fish seeking cover","eykt_19","5/15/2017",NA
"429",14:46:23,"19",1,NA,NA,"rosethorn",150,150,NA,NA,"eykt_19","5/15/2017",NA
"430",15:03:49,"19",1,NA,NA,"rosethorn",150,150,NA,NA,"eykt_19","5/15/2017",NA
"431",19:10:45,"02",1,NA,22.318,"rosethorn",150,150,NA,NA,"eykt_2","5/10/2017",NA
"432",19:10:49,"02",1,NA,65.225,"yelloweye",145,145,"AD","Fish milling/hovering","eykt_2","5/10/2017",NA
"433",19:10:52,"02",1,441.817,35.223,"yelloweye",145,145,"AD",NA,"eykt_2","5/10/2017",NA
"434",19:11:18,"02",1,NA,190.456,"rosethorn",150,150,NA,NA,"eykt_2","5/10/2017",NA
"435",19:11:49,"02",1,NA,62.618,"yelloweye",145,145,"AD","Fish milling/hovering","eykt_2","5/10/2017",NA
"436",19:11:50,"02",1,NA,50.327,"yelloweye",145,145,"JV","Fish milling/hovering","eykt_2","5/10/2017",NA
"437",19:11:52,"02",1,407.687,39.104,"yelloweye",145,145,"AD",NA,"eykt_2","5/10/2017",NA
"438",19:12:05,"02",1,NA,30.318,"yelloweye",145,145,"JV","Fish milling/hovering","eykt_2","5/10/2017",NA
"439",19:12:06,"02",1,130.683,35.78,"yelloweye",145,145,"JV",NA,"eykt_2","5/10/2017",NA
"440",19:12:12,"02",1,NA,86.675,"yelloweye",145,145,"AD","Fish moving slowly into frame","eykt_2","5/10/2017",NA
"441",19:12:52,"02",1,NA,115.983,"yelloweye",145,145,"AD","Fish milling/hovering","eykt_2","5/10/2017",NA
"442",19:14:04,"02",1,NA,79.633,"yelloweye",145,145,"JV","Fish actively swimming in frame","eykt_2","5/10/2017",NA
"443",19:14:49,"02",1,NA,62.644,"yelloweye",145,145,"JV","Fish milling/hovering","eykt_2","5/10/2017",NA
"444",19:14:55,"02",1,NA,55.252,"dusky",172,172,NA,NA,"eykt_2","5/10/2017",NA
"445",19:15:05,"02",1,NA,68.358,"lingcod",130,130,NA,NA,"eykt_2","5/10/2017",NA
"446",19:15:06,"02",1,NA,63.118,"lingcod",130,130,NA,NA,"eykt_2","5/10/2017",NA
"447",19:15:22,"02",1,NA,86.575,"lingcod",130,130,NA,NA,"eykt_2","5/10/2017",NA
"448",19:15:52,"02",1,NA,61.663,"rosethorn",150,150,NA,NA,"eykt_2","5/10/2017",NA
"449",19:16:08,"02",1,NA,58.969,"rosethorn",150,150,NA,NA,"eykt_2","5/10/2017",NA
"450",19:17:25,"02",1,NA,45.134,"rosethorn",150,150,NA,NA,"eykt_2","5/10/2017",NA
"451",19:24:09,"02",1,NA,40.102,"silvergray",157,157,NA,NA,"eykt_2","5/10/2017",NA
"452",19:33:28,"02",1,NA,239.96,"lingcod",130,130,NA,NA,"eykt_2","5/10/2017",NA
"453",19:35:12,"02",1,NA,50.935,"rosethorn",150,150,NA,NA,"eykt_2","5/10/2017",NA
"454",19:37:31,"02",1,NA,34.668,"rosethorn",150,150,NA,NA,"eykt_2","5/10/2017",NA
"455",19:37:31,"02",1,NA,71.744,"rosethorn",150,150,NA,NA,"eykt_2","5/10/2017",NA
"456",19:37:47,"02",1,NA,57.346,"rosethorn",150,150,NA,NA,"eykt_2","5/10/2017",NA
"457",19:37:54,"02",1,NA,49.117,"tiger",148,148,NA,NA,"eykt_2","5/10/2017",NA
"458",19:38:23,"02",1,NA,139.068,"yelloweye",145,145,"AD","Fish milling/hovering","eykt_2","5/10/2017",NA
"459",19:38:46,"02",1,584.164,8.224,"yelloweye",145,145,"AD",NA,"eykt_2","5/10/2017",NA
"460",19:39:08,"02",1,NA,98.147,"lingcod",130,130,NA,NA,"eykt_2","5/10/2017",NA
"461",19:39:22,"02",1,868.659,46.025,"lingcod",130,130,NA,NA,"eykt_2","5/10/2017",NA
"462",19:39:33,"02",1,NA,64.512,"lingcod",130,130,NA,NA,"eykt_2","5/10/2017",NA
"463",19:40:23,"02",1,NA,48.844,"tiger",148,148,NA,NA,"eykt_2","5/10/2017",NA
"464",19:40:37,"02",1,NA,23.788,"lingcod",130,130,NA,NA,"eykt_2","5/10/2017",NA
"465",19:40:49,"02",1,NA,63.225,"rosethorn",150,150,NA,NA,"eykt_2","5/10/2017",NA
"466",19:41:06,"02",1,NA,46.341,"lingcod",130,130,NA,NA,"eykt_2","5/10/2017",NA
"467",19:41:15,"02",1,NA,32.186,"yelloweye",145,145,"JV","Fish milling/hovering","eykt_2","5/10/2017",NA
"468",19:41:20,"02",1,206.459,26.075,"yelloweye",145,145,"JV",NA,"eykt_2","5/10/2017",NA
"469",19:41:21,"02",1,NA,50.303,"rosethorn",150,150,NA,NA,"eykt_2","5/10/2017",NA
"470",19:41:25,"02",1,NA,74.037,"rosethorn",150,150,NA,NA,"eykt_2","5/10/2017",NA
"471",19:41:48,"02",1,NA,41.36,"rosethorn",150,150,NA,NA,"eykt_2","5/10/2017",NA
"472",19:41:50,"02",1,NA,77.336,"lingcod",130,130,NA,NA,"eykt_2","5/10/2017",NA
"473",19:42:08,"02",1,NA,67.962,"rosethorn",150,150,NA,NA,"eykt_2","5/10/2017",NA
"474",19:42:34,"02",1,NA,61.503,"yelloweye",145,145,"AD","Fish milling/hovering","eykt_2","5/10/2017",NA
"475",19:42:41,"02",1,558.587,31.863,"yelloweye",145,145,"AD",NA,"eykt_2","5/10/2017",NA
"476",19:44:43,"02",1,425.002,65.437,"yelloweye",145,145,"AD",NA,"eykt_2","5/10/2017",NA
"477",19:44:43,"02",1,NA,59.641,"yelloweye",145,145,"AD","Fish milling/hovering","eykt_2","5/10/2017",NA
"478",19:45:01,"02",1,NA,58.533,"rosethorn",150,150,NA,NA,"eykt_2","5/10/2017",NA
"479",19:47:32,"02",1,NA,105.714,"yelloweye",145,145,"AD","Fish milling/hovering","eykt_2","5/10/2017",NA
"480",19:47:51,"02",1,NA,75.177,"halibut",200,200,NA,NA,"eykt_2","5/10/2017",NA
"481",19:48:27,"02",1,NA,33.102,"silvergray",157,157,NA,NA,"eykt_2","5/10/2017",NA
"482",19:49:16,"02",1,NA,19.397,"yelloweye",145,145,"JV","Fish milling/hovering","eykt_2","5/10/2017",NA
"483",19:49:18,"02",1,148.675,14.938,"yelloweye",145,145,"JV",NA,"eykt_2","5/10/2017",NA
"484",19:49:53,"02",1,NA,138.58,"yelloweye",145,145,"AD","Fish resting on bottom","eykt_2","5/10/2017",NA
"485",19:49:55,"02",1,447.359,90.846,"yelloweye",145,145,"AD",NA,"eykt_2","5/10/2017",NA
"486",19:38:31,"02",1,NA,21.048,"rosethorn",150,150,NA,NA,"eykt_2","5/10/2017",NA
"487",19:43:06,"02",1,NA,NA,"yelloweye",145,145,"JV","Fish milling/hovering","eykt_2","5/10/2017",NA
"488",15:41:57,"20",1,NA,4.966,"flatfish",10006,10006,NA,NA,"eykt_20","5/15/2017",NA
"489",15:42:54,"20",1,NA,7.023,"flatfish",10006,10006,NA,NA,"eykt_20","5/15/2017",NA
"490",15:43:22,"20",1,NA,11.579,"flatfish",10006,10006,NA,NA,"eykt_20","5/15/2017",NA
"491",15:44:14,"20",1,NA,6.684,"flatfish",10006,10006,NA,NA,"eykt_20","5/15/2017",NA
"492",15:44:25,"20",1,NA,7.591,"flatfish",10006,10006,NA,NA,"eykt_20","5/15/2017",NA
"493",15:45:53,"20",1,NA,15.09,"arrowtooth flounder",121,121,NA,NA,"eykt_20","5/15/2017",NA
"494",15:46:15,"20",1,NA,9.376,"flatfish",10006,10006,NA,NA,"eykt_20","5/15/2017",NA
"495",15:47:16,"20",1,NA,15.956,"flatfish",10006,10006,NA,NA,"eykt_20","5/15/2017",NA
"496",15:48:29,"20",1,NA,5.66,"flatfish",10006,10006,NA,NA,"eykt_20","5/15/2017",NA
"497",15:49:01,"20",1,NA,9.931,"Dover sole",124,124,NA,NA,"eykt_20","5/15/2017",NA
"498",15:50:52,"20",1,NA,8.585,"flatfish",10006,10006,NA,NA,"eykt_20","5/15/2017",NA
"499",15:51:36,"20",1,NA,11.318,"sablefish",710,710,NA,NA,"eykt_20","5/15/2017",NA
"500",15:52:02,"20",1,NA,16.188,"flatfish",10006,10006,NA,NA,"eykt_20","5/15/2017",NA
"501",15:53:57,"20",1,NA,5.606,"miscellaneous invertebrate",10009,10009,NA,NA,"eykt_20","5/15/2017",NA
"502",15:54:41,"20",1,NA,6.794,"flatfish",10006,10006,NA,NA,"eykt_20","5/15/2017",NA
"503",15:54:46,"20",1,NA,7.037,"flatfish",10006,10006,NA,NA,"eykt_20","5/15/2017",NA
"504",15:55:45,"20",1,NA,8.081,"flatfish",10006,10006,NA,NA,"eykt_20","5/15/2017",NA
"505",15:58:16,"20",1,NA,6.38,"flatfish",10006,10006,NA,NA,"eykt_20","5/15/2017",NA
"506",15:59:37,"20",1,NA,8.661,"flatfish",10006,10006,NA,NA,"eykt_20","5/15/2017",NA
"507",16:00:50,"20",1,NA,7.937,"flatfish",10006,10006,NA,NA,"eykt_20","5/15/2017",NA
"508",16:06:59,"20",1,NA,10.307,"flatfish",10006,10006,NA,NA,"eykt_20","5/15/2017",NA
"509",16:08:49,"20",1,NA,6.645,"flatfish",10006,10006,NA,NA,"eykt_20","5/15/2017",NA
"510",16:11:11,"20",1,NA,15.43,"Dover sole",124,124,NA,NA,"eykt_20","5/15/2017",NA
"511",16:12:00,"20",1,NA,10.401,"flatfish",10006,10006,NA,NA,"eykt_20","5/15/2017",6.128
"512",16:12:52,"20",1,NA,8.227,"flatfish",10006,10006,NA,NA,"eykt_20","5/15/2017",NA
"513",16:15:37,"20",1,NA,9.484,"flatfish",10006,10006,NA,NA,"eykt_20","5/15/2017",NA
"514",16:16:45,"20",1,NA,26.757,"flatfish",10006,10006,NA,NA,"eykt_20","5/15/2017",NA
"515",16:19:21,"20",1,NA,6.927,"miscellaneous invertebrate",10009,10009,NA,NA,"eykt_20","5/15/2017",NA
"516",16:22:29,"20",1,NA,10.102,"skate",700,700,NA,NA,"eykt_20","5/15/2017",NA
"517",17:04:32,"21",1,NA,57.246,"yelloweye",145,145,"SU","Fish milling/hovering","eykt_21","5/15/2017",NA
"518",17:04:32,"21",1,NA,49.009,"yelloweye",145,145,"AD","Fish milling/hovering","eykt_21","5/15/2017",NA
"519",17:04:32,"21",1,NA,81.538,"yelloweye",145,145,"AD","Fish milling/hovering","eykt_21","5/15/2017",NA
"520",17:04:34,"21",1,436.662,43.101,"yelloweye",145,145,"AD",NA,"eykt_21","5/15/2017",NA
"521",17:04:35,"21",1,342.543,81.39,"yelloweye",145,145,"SU",NA,"eykt_21","5/15/2017",NA
"522",17:04:38,"21",1,NA,51.23,"quillback",147,147,NA,NA,"eykt_21","5/15/2017",NA
"523",17:05:57,"21",1,NA,57.354,"yelloweye",145,145,"AD","Fish resting on bottom","eykt_21","5/15/2017",NA
"524",17:06:03,"21",1,NA,101.673,"yelloweye",145,145,"SU","Fish milling/hovering","eykt_21","5/15/2017",NA
"525",17:06:09,"21",1,346.451,27.273,"yelloweye",145,145,"SU",NA,"eykt_21","5/15/2017",NA
"526",17:06:34,"21",1,NA,39.859,"rosethorn",150,150,NA,NA,"eykt_21","5/15/2017",NA
"527",17:06:49,"21",1,NA,65.013,"rosethorn",150,150,NA,NA,"eykt_21","5/15/2017",NA
"528",17:07:28,"21",1,NA,72.521,"rosethorn",150,150,NA,NA,"eykt_21","5/15/2017",NA
"529",17:07:54,"21",1,NA,85.343,"lingcod",130,130,NA,NA,"eykt_21","5/15/2017",NA
"530",17:08:03,"21",1,NA,39.7,"rosethorn",150,150,NA,NA,"eykt_21","5/15/2017",NA
"531",17:09:06,"21",1,NA,37.241,"rosethorn",150,150,NA,NA,"eykt_21","5/15/2017",NA
"532",17:10:40,"21",1,NA,62.354,"yelloweye",145,145,"AD","Fish resting on bottom","eykt_21","5/15/2017",NA
"533",17:11:04,"21",1,NA,61.887,"rosethorn",150,150,NA,NA,"eykt_21","5/15/2017",NA
"534",17:11:52,"21",1,NA,84.058,"rosethorn",150,150,NA,NA,"eykt_21","5/15/2017",NA
"535",17:11:56,"21",1,NA,179.867,"yelloweye",145,145,"AD","Fish milling/hovering","eykt_21","5/15/2017",NA
"536",17:11:59,"21",1,500.736,87.319,"yelloweye",145,145,"AD",NA,"eykt_21","5/15/2017",NA
"537",17:12:45,"21",1,NA,79.596,"rosethorn",150,150,NA,NA,"eykt_21","5/15/2017",NA
"538",17:13:03,"21",1,NA,115.112,"rosethorn",150,150,NA,NA,"eykt_21","5/15/2017",NA
"539",17:13:15,"21",1,NA,40.845,"yelloweye",145,145,"AD","Fish moving quickly into frame","eykt_21","5/15/2017",NA
"540",17:13:17,"21",1,642.601,20.398,"yelloweye",145,145,"AD",NA,"eykt_21","5/15/2017",NA
"541",17:13:38,"21",1,NA,90,"tiger",148,148,NA,NA,"eykt_21","5/15/2017",NA
"542",17:13:46,"21",1,NA,59.52,"yelloweye",145,145,"AD","Fish seeking cover","eykt_21","5/15/2017",NA
"543",17:14:00,"21",1,NA,68.675,"tiger",148,148,NA,NA,"eykt_21","5/15/2017",6.357
"544",17:14:05,"21",1,NA,67.495,"silvergray",157,157,NA,NA,"eykt_21","5/15/2017",NA
"545",17:14:29,"21",1,NA,49.859,"rosethorn",150,150,NA,NA,"eykt_21","5/15/2017",NA
"546",17:15:05,"21",1,NA,66.65,"rosethorn",150,150,NA,NA,"eykt_21","5/15/2017",NA
"547",17:15:19,"21",1,NA,55.595,"rosethorn",150,150,NA,NA,"eykt_21","5/15/2017",NA
"548",17:15:42,"21",1,NA,118.018,"silvergray",157,157,NA,NA,"eykt_21","5/15/2017",NA
"549",17:15:56,"21",1,NA,91.171,"rosethorn",150,150,NA,NA,"eykt_21","5/15/2017",NA
"550",17:16:42,"21",1,NA,92.428,"yelloweye",145,145,"JV","Fish milling/hovering","eykt_21","5/15/2017",NA
"551",17:16:44,"21",1,NA,55.989,"rosethorn",150,150,NA,NA,"eykt_21","5/15/2017",NA
"552",17:16:46,"21",1,303.472,57.269,"yelloweye",145,145,"JV",NA,"eykt_21","5/15/2017",NA
"553",17:16:53,"21",1,NA,32.569,"tiger",148,148,NA,NA,"eykt_21","5/15/2017",NA
"554",17:17:52,"21",1,NA,59.08,"tiger",148,148,NA,NA,"eykt_21","5/15/2017",NA
"555",17:18:00,"21",1,NA,67.823,"rosethorn",150,150,NA,NA,"eykt_21","5/15/2017",6.357
"556",17:18:10,"21",1,NA,21.215,"tiger",148,148,NA,NA,"eykt_21","5/15/2017",NA
"557",17:18:38,"21",1,NA,40.652,"tiger",148,148,NA,NA,"eykt_21","5/15/2017",NA
"558",17:19:08,"21",1,NA,144.735,"yelloweye",145,145,"AD","Fish milling/hovering","eykt_21","5/15/2017",NA
"559",17:19:27,"21",1,NA,80.884,"rosethorn",150,150,NA,NA,"eykt_21","5/15/2017",NA
"560",17:20:38,"21",1,NA,26.605,"rosethorn",150,150,NA,NA,"eykt_21","5/15/2017",NA
"561",17:20:47,"21",1,NA,299.49,"tiger",148,148,NA,NA,"eykt_21","5/15/2017",NA
"562",17:21:13,"21",1,NA,37.648,"rosethorn",150,150,NA,NA,"eykt_21","5/15/2017",NA
"563",17:21:44,"21",1,NA,27.04,"rosethorn",150,150,NA,NA,"eykt_21","5/15/2017",NA
"564",17:22:21,"21",1,NA,57.633,"yelloweye",145,145,"AD","Fish milling/hovering","eykt_21","5/15/2017",NA
"565",17:22:56,"21",1,NA,59.126,"rosethorn",150,150,NA,NA,"eykt_21","5/15/2017",NA
"566",17:23:06,"21",1,NA,71.845,"rosethorn",150,150,NA,NA,"eykt_21","5/15/2017",NA
"567",17:23:10,"21",1,NA,87.154,"tiger",148,148,NA,NA,"eykt_21","5/15/2017",NA
"568",17:23:17,"21",1,NA,17.321,"tiger",148,148,NA,NA,"eykt_21","5/15/2017",NA
"569",17:23:28,"21",1,NA,128.572,"silvergray",157,157,NA,NA,"eykt_21","5/15/2017",NA
"570",17:23:42,"21",1,NA,47.385,"rosethorn",150,150,NA,NA,"eykt_21","5/15/2017",NA
"571",17:23:45,"21",1,NA,78.043,"rosethorn",150,150,NA,NA,"eykt_21","5/15/2017",NA
"572",17:25:12,"21",1,NA,41.043,"rosethorn",150,150,NA,NA,"eykt_21","5/15/2017",NA
"573",17:25:13,"21",1,NA,57.115,"rosethorn",150,150,NA,NA,"eykt_21","5/15/2017",NA
"574",17:25:32,"21",1,NA,45.827,"rosethorn",150,150,NA,NA,"eykt_21","5/15/2017",NA
"575",17:25:58,"21",1,NA,28.582,"rosethorn",150,150,NA,NA,"eykt_21","5/15/2017",NA
"576",17:26:24,"21",1,NA,60.531,"silvergray",157,157,NA,NA,"eykt_21","5/15/2017",NA
"577",17:26:32,"21",1,NA,41.902,"yelloweye",145,145,"AD","Fish moving quickly into frame","eykt_21","5/15/2017",NA
"578",17:26:34,"21",1,510.405,28.56,"yelloweye",145,145,"AD",NA,"eykt_21","5/15/2017",NA
"579",17:27:18,"21",1,NA,75.388,"rosethorn",150,150,NA,NA,"eykt_21","5/15/2017",NA
"580",17:28:36,"21",1,NA,178.329,"yelloweye",145,145,"AD","Fish actively swimming in frame","eykt_21","5/15/2017",NA
"581",17:28:43,"21",1,NA,69.339,"rosethorn",150,150,NA,NA,"eykt_21","5/15/2017",NA
"582",17:28:43,"21",1,503.697,12.233,"yelloweye",145,145,"AD",NA,"eykt_21","5/15/2017",NA
"583",17:28:45,"21",1,NA,75.394,"rosethorn",150,150,NA,NA,"eykt_21","5/15/2017",NA
"584",17:29:26,"21",1,NA,47.786,"tiger",148,148,NA,NA,"eykt_21","5/15/2017",NA
"585",17:29:29,"21",1,NA,58.507,"rosethorn",150,150,NA,NA,"eykt_21","5/15/2017",NA
"586",17:30:57,"21",1,NA,52.042,"rosethorn",150,150,NA,NA,"eykt_21","5/15/2017",NA
"587",17:31:27,"21",1,NA,25.187,"rosethorn",150,150,NA,NA,"eykt_21","5/15/2017",NA
"588",17:32:31,"21",1,NA,10.264,"halibut",200,200,NA,NA,"eykt_21","5/15/2017",NA
"589",17:35:41,"21",1,NA,143.132,"yelloweye",145,145,"AD","Fish milling/hovering","eykt_21","5/15/2017",NA
"590",17:35:50,"21",1,542.696,47.104,"yelloweye",145,145,"AD",NA,"eykt_21","5/15/2017",NA
"591",17:38:06,"21",1,NA,47.477,"rosethorn",150,150,NA,NA,"eykt_21","5/15/2017",NA
"592",17:38:09,"21",1,NA,64.139,"rosethorn",150,150,NA,NA,"eykt_21","5/15/2017",NA
"593",17:40:00,"21",1,NA,182.341,"silvergray",157,157,NA,NA,"eykt_21","5/15/2017",6.382
"594",17:40:40,"21",1,NA,48.197,"rosethorn",150,150,NA,NA,"eykt_21","5/15/2017",NA
"595",17:40:43,"21",1,NA,92.93,"yelloweye",145,145,"AD","Fish resting on bottom","eykt_21","5/15/2017",NA
"596",17:40:49,"21",1,NA,18.54,"rosethorn",150,150,NA,NA,"eykt_21","5/15/2017",NA
"597",17:41:49,"21",1,NA,27.616,"tiger",148,148,NA,NA,"eykt_21","5/15/2017",NA
"598",17:43:16,"21",1,NA,131.57,"yelloweye",145,145,"AD","Fish milling/hovering","eykt_21","5/15/2017",NA
"599",17:43:26,"21",1,574.183,24.401,"yelloweye",145,145,"AD",NA,"eykt_21","5/15/2017",NA
"600",17:07:13,"21",1,NA,27.174,"rosethorn",150,150,NA,NA,"eykt_21","5/15/2017",NA
"601",17:11:14,"21",1,NA,40.117,"rosethorn",150,150,NA,NA,"eykt_21","5/15/2017",NA
"602",17:17:07,"21",1,NA,17.176,"tiger",148,148,NA,NA,"eykt_21","5/15/2017",NA
"603",17:08:06,"21",1,NA,NA,"tiger",148,148,NA,NA,"eykt_21","5/15/2017",NA
"604",17:10:02,"21",1,NA,NA,"rosethorn",150,150,NA,NA,"eykt_21","5/15/2017",NA
"605",17:19:25,"21",1,NA,NA,"tiger",148,148,NA,NA,"eykt_21","5/15/2017",NA
"606",17:35:52,"21",1,NA,NA,"rosethorn",150,150,NA,NA,"eykt_21","5/15/2017",NA
"607",18:28:16,"22",1,NA,68.05,"yelloweye",145,145,"SU","Fish milling/hovering","eykt_22","5/15/2017",NA
"608",18:28:21,"22",1,286.152,8.305,"yelloweye",145,145,"SU",NA,"eykt_22","5/15/2017",NA
"609",18:30:13,"22",1,NA,48.475,"yelloweye",145,145,"SU","Fish seeking cover","eykt_22","5/15/2017",NA
"610",18:31:44,"22",1,NA,119.149,"yelloweye",145,145,"AD","Fish chasing other fish","eykt_22","5/15/2017",NA
"611",18:31:50,"22",1,352.334,37.186,"yelloweye",145,145,"AD",NA,"eykt_22","5/15/2017",NA
"612",18:32:21,"22",1,NA,420.792,"yelloweye",145,145,"AD","Fish moving slowly into frame","eykt_22","5/15/2017",NA
"613",18:32:55,"22",1,NA,266.965,"kelp greenling",194,194,NA,NA,"eykt_22","5/15/2017",NA
"614",18:33:11,"22",1,NA,83.895,"yelloweye",145,145,"AD","Fish milling/hovering","eykt_22","5/15/2017",NA
"615",18:33:13,"22",1,NA,74.743,"yelloweye",145,145,"AD","Fish milling/hovering","eykt_22","5/15/2017",NA
"616",18:34:49,"22",1,NA,53.853,"yelloweye",145,145,"SU","Fish resting on bottom","eykt_22","5/15/2017",NA
"617",18:35:15,"22",1,NA,29.224,"yelloweye",145,145,"JV","Fish seeking cover","eykt_22","5/15/2017",NA
"618",18:35:19,"22",1,225.232,19.414,"yelloweye",145,145,"JV",NA,"eykt_22","5/15/2017",NA
"619",18:36:30,"22",1,NA,22.159,"rosethorn",150,150,NA,NA,"eykt_22","5/15/2017",NA
"620",18:38:06,"22",1,NA,305.943,"yelloweye",145,145,"AD","Fish milling/hovering","eykt_22","5/15/2017",NA
"621",18:40:01,"22",1,NA,67.297,"tiger",148,148,NA,NA,"eykt_22","5/15/2017",NA
"622",18:40:05,"22",1,NA,52.091,"silvergray",157,157,NA,NA,"eykt_22","5/15/2017",NA
"623",18:40:15,"22",1,NA,31.688,"silvergray",157,157,NA,NA,"eykt_22","5/15/2017",NA
"624",18:40:52,"22",1,NA,71.726,"silvergray",157,157,NA,NA,"eykt_22","5/15/2017",NA
"625",18:40:57,"22",1,NA,47.626,"rosethorn",150,150,NA,NA,"eykt_22","5/15/2017",NA
"626",18:41:26,"22",1,NA,49.317,"rosethorn",150,150,NA,NA,"eykt_22","5/15/2017",NA
"627",18:41:36,"22",1,NA,42.146,"silvergray",157,157,NA,NA,"eykt_22","5/15/2017",NA
"628",18:41:35,"22",1,NA,56.864,"silvergray",157,157,NA,NA,"eykt_22","5/15/2017",NA
"629",18:43:12,"22",1,NA,19.134,"yelloweye",145,145,"SU","Fish milling/hovering","eykt_22","5/15/2017",NA
"630",18:43:13,"22",1,270.175,24.737,"yelloweye",145,145,"SU",NA,"eykt_22","5/15/2017",NA
"631",18:45:02,"22",1,NA,30.676,"rosethorn",150,150,NA,NA,"eykt_22","5/15/2017",NA
"632",18:47:25,"22",1,NA,82.234,"lingcod",130,130,NA,NA,"eykt_22","5/15/2017",NA
"633",18:47:28,"22",1,594.168,69.844,"lingcod",130,130,NA,NA,"eykt_22","5/15/2017",NA
"634",18:47:25,"22",1,NA,70.692,"yelloweye",145,145,"AD","Fish actively swimming in frame","eykt_22","5/15/2017",NA
"635",18:48:08,"22",1,NA,39.952,"rosethorn",150,150,NA,NA,"eykt_22","5/15/2017",NA
"636",18:49:54,"22",1,NA,77.048,"yelloweye",145,145,"JV","Fish milling/hovering","eykt_22","5/15/2017",NA
"637",18:50:03,"22",1,298.958,38.082,"yelloweye",145,145,"JV",NA,"eykt_22","5/15/2017",NA
"638",18:51:04,"22",1,NA,49.14,"yelloweye",145,145,"AD","Fish resting on bottom","eykt_22","5/15/2017",NA
"639",18:51:07,"22",1,474.123,22.954,"yelloweye",145,145,"AD",NA,"eykt_22","5/15/2017",NA
"640",18:51:20,"22",1,NA,62.186,"rosethorn",150,150,NA,NA,"eykt_22","5/15/2017",NA
"641",18:53:29,"22",1,NA,179.134,"yelloweye",145,145,"AD","Fish actively swimming in frame","eykt_22","5/15/2017",NA
"642",18:53:53,"22",1,NA,92.261,"yelloweye",145,145,"AD","Fish milling/hovering","eykt_22","5/15/2017",NA
"643",18:54:05,"22",1,560.563,13.676,"yelloweye",145,145,"AD",NA,"eykt_22","5/15/2017",NA
"644",18:53:55,"22",1,NA,61.124,"yelloweye",145,145,"JV","Fish resting on bottom","eykt_22","5/15/2017",NA
"645",18:53:59,"22",1,246.287,55.174,"yelloweye",145,145,"JV",NA,"eykt_22","5/15/2017",NA
"646",18:55:07,"22",1,NA,62.207,"yelloweye",145,145,"AD","Fish resting on bottom","eykt_22","5/15/2017",NA
"647",18:55:10,"22",1,NA,27.333,"tiger",148,148,NA,NA,"eykt_22","5/15/2017",NA
"648",18:55:47,"22",1,NA,18.832,"yelloweye",145,145,"AD","Fish moving slowly into frame","eykt_22","5/15/2017",NA
"649",18:55:50,"22",1,449.879,20.538,"yelloweye",145,145,"AD",NA,"eykt_22","5/15/2017",NA
"650",18:56:32,"22",1,NA,31.4,"yelloweye",145,145,"JV","Fish milling/hovering","eykt_22","5/15/2017",NA
"651",18:56:33,"22",1,156.966,34.652,"yelloweye",145,145,"JV",NA,"eykt_22","5/15/2017",NA
"652",18:56:39,"22",1,NA,93.234,"silvergray",157,157,NA,NA,"eykt_22","5/15/2017",NA
"653",18:57:06,"22",1,NA,40.858,"rosethorn",150,150,NA,NA,"eykt_22","5/15/2017",NA
"654",18:57:34,"22",1,NA,53.388,"yelloweye",145,145,"AD","Chase other","eykt_22","5/15/2017",NA
"655",18:57:35,"22",1,543.185,13.321,"yelloweye",145,145,"AD",NA,"eykt_22","5/15/2017",NA
"656",18:58:38,"22",1,NA,2.412,"yelloweye",145,145,"AD","Fish moving quickly into frame","eykt_22","5/15/2017",NA
"657",18:58:45,"22",1,NA,48.221,"quillback",147,147,NA,NA,"eykt_22","5/15/2017",NA
"658",18:59:16,"22",1,NA,59.113,"lingcod",130,130,NA,NA,"eykt_22","5/15/2017",NA
"659",18:59:22,"22",1,607.987,15.378,"lingcod",130,130,NA,NA,"eykt_22","5/15/2017",NA
"660",19:01:15,"22",1,NA,94.9,"rosethorn",150,150,NA,NA,"eykt_22","5/15/2017",NA
"661",19:01:36,"22",1,NA,23.21,"yelloweye",145,145,"AD","Fish seeking cover","eykt_22","5/15/2017",NA
"662",19:03:07,"22",1,NA,70.137,"silvergray",157,157,NA,NA,"eykt_22","5/15/2017",NA
"663",19:04:32,"22",1,NA,52.251,"rosethorn",150,150,NA,NA,"eykt_22","5/15/2017",NA
"664",19:06:08,"22",1,NA,37.665,"silvergray",157,157,NA,NA,"eykt_22","5/15/2017",NA
"665",19:06:13,"22",1,NA,40.121,"quillback",147,147,NA,NA,"eykt_22","5/15/2017",NA
"666",19:06:19,"22",1,NA,75.616,"yelloweye",145,145,"AD","Fish milling/hovering","eykt_22","5/15/2017",NA
"667",19:06:41,"22",1,NA,131.423,"yelloweye",145,145,"AD","Fish milling/hovering","eykt_22","5/15/2017",NA
"668",19:08:20,"22",1,413.903,88.663,"yelloweye",145,145,"AD",NA,"eykt_22","5/15/2017",NA
"669",19:08:20,"22",1,NA,61.739,"yelloweye",145,145,"AD","Fish milling/hovering","eykt_22","5/15/2017",NA
"670",18:37:33,"22",1,NA,147.896,"yelloweye",145,145,"JV","Fish milling/hovering","eykt_22","5/15/2017",NA
"671",19:00:16,"22",1,NA,35.101,"yelloweye",145,145,"AD","Fish resting on bottom","eykt_22","5/15/2017",NA
"672",19:03:31,"22",1,NA,22.615,"rosethorn",150,150,NA,NA,"eykt_22","5/15/2017",NA
"673",19:03:31,"22",1,NA,NA,"yelloweye",145,145,"AD","Fish moving slowly into frame","eykt_22","5/15/2017",NA
"674",18:29:54,"22",1,NA,NA,"yelloweye",145,145,"AD","Fish moving slowly into frame","eykt_22","5/15/2017",NA
"675",18:53:49,"22",1,NA,NA,"rosethorn",150,150,NA,NA,"eykt_22","5/15/2017",NA
"676",18:55:18,"22",1,NA,NA,"yelloweye",145,145,"AD","Fish moving slowly into frame","eykt_22","5/15/2017",NA
"677",20:02:53,"23",1,NA,56.746,"lingcod",130,130,NA,NA,"eykt_23","5/15/2017",NA
"678",20:02:53,"23",1,1387.848,179.765,"lingcod",130,130,NA,NA,"eykt_23","5/15/2017",NA
"679",20:03:53,"23",1,NA,51.898,"rosethorn",150,150,NA,NA,"eykt_23","5/15/2017",NA
"680",20:03:53,"23",1,NA,55.574,"rosethorn",150,150,NA,NA,"eykt_23","5/15/2017",NA
"681",20:05:36,"23",1,NA,33.06,"rosethorn",150,150,NA,NA,"eykt_23","5/15/2017",NA
"682",20:06:31,"23",1,NA,58.289,"yelloweye",145,145,"AD","Fish milling/hovering","eykt_23","5/15/2017",NA
"683",20:06:37,"23",1,477.612,38.847,"yelloweye",145,145,"AD",NA,"eykt_23","5/15/2017",NA
"684",20:08:17,"23",1,NA,27.7,"rosethorn",150,150,NA,NA,"eykt_23","5/15/2017",NA
"685",20:10:25,"23",1,NA,39.229,"rosethorn",150,150,NA,NA,"eykt_23","5/15/2017",NA
"686",20:10:34,"23",1,NA,26.513,"rosethorn",150,150,NA,NA,"eykt_23","5/15/2017",NA
"687",20:12:29,"23",1,NA,58.927,"flatfish",10006,10006,NA,NA,"eykt_23","5/15/2017",NA
"688",20:14:26,"23",1,NA,146.158,"yelloweye",145,145,"AD","Fish milling/hovering","eykt_23","5/15/2017",NA
"689",20:14:29,"23",1,515.161,81.641,"yelloweye",145,145,"AD",NA,"eykt_23","5/15/2017",NA
"690",20:14:51,"23",1,NA,19.101,"rosethorn",150,150,NA,NA,"eykt_23","5/15/2017",NA
"691",20:17:26,"23",1,NA,48.145,"rosethorn",150,150,NA,NA,"eykt_23","5/15/2017",NA
"692",20:18:53,"23",1,NA,106.519,"lingcod",130,130,NA,NA,"eykt_23","5/15/2017",NA
"693",20:18:57,"23",1,666.047,89.282,"lingcod",130,130,NA,NA,"eykt_23","5/15/2017",NA
"694",20:19:13,"23",1,NA,50.634,"rosethorn",150,150,NA,NA,"eykt_23","5/15/2017",NA
"695",20:20:18,"23",1,NA,34.633,"rosethorn",150,150,NA,NA,"eykt_23","5/15/2017",NA
"696",20:21:07,"23",1,NA,43.715,"lingcod",130,130,NA,NA,"eykt_23","5/15/2017",NA
"697",20:25:52,"23",1,NA,77.368,"rosethorn",150,150,NA,NA,"eykt_23","5/15/2017",NA
"698",20:26:02,"23",1,NA,53.018,"rosethorn",150,150,NA,NA,"eykt_23","5/15/2017",NA
"699",20:27:00,"23",1,NA,40.405,"rosethorn",150,150,NA,NA,"eykt_23","5/15/2017",6.026
"700",20:27:36,"23",1,NA,88.05,"yelloweye",145,145,"AD","Fish milling/hovering","eykt_23","5/15/2017",NA
"701",20:30:42,"23",1,NA,22.478,"rosethorn",150,150,NA,NA,"eykt_23","5/15/2017",NA
"702",20:32:03,"23",1,NA,128.133,"yelloweye",145,145,"AD","Fish moving quickly out of frame","eykt_23","5/15/2017",NA
"703",20:32:29,"23",1,NA,40.697,"rosethorn",150,150,NA,NA,"eykt_23","5/15/2017",NA
"704",20:32:46,"23",1,NA,43.046,"rosethorn",150,150,NA,NA,"eykt_23","5/15/2017",NA
"705",20:33:06,"23",1,NA,27.893,"silvergray",157,157,NA,NA,"eykt_23","5/15/2017",NA
"706",20:33:09,"23",1,NA,57.092,"rosethorn",150,150,NA,NA,"eykt_23","5/15/2017",NA
"707",20:33:10,"23",1,NA,71.025,"dusky",172,172,NA,NA,"eykt_23","5/15/2017",NA
"708",20:33:29,"23",1,NA,34.637,"rosethorn",150,150,NA,NA,"eykt_23","5/15/2017",NA
"709",20:34:26,"23",1,NA,56.867,"rosethorn",150,150,NA,NA,"eykt_23","5/15/2017",NA
"710",20:34:49,"23",1,NA,33.913,"silvergray",157,157,NA,NA,"eykt_23","5/15/2017",NA
"711",20:35:21,"23",1,NA,39.556,"silvergray",157,157,NA,NA,"eykt_23","5/15/2017",NA
"712",20:35:25,"23",1,NA,41.177,"rosethorn",150,150,NA,NA,"eykt_23","5/15/2017",NA
"713",20:36:59,"23",1,NA,36.272,"rosethorn",150,150,NA,NA,"eykt_23","5/15/2017",NA
"714",20:37:10,"23",1,NA,131.785,"yelloweye",145,145,"AD","Fish milling/hovering","eykt_23","5/15/2017",NA
"715",20:37:48,"23",1,NA,43.514,"rosethorn",150,150,NA,NA,"eykt_23","5/15/2017",NA
"716",20:38:05,"23",1,NA,31.109,"rosethorn",150,150,NA,NA,"eykt_23","5/15/2017",NA
"717",20:38:19,"23",1,NA,42.246,"rosethorn",150,150,NA,NA,"eykt_23","5/15/2017",NA
"718",20:39:05,"23",1,NA,33.965,"rosethorn",150,150,NA,NA,"eykt_23","5/15/2017",NA
"719",20:39:52,"23",1,NA,22.955,"rosethorn",150,150,NA,NA,"eykt_23","5/15/2017",NA
"720",20:40:15,"23",1,NA,19.958,"rosethorn",150,150,NA,NA,"eykt_23","5/15/2017",NA
"721",20:42:27,"23",1,NA,46.345,"rosethorn",150,150,NA,NA,"eykt_23","5/15/2017",NA
"722",20:42:43,"23",1,NA,33.132,"lingcod",130,130,NA,NA,"eykt_23","5/15/2017",NA
"723",20:45:00,"23",1,NA,10.311,"red tree coral",10001,10001,NA,NA,"eykt_23","5/15/2017",6.026
"724",20:45:18,"23",1,NA,76.585,"yelloweye",145,145,"AD","Fish milling/hovering","eykt_23","5/15/2017",NA
"725",20:45:21,"23",1,486.289,81.217,"yelloweye",145,145,"AD",NA,"eykt_23","5/15/2017",NA
"726",20:45:21,"23",1,NA,60.824,"yelloweye",145,145,"SU","Fish milling/hovering","eykt_23","5/15/2017",NA
"727",20:45:24,"23",1,348.604,61.323,"yelloweye",145,145,"SU",NA,"eykt_23","5/15/2017",NA
"728",21:45:24,"23",1,NA,59.835,"rosethorn",150,150,NA,NA,"eykt_23","5/15/2017",NA
"729",22:45:24,"23",1,NA,21.071,"rosethorn",150,150,NA,NA,"eykt_23","5/15/2017",NA
"730",23:45:24,"23",1,NA,39.811,"rosethorn",150,150,NA,NA,"eykt_23","5/15/2017",NA
"731",05:19:02,"24",1,NA,60.456,"yelloweye",145,145,"JV","Fish milling/hovering","eykt_24","5/16/2017",NA
"732",05:19:03,"24",1,176.46,41.234,"yelloweye",145,145,"JV",NA,"eykt_24","5/16/2017",NA
"733",05:19:03,"24",1,NA,25.256,"red tree coral",10001,10001,NA,NA,"eykt_24","5/16/2017",NA
"734",05:30:22,"24",1,NA,16.479,"rosethorn",150,150,NA,NA,"eykt_24","5/16/2017",NA
"735",05:32:01,"24",1,NA,196.335,"lingcod",130,130,NA,NA,"eykt_24","5/16/2017",NA
"736",05:32:16,"24",1,NA,30.492,"rosethorn",150,150,NA,NA,"eykt_24","5/16/2017",NA
"737",05:32:30,"24",1,NA,69.56,"red tree coral",10001,10001,NA,NA,"eykt_24","5/16/2017",NA
"738",05:33:11,"24",1,NA,111.687,"red tree coral",10001,10001,NA,NA,"eykt_24","5/16/2017",NA
"739",05:33:41,"24",1,NA,52.157,"red tree coral",10001,10001,NA,NA,"eykt_24","5/16/2017",NA
"740",05:34:32,"24",1,NA,63.903,"rosethorn",150,150,NA,NA,"eykt_24","5/16/2017",NA
"741",05:34:51,"24",1,NA,152.169,"red tree coral",10001,10001,NA,NA,"eykt_24","5/16/2017",NA
"742",05:35:05,"24",1,NA,472.537,"halibut",200,200,NA,NA,"eykt_24","5/16/2017",NA
"743",05:37:11,"24",1,NA,76.16,"yelloweye",145,145,"JV","Fish milling/hovering","eykt_24","5/16/2017",NA
"744",05:37:36,"24",1,NA,73.284,"red tree coral",10001,10001,NA,NA,"eykt_24","5/16/2017",NA
"745",05:39:11,"24",1,NA,57.338,"yelloweye",145,145,"SU","Fish milling/hovering","eykt_24","5/16/2017",NA
"746",05:39:47,"24",1,NA,157.997,"yelloweye",145,145,"AD","Fish seeking cover","eykt_24","5/16/2017",NA
"747",05:39:50,"24",1,NA,108.798,"lingcod",130,130,NA,NA,"eykt_24","5/16/2017",NA
"748",05:39:51,"24",1,621.637,41.291,"lingcod",130,130,NA,NA,"eykt_24","5/16/2017",NA
"749",05:39:58,"24",1,NA,80.948,"yelloweye",145,145,"AD","Fish resting on bottom","eykt_24","5/16/2017",NA
"750",05:40:04,"24",1,521.43,30.107,"yelloweye",145,145,"AD",NA,"eykt_24","5/16/2017",NA
"751",05:40:30,"24",1,NA,93.638,"yelloweye",145,145,"SU","Fish milling/hovering","eykt_24","5/16/2017",NA
"752",05:41:29,"24",1,NA,49.954,"rosethorn",150,150,NA,NA,"eykt_24","5/16/2017",NA
"753",05:43:09,"24",1,NA,96.167,"lingcod",130,130,NA,NA,"eykt_24","5/16/2017",NA
"754",05:43:54,"24",1,NA,52.248,"lingcod",130,130,NA,NA,"eykt_24","5/16/2017",NA
"755",05:44:10,"24",1,NA,236.392,"yelloweye",145,145,"AD","Fish seeking cover","eykt_24","5/16/2017",NA
"756",05:44:32,"24",1,NA,42.574,"rosethorn",150,150,NA,NA,"eykt_24","5/16/2017",NA
"757",05:44:37,"24",1,NA,84.975,"yelloweye",145,145,"JV","Fish resting on bottom","eykt_24","5/16/2017",NA
"758",05:44:42,"24",1,NA,85.086,"dusky",172,172,NA,NA,"eykt_24","5/16/2017",NA
"759",05:45:01,"24",1,NA,183.245,"tiger",148,148,NA,NA,"eykt_24","5/16/2017",NA
"760",05:45:13,"24",1,NA,42.995,"lingcod",130,130,NA,NA,"eykt_24","5/16/2017",NA
"761",05:45:30,"24",1,NA,79.697,"wolf eel",217,217,NA,NA,"eykt_24","5/16/2017",NA
"762",05:46:49,"24",1,NA,79.818,"halibut",200,200,NA,NA,"eykt_24","5/16/2017",NA
"763",05:58:54,"24",1,NA,64.615,"rosethorn",150,150,NA,NA,"eykt_24","5/16/2017",NA
"764",05:59:16,"24",1,NA,48.097,"rosethorn",150,150,NA,NA,"eykt_24","5/16/2017",NA
"765",05:59:36,"24",1,NA,108.884,"rosethorn",150,150,NA,NA,"eykt_24","5/16/2017",NA
"766",05:59:43,"24",1,NA,93.584,"rosethorn",150,150,NA,NA,"eykt_24","5/16/2017",NA
"767",05:59:54,"24",1,NA,88.463,"rosethorn",150,150,NA,NA,"eykt_24","5/16/2017",NA
"768",06:00:20,"24",1,NA,61.136,"lingcod",130,130,NA,NA,"eykt_24","5/16/2017",NA
"769",06:00:48,"24",1,NA,89.144,"rosethorn",150,150,NA,NA,"eykt_24","5/16/2017",NA
"770",06:01:13,"24",1,NA,148.917,"wolf eel",217,217,NA,NA,"eykt_24","5/16/2017",NA
"771",06:01:17,"24",1,NA,53.003,"rosethorn",150,150,NA,NA,"eykt_24","5/16/2017",NA
"772",06:01:17,"24",1,NA,178.011,"yelloweye",145,145,"AD","Fish milling/hovering","eykt_24","5/16/2017",NA
"773",06:01:29,"24",1,598.711,73.853,"yelloweye",145,145,"AD",NA,"eykt_24","5/16/2017",NA
"774",06:01:25,"24",1,NA,72.496,"dusky",172,172,NA,NA,"eykt_24","5/16/2017",NA
"775",06:01:31,"24",1,NA,89.386,"dusky",172,172,NA,NA,"eykt_24","5/16/2017",NA
"776",06:01:31,"24",1,NA,124.759,"dusky",172,172,NA,NA,"eykt_24","5/16/2017",NA
"777",06:01:47,"24",1,NA,68.944,"prowfish",215,215,NA,NA,"eykt_24","5/16/2017",NA
"778",06:01:51,"24",1,NA,178.223,"dusky",172,172,NA,NA,"eykt_24","5/16/2017",NA
"779",06:02:18,"24",1,NA,72.442,"rosethorn",150,150,NA,NA,"eykt_24","5/16/2017",NA
"780",06:02:19,"24",1,NA,149.208,"lingcod",130,130,NA,NA,"eykt_24","5/16/2017",NA
"781",06:02:27,"24",1,706.484,22.176,"lingcod",130,130,NA,NA,"eykt_24","5/16/2017",NA
"782",06:02:23,"24",1,NA,40.449,"rosethorn",150,150,NA,NA,"eykt_24","5/16/2017",NA
"783",05:24:42,"24",1,NA,61.985,"rosethorn",150,150,NA,NA,"eykt_24","5/16/2017",NA
"784",05:50:24,"24",1,NA,394.856,"rosethorn",150,150,NA,NA,"eykt_24","5/16/2017",NA
"785",05:44:11,"24",1,NA,32.868,"rosethorn",150,150,NA,NA,"eykt_24","5/16/2017",NA
"786",05:38:15,"24",1,NA,6.255,"rosethorn",150,150,NA,NA,"eykt_24","5/16/2017",NA
"787",05:34:51,"24",1,NA,27.434,"rosethorn",150,150,NA,NA,"eykt_24","5/16/2017",NA
"788",05:34:41,"24",1,NA,33.259,"rosethorn",150,150,NA,NA,"eykt_24","5/16/2017",NA
"789",05:33:31,"24",1,NA,21.003,"rosethorn",150,150,NA,NA,"eykt_24","5/16/2017",NA
"790",05:37:25,"24",1,NA,NA,"yelloweye",145,145,"JV","Fish milling/hovering","eykt_24","5/16/2017",NA
"791",05:38:49,"24",1,NA,NA,"yelloweye",145,145,"AD","Fish seeking cover","eykt_24","5/16/2017",NA
"792",05:39:01,"24",1,NA,NA,"yelloweye",145,145,"AD","Fish resting on bottom","eykt_24","5/16/2017",NA
"793",05:40:18,"24",1,NA,NA,"yelloweye",145,145,"AD","Fish milling/hovering","eykt_24","5/16/2017",NA
"794",05:40:18,"24",1,NA,NA,"yelloweye",145,145,"AD","Fish seeking cover","eykt_24","5/16/2017",NA
"795",06:49:31,"25",1,NA,25.155,"rosethorn",150,150,NA,NA,"eykt_25","5/16/2017",NA
"796",06:50:34,"25",1,NA,153.269,"yelloweye",145,145,"AD","Fish resting on bottom","eykt_25","5/16/2017",NA
"797",06:50:40,"25",1,615.141,81.116,"yelloweye",145,145,"AD",NA,"eykt_25","5/16/2017",NA
"798",06:50:46,"25",1,NA,130.979,"yelloweye",145,145,"AD","Fish milling/hovering","eykt_25","5/16/2017",NA
"799",06:51:55,"25",1,NA,67.673,"dusky",172,172,NA,NA,"eykt_25","5/16/2017",NA
"800",06:52:54,"25",1,NA,61.631,"rosethorn",150,150,NA,NA,"eykt_25","5/16/2017",NA
"801",06:53:15,"25",1,NA,68.119,"dusky",172,172,NA,NA,"eykt_25","5/16/2017",NA
"802",06:53:23,"25",1,NA,246.319,"dusky",172,172,NA,NA,"eykt_25","5/16/2017",NA
"803",06:54:13,"25",1,NA,53.723,"dusky",172,172,NA,NA,"eykt_25","5/16/2017",NA
"804",06:59:21,"25",1,NA,99.338,"dusky",172,172,NA,NA,"eykt_25","5/16/2017",NA
"805",06:59:48,"25",1,NA,34.764,"dusky",172,172,NA,NA,"eykt_25","5/16/2017",NA
"806",07:00:11,"25",1,NA,60.477,"dusky",172,172,NA,NA,"eykt_25","5/16/2017",NA
"807",07:00:13,"25",1,NA,111.018,"red tree coral",10001,10001,NA,NA,"eykt_25","5/16/2017",NA
"808",07:00:13,"25",1,NA,43.093,"dusky",172,172,NA,NA,"eykt_25","5/16/2017",NA
"809",07:00:13,"25",1,NA,67.051,"dusky",172,172,NA,NA,"eykt_25","5/16/2017",NA
"810",07:00:21,"25",1,NA,42.912,"dusky",172,172,NA,NA,"eykt_25","5/16/2017",NA
"811",07:01:42,"25",1,NA,145.21,"rosethorn",150,150,NA,NA,"eykt_25","5/16/2017",NA
"812",07:01:47,"25",1,NA,32.784,"rosethorn",150,150,NA,NA,"eykt_25","5/16/2017",NA
"813",07:12:53,"25",1,NA,44.125,"rosethorn",150,150,NA,NA,"eykt_25","5/16/2017",NA
"814",07:13:21,"25",1,NA,248.076,"lingcod",130,130,NA,NA,"eykt_25","5/16/2017",NA
"815",07:14:18,"25",1,NA,163.465,"lingcod",130,130,NA,NA,"eykt_25","5/16/2017",NA
"816",07:16:33,"25",1,NA,88.244,"rosethorn",150,150,NA,NA,"eykt_25","5/16/2017",NA
"817",07:17:54,"25",1,NA,67.26,"yelloweye",145,145,"AD","Fish moving quickly into frame","eykt_25","5/16/2017",NA
"818",07:17:54,"25",1,563.623,60.258,"yelloweye",145,145,"AD",NA,"eykt_25","5/16/2017",NA
"819",07:27:17,"25",1,NA,56.516,"rosethorn",150,150,NA,NA,"eykt_25","5/16/2017",NA
"820",07:29:10,"25",1,NA,35.686,"rosethorn",150,150,NA,NA,"eykt_25","5/16/2017",NA
"821",07:29:10,"25",1,NA,77.884,"lingcod",130,130,NA,NA,"eykt_25","5/16/2017",NA
"822",07:31:01,"25",1,NA,76.095,"yelloweye",145,145,"AD","Fish milling/hovering","eykt_25","5/16/2017",NA
"823",07:31:02,"25",1,535.675,17.064,"yelloweye",145,145,"AD",NA,"eykt_25","5/16/2017",NA
"824",07:31:29,"25",1,NA,54.279,"yelloweye",145,145,"JV","Fish milling/hovering","eykt_25","5/16/2017",NA
"825",07:32:04,"25",1,NA,27.327,"lingcod",130,130,NA,NA,"eykt_25","5/16/2017",NA
"826",07:32:20,"25",1,NA,85.694,"lingcod",130,130,NA,NA,"eykt_25","5/16/2017",NA
"827",07:32:35,"25",1,NA,25.761,"yelloweye",145,145,"AD","Fish resting on bottom","eykt_25","5/16/2017",NA
"828",07:32:50,"25",1,NA,32.532,"yelloweye",145,145,"SU","Fish milling/hovering","eykt_25","5/16/2017",NA
"829",07:32:50,"25",1,349.839,67.741,"yelloweye",145,145,"SU",NA,"eykt_25","5/16/2017",NA
"830",07:00:48,"25",1,NA,28.024,"rosethorn",150,150,NA,NA,"eykt_25","5/16/2017",NA
"831",07:13:23,"25",1,NA,14.455,"rosethorn",150,150,NA,NA,"eykt_25","5/16/2017",NA
"832",07:17:10,"25",1,NA,29.811,"tiger",148,148,NA,NA,"eykt_25","5/16/2017",NA
"833",07:28:48,"25",1,NA,40.601,"rosethorn",150,150,NA,NA,"eykt_25","5/16/2017",NA
"834",07:33:09,"25",1,NA,27.389,"kelp greenling",194,194,NA,NA,"eykt_25","5/16/2017",NA
"835",07:33:21,"25",1,NA,34.994,"lingcod",130,130,NA,NA,"eykt_25","5/16/2017",NA
"836",06:56:04,"25",1,NA,NA,"rosethorn",150,150,NA,NA,"eykt_25","5/16/2017",NA
"837",08:06:37,"26",1,NA,30.834,"rosethorn",150,150,NA,NA,"eykt_26","5/16/2017",NA
"838",08:07:21,"26",1,NA,37.514,"rosethorn",150,150,NA,NA,"eykt_26","5/16/2017",NA
"839",08:11:24,"26",1,NA,166.824,"lingcod",130,130,NA,NA,"eykt_26","5/16/2017",NA
"840",08:11:27,"26",1,NA,123.545,"lingcod",130,130,NA,NA,"eykt_26","5/16/2017",NA
"841",08:19:24,"26",1,NA,19.424,"rosethorn",150,150,NA,NA,"eykt_26","5/16/2017",NA
"842",08:20:19,"26",1,NA,26.034,"rosethorn",150,150,NA,NA,"eykt_26","5/16/2017",NA
"843",08:20:31,"26",1,NA,17.874,"rosethorn",150,150,NA,NA,"eykt_26","5/16/2017",NA
"844",08:22:00,"26",1,NA,68.808,"rosethorn",150,150,NA,NA,"eykt_26","5/16/2017",NA
"845",08:22:14,"26",1,NA,22.612,"rosethorn",150,150,NA,NA,"eykt_26","5/16/2017",NA
"846",08:23:36,"26",1,NA,39.777,"rosethorn",150,150,NA,NA,"eykt_26","5/16/2017",NA
"847",08:23:56,"26",1,NA,54.318,"rosethorn",150,150,NA,NA,"eykt_26","5/16/2017",NA
"848",08:25:55,"26",1,NA,104.708,"rosethorn",150,150,NA,NA,"eykt_26","5/16/2017",NA
"849",08:26:02,"26",1,NA,75.903,"rosethorn",150,150,NA,NA,"eykt_26","5/16/2017",NA
"850",08:26:12,"26",1,NA,43.544,"red tree coral",10001,10001,NA,NA,"eykt_26","5/16/2017",NA
"851",08:26:17,"26",1,NA,194.236,"yelloweye",145,145,"AD","Fish actively swimming in frame","eykt_26","5/16/2017",NA
"852",08:26:17,"26",1,577.153,77.673,"yelloweye",145,145,"AD",NA,"eykt_26","5/16/2017",NA
"853",08:26:35,"26",1,NA,105.136,"yelloweye",145,145,"AD","Fish actively swimming in frame","eykt_26","5/16/2017",NA
"854",08:27:01,"26",1,NA,121.853,"yelloweye",145,145,"AD","Fish actively swimming in frame","eykt_26","5/16/2017",NA
"855",08:27:29,"26",1,NA,65.998,"rosethorn",150,150,NA,NA,"eykt_26","5/16/2017",NA
"856",08:27:59,"26",1,NA,100.053,"dusky",172,172,NA,NA,"eykt_26","5/16/2017",NA
"857",08:28:24,"26",1,NA,47.172,"dusky",172,172,NA,NA,"eykt_26","5/16/2017",NA
"858",08:29:57,"26",1,NA,108.395,"lingcod",130,130,NA,NA,"eykt_26","5/16/2017",NA
"859",08:30:01,"26",1,791.087,89.676,"lingcod",130,130,NA,NA,"eykt_26","5/16/2017",NA
"860",08:32:57,"26",1,NA,72.199,"lingcod",130,130,NA,NA,"eykt_26","5/16/2017",NA
"861",08:33:37,"26",1,NA,421.466,"rosethorn",150,150,NA,NA,"eykt_26","5/16/2017",NA
"862",08:36:44,"26",1,NA,65.669,"yelloweye",145,145,"JV","Fish chasing other fish","eykt_26","5/16/2017",NA
"863",08:38:36,"26",1,NA,34.435,"halibut",200,200,NA,NA,"eykt_26","5/16/2017",NA
"864",08:40:01,"26",1,NA,73.499,"rosethorn",150,150,NA,NA,"eykt_26","5/16/2017",NA
"865",08:41:18,"26",1,NA,21.497,"rosethorn",150,150,NA,NA,"eykt_26","5/16/2017",NA
"866",08:42:18,"26",1,NA,56.753,"rosethorn",150,150,NA,NA,"eykt_26","5/16/2017",NA
"867",08:42:58,"26",1,NA,12.427,"rosethorn",150,150,NA,NA,"eykt_26","5/16/2017",NA
"868",08:43:13,"26",1,NA,113.541,"rosethorn",150,150,NA,NA,"eykt_26","5/16/2017",NA
"869",08:10:58,"26",1,NA,19.425,"rosethorn",150,150,NA,NA,"eykt_26","5/16/2017",NA
"870",08:13:05,"26",1,NA,44.015,"rosethorn",150,150,NA,NA,"eykt_26","5/16/2017",NA
"871",08:23:07,"26",1,NA,41.91,"rosethorn",150,150,NA,NA,"eykt_26","5/16/2017",NA
"872",08:26:19,"26",1,NA,18.126,"yelloweye",145,145,"AD","Fish seeking cover","eykt_26","5/16/2017",NA
"873",08:41:01,"26",1,NA,37.046,"rosethorn",150,150,NA,NA,"eykt_26","5/16/2017",NA
"874",08:04:44,"26",1,NA,NA,"rosethorn",150,150,NA,NA,"eykt_26","5/16/2017",NA
"875",08:30:00,"26",1,NA,NA,"rosethorn",150,150,NA,NA,"eykt_26","5/16/2017",NA
"876",08:35:17,"26",1,NA,NA,"rosethorn",150,150,NA,NA,"eykt_26","5/16/2017",NA
"877",09:26:41,"27",1,NA,81.917,"red tree coral",10001,10001,NA,NA,"eykt_27","5/16/2017",NA
"878",09:26:42,"27",1,NA,144.456,"dusky",172,172,NA,NA,"eykt_27","5/16/2017",NA
"879",09:26:43,"27",1,NA,358.885,"dusky",172,172,NA,NA,"eykt_27","5/16/2017",NA
"880",09:26:43,"27",1,NA,203.999,"dusky",172,172,NA,NA,"eykt_27","5/16/2017",NA
"881",09:26:43,"27",1,NA,58.074,"dusky",172,172,NA,NA,"eykt_27","5/16/2017",NA
"882",09:26:45,"27",1,NA,40.3,"dusky",172,172,NA,NA,"eykt_27","5/16/2017",NA
"883",09:26:47,"27",1,NA,7.347,"dusky",172,172,NA,NA,"eykt_27","5/16/2017",NA
"884",09:26:48,"27",1,NA,162.809,"dusky",172,172,NA,NA,"eykt_27","5/16/2017",NA
"885",09:26:48,"27",1,NA,157.152,"dusky",172,172,NA,NA,"eykt_27","5/16/2017",NA
"886",09:27:18,"27",1,NA,77.536,"dusky",172,172,NA,NA,"eykt_27","5/16/2017",NA
"887",09:27:19,"27",1,NA,84.019,"dusky",172,172,NA,NA,"eykt_27","5/16/2017",NA
"888",09:27:27,"27",1,NA,115.358,"dusky",172,172,NA,NA,"eykt_27","5/16/2017",NA
"889",09:27:29,"27",1,NA,113.122,"dusky",172,172,NA,NA,"eykt_27","5/16/2017",NA
"890",09:27:34,"27",1,NA,139.473,"dusky",172,172,NA,NA,"eykt_27","5/16/2017",NA
"891",09:33:20,"27",1,NA,117.396,"yelloweye",145,145,"AD","Fish actively swimming in frame","eykt_27","5/16/2017",NA
"892",09:33:33,"27",1,594.102,40.344,"yelloweye",145,145,"AD",NA,"eykt_27","5/16/2017",NA
"893",09:33:41,"27",1,NA,27.627,"rosethorn",150,150,NA,NA,"eykt_27","5/16/2017",NA
"894",09:34:25,"27",1,NA,23.332,"flatfish",10006,10006,NA,NA,"eykt_27","5/16/2017",NA
"895",09:36:19,"27",1,NA,15.715,"flatfish",10006,10006,NA,NA,"eykt_27","5/16/2017",NA
"896",09:38:33,"27",1,NA,14.966,"flatfish",10006,10006,NA,NA,"eykt_27","5/16/2017",NA
"897",09:42:29,"27",1,NA,9.065,"flatfish",10006,10006,NA,NA,"eykt_27","5/16/2017",NA
"898",09:42:37,"27",1,NA,11.982,"flatfish",10006,10006,NA,NA,"eykt_27","5/16/2017",NA
"899",09:42:57,"27",1,NA,8.494,"flatfish",10006,10006,NA,NA,"eykt_27","5/16/2017",NA
"900",09:43:06,"27",1,NA,9.575,"flatfish",10006,10006,NA,NA,"eykt_27","5/16/2017",NA
"901",09:44:42,"27",1,NA,16.116,"flatfish",10006,10006,NA,NA,"eykt_27","5/16/2017",NA
"902",09:45:50,"27",1,NA,22.08,"flatfish",10006,10006,NA,NA,"eykt_27","5/16/2017",NA
"903",09:52:19,"27",1,NA,6.354,"flatfish",10006,10006,NA,NA,"eykt_27","5/16/2017",NA
"904",09:58:06,"27",1,NA,10.696,"flatfish",10006,10006,NA,NA,"eykt_27","5/16/2017",NA
"905",09:58:37,"27",1,NA,15.134,"flatfish",10006,10006,NA,NA,"eykt_27","5/16/2017",NA
"906",10:02:36,"27",1,NA,21.399,"ratfish",714,714,NA,NA,"eykt_27","5/16/2017",NA
"907",10:57:47,"28",1,NA,14.045,"box crab",900,900,NA,NA,"eykt_28","5/16/2017",NA
"908",11:00:02,"28",1,NA,34.508,"lingcod",130,130,NA,NA,"eykt_28","5/16/2017",NA
"909",11:01:20,"28",1,NA,46.328,"yelloweye",145,145,"AD","Fish moving slowly into frame","eykt_28","5/16/2017",NA
"910",11:03:50,"28",1,NA,15.074,"rosethorn",150,150,NA,NA,"eykt_28","5/16/2017",NA
"911",11:08:08,"28",1,NA,28.229,"rosethorn",150,150,NA,NA,"eykt_28","5/16/2017",NA
"912",11:08:38,"28",1,NA,44.034,"rosethorn",150,150,NA,NA,"eykt_28","5/16/2017",NA
"913",11:28:18,"28",1,NA,20.641,"dusky",172,172,NA,NA,"eykt_28","5/16/2017",NA
"914",11:08:53,"28",1,NA,23.216,"rosethorn",150,150,NA,NA,"eykt_28","5/16/2017",NA
"915",11:03:22,"28",1,NA,21.74,"rosethorn",150,150,NA,NA,"eykt_28","5/16/2017",NA
"916",12:10:03,"29",1,NA,66.25,"yelloweye",145,145,"SU","Fish milling/hovering","eykt_29","5/16/2017",NA
"917",12:10:07,"29",1,275.295,28.038,"yelloweye",145,145,"SU",NA,"eykt_29","5/16/2017",NA
"918",12:11:21,"29",1,NA,34.349,"rosethorn",150,150,NA,NA,"eykt_29","5/16/2017",NA
"919",12:12:36,"29",1,NA,23.631,"rosethorn",150,150,NA,NA,"eykt_29","5/16/2017",NA
"920",12:13:29,"29",1,NA,39.007,"rosethorn",150,150,NA,NA,"eykt_29","5/16/2017",NA
"921",12:16:02,"29",1,NA,63.804,"silvergray",157,157,NA,NA,"eykt_29","5/16/2017",NA
"922",12:18:43,"29",1,NA,109.643,"yelloweye",145,145,"AD","Fish milling/hovering","eykt_29","5/16/2017",NA
"923",12:18:48,"29",1,482.996,62.84,"yelloweye",145,145,"AD",NA,"eykt_29","5/16/2017",NA
"924",12:19:28,"29",1,NA,44.062,"yelloweye",145,145,"AD","Fish milling/hovering","eykt_29","5/16/2017",NA
"925",12:19:32,"29",1,NA,31.236,"rosethorn",150,150,NA,NA,"eykt_29","5/16/2017",NA
"926",12:21:08,"29",1,NA,39.821,"rosethorn",150,150,NA,NA,"eykt_29","5/16/2017",NA
"927",12:21:38,"29",1,NA,52.706,"lingcod",130,130,NA,NA,"eykt_29","5/16/2017",NA
"928",12:21:41,"29",1,504.017,24.732,"lingcod",130,130,NA,NA,"eykt_29","5/16/2017",NA
"929",12:22:38,"29",1,NA,9.853,"rosethorn",150,150,NA,NA,"eykt_29","5/16/2017",NA
"930",12:25:31,"29",1,NA,11.824,"rosethorn",150,150,NA,NA,"eykt_29","5/16/2017",NA
"931",12:25:55,"29",1,NA,31.823,"silvergray",157,157,NA,NA,"eykt_29","5/16/2017",NA
"932",12:31:28,"29",1,NA,71.93,"rosethorn",150,150,NA,NA,"eykt_29","5/16/2017",NA
"933",12:31:45,"29",1,NA,17.111,"rosethorn",150,150,NA,NA,"eykt_29","5/16/2017",NA
"934",12:34:04,"29",1,NA,67.805,"spiny dogfish",691,691,NA,NA,"eykt_29","5/16/2017",NA
"935",12:35:21,"29",1,NA,72.189,"yelloweye",145,145,"AD","Fish milling/hovering","eykt_29","5/16/2017",NA
"936",12:44:41,"29",1,NA,34.114,"rosethorn",150,150,NA,NA,"eykt_29","5/16/2017",NA
"937",12:44:47,"29",1,NA,48.742,"yelloweye",145,145,"AD","Fish milling/hovering","eykt_29","5/16/2017",NA
"938",12:44:49,"29",1,503.553,59.957,"yelloweye",145,145,"AD",NA,"eykt_29","5/16/2017",NA
"939",12:46:45,"29",1,NA,38.463,"lingcod",130,130,NA,NA,"eykt_29","5/16/2017",NA
"940",12:46:49,"29",1,541.679,6.309,"lingcod",130,130,NA,NA,"eykt_29","5/16/2017",NA
"941",12:47:50,"29",1,NA,22.642,"rosethorn",150,150,NA,NA,"eykt_29","5/16/2017",NA
"942",12:12:25,"29",1,NA,45.644,"rosethorn",150,150,NA,NA,"eykt_29","5/16/2017",NA
"943",12:18:13,"29",1,NA,18.011,"tiger",148,148,NA,NA,"eykt_29","5/16/2017",NA
"944",12:33:38,"29",1,NA,19.268,"yelloweye",145,145,"AD","Fish seeking cover","eykt_29","5/16/2017",NA
"945",12:18:11,"29",1,NA,NA,"rosethorn",150,150,NA,NA,"eykt_29","5/16/2017",NA
"946",12:34:51,"29",1,NA,NA,"rosethorn",150,150,NA,NA,"eykt_29","5/16/2017",NA
"947",06:23:50,"03",1,NA,79.939,"rosethorn",150,150,NA,NA,"eykt_3","5/11/2017",NA
"948",06:24:08,"03",1,NA,27.131,"rosethorn",150,150,NA,NA,"eykt_3","5/11/2017",NA
"949",06:24:32,"03",1,NA,57.485,"rosethorn",150,150,NA,NA,"eykt_3","5/11/2017",NA
"950",06:24:45,"03",1,NA,26.335,"yelloweye",145,145,"JV","Fish milling/hovering","eykt_3","5/11/2017",NA
"951",06:24:48,"03",1,157.507,8.727,"yelloweye",145,145,"JV",NA,"eykt_3","5/11/2017",NA
"952",06:25:03,"03",1,NA,57.953,"rosethorn",150,150,NA,NA,"eykt_3","5/11/2017",NA
"953",06:25:15,"03",1,NA,62.52,"rosethorn",150,150,NA,NA,"eykt_3","5/11/2017",NA
"954",06:25:35,"03",1,NA,89.205,"rosethorn",150,150,NA,NA,"eykt_3","5/11/2017",NA
"955",06:25:42,"03",1,NA,26.924,"lingcod",130,130,NA,NA,"eykt_3","5/11/2017",NA
"956",06:27:02,"03",1,NA,94.168,"rosethorn",150,150,NA,NA,"eykt_3","5/11/2017",NA
"957",06:27:03,"03",1,NA,77.748,"rosethorn",150,150,NA,NA,"eykt_3","5/11/2017",NA
"958",06:27:07,"03",1,NA,88.168,"rosethorn",150,150,NA,NA,"eykt_3","5/11/2017",NA
"959",06:27:08,"03",1,NA,59.603,"rosethorn",150,150,NA,NA,"eykt_3","5/11/2017",NA
"960",06:27:31,"03",1,NA,42.523,"rosethorn",150,150,NA,NA,"eykt_3","5/11/2017",NA
"961",06:27:31,"03",1,NA,48.594,"rosethorn",150,150,NA,NA,"eykt_3","5/11/2017",NA
"962",06:27:31,"03",1,NA,42.884,"rosethorn",150,150,NA,NA,"eykt_3","5/11/2017",NA
"963",06:27:31,"03",1,NA,46.701,"rosethorn",150,150,NA,NA,"eykt_3","5/11/2017",NA
"964",06:28:31,"03",1,NA,51.991,"rosethorn",150,150,NA,NA,"eykt_3","5/11/2017",NA
"965",06:28:35,"03",1,NA,33.192,"rosethorn",150,150,NA,NA,"eykt_3","5/11/2017",NA
"966",06:29:19,"03",1,NA,36.483,"yelloweye",145,145,"AD","Fish seeking cover","eykt_3","5/11/2017",NA
"967",06:29:24,"03",1,NA,16.671,"rosethorn",150,150,NA,NA,"eykt_3","5/11/2017",NA
"968",06:29:24,"03",1,NA,26.774,"rosethorn",150,150,NA,NA,"eykt_3","5/11/2017",NA
"969",06:29:24,"03",1,NA,92.457,"rosethorn",150,150,NA,NA,"eykt_3","5/11/2017",NA
"970",06:29:43,"03",1,NA,74.226,"rosethorn",150,150,NA,NA,"eykt_3","5/11/2017",NA
"971",06:40:50,"03",1,NA,94.702,"lingcod",130,130,NA,NA,"eykt_3","5/11/2017",NA
"972",06:40:56,"03",1,663.901,17.152,"lingcod",130,130,NA,NA,"eykt_3","5/11/2017",NA
"973",06:41:11,"03",1,NA,62.513,"rosethorn",150,150,NA,NA,"eykt_3","5/11/2017",NA
"974",06:43:38,"03",1,NA,65.045,"rosethorn",150,150,NA,NA,"eykt_3","5/11/2017",NA
"975",06:43:57,"03",1,NA,81.774,"silvergray",157,157,NA,NA,"eykt_3","5/11/2017",NA
"976",06:44:02,"03",1,NA,76.979,"rosethorn",150,150,NA,NA,"eykt_3","5/11/2017",NA
"977",06:44:29,"03",1,NA,68.057,"dusky",172,172,NA,NA,"eykt_3","5/11/2017",NA
"978",06:44:38,"03",1,NA,74.119,"rosethorn",150,150,NA,NA,"eykt_3","5/11/2017",NA
"979",06:44:44,"03",1,NA,24.329,"wolf eel",217,217,NA,NA,"eykt_3","5/11/2017",NA
"980",06:45:13,"03",1,NA,98.555,"silvergray",157,157,NA,NA,"eykt_3","5/11/2017",NA
"981",06:45:24,"03",1,NA,33.869,"rosethorn",150,150,NA,NA,"eykt_3","5/11/2017",NA
"982",06:45:46,"03",1,NA,131.289,"yelloweye",145,145,"AD","Fish actively swimming in frame","eykt_3","5/11/2017",NA
"983",06:45:53,"03",1,566.451,58.921,"yelloweye",145,145,"AD",NA,"eykt_3","5/11/2017",NA
"984",06:48:19,"03",1,NA,38.655,"rosethorn",150,150,NA,NA,"eykt_3","5/11/2017",NA
"985",06:48:19,"03",1,NA,100.23,"yelloweye",145,145,"AD","Fish milling/hovering","eykt_3","5/11/2017",NA
"986",06:48:58,"03",1,NA,27.535,"rosethorn",150,150,NA,NA,"eykt_3","5/11/2017",NA
"987",06:49:00,"03",1,NA,129.711,"dusky",172,172,NA,NA,"eykt_3","5/11/2017",NA
"988",06:49:20,"03",1,NA,34.137,"rosethorn",150,150,NA,NA,"eykt_3","5/11/2017",NA
"989",06:49:35,"03",1,NA,29.607,"tiger",148,148,NA,NA,"eykt_3","5/11/2017",NA
"990",06:49:40,"03",1,NA,129.951,"dusky",172,172,NA,NA,"eykt_3","5/11/2017",NA
"991",06:49:53,"03",1,NA,76.197,"rosethorn",150,150,NA,NA,"eykt_3","5/11/2017",NA
"992",06:49:53,"03",1,NA,63.999,"rosethorn",150,150,NA,NA,"eykt_3","5/11/2017",NA
"993",06:50:09,"03",1,NA,67.388,"silvergray",157,157,NA,NA,"eykt_3","5/11/2017",NA
"994",06:50:26,"03",1,NA,68.032,"dusky",172,172,NA,NA,"eykt_3","5/11/2017",NA
"995",06:50:30,"03",1,NA,94.554,"tiger",148,148,NA,NA,"eykt_3","5/11/2017",NA
"996",06:51:54,"03",1,NA,100.761,"rosethorn",150,150,NA,NA,"eykt_3","5/11/2017",NA
"997",06:52:00,"03",1,NA,36.766,"rosethorn",150,150,NA,NA,"eykt_3","5/11/2017",NA
"998",06:52:52,"03",1,NA,41.952,"rosethorn",150,150,NA,NA,"eykt_3","5/11/2017",NA
"999",06:53:40,"03",1,NA,37.155,"rosethorn",150,150,NA,NA,"eykt_3","5/11/2017",NA
"1000",06:53:43,"03",1,NA,9.512,"dusky",172,172,NA,NA,"eykt_3","5/11/2017",NA
"1001",06:54:06,"03",1,NA,53.682,"rosethorn",150,150,NA,NA,"eykt_3","5/11/2017",NA
"1002",06:44:01,"03",1,NA,23.809,"wolf eel",217,217,NA,NA,"eykt_3","5/11/2017",NA
"1003",13:54:48,"30",1,NA,50.747,"rosethorn",150,150,NA,NA,"eykt_30","5/16/2017",NA
"1004",13:55:06,"30",1,NA,41.415,"spiny dogfish",691,691,NA,NA,"eykt_30","5/16/2017",NA
"1005",14:01:43,"30",1,NA,14.746,"halibut",200,200,NA,NA,"eykt_30","5/16/2017",NA
"1006",14:01:44,"30",1,534.499,28.108,"halibut",200,200,NA,NA,"eykt_30","5/16/2017",NA
"1007",15:02:43,"31",1,NA,90.73,"dusky",172,172,NA,NA,"eykt_31","5/16/2017",NA
"1008",15:02:43,"31",1,NA,106.273,"dusky",172,172,NA,NA,"eykt_31","5/16/2017",NA
"1009",15:02:43,"31",1,NA,52.727,"dusky",172,172,NA,NA,"eykt_31","5/16/2017",NA
"1010",15:02:43,"31",1,NA,62.245,"dusky",172,172,NA,NA,"eykt_31","5/16/2017",NA
"1011",15:02:43,"31",1,NA,129.999,"dusky",172,172,NA,NA,"eykt_31","5/16/2017",NA
"1012",15:02:43,"31",1,NA,82.244,"dusky",172,172,NA,NA,"eykt_31","5/16/2017",NA
"1013",15:03:00,"31",1,NA,36.976,"dusky",172,172,NA,NA,"eykt_31","5/16/2017",6.433
"1014",15:11:11,"31",1,NA,68.167,"yelloweye",145,145,"AD","Fish milling/hovering","eykt_31","5/16/2017",NA
"1015",15:11:14,"31",1,587.157,79.622,"yelloweye",145,145,"AD",NA,"eykt_31","5/16/2017",NA
"1016",15:13:07,"31",1,NA,42.266,"flatfish",10006,10006,NA,NA,"eykt_31","5/16/2017",NA
"1017",15:22:37,"31",1,NA,18.887,"yelloweye",145,145,"SU","Fish seeking cover","eykt_31","5/16/2017",NA
"1018",15:25:26,"31",1,NA,9.333,"flatfish",10006,10006,NA,NA,"eykt_31","5/16/2017",NA
"1019",15:25:42,"31",1,NA,9.041,"arrowtooth flounder",121,121,NA,NA,"eykt_31","5/16/2017",NA
"1020",15:26:46,"31",1,NA,13.493,"arrowtooth flounder",121,121,NA,NA,"eykt_31","5/16/2017",NA
"1021",15:34:03,"31",1,NA,67.486,"red tree coral",10001,10001,NA,NA,"eykt_31","5/16/2017",NA
"1022",15:27:38,"31",1,NA,20.38,"rosethorn",150,150,NA,NA,"eykt_31","5/16/2017",NA
"1023",15:33:26,"31",1,NA,37.479,"flatfish",10006,10006,NA,NA,"eykt_31","5/16/2017",NA
"1024",16:53:59,"32",1,NA,13.168,"flatfish",10006,10006,NA,NA,"eykt_32","5/16/2017",NA
"1025",16:58:42,"32",1,NA,10.609,"Dover sole",124,124,NA,NA,"eykt_32","5/16/2017",NA
"1026",17:01:00,"32",1,NA,8.502,"arrowtooth flounder",121,121,NA,NA,"eykt_32","5/16/2017",6.864
"1027",17:03:56,"32",1,NA,30.403,"rosethorn",150,150,NA,NA,"eykt_32","5/16/2017",NA
"1028",17:05:22,"32",1,NA,11.445,"flatfish",10006,10006,NA,NA,"eykt_32","5/16/2017",NA
"1029",17:06:06,"32",1,NA,24.532,"rosethorn",150,150,NA,NA,"eykt_32","5/16/2017",NA
"1030",17:12:18,"32",1,NA,14.402,"flatfish",10006,10006,NA,NA,"eykt_32","5/16/2017",NA
"1031",17:14:00,"32",1,NA,13.497,"flatfish",10006,10006,NA,NA,"eykt_32","5/16/2017",6.864
"1032",17:14:43,"32",1,NA,11.818,"arrowtooth flounder",121,121,NA,NA,"eykt_32","5/16/2017",NA
"1033",17:15:50,"32",1,NA,14.547,"Dover sole",124,124,NA,NA,"eykt_32","5/16/2017",NA
"1034",17:17:32,"32",1,NA,19.388,"rosethorn",150,150,NA,NA,"eykt_32","5/16/2017",NA
"1035",17:20:14,"32",1,NA,12.894,"rosethorn",150,150,NA,NA,"eykt_32","5/16/2017",NA
"1036",17:20:43,"32",1,NA,14.616,"rosethorn",150,150,NA,NA,"eykt_32","5/16/2017",NA
"1037",17:25:41,"32",1,NA,15.885,"rosethorn",150,150,NA,NA,"eykt_32","5/16/2017",NA
"1038",17:25:47,"32",1,NA,31.816,"flatfish",10006,10006,NA,NA,"eykt_32","5/16/2017",NA
"1039",17:26:28,"32",1,NA,39.054,"rosethorn",150,150,NA,NA,"eykt_32","5/16/2017",NA
"1040",18:40:39,"33",1,NA,21.259,"rosethorn",150,150,NA,NA,"eykt_33","5/16/2017",NA
"1041",18:41:11,"33",1,NA,28.307,"halibut",200,200,NA,NA,"eykt_33","5/16/2017",NA
"1042",18:41:11,"33",1,557.841,48.094,"halibut",200,200,NA,NA,"eykt_33","5/16/2017",NA
"1043",18:41:39,"33",1,NA,24.44,"rosethorn",150,150,NA,NA,"eykt_33","5/16/2017",NA
"1044",18:42:09,"33",1,NA,76.559,"rosethorn",150,150,NA,NA,"eykt_33","5/16/2017",NA
"1045",18:48:54,"33",1,NA,15.106,"rosethorn",150,150,NA,NA,"eykt_33","5/16/2017",NA
"1046",18:48:54,"33",1,NA,84.42,"yelloweye",145,145,"AD","Fish milling/hovering","eykt_33","5/16/2017",NA
"1047",18:48:59,"33",1,644.678,86.627,"yelloweye",145,145,"AD",NA,"eykt_33","5/16/2017",NA
"1048",18:52:43,"33",1,NA,7.931,"rosethorn",150,150,NA,NA,"eykt_33","5/16/2017",NA
"1049",18:53:19,"33",1,NA,34.294,"halibut",200,200,NA,NA,"eykt_33","5/16/2017",NA
"1050",18:53:20,"33",1,870.057,65.361,"halibut",200,200,NA,NA,"eykt_33","5/16/2017",NA
"1051",18:57:04,"33",1,NA,43.72,"rosethorn",150,150,NA,NA,"eykt_33","5/16/2017",NA
"1052",19:01:29,"33",1,NA,22.631,"rosethorn",150,150,NA,NA,"eykt_33","5/16/2017",NA
"1053",19:03:39,"33",1,NA,21.14,"rosethorn",150,150,NA,NA,"eykt_33","5/16/2017",NA
"1054",19:04:43,"33",1,NA,11.023,"rosethorn",150,150,NA,NA,"eykt_33","5/16/2017",NA
"1055",19:05:39,"33",1,NA,16.358,"rosethorn",150,150,NA,NA,"eykt_33","5/16/2017",NA
"1056",19:07:23,"33",1,NA,60.252,"rosethorn",150,150,NA,NA,"eykt_33","5/16/2017",NA
"1057",19:08:31,"33",1,NA,46.198,"rosethorn",150,150,NA,NA,"eykt_33","5/16/2017",NA
"1058",19:08:52,"33",1,NA,28.369,"rosethorn",150,150,NA,NA,"eykt_33","5/16/2017",NA
"1059",19:09:22,"33",1,NA,72.82,"rosethorn",150,150,NA,NA,"eykt_33","5/16/2017",NA
"1060",19:11:25,"33",1,NA,31.075,"rosethorn",150,150,NA,NA,"eykt_33","5/16/2017",NA
"1061",19:13:02,"33",1,668.552,36.121,"halibut",200,200,NA,NA,"eykt_33","5/16/2017",NA
"1062",19:13:02,"33",1,NA,28.695,"halibut",200,200,NA,NA,"eykt_33","5/16/2017",NA
"1063",18:39:12,"33",1,NA,21.687,"rosethorn",150,150,NA,NA,"eykt_33","5/16/2017",NA
"1064",18:54:34,"33",1,NA,34.103,"rosethorn",150,150,NA,NA,"eykt_33","5/16/2017",NA
"1065",20:11:37,"34",1,NA,58.086,"red tree coral",10001,10001,NA,NA,"eykt_34","5/16/2017",NA
"1066",20:11:52,"34",1,NA,40.242,"yelloweye",145,145,"JV","Fish milling/hovering","eykt_34","5/16/2017",NA
"1067",20:12:02,"34",1,NA,54.846,"red tree coral",10001,10001,NA,NA,"eykt_34","5/16/2017",NA
"1068",20:12:26,"34",1,NA,65.152,"dusky",172,172,NA,NA,"eykt_34","5/16/2017",NA
"1069",20:12:26,"34",1,NA,117.229,"dusky",172,172,NA,NA,"eykt_34","5/16/2017",NA
"1070",20:12:26,"34",1,NA,104.641,"dusky",172,172,NA,NA,"eykt_34","5/16/2017",NA
"1071",20:12:35,"34",1,NA,96.016,"dusky",172,172,NA,NA,"eykt_34","5/16/2017",NA
"1072",20:12:35,"34",1,NA,71.607,"dusky",172,172,NA,NA,"eykt_34","5/16/2017",NA
"1073",20:13:21,"34",1,NA,148.161,"rosethorn",150,150,NA,NA,"eykt_34","5/16/2017",NA
"1074",20:13:42,"34",1,NA,28.966,"rosethorn",150,150,NA,NA,"eykt_34","5/16/2017",NA
"1075",20:14:53,"34",1,NA,36.028,"yelloweye",145,145,"AD","Fish milling/hovering","eykt_34","5/16/2017",NA
"1076",20:14:54,"34",1,542.084,56.957,"yelloweye",145,145,"AD",NA,"eykt_34","5/16/2017",NA
"1077",20:15:02,"34",1,NA,21.417,"rosethorn",150,150,NA,NA,"eykt_34","5/16/2017",NA
"1078",20:15:16,"34",1,NA,15.242,"yelloweye",145,145,"AD","Fish moving quickly into frame","eykt_34","5/16/2017",NA
"1079",20:15:16,"34",1,549.819,25.119,"yelloweye",145,145,"AD",NA,"eykt_34","5/16/2017",NA
"1080",20:15:21,"34",1,NA,71.636,"tiger",148,148,NA,NA,"eykt_34","5/16/2017",NA
"1081",20:17:36,"34",1,NA,18.886,"rosethorn",150,150,NA,NA,"eykt_34","5/16/2017",NA
"1082",20:17:41,"34",1,NA,38.727,"rosethorn",150,150,NA,NA,"eykt_34","5/16/2017",NA
"1083",20:20:06,"34",1,NA,69.77,"dusky",172,172,NA,NA,"eykt_34","5/16/2017",NA
"1084",20:20:36,"34",1,NA,88.899,"rosethorn",150,150,NA,NA,"eykt_34","5/16/2017",NA
"1085",20:21:22,"34",1,NA,35.947,"lingcod",130,130,NA,NA,"eykt_34","5/16/2017",NA
"1086",20:26:41,"34",1,NA,47.647,"rosethorn",150,150,NA,NA,"eykt_34","5/16/2017",NA
"1087",20:28:52,"34",1,NA,116.513,"yelloweye",145,145,"AD","Fish milling/hovering","eykt_34","5/16/2017",NA
"1088",20:29:01,"34",1,481.233,81.309,"yelloweye",145,145,"AD",NA,"eykt_34","5/16/2017",NA
"1089",20:29:22,"34",1,NA,54.594,"rosethorn",150,150,NA,NA,"eykt_34","5/16/2017",NA
"1090",20:30:51,"34",1,NA,44.042,"rosethorn",150,150,NA,NA,"eykt_34","5/16/2017",NA
"1091",20:31:21,"34",1,NA,66.416,"yelloweye",145,145,"AD","Fish resting on bottom","eykt_34","5/16/2017",NA
"1092",20:32:50,"34",1,NA,33.022,"rosethorn",150,150,NA,NA,"eykt_34","5/16/2017",NA
"1093",20:34:44,"34",1,NA,47.802,"rosethorn",150,150,NA,NA,"eykt_34","5/16/2017",NA
"1094",20:38:33,"34",1,NA,17.528,"rosethorn",150,150,NA,NA,"eykt_34","5/16/2017",NA
"1095",20:39:31,"34",1,NA,22.298,"rosethorn",150,150,NA,NA,"eykt_34","5/16/2017",NA
"1096",20:39:32,"34",1,NA,72.572,"greenstripe",135,135,NA,NA,"eykt_34","5/16/2017",NA
"1097",20:42:24,"34",1,NA,54.41,"rosethorn",150,150,NA,NA,"eykt_34","5/16/2017",NA
"1098",20:44:25,"34",1,NA,55.08,"rosethorn",150,150,NA,NA,"eykt_34","5/16/2017",NA
"1099",07:00:10,"35",1,NA,75.973,"rosethorn",150,150,NA,NA,"eykt_35","5/17/2017",NA
"1100",07:06:53,"35",1,NA,46.537,"rosethorn",150,150,NA,NA,"eykt_35","5/17/2017",NA
"1101",07:11:59,"35",1,NA,19.168,"rosethorn",150,150,NA,NA,"eykt_35","5/17/2017",NA
"1102",07:13:24,"35",1,NA,56.416,"rosethorn",150,150,NA,NA,"eykt_35","5/17/2017",NA
"1103",07:14:34,"35",1,NA,53.442,"dusky",172,172,NA,NA,"eykt_35","5/17/2017",NA
"1104",07:15:45,"35",1,NA,30.657,"rosethorn",150,150,NA,NA,"eykt_35","5/17/2017",NA
"1105",07:16:52,"35",1,NA,52.366,"rosethorn",150,150,NA,NA,"eykt_35","5/17/2017",NA
"1106",07:19:04,"35",1,NA,107.434,"yelloweye",145,145,"AD","Fish resting on bottom","eykt_35","5/17/2017",NA
"1107",07:19:11,"35",1,476.318,49.758,"yelloweye",145,145,"AD",NA,"eykt_35","5/17/2017",NA
"1108",07:19:28,"35",1,NA,39.55,"rosethorn",150,150,NA,NA,"eykt_35","5/17/2017",NA
"1109",07:19:28,"35",1,NA,38.356,"rosethorn",150,150,NA,NA,"eykt_35","5/17/2017",NA
"1110",07:20:32,"35",1,NA,178.865,"yelloweye",145,145,"AD","Fish milling/hovering","eykt_35","5/17/2017",NA
"1111",07:20:43,"35",1,NA,42.799,"rosethorn",150,150,NA,NA,"eykt_35","5/17/2017",NA
"1112",07:22:35,"35",1,NA,42.188,"rosethorn",150,150,NA,NA,"eykt_35","5/17/2017",NA
"1113",07:23:38,"35",1,NA,38.457,"rosethorn",150,150,NA,NA,"eykt_35","5/17/2017",NA
"1114",07:24:03,"35",1,NA,39.378,"rosethorn",150,150,NA,NA,"eykt_35","5/17/2017",NA
"1115",07:25:13,"35",1,NA,42.263,"rosethorn",150,150,NA,NA,"eykt_35","5/17/2017",NA
"1116",07:26:26,"35",1,NA,45.926,"rosethorn",150,150,NA,NA,"eykt_35","5/17/2017",NA
"1117",07:27:27,"35",1,NA,50.778,"rosethorn",150,150,NA,NA,"eykt_35","5/17/2017",NA
"1118",07:28:47,"35",1,NA,61.599,"silvergray",157,157,NA,NA,"eykt_35","5/17/2017",NA
"1119",07:31:18,"35",1,NA,35.966,"rosethorn",150,150,NA,NA,"eykt_35","5/17/2017",NA
"1120",07:31:18,"35",1,NA,189.021,"yelloweye",145,145,"AD","Fish milling/hovering","eykt_35","5/17/2017",NA
"1121",07:36:04,"35",1,NA,28.309,"rosethorn",150,150,NA,NA,"eykt_35","5/17/2017",NA
"1122",07:38:22,"35",1,NA,57.31,"rosethorn",150,150,NA,NA,"eykt_35","5/17/2017",NA
"1123",07:38:29,"35",1,NA,23.633,"yelloweye",145,145,"AD","Feeding","eykt_35","5/17/2017",NA
"1124",07:06:43,"35",1,NA,16.622,"rosethorn",150,150,NA,NA,"eykt_35","5/17/2017",NA
"1125",07:15:51,"35",1,NA,19.198,"rosethorn",150,150,NA,NA,"eykt_35","5/17/2017",NA
"1126",07:02:15,"35",1,NA,NA,"rosethorn",150,150,NA,NA,"eykt_35","5/17/2017",NA
"1127",08:23:46,"36",1,NA,39.09,"lingcod",130,130,NA,NA,"eykt_36","5/17/2017",NA
"1128",08:23:53,"36",1,NA,39.18,"yelloweye",145,145,"AD","Fish milling/hovering","eykt_36","5/17/2017",NA
"1129",08:23:55,"36",1,421.866,15.169,"yelloweye",145,145,"AD",NA,"eykt_36","5/17/2017",NA
"1130",08:24:01,"36",1,NA,63.346,"silvergray",157,157,NA,NA,"eykt_36","5/17/2017",NA
"1131",08:25:53,"36",1,NA,28.739,"rosethorn",150,150,NA,NA,"eykt_36","5/17/2017",NA
"1132",08:29:34,"36",1,NA,75.295,"rosethorn",150,150,NA,NA,"eykt_36","5/17/2017",NA
"1133",08:31:49,"36",1,NA,52.951,"silvergray",157,157,NA,NA,"eykt_36","5/17/2017",NA
"1134",08:32:01,"36",1,NA,32.898,"rosethorn",150,150,NA,NA,"eykt_36","5/17/2017",NA
"1135",08:32:50,"36",1,NA,32.53,"rosethorn",150,150,NA,NA,"eykt_36","5/17/2017",NA
"1136",08:35:32,"36",1,NA,84.075,"tiger",148,148,NA,NA,"eykt_36","5/17/2017",NA
"1137",08:37:01,"36",1,NA,76.858,"rosethorn",150,150,NA,NA,"eykt_36","5/17/2017",NA
"1138",08:37:22,"36",1,NA,30.124,"rosethorn",150,150,NA,NA,"eykt_36","5/17/2017",NA
"1139",08:37:32,"36",1,NA,40.197,"silvergray",157,157,NA,NA,"eykt_36","5/17/2017",NA
"1140",08:37:35,"36",1,NA,33.733,"rosethorn",150,150,NA,NA,"eykt_36","5/17/2017",NA
"1141",08:37:59,"36",1,NA,62.993,"silvergray",157,157,NA,NA,"eykt_36","5/17/2017",NA
"1142",08:38:07,"36",1,NA,57.564,"rosethorn",150,150,NA,NA,"eykt_36","5/17/2017",NA
"1143",08:38:30,"36",1,NA,60.907,"rosethorn",150,150,NA,NA,"eykt_36","5/17/2017",NA
"1144",08:38:48,"36",1,NA,25.995,"rosethorn",150,150,NA,NA,"eykt_36","5/17/2017",NA
"1145",08:41:58,"36",1,NA,36.939,"rosethorn",150,150,NA,NA,"eykt_36","5/17/2017",NA
"1146",08:44:43,"36",1,NA,63.761,"rosethorn",150,150,NA,NA,"eykt_36","5/17/2017",NA
"1147",08:45:49,"36",1,NA,59.785,"rosethorn",150,150,NA,NA,"eykt_36","5/17/2017",NA
"1148",08:46:18,"36",1,NA,100.568,"lingcod",130,130,NA,NA,"eykt_36","5/17/2017",NA
"1149",08:46:28,"36",1,NA,15.869,"lingcod",130,130,NA,NA,"eykt_36","5/17/2017",NA
"1150",08:46:33,"36",1,549.696,27.799,"lingcod",130,130,NA,NA,"eykt_36","5/17/2017",NA
"1151",08:47:22,"36",1,NA,45.768,"rosethorn",150,150,NA,NA,"eykt_36","5/17/2017",NA
"1152",08:48:07,"36",1,NA,90.768,"lingcod",130,130,NA,NA,"eykt_36","5/17/2017",NA
"1153",08:48:09,"36",1,730.064,79.439,"lingcod",130,130,NA,NA,"eykt_36","5/17/2017",NA
"1154",08:48:28,"36",1,NA,93.601,"dusky",172,172,NA,NA,"eykt_36","5/17/2017",NA
"1155",08:49:38,"36",1,NA,39.123,"rosethorn",150,150,NA,NA,"eykt_36","5/17/2017",NA
"1156",08:50:34,"36",1,NA,41.841,"rosethorn",150,150,NA,NA,"eykt_36","5/17/2017",NA
"1157",08:50:46,"36",1,NA,90.257,"rosethorn",150,150,NA,NA,"eykt_36","5/17/2017",NA
"1158",08:51:23,"36",1,NA,70.285,"rosethorn",150,150,NA,NA,"eykt_36","5/17/2017",NA
"1159",08:51:51,"36",1,NA,72.368,"rosethorn",150,150,NA,NA,"eykt_36","5/17/2017",NA
"1160",08:53:05,"36",1,NA,57.095,"rosethorn",150,150,NA,NA,"eykt_36","5/17/2017",NA
"1161",08:53:23,"36",1,NA,153.898,"lingcod",130,130,NA,NA,"eykt_36","5/17/2017",NA
"1162",08:53:53,"36",1,NA,49.503,"dusky",172,172,NA,NA,"eykt_36","5/17/2017",NA
"1163",08:54:25,"36",1,NA,46.156,"rosethorn",150,150,NA,NA,"eykt_36","5/17/2017",NA
"1164",08:54:53,"36",1,NA,29.263,"lingcod",130,130,NA,NA,"eykt_36","5/17/2017",NA
"1165",08:54:53,"36",1,588.515,49.56,"lingcod",130,130,NA,NA,"eykt_36","5/17/2017",NA
"1166",08:54:55,"36",1,NA,25.48,"lingcod",130,130,NA,NA,"eykt_36","5/17/2017",NA
"1167",08:54:55,"36",1,NA,80.613,"rosethorn",150,150,NA,NA,"eykt_36","5/17/2017",NA
"1168",08:54:57,"36",1,NA,9.659,"lingcod",130,130,NA,NA,"eykt_36","5/17/2017",NA
"1169",08:55:09,"36",1,NA,45.554,"rosethorn",150,150,NA,NA,"eykt_36","5/17/2017",NA
"1170",08:55:29,"36",1,NA,15.665,"rosethorn",150,150,NA,NA,"eykt_36","5/17/2017",NA
"1171",08:55:32,"36",1,NA,155.211,"yelloweye",145,145,"AD","Fish milling/hovering","eykt_36","5/17/2017",NA
"1172",08:55:32,"36",1,NA,133.605,"yelloweye",145,145,"AD","Fish milling/hovering","eykt_36","5/17/2017",NA
"1173",08:55:41,"36",1,522.735,25.604,"yelloweye",145,145,"AD",NA,"eykt_36","5/17/2017",NA
"1174",08:58:28,"36",1,NA,70.917,"yelloweye",145,145,"JV","Fish being chased","eykt_36","5/17/2017",NA
"1175",08:58:28,"36",1,220.076,83.271,"yelloweye",145,145,"JV",NA,"eykt_36","5/17/2017",NA
"1176",08:58:28,"36",1,NA,185.715,"lingcod",130,130,NA,NA,"eykt_36","5/17/2017",NA
"1177",08:58:29,"36",1,835.998,65.408,"lingcod",130,130,NA,NA,"eykt_36","5/17/2017",NA
"1178",08:59:39,"36",1,NA,46.715,"rosethorn",150,150,NA,NA,"eykt_36","5/17/2017",NA
"1179",09:01:20,"36",1,NA,36.212,"black",142,142,NA,NA,"eykt_36","5/17/2017",NA
"1180",09:02:10,"36",1,NA,57.494,"yelloweye",145,145,"JV","Fish milling/hovering","eykt_36","5/17/2017",NA
"1181",09:02:27,"36",1,NA,41.144,"lingcod",130,130,NA,NA,"eykt_36","5/17/2017",NA
"1182",09:03:44,"36",1,NA,111.702,"yelloweye",145,145,"AD","Fish milling/hovering","eykt_36","5/17/2017",NA
"1183",09:03:44,"36",1,NA,66.542,"yelloweye",145,145,"AD","Fish milling/hovering","eykt_36","5/17/2017",NA
"1184",09:03:47,"36",1,NA,83.981,"yelloweye",145,145,"AD","Fish milling/hovering","eykt_36","5/17/2017",NA
"1185",09:03:49,"36",1,NA,59.951,"lingcod",130,130,NA,NA,"eykt_36","5/17/2017",NA
"1186",09:03:50,"36",1,NA,89.555,"yelloweye",145,145,"AD","Fish moving slowly into frame","eykt_36","5/17/2017",NA
"1187",09:03:50,"36",1,NA,2.521,"yelloweye",145,145,"AD","Fish moving slowly into frame","eykt_36","5/17/2017",NA
"1188",09:03:58,"36",1,NA,37.911,"lingcod",130,130,NA,NA,"eykt_36","5/17/2017",NA
"1189",09:04:03,"36",1,NA,70.237,"lingcod",130,130,NA,NA,"eykt_36","5/17/2017",NA
"1190",09:04:20,"36",1,NA,20.917,"yelloweye",145,145,"AD","Fish milling/hovering","eykt_36","5/17/2017",NA
"1191",09:04:22,"36",1,NA,104.021,"tiger",148,148,NA,NA,"eykt_36","5/17/2017",NA
"1192",09:04:23,"36",1,475.661,34.963,"yelloweye",145,145,"AD",NA,"eykt_36","5/17/2017",NA
"1193",09:04:55,"36",1,NA,62.194,"rosethorn",150,150,NA,NA,"eykt_36","5/17/2017",NA
"1194",09:07:37,"36",1,NA,57.224,"rosethorn",150,150,NA,NA,"eykt_36","5/17/2017",NA
"1195",09:07:48,"36",1,NA,83.762,"silvergray",157,157,NA,NA,"eykt_36","5/17/2017",NA
"1196",09:07:48,"36",1,NA,72.633,"silvergray",157,157,NA,NA,"eykt_36","5/17/2017",NA
"1197",09:07:48,"36",1,NA,82.445,"rosethorn",150,150,NA,NA,"eykt_36","5/17/2017",NA
"1198",09:08:03,"36",1,NA,43.319,"rosethorn",150,150,NA,NA,"eykt_36","5/17/2017",NA
"1199",09:08:26,"36",1,NA,72.582,"rosethorn",150,150,NA,NA,"eykt_36","5/17/2017",NA
"1200",09:10:43,"36",1,NA,125.321,"rosethorn",150,150,NA,NA,"eykt_36","5/17/2017",NA
"1201",08:46:03,"36",1,NA,30.358,"rosethorn",150,150,NA,NA,"eykt_36","5/17/2017",NA
"1202",08:49:25,"36",1,NA,59.928,"rosethorn",150,150,NA,NA,"eykt_36","5/17/2017",NA
"1203",08:49:48,"36",1,NA,41.406,"lingcod",130,130,NA,NA,"eykt_36","5/17/2017",NA
"1204",09:01:25,"36",1,NA,38.553,"lingcod",130,130,NA,NA,"eykt_36","5/17/2017",NA
"1205",09:05:48,"36",1,NA,32.441,"rosethorn",150,150,NA,NA,"eykt_36","5/17/2017",NA
"1206",09:01:42,"36",1,NA,NA,"yelloweye",145,145,"AD","Fish milling/hovering","eykt_36","5/17/2017",NA
"1207",08:36:16,"36",1,NA,NA,"rosethorn",150,150,NA,NA,"eykt_36","5/17/2017",NA
"1208",08:47:10,"36",1,NA,NA,"rosethorn",150,150,NA,NA,"eykt_36","5/17/2017",NA
"1209",08:58:24,"36",1,NA,NA,"rosethorn",150,150,NA,NA,"eykt_36","5/17/2017",NA
"1210",07:53:47,"04",1,NA,21.744,"tiger",148,148,NA,NA,"eykt_4","5/11/2017",NA
"1211",08:01:58,"04",1,NA,81.706,"rosethorn",150,150,NA,NA,"eykt_4","5/11/2017",NA
"1212",08:03:26,"04",1,NA,18.644,"silvergray",157,157,NA,NA,"eykt_4","5/11/2017",NA
"1213",08:04:38,"04",1,NA,53.851,"rosethorn",150,150,NA,NA,"eykt_4","5/11/2017",NA
"1214",08:10:03,"04",1,NA,79.845,"rosethorn",150,150,NA,NA,"eykt_4","5/11/2017",NA
"1215",08:10:52,"04",1,NA,59.035,"rosethorn",150,150,NA,NA,"eykt_4","5/11/2017",NA
"1216",08:12:26,"04",1,NA,50.808,"rosethorn",150,150,NA,NA,"eykt_4","5/11/2017",NA
"1217",08:13:20,"04",1,NA,61.677,"dusky",172,172,NA,NA,"eykt_4","5/11/2017",NA
"1218",08:14:01,"04",1,NA,53.523,"rosethorn",150,150,NA,NA,"eykt_4","5/11/2017",NA
"1219",08:15:50,"04",1,NA,85.402,"rosethorn",150,150,NA,NA,"eykt_4","5/11/2017",NA
"1220",08:18:14,"04",1,NA,52.051,"yelloweye",145,145,"SU","Fish milling/hovering","eykt_4","5/11/2017",NA
"1221",08:18:16,"04",1,404.308,41.173,"yelloweye",145,145,"SU",NA,"eykt_4","5/11/2017",NA
"1222",08:22:43,"04",1,NA,29.937,"rosethorn",150,150,NA,NA,"eykt_4","5/11/2017",NA
"1223",08:24:54,"04",1,NA,47.897,"rosethorn",150,150,NA,NA,"eykt_4","5/11/2017",NA
"1224",08:25:57,"04",1,NA,38.116,"rosethorn",150,150,NA,NA,"eykt_4","5/11/2017",NA
"1225",10:11:01,"05",1,NA,72.789,"rosethorn",150,150,NA,NA,"eykt_5","5/11/2017",NA
"1226",10:13:56,"05",1,NA,40.577,"rosethorn",150,150,NA,NA,"eykt_5","5/11/2017",NA
"1227",10:15:47,"05",1,NA,202.799,"yelloweye",145,145,"AD","Feeding","eykt_5","5/11/2017",NA
"1228",10:15:57,"05",1,569.732,75.337,"yelloweye",145,145,"AD",NA,"eykt_5","5/11/2017",NA
"1229",10:22:24,"05",1,NA,35.638,"Dover sole",124,124,NA,NA,"eykt_5","5/11/2017",NA
"1230",10:26:00,"05",1,NA,21.946,"flatfish",10006,10006,NA,NA,"eykt_5","5/11/2017",6.611
"1231",10:27:53,"05",1,NA,27.061,"lingcod",130,130,NA,NA,"eykt_5","5/11/2017",NA
"1232",10:30:07,"05",1,NA,65.387,"rosethorn",150,150,NA,NA,"eykt_5","5/11/2017",NA
"1233",10:33:20,"05",1,NA,42.71,"rosethorn",150,150,NA,NA,"eykt_5","5/11/2017",NA
"1234",10:34:09,"05",1,NA,25.827,"lingcod",130,130,NA,NA,"eykt_5","5/11/2017",NA
"1235",10:07:58,"05",1,NA,25.627,"rosethorn",150,150,NA,NA,"eykt_5","5/11/2017",NA
"1236",10:29:13,"05",1,NA,33.533,"tiger",148,148,NA,NA,"eykt_5","5/11/2017",NA
"1237",11:26:09,"06",1,NA,67.224,"lingcod",130,130,NA,NA,"eykt_6","5/11/2017",NA
"1238",11:26:13,"06",1,505.426,12.268,"lingcod",130,130,NA,NA,"eykt_6","5/11/2017",NA
"1239",11:28:32,"06",1,NA,100.617,"yelloweye",145,145,"AD","Fish milling/hovering","eykt_6","5/11/2017",NA
"1240",11:30:15,"06",1,NA,37.21,"tiger",148,148,NA,NA,"eykt_6","5/11/2017",NA
"1241",11:30:48,"06",1,NA,26.049,"rosethorn",150,150,NA,NA,"eykt_6","5/11/2017",NA
"1242",11:36:27,"06",1,NA,185.141,"rosethorn",150,150,NA,NA,"eykt_6","5/11/2017",NA
"1243",11:37:46,"06",1,NA,114.741,"yelloweye",145,145,"AD","Fish resting on bottom","eykt_6","5/11/2017",NA
"1244",11:37:50,"06",1,449.04,64.08,"yelloweye",145,145,"AD",NA,"eykt_6","5/11/2017",NA
"1245",11:38:14,"06",1,NA,36.682,"dusky",172,172,NA,NA,"eykt_6","5/11/2017",NA
"1246",11:43:34,"06",1,NA,61.069,"silvergray",157,157,NA,NA,"eykt_6","5/11/2017",NA
"1247",11:44:19,"06",1,NA,8.429,"box crab",900,900,NA,NA,"eykt_6","5/11/2017",NA
"1248",11:36:17,"06",1,NA,58.136,"rosethorn",150,150,NA,NA,"eykt_6","5/11/2017",NA
"1249",11:31:53,"06",1,NA,NA,"rosethorn",150,150,NA,NA,"eykt_6","5/11/2017",NA
"1250",11:36:47,"06",1,NA,NA,"tiger",148,148,NA,NA,"eykt_6","5/11/2017",NA
"1251",12:28:06,"07",1,NA,176.281,"yelloweye",145,145,"AD","Fish milling/hovering","eykt_7","5/11/2017",NA
"1252",12:28:29,"07",1,NA,31.325,"rosethorn",150,150,NA,NA,"eykt_7","5/11/2017",NA
"1253",12:38:57,"07",1,NA,69.112,"rosethorn",150,150,NA,NA,"eykt_7","5/11/2017",NA
"1254",12:39:05,"07",1,NA,62.311,"silvergray",157,157,NA,NA,"eykt_7","5/11/2017",NA
"1255",12:39:11,"07",1,NA,68.971,"silvergray",157,157,NA,NA,"eykt_7","5/11/2017",NA
"1256",12:40:55,"07",1,NA,21.016,"silvergray",157,157,NA,NA,"eykt_7","5/11/2017",NA
"1257",12:41:35,"07",1,NA,21.02,"rosethorn",150,150,NA,NA,"eykt_7","5/11/2017",NA
"1258",12:42:31,"07",1,NA,77.323,"rosethorn",150,150,NA,NA,"eykt_7","5/11/2017",NA
"1259",12:42:48,"07",1,NA,48.687,"rosethorn",150,150,NA,NA,"eykt_7","5/11/2017",NA
"1260",12:42:55,"07",1,NA,63.611,"yelloweye",145,145,"SU","Fish seeking cover","eykt_7","5/11/2017",NA
"1261",12:46:19,"07",1,NA,21.606,"silvergray",157,157,NA,NA,"eykt_7","5/11/2017",NA
"1262",12:49:13,"07",1,NA,53.227,"silvergray",157,157,NA,NA,"eykt_7","5/11/2017",NA
"1263",12:49:13,"07",1,NA,72.433,"silvergray",157,157,NA,NA,"eykt_7","5/11/2017",NA
"1264",12:49:23,"07",1,NA,39.491,"rosethorn",150,150,NA,NA,"eykt_7","5/11/2017",NA
"1265",12:51:06,"07",1,NA,61.835,"rosethorn",150,150,NA,NA,"eykt_7","5/11/2017",NA
"1266",12:51:41,"07",1,NA,19.216,"silvergray",157,157,NA,NA,"eykt_7","5/11/2017",NA
"1267",12:51:51,"07",1,NA,100.708,"rosethorn",150,150,NA,NA,"eykt_7","5/11/2017",NA
"1268",12:53:40,"07",1,NA,42.25,"flatfish",10006,10006,NA,NA,"eykt_7","5/11/2017",NA
"1269",12:55:03,"07",1,NA,88.158,"dusky",172,172,NA,NA,"eykt_7","5/11/2017",NA
"1270",12:57:50,"07",1,NA,41.791,"rosethorn",150,150,NA,NA,"eykt_7","5/11/2017",NA
"1271",12:59:09,"07",1,NA,17.942,"flatfish",10006,10006,NA,NA,"eykt_7","5/11/2017",NA
"1272",13:42:57,"08",1,NA,15.185,"flatfish",10006,10006,NA,NA,"eykt_8","5/11/2017",NA
"1273",13:47:23,"08",1,NA,81.351,"dusky",172,172,NA,NA,"eykt_8","5/11/2017",NA
"1274",13:47:38,"08",1,NA,134.416,"yelloweye",145,145,"AD","Fish milling/hovering","eykt_8","5/11/2017",NA
"1275",13:47:57,"08",1,NA,50.222,"rosethorn",150,150,NA,NA,"eykt_8","5/11/2017",NA
"1276",13:48:27,"08",1,NA,36.331,"rosethorn",150,150,NA,NA,"eykt_8","5/11/2017",NA
"1277",13:49:45,"08",1,NA,40.175,"rosethorn",150,150,NA,NA,"eykt_8","5/11/2017",NA
"1278",13:50:23,"08",1,NA,102.58,"yelloweye",145,145,"AD","Fish milling/hovering","eykt_8","5/11/2017",NA
"1279",13:54:57,"08",1,NA,48.824,"rosethorn",150,150,NA,NA,"eykt_8","5/11/2017",NA
"1280",13:55:25,"08",1,NA,24.798,"rosethorn",150,150,NA,NA,"eykt_8","5/11/2017",NA
"1281",13:57:13,"08",1,NA,41.503,"dusky",172,172,NA,NA,"eykt_8","5/11/2017",NA
"1282",13:57:16,"08",1,NA,109.203,"yelloweye",145,145,"AD","Fish milling/hovering","eykt_8","5/11/2017",NA
"1283",13:57:22,"08",1,515.858,15.688,"yelloweye",145,145,"AD",NA,"eykt_8","5/11/2017",NA
"1284",14:00:07,"08",1,NA,49.602,"rosethorn",150,150,NA,NA,"eykt_8","5/11/2017",NA
"1285",14:00:26,"08",1,NA,19.406,"rosethorn",150,150,NA,NA,"eykt_8","5/11/2017",NA
"1286",14:05:44,"08",1,NA,27.894,"rosethorn",150,150,NA,NA,"eykt_8","5/11/2017",NA
"1287",14:08:22,"08",1,NA,51.724,"yelloweye",145,145,"AD","Fish milling/hovering","eykt_8","5/11/2017",NA
"1288",14:08:29,"08",1,537.273,21.403,"yelloweye",145,145,"AD",NA,"eykt_8","5/11/2017",NA
"1289",14:08:43,"08",1,NA,16.186,"prowfish",215,215,NA,NA,"eykt_8","5/11/2017",NA
"1290",14:13:30,"08",1,NA,49.626,"rosethorn",150,150,NA,NA,"eykt_8","5/11/2017",NA
"1291",14:16:25,"08",1,NA,49.422,"rosethorn",150,150,NA,NA,"eykt_8","5/11/2017",NA
"1292",14:17:04,"08",1,NA,30.605,"rosethorn",150,150,NA,NA,"eykt_8","5/11/2017",NA
"1293",14:02:13,"08",1,NA,24.123,"rosethorn",150,150,NA,NA,"eykt_8","5/11/2017",NA
"1294",14:10:07,"08",1,NA,NA,"rosethorn",150,150,NA,NA,"eykt_8","5/11/2017",NA
"1295",14:57:34,"09",1,NA,73.545,"silvergray",157,157,NA,NA,"eykt_9","5/11/2017",NA
"1296",15:01:12,"09",1,NA,14.206,"kelp greenling",194,194,NA,NA,"eykt_9","5/11/2017",NA
"1297",15:03:59,"09",1,NA,12.495,"rosethorn",150,150,NA,NA,"eykt_9","5/11/2017",NA
"1298",15:06:08,"09",1,NA,43.619,"rosethorn",150,150,NA,NA,"eykt_9","5/11/2017",NA
"1299",15:15:02,"09",1,NA,21.144,"quillback",147,147,NA,NA,"eykt_9","5/11/2017",NA
"1300",15:27:25,"09",1,NA,16.846,"longnose skate",701,701,NA,NA,"eykt_9","5/11/2017",NA
"1301",15:19:45,"09",1,NA,20.261,"rosethorn",150,150,NA,NA,"eykt_9","5/11/2017",NA
