"","filename","frame","time_hms","image_row","image_col","op_code","tape_reader","depth","comment","year","dive","transect_number","dive_type","family","genus","species","code","number","stage","activity","start_end","comment_1","event_time_hh_mm_ss","mgmt_area","seconds","time_utc","time_akst","time_ak","time_hms_1","actual_time_hms","actual_time_ak_std","horita_code"
"1",NA,NA,NA,NA,NA,"QC",NA,NA,NA,"2012","6736","1",NA,"Good","Good Going Forward","GGF","GGF",NA,NA,NA,"START",NA,NA,"CSEO","61856","01:10:56",NA,NA,NA,NA,NA,NA
"2",NA,NA,NA,NA,NA,"QC",NA,NA,NA,"2012","6736","1",NA,"Bad","poor visibiility","BPV","BPV",NA,NA,NA,NA,NA,NA,"CSEO","61953","01:12:33",NA,NA,NA,NA,NA,NA
"3",NA,NA,NA,NA,NA,"QC",NA,NA,NA,"2012","6736","1",NA,"Good","Good Going Forward","GGF","GGF",NA,NA,NA,NA,NA,NA,"CSEO","61967","01:12:47",NA,NA,NA,NA,NA,NA
"4",NA,NA,NA,NA,NA,"QC",NA,NA,NA,"2012","6736","1",NA,"Bad","poor visibiility","BPV","BPV",NA,NA,NA,NA,NA,NA,"CSEO","62130","01:15:30",NA,NA,NA,NA,NA,NA
"5",NA,NA,NA,NA,NA,"QC",NA,NA,NA,"2012","6736","1",NA,"Good","Good Going Forward","GGF","GGF",NA,NA,NA,NA,NA,NA,"CSEO","62149","01:15:49",NA,NA,NA,NA,NA,NA
"6",NA,NA,NA,NA,NA,"QC",NA,NA,NA,"2012","6736","1",NA,"Bad","poor visibiility","BPV","BPV",NA,NA,NA,NA,NA,NA,"CSEO","62199","01:16:39",NA,NA,NA,NA,NA,NA
"7",NA,NA,NA,NA,NA,"QC",NA,NA,NA,"2012","6736","1",NA,"Good","Good Going Forward","GGF","GGF",NA,NA,NA,NA,NA,NA,"CSEO","62207","01:16:47",NA,NA,NA,NA,NA,NA
"8",NA,NA,NA,NA,NA,"QC",NA,NA,NA,"2012","6736","1",NA,"Bad","poor visibiility","BPV","BPV",NA,NA,NA,NA,NA,NA,"CSEO","62488","01:21:28",NA,NA,NA,NA,NA,NA
"9",NA,NA,NA,NA,NA,"QC",NA,NA,NA,"2012","6736","1",NA,"Good","Good Going Forward","GGF","GGF",NA,NA,NA,NA,NA,NA,"CSEO","62509","01:21:49",NA,NA,NA,NA,NA,NA
"10",NA,NA,NA,NA,NA,"QC",NA,NA,NA,"2012","6736","1",NA,"Bad","poor visibiility","BPV","BPV",NA,NA,NA,NA,NA,NA,"CSEO","62705","01:25:05",NA,NA,NA,NA,NA,NA
"11",NA,NA,NA,NA,NA,"QC",NA,NA,NA,"2012","6736","1",NA,"Good","Good Going Forward","GGF","GGF",NA,NA,NA,NA,NA,NA,"CSEO","62718","01:25:18",NA,NA,NA,NA,NA,NA
"12",NA,NA,NA,NA,NA,"QC",NA,NA,NA,"2012","6736","1",NA,"Bad","poor visibiility","BPV","BPV",NA,NA,NA,NA,NA,NA,"CSEO","62784","01:26:24",NA,NA,NA,NA,NA,NA
"13",NA,NA,NA,NA,NA,"QC",NA,NA,NA,"2012","6736","1",NA,"Good","Good Going Forward","GGF","GGF",NA,NA,NA,NA,NA,NA,"CSEO","62794","01:26:34",NA,NA,NA,NA,NA,NA
"14",NA,NA,NA,NA,NA,"QC",NA,NA,NA,"2012","6736","1",NA,"Bad","poor visibiility","BPV","BPV",NA,NA,NA,NA,NA,NA,"CSEO","63013","01:30:13",NA,NA,NA,NA,NA,NA
"15",NA,NA,NA,NA,NA,"QC",NA,NA,NA,"2012","6736","1",NA,"Good","Good Going Forward","GGF","GGF",NA,NA,NA,NA,NA,NA,"CSEO","63022","01:30:22",NA,NA,NA,NA,NA,NA
"16",NA,NA,NA,NA,NA,"QC",NA,NA,NA,"2012","6736","1",NA,"Bad","poor visibiility","BPV","BPV",NA,NA,NA,NA,NA,NA,"CSEO","63097","01:31:37",NA,NA,NA,NA,NA,NA
"17",NA,NA,NA,NA,NA,"QC",NA,NA,NA,"2012","6736","1",NA,"Good","Good Going Forward","GGF","GGF",NA,NA,NA,NA,NA,NA,"CSEO","63107","01:31:47",NA,NA,NA,NA,NA,NA
"18",NA,NA,NA,NA,NA,"QC",NA,NA,NA,"2012","6736","1",NA,"Good","Good Going Forward","GGF","GGF",NA,NA,NA,"END",NA,NA,"CSEO","63622","01:40:22",NA,NA,NA,NA,NA,NA
"19",NA,NA,NA,NA,NA,"QC",NA,NA,NA,"2012","6736","2",NA,"Good","Good Going Forward","GGF","GGF",NA,NA,NA,"START",NA,NA,"CSEO","64195","01:49:55",NA,NA,NA,NA,NA,NA
"20",NA,NA,NA,NA,NA,"QC",NA,NA,NA,"2012","6736","2",NA,"Bad","poor visibiility","BPV","BPV",NA,NA,NA,NA,NA,NA,"CSEO","65057","02:04:17",NA,NA,NA,NA,NA,NA
"21",NA,NA,NA,NA,NA,"QC",NA,NA,NA,"2012","6736","2",NA,"Good","Good Going Forward","GGF","GGF",NA,NA,NA,NA,NA,NA,"CSEO","65086","02:04:46",NA,NA,NA,NA,NA,NA
"22",NA,NA,NA,NA,NA,"QC",NA,NA,NA,"2012","6736","2",NA,"Good","Good Going Forward","GGF","GGF",NA,NA,NA,"END",NA,NA,"CSEO","65600","02:13:20",NA,NA,NA,NA,NA,NA
"23",NA,NA,NA,NA,NA,"QC",NA,NA,NA,"2012","6738","1",NA,"Good","Good Going Forward","GGF","GGF",NA,NA,NA,"START",NA,NA,"CSEO","57734","00:02:14",NA,NA,NA,NA,NA,NA
"24",NA,NA,NA,NA,NA,"QC",NA,NA,NA,"2012","6738","1",NA,"Good","Good Going Forward","GGF","GGF",NA,NA,NA,"END",NA,NA,"CSEO","59674","00:34:34",NA,NA,NA,NA,NA,NA
"25",NA,NA,NA,NA,NA,"QC",NA,NA,NA,"2012","6738","2",NA,"Good","Good Going Forward","GGF","GGF",NA,NA,NA,"START",NA,NA,"CSEO","53650","22:54:10",NA,NA,NA,NA,NA,NA
"26",NA,NA,NA,NA,NA,"QC",NA,NA,NA,"2012","6738","2",NA,"Good","Good Going Forward","GGF","GGF",NA,NA,NA,"END",NA,NA,"CSEO","55627","23:27:07",NA,NA,NA,NA,NA,NA
"27",NA,NA,NA,NA,NA,"QC",NA,NA,NA,"2012","6739","1",NA,"Good","Good Going Forward","GGF","GGF",NA,NA,NA,"START",NA,NA,"CSEO","31761","16:49:21",NA,NA,NA,NA,NA,NA
"28",NA,NA,NA,NA,NA,"QC",NA,NA,NA,"2012","6739","1",NA,"Bad","going backward","BGB","BGB",NA,NA,NA,NA,NA,NA,"CSEO","31926","16:52:06",NA,NA,NA,NA,NA,NA
"29",NA,NA,NA,NA,NA,"QC",NA,NA,NA,"2012","6739","1",NA,"Good","Good Going Forward","GGF","GGF",NA,NA,NA,NA,NA,NA,"CSEO","31949","16:52:29",NA,NA,NA,NA,NA,NA
"30",NA,NA,NA,NA,NA,"QC",NA,NA,NA,"2012","6739","1",NA,"Bad","going backward","BGB","BGB",NA,NA,NA,NA,NA,NA,"CSEO","32157","16:55:57",NA,NA,NA,NA,NA,NA
"31",NA,NA,NA,NA,NA,"QC",NA,NA,NA,"2012","6739","1",NA,"Good","Good Going Forward","GGF","GGF",NA,NA,NA,NA,NA,NA,"CSEO","32177","16:56:17",NA,NA,NA,NA,NA,NA
"32",NA,NA,NA,NA,NA,"QC",NA,NA,NA,"2012","6739","1",NA,"Good","Good Going Forward","GGF","GGF",NA,NA,NA,"END",NA,NA,"CSEO","34069","17:27:49",NA,NA,NA,NA,NA,NA
"33",NA,NA,NA,NA,NA,"QC",NA,NA,NA,"2012","6739","2",NA,"Good","Good Going Forward","GGF","GGF",NA,NA,NA,"START",NA,NA,"CSEO","34546","17:35:46",NA,NA,NA,NA,NA,NA
"34",NA,NA,NA,NA,NA,"QC",NA,NA,NA,"2012","6739","2",NA,"Bad","loitering in same area","BLA","BLA",NA,NA,NA,NA,NA,NA,"CSEO","34683","17:38:03",NA,NA,NA,NA,NA,NA
"35",NA,NA,NA,NA,NA,"QC",NA,NA,NA,"2012","6739","2",NA,"Good","Good Going Forward","GGF","GGF",NA,NA,NA,NA,NA,NA,"CSEO","34725","17:38:45",NA,NA,NA,NA,NA,NA
"36",NA,NA,NA,NA,NA,"QC",NA,NA,NA,"2012","6739","2",NA,"Bad","loitering in same area","BLA","BLA",NA,NA,NA,NA,NA,NA,"CSEO","34733","17:38:53",NA,NA,NA,NA,NA,NA
"37",NA,NA,NA,NA,NA,"QC",NA,NA,NA,"2012","6739","2",NA,"Good","Good Going Forward","GGF","GGF",NA,NA,NA,NA,NA,NA,"CSEO","34751","17:39:11",NA,NA,NA,NA,NA,NA
"38",NA,NA,NA,NA,NA,"QC",NA,NA,NA,"2012","6739","2",NA,"Bad","loitering in same area","BLA","BLA",NA,NA,NA,NA,NA,NA,"CSEO","34762","17:39:22",NA,NA,NA,NA,NA,NA
"39",NA,NA,NA,NA,NA,"QC",NA,NA,NA,"2012","6739","2",NA,"Good","Good Going Forward","GGF","GGF",NA,NA,NA,NA,NA,NA,"CSEO","34794","17:39:54",NA,NA,NA,NA,NA,NA
"40",NA,NA,NA,NA,NA,"QC",NA,NA,NA,"2012","6739","2",NA,"Bad","loitering in same area","BLA","BLA",NA,NA,NA,NA,NA,NA,"CSEO","34901","17:41:41",NA,NA,NA,NA,NA,NA
"41",NA,NA,NA,NA,NA,"QC",NA,NA,NA,"2012","6739","2",NA,"Good","Good Going Forward","GGF","GGF",NA,NA,NA,NA,NA,NA,"CSEO","34928","17:42:08",NA,NA,NA,NA,NA,NA
"42",NA,NA,NA,NA,NA,"QC",NA,NA,NA,"2012","6739","2",NA,"Bad","loitering in same area","BLA","BLA",NA,NA,NA,NA,NA,NA,"CSEO","34940","17:42:20",NA,NA,NA,NA,NA,NA
"43",NA,NA,NA,NA,NA,"QC",NA,NA,NA,"2012","6739","2",NA,"Good","Good Going Forward","GGF","GGF",NA,NA,NA,NA,NA,NA,"CSEO","34945","17:42:25",NA,NA,NA,NA,NA,NA
"44",NA,NA,NA,NA,NA,"QC",NA,NA,NA,"2012","6739","2",NA,"Bad","loitering in same area","BLA","BLA",NA,NA,NA,NA,NA,NA,"CSEO","35166","17:46:06",NA,NA,NA,NA,NA,NA
"45",NA,NA,NA,NA,NA,"QC",NA,NA,NA,"2012","6739","2",NA,"Good","Good Going Forward","GGF","GGF",NA,NA,NA,NA,NA,NA,"CSEO","35175","17:46:15",NA,NA,NA,NA,NA,NA
"46",NA,NA,NA,NA,NA,"QC",NA,NA,NA,"2012","6739","2",NA,"Bad","loitering in same area","BLA","BLA",NA,NA,NA,NA,NA,NA,"CSEO","35285","17:48:05",NA,NA,NA,NA,NA,NA
"47",NA,NA,NA,NA,NA,"QC",NA,NA,NA,"2012","6739","2",NA,"Good","Good Going Forward","GGF","GGF",NA,NA,NA,NA,NA,NA,"CSEO","35294","17:48:14",NA,NA,NA,NA,NA,NA
"48",NA,NA,NA,NA,NA,"QC",NA,NA,NA,"2012","6739","2",NA,"Good","Good Going Forward","GGF","GGF",NA,NA,NA,"END",NA,NA,"CSEO","35895","17:58:15",NA,NA,NA,NA,NA,NA
"49",NA,NA,NA,NA,NA,"QC",NA,NA,NA,"2012","6740","1",NA,"Good","Good Going Forward","GGF","GGF",NA,NA,NA,"START",NA,NA,"CSEO","39807","19:03:27",NA,NA,NA,NA,NA,NA
"50",NA,NA,NA,NA,NA,"QC",NA,NA,NA,"2012","6740","1",NA,"Good","Good Going Forward","GGF","GGF",NA,NA,NA,"END",NA,NA,"CSEO","41547","19:32:27",NA,NA,NA,NA,NA,NA
"51",NA,NA,NA,NA,NA,"QC",NA,NA,NA,"2012","6741","1",NA,"Good","Good Going Forward","GGF","GGF",NA,NA,NA,"START",NA,NA,"CSEO","47388","21:09:48",NA,NA,NA,NA,NA,NA
"52",NA,NA,NA,NA,NA,"QC",NA,NA,NA,"2012","6741","1",NA,"Bad","poor visibiility","BPV","BPV",NA,NA,NA,NA,NA,NA,"CSEO","47588","21:13:08",NA,NA,NA,NA,NA,NA
"53",NA,NA,NA,NA,NA,"QC",NA,NA,NA,"2012","6741","1",NA,"Good","Good Going Forward","GGF","GGF",NA,NA,NA,NA,NA,NA,"CSEO","47596","21:13:16",NA,NA,NA,NA,NA,NA
"54",NA,NA,NA,NA,NA,"QC",NA,NA,NA,"2012","6741","1",NA,"Bad","poor visibiility","BPV","BPV",NA,NA,NA,NA,NA,NA,"CSEO","47691","21:14:51",NA,NA,NA,NA,NA,NA
"55",NA,NA,NA,NA,NA,"QC",NA,NA,NA,"2012","6741","1",NA,"Good","Good Going Forward","GGF","GGF",NA,NA,NA,NA,NA,NA,"CSEO","47700","21:15:00",NA,NA,NA,NA,NA,NA
"56",NA,NA,NA,NA,NA,"QC",NA,NA,NA,"2012","6741","1",NA,"Good","Good Going Forward","GGF","GGF",NA,NA,NA,"END",NA,NA,"CSEO","49112","21:38:32",NA,NA,NA,NA,NA,NA
"57",NA,NA,NA,NA,NA,"QC",NA,NA,NA,"2012","6741","2",NA,"Good","Good Going Forward","GGF","GGF",NA,NA,NA,"START",NA,NA,"CSEO","43868","20:11:08",NA,NA,NA,NA,NA,NA
"58",NA,NA,NA,NA,NA,"QC",NA,NA,NA,"2012","6741","2",NA,"Bad","loitering in same area","BLA","BLA",NA,NA,NA,NA,NA,NA,"CSEO","45368","20:36:08",NA,NA,NA,NA,NA,NA
"59",NA,NA,NA,NA,NA,"QC",NA,NA,NA,"2012","6741","2",NA,"Good","Good Going Forward","GGF","GGF",NA,NA,NA,NA,NA,NA,"CSEO","45382","20:36:22",NA,NA,NA,NA,NA,NA
"60",NA,NA,NA,NA,NA,"QC",NA,NA,NA,"2012","6741","2",NA,"Good","Good Going Forward","GGF","GGF",NA,NA,NA,"END",NA,NA,"CSEO","46172","20:49:32",NA,NA,NA,NA,NA,NA
"61",NA,NA,NA,NA,NA,"QC",NA,NA,NA,"2012","6742","1",NA,"Good","Good Going Forward","GGF","GGF",NA,NA,NA,"START",NA,NA,"CSEO","58089","00:08:09",NA,NA,NA,NA,NA,NA
"62",NA,NA,NA,NA,NA,"QC",NA,NA,NA,"2012","6742","1",NA,"Good","Good Going Forward","GGF","GGF",NA,NA,NA,"END",NA,NA,"CSEO","59656","00:34:16",NA,NA,NA,NA,NA,NA
"63",NA,NA,NA,NA,NA,"QC",NA,NA,NA,"2012","6742","2",NA,"Good","Good Going Forward","GGF","GGF",NA,NA,NA,"START",NA,NA,"CSEO","56062","23:34:22",NA,NA,NA,NA,NA,NA
"64",NA,NA,NA,NA,NA,"QC",NA,NA,NA,"2012","6742","2",NA,"Bad","bottom stir-up","BBS","BBS",NA,NA,NA,NA,NA,NA,"CSEO","56757","23:45:57",NA,NA,NA,NA,NA,NA
"65",NA,NA,NA,NA,NA,"QC",NA,NA,NA,"2012","6742","2",NA,"Good","Good Going Forward","GGF","GGF",NA,NA,NA,NA,NA,NA,"CSEO","56760","23:46:00",NA,NA,NA,NA,NA,NA
"66",NA,NA,NA,NA,NA,"QC",NA,NA,NA,"2012","6742","2",NA,"Good","Good Going Forward","GGF","GGF",NA,NA,NA,"END",NA,NA,"CSEO","57759","00:02:39",NA,NA,NA,NA,NA,NA
"67",NA,NA,NA,NA,NA,"QC",NA,NA,NA,"2012","6744","1",NA,"Good","Good Going Forward","GGF","GGF",NA,NA,NA,"START",NA,NA,"CSEO","35720","17:55:20",NA,NA,NA,NA,NA,NA
"68",NA,NA,NA,NA,NA,"QC",NA,NA,NA,"2012","6744","1",NA,"Good","Good Going Forward","GGF","GGF",NA,NA,NA,"END",NA,NA,"CSEO","37045","18:17:25",NA,NA,NA,NA,NA,NA
"69",NA,NA,NA,NA,NA,"QC",NA,NA,NA,"2012","6744","2",NA,"Good","Good Going Forward","GGF","GGF",NA,NA,NA,"START",NA,NA,"CSEO","33840","17:24:00",NA,NA,NA,NA,NA,NA
"70",NA,NA,NA,NA,NA,"QC",NA,NA,NA,"2012","6744","2",NA,"Good","Good Going Forward","GGF","GGF",NA,NA,NA,"END",NA,NA,"CSEO","35352","17:49:12",NA,NA,NA,NA,NA,NA
"71",NA,NA,NA,NA,NA,"QC",NA,NA,NA,"2012","6745","1",NA,"Good","Good Going Forward","GGF","GGF",NA,NA,NA,"START",NA,NA,"CSEO","28531","15:55:31",NA,NA,NA,NA,NA,NA
"72",NA,NA,NA,NA,NA,"QC",NA,NA,NA,"2012","6745","1",NA,"Bad","poor visibiility","BPV","BPV",NA,NA,NA,NA,NA,NA,"CSEO","28555","15:55:55",NA,NA,NA,NA,NA,NA
"73",NA,NA,NA,NA,NA,"QC",NA,NA,NA,"2012","6745","1",NA,"Good","Good Going Forward","GGF","GGF",NA,NA,NA,NA,NA,NA,"CSEO","28557","15:55:57",NA,NA,NA,NA,NA,NA
"74",NA,NA,NA,NA,NA,"QC",NA,NA,NA,"2012","6745","1",NA,"Bad","poor visibiility","BPV","BPV",NA,NA,NA,NA,NA,NA,"CSEO","28628","15:57:08",NA,NA,NA,NA,NA,NA
"75",NA,NA,NA,NA,NA,"QC",NA,NA,NA,"2012","6745","1",NA,"Good","Good Going Forward","GGF","GGF",NA,NA,NA,NA,NA,NA,"CSEO","28639","15:57:19",NA,NA,NA,NA,NA,NA
"76",NA,NA,NA,NA,NA,"QC",NA,NA,NA,"2012","6745","1",NA,"Bad","going backward","BGB","BGB",NA,NA,NA,NA,NA,NA,"CSEO","29067","16:04:27",NA,NA,NA,NA,NA,NA
"77",NA,NA,NA,NA,NA,"QC",NA,NA,NA,"2012","6745","1",NA,"Good","Good Going Forward","GGF","GGF",NA,NA,NA,NA,NA,NA,"CSEO","29072","16:04:32",NA,NA,NA,NA,NA,NA
"78",NA,NA,NA,NA,NA,"QC",NA,NA,NA,"2012","6745","1",NA,"Good","Good Going Forward","GGF","GGF",NA,NA,NA,"END",NA,NA,"CSEO","30216","16:23:36",NA,NA,NA,NA,NA,NA
"79",NA,NA,NA,NA,NA,"QC",NA,NA,NA,"2012","6745","2",NA,"Good","Good Going Forward","GGF","GGF",NA,NA,NA,"START",NA,NA,"CSEO","26299","15:18:19",NA,NA,NA,NA,NA,NA
"80",NA,NA,NA,NA,NA,"QC",NA,NA,NA,"2012","6745","2",NA,"Bad","poor visibiility","BPV","BPV",NA,NA,NA,NA,NA,NA,"CSEO","26595","15:23:15",NA,NA,NA,NA,NA,NA
"81",NA,NA,NA,NA,NA,"QC",NA,NA,NA,"2012","6745","2",NA,"Good","Good Going Forward","GGF","GGF",NA,NA,NA,NA,NA,NA,"CSEO","26605","15:23:25",NA,NA,NA,NA,NA,NA
"82",NA,NA,NA,NA,NA,"QC",NA,NA,NA,"2012","6745","2",NA,"Bad","lost bottom visual","BLB","BLB",NA,NA,NA,NA,NA,NA,"CSEO","27593","15:39:53",NA,NA,NA,NA,NA,NA
"83",NA,NA,NA,NA,NA,"QC",NA,NA,NA,"2012","6745","2",NA,"Good","Good Going Forward","GGF","GGF",NA,NA,NA,NA,NA,NA,"CSEO","27598","15:39:58",NA,NA,NA,NA,NA,NA
"84",NA,NA,NA,NA,NA,"QC",NA,NA,NA,"2012","6745","2",NA,"Bad","lost bottom visual","BLB","BLB",NA,NA,NA,NA,NA,NA,"CSEO","27602","15:40:02",NA,NA,NA,NA,NA,NA
"85",NA,NA,NA,NA,NA,"QC",NA,NA,NA,"2012","6745","2",NA,"Good","Good Going Forward","GGF","GGF",NA,NA,NA,NA,NA,NA,"CSEO","27610","15:40:10",NA,NA,NA,NA,NA,NA
"86",NA,NA,NA,NA,NA,"QC",NA,NA,NA,"2012","6745","2",NA,"Good","Good Going Forward","GGF","GGF",NA,NA,NA,"END",NA,NA,"CSEO","28125","15:48:45",NA,NA,NA,NA,NA,NA
"87",NA,NA,NA,NA,NA,"QC",NA,NA,NA,"2012","6746","1",NA,"Good","Good Going Forward","GGF","GGF",NA,NA,NA,"START",NA,NA,"CSEO","66348","02:25:48",NA,NA,NA,NA,NA,NA
"88",NA,NA,NA,NA,NA,"QC",NA,NA,NA,"2012","6746","1",NA,"Good","Good Going Forward","GGF","GGF",NA,NA,NA,"END",NA,NA,"CSEO","68114","02:55:14",NA,NA,NA,NA,NA,NA
"89",NA,NA,NA,NA,NA,"QC",NA,NA,NA,"2012","6746","2",NA,"Good","Good Going Forward","GGF","GGF",NA,NA,NA,"START",NA,NA,"CSEO","63898","01:44:58",NA,NA,NA,NA,NA,NA
"90",NA,NA,NA,NA,NA,"QC",NA,NA,NA,"2012","6746","2",NA,"Good","Good Going Forward","GGF","GGF",NA,NA,NA,"END",NA,NA,"CSEO","65935","02:18:55",NA,NA,NA,NA,NA,NA
"91",NA,NA,NA,NA,NA,"QC",NA,NA,NA,"2012","6747","1",NA,"Good","Good Going Forward","GGF","GGF",NA,NA,NA,"START",NA,NA,"CSEO","43432","20:03:52",NA,NA,NA,NA,NA,NA
"92",NA,NA,NA,NA,NA,"QC",NA,NA,NA,"2012","6747","1",NA,"Good","Good Going Forward","GGF","GGF",NA,NA,NA,"END",NA,NA,"CSEO","45289","20:34:49",NA,NA,NA,NA,NA,NA
"93",NA,NA,NA,NA,NA,"QC",NA,NA,NA,"2012","6747","2",NA,"Good","Good Going Forward","GGF","GGF",NA,NA,NA,"START",NA,NA,"CSEO","40961","19:22:41",NA,NA,NA,NA,NA,NA
"94",NA,NA,NA,NA,NA,"QC",NA,NA,NA,"2012","6747","2",NA,"Good","Good Going Forward","GGF","GGF",NA,NA,NA,"END",NA,NA,"CSEO","42919","19:55:19",NA,NA,NA,NA,NA,NA
"95",NA,NA,NA,NA,NA,"QC",NA,NA,NA,"2012","6748","2",NA,"Good","Good Going Forward","GGF","GGF",NA,NA,NA,"START",NA,NA,"CSEO","53648","22:54:08",NA,NA,NA,NA,NA,NA
"96",NA,NA,NA,NA,NA,"QC",NA,NA,NA,"2012","6748","2",NA,"Bad","repositioned","BRP","BRP",NA,NA,NA,NA,NA,NA,"CSEO","54349","23:05:49",NA,NA,NA,NA,NA,NA
"97",NA,NA,NA,NA,NA,"QC",NA,NA,NA,"2012","6748","2",NA,"Good","Good Going Forward","GGF","GGF",NA,NA,NA,NA,NA,NA,"CSEO","54524","23:08:44",NA,NA,NA,NA,NA,NA
"98",NA,NA,NA,NA,NA,"QC",NA,NA,NA,"2012","6748","2",NA,"Good","Good Going Forward","GGF","GGF",NA,NA,NA,"END",NA,NA,"CSEO","55817","23:30:17",NA,NA,NA,NA,NA,NA
"99",NA,NA,NA,NA,NA,"QC",NA,NA,NA,"2012","6748","3",NA,"Good","Good Going Forward","GGF","GGF",NA,NA,NA,"START",NA,NA,"CSEO","56293","23:38:13",NA,NA,NA,NA,NA,NA
"100",NA,NA,NA,NA,NA,"QC",NA,NA,NA,"2012","6748","3",NA,"Good","Good Going Forward","GGF","GGF",NA,NA,NA,"END",NA,NA,"CSEO","58514","00:15:14",NA,NA,NA,NA,NA,NA
"101",NA,NA,NA,NA,NA,"QC",NA,NA,NA,"2012","6749","1",NA,"Good","Good Going Forward","GGF","GGF",NA,NA,NA,"START",NA,NA,"CSEO","40565","19:16:05",NA,NA,NA,NA,NA,NA
"102",NA,NA,NA,NA,NA,"QC",NA,NA,NA,"2012","6749","1",NA,"Good","Good Going Forward","GGF","GGF",NA,NA,NA,"END",NA,NA,"CSEO","42364","19:46:04",NA,NA,NA,NA,NA,NA
"103",NA,NA,NA,NA,NA,"QC",NA,NA,NA,"2012","6749","2",NA,"Good","Good Going Forward","GGF","GGF",NA,NA,NA,"START",NA,NA,"CSEO","44214","20:16:54",NA,NA,NA,NA,NA,NA
"104",NA,NA,NA,NA,NA,"QC",NA,NA,NA,"2012","6749","2",NA,"Good","Good Going Forward","GGF","GGF",NA,NA,NA,"END",NA,NA,"CSEO","46206","20:50:06",NA,NA,NA,NA,NA,NA
"105",NA,NA,NA,NA,NA,"QC",NA,NA,NA,"2012","6753","1",NA,"Good","Good Going Forward","GGF","GGF",NA,NA,NA,"START",NA,NA,"CSEO","52653","22:37:33",NA,NA,NA,NA,NA,NA
"106",NA,NA,NA,NA,NA,"QC",NA,NA,NA,"2012","6753","1",NA,"Good","Good Going Forward","GGF","GGF",NA,NA,NA,"END",NA,NA,"CSEO","53482","22:51:22",NA,NA,NA,NA,NA,NA
"107",NA,NA,NA,NA,NA,"QC",NA,NA,NA,"2012","6753","2",NA,"Good","Good Going Forward","GGF","GGF",NA,NA,NA,"START",NA,NA,"CSEO","49949","21:52:29",NA,NA,NA,NA,NA,NA
"108",NA,NA,NA,NA,NA,"QC",NA,NA,NA,"2012","6753","2",NA,"Bad","loitering in same area","BLA","BLA",NA,NA,NA,NA,NA,NA,"CSEO","49980","21:53:00",NA,NA,NA,NA,NA,NA
"109",NA,NA,NA,NA,NA,"QC",NA,NA,NA,"2012","6753","2",NA,"Good","Good Going Forward","GGF","GGF",NA,NA,NA,NA,NA,NA,"CSEO","49985","21:53:05",NA,NA,NA,NA,NA,NA
"110",NA,NA,NA,NA,NA,"QC",NA,NA,NA,"2012","6753","2",NA,"Bad","ERROR","GBG","GBG",NA,NA,NA,NA,NA,NA,"CSEO","50293","21:58:13",NA,NA,NA,NA,NA,NA
"111",NA,NA,NA,NA,NA,"QC",NA,NA,NA,"2012","6753","2",NA,"Good","Good Going Forward","GGF","GGF",NA,NA,NA,NA,NA,NA,"CSEO","50296","21:58:16",NA,NA,NA,NA,NA,NA
"112",NA,NA,NA,NA,NA,"QC",NA,NA,NA,"2012","6753","2",NA,"Good","Good Going Forward","GGF","GGF",NA,NA,NA,"END",NA,NA,"CSEO","52291","22:31:31",NA,NA,NA,NA,NA,NA
"113",NA,NA,NA,NA,NA,"QC",NA,NA,NA,"2012","6754","1",NA,"Good","Good Going Forward","GGF","GGF",NA,NA,NA,"START",NA,NA,"CSEO","35664","17:54:24",NA,NA,NA,NA,NA,NA
"114",NA,NA,NA,NA,NA,"QC",NA,NA,NA,"2012","6754","1",NA,"Bad","poor visibiility","BPV","BPV",NA,NA,NA,NA,NA,NA,"CSEO","36861","18:14:21",NA,NA,NA,NA,NA,NA
"115",NA,NA,NA,NA,NA,"QC",NA,NA,NA,"2012","6754","1",NA,"Good","Good Going Forward","GGF","GGF",NA,NA,NA,NA,NA,NA,"CSEO","36865","18:14:25",NA,NA,NA,NA,NA,NA
"116",NA,NA,NA,NA,NA,"QC",NA,NA,NA,"2012","6754","1",NA,"Bad","poor visibiility","BPV","BPV",NA,NA,NA,NA,NA,NA,"CSEO","37056","18:17:36",NA,NA,NA,NA,NA,NA
"117",NA,NA,NA,NA,NA,"QC",NA,NA,NA,"2012","6754","1",NA,"Good","Good Going Forward","GGF","GGF",NA,NA,NA,NA,NA,NA,"CSEO","37072","18:17:52",NA,NA,NA,NA,NA,NA
"118",NA,NA,NA,NA,NA,"QC",NA,NA,NA,"2012","6754","1",NA,"Good","Good Going Forward","GGF","GGF",NA,NA,NA,"END",NA,NA,"CSEO","37093","18:18:13",NA,NA,NA,NA,NA,NA
"119",NA,NA,NA,NA,NA,"QC",NA,NA,NA,"2012","6755","1",NA,"Good","Good Going Forward","GGF","GGF",NA,NA,NA,"START",NA,NA,"CSEO","30143","16:22:23",NA,NA,NA,NA,NA,NA
"120",NA,NA,NA,NA,NA,"QC",NA,NA,NA,"2012","6755","1",NA,"Good","Good Going Forward","GGF","GGF",NA,NA,NA,"END",NA,NA,"CSEO","31947","16:52:27",NA,NA,NA,NA,NA,NA
"121",NA,NA,NA,NA,NA,"QC",NA,NA,NA,"2012","6755","2",NA,"Good","Good Going Forward","GGF","GGF",NA,NA,NA,"START",NA,NA,"CSEO","26530","15:22:10",NA,NA,NA,NA,NA,NA
"122",NA,NA,NA,NA,NA,"QC",NA,NA,NA,"2012","6755","2",NA,"Bad","going backward","BGB","BGB",NA,NA,NA,NA,NA,NA,"CSEO","26970","15:29:30",NA,NA,NA,NA,NA,NA
"123",NA,NA,NA,NA,NA,"QC",NA,NA,NA,"2012","6755","2",NA,"Bad","lost bottom visual","BLB","BLB",NA,NA,NA,NA,NA,NA,"CSEO","26989","15:29:49",NA,NA,NA,NA,NA,NA
"124",NA,NA,NA,NA,NA,"QC",NA,NA,NA,"2012","6755","2",NA,"Bad","repositioned","BRP","BRP",NA,NA,NA,NA,NA,NA,"CSEO","26999","15:29:59",NA,NA,NA,NA,NA,NA
"125",NA,NA,NA,NA,NA,"QC",NA,NA,NA,"2012","6755","2",NA,"Good","Good Going Forward","GGF","GGF",NA,NA,NA,NA,NA,NA,"CSEO","27008","15:30:08",NA,NA,NA,NA,NA,NA
"126",NA,NA,NA,NA,NA,"QC",NA,NA,NA,"2012","6755","2",NA,"Bad","lost bottom visual","BLB","BLB",NA,NA,NA,"ABORTED",NA,NA,"CSEO","27017","15:30:17",NA,NA,NA,NA,NA,NA
"127",NA,NA,NA,NA,NA,"QC",NA,NA,NA,"2012","6755","2",NA,"Good","Good Going Forward","GGF","GGF",NA,NA,NA,"RESTARTED",NA,NA,"CSEO","28837","16:00:37",NA,NA,NA,NA,NA,NA
"128",NA,NA,NA,NA,NA,"QC",NA,NA,NA,"2012","6755","2",NA,"Bad","going backward","BGB","BGB",NA,NA,NA,NA,NA,NA,"CSEO","28939","16:02:19",NA,NA,NA,NA,NA,NA
"129",NA,NA,NA,NA,NA,"QC",NA,NA,NA,"2012","6755","2",NA,"Good","Good Going Forward","GGF","GGF",NA,NA,NA,NA,NA,NA,"CSEO","28953","16:02:33",NA,NA,NA,NA,NA,NA
"130",NA,NA,NA,NA,NA,"QC",NA,NA,NA,"2012","6755","2",NA,"Good","Good Going Forward","GGF","GGF",NA,NA,NA,"END",NA,NA,"CSEO","29865","16:17:45",NA,NA,NA,NA,NA,NA
"131",NA,NA,NA,NA,NA,"QC",NA,NA,NA,"2012","6756","1",NA,"Good","Good Going Forward","GGF","GGF",NA,NA,NA,"START",NA,NA,"CSEO","57799","00:03:19",NA,NA,NA,NA,NA,NA
"132",NA,NA,NA,NA,NA,"QC",NA,NA,NA,"2012","6756","1",NA,"Bad","going over drop-off","BDO","BDO",NA,NA,NA,NA,NA,NA,"CSEO","58346","00:12:26",NA,NA,NA,NA,NA,NA
"133",NA,NA,NA,NA,NA,"QC",NA,NA,NA,"2012","6756","1",NA,"Good","Good Going Forward","GGF","GGF",NA,NA,NA,NA,NA,NA,"CSEO","58352","00:12:32",NA,NA,NA,NA,NA,NA
"134",NA,NA,NA,NA,NA,"QC",NA,NA,NA,"2012","6756","1",NA,"Bad","going backward","BGB","BGB",NA,NA,NA,NA,NA,NA,"CSEO","58725","00:18:45",NA,NA,NA,NA,NA,NA
"135",NA,NA,NA,NA,NA,"QC",NA,NA,NA,"2012","6756","1",NA,"Good","Good Going Forward","GGF","GGF",NA,NA,NA,NA,NA,NA,"CSEO","58750","00:19:10",NA,NA,NA,NA,NA,NA
"136",NA,NA,NA,NA,NA,"QC",NA,NA,NA,"2012","6756","1",NA,"Bad","going over drop-off","BDO","BDO",NA,NA,NA,NA,NA,NA,"CSEO","59592","00:33:12",NA,NA,NA,NA,NA,NA
"137",NA,NA,NA,NA,NA,"QC",NA,NA,NA,"2012","6756","1",NA,"Good","Good Going Forward","GGF","GGF",NA,NA,NA,NA,NA,NA,"CSEO","59597","00:33:17",NA,NA,NA,NA,NA,NA
"138",NA,NA,NA,NA,NA,"QC",NA,NA,NA,"2012","6756","1",NA,"Good","Good Going Forward","GGF","GGF",NA,NA,NA,"END",NA,NA,"CSEO","59786","00:36:26",NA,NA,NA,NA,NA,NA
"139",NA,NA,NA,NA,NA,"QC",NA,NA,NA,"2012","6756","2",NA,"Good","Good Going Forward","GGF","GGF",NA,NA,NA,"START",NA,NA,"CSEO","54853","23:14:13",NA,NA,NA,NA,NA,NA
"140",NA,NA,NA,NA,NA,"QC",NA,NA,NA,"2012","6756","2",NA,"Bad","poor visibiility","BPV","BPV",NA,NA,NA,NA,NA,NA,"CSEO","55067","23:17:47",NA,NA,NA,NA,NA,NA
"141",NA,NA,NA,NA,NA,"QC",NA,NA,NA,"2012","6756","2",NA,"Good","Good Going Forward","GGF","GGF",NA,NA,NA,NA,NA,NA,"CSEO","55074","23:17:54",NA,NA,NA,NA,NA,NA
"142",NA,NA,NA,NA,NA,"QC",NA,NA,NA,"2012","6756","2",NA,"Good","Good Going Forward","GGF","GGF",NA,NA,NA,"END",NA,NA,"CSEO","56391","23:39:51",NA,NA,NA,NA,NA,NA
"143",NA,NA,NA,NA,NA,"QC",NA,NA,NA,"2012","6757","1",NA,"Good","Good Going Forward","GGF","GGF",NA,NA,NA,"START",NA,NA,"CSEO","64809","02:00:09",NA,NA,NA,NA,NA,NA
"144",NA,NA,NA,NA,NA,"QC",NA,NA,NA,"2012","6757","1",NA,"Good","Good Going Forward","GGF","GGF",NA,NA,NA,"END",NA,NA,"CSEO","66123","02:22:03",NA,NA,NA,NA,NA,NA
"145",NA,NA,NA,NA,NA,"QC",NA,NA,NA,"2012","6757","2",NA,"Good","Good Going Forward","GGF","GGF",NA,NA,NA,"START",NA,NA,"CSEO","62100","01:15:00",NA,NA,NA,NA,NA,NA
"146",NA,NA,NA,NA,NA,"QC",NA,NA,NA,"2012","6757","2",NA,"Bad","poor visibiility","BPV","BPV",NA,NA,NA,NA,NA,NA,"CSEO","62180","01:16:20",NA,NA,NA,NA,NA,NA
"147",NA,NA,NA,NA,NA,"QC",NA,NA,NA,"2012","6757","2",NA,"Good","Good Going Forward","GGF","GGF",NA,NA,NA,NA,NA,NA,"CSEO","62192","01:16:32",NA,NA,NA,NA,NA,NA
"148",NA,NA,NA,NA,NA,"QC",NA,NA,NA,"2012","6757","2",NA,"Bad","bottom stir-up","BBS","BBS",NA,NA,NA,NA,NA,NA,"CSEO","63709","01:41:49",NA,NA,NA,NA,NA,NA
"149",NA,NA,NA,NA,NA,"QC",NA,NA,NA,"2012","6757","2",NA,"Good","Good Going Forward","GGF","GGF",NA,NA,NA,NA,NA,NA,"CSEO","63711","01:41:51",NA,NA,NA,NA,NA,NA
"150",NA,NA,NA,NA,NA,"QC",NA,NA,NA,"2012","6757","2",NA,"Bad","going over drop-off","BDO","BDO",NA,NA,NA,NA,NA,NA,"CSEO","63833","01:43:53",NA,NA,NA,NA,NA,NA
"151",NA,NA,NA,NA,NA,"QC",NA,NA,NA,"2012","6757","2",NA,"Good","Good Going Forward","GGF","GGF",NA,NA,NA,NA,NA,NA,"CSEO","63839","01:43:59",NA,NA,NA,NA,NA,NA
"152",NA,NA,NA,NA,NA,"QC",NA,NA,NA,"2012","6757","2",NA,"Good","Good Going Forward","GGF","GGF",NA,NA,NA,"END",NA,NA,"CSEO","64423","01:53:43",NA,NA,NA,NA,NA,NA
"153",NA,NA,NA,NA,NA,"QC",NA,NA,NA,"2012","6758","1",NA,"Good","Good Going Forward","GGF","GGF",NA,NA,NA,"START",NA,NA,"CSEO","27225","15:33:45",NA,NA,NA,NA,NA,NA
"154",NA,NA,NA,NA,NA,"QC",NA,NA,NA,"2012","6758","1",NA,"Bad","going over drop-off","BDO","BDO",NA,NA,NA,NA,NA,NA,"CSEO","27802","15:43:22",NA,NA,NA,NA,NA,NA
"155",NA,NA,NA,NA,NA,"QC",NA,NA,NA,"2012","6758","1",NA,"Good","Good Going Forward","GGF","GGF",NA,NA,NA,NA,NA,NA,"CSEO","27832","15:43:52",NA,NA,NA,NA,NA,NA
"156",NA,NA,NA,NA,NA,"QC",NA,NA,NA,"2012","6758","1",NA,"Bad","lost bottom visual","BLB","BLB",NA,NA,NA,NA,NA,NA,"CSEO","29279","16:07:59",NA,NA,NA,NA,NA,NA
"157",NA,NA,NA,NA,NA,"QC",NA,NA,NA,"2012","6758","1",NA,"Good","Good Going Forward","GGF","GGF",NA,NA,NA,NA,NA,NA,"CSEO","29286","16:08:06",NA,NA,NA,NA,NA,NA
"158",NA,NA,NA,NA,NA,"QC",NA,NA,NA,"2012","6758","1",NA,"Good","Good Going Forward","GGF","GGF",NA,NA,NA,"END",NA,NA,"CSEO","29520","16:12:00",NA,NA,NA,NA,NA,NA
"159",NA,NA,NA,NA,NA,"QC",NA,NA,NA,"2012","6758","2",NA,"Good","Good Going Forward","GGF","GGF",NA,NA,NA,"START",NA,NA,"CSEO","30259","16:24:19",NA,NA,NA,NA,NA,NA
"160",NA,NA,NA,NA,NA,"QC",NA,NA,NA,"2012","6758","2",NA,"Bad","going over drop-off","BDO","BDO",NA,NA,NA,NA,NA,NA,"CSEO","30607","16:30:07",NA,NA,NA,NA,NA,NA
"161",NA,NA,NA,NA,NA,"QC",NA,NA,NA,"2012","6758","2",NA,"Good","Good Going Forward","GGF","GGF",NA,NA,NA,NA,NA,NA,"CSEO","30619","16:30:19",NA,NA,NA,NA,NA,NA
"162",NA,NA,NA,NA,NA,"QC",NA,NA,NA,"2012","6758","2",NA,"Bad","going over drop-off","BDO","BDO",NA,NA,NA,NA,NA,NA,"CSEO","30665","16:31:05",NA,NA,NA,NA,NA,NA
"163",NA,NA,NA,NA,NA,"QC",NA,NA,NA,"2012","6758","2",NA,"Good","Good Going Forward","GGF","GGF",NA,NA,NA,NA,NA,NA,"CSEO","30701","16:31:41",NA,NA,NA,NA,NA,NA
"164",NA,NA,NA,NA,NA,"QC",NA,NA,NA,"2012","6758","2",NA,"Good","Good Going Forward","GGF","GGF",NA,NA,NA,"END",NA,NA,"CSEO","32043","16:54:03",NA,NA,NA,NA,NA,NA
"165",NA,NA,NA,NA,NA,"QC",NA,NA,NA,"2012","6759","1",NA,"Good","Good Going Forward","GGF","GGF",NA,NA,NA,"START",NA,NA,"CSEO","68212","02:56:52",NA,NA,NA,NA,NA,NA
"166",NA,NA,NA,NA,NA,"QC",NA,NA,NA,"2012","6759","1",NA,"Good","Good Going Forward","GGF","GGF",NA,NA,NA,"END",NA,NA,"CSEO","70226","03:30:26",NA,NA,NA,NA,NA,NA
"167",NA,NA,NA,NA,NA,"QC",NA,NA,NA,"2012","6759","2",NA,"Good","Good Going Forward","GGF","GGF",NA,NA,NA,"START",NA,NA,"CSEO","64007","01:46:47",NA,NA,NA,NA,NA,NA
"168",NA,NA,NA,NA,NA,"QC",NA,NA,NA,"2012","6759","2",NA,"Bad","poor visibiility","BPV","BPV",NA,NA,NA,NA,NA,NA,"CSEO","65125","02:05:25",NA,NA,NA,NA,NA,NA
"169",NA,NA,NA,NA,NA,"QC",NA,NA,NA,"2012","6759","2",NA,"Good","resting on bottom","GRB","GRB",NA,NA,NA,NA,NA,NA,"CSEO","65207","02:06:47",NA,NA,NA,NA,NA,NA
"170",NA,NA,NA,NA,NA,"QC",NA,NA,NA,"2012","6759","2",NA,"Good","Good Going Forward","GGF","GGF",NA,NA,NA,NA,NA,NA,"CSEO","65230","02:07:10",NA,NA,NA,NA,NA,NA
"171",NA,NA,NA,NA,NA,"QC",NA,NA,NA,"2012","6759","2",NA,"Bad","poor visibiility","BPV","BPV",NA,NA,NA,NA,NA,NA,"CSEO","65644","02:14:04",NA,NA,NA,NA,NA,NA
"172",NA,NA,NA,NA,NA,"QC",NA,NA,NA,"2012","6759","2",NA,"Good","Good Going Forward","GGF","GGF",NA,NA,NA,NA,NA,NA,"CSEO","65952","02:19:12",NA,NA,NA,NA,NA,NA
"173",NA,NA,NA,NA,NA,"QC",NA,NA,NA,"2012","6759","2",NA,"Good","Good Going Forward","GGF","GGF",NA,NA,NA,"END",NA,NA,"CSEO","66233","02:23:53",NA,NA,NA,NA,NA,NA
"174",NA,NA,NA,NA,NA,"QC",NA,NA,NA,"2012","6761","1",NA,"Good","Good Going Forward","GGF","GGF",NA,NA,NA,"START",NA,NA,"CSEO","34963","17:42:43",NA,NA,NA,NA,NA,NA
"175",NA,NA,NA,NA,NA,"QC",NA,NA,NA,"2012","6761","1",NA,"Bad","going over drop-off","BDO","BDO",NA,NA,NA,NA,NA,NA,"CSEO","36172","18:02:52",NA,NA,NA,NA,NA,NA
"176",NA,NA,NA,NA,NA,"QC",NA,NA,NA,"2012","6761","1",NA,"Good","Good Going Forward","GGF","GGF",NA,NA,NA,NA,NA,NA,"CSEO","36180","18:03:00",NA,NA,NA,NA,NA,NA
"177",NA,NA,NA,NA,NA,"QC",NA,NA,NA,"2012","6761","1",NA,"Good","Good Going Forward","GGF","GGF",NA,NA,NA,"END",NA,NA,"CSEO","36901","18:15:01",NA,NA,NA,NA,NA,NA
"178",NA,NA,NA,NA,NA,"QC",NA,NA,NA,"2012","6761","2",NA,"Good","Good Going Forward","GGF","GGF",NA,NA,NA,"START",NA,NA,"CSEO","37234","18:20:34",NA,NA,NA,NA,NA,NA
"179",NA,NA,NA,NA,NA,"QC",NA,NA,NA,"2012","6761","2",NA,"Bad","poor visibiility","BPV","BPV",NA,NA,NA,NA,NA,NA,"CSEO","39111","18:51:51",NA,NA,NA,NA,NA,NA
"180",NA,NA,NA,NA,NA,"QC",NA,NA,NA,"2012","6761","2",NA,"Good","Good Going Forward","GGF","GGF",NA,NA,NA,NA,NA,NA,"CSEO","39117","18:51:57",NA,NA,NA,NA,NA,NA
"181",NA,NA,NA,NA,NA,"QC",NA,NA,NA,"2012","6761","2",NA,"Good","Good Going Forward","GGF","GGF",NA,NA,NA,"END",NA,NA,"CSEO","39276","18:54:36",NA,NA,NA,NA,NA,NA
"182",NA,NA,NA,NA,NA,"QC",NA,NA,NA,"2012","6762","1",NA,"Good","Good Going Forward","GGF","GGF",NA,NA,NA,"START",NA,NA,"CSEO","28037","15:47:17",NA,NA,NA,NA,NA,NA
"183",NA,NA,NA,NA,NA,"QC",NA,NA,NA,"2012","6762","1",NA,"Bad","poor visibiility","BPV","BPV",NA,NA,NA,NA,NA,NA,"CSEO","29020","16:03:40",NA,NA,NA,NA,NA,NA
"184",NA,NA,NA,NA,NA,"QC",NA,NA,NA,"2012","6762","1",NA,"Good","Good Going Forward","GGF","GGF",NA,NA,NA,NA,NA,NA,"CSEO","29022","16:03:42",NA,NA,NA,NA,NA,NA
"185",NA,NA,NA,NA,NA,"QC",NA,NA,NA,"2012","6762","1",NA,"Bad","poor visibiility","BPV","BPV",NA,NA,NA,NA,NA,NA,"CSEO","29392","16:09:52",NA,NA,NA,NA,NA,NA
"186",NA,NA,NA,NA,NA,"QC",NA,NA,NA,"2012","6762","1",NA,"Good","Good Going Forward","GGF","GGF",NA,NA,NA,NA,NA,NA,"CSEO","29405","16:10:05",NA,NA,NA,NA,NA,NA
"187",NA,NA,NA,NA,NA,"QC",NA,NA,NA,"2012","6762","1",NA,"Good","Good Going Forward","GGF","GGF",NA,NA,NA,"END",NA,NA,"CSEO","29649","16:14:09",NA,NA,NA,NA,NA,NA
"188",NA,NA,NA,NA,NA,"QC",NA,NA,NA,"2012","6762","2",NA,"Good","Good Going Forward","GGF","GGF",NA,NA,NA,"START",NA,NA,"CSEO","30059","16:20:59",NA,NA,NA,NA,NA,NA
"189",NA,NA,NA,NA,NA,"QC",NA,NA,NA,"2012","6762","2",NA,"Good","resting on bottom","GRB","GRB",NA,NA,NA,NA,NA,NA,"CSEO","30106","16:21:46",NA,NA,NA,NA,NA,NA
"190",NA,NA,NA,NA,NA,"QC",NA,NA,NA,"2012","6762","2",NA,"Good","Good Going Forward","GGF","GGF",NA,NA,NA,NA,NA,NA,"CSEO","30141","16:22:21",NA,NA,NA,NA,NA,NA
"191",NA,NA,NA,NA,NA,"QC",NA,NA,NA,"2012","6762","2",NA,"Bad","poor visibiility","BPV","BPV",NA,NA,NA,NA,NA,NA,"CSEO","31835","16:50:35",NA,NA,NA,NA,NA,NA
"192",NA,NA,NA,NA,NA,"QC",NA,NA,NA,"2012","6762","2",NA,"Good","Good Going Forward","GGF","GGF",NA,NA,NA,NA,NA,NA,"CSEO","31841","16:50:41",NA,NA,NA,NA,NA,NA
"193",NA,NA,NA,NA,NA,"QC",NA,NA,NA,"2012","6762","2",NA,"Bad","poor visibiility","BPV","BPV",NA,NA,NA,NA,NA,NA,"CSEO","31892","16:51:32",NA,NA,NA,NA,NA,NA
"194",NA,NA,NA,NA,NA,"QC",NA,NA,NA,"2012","6762","2",NA,"Good","Good Going Forward","GGF","GGF",NA,NA,NA,NA,NA,NA,"CSEO","31900","16:51:40",NA,NA,NA,NA,NA,NA
"195",NA,NA,NA,NA,NA,"QC",NA,NA,NA,"2012","6762","2",NA,"Good","Good Going Forward","GGF","GGF",NA,NA,NA,"END",NA,NA,"CSEO","32014","16:53:34",NA,NA,NA,NA,NA,NA
"196",NA,NA,NA,NA,NA,"QC",NA,NA,NA,"2012","6765","1",NA,"Good","Good Going Forward","GGF","GGF",NA,NA,NA,"START",NA,NA,"CSEO","45954","20:45:54",NA,NA,NA,NA,NA,NA
"197",NA,NA,NA,NA,NA,"QC",NA,NA,NA,"2012","6765","1",NA,"Bad","going over drop-off","BDO","BDO",NA,NA,NA,NA,NA,NA,"CSEO","46896","21:01:36",NA,NA,NA,NA,NA,NA
"198",NA,NA,NA,NA,NA,"QC",NA,NA,NA,"2012","6765","1",NA,"Good","Good Going Forward","GGF","GGF",NA,NA,NA,NA,NA,NA,"CSEO","46920","21:02:00",NA,NA,NA,NA,NA,NA
"199",NA,NA,NA,NA,NA,"QC",NA,NA,NA,"2012","6765","1",NA,"Good","Good Going Forward","GGF","GGF",NA,NA,NA,"END",NA,NA,"CSEO","48111","21:21:51",NA,NA,NA,NA,NA,NA
"200",NA,NA,NA,NA,NA,"QC",NA,NA,NA,"2012","6765","2",NA,"Good","Good Going Forward","GGF","GGF",NA,NA,NA,"START",NA,NA,"CSEO","43295","20:01:35",NA,NA,NA,NA,NA,NA
"201",NA,NA,NA,NA,NA,"QC",NA,NA,NA,"2012","6765","2",NA,"Bad","poor visibiility","BPV","BPV",NA,NA,NA,NA,NA,NA,"CSEO","44732","20:25:32",NA,NA,NA,NA,NA,NA
"202",NA,NA,NA,NA,NA,"QC",NA,NA,NA,"2012","6765","2",NA,"Good","Good Going Forward","GGF","GGF",NA,NA,NA,NA,NA,NA,"CSEO","44748","20:25:48",NA,NA,NA,NA,NA,NA
"203",NA,NA,NA,NA,NA,"QC",NA,NA,NA,"2012","6765","2",NA,"Good","Good Going Forward","GGF","GGF",NA,NA,NA,"END",NA,NA,"CSEO","45237","20:33:57",NA,NA,NA,NA,NA,NA
"204",NA,NA,NA,NA,NA,"QC",NA,NA,NA,"2012","6770","1",NA,"Good","Good Going Forward","GGF","GGF",NA,NA,NA,"START",NA,NA,"CSEO","59380","00:29:40",NA,NA,NA,NA,NA,NA
"205",NA,NA,NA,NA,NA,"QC",NA,NA,NA,"2012","6770","1",NA,"Bad","going backward","BGB","BGB",NA,NA,NA,NA,NA,NA,"CSEO","60619","00:50:19",NA,NA,NA,NA,NA,NA
"206",NA,NA,NA,NA,NA,"QC",NA,NA,NA,"2012","6770","1",NA,"Good","Good Going Forward","GGF","GGF",NA,NA,NA,NA,NA,NA,"CSEO","60630","00:50:30",NA,NA,NA,NA,NA,NA
"207",NA,NA,NA,NA,NA,"QC",NA,NA,NA,"2012","6770","1",NA,"Good","resting on bottom","GRB","GRB",NA,NA,NA,NA,NA,NA,"CSEO","61561","01:06:01",NA,NA,NA,NA,NA,NA
"208",NA,NA,NA,NA,NA,"QC",NA,NA,NA,"2012","6770","1",NA,"Good","Good Going Forward","GGF","GGF",NA,NA,NA,NA,NA,NA,"CSEO","61574","01:06:14",NA,NA,NA,NA,NA,NA
"209",NA,NA,NA,NA,NA,"QC",NA,NA,NA,"2012","6770","1",NA,"Good","Good Going Forward","GGF","GGF",NA,NA,NA,"END",NA,NA,"CSEO","61670","01:07:50",NA,NA,NA,NA,NA,NA
"210",NA,NA,NA,NA,NA,"QC",NA,NA,NA,"2012","6770","2",NA,"Good","Good Going Forward","GGF","GGF",NA,NA,NA,"START",NA,NA,"CSEO","62317","01:18:37",NA,NA,NA,NA,NA,NA
"211",NA,NA,NA,NA,NA,"QC",NA,NA,NA,"2012","6770","2",NA,"Bad","poor visibiility","BPV","BPV",NA,NA,NA,NA,NA,NA,"CSEO","63700","01:41:40",NA,NA,NA,NA,NA,NA
"212",NA,NA,NA,NA,NA,"QC",NA,NA,NA,"2012","6770","2",NA,"Good","Good Going Forward","GGF","GGF",NA,NA,NA,NA,NA,NA,"CSEO","63710","01:41:50",NA,NA,NA,NA,NA,NA
"213",NA,NA,NA,NA,NA,"QC",NA,NA,NA,"2012","6770","2",NA,"Good","Good Going Forward","GGF","GGF",NA,NA,NA,"END",NA,NA,"CSEO","64374","01:52:54",NA,NA,NA,NA,NA,NA
"214",NA,NA,NA,NA,NA,"QC",NA,NA,NA,"2012","6773","1",NA,"Good","Good Going Forward","GGF","GGF",NA,NA,NA,"START",NA,NA,"CSEO","63095","01:31:35",NA,NA,NA,NA,NA,NA
"215",NA,NA,NA,NA,NA,"QC",NA,NA,NA,"2012","6773","1",NA,"Good","resting on bottom","GRB","GRB",NA,NA,NA,NA,NA,NA,"CSEO","63209","01:33:29",NA,NA,NA,NA,NA,NA
"216",NA,NA,NA,NA,NA,"QC",NA,NA,NA,"2012","6773","1",NA,"Good","Good Going Forward","GGF","GGF",NA,NA,NA,NA,NA,NA,"CSEO","63228","01:33:48",NA,NA,NA,NA,NA,NA
"217",NA,NA,NA,NA,NA,"QC",NA,NA,NA,"2012","6773","1",NA,"Bad","loitering in same area","BLA","BLA",NA,NA,NA,NA,NA,NA,"CSEO","63459","01:37:39",NA,NA,NA,NA,NA,NA
"218",NA,NA,NA,NA,NA,"QC",NA,NA,NA,"2012","6773","1",NA,"Good","Good Going Forward","GGF","GGF",NA,NA,NA,NA,NA,NA,"CSEO","63465","01:37:45",NA,NA,NA,NA,NA,NA
"219",NA,NA,NA,NA,NA,"QC",NA,NA,NA,"2012","6773","1",NA,"Bad","resting on bottom","BRB","BRB",NA,NA,NA,NA,NA,NA,"CSEO","63478","01:37:58",NA,NA,NA,NA,NA,NA
"220",NA,NA,NA,NA,NA,"QC",NA,NA,NA,"2012","6773","1",NA,"Good","Good Going Forward","GGF","GGF",NA,NA,NA,NA,NA,NA,"CSEO","63514","01:38:34",NA,NA,NA,NA,NA,NA
"221",NA,NA,NA,NA,NA,"QC",NA,NA,NA,"2012","6773","1",NA,"Bad","loitering in same area","BLA","BLA",NA,NA,NA,NA,NA,NA,"CSEO","63594","01:39:54",NA,NA,NA,NA,NA,NA
"222",NA,NA,NA,NA,NA,"QC",NA,NA,NA,"2012","6773","1",NA,"Good","Good Going Forward","GGF","GGF",NA,NA,NA,NA,NA,NA,"CSEO","63597","01:39:57",NA,NA,NA,NA,NA,NA
"223",NA,NA,NA,NA,NA,"QC",NA,NA,NA,"2012","6773","1",NA,"Good","resting on bottom","GRB","GRB",NA,NA,NA,NA,NA,NA,"CSEO","64601","01:56:41",NA,NA,NA,NA,NA,NA
"224",NA,NA,NA,NA,NA,"QC",NA,NA,NA,"2012","6773","1",NA,"Good","Good Going Forward","GGF","GGF",NA,NA,NA,NA,NA,NA,"CSEO","64654","01:57:34",NA,NA,NA,NA,NA,NA
"225",NA,NA,NA,NA,NA,"QC",NA,NA,NA,"2012","6773","1",NA,"Bad","lost bottom visual","BLB","BLB",NA,NA,NA,NA,NA,NA,"CSEO","65600","02:13:20",NA,NA,NA,NA,NA,NA
"226",NA,NA,NA,NA,NA,"QC",NA,NA,NA,"2012","6773","1",NA,"Good","Good Going Forward","GGF","GGF",NA,NA,NA,NA,NA,NA,"CSEO","65609","02:13:29",NA,NA,NA,NA,NA,NA
"227",NA,NA,NA,NA,NA,"QC",NA,NA,NA,"2012","6773","1",NA,"Good","Good Going Forward","GGF","GGF",NA,NA,NA,"END",NA,NA,"CSEO","65651","02:14:11",NA,NA,NA,NA,NA,NA
"228",NA,NA,NA,NA,NA,"QC",NA,NA,NA,"2012","6773","2",NA,"Good","Good Going Forward","GGF","GGF",NA,NA,NA,"START",NA,NA,"CSEO","50060","21:54:20",NA,NA,NA,NA,NA,NA
"229",NA,NA,NA,NA,NA,"QC",NA,NA,NA,"2012","6773","2",NA,"Bad","resting on bottom","BRB","BRB",NA,NA,NA,NA,NA,NA,"CSEO","50184","21:56:24",NA,NA,NA,NA,NA,NA
"230",NA,NA,NA,NA,NA,"QC",NA,NA,NA,"2012","6773","2",NA,"Good","Good Going Forward","GGF","GGF",NA,NA,NA,NA,NA,NA,"CSEO","50232","21:57:12",NA,NA,NA,NA,NA,NA
"231",NA,NA,NA,NA,NA,"QC",NA,NA,NA,"2012","6773","2",NA,"Bad","poor visibiility","BPV","BPV",NA,NA,NA,NA,NA,NA,"CSEO","51159","22:12:39",NA,NA,NA,NA,NA,NA
"232",NA,NA,NA,NA,NA,"QC",NA,NA,NA,"2012","6773","2",NA,"Good","Good Going Forward","GGF","GGF",NA,NA,NA,NA,NA,NA,"CSEO","51170","22:12:50",NA,NA,NA,NA,NA,NA
"233",NA,NA,NA,NA,NA,"QC",NA,NA,NA,"2012","6773","2",NA,"Good","Good Going Forward","GGF","GGF",NA,NA,NA,"END",NA,NA,"CSEO","52372","22:32:52",NA,NA,NA,NA,NA,NA
"234",NA,NA,NA,NA,NA,"QC",NA,NA,"","2013",NA,"4","Line","Good","Good Going Forward","GGF","GGF",NA,NA,NA,"Start",NA,NA,"SSEO",NA,NA,NA,NA,NA,NA,NA,"02:02:55:04"
"235",NA,NA,NA,NA,NA,"QC",NA,NA,"","2013",NA,"4","Line","Good","resting on bottom","GRB","GRB",NA,NA,NA,"",NA,NA,"SSEO",NA,NA,NA,NA,NA,NA,NA,"02:05:41:10"
"236",NA,NA,NA,NA,NA,"QC",NA,NA,"","2013",NA,"4","Line","Good","Good Going Forward","GGF","GGF",NA,NA,NA,"",NA,NA,"SSEO",NA,NA,NA,NA,NA,NA,NA,"02:06:06:17"
"237",NA,NA,NA,NA,NA,"QC",NA,NA,"","2013",NA,"4","Line","Good","resting on bottom","GRB","GRB",NA,NA,NA,"",NA,NA,"SSEO",NA,NA,NA,NA,NA,NA,NA,"02:11:14:20"
"238",NA,NA,NA,NA,NA,"QC",NA,NA,"","2013",NA,"4","Line","Good","Good Going Forward","GGF","GGF",NA,NA,NA,"",NA,NA,"SSEO",NA,NA,NA,NA,NA,NA,NA,"02:11:21:12"
"239",NA,NA,NA,NA,NA,"QC",NA,NA,"","2013",NA,"4","Line","Bad","loitering in same area","BLA","BLA",NA,NA,NA,"",NA,NA,"SSEO",NA,NA,NA,NA,NA,NA,NA,"02:13:45:07"
"240",NA,NA,NA,NA,NA,"QC",NA,NA,"","2013",NA,"4","Line","Good","Good Going Forward","GGF","GGF",NA,NA,NA,"",NA,NA,"SSEO",NA,NA,NA,NA,NA,NA,NA,"02:13:56:26"
"241",NA,NA,NA,NA,NA,"QC",NA,NA,"","2013",NA,"4","Line","Good","Good Going Forward","GGF","GGF",NA,NA,NA,"End",NA,NA,"SSEO",NA,NA,NA,NA,NA,NA,NA,"02:34:42:11"
"242",NA,NA,NA,NA,NA,"QC",NA,NA,"","2013",NA,"5","Line","Good","Good Going Forward","GGF","GGF",NA,NA,NA,"Start",NA,NA,"SSEO",NA,NA,NA,NA,NA,NA,NA,"00:40:19:16"
"243",NA,NA,NA,NA,NA,"QC",NA,NA,"","2013",NA,"5","Line","Good","Good Going Forward","GGF","GGF",NA,NA,NA,"End",NA,NA,"SSEO",NA,NA,NA,NA,NA,NA,NA,"01:12:21:00"
"244",NA,NA,NA,NA,NA,"QC",NA,NA,"","2013",NA,"6","Line","Good","Good Going Forward","GGF","GGF",NA,NA,NA,"Start",NA,NA,"SSEO",NA,NA,NA,NA,NA,NA,NA,"23:19:40:21"
"245",NA,NA,NA,NA,NA,"QC",NA,NA,"","2013",NA,"6","Line","Bad","poor visibiility","BPV","BPV",NA,NA,NA,"",NA,NA,"SSEO",NA,NA,NA,NA,NA,NA,NA,"23:31:17:22"
"246",NA,NA,NA,NA,NA,"QC",NA,NA,"","2013",NA,"6","Line","Good","Good Going Forward","GGF","GGF",NA,NA,NA,"",NA,NA,"SSEO",NA,NA,NA,NA,NA,NA,NA,"23:31:31:09"
"247",NA,NA,NA,NA,NA,"QC",NA,NA,"","2013",NA,"6","Line","Bad","going backward","BGB","BGB",NA,NA,NA,"",NA,NA,"SSEO",NA,NA,NA,NA,NA,NA,NA,"23:33:39:11"
"248",NA,NA,NA,NA,NA,"QC",NA,NA,"","2013",NA,"6","Line","Good","Good Going Forward","GGF","GGF",NA,NA,NA,"",NA,NA,"SSEO",NA,NA,NA,NA,NA,NA,NA,"23:33:45:02"
"249",NA,NA,NA,NA,NA,"QC",NA,NA,"","2013",NA,"6","Line","Bad","poor visibiility","BPV","BPV",NA,NA,NA,"",NA,NA,"SSEO",NA,NA,NA,NA,NA,NA,NA,"23:38:42:14"
"250",NA,NA,NA,NA,NA,"QC",NA,NA,"","2013",NA,"6","Line","Good","Good Going Forward","GGF","GGF",NA,NA,NA,"",NA,NA,"SSEO",NA,NA,NA,NA,NA,NA,NA,"23:38:53:11"
"251",NA,NA,NA,NA,NA,"QC",NA,NA,"","2013",NA,"6","Line","Bad","poor visibiility","BPV","BPV",NA,NA,NA,"",NA,NA,"SSEO",NA,NA,NA,NA,NA,NA,NA,"23:39:01:02"
"252",NA,NA,NA,NA,NA,"QC",NA,NA,"","2013",NA,"6","Line","Good","Good Going Forward","GGF","GGF",NA,NA,NA,"",NA,NA,"SSEO",NA,NA,NA,NA,NA,NA,NA,"23:39:05:14"
"253",NA,NA,NA,NA,NA,"QC",NA,NA,"","2013",NA,"6","Line","Good","Good Going Forward","GGF","GGF",NA,NA,NA,"End",NA,NA,"SSEO",NA,NA,NA,NA,NA,NA,NA,"23:58:43:10"
"254",NA,NA,NA,NA,NA,"QC",NA,NA,"","2013",NA,"9","Line","Good","Good Going Forward","GGF","GGF",NA,NA,NA,"Start",NA,NA,"SSEO",NA,NA,NA,NA,NA,NA,NA,"21:24:13:01"
"255",NA,NA,NA,NA,NA,"QC",NA,NA,"","2013",NA,"9","Line","Bad","lost bottom visual","BLB","BLB",NA,NA,NA,"",NA,NA,"SSEO",NA,NA,NA,NA,NA,NA,NA,"21:37:21:04"
"256",NA,NA,NA,NA,NA,"QC",NA,NA,"","2013",NA,"9","Line","Good","Good Going Forward","GGF","GGF",NA,NA,NA,"",NA,NA,"SSEO",NA,NA,NA,NA,NA,NA,NA,"21:37:26:15"
"257",NA,NA,NA,NA,NA,"QC",NA,NA,"","2013",NA,"9","Line","Bad","loitering in same area","BLA","BLA",NA,NA,NA,"",NA,NA,"SSEO",NA,NA,NA,NA,NA,NA,NA,"21:47:03:18"
"258",NA,NA,NA,NA,NA,"QC",NA,NA,"","2013",NA,"9","Line","Good","Good Going Forward","GGF","GGF",NA,NA,NA,"",NA,NA,"SSEO",NA,NA,NA,NA,NA,NA,NA,"21:47:23:15"
"259",NA,NA,NA,NA,NA,"QC",NA,NA,"","2013",NA,"9","Line","Bad","lost bottom visual","BLB","BLB",NA,NA,NA,"",NA,NA,"SSEO",NA,NA,NA,NA,NA,NA,NA,"21:58:59:24"
"260",NA,NA,NA,NA,NA,"QC",NA,NA,"","2013",NA,"9","Line","Bad","resting on bottom","BRB","BRB",NA,NA,NA,"",NA,NA,"SSEO",NA,NA,NA,NA,NA,NA,NA,"21:59:13:21"
"261",NA,NA,NA,NA,NA,"QC",NA,NA,"","2013",NA,"9","Line","Good","Good Going Forward","GGF","GGF",NA,NA,NA,"",NA,NA,"SSEO",NA,NA,NA,NA,NA,NA,NA,"21:59:57;25"
"262",NA,NA,NA,NA,NA,"QC",NA,NA,"","2013",NA,"9","Line","Good","Good Going Forward","GGF","GGF",NA,NA,NA,"End",NA,NA,"SSEO",NA,NA,NA,NA,NA,NA,NA,"22:07:48:14"
"263",NA,NA,NA,NA,NA,"QC",NA,NA,"","2013",NA,"11","Line","Good","Good Going Forward","GGF","GGF",NA,NA,NA,"Start",NA,NA,"SSEO",NA,NA,NA,NA,NA,NA,NA,"14:34:16:12"
"264",NA,NA,NA,NA,NA,"QC",NA,NA,"","2013",NA,"11","Line","Bad","lost bottom visual","BLB","BLB",NA,NA,NA,"",NA,NA,"SSEO",NA,NA,NA,NA,NA,NA,NA,"14:36:26:28"
"265",NA,NA,NA,NA,NA,"QC",NA,NA,"","2013",NA,"11","Line","Good","Good Going Forward","GGF","GGF",NA,NA,NA,"",NA,NA,"SSEO",NA,NA,NA,NA,NA,NA,NA,"14:37:31:01"
"266",NA,NA,NA,NA,NA,"QC",NA,NA,"hard to tell if can see bottom in clamshell. Check on computer","2013",NA,"11","Line","Bad","lost bottom visual","BLB","BLB",NA,NA,NA,"",NA,NA,"SSEO",NA,NA,NA,NA,NA,NA,NA,"14:44:29:19"
"267",NA,NA,NA,NA,NA,"QC",NA,NA,"","2013",NA,"11","Line","Good","Good Going Forward","GGF","GGF",NA,NA,NA,"",NA,NA,"SSEO",NA,NA,NA,NA,NA,NA,NA,"14:44:41:04"
"268",NA,NA,NA,NA,NA,"QC",NA,NA,"","2013",NA,"11","Line","Bad","lost bottom visual","BLB","BLB",NA,NA,NA,"",NA,NA,"SSEO",NA,NA,NA,NA,NA,NA,NA,"14:53:30:26"
"269",NA,NA,NA,NA,NA,"QC",NA,NA,"","2013",NA,"11","Line","Good","Good Going Forward","GGF","GGF",NA,NA,NA,"",NA,NA,"SSEO",NA,NA,NA,NA,NA,NA,NA,"14:53:48:28"
"270",NA,NA,NA,NA,NA,"QC",NA,NA,"","2013",NA,"11","Line","Good","Good Going Forward","GGF","GGF",NA,NA,NA,"End",NA,NA,"SSEO",NA,NA,NA,NA,NA,NA,NA,"15:10:08:27"
"271",NA,NA,NA,NA,NA,"QC",NA,NA,"pause and restart","2013",NA,"13","Line","Good","Good Going Forward","GGF","GGF",NA,NA,NA,"Start",NA,NA,"SSEO",NA,NA,NA,NA,NA,NA,NA,"16:00:37:14"
"272",NA,NA,NA,NA,NA,"QC",NA,NA,"","2013",NA,"13","Line","Bad","loitering in same area","BLA","BLA",NA,NA,NA,"",NA,NA,"SSEO",NA,NA,NA,NA,NA,NA,NA,"16:02:43:29"
"273",NA,NA,NA,NA,NA,"QC",NA,NA,"","2013",NA,"13","Line","Good","Good Going Forward","GGF","GGF",NA,NA,NA,"",NA,NA,"SSEO",NA,NA,NA,NA,NA,NA,NA,"16:03:07:10"
"274",NA,NA,NA,NA,NA,"QC",NA,NA,"","2013",NA,"13","Line","Bad","poor visibiility","BPV","BPV",NA,NA,NA,"",NA,NA,"SSEO",NA,NA,NA,NA,NA,NA,NA,"16:04:15:03"
"275",NA,NA,NA,NA,NA,"QC",NA,NA,"","2013",NA,"13","Line","Good","Good Going Forward","GGF","GGF",NA,NA,NA,"",NA,NA,"SSEO",NA,NA,NA,NA,NA,NA,NA,"16:04:24:23"
"276",NA,NA,NA,NA,NA,"QC",NA,NA,"","2013",NA,"13","Line","Bad","poor visibiility","BPV","BPV",NA,NA,NA,"",NA,NA,"SSEO",NA,NA,NA,NA,NA,NA,NA,"16:08:26:17"
"277",NA,NA,NA,NA,NA,"QC",NA,NA,"","2013",NA,"13","Line","Good","Good Going Forward","GGF","GGF",NA,NA,NA,"",NA,NA,"SSEO",NA,NA,NA,NA,NA,NA,NA,"16:08:38:02"
"278",NA,NA,NA,NA,NA,"QC",NA,NA,"","2013",NA,"13","Line","Bad","poor visibiility","BPV","BPV",NA,NA,NA,"",NA,NA,"SSEO",NA,NA,NA,NA,NA,NA,NA,"16:35:49:13"
"279",NA,NA,NA,NA,NA,"QC",NA,NA,"","2013",NA,"13","Line","Good","Good Going Forward","GGF","GGF",NA,NA,NA,"",NA,NA,"SSEO",NA,NA,NA,NA,NA,NA,NA,"16:36:16:24"
"280",NA,NA,NA,NA,NA,"QC",NA,NA,"","2013",NA,"13","Line","Bad","poor visibiility","BPV","BPV",NA,NA,NA,"",NA,NA,"SSEO",NA,NA,NA,NA,NA,NA,NA,"16:37:19:29"
"281",NA,NA,NA,NA,NA,"QC",NA,NA,"","2013",NA,"13","Line","Good","Good Going Forward","GGF","GGF",NA,NA,NA,"",NA,NA,"SSEO",NA,NA,NA,NA,NA,NA,NA,"16:37:40:20"
"282",NA,NA,NA,NA,NA,"QC",NA,NA,"","2013",NA,"13","Line","Bad","lost bottom visual","BLB","BLB",NA,NA,NA,"",NA,NA,"SSEO",NA,NA,NA,NA,NA,NA,NA,"16:39:36:07"
"283",NA,NA,NA,NA,NA,"QC",NA,NA,"","2013",NA,"13","Line","Good","Good Going Forward","GGF","GGF",NA,NA,NA,"",NA,NA,"SSEO",NA,NA,NA,NA,NA,NA,NA,"16:49:48:09"
"284",NA,NA,NA,NA,NA,"QC",NA,NA,"","2013",NA,"13","Line","Good","Good Going Forward","GGF","GGF",NA,NA,NA,"End",NA,NA,"SSEO",NA,NA,NA,NA,NA,NA,NA,"16:53:58:18"
"285",NA,NA,NA,NA,NA,"QC",NA,NA,"","2013",NA,"14","Line","Good","Good Going Forward","GGF","GGF",NA,NA,NA,"Start",NA,NA,"SSEO",NA,NA,NA,NA,NA,NA,NA,"17:40:07:07"
"286",NA,NA,NA,NA,NA,"QC",NA,NA,"","2013",NA,"14","Line","Good","Good Going Forward","GGF","GGF",NA,NA,NA,"End",NA,NA,"SSEO",NA,NA,NA,NA,NA,NA,NA,"18:11:48:24"
"287",NA,NA,NA,NA,NA,"QC",NA,NA,"","2013",NA,"15","Line","Good","Good Going Forward","GGF","GGF",NA,NA,NA,"Start",NA,NA,"SSEO",NA,NA,NA,NA,NA,NA,NA,"19:04:03:25"
"288",NA,NA,NA,NA,NA,"QC",NA,NA,"","2013",NA,"15","Line","Good","Good Going Forward","GGF","GGF",NA,NA,NA,"End",NA,NA,"SSEO",NA,NA,NA,NA,NA,NA,NA,"19:42:21:03"
"289",NA,NA,NA,NA,NA,"QC",NA,NA,"video jumps from 13:24:28 to 13:26:32. Dive log says dive began at 13:25 so I think we missed head shake when video jumped. Calling start 13:26:32","2013",NA,"25","Line","Good","Good Going Forward","GGF","GGF",NA,NA,NA,"Start",NA,NA,"SSEO",NA,NA,NA,NA,NA,NA,NA,"13:26:34:17"
"290",NA,NA,NA,NA,NA,"QC",NA,NA,"","2013",NA,"25","Line","Bad","lost bottom visual","BLB","BLB",NA,NA,NA,"",NA,NA,"SSEO",NA,NA,NA,NA,NA,NA,NA,"13:54:33:04"
"291",NA,NA,NA,NA,NA,"QC",NA,NA,"","2013",NA,"25","Line","Good","Good Going Forward","GGF","GGF",NA,NA,NA,"",NA,NA,"SSEO",NA,NA,NA,NA,NA,NA,NA,"13:54:41:21"
"292",NA,NA,NA,NA,NA,"QC",NA,NA,"","2013",NA,"25","Line","Bad","lost bottom visual","BLB","BLB",NA,NA,NA,"",NA,NA,"SSEO",NA,NA,NA,NA,NA,NA,NA,"13:55:40:16"
"293",NA,NA,NA,NA,NA,"QC",NA,NA,"","2013",NA,"25","Line","Good","Good Going Forward","GGF","GGF",NA,NA,NA,"",NA,NA,"SSEO",NA,NA,NA,NA,NA,NA,NA,"13:56:10:27"
"294",NA,NA,NA,NA,NA,"QC",NA,NA,"","2013",NA,"25","Line","Good","Good Going Forward","GGF","GGF",NA,NA,NA,"End",NA,NA,"SSEO",NA,NA,NA,NA,NA,NA,NA,"14:13:09:07"
"295",NA,NA,NA,NA,NA,"QC",NA,NA,"no head shake to start, cameras were started late","2013",NA,"27","Line","Good","Good Going Forward","GGF","GGF",NA,NA,NA,"Start",NA,NA,"SSEO",NA,NA,NA,NA,NA,NA,NA,"15:55:03:16"
"296",NA,NA,NA,NA,NA,"QC",NA,NA,"","2013",NA,"27","Line","Good","Good Going Forward","GGF","GGF",NA,NA,NA,"End",NA,NA,"SSEO",NA,NA,NA,NA,NA,NA,NA,"16:29:02:08"
"297",NA,NA,NA,NA,NA,"QC",NA,NA,"","2013",NA,"29","Line","Good","Good Going Forward","GGF","GGF",NA,NA,NA,"Start",NA,NA,"SSEO",NA,NA,NA,NA,NA,NA,NA,"17:58:54:07"
"298",NA,NA,NA,NA,NA,"QC",NA,NA,"","2013",NA,"29","Line","Bad","poor visibiility","BPV","BPV",NA,NA,NA,"",NA,NA,"SSEO",NA,NA,NA,NA,NA,NA,NA,"18:13:12:02"
"299",NA,NA,NA,NA,NA,"QC",NA,NA,"","2013",NA,"29","Line","Good","Good Going Forward","GGF","GGF",NA,NA,NA,"",NA,NA,"SSEO",NA,NA,NA,NA,NA,NA,NA,"18:13:19:29"
"300",NA,NA,NA,NA,NA,"QC",NA,NA,"","2013",NA,"29","Line","Good","Good Going Forward","GGF","GGF",NA,NA,NA,"End",NA,NA,"SSEO",NA,NA,NA,NA,NA,NA,NA,"18:36:59:14"
"301",NA,NA,NA,NA,NA,"QC",NA,NA,"","2013",NA,"31","Line","Good","Good Going Forward","GGF","GGF",NA,NA,NA,"Start",NA,NA,"SSEO",NA,NA,NA,NA,NA,NA,NA,"21:43:14:27"
"302",NA,NA,NA,NA,NA,"QC",NA,NA,"","2013",NA,"31","Line","Good","Good Going Forward","GGF","GGF",NA,NA,NA,"End",NA,NA,"SSEO",NA,NA,NA,NA,NA,NA,NA,"22:20:24:25"
"303",NA,NA,NA,NA,NA,"QC",NA,NA,"","2013",NA,"33","Line","Good","Good Going Forward","GGF","GGF",NA,NA,NA,"Start",NA,NA,"SSEO",NA,NA,NA,NA,NA,NA,NA,"23:04:15:24"
"304",NA,NA,NA,NA,NA,"QC",NA,NA,"","2013",NA,"33","Line","Good","Good Going Forward","GGF","GGF",NA,NA,NA,"End",NA,NA,"SSEO",NA,NA,NA,NA,NA,NA,NA,"23:50:00:19"
"305",NA,NA,NA,NA,NA,"QC",NA,NA,"","2013",NA,"39","Line","Good","Good Going Forward","GGF","GGF",NA,NA,NA,"Start",NA,NA,"SSEO",NA,NA,NA,NA,NA,NA,NA,"03:29:04:12"
"306",NA,NA,NA,NA,NA,"QC",NA,NA,"","2013",NA,"39","Line","Bad","poor visibiility","BPV","BPV",NA,NA,NA,"",NA,NA,"SSEO",NA,NA,NA,NA,NA,NA,NA,"03:47:01:22"
"307",NA,NA,NA,NA,NA,"QC",NA,NA,"","2013",NA,"39","Line","Good","Good Going Forward","GGF","GGF",NA,NA,NA,"",NA,NA,"SSEO",NA,NA,NA,NA,NA,NA,NA,"03:47:14:15"
"308",NA,NA,NA,NA,NA,"QC",NA,NA,"","2013",NA,"39","Line","Bad","resting on bottom","BRB","BRB",NA,NA,NA,"",NA,NA,"SSEO",NA,NA,NA,NA,NA,NA,NA,"04:00:48:17"
"309",NA,NA,NA,NA,NA,"QC",NA,NA,"","2013",NA,"39","Line","Good","Good Going Forward","GGF","GGF",NA,NA,NA,"",NA,NA,"SSEO",NA,NA,NA,NA,NA,NA,NA,"04:01:30:24"
"310",NA,NA,NA,NA,NA,"QC",NA,NA,"","2013",NA,"39","Line","Good","Good Going Forward","GGF","GGF",NA,NA,NA,"End",NA,NA,"SSEO",NA,NA,NA,NA,NA,NA,NA,"04:06:08:11"
"311",NA,NA,NA,NA,NA,"QC",NA,NA,"","2013",NA,"41","Line","Good","Good Going Forward","GGF","GGF",NA,NA,NA,"Start",NA,NA,"SSEO",NA,NA,NA,NA,NA,NA,NA,"01:36:42:17"
"312",NA,NA,NA,NA,NA,"QC",NA,NA,"","2013",NA,"41","Line","Bad","lost bottom visual","BLB","BLB",NA,NA,NA,"",NA,NA,"SSEO",NA,NA,NA,NA,NA,NA,NA,"02:01:54:12"
"313",NA,NA,NA,NA,NA,"QC",NA,NA,"","2013",NA,"41","Line","Good","Good Going Forward","GGF","GGF",NA,NA,NA,"",NA,NA,"SSEO",NA,NA,NA,NA,NA,NA,NA,"02:02:21:25"
"314",NA,NA,NA,NA,NA,"QC",NA,NA,"","2013",NA,"41","Line","Bad","lost bottom visual","BLB","BLB",NA,NA,NA,"",NA,NA,"SSEO",NA,NA,NA,NA,NA,NA,NA,"02:03:37:12"
"315",NA,NA,NA,NA,NA,"QC",NA,NA,"","2013",NA,"41","Line","Bad","poor visibiility","BPV","BPV",NA,NA,NA,"",NA,NA,"SSEO",NA,NA,NA,NA,NA,NA,NA,"02:04:11:07"
"316",NA,NA,NA,NA,NA,"QC",NA,NA,"","2013",NA,"41","Line","Good","Good Going Forward","GGF","GGF",NA,NA,NA,"",NA,NA,"SSEO",NA,NA,NA,NA,NA,NA,NA,"02:04:53:18"
"317",NA,NA,NA,NA,NA,"QC",NA,NA,"","2013",NA,"41","Line","Bad","lost bottom visual","BLB","BLB",NA,NA,NA,"",NA,NA,"SSEO",NA,NA,NA,NA,NA,NA,NA,"02:08:43:11"
"318",NA,NA,NA,NA,NA,"QC",NA,NA,"","2013",NA,"41","Line","Good","Good Going Forward","GGF","GGF",NA,NA,NA,"",NA,NA,"SSEO",NA,NA,NA,NA,NA,NA,NA,"02:08:48:09"
"319",NA,NA,NA,NA,NA,"QC",NA,NA,"","2013",NA,"41","Line","Bad","lost bottom visual","BLB","BLB",NA,NA,NA,"",NA,NA,"SSEO",NA,NA,NA,NA,NA,NA,NA,"02:11:12:09"
"320",NA,NA,NA,NA,NA,"QC",NA,NA,"","2013",NA,"41","Line","Good","Good Going Forward","GGF","GGF",NA,NA,NA,"",NA,NA,"SSEO",NA,NA,NA,NA,NA,NA,NA,"02:11:28:16"
"321",NA,NA,NA,NA,NA,"QC",NA,NA,"","2013",NA,"41","Line","Bad","lost bottom visual","BLB","BLB",NA,NA,NA,"",NA,NA,"SSEO",NA,NA,NA,NA,NA,NA,NA,"02:12:01:10"
"322",NA,NA,NA,NA,NA,"QC",NA,NA,"","2013",NA,"41","Line","Good","Good Going Forward","GGF","GGF",NA,NA,NA,"",NA,NA,"SSEO",NA,NA,NA,NA,NA,NA,NA,"02:12:14:15"
"323",NA,NA,NA,NA,NA,"QC",NA,NA,"","2013",NA,"41","Line","Bad","lost bottom visual","BLB","BLB",NA,NA,NA,"",NA,NA,"SSEO",NA,NA,NA,NA,NA,NA,NA,"02:12:24:09"
"324",NA,NA,NA,NA,NA,"QC",NA,NA,"","2013",NA,"41","Line","Good","Good Going Forward","GGF","GGF",NA,NA,NA,"",NA,NA,"SSEO",NA,NA,NA,NA,NA,NA,NA,"02:12:56:12"
"325",NA,NA,NA,NA,NA,"QC",NA,NA,"","2013",NA,"41","Line","Bad","lost bottom visual","BLB","BLB",NA,NA,NA,"",NA,NA,"SSEO",NA,NA,NA,NA,NA,NA,NA,"02:13:32:00"
"326",NA,NA,NA,NA,NA,"QC",NA,NA,"","2013",NA,"41","Line","Good","Good Going Forward","GGF","GGF",NA,NA,NA,"",NA,NA,"SSEO",NA,NA,NA,NA,NA,NA,NA,"02:13:40:05"
"327",NA,NA,NA,NA,NA,"QC",NA,NA,"","2013",NA,"41","Line","Good","Good Going Forward","GGF","GGF",NA,NA,NA,"End",NA,NA,"SSEO",NA,NA,NA,NA,NA,NA,NA,"02:15:11:19"
"328",NA,NA,NA,NA,NA,"QC",NA,NA,"","2013",NA,"43","Line","Good","Good Going Forward","GGF","GGF",NA,NA,NA,"Start",NA,NA,"SSEO",NA,NA,NA,NA,NA,NA,NA,"22:12:01:29"
"329",NA,NA,NA,NA,NA,"QC",NA,NA,"","2013",NA,"43","Line","Bad","poor visibiility","BPV","BPV",NA,NA,NA,"",NA,NA,"SSEO",NA,NA,NA,NA,NA,NA,NA,"22:30:40:26"
"330",NA,NA,NA,NA,NA,"QC",NA,NA,"","2013",NA,"43","Line","Good","Good Going Forward","GGF","GGF",NA,NA,NA,"",NA,NA,"SSEO",NA,NA,NA,NA,NA,NA,NA,"22:30:46:13"
"331",NA,NA,NA,NA,NA,"QC",NA,NA,"","2013",NA,"43","Line","Bad","poor visibiility","BPV","BPV",NA,NA,NA,"",NA,NA,"SSEO",NA,NA,NA,NA,NA,NA,NA,"22:30:51:15"
"332",NA,NA,NA,NA,NA,"QC",NA,NA,"","2013",NA,"43","Line","Good","Good Going Forward","GGF","GGF",NA,NA,NA,"",NA,NA,"SSEO",NA,NA,NA,NA,NA,NA,NA,"22:30:55:05"
"333",NA,NA,NA,NA,NA,"QC",NA,NA,"","2013",NA,"43","Line","Bad","poor visibiility","BPV","BPV",NA,NA,NA,"",NA,NA,"SSEO",NA,NA,NA,NA,NA,NA,NA,"22:32:28:13"
"334",NA,NA,NA,NA,NA,"QC",NA,NA,"","2013",NA,"43","Line","Good","Good Going Forward","GGF","GGF",NA,NA,NA,"",NA,NA,"SSEO",NA,NA,NA,NA,NA,NA,NA,"22:32:33:08"
"335",NA,NA,NA,NA,NA,"QC",NA,NA,"","2013",NA,"43","Line","Bad","poor visibiility","BPV","BPV",NA,NA,NA,"",NA,NA,"SSEO",NA,NA,NA,NA,NA,NA,NA,"22:44:00:21"
"336",NA,NA,NA,NA,NA,"QC",NA,NA,"","2013",NA,"43","Line","Good","Good Going Forward","GGF","GGF",NA,NA,NA,"",NA,NA,"SSEO",NA,NA,NA,NA,NA,NA,NA,"22:44:14:03"
"337",NA,NA,NA,NA,NA,"QC",NA,NA,"","2013",NA,"43","Line","Bad","loitering in same area","BLA","BLA",NA,NA,NA,"",NA,NA,"SSEO",NA,NA,NA,NA,NA,NA,NA,"22:44:26:09"
"338",NA,NA,NA,NA,NA,"QC",NA,NA,"","2013",NA,"43","Line","Good","Good Going Forward","GGF","GGF",NA,NA,NA,"",NA,NA,"SSEO",NA,NA,NA,NA,NA,NA,NA,"22:44:39:18"
"339",NA,NA,NA,NA,NA,"QC",NA,NA,"","2013",NA,"43","Line","Bad","poor visibiility","BPV","BPV",NA,NA,NA,"",NA,NA,"SSEO",NA,NA,NA,NA,NA,NA,NA,"22:45:51:25"
"340",NA,NA,NA,NA,NA,"QC",NA,NA,"","2013",NA,"43","Line","Good","Good Going Forward","GGF","GGF",NA,NA,NA,"",NA,NA,"SSEO",NA,NA,NA,NA,NA,NA,NA,"22:46:13:26"
"341",NA,NA,NA,NA,NA,"QC",NA,NA,"","2013",NA,"43","Line","Good","Good Going Forward","GGF","GGF",NA,NA,NA,"End",NA,NA,"SSEO",NA,NA,NA,NA,NA,NA,NA,"22:49:43:12"
"342",NA,NA,NA,NA,NA,"QC",NA,NA,"","2013",NA,"47","Line","Good","Good Going Forward","GGF","GGF",NA,NA,NA,"Start",NA,NA,"SSEO",NA,NA,NA,NA,NA,NA,NA,"20:21:06:05"
"343",NA,NA,NA,NA,NA,"QC",NA,NA,"","2013",NA,"47","Line","Bad","poor visibiility","BPV","BPV",NA,NA,NA,"",NA,NA,"SSEO",NA,NA,NA,NA,NA,NA,NA,"20:49:22:01"
"344",NA,NA,NA,NA,NA,"QC",NA,NA,"","2013",NA,"47","Line","Good","Good Going Forward","GGF","GGF",NA,NA,NA,"",NA,NA,"SSEO",NA,NA,NA,NA,NA,NA,NA,"20:49:28:02"
"345",NA,NA,NA,NA,NA,"QC",NA,NA,"","2013",NA,"47","Line","Good","Good Going Forward","GGF","GGF",NA,NA,NA,"End",NA,NA,"SSEO",NA,NA,NA,NA,NA,NA,NA,"20:57:33:19"
"346",NA,NA,NA,NA,NA,"QC",NA,NA,"","2013",NA,"48","Line","Good","Good Going Forward","GGF","GGF",NA,NA,NA,"Start",NA,NA,"SSEO",NA,NA,NA,NA,NA,NA,NA,"18:12:08:22"
"347",NA,NA,NA,NA,NA,"QC",NA,NA,"","2013",NA,"48","Line","Bad","lost bottom visual","BLB","BLB",NA,NA,NA,"",NA,NA,"SSEO",NA,NA,NA,NA,NA,NA,NA,"18:29:19:07"
"348",NA,NA,NA,NA,NA,"QC",NA,NA,"","2013",NA,"48","Line","Good","Good Going Forward","GGF","GGF",NA,NA,NA,"",NA,NA,"SSEO",NA,NA,NA,NA,NA,NA,NA,"18:33:00:17"
"349",NA,NA,NA,NA,NA,"QC",NA,NA,"","2013",NA,"48","Line","Bad","poor visibiility","BPV","BPV",NA,NA,NA,"",NA,NA,"SSEO",NA,NA,NA,NA,NA,NA,NA,"18:35:27:24"
"350",NA,NA,NA,NA,NA,"QC",NA,NA,"","2013",NA,"48","Line","Good","Good Going Forward","GGF","GGF",NA,NA,NA,"",NA,NA,"SSEO",NA,NA,NA,NA,NA,NA,NA,"18:35:37:15"
"351",NA,NA,NA,NA,NA,"QC",NA,NA,"","2013",NA,"48","Line","Bad","going over drop-off","BDO","BDO",NA,NA,NA,"",NA,NA,"SSEO",NA,NA,NA,NA,NA,NA,NA,"18:40:44:09"
"352",NA,NA,NA,NA,NA,"QC",NA,NA,"","2013",NA,"48","Line","Good","Good Going Forward","GGF","GGF",NA,NA,NA,"",NA,NA,"SSEO",NA,NA,NA,NA,NA,NA,NA,"18:40:59:28"
"353",NA,NA,NA,NA,NA,"QC",NA,NA,"","2013",NA,"48","Line","Bad","poor visibiility","BPV","BPV",NA,NA,NA,"",NA,NA,"SSEO",NA,NA,NA,NA,NA,NA,NA,"18:41:13:18"
"354",NA,NA,NA,NA,NA,"QC",NA,NA,"","2013",NA,"48","Line","Good","Good Going Forward","GGF","GGF",NA,NA,NA,"",NA,NA,"SSEO",NA,NA,NA,NA,NA,NA,NA,"18:41:22:26"
"355",NA,NA,NA,NA,NA,"QC",NA,NA,"","2013",NA,"48","Line","Bad","going over drop-off","BDO","BDO",NA,NA,NA,"",NA,NA,"SSEO",NA,NA,NA,NA,NA,NA,NA,"18:52:06:28"
"356",NA,NA,NA,NA,NA,"QC",NA,NA,"","2013",NA,"48","Line","Good","Good Going Forward","GGF","GGF",NA,NA,NA,"",NA,NA,"SSEO",NA,NA,NA,NA,NA,NA,NA,"18:52:23:06"
"357",NA,NA,NA,NA,NA,"QC",NA,NA,"","2013",NA,"48","Line","Bad","going over drop-off","BDO","BDO",NA,NA,NA,"",NA,NA,"SSEO",NA,NA,NA,NA,NA,NA,NA,"18:53:13:14"
"358",NA,NA,NA,NA,NA,"QC",NA,NA,"","2013",NA,"48","Line","Good","Good Going Forward","GGF","GGF",NA,NA,NA,"",NA,NA,"SSEO",NA,NA,NA,NA,NA,NA,NA,"18:53:17:08"
"359",NA,NA,NA,NA,NA,"QC",NA,NA,"","2013",NA,"48","Line","Bad","going over drop-off","BDO","BDO",NA,NA,NA,"",NA,NA,"SSEO",NA,NA,NA,NA,NA,NA,NA,"18:54:06:22"
"360",NA,NA,NA,NA,NA,"QC",NA,NA,"","2013",NA,"48","Line","Good","Good Going Forward","GGF","GGF",NA,NA,NA,"",NA,NA,"SSEO",NA,NA,NA,NA,NA,NA,NA,"18:54:26:23"
"361",NA,NA,NA,NA,NA,"QC",NA,NA,"","2013",NA,"48","Line","Bad","going over drop-off","BDO","BDO",NA,NA,NA,"",NA,NA,"SSEO",NA,NA,NA,NA,NA,NA,NA,"18:54:44:28"
"362",NA,NA,NA,NA,NA,"QC",NA,NA,"","2013",NA,"48","Line","Good","Good Going Forward","GGF","GGF",NA,NA,NA,"",NA,NA,"SSEO",NA,NA,NA,NA,NA,NA,NA,"18:54:55:30"
"363",NA,NA,NA,NA,NA,"QC",NA,NA,"","2013",NA,"48","Line","Good","Good Going Forward","GGF","GGF",NA,NA,NA,"End",NA,NA,"SSEO",NA,NA,NA,NA,NA,NA,NA,"18:56:58:13"
"364",NA,NA,NA,NA,NA,"QC",NA,NA,"one pause and restart","2013",NA,"49","Line","Good","Good Going Forward","GGF","GGF",NA,NA,NA,"Start",NA,NA,"SSEO",NA,NA,NA,NA,NA,NA,NA,"03:03:10:13"
"365",NA,NA,NA,NA,NA,"QC",NA,NA,"","2013",NA,"49","Line","Bad","going over drop-off","BDO","BDO",NA,NA,NA,"",NA,NA,"SSEO",NA,NA,NA,NA,NA,NA,NA,"03:11:39:01"
"366",NA,NA,NA,NA,NA,"QC",NA,NA,"","2013",NA,"49","Line","Good","Good Going Forward","GGF","GGF",NA,NA,NA,"",NA,NA,"SSEO",NA,NA,NA,NA,NA,NA,NA,"03:11:45:29"
"367",NA,NA,NA,NA,NA,"QC",NA,NA,"","2013",NA,"49","Line","Bad","going over drop-off","BDO","BDO",NA,NA,NA,"",NA,NA,"SSEO",NA,NA,NA,NA,NA,NA,NA,"03:13:54:27"
"368",NA,NA,NA,NA,NA,"QC",NA,NA,"","2013",NA,"49","Line","Good","Good Going Forward","GGF","GGF",NA,NA,NA,"",NA,NA,"SSEO",NA,NA,NA,NA,NA,NA,NA,"03:14:09:17"
"369",NA,NA,NA,NA,NA,"QC",NA,NA,"","2013",NA,"49","Line","Bad","going over drop-off","BDO","BDO",NA,NA,NA,"",NA,NA,"SSEO",NA,NA,NA,NA,NA,NA,NA,"03:17:31:06"
"370",NA,NA,NA,NA,NA,"QC",NA,NA,"","2013",NA,"49","Line","Bad","poor visibiility","BPV","BPV",NA,NA,NA,"",NA,NA,"SSEO",NA,NA,NA,NA,NA,NA,NA,"03:17:56:02"
"371",NA,NA,NA,NA,NA,"QC",NA,NA,"","2013",NA,"49","Line","Good","Good Going Forward","GGF","GGF",NA,NA,NA,"",NA,NA,"SSEO",NA,NA,NA,NA,NA,NA,NA,"03:18:04:13"
"372",NA,NA,NA,NA,NA,"QC",NA,NA,"","2013",NA,"49","Line","Bad","poor visibiility","BPV","BPV",NA,NA,NA,"",NA,NA,"SSEO",NA,NA,NA,NA,NA,NA,NA,"03:19:52:21"
"373",NA,NA,NA,NA,NA,"QC",NA,NA,"","2013",NA,"49","Line","Good","Good Going Forward","GGF","GGF",NA,NA,NA,"",NA,NA,"SSEO",NA,NA,NA,NA,NA,NA,NA,"03:20:01:15"
"374",NA,NA,NA,NA,NA,"QC",NA,NA,"","2013",NA,"49","Line","Bad","going backward","BGB","BGB",NA,NA,NA,"",NA,NA,"SSEO",NA,NA,NA,NA,NA,NA,NA,"03:20:24:13"
"375",NA,NA,NA,NA,NA,"QC",NA,NA,"","2013",NA,"49","Line","Good","Good Going Forward","GGF","GGF",NA,NA,NA,"",NA,NA,"SSEO",NA,NA,NA,NA,NA,NA,NA,"03:22:20:17"
"376",NA,NA,NA,NA,NA,"QC",NA,NA,"","2013",NA,"49","Line","Bad","lost bottom visual","BLB","BLB",NA,NA,NA,"",NA,NA,"SSEO",NA,NA,NA,NA,NA,NA,NA,"03:23:55:05"
"377",NA,NA,NA,NA,NA,"QC",NA,NA,"","2013",NA,"49","Line","Bad","resting on bottom","BRB","BRB",NA,NA,NA,"",NA,NA,"SSEO",NA,NA,NA,NA,NA,NA,NA,"03:24:09:12"
"378",NA,NA,NA,NA,NA,"QC",NA,NA,"","2013",NA,"49","Line","Good","Good Going Forward","GGF","GGF",NA,NA,NA,"",NA,NA,"SSEO",NA,NA,NA,NA,NA,NA,NA,"03:24:50:10"
"379",NA,NA,NA,NA,NA,"QC",NA,NA,"","2013",NA,"49","Line","Bad","going over drop-off","BDO","BDO",NA,NA,NA,"",NA,NA,"SSEO",NA,NA,NA,NA,NA,NA,NA,"03:31:48:25"
"380",NA,NA,NA,NA,NA,"QC",NA,NA,"","2013",NA,"49","Line","Good","Good Going Forward","GGF","GGF",NA,NA,NA,"",NA,NA,"SSEO",NA,NA,NA,NA,NA,NA,NA,"03:32:19:15"
"381",NA,NA,NA,NA,NA,"QC",NA,NA,"","2013",NA,"49","Line","Bad","going over drop-off","BDO","BDO",NA,NA,NA,"",NA,NA,"SSEO",NA,NA,NA,NA,NA,NA,NA,"03:35:37:26"
"382",NA,NA,NA,NA,NA,"QC",NA,NA,"","2013",NA,"49","Line","Good","Good Going Forward","GGF","GGF",NA,NA,NA,"",NA,NA,"SSEO",NA,NA,NA,NA,NA,NA,NA,"03:36:16:18"
"383",NA,NA,NA,NA,NA,"QC",NA,NA,"","2013",NA,"49","Line","Good","Good Going Forward","GGF","GGF",NA,NA,NA,"End",NA,NA,"SSEO",NA,NA,NA,NA,NA,NA,NA,"03:49:28:13"
"384",NA,NA,NA,NA,NA,"QC",NA,NA,"","2013",NA,"51","Line","Good","Good Going Forward","GGF","GGF",NA,NA,NA,"Start",NA,NA,"SSEO",NA,NA,NA,NA,NA,NA,NA,"00:55:26:19"
"385",NA,NA,NA,NA,NA,"QC",NA,NA,"","2013",NA,"51","Line","Bad","poor visibiility","BPV","BPV",NA,NA,NA,"",NA,NA,"SSEO",NA,NA,NA,NA,NA,NA,NA,"01:25:21:05"
"386",NA,NA,NA,NA,NA,"QC",NA,NA,"","2013",NA,"51","Line","Good","Good Going Forward","GGF","GGF",NA,NA,NA,"",NA,NA,"SSEO",NA,NA,NA,NA,NA,NA,NA,"01:25:28:10"
"387",NA,NA,NA,NA,NA,"QC",NA,NA,"","2013",NA,"51","Line","Good","Good Going Forward","GGF","GGF",NA,NA,NA,"End",NA,NA,"SSEO",NA,NA,NA,NA,NA,NA,NA,"01:28:33:26"
"388",NA,NA,NA,NA,NA,"QC",NA,NA,"","2013",NA,"52","Line","Good","Good Going Forward","GGF","GGF",NA,NA,NA,"Start",NA,NA,"SSEO",NA,NA,NA,NA,NA,NA,NA,"23:37:18:02"
"389",NA,NA,NA,NA,NA,"QC",NA,NA,"","2013",NA,"52","Line","Bad","lost bottom visual","BLB","BLB",NA,NA,NA,"",NA,NA,"SSEO",NA,NA,NA,NA,NA,NA,NA,"23:57:58:05"
"390",NA,NA,NA,NA,NA,"QC",NA,NA,"","2013",NA,"52","Line","Good","Good Going Forward","GGF","GGF",NA,NA,NA,"",NA,NA,"SSEO",NA,NA,NA,NA,NA,NA,NA,"23:58:14:15"
"391",NA,NA,NA,NA,NA,"QC",NA,NA,"","2013",NA,"52","Line","Bad","lost bottom visual","BLB","BLB",NA,NA,NA,"",NA,NA,"SSEO",NA,NA,NA,NA,NA,NA,NA,"23:58:36:04"
"392",NA,NA,NA,NA,NA,"QC",NA,NA,"","2013",NA,"52","Line","Good","Good Going Forward","GGF","GGF",NA,NA,NA,"",NA,NA,"SSEO",NA,NA,NA,NA,NA,NA,NA,"23:58:55:04"
"393",NA,NA,NA,NA,NA,"QC",NA,NA,"","2013",NA,"52","Line","Bad","lost bottom visual","BLB","BLB",NA,NA,NA,"",NA,NA,"SSEO",NA,NA,NA,NA,NA,NA,NA,"00:00:43:28"
"394",NA,NA,NA,NA,NA,"QC",NA,NA,"","2013",NA,"52","Line","Good","Good Going Forward","GGF","GGF",NA,NA,NA,"",NA,NA,"SSEO",NA,NA,NA,NA,NA,NA,NA,"00:00:56:11"
"395",NA,NA,NA,NA,NA,"QC",NA,NA,"","2013",NA,"52","Line","Bad","lost bottom visual","BLB","BLB",NA,NA,NA,"",NA,NA,"SSEO",NA,NA,NA,NA,NA,NA,NA,"00:01:43:20"
"396",NA,NA,NA,NA,NA,"QC",NA,NA,"","2013",NA,"52","Line","Good","Good Going Forward","GGF","GGF",NA,NA,NA,"",NA,NA,"SSEO",NA,NA,NA,NA,NA,NA,NA,"00:01:49:21"
"397",NA,NA,NA,NA,NA,"QC",NA,NA,"","2013",NA,"52","Line","Bad","poor visibiility","BPV","BPV",NA,NA,NA,"",NA,NA,"SSEO",NA,NA,NA,NA,NA,NA,NA,"00:03:51:03"
"398",NA,NA,NA,NA,NA,"QC",NA,NA,"","2013",NA,"52","Line","Good","Good Going Forward","GGF","GGF",NA,NA,NA,"",NA,NA,"SSEO",NA,NA,NA,NA,NA,NA,NA,"00:03:56:04"
"399",NA,NA,NA,NA,NA,"QC",NA,NA,"","2013",NA,"52","Line","Bad","poor visibiility","BPV","BPV",NA,NA,NA,"",NA,NA,"SSEO",NA,NA,NA,NA,NA,NA,NA,"00:04:06:00"
"400",NA,NA,NA,NA,NA,"QC",NA,NA,"","2013",NA,"52","Line","Good","Good Going Forward","GGF","GGF",NA,NA,NA,"",NA,NA,"SSEO",NA,NA,NA,NA,NA,NA,NA,"00:04:15:11"
"401",NA,NA,NA,NA,NA,"QC",NA,NA,"","2013",NA,"52","Line","Bad","poor visibiility","BPV","BPV",NA,NA,NA,"",NA,NA,"SSEO",NA,NA,NA,NA,NA,NA,NA,"00:04:19:11"
"402",NA,NA,NA,NA,NA,"QC",NA,NA,"","2013",NA,"52","Line","Good","Good Going Forward","GGF","GGF",NA,NA,NA,"",NA,NA,"SSEO",NA,NA,NA,NA,NA,NA,NA,"00:05:08:13"
"403",NA,NA,NA,NA,NA,"QC",NA,NA,"","2013",NA,"52","Line","Good","Good Going Forward","GGF","GGF",NA,NA,NA,"End",NA,NA,"SSEO",NA,NA,NA,NA,NA,NA,NA,"00:13:43:15"
"404",NA,NA,NA,NA,NA,"QC",NA,NA,"","2013",NA,"56","Line","Good","Good Going Forward","GGF","GGF",NA,NA,NA,"Start",NA,NA,"SSEO",NA,NA,NA,NA,NA,NA,NA,"03:38:38:08"
"405",NA,NA,NA,NA,NA,"QC",NA,NA,"","2013",NA,"56","Line","Good","resting on bottom","GRB","GRB",NA,NA,NA,"",NA,NA,"SSEO",NA,NA,NA,NA,NA,NA,NA,"03:52:28:02"
"406",NA,NA,NA,NA,NA,"QC",NA,NA,"","2013",NA,"56","Line","Good","Good Going Forward","GGF","GGF",NA,NA,NA,"",NA,NA,"SSEO",NA,NA,NA,NA,NA,NA,NA,"03:52:28:02"
"407",NA,NA,NA,NA,NA,"QC",NA,NA,"","2013",NA,"56","Line","Good","Good Going Forward","GGF","GGF",NA,NA,NA,"End",NA,NA,"SSEO",NA,NA,NA,NA,NA,NA,NA,"04:17:51:18"
"408",NA,NA,NA,NA,NA,"QC",NA,NA,"time code bad on SL","2013",NA,"57","Line","Good","Good Going Forward","GGF","GGF",NA,NA,NA,"Start",NA,NA,"SSEO",NA,NA,NA,NA,NA,NA,NA,"13:25:29:24"
"409",NA,NA,NA,NA,NA,"QC",NA,NA,"","2013",NA,"57","Line","Bad","resting on bottom","BRB","BRB",NA,NA,NA,"",NA,NA,"SSEO",NA,NA,NA,NA,NA,NA,NA,"13:29:00:19"
"410",NA,NA,NA,NA,NA,"QC",NA,NA,"","2013",NA,"57","Line","Good","Good Going Forward","GGF","GGF",NA,NA,NA,"",NA,NA,"SSEO",NA,NA,NA,NA,NA,NA,NA,"13:30:07:06"
"411",NA,NA,NA,NA,NA,"QC",NA,NA,"video ends abruptly, no head shake","2013",NA,"57","Line","Good","Good Going Forward","GGF","GGF",NA,NA,NA,"End",NA,NA,"SSEO",NA,NA,NA,NA,NA,NA,NA,"14:07:49:19"
"412",NA,NA,NA,NA,NA,"QC",NA,NA,"","2013",NA,"59","Line","Good","Good Going Forward","GGF","GGF",NA,NA,NA,"Start",NA,NA,"SSEO",NA,NA,NA,NA,NA,NA,NA,"15:24:03:08"
"413",NA,NA,NA,NA,NA,"QC",NA,NA,"","2013",NA,"59","Line","Bad","going over drop-off","BDO","BDO",NA,NA,NA,"",NA,NA,"SSEO",NA,NA,NA,NA,NA,NA,NA,"15:25:33:23"
"414",NA,NA,NA,NA,NA,"QC",NA,NA,"","2013",NA,"59","Line","Good","Good Going Forward","GGF","GGF",NA,NA,NA,"",NA,NA,"SSEO",NA,NA,NA,NA,NA,NA,NA,"15:25:45:04"
"415",NA,NA,NA,NA,NA,"QC",NA,NA,"","2013",NA,"59","Line","Bad","lost bottom visual","BLB","BLB",NA,NA,NA,"",NA,NA,"SSEO",NA,NA,NA,NA,NA,NA,NA,"15:26:57:23"
"416",NA,NA,NA,NA,NA,"QC",NA,NA,"pause and restart","2013",NA,"59","Line","Bad","resting on bottom","BRB","BRB",NA,NA,NA,"",NA,NA,"SSEO",NA,NA,NA,NA,NA,NA,NA,"15:27:16:03"
"417",NA,NA,NA,NA,NA,"QC",NA,NA,"","2013",NA,"59","Line","Good","Good Going Forward","GGF","GGF",NA,NA,NA,"",NA,NA,"SSEO",NA,NA,NA,NA,NA,NA,NA,"15:28:48:14"
"418",NA,NA,NA,NA,NA,"QC",NA,NA,"","2013",NA,"59","Line","Bad","poor visibiility","BPV","BPV",NA,NA,NA,"",NA,NA,"SSEO",NA,NA,NA,NA,NA,NA,NA,"15:33:38:12"
"419",NA,NA,NA,NA,NA,"QC",NA,NA,"","2013",NA,"59","Line","Good","Good Going Forward","GGF","GGF",NA,NA,NA,"",NA,NA,"SSEO",NA,NA,NA,NA,NA,NA,NA,"15:33:52:08"
"420",NA,NA,NA,NA,NA,"QC",NA,NA,"","2013",NA,"59","Line","Bad","poor visibiility","BPV","BPV",NA,NA,NA,"",NA,NA,"SSEO",NA,NA,NA,NA,NA,NA,NA,"15:34:08:12"
"421",NA,NA,NA,NA,NA,"QC",NA,NA,"","2013",NA,"59","Line","Good","Good Going Forward","GGF","GGF",NA,NA,NA,"",NA,NA,"SSEO",NA,NA,NA,NA,NA,NA,NA,"15:34:19:28"
"422",NA,NA,NA,NA,NA,"QC",NA,NA,"","2013",NA,"59","Line","Bad","going over drop-off","BDO","BDO",NA,NA,NA,"",NA,NA,"SSEO",NA,NA,NA,NA,NA,NA,NA,"15:43:56:24"
"423",NA,NA,NA,NA,NA,"QC",NA,NA,"","2013",NA,"59","Line","Good","Good Going Forward","GGF","GGF",NA,NA,NA,"",NA,NA,"SSEO",NA,NA,NA,NA,NA,NA,NA,"15:44:07:02"
"424",NA,NA,NA,NA,NA,"QC",NA,NA,"","2013",NA,"59","Line","Good","resting on bottom","GRB","GRB",NA,NA,NA,"",NA,NA,"SSEO",NA,NA,NA,NA,NA,NA,NA,"16:05:06:05"
"425",NA,NA,NA,NA,NA,"QC",NA,NA,"","2013",NA,"59","Line","Good","Good Going Forward","GGF","GGF",NA,NA,NA,"",NA,NA,"SSEO",NA,NA,NA,NA,NA,NA,NA,"16:05:15:04"
"426",NA,NA,NA,NA,NA,"QC",NA,NA,"","2013",NA,"59","Line","Good","Good Going Forward","GGF","GGF",NA,NA,NA,"End",NA,NA,"SSEO",NA,NA,NA,NA,NA,NA,NA,"16:06:40:29"
"427",NA,NA,NA,NA,NA,"QC",NA,NA,"","2013",NA,NA,"Line","Bad","ERROR","","",NA,NA,NA,"",NA,NA,"SSEO",NA,NA,NA,NA,NA,NA,NA,""
"428","SL_FW_Dive_01_14-33-17.912.avi","754","22:33:59","346","424","QC","Asia","0",NA,"2015","1","1","Line","Good","Good Going Forward","GGF","GGF","1",NA,NA,"Start","","","EYKT","52439",NA,NA,NA,"22:33:59","22:33:59",NA,NA
"429","SL_FW_Dive_01_14-33-17.912.avi","1526","22:34:25","373","790","QC","Asia","0",NA,"2015","1","1","Line","Bad","repositioned","BRP","BRP",NA,NA,NA,"","ROV turning","22:34:24","EYKT","52464",NA,NA,NA,"22:34:25","22:34:24",NA,NA
"430","SL_FW_Dive_01_14-33-17.912.avi","2089","22:34:44","305","704","QC","Asia","0",NA,"2015","1","1","Line","Good","Good Going Forward","GGF","GGF","2",NA,NA,"","","","EYKT","52484",NA,NA,NA,"22:34:44","22:34:44",NA,NA
"431","SL_FW_Dive_01_14-33-17.912.avi","36329","22:53:45","376","541","QC","Asia","0",NA,"2015","1","1","Line","Bad","repositioned","BRP","BRP",NA,NA,NA,"","hit rock"," redirect","EYKT","53625",NA,NA,NA,"22:53:45","22:53:45",NA,NA
"432","SL_FW_Dive_01_14-33-17.912.avi","36559","22:53:53","240","680","QC","Asia","0",NA,"2015","1","1","Line","Good","Good Going Forward","GGF","GGF","3",NA,NA,"","","","EYKT","53633",NA,NA,NA,"22:53:53","22:53:53",NA,NA
"433","SL_FW_Dive_01_14-33-17.912.avi","39685","22:55:37","690","501","QC","Asia","0",NA,"2015","1","1","Line","Bad","repositioned","BRP","BRP",NA,NA,NA,"","turning","","EYKT","53737",NA,NA,NA,"22:55:37","22:55:37",NA,NA
"434","SL_FW_Dive_01_14-33-17.912.avi","39991","22:55:47","341","719","QC","Asia","0",NA,"2015","1","1","Line","Good","Good Going Forward","GGF","GGF","4",NA,NA,"","","","EYKT","53747",NA,NA,NA,"22:55:47","22:55:47",NA,NA
"435","SL_FW_Dive_01_14-33-17.912.avi","43395","22:57:41","488","581","QC","Asia","0",NA,"2015","1","1","Line","Bad","loitering in same area","BLA","BLA",NA,NA,NA,"","","","EYKT","53861",NA,NA,NA,"22:57:41","22:57:41",NA,NA
"436","SL_FW_Dive_01_14-33-17.912.avi","43575","22:57:47","353","601","QC","Asia","0",NA,"2015","1","1","Line","Good","Good Going Forward","GGF","GGF","5",NA,NA,"","","","EYKT","53867",NA,NA,NA,"22:57:47","22:57:47",NA,NA
"437","SL_FW_Dive_01_14-33-17.912.avi","79740","23:17:52","359","644","QC","Asia","0",NA,"2015","1","1","Line","Bad","lost bottom visual","BLB","BLB",NA,NA,NA,"","","","EYKT","55072",NA,NA,NA,"23:17:52","23:17:52",NA,NA
"438","SL_FW_Dive_01_14-33-17.912.avi","80393","23:18:14","394","639","QC","Asia","0",NA,"2015","1","1","Line","Good","Good Going Forward","GGF","GGF","6",NA,NA,"","","","EYKT","55094",NA,NA,NA,"23:18:14","23:18:14",NA,NA
"439","SL_FW_Dive_01_14-33-17.912.avi","85225","23:20:55","477","630","QC","Asia","0",NA,"2015","1","1","Line","Good","Good Going Forward","GGF","GGF","6",NA,NA,"End","","","EYKT","55255",NA,NA,NA,"23:20:55","23:20:55",NA,NA
"440","SL_FW_Dive_02_16-27-15.035.avi","308","0:27:30","496","521","QC","Asia","0",NA,"2015","2","2","Line","Good","Good Going Forward","GGF","GGF","1",NA,NA,"Start","","","EYKT","59250",NA,NA,NA,"0:27:30","0:27:30",NA,NA
"441","SL_FW_Dive_02_16-27-15.035.avi","543","0:27:38","641","633","QC","Asia","0",NA,"2015","2","2","Line","Good","Good Going Forward","GGF","GGF","1",NA,NA,"","ROV turning","","EYKT","59258",NA,NA,NA,"0:27:38","0:27:38",NA,NA
"442","SL_FW_Dive_02_16-27-15.035.avi","792","0:27:46","668","456","QC","Asia","0",NA,"2015","2","2","Line","Good","Good Going Forward","GGF","GGF","1",NA,NA,"","going straight again","","EYKT","59266",NA,NA,NA,"0:27:46","0:27:46",NA,NA
"443","SL_FW_Dive_02_16-27-15.035.avi","40203","0:49:40","449","623","QC","Asia","0",NA,"2015","2","2","Line","Good","Good Going Forward","GGF","GGF","1",NA,NA,"","hits something","","EYKT","60580",NA,NA,NA,"0:49:40","0:49:40",NA,NA
"444","SL_FW_Dive_02_16-27-15.035.avi","41430","0:50:21","314","352","QC","Asia","0",NA,"2015","2","2","Line","Good","Good Going Forward","GGF","GGF","1",NA,NA,"","back on track","","EYKT","60621",NA,NA,NA,"0:50:21","0:50:21",NA,NA
"445","SL_FW_Dive_02_16-27-15.035.avi","51193","0:55:46","443","303","QC","Asia","0",NA,"2015","2","2","Line","Good","Good Going Forward","GGF","GGF","1",NA,NA,"","odd ROV movement","","EYKT","60946",NA,NA,NA,"0:55:46","0:55:46",NA,NA
"446","SL_FW_Dive_02_16-27-15.035.avi","52034","0:56:14","424","555","QC","Asia","0",NA,"2015","2","2","Line","Good","Good Going Forward","GGF","GGF","1",NA,NA,"","back to normal","","EYKT","60974",NA,NA,NA,"0:56:14","0:56:14",NA,NA
"447","SL_FW_Dive_02_16-27-15.035.avi","60163","1:00:45","444","623","QC","Asia","0",NA,"2015","2","2","Line","Bad","loitering in same area","BLA","BLA",NA,NA,NA,"","","","EYKT","61245",NA,NA,NA,"1:00:45","1:00:45",NA,NA
"448","SL_FW_Dive_02_16-27-15.035.avi","60275","1:00:49","496","837","QC","Asia","0",NA,"2015","2","2","Line","Good","Good Going Forward","GGF","GGF","2",NA,NA,"","","","EYKT","61249",NA,NA,NA,"1:00:49","1:00:49",NA,NA
"449","SL_FW_Dive_02_16-27-15.035.avi","89892","1:17:16","532","707","QC","Asia","0",NA,"2015","2","2","Line","Good","Good Going Forward","GGF","GGF","2",NA,NA,"End","","","EYKT","62236",NA,NA,NA,"1:17:16","1:17:16",NA,NA
"450","SL_FW_Dive_03_17-52-02.051.avi","1171","1:53:22","459","534","QC","Asia","0",NA,"2015","3","3","Line","Good","Good Going Forward","GGF","GGF","1",NA,NA,"Start","","","EYKT","64402",NA,NA,NA,"1:53:22","1:53:22",NA,NA
"451","SL_FW_Dive_03_17-52-02.051.avi","14979","2:01:02","436","349","QC","Asia","0",NA,"2015","3","3","Line","Bad","repositioned","BRP","BRP",NA,NA,NA,"","hit bottom","","EYKT","64862",NA,NA,NA,"2:01:02","2:01:02",NA,NA
"452","SL_FW_Dive_03_17-52-02.051.avi","15161","2:01:08","510","563","QC","Asia","0",NA,"2015","3","3","Line","Good","Good Going Forward","GGF","GGF","2",NA,NA,"","","","EYKT","64868",NA,NA,NA,"2:01:08","2:01:08",NA,NA
"453","SL_FW_Dive_03_17-52-02.051.avi","17158","2:02:15","407","597","QC","Asia","0",NA,"2015","3","3","Line","Bad","going backwards","BGB","BGB",NA,NA,NA,"","","","EYKT","64935",NA,NA,NA,"2:02:15","2:02:15",NA,NA
"454","SL_FW_Dive_03_17-52-02.051.avi","17312","2:02:20","505","659","QC","Asia","0",NA,"2015","3","3","Line","Good","Good Going Forward","GGF","GGF","3",NA,NA,"","","","EYKT","64940",NA,NA,NA,"2:02:20","2:02:20",NA,NA
"455","SL_FW_Dive_03_17-52-02.051.avi","83403","2:39:03","522","575","QC","Asia","0",NA,"2015","3","3","Line","Good","Good Going Forward","GGF","GGF","3",NA,NA,"End","fish after shake","","EYKT","67143",NA,NA,NA,"2:39:03","2:39:03",NA,NA
"456","SL_FW_Dive_04_19-32-03.475.avi","854","3:32:36","371","409","QC","Asia","0",NA,"2015","4","5","Line","Good","Good Going Forward","GGF","GGF","1",NA,NA,"Start","","","EYKT","70356",NA,NA,NA,"3:32:36","3:32:36",NA,NA
"457","SL_FW_Dive_04_19-32-03.475.avi","72755","4:12:33","474","735","QC","Asia","0",NA,"2015","4","5","Line","Good","Good Going Forward","GGF","GGF","1",NA,NA,"End","","","EYKT","72753",NA,NA,NA,"4:12:33","4:12:33",NA,NA
"458","SL_FW_Dive_05_21-14-38.614.avi","490","5:14:59","351","298","QC","Asia","0",NA,"2015","5","4","Line","Good","Good Going Forward","GGF","GGF","1",NA,NA,"Start","","","EYKT","76499",NA,NA,NA,"5:14:59","5:14:59",NA,NA
"459","SL_FW_Dive_05_21-14-38.614.avi","25897","5:29:06","541","526","QC","Asia","0",NA,"2015","5","4","Line","Good","Good Going Forward","GGF","GGF","1",NA,NA,"","turning","","EYKT","77346",NA,NA,NA,"5:29:06","5:29:06",NA,NA
"460","SL_FW_Dive_05_21-14-38.614.avi","26092","5:29:13","415","517","QC","Asia","0",NA,"2015","5","4","Line","Good","Good Going Forward","GGF","GGF","1",NA,NA,"","turn complete moving forward","","EYKT","77353",NA,NA,NA,"5:29:13","5:29:13",NA,NA
"461","SL_FW_Dive_05_21-14-38.614.avi","57283","5:46:32","744","589","QC","Asia","0",NA,"2015","5","4","Line","Bad","loitering in same area","BLA","BLA",NA,NA,NA,"","also hits rock","","EYKT","78392",NA,NA,NA,"5:46:32","5:46:32",NA,NA
"462","SL_FW_Dive_05_21-14-38.614.avi","57497","5:46:40","499","495","QC","Asia","0",NA,"2015","5","4","Line","Good","Good Going Forward","GGF","GGF","2",NA,NA,"","","","EYKT","78400",NA,NA,NA,"5:46:40","5:46:40",NA,NA
"463","SL_FW_Dive_05_21-14-38.614.avi","66772","5:51:49","484","399","QC","Asia","0",NA,"2015","5","4","Line","Bad","going backwards","BGB","BGB",NA,NA,NA,"","","","EYKT","78709",NA,NA,NA,"5:51:49","5:51:49",NA,NA
"464","SL_FW_Dive_05_21-14-38.614.avi","66945","5:51:55","444","611","QC","Asia","0",NA,"2015","5","4","Line","Good","Good Going Forward","GGF","GGF","3",NA,NA,"","","","EYKT","78714",NA,NA,NA,"5:51:55","5:51:55",NA,NA
"465","SL_FW_Dive_05_21-14-38.614.avi","67662","5:52:18","553","526","QC","Asia","0",NA,"2015","5","4","Line","Good","Good Going Forward","GGF","GGF","3",NA,NA,"End","","","EYKT","78738",NA,NA,NA,"5:52:18","5:52:18",NA,NA
"466","SL_FW_Dive_06_07-06-38.096.avi","1034","15:07:18","396","313","QC","Asia","0",NA,"2015","6","6","Line","Good","Good Going Forward","GGF","GGF","1",NA,NA,"Start","","","EYKT","25638",NA,NA,NA,"15:07:18","15:07:18",NA,NA
"467","SL_FW_Dive_06_07-06-38.096.avi","76163","15:49:02","544","520","QC","Asia","0",NA,"2015","6","6","Line","Good","Good Going Forward","GGF","GGF","1",NA,NA,"End","","","EYKT","28142",NA,NA,NA,"15:49:02","15:49:02",NA,NA
"468","SL_FW_Dive_07_08-55-12.383.avi","629","16:58:58","404","468","QC","Asia","0",NA,"2015","7","21","Line","Good","Good Going Forward","GGF","GGF","1",NA,NA,"Start","","","EYKT","32338",NA,NA,NA,"16:58:58","16:58:58",NA,NA
"469","SL_FW_Dive_07_08-55-12.383.avi","64459","17:34:26","518","391","QC","Asia","0",NA,"2015","7","21","Line","Good","Good Going Forward","GGF","GGF","1",NA,NA,"","odd ROV behavior","","EYKT","34466",NA,NA,NA,"17:34:26","17:34:26",NA,NA
"470","SL_FW_Dive_07_08-55-12.383.avi","64612","17:34:31","436","357","QC","Asia","0",NA,"2015","7","21","Line","Good","Good Going Forward","GGF","GGF","1",NA,NA,"","back to normal","","EYKT","34471",NA,NA,NA,"17:34:31","17:34:31",NA,NA
"471","SL_FW_Dive_07_08-55-12.383.avi","69856","17:37:26","509","429","QC","Asia","0",NA,"2015","7","21","Line","Good","Good Going Forward","GGF","GGF","1",NA,NA,"End","","","EYKT","34646",NA,NA,NA,"17:37:26","17:37:26",NA,NA
"472","SL_FW_Dive_08_10-14-34.600.avi","583","18:21:12","450","408","QC","Asia","0",NA,"2015","8","19","Line","Good","Good Going Forward","GGF","GGF","1",NA,NA,"Start","","","EYKT","37272",NA,NA,NA,"18:21:12","18:21:12",NA,NA
"473","SL_FW_Dive_08_10-14-34.600.avi","3940","18:23:04","378","214","QC","Asia","0",NA,"2015","8","19","Line","Good","Good Going Forward","GGF","GGF","1",NA,NA,"End","No head shake. Dive restarted ","","EYKT","37384",NA,NA,NA,"18:23:04","18:23:04",NA,NA
"474","SL_FW_Dive_09_11-46-39.419.avi","724","19:52:52","487","622","QC","Asia","0",NA,"2015","9","19","Line","Good","Good Going Forward","GGF","GGF","1",NA,NA,"Start","","","EYKT","42772",NA,NA,NA,"19:52:52","19:52:52",NA,NA
"475","SL_FW_Dive_09_11-46-39.419.avi","67306","20:29:52","575","701","QC","Asia","0",NA,"2015","9","19","Line","Good","Good Going Forward","GGF","GGF","1",NA,NA,"End","","","EYKT","44991",NA,NA,NA,"20:29:52","20:29:52",NA,NA
"476","SL_FW_Dive_10_13-04-12.293.avi","621","21:07:46","518","651","QC","Asia","0",NA,"2015","10","12","Line","Good","Good Going Forward","GGF","GGF","1",NA,NA,"Start","fish before head shake","","EYKT","47266",NA,NA,NA,"21:07:46","21:07:46",NA,NA
"477","SL_FW_Dive_10_13-04-12.293.avi","76104","21:49:42","270","569","QC","Asia","0",NA,"2015","10","12","Line","Bad","going backwards","BGB","BGB",NA,NA,NA,"","","","EYKT","49782",NA,NA,NA,"21:49:42","21:49:42",NA,NA
"478","SL_FW_Dive_10_13-04-12.293.avi","76253","21:49:47","313","625","QC","Asia","0",NA,"2015","10","12","Line","Good","Good Going Forward","GGF","GGF","2",NA,NA,"","","","EYKT","49787",NA,NA,NA,"21:49:47","21:49:47",NA,NA
"479","SL_FW_Dive_10_13-04-12.293.avi","82635","21:53:20","544","781","QC","Asia","0",NA,"2015","10","12","Line","Good","Good Going Forward","GGF","GGF","2",NA,NA,"End","fish after head shake","","EYKT","49999",NA,NA,NA,"21:53:20","21:53:20",NA,NA
"480","SL_FW_Dive_11_14-31-41.952.avi","1432","22:32:40","476","731","QC","Asia","0",NA,"2015","11a","10","Line","Good","Good Going Forward","GGF","GGF","1",NA,NA,"Start","","","EYKT","52360",NA,NA,NA,"22:32:40","22:32:40",NA,NA
"481","SL_FW_Dive_11_14-31-41.952.avi","7387","22:35:58","397","619","QC","Asia","0",NA,"2015","11a","10","Line","Bad","lost bottom visual","BLB","BLB","0",NA,NA,"","","","EYKT","52558",NA,NA,NA,"22:35:58","22:35:58",NA,NA
"482","SL_FW_Dive_11_14-31-41.952.avi","7725","22:36:10","606","862","QC","Asia","0",NA,"2015","11a","10","Line","Good","Good Going Forward","GGF","GGF","2",NA,NA,"","","","EYKT","52569",NA,NA,NA,"22:36:10","22:36:10",NA,NA
"483","SL_FW_Dive_11_14-31-41.952.avi","9588","22:37:12","408","537","QC","Asia","0",NA,"2015","11a","10","Line","Bad","lost bottom visual","BLB","BLB",NA,NA,NA,"","","","EYKT","52632",NA,NA,NA,"22:37:12","22:37:12",NA,NA
"484","SL_FW_Dive_11_14-31-41.952.avi","9820","22:37:19","575","1156","QC","Asia","0",NA,"2015","11a","10","Line","Good","Good Going Forward","GGF","GGF","3",NA,NA,"","","","EYKT","52639",NA,NA,NA,"22:37:19","22:37:19",NA,NA
"485","SL_FW_Dive_11_14-31-41.952.avi","12252","22:38:40","638","924","QC","Asia","0",NA,"2015","11a","10","Line","Good","Good Going Forward","GGF","GGF","3",NA,NA,"End","2 files for dive due to camera issue","","EYKT","52720",NA,NA,NA,"22:38:40","22:38:40",NA,NA
"486","SL_FW_Dive_12_15-42-55.118.avi","1335","23:51:00","437","713","QC","Asia","0",NA,"2015","12","8","Line","Good","Good Going Forward","GGF","GGF","1",NA,NA,"Start","","","EYKT","57060",NA,NA,NA,"23:51:00","23:51:00",NA,NA
"487","SL_FW_Dive_12_15-42-55.118.avi","17538","0:00:00","505","508","QC","Asia","0",NA,"2015","12","8","Line","Good","Good Going Forward","GGF","GGF","1",NA,NA,"","video overlay reads 0:00:00 and Event Measure time 24:00:00","00:00:002","EYKT","57600",NA,NA,NA,"0:00:00","0:00:00",NA,NA
"488","SL_FW_Dive_12_15-42-55.118.avi","70796","0:29:35","607","685","QC","Asia","0",NA,"2015","12","8","Line","Good","Good Going Forward","GGF","GGF","1",NA,NA,"End","","0:29:35","EYKT","59375",NA,NA,NA,"0:29:35","0:29:35",NA,NA
"489","SL_FW_Dive_13_16-58-04.834.avi","1394","0:58:59","459","689","QC","Asia","0",NA,"2015","13","9","Line","Good","Good Going Forward","GGF","GGF","1",NA,NA,"Start","","","EYKT","61139",NA,NA,NA,"0:58:59","0:58:59",NA,NA
"490","SL_FW_Dive_13_16-58-04.834.avi","36759","1:18:38","391","777","QC","Asia","0",NA,"2015","13","9","Line","Bad","loitering in same area","BLA","BLA",NA,NA,NA,"","","","EYKT","62318",NA,NA,NA,"1:18:38","1:18:38",NA,NA
"491","SL_FW_Dive_13_16-58-04.834.avi","36994","1:18:46","468","702","QC","Asia","0",NA,"2015","13","9","Line","Good","Good Going Forward","GGF","GGF","2",NA,NA,"","","","EYKT","62326",NA,NA,NA,"1:18:46","1:18:46",NA,NA
"492","SL_FW_Dive_13_16-58-04.834.avi","55942","1:29:18","315","441","QC","Asia","0",NA,"2015","13","9","Line","Bad","loitering in same area","BLA","BLA",NA,NA,NA,"","","","EYKT","62958",NA,NA,NA,"1:29:18","1:29:18",NA,NA
"493","SL_FW_Dive_13_16-58-04.834.avi","56154","1:29:25","559","649","QC","Asia","0",NA,"2015","13","9","Line","Good","Good Going Forward","GGF","GGF","3",NA,NA,"","","","EYKT","62965",NA,NA,NA,"1:29:25","1:29:25",NA,NA
"494","SL_FW_Dive_13_16-58-04.834.avi","64235","1:33:54","466","639","QC","Asia","0",NA,"2015","13","9","Line","Good","Good Going Forward","GGF","GGF","3",NA,NA,"End","","","EYKT","63234",NA,NA,NA,"1:33:54","1:33:54",NA,NA
"495","SL_FW_Dive_14_18-11-18.049.avi","1279","2:14:01","474","532","QC","Asia","0",NA,"2015","14","11","Line","Good","Good Going Forward","GGF","GGF","1",NA,NA,"Start","","","EYKT","65641",NA,NA,NA,"2:14:01","2:14:01",NA,NA
"496","SL_FW_Dive_14_18-11-18.049.avi","57871","2:45:27","554","421","QC","Asia","0",NA,"2015","14","11","Line","Bad","going backwards","BGB","BGB",NA,NA,NA,"","","","EYKT","67527",NA,NA,NA,"2:45:27","2:45:27",NA,NA
"497","SL_FW_Dive_14_18-11-18.049.avi","58128","2:45:36","514","468","QC","Asia","0",NA,"2015","14","11","Line","Good","Good Going Forward","GGF","GGF","2",NA,NA,"","","","EYKT","67536",NA,NA,NA,"2:45:36","2:45:36",NA,NA
"498","SL_FW_Dive_14_18-11-18.049.avi","67015","2:50:32","532","347","QC","Asia","0",NA,"2015","14","11","Line","Bad","going backwards","BGB","BGB",NA,NA,NA,"","","","EYKT","67832",NA,NA,NA,"2:50:32","2:50:32",NA,NA
"499","SL_FW_Dive_14_18-11-18.049.avi","67282","2:50:41","608","632","QC","Asia","0",NA,"2015","14","11","Line","Bad","lost bottom visual","BLB","BLB",NA,NA,NA,"","","","EYKT","67841",NA,NA,NA,"2:50:41","2:50:41",NA,NA
"500","SL_FW_Dive_14_18-11-18.049.avi","67555","2:50:50","446","563","QC","Asia","0",NA,"2015","14","11","Line","Good","Good Going Forward","GGF","GGF","3",NA,NA,"","","","EYKT","67850",NA,NA,NA,"2:50:50","2:50:50",NA,NA
"501","SL_FW_Dive_14_18-11-18.049.avi","78411","2:56:52","406","527","QC","Asia","0",NA,"2015","14","11","Line","Good","Good Going Forward","GGF","GGF","3",NA,NA,"End","","","EYKT","68212",NA,NA,NA,"2:56:52","2:56:52",NA,NA
"502","SL_FW_Dive_15_19-49-39.381.avi","351","3:50:02","414","278","QC","Asia","0",NA,"2015","15","13","Line","Good","Good Going Forward","GGF","GGF","1",NA,NA,"Start","","","EYKT","71402",NA,NA,NA,"3:50:02","3:50:02",NA,NA
"503","SL_FW_Dive_15_19-49-39.381.avi","7604","3:54:03","655","609","QC","Asia","0",NA,"2015","15","13","Line","Bad","loitering in same area","BLA","BLA",NA,NA,NA,"","","","EYKT","71643",NA,NA,NA,"3:54:03","3:54:03",NA,NA
"504","SL_FW_Dive_15_19-49-39.381.avi","7701","3:54:07","395","452","QC","Asia","0",NA,"2015","15","13","Line","Good","Good Going Forward","GGF","GGF","2",NA,NA,"","","","EYKT","71647",NA,NA,NA,"3:54:07","3:54:07",NA,NA
"505","SL_FW_Dive_15_19-49-39.381.avi","47543","4:16:15","637","663","QC","Asia","0",NA,"2015","15","13","Line","Bad","lost bottom visual","BLB","BLB",NA,NA,NA,"","","","EYKT","72975",NA,NA,NA,"4:16:15","4:16:15",NA,NA
"506","SL_FW_Dive_15_19-49-39.381.avi","47633","4:16:18","414","674","QC","Asia","0",NA,"2015","15","13","Line","Good","Good Going Forward","GGF","GGF","3",NA,NA,"","","","EYKT","72978",NA,NA,NA,"4:16:18","4:16:18",NA,NA
"507","SL_FW_Dive_15_19-49-39.381.avi","71345","4:29:28","422","447","QC","Asia","0",NA,"2015","15","13","Line","Good","Good Going Forward","GGF","GGF","3",NA,NA,"End","","","EYKT","73768",NA,NA,NA,"4:29:28","4:29:28",NA,NA
"508","SL_FW_Dive_16_06-24-24.026.avi","308","14:24:46","337","418","QC","Asia","0",NA,"2015","16","15","Line","Good","Good Going Forward","GGF","GGF","1",NA,NA,"Start","","","EYKT","23086",NA,NA,NA,"14:24:46","14:24:46",NA,NA
"509","SL_FW_Dive_16_06-24-24.026.avi","32018","14:42:23","498","579","QC","Asia","0",NA,"2015","16","15","Line","Bad","lost bottom visual","BLB","BLB",NA,NA,NA,"","","","EYKT","24143",NA,NA,NA,"14:42:23","14:42:23",NA,NA
"510","SL_FW_Dive_16_06-24-24.026.avi","32286","14:42:32","428","655","QC","Asia","0",NA,"2015","16","15","Line","Good","Good Going Forward","GGF","GGF","2",NA,NA,"","","","EYKT","24152",NA,NA,NA,"14:42:32","14:42:32",NA,NA
"511","SL_FW_Dive_16_06-24-24.026.avi","41302","14:47:32","497","830","QC","Asia","0",NA,"2015","16","15","Line","Bad","lost bottom visual","BLB","BLB",NA,NA,NA,"","","","EYKT","24452",NA,NA,NA,"14:47:32","14:47:32",NA,NA
"512","SL_FW_Dive_16_06-24-24.026.avi","41633","14:47:43","415","500","QC","Asia","0",NA,"2015","16","15","Line","Good","Good Going Forward","GGF","GGF","3",NA,NA,"","","","EYKT","24463",NA,NA,NA,"14:47:43","14:47:43",NA,NA
"513","SL_FW_Dive_16_06-24-24.026.avi","49205","14:51:56","496","292","QC","Asia","0",NA,"2015","16","15","Line","Good","Good Going Forward","GGF","GGF","3",NA,NA,"","video skips a second","","EYKT","24716",NA,NA,NA,"14:51:56","14:51:56",NA,NA
"514","SL_FW_Dive_16_06-24-24.026.avi","71729","15:04:26","497","605","QC","Asia","0",NA,"2015","16","15","Line","Bad","repositioned","BRP","BRP",NA,NA,NA,"","","","EYKT","25466",NA,NA,NA,"15:04:26","15:04:26",NA,NA
"515","SL_FW_Dive_16_06-24-24.026.avi","71930","15:04:33","457","636","QC","Asia","0",NA,"2015","16","15","Line","Good","Good Going Forward","GGF","GGF","4",NA,NA,"","","15:04:32","EYKT","25472",NA,NA,NA,"15:04:33","15:04:32",NA,NA
"516","SL_FW_Dive_16_06-24-24.026.avi","74893","15:06:12","561","734","QC","Asia","0",NA,"2015","16","15","Line","Good","Good Going Forward","GGF","GGF","4",NA,NA,"End","","15:06:11","EYKT","25571",NA,NA,NA,"15:06:12","15:06:11",NA,NA
"517","SL_FW_Dive_17_07-40-00.436.avi","945","15:40:43","453","710","QC","Asia","0",NA,"2015","17","14","Line","Good","Good Going Forward","GGF","GGF","1",NA,NA,"Start","fish before head shake","","EYKT","27643",NA,NA,NA,"15:40:43","15:40:43",NA,NA
"518","SL_FW_Dive_17_07-40-00.436.avi","20708","15:51:42","458","652","QC","Asia","0",NA,"2015","17","14","Line","Bad","loitering in same area","BLA","BLA",NA,NA,NA,"","","","EYKT","28302",NA,NA,NA,"15:51:42","15:51:42",NA,NA
"519","SL_FW_Dive_17_07-40-00.436.avi","20821","15:51:45","598","240","QC","Asia","0",NA,"2015","17","14","Line","Good","Good Going Forward","GGF","GGF","2",NA,NA,"","","","EYKT","28305",NA,NA,NA,"15:51:45","15:51:45",NA,NA
"520","SL_FW_Dive_17_07-40-00.436.avi","36367","16:00:23","442","757","QC","Asia","0",NA,"2015","17","14","Line","Bad","going backwards","BGB","BGB",NA,NA,NA,"","","","EYKT","28823",NA,NA,NA,"16:00:23","16:00:23",NA,NA
"521","SL_FW_Dive_17_07-40-00.436.avi","36647","16:00:33","449","530","QC","Asia","0",NA,"2015","17","14","Line","Good","Good Going Forward","GGF","GGF","3",NA,NA,"","","","EYKT","28833",NA,NA,NA,"16:00:33","16:00:33",NA,NA
"522","SL_FW_Dive_17_07-40-00.436.avi","47738","16:06:43","492","330","QC","Asia","0",NA,"2015","17","14","Line","Bad","lost bottom visual","BLB","BLB",NA,NA,NA,"","","","EYKT","29202",NA,NA,NA,"16:06:43","16:06:43",NA,NA
"523","SL_FW_Dive_17_07-40-00.436.avi","47983","16:06:51","399","375","QC","Asia","0",NA,"2015","17","14","Line","Good","Good Going Forward","GGF","GGF","4",NA,NA,"","","","EYKT","29211",NA,NA,NA,"16:06:51","16:06:51",NA,NA
"524","SL_FW_Dive_17_07-40-00.436.avi","74198","16:21:25","505","484","QC","Asia","0",NA,"2015","17","14","Line","Bad","going backwards","BGB","BGB",NA,NA,NA,"","","","EYKT","30084",NA,NA,NA,"16:21:25","16:21:25",NA,NA
"525","SL_FW_Dive_17_07-40-00.436.avi","74369","16:21:30","383","419","QC","Asia","0",NA,"2015","17","14","Line","Good","Good Going Forward","GGF","GGF","5",NA,NA,"","","","EYKT","30090",NA,NA,NA,"16:21:30","16:21:30",NA,NA
"526","SL_FW_Dive_17_07-40-00.436.avi","74923","16:21:49","536","625","QC","Asia","0",NA,"2015","17","14","Line","Bad","loitering in same area","BLA","BLA",NA,NA,NA,"","","","EYKT","30109",NA,NA,NA,"16:21:49","16:21:49",NA,NA
"527","SL_FW_Dive_17_07-40-00.436.avi","75061","16:21:53","450","606","QC","Asia","0",NA,"2015","17","14","Line","Good","Good Going Forward","GGF","GGF","6",NA,NA,"","","","EYKT","30113",NA,NA,NA,"16:21:53","16:21:53",NA,NA
"528","SL_FW_Dive_17_07-40-00.436.avi","76951","16:22:56","595","672","QC","Asia","0",NA,"2015","17","14","Line","Bad","going backwards","BGB","BGB",NA,NA,NA,"","","","EYKT","30176",NA,NA,NA,"16:22:56","16:22:56",NA,NA
"529","SL_FW_Dive_17_07-40-00.436.avi","77513","16:23:15","671","537","QC","Asia","0",NA,"2015","17","14","Line","Good","Good Going Forward","GGF","GGF","7",NA,NA,"","","","EYKT","30195",NA,NA,NA,"16:23:15","16:23:15",NA,NA
"530","SL_FW_Dive_17_07-40-00.436.avi","77735","16:23:22","414","701","QC","Asia","0",NA,"2015","17","14","Line","Bad","lost bottom visual","BLB","BLB",NA,NA,NA,"","","","EYKT","30202",NA,NA,NA,"16:23:22","16:23:22",NA,NA
"531","SL_FW_Dive_17_07-40-00.436.avi","77958","16:23:30","505","718","QC","Asia","0",NA,"2015","17","14","Line","Good","Good Going Forward","GGF","GGF","8",NA,NA,"","","","EYKT","30210",NA,NA,NA,"16:23:30","16:23:30",NA,NA
"532","SL_FW_Dive_17_07-40-00.436.avi","86175","16:28:04","652","853","QC","Asia","0",NA,"2015","17","14","Line","Bad","going backwards","BGB","BGB",NA,NA,NA,"","","","EYKT","30484",NA,NA,NA,"16:28:04","16:28:04",NA,NA
"533","SL_FW_Dive_17_07-40-00.436.avi","86379","16:28:11","326","505","QC","Asia","0",NA,"2015","17","14","Line","Good","Good Going Forward","GGF","GGF","9",NA,NA,"","","","EYKT","30491",NA,NA,NA,"16:28:11","16:28:11",NA,NA
"534","SL_FW_Dive_17_07-40-00.436.avi","88230","16:29:12","539","673","QC","Asia","0",NA,"2015","17","14","Line","Good","Good Going Forward","GGF","GGF","9",NA,NA,"End","","","EYKT","30552",NA,NA,NA,"16:29:12","16:29:12",NA,NA
"535","SL_FW_Dive_18_09-09-57.708.avi","539","17:12:03","682","685","QC","Asia","0",NA,"2015","18","15","Line","Good","Good Going Forward","GGF","GGF","1",NA,NA,"Start","","","EYKT","33123",NA,NA,NA,"17:12:03","17:12:03",NA,NA
"536","SL_FW_Dive_18_09-09-57.708.avi","5273","17:14:41","569","511","QC","Asia","0",NA,"2015","18","15","Line","Bad","repositioned","BRP","BRP",NA,NA,NA,"","","","EYKT","33281",NA,NA,NA,"17:14:41","17:14:41",NA,NA
"537","SL_FW_Dive_18_09-09-57.708.avi","5478","17:14:48","509","572","QC","Asia","0",NA,"2015","18","15","Line","Good","Good Going Forward","GGF","GGF","2",NA,NA,"","","","EYKT","33288",NA,NA,NA,"17:14:48","17:14:48",NA,NA
"538","SL_FW_Dive_18_09-09-57.708.avi","28154","17:27:24","522","709","QC","Asia","0",NA,"2015","18","15","Line","Bad","lost bottom visual","BLB","BLB",NA,NA,NA,"","","","EYKT","34044",NA,NA,NA,"17:27:24","17:27:24",NA,NA
"539","SL_FW_Dive_18_09-09-57.708.avi","28317","17:27:29","338","689","QC","Asia","0",NA,"2015","18","15","Line","Good","Good Going Forward","GGF","GGF","3",NA,NA,"","","","EYKT","34049",NA,NA,NA,"17:27:29","17:27:29",NA,NA
"540","SL_FW_Dive_18_09-09-57.708.avi","58435","17:44:13","450","549","QC","Asia","0",NA,"2015","18","15","Line","Bad","going backwards","BGB","BGB",NA,NA,NA,"","","","EYKT","35053",NA,NA,NA,"17:44:13","17:44:13",NA,NA
"541","SL_FW_Dive_18_09-09-57.708.avi","58575","17:44:18","373","485","QC","Asia","0",NA,"2015","18","15","Line","Good","Good Going Forward","GGF","GGF","4",NA,NA,"","","","EYKT","35058",NA,NA,NA,"17:44:18","17:44:18",NA,NA
"542","SL_FW_Dive_18_09-09-57.708.avi","61317","17:45:49","517","455","QC","Asia","0",NA,"2015","18","15","Line","Bad","lost bottom visual","BLB","BLB",NA,NA,NA,"","","","EYKT","35149",NA,NA,NA,"17:45:49","17:45:49",NA,NA
"543","SL_FW_Dive_18_09-09-57.708.avi","62957","17:46:44","466","788","QC","Asia","0",NA,"2015","18","15","Line","Good","Good Going Forward","GGF","GGF","5",NA,NA,"","","","EYKT","35204",NA,NA,NA,"17:46:44","17:46:44",NA,NA
"544","SL_FW_Dive_18_09-09-57.708.avi","69682","17:50:28","559","693","QC","Asia","0",NA,"2015","18","15","Line","Good","Good Going Forward","GGF","GGF","5",NA,NA,"End","","","EYKT","35428",NA,NA,NA,"17:50:28","17:50:28",NA,NA
"545","SL_FW_Dive_19_10-32-28.019.avi","532","18:34:19","504","530","QC","Asia","0",NA,"2015","19","17","Line","Good","Good Going Forward","GGF","GGF","1",NA,NA,"Start","","","EYKT","38059",NA,NA,NA,"18:34:19","18:34:19",NA,NA
"546","SL_FW_Dive_19_10-32-28.019.avi","2666","18:35:31","489","579","QC","Asia","0",NA,"2015","19","17","Line","Bad","repositioned","BRP","BRP",NA,NA,NA,"","video paused","18:35:31","EYKT","38131",NA,NA,NA,"18:35:31","18:35:31",NA,NA
"547","SL_FW_Dive_19_10-32-28.019.avi","4020","18:36:16","324","478","QC","Asia","0",NA,"2015","19","17","Line","Good","Good Going Forward","GGF","GGF","2",NA,NA,"","hypack back on"," resume transect","EYKT","38176",NA,NA,NA,"18:36:16","18:36:16",NA,NA
"548","SL_FW_Dive_19_10-32-28.019.avi","4576","18:36:34","516","616","QC","Asia","0",NA,"2015","19","17","Line","Bad","lost bottom visual","BLB","BLB",NA,NA,NA,"","","","EYKT","38194",NA,NA,NA,"18:36:34","18:36:34",NA,NA
"549","SL_FW_Dive_19_10-32-28.019.avi","5296","18:36:58","544","684","QC","Asia","0",NA,"2015","19","17","Line","Good","Good Going Forward","GGF","GGF","3",NA,NA,"","","","EYKT","38218",NA,NA,NA,"18:36:58","18:36:58",NA,NA
"550","SL_FW_Dive_19_10-32-28.019.avi","9469","18:39:17","447","481","QC","Asia","0",NA,"2015","19","17","Line","Bad","repositioned","BRP","BRP",NA,NA,NA,"","","","EYKT","38357",NA,NA,NA,"18:39:17","18:39:17",NA,NA
"551","SL_FW_Dive_19_10-32-28.019.avi","10860","18:40:04","420","634","QC","Asia","0",NA,"2015","19","17","Line","Good","Good Going Forward","GGF","GGF","4",NA,NA,"","","","EYKT","38404",NA,NA,NA,"18:40:04","18:40:04",NA,NA
"552","SL_FW_Dive_19_10-32-28.019.avi","70090","19:12:58","603","862","QC","Asia","0",NA,"2015","19","17","Line","Good","Good Going Forward","GGF","GGF","4",NA,NA,"End","","","EYKT","40378",NA,NA,NA,"19:12:58","19:12:58",NA,NA
"553","SL_FW_Dive_20_12-33-07.871.avi","865","20:33:49","763","386","QC","Asia","0",NA,"2015","20","18","Line","Good","Good Going Forward","GGF","GGF","1",NA,NA,"Start","","","EYKT","45229",NA,NA,NA,"20:33:49","20:33:49",NA,NA
"554","SL_FW_Dive_20_12-33-07.871.avi","41173","20:56:12","681","433","QC","Asia","0",NA,"2015","20","18","Line","Bad","loitering in same area","BLA","BLA",NA,NA,NA,"","","","EYKT","46572",NA,NA,NA,"20:56:12","20:56:12",NA,NA
"555","SL_FW_Dive_20_12-33-07.871.avi","41488","20:56:23","418","352","QC","Asia","0",NA,"2015","20","18","Line","Good","Good Going Forward","GGF","GGF","2",NA,NA,"","","","EYKT","46583",NA,NA,NA,"20:56:23","20:56:23",NA,NA
"556","SL_FW_Dive_20_12-33-07.871.avi","75607","21:15:20","400","482","QC","Asia","0",NA,"2015","20","18","Line","Good","Good Going Forward","GGF","GGF","2",NA,NA,"End","","","EYKT","47720",NA,NA,NA,"21:15:20","21:15:20",NA,NA
"557","SL_FW_Dive_21_14-13-13.541.avi","831","22:13:51","444","623","QC","Asia","0",NA,"2015","21","20","Line","Good","Good Going Forward","GGF","GGF","1",NA,NA,"Start","","","EYKT","51231",NA,NA,NA,"22:13:51","22:13:51",NA,NA
"558","SL_FW_Dive_21_14-13-13.541.avi","73522","22:54:14","686","492","QC","Asia","0",NA,"2015","21","20","Line","Good","Good Going Forward","GGF","GGF","1",NA,NA,"End","","","EYKT","53654",NA,NA,NA,"22:54:14","22:54:14",NA,NA
"559","SL_FW_Dive_22_15-36-34.207.avi","1100","23:37:22","286","478","QC","Asia","0",NA,"2015","22","22","Line","Good","Good Going Forward","GGF","GGF","1",NA,NA,"Start","","","EYKT","56242",NA,NA,NA,"23:37:22","23:37:22",NA,NA
"560","SL_FW_Dive_22_15-36-34.207.avi","3975","23:38:57","558","461","QC","Asia","0",NA,"2015","22","22","Line","Bad","lost bottom visual","BLB","BLB",NA,NA,NA,"","","","EYKT","56337",NA,NA,NA,"23:38:57","23:38:57",NA,NA
"561","SL_FW_Dive_22_15-36-34.207.avi","4440","23:39:13","584","559","QC","Asia","0",NA,"2015","22","22","Line","Good","Good Going Forward","GGF","GGF","2",NA,NA,"","","","EYKT","56353",NA,NA,NA,"23:39:13","23:39:13",NA,NA
"562","SL_FW_Dive_22_15-36-34.207.avi","5122","23:39:36","812","178","QC","Asia","0",NA,"2015","22","22","Line","Bad","lost bottom visual","BLB","BLB",NA,NA,NA,"","","","EYKT","56376",NA,NA,NA,"23:39:36","23:39:36",NA,NA
"563","SL_FW_Dive_22_15-36-34.207.avi","5286","23:39:41","447","392","QC","Asia","0",NA,"2015","22","22","Line","Good","Good Going Forward","GGF","GGF","3",NA,NA,"","","","EYKT","56381",NA,NA,NA,"23:39:41","23:39:41",NA,NA
"564","SL_FW_Dive_22_15-36-34.207.avi","14886","23:45:01","446","371","QC","Asia","0",NA,"2015","22","22","Line","Bad","lost bottom visual","BLB","BLB",NA,NA,NA,"","","","EYKT","56701",NA,NA,NA,"23:45:01","23:45:01",NA,NA
"565","SL_FW_Dive_22_15-36-34.207.avi","15472","23:45:21","357","384","QC","Asia","0",NA,"2015","22","22","Line","Good","Good Going Forward","GGF","GGF","4",NA,NA,"","","","EYKT","56721",NA,NA,NA,"23:45:21","23:45:21",NA,NA
"566","SL_FW_Dive_22_15-36-34.207.avi","22241","23:49:06","634","608","QC","Asia","0",NA,"2015","22","22","Line","Bad","lost bottom visual","BLB","BLB",NA,NA,NA,"","","","EYKT","56946",NA,NA,NA,"23:49:06","23:49:06",NA,NA
"567","SL_FW_Dive_22_15-36-34.207.avi","23272","23:49:41","614","597","QC","Asia","0",NA,"2015","22","22","Line","Good","Good Going Forward","GGF","GGF","5",NA,NA,"","","","EYKT","56981",NA,NA,NA,"23:49:41","23:49:41",NA,NA
"568","SL_FW_Dive_22_15-36-34.207.avi","26534","23:51:29","456","345","QC","Asia","0",NA,"2015","22","22","Line","Bad","lost bottom visual","BLB","BLB",NA,NA,NA,"","","","EYKT","57089",NA,NA,NA,"23:51:29","23:51:29",NA,NA
"569","SL_FW_Dive_22_15-36-34.207.avi","27372","23:51:57","464","471","QC","Asia","0",NA,"2015","22","22","Line","Good","Good Going Forward","GGF","GGF","6",NA,NA,"","","","EYKT","57117",NA,NA,NA,"23:51:57","23:51:57",NA,NA
"570","SL_FW_Dive_22_15-36-34.207.avi","72603","0:17:05","582","480","QC","Asia","0",NA,"2015","22","22","Line","Good","Good Going Forward","GGF","GGF","6",NA,NA,"End","Times don't match","00:17:04076","EYKT","58624",NA,NA,NA,"0:17:05","0:17:04",NA,NA
"571","SL_FW_Dive_23_16-50-22.315.avi","717","0:51:05","533","762","QC","Asia","0",NA,"2015","23","23","Line","Good","Good Going Forward","GGF","GGF","1",NA,NA,"Start","","","EYKT","60665",NA,NA,NA,"0:51:05","0:51:05",NA,NA
"572","SL_FW_Dive_23_16-50-22.315.avi","18625","1:01:02","539","468","QC","Asia","0",NA,"2015","23","23","Line","Bad","going over drop-off","BDO","BDO",NA,NA,NA,"","","","EYKT","61262",NA,NA,NA,"1:01:02","1:01:02",NA,NA
"573","SL_FW_Dive_23_16-50-22.315.avi","18778","1:01:07","328","541","QC","Asia","0",NA,"2015","23","23","Line","Good","Good Going Forward","GGF","GGF","2",NA,NA,"","","","EYKT","61267",NA,NA,NA,"1:01:07","1:01:07",NA,NA
"574","SL_FW_Dive_23_16-50-22.315.avi","58644","1:23:16","594","567","QC","Asia","0",NA,"2015","23","23","Line","Bad","lost bottom visual","BLB","BLB",NA,NA,NA,"","","","EYKT","62596",NA,NA,NA,"1:23:16","1:23:16",NA,NA
"575","SL_FW_Dive_23_16-50-22.315.avi","59244","1:23:36","499","474","QC","Asia","0",NA,"2015","23","23","Line","Good","Good Going Forward","GGF","GGF","3",NA,NA,"","","","EYKT","62616",NA,NA,NA,"1:23:36","1:23:36",NA,NA
"576","SL_FW_Dive_23_16-50-22.315.avi","62617","1:25:29","359","512","QC","Asia","0",NA,"2015","23","23","Line","Bad","lost bottom visual","BLB","BLB",NA,NA,NA,"","","","EYKT","62729",NA,NA,NA,"1:25:29","1:25:29",NA,NA
"577","SL_FW_Dive_23_16-50-22.315.avi","63221","1:25:49","447","783","QC","Asia","0",NA,"2015","23","23","Line","Good","Good Going Forward","GGF","GGF","4",NA,NA,"","","","EYKT","62749",NA,NA,NA,"1:25:49","1:25:49",NA,NA
"578","SL_FW_Dive_23_16-50-22.315.avi","64610","1:26:35","556","579","QC","Asia","0",NA,"2015","23","23","Line","Bad","lost bottom visual","BLB","BLB",NA,NA,NA,"","","","EYKT","62795",NA,NA,NA,"1:26:35","1:26:35",NA,NA
"579","SL_FW_Dive_23_16-50-22.315.avi","65745","1:27:13","678","794","QC","Asia","0",NA,"2015","23","23","Line","Good","Good Going Forward","GGF","GGF","5",NA,NA,"","","","EYKT","62833",NA,NA,NA,"1:27:13","1:27:13",NA,NA
"580","SL_FW_Dive_23_16-50-22.315.avi","68854","1:28:57","286","735","QC","Asia","0",NA,"2015","23","23","Line","Bad","lost bottom visual","BLB","BLB",NA,NA,NA,"","","","EYKT","62937",NA,NA,NA,"1:28:57","1:28:57",NA,NA
"581","SL_FW_Dive_23_16-50-22.315.avi","69108","1:29:05","379","501","QC","Asia","0",NA,"2015","23","23","Line","Bad","lost bottom visual","BLB","BLB",NA,NA,NA,"End","","","EYKT","62945",NA,NA,NA,"1:29:05","1:29:05",NA,NA
"582","SL_FW_Dive_24_17-55-53.690.avi","700","2:06:07","464","595","QC","Asia","0",NA,"2015","24","27","Line","Good","Good Going Forward","GGF","GGF","1",NA,NA,"Start","","","EYKT","65167",NA,NA,NA,"2:06:07","2:06:07",NA,NA
"583","SL_FW_Dive_24_17-55-53.690.avi","48848","2:32:52","575","415","QC","Asia","0",NA,"2015","24","27","Line","Bad","loitering in same area","BLA","BLA",NA,NA,NA,"","","","EYKT","66771",NA,NA,NA,"2:32:52","2:32:52",NA,NA
"584","SL_FW_Dive_24_17-55-53.690.avi","48990","2:32:56","391","395","QC","Asia","0",NA,"2015","24","27","Line","Good","Good Going Forward","GGF","GGF","2",NA,NA,"","","","EYKT","66776",NA,NA,NA,"2:32:56","2:32:56",NA,NA
"585","SL_FW_Dive_24_17-55-53.690.avi","65150","2:41:55","475","446","QC","Asia","0",NA,"2015","24","27","Line","Good","Good Going Forward","GGF","GGF","2",NA,NA,"End","","","EYKT","67315",NA,NA,NA,"2:41:55","2:41:55",NA,NA
"586","SL_FW_Dive_25_19-29-21.879.avi","1104","3:30:11","456","703","QC","Asia","0",NA,"2015","25","24","Line","Good","Good Going Forward","GGF","GGF","1",NA,NA,"Start","fish before start","","EYKT","70211",NA,NA,NA,"3:30:11","3:30:11",NA,NA
"587","SL_FW_Dive_25_19-29-21.879.avi","1703","3:30:31","545","395","QC","Asia","0",NA,"2015","25","24","Line","Bad","lost bottom visual","BLB","BLB",NA,NA,NA,"","","","EYKT","70231",NA,NA,NA,"3:30:31","3:30:31",NA,NA
"588","SL_FW_Dive_25_19-29-21.879.avi","2164","3:30:46","488","564","QC","Asia","0",NA,"2015","25","24","Line","Good","Good Going Forward","GGF","GGF","2",NA,NA,"","","","EYKT","70246",NA,NA,NA,"3:30:46","3:30:46",NA,NA
"589","SL_FW_Dive_25_19-29-21.879.avi","4737","3:32:12","378","348","QC","Asia","0",NA,"2015","25","24","Line","Bad","lost bottom visual","BLB","BLB",NA,NA,NA,"","","","EYKT","70332",NA,NA,NA,"3:32:12","3:32:12",NA,NA
"590","SL_FW_Dive_25_19-29-21.879.avi","5333","3:32:32","478","374","QC","Asia","0",NA,"2015","25","24","Line","Good","Good Going Forward","GGF","GGF","3",NA,NA,"","","","EYKT","70352",NA,NA,NA,"3:32:32","3:32:32",NA,NA
"591","SL_FW_Dive_25_19-29-21.879.avi","8845","3:34:29","683","551","QC","Asia","0",NA,"2015","25","24","Line","Bad","lost bottom visual","BLB","BLB",NA,NA,NA,"","","","EYKT","70469",NA,NA,NA,"3:34:29","3:34:29",NA,NA
"592","SL_FW_Dive_25_19-29-21.879.avi","8954","3:34:32","594","529","QC","Asia","0",NA,"2015","25","24","Line","Good","Good Going Forward","GGF","GGF","4",NA,NA,"","","","EYKT","70472",NA,NA,NA,"3:34:32","3:34:32",NA,NA
"593","SL_FW_Dive_25_19-29-21.879.avi","9128","3:34:38","604","441","QC","Asia","0",NA,"2015","25","24","Line","Bad","lost bottom visual","BLB","BLB",NA,NA,NA,"","","","EYKT","70478",NA,NA,NA,"3:34:38","3:34:38",NA,NA
"594","SL_FW_Dive_25_19-29-21.879.avi","9613","3:34:54","246","249","QC","Asia","0",NA,"2015","25","24","Line","Good","Good Going Forward","GGF","GGF","5",NA,NA,"","","","EYKT","70494",NA,NA,NA,"3:34:54","3:34:54",NA,NA
"595","SL_FW_Dive_25_19-29-21.879.avi","13112","3:36:51","435","554","QC","Asia","0",NA,"2015","25","24","Line","Bad","lost bottom visual","BLB","BLB",NA,NA,NA,"","","","EYKT","70611",NA,NA,NA,"3:36:51","3:36:51",NA,NA
"596","SL_FW_Dive_25_19-29-21.879.avi","13279","3:36:57","383","475","QC","Asia","0",NA,"2015","25","24","Line","Good","Good Going Forward","GGF","GGF","6",NA,NA,"","","","EYKT","70617",NA,NA,NA,"3:36:57","3:36:57",NA,NA
"597","SL_FW_Dive_25_19-29-21.879.avi","70366","4:08:39","516","615","QC","Asia","0",NA,"2015","25","24","Line","Good","Good Going Forward","GGF","GGF","6",NA,NA,"End","","","EYKT","72519",NA,NA,NA,"4:08:39","4:08:39",NA,NA
"598","SL_FW_Dive_26_05-55-19.425.avi","349","13:55:47","622","546","QC","Asia","0",NA,"2015","26","28","Line","Good","Good Going Forward","GGF","GGF","1",NA,NA,"Start","","","EYKT","21347",NA,NA,NA,"13:55:47","13:55:47",NA,NA
"599","SL_FW_Dive_26_05-55-19.425.avi","1767","13:56:34","463","359","QC","Asia","0",NA,"2015","26","28","Line","Bad","lost bottom visual","BLB","BLB",NA,NA,NA,"","","","EYKT","21394",NA,NA,NA,"13:56:34","13:56:34",NA,NA
"600","SL_FW_Dive_26_05-55-19.425.avi","2009","13:56:42","455","452","QC","Asia","0",NA,"2015","26","28","Line","Good","Good Going Forward","GGF","GGF","2",NA,NA,"","","","EYKT","21402",NA,NA,NA,"13:56:42","13:56:42",NA,NA
"601","SL_FW_Dive_26_05-55-19.425.avi","10456","14:01:24","556","651","QC","Asia","0",NA,"2015","26","28","Line","Bad","lost bottom visual","BLB","BLB",NA,NA,NA,"","","","EYKT","21684",NA,NA,NA,"14:01:24","14:01:24",NA,NA
"602","SL_FW_Dive_26_05-55-19.425.avi","10863","14:01:38","405","320","QC","Asia","0",NA,"2015","26","28","Line","Good","Good Going Forward","GGF","GGF","3",NA,NA,"","","","EYKT","21698",NA,NA,NA,"14:01:38","14:01:38",NA,NA
"603","SL_FW_Dive_26_05-55-19.425.avi","34520","14:14:46","629","467","QC","Asia","0",NA,"2015","26","28","Line","Bad","lost bottom visual","BLB","BLB",NA,NA,NA,"","","","EYKT","22486",NA,NA,NA,"14:14:46","14:14:46",NA,NA
"604","SL_FW_Dive_26_05-55-19.425.avi","34724","14:14:53","367","573","QC","Asia","0",NA,"2015","26","28","Line","Good","Good Going Forward","GGF","GGF","4",NA,NA,"","","","EYKT","22493",NA,NA,NA,"14:14:53","14:14:53",NA,NA
"605","SL_FW_Dive_26_05-55-19.425.avi","70823","14:34:56","423","467","QC","Asia","0",NA,"2015","26","28","Line","Good","Good Going Forward","GGF","GGF","4",NA,NA,"","video speeds up","","EYKT","23696",NA,NA,NA,"14:34:56","14:34:56",NA,NA
"606","SL_FW_Dive_26_05-55-19.425.avi","70970","14:35:01","608","624","QC","Asia","0",NA,"2015","26","28","Line","Good","Good Going Forward","GGF","GGF","4",NA,NA,"","video back to normal","","EYKT","23701",NA,NA,NA,"14:35:01","14:35:01",NA,NA
"607","SL_FW_Dive_26_05-55-19.425.avi","76199","14:37:55","553","702","QC","Asia","0",NA,"2015","26","28","Line","Good","Good Going Forward","GGF","GGF","4",NA,NA,"End","","","EYKT","23875",NA,NA,NA,"14:37:55","14:37:55",NA,NA
"608","SL_FW_Dive_27_07-27-10.711.avi","762","15:31:21","498","660","QC","Asia","0",NA,"2015","27","25","Line","Good","Good Going Forward","GGF","GGF","1",NA,NA,"Start","","","EYKT","27081",NA,NA,NA,"15:31:21","15:31:21",NA,NA
"609","SL_FW_Dive_27_07-27-10.711.avi","79959","16:15:21","424","549","QC","Asia","0",NA,"2015","27","25","Line","Good","Good Going Forward","GGF","GGF","1",NA,NA,"End","","","EYKT","29721",NA,NA,NA,"16:15:21","16:15:21",NA,NA
"610","SL_FW_Dive_28_09-04-12.887.avi","143","17:04:29","497","471","QC","Asia","0",NA,"2015","28","26","Line","Good","Good Going Forward","GGF","GGF","1",NA,NA,"Start","","","EYKT","32669",NA,NA,NA,"17:04:29","17:04:29",NA,NA
"611","SL_FW_Dive_28_09-04-12.887.avi","52963","17:33:48","393","503","QC","Asia","0",NA,"2015","28","26","Line","Good","Good Going Forward","GGF","GGF","1",NA,NA,"End","","","EYKT","34428",NA,NA,NA,"17:33:48","17:33:48",NA,NA
"612","SL_FW_Dive_29_10-24-15.111.avi","284","18:25:03","339","442","QC","Asia","0",NA,"2015","29","29","Line","Good","Good Going Forward","GGF","GGF","1",NA,NA,"Start","","","EYKT","37503",NA,NA,NA,"18:25:03","18:25:03",NA,NA
"613","SL_FW_Dive_29_10-24-15.111.avi","53677","18:54:43","641","431","QC","Asia","0",NA,"2015","29","29","Line","Bad","lost bottom visual","BLB","BLB",NA,NA,NA,"","","","EYKT","39283",NA,NA,NA,"18:54:43","18:54:43",NA,NA
"614","SL_FW_Dive_29_10-24-15.111.avi","54472","18:55:10","446","359","QC","Asia","0",NA,"2015","29","29","Line","Good","Good Going Forward","GGF","GGF","2",NA,NA,"","","","EYKT","39310",NA,NA,NA,"18:55:10","18:55:10",NA,NA
"615","SL_FW_Dive_29_10-24-15.111.avi","54802","18:55:21","633","372","QC","Asia","0",NA,"2015","29","29","Line","Bad","repositioned","BRP","BRP",NA,NA,NA,"","","","EYKT","39321",NA,NA,NA,"18:55:21","18:55:21",NA,NA
"616","SL_FW_Dive_29_10-24-15.111.avi","55084","18:55:30","502","473","QC","Asia","0",NA,"2015","29","29","Line","Bad","lost bottom visual","BLB","BLB",NA,NA,NA,"","","","EYKT","39330",NA,NA,NA,"18:55:30","18:55:30",NA,NA
"617","SL_FW_Dive_29_10-24-15.111.avi","55956","18:55:59","353","384","QC","Asia","0",NA,"2015","29","29","Line","Good","Good Going Forward","GGF","GGF","3",NA,NA,"","","","EYKT","39359",NA,NA,NA,"18:55:59","18:55:59",NA,NA
"618","SL_FW_Dive_29_10-24-15.111.avi","66635","19:01:55","572","424","QC","Asia","0",NA,"2015","29","29","Line","Bad","repositioned","BRP","BRP",NA,NA,NA,"","hit rock and went off course","","EYKT","39715",NA,NA,NA,"19:01:55","19:01:55",NA,NA
"619","SL_FW_Dive_29_10-24-15.111.avi","66903","19:02:04","457","595","QC","Asia","0",NA,"2015","29","29","Line","Good","Good Going Forward","GGF","GGF","4",NA,NA,"","ROV back on course","","EYKT","39724",NA,NA,NA,"19:02:04","19:02:04",NA,NA
"620","SL_FW_Dive_29_10-24-15.111.avi","69735","19:03:38","422","484","QC","Asia","0",NA,"2015","29","29","Line","Bad","lost bottom visual","BLB","BLB",NA,NA,NA,"","","","EYKT","39818",NA,NA,NA,"19:03:38","19:03:38",NA,NA
"621","SL_FW_Dive_29_10-24-15.111.avi","70105","19:03:51","475","516","QC","Asia","0",NA,"2015","29","29","Line","Good","Good Going Forward","GGF","GGF","5",NA,NA,"","","","EYKT","39831",NA,NA,NA,"19:03:51","19:03:51",NA,NA
"622","SL_FW_Dive_29_10-24-15.111.avi","71862","19:04:49","523","597","QC","Asia","0",NA,"2015","29","29","Line","Good","Good Going Forward","GGF","GGF","5",NA,NA,"End","","","EYKT","39889",NA,NA,NA,"19:04:49","19:04:49",NA,NA
"623","SL_FW_Dive_30_11-50-37.728.avi","428","19:51:15","582","535","QC","Asia","0",NA,"2015","30","30","Line","Good","Good Going Forward","GGF","GGF","1",NA,NA,"Start","","","EYKT","42675",NA,NA,NA,"19:51:15","19:51:15",NA,NA
"624","SL_FW_Dive_30_11-50-37.728.avi","64256","20:26:43","510","601","QC","Asia","0",NA,"2015","30","30","Line","Good","Good Going Forward","GGF","GGF","1",NA,NA,"End","","","EYKT","44803",NA,NA,NA,"20:26:43","20:26:43",NA,NA
"625","SL_FW_Dive_31_13-15-27.601.avi","767","21:16:07","458","503","QC","Asia","0",NA,"2015","31","31","Line","Good","Good Going Forward","GGF","GGF","1",NA,NA,"Start","","","EYKT","47767",NA,NA,NA,"21:16:07","21:16:07",NA,NA
"626","SL_FW_Dive_31_13-15-27.601.avi","2093","21:16:51","335","372","QC","Asia","0",NA,"2015","31","31","Line","Bad","loitering in same area","BLA","BLA",NA,NA,NA,"","","","EYKT","47811",NA,NA,NA,"21:16:51","21:16:51",NA,NA
"627","SL_FW_Dive_31_13-15-27.601.avi","3154","21:17:26","457","407","QC","Asia","0",NA,"2015","31","31","Line","Good","Good Going Forward","GGF","GGF","2",NA,NA,"","","","EYKT","47846",NA,NA,NA,"21:17:26","21:17:26",NA,NA
"628","SL_FW_Dive_31_13-15-27.601.avi","37088","21:36:17","538","501","QC","Asia","0",NA,"2015","31","31","Line","Bad","loitering in same area","BLA","BLA",NA,NA,NA,"","","","EYKT","48977",NA,NA,NA,"21:36:17","21:36:17",NA,NA
"629","SL_FW_Dive_31_13-15-27.601.avi","37244","21:36:22","643","542","QC","Asia","0",NA,"2015","31","31","Line","Good","Good Going Forward","GGF","GGF","3",NA,NA,"","","","EYKT","48982",NA,NA,NA,"21:36:22","21:36:22",NA,NA
"630","SL_FW_Dive_31_13-15-27.601.avi","51292","21:44:11","547","471","QC","Asia","0",NA,"2015","31","31","Line","Bad","loitering in same area","BLA","BLA",NA,NA,NA,"","","","EYKT","49451",NA,NA,NA,"21:44:11","21:44:11",NA,NA
"631","SL_FW_Dive_31_13-15-27.601.avi","51434","21:44:15","476","472","QC","Asia","0",NA,"2015","31","31","Line","Good","Good Going Forward","GGF","GGF","4",NA,NA,"","","","EYKT","49455",NA,NA,NA,"21:44:15","21:44:15",NA,NA
"632","SL_FW_Dive_31_13-15-27.601.avi","54591","21:46:01","440","319","QC","Asia","0",NA,"2015","31","31","Line","Good","Good Going Forward","GGF","GGF","4",NA,NA,"End","","","EYKT","49561",NA,NA,NA,"21:46:01","21:46:01",NA,NA
"633","SL_FW_Dive_32_14-44-40.121.avi","1204","22:45:32","490","605","QC","Asia","0",NA,"2015","32","32","Line","Good","Good Going Forward","GGF","GGF","1",NA,NA,"Start","","","EYKT","53132",NA,NA,NA,"22:45:32","22:45:32",NA,NA
"634","SL_FW_Dive_32_14-44-40.121.avi","5248","22:47:47","313","512","QC","Asia","0",NA,"2015","32","32","Line","Bad","repositioned","BRP","BRP",NA,NA,NA,"","","22:47:48","EYKT","53268",NA,NA,NA,"22:47:47","22:47:48",NA,NA
"635","SL_FW_Dive_32_14-44-40.121.avi","5969","22:48:11","329","616","QC","Asia","0",NA,"2015","32","32","Line","Good","Good Going Forward","GGF","GGF","2",NA,NA,"","","22:48:12","EYKT","53292",NA,NA,NA,"22:48:11","22:48:12",NA,NA
"636","SL_FW_Dive_32_14-44-40.121.avi","16891","22:54:15","454","475","QC","Asia","0",NA,"2015","32","32","Line","Bad","lost bottom visual","BLB","BLB",NA,NA,NA,"","","","EYKT","53655",NA,NA,NA,"22:54:15","22:54:15",NA,NA
"637","SL_FW_Dive_32_14-44-40.121.avi","17239","22:54:27","367","322","QC","Asia","0",NA,"2015","32","32","Line","Good","Good Going Forward","GGF","GGF","3",NA,NA,"","","22:54:28","EYKT","53668",NA,NA,NA,"22:54:27","22:54:28",NA,NA
"638","SL_FW_Dive_32_14-44-40.121.avi","19240","22:55:33","365","322","QC","Asia","0",NA,"2015","32","32","Line","Bad","going backwards","BGB","BGB",NA,NA,NA,"","","22:55:34","EYKT","53734",NA,NA,NA,"22:55:33","22:55:34",NA,NA
"639","SL_FW_Dive_32_14-44-40.121.avi","19360","22:55:37","539","581","QC","Asia","0",NA,"2015","32","32","Line","Good","Good Going Forward","GGF","GGF","4",NA,NA,"","","22:55:38","EYKT","53738",NA,NA,NA,"22:55:37","22:55:38",NA,NA
"640","SL_FW_Dive_32_14-44-40.121.avi","21744","22:56:57","409","413","QC","Asia","0",NA,"2015","32","32","Line","Bad","repositioned","BRP","BRP",NA,NA,NA,"","turning","22:56:57","EYKT","53817",NA,NA,NA,"22:56:57","22:56:57",NA,NA
"641","SL_FW_Dive_32_14-44-40.121.avi","22530","22:57:23","482","416","QC","Asia","0",NA,"2015","32","32","Line","Good","Good Going Forward","GGF","GGF","5",NA,NA,"","","","EYKT","53843",NA,NA,NA,"22:57:23","22:57:23",NA,NA
"642","SL_FW_Dive_32_14-44-40.121.avi","23524","22:57:56","465","417","QC","Asia","0",NA,"2015","32","32","Line","Bad","lost bottom visual","BLB","BLB",NA,NA,NA,"","","","EYKT","53876",NA,NA,NA,"22:57:56","22:57:56",NA,NA
"643","SL_FW_Dive_32_14-44-40.121.avi","24862","22:58:41","379","623","QC","Asia","0",NA,"2015","32","32","Line","Good","Good Going Forward","GGF","GGF","6",NA,NA,"","","","EYKT","53921",NA,NA,NA,"22:58:41","22:58:41",NA,NA
"644","SL_FW_Dive_32_14-44-40.121.avi","25104","22:58:49","410","421","QC","Asia","0",NA,"2015","32","32","Line","Bad","lost bottom visual","BLB","BLB",NA,NA,NA,"","","22:58:50","EYKT","53930",NA,NA,NA,"22:58:49","22:58:50",NA,NA
"645","SL_FW_Dive_32_14-44-40.121.avi","25835","22:59:13","420","666","QC","Asia","0",NA,"2015","32","32","Line","Good","Good Going Forward","GGF","GGF","7",NA,NA,"","","","EYKT","53953",NA,NA,NA,"22:59:13","22:59:13",NA,NA
"646","SL_FW_Dive_32_14-44-40.121.avi","34393","23:03:58","466","599","QC","Asia","0",NA,"2015","32","32","Line","Bad","lost bottom visual","BLB","BLB",NA,NA,NA,"","","23:03:59","EYKT","54239",NA,NA,NA,"23:03:58","23:03:59",NA,NA
"647","SL_FW_Dive_32_14-44-40.121.avi","34615","23:04:06","361","389","QC","Asia","0",NA,"2015","32","32","Line","Good","Good Going Forward","GGF","GGF","8",NA,NA,"","","23:04:07","EYKT","54247",NA,NA,NA,"23:04:06","23:04:07",NA,NA
"648","SL_FW_Dive_32_14-44-40.121.avi","50257","23:12:47","490","530","QC","Asia","0",NA,"2015","32","32","Line","Bad","lost bottom visual","BLB","BLB",NA,NA,NA,"","","23:12:48","EYKT","54768",NA,NA,NA,"23:12:47","23:12:48",NA,NA
"649","SL_FW_Dive_32_14-44-40.121.avi","53052","23:14:20","403","474","QC","Asia","0",NA,"2015","32","32","Line","Good","Good Going Forward","GGF","GGF","9",NA,NA,"","","23:14:21","EYKT","54861",NA,NA,NA,"23:14:20","23:14:21",NA,NA
"650","SL_FW_Dive_32_14-44-40.121.avi","57459","23:16:47","435","529","QC","Asia","0",NA,"2015","32","32","Line","Bad","lost bottom visual","BLB","BLB",NA,NA,NA,"","","23:16:48","EYKT","55008",NA,NA,NA,"23:16:47","23:16:48",NA,NA
"651","SL_FW_Dive_32_14-44-40.121.avi","58777","23:17:31","586","480","QC","Asia","0",NA,"2015","32","32","Line","Good","Good Going Forward","GGF","GGF","10",NA,NA,"","","23:17:32","EYKT","55052",NA,NA,NA,"23:17:31","23:17:32",NA,NA
"652","SL_FW_Dive_32_14-44-40.121.avi","59928","23:18:10","375","466","QC","Asia","0",NA,"2015","32","32","Line","Bad","going over drop-off","BDO","BDO",NA,NA,NA,"","","23:18:11","EYKT","55091",NA,NA,NA,"23:18:10","23:18:11",NA,NA
"653","SL_FW_Dive_32_14-44-40.121.avi","60087","23:18:15","493","347","QC","Asia","0",NA,"2015","32","32","Line","Good","Good Going Forward","GGF","GGF","11",NA,NA,"","","23:18:16","EYKT","55096",NA,NA,NA,"23:18:15","23:18:16",NA,NA
"654","SL_FW_Dive_32_14-44-40.121.avi","61801","23:19:12","393","599","QC","Asia","0",NA,"2015","32","32","Line","Bad","going backwards","BGB","BGB",NA,NA,NA,"","","","EYKT","55152",NA,NA,NA,"23:19:12","23:19:12",NA,NA
"655","SL_FW_Dive_32_14-44-40.121.avi","62083","23:19:21","452","332","QC","Asia","0",NA,"2015","32","32","Line","Good","Good Going Forward","GGF","GGF","12",NA,NA,"","","23:19:22","EYKT","55162",NA,NA,NA,"23:19:21","23:19:22",NA,NA
"656","SL_FW_Dive_32_14-44-40.121.avi","67047","23:22:07","432","541","QC","Asia","0",NA,"2015","32","32","Line","Bad","repositioned","BRP","BRP",NA,NA,NA,"","hitting rocks","23:22:08","EYKT","55328",NA,NA,NA,"23:22:07","23:22:08",NA,NA
"657","SL_FW_Dive_32_14-44-40.121.avi","67254","23:22:14","575","533","QC","Asia","0",NA,"2015","32","32","Line","Bad","lost bottom visual","BLB","BLB",NA,NA,NA,"","","23:22:15","EYKT","55335",NA,NA,NA,"23:22:14","23:22:15",NA,NA
"658","SL_FW_Dive_32_14-44-40.121.avi","68130","23:22:43","513","633","QC","Asia","0",NA,"2015","32","32","Line","Good","Good Going Forward","GGF","GGF","13",NA,NA,"","","23:22:44","EYKT","55364",NA,NA,NA,"23:22:43","23:22:44",NA,NA
"659","SL_FW_Dive_32_14-44-40.121.avi","68778","23:23:05","380","376","QC","Asia","0",NA,"2015","32","32","Line","Bad","lost bottom visual","BLB","BLB",NA,NA,NA,"","","23:23:06","EYKT","55386",NA,NA,NA,"23:23:05","23:23:06",NA,NA
"660","SL_FW_Dive_32_14-44-40.121.avi","69676","23:23:34","506","572","QC","Asia","0",NA,"2015","32","32","Line","Bad","repositioned","BRP","BRP",NA,NA,NA,"","hit bottome repositioned ","23:23:35","EYKT","55415",NA,NA,NA,"23:23:34","23:23:35",NA,NA
"661","SL_FW_Dive_32_14-44-40.121.avi","70048","23:23:47","485","529","QC","Asia","0",NA,"2015","32","32","Line","Bad","lost bottom visual","BLB","BLB",NA,NA,NA,"","","23:23:48","EYKT","55428",NA,NA,NA,"23:23:47","23:23:48",NA,NA
"662","SL_FW_Dive_32_14-44-40.121.avi","70437","23:24:00","530","471","QC","Asia","0",NA,"2015","32","32","Line","Good","Good Going Forward","GGF","GGF","14",NA,NA,"","","","EYKT","55440",NA,NA,NA,"23:24:00","23:24:00",NA,NA
"663","SL_FW_Dive_32_14-44-40.121.avi","73882","23:25:55","536","549","QC","Asia","0",NA,"2015","32","32","Line","Bad","repositioned","BRP","BRP",NA,NA,NA,"","odd ROV movement","23:25:56","EYKT","55556",NA,NA,NA,"23:25:55","23:25:56",NA,NA
"664","SL_FW_Dive_32_14-44-40.121.avi","74374","23:26:11","388","481","QC","Asia","0",NA,"2015","32","32","Line","Good","Good Going Forward","GGF","GGF","15",NA,NA,"","","","EYKT","55571",NA,NA,NA,"23:26:11","23:26:11",NA,NA
"665","SL_FW_Dive_32_14-44-40.121.avi","87276","23:33:21","485","450","QC","Asia","0",NA,"2015","32","32","Line","Good","Good Going Forward","GGF","GGF","15",NA,NA,"End","","","EYKT","56001",NA,NA,NA,"23:33:21","23:33:21",NA,NA
"666","SL_FW_Dive_33_16-37-42.838.avi","423","0:38:09","403","344","QC","Asia","0",NA,"2015","33","34","Line","Good","Good Going Forward","GGF","GGF","1",NA,NA,"Start","","","EYKT","59889",NA,NA,NA,"0:38:09","0:38:09",NA,NA
"667","SL_FW_Dive_33_16-37-42.838.avi","1869","0:38:58","532","532","QC","Asia","0",NA,"2015","33","34","Line","Good","Good Going Forward","GGF","GGF","1",NA,NA,"","ROV made slight deviation","","EYKT","59938",NA,NA,NA,"0:38:58","0:38:58",NA,NA
"668","SL_FW_Dive_33_16-37-42.838.avi","2010","0:39:02","415","463","QC","Asia","0",NA,"2015","33","34","Line","Good","Good Going Forward","GGF","GGF","1",NA,NA,"","done turning","","EYKT","59942",NA,NA,NA,"0:39:02","0:39:02",NA,NA
"669","SL_FW_Dive_33_16-37-42.838.avi","9839","0:43:23","466","543","QC","Asia","0",NA,"2015","33","34","Line","Bad","going backwards","BGB","BGB",NA,NA,NA,"","","","EYKT","60203",NA,NA,NA,"0:43:23","0:43:23",NA,NA
"670","SL_FW_Dive_33_16-37-42.838.avi","10019","0:43:29","459","494","QC","Asia","0",NA,"2015","33","34","Line","Good","Good Going Forward","GGF","GGF","2",NA,NA,"","","","EYKT","60209",NA,NA,NA,"0:43:29","0:43:29",NA,NA
"671","SL_FW_Dive_33_16-37-42.838.avi","12051","0:44:37","465","611","QC","Asia","0",NA,"2015","33","34","Line","Bad","lost bottom visual","BLB","BLB",NA,NA,NA,"","","0:44:36","EYKT","60276",NA,NA,NA,"0:44:37","0:44:36",NA,NA
"672","SL_FW_Dive_33_16-37-42.838.avi","12793","0:45:02","349","663","QC","Asia","0",NA,"2015","33","34","Line","Good","Good Going Forward","GGF","GGF","3",NA,NA,"","","","EYKT","60302",NA,NA,NA,"0:45:02","0:45:02",NA,NA
"673","SL_FW_Dive_33_16-37-42.838.avi","69246","1:16:24","364","679","QC","Asia","0",NA,"2015","33","34","Line","Good","Good Going Forward","GGF","GGF","3",NA,NA,"End","","","EYKT","62184",NA,NA,NA,"1:16:24","1:16:24",NA,NA
"674","SL_FW_Dive_34_18-03-42.119.avi","239","2:04:04","334","742","QC","Asia","0",NA,"2015","34","33","Line","Good","Good Going Forward","GGF","GGF","1",NA,NA,"Start","moved start 2 seconds later to match nav file","","EYKT","65044",NA,NA,NA,"2:04:04","2:04:04",NA,NA
"675","SL_FW_Dive_34_18-03-42.119.avi","19902","2:14:58","561","717","QC","Asia","0",NA,"2015","34","33","Line","Bad","repositioned","BRP","BRP",NA,NA,NA,"","odd ROV movement","2:14:59","EYKT","65699",NA,NA,NA,"2:14:58","2:14:59",NA,NA
"676","SL_FW_Dive_34_18-03-42.119.avi","20221","2:15:08","576","645","QC","Asia","0",NA,"2015","34","33","Line","Good","Good Going Forward","GGF","GGF","2",NA,NA,"","","2:15:09","EYKT","65709",NA,NA,NA,"2:15:08","2:15:09",NA,NA
"677","SL_FW_Dive_34_18-03-42.119.avi","46270","2:29:37","492","640","QC","Asia","0",NA,"2015","34","33","Line","Good","Good Going Forward","GGF","GGF","2",NA,NA,"End","","2:29:38","EYKT","66578",NA,NA,NA,"2:29:37","2:29:38",NA,NA
"678","SL_FW_Dive_11b_14-39-31.878.avi","170","22:39:47","446","616","QC","Asia","0",NA,"2015","11b","10","Line","Good","Good Going Forward","GGF","GGF","1",NA,NA,"Start","","","EYKT","52786",NA,NA,NA,"22:39:47","22:39:47",NA,NA
"679","SL_FW_Dive_11b_14-39-31.878.avi","20616","22:51:08","294","468","QC","Asia","0",NA,"2015","11b","10","Line","Bad","going backwards","BGB","BGB",NA,NA,NA,"","","","EYKT","53468",NA,NA,NA,"22:51:08","22:51:08",NA,NA
"680","SL_FW_Dive_11b_14-39-31.878.avi","20892","22:51:17","388","428","QC","Asia","0",NA,"2015","11b","10","Line","Good","Good Going Forward","GGF","GGF","2",NA,NA,"","","","EYKT","53477",NA,NA,NA,"22:51:17","22:51:17",NA,NA
"681","SL_FW_Dive_11b_14-39-31.878.avi","52822","23:09:02","527","524","QC","Asia","0",NA,"2015","11b","10","Line","Bad","loitering in same area","BLA","BLA",NA,NA,NA,"","","","EYKT","54542",NA,NA,NA,"23:09:02","23:09:02",NA,NA
"682","SL_FW_Dive_11b_14-39-31.878.avi","53021","23:09:08","411","481","QC","Asia","0",NA,"2015","11b","10","Line","Good","Good Going Forward","GGF","GGF","3",NA,NA,"","","","EYKT","54548",NA,NA,NA,"23:09:08","23:09:08",NA,NA
"683","SL_FW_Dive_11b_14-39-31.878.avi","55833","23:10:42","277","462","QC","Asia","0",NA,"2015","11b","10","Line","Bad","going backwards","BGB","BGB",NA,NA,NA,"","","","EYKT","54642",NA,NA,NA,"23:10:42","23:10:42",NA,NA
"684","SL_FW_Dive_11b_14-39-31.878.avi","56065","23:10:50","218","325","QC","Asia","0",NA,"2015","11b","10","Line","Good","Good Going Forward","GGF","GGF","4",NA,NA,"","","","EYKT","54650",NA,NA,NA,"23:10:50","23:10:50",NA,NA
"685","SL_FW_Dive_11b_14-39-31.878.avi","68387","23:17:40","524","690","QC","Asia","0",NA,"2015","11b","10","Line","Good","Good Going Forward","GGF","GGF","4",NA,NA,"End","","","EYKT","55060",NA,NA,NA,"23:17:40","23:17:40",NA,NA
"686","",NA,"",NA,NA,"QC","",NA,NA,NA,"",NA,"Line","Bad","","","",NA,NA,NA,"","","","EYKT",NA,NA,NA,NA,"","",NA,NA
"687","SL_2016CSEO_Dive_46_18-53-30.000.avi","106","2:55:17","565","825","QC","Asia","0",NA,"2016","46","1","Line","Good","Good Going Forward","GGF","GGF","1","AD","Passing","Start","","","CSEO","68117",NA,NA,NA,NA,NA,NA,NA
"688","SL_2016CSEO_Dive_46_18-53-30.000.avi","67349","3:32:38","564","716","QC","Asia","0",NA,"2016","46","1","Line","Bad","loitering in same area","BLA","BLA",NA,"AD","Passing","","ROV being tugged","","CSEO","70358",NA,NA,NA,NA,NA,NA,NA
"689","SL_2016CSEO_Dive_46_18-53-30.000.avi","68106","3:33:03","497","746","QC","Asia","0",NA,"2016","46","1","Line","Good","Good Going Forward","GGF","GGF","2","AD","Passing","","","","CSEO","70383",NA,NA,NA,NA,NA,NA,NA
"690","SL_2016CSEO_Dive_46_18-53-30.000.avi","72459","3:35:28","551","799","QC","Asia","0",NA,"2016","46","1","Line","Good","Good Going Forward","GGF","GGF","2","AD","Passing","End","","","CSEO","70528",NA,NA,NA,NA,NA,NA,NA
"691","SL_2016CSEO_Dive_47_20-15-27.000.avi","253","4:17:20","426","879","QC","Asia","0",NA,"2016","47","1","Line","Good","Good Going Forward","GGF","GGF","1","AD","Passing","Start","","","CSEO","73040",NA,NA,NA,NA,NA,NA,NA
"692","SL_2016CSEO_Dive_47_20-15-27.000.avi","3594","4:19:12","560","802","QC","Asia","0",NA,"2016","47","1","Line","Bad","loitering in same area","BLA","BLA",NA,"AD","Passing","","ROV getting tugged","","CSEO","73152",NA,NA,NA,NA,NA,NA,NA
"693","SL_2016CSEO_Dive_47_20-15-27.000.avi","4400","4:19:39","614","854","QC","Asia","0",NA,"2016","47","1","Line","Bad","repositioned","BRP","BRP",NA,"AD","Passing","","headshake","","CSEO","73179",NA,NA,NA,NA,NA,NA,NA
"694","SL_2016CSEO_Dive_47_20-15-27.000.avi","5700","4:20:22","577","776","QC","Asia","0",NA,"2016","47","1","Line","Good","Good Going Forward","GGF","GGF","2","AD","Passing","","headshake","","CSEO","73222",NA,NA,NA,NA,NA,NA,NA
"695","SL_2016CSEO_Dive_47_20-15-27.000.avi","14849","4:25:27","587","828","QC","Asia","0",NA,"2016","47","1","Line","Bad","loitering in same area","BLA","BLA",NA,"AD","Passing","","","","CSEO","73527",NA,NA,NA,NA,NA,NA,NA
"696","SL_2016CSEO_Dive_47_20-15-27.000.avi","15544","4:25:50","670","779","QC","Asia","0",NA,"2016","47","1","Line","Bad","repositioned","BRP","BRP",NA,"AD","Passing","","headshake; ROV getting tugged","","CSEO","73550",NA,NA,NA,NA,NA,NA,NA
"697","SL_2016CSEO_Dive_47_20-15-27.000.avi","16279","4:26:15","474","805","QC","Asia","0",NA,"2016","47","1","Line","Good","Good Going Forward","GGF","GGF","3","AD","Passing","","headshake","","CSEO","73575",NA,NA,NA,NA,NA,NA,NA
"698","SL_2016CSEO_Dive_47_20-15-27.000.avi","27364","4:32:24","603","865","QC","Asia","0",NA,"2016","47","1","Line","Bad","loitering in same area","BLA","BLA",NA,"AD","Passing","","ROV getting tugged","","CSEO","73944",NA,NA,NA,NA,NA,NA,NA
"699","SL_2016CSEO_Dive_47_20-15-27.000.avi","28007","4:32:46","543","786","QC","Asia","0",NA,"2016","47","1","Line","Bad","repositioned","BRP","BRP",NA,"AD","Passing","","headshake","","CSEO","73966",NA,NA,NA,NA,NA,NA,NA
"700","SL_2016CSEO_Dive_47_20-15-27.000.avi","29039","4:33:20","544","753","QC","Asia","0",NA,"2016","47","1","Line","Good","Good Going Forward","GGF","GGF","4","AD","Passing","","headshake","","CSEO","74000",NA,NA,NA,NA,NA,NA,NA
"701","SL_2016CSEO_Dive_47_20-15-27.000.avi","36143","4:37:17","551","799","QC","Asia","0",NA,"2016","47","1","Line","Bad","loitering in same area","BLA","BLA",NA,"AD","Passing","","ROV getting tugged","","CSEO","74237",NA,NA,NA,NA,NA,NA,NA
"702","SL_2016CSEO_Dive_47_20-15-27.000.avi","36520","4:37:29","551","799","QC","Asia","0",NA,"2016","47","1","Line","Bad","repositioned","BRP","BRP",NA,"AD","Passing","","headshake","","CSEO","74249",NA,NA,NA,NA,NA,NA,NA
"703","SL_2016CSEO_Dive_47_20-15-27.000.avi","37098","4:37:49","551","799","QC","Asia","0",NA,"2016","47","1","Line","Good","Good Going Forward","GGF","GGF","5","AD","Passing","","headshake","","CSEO","74269",NA,NA,NA,NA,NA,NA,NA
"704","SL_2016CSEO_Dive_47_20-15-27.000.avi","54633","4:47:33","665","764","QC","Asia","0",NA,"2016","47","1","Line","Bad","loitering in same area","BLA","BLA",NA,"AD","Passing","","ROV getting tugged","","CSEO","74853",NA,NA,NA,NA,NA,NA,NA
"705","SL_2016CSEO_Dive_47_20-15-27.000.avi","55531","4:48:03","551","799","QC","Asia","0",NA,"2016","47","1","Line","Bad","repositioned","BRP","BRP",NA,"AD","Passing","","headshake","","CSEO","74883",NA,NA,NA,NA,NA,NA,NA
"706","SL_2016CSEO_Dive_47_20-15-27.000.avi","56347","4:48:30","551","799","QC","Asia","0",NA,"2016","47","1","Line","Good","Good Going Forward","GGF","GGF","6","AD","Passing","","headshake","","CSEO","74910",NA,NA,NA,NA,NA,NA,NA
"707","SL_2016CSEO_Dive_47_20-15-27.000.avi","67035","4:54:27","551","799","QC","Asia","0",NA,"2016","47","1","Line","Bad","loitering in same area","BLA","BLA",NA,"AD","Passing","","possible hang up on longline","","CSEO","75266",NA,NA,NA,NA,NA,NA,NA
"708","SL_2016CSEO_Dive_47_20-15-27.000.avi","68445","4:55:14","582","780","QC","Asia","0",NA,"2016","47","1","Line","Good","Good Going Forward","GGF","GGF","7","AD","Passing","","","","CSEO","75313",NA,NA,NA,NA,NA,NA,NA
"709","SL_2016CSEO_Dive_47_20-15-27.000.avi","71356","4:56:51","551","799","QC","Asia","0",NA,"2016","47","1","Line","Good","Good Going Forward","GGF","GGF","7","AD","Passing","End","","","CSEO","75410",NA,NA,NA,NA,NA,NA,NA
"710","SL_2016CSEO_Dive_48_08-21-25.000.avi","268","16:21:36","654","906","QC","Asia","0",NA,"2016","48","1","Line","Good","Good Going Forward","GGF","GGF","1","AD","Passing","Start","","","CSEO","30096",NA,NA,NA,NA,NA,NA,NA
"711","SL_2016CSEO_Dive_48_08-21-25.000.avi","39924","16:43:38","527","759","QC","Asia","0",NA,"2016","48","1","Line","Bad","loitering in same area","BLA","BLA",NA,"AD","Passing","","hit rock","","CSEO","31418",NA,NA,NA,NA,NA,NA,NA
"712","SL_2016CSEO_Dive_48_08-21-25.000.avi","40223","16:43:48","336","846","QC","Asia","0",NA,"2016","48","1","Line","Good","bad camera focus","GGF","GGF","2","AD","Passing","","BLB in SL but not in belly","","CSEO","31428",NA,NA,NA,NA,NA,NA,NA
"713","SL_2016CSEO_Dive_48_08-21-25.000.avi","40437","16:43:55","551","799","QC","Asia","0",NA,"2016","48","1","Line","Good","Good Going Forward","GGF","GGF","2","AD","Passing","","SL good","","CSEO","31435",NA,NA,NA,NA,NA,NA,NA
"714","SL_2016CSEO_Dive_48_08-21-25.000.avi","51097","16:49:50","553","769","QC","Asia","0",NA,"2016","48","1","Line","Good","Good Going Forward","GGF","GGF","2","AD","Passing","","BLB in SL but not in belly","","CSEO","31790",NA,NA,NA,NA,NA,NA,NA
"715","SL_2016CSEO_Dive_48_08-21-25.000.avi","51537","16:50:05","551","799","QC","Asia","0",NA,"2016","48","1","Line","Good","Good Going Forward","GGF","GGF","2","AD","Passing","","SL good","","CSEO","31805",NA,NA,NA,NA,NA,NA,NA
"716","SL_2016CSEO_Dive_48_08-21-25.000.avi","76885","17:04:10","513","791","QC","Asia","0",NA,"2016","48","1","Line","Good","Good Going Forward","GGF","GGF","2","AD","Passing","","BLB in SL but not in belly","","CSEO","32650",NA,NA,NA,NA,NA,NA,NA
"717","SL_2016CSEO_Dive_48_08-21-25.000.avi","77373","17:04:26","483","790","QC","Asia","0",NA,"2016","48","1","Line","Good","Good Going Forward","GGF","GGF","2","AD","Passing","","SL good","","CSEO","32666",NA,NA,NA,NA,NA,NA,NA
"718","SL_2016CSEO_Dive_48_08-21-25.000.avi","80243","17:06:02","549","796","QC","Asia","0",NA,"2016","48","1","Line","Good","Good Going Forward","GGF","GGF","2","AD","Passing","End","","","CSEO","32762",NA,NA,NA,NA,NA,NA,NA
"719","SL_2016CSEO_Dive_49_08-18-37.000.avi","120","16:19:01","558","806","QC","Asia","0",NA,"2016","49","1","Line","Good","Good Going Forward","GGF","GGF","1","AD","Passing","Start","","","CSEO","29941",NA,NA,NA,NA,NA,NA,NA
"720","SL_2016CSEO_Dive_49_08-18-37.000.avi","14908","16:27:14","551","799","QC","Asia","0",NA,"2016","49","1","Line","Bad","loitering in same area","BLA","BLA",NA,"AD","Passing","","ROV being tugged","","CSEO","30434",NA,NA,NA,NA,NA,NA,NA
"721","SL_2016CSEO_Dive_49_08-18-37.000.avi","15571","16:27:36","534","855","QC","Asia","0",NA,"2016","49","1","Line","Bad","repositioned","BRP","BRP",NA,"AD","Passing","","headshake","","CSEO","30456",NA,NA,NA,NA,NA,NA,NA
"722","SL_2016CSEO_Dive_49_08-18-37.000.avi","16804","16:28:17","676","802","QC","Asia","0",NA,"2016","49","1","Line","Good","Good Going Forward","GGF","GGF","2","AD","Passing","","headshake","","CSEO","30497",NA,NA,NA,NA,NA,NA,NA
"723","SL_2016CSEO_Dive_49_08-18-37.000.avi","52161","16:47:56","551","799","QC","Asia","0",NA,"2016","49","1","Line","Bad","loitering in same area","BLA","BLA",NA,"AD","Passing","","ROV being tugged","","CSEO","31676",NA,NA,NA,NA,NA,NA,NA
"724","SL_2016CSEO_Dive_49_08-18-37.000.avi","53142","16:48:28","644","833","QC","Asia","0",NA,"2016","49","1","Line","Good","Good Going Forward","GGF","GGF","3","AD","Passing","","","","CSEO","31708",NA,NA,NA,NA,NA,NA,NA
"725","SL_2016CSEO_Dive_49_08-18-37.000.avi","58313","16:51:21","551","799","QC","Asia","0",NA,"2016","49","1","Line","Good","Good Going Forward","GGF","GGF","3","AD","Passing","End","","","CSEO","31881",NA,NA,NA,NA,NA,NA,NA
"726","SL_2016CSEO_Dive_50_09-50-23.000.avi","143","17:50:43","493","908","QC","Asia","0",NA,"2016","50","1","Line","Good","Good Going Forward","GGF","GGF","1","AD","Passing","Start","","","CSEO","35443",NA,NA,NA,NA,NA,NA,NA
"727","SL_2016CSEO_Dive_50_09-50-23.000.avi","48523","18:17:35","651","876","QC","Asia","0",NA,"2016","50","1","Line","Bad","loitering in same area","BLA","BLA",NA,"AD","Passing","","ROV being tugged","","CSEO","37055",NA,NA,NA,NA,NA,NA,NA
"728","SL_2016CSEO_Dive_50_09-50-23.000.avi","48815","18:17:45","603","976","QC","Asia","0",NA,"2016","50","1","Line","Good","Good Going Forward","GGF","GGF","2","AD","Passing","","","","CSEO","37065",NA,NA,NA,NA,NA,NA,NA
"729","SL_2016CSEO_Dive_50_09-50-23.000.avi","60059","18:24:00","589","746","QC","Asia","0",NA,"2016","50","1","Line","Good","Good Going Forward","GGF","GGF","2","AD","Passing","End","","","CSEO","37440",NA,NA,NA,NA,NA,NA,NA
"730","SL_2016CSEO_Dive_51_11-39-49.000.avi","202","19:40:08","551","799","QC","Asia","0",NA,"2016","51","1","Line","Good","Good Going Forward","GGF","GGF","1","AD","Passing","Start","","","CSEO","42008",NA,NA,NA,NA,NA,NA,NA
"731","SL_2016CSEO_Dive_51_11-39-49.000.avi","9955","19:45:33","457","737","QC","Asia","0",NA,"2016","51","1","Line","Bad","going backwards","BGB","BGB",NA,"AD","Passing","","go back to look at pipe?","","CSEO","42333",NA,NA,NA,NA,NA,NA,NA
"732","SL_2016CSEO_Dive_51_11-39-49.000.avi","10417","19:45:48","542","661","QC","Asia","0",NA,"2016","51","1","Line","Good","Good Going Forward","GGF","GGF","2","AD","Passing","","","","CSEO","42348",NA,NA,NA,NA,NA,NA,NA
"733","SL_2016CSEO_Dive_51_11-39-49.000.avi","61513","20:14:11","552","742","QC","Asia","0",NA,"2016","51","1","Line","Good","Good Going Forward","GGF","GGF","2","AD","Passing","End","","","CSEO","44051",NA,NA,NA,NA,NA,NA,NA
"734","SL_2016CSEO_Dive_52_13-48-20.000.avi","410","21:48:48","531","840","QC","Asia","0",NA,"2016","52","1","Line","Good","Good Going Forward","GGF","GGF","1","AD","Passing","Start","","","CSEO","49728",NA,NA,NA,NA,NA,NA,NA
"735","SL_2016CSEO_Dive_52_13-48-20.000.avi","21043","22:00:15","550","799","QC","Asia","0",NA,"2016","52","1","Line","Bad","loitering in same area","BLA","BLA",NA,"AD","Passing","","ROV being tugged","","CSEO","50415",NA,NA,NA,NA,NA,NA,NA
"736","SL_2016CSEO_Dive_52_13-48-20.000.avi","21850","22:00:42","541","936","QC","Asia","0",NA,"2016","52","1","Line","Good","Good Going Forward","GGF","GGF","2","AD","Passing","","","","CSEO","50442",NA,NA,NA,NA,NA,NA,NA
"737","SL_2016CSEO_Dive_52_13-48-20.000.avi","37155","22:09:13","571","838","QC","Asia","0",NA,"2016","52","1","Line","Bad","loitering in same area","BLA","BLA",NA,"AD","Passing","","ROV being tugged","","CSEO","50952",NA,NA,NA,NA,NA,NA,NA
"738","SL_2016CSEO_Dive_52_13-48-20.000.avi","37528","22:09:25","551","799","QC","Asia","0",NA,"2016","52","1","Line","Good","Good Going Forward","GGF","GGF","3","AD","Passing","","","","CSEO","50965",NA,NA,NA,NA,NA,NA,NA
"739","SL_2016CSEO_Dive_52_13-48-20.000.avi","44869","22:13:30","510","805","QC","Asia","0",NA,"2016","52","1","Line","Bad","loitering in same area","BLA","BLA",NA,"AD","Passing","","ROV being tugged","","CSEO","51210",NA,NA,NA,NA,NA,NA,NA
"740","SL_2016CSEO_Dive_52_13-48-20.000.avi","45719","22:13:58","551","798","QC","Asia","0",NA,"2016","52","1","Line","Good","Good Going Forward","GGF","GGF","4","AD","Passing","","","","CSEO","51238",NA,NA,NA,NA,NA,NA,NA
"741","SL_2016CSEO_Dive_52_13-48-20.000.avi","56783","22:20:07","551","799","QC","Asia","0",NA,"2016","52","1","Line","Bad","loitering in same area","BLA","BLA",NA,"AD","Passing","","ROV being tugged","","CSEO","51607",NA,NA,NA,NA,NA,NA,NA
"742","SL_2016CSEO_Dive_52_13-48-20.000.avi","59685","22:21:43","553","796","QC","Asia","0",NA,"2016","52","1","Line","Good","Good Going Forward","GGF","GGF","5","AD","Passing","","","","CSEO","51703",NA,NA,NA,NA,NA,NA,NA
"743","SL_2016CSEO_Dive_52_13-48-20.000.avi","65410","22:24:54","551","799","QC","Asia","0",NA,"2016","52","1","Line","Good","Good Going Forward","GGF","GGF","5","AD","Passing","End","","","CSEO","51894",NA,NA,NA,NA,NA,NA,NA
"744","SL_2016CSEO_Dive_53_15-00-10.000.avi","612","23:00:55","686","791","QC","Asia","0",NA,"2016","53","1","Line","Good","Good Going Forward","GGF","GGF","1","AD","Passing","Start","","","CSEO","54055",NA,NA,NA,NA,NA,NA,NA
"745","SL_2016CSEO_Dive_53_15-00-10.000.avi","23819","23:13:49","529","984","QC","Asia","0",NA,"2016","53","1","Line","Bad","loitering in same area","BLA","BLA",NA,"AD","Passing","","ROV getting tugged","","CSEO","54829",NA,NA,NA,NA,NA,NA,NA
"746","SL_2016CSEO_Dive_53_15-00-10.000.avi","24249","23:14:03","231","586","QC","Asia","0",NA,"2016","53","1","Line","Good","Good Going Forward","GGF","GGF","2","AD","Passing","","","","CSEO","54843",NA,NA,NA,NA,NA,NA,NA
"747","SL_2016CSEO_Dive_53_15-00-10.000.avi","34941","23:20:00","535","783","QC","Asia","0",NA,"2016","53","1","Line","Bad","loitering in same area","BLA","BLA",NA,"AD","Passing","","ROV being tugged","","CSEO","55200",NA,NA,NA,NA,NA,NA,NA
"748","SL_2016CSEO_Dive_53_15-00-10.000.avi","39246","23:22:23","647","1112","QC","Asia","0",NA,"2016","53","1","Line","Good","Good Going Forward","GGF","GGF","3","AD","Passing","","","","CSEO","55343",NA,NA,NA,NA,NA,NA,NA
"749","SL_2016CSEO_Dive_53_15-00-10.000.avi","39619","23:22:36","582","729","QC","Asia","0",NA,"2016","53","1","Line","Bad","loitering in same area","BLA","BLA",NA,"AD","Passing","","ROV being tugged","","CSEO","55356",NA,NA,NA,NA,NA,NA,NA
"750","SL_2016CSEO_Dive_53_15-00-10.000.avi","40174","23:22:54","552","796","QC","Asia","0",NA,"2016","53","1","Line","Good","Good Going Forward","GGF","GGF","4","AD","Passing","","","","CSEO","55374",NA,NA,NA,NA,NA,NA,NA
"751","SL_2016CSEO_Dive_53_15-00-10.000.avi","65360","23:36:54","550","799","QC","Asia","0",NA,"2016","53","1","Line","Good","Good Going Forward","GGF","GGF","4","AD","Passing","End","","","CSEO","56214",NA,NA,NA,NA,NA,NA,NA
"752","SL_2016CSEO_Dive_54_16-19-24.000.avi","609","0:19:59","531","719","QC","Asia","0",NA,"2016","54","1","Line","Good","Good Going Forward","GGF","GGF","1","AD","Passing","Start","","","CSEO","58799",NA,NA,NA,NA,NA,NA,NA
"753","SL_2016CSEO_Dive_54_16-19-24.000.avi","32839","0:37:54","791","855","QC","Asia","0",NA,"2016","54","1","Line","Bad","loitering in same area","BLA","BLA",NA,"AD","Passing","","","","CSEO","59874",NA,NA,NA,NA,NA,NA,NA
"754","SL_2016CSEO_Dive_54_16-19-24.000.avi","33098","0:38:02","434","816","QC","Asia","0",NA,"2016","54","1","Line","Good","Good Going Forward","GGF","GGF","2","AD","Passing","","","","CSEO","59882",NA,NA,NA,NA,NA,NA,NA
"755","SL_2016CSEO_Dive_54_16-19-24.000.avi","61364","0:53:44","541","775","QC","Asia","0",NA,"2016","54","1","Line","Good","Good Going Forward","GGF","GGF","2","AD","Passing","End","","","CSEO","60824",NA,NA,NA,NA,NA,NA,NA
"756","SL_2016CSEO_Dive_55_17-29-22.000.avi","492","1:29:52","551","799","QC","Asia","0",NA,"2016","55","1","Line","Good","Good Going Forward","GGF","GGF","1","AD","Passing","Start","","","CSEO","62992",NA,NA,NA,NA,NA,NA,NA
"757","SL_2016CSEO_Dive_55_17-29-22.000.avi","30112","1:46:20","531","761","QC","Asia","0",NA,"2016","55","1","Line","Bad","loitering in same area","BLA","BLA",NA,"AD","Passing","","","","CSEO","63980",NA,NA,NA,NA,NA,NA,NA
"758","SL_2016CSEO_Dive_55_17-29-22.000.avi","30389","1:46:29","568","803","QC","Asia","0",NA,"2016","55","1","Line","Good","Good Going Forward","GGF","GGF","2","AD","Passing","","","","CSEO","63989",NA,NA,NA,NA,NA,NA,NA
"759","SL_2016CSEO_Dive_55_17-29-22.000.avi","32274","1:47:32","541","795","QC","Asia","0",NA,"2016","55","1","Line","Bad","loitering in same area","BLA","BLA",NA,"AD","Passing","","","","CSEO","64052",NA,NA,NA,NA,NA,NA,NA
"760","SL_2016CSEO_Dive_55_17-29-22.000.avi","32464","1:47:38","543","792","QC","Asia","0",NA,"2016","55","1","Line","Good","Good Going Forward","GGF","GGF","3","AD","Passing","","","","CSEO","64058",NA,NA,NA,NA,NA,NA,NA
"761","SL_2016CSEO_Dive_55_17-29-22.000.avi","62956","2:04:35","551","799","QC","Asia","0",NA,"2016","55","1","Line","Good","Good Going Forward","GGF","GGF","3","AD","Passing","End","","","CSEO","65074",NA,NA,NA,NA,NA,NA,NA
"762","SL_2016CSEO_Dive_56_08-57-22.000.avi","682","16:58:02","551","799","QC","Asia","0",NA,"2016","56","1","Line","Good","Good Going Forward","GGF","GGF","1","AD","Passing","Start","","","CSEO","32282",NA,NA,NA,NA,NA,NA,NA
"763","SL_2016CSEO_Dive_56_08-57-22.000.avi","58739","17:30:17","551","799","QC","Asia","0",NA,"2016","56","1","Line","Good","Good Going Forward","GGF","GGF","1","AD","Passing","End","","","CSEO","34217",NA,NA,NA,NA,NA,NA,NA
"764","SL_2016CSEO_Dive_57_10-30-24.000.avi","180","18:30:45","592","768","QC","Asia","0",NA,"2016","57","1","Line","Good","Good Going Forward","GGF","GGF","1","AD","Passing","Start","","","CSEO","37845",NA,NA,NA,NA,NA,NA,NA
"765","SL_2016CSEO_Dive_57_10-30-24.000.avi","54615","19:00:59","701","712","QC","Asia","0",NA,"2016","57","1","Line","Good","Good Going Forward","GGF","GGF","1","AD","Passing","End","","","CSEO","39659",NA,NA,NA,NA,NA,NA,NA
"766","SL_2016CSEO_Dive_59_13-22-24.000.avi","245","21:22:45","551","799","QC","Asia","0",NA,"2016","59","1","Line","Good","Good Going Forward","GGF","GGF","1","AD","Passing","Start","","","CSEO","48165",NA,NA,NA,NA,NA,NA,NA
"767","SL_2016CSEO_Dive_59_13-22-24.000.avi","60501","21:56:14","597","829","QC","Asia","0",NA,"2016","59","1","Line","Good","Good Going Forward","GGF","GGF","1","AD","Passing","End","","","CSEO","50174",NA,NA,NA,NA,NA,NA,NA
"768","SL_2016CSEO_Dive_60_14-35-41.000.avi","158","22:35:58","551","799","QC","Asia","0",NA,"2016","60","1","Line","Good","Good Going Forward","GGF","GGF","1","AD","Passing","Start","","","CSEO","52558",NA,NA,NA,NA,NA,NA,NA
"769","SL_2016CSEO_Dive_60_14-35-41.000.avi","48429","23:02:47","551","799","QC","Asia","0",NA,"2016","60","1","Line","Bad","loitering in same area","BLA","BLA",NA,"AD","Passing","","","","CSEO","54167",NA,NA,NA,NA,NA,NA,NA
"770","SL_2016CSEO_Dive_60_14-35-41.000.avi","48691","23:02:56","551","799","QC","Asia","0",NA,"2016","60","1","Line","Good","Good Going Forward","GGF","GGF","2","AD","Passing","","","","CSEO","54176",NA,NA,NA,NA,NA,NA,NA
"771","SL_2016CSEO_Dive_60_14-35-41.000.avi","60034","23:09:14","445","855","QC","Asia","0",NA,"2016","60","1","Line","Bad","loitering in same area","BLA","BLA",NA,"AD","Passing","","being tugged","","CSEO","54554",NA,NA,NA,NA,NA,NA,NA
"772","SL_2016CSEO_Dive_60_14-35-41.000.avi","61053","23:09:48","538","735","QC","Asia","0",NA,"2016","60","1","Line","Good","Good Going Forward","GGF","GGF","3","AD","Passing","","","","CSEO","54588",NA,NA,NA,NA,NA,NA,NA
"773","SL_2016CSEO_Dive_60_14-35-41.000.avi","66404","23:12:46","469","903","QC","Asia","0",NA,"2016","60","1","Line","Good","Good Going Forward","GGF","GGF","3","AD","Passing","End","","","CSEO","54766",NA,NA,NA,NA,NA,NA,NA
"774","SL_2016CSEO_Dive_61_15-59-21.000.avi","187","23:59:39","541","792","QC","Asia","0",NA,"2016","61","1","Line","Good","Good Going Forward","GGF","GGF","1","AD","Passing","Start","","","CSEO","57579",NA,NA,NA,NA,NA,NA,NA
"775","SL_2016CSEO_Dive_61_15-59-21.000.avi","27097","0:14:36","595","842","QC","Asia","0",NA,"2016","61","1","Line","Bad","loitering in same area","BLA","BLA",NA,"AD","Passing","","","","CSEO","58476",NA,NA,NA,NA,NA,NA,NA
"776","SL_2016CSEO_Dive_61_15-59-21.000.avi","27480","0:14:49","551","799","QC","Asia","0",NA,"2016","61","1","Line","Good","Good Going Forward","GGF","GGF","2","AD","Passing","","","","CSEO","58489",NA,NA,NA,NA,NA,NA,NA
"777","SL_2016CSEO_Dive_61_15-59-21.000.avi","61662","0:33:48","529","812","QC","Asia","0",NA,"2016","61","1","Line","Good","Good Going Forward","GGF","GGF","2","AD","Passing","End","","","CSEO","59628",NA,NA,NA,NA,NA,NA,NA
"778","SL_2016CSEO_Dive_62_09-22-44.000.avi","254","17:23:04","629","935","QC","Asia","0",NA,"2016","62","1","Line","Good","Good Going Forward","GGF","GGF","1","AD","Passing","Start","","","CSEO","33784",NA,NA,NA,NA,NA,NA,NA
"779","SL_2016CSEO_Dive_62_09-22-44.000.avi","54516","17:53:13","556","795","QC","Asia","0",NA,"2016","62","1","Line","Good","Good Going Forward","GGF","GGF","1","AD","Passing","End","","","CSEO","35593",NA,NA,NA,NA,NA,NA,NA
"780","SL_2016CSEO_Dive_63_10-50-19.000.avi","111","18:50:38","551","799","QC","Asia","0",NA,"2016","63","1","Line","Good","Good Going Forward","GGF","GGF","1","AD","Passing","Start","","","CSEO","39038",NA,NA,NA,NA,NA,NA,NA
"781","SL_2016CSEO_Dive_63_10-50-19.000.avi","52655","19:19:49","551","799","QC","Asia","0",NA,"2016","63","1","Line","Good","Good Going Forward","GGF","GGF","1","AD","Passing","End","","","CSEO","40789",NA,NA,NA,NA,NA,NA,NA
"782","SL_2016CSEO_Dive_64_12-45-44.000.avi","176","20:46:05","558","727","QC","Asia","0",NA,"2016","64","1","Line","Good","Good Going Forward","GGF","GGF","1","AD","Passing","Start","","","CSEO","45965",NA,NA,NA,NA,NA,NA,NA
"783","SL_2016CSEO_Dive_64_12-45-44.000.avi","10343","20:51:44","424","354","QC","Asia","0",NA,"2016","64","1","Line","Good","Good Going Forward","GGF","GGF","1","AD","Passing","","BLB in SL but not in belly","","CSEO","46304",NA,NA,NA,NA,NA,NA,NA
"784","SL_2016CSEO_Dive_64_12-45-44.000.avi","10697","20:51:56","551","799","QC","Asia","0",NA,"2016","64","1","Line","Bad","lost bottom visual","BLB","BLB",NA,"AD","Passing","","BLB in SL"," BLA in belly","CSEO","46316",NA,NA,NA,NA,NA,NA,NA
"785","SL_2016CSEO_Dive_64_12-45-44.000.avi","11165","20:52:11","730","842","QC","Asia","0",NA,"2016","64","1","Line","Good","Good Going Forward","GGF","GGF","2","AD","Passing","","","","CSEO","46331",NA,NA,NA,NA,NA,NA,NA
"786","SL_2016CSEO_Dive_64_12-45-44.000.avi","23949","20:59:17","574","689","QC","Asia","0",NA,"2016","64","1","Line","Good","Good Going Forward","GGF","GGF","2","AD","Passing","","BLB in SL but not in belly","","CSEO","46757",NA,NA,NA,NA,NA,NA,NA
"787","SL_2016CSEO_Dive_64_12-45-44.000.avi","24710","20:59:43","595","809","QC","Asia","0",NA,"2016","64","1","Line","Good","Good Going Forward","GGF","GGF","2","AD","Passing","","SL good","","CSEO","46783",NA,NA,NA,NA,NA,NA,NA
"788","SL_2016CSEO_Dive_64_12-45-44.000.avi","49935","21:13:44","551","799","QC","Asia","0",NA,"2016","64","1","Line","Good","Good Going Forward","GGF","GGF","2","AD","Passing","End","","","CSEO","47623",NA,NA,NA,NA,NA,NA,NA
"789","SL_2016CSEO_Dive_65_08-21-21.000.avi","211","16:21:41","551","799","QC","Asia","0",NA,"2016","65","1","Line","Good","Good Going Forward","GGF","GGF","1","AD","Passing","Start","","","CSEO","30101",NA,NA,NA,NA,NA,NA,NA
"790","SL_2016CSEO_Dive_65_08-21-21.000.avi","56318","16:52:51","564","760","QC","Asia","0",NA,"2016","65","1","Line","Good","Good Going Forward","GGF","GGF","1","AD","Passing","End","","","CSEO","31971",NA,NA,NA,NA,NA,NA,NA
"791","SL_2016CSEO_Dive_66_09-24-37.000.avi","1295","17:25:31","551","799","QC","Asia","0",NA,"2016","66","1","Line","Good","Good Going Forward","GGF","GGF","1","AD","Passing","Start","","","CSEO","33931",NA,NA,NA,NA,NA,NA,NA
"792","SL_2016CSEO_Dive_66_09-24-37.000.avi","7326","17:28:52","546","790","QC","Asia","0",NA,"2016","66","1","Line","Bad","loitering in same area","BLA","BLA",NA,"AD","Passing","","ROV being tugged","","CSEO","34132",NA,NA,NA,NA,NA,NA,NA
"793","SL_2016CSEO_Dive_66_09-24-37.000.avi","8284","17:29:24","551","798","QC","Asia","0",NA,"2016","66","1","Line","Good","Good Going Forward","GGF","GGF","2","AD","Passing","","","","CSEO","34164",NA,NA,NA,NA,NA,NA,NA
"794","SL_2016CSEO_Dive_66_09-24-37.000.avi","9299","17:29:58","621","887","QC","Asia","0",NA,"2016","66","1","Line","Bad","loitering in same area","BLA","BLA",NA,"AD","Passing","","ROV being tugged","","CSEO","34198",NA,NA,NA,NA,NA,NA,NA
"795","SL_2016CSEO_Dive_66_09-24-37.000.avi","10210","17:30:28","539","893","QC","Asia","0",NA,"2016","66","1","Line","Good","Good Going Forward","GGF","GGF","3","AD","Passing","","","","CSEO","34228",NA,NA,NA,NA,NA,NA,NA
"796","SL_2016CSEO_Dive_66_09-24-37.000.avi","31987","17:42:34","551","799","QC","Asia","0",NA,"2016","66","1","Line","Bad","loitering in same area","BLA","BLA",NA,"AD","Passing","","","","CSEO","34954",NA,NA,NA,NA,NA,NA,NA
"797","SL_2016CSEO_Dive_66_09-24-37.000.avi","32713","17:42:58","621","772","QC","Asia","0",NA,"2016","66","1","Line","Bad","repositioned","BRP","BRP",NA,"AD","Passing","","headshake","","CSEO","34978",NA,NA,NA,NA,NA,NA,NA
"798","SL_2016CSEO_Dive_66_09-24-37.000.avi","34590","17:44:01","538","753","QC","Asia","0",NA,"2016","66","1","Line","Good","Good Going Forward","GGF","GGF","4","AD","Passing","","headshake","","CSEO","35041",NA,NA,NA,NA,NA,NA,NA
"799","SL_2016CSEO_Dive_66_09-24-37.000.avi","60751","17:58:33","551","799","QC","Asia","0",NA,"2016","66","1","Line","Good","Good Going Forward","GGF","GGF","4","AD","Passing","End","","","CSEO","35913",NA,NA,NA,NA,NA,NA,NA
"800","SL_2016CSEO_Dive_67_11-00-21.000.avi","654","19:01:31","556","795","QC","Asia","0",NA,"2016","67","1","Line","Good","Good Going Forward","GGF","GGF","1","AD","Passing","Start","","","CSEO","39691",NA,NA,NA,NA,NA,NA,NA
"801","SL_2016CSEO_Dive_67_11-00-21.000.avi","15746","19:09:54","549","798","QC","Asia","0",NA,"2016","67","1","Line","Bad","loitering in same area","BLA","BLA",NA,"AD","Passing","","","","CSEO","40194",NA,NA,NA,NA,NA,NA,NA
"802","SL_2016CSEO_Dive_67_11-00-21.000.avi","16697","19:10:26","551","799","QC","Asia","0",NA,"2016","67","1","Line","Good","Good Going Forward","GGF","GGF","2","AD","Passing","","","","CSEO","40226",NA,NA,NA,NA,NA,NA,NA
"803","SL_2016CSEO_Dive_67_11-00-21.000.avi","34505","19:20:19","530","631","QC","Asia","0",NA,"2016","67","1","Line","Bad","loitering in same area","BLA","BLA",NA,"AD","Passing","","dive log says pause","","CSEO","40819",NA,NA,NA,NA,NA,NA,NA
"804","SL_2016CSEO_Dive_67_11-00-21.000.avi","36539","19:21:27","551","799","QC","Asia","0",NA,"2016","67","1","Line","Good","Good Going Forward","GGF","GGF","3","AD","Passing","","headshake","","CSEO","40887",NA,NA,NA,NA,NA,NA,NA
"805","SL_2016CSEO_Dive_67_11-00-21.000.avi","65575","19:37:35","551","799","QC","Asia","0",NA,"2016","67","1","Line","Good","Good Going Forward","GGF","GGF","3","AD","Passing","End","","","CSEO","41855",NA,NA,NA,NA,NA,NA,NA
"806","SL_2016CSEO_Dive_68_12-54-39.000.avi","1322","20:55:36","535","737","QC","Asia","0",NA,"2016","68","1","Line","Good","Good Going Forward","GGF","GGF","1","AD","Passing","Start","","","CSEO","46536",NA,NA,NA,NA,NA,NA,NA
"807","SL_2016CSEO_Dive_68_12-54-39.000.avi","4358","20:57:17","621","803","QC","Asia","0",NA,"2016","68","1","Line","Good","resting on bottom with close-up image","GRBC","GRBC","1","AD","Passing","","","","CSEO","46637",NA,NA,NA,NA,NA,NA,NA
"808","SL_2016CSEO_Dive_68_12-54-39.000.avi","4531","20:57:23","717","933","QC","Asia","0",NA,"2016","68","1","Line","Good","Good Going Forward","GGF","GGF","1","AD","Passing","","","","CSEO","46643",NA,NA,NA,NA,NA,NA,NA
"809","SL_2016CSEO_Dive_68_12-54-39.000.avi","5966","20:58:11","552","833","QC","Asia","0",NA,"2016","68","1","Line","Bad","loitering in same area","BLA","BLA",NA,"AD","Passing","","ROV being tugged","","CSEO","46691",NA,NA,NA,NA,NA,NA,NA
"810","SL_2016CSEO_Dive_68_12-54-39.000.avi","7968","20:59:18","596","838","QC","Asia","0",NA,"2016","68","1","Line","Good","Good Going Forward","GGF","GGF","2","AD","Passing","","headshake","","CSEO","46758",NA,NA,NA,NA,NA,NA,NA
"811","SL_2016CSEO_Dive_68_12-54-39.000.avi","8270","20:59:28","551","799","QC","Asia","0",NA,"2016","68","1","Line","Good","resting on bottom with close-up image","GRBC","GRBC","2","AD","Passing","","iron or wood on bottom","","CSEO","46768",NA,NA,NA,NA,NA,NA,NA
"812","SL_2016CSEO_Dive_68_12-54-39.000.avi","8795","20:59:45","539","902","QC","Asia","0",NA,"2016","68","1","Line","Good","Good Going Forward","GGF","GGF","2","AD","Passing","","","","CSEO","46785",NA,NA,NA,NA,NA,NA,NA
"813","SL_2016CSEO_Dive_68_12-54-39.000.avi","11978","21:01:31","591","876","QC","Asia","0",NA,"2016","68","1","Line","Bad","loitering in same area","BLA","BLA",NA,"AD","Passing","","ROV being tugged","","CSEO","46891",NA,NA,NA,NA,NA,NA,NA
"814","SL_2016CSEO_Dive_68_12-54-39.000.avi","13959","21:02:37","554","825","QC","Asia","0",NA,"2016","68","1","Line","Good","Good Going Forward","GGF","GGF","3","AD","Passing","","","","CSEO","46957",NA,NA,NA,NA,NA,NA,NA
"815","SL_2016CSEO_Dive_68_12-54-39.000.avi","15250","21:03:20","619","828","QC","Asia","0",NA,"2016","68","1","Line","Bad","loitering in same area","BLA","BLA",NA,"AD","Passing","","ROV being tugged","","CSEO","47000",NA,NA,NA,NA,NA,NA,NA
"816","SL_2016CSEO_Dive_68_12-54-39.000.avi","15935","21:03:43","684","862","QC","Asia","0",NA,"2016","68","1","Line","Good","Good Going Forward","GGF","GGF","4","AD","Passing","","","","CSEO","47023",NA,NA,NA,NA,NA,NA,NA
"817","SL_2016CSEO_Dive_68_12-54-39.000.avi","21086","21:06:35","551","799","QC","Asia","0",NA,"2016","68","1","Line","Bad","loitering in same area","BLA","BLA",NA,"AD","Passing","","","","CSEO","47195",NA,NA,NA,NA,NA,NA,NA
"818","SL_2016CSEO_Dive_68_12-54-39.000.avi","21305","21:06:42","522","802","QC","Asia","0",NA,"2016","68","1","Line","Good","Good Going Forward","GGF","GGF","5","AD","Passing","","","","CSEO","47202",NA,NA,NA,NA,NA,NA,NA
"819","SL_2016CSEO_Dive_68_12-54-39.000.avi","21711","21:06:56","551","799","QC","Asia","0",NA,"2016","68","1","Line","Bad","loitering in same area","BLA","BLA",NA,"AD","Passing","","","","CSEO","47216",NA,NA,NA,NA,NA,NA,NA
"820","SL_2016CSEO_Dive_68_12-54-39.000.avi","22118","21:07:09","631","786","QC","Asia","0",NA,"2016","68","1","Line","Good","Good Going Forward","GGF","GGF","6","AD","Passing","","","","CSEO","47229",NA,NA,NA,NA,NA,NA,NA
"821","SL_2016CSEO_Dive_68_12-54-39.000.avi","25633","21:09:06","532","766","QC","Asia","0",NA,"2016","68","1","Line","Bad","loitering in same area","BLA","BLA",NA,"AD","Passing","","ROV being tugged","","CSEO","47346",NA,NA,NA,NA,NA,NA,NA
"822","SL_2016CSEO_Dive_68_12-54-39.000.avi","25888","21:09:15","549","797","QC","Asia","0",NA,"2016","68","1","Line","Good","Good Going Forward","GGF","GGF","7","AD","Passing","","","","CSEO","47355",NA,NA,NA,NA,NA,NA,NA
"823","SL_2016CSEO_Dive_68_12-54-39.000.avi","27119","21:09:56","551","799","QC","Asia","0",NA,"2016","68","1","Line","Bad","loitering in same area","BLA","BLA",NA,"AD","Passing","","ROV being tugged","","CSEO","47396",NA,NA,NA,NA,NA,NA,NA
"824","SL_2016CSEO_Dive_68_12-54-39.000.avi","28952","21:10:57","647","929","QC","Asia","0",NA,"2016","68","1","Line","Good","Good Going Forward","GGF","GGF","8","AD","Passing","","","","CSEO","47457",NA,NA,NA,NA,NA,NA,NA
"825","SL_2016CSEO_Dive_68_12-54-39.000.avi","29424","21:11:13","553","896","QC","Asia","0",NA,"2016","68","1","Line","Bad","loitering in same area","BLA","BLA",NA,"AD","Passing","","","","CSEO","47473",NA,NA,NA,NA,NA,NA,NA
"826","SL_2016CSEO_Dive_68_12-54-39.000.avi","29690","21:11:22","510","795","QC","Asia","0",NA,"2016","68","1","Line","Good","Good Going Forward","GGF","GGF","9","AD","Passing","","","","CSEO","47482",NA,NA,NA,NA,NA,NA,NA
"827","SL_2016CSEO_Dive_68_12-54-39.000.avi","38910","21:16:29","624","811","QC","Asia","0",NA,"2016","68","1","Line","Bad","loitering in same area","BLA","BLA",NA,"AD","Passing","","ROV being tugged","","CSEO","47789",NA,NA,NA,NA,NA,NA,NA
"828","SL_2016CSEO_Dive_68_12-54-39.000.avi","40748","21:17:30","620","818","QC","Asia","0",NA,"2016","68","1","Line","Good","Good Going Forward","GGF","GGF","10","AD","Passing","","","","CSEO","47850",NA,NA,NA,NA,NA,NA,NA
"829","SL_2016CSEO_Dive_68_12-54-39.000.avi","43880","21:19:15","640","901","QC","Asia","0",NA,"2016","68","1","Line","Bad","loitering in same area","BLA","BLA",NA,"AD","Passing","","","","CSEO","47955",NA,NA,NA,NA,NA,NA,NA
"830","SL_2016CSEO_Dive_68_12-54-39.000.avi","44111","21:19:22","618","869","QC","Asia","0",NA,"2016","68","1","Line","Good","Good Going Forward","GGF","GGF","11","AD","Passing","","","","CSEO","47962",NA,NA,NA,NA,NA,NA,NA
"831","SL_2016CSEO_Dive_68_12-54-39.000.avi","46731","21:20:50","551","799","QC","Asia","0",NA,"2016","68","1","Line","Bad","loitering in same area","BLA","BLA",NA,"AD","Passing","","ROV being tugged","","CSEO","48050",NA,NA,NA,NA,NA,NA,NA
"832","SL_2016CSEO_Dive_68_12-54-39.000.avi","47933","21:21:30","551","799","QC","Asia","0",NA,"2016","68","1","Line","Good","Good Going Forward","GGF","GGF","12","AD","Passing","","","","CSEO","48090",NA,NA,NA,NA,NA,NA,NA
"833","SL_2016CSEO_Dive_68_12-54-39.000.avi","52028","21:23:46","618","924","QC","Asia","0",NA,"2016","68","1","Line","Bad","loitering in same area","BLA","BLA",NA,"AD","Passing","","ROV being tugged","","CSEO","48226",NA,NA,NA,NA,NA,NA,NA
"834","SL_2016CSEO_Dive_68_12-54-39.000.avi","53504","21:24:35","597","878","QC","Asia","0",NA,"2016","68","1","Line","Good","Good Going Forward","GGF","GGF","13","AD","Passing","","","","CSEO","48275",NA,NA,NA,NA,NA,NA,NA
"835","SL_2016CSEO_Dive_68_12-54-39.000.avi","53824","21:24:46","614","853","QC","Asia","0",NA,"2016","68","1","Line","Bad","loitering in same area","BLA","BLA",NA,"AD","Passing","","","","CSEO","48286",NA,NA,NA,NA,NA,NA,NA
"836","SL_2016CSEO_Dive_68_12-54-39.000.avi","54066","21:24:54","550","819","QC","Asia","0",NA,"2016","68","1","Line","Good","Good Going Forward","GGF","GGF","14","AD","Passing","","","","CSEO","48294",NA,NA,NA,NA,NA,NA,NA
"837","SL_2016CSEO_Dive_68_12-54-39.000.avi","59734","21:28:03","646","828","QC","Asia","0",NA,"2016","68","1","Line","Bad","loitering in same area","BLA","BLA",NA,"AD","Passing","","","","CSEO","48483",NA,NA,NA,NA,NA,NA,NA
"838","SL_2016CSEO_Dive_68_12-54-39.000.avi","60012","21:28:12","545","795","QC","Asia","0",NA,"2016","68","1","Line","Good","Good Going Forward","GGF","GGF","15","AD","Passing","","","","CSEO","48492",NA,NA,NA,NA,NA,NA,NA
"839","SL_2016CSEO_Dive_68_12-54-39.000.avi","61997","21:29:19","551","799","QC","Asia","0",NA,"2016","68","1","Line","Bad","loitering in same area","BLA","BLA",NA,"AD","Passing","","","","CSEO","48558",NA,NA,NA,NA,NA,NA,NA
"840","SL_2016CSEO_Dive_68_12-54-39.000.avi","62250","21:29:27","551","799","QC","Asia","0",NA,"2016","68","1","Line","Good","Good Going Forward","GGF","GGF","16","AD","Passing","","","","CSEO","48567",NA,NA,NA,NA,NA,NA,NA
"841","SL_2016CSEO_Dive_68_12-54-39.000.avi","67601","21:32:25","550","795","QC","Asia","0",NA,"2016","68","1","Line","Bad","loitering in same area","BLA","BLA",NA,"AD","Passing","","","","CSEO","48745",NA,NA,NA,NA,NA,NA,NA
"842","SL_2016CSEO_Dive_68_12-54-39.000.avi","68584","21:32:58","551","799","QC","Asia","0",NA,"2016","68","1","Line","Bad","loitering in same area","BLA","BLA",NA,"AD","Passing","End","Headshake","","CSEO","48778",NA,NA,NA,NA,NA,NA,NA
"843","SL_2016CSEO_Dive_69_15-10-21.000.avi","1640","23:11:27","430","796","QC","Asia","0",NA,"2016","69","1","Line","Good","Good Going Forward","GGF","GGF","1","AD","Passing","Start","","","CSEO","54687",NA,NA,NA,NA,NA,NA,NA
"844","SL_2016CSEO_Dive_69_15-10-21.000.avi","10416","23:16:19","551","799","QC","Asia","0",NA,"2016","69","1","Line","Bad","loitering in same area","BLA","BLA",NA,"AD","Passing","","","","CSEO","54979",NA,NA,NA,NA,NA,NA,NA
"845","SL_2016CSEO_Dive_69_15-10-21.000.avi","10803","23:16:32","605","744","QC","Asia","0",NA,"2016","69","1","Line","Good","Good Going Forward","GGF","GGF","2","AD","Passing","","","","CSEO","54992",NA,NA,NA,NA,NA,NA,NA
"846","SL_2016CSEO_Dive_69_15-10-21.000.avi","14762","23:18:44","409","731","QC","Asia","0",NA,"2016","69","1","Line","Bad","loitering in same area","BLA","BLA",NA,"AD","Passing","","ROV being tugged","","CSEO","55124",NA,NA,NA,NA,NA,NA,NA
"847","SL_2016CSEO_Dive_69_15-10-21.000.avi","15678","23:19:15","547","742","QC","Asia","0",NA,"2016","69","1","Line","Good","Good Going Forward","GGF","GGF","3","AD","Passing","","","","CSEO","55155",NA,NA,NA,NA,NA,NA,NA
"848","SL_2016CSEO_Dive_69_15-10-21.000.avi","43119","23:34:29","666","788","QC","Asia","0",NA,"2016","69","1","Line","Bad","loitering in same area","BLA","BLA",NA,"AD","Passing","","","","CSEO","56069",NA,NA,NA,NA,NA,NA,NA
"849","SL_2016CSEO_Dive_69_15-10-21.000.avi","43426","23:34:40","597","1074","QC","Asia","0",NA,"2016","69","1","Line","Good","Good Going Forward","GGF","GGF","4","AD","Passing","","","","CSEO","56079",NA,NA,NA,NA,NA,NA,NA
"850","SL_2016CSEO_Dive_69_15-10-21.000.avi","49826","23:38:13","583","884","QC","Asia","0",NA,"2016","69","1","Line","Good","Good Going Forward","GGF","GGF","4","AD","Passing","End","","","CSEO","56293",NA,NA,NA,NA,NA,NA,NA
"851","SL_2016CSEO_Dive_70_16-22-15.000.avi","887","0:22:56","551","799","QC","Asia","0",NA,"2016","70","1","Line","Good","Good Going Forward","GGF","GGF","1","AD","Passing","Start","","","CSEO","58975",NA,NA,NA,NA,NA,NA,NA
"852","SL_2016CSEO_Dive_70_16-22-15.000.avi","6697","0:26:09","551","799","QC","Asia","0",NA,"2016","70","1","Line","Bad","loitering in same area","BLA","BLA",NA,"AD","Passing","","ROV being tugged","","CSEO","59169",NA,NA,NA,NA,NA,NA,NA
"853","SL_2016CSEO_Dive_70_16-22-15.000.avi","8774","0:27:18","551","799","QC","Asia","0",NA,"2016","70","1","Line","Good","Good Going Forward","GGF","GGF","2","AD","Passing","","","","CSEO","59238",NA,NA,NA,NA,NA,NA,NA
"854","SL_2016CSEO_Dive_70_16-22-15.000.avi","17392","0:32:06","551","799","QC","Asia","0",NA,"2016","70","1","Line","Bad","loitering in same area","BLA","BLA",NA,"AD","Passing","","ROV being tugged","","CSEO","59526",NA,NA,NA,NA,NA,NA,NA
"855","SL_2016CSEO_Dive_70_16-22-15.000.avi","18041","0:32:27","608","786","QC","Asia","0",NA,"2016","70","1","Line","Good","Good Going Forward","GGF","GGF","3","AD","Passing","","","","CSEO","59547",NA,NA,NA,NA,NA,NA,NA
"856","SL_2016CSEO_Dive_70_16-22-15.000.avi","36158","0:42:31","609","877","QC","Asia","0",NA,"2016","70","1","Line","Bad","loitering in same area","BLA","BLA",NA,"AD","Passing","","","","CSEO","60151",NA,NA,NA,NA,NA,NA,NA
"857","SL_2016CSEO_Dive_70_16-22-15.000.avi","36617","0:42:47","661","980","QC","Asia","0",NA,"2016","70","1","Line","Good","Good Going Forward","GGF","GGF","4","AD","Passing","","","","CSEO","60167",NA,NA,NA,NA,NA,NA,NA
"858","SL_2016CSEO_Dive_70_16-22-15.000.avi","39390","0:44:19","552","669","QC","Asia","0",NA,"2016","70","1","Line","Bad","loitering in same area","BLA","BLA",NA,"AD","Passing","","ROV being tugged","","CSEO","60259",NA,NA,NA,NA,NA,NA,NA
"859","SL_2016CSEO_Dive_70_16-22-15.000.avi","40987","0:45:12","762","751","QC","Asia","0",NA,"2016","70","1","Line","Good","Good Going Forward","GGF","GGF","5","AD","Passing","","","","CSEO","60312",NA,NA,NA,NA,NA,NA,NA
"860","SL_2016CSEO_Dive_70_16-22-15.000.avi","72265","1:02:35","551","798","QC","Asia","0",NA,"2016","70","1","Line","Good","Good Going Forward","GGF","GGF","5","AD","Passing","End","","","CSEO","61355",NA,NA,NA,NA,NA,NA,NA
"861","SL_2016CSEO_Dive_71_09-47-52.000.avi","682","17:48:30","551","798","QC","Asia","0",NA,"2016","71","1","Line","Good","Good Going Forward","GGF","GGF","1","AD","Passing","Start","","","CSEO","35310",NA,NA,NA,NA,NA,NA,NA
"862","SL_2016CSEO_Dive_71_09-47-52.000.avi","4720","17:50:44","576","851","QC","Asia","0",NA,"2016","71","1","Line","Bad","lost bottom visual","BLB","BLB",NA,"AD","Passing","","BLB in both SL and belly","","CSEO","35444",NA,NA,NA,NA,NA,NA,NA
"863","SL_2016CSEO_Dive_71_09-47-52.000.avi","5311","17:51:04","551","799","QC","Asia","0",NA,"2016","71","1","Line","Good","Good Going Forward","GGF","GGF","2","AD","Passing","","","","CSEO","35464",NA,NA,NA,NA,NA,NA,NA
"864","SL_2016CSEO_Dive_71_09-47-52.000.avi","10577","17:54:00","551","799","QC","Asia","0",NA,"2016","71","1","Line","Bad","loitering in same area","BLA","BLA",NA,"AD","Passing","","","","CSEO","35640",NA,NA,NA,NA,NA,NA,NA
"865","SL_2016CSEO_Dive_71_09-47-52.000.avi","11776","17:54:40","551","799","QC","Asia","0",NA,"2016","71","1","Line","Good","Good Going Forward","GGF","GGF","3","AD","Passing","","","","CSEO","35679",NA,NA,NA,NA,NA,NA,NA
"866","SL_2016CSEO_Dive_71_09-47-52.000.avi","13527","17:55:38","791","829","QC","Asia","0",NA,"2016","71","1","Line","Bad","loitering in same area","BLA","BLA",NA,"AD","Passing","","ROV being tugged","","CSEO","35738",NA,NA,NA,NA,NA,NA,NA
"867","SL_2016CSEO_Dive_71_09-47-52.000.avi","14900","17:56:24","582","799","QC","Asia","0",NA,"2016","71","1","Line","Good","Good Going Forward","GGF","GGF","4","AD","Passing","","","","CSEO","35784",NA,NA,NA,NA,NA,NA,NA
"868","SL_2016CSEO_Dive_71_09-47-52.000.avi","15145","17:56:32","549","764","QC","Asia","0",NA,"2016","71","1","Line","Good","bad camera focus","GGF","GGF","4","AD","Passing","","BLB in SL but not in belly","","CSEO","35792",NA,NA,NA,NA,NA,NA,NA
"869","SL_2016CSEO_Dive_71_09-47-52.000.avi","15729","17:56:51","551","799","QC","Asia","0",NA,"2016","71","1","Line","Good","Good Going Forward","GGF","GGF","4","AD","Passing","","SL good","","CSEO","35811",NA,NA,NA,NA,NA,NA,NA
"870","SL_2016CSEO_Dive_71_09-47-52.000.avi","20618","17:59:34","556","816","QC","Asia","0",NA,"2016","71","1","Line","Bad","loitering in same area","BLA","BLA",NA,"AD","Passing","","","","CSEO","35974",NA,NA,NA,NA,NA,NA,NA
"871","SL_2016CSEO_Dive_71_09-47-52.000.avi","20878","17:59:43","651","684","QC","Asia","0",NA,"2016","71","1","Line","Good","Good Going Forward","GGF","GGF","5","AD","Passing","","","","CSEO","35983",NA,NA,NA,NA,NA,NA,NA
"872","SL_2016CSEO_Dive_71_09-47-52.000.avi","28756","18:04:06","662","829","QC","Asia","0",NA,"2016","71","1","Line","Bad","loitering in same area","BLA","BLA",NA,"AD","Passing","","","","CSEO","36245",NA,NA,NA,NA,NA,NA,NA
"873","SL_2016CSEO_Dive_71_09-47-52.000.avi","29108","18:04:17","663","872","QC","Asia","0",NA,"2016","71","1","Line","Good","Good Going Forward","GGF","GGF","6","AD","Passing","","","","CSEO","36257",NA,NA,NA,NA,NA,NA,NA
"874","SL_2016CSEO_Dive_71_09-47-52.000.avi","52062","18:17:02","559","857","QC","Asia","0",NA,"2016","71","1","Line","Bad","going backwards","BGB","BGB",NA,"AD","Passing","End","no headshake; dive terminated","","CSEO","37022",NA,NA,NA,NA,NA,NA,NA
"875","SL_2016CSEO_Dive_72_11-06-49.000.avi","1289","19:07:47","534","794","QC","Asia","0",NA,"2016","72","1","Line","Good","Good Going Forward","GGF","GGF","1","AD","Passing","Start","","","CSEO","40067",NA,NA,NA,NA,NA,NA,NA
"876","SL_2016CSEO_Dive_72_11-06-49.000.avi","21394","19:18:57","504","576","QC","Asia","0",NA,"2016","72","1","Line","Good","Good Going Forward","GGF","GGF","1","AD","Passing","","BLB in SL but not in belly","","CSEO","40737",NA,NA,NA,NA,NA,NA,NA
"877","SL_2016CSEO_Dive_72_11-06-49.000.avi","21719","19:19:08","595","817","QC","Asia","0",NA,"2016","72","1","Line","Good","Good Going Forward","GGF","GGF","1","AD","Passing","","SL good","","CSEO","40748",NA,NA,NA,NA,NA,NA,NA
"878","SL_2016CSEO_Dive_72_11-06-49.000.avi","28701","19:23:01","550","827","QC","Asia","0",NA,"2016","72","1","Line","Good","Good Going Forward","GGF","GGF","1","AD","Passing","","BLB in SL but not in belly","","CSEO","40981",NA,NA,NA,NA,NA,NA,NA
"879","SL_2016CSEO_Dive_72_11-06-49.000.avi","29210","19:23:18","559","817","QC","Asia","0",NA,"2016","72","1","Line","Good","Good Going Forward","GGF","GGF","1","AD","Passing","","SL good","","CSEO","40998",NA,NA,NA,NA,NA,NA,NA
"880","SL_2016CSEO_Dive_72_11-06-49.000.avi","61743","19:41:22","551","799","QC","Asia","0",NA,"2016","72","1","Line","Good","Good Going Forward","GGF","GGF","1","AD","Passing","End","","","CSEO","42082",NA,NA,NA,NA,NA,NA,NA
"881","SL_2016CSEO_Dive_73_12-17-31.000.avi","551","20:18:04","629","873","QC","Asia","0",NA,"2016","73","1","Line","Good","Good Going Forward","GGF","GGF","1","AD","Passing","Start","","","CSEO","44284",NA,NA,NA,NA,NA,NA,NA
"882","SL_2016CSEO_Dive_73_12-17-31.000.avi","1882","20:18:49","552","723","QC","Asia","0",NA,"2016","73","1","Line","Bad","loitering in same area","BLA","BLA",NA,"AD","Passing","","ROV being tugged","","CSEO","44329",NA,NA,NA,NA,NA,NA,NA
"883","SL_2016CSEO_Dive_73_12-17-31.000.avi","3098","20:19:29","547","777","QC","Asia","0",NA,"2016","73","1","Line","Bad","resting on bottom","BRB","BRB",NA,"AD","Passing","","","","CSEO","44369",NA,NA,NA,NA,NA,NA,NA
"884","SL_2016CSEO_Dive_73_12-17-31.000.avi","3823","20:19:53","551","799","QC","Asia","0",NA,"2016","73","1","Line","Good","Good Going Forward","GGF","GGF","2","AD","Passing","","","","CSEO","44393",NA,NA,NA,NA,NA,NA,NA
"885","SL_2016CSEO_Dive_73_12-17-31.000.avi","8481","20:22:29","542","798","QC","Asia","0",NA,"2016","73","1","Line","Bad","loitering in same area","BLA","BLA",NA,"AD","Passing","","ROV being tugged","","CSEO","44549",NA,NA,NA,NA,NA,NA,NA
"886","SL_2016CSEO_Dive_73_12-17-31.000.avi","8765","20:22:38","536","749","QC","Asia","0",NA,"2016","73","1","Line","Good","Good Going Forward","GGF","GGF","3","AD","Passing","","","","CSEO","44558",NA,NA,NA,NA,NA,NA,NA
"887","SL_2016CSEO_Dive_73_12-17-31.000.avi","13201","20:25:06","696","884","QC","Asia","0",NA,"2016","73","1","Line","Bad","loitering in same area","BLA","BLA",NA,"AD","Passing","","","","CSEO","44706",NA,NA,NA,NA,NA,NA,NA
"888","SL_2016CSEO_Dive_73_12-17-31.000.avi","13363","20:25:11","603","786","QC","Asia","0",NA,"2016","73","1","Line","Good","Good Going Forward","GGF","GGF","4","AD","Passing","","","","CSEO","44711",NA,NA,NA,NA,NA,NA,NA
"889","SL_2016CSEO_Dive_73_12-17-31.000.avi","26392","20:32:26","551","799","QC","Asia","0",NA,"2016","73","1","Line","Bad","loitering in same area","BLA","BLA",NA,"AD","Passing","","","","CSEO","45146",NA,NA,NA,NA,NA,NA,NA
"890","SL_2016CSEO_Dive_73_12-17-31.000.avi","26821","20:32:40","551","799","QC","Asia","0",NA,"2016","73","1","Line","Good","Good Going Forward","GGF","GGF","5","AD","Passing","","","","CSEO","45160",NA,NA,NA,NA,NA,NA,NA
"891","SL_2016CSEO_Dive_73_12-17-31.000.avi","33500","20:36:23","551","799","QC","Asia","0",NA,"2016","73","1","Line","Bad","repositioned","BRP","BRP",NA,"AD","Passing","stuck on rock","","","CSEO","45383",NA,NA,NA,NA,NA,NA,NA
"892","SL_2016CSEO_Dive_73_12-17-31.000.avi","33840","20:36:34","551","804","QC","Asia","0",NA,"2016","73","1","Line","Good","Good Going Forward","GGF","GGF","6","AD","Passing","","","","CSEO","45394",NA,NA,NA,NA,NA,NA,NA
"893","SL_2016CSEO_Dive_73_12-17-31.000.avi","36581","20:38:05","551","799","QC","Asia","0",NA,"2016","73","1","Line","Bad","loitering in same area","BLA","BLA",NA,"AD","Passing","","ROV being tugged","","CSEO","45485",NA,NA,NA,NA,NA,NA,NA
"894","SL_2016CSEO_Dive_73_12-17-31.000.avi","36890","20:38:16","556","794","QC","Asia","0",NA,"2016","73","1","Line","Good","Good Going Forward","GGF","GGF","7","AD","Passing","","","","CSEO","45496",NA,NA,NA,NA,NA,NA,NA
"895","SL_2016CSEO_Dive_73_12-17-31.000.avi","37590","20:38:39","554","791","QC","Asia","0",NA,"2016","73","1","Line","Bad","loitering in same area","BLA","BLA",NA,"AD","Passing","","ROV being tugged","","CSEO","45519",NA,NA,NA,NA,NA,NA,NA
"896","SL_2016CSEO_Dive_73_12-17-31.000.avi","37930","20:38:50","551","799","QC","Asia","0",NA,"2016","73","1","Line","Bad","resting on bottom","BRB","BRB",NA,"AD","Passing","","waiting for clump","","CSEO","45530",NA,NA,NA,NA,NA,NA,NA
"897","SL_2016CSEO_Dive_73_12-17-31.000.avi","38961","20:39:25","551","798","QC","Asia","0",NA,"2016","73","1","Line","Good","Good Going Forward","GGF","GGF","8","AD","Passing","","","","CSEO","45565",NA,NA,NA,NA,NA,NA,NA
"898","SL_2016CSEO_Dive_73_12-17-31.000.avi","47484","20:44:09","551","799","QC","Asia","0",NA,"2016","73","1","Line","Good","Good Going Forward","GGF","GGF","8","AD","Passing","End","ended 350m early","","CSEO","45849",NA,NA,NA,NA,NA,NA,NA
"899","SL_2016CSEO_Dive_74_14-35-46.000.avi","130","22:36:08","620","832","QC","Asia","0",NA,"2016","74","1","Line","Good","Good Going Forward","GGF","GGF","1","AD","Passing","Start","","","CSEO","52568",NA,NA,NA,NA,NA,NA,NA
"900","SL_2016CSEO_Dive_74_14-35-46.000.avi","1095","22:36:40","551","799","QC","Asia","0",NA,"2016","74","1","Line","Good","resting on bottom with close-up image","GRBC","GRBC","1","AD","Passing","","close-up on belly cam","","CSEO","52600",NA,NA,NA,NA,NA,NA,NA
"901","SL_2016CSEO_Dive_74_14-35-46.000.avi","1372","22:36:50","568","750","QC","Asia","0",NA,"2016","74","1","Line","Good","Good Going Forward","GGF","GGF","1","AD","Passing","","","","CSEO","52610",NA,NA,NA,NA,NA,NA,NA
"902","SL_2016CSEO_Dive_74_14-35-46.000.avi","14799","22:44:17","549","808","QC","Asia","0",NA,"2016","74","1","Line","Bad","loitering in same area","BLA","BLA",NA,"AD","Passing","","","","CSEO","53057",NA,NA,NA,NA,NA,NA,NA
"903","SL_2016CSEO_Dive_74_14-35-46.000.avi","14962","22:44:23","551","799","QC","Asia","0",NA,"2016","74","1","Line","Good","Good Going Forward","GGF","GGF","2","AD","Passing","","","","CSEO","53063",NA,NA,NA,NA,NA,NA,NA
"904","SL_2016CSEO_Dive_74_14-35-46.000.avi","32256","22:53:59","179","652","QC","Asia","0",NA,"2016","74","1","Line","Bad","loitering in same area","BLA","BLA",NA,"AD","Passing","","","","CSEO","53639",NA,NA,NA,NA,NA,NA,NA
"905","SL_2016CSEO_Dive_74_14-35-46.000.avi","32445","22:54:05","536","694","QC","Asia","0",NA,"2016","74","1","Line","Good","Good Going Forward","GGF","GGF","3","AD","Passing","","","","CSEO","53645",NA,NA,NA,NA,NA,NA,NA
"906","SL_2016CSEO_Dive_74_14-35-46.000.avi","40417","22:58:31","551","799","QC","Asia","0",NA,"2016","74","1","Line","Bad","loitering in same area","BLA","BLA",NA,"AD","Passing","","","","CSEO","53911",NA,NA,NA,NA,NA,NA,NA
"907","SL_2016CSEO_Dive_74_14-35-46.000.avi","40603","22:58:37","733","960","QC","Asia","0",NA,"2016","74","1","Line","Good","Good Going Forward","GGF","GGF","4","AD","Passing","","","","CSEO","53917",NA,NA,NA,NA,NA,NA,NA
"908","SL_2016CSEO_Dive_74_14-35-46.000.avi","62836","23:10:59","650","826","QC","Asia","0",NA,"2016","74","1","Line","Good","Good Going Forward","GGF","GGF","4","AD","Passing","End","","","CSEO","54659",NA,NA,NA,NA,NA,NA,NA
"909","SL_2016CSEO_Dive_75_16-23-09.000.avi","1281","0:24:08","546","888","QC","Asia","0",NA,"2016","75","1","Line","Good","Good Going Forward","GGF","GGF","1","AD","Passing","Start","","","CSEO","59048",NA,NA,NA,NA,NA,NA,NA
"910","SL_2016CSEO_Dive_75_16-23-09.000.avi","22522","0:35:56","649","816","QC","Asia","0",NA,"2016","75","1","Line","Good","resting on bottom with close-up image","GRBC","GRBC","1","AD","Passing","","fish under rock","","CSEO","59756",NA,NA,NA,NA,NA,NA,NA
"911","SL_2016CSEO_Dive_75_16-23-09.000.avi","22713","0:36:02","551","940","QC","Asia","0",NA,"2016","75","1","Line","Good","Good Going Forward","GGF","GGF","1","AD","Passing","","","","CSEO","59762",NA,NA,NA,NA,NA,NA,NA
"912","SL_2016CSEO_Dive_75_16-23-09.000.avi","44727","0:48:16","560","841","QC","Asia","0",NA,"2016","75","1","Line","Good","resting on bottom with close-up image","GRBC","GRBC","1","AD","Passing","","blue plastic?","","CSEO","60496",NA,NA,NA,NA,NA,NA,NA
"913","SL_2016CSEO_Dive_75_16-23-09.000.avi","44913","0:48:22","605","875","QC","Asia","0",NA,"2016","75","1","Line","Good","Good Going Forward","GGF","GGF","1","AD","Passing","","","","CSEO","60502",NA,NA,NA,NA,NA,NA,NA
"914","SL_2016CSEO_Dive_75_16-23-09.000.avi","55996","0:54:32","434","768","QC","Asia","0",NA,"2016","75","1","Line","Good","Good Going Forward","GGF","GGF","1","AD","Passing","End","","","CSEO","60871",NA,NA,NA,NA,NA,NA,NA
"915","SL_2016CSEO_Dive_76_17-52-23.000.avi","445","1:52:54","549","795","QC","Asia","0",NA,"2016","76","1","Line","Good","Good Going Forward","GGF","GGF","1","AD","Passing","Start","","","CSEO","64374",NA,NA,NA,NA,NA,NA,NA
"916","SL_2016CSEO_Dive_76_17-52-23.000.avi","35253","2:12:14","546","789","QC","Asia","0",NA,"2016","76","1","Line","Bad","loitering in same area","BLA","BLA",NA,"AD","Passing","","","","CSEO","65534",NA,NA,NA,NA,NA,NA,NA
"917","SL_2016CSEO_Dive_76_17-52-23.000.avi","35783","2:12:32","552","771","QC","Asia","0",NA,"2016","76","1","Line","Good","Good Going Forward","GGF","GGF","2","AD","Passing","","","","CSEO","65552",NA,NA,NA,NA,NA,NA,NA
"918","SL_2016CSEO_Dive_76_17-52-23.000.avi","47887","2:19:15","535","802","QC","Asia","0",NA,"2016","76","1","Line","Good","Good Going Forward","GGF","GGF","2","AD","Passing","End","","","CSEO","65955",NA,NA,NA,NA,NA,NA,NA
"919","SL_2016CSEO_Dive_77_08-10-26.000.avi","70","16:11:12","551","798","QC","Asia","0",NA,"2016","77","1","Line","Good","Good Going Forward","GGF","GGF","1","AD","Passing","Start","","","CSEO","29472",NA,NA,NA,NA,NA,NA,NA
"920","SL_2016CSEO_Dive_77_08-10-26.000.avi","2726","16:12:41","534","789","QC","Asia","0",NA,"2016","77","1","Line","Bad","loitering in same area","BLA","BLA",NA,"AD","Passing","","ROV being tugged","","CSEO","29561",NA,NA,NA,NA,NA,NA,NA
"921","SL_2016CSEO_Dive_77_08-10-26.000.avi","5410","16:14:10","709","1019","QC","Asia","0",NA,"2016","77","1","Line","Good","Good Going Forward","GGF","GGF","2","AD","Passing","","","","CSEO","29650",NA,NA,NA,NA,NA,NA,NA
"922","SL_2016CSEO_Dive_77_08-10-26.000.avi","49853","16:38:52","551","799","QC","Asia","0",NA,"2016","77","1","Line","Bad","loitering in same area","BLA","BLA",NA,"AD","Passing","","ROV being tugged","","CSEO","31132",NA,NA,NA,NA,NA,NA,NA
"923","SL_2016CSEO_Dive_77_08-10-26.000.avi","51528","16:39:48","547","801","QC","Asia","0",NA,"2016","77","1","Line","Good","Good Going Forward","GGF","GGF","3","AD","Passing","","","","CSEO","31188",NA,NA,NA,NA,NA,NA,NA
"924","SL_2016CSEO_Dive_77_08-10-26.000.avi","58723","16:43:47","551","799","QC","Asia","0",NA,"2016","77","1","Line","Good","Good Going Forward","GGF","GGF","3","AD","Passing","End","","","CSEO","31427",NA,NA,NA,NA,NA,NA,NA
"925","SL_2016CSEO_Dive_78_10-43-35.000.avi","462","18:44:10","640","868","QC","Asia","0",NA,"2016","78","1","Line","Good","Good Going Forward","GGF","GGF","1","AD","Passing","Start","","","CSEO","38650",NA,NA,NA,NA,NA,NA,NA
"926","SL_2016CSEO_Dive_78_10-43-35.000.avi","15243","18:52:23","476","790","QC","Asia","0",NA,"2016","78","1","Line","Bad","loitering in same area","BLA","BLA",NA,"AD","Passing","","","","CSEO","39143",NA,NA,NA,NA,NA,NA,NA
"927","SL_2016CSEO_Dive_78_10-43-35.000.avi","15429","18:52:29","603","773","QC","Asia","0",NA,"2016","78","1","Line","Good","Good Going Forward","GGF","GGF","2","AD","Passing","","","","CSEO","39149",NA,NA,NA,NA,NA,NA,NA
"928","SL_2016CSEO_Dive_78_10-43-35.000.avi","51710","19:12:39","484","786","QC","Asia","0",NA,"2016","78","1","Line","Bad","repositioned","BRP","BRP",NA,"AD","Passing","","hit by halibut","","CSEO","40359",NA,NA,NA,NA,NA,NA,NA
"929","SL_2016CSEO_Dive_78_10-43-35.000.avi","52118","19:12:52","551","799","QC","Asia","0",NA,"2016","78","1","Line","Good","Good Going Forward","GGF","GGF","3","AD","Passing","","","","CSEO","40372",NA,NA,NA,NA,NA,NA,NA
"930","SL_2016CSEO_Dive_78_10-43-35.000.avi","63915","19:19:25","551","799","QC","Asia","0",NA,"2016","78","1","Line","Good","Good Going Forward","GGF","GGF","3","AD","Passing","End","","","CSEO","40765",NA,NA,NA,NA,NA,NA,NA
"931","SL_2016NSEO_Dive_02_08-49-19.000.avi","86333",NA,"476","790","QC","Asia","0",NA,"2016","2","1","Line","Bad","lost bottom visual","BLB","BLB",NA,"AD","Passing","End","",NA,"NSEO ","34644","17:37:25",NA,"9:37:24",NA,NA,NA,NA
"932","SL_2016NSEO_Dive_02_08-49-19.000.avi","85369",NA,"485","663","QC","Asia","0",NA,"2016","2","1","Line","Good","Good Going Forward","GGF","GGF","4","AD","Passing","","BLB in SL but not in belly",NA,"NSEO ","34612","17:36:52",NA,"9:36:52",NA,NA,NA,NA
"933","SL_2016NSEO_Dive_02_08-49-19.000.avi","80977",NA,"613","976","QC","Asia","0",NA,"2016","2","1","Line","Good","Good Going Forward","GGF","GGF","3","AD","Passing","","",NA,"NSEO ","34466","17:34:26",NA,"9:34:26",NA,NA,NA,NA
"934","SL_2016NSEO_Dive_02_08-49-19.000.avi","79563",NA,"551","799","QC","Asia","0",NA,"2016","2","1","Line","Good","Good Going Forward","GGF","GGF","2","AD","Passing","","BLB in SL but not in belly",NA,"NSEO ","34419","17:33:39",NA,"9:33:39",NA,NA,NA,NA
"935","SL_2016NSEO_Dive_02_08-49-19.000.avi","77906",NA,"498","996","QC","Asia","0",NA,"2016","2","1","Line","Good","Good Going Forward","GGF","GGF","2","AD","Passing","","",NA,"NSEO ","34364","17:32:44",NA,"9:32:44",NA,NA,NA,NA
"936","SL_2016NSEO_Dive_02_08-49-19.000.avi","76179",NA,"455","776","QC","Asia","0",NA,"2016","2","1","Line","Bad","repositioned","BRP","BRP",NA,"AD","Passing","","",NA,"NSEO ","34306","17:31:46",NA,"9:31:46",NA,NA,NA,NA
"937","SL_2016NSEO_Dive_02_08-49-19.000.avi","39043",NA,"596","1012","QC","Asia","0",NA,"2016","2","1","Line","Good","Good Going Forward","GGF","GGF","1","AD","Passing","","SL good",NA,"NSEO ","33068","17:11:08",NA,"9:11:08",NA,NA,NA,NA
"938","SL_2016NSEO_Dive_02_08-49-19.000.avi","38574",NA,"541","729","QC","Asia","0",NA,"2016","2","1","Line","Good","Good Going Forward","GGF","GGF","1","AD","Passing","","BLB in SL but not in belly",NA,"NSEO ","33052","17:10:53",NA,"9:10:52",NA,NA,NA,NA
"939","SL_2016NSEO_Dive_02_08-49-19.000.avi","37159",NA,"562","840","QC","Asia","0",NA,"2016","2","1","Line","Good","Good Going Forward","GGF","GGF","1","AD","Passing","","SL good",NA,"NSEO ","33005","17:10:05",NA,"9:10:05",NA,NA,NA,NA
"940","SL_2016NSEO_Dive_02_08-49-19.000.avi","35841",NA,"493","789","QC","Asia","0",NA,"2016","2","1","Line","Good","Good Going Forward","GGF","GGF","1","AD","Passing","","BLB in SL but not in belly",NA,"NSEO ","32961","17:09:21",NA,"9:09:21",NA,NA,NA,NA
"941","SL_2016NSEO_Dive_02_08-49-19.000.avi","29525",NA,"453","639","QC","Asia","0",NA,"2016","2","1","Line","Good","Good Going Forward","GGF","GGF","1","AD","Passing","","SL good",NA,"NSEO ","32751","17:05:51",NA,"9:05:51",NA,NA,NA,NA
"942","SL_2016NSEO_Dive_02_08-49-19.000.avi","29341",NA,"627","771","QC","Asia","0",NA,"2016","2","1","Line","Good","Good Going Forward","GGF","GGF","1","AD","Passing","","BLB in SL but not in belly",NA,"NSEO ","32745","17:05:45",NA,"9:05:45",NA,NA,NA,NA
"943","SL_2016NSEO_Dive_02_08-49-19.000.avi","264",NA,"669","863","QC","Asia","0",NA,"2016","2","1","Line","Good","Good Going Forward","GGF","GGF","1","AD","Passing","Start","",NA,"NSEO ","31775","16:49:36",NA,"8:49:35",NA,NA,NA,NA
"944","SL_2016NSEO_Dive_02_08-49-19.000.avi",NA,NA,NA,NA,"QC","Asia","0",NA,"2016","2","1","Line","Bad","lost bottom visual","BLB","BLB",NA,"AD","Passing","","BLB both cameras",NA,"NSEO ","34427","17:33:47",NA,"9:33:47",NA,NA,NA,NA
"945","SL_2016NSEO_Dive_02_08-49-19.000.avi",NA,NA,NA,NA,"QC","Asia","0",NA,"2016","2","1","Line","Bad","lost bottom visual","BLB","BLB",NA,"AD","Passing","","BLB both cameras",NA,"NSEO ","34628","17:37:08",NA,"9:37:08",NA,NA,NA,NA
"946","SL_2016NSEO_Dive_05_11-55-04.000.avi","98965",NA,"681","894","QC","Asia","0",NA,"2016","5","1","Line","Good","Good Going Forward","GGF","GGF","4","AD","Passing","End","",NA,"NSEO ","46227","20:50:27",NA,"12:50:27",NA,NA,NA,NA
"947","SL_2016NSEO_Dive_05_11-55-04.000.avi","93824",NA,"550","565","QC","Asia","0",NA,"2016","5","1","Line","Good","Good Going Forward","GGF","GGF","4","AD","Passing","","",NA,"NSEO ","46056","20:47:36",NA,"12:47:36",NA,NA,NA,NA
"948","SL_2016NSEO_Dive_05_11-55-04.000.avi","92660",NA,"259","449","QC","Asia","0",NA,"2016","5","1","Line","Good","Good Going Forward","GGF","GGF","3","AD","Passing","","BLB in SL but not in belly",NA,"NSEO ","46017","20:46:57",NA,"12:46:57",NA,NA,NA,NA
"949","SL_2016NSEO_Dive_05_11-55-04.000.avi","87672",NA,"506","742","QC","Asia","0",NA,"2016","5","1","Line","Good","Good Going Forward","GGF","GGF","3","AD","Passing","","SL good",NA,"NSEO ","45851","20:44:11",NA,"12:44:11",NA,NA,NA,NA
"950","SL_2016NSEO_Dive_05_11-55-04.000.avi","87470",NA,"476","804","QC","Asia","0",NA,"2016","5","1","Line","Good","Good Going Forward","GGF","GGF","3","AD","Passing","","BLB in SL but not in belly",NA,"NSEO ","45844","20:44:04",NA,"12:44:04",NA,NA,NA,NA
"951","SL_2016NSEO_Dive_05_11-55-04.000.avi","76066",NA,"530","813","QC","Asia","0",NA,"2016","5","1","Line","Good","Good Going Forward","GGF","GGF","3","AD","Passing","","SL good",NA,"NSEO ","45464","20:37:44",NA,"12:37:44",NA,NA,NA,NA
"952","SL_2016NSEO_Dive_05_11-55-04.000.avi","75805",NA,"551","799","QC","Asia","0",NA,"2016","5","1","Line","Good","Good Going Forward","GGF","GGF","3","AD","Passing","","BLB in SL but not in belly",NA,"NSEO ","45455","20:37:35",NA,"12:37:35",NA,NA,NA,NA
"953","SL_2016NSEO_Dive_05_11-55-04.000.avi","69781",NA,"550","794","QC","Asia","0",NA,"2016","5","1","Line","Good","Good Going Forward","GGF","GGF","3","AD","Passing","","SL good",NA,"NSEO ","45254","20:34:14",NA,"12:34:14",NA,NA,NA,NA
"954","SL_2016NSEO_Dive_05_11-55-04.000.avi","69575",NA,"665","818","QC","Asia","0",NA,"2016","5","1","Line","Good","Good Going Forward","GGF","GGF","3","AD","Passing","","BLB in SL but not in belly",NA,"NSEO ","45247","20:34:07",NA,"12:34:07",NA,NA,NA,NA
"955","SL_2016NSEO_Dive_05_11-55-04.000.avi","66584",NA,"655","896","QC","Asia","0",NA,"2016","5","1","Line","Good","Good Going Forward","GGF","GGF","3","AD","Passing","","SL good",NA,"NSEO ","45148","20:32:28",NA,"12:32:28",NA,NA,NA,NA
"956","SL_2016NSEO_Dive_05_11-55-04.000.avi","66103",NA,"551","780","QC","Asia","0",NA,"2016","5","1","Line","Good","Good Going Forward","GGF","GGF","3","AD","Passing","","BLB in SL but not in belly",NA,"NSEO ","45132","20:32:12",NA,"12:32:12",NA,NA,NA,NA
"957","SL_2016NSEO_Dive_05_11-55-04.000.avi","59448",NA,"549","796","QC","Asia","0",NA,"2016","5","1","Line","Good","Good Going Forward","GGF","GGF","3","AD","Passing","","SL good",NA,"NSEO ","44910","20:28:30",NA,"12:28:30",NA,NA,NA,NA
"958","SL_2016NSEO_Dive_05_11-55-04.000.avi","58866",NA,"604","775","QC","Asia","0",NA,"2016","5","1","Line","Good","Good Going Forward","GGF","GGF","3","AD","Passing","","BLB in SL but not in belly",NA,"NSEO ","44890","20:28:10",NA,"12:28:10",NA,NA,NA,NA
"959","SL_2016NSEO_Dive_05_11-55-04.000.avi","50397",NA,"550","798","QC","Asia","0",NA,"2016","5","1","Line","Good","Good Going Forward","GGF","GGF","3","AD","Passing","","SL good",NA,"NSEO ","44608","20:23:28",NA,"12:23:28",NA,NA,NA,NA
"960","SL_2016NSEO_Dive_05_11-55-04.000.avi","50066",NA,"586","776","QC","Asia","0",NA,"2016","5","1","Line","Good","Good Going Forward","GGF","GGF","3","AD","Passing","","BLB in SL but not in belly",NA,"NSEO ","44597","20:23:17",NA,"12:23:17",NA,NA,NA,NA
"961","SL_2016NSEO_Dive_05_11-55-04.000.avi","49795",NA,"551","798","QC","Asia","0",NA,"2016","5","1","Line","Bad","repositioned","BRP","BRP",NA,"AD","Passing","","",NA,"NSEO ","44588","20:23:08",NA,"12:23:08",NA,NA,NA,NA
"962","SL_2016NSEO_Dive_05_11-55-04.000.avi","45535",NA,"551","799","QC","Asia","0",NA,"2016","5","1","Line","Good","Good Going Forward","GGF","GGF","2","AD","Passing","","SL good",NA,"NSEO ","44446","20:20:46",NA,"12:20:46",NA,NA,NA,NA
"963","SL_2016NSEO_Dive_05_11-55-04.000.avi","45299",NA,"618","546","QC","Asia","0",NA,"2016","5","1","Line","Good","Good Going Forward","GGF","GGF","2","AD","Passing","","BLB in SL but not in belly",NA,"NSEO ","44438","20:20:38",NA,"12:20:38",NA,NA,NA,NA
"964","SL_2016NSEO_Dive_05_11-55-04.000.avi","44844",NA,"534","779","QC","Asia","0",NA,"2016","5","1","Line","Good","Good Going Forward","GGF","GGF","2","AD","Passing","","SL good",NA,"NSEO ","44423","20:20:23",NA,"12:20:23",NA,NA,NA,NA
"965","SL_2016NSEO_Dive_05_11-55-04.000.avi","44605",NA,"581","774","QC","Asia","0",NA,"2016","5","1","Line","Good","Good Going Forward","GGF","GGF","2","AD","Passing","","BLB in SL but not in belly",NA,"NSEO ","44415","20:20:15",NA,"12:20:15",NA,NA,NA,NA
"966","SL_2016NSEO_Dive_05_11-55-04.000.avi","44292",NA,"620","649","QC","Asia","0",NA,"2016","5","1","Line","Bad","repositioned","BRP","BRP",NA,"AD","Passing","","",NA,"NSEO ","44405","20:20:05",NA,"12:20:05",NA,NA,NA,NA
"967","SL_2016NSEO_Dive_05_11-55-04.000.avi","43439",NA,"626","832","QC","Asia","0",NA,"2016","5","1","Line","Good","Good Going Forward","GGF","GGF","1","AD","Passing","","SL good",NA,"NSEO ","44376","20:19:36",NA,"12:19:36",NA,NA,NA,NA
"968","SL_2016NSEO_Dive_05_11-55-04.000.avi","43204",NA,"494","756","QC","Asia","0",NA,"2016","5","1","Line","Good","Good Going Forward","GGF","GGF","1","AD","Passing","","BLB in SL but not in belly",NA,"NSEO ","44368","20:19:28",NA,"12:19:28",NA,NA,NA,NA
"969","SL_2016NSEO_Dive_05_11-55-04.000.avi","43080",NA,"759","951","QC","Asia","0",NA,"2016","5","1","Line","Good","Good Going Forward","GGF","GGF","1","AD","Passing","","SL good",NA,"NSEO ","44364","20:19:24",NA,"12:19:24",NA,NA,NA,NA
"970","SL_2016NSEO_Dive_05_11-55-04.000.avi","42826",NA,"635","843","QC","Asia","0",NA,"2016","5","1","Line","Good","Good Going Forward","GGF","GGF","1","AD","Passing","","BLB in SL but not in belly",NA,"NSEO ","44356","20:19:16",NA,"12:19:16",NA,NA,NA,NA
"971","SL_2016NSEO_Dive_05_11-55-04.000.avi","42602",NA,"616","847","QC","Asia","0",NA,"2016","5","1","Line","Good","Good Going Forward","GGF","GGF","1","AD","Passing","","SL good",NA,"NSEO ","44348","20:19:08",NA,"12:19:08",NA,NA,NA,NA
"972","SL_2016NSEO_Dive_05_11-55-04.000.avi","42146",NA,"586","853","QC","Asia","0",NA,"2016","5","1","Line","Good","Good Going Forward","GGF","GGF","1","AD","Passing","","BLB in SL but not in belly",NA,"NSEO ","44333","20:18:53",NA,"12:18:53",NA,NA,NA,NA
"973","SL_2016NSEO_Dive_05_11-55-04.000.avi","23161",NA,"500","721","QC","Asia","0",NA,"2016","5","1","Line","Good","Good Going Forward","GGF","GGF","1","AD","Passing","","SL good",NA,"NSEO ","43700","20:08:20",NA,"12:08:20",NA,NA,NA,NA
"974","SL_2016NSEO_Dive_05_11-55-04.000.avi","22893",NA,"588","806","QC","Asia","0",NA,"2016","5","1","Line","Good","Good Going Forward","GGF","GGF","1","AD","Passing","","BLB in SL but not in belly",NA,"NSEO ","43691","20:08:11",NA,"12:08:11",NA,NA,NA,NA
"975","SL_2016NSEO_Dive_05_11-55-04.000.avi","12750",NA,"552","753","QC","Asia","0",NA,"2016","5","1","Line","Good","Good Going Forward","GGF","GGF","1","AD","Passing","","SL good",NA,"NSEO ","43353","20:02:33",NA,"12:02:33",NA,NA,NA,NA
"976","SL_2016NSEO_Dive_05_11-55-04.000.avi","12192",NA,"554","796","QC","Asia","0",NA,"2016","5","1","Line","Good","Good Going Forward","GGF","GGF","1","AD","Passing","","BLB in SL but not in belly",NA,"NSEO ","43335","20:02:15",NA,"12:02:15",NA,NA,NA,NA
"977","SL_2016NSEO_Dive_05_11-55-04.000.avi","209",NA,"653","814","QC","Asia","0",NA,"2016","5","1","Line","Good","Good Going Forward","GGF","GGF","1","AD","Passing","Start","",NA,"NSEO ","42935","19:55:35",NA,"11:55:35",NA,NA,NA,NA
"978","SL_2016NSEO_Dive_05_11-55-04.000.avi",NA,NA,NA,NA,"QC","Asia","0",NA,"2016","5","1","Line","Bad","lost bottom visual","BLB","BLB",NA,"AD","Passing","","BLB both cameras",NA,"NSEO ","46023","20:47:03",NA,"12:47:03",NA,NA,NA,NA
"979","SL_2016NSEO_Dive_06_14-08-11.000.avi","52721",NA,"737","863","QC","Asia","0",NA,"2016","6","1","Line","Bad","repositioned","BRP","BRP",NA,"AD","Passing","End","",NA,"NSEO ","52655","22:37:35",NA,"14:37:35",NA,NA,NA,NA
"980","SL_2016NSEO_Dive_06_14-08-11.000.avi","52555",NA,"576","791","QC","Asia","0",NA,"2016","6","1","Line","Bad","lost bottom visual","BLB","BLB",NA,"AD","Passing","","BLB in SL; BRP in belly",NA,"NSEO ","52649","22:37:29",NA,"14:37:29",NA,NA,NA,NA
"981","SL_2016NSEO_Dive_06_14-08-11.000.avi","51897",NA,"617","781","QC","Asia","0",NA,"2016","6","1","Line","Bad","repositioned","BRP","BRP",NA,"AD","Passing","","head shake; halibut",NA,"NSEO ","52627","22:37:07",NA,"14:37:07",NA,NA,NA,NA
"982","SL_2016NSEO_Dive_06_14-08-11.000.avi","51577",NA,"666","798","QC","Asia","0",NA,"2016","6","1","Line","Good","Good Going Forward","GGF","GGF","5","AD","Passing","","BLB in SL but not in belly",NA,"NSEO ","52617","22:36:57",NA,"14:36:57",NA,NA,NA,NA
"983","SL_2016NSEO_Dive_06_14-08-11.000.avi","49388",NA,"724","985","QC","Asia","0",NA,"2016","6","1","Line","Good","Good Going Forward","GGF","GGF","5","AD","Passing","","",NA,"NSEO ","52544","22:35:44",NA,"14:35:44",NA,NA,NA,NA
"984","SL_2016NSEO_Dive_06_14-08-11.000.avi","49122",NA,"649","873","QC","Asia","0",NA,"2016","6","1","Line","Good","resting on bottom with close-up image","GRBC","GRBC","5","AD","Passing","","",NA,"NSEO ","52535","22:35:35",NA,"14:35:35",NA,NA,NA,NA
"985","SL_2016NSEO_Dive_06_14-08-11.000.avi","38090",NA,"606","924","QC","Asia","0",NA,"2016","6","1","Line","Good","Good Going Forward","GGF","GGF","5","AD","Passing","","head shake",NA,"NSEO ","52167","22:29:27",NA,"14:29:27",NA,NA,NA,NA
"986","SL_2016NSEO_Dive_06_14-08-11.000.avi","37094",NA,"610","1074","QC","Asia","0",NA,"2016","6","1","Line","Bad","repositioned","BRP","BRP",NA,"AD","Passing","","",NA,"NSEO ","52134","22:28:54",NA,"14:28:54",NA,NA,NA,NA
"987","SL_2016NSEO_Dive_06_14-08-11.000.avi","36800",NA,"799","923","QC","Asia","0",NA,"2016","6","1","Line","Bad","loitering in same area","BLA","BLA",NA,"AD","Passing","","halibut",NA,"NSEO ","52124","22:28:44",NA,"14:28:44",NA,NA,NA,NA
"988","SL_2016NSEO_Dive_06_14-08-11.000.avi","36323",NA,"401","866","QC","Asia","0",NA,"2016","6","1","Line","Bad","going backwards","BGB","BGB",NA,"AD","Passing","","",NA,"NSEO ","52108","22:28:28",NA,"14:28:28",NA,NA,NA,NA
"989","SL_2016NSEO_Dive_06_14-08-11.000.avi","35357",NA,"499","892","QC","Asia","0",NA,"2016","6","1","Line","Bad","loitering in same area","BLA","BLA",NA,"AD","Passing","","",NA,"NSEO ","52076","22:27:56",NA,"14:27:56",NA,NA,NA,NA
"990","SL_2016NSEO_Dive_06_14-08-11.000.avi","34891",NA,"482","802","QC","Asia","0",NA,"2016","6","1","Line","Bad","going backwards","BGB","BGB",NA,"AD","Passing","","",NA,"NSEO ","52060","22:27:40",NA,"14:27:40",NA,NA,NA,NA
"991","SL_2016NSEO_Dive_06_14-08-11.000.avi","30819",NA,"656","823","QC","Asia","0",NA,"2016","6","1","Line","Bad","resting on bottom","BRB","BRB",NA,"AD","Passing","","head shake before resting",NA,"NSEO ","51925","22:25:25",NA,"14:25:25",NA,NA,NA,NA
"992","SL_2016NSEO_Dive_06_14-08-11.000.avi","27276",NA,"641","768","QC","Asia","0",NA,"2016","6","1","Line","Good","Good Going Forward","GGF","GGF","5","AD","Passing","","head shake",NA,"NSEO ","51807","22:23:27",NA,"14:23:27",NA,NA,NA,NA
"993","SL_2016NSEO_Dive_06_14-08-11.000.avi","26995",NA,"513","818","QC","Asia","0",NA,"2016","6","1","Line","Bad","repositioned","BRP","BRP",NA,"AD","Passing","","",NA,"NSEO ","51797","22:23:17",NA,"14:23:17",NA,NA,NA,NA
"994","SL_2016NSEO_Dive_06_14-08-11.000.avi","18010",NA,"551","799","QC","Asia","0",NA,"2016","6","1","Line","Bad","resting on bottom","BRB","BRB",NA,"AD","Passing","","",NA,"NSEO ","51498","22:18:18",NA,"14:18:18",NA,NA,NA,NA
"995","SL_2016NSEO_Dive_06_14-08-11.000.avi","17523",NA,"551","799","QC","Asia","0",NA,"2016","6","1","Line","Bad","repositioned","BRP","BRP",NA,"AD","Passing","","",NA,"NSEO ","51481","22:18:02",NA,"14:18:01",NA,NA,NA,NA
"996","SL_2016NSEO_Dive_06_14-08-11.000.avi","17259",NA,"551","799","QC","Asia","0",NA,"2016","6","1","Line","Good","Good Going Forward","GGF","GGF","4","AD","Passing","","BPV in SL but not in belly",NA,"NSEO ","51473","22:17:53",NA,"14:17:53",NA,NA,NA,NA
"997","SL_2016NSEO_Dive_06_14-08-11.000.avi","16105",NA,"737","799","QC","Asia","0",NA,"2016","6","1","Line","Bad","repositioned","BRP","BRP",NA,"AD","Passing","","",NA,"NSEO ","51434","22:17:14",NA,"14:17:14",NA,NA,NA,NA
"998","SL_2016NSEO_Dive_06_14-08-11.000.avi","15926",NA,"670","908","QC","Asia","0",NA,"2016","6","1","Line","Good","Good Going Forward","GGF","GGF","3","AD","Passing","","BLB in SL but not in belly",NA,"NSEO ","51428","22:17:08",NA,"14:17:08",NA,NA,NA,NA
"999","SL_2016NSEO_Dive_06_14-08-11.000.avi","15760",NA,"638","877","QC","Asia","0",NA,"2016","6","1","Line","Bad","bottom stir-up","BBS","BBS",NA,"AD","Passing","","BBS both cameras",NA,"NSEO ","51423","22:17:03",NA,"14:17:03",NA,NA,NA,NA
"1000","SL_2016NSEO_Dive_06_14-08-11.000.avi","15706",NA,"572","870","QC","Asia","0",NA,"2016","6","1","Line","Bad","repositioned","BRP","BRP",NA,"AD","Passing","","head shake",NA,"NSEO ","51421","22:17:01",NA,"14:17:01",NA,NA,NA,NA
"1001","SL_2016NSEO_Dive_06_14-08-11.000.avi","15531",NA,"544","841","QC","Asia","0",NA,"2016","6","1","Line","Bad","loitering in same area","BLA","BLA",NA,"AD","Passing","","",NA,"NSEO ","51415","22:16:55",NA,"14:16:55",NA,NA,NA,NA
"1002","SL_2016NSEO_Dive_06_14-08-11.000.avi","9605",NA,"544","796","QC","Asia","0",NA,"2016","6","1","Line","Good","Good Going Forward","GGF","GGF","2","AD","Passing","","head shake",NA,"NSEO ","51218","22:13:38",NA,"14:13:38",NA,NA,NA,NA
"1003","SL_2016NSEO_Dive_06_14-08-11.000.avi","8597",NA,"691","834","QC","Asia","0",NA,"2016","6","1","Line","Bad","repositioned","BRP","BRP",NA,"AD","Passing","","",NA,"NSEO ","51184","22:13:04",NA,"14:13:04",NA,NA,NA,NA
"1004","SL_2016NSEO_Dive_06_14-08-11.000.avi","5976",NA,"559","720","QC","Asia","0",NA,"2016","6","1","Line","Bad","repositioned","BRP","BRP",NA,"AD","Passing","","",NA,"NSEO ","51097","22:11:37",NA,"14:11:37",NA,NA,NA,NA
"1005","SL_2016NSEO_Dive_06_14-08-11.000.avi","5537",NA,"551","796","QC","Asia","0",NA,"2016","6","1","Line","Good","Good Going Forward","GGF","GGF",NA,"AD","Passing","","BLB in SL but not in belly",NA,"NSEO ","51082","22:11:22",NA,"14:11:22",NA,NA,NA,NA
"1006","SL_2016NSEO_Dive_06_14-08-11.000.avi","4348",NA,"640","794","QC","Asia","0",NA,"2016","6","1","Line","Bad","repositioned","BRP","BRP",NA,"AD","Passing","","head shake",NA,"NSEO ","51042","22:10:42",NA,"14:10:42",NA,NA,NA,NA
"1007","SL_2016NSEO_Dive_06_14-08-11.000.avi","159",NA,"551","799","QC","Asia","0",NA,"2016","6","1","Line","Good","Good Going Forward","GGF","GGF","1","AD","Passing","Start","",NA,"NSEO ","50903","22:08:23",NA,"14:08:23",NA,NA,NA,NA
"1008","SL_2016NSEO_Dive_06_14-08-11.000.avi",NA,NA,NA,NA,"QC","Asia","0",NA,"2016","6","1","Line","Bad","lost bottom visual","BLB","BLB",NA,"AD","Passing","","BLB both cameras",NA,"NSEO ","51088","22:11:28",NA,"14:11:28",NA,NA,NA,NA
"1009","SL_2016NSEO_Dive_06_14-08-11.000.avi",NA,NA,NA,NA,"QC","Asia","0",NA,"2016","6","1","Line","Bad","lost bottom visual","BLB","BLB",NA,"AD","Passing","","BLB both cameras",NA,"NSEO ","51134","22:12:14",NA,"14:12:14",NA,NA,NA,NA
"1010","SL_2016NSEO_Dive_08_08-53-17.000.avi","113267",NA,"551","799","QC","Asia","0",NA,"2016","8","1","Line","Bad","lost bottom visual","BLB","BLB",NA,"AD","Passing","End","no head shake",NA,"NSEO ","35790","17:56:30",NA,"9:56:30",NA,NA,NA,NA
"1011","SL_2016NSEO_Dive_08_08-53-17.000.avi","111152",NA,"547","797","QC","Asia","0",NA,"2016","8","1","Line","Good","Good Going Forward","GGF","GGF","5","AD","Passing","","BLB in SL but not in belly",NA,"NSEO ","35720","17:55:20",NA,"9:55:20",NA,NA,NA,NA
"1012","SL_2016NSEO_Dive_08_08-53-17.000.avi","110346",NA,"551","803","QC","Asia","0",NA,"2016","8","1","Line","Bad","going backwards","BGB","BGB",NA,"AD","Passing","","",NA,"NSEO ","35693","17:54:53",NA,"9:54:53",NA,NA,NA,NA
"1013","SL_2016NSEO_Dive_08_08-53-17.000.avi","110088",NA,"553","795","QC","Asia","0",NA,"2016","8","1","Line","Bad","resting on bottom","BRB","BRB",NA,"AD","Passing","","",NA,"NSEO ","35684","17:54:44",NA,"9:54:44",NA,NA,NA,NA
"1014","SL_2016NSEO_Dive_08_08-53-17.000.avi","102610",NA,"551","799","QC","Asia","0",NA,"2016","8","1","Line","Good","Good Going Forward","GGF","GGF","4","AD","Passing","","head shake",NA,"NSEO ","35435","17:50:35",NA,"9:50:35",NA,NA,NA,NA
"1015","SL_2016NSEO_Dive_08_08-53-17.000.avi","101798",NA,"532","808","QC","Asia","0",NA,"2016","8","1","Line","Bad","loitering in same area","BLA","BLA",NA,"AD","Passing","","head shake",NA,"NSEO ","35408","17:50:08",NA,"9:50:08",NA,NA,NA,NA
"1016","SL_2016NSEO_Dive_08_08-53-17.000.avi","101291",NA,"551","798","QC","Asia","0",NA,"2016","8","1","Line","Bad","loitering in same area","BLA","BLA",NA,"AD","Passing","","",NA,"NSEO ","35391","17:49:51",NA,"9:49:51",NA,NA,NA,NA
"1017","SL_2016NSEO_Dive_08_08-53-17.000.avi","92596",NA,"551","798","QC","Asia","0",NA,"2016","8","1","Line","Good","Good Going Forward","GGF","GGF","3","AD","Passing","","SL good",NA,"NSEO ","35101","17:45:01",NA,"9:45:01",NA,NA,NA,NA
"1018","SL_2016NSEO_Dive_08_08-53-17.000.avi","92170",NA,"610","990","QC","Asia","0",NA,"2016","8","1","Line","Good","Good Going Forward","GGF","GGF","3","AD","Passing","","BLB in SL but not in belly",NA,"NSEO ","35087","17:44:47",NA,"9:44:47",NA,NA,NA,NA
"1019","SL_2016NSEO_Dive_08_08-53-17.000.avi","73303",NA,"551","799","QC","Asia","0",NA,"2016","8","1","Line","Good","Good Going Forward","GGF","GGF","3","AD","Passing","","SL good",NA,"NSEO ","34458","17:34:18",NA,"9:34:18",NA,NA,NA,NA
"1020","SL_2016NSEO_Dive_08_08-53-17.000.avi","73107",NA,"806","844","QC","Asia","0",NA,"2016","8","1","Line","Good","Good Going Forward","GGF","GGF","3","AD","Passing","","BLB in SL but not in belly",NA,"NSEO ","34451","17:34:12",NA,"9:34:11",NA,NA,NA,NA
"1021","SL_2016NSEO_Dive_08_08-53-17.000.avi","67703",NA,"551","799","QC","Asia","0",NA,"2016","8","1","Line","Good","Good Going Forward","GGF","GGF","3","AD","Passing","","SL good",NA,"NSEO ","34271","17:31:11",NA,"9:31:11",NA,NA,NA,NA
"1022","SL_2016NSEO_Dive_08_08-53-17.000.avi","67439",NA,"557","796","QC","Asia","0",NA,"2016","8","1","Line","Good","Good Going Forward","GGF","GGF","3","AD","Passing","","BLB in SL but not in belly",NA,"NSEO ","34262","17:31:03",NA,"9:31:02",NA,NA,NA,NA
"1023","SL_2016NSEO_Dive_08_08-53-17.000.avi","50617",NA,"547","687","QC","Asia","0",NA,"2016","8","1","Line","Good","Good Going Forward","GGF","GGF","3","AD","Passing","","SL good",NA,"NSEO ","33702","17:21:42",NA,"9:21:42",NA,NA,NA,NA
"1024","SL_2016NSEO_Dive_08_08-53-17.000.avi","49664",NA,"551","795","QC","Asia","0",NA,"2016","8","1","Line","Good","Good Going Forward","GGF","GGF","3","AD","Passing","","BLB in SL but not in belly",NA,"NSEO ","33670","17:21:10",NA,"9:21:10",NA,NA,NA,NA
"1025","SL_2016NSEO_Dive_08_08-53-17.000.avi","48539",NA,"551","799","QC","Asia","0",NA,"2016","8","1","Line","Good","Good Going Forward","GGF","GGF","3","AD","Passing","","SL good",NA,"NSEO ","33633","17:20:33",NA,"9:20:33",NA,NA,NA,NA
"1026","SL_2016NSEO_Dive_08_08-53-17.000.avi","47998",NA,"551","796","QC","Asia","0",NA,"2016","8","1","Line","Good","Good Going Forward","GGF","GGF","3","AD","Passing","","BLB in SL but not in belly",NA,"NSEO ","33614","17:20:15",NA,"9:20:14",NA,NA,NA,NA
"1027","SL_2016NSEO_Dive_08_08-53-17.000.avi","47112",NA,"580","782","QC","Asia","0",NA,"2016","8","1","Line","Good","Good Going Forward","GGF","GGF","3","AD","Passing","","SL good",NA,"NSEO ","33585","17:19:45",NA,"9:19:45",NA,NA,NA,NA
"1028","SL_2016NSEO_Dive_08_08-53-17.000.avi","45849",NA,"572","836","QC","Asia","0",NA,"2016","8","1","Line","Good","Good Going Forward","GGF","GGF","3","AD","Passing","","BLB in SL but not in belly",NA,"NSEO ","33543","17:19:03",NA,"9:19:03",NA,NA,NA,NA
"1029","SL_2016NSEO_Dive_08_08-53-17.000.avi","44128",NA,"551","799","QC","Asia","0",NA,"2016","8","1","Line","Good","Good Going Forward","GGF","GGF","3","AD","Passing","","SL good",NA,"NSEO ","33486","17:18:06",NA,"9:18:06",NA,NA,NA,NA
"1030","SL_2016NSEO_Dive_08_08-53-17.000.avi","43883",NA,"528","736","QC","Asia","0",NA,"2016","8","1","Line","Good","Good Going Forward","GGF","GGF","3","AD","Passing","","BLB in SL but not in belly",NA,"NSEO ","33477","17:17:57",NA,"9:17:57",NA,NA,NA,NA
"1031","SL_2016NSEO_Dive_08_08-53-17.000.avi","38899",NA,"574","806","QC","Asia","0",NA,"2016","8","1","Line","Good","Good Going Forward","GGF","GGF","3","AD","Passing","","SL good",NA,"NSEO ","33311","17:15:11",NA,"9:15:11",NA,NA,NA,NA
"1032","SL_2016NSEO_Dive_08_08-53-17.000.avi","38598",NA,"691","917","QC","Asia","0",NA,"2016","8","1","Line","Good","Good Going Forward","GGF","GGF","3","AD","Passing","","BLB in SL but not in belly",NA,"NSEO ","33301","17:15:01",NA,"9:15:01",NA,NA,NA,NA
"1033","SL_2016NSEO_Dive_08_08-53-17.000.avi","35683",NA,"579","799","QC","Asia","0",NA,"2016","8","1","Line","Good","Good Going Forward","GGF","GGF","3","AD","Passing","","SL good",NA,"NSEO ","33204","17:13:24",NA,"9:13:24",NA,NA,NA,NA
"1034","SL_2016NSEO_Dive_08_08-53-17.000.avi","35256",NA,"605","865","QC","Asia","0",NA,"2016","8","1","Line","Good","Good Going Forward","GGF","GGF","3","AD","Passing","","BLB in SL but not in belly",NA,"NSEO ","33190","17:13:10",NA,"9:13:10",NA,NA,NA,NA
"1035","SL_2016NSEO_Dive_08_08-53-17.000.avi","26692",NA,"729","1055","QC","Asia","0",NA,"2016","8","1","Line","Good","Good Going Forward","GGF","GGF","3","AD","Passing","","SL good",NA,"NSEO ","32904","17:08:24",NA,"9:08:24",NA,NA,NA,NA
"1036","SL_2016NSEO_Dive_08_08-53-17.000.avi","26577",NA,"610","1033","QC","Asia","0",NA,"2016","8","1","Line","Good","Good Going Forward","GGF","GGF","3","AD","Passing","","BLB in SL but not in belly",NA,"NSEO ","32900","17:08:21",NA,"9:08:20",NA,NA,NA,NA
"1037","SL_2016NSEO_Dive_08_08-53-17.000.avi","10546",NA,"665","835","QC","Asia","0",NA,"2016","8","1","Line","Good","Good Going Forward","GGF","GGF","3","AD","Passing","","SL good",NA,"NSEO ","32366","16:59:26",NA,"8:59:26",NA,NA,NA,NA
"1038","SL_2016NSEO_Dive_08_08-53-17.000.avi","10230",NA,"685","790","QC","Asia","0",NA,"2016","8","1","Line","Good","Good Going Forward","GGF","GGF","3","AD","Passing","","BLB in SL but not in belly",NA,"NSEO ","32356","16:59:16",NA,"8:59:16",NA,NA,NA,NA
"1039","SL_2016NSEO_Dive_08_08-53-17.000.avi","9661",NA,"633","841","QC","Asia","0",NA,"2016","8","1","Line","Bad","loitering in same area","BLA","BLA",NA,"AD","Passing","","",NA,"NSEO ","32337","16:58:57",NA,"8:58:57",NA,NA,NA,NA
"1040","SL_2016NSEO_Dive_08_08-53-17.000.avi","4912",NA,"579","878","QC","Asia","0",NA,"2016","8","1","Line","Good","Good Going Forward","GGF","GGF","2","AD","Passing","","head shake",NA,"NSEO ","32178","16:56:18",NA,"8:56:18",NA,NA,NA,NA
"1041","SL_2016NSEO_Dive_08_08-53-17.000.avi","3584",NA,"604","817","QC","Asia","0",NA,"2016","8","1","Line","Bad","loitering in same area","BLA","BLA",NA,"AD","Passing","","",NA,"NSEO ","32134","16:55:34",NA,"8:55:34",NA,NA,NA,NA
"1042","SL_2016NSEO_Dive_08_08-53-17.000.avi","3383",NA,"653","843","QC","Asia","0",NA,"2016","8","1","Line","Bad","repositioned","BRP","BRP",NA,"AD","Passing","","head shake",NA,"NSEO ","32127","16:55:27",NA,"8:55:27",NA,NA,NA,NA
"1043","SL_2016NSEO_Dive_08_08-53-17.000.avi","2881",NA,"617","849","QC","Asia","0",NA,"2016","8","1","Line","Bad","repositioned","BRP","BRP",NA,"AD","Passing","","",NA,"NSEO ","32111","16:55:11",NA,"8:55:11",NA,NA,NA,NA
"1044","SL_2016NSEO_Dive_08_08-53-17.000.avi","2305",NA,"551","799","QC","Asia","0",NA,"2016","8","1","Line","Good","Good Going Forward","GGF","GGF","1","AD","Passing","","SL good",NA,"NSEO ","32091","16:54:51",NA,"8:54:51",NA,NA,NA,NA
"1045","SL_2016NSEO_Dive_08_08-53-17.000.avi","2106",NA,"560","764","QC","Asia","0",NA,"2016","8","1","Line","Good","Good Going Forward","GGF","GGF","1","AD","Passing","","BLB in SL but not in belly",NA,"NSEO ","32085","16:54:45",NA,"8:54:45",NA,NA,NA,NA
"1046","SL_2016NSEO_Dive_08_08-53-17.000.avi","419",NA,"643","828","QC","Asia","0",NA,"2016","8","1","Line","Good","Good Going Forward","GGF","GGF","1","AD","Passing","Start","",NA,"NSEO ","32029","16:53:49",NA,"8:53:49",NA,NA,NA,NA
"1047","SL_2016NSEO_Dive_08_08-53-17.000.avi",NA,NA,NA,NA,"QC","Asia","0",NA,"2016","8","1","Line","Bad","lost bottom visual","BLB","BLB",NA,"AD","Passing","","BLB both cameras",NA,"NSEO ","35734","17:55:34",NA,"9:55:34",NA,NA,NA,NA
"1048","SL_2016NSEO_Dive_11_16-03-45.000.avi","195",NA,"575","829","QC","Asia","0",NA,"2016","11","1","Line","Good","Good Going Forward","GGF","GGF","1","AD","Passing","Start","",NA,"NSEO ","57837","0:03:57",NA,"16:03:57",NA,NA,NA,NA
"1049","SL_2016NSEO_Dive_11_16-03-45.000.avi","38819",NA,"491","689","QC","Asia","0",NA,"2016","11","1","Line","Good","Good Going Forward","GGF","GGF","2","AD","Passing","","",NA,"NSEO ","59125","0:25:25",NA,"16:25:25",NA,NA,NA,NA
"1050","SL_2016NSEO_Dive_11_16-03-45.000.avi","47327",NA,"560","705","QC","Asia","0",NA,"2016","11","1","Line","Good","Good Going Forward","GGF","GGF","2","AD","Passing","","BLB in SL but not in belly",NA,"NSEO ","59408","0:30:08",NA,"16:30:08",NA,NA,NA,NA
"1051","SL_2016NSEO_Dive_11_16-03-45.000.avi","48506",NA,"550","799","QC","Asia","0",NA,"2016","11","1","Line","Good","Good Going Forward","GGF","GGF","2","AD","Passing","","SL good",NA,"NSEO ","59448","0:30:48",NA,"16:30:48",NA,NA,NA,NA
"1052","SL_2016NSEO_Dive_11_16-03-45.000.avi","52621",NA,"549","788","QC","Asia","0",NA,"2016","11","1","Line","Good","Good Going Forward","GGF","GGF","2","AD","Passing","","BLB in SL but not in belly",NA,"NSEO ","59585","0:33:05",NA,"16:33:05",NA,NA,NA,NA
"1053","SL_2016NSEO_Dive_11_16-03-45.000.avi",NA,NA,NA,NA,"QC","Asia","0",NA,"2016","11","1","Line","Bad","lost bottom visual","BLB","BLB",NA,"AD","Passing","","BLB both cameras",NA,"NSEO ","59590","0:33:10",NA,"16:33:10",NA,NA,NA,NA
"1054","SL_2016NSEO_Dive_11_16-03-45.000.avi",NA,NA,NA,NA,"QC","Asia","0",NA,"2016","11","1","Line","Bad","repositioned","BRP","BRP",NA,"AD","Passing","","no clear bottom view but repositioning to get back to transect due to boulder",NA,"NSEO ","59645","0:34:05",NA,"16:34:05",NA,NA,NA,NA
"1055","SL_2016NSEO_Dive_11_16-03-45.000.avi","55371",NA,"545","794","QC","Asia","0",NA,"2016","11","1","Line","Good","Good Going Forward","GGF","GGF","3","AD","Passing","","",NA,"NSEO ","59676","0:34:36",NA,"16:34:36",NA,NA,NA,NA
"1056","SL_2016NSEO_Dive_11_16-03-45.000.avi","59100",NA,"551","799","QC","Asia","0",NA,"2016","11","1","Line","Good","Good Going Forward","GGF","GGF","3","AD","Passing","","BLB in SL but not in belly",NA,"NSEO ","59801","0:36:41",NA,"16:36:41",NA,NA,NA,NA
"1057","SL_2016NSEO_Dive_11_16-03-45.000.avi","59857",NA,"446","768","QC","Asia","0",NA,"2016","11","1","Line","Good","Good Going Forward","GGF","GGF","3","AD","Passing","","SL good",NA,"NSEO ","59826","0:37:06",NA,"16:37:06",NA,NA,NA,NA
"1058","SL_2016NSEO_Dive_11_16-03-45.000.avi","71108",NA,"491","704","QC","Asia","0",NA,"2016","11","1","Line","Good","Good Going Forward","GGF","GGF","3","AD","Passing","","BLB in SL but not in belly",NA,"NSEO ","60201","0:43:21",NA,"16:43:21",NA,NA,NA,NA
"1059","SL_2016NSEO_Dive_11_16-03-45.000.avi","72029",NA,"463","775","QC","Asia","0",NA,"2016","11","1","Line","Good","Good Going Forward","GGF","GGF","3","AD","Passing","","SL good",NA,"NSEO ","60232","0:43:52",NA,"16:43:52",NA,NA,NA,NA
"1060","SL_2016NSEO_Dive_11_16-03-45.000.avi","82045",NA,"552","791","QC","Asia","0",NA,"2016","11","1","Line","Good","Good Going Forward","GGF","GGF","3","AD","Passing","","BLB in SL but not in belly",NA,"NSEO ","60566","0:49:26",NA,"16:49:26",NA,NA,NA,NA
"1061","SL_2016NSEO_Dive_11_16-03-45.000.avi","82446",NA,"551","799","QC","Asia","0",NA,"2016","11","1","Line","Good","Good Going Forward","GGF","GGF","3","AD","Passing","","SL good",NA,"NSEO ","60579","0:49:39",NA,"16:49:39",NA,NA,NA,NA
"1062","SL_2016NSEO_Dive_11_16-03-45.000.avi","83271",NA,"482","802","QC","Asia","0",NA,"2016","11","1","Line","Good","Good Going Forward","GGF","GGF","3","AD","Passing","","BLB in SL but not in belly",NA,"NSEO ","60606","0:50:06",NA,"16:50:06",NA,NA,NA,NA
"1063","SL_2016NSEO_Dive_11_16-03-45.000.avi","83919",NA,"603","802","QC","Asia","0",NA,"2016","11","1","Line","Good","Good Going Forward","GGF","GGF","3","AD","Passing","","SL good",NA,"NSEO ","60628","0:50:28",NA,"16:50:28",NA,NA,NA,NA
"1064","SL_2016NSEO_Dive_11_16-03-45.000.avi","84498",NA,"575","768","QC","Asia","0",NA,"2016","11","1","Line","Good","Good Going Forward","GGF","GGF","3","AD","Passing","End","",NA,"NSEO ","60647","0:50:47",NA,"16:50:47",NA,NA,NA,NA
"1065","SL_2016NSEO_Dive_12_17-20-06.000.avi","69084",NA,"642","819","QC","Asia","0",NA,"2016","12","1","Line","Good","Good Going Forward","GGF","GGF","1","AD","Passing","End","",NA,"NSEO ","64715","1:58:36",NA,"17:58:35",NA,NA,NA,NA
"1066","SL_2016NSEO_Dive_12_17-20-06.000.avi","208",NA,"551","799","QC","Asia","0",NA,"2016","12","1","Line","Good","Good Going Forward","GGF","GGF","1","AD","Passing","Start","",NA,"NSEO ","62420","1:20:20",NA,"17:20:20",NA,NA,NA,NA
"1067","SL_2016NSEO_Dive_14_07-45-19.000.avi","55623",NA,"550","801","QC","Asia","0",NA,"2016","14","1","Line","Good","Good Going Forward","GGF","GGF","1","AD","Passing","End","",NA,"NSEO ","29780","16:16:20",NA,"8:16:20",NA,NA,NA,NA
"1068","SL_2016NSEO_Dive_14_07-45-19.000.avi","301",NA,"519","762","QC","Asia","0",NA,"2016","14","1","Line","Good","Good Going Forward","GGF","GGF","1","AD","Passing","Start","",NA,"NSEO ","27936","15:45:36",NA,"7:45:36",NA,NA,NA,NA
"1069","SL_2016NSEO_Dive_15_09-16-18.000.avi","60735",NA,"572","781","QC","Asia","0",NA,"2016","15","1","Line","Good","Good Going Forward","GGF","GGF","1","AD","Passing","End","",NA,"NSEO ","35414","17:50:14",NA,"9:50:14",NA,NA,NA,NA
"1070","SL_2016NSEO_Dive_15_09-16-18.000.avi","33391",NA,"394","829","QC","Asia","0",NA,"2016","15","1","Line","Good","Good Going Forward","GGF","GGF","1","AD","Passing","","SL good",NA,"NSEO ","34502","17:35:02",NA,"9:35:02",NA,NA,NA,NA
"1071","SL_2016NSEO_Dive_15_09-16-18.000.avi","33109",NA,"586","865","QC","Asia","0",NA,"2016","15","1","Line","Good","Good Going Forward","GGF","GGF","1","AD","Passing","","BLB in SL but not in belly",NA,"NSEO ","34493","17:34:53",NA,"9:34:53",NA,NA,NA,NA
"1072","SL_2016NSEO_Dive_15_09-16-18.000.avi","14660",NA,"629","875","QC","Asia","0",NA,"2016","15","1","Line","Good","Good Going Forward","GGF","GGF","1","AD","Passing","","",NA,"NSEO ","33878","17:24:38",NA,"9:24:38",NA,NA,NA,NA
"1073","SL_2016NSEO_Dive_15_09-16-18.000.avi","14529",NA,"616","885","QC","Asia","0",NA,"2016","15","1","Line","Good","resting on bottom with close-up image","GRBC","GRBC","1","AD","Passing","","",NA,"NSEO ","33873","17:24:33",NA,"9:24:33",NA,NA,NA,NA
"1074","SL_2016NSEO_Dive_15_09-16-18.000.avi","201",NA,"550","798","QC","Asia","0",NA,"2016","15","1","Line","Good","Good Going Forward","GGF","GGF","1","AD","Passing","Start","",NA,"NSEO ","33396","17:16:36",NA,"9:16:36",NA,NA,NA,NA
"1075","SL_2016NSEO_Dive_16_10-27-48.000.avi","60232",NA,"528","745","QC","Asia","0",NA,"2016","16","1","Line","Good","Good Going Forward","GGF","GGF","1","AD","Passing","End","",NA,"NSEO ","39681","19:01:21",NA,"11:01:21",NA,NA,NA,NA
"1076","SL_2016NSEO_Dive_16_10-27-48.000.avi","253",NA,"551","799","QC","Asia","0",NA,"2016","16","1","Line","Good","Good Going Forward","GGF","GGF","1","AD","Passing","Start","",NA,"NSEO ","37682","18:28:02",NA,"10:28:02",NA,NA,NA,NA
"1077","SL_2016NSEO_Dive_17_11-32-28.000.avi","68868",NA,"646","861","QC","Asia","0",NA,"2016","17","1","Line","Good","Good Going Forward","GGF","GGF","5","AD","Passing","End","",NA,"NSEO ","43853","20:10:53",NA,"12:10:53",NA,NA,NA,NA
"1078","SL_2016NSEO_Dive_17_11-32-28.000.avi","66131",NA,"601","832","QC","Asia","0",NA,"2016","17","1","Line","Good","Good Going Forward","GGF","GGF","5","AD","Passing","","SL good",NA,"NSEO ","43761","20:09:21",NA,"12:09:21",NA,NA,NA,NA
"1079","SL_2016NSEO_Dive_17_11-32-28.000.avi","65918",NA,"587","802","QC","Asia","0",NA,"2016","17","1","Line","Good","Good Going Forward","GGF","GGF","5","AD","Passing","","BLB in SL but not in belly",NA,"NSEO ","43754","20:09:14",NA,"12:09:14",NA,NA,NA,NA
"1080","SL_2016NSEO_Dive_17_11-32-28.000.avi","48241",NA,"631","836","QC","Asia","0",NA,"2016","17","1","Line","Good","Good Going Forward","GGF","GGF","5","AD","Passing","","",NA,"NSEO ","43165","19:59:25",NA,"11:59:25",NA,NA,NA,NA
"1081","SL_2016NSEO_Dive_17_11-32-28.000.avi","47552",NA,"551","801","QC","Asia","0",NA,"2016","17","1","Line","Bad","loitering in same area","BLA","BLA",NA,"AD","Passing","","",NA,"NSEO ","43142","19:59:02",NA,"11:59:02",NA,NA,NA,NA
"1082","SL_2016NSEO_Dive_17_11-32-28.000.avi","37665",NA,"517","953","QC","Asia","0",NA,"2016","17","1","Line","Good","Good Going Forward","GGF","GGF","4","AD","Passing","","head shake",NA,"NSEO ","42812","19:53:33",NA,"11:53:32",NA,NA,NA,NA
"1083","SL_2016NSEO_Dive_17_11-32-28.000.avi","36774",NA,"550","792","QC","Asia","0",NA,"2016","17","1","Line","Bad","repositioned","BRP","BRP",NA,"AD","Passing","","head shake",NA,"NSEO ","42783","19:53:03",NA,"11:53:03",NA,NA,NA,NA
"1084","SL_2016NSEO_Dive_17_11-32-28.000.avi","34289",NA,"522","753","QC","Asia","0",NA,"2016","17","1","Line","Good","Good Going Forward","GGF","GGF","3","AD","Passing","","head shake",NA,"NSEO ","42700","19:51:40",NA,"11:51:40",NA,NA,NA,NA
"1085","SL_2016NSEO_Dive_17_11-32-28.000.avi","33690",NA,"539","790","QC","Asia","0",NA,"2016","17","1","Line","Bad","repositioned","BRP","BRP",NA,"AD","Passing","","head shake",NA,"NSEO ","42680","19:51:20",NA,"11:51:20",NA,NA,NA,NA
"1086","SL_2016NSEO_Dive_17_11-32-28.000.avi","4202",NA,"631","896","QC","Asia","0",NA,"2016","17","1","Line","Good","Good Going Forward","GGF","GGF","2","AD","Passing","","",NA,"NSEO ","41697","19:34:57",NA,"11:34:57",NA,NA,NA,NA
"1087","SL_2016NSEO_Dive_17_11-32-28.000.avi","3930",NA,"610","849","QC","Asia","0",NA,"2016","17","1","Line","Bad","loitering in same area","BLA","BLA",NA,"AD","Passing","","",NA,"NSEO ","41688","19:34:48",NA,"11:34:48",NA,NA,NA,NA
"1088","SL_2016NSEO_Dive_17_11-32-28.000.avi","766",NA,"662","736","QC","Asia","0",NA,"2016","17","1","Line","Good","Good Going Forward","GGF","GGF","1","AD","Passing","Start","",NA,"NSEO ","41583","19:33:03",NA,"11:33:03",NA,NA,NA,NA
"1089","SL_2016NSEO_Dive_18_12-56-40.000.avi","64816",NA,"680","1020","QC","Asia","0",NA,"2016","18","1","Line","Good","Good Going Forward","GGF","GGF","3","AD","Passing","End","",NA,"NSEO ","48769","21:32:49",NA,"13:32:49",NA,NA,NA,NA
"1090","SL_2016NSEO_Dive_18_12-56-40.000.avi","46417",NA,"625","893","QC","Asia","0",NA,"2016","18","1","Line","Good","Good Going Forward","GGF","GGF","3","AD","Passing","","",NA,"NSEO ","48156","21:22:36",NA,"13:22:36",NA,NA,NA,NA
"1091","SL_2016NSEO_Dive_18_12-56-40.000.avi","46223",NA,"655","868","QC","Asia","0",NA,"2016","18","1","Line","Bad","loitering in same area","BLA","BLA",NA,"AD","Passing","","",NA,"NSEO ","48149","21:22:30",NA,"13:22:29",NA,NA,NA,NA
"1092","SL_2016NSEO_Dive_18_12-56-40.000.avi","45885",NA,"553","795","QC","Asia","0",NA,"2016","18","1","Line","Good","Good Going Forward","GGF","GGF","2","AD","Passing","","",NA,"NSEO ","48138","21:22:18",NA,"13:22:18",NA,NA,NA,NA
"1093","SL_2016NSEO_Dive_18_12-56-40.000.avi","45582",NA,"551","799","QC","Asia","0",NA,"2016","18","1","Line","Bad","loitering in same area","BLA","BLA",NA,"AD","Passing","","",NA,"NSEO ","48128","21:22:08",NA,"13:22:08",NA,NA,NA,NA
"1094","SL_2016NSEO_Dive_18_12-56-40.000.avi","404",NA,"542","796","QC","Asia","0",NA,"2016","18","1","Line","Good","Good Going Forward","GGF","GGF","1","AD","Passing","Start","",NA,"NSEO ","46622","20:57:02",NA,"12:57:02",NA,NA,NA,NA
"1095","SL_2016NSEO_Dive_19_14-10-00.000.avi","64148",NA,"551","798","QC","Asia","0",NA,"2016","19","1","Line","Good","Good Going Forward","GGF","GGF","1","AD","Passing","End","",NA,"NSEO ","53142","22:45:42",NA,"14:45:42",NA,NA,NA,NA
"1096","SL_2016NSEO_Dive_19_14-10-00.000.avi","54220",NA,"551","799","QC","Asia","0",NA,"2016","19","1","Line","Good","Good Going Forward","GGF","GGF","1","AD","Passing","","SL good",NA,"NSEO ","52811","22:40:11",NA,"14:40:11",NA,NA,NA,NA
"1097","SL_2016NSEO_Dive_19_14-10-00.000.avi","53978",NA,"551","790","QC","Asia","0",NA,"2016","19","1","Line","Good","Good Going Forward","GGF","GGF","1","AD","Passing","","BLB in SL but not in belly",NA,"NSEO ","52803","22:40:03",NA,"14:40:03",NA,NA,NA,NA
"1098","SL_2016NSEO_Dive_19_14-10-00.000.avi","48649",NA,"657","829","QC","Asia","0",NA,"2016","19","1","Line","Good","Good Going Forward","GGF","GGF","1","AD","Passing","","SL good",NA,"NSEO ","52626","22:37:06",NA,"14:37:06",NA,NA,NA,NA
"1099","SL_2016NSEO_Dive_19_14-10-00.000.avi","48011",NA,"659","870","QC","Asia","0",NA,"2016","19","1","Line","Good","Good Going Forward","GGF","GGF","1","AD","Passing","","BLB in SL but not in belly",NA,"NSEO ","52604","22:36:44",NA,"14:36:44",NA,NA,NA,NA
"1100","SL_2016NSEO_Dive_19_14-10-00.000.avi","31871",NA,"659","744","QC","Asia","0",NA,"2016","19","1","Line","Good","Good Going Forward","GGF","GGF","1","AD","Passing","","SL good",NA,"NSEO ","52066","22:27:46",NA,"14:27:46",NA,NA,NA,NA
"1101","SL_2016NSEO_Dive_19_14-10-00.000.avi","31708",NA,"674","808","QC","Asia","0",NA,"2016","19","1","Line","Good","Good Going Forward","GGF","GGF","1","AD","Passing","","BLB in SL but not in belly",NA,"NSEO ","52061","22:27:41",NA,"14:27:41",NA,NA,NA,NA
"1102","SL_2016NSEO_Dive_19_14-10-00.000.avi","13077",NA,"526","773","QC","Asia","0",NA,"2016","19","1","Line","Good","Good Going Forward","GGF","GGF","1","AD","Passing","","SL good",NA,"NSEO ","51440","22:17:20",NA,"14:17:20",NA,NA,NA,NA
"1103","SL_2016NSEO_Dive_19_14-10-00.000.avi","12199",NA,"580","828","QC","Asia","0",NA,"2016","19","1","Line","Good","Good Going Forward","GGF","GGF","1","AD","Passing","","BLB in SL but not in belly",NA,"NSEO ","51411","22:16:51",NA,"14:16:51",NA,NA,NA,NA
"1104","SL_2016NSEO_Dive_19_14-10-00.000.avi","252",NA,"535","838","QC","Asia","0",NA,"2016","19","1","Line","Good","Good Going Forward","GGF","GGF","1","AD","Passing","Start","",NA,"NSEO ","51012","22:10:12",NA,"14:10:12",NA,NA,NA,NA
"1105","SL_2016NSEO_Dive_20_15-53-25.000.avi","69571",NA,"551","791","QC","Asia","0",NA,"2016","20","1","Line","Good","Good Going Forward","GGF","GGF","1","AD","Passing","End","",NA,"NSEO ","59531","0:32:12",NA,"16:32:11",NA,NA,NA,NA
"1106","SL_2016NSEO_Dive_20_15-53-25.000.avi","336",NA,"581","859","QC","Asia","0",NA,"2016","20","1","Line","Good","Good Going Forward","GGF","GGF","1","AD","Passing","Start","",NA,"NSEO ","57224","23:53:44",NA,"15:53:44",NA,NA,NA,NA
"1107","SL_2016NSEO_Dive_21_17-05-30.000.avi","54431",NA,"545","768","QC","Asia","0",NA,"2016","21","1","Line","Good","Good Going Forward","GGF","GGF","1","AD","Passing","End","",NA,"NSEO ","63355","1:35:55",NA,"17:35:55",NA,NA,NA,NA
"1108","SL_2016NSEO_Dive_21_17-05-30.000.avi","2294",NA,"539","859","QC","Asia","0",NA,"2016","21","1","Line","Good","Good Going Forward","GGF","GGF","1","AD","Passing","","SL good",NA,"NSEO ","61617","1:06:57",NA,"17:06:57",NA,NA,NA,NA
"1109","SL_2016NSEO_Dive_21_17-05-30.000.avi","2015",NA,"551","799","QC","Asia","0",NA,"2016","21","1","Line","Good","Good Going Forward","GGF","GGF","1","AD","Passing","","BLB in SL but not in belly",NA,"NSEO ","61608","1:06:48",NA,"17:06:48",NA,NA,NA,NA
"1110","SL_2016NSEO_Dive_21_17-05-30.000.avi","246",NA,"551","799","QC","Asia","0",NA,"2016","21","1","Line","Good","Good Going Forward","GGF","GGF","1","AD","Passing","Start","",NA,"NSEO ","61549","1:05:49",NA,"17:05:49",NA,NA,NA,NA
"1111","SL_2016NSEO_Dive_22_07-45-18.000.avi","71442",NA,"609","809","QC","Asia","0",NA,"2016","22","1","Line","Good","Good Going Forward","GGF","GGF","3","AD","Passing","End","",NA,"NSEO ","30348","16:25:49",NA,"8:25:48",NA,NA,NA,NA
"1112","SL_2016NSEO_Dive_22_07-45-18.000.avi","40953",NA,"550","799","QC","Asia","0",NA,"2016","22","1","Line","Good","Good Going Forward","GGF","GGF","3","AD","Passing","","",NA,"NSEO ","29332","16:08:52",NA,"8:08:52",NA,NA,NA,NA
"1113","SL_2016NSEO_Dive_22_07-45-18.000.avi","40773",NA,"422","766","QC","Asia","0",NA,"2016","22","1","Line","Bad","loitering in same area","BLA","BLA",NA,"AD","Passing","","hit rock",NA,"NSEO ","29326","16:08:46",NA,"8:08:46",NA,NA,NA,NA
"1114","SL_2016NSEO_Dive_22_07-45-18.000.avi","974",NA,"551","914","QC","Asia","0",NA,"2016","22","1","Line","Good","Good Going Forward","GGF","GGF","2","AD","Passing","","",NA,"NSEO ","28000","15:46:40",NA,"7:46:40",NA,NA,NA,NA
"1115","SL_2016NSEO_Dive_22_07-45-18.000.avi","631",NA,"512","891","QC","Asia","0",NA,"2016","22","1","Line","Bad","repositioned","BRP","BRP",NA,"AD","Passing","","turning",NA,"NSEO ","27988","15:46:28",NA,"7:46:28",NA,NA,NA,NA
"1116","SL_2016NSEO_Dive_22_07-45-18.000.avi","424",NA,"596","825","QC","Asia","0",NA,"2016","22","1","Line","Good","Good Going Forward","GGF","GGF","1","AD","Passing","Start","",NA,"NSEO ","27981","15:46:21",NA,"7:46:21",NA,NA,NA,NA
"1117","SL_2016NSEO_Dive_23_09-08-22.000.avi","70992",NA,"583","886","QC","Asia","0",NA,"2016","23","1","Line","Good","Good Going Forward","GGF","GGF","1","AD","Passing","End","",NA,"NSEO ","35278","17:47:58",NA,"9:47:58",NA,NA,NA,NA
"1118","SL_2016NSEO_Dive_23_09-08-22.000.avi","68211",NA,"644","902","QC","Asia","0",NA,"2016","23","1","Line","Good","Good Going Forward","GGF","GGF","1","AD","Passing","","SL good",NA,"NSEO ","35186","17:46:26",NA,"9:46:26",NA,NA,NA,NA
"1119","SL_2016NSEO_Dive_23_09-08-22.000.avi","67634",NA,"551","791","QC","Asia","0",NA,"2016","23","1","Line","Good","Good Going Forward","GGF","GGF","1","AD","Passing","","BLB in SL but not in belly",NA,"NSEO ","35166","17:46:06",NA,"9:46:06",NA,NA,NA,NA
"1120","SL_2016NSEO_Dive_23_09-08-22.000.avi","48870",NA,"673","797","QC","Asia","0",NA,"2016","23","1","Line","Good","Good Going Forward","GGF","GGF","1","AD","Passing","","SL good",NA,"NSEO ","34541","17:35:41",NA,"9:35:41",NA,NA,NA,NA
"1121","SL_2016NSEO_Dive_23_09-08-22.000.avi","48545",NA,"556","677","QC","Asia","0",NA,"2016","23","1","Line","Good","Good Going Forward","GGF","GGF","1","AD","Passing","","BLB in SL but not in belly",NA,"NSEO ","34530","17:35:30",NA,"9:35:30",NA,NA,NA,NA
"1122","SL_2016NSEO_Dive_23_09-08-22.000.avi","664",NA,"632","854","QC","Asia","0",NA,"2016","23","1","Line","Good","Good Going Forward","GGF","GGF","1","AD","Passing","Start","",NA,"NSEO ","32934","17:08:54",NA,"9:08:54",NA,NA,NA,NA
"1123","SL_2016NSEO_Dive_24_10-37-01.000.avi","64548",NA,"720","832","QC","Asia","0",NA,"2016","24","1","Line","Good","Good Going Forward","GGF","GGF","1","AD","Passing","End","",NA,"NSEO ","40380","19:13:00",NA,"11:13:00",NA,NA,NA,NA
"1124","SL_2016NSEO_Dive_24_10-37-01.000.avi","330",NA,"639","907","QC","Asia","0",NA,"2016","24","1","Line","Good","Good Going Forward","GGF","GGF","1","AD","Passing","Start","",NA,"NSEO ","38239","18:37:19",NA,"10:37:19",NA,NA,NA,NA
"1125","SL_2016NSEO_Dive_25_12-17-25.000.avi","52461",NA,"551","820","QC","Asia","0",NA,"2016","25","1","Line","Good","Good Going Forward","GGF","GGF","9","AD","Passing","End","",NA,"NSEO ","46011","20:46:51",NA,"12:46:51",NA,NA,NA,NA
"1126","SL_2016NSEO_Dive_25_12-17-25.000.avi","46394",NA,"550","799","QC","Asia","0",NA,"2016","25","1","Line","Good","Good Going Forward","GGF","GGF","9","AD","Passing","","",NA,"NSEO ","45809","20:43:29",NA,"12:43:29",NA,NA,NA,NA
"1127","SL_2016NSEO_Dive_25_12-17-25.000.avi","45394",NA,"633","781","QC","Asia","0",NA,"2016","25","1","Line","Bad","loitering in same area","BLA","BLA",NA,"AD","Passing","","camera going up and down",NA,"NSEO ","45776","20:42:56",NA,"12:42:56",NA,NA,NA,NA
"1128","SL_2016NSEO_Dive_25_12-17-25.000.avi","43932",NA,"695","881","QC","Asia","0",NA,"2016","25","1","Line","Good","Good Going Forward","GGF","GGF","8","AD","Passing","","",NA,"NSEO ","45727","20:42:07",NA,"12:42:07",NA,NA,NA,NA
"1129","SL_2016NSEO_Dive_25_12-17-25.000.avi","42417",NA,"516","799","QC","Asia","0",NA,"2016","25","1","Line","Bad","loitering in same area","BLA","BLA",NA,"AD","Passing","","",NA,"NSEO ","45677","20:41:17",NA,"12:41:17",NA,NA,NA,NA
"1130","SL_2016NSEO_Dive_25_12-17-25.000.avi","28619",NA,"545","796","QC","Asia","0",NA,"2016","25","1","Line","Good","Good Going Forward","GGF","GGF","7","AD","Passing","","",NA,"NSEO ","45217","20:33:37",NA,"12:33:37",NA,NA,NA,NA
"1131","SL_2016NSEO_Dive_25_12-17-25.000.avi","27603",NA,"613","939","QC","Asia","0",NA,"2016","25","1","Line","Bad","loitering in same area","BLA","BLA",NA,"AD","Passing","","camera going up and down",NA,"NSEO ","45183","20:33:03",NA,"12:33:03",NA,NA,NA,NA
"1132","SL_2016NSEO_Dive_25_12-17-25.000.avi","17371",NA,"550","798","QC","Asia","0",NA,"2016","25","1","Line","Good","Good Going Forward","GGF","GGF","6","AD","Passing","","",NA,"NSEO ","44842","20:27:22",NA,"12:27:22",NA,NA,NA,NA
"1133","SL_2016NSEO_Dive_25_12-17-25.000.avi","17047",NA,"551","799","QC","Asia","0",NA,"2016","25","1","Line","Bad","loitering in same area","BLA","BLA",NA,"AD","Passing","","",NA,"NSEO ","44831","20:27:11",NA,"12:27:11",NA,NA,NA,NA
"1134","SL_2016NSEO_Dive_25_12-17-25.000.avi","16610",NA,"629","838","QC","Asia","0",NA,"2016","25","1","Line","Good","Good Going Forward","GGF","GGF","5","AD","Passing","","",NA,"NSEO ","44816","20:26:56",NA,"12:26:56",NA,NA,NA,NA
"1135","SL_2016NSEO_Dive_25_12-17-25.000.avi","15558",NA,"550","799","QC","Asia","0",NA,"2016","25","1","Line","Bad","loitering in same area","BLA","BLA",NA,"AD","Passing","","",NA,"NSEO ","44781","20:26:21",NA,"12:26:21",NA,NA,NA,NA
"1136","SL_2016NSEO_Dive_25_12-17-25.000.avi","13405",NA,"725","911","QC","Asia","0",NA,"2016","25","1","Line","Good","Good Going Forward","GGF","GGF","4","AD","Passing","","",NA,"NSEO ","44709","20:25:10",NA,"12:25:09",NA,NA,NA,NA
"1137","SL_2016NSEO_Dive_25_12-17-25.000.avi","12365",NA,"590","849","QC","Asia","0",NA,"2016","25","1","Line","Bad","loitering in same area","BLA","BLA",NA,"AD","Passing","","",NA,"NSEO ","44675","20:24:35",NA,"12:24:35",NA,NA,NA,NA
"1138","SL_2016NSEO_Dive_25_12-17-25.000.avi","12188",NA,"655","820","QC","Asia","0",NA,"2016","25","1","Line","Good","Good Going Forward","GGF","GGF","3","AD","Passing","","head shake",NA,"NSEO ","44669","20:24:29",NA,"12:24:29",NA,NA,NA,NA
"1139","SL_2016NSEO_Dive_25_12-17-25.000.avi","11434",NA,"545","730","QC","Asia","0",NA,"2016","25","1","Line","Bad","loitering in same area","BLA","BLA",NA,"AD","Passing","","",NA,"NSEO ","44644","20:24:04",NA,"12:24:04",NA,NA,NA,NA
"1140","SL_2016NSEO_Dive_25_12-17-25.000.avi","9528",NA,"551","799","QC","Asia","0",NA,"2016","25","1","Line","Good","Good Going Forward","GGF","GGF","2","AD","Passing","","moving forward no head shake",NA,"NSEO ","44580","20:23:00",NA,"12:23:00",NA,NA,NA,NA
"1141","SL_2016NSEO_Dive_25_12-17-25.000.avi","4597",NA,"542","887","QC","Asia","0",NA,"2016","25","1","Line","Bad","loitering in same area","BLA","BLA",NA,"AD","Passing","","head shake",NA,"NSEO ","44416","20:20:16",NA,"12:20:16",NA,NA,NA,NA
"1142","SL_2016NSEO_Dive_25_12-17-25.000.avi","889",NA,"551","799","QC","Asia","0",NA,"2016","25","1","Line","Good","Good Going Forward","GGF","GGF","1","AD","Passing","Start","",NA,"NSEO ","44292","20:18:12",NA,"12:18:12",NA,NA,NA,NA
"1143","SL_2016NSEO_Dive_26_13-47-52.000.avi","61501",NA,"551","799","QC","Asia","0",NA,"2016","26","1","Line","Good","Good Going Forward","GGF","GGF","3","AD","Passing","End","",NA,"NSEO ","51728","22:22:08",NA,"14:22:08",NA,NA,NA,NA
"1144","SL_2016NSEO_Dive_26_13-47-52.000.avi","41090",NA,"551","799","QC","Asia","0",NA,"2016","26","1","Line","Good","Good Going Forward","GGF","GGF","3","AD","Passing","","",NA,"NSEO ","51048","22:10:48",NA,"14:10:48",NA,NA,NA,NA
"1145","SL_2016NSEO_Dive_26_13-47-52.000.avi","40803",NA,"657","829","QC","Asia","0",NA,"2016","26","1","Line","Bad","loitering in same area","BLA","BLA",NA,"AD","Passing","","",NA,"NSEO ","51039","22:10:39",NA,"14:10:39",NA,NA,NA,NA
"1146","SL_2016NSEO_Dive_26_13-47-52.000.avi","10325",NA,"620","931","QC","Asia","0",NA,"2016","26","1","Line","Good","Good Going Forward","GGF","GGF","2","AD","Passing","","",NA,"NSEO ","50023","21:53:43",NA,"13:53:43",NA,NA,NA,NA
"1147","SL_2016NSEO_Dive_26_13-47-52.000.avi","10127",NA,"617","839","QC","Asia","0",NA,"2016","26","1","Line","Bad","resting on bottom","BRB","BRB",NA,"AD","Passing","","",NA,"NSEO ","50016","21:53:36",NA,"13:53:36",NA,NA,NA,NA
"1148","SL_2016NSEO_Dive_26_13-47-52.000.avi","1062",NA,"656","878","QC","Asia","0",NA,"2016","26","1","Line","Good","Good Going Forward","GGF","GGF","1","AD","Passing","Start","",NA,"NSEO ","49714","21:48:34",NA,"13:48:34",NA,NA,NA,NA
"1149","SL_2016NSEO_Dive_27_15-15-43.000.avi","46263",NA,"644","851","QC","Asia","0",NA,"2016","27","1","Line","Good","Good Going Forward","GGF","GGF","1","AD","Passing","End","",NA,"NSEO ","56491","23:41:31",NA,"15:41:31",NA,NA,NA,NA
"1150","SL_2016NSEO_Dive_27_15-15-43.000.avi","199",NA,"596","803","QC","Asia","0",NA,"2016","27","1","Line","Good","Good Going Forward","GGF","GGF","1","AD","Passing","Start","",NA,"NSEO ","54956","23:15:56",NA,"15:15:56",NA,NA,NA,NA
"1151","SL_2016NSEO_Dive_29_16-52-46.000.avi","62143",NA,"531","1051","QC","Asia","0",NA,"2016","29","1","Line","Good","Good Going Forward","GGF","GGF","3","AD","Passing","End","",NA,"NSEO ","62853","1:27:33",NA,"17:27:33",NA,NA,NA,NA
"1152","SL_2016NSEO_Dive_29_16-52-46.000.avi","59351",NA,"551","799","QC","Asia","0",NA,"2016","29","1","Line","Good","Good Going Forward","GGF","GGF","3","AD","Passing","","",NA,"NSEO ","62760","1:26:00",NA,"17:26:00",NA,NA,NA,NA
"1153","SL_2016NSEO_Dive_29_16-52-46.000.avi","59179",NA,"573","854","QC","Asia","0",NA,"2016","29","1","Line","Bad","loitering in same area","BLA","BLA",NA,"AD","Passing","","",NA,"NSEO ","62754","1:25:55",NA,"17:25:54",NA,NA,NA,NA
"1154","SL_2016NSEO_Dive_29_16-52-46.000.avi","43382",NA,"552","798","QC","Asia","0",NA,"2016","29","1","Line","Good","Good Going Forward","GGF","GGF","2","AD","Passing","","",NA,"NSEO ","62228","1:17:08",NA,"17:17:08",NA,NA,NA,NA
"1155","SL_2016NSEO_Dive_29_16-52-46.000.avi","43142",NA,"693","697","QC","Asia","0",NA,"2016","29","1","Line","Bad","loitering in same area","BLA","BLA",NA,"AD","Passing","","",NA,"NSEO ","62220","1:17:00",NA,"17:17:00",NA,NA,NA,NA
"1156","SL_2016NSEO_Dive_29_16-52-46.000.avi","352",NA,"656","700","QC","Asia","0",NA,"2016","29","1","Line","Good","Good Going Forward","GGF","GGF","1","AD","Passing","Start","",NA,"NSEO ","60794","0:53:14",NA,"16:53:14",NA,NA,NA,NA
"1157","SL_2016NSEO_Dive_30_18-00-31.000.avi","60391",NA,"584","690","QC","Asia","0",NA,"2016","30","1","Line","Good","Good Going Forward","GGF","GGF","3","AD","Passing","End","",NA,"NSEO ","66861","2:34:21",NA,"18:34:21",NA,NA,NA,NA
"1158","SL_2016NSEO_Dive_30_18-00-31.000.avi","50008",NA,"574","805","QC","Asia","0",NA,"2016","30","1","Line","Good","Good Going Forward","GGF","GGF","3","AD","Passing","","SL good",NA,"NSEO ","66515","2:28:35",NA,"18:28:35",NA,NA,NA,NA
"1159","SL_2016NSEO_Dive_30_18-00-31.000.avi","49389",NA,"569","783","QC","Asia","0",NA,"2016","30","1","Line","Good","Good Going Forward","GGF","GGF","3","AD","Passing","","BLB in SL but not in belly",NA,"NSEO ","66494","2:28:14",NA,"18:28:14",NA,NA,NA,NA
"1160","SL_2016NSEO_Dive_30_18-00-31.000.avi","23689",NA,"595","751","QC","Asia","0",NA,"2016","30","1","Line","Good","Good Going Forward","GGF","GGF","3","AD","Passing","","",NA,"NSEO ","65638","2:13:58",NA,"18:13:58",NA,NA,NA,NA
"1161","SL_2016NSEO_Dive_30_18-00-31.000.avi","23450",NA,"531","861","QC","Asia","0",NA,"2016","30","1","Line","Bad","loitering in same area","BLA","BLA",NA,"AD","Passing","","",NA,"NSEO ","65630","2:13:50",NA,"18:13:50",NA,NA,NA,NA
"1162","SL_2016NSEO_Dive_30_18-00-31.000.avi","13067",NA,"551","799","QC","Asia","0",NA,"2016","30","1","Line","Good","Good Going Forward","GGF","GGF","2","AD","Passing","","",NA,"NSEO ","65284","2:08:04",NA,"18:08:04",NA,NA,NA,NA
"1163","SL_2016NSEO_Dive_30_18-00-31.000.avi","12864",NA,"551","799","QC","Asia","0",NA,"2016","30","1","Line","Bad","loitering in same area","BLA","BLA",NA,"AD","Passing","","",NA,"NSEO ","65277","2:07:57",NA,"18:07:57",NA,NA,NA,NA
"1164","SL_2016NSEO_Dive_30_18-00-31.000.avi","378",NA,"589","896","QC","Asia","0",NA,"2016","30","1","Line","Good","Good Going Forward","GGF","GGF","1","AD","Passing","Start","",NA,"NSEO ","64861","2:01:01",NA,"18:01:01",NA,NA,NA,NA
"1165","SL_2016NSEO_Dive_31_08-05-54.000.avi","64028",NA,"598","808","QC","Asia","0",NA,"2016","31","1","Line","Good","Good Going Forward","GGF","GGF","2","AD","Passing","End","",NA,"NSEO ","31298","16:41:38",NA,"8:41:38",NA,NA,NA,NA
"1166","SL_2016NSEO_Dive_31_08-05-54.000.avi","52260",NA,"402","881","QC","Asia","0",NA,"2016","31","1","Line","Good","Good Going Forward","GGF","GGF","2","AD","Passing","","",NA,"NSEO ","30906","16:35:06",NA,"8:35:06",NA,NA,NA,NA
"1167","SL_2016NSEO_Dive_31_08-05-54.000.avi","51051",NA,"499","699","QC","Asia","0",NA,"2016","31","1","Line","Bad","loitering in same area","BLA","BLA",NA,"AD","Passing","","moving up and down",NA,"NSEO ","30865","16:34:25",NA,"8:34:25",NA,NA,NA,NA
"1168","SL_2016NSEO_Dive_31_08-05-54.000.avi","557",NA,"656","873","QC","Asia","0",NA,"2016","31","1","Line","Good","Good Going Forward","GGF","GGF","1","AD","Passing","Start","",NA,"NSEO ","29182","16:06:22",NA,"8:06:22",NA,NA,NA,NA
"1169","SL_2016NSEO_Dive_32_09-15-30.000.avi","71536",NA,"562","856","QC","Asia","0",NA,"2016","32","1","Line","Good","Good Going Forward","GGF","GGF","2","AD","Passing","End","",NA,"NSEO ","35718","17:55:18",NA,"9:55:18",NA,NA,NA,NA
"1170","SL_2016NSEO_Dive_32_09-15-30.000.avi","55636",NA,"659","906","QC","Asia","0",NA,"2016","32","1","Line","Good","Good Going Forward","GGF","GGF","2","AD","Passing","","",NA,"NSEO ","35188","17:46:28",NA,"9:46:28",NA,NA,NA,NA
"1171","SL_2016NSEO_Dive_32_09-15-30.000.avi","55399",NA,"547","773","QC","Asia","0",NA,"2016","32","1","Line","Bad","loitering in same area","BLA","BLA",NA,"AD","Passing","","",NA,"NSEO ","35180","17:46:20",NA,"9:46:20",NA,NA,NA,NA
"1172","SL_2016NSEO_Dive_32_09-15-30.000.avi","173",NA,"582","911","QC","Asia","0",NA,"2016","32","1","Line","Good","Good Going Forward","GGF","GGF","1","AD","Passing","Start","",NA,"NSEO ","33339","17:15:39",NA,"9:15:39",NA,NA,NA,NA
"1173","SL_2016NSEO_Dive_33_10-30-43.000.avi","47784",NA,"595","820","QC","Asia","0",NA,"2016","33","1","Line","Good","Good Going Forward","GGF","GGF","1","AD","Passing","End","",NA,"NSEO ","39438","18:57:19",NA,"10:57:18",NA,NA,NA,NA
"1174","SL_2016NSEO_Dive_33_10-30-43.000.avi","187",NA,"551","799","QC","Asia","0",NA,"2016","33","1","Line","Good","Good Going Forward","GGF","GGF","1","AD","Passing","Start","",NA,"NSEO ","37852","18:30:52",NA,"10:30:52",NA,NA,NA,NA
"1175","SL_2016NSEO_Dive_34_11-57-20.000.avi","66892",NA,"512","798","QC","Asia","0",NA,"2016","34","1","Line","Good","Good Going Forward","GGF","GGF","4","AD","Passing","End","",NA,"NSEO ","45291","20:34:51",NA,"12:34:51",NA,NA,NA,NA
"1176","SL_2016NSEO_Dive_34_11-57-20.000.avi","65289",NA,"550","791","QC","Asia","0",NA,"2016","34","1","Line","Good","Good Going Forward","GGF","GGF","4","AD","Passing","","",NA,"NSEO ","45238","20:33:58",NA,"12:33:58",NA,NA,NA,NA
"1177","SL_2016NSEO_Dive_34_11-57-20.000.avi","64691",NA,"560","734","QC","Asia","0",NA,"2016","34","1","Line","Bad","loitering in same area","BLA","BLA",NA,"AD","Passing","","",NA,"NSEO ","45218","20:33:38",NA,"12:33:38",NA,NA,NA,NA
"1178","SL_2016NSEO_Dive_34_11-57-20.000.avi","63002",NA,"551","799","QC","Asia","0",NA,"2016","34","1","Line","Good","Good Going Forward","GGF","GGF","3","AD","Passing","","",NA,"NSEO ","45161","20:32:41",NA,"12:32:41",NA,NA,NA,NA
"1179","SL_2016NSEO_Dive_34_11-57-20.000.avi","62631",NA,"545","801","QC","Asia","0",NA,"2016","34","1","Line","Bad","loitering in same area","BLA","BLA",NA,"AD","Passing","","",NA,"NSEO ","45149","20:32:29",NA,"12:32:29",NA,NA,NA,NA
"1180","SL_2016NSEO_Dive_34_11-57-20.000.avi","41484",NA,"545","745","QC","Asia","0",NA,"2016","34","1","Line","Good","Good Going Forward","GGF","GGF","2","AD","Passing","","",NA,"NSEO ","44444","20:20:44",NA,"12:20:44",NA,NA,NA,NA
"1181","SL_2016NSEO_Dive_34_11-57-20.000.avi","41257",NA,"508","781","QC","Asia","0",NA,"2016","34","1","Line","Good","Good Going Forward","GGF","GGF","2","AD","Passing","","GGF in belly",NA,"NSEO ","44437","20:20:37",NA,"12:20:37",NA,NA,NA,NA
"1182","SL_2016NSEO_Dive_34_11-57-20.000.avi","20638",NA,"621","857","QC","Asia","0",NA,"2016","34","1","Line","Good","Good Going Forward","GGF","GGF","2","AD","Passing","","",NA,"NSEO ","43749","20:09:09",NA,"12:09:09",NA,NA,NA,NA
"1183","SL_2016NSEO_Dive_34_11-57-20.000.avi","18113",NA,"558","798","QC","Asia","0",NA,"2016","34","1","Line","Bad","loitering in same area","BLA","BLA",NA,"AD","Passing","","",NA,"NSEO ","43665","20:07:45",NA,"12:07:45",NA,NA,NA,NA
"1184","SL_2016NSEO_Dive_34_11-57-20.000.avi","324",NA,"590","883","QC","Asia","0",NA,"2016","34","1","Line","Good","Good Going Forward","GGF","GGF","1","AD","Passing","Start","",NA,"NSEO ","43072","19:57:52",NA,"11:57:52",NA,NA,NA,NA
"1185","SL_2016NSEO_Dive_35_14-08-39.000.avi","63360",NA,"506","677","QC","Asia","0",NA,"2016","35","1","Line","Good","Good Going Forward","GGF","GGF","2","AD","Passing","End","",NA,"NSEO ","53035","22:43:55",NA,"14:43:55",NA,NA,NA,NA
"1186","SL_2016NSEO_Dive_35_14-08-39.000.avi","23448",NA,"710","741","QC","Asia","0",NA,"2016","35","1","Line","Good","Good Going Forward","GGF","GGF","2","AD","Passing","","",NA,"NSEO ","51704","22:21:45",NA,"14:21:44",NA,NA,NA,NA
"1187","SL_2016NSEO_Dive_35_14-08-39.000.avi","22918",NA,"624","841","QC","Asia","0",NA,"2016","35","1","Line","Bad","loitering in same area","BLA","BLA",NA,"AD","Passing","","moving up and down",NA,"NSEO ","51687","22:21:27",NA,"14:21:27",NA,NA,NA,NA
"1188","SL_2016NSEO_Dive_35_14-08-39.000.avi","206",NA,"551","799","QC","Asia","0",NA,"2016","35","1","Line","Good","Good Going Forward","GGF","GGF","1","AD","Passing","Start","",NA,"NSEO ","50930","22:08:50",NA,"14:08:50",NA,NA,NA,NA
"1189","SL_2016NSEO_Dive_36_15-25-53.000.avi","60457",NA,"626","905","QC","Asia","0",NA,"2016","36","1","Line","Good","Good Going Forward","GGF","GGF","2","AD","Passing","End","",NA,"NSEO ","57586","23:59:46",NA,"15:59:46",NA,NA,NA,NA
"1190","SL_2016NSEO_Dive_36_15-25-53.000.avi","56042",NA,"551","799","QC","Asia","0",NA,"2016","36","1","Line","Good","Good Going Forward","GGF","GGF","2","AD","Passing","","",NA,"NSEO ","57439","23:57:19",NA,"15:57:19",NA,NA,NA,NA
"1191","SL_2016NSEO_Dive_36_15-25-53.000.avi","55588",NA,"639","870","QC","Asia","0",NA,"2016","36","1","Line","Bad","loitering in same area","BLA","BLA",NA,"AD","Passing","","",NA,"NSEO ","57424","23:57:04",NA,"15:57:04",NA,NA,NA,NA
"1192","SL_2016NSEO_Dive_36_15-25-53.000.avi","251",NA,"573","808","QC","Asia","0",NA,"2016","36","1","Line","Good","Good Going Forward","GGF","GGF","1","AD","Passing","Start","",NA,"NSEO ","55580","23:26:20",NA,"15:26:20",NA,NA,NA,NA
"1193","SL_2016NSEO_Dive_37_16-51-51.000.avi","54329",NA,"640","966","QC","Asia","0",NA,"2016","37","1","Line","Good","Good Going Forward","GGF","GGF","3","AD","Passing","End","",NA,"NSEO ","62526","1:22:06",NA,"17:22:06",NA,NA,NA,NA
"1194","SL_2016NSEO_Dive_37_16-51-51.000.avi","3238",NA,"551","799","QC","Asia","0",NA,"2016","37","1","Line","Good","Good Going Forward","GGF","GGF","3","AD","Passing","","",NA,"NSEO ","60823","0:53:43",NA,"16:53:43",NA,NA,NA,NA
"1195","SL_2016NSEO_Dive_37_16-51-51.000.avi","2789",NA,"551","784","QC","Asia","0",NA,"2016","37","1","Line","Bad","loitering in same area","BLA","BLA",NA,"AD","Passing","","",NA,"NSEO ","60808","0:53:28",NA,"16:53:28",NA,NA,NA,NA
"1196","SL_2016NSEO_Dive_37_16-51-51.000.avi","1915",NA,"551","799","QC","Asia","0",NA,"2016","37","1","Line","Good","Good Going Forward","GGF","GGF","2","AD","Passing","","",NA,"NSEO ","60779","0:52:59",NA,"16:52:59",NA,NA,NA,NA
"1197","SL_2016NSEO_Dive_37_16-51-51.000.avi","1639",NA,"528","843","QC","Asia","0",NA,"2016","37","1","Line","Bad","loitering in same area","BLA","BLA",NA,"AD","Passing","","",NA,"NSEO ","60769","0:52:49",NA,"16:52:49",NA,NA,NA,NA
"1198","SL_2016NSEO_Dive_37_16-51-51.000.avi","393",NA,"633","798","QC","Asia","0",NA,"2016","37","1","Line","Good","Good Going Forward","GGF","GGF","1","AD","Passing","Start","",NA,"NSEO ","60728","0:52:08",NA,"16:52:08",NA,NA,NA,NA
"1199","SL_2016NSEO_Dive_38_07-53-49.000.avi","74477",NA,"551","734","QC","Asia","0",NA,"2016","38","1","Line","Good","Good Going Forward","GGF","GGF","3","AD","Passing","End","",NA,"NSEO ","30926","16:35:27",NA,"8:35:26",NA,NA,NA,NA
"1200","SL_2016NSEO_Dive_38_07-53-49.000.avi","72809",NA,"551","799","QC","Asia","0",NA,"2016","38","1","Line","Good","Good Going Forward","GGF","GGF","3","AD","Passing","","SL good",NA,"NSEO ","30871","16:34:31",NA,"8:34:31",NA,NA,NA,NA
"1201","SL_2016NSEO_Dive_38_07-53-49.000.avi","71963",NA,"619","828","QC","Asia","0",NA,"2016","38","1","Line","Good","Good Going Forward","GGF","GGF","3","AD","Passing","","BLB in SL but not in belly",NA,"NSEO ","30843","16:34:03",NA,"8:34:03",NA,NA,NA,NA
"1202","SL_2016NSEO_Dive_38_07-53-49.000.avi","71070",NA,"592","737","QC","Asia","0",NA,"2016","38","1","Line","Good","Good Going Forward","GGF","GGF","3","AD","Passing","","",NA,"NSEO ","30813","16:33:33",NA,"8:33:33",NA,NA,NA,NA
"1203","SL_2016NSEO_Dive_38_07-53-49.000.avi","70918",NA,"539","643","QC","Asia","0",NA,"2016","38","1","Line","Bad","lost bottom visual","BLB","BLB",NA,"AD","Passing","","",NA,"NSEO ","30808","16:33:28",NA,"8:33:28",NA,NA,NA,NA
"1204","SL_2016NSEO_Dive_38_07-53-49.000.avi","32257",NA,"562","760","QC","Asia","0",NA,"2016","38","1","Line","Good","Good Going Forward","GGF","GGF","2","AD","Passing","","",NA,"NSEO ","29519","16:11:59",NA,"8:11:59",NA,NA,NA,NA
"1205","SL_2016NSEO_Dive_38_07-53-49.000.avi","31369",NA,"550","797","QC","Asia","0",NA,"2016","38","1","Line","Bad","loitering in same area","BLA","BLA",NA,"AD","Passing","","",NA,"NSEO ","29490","16:11:30",NA,"8:11:30",NA,NA,NA,NA
"1206","SL_2016NSEO_Dive_38_07-53-49.000.avi","337",NA,"551","799","QC","Asia","0",NA,"2016","38","1","Line","Good","Good Going Forward","GGF","GGF","1","AD","Passing","Start","",NA,"NSEO ","28455","15:54:15",NA,"7:54:15",NA,NA,NA,NA
"1207","SL_2016NSEO_Dive_39_09-08-54.000.avi","72826",NA,"550","797","QC","Asia","0",NA,"2016","39","1","Line","Good","Good Going Forward","GGF","GGF","2","AD","Passing","End","",NA,"NSEO ","35383","17:49:43",NA,"9:49:43",NA,NA,NA,NA
"1208","SL_2016NSEO_Dive_39_09-08-54.000.avi","62817",NA,"551","799","QC","Asia","0",NA,"2016","39","1","Line","Good","Good Going Forward","GGF","GGF","2","AD","Passing","","SL good",NA,"NSEO ","35049","17:44:09",NA,"9:44:09",NA,NA,NA,NA
"1209","SL_2016NSEO_Dive_39_09-08-54.000.avi","61844",NA,"610","983","QC","Asia","0",NA,"2016","39","1","Line","Good","Good Going Forward","GGF","GGF","2","AD","Passing","","BLB in SL but not in belly",NA,"NSEO ","35017","17:43:37",NA,"9:43:37",NA,NA,NA,NA
"1210","SL_2016NSEO_Dive_39_09-08-54.000.avi","48428",NA,"552","787","QC","Asia","0",NA,"2016","39","1","Line","Good","Good Going Forward","GGF","GGF","2","AD","Passing","","SL good",NA,"NSEO ","34570","17:36:10",NA,"9:36:10",NA,NA,NA,NA
"1211","SL_2016NSEO_Dive_39_09-08-54.000.avi","48185",NA,"500","758","QC","Asia","0",NA,"2016","39","1","Line","Good","Good Going Forward","GGF","GGF","2","AD","Passing","","BLB in SL but not in belly",NA,"NSEO ","34561","17:36:01",NA,"9:36:01",NA,NA,NA,NA
"1212","SL_2016NSEO_Dive_39_09-08-54.000.avi","2550",NA,"551","799","QC","Asia","0",NA,"2016","39","1","Line","Good","Good Going Forward","GGF","GGF","2","AD","Passing","","",NA,"NSEO ","33040","17:10:40",NA,"9:10:40",NA,NA,NA,NA
"1213","SL_2016NSEO_Dive_39_09-08-54.000.avi","2377",NA,"551","799","QC","Asia","0",NA,"2016","39","1","Line","Bad","repositioned","BRP","BRP",NA,"AD","Passing","","turned",NA,"NSEO ","33034","17:10:35",NA,"9:10:34",NA,NA,NA,NA
"1214","SL_2016NSEO_Dive_39_09-08-54.000.avi","1515",NA,"602","951","QC","Asia","0",NA,"2016","39","1","Line","Good","Good Going Forward","GGF","GGF","1","AD","Passing","Start","",NA,"NSEO ","33006","17:10:06",NA,"9:10:06",NA,NA,NA,NA
"1215","SL_2016NSEO_Dive_40_10-29-16.000.avi","81928",NA,"560","960","QC","Asia","0",NA,"2016","40","1","Line","Good","Good Going Forward","GGF","GGF","2","AD","Passing","End","",NA,"NSEO ","40502","19:15:02",NA,"11:15:02",NA,NA,NA,NA
"1216","SL_2016NSEO_Dive_40_10-29-16.000.avi","17599",NA,"649","878","QC","Asia","0",NA,"2016","40","1","Line","Good","Good Going Forward","GGF","GGF","2","AD","Passing","","head shake",NA,"NSEO ","38358","18:39:18",NA,"10:39:18",NA,NA,NA,NA
"1217","SL_2016NSEO_Dive_40_10-29-16.000.avi","16848",NA,"551","799","QC","Asia","0",NA,"2016","40","1","Line","Bad","repositioned","BRP","BRP",NA,"AD","Passing","","head shake",NA,"NSEO ","38333","18:38:53",NA,"10:38:53",NA,NA,NA,NA
"1218","SL_2016NSEO_Dive_40_10-29-16.000.avi","16182",NA,"776","859","QC","Asia","0",NA,"2016","40","1","Line","Bad","loitering in same area","BLA","BLA",NA,"AD","Passing","","",NA,"NSEO ","38311","18:38:31",NA,"10:38:31",NA,NA,NA,NA
"1219","SL_2016NSEO_Dive_40_10-29-16.000.avi","7722",NA,"597","627","QC","Asia","0",NA,"2016","40","1","Line","Good","Good Going Forward","GGF","GGF","1","AD","Passing","","SL good",NA,"NSEO ","38029","18:33:49",NA,"10:33:49",NA,NA,NA,NA
"1220","SL_2016NSEO_Dive_40_10-29-16.000.avi","7122",NA,"914","1056","QC","Asia","0",NA,"2016","40","1","Line","Good","Good Going Forward","GGF","GGF","1","AD","Passing","","BLB in SL but not in belly",NA,"NSEO ","38009","18:33:29",NA,"10:33:29",NA,NA,NA,NA
"1221","SL_2016NSEO_Dive_40_10-29-16.000.avi","325",NA,"748","978","QC","Asia","0",NA,"2016","40","1","Line","Good","Good Going Forward","GGF","GGF","1","AD","Passing","Start","",NA,"NSEO ","37782","18:29:42",NA,"10:29:42",NA,NA,NA,NA
"1222","SL_2016NSEO_Dive_41_11-58-17.000.avi","61481",NA,"551","799","QC","Asia","0",NA,"2016","41","1","Line","Good","Good Going Forward","GGF","GGF","2","AD","Passing","End","",NA,"NSEO ","45162","20:32:42",NA,"12:32:42",NA,NA,NA,NA
"1223","SL_2016NSEO_Dive_41_11-58-17.000.avi","6543",NA,"693","810","QC","Asia","0",NA,"2016","41","1","Line","Good","Good Going Forward","GGF","GGF","2","AD","Passing","","",NA,"NSEO ","43330","20:02:10",NA,"12:02:10",NA,NA,NA,NA
"1224","SL_2016NSEO_Dive_41_11-58-17.000.avi","5951",NA,"623","799","QC","Asia","0",NA,"2016","41","1","Line","Bad","loitering in same area","BLA","BLA",NA,"AD","Passing","","",NA,"NSEO ","43311","20:01:51",NA,"12:01:51",NA,NA,NA,NA
"1225","SL_2016NSEO_Dive_41_11-58-17.000.avi","5495",NA,"537","760","QC","Asia","0",NA,"2016","41","1","Line","Good","Good Going Forward","GGF","GGF","1","AD","Passing","","BLB in SL but not in belly",NA,"NSEO ","43295","20:01:35",NA,"12:01:35",NA,NA,NA,NA
"1226","SL_2016NSEO_Dive_41_11-58-17.000.avi","187",NA,"551","799","QC","Asia","0",NA,"2016","41","1","Line","Good","Good Going Forward","GGF","GGF","1","AD","Passing","Start","",NA,"NSEO ","43118","19:58:38",NA,"11:58:38",NA,NA,NA,NA
"1227","SL_2016NSEO_Dive_42_13-23-15.000.avi","58874",NA,"564","833","QC","Asia","0",NA,"2016","42","1","Line","Good","Good Going Forward","GGF","GGF","5","AD","Passing","End","",NA,"NSEO ","50175","21:56:15",NA,"13:56:15",NA,NA,NA,NA
"1228","SL_2016NSEO_Dive_42_13-23-15.000.avi","57890",NA,"500","820","QC","Asia","0",NA,"2016","42","1","Line","Good","Good Going Forward","GGF","GGF","5","AD","Passing","","",NA,"NSEO ","50142","21:55:42",NA,"13:55:42",NA,NA,NA,NA
"1229","SL_2016NSEO_Dive_42_13-23-15.000.avi","57223",NA,"628","818","QC","Asia","0",NA,"2016","42","1","Line","Bad","loitering in same area","BLA","BLA",NA,"AD","Passing","","",NA,"NSEO ","50120","21:55:20",NA,"13:55:20",NA,NA,NA,NA
"1230","SL_2016NSEO_Dive_42_13-23-15.000.avi","48591",NA,"551","798","QC","Asia","0",NA,"2016","42","1","Line","Good","Good Going Forward","GGF","GGF","4","AD","Passing","","",NA,"NSEO ","49832","21:50:32",NA,"13:50:32",NA,NA,NA,NA
"1231","SL_2016NSEO_Dive_42_13-23-15.000.avi","48352",NA,"565","825","QC","Asia","0",NA,"2016","42","1","Line","Bad","loitering in same area","BLA","BLA",NA,"AD","Passing","","BLB for SL; BLA for belly",NA,"NSEO ","49824","21:50:24",NA,"13:50:24",NA,NA,NA,NA
"1232","SL_2016NSEO_Dive_42_13-23-15.000.avi","45471",NA,"587","803","QC","Asia","0",NA,"2016","42","1","Line","Good","Good Going Forward","GGF","GGF","3","AD","Passing","","",NA,"NSEO ","49728","21:48:48",NA,"13:48:48",NA,NA,NA,NA
"1233","SL_2016NSEO_Dive_42_13-23-15.000.avi","44980",NA,"479","728","QC","Asia","0",NA,"2016","42","1","Line","Bad","loitering in same area","BLA","BLA",NA,"AD","Passing","","",NA,"NSEO ","49712","21:48:32",NA,"13:48:32",NA,NA,NA,NA
"1234","SL_2016NSEO_Dive_42_13-23-15.000.avi","44779",NA,"528","869","QC","Asia","0",NA,"2016","42","1","Line","Good","Good Going Forward","GGF","GGF","2","AD","Passing","","BLB in SL but not in belly",NA,"NSEO ","49705","21:48:25",NA,"13:48:25",NA,NA,NA,NA
"1235","SL_2016NSEO_Dive_42_13-23-15.000.avi","12920",NA,"494","798","QC","Asia","0",NA,"2016","42","1","Line","Good","Good Going Forward","GGF","GGF","2","AD","Passing","","",NA,"NSEO ","48643","21:30:43",NA,"13:30:43",NA,NA,NA,NA
"1236","SL_2016NSEO_Dive_42_13-23-15.000.avi","12509",NA,"551","799","QC","Asia","0",NA,"2016","42","1","Line","Bad","loitering in same area","BLA","BLA",NA,"AD","Passing","","",NA,"NSEO ","48630","21:30:30",NA,"13:30:30",NA,NA,NA,NA
"1237","SL_2016NSEO_Dive_42_13-23-15.000.avi","739",NA,"551","798","QC","Asia","0",NA,"2016","42","1","Line","Good","Good Going Forward","GGF","GGF","1","AD","Passing","Start","",NA,"NSEO ","48237","21:23:57",NA,"13:23:57",NA,NA,NA,NA
"1238","SL_2016NSEO_Dive_43_14-34-57.000.avi","52934",NA,"549","794","QC","Asia","0",NA,"2016","43","1","Line","Good","Good Going Forward","GGF","GGF","1","AD","Passing","End","",NA,"NSEO ","54277","23:04:37",NA,"15:04:37",NA,NA,NA,NA
"1239","SL_2016NSEO_Dive_43_14-34-57.000.avi","273",NA,"545","761","QC","Asia","0",NA,"2016","43","1","Line","Good","Good Going Forward","GGF","GGF","1","AD","Passing","Start","",NA,"NSEO ","52522","22:35:22",NA,"14:35:22",NA,NA,NA,NA
"1240","SL_2016NSEO_Dive_45_11-24-52.000.avi","84482",NA,"604","736","QC","Asia","0",NA,"2016","45","1","Line","Good","Good Going Forward","GGF","GGF","6","AD","Passing","End","",NA,"NSEO ","43925","20:12:05",NA,"12:12:05",NA,NA,NA,NA
"1241","SL_2016NSEO_Dive_45_11-24-52.000.avi","78661",NA,"597","918","QC","Asia","0",NA,"2016","45","1","Line","Good","Good Going Forward","GGF","GGF","6","AD","Passing","","",NA,"NSEO ","43731","20:08:51",NA,"12:08:51",NA,NA,NA,NA
"1242","SL_2016NSEO_Dive_45_11-24-52.000.avi","78082",NA,"624","835","QC","Asia","0",NA,"2016","45","1","Line","Good","resting on bottom with close-up image","GRBC","GRBC","5","AD","Passing","","",NA,"NSEO ","43712","20:08:32",NA,"12:08:32",NA,NA,NA,NA
"1243","SL_2016NSEO_Dive_45_11-24-52.000.avi","37803",NA,"596","797","QC","Asia","0",NA,"2016","45","1","Line","Good","Good Going Forward","GGF","GGF","4","AD","Passing","","",NA,"NSEO ","42369","19:46:10",NA,"11:46:09",NA,NA,NA,NA
"1244","SL_2016NSEO_Dive_45_11-24-52.000.avi","37436",NA,"724","686","QC","Asia","0",NA,"2016","45","1","Line","Good","resting on bottom with close-up image","GRBC","GRBC","3","AD","Passing","","",NA,"NSEO ","42357","19:45:57",NA,"11:45:57",NA,NA,NA,NA
"1245","SL_2016NSEO_Dive_45_11-24-52.000.avi","2566",NA,"738","684","QC","Asia","0",NA,"2016","45","1","Line","Good","Good Going Forward","GGF","GGF","2","AD","Passing","","",NA,"NSEO ","41195","19:26:35",NA,"11:26:35",NA,NA,NA,NA
"1246","SL_2016NSEO_Dive_45_11-24-52.000.avi","2276",NA,"643","722","QC","Asia","0",NA,"2016","45","1","Line","Bad","loitering in same area","BLA","BLA",NA,"AD","Passing","","",NA,"NSEO ","41185","19:26:25",NA,"11:26:25",NA,NA,NA,NA
"1247","SL_2016NSEO_Dive_45_11-24-52.000.avi","266",NA,"636","825","QC","Asia","0",NA,"2016","45","1","Line","Good","Good Going Forward","GGF","GGF","1","AD","Passing","Start","",NA,"NSEO ","41118","19:25:18",NA,"11:25:18",NA,NA,NA,NA
"1248","SL_2017EYKT_Dive_01_13-26-38.000.avi","1669","13:27:41","454","888","QC","Amy",NA,NA,"2017","1","1","Line","Good","Good Going Forward","GGF","GGF","1","","","Start","","","EYKT",NA,NA,NA,NA,NA,NA,NA,NA
"1249","SL_2017EYKT_Dive_01_13-26-38.000.avi","24001","13:40:05","542","712","QC","Amy",NA,NA,"2017","1","1","Line","Good","Good Going Forward","GGF","GGF","3","AD","Passing","","climbing wall","","EYKT",NA,NA,NA,NA,NA,NA,NA,NA
"1250","SL_2017EYKT_Dive_01_13-26-38.000.avi","25847","13:41:07","538","850","QC","Amy",NA,NA,"2017","1","1","Line","Good","Good Going Forward","GGF","GGF","4","AD","Passing","","","","EYKT",NA,NA,NA,NA,NA,NA,NA,NA
"1251","SL_2017EYKT_Dive_01_13-26-38.000.avi","27015","13:41:46","646","857","QC","Amy",NA,NA,"2017","1","1","Line","Good","Good Going Forward","GGF","GGF","5","AD","Passing","","can see bottom in belly","","EYKT",NA,NA,NA,NA,NA,NA,NA,NA
"1252","SL_2017EYKT_Dive_01_13-26-38.000.avi","27526","13:42:03","542","788","QC","Amy",NA,NA,"2017","1","1","Line","Good","Good Going Forward","GGF","GGF","6","AD","Passing","","","","EYKT",NA,NA,NA,NA,NA,NA,NA,NA
"1253","SL_2017EYKT_Dive_01_13-26-38.000.avi","27850","13:42:13","519","764","QC","Amy",NA,NA,"2017","1","1","Line","Good","Good Going Forward","GGF","GGF","20","AD","Passing","","can see bottom in belly","","EYKT",NA,NA,NA,NA,NA,NA,NA,NA
"1254","SL_2017EYKT_Dive_01_13-26-38.000.avi","27951","13:42:17","483","576","QC","Amy",NA,NA,"2017","1","1","Line","Bad","lost bottom visual","BLB","BLB","14","AD","Passing","","","","EYKT",NA,NA,NA,NA,NA,NA,NA,NA
"1255","SL_2017EYKT_Dive_01_13-26-38.000.avi","28511","13:42:35","543","799","QC","Amy",NA,NA,"2017","1","1","Line","Good","Good Going Forward","GGF","GGF","21","AD","Passing","","can see bottom in belly","","EYKT",NA,NA,NA,NA,NA,NA,NA,NA
"1256","SL_2017EYKT_Dive_01_13-26-38.000.avi","28886","13:42:48","530","835","QC","Amy",NA,NA,"2017","1","1","Line","Bad","lost bottom visual","BLB","BLB","22","AD","Passing","","","","EYKT",NA,NA,NA,NA,NA,NA,NA,NA
"1257","SL_2017EYKT_Dive_01_13-26-38.000.avi","29186","13:42:58","654","913","QC","Amy",NA,NA,"2017","1","1","Line","Good","Good Going Forward","GGF","GGF","17","AD","Passing","","can see in belly","","EYKT",NA,NA,NA,NA,NA,NA,NA,NA
"1258","SL_2017EYKT_Dive_01_13-26-38.000.avi","29407","13:43:05","522","796","QC","Amy",NA,NA,"2017","1","1","Line","Good","Good Going Forward","GGF","GGF","8","AD","Passing","","","","EYKT",NA,NA,NA,NA,NA,NA,NA,NA
"1259","SL_2017EYKT_Dive_01_13-26-38.000.avi","73415","14:07:32","605","804","QC","Amy",NA,NA,"2017","1","1","Line","Good","Good Going Forward","GGF","GGF","18","AD","Passing","","can see in belly","","EYKT",NA,NA,NA,NA,NA,NA,NA,NA
"1260","SL_2017EYKT_Dive_01_13-26-38.000.avi","74062","14:07:54","557","806","QC","Amy",NA,NA,"2017","1","1","Line","Good","Good Going Forward","GGF","GGF","10","AD","Passing","","","","EYKT",NA,NA,NA,NA,NA,NA,NA,NA
"1261","SL_2017EYKT_Dive_01_13-26-38.000.avi","76456","14:09:14","623","839","QC","Amy",NA,NA,"2017","1","1","Line","Bad","loitering in same area","BLA","BLA","11","AD","Passing","","","","EYKT",NA,NA,NA,NA,NA,NA,NA,NA
"1262","SL_2017EYKT_Dive_01_13-26-38.000.avi","76928","14:09:29","589","866","QC","Amy",NA,NA,"2017","1","1","Line","Good","Good Going Forward","GGF","GGF","12","AD","Passing","","","","EYKT",NA,NA,NA,NA,NA,NA,NA,NA
"1263","SL_2017EYKT_Dive_01_13-26-38.000.avi","80878","14:11:41","559","816","QC","Amy",NA,NA,"2017","1","1","Line","Good","Good Going Forward","GGF","GGF","13","AD","Passing","","can see bottom in belly","","EYKT",NA,NA,NA,NA,NA,NA,NA,NA
"1264","SL_2017EYKT_Dive_01_13-26-38.000.avi","81116","14:11:49","631","816","QC","Amy",NA,NA,"2017","1","1","Line","Good","Good Going Forward","GGF","GGF","2","AD","Passing","End","","","EYKT",NA,NA,NA,NA,NA,NA,NA,NA
"1265","SL_2017EYKT_Dive_02_19-08-19.000.avi","286","19:08:31","234","392","QC","Amy",NA,NA,"2017","2","1","Line","Good","Good Going Forward","GGF","GGF","1","AD","Passing","Start","","","EYKT",NA,NA,NA,NA,NA,NA,NA,NA
"1266","SL_2017EYKT_Dive_02_19-08-19.000.avi","56374","19:39:40","328","338","QC","Amy",NA,NA,"2017","2","1","Line","Good","Good Going Forward","GGF","GGF","3","AD","Passing","","can see bottom in belly","","EYKT",NA,NA,NA,NA,NA,NA,NA,NA
"1267","SL_2017EYKT_Dive_02_19-08-19.000.avi","56477","19:39:44","214","357","QC","Amy",NA,NA,"2017","2","1","Line","Bad","going over drop-off","BDO","BDO","5","AD","Passing","","","","EYKT",NA,NA,NA,NA,NA,NA,NA,NA
"1268","SL_2017EYKT_Dive_02_19-08-19.000.avi","56967","19:40:00","222","342","QC","Amy",NA,NA,"2017","2","1","Line","Good","Good Going Forward","GGF","GGF","4","AD","Passing","","","","EYKT",NA,NA,NA,NA,NA,NA,NA,NA
"1269","SL_2017EYKT_Dive_02_19-08-19.000.avi","75373","19:50:13","249","357","QC","Amy",NA,NA,"2017","2","1","Line","Good","Good Going Forward","GGF","GGF","2","AD","Passing","End","","","EYKT",NA,NA,NA,NA,NA,NA,NA,NA
"1270","SL_2017EYKT_Dive_03_06-15-41.000.avi","143","6:15:51","241","372","QC","Amy",NA,NA,"2017","3","1","Line","Good","Good Going Forward","GGF","GGF","1","AD","Passing","Start","","","EYKT",NA,NA,NA,NA,NA,NA,NA,NA
"1271","SL_2017EYKT_Dive_03_06-15-41.000.avi","24120","6:29:10","249","351","QC","Amy",NA,NA,"2017","3","1","Line","Good","Good Going Forward","GGF","GGF","3","AD","Passing","","camera tech issue.can see bottom in belly","","EYKT",NA,NA,NA,NA,NA,NA,NA,NA
"1272","SL_2017EYKT_Dive_03_06-15-41.000.avi","24376","6:29:19","269","322","QC","Amy",NA,NA,"2017","3","1","Line","Good","Good Going Forward","GGF","GGF","4","AD","Passing","","","","EYKT",NA,NA,NA,NA,NA,NA,NA,NA
"1273","SL_2017EYKT_Dive_03_06-15-41.000.avi","69458","6:54:21","235","342","QC","Amy",NA,NA,"2017","3","1","Line","Good","Good Going Forward","GGF","GGF","2","AD","Passing","End","","","EYKT",NA,NA,NA,NA,NA,NA,NA,NA
"1274","SL_2017EYKT_Dive_04_07-53-38.000.avi","116","7:53:46","195","374","QC","Amy",NA,NA,"2017","4","1","Line","Good","Good Going Forward","GGF","GGF","1","AD","Passing","Start","","","EYKT",NA,NA,NA,NA,NA,NA,NA,NA
"1275","SL_2017EYKT_Dive_04_07-53-38.000.avi","61951","8:28:07","206","365","QC","Amy",NA,NA,"2017","4","1","Line","Good","Good Going Forward","GGF","GGF","2","AD","Passing","End","","","EYKT",NA,NA,NA,NA,NA,NA,NA,NA
"1276","SL_2017EYKT_Dive_05_10-02-35.000.avi","250","10:02:47","178","354","QC","Amy",NA,NA,"2017","5","1","Line","Good","Good Going Forward","GGF","GGF","1","AD","Passing","Start","","","EYKT",NA,NA,NA,NA,NA,NA,NA,NA
"1277","SL_2017EYKT_Dive_05_10-02-35.000.avi","5648","10:05:47","383","363","QC","Amy",NA,NA,"2017","5","1","Line","Good","Good Going Forward","GGF","GGF","5","AD","Passing","","can see bottom in belly","","EYKT",NA,NA,NA,NA,NA,NA,NA,NA
"1278","SL_2017EYKT_Dive_05_10-02-35.000.avi","6099","10:06:02","229","362","QC","Amy",NA,NA,"2017","5","1","Line","Good","Good Going Forward","GGF","GGF","4","AD","Passing","","","","EYKT",NA,NA,NA,NA,NA,NA,NA,NA
"1279","SL_2017EYKT_Dive_05_10-02-35.000.avi","61428","10:36:47","287","328","QC","Amy",NA,NA,"2017","5","1","Line","Good","Good Going Forward","GGF","GGF","2","AD","Passing","End","","","EYKT",NA,NA,NA,NA,NA,NA,NA,NA
"1280","SL_2017EYKT_Dive_06_11-14-20.000.avi","122","11:14:28","206","314","QC","Amy",NA,NA,"2017","6","1","Line","Good","Good Going Forward","GGF","GGF","1","AD","Passing","Start","","","EYKT",NA,NA,NA,NA,NA,NA,NA,NA
"1281","SL_2017EYKT_Dive_06_11-14-20.000.avi","61649","11:48:39","189","348","QC","Amy",NA,NA,"2017","6","1","Line","Good","Good Going Forward","GGF","GGF","2","AD","Passing","End","","","EYKT",NA,NA,NA,NA,NA,NA,NA,NA
"1282","SL_2017EYKT_Dive_07_12-24-11.000.avi","175","12:24:27","226","332","QC","Amy",NA,NA,"2017","7","1","Line","Good","Good Going Forward","GGF","GGF","1","AD","Passing","Start","","","EYKT",NA,NA,NA,NA,NA,NA,NA,NA
"1283","SL_2017EYKT_Dive_07_12-24-11.000.avi","64159","13:00:00","246","335","QC","Amy",NA,NA,"2017","7","1","Line","Good","Good Going Forward","GGF","GGF","2","AD","Passing","End","","","EYKT",NA,NA,NA,NA,NA,NA,NA,NA
"1284","SL_2017EYKT_Dive_08_13-36-09.000.avi","220","13:36:55","226","361","QC","Amy",NA,NA,"2017","8","1","Line","Good","Good Going Forward","GGF","GGF","1","AD","Passing","Start","","","EYKT",NA,NA,NA,NA,NA,NA,NA,NA
"1285","SL_2017EYKT_Dive_08_13-36-09.000.avi","75190","14:18:34","233","376","QC","Amy",NA,NA,"2017","8","1","Line","Good","Good Going Forward","GGF","GGF","2","AD","Passing","End","","","EYKT",NA,NA,NA,NA,NA,NA,NA,NA
"1286","SL_2017EYKT_Dive_09_14-56-10.000.avi","449","14:56:35","238","337","QC","Amy",NA,NA,"2017","9","1","Line","Good","Good Going Forward","GGF","GGF","1","AD","Passing","Start","","","EYKT",NA,NA,NA,NA,NA,NA,NA,NA
"1287","SL_2017EYKT_Dive_09_14-56-10.000.avi","60413","15:29:54","224","324","QC","Amy",NA,NA,"2017","9","1","Line","Good","Good Going Forward","GGF","GGF","2","AD","Passing","End","","","EYKT",NA,NA,NA,NA,NA,NA,NA,NA
"1288","SL_2017EYKT_Dive_10_16-14-22.000.avi","305","16:15:04","222","352","QC","Amy",NA,NA,"2017","10","1","Line","Good","Good Going Forward","GGF","GGF","1","AD","Passing","Start","","","EYKT",NA,NA,NA,NA,NA,NA,NA,NA
"1289","SL_2017EYKT_Dive_10_16-14-22.000.avi","47285","16:41:10","254","343","QC","Amy",NA,NA,"2017","10","1","Line","Good","Good Going Forward","GGF","GGF","3","AD","Passing","","can see bottom in belly","16:41:11","EYKT",NA,NA,NA,NA,NA,NA,NA,NA
"1290","SL_2017EYKT_Dive_10_16-14-22.000.avi","47544","16:41:19","171","276","QC","Amy",NA,NA,"2017","10","1","Line","Good","Good Going Forward","GGF","GGF","4","AD","Passing","","","16:41:20","EYKT",NA,NA,NA,NA,NA,NA,NA,NA
"1291","SL_2017EYKT_Dive_10_16-14-22.000.avi","49793","16:42:34","198","308","QC","Amy",NA,NA,"2017","10","1","Line","Good","Good Going Forward","GGF","GGF","5","AD","Passing","","see bottom in belly","16:42:35","EYKT",NA,NA,NA,NA,NA,NA,NA,NA
"1292","SL_2017EYKT_Dive_10_16-14-22.000.avi","50235","16:42:49","264","384","QC","Amy",NA,NA,"2017","10","1","Line","Good","Good Going Forward","GGF","GGF","6","AD","Passing","","","16:42:50","EYKT",NA,NA,NA,NA,NA,NA,NA,NA
"1293","SL_2017EYKT_Dive_10_16-14-22.000.avi","55968","16:46:00","281","364","QC","Amy",NA,NA,"2017","10","1","Line","Good","Good Going Forward","GGF","GGF","7","AD","Passing","","can see in belly","16:46:01","EYKT",NA,NA,NA,NA,NA,NA,NA,NA
"1294","SL_2017EYKT_Dive_10_16-14-22.000.avi","56213","16:46:08","239","354","QC","Amy",NA,NA,"2017","10","1","Line","Good","Good Going Forward","GGF","GGF","8","AD","Passing","","","16:46:09","EYKT",NA,NA,NA,NA,NA,NA,NA,NA
"1295","SL_2017EYKT_Dive_10_16-14-22.000.avi","66213","16:51:41","249","343","QC","Amy",NA,NA,"2017","10","1","Line","Good","Good Going Forward","GGF","GGF","9","AD","Passing","","can see in belly","16:51:43","EYKT",NA,NA,NA,NA,NA,NA,NA,NA
"1296","SL_2017EYKT_Dive_10_16-14-22.000.avi","66367","16:51:46","233","341","QC","Amy",NA,NA,"2017","10","1","Line","Bad","going over drop-off","BDO","BDO","12","AD","Passing","","","16:51:48","EYKT",NA,NA,NA,NA,NA,NA,NA,NA
"1297","SL_2017EYKT_Dive_10_16-14-22.000.avi","66792","16:52:00","231","353","QC","Amy",NA,NA,"2017","10","1","Line","Good","Good Going Forward","GGF","GGF","10","AD","Passing","","","16:52:02","EYKT",NA,NA,NA,NA,NA,NA,NA,NA
"1298","SL_2017EYKT_Dive_10_16-14-22.000.avi","74003","16:56:01","229","358","QC","Amy",NA,NA,"2017","10","1","Line","Good","Good Going Forward","GGF","GGF","11","AD","Passing","End","","16:56:03","EYKT",NA,NA,NA,NA,NA,NA,NA,NA
"1299","SL_2017EYKT_Dive_11_17-24-15.000.avi","582","17:24:36","261","322","QC","Amy",NA,NA,"2017","11","1","Line","Good","Good Going Forward","GGF","GGF","1","AD","Passing","Start","","17:24:37","EYKT",NA,NA,NA,NA,NA,NA,NA,NA
"1300","SL_2017EYKT_Dive_11_17-24-15.000.avi","16215","17:33:17","229","349","QC","Amy",NA,NA,"2017","11","1","Line","Bad","loitering in same area","BLA","BLA","2","AD","Passing","","pause. investigate ubilicle tangle","17:33:18","EYKT",NA,NA,NA,NA,NA,NA,NA,NA
"1301","SL_2017EYKT_Dive_11_17-24-15.000.avi","23972","17:37:36","233","356","QC","Amy",NA,NA,"2017","11","1","Line","Good","Good Going Forward","GGF","GGF","3","AD","Passing","","","17:37:37","EYKT",NA,NA,NA,NA,NA,NA,NA,NA
"1302","SL_2017EYKT_Dive_11_17-24-15.000.avi","53241","17:53:52","304","317","QC","Amy",NA,NA,"2017","11","1","Line","Good","Good Going Forward","GGF","GGF","4","AD","Passing","","see bottom in belly","17:53:54","EYKT",NA,NA,NA,NA,NA,NA,NA,NA
"1303","SL_2017EYKT_Dive_11_17-24-15.000.avi","53331","17:53:55","241","305","QC","Amy",NA,NA,"2017","11","1","Line","Bad","lost bottom visual","BLB","BLB","11","AD","Passing","","","17:53:57","EYKT",NA,NA,NA,NA,NA,NA,NA,NA
"1304","SL_2017EYKT_Dive_11_17-24-15.000.avi","53569","17:54:03","258","326","QC","Amy",NA,NA,"2017","11","1","Line","Good","Good Going Forward","GGF","GGF","5","AD","Passing","","","17:54:05","EYKT",NA,NA,NA,NA,NA,NA,NA,NA
"1305","SL_2017EYKT_Dive_11_17-24-15.000.avi","56617","17:55:44","284","330","QC","Amy",NA,NA,"2017","11","1","Line","Good","Good Going Forward","GGF","GGF","7","AD","Passing","","see bottom in belly","17:55:46","EYKT",NA,NA,NA,NA,NA,NA,NA,NA
"1306","SL_2017EYKT_Dive_11_17-24-15.000.avi","56972","17:55:56","225","358","QC","Amy",NA,NA,"2017","11","1","Line","Good","Good Going Forward","GGF","GGF","6","AD","Passing","","","17:55:58","EYKT",NA,NA,NA,NA,NA,NA,NA,NA
"1307","SL_2017EYKT_Dive_11_17-24-15.000.avi","76924","18:07:01","288","365","QC","Amy",NA,NA,"2017","11","1","Line","Good","Good Going Forward","GGF","GGF","9","AD","Passing","","see bottom in belly","18:07:04","EYKT",NA,NA,NA,NA,NA,NA,NA,NA
"1308","SL_2017EYKT_Dive_11_17-24-15.000.avi","77044","18:07:05","236","345","QC","Amy",NA,NA,"2017","11","1","Line","Bad","lost bottom visual","BLB","BLB","13","AD","Passing","","","18:07:08","EYKT",NA,NA,NA,NA,NA,NA,NA,NA
"1309","SL_2017EYKT_Dive_11_17-24-15.000.avi","77254","18:07:12","214","356","QC","Amy",NA,NA,"2017","11","1","Line","Good","Good Going Forward","GGF","GGF","12","AD","Passing","","","18:07:15","EYKT",NA,NA,NA,NA,NA,NA,NA,NA
"1310","SL_2017EYKT_Dive_11_17-24-15.000.avi","88390","18:13:23","213","361","QC","Amy",NA,NA,"2017","11","1","Line","Good","Good Going Forward","GGF","GGF","10","AD","Passing","End","","18:13:26","EYKT",NA,NA,NA,NA,NA,NA,NA,NA
"1311","SL_2017EYKT_Dive_12_19-20-43.000.avi","211","19:20:53","236","361","QC","Amy",NA,NA,"2017","12","1","Line","Good","Good Going Forward","GGF","GGF","2","AD","Passing","Start","","","EYKT",NA,NA,NA,NA,NA,NA,NA,NA
"1312","SL_2017EYKT_Dive_12_19-20-43.000.avi","1378","19:21:32","234","341","QC","Amy",NA,NA,"2017","12","1","Line","Bad","repositioned","BRP","BRP","3","AD","Passing","","pause. investigate umbilicle tangle","","EYKT",NA,NA,NA,NA,NA,NA,NA,NA
"1313","SL_2017EYKT_Dive_12_19-20-43.000.avi","13486","19:28:16","234","345","QC","Amy",NA,NA,"2017","12","1","Line","Good","Good Going Forward","GGF","GGF","4","AD","Passing","","","","EYKT",NA,NA,NA,NA,NA,NA,NA,NA
"1314","SL_2017EYKT_Dive_12_19-20-43.000.avi","72193","20:00:52","221","363","QC","Amy",NA,NA,"2017","12","1","Line","Good","Good Going Forward","GGF","GGF","5","AD","Passing","End","","","EYKT",NA,NA,NA,NA,NA,NA,NA,NA
"1315","SL_2017EYKT_Dive_13_06-31-36.000.avi","242","6:31:47","229","364","QC","Amy",NA,NA,"2017","13","1","Line","Good","Good Going Forward","GGF","GGF","1","AD","Passing","Start","","","EYKT",NA,NA,NA,NA,NA,NA,NA,NA
"1316","SL_2017EYKT_Dive_13_06-31-36.000.avi","14637","6:39:47","278","344","QC","Amy",NA,NA,"2017","13","1","Line","Good","Good Going Forward","GGF","GGF","2","AD","Passing","","see bottom in belly","6:39:47","EYKT",NA,NA,NA,NA,NA,NA,NA,NA
"1317","SL_2017EYKT_Dive_13_06-31-36.000.avi","14744","6:39:50","238","314","QC","Amy",NA,NA,"2017","13","1","Line","Bad","going over drop-off","BDO","BDO","15","AD","Passing","","","6:39:51","EYKT",NA,NA,NA,NA,NA,NA,NA,NA
"1318","SL_2017EYKT_Dive_13_06-31-36.000.avi","15932","6:40:30","243","321","QC","Amy",NA,NA,"2017","13","1","Line","Good","Good Going Forward","GGF","GGF","16","AD","Passing","","","","EYKT",NA,NA,NA,NA,NA,NA,NA,NA
"1319","SL_2017EYKT_Dive_13_06-31-36.000.avi","22737","6:44:17","232","323","QC","Amy",NA,NA,"2017","13","1","Line","Good","Good Going Forward","GGF","GGF","7","AD","Passing","","see bottom in belly","6:44:17","EYKT",NA,NA,NA,NA,NA,NA,NA,NA
"1320","SL_2017EYKT_Dive_13_06-31-36.000.avi","23020","6:44:26","237","300","QC","Amy",NA,NA,"2017","13","1","Line","Bad","lost bottom visual","BLB","BLB","8","AD","Passing","","","6:44:27","EYKT",NA,NA,NA,NA,NA,NA,NA,NA
"1321","SL_2017EYKT_Dive_13_06-31-36.000.avi","23337","6:44:37","272","348","QC","Amy",NA,NA,"2017","13","1","Line","Good","Good Going Forward","GGF","GGF","6","AD","Passing","","","6:44:37","EYKT",NA,NA,NA,NA,NA,NA,NA,NA
"1322","SL_2017EYKT_Dive_13_06-31-36.000.avi","62160","7:06:11","296","307","QC","Amy",NA,NA,"2017","13","1","Line","Good","Good Going Forward","GGF","GGF","9","AD","Passing","","see bottom in belly","7:06:13","EYKT",NA,NA,NA,NA,NA,NA,NA,NA
"1323","SL_2017EYKT_Dive_13_06-31-36.000.avi","62640","7:06:27","220","335","QC","Amy",NA,NA,"2017","13","1","Line","Good","Good Going Forward","GGF","GGF","10","AD","Passing","","","7:06:29","EYKT",NA,NA,NA,NA,NA,NA,NA,NA
"1324","SL_2017EYKT_Dive_13_06-31-36.000.avi","65860","7:08:14","302","358","QC","Amy",NA,NA,"2017","13","1","Line","Good","Good Going Forward","GGF","GGF","11","AD","Passing","","see bottom in belly","7:08:16","EYKT",NA,NA,NA,NA,NA,NA,NA,NA
"1325","SL_2017EYKT_Dive_13_06-31-36.000.avi","65997","7:08:19","234","368","QC","Amy",NA,NA,"2017","13","1","Line","Bad","going over drop-off","BDO","BDO","12","AD","Passing","","","7:08:21","EYKT",NA,NA,NA,NA,NA,NA,NA,NA
"1326","SL_2017EYKT_Dive_13_06-31-36.000.avi","66269","7:08:28","232","389","QC","Amy",NA,NA,"2017","13","1","Line","Good","Good Going Forward","GGF","GGF","13","AD","Passing","","","7:08:30","EYKT",NA,NA,NA,NA,NA,NA,NA,NA
"1327","SL_2017EYKT_Dive_13_06-31-36.000.avi","74868","7:13:15","215","349","QC","Amy",NA,NA,"2017","13","1","Line","Good","Good Going Forward","GGF","GGF","14","AD","Passing","End","","7:13:17","EYKT",NA,NA,NA,NA,NA,NA,NA,NA
"1328","SL_2017EYKT_Dive_14_07-52-49.000.avi","468","7:53:17","252","403","QC","Amy",NA,NA,"2017","14","1","Line","Good","Good Going Forward","GGF","GGF","1","AD","Passing","Start","","","EYKT",NA,NA,NA,NA,NA,NA,NA,NA
"1329","SL_2017EYKT_Dive_14_07-52-49.000.avi","61549","8:27:13","266","355","QC","Amy",NA,NA,"2017","14","1","Line","Good","Good Going Forward","GGF","GGF","2","AD","Passing","End","","","EYKT",NA,NA,NA,NA,NA,NA,NA,NA
"1330","SL_2017EYKT_Dive_15_09-54-44.000.avi","99","9:54:55","227","344","QC","Amy",NA,NA,"2017","15","1","Line","Good","Good Going Forward","GGF","GGF","1","AD","Passing","Start","","","EYKT",NA,NA,NA,NA,NA,NA,NA,NA
"1331","SL_2017EYKT_Dive_15_09-54-44.000.avi","42628","10:18:33","285","352","QC","Amy",NA,NA,"2017","15","1","Line","Bad","going over drop-off","BDO","BDO","2","AD","Passing","","can see bottom in belly","","EYKT",NA,NA,NA,NA,NA,NA,NA,NA
"1332","SL_2017EYKT_Dive_15_09-54-44.000.avi","42946","10:18:44","244","353","QC","Amy",NA,NA,"2017","15","1","Line","Good","Good Going Forward","GGF","GGF","3","AD","Passing","","","","EYKT",NA,NA,NA,NA,NA,NA,NA,NA
"1333","SL_2017EYKT_Dive_15_09-54-44.000.avi","56660","10:26:21","226","351","QC","Amy",NA,NA,"2017","15","1","Line","Good","Good Going Forward","GGF","GGF","4","AD","Passing","End","","","EYKT",NA,NA,NA,NA,NA,NA,NA,NA
"1334","SL_2017EYKT_Dive_17_12-08-53.000.avi","166","12:09:02","226","360","QC","Amy",NA,NA,"2017","17","1","Line","Good","Good Going Forward","GGF","GGF","1","AD","Passing","Start","","","EYKT",NA,NA,NA,NA,NA,NA,NA,NA
"1335","SL_2017EYKT_Dive_17_12-08-53.000.avi","57872","12:41:05","213","328","QC","Amy",NA,NA,"2017","17","1","Line","Good","Good Going Forward","GGF","GGF","2","AD","Passing","End","","","EYKT",NA,NA,NA,NA,NA,NA,NA,NA
"1336","SL_2017EYKT_Dive_18_11-48-13.000.avi","128","11:48:21","245","325","QC","Amy",NA,NA,"2017","18","1","Line","Good","Good Going Forward","GGF","GGF","1","AD","Passing","Start","","","EYKT",NA,NA,NA,NA,NA,NA,NA,NA
"1337","SL_2017EYKT_Dive_18_11-48-13.000.avi","59433","12:21:18","250","387","QC","Amy",NA,NA,"2017","18","1","Line","Good","Good Going Forward","GGF","GGF","2","AD","Passing","End","","","EYKT",NA,NA,NA,NA,NA,NA,NA,NA
"1338","SL_2017EYKT_Dive_19_14-23-08.000.avi","220","14:23:19","223","346","QC","Amy",NA,NA,"2017","19","1","Line","Good","Good Going Forward","GGF","GGF","1","AD","Passing","Start","","14:23:20","EYKT",NA,NA,NA,NA,NA,NA,NA,NA
"1339","SL_2017EYKT_Dive_19_14-23-08.000.avi","7525","14:27:23","272","317","QC","Amy",NA,NA,"2017","19","1","Line","Bad","lost bottom visual","BLB","BLB","15","AD","Passing","","","14:27:23","EYKT",NA,NA,NA,NA,NA,NA,NA,NA
"1340","SL_2017EYKT_Dive_19_14-23-08.000.avi","8267","14:27:48","228","292","QC","Amy",NA,NA,"2017","19","1","Line","Good","Good Going Forward","GGF","GGF","17","AD","Passing","","see bottom in belly","14:27:48","EYKT",NA,NA,NA,NA,NA,NA,NA,NA
"1341","SL_2017EYKT_Dive_19_14-23-08.000.avi","8721","14:28:03","226","386","QC","Amy",NA,NA,"2017","19","1","Line","Good","Good Going Forward","GGF","GGF","18","AD","Passing","","","14:28:03","EYKT",NA,NA,NA,NA,NA,NA,NA,NA
"1342","SL_2017EYKT_Dive_19_14-23-08.000.avi","9681","14:28:35","261","279","QC","Amy",NA,NA,"2017","19","1","Line","Good","Good Going Forward","GGF","GGF","4","AD","Passing","","see bottom in belly","14:28:35","EYKT",NA,NA,NA,NA,NA,NA,NA,NA
"1343","SL_2017EYKT_Dive_19_14-23-08.000.avi","9795","14:28:39","245","339","QC","Amy",NA,NA,"2017","19","1","Line","Bad","lost bottom visual","BLB","BLB","19","AD","Passing","","","14:28:39","EYKT",NA,NA,NA,NA,NA,NA,NA,NA
"1344","SL_2017EYKT_Dive_19_14-23-08.000.avi","10524","14:29:03","245","351","QC","Amy",NA,NA,"2017","19","1","Line","Good","Good Going Forward","GGF","GGF","5","AD","Passing","","","14:29:03","EYKT",NA,NA,NA,NA,NA,NA,NA,NA
"1345","SL_2017EYKT_Dive_19_14-23-08.000.avi","14141","14:31:03","322","299","QC","Amy",NA,NA,"2017","19","1","Line","Good","Good Going Forward","GGF","GGF","6","AD","Passing","","see bottom in belly","14:31:04","EYKT",NA,NA,NA,NA,NA,NA,NA,NA
"1346","SL_2017EYKT_Dive_19_14-23-08.000.avi","14524","14:31:16","211","338","QC","Amy",NA,NA,"2017","19","1","Line","Good","Good Going Forward","GGF","GGF","7","AD","Passing","","","14:31:17","EYKT",NA,NA,NA,NA,NA,NA,NA,NA
"1347","SL_2017EYKT_Dive_19_14-23-08.000.avi","25582","14:37:25","290","360","QC","Amy",NA,NA,"2017","19","1","Line","Bad","lost bottom visual","BLB","BLB","8","AD","Passing","","","14:37:26","EYKT",NA,NA,NA,NA,NA,NA,NA,NA
"1348","SL_2017EYKT_Dive_19_14-23-08.000.avi","26757","14:38:04","319","356","QC","Amy",NA,NA,"2017","19","1","Line","Good","Good Going Forward","GGF","GGF","9","AD","Passing","","","14:38:05","EYKT",NA,NA,NA,NA,NA,NA,NA,NA
"1349","SL_2017EYKT_Dive_19_14-23-08.000.avi","29211","14:39:26","231","348","QC","Amy",NA,NA,"2017","19","1","Line","Bad","going over drop-off","BDO","BDO","10","AD","Passing","","","14:39:27","EYKT",NA,NA,NA,NA,NA,NA,NA,NA
"1350","SL_2017EYKT_Dive_19_14-23-08.000.avi","29775","14:39:44","250","356","QC","Amy",NA,NA,"2017","19","1","Line","Good","Good Going Forward","GGF","GGF","11","AD","Passing","","","14:39:46","EYKT",NA,NA,NA,NA,NA,NA,NA,NA
"1351","SL_2017EYKT_Dive_19_14-23-08.000.avi","45915","14:48:42","293","385","QC","Amy",NA,NA,"2017","19","1","Line","Bad","going over drop-off","BDO","BDO","12","AD","Passing","","","14:48:44","EYKT",NA,NA,NA,NA,NA,NA,NA,NA
"1352","SL_2017EYKT_Dive_19_14-23-08.000.avi","46645","14:49:07","218","360","QC","Amy",NA,NA,"2017","19","1","Line","Good","Good Going Forward","GGF","GGF","13","AD","Passing","","","14:49:09","EYKT",NA,NA,NA,NA,NA,NA,NA,NA
"1353","SL_2017EYKT_Dive_19_14-23-08.000.avi","73876","15:04:15","247","336","QC","Amy",NA,NA,"2017","19","1","Line","Good","Good Going Forward","GGF","GGF","14","AD","Passing","End","","15:04:17","EYKT",NA,NA,NA,NA,NA,NA,NA,NA
"1354","SL_2017EYKT_Dive_20_15-41-16.000.avi","799","15:42:07","238","327","QC","Amy",NA,NA,"2017","20","1","Line","Good","Good Going Forward","GGF","GGF","1","AD","Passing","Start","","","EYKT",NA,NA,NA,NA,NA,NA,NA,NA
"1355","SL_2017EYKT_Dive_20_15-41-16.000.avi","77143","16:24:31","290","425","QC","Amy",NA,NA,"2017","20","1","Line","Good","Good Going Forward","GGF","GGF","2","AD","Passing","End","","","EYKT",NA,NA,NA,NA,NA,NA,NA,NA
"1356","SL_2017EYKT_Dive_21_17-04-18.000.avi","118","17:04:24","159","300","QC","Amy",NA,NA,"2017","21","1","Line","Good","Good Going Forward","GGF","GGF","1","AD","Passing","Start","","17:04:24","EYKT",NA,NA,NA,NA,NA,NA,NA,NA
"1357","SL_2017EYKT_Dive_21_17-04-18.000.avi","635","17:04:41","274","310","QC","Amy",NA,NA,"2017","21","1","Line","Bad","lost bottom visual","BLB","BLB","3","AD","Passing","","","","EYKT",NA,NA,NA,NA,NA,NA,NA,NA
"1358","SL_2017EYKT_Dive_21_17-04-18.000.avi","2122","17:05:31","247","320","QC","Amy",NA,NA,"2017","21","1","Line","Good","Good Going Forward","GGF","GGF","2","AD","Passing","","","","EYKT",NA,NA,NA,NA,NA,NA,NA,NA
"1359","SL_2017EYKT_Dive_21_17-04-18.000.avi","3424","17:06:14","221","350","QC","Amy",NA,NA,"2017","21","1","Line","Good","Good Going Forward","GGF","GGF","5","AD","Passing","","see bottom in belly","","EYKT",NA,NA,NA,NA,NA,NA,NA,NA
"1360","SL_2017EYKT_Dive_21_17-04-18.000.avi","3732","17:06:24","258","345","QC","Amy",NA,NA,"2017","21","1","Line","Good","Good Going Forward","GGF","GGF","4","AD","Passing","","","","EYKT",NA,NA,NA,NA,NA,NA,NA,NA
"1361","SL_2017EYKT_Dive_21_17-04-18.000.avi","6920","17:08:11","233","293","QC","Amy",NA,NA,"2017","21","1","Line","Bad","lost bottom visual","BLB","BLB","7","AD","Passing","","","17:08:11","EYKT",NA,NA,NA,NA,NA,NA,NA,NA
"1362","SL_2017EYKT_Dive_21_17-04-18.000.avi","7467","17:08:29","248","336","QC","Amy",NA,NA,"2017","21","1","Line","Good","Good Going Forward","GGF","GGF","6","AD","Passing","","","17:08:29","EYKT",NA,NA,NA,NA,NA,NA,NA,NA
"1363","SL_2017EYKT_Dive_21_17-04-18.000.avi","71595","17:44:07","203","310","QC","Amy",NA,NA,"2017","21","1","Line","Good","Good Going Forward","GGF","GGF","8","AD","Passing","End","","17:44:09","EYKT",NA,NA,NA,NA,NA,NA,NA,NA
"1364","SL_2017EYKT_Dive_22_18-27-20.000.avi","421","18:27:38","252","372","QC","Amy",NA,NA,"2017","22","1","Line","Good","Good Going Forward","GGF","GGF","1","AD","Passing","Start","","","EYKT",NA,NA,NA,NA,NA,NA,NA,NA
"1365","SL_2017EYKT_Dive_22_18-27-20.000.avi","9118","18:32:28","260","375","QC","Amy",NA,NA,"2017","22","1","Line","Bad","going over drop-off","BDO","BDO","3","AD","Passing","","","18:32:28","EYKT",NA,NA,NA,NA,NA,NA,NA,NA
"1366","SL_2017EYKT_Dive_22_18-27-20.000.avi","9507","18:32:41","243","316","QC","Amy",NA,NA,"2017","22","1","Line","Good","Good Going Forward","GGF","GGF","2","AD","Passing","","","18:32:41","EYKT",NA,NA,NA,NA,NA,NA,NA,NA
"1367","SL_2017EYKT_Dive_22_18-27-20.000.avi","44243","18:51:59","198","325","QC","Amy",NA,NA,"2017","22","1","Line","Bad","going over drop-off","BDO","BDO","4","AD","Passing","","","18:52:00","EYKT",NA,NA,NA,NA,NA,NA,NA,NA
"1368","SL_2017EYKT_Dive_22_18-27-20.000.avi","44721","18:52:15","176","242","QC","Amy",NA,NA,"2017","22","1","Line","Good","Good Going Forward","GGF","GGF","5","AD","Passing","","","18:52:16","EYKT",NA,NA,NA,NA,NA,NA,NA,NA
"1369","SL_2017EYKT_Dive_22_18-27-20.000.avi","74161","19:08:36","240","314","QC","Amy",NA,NA,"2017","22","1","Line","Good","Good Going Forward","GGF","GGF","6","AD","Passing","End","","19:08:39","EYKT",NA,NA,NA,NA,NA,NA,NA,NA
"1370","SL_2017EYKT_Dive_23_20-02-34.000.avi","98","20:02:39","231","356","QC","Amy",NA,NA,"2017","23","1","Line","Good","Good Going Forward","GGF","GGF","1","AD","Passing","Start","","","EYKT",NA,NA,NA,NA,NA,NA,NA,NA
"1371","SL_2017EYKT_Dive_23_20-02-34.000.avi","7029","20:06:30","227","351","QC","Amy",NA,NA,"2017","23","1","Line","Bad","going over drop-off","BDO","BDO","2","AD","Passing","","","","EYKT",NA,NA,NA,NA,NA,NA,NA,NA
"1372","SL_2017EYKT_Dive_23_20-02-34.000.avi","7206","20:06:36","200","307","QC","Amy",NA,NA,"2017","23","1","Line","Good","Good Going Forward","GGF","GGF","3","AD","Passing","","","","EYKT",NA,NA,NA,NA,NA,NA,NA,NA
"1373","SL_2017EYKT_Dive_23_20-02-34.000.avi","23544","20:15:41","249","341","QC","Amy",NA,NA,"2017","23","1","Line","Bad","going over drop-off","BDO","BDO","4","AD","Passing","","","20:15:41","EYKT",NA,NA,NA,NA,NA,NA,NA,NA
"1374","SL_2017EYKT_Dive_23_20-02-34.000.avi","24165","20:16:01","234","337","QC","Amy",NA,NA,"2017","23","1","Line","Good","Good Going Forward","GGF","GGF","5","AD","Passing","","","20:16:02","EYKT",NA,NA,NA,NA,NA,NA,NA,NA
"1375","SL_2017EYKT_Dive_23_20-02-34.000.avi","25290","20:16:39","256","291","QC","Amy",NA,NA,"2017","23","1","Line","Good","Good Going Forward","GGF","GGF","6","AD","Passing","","can see bottom in belly","","EYKT",NA,NA,NA,NA,NA,NA,NA,NA
"1376","SL_2017EYKT_Dive_23_20-02-34.000.avi","25424","20:16:43","257","315","QC","Amy",NA,NA,"2017","23","1","Line","Bad","going over drop-off","BDO","BDO","7","AD","Passing","","","20:16:44","EYKT",NA,NA,NA,NA,NA,NA,NA,NA
"1377","SL_2017EYKT_Dive_23_20-02-34.000.avi","25652","20:16:51","183","251","QC","Amy",NA,NA,"2017","23","1","Line","Good","Good Going Forward","GGF","GGF","8","AD","Passing","","can see bottom in belly","","EYKT",NA,NA,NA,NA,NA,NA,NA,NA
"1378","SL_2017EYKT_Dive_23_20-02-34.000.avi","25809","20:16:56","225","316","QC","Amy",NA,NA,"2017","23","1","Line","Good","Good Going Forward","GGF","GGF","9","AD","Passing","","","20:16:57","EYKT",NA,NA,NA,NA,NA,NA,NA,NA
"1379","SL_2017EYKT_Dive_23_20-02-34.000.avi","26781","20:17:29","251","327","QC","Amy",NA,NA,"2017","23","1","Line","Bad","going over drop-off","BDO","BDO","10","AD","Passing","","","20:17:29","EYKT",NA,NA,NA,NA,NA,NA,NA,NA
"1380","SL_2017EYKT_Dive_23_20-02-34.000.avi","27208","20:17:43","225","323","QC","Amy",NA,NA,"2017","23","1","Line","Good","Good Going Forward","GGF","GGF","11","AD","Passing","","","20:17:43","EYKT",NA,NA,NA,NA,NA,NA,NA,NA
"1381","SL_2017EYKT_Dive_23_20-02-34.000.avi","39027","20:24:17","231","347","QC","Amy",NA,NA,"2017","23","1","Line","Bad","going over drop-off","BDO","BDO","12","AD","Passing","","going along wall","20:24:18","EYKT",NA,NA,NA,NA,NA,NA,NA,NA
"1382","SL_2017EYKT_Dive_23_20-02-34.000.avi","40064","20:24:51","201","327","QC","Amy",NA,NA,"2017","23","1","Line","Good","Good Going Forward","GGF","GGF","14","AD","Passing","","","20:24:52","EYKT",NA,NA,NA,NA,NA,NA,NA,NA
"1383","SL_2017EYKT_Dive_23_20-02-34.000.avi","44329","20:27:14","211","324","QC","Amy",NA,NA,"2017","23","1","Line","Bad","loitering in same area","BLA","BLA","15","AD","Passing","","","20:27:15","EYKT",NA,NA,NA,NA,NA,NA,NA,NA
"1384","SL_2017EYKT_Dive_23_20-02-34.000.avi","44957","20:27:35","172","308","QC","Amy",NA,NA,"2017","23","1","Line","Good","Good Going Forward","GGF","GGF","16","AD","Passing","","","20:27:36","EYKT",NA,NA,NA,NA,NA,NA,NA,NA
"1385","SL_2017EYKT_Dive_23_20-02-34.000.avi","48522","20:29:33","196","315","QC","Amy",NA,NA,"2017","23","1","Line","Good","Good Going Forward","GGF","GGF","17","AD","Passing","","can see bottom in belly","20:29:35","EYKT",NA,NA,NA,NA,NA,NA,NA,NA
"1386","SL_2017EYKT_Dive_23_20-02-34.000.avi","48809","20:29:43","198","305","QC","Amy",NA,NA,"2017","23","1","Line","Bad","going over drop-off","BDO","BDO","18","AD","Passing","","lose belly view","20:29:44","EYKT",NA,NA,NA,NA,NA,NA,NA,NA
"1387","SL_2017EYKT_Dive_23_20-02-34.000.avi","49746","20:30:14","225","299","QC","Amy",NA,NA,"2017","23","1","Line","Good","Good Going Forward","GGF","GGF","20","AD","Passing","","","20:30:15","EYKT",NA,NA,NA,NA,NA,NA,NA,NA
"1388","SL_2017EYKT_Dive_23_20-02-34.000.avi","51895","20:31:26","216","315","QC","Amy",NA,NA,"2017","23","1","Line","Bad","lost bottom visual","BLB","BLB","21","AD","Passing","","","20:31:27","EYKT",NA,NA,NA,NA,NA,NA,NA,NA
"1389","SL_2017EYKT_Dive_23_20-02-34.000.avi","52678","20:31:52","224","329","QC","Amy",NA,NA,"2017","23","1","Line","Good","Good Going Forward","GGF","GGF","22","AD","Passing","","","20:31:53","EYKT",NA,NA,NA,NA,NA,NA,NA,NA
"1390","SL_2017EYKT_Dive_23_20-02-34.000.avi","58186","20:34:56","234","343","QC","Amy",NA,NA,"2017","23","1","Line","Bad","lost bottom visual","BLB","BLB","23","AD","Passing","","","20:34:57","EYKT",NA,NA,NA,NA,NA,NA,NA,NA
"1391","SL_2017EYKT_Dive_23_20-02-34.000.avi","58965","20:35:21","223","336","QC","Amy",NA,NA,"2017","23","1","Line","Good","Good Going Forward","GGF","GGF","24","AD","Passing","","","20:35:23","EYKT",NA,NA,NA,NA,NA,NA,NA,NA
"1392","SL_2017EYKT_Dive_23_20-02-34.000.avi","59848","20:35:51","301","363","QC","Amy",NA,NA,"2017","23","1","Line","Bad","lost bottom visual","BLB","BLB","42","AD","Passing","","","20:35:52","EYKT",NA,NA,NA,NA,NA,NA,NA,NA
"1393","SL_2017EYKT_Dive_23_20-02-34.000.avi","60190","20:36:02","304","343","QC","Amy",NA,NA,"2017","23","1","Line","Good","Good Going Forward","GGF","GGF","43","AD","Passing","","can see bottom in belly","20:36:04","EYKT",NA,NA,NA,NA,NA,NA,NA,NA
"1394","SL_2017EYKT_Dive_23_20-02-34.000.avi","60589","20:36:16","241","347","QC","Amy",NA,NA,"2017","23","1","Line","Good","Good Going Forward","GGF","GGF","29","AD","Passing","","","20:36:17","EYKT",NA,NA,NA,NA,NA,NA,NA,NA
"1395","SL_2017EYKT_Dive_23_20-02-34.000.avi","64875","20:38:39","231","314","QC","Amy",NA,NA,"2017","23","1","Line","Good","Good Going Forward","GGF","GGF","30","AD","Passing","","can see bottom in belly","20:38:40","EYKT",NA,NA,NA,NA,NA,NA,NA,NA
"1396","SL_2017EYKT_Dive_23_20-02-34.000.avi","65046","20:38:44","227","349","QC","Amy",NA,NA,"2017","23","1","Line","Bad","lost bottom visual","BLB","BLB","31","AD","Passing","","","20:38:46","EYKT",NA,NA,NA,NA,NA,NA,NA,NA
"1397","SL_2017EYKT_Dive_23_20-02-34.000.avi","65310","20:38:53","243","336","QC","Amy",NA,NA,"2017","23","1","Line","Good","Good Going Forward","GGF","GGF","32","AD","Passing","","","20:38:55","EYKT",NA,NA,NA,NA,NA,NA,NA,NA
"1398","SL_2017EYKT_Dive_23_20-02-34.000.avi","69795","20:41:23","222","332","QC","Amy",NA,NA,"2017","23","1","Line","Bad","going over drop-off","BDO","BDO","33","AD","Passing","","","20:41:24","EYKT",NA,NA,NA,NA,NA,NA,NA,NA
"1399","SL_2017EYKT_Dive_23_20-02-34.000.avi","70547","20:41:48","261","328","QC","Amy",NA,NA,"2017","23","1","Line","Good","Good Going Forward","GGF","GGF","34","AD","Passing","","","20:41:50","EYKT",NA,NA,NA,NA,NA,NA,NA,NA
"1400","SL_2017EYKT_Dive_23_20-02-34.000.avi","70756","20:41:55","206","298","QC","Amy",NA,NA,"2017","23","1","Line","Good","resting on bottom","GRB","GRB","35","AD","Passing","","","20:41:56","EYKT",NA,NA,NA,NA,NA,NA,NA,NA
"1401","SL_2017EYKT_Dive_23_20-02-34.000.avi","71500","20:42:19","246","313","QC","Amy",NA,NA,"2017","23","1","Line","Good","Good Going Forward","GGF","GGF","36","AD","Passing","","","20:42:21","EYKT",NA,NA,NA,NA,NA,NA,NA,NA
"1402","SL_2017EYKT_Dive_23_20-02-34.000.avi","74057","20:43:45","225","328","QC","Amy",NA,NA,"2017","23","1","Line","Bad","going over drop-off","BDO","BDO","37","AD","Passing","","","20:43:47","EYKT",NA,NA,NA,NA,NA,NA,NA,NA
"1403","SL_2017EYKT_Dive_23_20-02-34.000.avi","74582","20:44:02","234","343","QC","Amy",NA,NA,"2017","23","1","Line","Good","Good Going Forward","GGF","GGF","38","AD","Passing","","","20:44:04","EYKT",NA,NA,NA,NA,NA,NA,NA,NA
"1404","SL_2017EYKT_Dive_23_20-02-34.000.avi","77711","20:45:46","255","314","QC","Amy",NA,NA,"2017","23","1","Line","Good","Good Going Forward","GGF","GGF","40","AD","Passing","","can see bottom in belly","20:45:49","EYKT",NA,NA,NA,NA,NA,NA,NA,NA
"1405","SL_2017EYKT_Dive_23_20-02-34.000.avi","77867","20:45:52","223","323","QC","Amy",NA,NA,"2017","23","1","Line","Bad","lost bottom visual","BLB","BLB","41","AD","Passing","","","20:45:54","EYKT",NA,NA,NA,NA,NA,NA,NA,NA
"1406","SL_2017EYKT_Dive_23_20-02-34.000.avi","78197","20:46:03","217","339","QC","Amy",NA,NA,"2017","23","1","Line","Good","Good Going Forward","GGF","GGF","39","AD","Passing","End","","20:46:05","EYKT",NA,NA,NA,NA,NA,NA,NA,NA
"1407","SL_2017EYKT_Dive_24_05-18-10.000.avi","232","5:18:22","231","321","QC","Amy",NA,NA,"2017","24","1","Line","Good","Good Going Forward","GGF","GGF","1","AD","Passing","Start","","5:18:22","EYKT",NA,NA,NA,NA,NA,NA,NA,NA
"1408","SL_2017EYKT_Dive_24_05-18-10.000.avi","1687","5:19:10","235","337","QC","Amy",NA,NA,"2017","24","1","Line","Bad","going over drop-off","BDO","BDO","2","AD","Passing","","","","EYKT",NA,NA,NA,NA,NA,NA,NA,NA
"1409","SL_2017EYKT_Dive_24_05-18-10.000.avi","2862","5:19:49","224","329","QC","Amy",NA,NA,"2017","24","1","Line","Good","Good Going Forward","GGF","GGF","3","AD","Passing","","","5:19:50","EYKT",NA,NA,NA,NA,NA,NA,NA,NA
"1410","SL_2017EYKT_Dive_24_05-18-10.000.avi","26051","5:32:42","219","322","QC","Amy",NA,NA,"2017","24","1","Line","Bad","loitering in same area","BLA","BLA","4","AD","Passing","","waiting for clump. 5:32:55 ","5:32:43","EYKT",NA,NA,NA,NA,NA,NA,NA,NA
"1411","SL_2017EYKT_Dive_24_05-18-10.000.avi","26678","5:33:03","228","317","QC","Amy",NA,NA,"2017","24","1","Line","Good","Good Going Forward","GGF","GGF","5","AD","Passing","","resume. 5:33:09","5:33:04","EYKT",NA,NA,NA,NA,NA,NA,NA,NA
"1412","SL_2017EYKT_Dive_24_05-18-10.000.avi","35069","5:37:43","228","337","QC","Amy",NA,NA,"2017","24","1","Line","Bad","lost bottom visual","BLB","BLB","6","AD","Passing","","","5:37:44","EYKT",NA,NA,NA,NA,NA,NA,NA,NA
"1413","SL_2017EYKT_Dive_24_05-18-10.000.avi","35463","5:37:56","244","308","QC","Amy",NA,NA,"2017","24","1","Line","Good","Good Going Forward","GGF","GGF","7","AD","Passing","","","5:37:57","EYKT",NA,NA,NA,NA,NA,NA,NA,NA
"1414","SL_2017EYKT_Dive_24_05-18-10.000.avi","36237","5:38:22","234","272","QC","Amy",NA,NA,"2017","24","1","Line","Bad","loitering in same area","BLA","BLA","8","AD","Passing","","","5:38:23","EYKT",NA,NA,NA,NA,NA,NA,NA,NA
"1415","SL_2017EYKT_Dive_24_05-18-10.000.avi","36713","5:38:38","246","303","QC","Amy",NA,NA,"2017","24","1","Line","Good","Good Going Forward","GGF","GGF","9","AD","Passing","","","5:38:39","EYKT",NA,NA,NA,NA,NA,NA,NA,NA
"1416","SL_2017EYKT_Dive_24_05-18-10.000.avi","40576","5:40:47","229","290","QC","Amy",NA,NA,"2017","24","1","Line","Bad","going over drop-off","BDO","BDO","10","AD","Passing","","","5:40:48","EYKT",NA,NA,NA,NA,NA,NA,NA,NA
"1417","SL_2017EYKT_Dive_24_05-18-10.000.avi","41429","5:41:15","213","303","QC","Amy",NA,NA,"2017","24","1","Line","Good","Good Going Forward","GGF","GGF","11","AD","Passing","","","5:41:17","EYKT",NA,NA,NA,NA,NA,NA,NA,NA
"1418","SL_2017EYKT_Dive_24_05-18-10.000.avi","42550","5:41:52","199","327","QC","Amy",NA,NA,"2017","24","1","Line","Bad","loitering in same area","BLA","BLA","12","AD","Passing","","","5:41:54","EYKT",NA,NA,NA,NA,NA,NA,NA,NA
"1419","SL_2017EYKT_Dive_24_05-18-10.000.avi","43071","5:42:10","227","309","QC","Amy",NA,NA,"2017","24","1","Line","Bad","repositioned","BRP","BRP","13","AD","Passing","","reposition clump. 5:42:27","5:42:11","EYKT",NA,NA,NA,NA,NA,NA,NA,NA
"1420","SL_2017EYKT_Dive_24_05-18-10.000.avi","44280","5:42:50","243","347","QC","Amy",NA,NA,"2017","24","1","Line","Good","Good Going Forward","GGF","GGF","14","AD","Passing","","resume. 5:42:52","5:42:52","EYKT",NA,NA,NA,NA,NA,NA,NA,NA
"1421","SL_2017EYKT_Dive_24_05-18-10.000.avi","45316","5:43:25","262","322","QC","Amy",NA,NA,"2017","24","1","Line","Bad","loitering in same area","BLA","BLA","15","AD","Passing","","","5:43:26","EYKT",NA,NA,NA,NA,NA,NA,NA,NA
"1422","SL_2017EYKT_Dive_24_05-18-10.000.avi","46024","5:43:48","250","308","QC","Amy",NA,NA,"2017","24","1","Line","Good","Good Going Forward","GGF","GGF","16","AD","Passing","","","5:43:50","EYKT",NA,NA,NA,NA,NA,NA,NA,NA
"1423","SL_2017EYKT_Dive_24_05-18-10.000.avi","81108","6:03:18","252","323","QC","Amy",NA,NA,"2017","24","1","Line","Good","Good Going Forward","GGF","GGF","17","AD","Passing","End","","6:03:20","EYKT",NA,NA,NA,NA,NA,NA,NA,NA
"1424","SL_2017EYKT_Dive_25_06-48-47.000.avi","273","6:49:00","217","323","QC","Amy",NA,NA,"2017","25","1","Line","Good","Good Going Forward","GGF","GGF","1","AD","Passing","Start","","","EYKT",NA,NA,NA,NA,NA,NA,NA,NA
"1425","SL_2017EYKT_Dive_25_06-48-47.000.avi","3679","6:50:54","223","322","QC","Amy",NA,NA,"2017","25","1","Line","Good","Good Going Forward","GGF","GGF","2","AD","Passing","","see bottom in belly","6:50:54","EYKT",NA,NA,NA,NA,NA,NA,NA,NA
"1426","SL_2017EYKT_Dive_25_06-48-47.000.avi","3994","6:51:04","230","318","QC","Amy",NA,NA,"2017","25","1","Line","Good","Good Going Forward","GGF","GGF","3","AD","Passing","","","","EYKT",NA,NA,NA,NA,NA,NA,NA,NA
"1427","SL_2017EYKT_Dive_25_06-48-47.000.avi","8247","6:53:26","226","329","QC","Amy",NA,NA,"2017","25","1","Line","Bad","lost bottom visual","BLB","BLB","4","AD","Passing","","","6:53:26","EYKT",NA,NA,NA,NA,NA,NA,NA,NA
"1428","SL_2017EYKT_Dive_25_06-48-47.000.avi","9057","6:53:53","224","300","QC","Amy",NA,NA,"2017","25","1","Line","Good","Good Going Forward","GGF","GGF","5","AD","Passing","","","6:53:53","EYKT",NA,NA,NA,NA,NA,NA,NA,NA
"1429","SL_2017EYKT_Dive_25_06-48-47.000.avi","11313","6:55:08","223","319","QC","Amy",NA,NA,"2017","25","1","Line","Bad","loitering in same area","BLA","BLA","6","AD","Passing","","","","EYKT",NA,NA,NA,NA,NA,NA,NA,NA
"1430","SL_2017EYKT_Dive_25_06-48-47.000.avi","11738","6:55:22","231","288","QC","Amy",NA,NA,"2017","25","1","Line","Good","Good Going Forward","GGF","GGF","7","AD","Passing","","","6:55:23","EYKT",NA,NA,NA,NA,NA,NA,NA,NA
"1431","SL_2017EYKT_Dive_25_06-48-47.000.avi","21887","7:01:01","216","316","QC","Amy",NA,NA,"2017","25","1","Line","Good","Good Going Forward","GGF","GGF","8","AD","Passing","","see bottom in belly","7:01:01","EYKT",NA,NA,NA,NA,NA,NA,NA,NA
"1432","SL_2017EYKT_Dive_25_06-48-47.000.avi","22001","7:01:04","225","328","QC","Amy",NA,NA,"2017","25","1","Line","Bad","lost bottom visual","BLB","BLB","9","AD","Passing","","","7:01:05","EYKT",NA,NA,NA,NA,NA,NA,NA,NA
"1433","SL_2017EYKT_Dive_25_06-48-47.000.avi","22385","7:01:17","210","308","QC","Amy",NA,NA,"2017","25","1","Line","Good","Good Going Forward","GGF","GGF","10","AD","Passing","","see bottom in belly","7:01:18","EYKT",NA,NA,NA,NA,NA,NA,NA,NA
"1434","SL_2017EYKT_Dive_25_06-48-47.000.avi","22491","7:01:21","223","317","QC","Amy",NA,NA,"2017","25","1","Line","Good","Good Going Forward","GGF","GGF","11","AD","Passing","","","7:01:21","EYKT",NA,NA,NA,NA,NA,NA,NA,NA
"1435","SL_2017EYKT_Dive_25_06-48-47.000.avi","24638","7:02:32","256","312","QC","Amy",NA,NA,"2017","25","1","Line","Bad","loitering in same area","BLA","BLA","12","AD","Passing","","","7:02:33","EYKT",NA,NA,NA,NA,NA,NA,NA,NA
"1436","SL_2017EYKT_Dive_25_06-48-47.000.avi","24990","7:02:44","214","330","QC","Amy",NA,NA,"2017","25","1","Line","Good","Good Going Forward","GGF","GGF","13","AD","Passing","","","7:02:45","EYKT",NA,NA,NA,NA,NA,NA,NA,NA
"1437","SL_2017EYKT_Dive_25_06-48-47.000.avi","52162","7:17:50","205","339","QC","Amy",NA,NA,"2017","25","1","Line","Good","Good Going Forward","GGF","GGF","14","AD","Passing","","see bottom in belly","7:17:51","EYKT",NA,NA,NA,NA,NA,NA,NA,NA
"1438","SL_2017EYKT_Dive_25_06-48-47.000.avi","52299","7:17:54","229","331","QC","Amy",NA,NA,"2017","25","1","Line","Bad","lost bottom visual","BLB","BLB","15","AD","Passing","","","7:17:56","EYKT",NA,NA,NA,NA,NA,NA,NA,NA
"1439","SL_2017EYKT_Dive_25_06-48-47.000.avi","53387","7:18:31","209","314","QC","Amy",NA,NA,"2017","25","1","Line","Good","Good Going Forward","GGF","GGF","16","AD","Passing","","","7:18:32","EYKT",NA,NA,NA,NA,NA,NA,NA,NA
"1440","SL_2017EYKT_Dive_25_06-48-47.000.avi","70541","7:28:02","249","313","QC","Amy",NA,NA,"2017","25","1","Line","Bad","loitering in same area","BLA","BLA","17","AD","Passing","","","7:28:05","EYKT",NA,NA,NA,NA,NA,NA,NA,NA
"1441","SL_2017EYKT_Dive_25_06-48-47.000.avi","71376","7:28:30","238","335","QC","Amy",NA,NA,"2017","25","1","Line","Good","Good Going Forward","GGF","GGF","19","AD","Passing","","","7:28:32","EYKT",NA,NA,NA,NA,NA,NA,NA,NA
"1442","SL_2017EYKT_Dive_25_06-48-47.000.avi","73674","7:29:47","217","312","QC","Amy",NA,NA,"2017","25","1","Line","Bad","loitering in same area","BLA","BLA","20","AD","Passing","","","7:29:49","EYKT",NA,NA,NA,NA,NA,NA,NA,NA
"1443","SL_2017EYKT_Dive_25_06-48-47.000.avi","75441","7:30:46","252","318","QC","Amy",NA,NA,"2017","25","1","Line","Good","Good Going Forward","GGF","GGF","21","AD","Passing","","","7:30:48","EYKT",NA,NA,NA,NA,NA,NA,NA,NA
"1444","SL_2017EYKT_Dive_25_06-48-47.000.avi","80174","7:33:23","241","312","QC","Amy",NA,NA,"2017","25","1","Line","Bad","going over drop-off","BDO","BDO","22","AD","Passing","","","7:33:26","EYKT",NA,NA,NA,NA,NA,NA,NA,NA
"1445","SL_2017EYKT_Dive_25_06-48-47.000.avi","80375","7:33:30","214","317","QC","Amy",NA,NA,"2017","25","1","Line","Good","Good Going Forward","GGF","GGF","23","AD","Passing","End","","7:33:33","EYKT",NA,NA,NA,NA,NA,NA,NA,NA
"1446","SL_2017EYKT_Dive_26_08-03-22.000.avi","175","8:03:31","250","332","QC","Amy",NA,NA,"2017","26","1","Line","Good","Good Going Forward","GGF","GGF","1","AD","Passing","Start","","8:03:31","EYKT",NA,NA,NA,NA,NA,NA,NA,NA
"1447","SL_2017EYKT_Dive_26_08-03-22.000.avi","18981","8:13:58","248","326","QC","Amy",NA,NA,"2017","26","1","Line","Bad","loitering in same area","BLA","BLA","2","AD","Passing","","","8:13:59","EYKT",NA,NA,NA,NA,NA,NA,NA,NA
"1448","SL_2017EYKT_Dive_26_08-03-22.000.avi","19659","8:14:20","247","321","QC","Amy",NA,NA,"2017","26","1","Line","Good","Good Going Forward","GGF","GGF","3","AD","Passing","","","8:14:21","EYKT",NA,NA,NA,NA,NA,NA,NA,NA
"1449","SL_2017EYKT_Dive_26_08-03-22.000.avi","42564","8:27:04","231","315","QC","Amy",NA,NA,"2017","26","1","Line","Good","Good Going Forward","GGF","GGF","4","AD","Passing","","see bottom in belly","8:27:05","EYKT",NA,NA,NA,NA,NA,NA,NA,NA
"1450","SL_2017EYKT_Dive_26_08-03-22.000.avi","42824","8:27:12","240","323","QC","Amy",NA,NA,"2017","26","1","Line","Good","Good Going Forward","GGF","GGF","5","AD","Passing","","","8:27:14","EYKT",NA,NA,NA,NA,NA,NA,NA,NA
"1451","SL_2017EYKT_Dive_26_08-03-22.000.avi","45964","8:28:57","258","320","QC","Amy",NA,NA,"2017","26","1","Line","Bad","lost bottom visual","BLB","BLB","6","AD","Passing","","","8:28:59","EYKT",NA,NA,NA,NA,NA,NA,NA,NA
"1452","SL_2017EYKT_Dive_26_08-03-22.000.avi","47452","8:29:47","238","325","QC","Amy",NA,NA,"2017","26","1","Line","Good","Good Going Forward","GGF","GGF","7","AD","Passing","","","8:29:49","EYKT",NA,NA,NA,NA,NA,NA,NA,NA
"1453","SL_2017EYKT_Dive_26_08-03-22.000.avi","50326","8:31:23","226","321","QC","Amy",NA,NA,"2017","26","1","Line","Bad","loitering in same area","BLA","BLA","8","AD","Passing","","","8:31:24","EYKT",NA,NA,NA,NA,NA,NA,NA,NA
"1454","SL_2017EYKT_Dive_26_08-03-22.000.avi","50819","8:31:39","239","319","QC","Amy",NA,NA,"2017","26","1","Line","Good","Good Going Forward","GGF","GGF","9","AD","Passing","","","8:31:41","EYKT",NA,NA,NA,NA,NA,NA,NA,NA
"1455","SL_2017EYKT_Dive_26_08-03-22.000.avi","76154","8:45:43","283","345","QC","Amy",NA,NA,"2017","26","1","Line","Good","Good Going Forward","GGF","GGF","10","AD","Passing","End","","8:45:46","EYKT",NA,NA,NA,NA,NA,NA,NA,NA
"1456","SL_2017EYKT_Dive_27_09-24-39.000.avi","129","9:25:05","213","318","QC","Amy",NA,NA,"2017","27","1","Line","Good","Good Going Forward","GGF","GGF","1","AD","Passing","Start","","","EYKT",NA,NA,NA,NA,NA,NA,NA,NA
"1457","SL_2017EYKT_Dive_27_09-24-39.000.avi","4428","9:27:29","222","335","QC","Amy",NA,NA,"2017","27","1","Line","Good","Good Going Forward","GGF","GGF","2","AD","Passing","","see bottom in belly","","EYKT",NA,NA,NA,NA,NA,NA,NA,NA
"1458","SL_2017EYKT_Dive_27_09-24-39.000.avi","4990","9:27:47","212","323","QC","Amy",NA,NA,"2017","27","1","Line","Good","Good Going Forward","GGF","GGF","3","AD","Passing","","","","EYKT",NA,NA,NA,NA,NA,NA,NA,NA
"1459","SL_2017EYKT_Dive_27_09-24-39.000.avi","68629","10:03:09","235","345","QC","Amy",NA,NA,"2017","27","1","Line","Good","Good Going Forward","GGF","GGF","4","AD","Passing","End","","10:03:10","EYKT",NA,NA,NA,NA,NA,NA,NA,NA
"1460","SL_2017EYKT_Dive_28_10-50-00.000.avi","598","10:50:46","225","352","QC","Amy",NA,NA,"2017","28","1","Line","Good","Good Going Forward","GGF","GGF","1","AD","Passing","Start","","10:50:46","EYKT",NA,NA,NA,NA,NA,NA,NA,NA
"1461","SL_2017EYKT_Dive_28_10-50-00.000.avi","22347","11:02:51","231","318","QC","Amy",NA,NA,"2017","28","1","Line","Bad","lost bottom visual","BLB","BLB","2","AD","Passing","","","11:02:51","EYKT",NA,NA,NA,NA,NA,NA,NA,NA
"1462","SL_2017EYKT_Dive_28_10-50-00.000.avi","22538","11:02:57","207","316","QC","Amy",NA,NA,"2017","28","1","Line","Good","Good Going Forward","GGF","GGF","3","AD","Passing","","see bottom in belly","11:02:58","EYKT",NA,NA,NA,NA,NA,NA,NA,NA
"1463","SL_2017EYKT_Dive_28_10-50-00.000.avi","22643","11:03:01","232","341","QC","Amy",NA,NA,"2017","28","1","Line","Good","Good Going Forward","GGF","GGF","4","AD","Passing","","","11:03:01","EYKT",NA,NA,NA,NA,NA,NA,NA,NA
"1464","SL_2017EYKT_Dive_28_10-50-00.000.avi","68172","11:28:18","227","324","QC","Amy",NA,NA,"2017","28","1","Line","Good","Good Going Forward","GGF","GGF","5","AD","Passing","End","","11:28:20","EYKT",NA,NA,NA,NA,NA,NA,NA,NA
"1465","SL_2017EYKT_Dive_29_12-09-06.000.avi","104","12:09:12","259","338","QC","Amy",NA,NA,"2017","29","1","Line","Good","Good Going Forward","GGF","GGF","1","AD","Passing","Start","","12:09:13","EYKT",NA,NA,NA,NA,NA,NA,NA,NA
"1466","SL_2017EYKT_Dive_29_12-09-06.000.avi","18908","12:19:39","249","337","QC","Amy",NA,NA,"2017","29","1","Line","Good","Good Going Forward","GGF","GGF","2","AD","Passing","","see bottom in belly","12:19:40","EYKT",NA,NA,NA,NA,NA,NA,NA,NA
"1467","SL_2017EYKT_Dive_29_12-09-06.000.avi","19231","12:19:50","264","329","QC","Amy",NA,NA,"2017","29","1","Line","Good","Good Going Forward","GGF","GGF","3","AD","Passing","","","12:19:51","EYKT",NA,NA,NA,NA,NA,NA,NA,NA
"1468","SL_2017EYKT_Dive_29_12-09-06.000.avi","44080","12:33:38","194","324","QC","Amy",NA,NA,"2017","29","1","Line","Good","Good Going Forward","GGF","GGF","4","AD","Passing","","see bottom in belly","12:33:40","EYKT",NA,NA,NA,NA,NA,NA,NA,NA
"1469","SL_2017EYKT_Dive_29_12-09-06.000.avi","44335","12:33:47","242","355","QC","Amy",NA,NA,"2017","29","1","Line","Good","Good Going Forward","GGF","GGF","5","AD","Passing","","","12:33:48","EYKT",NA,NA,NA,NA,NA,NA,NA,NA
"1470","SL_2017EYKT_Dive_29_12-09-06.000.avi","70502","12:48:19","221","305","QC","Amy",NA,NA,"2017","29","1","Line","Good","Good Going Forward","GGF","GGF","6","AD","Passing","End","","12:48:21","EYKT",NA,NA,NA,NA,NA,NA,NA,NA
"1471","SL_2017EYKT_Dive_30_13-33-15.000.avi","118","13:33:27","221","315","QC","Amy",NA,NA,"2017","30","1","Line","Good","Good Going Forward","GGF","GGF","1","AD","Passing","Start","","","EYKT",NA,NA,NA,NA,NA,NA,NA,NA
"1472","SL_2017EYKT_Dive_30_13-33-15.000.avi","60239","14:06:51","224","320","QC","Amy",NA,NA,"2017","30","1","Line","Good","Good Going Forward","GGF","GGF","2","AD","Passing","End","","","EYKT",NA,NA,NA,NA,NA,NA,NA,NA
"1473","SL_2017EYKT_Dive_31_15-01-04.000.avi","243","15:01:15","203","298","QC","Amy",NA,NA,"2017","31","1","Line","Good","Good Going Forward","GGF","GGF","1","AD","Passing","Start","","","EYKT",NA,NA,NA,NA,NA,NA,NA,NA
"1474","SL_2017EYKT_Dive_31_15-01-04.000.avi","59947","15:34:25","234","340","QC","Amy",NA,NA,"2017","31","1","Line","Good","Good Going Forward","GGF","GGF","2","AD","Passing","","see bottom in belly","","EYKT",NA,NA,NA,NA,NA,NA,NA,NA
"1475","SL_2017EYKT_Dive_31_15-01-04.000.avi","60472","15:34:43","235","325","QC","Amy",NA,NA,"2017","31","1","Line","Good","Good Going Forward","GGF","GGF","3","AD","Passing","","","","EYKT",NA,NA,NA,NA,NA,NA,NA,NA
"1476","SL_2017EYKT_Dive_31_15-01-04.000.avi","64109","15:36:44","220","325","QC","Amy",NA,NA,"2017","31","1","Line","Good","Good Going Forward","GGF","GGF","4","AD","Passing","End","","","EYKT",NA,NA,NA,NA,NA,NA,NA,NA
"1477","SL_2017EYKT_Dive_32_16-48-04.000.avi","556","16:48:29","202","291","QC","Amy",NA,NA,"2017","32","1","Line","Good","Good Going Forward","GGF","GGF","1","AD","Passing","Start","","","EYKT",NA,NA,NA,NA,NA,NA,NA,NA
"1478","SL_2017EYKT_Dive_32_16-48-04.000.avi","13988","16:55:56","232","335","QC","Amy",NA,NA,"2017","32","1","Line","Bad","loitering in same area","BLA","BLA","2","AD","Passing","","","","EYKT",NA,NA,NA,NA,NA,NA,NA,NA
"1479","SL_2017EYKT_Dive_32_16-48-04.000.avi","14174","16:56:02","268","340","QC","Amy",NA,NA,"2017","32","1","Line","Good","Good Going Forward","GGF","GGF","3","AD","Passing","","","","EYKT",NA,NA,NA,NA,NA,NA,NA,NA
"1480","SL_2017EYKT_Dive_32_16-48-04.000.avi","20081","16:59:19","201","306","QC","Amy",NA,NA,"2017","32","1","Line","Bad","loitering in same area","BLA","BLA","4","AD","Passing","","","","EYKT",NA,NA,NA,NA,NA,NA,NA,NA
"1481","SL_2017EYKT_Dive_32_16-48-04.000.avi","20229","16:59:24","238","331","QC","Amy",NA,NA,"2017","32","1","Line","Good","Good Going Forward","GGF","GGF","5","AD","Passing","","","","EYKT",NA,NA,NA,NA,NA,NA,NA,NA
"1482","SL_2017EYKT_Dive_32_16-48-04.000.avi","51683","17:16:53","234","324","QC","Amy",NA,NA,"2017","32","1","Line","Bad","loitering in same area","BLA","BLA","6","AD","Passing","","","","EYKT",NA,NA,NA,NA,NA,NA,NA,NA
"1483","SL_2017EYKT_Dive_32_16-48-04.000.avi","52037","17:17:05","303","332","QC","Amy",NA,NA,"2017","32","1","Line","Good","Good Going Forward","GGF","GGF","7","AD","Passing","","","","EYKT",NA,NA,NA,NA,NA,NA,NA,NA
"1484","SL_2017EYKT_Dive_32_16-48-04.000.avi","79195","17:32:10","212","325","QC","Amy",NA,NA,"2017","32","1","Line","Good","Good Going Forward","GGF","GGF","8","AD","Passing","End","","","EYKT",NA,NA,NA,NA,NA,NA,NA,NA
"1485","SL_2017EYKT_Dive_33_18-38-07.000.avi","155","13:38:16","242","314","QC","Amy",NA,NA,"2017","33","1","Line","Good","Good Going Forward","GGF","GGF","1","AD","Passing","Start","","","EYKT",NA,NA,NA,NA,NA,NA,NA,NA
"1486","SL_2017EYKT_Dive_33_18-38-07.000.avi","9983","13:43:44","278","327","QC","Amy",NA,NA,"2017","33","1","Line","Bad","loitering in same area","BLA","BLA","2","AD","Passing","","","","EYKT",NA,NA,NA,NA,NA,NA,NA,NA
"1487","SL_2017EYKT_Dive_33_18-38-07.000.avi","10528","13:44:02","248","325","QC","Amy",NA,NA,"2017","33","1","Line","Good","Good Going Forward","GGF","GGF","3","AD","Passing","","","","EYKT",NA,NA,NA,NA,NA,NA,NA,NA
"1488","SL_2017EYKT_Dive_33_18-38-07.000.avi","56178","14:09:24","263","332","QC","Amy",NA,NA,"2017","33","1","Line","Bad","loitering in same area","BLA","BLA","4","AD","Passing","","","","EYKT",NA,NA,NA,NA,NA,NA,NA,NA
"1489","SL_2017EYKT_Dive_33_18-38-07.000.avi","56549","14:09:36","269","341","QC","Amy",NA,NA,"2017","33","1","Line","Good","Good Going Forward","GGF","GGF","5","AD","Passing","","","","EYKT",NA,NA,NA,NA,NA,NA,NA,NA
"1490","SL_2017EYKT_Dive_33_18-38-07.000.avi","67979","14:15:57","250","320","QC","Amy",NA,NA,"2017","33","1","Line","Good","Good Going Forward","GGF","GGF","6","AD","Passing","End","","","EYKT",NA,NA,NA,NA,NA,NA,NA,NA
"1491","SL_2017EYKT_Dive_34_20-07-10.000.avi","178","20:07:30","238","322","QC","Amy",NA,NA,"2017","34","1","Line","Good","Good Going Forward","GGF","GGF","1","AD","Passing","Start","","","EYKT",NA,NA,NA,NA,NA,NA,NA,NA
"1492","SL_2017EYKT_Dive_34_20-07-10.000.avi","9198","20:12:31","229","321","QC","Amy",NA,NA,"2017","34","1","Line","Bad","lost bottom visual","BLB","BLB","2","AD","Passing","","","","EYKT",NA,NA,NA,NA,NA,NA,NA,NA
"1493","SL_2017EYKT_Dive_34_20-07-10.000.avi","9747","20:12:49","206","289","QC","Amy",NA,NA,"2017","34","1","Line","Good","Good Going Forward","GGF","GGF","3","AD","Passing","","","","EYKT",NA,NA,NA,NA,NA,NA,NA,NA
"1494","SL_2017EYKT_Dive_34_20-07-10.000.avi","44672","20:32:13","225","330","QC","Amy",NA,NA,"2017","34","1","Line","Good","Good Going Forward","GGF","GGF","4","AD","Passing","","can see in belly","","EYKT",NA,NA,NA,NA,NA,NA,NA,NA
"1495","SL_2017EYKT_Dive_34_20-07-10.000.avi","44898","20:32:21","229","324","QC","Amy",NA,NA,"2017","34","1","Line","Good","Good Going Forward","GGF","GGF","5","AD","Passing","","","","EYKT",NA,NA,NA,NA,NA,NA,NA,NA
"1496","SL_2017EYKT_Dive_34_20-07-10.000.avi","45000","20:32:24","226","325","QC","Amy",NA,NA,"2017","34","1","Line","Good","Good Going Forward","GGF","GGF","6","AD","Passing","","can see in belly","","EYKT",NA,NA,NA,NA,NA,NA,NA,NA
"1497","SL_2017EYKT_Dive_34_20-07-10.000.avi","45178","20:32:30","273","348","QC","Amy",NA,NA,"2017","34","1","Line","Bad","lost bottom visual","BLB","BLB","7","AD","Passing","","","","EYKT",NA,NA,NA,NA,NA,NA,NA,NA
"1498","SL_2017EYKT_Dive_34_20-07-10.000.avi","45397","20:32:37","251","324","QC","Amy",NA,NA,"2017","34","1","Line","Good","Good Going Forward","GGF","GGF","8","AD","Passing","","","","EYKT",NA,NA,NA,NA,NA,NA,NA,NA
"1499","SL_2017EYKT_Dive_34_20-07-10.000.avi","54454","20:37:39","230","312","QC","Amy",NA,NA,"2017","34","1","Line","Bad","loitering in same area","BLA","BLA","9","AD","Passing","","","","EYKT",NA,NA,NA,NA,NA,NA,NA,NA
"1500","SL_2017EYKT_Dive_34_20-07-10.000.avi","54931","20:37:55","298","345","QC","Amy",NA,NA,"2017","34","1","Line","Good","Good Going Forward","GGF","GGF","10","AD","Passing","","","","EYKT",NA,NA,NA,NA,NA,NA,NA,NA
"1501","SL_2017EYKT_Dive_34_20-07-10.000.avi","56136","20:38:35","217","332","QC","Amy",NA,NA,"2017","34","1","Line","Bad","loitering in same area","BLA","BLA","11","AD","Passing","","","","EYKT",NA,NA,NA,NA,NA,NA,NA,NA
"1502","SL_2017EYKT_Dive_34_20-07-10.000.avi","56525","20:38:48","237","327","QC","Amy",NA,NA,"2017","34","1","Line","Good","Good Going Forward","GGF","GGF","12","AD","Passing","","","","EYKT",NA,NA,NA,NA,NA,NA,NA,NA
"1503","SL_2017EYKT_Dive_34_20-07-10.000.avi","67313","20:44:48","232","340","QC","Amy",NA,NA,"2017","34","1","Line","Good","Good Going Forward","GGF","GGF","13","AD","Passing","End","","","EYKT",NA,NA,NA,NA,NA,NA,NA,NA
"1504","SL_2017EYKT_Dive_35_06-59-38.000.avi","192","6:59:51","250","324","QC","Amy",NA,NA,"2017","35","1","Line","Good","Good Going Forward","GGF","GGF","1","AD","Passing","Start","","","EYKT",NA,NA,NA,NA,NA,NA,NA,NA
"1505","SL_2017EYKT_Dive_35_06-59-38.000.avi","10392","7:05:31","240","331","QC","Amy",NA,NA,"2017","35","1","Line","Bad","lost bottom visual","BLB","BLB","2","AD","Passing","","","","EYKT",NA,NA,NA,NA,NA,NA,NA,NA
"1506","SL_2017EYKT_Dive_35_06-59-38.000.avi","10888","7:05:48","234","318","QC","Amy",NA,NA,"2017","35","1","Line","Good","Good Going Forward","GGF","GGF","3","AD","Passing","","","","EYKT",NA,NA,NA,NA,NA,NA,NA,NA
"1507","SL_2017EYKT_Dive_35_06-59-38.000.avi","48698","7:26:48","250","326","QC","Amy",NA,NA,"2017","35","1","Line","Bad","lost bottom visual","BLB","BLB","4","AD","Passing","","","","EYKT",NA,NA,NA,NA,NA,NA,NA,NA
"1508","SL_2017EYKT_Dive_35_06-59-38.000.avi","48953","7:26:57","243","330","QC","Amy",NA,NA,"2017","35","1","Line","Good","Good Going Forward","GGF","GGF","5","AD","Passing","","","","EYKT",NA,NA,NA,NA,NA,NA,NA,NA
"1509","SL_2017EYKT_Dive_35_06-59-38.000.avi","74968","7:41:24","292","346","QC","Amy",NA,NA,"2017","35","1","Line","Good","Good Going Forward","GGF","GGF","6","AD","Passing","End","","","EYKT",NA,NA,NA,NA,NA,NA,NA,NA
"1510","SL_2017EYKT_Dive_36_08-23-44.000.avi","483","8:24:02","226","321","QC","Amy",NA,NA,"2017","36","1","Line","Good","Good Going Forward","GGF","GGF","1","AD","Passing","Start","","","EYKT",NA,NA,NA,NA,NA,NA,NA,NA
"1511","SL_2017EYKT_Dive_36_08-23-44.000.avi","12643","8:30:47","224","328","QC","Amy",NA,NA,"2017","36","1","Line","Good","Good Going Forward","GGF","GGF","2","AD","Passing","","see bottom in belly","8:30:48","EYKT",NA,NA,NA,NA,NA,NA,NA,NA
"1512","SL_2017EYKT_Dive_36_08-23-44.000.avi","12979","8:30:59","249","308","QC","Amy",NA,NA,"2017","36","1","Line","Bad","lost bottom visual","BLB","BLB","3","AD","Passing","","","8:30:59","EYKT",NA,NA,NA,NA,NA,NA,NA,NA
"1513","SL_2017EYKT_Dive_36_08-23-44.000.avi","13905","8:31:29","238","322","QC","Amy",NA,NA,"2017","36","1","Line","Bad","loitering in same area","BLA","BLA","4","AD","Passing","","","8:31:30","EYKT",NA,NA,NA,NA,NA,NA,NA,NA
"1514","SL_2017EYKT_Dive_36_08-23-44.000.avi","14156","8:31:38","267","316","QC","Amy",NA,NA,"2017","36","1","Line","Good","Good Going Forward","GGF","GGF","5","AD","Passing","","","8:31:38","EYKT",NA,NA,NA,NA,NA,NA,NA,NA
"1515","SL_2017EYKT_Dive_36_08-23-44.000.avi","17312","8:33:23","262","323","QC","Amy",NA,NA,"2017","36","1","Line","Bad","loitering in same area","BLA","BLA","6","AD","Passing","","","","EYKT",NA,NA,NA,NA,NA,NA,NA,NA
"1516","SL_2017EYKT_Dive_36_08-23-44.000.avi","17631","8:33:34","220","320","QC","Amy",NA,NA,"2017","36","1","Line","Good","Good Going Forward","GGF","GGF","7","AD","Passing","","","8:33:34","EYKT",NA,NA,NA,NA,NA,NA,NA,NA
"1517","SL_2017EYKT_Dive_36_08-23-44.000.avi","17696","8:33:36","220","320","QC","Amy",NA,NA,"2017","36","1","Line","Bad","lost bottom visual","BLB","BLB","8","AD","Passing","","","8:33:36","EYKT",NA,NA,NA,NA,NA,NA,NA,NA
"1518","SL_2017EYKT_Dive_36_08-23-44.000.avi","18576","8:34:05","228","328","QC","Amy",NA,NA,"2017","36","1","Line","Bad","loitering in same area","BLA","BLA","9","AD","Passing","","","8:34:06","EYKT",NA,NA,NA,NA,NA,NA,NA,NA
"1519","SL_2017EYKT_Dive_36_08-23-44.000.avi","18801","8:34:13","206","318","QC","Amy",NA,NA,"2017","36","1","Line","Good","Good Going Forward","GGF","GGF","10","AD","Passing","","","8:34:13","EYKT",NA,NA,NA,NA,NA,NA,NA,NA
"1520","SL_2017EYKT_Dive_36_08-23-44.000.avi","19007","8:34:20","245","330","QC","Amy",NA,NA,"2017","36","1","Line","Bad","loitering in same area","BLA","BLA","11","AD","Passing","","","","EYKT",NA,NA,NA,NA,NA,NA,NA,NA
"1521","SL_2017EYKT_Dive_36_08-23-44.000.avi","19635","8:34:41","252","331","QC","Amy",NA,NA,"2017","36","1","Line","Good","Good Going Forward","GGF","GGF","12","AD","Passing","","","","EYKT",NA,NA,NA,NA,NA,NA,NA,NA
"1522","SL_2017EYKT_Dive_36_08-23-44.000.avi","28909","8:39:50","240","305","QC","Amy",NA,NA,"2017","36","1","Line","Good","Good Going Forward","GGF","GGF","13","AD","Passing","","see bottom in belly","","EYKT",NA,NA,NA,NA,NA,NA,NA,NA
"1523","SL_2017EYKT_Dive_36_08-23-44.000.avi","29032","8:39:54","62","204","QC","Amy",NA,NA,"2017","36","1","Line","Bad","lost bottom visual","BLB","BLB","14","AD","Passing","","","","EYKT",NA,NA,NA,NA,NA,NA,NA,NA
"1524","SL_2017EYKT_Dive_36_08-23-44.000.avi","29294","8:40:02","225","323","QC","Amy",NA,NA,"2017","36","1","Line","Good","Good Going Forward","GGF","GGF","15","AD","Passing","","","","EYKT",NA,NA,NA,NA,NA,NA,NA,NA
"1525","SL_2017EYKT_Dive_36_08-23-44.000.avi","30850","8:40:54","256","352","QC","Amy",NA,NA,"2017","36","1","Line","Bad","loitering in same area","BLA","BLA","16","AD","Passing","","","","EYKT",NA,NA,NA,NA,NA,NA,NA,NA
"1526","SL_2017EYKT_Dive_36_08-23-44.000.avi","31029","8:41:00","116","135","QC","Amy",NA,NA,"2017","36","1","Line","Good","Good Going Forward","GGF","GGF","17","AD","Passing","","","8:41:01","EYKT",NA,NA,NA,NA,NA,NA,NA,NA
"1527","SL_2017EYKT_Dive_36_08-23-44.000.avi","35902","8:43:43","223","319","QC","Amy",NA,NA,"2017","36","1","Line","Bad","lost bottom visual","BLB","BLB","18","AD","Passing","","","","EYKT",NA,NA,NA,NA,NA,NA,NA,NA
"1528","SL_2017EYKT_Dive_36_08-23-44.000.avi","36463","8:44:01","239","324","QC","Amy",NA,NA,"2017","36","1","Line","Good","Good Going Forward","GGF","GGF","19","AD","Passing","","","","EYKT",NA,NA,NA,NA,NA,NA,NA,NA
"1529","SL_2017EYKT_Dive_36_08-23-44.000.avi","38136","8:44:57","255","335","QC","Amy",NA,NA,"2017","36","1","Line","Bad","lost bottom visual","BLB","BLB","20","AD","Passing","","","","EYKT",NA,NA,NA,NA,NA,NA,NA,NA
"1530","SL_2017EYKT_Dive_36_08-23-44.000.avi","38936","8:45:24","265","346","QC","Amy",NA,NA,"2017","36","1","Line","Bad","loitering in same area","BLA","BLA","21","AD","Passing","","","8:45:25","EYKT",NA,NA,NA,NA,NA,NA,NA,NA
"1531","SL_2017EYKT_Dive_36_08-23-44.000.avi","39192","8:45:32","229","320","QC","Amy",NA,NA,"2017","36","1","Line","Good","Good Going Forward","GGF","GGF","22","AD","Passing","","","","EYKT",NA,NA,NA,NA,NA,NA,NA,NA
"1532","SL_2017EYKT_Dive_36_08-23-44.000.avi","44083","8:48:15","260","300","QC","Amy",NA,NA,"2017","36","1","Line","Bad","lost bottom visual","BLB","BLB","23","AD","Passing","","","","EYKT",NA,NA,NA,NA,NA,NA,NA,NA
"1533","SL_2017EYKT_Dive_36_08-23-44.000.avi","44953","8:48:44","241","328","QC","Amy",NA,NA,"2017","36","1","Line","Bad","loitering in same area","BLA","BLA","24","AD","Passing","","","8:48:46","EYKT",NA,NA,NA,NA,NA,NA,NA,NA
"1534","SL_2017EYKT_Dive_36_08-23-44.000.avi","45342","8:48:57","231","300","QC","Amy",NA,NA,"2017","36","1","Line","Good","Good Going Forward","GGF","GGF","25","AD","Passing","","","","EYKT",NA,NA,NA,NA,NA,NA,NA,NA
"1535","SL_2017EYKT_Dive_36_08-23-44.000.avi","57442","8:55:41","242","316","QC","Amy",NA,NA,"2017","36","1","Line","Good","Good Going Forward","GGF","GGF","27","AD","Passing","","see bottom in belly","8:55:42","EYKT",NA,NA,NA,NA,NA,NA,NA,NA
"1536","SL_2017EYKT_Dive_36_08-23-44.000.avi","57550","8:55:44","213","322","QC","Amy",NA,NA,"2017","36","1","Line","Bad","lost bottom visual","BLB","BLB","28","AD","Passing","","","","EYKT",NA,NA,NA,NA,NA,NA,NA,NA
"1537","SL_2017EYKT_Dive_36_08-23-44.000.avi","58001","8:55:59","252","334","QC","Amy",NA,NA,"2017","36","1","Line","Good","Good Going Forward","GGF","GGF","29","AD","Passing","","","","EYKT",NA,NA,NA,NA,NA,NA,NA,NA
"1538","SL_2017EYKT_Dive_36_08-23-44.000.avi","59787","8:56:59","270","327","QC","Amy",NA,NA,"2017","36","1","Line","Good","Good Going Forward","GGF","GGF","30","AD","Passing","","see bottom in belly","","EYKT",NA,NA,NA,NA,NA,NA,NA,NA
"1539","SL_2017EYKT_Dive_36_08-23-44.000.avi","59973","8:57:05","222","320","QC","Amy",NA,NA,"2017","36","1","Line","Bad","lost bottom visual","BLB","BLB","31","AD","Passing","","","","EYKT",NA,NA,NA,NA,NA,NA,NA,NA
"1540","SL_2017EYKT_Dive_36_08-23-44.000.avi","60407","8:57:20","232","326","QC","Amy",NA,NA,"2017","36","1","Line","Good","Good Going Forward","GGF","GGF","32","AD","Passing","","","8:57:21","EYKT",NA,NA,NA,NA,NA,NA,NA,NA
"1541","SL_2017EYKT_Dive_36_08-23-44.000.avi","60663","8:57:28","252","315","QC","Amy",NA,NA,"2017","36","1","Line","Bad","loitering in same area","BLA","BLA","33","AD","Passing","","","","EYKT",NA,NA,NA,NA,NA,NA,NA,NA
"1542","SL_2017EYKT_Dive_36_08-23-44.000.avi","61003","8:57:39","261","319","QC","Amy",NA,NA,"2017","36","1","Line","Good","Good Going Forward","GGF","GGF","34","AD","Passing","","","","EYKT",NA,NA,NA,NA,NA,NA,NA,NA
"1543","SL_2017EYKT_Dive_36_08-23-44.000.avi","62998","8:58:46","240","326","QC","Amy",NA,NA,"2017","36","1","Line","Good","Good Going Forward","GGF","GGF","35","AD","Passing","","see bottom in belly","8:58:48","EYKT",NA,NA,NA,NA,NA,NA,NA,NA
"1544","SL_2017EYKT_Dive_36_08-23-44.000.avi","63302","8:58:56","242","316","QC","Amy",NA,NA,"2017","36","1","Line","Bad","lost bottom visual","BLB","BLB","36","AD","Passing","","","","EYKT",NA,NA,NA,NA,NA,NA,NA,NA
"1545","SL_2017EYKT_Dive_36_08-23-44.000.avi","64104","8:59:23","231","320","QC","Amy",NA,NA,"2017","36","1","Line","Bad","loitering in same area","BLA","BLA","37","AD","Passing","","","","EYKT",NA,NA,NA,NA,NA,NA,NA,NA
"1546","SL_2017EYKT_Dive_36_08-23-44.000.avi","64311","8:59:30","239","340","QC","Amy",NA,NA,"2017","36","1","Line","Good","Good Going Forward","GGF","GGF","38","AD","Passing","","","","EYKT",NA,NA,NA,NA,NA,NA,NA,NA
"1547","SL_2017EYKT_Dive_36_08-23-44.000.avi","67941","9:01:31","221","320","QC","Amy",NA,NA,"2017","36","1","Line","Bad","loitering in same area","BLA","BLA","39","AD","Passing","","","","EYKT",NA,NA,NA,NA,NA,NA,NA,NA
"1548","SL_2017EYKT_Dive_36_08-23-44.000.avi","68702","9:01:56","253","325","QC","Amy",NA,NA,"2017","36","1","Line","Good","Good Going Forward","GGF","GGF","40","AD","Passing","","see bottom in belly","","EYKT",NA,NA,NA,NA,NA,NA,NA,NA
"1549","SL_2017EYKT_Dive_36_08-23-44.000.avi","69148","9:02:11","230","319","QC","Amy",NA,NA,"2017","36","1","Line","Bad","lost bottom visual","BLB","BLB","41","AD","Passing","","","","EYKT",NA,NA,NA,NA,NA,NA,NA,NA
"1550","SL_2017EYKT_Dive_36_08-23-44.000.avi","69421","9:02:20","236","319","QC","Amy",NA,NA,"2017","36","1","Line","Good","Good Going Forward","GGF","GGF","42","AD","Passing","","","","EYKT",NA,NA,NA,NA,NA,NA,NA,NA
"1551","SL_2017EYKT_Dive_36_08-23-44.000.avi","69949","9:02:38","236","321","QC","Amy",NA,NA,"2017","36","1","Line","Bad","lost bottom visual","BLB","BLB","43","AD","Passing","","","","EYKT",NA,NA,NA,NA,NA,NA,NA,NA
"1552","SL_2017EYKT_Dive_36_08-23-44.000.avi","71389","9:03:26","214","319","QC","Amy",NA,NA,"2017","36","1","Line","Good","Good Going Forward","GGF","GGF","44","AD","Passing","","see bottom in belly","","EYKT",NA,NA,NA,NA,NA,NA,NA,NA
"1553","SL_2017EYKT_Dive_36_08-23-44.000.avi","71721","9:03:37","162","264","QC","Amy",NA,NA,"2017","36","1","Line","Good","Good Going Forward","GGF","GGF","45","AD","Passing","","","","EYKT",NA,NA,NA,NA,NA,NA,NA,NA
"1554","SL_2017EYKT_Dive_36_08-23-44.000.avi","77784","9:06:59","250","327","QC","Amy",NA,NA,"2017","36","1","Line","Good","Good Going Forward","GGF","GGF","46","AD","Passing","","see bottom in belly","","EYKT",NA,NA,NA,NA,NA,NA,NA,NA
"1555","SL_2017EYKT_Dive_36_08-23-44.000.avi","78256","9:07:15","220","320","QC","Amy",NA,NA,"2017","36","1","Line","Bad","lost bottom visual","BLB","BLB","47","AD","Passing","","","","EYKT",NA,NA,NA,NA,NA,NA,NA,NA
"1556","SL_2017EYKT_Dive_36_08-23-44.000.avi","78644","9:07:27","252","307","QC","Amy",NA,NA,"2017","36","1","Line","Good","Good Going Forward","GGF","GGF","48","AD","Passing","","see bottom in belly","","EYKT",NA,NA,NA,NA,NA,NA,NA,NA
"1557","SL_2017EYKT_Dive_36_08-23-44.000.avi","78789","9:07:32","225","324","QC","Amy",NA,NA,"2017","36","1","Line","Good","Good Going Forward","GGF","GGF","49","AD","Passing","","","","EYKT",NA,NA,NA,NA,NA,NA,NA,NA
"1558","SL_2017EYKT_Dive_36_08-23-44.000.avi","85347","9:11:11","237","314","QC","Amy",NA,NA,"2017","36","1","Line","Good","Good Going Forward","GGF","GGF","50","AD","Passing","End","times are still off","9:11:14","EYKT",NA,NA,NA,NA,NA,NA,NA,NA
"1559","SL_2018NSEO_Dive_01_13-04-18.000.avi","166","13:04:25","603","835","QC","EricaEbert","110","N/A","2018","1","70","Line","Good","Good Going Forward","GGF","GGF","1","AD","Passing",NA,"START",NA,"NSEO","47065",NA,NA,NA,NA,NA,NA,NA
"1560","SL_2018NSEO_Dive_01_13-04-18.000.avi","69401","13:42:52","608","849","QC","EricaEbert","110","N/A","2018","1","70","Line","Good","Good Going Forward","GGF","GGF","1","AD","Passing",NA,"END",NA,"NSEO","49372",NA,NA,NA,NA,NA,NA,NA
"1561","SL_2018NSEO_Dive_02_14-25-52.000.avi","112","14:26:08","587","837","QC","EricaEbert","120","N/A","2018","2","68","Line","Good","Good Going Forward","GGF","GGF","1","AD","Passing",NA,"START",NA,"NSEO","51968",NA,NA,NA,NA,NA,NA,NA
"1562","SL_2018NSEO_Dive_02_14-25-52.000.avi","33478","14:44:40","598","855","QC","EricaEbert","120","N/A","2018","2","68","Line","Bad","repositioned","BRP","BRP","1","AD","Passing",NA,"",NA,"NSEO","53080",NA,NA,NA,NA,NA,NA,NA
"1563","SL_2018NSEO_Dive_02_14-25-52.000.avi","33797","14:44:51","610","844","QC","EricaEbert","120","N/A","2018","2","68","Line","Good","Good Going Forward","GGF","GGF","1","AD","Passing",NA,"",NA,"NSEO","53091",NA,NA,NA,NA,NA,NA,NA
"1564","SL_2018NSEO_Dive_02_14-25-52.000.avi","64891","15:02:07","597","835","QC","EricaEbert","120","N/A","2018","2","68","Line","Good","Good Going Forward","GGF","GGF","1","AD","Passing",NA,"END",NA,"NSEO","54127",NA,NA,NA,NA,NA,NA,NA
"1565","SL_2018NSEO_Dive_03_15-52-41.000.avi","258","15:52:53","602","842","QC","EricaEbert","75","N/A","2018","3","71","Line","Good","Good Going Forward","GGF","GGF","1","AD","Passing",NA,"START",NA,"NSEO","57173",NA,NA,NA,NA,NA,NA,NA
"1566","SL_2018NSEO_Dive_03_15-52-41.000.avi","12379","15:59:37","590","835","QC","EricaEbert","75","N/A","2018","3","71","Line","Bad","going over drop-off","BDO","BDO","1","AD","Passing",NA,"",NA,"NSEO","57577",NA,NA,NA,NA,NA,NA,NA
"1567","SL_2018NSEO_Dive_03_15-52-41.000.avi","13261","16:00:06","592","824","QC","EricaEbert","75","N/A","2018","3","71","Line","Good","Good Going Forward","GGF","GGF","1","AD","Passing",NA,"",NA,"NSEO","57606",NA,NA,NA,NA,NA,NA,NA
"1568","SL_2018NSEO_Dive_03_15-52-41.000.avi","26209","16:07:18","590","829","QC","EricaEbert","75","N/A","2018","3","71","Line","Bad","going over drop-off","BDO","BDO","1","AD","Passing",NA,"",NA,"NSEO","58038",NA,NA,NA,NA,NA,NA,NA
"1569","SL_2018NSEO_Dive_03_15-52-41.000.avi","26618","16:07:31","612","849","QC","EricaEbert","75","N/A","2018","3","71","Line","Good","Good Going Forward","GGF","GGF","1","AD","Passing",NA,"",NA,"NSEO","58051",NA,NA,NA,NA,NA,NA,NA
"1570","SL_2018NSEO_Dive_03_15-52-41.000.avi","40406","16:15:11","598","842","QC","EricaEbert","75","N/A","2018","3","71","Line","Bad","loitering in same area","BLA","BLA","1","AD","Passing",NA,"",NA,"NSEO","58511",NA,NA,NA,NA,NA,NA,NA
"1571","SL_2018NSEO_Dive_03_15-52-41.000.avi","40912","16:15:28","598","847","QC","EricaEbert","75","N/A","2018","3","71","Line","Good","Good Going Forward","GGF","GGF","1","AD","Passing",NA,"",NA,"NSEO","58528",NA,NA,NA,NA,NA,NA,NA
"1572","SL_2018NSEO_Dive_03_15-52-41.000.avi","60764","16:26:29","590","829","QC","EricaEbert","75","N/A","2018","3","71","Line","Good","Good Going Forward","GGF","GGF","1","AD","Passing",NA,"END",NA,"NSEO","59189",NA,NA,NA,NA,NA,NA,NA
"1573","SL_2018NSEO_Dive_04_17-13-07.000.avi","100","17:13:13","585","830","QC","EricaEbert","50","N/A","2018","4","73","Line","Good","Good Going Forward","GGF","GGF","1","AD","Passing",NA,"START",NA,"NSEO","61993",NA,NA,NA,NA,NA,NA,NA
"1574","SL_2018NSEO_Dive_04_17-13-07.000.avi","24571","17:26:49","588","820","QC","EricaEbert","50","N/A","2018","4","73","Line","Bad","loitering in same area","BLA","BLA","1","AD","Passing",NA,"",NA,"NSEO","62809",NA,NA,NA,NA,NA,NA,NA
"1575","SL_2018NSEO_Dive_04_17-13-07.000.avi","25371","17:27:16","598","847","QC","EricaEbert","50","N/A","2018","4","73","Line","Good","Good Going Forward","GGF","GGF","1","AD","Passing",NA,"",NA,"NSEO","62836",NA,NA,NA,NA,NA,NA,NA
"1576","SL_2018NSEO_Dive_04_17-13-07.000.avi","33295","17:31:40","582","820","QC","EricaEbert","50","N/A","2018","4","73","Line","Bad","poor visibility","BPV","BPV","1","AD","Passing",NA,"",NA,"NSEO","63100",NA,NA,NA,NA,NA,NA,NA
"1577","SL_2018NSEO_Dive_04_17-13-07.000.avi","33916","17:32:01","598","840","QC","EricaEbert","50","N/A","2018","4","73","Line","Good","Good Going Forward","GGF","GGF","1","AD","Passing",NA,"",NA,"NSEO","63121",NA,NA,NA,NA,NA,NA,NA
"1578","SL_2018NSEO_Dive_04_17-13-07.000.avi","36456","17:33:25","578","827","QC","EricaEbert","50","N/A","2018","4","73","Line","Bad","loitering in same area","BLA","BLA","1","AD","Passing",NA,"",NA,"NSEO","63205",NA,NA,NA,NA,NA,NA,NA
"1579","SL_2018NSEO_Dive_04_17-13-07.000.avi","39444","17:35:05","634","835","QC","EricaEbert","50","N/A","2018","4","73","Line","Good","Good Going Forward","GGF","GGF","1","AD","Passing",NA,"END",NA,"NSEO","63305",NA,NA,NA,NA,NA,NA,NA
"1580","SL_2018NSEO_Dive_05_08-01-08.000.avi","869","8:01:42","592","830","QC","EricaEbert","65","N/A","2018","5","65","Line","Good","Good Going Forward","GGF","GGF","1","AD","Passing",NA,"START",NA,"NSEO","28902",NA,NA,NA,NA,NA,NA,NA
"1581","SL_2018NSEO_Dive_05_08-01-08.000.avi","66717","8:38:17","573","810","QC","EricaEbert","65","N/A","2018","5","65","Line","Good","Good Going Forward","GGF","GGF","1","AD","Passing",NA,"END",NA,"NSEO","31097",NA,NA,NA,NA,NA,NA,NA
"1582","SL_2018NSEO_Dive_06_09-14-38.000.avi","350","9:14:53","598","837","QC","EricaEbert","125","N/A","2018","6","67","Line","Good","Good Going Forward","GGF","GGF","1","AD","Passing",NA,"START",NA,"NSEO","33293",NA,NA,NA,NA,NA,NA,NA
"1583","SL_2018NSEO_Dive_06_09-14-38.000.avi","7538","9:18:52","592","825","QC","EricaEbert","125","N/A","2018","6","67","Line","Bad","loitering in same area","BLA","BLA","1","AD","Passing",NA,"",NA,"NSEO","33532",NA,NA,NA,NA,NA,NA,NA
"1584","SL_2018NSEO_Dive_06_09-14-38.000.avi","7729","9:18:59","603","847","QC","EricaEbert","125","N/A","2018","6","67","Line","Good","Good Going Forward","GGF","GGF","1","AD","Passing",NA,"",NA,"NSEO","33539",NA,NA,NA,NA,NA,NA,NA
"1585","SL_2018NSEO_Dive_06_09-14-38.000.avi","64436","9:50:29","597","837","QC","EricaEbert","125","N/A","2018","6","67","Line","Good","Good Going Forward","GGF","GGF","1","AD","Passing",NA,"END",NA,"NSEO","35429",NA,NA,NA,NA,NA,NA,NA
"1586","SL_2018NSEO_Dive_07_10-48-03.000.avi","235","10:48:16","590","825","QC","EricaEbert","85","N/A","2018","7","64","Line","Good","Good Going Forward","GGF","GGF","1","AD","Passing",NA,"START",NA,"NSEO","38896",NA,NA,NA,NA,NA,NA,NA
"1587","SL_2018NSEO_Dive_07_10-48-03.000.avi","62447","11:22:50","585","825","QC","EricaEbert","85","N/A","2018","7","64","Line","Good","Good Going Forward","GGF","GGF","1","AD","Passing",NA,"END",NA,"NSEO","40970",NA,NA,NA,NA,NA,NA,NA
"1588","SL_2018NSEO_Dive_08_11-54-23.000.avi","101","11:54:27","597","839","QC","EricaEbert","100","N/A","2018","8","63","Line","Good","Good Going Forward","GGF","GGF","1","AD","Passing",NA,"START",NA,"NSEO","42867",NA,NA,NA,NA,NA,NA,NA
"1589","SL_2018NSEO_Dive_08_11-54-23.000.avi","26758","12:09:16","592","829","QC","EricaEbert","100","N/A","2018","8","63","Line","Bad","going over drop-off","BDO","BDO","1","AD","Passing",NA,"",NA,"NSEO","43756",NA,NA,NA,NA,NA,NA,NA
"1590","SL_2018NSEO_Dive_08_11-54-23.000.avi","27120","12:09:28","578","822","QC","EricaEbert","100","N/A","2018","8","63","Line","Good","Good Going Forward","GGF","GGF","1","AD","Passing",NA,"",NA,"NSEO","43768",NA,NA,NA,NA,NA,NA,NA
"1591","SL_2018NSEO_Dive_08_11-54-23.000.avi","33882","12:13:13","588","825","QC","EricaEbert","100","N/A","2018","8","63","Line","Bad","going over drop-off","BDO","BDO","1","AD","Passing",NA,"",NA,"NSEO","43993",NA,NA,NA,NA,NA,NA,NA
"1592","SL_2018NSEO_Dive_08_11-54-23.000.avi","34094","12:13:20","590","827","QC","EricaEbert","100","N/A","2018","8","63","Line","Good","Good Going Forward","GGF","GGF","1","AD","Passing",NA,"",NA,"NSEO","44000",NA,NA,NA,NA,NA,NA,NA
"1593","SL_2018NSEO_Dive_08_11-54-23.000.avi","66231","12:31:12","597","832","QC","EricaEbert","100","N/A","2018","8","63","Line","Good","Good Going Forward","GGF","GGF","1","AD","Passing",NA,"END",NA,"NSEO","45072",NA,NA,NA,NA,NA,NA,NA
"1594","SL_2018NSEO_Dive_09_13-00-18.000.avi","136","13:00:32","595","834","QC","EricaEbert","80","N/A","2018","9","62","Line","Good","Good Going Forward","GGF","GGF","1","AD","Passing",NA,"START",NA,"NSEO","46832",NA,NA,NA,NA,NA,NA,NA
"1595","SL_2018NSEO_Dive_09_13-00-18.000.avi","64352","13:36:12","602","832","QC","EricaEbert","80","N/A","2018","9","62","Line","Good","Good Going Forward","GGF","GGF","1","AD","Passing",NA,"END",NA,"NSEO","48972",NA,NA,NA,NA,NA,NA,NA
"1596","SL_2018NSEO_Dive_10_14-21-17.000.avi","248","14:21:31","603","842","QC","EricaEbert","115","N/A","2018","10","61","Line","Good","Good Going Forward","GGF","GGF","1","AD","Passing",NA,"START",NA,"NSEO","51691",NA,NA,NA,NA,NA,NA,NA
"1597","SL_2018NSEO_Dive_10_14-21-17.000.avi","57187","14:53:09","603","835","QC","EricaEbert","115","N/A","2018","10","61","Line","Good","Good Going Forward","GGF","GGF","1","AD","Passing",NA,"END",NA,"NSEO","53589",NA,NA,NA,NA,NA,NA,NA
"1598","SL_2018NSEO_Dive_11_15-47-33.000.avi","133","15:47:38","608","834","QC","EricaEbert","120","N/A","2018","11","56","Line","Good","Good Going Forward","GGF","GGF","1","AD","Passing",NA,"START",NA,"NSEO","56858",NA,NA,NA,NA,NA,NA,NA
"1599","SL_2018NSEO_Dive_11_15-47-33.000.avi","45023","16:12:35","602","840","QC","EricaEbert","120","N/A","2018","11","56","Line","Bad","loitering in same area","BLA","BLA","1","AD","Passing",NA,"",NA,"NSEO","58355",NA,NA,NA,NA,NA,NA,NA
"1600","SL_2018NSEO_Dive_11_15-47-33.000.avi","45439","16:12:49","610","847","QC","EricaEbert","120","N/A","2018","11","56","Line","Good","Good Going Forward","GGF","GGF","1","AD","Passing",NA,"",NA,"NSEO","58369",NA,NA,NA,NA,NA,NA,NA
"1601","SL_2018NSEO_Dive_11_15-47-33.000.avi","55982","16:18:40","585","824","QC","EricaEbert","120","N/A","2018","11","56","Line","Bad","loitering in same area","BLA","BLA","1","AD","Passing",NA,"",NA,"NSEO","58720",NA,NA,NA,NA,NA,NA,NA
"1602","SL_2018NSEO_Dive_11_15-47-33.000.avi","56222","16:18:48","603","844","QC","EricaEbert","120","N/A","2018","11","56","Line","Good","Good Going Forward","GGF","GGF","1","AD","Passing",NA,"",NA,"NSEO","58728",NA,NA,NA,NA,NA,NA,NA
"1603","SL_2018NSEO_Dive_11_15-47-33.000.avi","57318","16:19:25","595","829","QC","EricaEbert","120","N/A","2018","11","56","Line","Good","Good Going Forward","GGF","GGF","1","AD","Passing",NA,"END",NA,"NSEO","58765",NA,NA,NA,NA,NA,NA,NA
"1604","SL_2018NSEO_Dive_12_17-15-14.000.avi","161","17:15:25","583","822","QC","EricaEbert","65","N/A","2018","12","59","Line","Good","Good Going Forward","GGF","GGF","1","AD","Passing",NA,"START",NA,"NSEO","62125",NA,NA,NA,NA,NA,NA,NA
"1605","SL_2018NSEO_Dive_12_17-15-14.000.avi","61432","17:49:28","585","822","QC","EricaEbert","65","N/A","2018","12","59","Line","Good","Good Going Forward","GGF","GGF","1","AD","Passing",NA,"END",NA,"NSEO","64168",NA,NA,NA,NA,NA,NA,NA
"1606","SL_2018NSEO_Dive_13_08-11-57.000.avi","237","8:12:06","593","839","QC","EricaEbert","90","N/A","2018","13","60","Line","Good","Good Going Forward","GGF","GGF","1","AD","Passing",NA,"START",NA,"NSEO","29526",NA,NA,NA,NA,NA,NA,NA
"1607","SL_2018NSEO_Dive_13_08-11-57.000.avi","70720","8:51:15","598","830","QC","EricaEbert","90","N/A","2018","13","60","Line","Good","Good Going Forward","GGF","GGF","1","AD","Passing",NA,"END",NA,"NSEO","31875",NA,NA,NA,NA,NA,NA,NA
"1608","SL_2018NSEO_Dive_14_09-39-24.000.avi","369","9:39:39","613","847","QC","EricaEbert","110","N/A","2018","14","57","Line","Good","Good Going Forward","GGF","GGF","1","AD","Passing",NA,"START",NA,"NSEO","34779",NA,NA,NA,NA,NA,NA,NA
"1609","SL_2018NSEO_Dive_14_09-39-24.000.avi","57533","10:11:25","607","835","QC","EricaEbert","110","N/A","2018","14","57","Line","Good","Good Going Forward","GGF","GGF","1","AD","Passing",NA,"END",NA,"NSEO","36685",NA,NA,NA,NA,NA,NA,NA
"1610","SL_2018NSEO_Dive_15_11-05-29.000.avi","154","11:05:43","602","844","QC","EricaEbert","135","N/A","2018","15","55","Line","Good","Good Going Forward","GGF","GGF","1","AD","Passing",NA,"START",NA,"NSEO","39943",NA,NA,NA,NA,NA,NA,NA
"1611","SL_2018NSEO_Dive_15_11-05-29.000.avi","6485","11:09:14","587","822","QC","EricaEbert","135","N/A","2018","15","55","Line","Bad","loitering in same area","BLA","BLA","1","AD","Passing",NA,"",NA,"NSEO","40154",NA,NA,NA,NA,NA,NA,NA
"1612","SL_2018NSEO_Dive_15_11-05-29.000.avi","6759","11:09:23","587","830","QC","EricaEbert","135","N/A","2018","15","55","Line","Good","Good Going Forward","GGF","GGF","1","AD","Passing",NA,"",NA,"NSEO","40163",NA,NA,NA,NA,NA,NA,NA
"1613","SL_2018NSEO_Dive_15_11-05-29.000.avi","7167","11:09:37","580","818","QC","EricaEbert","135","N/A","2018","15","55","Line","Bad","lost bottom visual","BLB","BLB","1","AD","Passing",NA,"",NA,"NSEO","40177",NA,NA,NA,NA,NA,NA,NA
"1614","SL_2018NSEO_Dive_15_11-05-29.000.avi","8549","11:10:23","587","832","QC","EricaEbert","135","N/A","2018","15","55","Line","Good","Good Going Forward","GGF","GGF","1","AD","Passing",NA,"",NA,"NSEO","40223",NA,NA,NA,NA,NA,NA,NA
"1615","SL_2018NSEO_Dive_15_11-05-29.000.avi","9441","11:10:53","578","818","QC","EricaEbert","135","N/A","2018","15","55","Line","Bad","lost bottom visual","BLB","BLB","1","AD","Passing",NA,"",NA,"NSEO","40253",NA,NA,NA,NA,NA,NA,NA
"1616","SL_2018NSEO_Dive_15_11-05-29.000.avi","10014","11:11:12","607","845","QC","EricaEbert","135","N/A","2018","15","55","Line","Good","Good Going Forward","GGF","GGF","1","AD","Passing",NA,"",NA,"NSEO","40272",NA,NA,NA,NA,NA,NA,NA
"1617","SL_2018NSEO_Dive_15_11-05-29.000.avi","11733","11:12:09","582","817","QC","EricaEbert","135","N/A","2018","15","55","Line","Bad","lost bottom visual","BLB","BLB","1","AD","Passing",NA,"",NA,"NSEO","40329",NA,NA,NA,NA,NA,NA,NA
"1618","SL_2018NSEO_Dive_15_11-05-29.000.avi","12594","11:12:38","593","825","QC","EricaEbert","135","N/A","2018","15","55","Line","Good","Good Going Forward","GGF","GGF","1","AD","Passing",NA,"",NA,"NSEO","40358",NA,NA,NA,NA,NA,NA,NA
"1619","SL_2018NSEO_Dive_15_11-05-29.000.avi","12726","11:12:42","578","827","QC","EricaEbert","135","N/A","2018","15","55","Line","Bad","lost bottom visual","BLB","BLB","1","AD","Passing",NA,"",NA,"NSEO","40362",NA,NA,NA,NA,NA,NA,NA
"1620","SL_2018NSEO_Dive_15_11-05-29.000.avi","12867","11:12:47","590","830","QC","EricaEbert","135","N/A","2018","15","55","Line","Good","Good Going Forward","GGF","GGF","1","AD","Passing",NA,"",NA,"NSEO","40367",NA,NA,NA,NA,NA,NA,NA
"1621","SL_2018NSEO_Dive_15_11-05-29.000.avi","15415","11:14:12","576","827","QC","EricaEbert","135","N/A","2018","15","55","Line","Bad","loitering in same area","BLA","BLA","1","AD","Passing",NA,"",NA,"NSEO","40452",NA,NA,NA,NA,NA,NA,NA
"1622","SL_2018NSEO_Dive_15_11-05-29.000.avi","15916","11:14:29","593","839","QC","EricaEbert","135","N/A","2018","15","55","Line","Good","Good Going Forward","GGF","GGF","1","AD","Passing",NA,"",NA,"NSEO","40469",NA,NA,NA,NA,NA,NA,NA
"1623","SL_2018NSEO_Dive_15_11-05-29.000.avi","26880","11:20:34","592","829","QC","EricaEbert","135","N/A","2018","15","55","Line","Bad","loitering in same area","BLA","BLA","1","AD","Passing",NA,"",NA,"NSEO","40834",NA,NA,NA,NA,NA,NA,NA
"1624","SL_2018NSEO_Dive_15_11-05-29.000.avi","27211","11:20:45","603","844","QC","EricaEbert","135","N/A","2018","15","55","Line","Good","Good Going Forward","GGF","GGF","1","AD","Passing",NA,"",NA,"NSEO","40845",NA,NA,NA,NA,NA,NA,NA
"1625","SL_2018NSEO_Dive_15_11-05-29.000.avi","43453","11:29:46","568","813","QC","EricaEbert","135","N/A","2018","15","55","Line","Bad","loitering in same area","BLA","BLA","1","AD","Passing",NA,"",NA,"NSEO","41386",NA,NA,NA,NA,NA,NA,NA
"1626","SL_2018NSEO_Dive_15_11-05-29.000.avi","43843","11:29:59","593","835","QC","EricaEbert","135","N/A","2018","15","55","Line","Good","Good Going Forward","GGF","GGF","1","AD","Passing",NA,"",NA,"NSEO","41399",NA,NA,NA,NA,NA,NA,NA
"1627","SL_2018NSEO_Dive_15_11-05-29.000.avi","59606","11:38:45","598","834","QC","EricaEbert","135","N/A","2018","15","55","Line","Good","Good Going Forward","GGF","GGF","1","AD","Passing",NA,"END",NA,"NSEO","41925",NA,NA,NA,NA,NA,NA,NA
"1628","SL_2018NSEO_Dive_16_08-22-19.000.avi","389","8:22:35","618","857","QC","EricaEbert","70","N/A","2018","16","54","Line","Good","Good Going Forward","GGF","GGF","1","AD","Passing",NA,"START",NA,"NSEO","30155",NA,NA,NA,NA,NA,NA,NA
"1629","SL_2018NSEO_Dive_16_08-22-19.000.avi","56066","8:53:31","585","830","QC","EricaEbert","70","N/A","2018","16","54","Line","Good","Good Going Forward","GGF","GGF","1","AD","Passing",NA,"END",NA,"NSEO","32011",NA,NA,NA,NA,NA,NA,NA
"1630","SL_2018NSEO_Dive_17_09-30-12.000.avi","84","9:30:16","607","847","QC","EricaEbert","85","N/A","2018","17","52","Line","Good","Good Going Forward","GGF","GGF","1","AD","Passing",NA,"START",NA,"NSEO","34216",NA,NA,NA,NA,NA,NA,NA
"1631","SL_2018NSEO_Dive_17_09-30-12.000.avi","36103","9:50:16","576","813","QC","EricaEbert","85","N/A","2018","17","52","Line","Bad","going over drop-off","BDO","BDO","1","AD","Passing",NA,"",NA,"NSEO","35416",NA,NA,NA,NA,NA,NA,NA
"1632","SL_2018NSEO_Dive_17_09-30-12.000.avi","36400","9:50:26","583","822","QC","EricaEbert","85","N/A","2018","17","52","Line","Good","Good Going Forward","GGF","GGF","1","AD","Passing",NA,"",NA,"NSEO","35426",NA,NA,NA,NA,NA,NA,NA
"1633","SL_2018NSEO_Dive_17_09-30-12.000.avi","37925","9:51:17","578","827","QC","EricaEbert","85","N/A","2018","17","52","Line","Bad","going over drop-off","BDO","BDO","1","AD","Passing",NA,"",NA,"NSEO","35477",NA,NA,NA,NA,NA,NA,NA
"1634","SL_2018NSEO_Dive_17_09-30-12.000.avi","38218","9:51:27","570","813","QC","EricaEbert","85","N/A","2018","17","52","Line","Good","Good Going Forward","GGF","GGF","1","AD","Passing",NA,"",NA,"NSEO","35487",NA,NA,NA,NA,NA,NA,NA
"1635","SL_2018NSEO_Dive_17_09-30-12.000.avi","56231","10:01:27","582","829","QC","EricaEbert","85","N/A","2018","17","52","Line","Good","Good Going Forward","GGF","GGF","1","AD","Passing",NA,"END",NA,"NSEO","36087",NA,NA,NA,NA,NA,NA,NA
"1636","SL_2018NSEO_Dive_18_10-37-47.000.avi","421","10:38:25","598","840","QC","EricaEbert","100","N/A","2018","18","53","Line","Good","Good Going Forward","GGF","GGF","1","AD","Passing",NA,"START",NA,"NSEO","38305",NA,NA,NA,NA,NA,NA,NA
"1637","SL_2018NSEO_Dive_18_10-37-47.000.avi","7304","10:42:14","595","842","QC","EricaEbert","100","N/A","2018","18","53","Line","Bad","loitering in same area","BLA","BLA","1","AD","Passing",NA,"",NA,"NSEO","38534",NA,NA,NA,NA,NA,NA,NA
"1638","SL_2018NSEO_Dive_18_10-37-47.000.avi","7719","10:42:28","602","847","QC","EricaEbert","100","N/A","2018","18","53","Line","Good","Good Going Forward","GGF","GGF","1","AD","Passing",NA,"",NA,"NSEO","38548",NA,NA,NA,NA,NA,NA,NA
"1639","SL_2018NSEO_Dive_18_10-37-47.000.avi","19207","10:48:51","593","832","QC","EricaEbert","100","N/A","2018","18","53","Line","Bad","loitering in same area","BLA","BLA","1","AD","Passing",NA,"",NA,"NSEO","38931",NA,NA,NA,NA,NA,NA,NA
"1640","SL_2018NSEO_Dive_18_10-37-47.000.avi","20032","10:49:19","613","861","QC","EricaEbert","100","N/A","2018","18","53","Line","Good","Good Going Forward","GGF","GGF","1","AD","Passing",NA,"",NA,"NSEO","38959",NA,NA,NA,NA,NA,NA,NA
"1641","SL_2018NSEO_Dive_18_10-37-47.000.avi","52187","11:07:11","592","835","QC","EricaEbert","100","N/A","2018","18","53","Line","Bad","loitering in same area","BLA","BLA","1","AD","Passing",NA,"",NA,"NSEO","40031",NA,NA,NA,NA,NA,NA,NA
"1642","SL_2018NSEO_Dive_18_10-37-47.000.avi","52540","11:07:22","605","842","QC","EricaEbert","100","N/A","2018","18","53","Line","Good","Good Going Forward","GGF","GGF","1","AD","Passing",NA,"",NA,"NSEO","40042",NA,NA,NA,NA,NA,NA,NA
"1643","SL_2018NSEO_Dive_18_10-37-47.000.avi","69400","11:16:44","608","850","QC","EricaEbert","100","N/A","2018","18","53","Line","Good","Good Going Forward","GGF","GGF","1","AD","Passing",NA,"END",NA,"NSEO","40604",NA,NA,NA,NA,NA,NA,NA
"1644","SL_2018NSEO_Dive_19_11-56-05.000.avi","123","11:56:23","643","834","QC","EricaEbert","90","N/A","2018","19","51","Line","Good","Good Going Forward","GGF","GGF","1","AD","Passing",NA,"START",NA,"NSEO","42983",NA,NA,NA,NA,NA,NA,NA
"1645","SL_2018NSEO_Dive_19_11-56-05.000.avi","66886","12:33:28","659","847","QC","EricaEbert","90","N/A","2018","19","51","Line","Good","Good Going Forward","GGF","GGF","1","AD","Passing",NA,"END",NA,"NSEO","45208",NA,NA,NA,NA,NA,NA,NA
"1646","SL_2018NSEO_Dive_20_13-26-13.000.avi","345","13:26:25","650","824","QC","EricaEbert","110","N/A","2018","20","49","Line","Good","Good Going Forward","GGF","GGF","1","AD","Passing",NA,"START",NA,"NSEO","48385",NA,NA,NA,NA,NA,NA,NA
"1647","SL_2018NSEO_Dive_20_13-26-13.000.avi","62418","14:00:55","615","790","QC","EricaEbert","110","N/A","2018","20","49","Line","Bad","poor visibility","BPV","BPV","1","AD","Passing",NA,"",NA,"NSEO","50455",NA,NA,NA,NA,NA,NA,NA
"1648","SL_2018NSEO_Dive_20_13-26-13.000.avi","62704","14:01:04","603","778","QC","EricaEbert","110","N/A","2018","20","49","Line","Good","Good Going Forward","GGF","GGF","1","AD","Passing",NA,"",NA,"NSEO","50464",NA,NA,NA,NA,NA,NA,NA
"1649","SL_2018NSEO_Dive_20_13-26-13.000.avi","65602","14:02:41","602","766","QC","EricaEbert","110","N/A","2018","20","49","Line","Good","Good Going Forward","GGF","GGF","1","AD","Passing",NA,"END",NA,"NSEO","50561",NA,NA,NA,NA,NA,NA,NA
"1650","SL_2018NSEO_Dive_21_14-41-44.000.avi","243","14:41:55","578","783","QC","EricaEbert","100","N/A","2018","21","48","Line","Good","Good Going Forward","GGF","GGF","1","AD","Passing",NA,"START",NA,"NSEO","52915",NA,NA,NA,NA,NA,NA,NA
"1651","SL_2018NSEO_Dive_21_14-41-44.000.avi","63570","15:17:06","639","829","QC","EricaEbert","100","N/A","2018","21","48","Line","Good","Good Going Forward","GGF","GGF","1","AD","Passing",NA,"END",NA,"NSEO","55026",NA,NA,NA,NA,NA,NA,NA
"1652","SL_2018NSEO_Dive_22_15-57-43.000.avi","300","15:57:58","666","829","QC","EricaEbert","100","N/A","2018","22","47","Line","Good","Good Going Forward","GGF","GGF","1","AD","Passing",NA,"START",NA,"NSEO","57478",NA,NA,NA,NA,NA,NA,NA
"1653","SL_2018NSEO_Dive_22_15-57-43.000.avi","61781","16:32:07","627","792","QC","EricaEbert","100","N/A","2018","22","47","Line","Good","Good Going Forward","GGF","GGF","1","AD","Passing",NA,"END",NA,"NSEO","59527",NA,NA,NA,NA,NA,NA,NA
"1654","SL_2018NSEO_Dive_23_07-57-09.000.avi","109","7:57:15","676","830","QC","EricaEbert","60","N/A","2018","23","46","Line","Good","Good Going Forward","GGF","GGF","1","AD","Passing",NA,"START",NA,"NSEO","28635",NA,NA,NA,NA,NA,NA,NA
"1655","SL_2018NSEO_Dive_23_07-57-09.000.avi","39700","8:19:14","607","760","QC","EricaEbert","60","N/A","2018","23","46","Line","Bad","going over drop-off","BDO","BDO","1","AD","Passing",NA,"",NA,"NSEO","29954",NA,NA,NA,NA,NA,NA,NA
"1656","SL_2018NSEO_Dive_23_07-57-09.000.avi","40369","8:19:37","620","844","QC","EricaEbert","60","N/A","2018","23","46","Line","Good","Good Going Forward","GGF","GGF","1","AD","Passing",NA,"",NA,"NSEO","29977",NA,NA,NA,NA,NA,NA,NA
"1657","SL_2018NSEO_Dive_23_07-57-09.000.avi","41828","8:20:25","771","696","QC","EricaEbert","60","N/A","2018","23","46","Line","Bad","lost bottom visual","BLB","BLB","1","AD","Passing",NA,"",NA,"NSEO","30025",NA,NA,NA,NA,NA,NA,NA
"1658","SL_2018NSEO_Dive_23_07-57-09.000.avi","42114","8:20:35","686","820","QC","EricaEbert","60","N/A","2018","23","46","Line","Good","Good Going Forward","GGF","GGF","1","AD","Passing",NA,"",NA,"NSEO","30035",NA,NA,NA,NA,NA,NA,NA
"1659","SL_2018NSEO_Dive_23_07-57-09.000.avi","57123","8:28:55","659","815","QC","EricaEbert","60","N/A","2018","23","46","Line","Good","Good Going Forward","GGF","GGF","1","AD","Passing",NA,"END",NA,"NSEO","30535",NA,NA,NA,NA,NA,NA,NA
"1660","SL_2018NSEO_Dive_24_09-11-24.000.avi","245","9:11:37","686","847","QC","EricaEbert","75","N/A","2018","24","45","Line","Good","Good Going Forward","GGF","GGF","1","AD","Passing",NA,"START",NA,"NSEO","33097",NA,NA,NA,NA,NA,NA,NA
"1661","SL_2018NSEO_Dive_24_09-11-24.000.avi","29088","9:27:39","664","817","QC","EricaEbert","75","N/A","2018","24","45","Line","Bad","loitering in same area","BLA","BLA","1","AD","Passing",NA,"",NA,"NSEO","34059",NA,NA,NA,NA,NA,NA,NA
"1662","SL_2018NSEO_Dive_24_09-11-24.000.avi","30976","9:28:42","692","845","QC","EricaEbert","75","N/A","2018","24","45","Line","Good","Good Going Forward","GGF","GGF","1","AD","Passing",NA,"",NA,"NSEO","34122",NA,NA,NA,NA,NA,NA,NA
"1663","SL_2018NSEO_Dive_24_09-11-24.000.avi","68271","9:49:25","677","842","QC","EricaEbert","75","N/A","2018","24","45","Line","Good","Good Going Forward","GGF","GGF","1","AD","Passing",NA,"END",NA,"NSEO","35365",NA,NA,NA,NA,NA,NA,NA
"1664","SL_2018NSEO_Dive_25_10-34-18.000.avi","104","10:34:31","674","825","QC","EricaEbert","95","N/A","2018","25","44","Line","Good","Good Going Forward","GGF","GGF","1","AD","Passing",NA,"START",NA,"NSEO","38071",NA,NA,NA,NA,NA,NA,NA
"1665","SL_2018NSEO_Dive_25_10-34-18.000.avi","62189","11:09:01","681","829","QC","EricaEbert","95","N/A","2018","25","44","Line","Good","Good Going Forward","GGF","GGF","1","AD","Passing",NA,"END",NA,"NSEO","40141",NA,NA,NA,NA,NA,NA,NA
"1666","SL_2018NSEO_Dive_26_11-42-17.000.avi","441","0:42:43","624","792","QC","EricaEbert","80","N/A","2018","26","43","Line","Good","Good Going Forward","GGF","GGF","1","AD","Passing",NA,"START",NA,"NSEO","2563",NA,NA,NA,NA,NA,NA,NA
"1667","SL_2018NSEO_Dive_26_11-42-17.000.avi","52611","0:11:42","672","832","QC","EricaEbert","80","N/A","2018","26","43","Line","Good","Good Going Forward","GGF","GGF","1","AD","Passing",NA,"END",NA,"NSEO","702",NA,NA,NA,NA,NA,NA,NA
"1668","SL_2018NSEO_Dive_27_13-18-21.000.avi","135","13:18:32","691","839","QC","EricaEbert","90","N/A","2018","27","42","Line","Good","Good Going Forward","GGF","GGF","1","AD","Passing",NA,"START",NA,"NSEO","47912",NA,NA,NA,NA,NA,NA,NA
"1669","SL_2018NSEO_Dive_27_13-18-21.000.avi","67932","13:56:11","679","835","QC","EricaEbert","90","N/A","2018","27","42","Line","Good","Good Going Forward","GGF","GGF","1","AD","Passing",NA,"END",NA,"NSEO","50171",NA,NA,NA,NA,NA,NA,NA
"1670","SL_2018NSEO_Dive_28_14-30-37.000.avi","83","14:30:41","671","827","QC","EricaEbert","75","N/A","2018","28","41","Line","Good","Good Going Forward","GGF","GGF","1","AD","Passing",NA,"START",NA,"NSEO","52241",NA,NA,NA,NA,NA,NA,NA
"1671","SL_2018NSEO_Dive_28_14-30-37.000.avi","3545","14:32:36","669","832","QC","EricaEbert","75","N/A","2018","28","41","Line","Bad","loitering in same area","BLA","BLA","1","AD","Passing",NA,"",NA,"NSEO","52356",NA,NA,NA,NA,NA,NA,NA
"1672","SL_2018NSEO_Dive_28_14-30-37.000.avi","3883","14:32:47","684","839","QC","EricaEbert","75","N/A","2018","28","41","Line","Good","Good Going Forward","GGF","GGF","1","AD","Passing",NA,"",NA,"NSEO","52367",NA,NA,NA,NA,NA,NA,NA
"1673","SL_2018NSEO_Dive_28_14-30-37.000.avi","12602","14:37:38","669","830","QC","EricaEbert","75","N/A","2018","28","41","Line","Bad","loitering in same area","BLA","BLA","1","AD","Passing",NA,"",NA,"NSEO","52658",NA,NA,NA,NA,NA,NA,NA
"1674","SL_2018NSEO_Dive_28_14-30-37.000.avi","12889","14:37:48","676","837","QC","EricaEbert","75","N/A","2018","28","41","Line","Good","Good Going Forward","GGF","GGF","1","AD","Passing",NA,"",NA,"NSEO","52668",NA,NA,NA,NA,NA,NA,NA
"1675","SL_2018NSEO_Dive_28_14-30-37.000.avi","32343","14:48:36","612","835","QC","EricaEbert","75","N/A","2018","28","41","Line","Bad","poor visibility","BPV","BPV","1","AD","Passing",NA,"",NA,"NSEO","53316",NA,NA,NA,NA,NA,NA,NA
"1676","SL_2018NSEO_Dive_28_14-30-37.000.avi","32631","14:48:46","671","830","QC","EricaEbert","75","N/A","2018","28","41","Line","Good","Good Going Forward","GGF","GGF","1","AD","Passing",NA,"",NA,"NSEO","53326",NA,NA,NA,NA,NA,NA,NA
"1677","SL_2018NSEO_Dive_28_14-30-37.000.avi","45782","14:56:04","684","839","QC","EricaEbert","75","N/A","2018","28","41","Line","Bad","loitering in same area","BLA","BLA","1","AD","Passing",NA,"",NA,"NSEO","53764",NA,NA,NA,NA,NA,NA,NA
"1678","SL_2018NSEO_Dive_28_14-30-37.000.avi","46067","14:56:14","681","834","QC","EricaEbert","75","N/A","2018","28","41","Line","Good","Good Going Forward","GGF","GGF","1","AD","Passing",NA,"",NA,"NSEO","53774",NA,NA,NA,NA,NA,NA,NA
"1679","SL_2018NSEO_Dive_28_14-30-37.000.avi","70711","15:09:55","681","839","QC","EricaEbert","75","N/A","2018","28","41","Line","Bad","loitering in same area","BLA","BLA","1","AD","Passing",NA,"",NA,"NSEO","54595",NA,NA,NA,NA,NA,NA,NA
"1680","SL_2018NSEO_Dive_28_14-30-37.000.avi","71453","15:10:20","684","832","QC","EricaEbert","75","N/A","2018","28","41","Line","Good","Good Going Forward","GGF","GGF","1","AD","Passing",NA,"",NA,"NSEO","54620",NA,NA,NA,NA,NA,NA,NA
"1681","SL_2018NSEO_Dive_28_14-30-37.000.avi","78021","15:13:59","687","839","QC","EricaEbert","75","N/A","2018","28","41","Line","Good","Good Going Forward","GGF","GGF","1","AD","Passing",NA,"END",NA,"NSEO","54839",NA,NA,NA,NA,NA,NA,NA
"1682","SL_2018NSEO_Dive_29_16-17-19.000.avi","348","16:17:34","682","842","QC","EricaEbert","70","N/A","2018","29","40","Line","Good","Good Going Forward","GGF","GGF","1","AD","Passing",NA,"START",NA,"NSEO","58654",NA,NA,NA,NA,NA,NA,NA
"1683","SL_2018NSEO_Dive_29_16-17-19.000.avi","12236","16:24:10","672","822","QC","EricaEbert","70","N/A","2018","29","40","Line","Bad","going over drop-off","BDO","BDO","1","AD","Passing",NA,"",NA,"NSEO","59050",NA,NA,NA,NA,NA,NA,NA
"1684","SL_2018NSEO_Dive_29_16-17-19.000.avi","12561","16:24:21","662","822","QC","EricaEbert","70","N/A","2018","29","40","Line","Good","Good Going Forward","GGF","GGF","1","AD","Passing",NA,"",NA,"NSEO","59061",NA,NA,NA,NA,NA,NA,NA
"1685","SL_2018NSEO_Dive_29_16-17-19.000.avi","14773","16:25:34","593","808","QC","EricaEbert","70","N/A","2018","29","40","Line","Bad","poor visibility","BPV","BPV","1","AD","Passing",NA,"",NA,"NSEO","59134",NA,NA,NA,NA,NA,NA,NA
"1686","SL_2018NSEO_Dive_29_16-17-19.000.avi","16635","16:26:36","677","852","QC","EricaEbert","70","N/A","2018","29","40","Line","Good","Good Going Forward","GGF","GGF","1","AD","Passing",NA,"",NA,"NSEO","59196",NA,NA,NA,NA,NA,NA,NA
"1687","SL_2018NSEO_Dive_29_16-17-19.000.avi","72472","16:57:38","706","844","QC","EricaEbert","70","N/A","2018","29","40","Line","Good","Good Going Forward","GGF","GGF","1","AD","Passing",NA,"END",NA,"NSEO","61058",NA,NA,NA,NA,NA,NA,NA
"1688","SL_2018NSEO_Dive_30_14-03-00.000.avi","238","14:03:09","706","872","QC","EricaEbert",NA,"N/A","2018","30","39","Line","Good","Good Going Forward","GGF","GGF","1","AD","Passing",NA,"START",NA,"NSEO","50589",NA,NA,NA,NA,NA,NA,NA
"1689","SL_2018NSEO_Dive_30_14-03-00.000.avi","742","14:03:26","703","861","QC","EricaEbert",NA,"N/A","2018","30","39","Line","Bad","poor visibility","BPV","BPV","1","AD","Passing",NA,"",NA,"NSEO","50606",NA,NA,NA,NA,NA,NA,NA
"1690","SL_2018NSEO_Dive_30_14-03-00.000.avi","1637","14:03:56","714","869","QC","EricaEbert",NA,"N/A","2018","30","39","Line","Good","Good Going Forward","GGF","GGF","1","AD","Passing",NA,"",NA,"NSEO","50636",NA,NA,NA,NA,NA,NA,NA
"1691","SL_2018NSEO_Dive_30_14-03-00.000.avi","2205","14:04:15","694","852","QC","EricaEbert",NA,"N/A","2018","30","39","Line","Bad","poor visibility","BPV","BPV","1","AD","Passing",NA,"",NA,"NSEO","50655",NA,NA,NA,NA,NA,NA,NA
"1692","SL_2018NSEO_Dive_30_14-03-00.000.avi","2424","14:04:22","699","847","QC","EricaEbert",NA,"N/A","2018","30","39","Line","Good","Good Going Forward","GGF","GGF","1","AD","Passing",NA,"",NA,"NSEO","50662",NA,NA,NA,NA,NA,NA,NA
"1693","SL_2018NSEO_Dive_30_14-03-00.000.avi","2729","14:04:32","682","850","QC","EricaEbert",NA,"N/A","2018","30","39","Line","Bad","poor visibility","BPV","BPV","1","AD","Passing",NA,"",NA,"NSEO","50672",NA,NA,NA,NA,NA,NA,NA
"1694","SL_2018NSEO_Dive_30_14-03-00.000.avi","2875","14:04:37","699","859","QC","EricaEbert",NA,"N/A","2018","30","39","Line","Good","Good Going Forward","GGF","GGF","1","AD","Passing",NA,"",NA,"NSEO","50677",NA,NA,NA,NA,NA,NA,NA
"1695","SL_2018NSEO_Dive_30_14-03-00.000.avi","3092","14:04:44","681","840","QC","EricaEbert",NA,"N/A","2018","30","39","Line","Bad","poor visibility","BPV","BPV","1","AD","Passing",NA,"",NA,"NSEO","50684",NA,NA,NA,NA,NA,NA,NA
"1696","SL_2018NSEO_Dive_30_14-03-00.000.avi","4216","14:05:22","687","847","QC","EricaEbert",NA,"N/A","2018","30","39","Line","Good","Good Going Forward","GGF","GGF","1","AD","Passing",NA,"",NA,"NSEO","50722",NA,NA,NA,NA,NA,NA,NA
"1697","SL_2018NSEO_Dive_30_14-03-00.000.avi","9518","14:08:18","687","839","QC","EricaEbert",NA,"N/A","2018","30","39","Line","Bad","poor visibility","BPV","BPV","1","AD","Passing",NA,"",NA,"NSEO","50898",NA,NA,NA,NA,NA,NA,NA
"1698","SL_2018NSEO_Dive_30_14-03-00.000.avi","9763","14:08:26","701","854","QC","EricaEbert",NA,"N/A","2018","30","39","Line","Good","Good Going Forward","GGF","GGF","1","AD","Passing",NA,"",NA,"NSEO","50906",NA,NA,NA,NA,NA,NA,NA
"1699","SL_2018NSEO_Dive_30_14-03-00.000.avi","11446","14:09:23","703","845","QC","EricaEbert",NA,"N/A","2018","30","39","Line","Bad","poor visibility","BPV","BPV","1","AD","Passing",NA,"",NA,"NSEO","50963",NA,NA,NA,NA,NA,NA,NA
"1700","SL_2018NSEO_Dive_30_14-03-00.000.avi","11607","14:09:28","682","845","QC","EricaEbert",NA,"N/A","2018","30","39","Line","Good","Good Going Forward","GGF","GGF","1","AD","Passing",NA,"",NA,"NSEO","50968",NA,NA,NA,NA,NA,NA,NA
"1701","SL_2018NSEO_Dive_30_14-03-00.000.avi","12786","14:10:07","708","874","QC","EricaEbert",NA,"N/A","2018","30","39","Line","Bad","poor visibility","BPV","BPV","1","AD","Passing",NA,"",NA,"NSEO","51007",NA,NA,NA,NA,NA,NA,NA
"1702","SL_2018NSEO_Dive_30_14-03-00.000.avi","13044","14:10:16","696","854","QC","EricaEbert",NA,"N/A","2018","30","39","Line","Good","Good Going Forward","GGF","GGF","1","AD","Passing",NA,"",NA,"NSEO","51016",NA,NA,NA,NA,NA,NA,NA
"1703","SL_2018NSEO_Dive_30_14-03-00.000.avi","14201","14:10:54","703","855","QC","EricaEbert",NA,"N/A","2018","30","39","Line","Bad","poor visibility","BPV","BPV","1","AD","Passing",NA,"",NA,"NSEO","51054",NA,NA,NA,NA,NA,NA,NA
"1704","SL_2018NSEO_Dive_30_14-03-00.000.avi","14484","14:11:04","682","840","QC","EricaEbert",NA,"N/A","2018","30","39","Line","Good","Good Going Forward","GGF","GGF","1","AD","Passing",NA,"",NA,"NSEO","51064",NA,NA,NA,NA,NA,NA,NA
"1705","SL_2018NSEO_Dive_30_14-03-00.000.avi","14895","14:11:17","682","842","QC","EricaEbert",NA,"N/A","2018","30","39","Line","Bad","poor visibility","BPV","BPV","1","AD","Passing",NA,"",NA,"NSEO","51077",NA,NA,NA,NA,NA,NA,NA
"1706","SL_2018NSEO_Dive_30_14-03-00.000.avi","15272","14:11:30","699","850","QC","EricaEbert",NA,"N/A","2018","30","39","Line","Good","Good Going Forward","GGF","GGF","1","AD","Passing",NA,"",NA,"NSEO","51090",NA,NA,NA,NA,NA,NA,NA
"1707","SL_2018NSEO_Dive_30_14-03-00.000.avi","37695","14:23:57","676","845","QC","EricaEbert",NA,"N/A","2018","30","39","Line","Bad","loitering in same area","BLA","BLA","1","AD","Passing",NA,"",NA,"NSEO","51837",NA,NA,NA,NA,NA,NA,NA
"1708","SL_2018NSEO_Dive_30_14-03-00.000.avi","38823","14:24:35","711","864","QC","EricaEbert",NA,"N/A","2018","30","39","Line","Good","Good Going Forward","GGF","GGF","1","AD","Passing",NA,"",NA,"NSEO","51875",NA,NA,NA,NA,NA,NA,NA
"1709","SL_2018NSEO_Dive_30_14-03-00.000.avi","46861","14:29:03","699","854","QC","EricaEbert",NA,"N/A","2018","30","39","Line","Bad","poor visibility","BPV","BPV","1","AD","Passing",NA,"",NA,"NSEO","52143",NA,NA,NA,NA,NA,NA,NA
"1710","SL_2018NSEO_Dive_30_14-03-00.000.avi","47213","14:29:15","692","854","QC","EricaEbert",NA,"N/A","2018","30","39","Line","Good","Good Going Forward","GGF","GGF","1","AD","Passing",NA,"",NA,"NSEO","52155",NA,NA,NA,NA,NA,NA,NA
"1711","SL_2018NSEO_Dive_30_14-03-00.000.avi","55032","14:33:35","701","862","QC","EricaEbert",NA,"N/A","2018","30","39","Line","Bad","poor visibility","BPV","BPV","1","AD","Passing",NA,"",NA,"NSEO","52415",NA,NA,NA,NA,NA,NA,NA
"1712","SL_2018NSEO_Dive_30_14-03-00.000.avi","55642","14:33:56","703","859","QC","EricaEbert",NA,"N/A","2018","30","39","Line","Good","Good Going Forward","GGF","GGF","1","AD","Passing",NA,"",NA,"NSEO","52436",NA,NA,NA,NA,NA,NA,NA
"1713","SL_2018NSEO_Dive_30_14-03-00.000.avi","56144","14:34:12","676","839","QC","EricaEbert",NA,"N/A","2018","30","39","Line","Bad","loitering in same area","BLA","BLA","1","AD","Passing",NA,"",NA,"NSEO","52452",NA,NA,NA,NA,NA,NA,NA
"1714","SL_2018NSEO_Dive_30_14-03-00.000.avi","57511","14:34:58","692","855","QC","EricaEbert",NA,"N/A","2018","30","39","Line","Good","Good Going Forward","GGF","GGF","1","AD","Passing",NA,"",NA,"NSEO","52498",NA,NA,NA,NA,NA,NA,NA
"1715","SL_2018NSEO_Dive_30_14-03-00.000.avi","59325","14:35:58","701","845","QC","EricaEbert",NA,"N/A","2018","30","39","Line","Bad","poor visibility","BPV","BPV","1","AD","Passing",NA,"",NA,"NSEO","52558",NA,NA,NA,NA,NA,NA,NA
"1716","SL_2018NSEO_Dive_30_14-03-00.000.avi","60416","14:36:35","689","852","QC","EricaEbert",NA,"N/A","2018","30","39","Line","Good","Good Going Forward","GGF","GGF","1","AD","Passing",NA,"",NA,"NSEO","52595",NA,NA,NA,NA,NA,NA,NA
"1717","SL_2018NSEO_Dive_30_14-03-00.000.avi","61780","14:37:20","708","872","QC","EricaEbert",NA,"N/A","2018","30","39","Line","Bad","poor visibility","BPV","BPV","1","AD","Passing",NA,"",NA,"NSEO","52640",NA,NA,NA,NA,NA,NA,NA
"1718","SL_2018NSEO_Dive_30_14-03-00.000.avi","62194","14:37:34","703","842","QC","EricaEbert",NA,"N/A","2018","30","39","Line","Good","Good Going Forward","GGF","GGF","1","AD","Passing",NA,"",NA,"NSEO","52654",NA,NA,NA,NA,NA,NA,NA
"1719","SL_2018NSEO_Dive_30_14-03-00.000.avi","66328","14:39:52","701","855","QC","EricaEbert",NA,"N/A","2018","30","39","Line","Bad","lost bottom visual","BLB","BLB","1","AD","Passing",NA,"",NA,"NSEO","52792",NA,NA,NA,NA,NA,NA,NA
"1720","SL_2018NSEO_Dive_30_14-03-00.000.avi","66751","14:40:06","691","852","QC","EricaEbert",NA,"N/A","2018","30","39","Line","Good","Good Going Forward","GGF","GGF","1","AD","Passing",NA,"",NA,"NSEO","52806",NA,NA,NA,NA,NA,NA,NA
"1721","SL_2018NSEO_Dive_30_14-03-00.000.avi","69365","14:41:33","701","852","QC","EricaEbert",NA,"N/A","2018","30","39","Line","Bad","poor visibility","BPV","BPV","1","AD","Passing",NA,"",NA,"NSEO","52893",NA,NA,NA,NA,NA,NA,NA
"1722","SL_2018NSEO_Dive_30_14-03-00.000.avi","69769","14:41:47","701","855","QC","EricaEbert",NA,"N/A","2018","30","39","Line","Good","Good Going Forward","GGF","GGF","1","AD","Passing",NA,"",NA,"NSEO","52907",NA,NA,NA,NA,NA,NA,NA
"1723","SL_2018NSEO_Dive_30_14-03-00.000.avi","71545","14:42:46","684","842","QC","EricaEbert",NA,"N/A","2018","30","39","Line","Bad","poor visibility","BPV","BPV","1","AD","Passing",NA,"",NA,"NSEO","52966",NA,NA,NA,NA,NA,NA,NA
"1724","SL_2018NSEO_Dive_30_14-03-00.000.avi","72154","14:43:06","704","850","QC","EricaEbert",NA,"N/A","2018","30","39","Line","Good","Good Going Forward","GGF","GGF","1","AD","Passing",NA,"",NA,"NSEO","52986",NA,NA,NA,NA,NA,NA,NA
"1725","SL_2018NSEO_Dive_30_14-03-00.000.avi","85054","14:50:16","697","855","QC","EricaEbert",NA,"N/A","2018","30","39","Line","Bad","poor visibility","BPV","BPV","1","AD","Passing",NA,"",NA,"NSEO","53416",NA,NA,NA,NA,NA,NA,NA
"1726","SL_2018NSEO_Dive_30_14-03-00.000.avi","85375","14:50:27","713","859","QC","EricaEbert",NA,"N/A","2018","30","39","Line","Good","Good Going Forward","GGF","GGF","1","AD","Passing",NA,"",NA,"NSEO","53427",NA,NA,NA,NA,NA,NA,NA
"1727","SL_2018NSEO_Dive_30_14-03-00.000.avi","86099","14:50:51","689","844","QC","EricaEbert",NA,"N/A","2018","30","39","Line","Bad","poor visibility","BPV","BPV","1","AD","Passing",NA,"",NA,"NSEO","53451",NA,NA,NA,NA,NA,NA,NA
"1728","SL_2018NSEO_Dive_30_14-03-00.000.avi","86782","14:51:14","703","855","QC","EricaEbert",NA,"N/A","2018","30","39","Line","Good","Good Going Forward","GGF","GGF","1","AD","Passing",NA,"",NA,"NSEO","53474",NA,NA,NA,NA,NA,NA,NA
"1729","SL_2018NSEO_Dive_30_14-03-00.000.avi","88958","14:52:26","701","855","QC","EricaEbert",NA,"N/A","2018","30","39","Line","Bad","poor visibility","BPV","BPV","1","AD","Passing",NA,"",NA,"NSEO","53546",NA,NA,NA,NA,NA,NA,NA
"1730","SL_2018NSEO_Dive_30_14-03-00.000.avi","89089","14:52:31","704","857","QC","EricaEbert",NA,"N/A","2018","30","39","Line","Good","Good Going Forward","GGF","GGF","1","AD","Passing",NA,"",NA,"NSEO","53551",NA,NA,NA,NA,NA,NA,NA
"1731","SL_2018NSEO_Dive_30_14-03-00.000.avi","91047","14:53:36","694","857","QC","EricaEbert",NA,"N/A","2018","30","39","Line","Bad","loitering in same area","BLA","BLA","1","AD","Passing",NA,"",NA,"NSEO","53616",NA,NA,NA,NA,NA,NA,NA
"1732","SL_2018NSEO_Dive_30_14-03-00.000.avi","92238","14:54:16","711","854","QC","EricaEbert",NA,"N/A","2018","30","39","Line","Good","Good Going Forward","GGF","GGF","1","AD","Passing",NA,"",NA,"NSEO","53656",NA,NA,NA,NA,NA,NA,NA
"1733","SL_2018NSEO_Dive_30_14-03-00.000.avi","94095","14:55:17","713","861","QC","EricaEbert",NA,"N/A","2018","30","39","Line","Bad","poor visibility","BPV","BPV","1","AD","Passing",NA,"",NA,"NSEO","53717",NA,NA,NA,NA,NA,NA,NA
"1734","SL_2018NSEO_Dive_30_14-03-00.000.avi","94310","14:55:25","674","835","QC","EricaEbert",NA,"N/A","2018","30","39","Line","Good","Good Going Forward","GGF","GGF","1","AD","Passing",NA,"",NA,"NSEO","53725",NA,NA,NA,NA,NA,NA,NA
"1735","SL_2018NSEO_Dive_30_14-03-00.000.avi","94718","14:55:38","667","839","QC","EricaEbert",NA,"N/A","2018","30","39","Line","Bad","poor visibility","BPV","BPV","1","AD","Passing",NA,"",NA,"NSEO","53738",NA,NA,NA,NA,NA,NA,NA
"1736","SL_2018NSEO_Dive_30_14-03-00.000.avi","96169","14:56:27","703","872","QC","EricaEbert",NA,"N/A","2018","30","39","Line","Good","Good Going Forward","GGF","GGF","1","AD","Passing",NA,"",NA,"NSEO","53787",NA,NA,NA,NA,NA,NA,NA
"1737","SL_2018NSEO_Dive_30_14-03-00.000.avi","96588","14:56:41","671","842","QC","EricaEbert",NA,"N/A","2018","30","39","Line","Bad","poor visibility","BPV","BPV","1","AD","Passing",NA,"",NA,"NSEO","53801",NA,NA,NA,NA,NA,NA,NA
"1738","SL_2018NSEO_Dive_30_14-03-00.000.avi","97263","14:57:03","669","824","QC","EricaEbert",NA,"N/A","2018","30","39","Line","Good","Good Going Forward","GGF","GGF","1","AD","Passing",NA,"",NA,"NSEO","53823",NA,NA,NA,NA,NA,NA,NA
"1739","SL_2018NSEO_Dive_30_14-03-00.000.avi","98409","14:57:41","694","839","QC","EricaEbert",NA,"N/A","2018","30","39","Line","Bad","poor visibility","BPV","BPV","1","AD","Passing",NA,"",NA,"NSEO","53861",NA,NA,NA,NA,NA,NA,NA
"1740","SL_2018NSEO_Dive_30_14-03-00.000.avi","98662","14:57:50","681","849","QC","EricaEbert",NA,"N/A","2018","30","39","Line","Good","Good Going Forward","GGF","GGF","1","AD","Passing",NA,"",NA,"NSEO","53870",NA,NA,NA,NA,NA,NA,NA
"1741","SL_2018NSEO_Dive_30_14-03-00.000.avi","99093","14:58:04","699","861","QC","EricaEbert",NA,"N/A","2018","30","39","Line","Bad","poor visibility","BPV","BPV","1","AD","Passing",NA,"",NA,"NSEO","53884",NA,NA,NA,NA,NA,NA,NA
"1742","SL_2018NSEO_Dive_30_14-03-00.000.avi","99700","14:58:24","703","854","QC","EricaEbert",NA,"N/A","2018","30","39","Line","Good","Good Going Forward","GGF","GGF","1","AD","Passing",NA,"",NA,"NSEO","53904",NA,NA,NA,NA,NA,NA,NA
"1743","SL_2018NSEO_Dive_30_14-03-00.000.avi","100199","14:58:41","689","827","QC","EricaEbert",NA,"N/A","2018","30","39","Line","Bad","poor visibility","BPV","BPV","1","AD","Passing",NA,"",NA,"NSEO","53921",NA,NA,NA,NA,NA,NA,NA
"1744","SL_2018NSEO_Dive_30_14-03-00.000.avi","100465","14:58:50","692","854","QC","EricaEbert",NA,"N/A","2018","30","39","Line","Good","Good Going Forward","GGF","GGF","1","AD","Passing",NA,"",NA,"NSEO","53930",NA,NA,NA,NA,NA,NA,NA
"1745","SL_2018NSEO_Dive_30_14-03-00.000.avi","101870","14:59:37","692","847","QC","EricaEbert",NA,"N/A","2018","30","39","Line","Bad","loitering in same area","BLA","BLA","1","AD","Passing",NA,"",NA,"NSEO","53977",NA,NA,NA,NA,NA,NA,NA
"1746","SL_2018NSEO_Dive_30_14-03-00.000.avi","103556","15:00:33","692","847","QC","EricaEbert",NA,"N/A","2018","30","39","Line","Good","Good Going Forward","GGF","GGF","1","AD","Passing",NA,"",NA,"NSEO","54033",NA,NA,NA,NA,NA,NA,NA
"1747","SL_2018NSEO_Dive_30_14-03-00.000.avi","103910","15:00:45","687","847","QC","EricaEbert",NA,"N/A","2018","30","39","Line","Good","Good Going Forward","GGF","GGF","1","AD","Passing",NA,"END",NA,"NSEO","54045",NA,NA,NA,NA,NA,NA,NA
"1748","SL_2018CSEO_Dive_01_12-15-33.000.avi","771","12:16:01","771","12:16:01","QC","amy",NA,NA,"2018","1","90","Line","Good","Good Going Forward","GGF","GGF","1","AD","Passing","Start","","12:16:01","CSEO","44161",NA,NA,NA,NA,NA,NA,NA
"1749","SL_2018CSEO_Dive_01_12-15-33.000.avi","6122","12:18:59","6122","12:18:59","QC","amy",NA,NA,"2018","1","90","Line","Good","Good Going Forward","GGF","GGF","2","AD","Passing","","can see in belly","","CSEO","44339",NA,NA,NA,NA,NA,NA,NA
"1750","SL_2018CSEO_Dive_01_12-15-33.000.avi","6332","12:19:06","6332","12:19:06","QC","amy",NA,NA,"2018","1","90","Line","Bad","loitering in same area","BLA","BLA","3","AD","Passing","","","12:19:06","CSEO","44346",NA,NA,NA,NA,NA,NA,NA
"1751","SL_2018CSEO_Dive_01_12-15-33.000.avi","6613","12:19:15","6613","12:19:15","QC","amy",NA,NA,"2018","1","90","Line","Good","Good Going Forward","GGF","GGF","4","AD","Passing","","","12:19:15","CSEO","44355",NA,NA,NA,NA,NA,NA,NA
"1752","SL_2018CSEO_Dive_01_12-15-33.000.avi","65755","12:52:07","65755","12:52:07","QC","amy",NA,NA,"2018","1","90","Line","Good","Good Going Forward","GGF","GGF","5","AD","Passing","End","","12:52:07","CSEO","46327",NA,NA,NA,NA,NA,NA,NA
"1753","SL_2018CSEO_Dive_02_13-59-42.000.avi","156","13:59:50","156","13:59:50","QC","amy",NA,NA,"2018","2","89","Line","Good","Good Going Forward","GGF","GGF","1","AD","Passing","Start","","13:59:50","CSEO","50390",NA,NA,NA,NA,NA,NA,NA
"1754","SL_2018CSEO_Dive_02_13-59-42.000.avi","68607","14:37:52","68607","14:37:52","QC","amy",NA,NA,"2018","2","89","Line","Good","Good Going Forward","GGF","GGF","2","AD","Passing","End","","14:37:52","CSEO","52672",NA,NA,NA,NA,NA,NA,NA
"1755","SL_2018CSEO_Dive_03_15-56-49.000.avi","491","15:57:10","491","15:57:10","QC","amy",NA,NA,"2018","3","92","Line","Good","Good Going Forward","GGF","GGF","1","AD","Passing","Start","","15:57:11","CSEO","57430",NA,NA,NA,NA,NA,NA,NA
"1756","SL_2018CSEO_Dive_03_15-56-49.000.avi","70159","16:35:53","70159","16:35:53","QC","amy",NA,NA,"2018","3","92","Line","Good","Good Going Forward","GGF","GGF","2","AD","Passing","End","","16:35:53","CSEO","59753",NA,NA,NA,NA,NA,NA,NA
"1757","SL_2018CSEO_Dive_04_17-09-04.000.avi","148","17:09:13","148","17:09:13","QC","amy",NA,NA,"2018","4","93","Line","Good","Good Going Forward","GGF","GGF","1","AD","Passing","Start","","17:09:13","CSEO","61753",NA,NA,NA,NA,NA,NA,NA
"1758","SL_2018CSEO_Dive_04_17-09-04.000.avi","64706","17:45:05","64706","17:45:05","QC","amy",NA,NA,"2018","4","93","Line","Good","Good Going Forward","GGF","GGF","2","AD","Passing","End","","17:45:05","CSEO","63905",NA,NA,NA,NA,NA,NA,NA
"1759","SL_2018CSEO_Dive_05_09-01-08.000.avi","170","9:01:15","170","9:01:15","QC","amy",NA,NA,"2018","5","97","Line","Good","Good Going Forward","GGF","GGF","1","AD","Passing","Start","","9:01:15","CSEO","32475",NA,NA,NA,NA,NA,NA,NA
"1760","SL_2018CSEO_Dive_05_09-01-08.000.avi","65383","9:37:28","65383","9:37:28","QC","amy",NA,NA,"2018","5","97","Line","Good","Good Going Forward","GGF","GGF","2","AD","Passing","End","","9:37:29","CSEO","34648",NA,NA,NA,NA,NA,NA,NA
"1761","SL_2018CSEO_Dive_06_10-24-50.000.avi","533","10:25:16","533","10:25:16","QC","amy",NA,NA,"2018","6","98","Line","Good","Good Going Forward","GGF","GGF","1","AD","Passing","Start","","10:25:16","CSEO","37516",NA,NA,NA,NA,NA,NA,NA
"1762","SL_2018CSEO_Dive_06_10-24-50.000.avi","27986","10:40:31","27986","10:40:31","QC","amy",NA,NA,"2018","6","98","Line","Bad","loitering in same area","BLA","BLA","2","AD","Passing","","","","CSEO","38431",NA,NA,NA,NA,NA,NA,NA
"1763","SL_2018CSEO_Dive_06_10-24-50.000.avi","28574","10:40:50","28574","10:40:50","QC","amy",NA,NA,"2018","6","98","Line","Good","Good Going Forward","GGF","GGF","3","AD","Passing","","","","CSEO","38450",NA,NA,NA,NA,NA,NA,NA
"1764","SL_2018CSEO_Dive_06_10-24-50.000.avi","29331","10:41:16","29331","10:41:16","QC","amy",NA,NA,"2018","6","98","Line","Bad","loitering in same area","BLA","BLA","4","AD","Passing","","","","CSEO","38476",NA,NA,NA,NA,NA,NA,NA
"1765","SL_2018CSEO_Dive_06_10-24-50.000.avi","30370","10:41:50","30370","10:41:50","QC","amy",NA,NA,"2018","6","98","Line","Good","Good Going Forward","GGF","GGF","6","AD","Passing","","","","CSEO","38510",NA,NA,NA,NA,NA,NA,NA
"1766","SL_2018CSEO_Dive_06_10-24-50.000.avi","73458","11:05:47","73458","11:05:47","QC","amy",NA,NA,"2018","6","98","Line","Bad","loitering in same area","BLA","BLA","8","AD","Passing","","","11:05:46","CSEO","39947",NA,NA,NA,NA,NA,NA,NA
"1767","SL_2018CSEO_Dive_06_10-24-50.000.avi","91726","11:15:55","91726","11:15:55","QC","amy",NA,NA,"2018","6","98","Line","Good","Good Going Forward","GGF","GGF","10","AD","Passing","End","","11:15:55","CSEO","40555",NA,NA,NA,NA,NA,NA,NA
"1768","SL_2018CSEO_Dive_07_12-20-28.000.avi","606","12:20:51","606","12:20:51","QC","amy",NA,NA,"2018","7","102","Line","Good","Good Going Forward","GGF","GGF","1","AD","Passing","Start","","12:20:51","CSEO","44451",NA,NA,NA,NA,NA,NA,NA
"1769","SL_2018CSEO_Dive_07_12-20-28.000.avi","8267","12:25:07","8267","12:25:07","QC","amy",NA,NA,"2018","7","102","Line","Bad","loitering in same area","BLA","BLA","2","AD","Passing","","","","CSEO","44707",NA,NA,NA,NA,NA,NA,NA
"1770","SL_2018CSEO_Dive_07_12-20-28.000.avi","9899","12:26:01","9899","12:26:01","QC","amy",NA,NA,"2018","7","102","Line","Good","Good Going Forward","GGF","GGF","4","AD","Passing","","","12:26:01","CSEO","44761",NA,NA,NA,NA,NA,NA,NA
"1771","SL_2018CSEO_Dive_07_12-20-28.000.avi","73256","13:01:13","73256","13:01:13","QC","amy",NA,NA,"2018","7","102","Line","Bad","loitering in same area","BLA","BLA","5","AD","Passing","","","13:01:12","CSEO","46873",NA,NA,NA,NA,NA,NA,NA
"1772","SL_2018CSEO_Dive_07_12-20-28.000.avi","73879","13:01:34","73879","13:01:34","QC","amy",NA,NA,"2018","7","102","Line","Good","Good Going Forward","GGF","GGF","7","AD","Passing","","","","CSEO","46894",NA,NA,NA,NA,NA,NA,NA
"1773","SL_2018CSEO_Dive_07_12-20-28.000.avi","92852","13:12:06","92852","13:12:06","QC","amy",NA,NA,"2018","7","102","Line","Good","Good Going Forward","GGF","GGF","8","AD","Passing","End","","13:12:06","CSEO","47526",NA,NA,NA,NA,NA,NA,NA
"1774","SL_2018CSEO_Dive_08_13-55-43.000.avi","290","13:55:58","290","13:55:58","QC","amy",NA,NA,"2018","8","100","Line","Good","Good Going Forward","GGF","GGF","1","AD","Passing","Start","","13:55:57","CSEO","50158",NA,NA,NA,NA,NA,NA,NA
"1775","SL_2018CSEO_Dive_08_13-55-43.000.avi","3244","13:57:36","3244","13:57:36","QC","amy",NA,NA,"2018","8","100","Line","Bad","loitering in same area","BLA","BLA","2","AD","Passing","","","","CSEO","50256",NA,NA,NA,NA,NA,NA,NA
"1776","SL_2018CSEO_Dive_08_13-55-43.000.avi","4698","13:58:25","4698","13:58:25","QC","amy",NA,NA,"2018","8","100","Line","Good","Good Going Forward","GGF","GGF","5","AD","Passing","","","13:58:24","CSEO","50305",NA,NA,NA,NA,NA,NA,NA
"1777","SL_2018CSEO_Dive_08_13-55-43.000.avi","53735","14:25:39","53735","14:25:39","QC","amy",NA,NA,"2018","8","100","Line","Good","Good Going Forward","GGF","GGF","6","AD","Passing","","can see in belly","14:25:39","CSEO","51939",NA,NA,NA,NA,NA,NA,NA
"1778","SL_2018CSEO_Dive_08_13-55-43.000.avi","54140","14:25:53","54140","14:25:53","QC","amy",NA,NA,"2018","8","100","Line","Good","Good Going Forward","GGF","GGF","7","AD","Passing","","","14:25:52","CSEO","51953",NA,NA,NA,NA,NA,NA,NA
"1779","SL_2018CSEO_Dive_08_13-55-43.000.avi","77693","14:38:58","77693","14:38:58","QC","amy",NA,NA,"2018","8","100","Line","Good","Good Going Forward","GGF","GGF","8","AD","Passing","End","","14:38:58","CSEO","52738",NA,NA,NA,NA,NA,NA,NA
"1780","SL_2018CSEO_Dive_09_08-50-45.000.avi","230","8:50:55","230","8:50:55","QC","amy",NA,NA,"2018","9","99","Line","Good","Good Going Forward","GGF","GGF","1","AD","Passing","Start","","8:50:55","CSEO","31855",NA,NA,NA,NA,NA,NA,NA
"1781","SL_2018CSEO_Dive_09_08-50-45.000.avi","71057","9:30:16","71057","9:30:16","QC","amy",NA,NA,"2018","9","99","Line","Good","Good Going Forward","GGF","GGF","2","AD","Passing","End","","9:30:15","CSEO","34216",NA,NA,NA,NA,NA,NA,NA
"1782","SL_2018CSEO_Dive_10_10-11-03.000.avi","126","10:11:09","126","10:11:09","QC","amy",NA,NA,"2018","10","101","Line","Good","Good Going Forward","GGF","GGF","1","AD","Passing","Start","","10:11:10","CSEO","36669",NA,NA,NA,NA,NA,NA,NA
"1783","SL_2018CSEO_Dive_10_10-11-03.000.avi","50885","10:39:21","50885","10:39:21","QC","amy",NA,NA,"2018","10","101","Line","Bad","lost bottom visual","BLB","BLB","6","AD","Passing","","can see in belly","10:39:22","CSEO","38361",NA,NA,NA,NA,NA,NA,NA
"1784","SL_2018CSEO_Dive_10_10-11-03.000.avi","51252","10:39:33","51252","10:39:33","QC","amy",NA,NA,"2018","10","101","Line","Good","Good Going Forward","GGF","GGF","5","AD","Passing","","","","CSEO","38373",NA,NA,NA,NA,NA,NA,NA
"1785","SL_2018CSEO_Dive_10_10-11-03.000.avi","64326","10:46:49","64326","10:46:49","QC","amy",NA,NA,"2018","10","101","Line","Good","Good Going Forward","GGF","GGF","7","AD","Passing","End","","10:46:50","CSEO","38809",NA,NA,NA,NA,NA,NA,NA
"1786","SL_2018CSEO_Dive_11_11-32-49.000.avi","148","11:33:03","148","11:33:03","QC","amy",NA,NA,"2018","11","104","Line","Good","Good Going Forward","GGF","GGF","1","AD","Passing","Start","","11:33:03","CSEO","41583",NA,NA,NA,NA,NA,NA,NA
"1787","SL_2018CSEO_Dive_11_11-32-49.000.avi","32102","11:50:48","32102","11:50:48","QC","amy",NA,NA,"2018","11","104","Line","Bad","loitering in same area","BLA","BLA","2","AD","Passing","","","11:50:48","CSEO","42648",NA,NA,NA,NA,NA,NA,NA
"1788","SL_2018CSEO_Dive_11_11-32-49.000.avi","33216","11:51:25","33216","11:51:25","QC","amy",NA,NA,"2018","11","104","Line","Good","Good Going Forward","GGF","GGF","3","AD","Passing","","","11:51:25","CSEO","42685",NA,NA,NA,NA,NA,NA,NA
"1789","SL_2018CSEO_Dive_11_11-32-49.000.avi","40850","11:55:40","40850","11:55:40","QC","amy",NA,NA,"2018","11","104","Line","Bad","loitering in same area","BLA","BLA","4","AD","Passing","","","","CSEO","42940",NA,NA,NA,NA,NA,NA,NA
"1790","SL_2018CSEO_Dive_11_11-32-49.000.avi","44153","11:57:30","44153","11:57:30","QC","amy",NA,NA,"2018","11","104","Line","Good","Good Going Forward","GGF","GGF","5","AD","Passing","","","11:57:29","CSEO","43050",NA,NA,NA,NA,NA,NA,NA
"1791","SL_2018CSEO_Dive_11_11-32-49.000.avi","54931","12:03:29","54931","12:03:29","QC","amy",NA,NA,"2018","11","104","Line","Bad","loitering in same area","BLA","BLA","7","AD","Passing","","","12:03:29","CSEO","43409",NA,NA,NA,NA,NA,NA,NA
"1792","SL_2018CSEO_Dive_11_11-32-49.000.avi","57293","12:04:48","57293","12:04:48","QC","amy",NA,NA,"2018","11","104","Line","Good","Good Going Forward","GGF","GGF","10","AD","Passing","","","","CSEO","43488",NA,NA,NA,NA,NA,NA,NA
"1793","SL_2018CSEO_Dive_11_11-32-49.000.avi","82036","12:18:32","82036","12:18:32","QC","amy",NA,NA,"2018","11","104","Line","Bad","loitering in same area","BLA","BLA","11","AD","Passing","","","12:18:32","CSEO","44312",NA,NA,NA,NA,NA,NA,NA
"1794","SL_2018CSEO_Dive_11_11-32-49.000.avi","82377","12:18:44","82377","12:18:44","QC","amy",NA,NA,"2018","11","104","Line","Good","Good Going Forward","GGF","GGF","12","AD","Passing","","","12:18:44","CSEO","44324",NA,NA,NA,NA,NA,NA,NA
"1795","SL_2018CSEO_Dive_11_11-32-49.000.avi","87597","12:21:38","87597","12:21:38","QC","amy",NA,NA,"2018","11","104","Line","Good","Good Going Forward","GGF","GGF","13","AD","Passing","End","","12:21:38","CSEO","44498",NA,NA,NA,NA,NA,NA,NA
"1796","SL_2018CSEO_Dive_12_13-20-21.000.avi","509","13:20:41","509","13:20:41","QC","amy",NA,NA,"2018","12","103","Line","Good","Good Going Forward","GGF","GGF","1","AD","Passing","Start","","13:20:41","CSEO","48041",NA,NA,NA,NA,NA,NA,NA
"1797","SL_2018CSEO_Dive_12_13-20-21.000.avi","35862","13:40:19","35862","13:40:19","QC","amy",NA,NA,"2018","12","103","Line","Bad","loitering in same area","BLA","BLA","2","AD","Passing","","","13:40:19","CSEO","49219",NA,NA,NA,NA,NA,NA,NA
"1798","SL_2018CSEO_Dive_12_13-20-21.000.avi","36102","13:40:27","36102","13:40:27","QC","amy",NA,NA,"2018","12","103","Line","Good","Good Going Forward","GGF","GGF","3","AD","Passing","","","13:40:27","CSEO","49227",NA,NA,NA,NA,NA,NA,NA
"1799","SL_2018CSEO_Dive_12_13-20-21.000.avi","74842","14:01:59","74842","14:01:59","QC","amy",NA,NA,"2018","12","103","Line","Good","Good Going Forward","GGF","GGF","4","AD","Passing","End","","14:01:59","CSEO","50519",NA,NA,NA,NA,NA,NA,NA
"1800","SL_2018CSEO_Dive_13_14-47-34.000.avi","384","14:47:56","384","14:47:56","QC","amy",NA,NA,"2018","13","105","Line","Good","Good Going Forward","GGF","GGF","1","AD","Passing","Start","","14:47:56","CSEO","53276",NA,NA,NA,NA,NA,NA,NA
"1801","SL_2018CSEO_Dive_13_14-47-34.000.avi","51957","15:16:35","51957","15:16:35","QC","amy",NA,NA,"2018","13","105","Line","Bad","loitering in same area","BLA","BLA","2","AD","Passing","","","","CSEO","54995",NA,NA,NA,NA,NA,NA,NA
"1802","SL_2018CSEO_Dive_13_14-47-34.000.avi","54036","15:17:44","54036","15:17:44","QC","amy",NA,NA,"2018","13","105","Line","Good","Good Going Forward","GGF","GGF","3","AD","Passing","","","","CSEO","55064",NA,NA,NA,NA,NA,NA,NA
"1803","SL_2018CSEO_Dive_13_14-47-34.000.avi","60030","15:21:04","60030","15:21:04","QC","amy",NA,NA,"2018","13","105","Line","Bad","loitering in same area","BLA","BLA","4","AD","Passing","","","","CSEO","55264",NA,NA,NA,NA,NA,NA,NA
"1804","SL_2018CSEO_Dive_13_14-47-34.000.avi","61730","15:22:01","61730","15:22:01","QC","amy",NA,NA,"2018","13","105","Line","Good","Good Going Forward","GGF","GGF","7","AD","Passing","","","","CSEO","55321",NA,NA,NA,NA,NA,NA,NA
"1805","SL_2018CSEO_Dive_13_14-47-34.000.avi","64950","15:23:48","64950","15:23:48","QC","amy",NA,NA,"2018","13","105","Line","Bad","loitering in same area","BLA","BLA","8","AD","Passing","","","","CSEO","55428",NA,NA,NA,NA,NA,NA,NA
"1806","SL_2018CSEO_Dive_13_14-47-34.000.avi","65741","15:24:14","65741","15:24:14","QC","amy",NA,NA,"2018","13","105","Line","Good","Good Going Forward","GGF","GGF","9","AD","Passing","","","","CSEO","55454",NA,NA,NA,NA,NA,NA,NA
"1807","SL_2018CSEO_Dive_13_14-47-34.000.avi","71155","15:27:15","71155","15:27:15","QC","amy",NA,NA,"2018","13","105","Line","Good","Good Going Forward","GGF","GGF","10","AD","Passing","End","","15:27:15","CSEO","55635",NA,NA,NA,NA,NA,NA,NA
"1808","SL_2018CSEO_Dive_14_16-24-24.000.avi","182","16:25:30","182","16:25:30","QC","amy",NA,NA,"2018","14","106","Line","Good","Good Going Forward","GGF","GGF","1","AD","Passing","Start","","16:25:31","CSEO","59130",NA,NA,NA,NA,NA,NA,NA
"1809","SL_2018CSEO_Dive_14_16-24-24.000.avi","53392","16:55:04","53392","16:55:04","QC","amy",NA,NA,"2018","14","106","Line","Good","Good Going Forward","GGF","GGF","2","AD","Passing","","can see in belly","16:55:04","CSEO","60904",NA,NA,NA,NA,NA,NA,NA
"1810","SL_2018CSEO_Dive_14_16-24-24.000.avi","53595","16:55:10","53595","16:55:10","QC","amy",NA,NA,"2018","14","106","Line","Good","Good Going Forward","GGF","GGF","3","AD","Passing","","","16:55:11","CSEO","60910",NA,NA,NA,NA,NA,NA,NA
"1811","SL_2018CSEO_Dive_14_16-24-24.000.avi","72008","17:05:24","72008","17:05:24","QC","amy",NA,NA,"2018","14","106","Line","Good","Good Going Forward","GGF","GGF","4","AD","Passing","","can see in belly","","CSEO","61524",NA,NA,NA,NA,NA,NA,NA
"1812","SL_2018CSEO_Dive_14_16-24-24.000.avi","72267","17:05:33","72267","17:05:33","QC","amy",NA,NA,"2018","14","106","Line","Good","Good Going Forward","GGF","GGF","5","AD","Passing","","","17:05:33","CSEO","61533",NA,NA,NA,NA,NA,NA,NA
"1813","SL_2018CSEO_Dive_14_16-24-24.000.avi","74012","17:06:31","74012","17:06:31","QC","amy",NA,NA,"2018","14","106","Line","Good","Good Going Forward","GGF","GGF","6","AD","Passing","End","","17:06:32","CSEO","61591",NA,NA,NA,NA,NA,NA,NA
"1814","SL_2018CSEO_Dive_15_07-46-26.000.avi","142","7:47:01","142","7:47:01","QC","amy",NA,NA,"2018","15","107","Line","Good","Good Going Forward","GGF","GGF","1","AD","Passing","Start","","7:47:01","CSEO","28021",NA,NA,NA,NA,NA,NA,NA
"1815","SL_2018CSEO_Dive_15_07-46-26.000.avi","78802","8:30:43","78802","8:30:43","QC","amy",NA,NA,"2018","15","107","Line","Good","Good Going Forward","GGF","GGF","2","AD","Passing","End","","8:30:43","CSEO","30643",NA,NA,NA,NA,NA,NA,NA
"1816","SL_2018CSEO_Dive_16_09-13-58.000.avi","433","9:14:14","433","9:14:14","QC","amy",NA,NA,"2018","16","109","Line","Good","Good Going Forward","GGF","GGF","1","AD","Passing","Start","","9:14:14","CSEO","33254",NA,NA,NA,NA,NA,NA,NA
"1817","SL_2018CSEO_Dive_16_09-13-58.000.avi","1011","9:14:34","1011","9:14:34","QC","amy",NA,NA,"2018","16","109","Line","Bad","loitering in same area","BLA","BLA","2","AD","Passing","","","9:14:34","CSEO","33274",NA,NA,NA,NA,NA,NA,NA
"1818","SL_2018CSEO_Dive_16_09-13-58.000.avi","1932","9:15:04","1932","9:15:04","QC","amy",NA,NA,"2018","16","109","Line","Good","Good Going Forward","GGF","GGF","3","AD","Passing","","","","CSEO","33304",NA,NA,NA,NA,NA,NA,NA
"1819","SL_2018CSEO_Dive_16_09-13-58.000.avi","12796","9:21:07","12796","9:21:07","QC","amy",NA,NA,"2018","16","109","Line","Bad","loitering in same area","BLA","BLA","4","AD","Passing","","","9:21:07","CSEO","33667",NA,NA,NA,NA,NA,NA,NA
"1820","SL_2018CSEO_Dive_16_09-13-58.000.avi","13069","9:21:16","13069","9:21:16","QC","amy",NA,NA,"2018","16","109","Line","Good","Good Going Forward","GGF","GGF","5","AD","Passing","","","","CSEO","33676",NA,NA,NA,NA,NA,NA,NA
"1821","SL_2018CSEO_Dive_16_09-13-58.000.avi","24240","9:27:28","24240","9:27:28","QC","amy",NA,NA,"2018","16","109","Line","Bad","loitering in same area","BLA","BLA","6","AD","Passing","","","9:27:28","CSEO","34048",NA,NA,NA,NA,NA,NA,NA
"1822","SL_2018CSEO_Dive_16_09-13-58.000.avi","25037","9:27:55","25037","9:27:55","QC","amy",NA,NA,"2018","16","109","Line","Good","Good Going Forward","GGF","GGF","7","AD","Passing","","","9:27:55","CSEO","34075",NA,NA,NA,NA,NA,NA,NA
"1823","SL_2018CSEO_Dive_16_09-13-58.000.avi","25625","9:28:14","25625","9:28:14","QC","amy",NA,NA,"2018","16","109","Line","Bad","loitering in same area","BLA","BLA","8","AD","Passing","","","9:24:14","CSEO","34094",NA,NA,NA,NA,NA,NA,NA
"1824","SL_2018CSEO_Dive_16_09-13-58.000.avi","25957","9:28:25","25957","9:28:25","QC","amy",NA,NA,"2018","16","109","Line","Good","Good Going Forward","GGF","GGF","9","AD","Passing","","","9:28:25","CSEO","34105",NA,NA,NA,NA,NA,NA,NA
"1825","SL_2018CSEO_Dive_16_09-13-58.000.avi","44182","9:38:33","44182","9:38:33","QC","amy",NA,NA,"2018","16","109","Line","Bad","loitering in same area","BLA","BLA","10","AD","Passing","","","9:38:33","CSEO","34713",NA,NA,NA,NA,NA,NA,NA
"1826","SL_2018CSEO_Dive_16_09-13-58.000.avi","44636","9:38:48","44636","9:38:48","QC","amy",NA,NA,"2018","16","109","Line","Good","Good Going Forward","GGF","GGF","11","AD","Passing","","","","CSEO","34728",NA,NA,NA,NA,NA,NA,NA
"1827","SL_2018CSEO_Dive_16_09-13-58.000.avi","58385","9:46:26","58385","9:46:26","QC","amy",NA,NA,"2018","16","109","Line","Bad","loitering in same area","BLA","BLA","13","AD","Passing","","","","CSEO","35186",NA,NA,NA,NA,NA,NA,NA
"1828","SL_2018CSEO_Dive_16_09-13-58.000.avi","62474","9:48:42","62474","9:48:42","QC","amy",NA,NA,"2018","16","109","Line","Good","Good Going Forward","GGF","GGF","15","AD","Passing","","","9:48:42","CSEO","35322",NA,NA,NA,NA,NA,NA,NA
"1829","SL_2018CSEO_Dive_16_09-13-58.000.avi","76489","9:56:30","76489","9:56:30","QC","amy",NA,NA,"2018","16","109","Line","Bad","loitering in same area","BLA","BLA","16","AD","Passing","","","9:56:30","CSEO","35790",NA,NA,NA,NA,NA,NA,NA
"1830","SL_2018CSEO_Dive_16_09-13-58.000.avi","77968","9:57:19","77968","9:57:19","QC","amy",NA,NA,"2018","16","109","Line","Good","Good Going Forward","GGF","GGF","17","AD","Passing","","","9:57:19","CSEO","35839",NA,NA,NA,NA,NA,NA,NA
"1831","SL_2018CSEO_Dive_16_09-13-58.000.avi","82545","9:59:51","82545","9:59:51","QC","amy",NA,NA,"2018","16","109","Line","Good","Good Going Forward","GGF","GGF","18","AD","Passing","End","","9:59:52","CSEO","35991",NA,NA,NA,NA,NA,NA,NA
"1832","SL_2018CSEO_Dive_17_10-42-53.000.avi","675","10:43:31","675","10:43:31","QC","amy",NA,NA,"2018","17","108","Line","Good","Good Going Forward","GGF","GGF","1","AD","Passing","Start","","10:43:32","CSEO","38611",NA,NA,NA,NA,NA,NA,NA
"1833","SL_2018CSEO_Dive_17_10-42-53.000.avi","32137","11:01:00","32137","11:01:00","QC","amy",NA,NA,"2018","17","108","Line","Good","Good Going Forward","GGF","GGF","2","AD","Passing","","switch due to current","","CSEO","39660",NA,NA,NA,NA,NA,NA,NA
"1834","SL_2018CSEO_Dive_17_10-42-53.000.avi","68686","11:21:18","68686","11:21:18","QC","amy",NA,NA,"2018","17","108","Line","Good","Good Going Forward","GGF","GGF","4","AD","Passing","End","","11:21:19","CSEO","40878",NA,NA,NA,NA,NA,NA,NA
"1835","SL_2018CSEO_Dive_18_12-52-54.000.avi","236","12:53:17","236","12:53:17","QC","amy",NA,NA,"2018","18","110","Line","Good","Good Going Forward","GGF","GGF","1","AD","Passing","Start","","12:53:17","CSEO","46397",NA,NA,NA,NA,NA,NA,NA
"1836","SL_2018CSEO_Dive_18_12-52-54.000.avi","27436","13:08:24","27436","13:08:24","QC","amy",NA,NA,"2018","18","110","Line","Good","Good Going Forward","GGF","GGF","2","AD","Passing","","switch due to current","","CSEO","47304",NA,NA,NA,NA,NA,NA,NA
"1837","SL_2018CSEO_Dive_18_12-52-54.000.avi","55916","13:24:13","55916","13:24:13","QC","amy",NA,NA,"2018","18","110","Line","Good","Good Going Forward","GGF","GGF","3","AD","Passing","End","","13:24:13","CSEO","48253",NA,NA,NA,NA,NA,NA,NA
"1838","SL_2018CSEO_Dive_19_15-18-13.000.avi","291","15:18:29","291","15:18:29","QC","amy",NA,NA,"2018","19","111","Line","Good","Good Going Forward","GGF","GGF","1","AD","Passing","Start","","15:18:28","CSEO","55109",NA,NA,NA,NA,NA,NA,NA
"1839","SL_2018CSEO_Dive_19_15-18-13.000.avi","78444","16:01:54","78444","16:01:54","QC","amy",NA,NA,"2018","19","111","Line","Good","Good Going Forward","GGF","GGF","2","AD","Passing","End","","16:01:54","CSEO","57714",NA,NA,NA,NA,NA,NA,NA
"1840","SL_2018CSEO_Dive_20_16-59-00.000.avi","414","16:59:20","414","16:59:20","QC","amy",NA,NA,"2018","20","112","Line","Good","Good Going Forward","GGF","GGF","1","AD","Passing","Start","","16:59:20","CSEO","61160",NA,NA,NA,NA,NA,NA,NA
"1841","SL_2018CSEO_Dive_20_16-59-00.000.avi","13444","17:06:34","13444","17:06:34","QC","amy",NA,NA,"2018","20","112","Line","Bad","loitering in same area","BLA","BLA","2","AD","Passing","","","17:06:34","CSEO","61594",NA,NA,NA,NA,NA,NA,NA
"1842","SL_2018CSEO_Dive_20_16-59-00.000.avi","14170","17:06:58","14170","17:06:58","QC","amy",NA,NA,"2018","20","112","Line","Good","Good Going Forward","GGF","GGF","3","AD","Passing","","","","CSEO","61618",NA,NA,NA,NA,NA,NA,NA
"1843","SL_2018CSEO_Dive_20_16-59-00.000.avi","14521","17:07:10","14521","17:07:10","QC","amy",NA,NA,"2018","20","112","Line","Bad","loitering in same area","BLA","BLA","4","AD","Passing","","","","CSEO","61630",NA,NA,NA,NA,NA,NA,NA
"1844","SL_2018CSEO_Dive_20_16-59-00.000.avi","14901","17:07:23","14901","17:07:23","QC","amy",NA,NA,"2018","20","112","Line","Good","Good Going Forward","GGF","GGF","5","AD","Passing","","","17:07:22","CSEO","61643",NA,NA,NA,NA,NA,NA,NA
"1845","SL_2018CSEO_Dive_20_16-59-00.000.avi","34078","17:18:02","34078","17:18:02","QC","amy",NA,NA,"2018","20","112","Line","Bad","loitering in same area","BLA","BLA","6","AD","Passing","","","17:18:02","CSEO","62282",NA,NA,NA,NA,NA,NA,NA
"1846","SL_2018CSEO_Dive_20_16-59-00.000.avi","37505","17:19:56","37505","17:19:56","QC","amy",NA,NA,"2018","20","112","Line","Good","Good Going Forward","GGF","GGF","7","AD","Passing","","","17:19:56","CSEO","62396",NA,NA,NA,NA,NA,NA,NA
"1847","SL_2018CSEO_Dive_20_16-59-00.000.avi","37677","17:20:02","37677","17:20:02","QC","amy",NA,NA,"2018","20","112","Line","Bad","loitering in same area","BLA","BLA","8","AD","Passing","","","","CSEO","62402",NA,NA,NA,NA,NA,NA,NA
"1848","SL_2018CSEO_Dive_20_16-59-00.000.avi","38958","17:20:45","38958","17:20:45","QC","amy",NA,NA,"2018","20","112","Line","Good","Good Going Forward","GGF","GGF","9","AD","Passing","","","17:20:44","CSEO","62445",NA,NA,NA,NA,NA,NA,NA
"1849","SL_2018CSEO_Dive_20_16-59-00.000.avi","39179","17:20:52","39179","17:20:52","QC","amy",NA,NA,"2018","20","112","Line","Bad","loitering in same area","BLA","BLA","10","AD","Passing","","","","CSEO","62452",NA,NA,NA,NA,NA,NA,NA
"1850","SL_2018CSEO_Dive_20_16-59-00.000.avi","44706","17:23:56","44706","17:23:56","QC","amy",NA,NA,"2018","20","112","Line","Good","Good Going Forward","GGF","GGF","12","AD","Passing","","","17:23:56","CSEO","62636",NA,NA,NA,NA,NA,NA,NA
"1851","SL_2018CSEO_Dive_20_16-59-00.000.avi","48295","17:25:56","48295","17:25:56","QC","amy",NA,NA,"2018","20","112","Line","Bad","loitering in same area","BLA","BLA","13","AD","Passing","","","17:25:56","CSEO","62756",NA,NA,NA,NA,NA,NA,NA
"1852","SL_2018CSEO_Dive_20_16-59-00.000.avi","51329","17:27:37","51329","17:27:37","QC","amy",NA,NA,"2018","20","112","Line","Bad","loitering in same area","BLA","BLA","18","AD","Passing","","","17:27:37","CSEO","62857",NA,NA,NA,NA,NA,NA,NA
"1853","SL_2018CSEO_Dive_20_16-59-00.000.avi","52925","17:28:30","52925","17:28:30","QC","amy",NA,NA,"2018","20","112","Line","Good","Good Going Forward","GGF","GGF","20","AD","Passing","","","17:28:30","CSEO","62910",NA,NA,NA,NA,NA,NA,NA
"1854","SL_2018CSEO_Dive_20_16-59-00.000.avi","54745","17:29:31","54745","17:29:31","QC","amy",NA,NA,"2018","20","112","Line","Bad","loitering in same area","BLA","BLA","21","AD","Passing","","","","CSEO","62971",NA,NA,NA,NA,NA,NA,NA
"1855","SL_2018CSEO_Dive_20_16-59-00.000.avi","55174","17:29:45","55174","17:29:45","QC","amy",NA,NA,"2018","20","112","Line","Good","Good Going Forward","GGF","GGF","22","AD","Passing","","","","CSEO","62985",NA,NA,NA,NA,NA,NA,NA
"1856","SL_2018CSEO_Dive_20_16-59-00.000.avi","57579","17:31:05","57579","17:31:05","QC","amy",NA,NA,"2018","20","112","Line","Bad","loitering in same area","BLA","BLA","23","AD","Passing","","","17:31:05","CSEO","63065",NA,NA,NA,NA,NA,NA,NA
"1857","SL_2018CSEO_Dive_20_16-59-00.000.avi","57957","17:31:18","57957","17:31:18","QC","amy",NA,NA,"2018","20","112","Line","Good","Good Going Forward","GGF","GGF","24","AD","Passing","","","17:31:18","CSEO","63078",NA,NA,NA,NA,NA,NA,NA
"1858","SL_2018CSEO_Dive_20_16-59-00.000.avi","62694","17:33:56","62694","17:33:56","QC","amy",NA,NA,"2018","20","112","Line","Bad","loitering in same area","BLA","BLA","25","AD","Passing","","","17:33:56","CSEO","63236",NA,NA,NA,NA,NA,NA,NA
"1859","SL_2018CSEO_Dive_20_16-59-00.000.avi","64472","17:34:55","64472","17:34:55","QC","amy",NA,NA,"2018","20","112","Line","Good","Good Going Forward","GGF","GGF","28","AD","Passing","","","17:34:55","CSEO","63295",NA,NA,NA,NA,NA,NA,NA
"1860","SL_2018CSEO_Dive_20_16-59-00.000.avi","64796","17:35:06","64796","17:35:06","QC","amy",NA,NA,"2018","20","112","Line","Bad","lost bottom visual","BLB","BLB","29","AD","Passing","","can see in belly","17:35:06","CSEO","63306",NA,NA,NA,NA,NA,NA,NA
"1861","SL_2018CSEO_Dive_20_16-59-00.000.avi","65028","17:35:14","65028","17:35:14","QC","amy",NA,NA,"2018","20","112","Line","Good","Good Going Forward","GGF","GGF","30","AD","Passing","End","","17:35:13","CSEO","63314",NA,NA,NA,NA,NA,NA,NA
"1862","SL_2018CSEO_Dive_21_08-51-15.000.avi","129","8:51:21","129","8:51:21","QC","amy",NA,NA,"2018","21","113","Line","Good","Good Going Forward","GGF","GGF","1","AD","Passing","Start","","8:51:22","CSEO","31881",NA,NA,NA,NA,NA,NA,NA
"1863","SL_2018CSEO_Dive_21_08-51-15.000.avi","3273","8:53:06","3273","8:53:06","QC","amy",NA,NA,"2018","21","113","Line","Good","Good Going Forward","GGF","GGF","2","AD","Passing","","can see in belly","8:53:06","CSEO","31986",NA,NA,NA,NA,NA,NA,NA
"1864","SL_2018CSEO_Dive_21_08-51-15.000.avi","3960","8:53:29","3960","8:53:29","QC","amy",NA,NA,"2018","21","113","Line","Good","Good Going Forward","GGF","GGF","3","AD","Passing","","","","CSEO","32009",NA,NA,NA,NA,NA,NA,NA
"1865","SL_2018CSEO_Dive_21_08-51-15.000.avi","37320","9:12:01","37320","9:12:01","QC","amy",NA,NA,"2018","21","113","Line","Good","Good Going Forward","GGF","GGF","4","AD","Passing","","can see in belly","9:12:01","CSEO","33121",NA,NA,NA,NA,NA,NA,NA
"1866","SL_2018CSEO_Dive_21_08-51-15.000.avi","37809","9:12:17","37809","9:12:17","QC","amy",NA,NA,"2018","21","113","Line","Good","Good Going Forward","GGF","GGF","5","AD","Passing","","","9:12:17","CSEO","33137",NA,NA,NA,NA,NA,NA,NA
"1867","SL_2018CSEO_Dive_21_08-51-15.000.avi","80168","9:35:49","80168","9:35:49","QC","amy",NA,NA,"2018","21","113","Line","Good","Good Going Forward","GGF","GGF","6","AD","Passing","End","","9:35:49","CSEO","34549",NA,NA,NA,NA,NA,NA,NA
"1868","SL_2018CSEO_Dive_22_10-26-06.000.avi","263","10:26:19","263","10:26:19","QC","amy",NA,NA,"2018","22","96","Line","Good","Good Going Forward","GGF","GGF","1","AD","Passing","Start","","10:26:19","CSEO","37579",NA,NA,NA,NA,NA,NA,NA
"1869","SL_2018CSEO_Dive_22_10-26-06.000.avi","12314","10:33:00","12314","10:33:00","QC","amy",NA,NA,"2018","22","96","Line","Good","Good Going Forward","GGF","GGF","2","AD","Passing","","can see in belly","10:33:00","CSEO","37980",NA,NA,NA,NA,NA,NA,NA
"1870","SL_2018CSEO_Dive_22_10-26-06.000.avi","12968","10:33:22","12968","10:33:22","QC","amy",NA,NA,"2018","22","96","Line","Good","Good Going Forward","GGF","GGF","3","AD","Passing","","","10:33:22","CSEO","38002",NA,NA,NA,NA,NA,NA,NA
"1871","SL_2018CSEO_Dive_22_10-26-06.000.avi","18267","10:36:19","18267","10:36:19","QC","amy",NA,NA,"2018","22","96","Line","Good","Good Going Forward","GGF","GGF","4","AD","Passing","","can see in belly","10:36:19","CSEO","38179",NA,NA,NA,NA,NA,NA,NA
"1872","SL_2018CSEO_Dive_22_10-26-06.000.avi","18713","10:36:34","18713","10:36:34","QC","amy",NA,NA,"2018","22","96","Line","Good","Good Going Forward","GGF","GGF","5","AD","Passing","","","10:36:34","CSEO","38194",NA,NA,NA,NA,NA,NA,NA
"1873","SL_2018CSEO_Dive_22_10-26-06.000.avi","44184","10:50:43","44184","10:50:43","QC","amy",NA,NA,"2018","22","96","Line","Good","Good Going Forward","GGF","GGF","6","AD","Passing","","can see in belly","10:50:43","CSEO","39043",NA,NA,NA,NA,NA,NA,NA
"1874","SL_2018CSEO_Dive_22_10-26-06.000.avi","44371","10:50:49","44371","10:50:49","QC","amy",NA,NA,"2018","22","96","Line","Good","Good Going Forward","GGF","GGF","7","AD","Passing","","","10:50:49","CSEO","39049",NA,NA,NA,NA,NA,NA,NA
"1875","SL_2018CSEO_Dive_22_10-26-06.000.avi","61685","11:00:26","61685","11:00:26","QC","amy",NA,NA,"2018","22","96","Line","Good","Good Going Forward","GGF","GGF","8","AD","Passing","","can see in belly","11:00:26","CSEO","39626",NA,NA,NA,NA,NA,NA,NA
"1876","SL_2018CSEO_Dive_22_10-26-06.000.avi","62147","11:00:42","62147","11:00:42","QC","amy",NA,NA,"2018","22","96","Line","Good","Good Going Forward","GGF","GGF","9","AD","Passing","","","11:00:41","CSEO","39642",NA,NA,NA,NA,NA,NA,NA
"1877","SL_2018CSEO_Dive_22_10-26-06.000.avi","66743","11:03:15","66743","11:03:15","QC","amy",NA,NA,"2018","22","96","Line","Good","Good Going Forward","GGF","GGF","11","AD","Passing","End","","11:03:15","CSEO","39795",NA,NA,NA,NA,NA,NA,NA
"1878","SL_2018CSEO_Dive_23_11-41-58.000.avi","255","11:42:13","255","11:42:13","QC","amy",NA,NA,"2018","23","95","Line","Good","Good Going Forward","GGF","GGF","1","AD","Passing","Start","","11:42:14","CSEO","42133",NA,NA,NA,NA,NA,NA,NA
"1879","SL_2018CSEO_Dive_23_11-41-58.000.avi","15738","11:50:50","15738","11:50:50","QC","amy",NA,NA,"2018","23","95","Line","Bad","loitering in same area","BLA","BLA","2","AD","Passing","","","11:50:50","CSEO","42650",NA,NA,NA,NA,NA,NA,NA
"1880","SL_2018CSEO_Dive_23_11-41-58.000.avi","19912","11:53:09","19912","11:53:09","QC","amy",NA,NA,"2018","23","95","Line","Good","Good Going Forward","GGF","GGF","3","AD","Passing","","","11:53:09","CSEO","42789",NA,NA,NA,NA,NA,NA,NA
"1881","SL_2018CSEO_Dive_23_11-41-58.000.avi","37921","12:03:09","37921","12:03:09","QC","amy",NA,NA,"2018","23","95","Line","Good","Good Going Forward","GGF","GGF","4","AD","Passing","","can see in belly","12:03:09","CSEO","43389",NA,NA,NA,NA,NA,NA,NA
"1882","SL_2018CSEO_Dive_23_11-41-58.000.avi","38264","12:03:20","38264","12:03:20","QC","amy",NA,NA,"2018","23","95","Line","Good","Good Going Forward","GGF","GGF","5","AD","Passing","","","12:03:20","CSEO","43400",NA,NA,NA,NA,NA,NA,NA
"1883","SL_2018CSEO_Dive_23_11-41-58.000.avi","45635","12:07:26","45635","12:07:26","QC","amy",NA,NA,"2018","23","95","Line","Good","Good Going Forward","GGF","GGF","6","AD","Passing","","can see in belly","12:07:26","CSEO","43646",NA,NA,NA,NA,NA,NA,NA
"1884","SL_2018CSEO_Dive_23_11-41-58.000.avi","46303","12:07:48","46303","12:07:48","QC","amy",NA,NA,"2018","23","95","Line","Good","Good Going Forward","GGF","GGF","7","AD","Passing","","","12:07:48","CSEO","43668",NA,NA,NA,NA,NA,NA,NA
"1885","SL_2018CSEO_Dive_23_11-41-58.000.avi","74685","12:23:34","74685","12:23:34","QC","amy",NA,NA,"2018","23","95","Line","Good","Good Going Forward","GGF","GGF","8","AD","Passing","End","","12:23:35","CSEO","44614",NA,NA,NA,NA,NA,NA,NA
"1886","SL_2018CSEO_Dive_24_13-36-00.000.avi","132","13:36:08","132","13:36:08","QC","amy",NA,NA,"2018","24","94","Line","Good","Good Going Forward","GGF","GGF","1","AD","Passing","Start","","13:36:08","CSEO","48968",NA,NA,NA,NA,NA,NA,NA
"1887","SL_2018CSEO_Dive_24_13-36-00.000.avi","71724","14:15:55","71724","14:15:55","QC","amy",NA,NA,"2018","24","94","Line","Good","Good Going Forward","GGF","GGF","2","AD","Passing","End","","14:15:55","CSEO","51355",NA,NA,NA,NA,NA,NA,NA
"1888","SL_2018CSEO_Dive_27_11-08-54.000.avi","122","11:09:00","122","11:09:00","QC","amy",NA,NA,"2018","27","87","Line","Good","Good Going Forward","GGF","GGF","1","AD","Passing","Start","","11:09:00","CSEO","40140",NA,NA,NA,NA,NA,NA,NA
"1889","SL_2018CSEO_Dive_27_11-08-54.000.avi","30266","11:25:45","30266","11:25:45","QC","amy",NA,NA,"2018","27","87","Line","Bad","loitering in same area","BLA","BLA","2","AD","Passing","","","11:25:44","CSEO","41145",NA,NA,NA,NA,NA,NA,NA
"1890","SL_2018CSEO_Dive_27_11-08-54.000.avi","30681","11:25:59","30681","11:25:59","QC","amy",NA,NA,"2018","27","87","Line","Good","Good Going Forward","GGF","GGF","3","AD","Passing","","","","CSEO","41159",NA,NA,NA,NA,NA,NA,NA
"1891","SL_2018CSEO_Dive_27_11-08-54.000.avi","66478","11:45:52","66478","11:45:52","QC","amy",NA,NA,"2018","27","87","Line","Good","Good Going Forward","GGF","GGF","4","AD","Passing","End","","11:45:51","CSEO","42352",NA,NA,NA,NA,NA,NA,NA
"1892","SL_2018CSEO_Dive_28_12-37-41.000.avi","169","12:37:48","169","12:37:48","QC","amy",NA,NA,"2018","28","86","Line","Good","Good Going Forward","GGF","GGF","1","AD","Passing","Start","","12:37:48","CSEO","45468",NA,NA,NA,NA,NA,NA,NA
"1893","SL_2018CSEO_Dive_28_12-37-41.000.avi","52288","13:06:45","52288","13:06:45","QC","amy",NA,NA,"2018","28","86","Line","Bad","loitering in same area","BLA","BLA","2","AD","Passing","","","13:06:45","CSEO","47205",NA,NA,NA,NA,NA,NA,NA
"1894","SL_2018CSEO_Dive_28_12-37-41.000.avi","52750","13:07:00","52750","13:07:00","QC","amy",NA,NA,"2018","28","86","Line","Good","Good Going Forward","GGF","GGF","3","AD","Passing","","","13:07:00","CSEO","47220",NA,NA,NA,NA,NA,NA,NA
"1895","SL_2018CSEO_Dive_28_12-37-41.000.avi","53329","13:07:20","53329","13:07:20","QC","amy",NA,NA,"2018","28","86","Line","Bad","loitering in same area","BLA","BLA","4","AD","Passing","","","13:07:20","CSEO","47240",NA,NA,NA,NA,NA,NA,NA
"1896","SL_2018CSEO_Dive_28_12-37-41.000.avi","54574","13:08:01","54574","13:08:01","QC","amy",NA,NA,"2018","28","86","Line","Good","Good Going Forward","GGF","GGF","5","AD","Passing","","","13:08:01","CSEO","47281",NA,NA,NA,NA,NA,NA,NA
"1897","SL_2018CSEO_Dive_28_12-37-41.000.avi","72829","13:18:10","72829","13:18:10","QC","amy",NA,NA,"2018","28","86","Line","Good","Good Going Forward","GGF","GGF","6","AD","Passing","End","","13:18:10","CSEO","47890",NA,NA,NA,NA,NA,NA,NA
"1898","SL_2018CSEO_Dive_29_14-16-56.000.avi","213","14:17:05","213","14:17:05","QC","amy",NA,NA,"2018","29","85","Line","Good","Good Going Forward","GGF","GGF","1","AD","Passing","Start","","14:17:06","CSEO","51425",NA,NA,NA,NA,NA,NA,NA
"1899","SL_2018CSEO_Dive_29_14-16-56.000.avi","61653","14:51:13","61653","14:51:13","QC","amy",NA,NA,"2018","29","85","Line","Good","Good Going Forward","GGF","GGF","2","AD","Passing","End","","14:51:14","CSEO","53473",NA,NA,NA,NA,NA,NA,NA
"1900","SL_2018CSEO_Dive_30_15-22-06.000.avi","252","15:22:15","252","15:22:15","QC","amy",NA,NA,"2018","30","85","Line","Good","Good Going Forward","GGF","GGF","1","AD","Passing","Start","","15:22:16","CSEO","55335",NA,NA,NA,NA,NA,NA,NA
"1901","SL_2018CSEO_Dive_30_15-22-06.000.avi","65531","15:58:31","65531","15:58:31","QC","amy",NA,NA,"2018","30","85","Line","Good","Good Going Forward","GGF","GGF","2","AD","Passing","End","","15:58:31","CSEO","57511",NA,NA,NA,NA,NA,NA,NA
"1902","SL_2018CSEO_Dive_31_16-55-40.000.avi","234","16:55:53","234","16:55:53","QC","amy",NA,NA,"2018","31","84","Line","Good","Good Going Forward","GGF","GGF","1","AD","Passing","Start","","16:55:53","CSEO","60953",NA,NA,NA,NA,NA,NA,NA
"1903","SL_2018CSEO_Dive_31_16-55-40.000.avi","67442","17:33:13","67442","17:33:13","QC","amy",NA,NA,"2018","31","84","Line","Bad","loitering in same area","BLA","BLA","3","AD","Passing","","","17:33:13","CSEO","63193",NA,NA,NA,NA,NA,NA,NA
"1904","SL_2018CSEO_Dive_31_16-55-40.000.avi","68262","17:33:40","68262","17:33:40","QC","amy",NA,NA,"2018","31","84","Line","Good","Good Going Forward","GGF","GGF","4","AD","Passing","End","","17:33:40","CSEO","63220",NA,NA,NA,NA,NA,NA,NA
"1905","SL_2018CSEO_Dive_32_18-08-59.000.avi","156","18:09:11","156","18:09:11","QC","amy",NA,NA,"2018","32","82","Line","Good","Good Going Forward","GGF","GGF","1","AD","Passing","Start","","18:09:12","CSEO","65351",NA,NA,NA,NA,NA,NA,NA
"1906","SL_2018CSEO_Dive_32_18-08-59.000.avi","60066","18:42:28","60066","18:42:28","QC","amy",NA,NA,"2018","32","82","Line","Good","Good Going Forward","GGF","GGF","2","AD","Passing","End","","18:42:29","CSEO","67348",NA,NA,NA,NA,NA,NA,NA
"1907","SL_2018CSEO_Dive_33_08-04-14.000.avi","140","8:04:31","140","8:04:31","QC","amy",NA,NA,"2018","33","81","Line","Good","Good Going Forward","GGF","GGF","1","AD","Passing","Start","","8:04:31","CSEO","29071",NA,NA,NA,NA,NA,NA,NA
"1908","SL_2018CSEO_Dive_33_08-04-14.000.avi","57910","8:36:36","57910","8:36:36","QC","amy",NA,NA,"2018","33","81","Line","Good","Good Going Forward","GGF","GGF","2","AD","Passing","End","","8:36:36","CSEO","30996",NA,NA,NA,NA,NA,NA,NA
"1909","SL_2018CSEO_Dive_34_10-00-05.000.avi","318","10:00:17","318","10:00:17","QC","amy",NA,NA,"2018","34","80","Line","Good","Good Going Forward","GGF","GGF","1","AD","Passing","Start","","10:00:17","CSEO","36017",NA,NA,NA,NA,NA,NA,NA
"1910","SL_2018CSEO_Dive_34_10-00-05.000.avi","44115","10:24:36","44115","10:24:36","QC","amy",NA,NA,"2018","34","80","Line","Bad","loitering in same area","BLA","BLA","2","AD","Passing","","","10:24:36","CSEO","37476",NA,NA,NA,NA,NA,NA,NA
"1911","SL_2018CSEO_Dive_34_10-00-05.000.avi","45726","10:25:30","45726","10:25:30","QC","amy",NA,NA,"2018","34","80","Line","Bad","loitering in same area","BLA","BLA","3","AD","Passing","","YE","10:25:30","CSEO","37530",NA,NA,NA,NA,NA,NA,NA
"1912","SL_2018CSEO_Dive_34_10-00-05.000.avi","47289","10:26:22","47289","10:26:22","QC","amy",NA,NA,"2018","34","80","Line","Good","Good Going Forward","GGF","GGF","4","AD","Passing","","","10:26:22","CSEO","37582",NA,NA,NA,NA,NA,NA,NA
"1913","SL_2018CSEO_Dive_34_10-00-05.000.avi","65688","10:36:36","65688","10:36:36","QC","amy",NA,NA,"2018","34","80","Line","Good","Good Going Forward","GGF","GGF","5","AD","Passing","End","","10:36:36","CSEO","38196",NA,NA,NA,NA,NA,NA,NA
"1914","SL_2018CSEO_Dive_35_11-12-52.000.avi","192","11:13:00","192","11:13:00","QC","amy",NA,NA,"2018","35","39","Line","Good","Good Going Forward","GGF","GGF","1","AD","Passing","Start","","11:13:00","CSEO","40380",NA,NA,NA,NA,NA,NA,NA
"1915","SL_2018CSEO_Dive_35_11-12-52.000.avi","63225","11:48:01","63225","11:48:01","QC","amy",NA,NA,"2018","35","39","Line","Good","Good Going Forward","GGF","GGF","2","AD","Passing","End","","11:48:02","CSEO","42481",NA,NA,NA,NA,NA,NA,NA
"1916","SL_2018SSEO_Dive_01_09-06-32.000.avi","646","9:07:14","665","805","QC","amy",NA,NA,"2018","1",NA,"Line","Good","Good Going Forward","GGF","GGF","1","AD","Passing","Start","","9:07:14","SSEO","32834",NA,NA,NA,NA,NA,NA,NA
"1917","SL_2018SSEO_Dive_01_09-06-32.000.avi","90621","9:57:13","661","906","QC","amy",NA,NA,"2018","1",NA,"Line","Good","Good Going Forward","GGF","GGF","2","AD","Passing","End","","9:57:13","SSEO","35833",NA,NA,NA,NA,NA,NA,NA
"1918","SL_2018SSEO_Dive_02_10-28-44.000.avi","83","10:28:51","551","799","QC","amy",NA,NA,"2018","2",NA,"Line","Good","Good Going Forward","GGF","GGF","1","AD","Passing","Start","","10:28:51","SSEO","37731",NA,NA,NA,NA,NA,NA,NA
"1919","SL_2018SSEO_Dive_02_10-28-44.000.avi","73835","11:09:49","529","798","QC","amy",NA,NA,"2018","2",NA,"Line","Good","Good Going Forward","GGF","GGF","2","AD","Passing","End","","11:09:49","SSEO","40189",NA,NA,NA,NA,NA,NA,NA
"1920","SL_2018SSEO_Dive_03_12-02-36.000.avi","173","12:02:49","679","536","QC","amy",NA,NA,"2018","3",NA,"Line","Good","Good Going Forward","GGF","GGF","1","AD","Passing","Start","","12:02:49","SSEO","43369",NA,NA,NA,NA,NA,NA,NA
"1921","SL_2018SSEO_Dive_03_12-02-36.000.avi","80087","12:47:13","631","741","QC","amy",NA,NA,"2018","3",NA,"Line","Good","Good Going Forward","GGF","GGF","2","AD","Passing","End","","12:47:13","SSEO","46033",NA,NA,NA,NA,NA,NA,NA
"1922","SL_2018SSEO_Dive_04_13-18-19.000.avi","430","13:19:16","620","762","QC","amy",NA,NA,"2018","4",NA,"Line","Good","Good Going Forward","GGF","GGF","1","AD","Passing","Start","","13:19:16","SSEO","47956",NA,NA,NA,NA,NA,NA,NA
"1923","SL_2018SSEO_Dive_04_13-18-19.000.avi","72461","13:59:17","706","879","QC","amy",NA,NA,"2018","4",NA,"Line","Good","Good Going Forward","GGF","GGF","2","AD","Passing","End","","13:59:17","SSEO","50357",NA,NA,NA,NA,NA,NA,NA
"1924","SL_2018SSEO_Dive_05_14-55-21.000.avi","132","14:55:28","715","732","QC","amy",NA,NA,"2018","5",NA,"Line","Good","Good Going Forward","GGF","GGF","1","AD","Passing","Start","","14:55:28","SSEO","53728",NA,NA,NA,NA,NA,NA,NA
"1925","SL_2018SSEO_Dive_05_14-55-21.000.avi","73961","15:36:29","605","745","QC","amy",NA,NA,"2018","5",NA,"Line","Good","Good Going Forward","GGF","GGF","2","AD","Passing","End","","15:36:29","SSEO","56189",NA,NA,NA,NA,NA,NA,NA
"1926","SL_2018SSEO_Dive_06_17-02-30.000.avi","120","17:02:40","551","799","QC","amy",NA,NA,"2018","6",NA,"Line","Good","Good Going Forward","GGF","GGF","1","AD","Passing","Start","","17:02:40","SSEO","61360",NA,NA,NA,NA,NA,NA,NA
"1927","SL_2018SSEO_Dive_06_17-02-30.000.avi","71362","17:42:15","551","799","QC","amy",NA,NA,"2018","6",NA,"Line","Good","Good Going Forward","GGF","GGF","2","AD","Passing","End","","17:42:15","SSEO","63735",NA,NA,NA,NA,NA,NA,NA
"1928","SL_2018SSEO_Dive_07_18-16-03.000.avi","545","18:16:26","556","701","QC","amy",NA,NA,"2018","7",NA,"Line","Good","Good Going Forward","GGF","GGF","1","AD","Passing","Start","","18:16:26","SSEO","65786",NA,NA,NA,NA,NA,NA,NA
"1929","SL_2018SSEO_Dive_07_18-16-03.000.avi","65212","18:52:22","551","799","QC","amy",NA,NA,"2018","7",NA,"Line","Good","Good Going Forward","GGF","GGF","2","AD","Passing","End","","18:52:21","SSEO","67942",NA,NA,NA,NA,NA,NA,NA
"1930","SL_2018SSEO_Dive_08_06-16-32.000.avi","128","6:16:49","513","551","QC","amy",NA,NA,"2018","8",NA,"Line","Good","Good Going Forward","GGF","GGF","1","AD","Passing","Start","","","SSEO","22609",NA,NA,NA,NA,NA,NA,NA
"1931","SL_2018SSEO_Dive_08_06-16-32.000.avi","7681","6:21:01","551","799","QC","amy",NA,NA,"2018","8",NA,"Line","Bad","loitering in same area","BLA","BLA","2","AD","Passing","","","6:21:01","SSEO","22861",NA,NA,NA,NA,NA,NA,NA
"1932","SL_2018SSEO_Dive_08_06-16-32.000.avi","8295","6:21:22","393","670","QC","amy",NA,NA,"2018","8",NA,"Line","Good","Good Going Forward","GGF","GGF","3","AD","Passing","","","","SSEO","22882",NA,NA,NA,NA,NA,NA,NA
"1933","SL_2018SSEO_Dive_08_06-16-32.000.avi","12138","6:23:30","553","799","QC","amy",NA,NA,"2018","8",NA,"Line","Bad","loitering in same area","BLA","BLA","4","AD","Passing","","","6:23:29","SSEO","23010",NA,NA,NA,NA,NA,NA,NA
"1934","SL_2018SSEO_Dive_08_06-16-32.000.avi","12698","6:23:48","629","818","QC","amy",NA,NA,"2018","8",NA,"Line","Good","Good Going Forward","GGF","GGF","5","AD","Passing","End","","6:23:48","SSEO","23028",NA,NA,NA,NA,NA,NA,NA
"1935","SL_2018SSEO_Dive_09_07-57-18.000.avi","356","7:57:35","501","506","QC","amy",NA,NA,"2018","9",NA,"Line","Good","Good Going Forward","GGF","GGF","1","AD","Passing","Start","","7:57:35","SSEO","28655",NA,NA,NA,NA,NA,NA,NA
"1936","SL_2018SSEO_Dive_09_07-57-18.000.avi","81170","8:42:29","500","921","QC","amy",NA,NA,"2018","9",NA,"Line","Good","Good Going Forward","GGF","GGF","2","AD","Passing","End","","8:42:29","SSEO","31349",NA,NA,NA,NA,NA,NA,NA
"1937","SL_2018SSEO_Dive_10_09-25-54.000.avi","247","9:26:05","765","903","QC","amy",NA,NA,"2018","10",NA,"Line","Good","Good Going Forward","GGF","GGF","1","AD","Passing","Start","","9:26:05","SSEO","33965",NA,NA,NA,NA,NA,NA,NA
"1938","SL_2018SSEO_Dive_10_09-25-54.000.avi","21408","9:37:51","561","790","QC","amy",NA,NA,"2018","10",NA,"Line","Bad","loitering in same area","BLA","BLA","2","AD","Passing","","","9:37:50","SSEO","34671",NA,NA,NA,NA,NA,NA,NA
"1939","SL_2018SSEO_Dive_10_09-25-54.000.avi","22025","9:38:11","551","812","QC","amy",NA,NA,"2018","10",NA,"Line","Good","Good Going Forward","GGF","GGF","3","AD","Passing","","","","SSEO","34691",NA,NA,NA,NA,NA,NA,NA
"1940","SL_2018SSEO_Dive_10_09-25-54.000.avi","23276","9:38:53","631","819","QC","amy",NA,NA,"2018","10",NA,"Line","Bad","loitering in same area","BLA","BLA","4","AD","Passing","","","","SSEO","34733",NA,NA,NA,NA,NA,NA,NA
"1941","SL_2018SSEO_Dive_10_09-25-54.000.avi","25598","9:40:10","588","809","QC","amy",NA,NA,"2018","10",NA,"Line","Bad","repositioned","BRP","BRP","5","AD","Passing","","","","SSEO","34810",NA,NA,NA,NA,NA,NA,NA
"1942","SL_2018SSEO_Dive_10_09-25-54.000.avi","27747","9:41:22","513","806","QC","amy",NA,NA,"2018","10",NA,"Line","Good","Good Going Forward","GGF","GGF","6","AD","Passing","","","9:41:21","SSEO","34882",NA,NA,NA,NA,NA,NA,NA
"1943","SL_2018SSEO_Dive_10_09-25-54.000.avi","79052","10:09:52","627","667","QC","amy",NA,NA,"2018","10",NA,"Line","Good","Good Going Forward","GGF","GGF","7","AD","Passing","End","","10:09:52","SSEO","36592",NA,NA,NA,NA,NA,NA,NA
"1944","SL_2018SSEO_Dive_11_10-51-24.000.avi","342","10:51:40","551","799","QC","amy",NA,NA,"2018","11",NA,"Line","Good","Good Going Forward","GGF","GGF","1","AD","Passing","Start","","10:51:40","SSEO","39100",NA,NA,NA,NA,NA,NA,NA
"1945","SL_2018SSEO_Dive_11_10-51-24.000.avi","7487","10:55:39","852","772","QC","amy",NA,NA,"2018","11",NA,"Line","Good","Good Going Forward","GGF","GGF","2","AD","Passing","","can see in belly","10:55:38","SSEO","39339",NA,NA,NA,NA,NA,NA,NA
"1946","SL_2018SSEO_Dive_11_10-51-24.000.avi","7765","10:55:48","559","803","QC","amy",NA,NA,"2018","11",NA,"Line","Good","Good Going Forward","GGF","GGF","3","AD","Passing","","","10:55:47","SSEO","39348",NA,NA,NA,NA,NA,NA,NA
"1947","SL_2018SSEO_Dive_11_10-51-24.000.avi","20099","11:02:39","551","799","QC","amy",NA,NA,"2018","11",NA,"Line","Good","Good Going Forward","GGF","GGF","4","AD","Passing","","can see in belly","11:02:38","SSEO","39759",NA,NA,NA,NA,NA,NA,NA
"1948","SL_2018SSEO_Dive_11_10-51-24.000.avi","20360","11:02:48","477","786","QC","amy",NA,NA,"2018","11",NA,"Line","Good","Good Going Forward","GGF","GGF","5","AD","Passing","","","","SSEO","39768",NA,NA,NA,NA,NA,NA,NA
"1949","SL_2018SSEO_Dive_11_10-51-24.000.avi","61917","11:25:53","551","799","QC","amy",NA,NA,"2018","11",NA,"Line","Good","Good Going Forward","GGF","GGF","6","AD","Passing","","can see in belly","11:25:52","SSEO","41153",NA,NA,NA,NA,NA,NA,NA
"1950","SL_2018SSEO_Dive_11_10-51-24.000.avi","62314","11:26:06","665","868","QC","amy",NA,NA,"2018","11",NA,"Line","Good","Good Going Forward","GGF","GGF","7","AD","Passing","","","","SSEO","41166",NA,NA,NA,NA,NA,NA,NA
"1951","SL_2018SSEO_Dive_11_10-51-24.000.avi","74517","11:32:53","482","776","QC","amy",NA,NA,"2018","11",NA,"Line","Good","Good Going Forward","GGF","GGF","8","AD","Passing","End","","11:32:52","SSEO","41573",NA,NA,NA,NA,NA,NA,NA
"1952","SL_2018SSEO_Dive_12_12-58-50.000.avi","96","12:58:58","306","831","QC","amy",NA,NA,"2018","12",NA,"Line","Good","Good Going Forward","GGF","GGF","1","AD","Passing","Start","","","SSEO","46738",NA,NA,NA,NA,NA,NA,NA
"1953","SL_2018SSEO_Dive_12_12-58-50.000.avi","61286","13:32:58","389","603","QC","amy",NA,NA,"2018","12",NA,"Line","Good","Good Going Forward","GGF","GGF","2","AD","Passing","","can see in belly","","SSEO","48778",NA,NA,NA,NA,NA,NA,NA
"1954","SL_2018SSEO_Dive_12_12-58-50.000.avi","61905","13:33:19","551","799","QC","amy",NA,NA,"2018","12",NA,"Line","Good","Good Going Forward","GGF","GGF","3","AD","Passing","","","13:33:19","SSEO","48799",NA,NA,NA,NA,NA,NA,NA
"1955","SL_2018SSEO_Dive_12_12-58-50.000.avi","78003","13:42:15","800","1024","QC","amy",NA,NA,"2018","12",NA,"Line","Good","Good Going Forward","GGF","GGF","4","AD","Passing","End","","13:42:15","SSEO","49335",NA,NA,NA,NA,NA,NA,NA
"1956","SL_2018SSEO_Dive_13_14-30-46.000.avi","235","14:30:55","410","657","QC","amy",NA,NA,"2018","13",NA,"Line","Good","Good Going Forward","GGF","GGF","1","AD","Passing","Start","","14:30:55","SSEO","52255",NA,NA,NA,NA,NA,NA,NA
"1957","SL_2018SSEO_Dive_13_14-30-46.000.avi","27852","14:46:15","487","737","QC","amy",NA,NA,"2018","13",NA,"Line","Bad","resting on bottom","BRB","BRB","2","AD","Passing","","","14:46:16","SSEO","53175",NA,NA,NA,NA,NA,NA,NA
"1958","SL_2018SSEO_Dive_13_14-30-46.000.avi","29731","14:47:18","713","692","QC","amy",NA,NA,"2018","13",NA,"Line","Good","Good Going Forward","GGF","GGF","4","AD","Passing","","","14:47:18","SSEO","53238",NA,NA,NA,NA,NA,NA,NA
"1959","SL_2018SSEO_Dive_13_14-30-46.000.avi","48085","14:57:30","538","799","QC","amy",NA,NA,"2018","13",NA,"Line","Bad","loitering in same area","BLA","BLA","5","AD","Passing","","","","SSEO","53850",NA,NA,NA,NA,NA,NA,NA
"1960","SL_2018SSEO_Dive_13_14-30-46.000.avi","48500","14:57:44","582","832","QC","amy",NA,NA,"2018","13",NA,"Line","Bad","resting on bottom","BRB","BRB","6","AD","Passing","","","14:57:44","SSEO","53864",NA,NA,NA,NA,NA,NA,NA
"1961","SL_2018SSEO_Dive_13_14-30-46.000.avi","52217","14:59:48","648","810","QC","amy",NA,NA,"2018","13",NA,"Line","Good","Good Going Forward","GGF","GGF","7","AD","Passing","","","14:59:48","SSEO","53988",NA,NA,NA,NA,NA,NA,NA
"1962","SL_2018SSEO_Dive_13_14-30-46.000.avi","62933","15:05:45","551","799","QC","amy",NA,NA,"2018","13",NA,"Line","Bad","going over drop-off","BDO","BDO","9","AD","Passing","","","","SSEO","54345",NA,NA,NA,NA,NA,NA,NA
"1963","SL_2018SSEO_Dive_13_14-30-46.000.avi","63875","15:06:16","551","799","QC","amy",NA,NA,"2018","13",NA,"Line","Good","Good Going Forward","GGF","GGF","11","AD","Passing","","can see in belly","","SSEO","54376",NA,NA,NA,NA,NA,NA,NA
"1964","SL_2018SSEO_Dive_13_14-30-46.000.avi","64028","15:06:21","431","731","QC","amy",NA,NA,"2018","13",NA,"Line","Good","Good Going Forward","GGF","GGF","12","AD","Passing","","","15:06:21","SSEO","54381",NA,NA,NA,NA,NA,NA,NA
"1965","SL_2018SSEO_Dive_13_14-30-46.000.avi","87969","15:19:39","476","717","QC","amy",NA,NA,"2018","13",NA,"Line","Good","Good Going Forward","GGF","GGF","13","AD","Passing","End","","15:19:39","SSEO","55179",NA,NA,NA,NA,NA,NA,NA
"1966","SL_2018SSEO_Dive_14_15-54-22.000.avi","168","15:55:23","387","771","QC","amy",NA,NA,"2018","14",NA,"Line","Good","Good Going Forward","GGF","GGF","1","AD","Passing","Start","","15:55:23","SSEO","57323",NA,NA,NA,NA,NA,NA,NA
"1967","SL_2018SSEO_Dive_14_15-54-22.000.avi","87152","16:43:42","551","799","QC","amy",NA,NA,"2018","14",NA,"Line","Good","Good Going Forward","GGF","GGF","2","AD","Passing","End","","16:43:42","SSEO","60222",NA,NA,NA,NA,NA,NA,NA
"1968","SL_2018SSEO_Dive_15_17-11-22.000.avi","191","17:11:30","528","840","QC","amy",NA,NA,"2018","15",NA,"Line","Good","Good Going Forward","GGF","GGF","1","AD","Passing","Start","","17:11:30","SSEO","61890",NA,NA,NA,NA,NA,NA,NA
"1969","SL_2018SSEO_Dive_15_17-11-22.000.avi","33948","17:30:16","547","799","QC","amy",NA,NA,"2018","15",NA,"Line","Good","Good Going Forward","GGF","GGF","2","AD","Passing","","can see in belly","17:30:16","SSEO","63016",NA,NA,NA,NA,NA,NA,NA
"1970","SL_2018SSEO_Dive_15_17-11-22.000.avi","34449","17:30:32","551","799","QC","amy",NA,NA,"2018","15",NA,"Line","Good","Good Going Forward","GGF","GGF","3","AD","Passing","","","17:30:32","SSEO","63032",NA,NA,NA,NA,NA,NA,NA
"1971","SL_2018SSEO_Dive_15_17-11-22.000.avi","62621","17:46:11","371","848","QC","amy",NA,NA,"2018","15",NA,"Line","Bad","loitering in same area","BLA","BLA","4","AD","Passing","","","17:46:11","SSEO","63971",NA,NA,NA,NA,NA,NA,NA
"1972","SL_2018SSEO_Dive_15_17-11-22.000.avi","62830","17:46:18","261","441","QC","amy",NA,NA,"2018","15",NA,"Line","Good","Good Going Forward","GGF","GGF","5","AD","Passing","","","17:46:18","SSEO","63978",NA,NA,NA,NA,NA,NA,NA
"1973","SL_2018SSEO_Dive_15_17-11-22.000.avi","75123","17:53:08","381","773","QC","amy",NA,NA,"2018","15",NA,"Line","Good","Good Going Forward","GGF","GGF","6","AD","Passing","End","","17:53:08","SSEO","64388",NA,NA,NA,NA,NA,NA,NA
"1974","SL_2018SSEO_Dive_16_19-03-14.000.avi","211","19:03:22","551","799","QC","amy",NA,NA,"2018","16",NA,"Line","Good","Good Going Forward","GGF","GGF","1","AD","Passing","Start","","19:03:22","SSEO","68602",NA,NA,NA,NA,NA,NA,NA
"1975","SL_2018SSEO_Dive_16_19-03-14.000.avi","39348","19:25:07","551","799","QC","amy",NA,NA,"2018","16",NA,"Line","Bad","loitering in same area","BLA","BLA","2","AD","Passing","","","19:25:07","SSEO","69907",NA,NA,NA,NA,NA,NA,NA
"1976","SL_2018SSEO_Dive_16_19-03-14.000.avi","39609","19:25:15","401","620","QC","amy",NA,NA,"2018","16",NA,"Line","Good","Good Going Forward","GGF","GGF","3","AD","Passing","","","","SSEO","69915",NA,NA,NA,NA,NA,NA,NA
"1977","SL_2018SSEO_Dive_16_19-03-14.000.avi","46522","19:29:06","603","864","QC","amy",NA,NA,"2018","16",NA,"Line","Bad","loitering in same area","BLA","BLA","4","AD","Passing","","","19:29:06","SSEO","70146",NA,NA,NA,NA,NA,NA,NA
"1978","SL_2018SSEO_Dive_16_19-03-14.000.avi","46868","19:29:17","372","628","QC","amy",NA,NA,"2018","16",NA,"Line","Good","Good Going Forward","GGF","GGF","5","AD","Passing","","","","SSEO","70157",NA,NA,NA,NA,NA,NA,NA
"1979","SL_2018SSEO_Dive_16_19-03-14.000.avi","49105","19:30:32","571","811","QC","amy",NA,NA,"2018","16",NA,"Line","Bad","loitering in same area","BLA","BLA","6","AD","Passing","","","","SSEO","70232",NA,NA,NA,NA,NA,NA,NA
"1980","SL_2018SSEO_Dive_16_19-03-14.000.avi","49417","19:30:42","551","799","QC","amy",NA,NA,"2018","16",NA,"Line","Good","Good Going Forward","GGF","GGF","7","AD","Passing","","","19:30:42","SSEO","70242",NA,NA,NA,NA,NA,NA,NA
"1981","SL_2018SSEO_Dive_16_19-03-14.000.avi","64041","19:38:50","363","625","QC","amy",NA,NA,"2018","16",NA,"Line","Bad","loitering in same area","BLA","BLA","8","AD","Passing","","","19:38:50","SSEO","70730",NA,NA,NA,NA,NA,NA,NA
"1982","SL_2018SSEO_Dive_16_19-03-14.000.avi","64588","19:39:08","450","606","QC","amy",NA,NA,"2018","16",NA,"Line","Good","Good Going Forward","GGF","GGF","9","AD","Passing","","","","SSEO","70748",NA,NA,NA,NA,NA,NA,NA
"1983","SL_2018SSEO_Dive_16_19-03-14.000.avi","65704","19:39:45","683","512","QC","amy",NA,NA,"2018","16",NA,"Line","Good","Good Going Forward","GGF","GGF","10","AD","Passing","","can see in belly","19:39:45","SSEO","70785",NA,NA,NA,NA,NA,NA,NA
"1984","SL_2018SSEO_Dive_16_19-03-14.000.avi","66719","19:40:19","404","662","QC","amy",NA,NA,"2018","16",NA,"Line","Good","Good Going Forward","GGF","GGF","11","AD","Passing","","","","SSEO","70819",NA,NA,NA,NA,NA,NA,NA
"1985","SL_2018SSEO_Dive_16_19-03-14.000.avi","71575","19:43:01","521","709","QC","amy",NA,NA,"2018","16",NA,"Line","Bad","loitering in same area","BLA","BLA","12","AD","Passing","","","19:43:01","SSEO","70981",NA,NA,NA,NA,NA,NA,NA
"1986","SL_2018SSEO_Dive_16_19-03-14.000.avi","71884","19:43:11","598","656","QC","amy",NA,NA,"2018","16",NA,"Line","Good","Good Going Forward","GGF","GGF","13","AD","Passing","","","","SSEO","70991",NA,NA,NA,NA,NA,NA,NA
"1987","SL_2018SSEO_Dive_16_19-03-14.000.avi","73352","19:44:00","634","576","QC","amy",NA,NA,"2018","16",NA,"Line","Bad","loitering in same area","BLA","BLA","14","AD","Passing","","","","SSEO","71040",NA,NA,NA,NA,NA,NA,NA
"1988","SL_2018SSEO_Dive_16_19-03-14.000.avi","73775","19:44:14","526","508","QC","amy",NA,NA,"2018","16",NA,"Line","Good","Good Going Forward","GGF","GGF","15","AD","Passing","End","","","SSEO","71054",NA,NA,NA,NA,NA,NA,NA
"1989","SL_2018SSEO_Dive_17_04-55-02.000.avi","116","4:55:08","551","799","QC","amy",NA,NA,"2018","17",NA,"Line","Good","Good Going Forward","GGF","GGF","1","AD","Passing","Start","","4:55:08","SSEO","17708",NA,NA,NA,NA,NA,NA,NA
"1990","SL_2018SSEO_Dive_17_04-55-02.000.avi","2456","4:56:26","663","929","QC","amy",NA,NA,"2018","17",NA,"Line","Bad","repositioned","BRP","BRP","2","AD","Passing","","","4:56:26","SSEO","17786",NA,NA,NA,NA,NA,NA,NA
"1991","SL_2018SSEO_Dive_17_04-55-02.000.avi","3149","4:56:49","643","810","QC","amy",NA,NA,"2018","17",NA,"Line","Good","Good Going Forward","GGF","GGF","3","AD","Passing","","","4:56:49","SSEO","17809",NA,NA,NA,NA,NA,NA,NA
"1992","SL_2018SSEO_Dive_17_04-55-02.000.avi","32902","5:13:21","551","799","QC","amy",NA,NA,"2018","17",NA,"Line","Good","resting on bottom","GRB","GRB","4","AD","Passing","","","5:13:21","SSEO","18801",NA,NA,NA,NA,NA,NA,NA
"1993","SL_2018SSEO_Dive_17_04-55-02.000.avi","33915","5:13:54","550","799","QC","amy",NA,NA,"2018","17",NA,"Line","Good","Good Going Forward","GGF","GGF","5","AD","Passing","","","","SSEO","18834",NA,NA,NA,NA,NA,NA,NA
"1994","SL_2018SSEO_Dive_17_04-55-02.000.avi","73793","5:36:04","551","799","QC","amy",NA,NA,"2018","17",NA,"Line","Good","Good Going Forward","GGF","GGF","6","AD","Passing","End","","5:36:04","SSEO","20164",NA,NA,NA,NA,NA,NA,NA
"1995","SL_2018SSEO_Dive_18_06-23-09.000.avi","155","6:23:17","432","635","QC","amy",NA,NA,"2018","18",NA,"Line","Good","Good Going Forward","GGF","GGF","1","AD","Passing","Start","","6:23:17","SSEO","22997",NA,NA,NA,NA,NA,NA,NA
"1996","SL_2018SSEO_Dive_18_06-23-09.000.avi","76284","7:05:35","608","632","QC","amy",NA,NA,"2018","18",NA,"Line","Good","Good Going Forward","GGF","GGF","2","AD","Passing","End","","7:05:35","SSEO","25535",NA,NA,NA,NA,NA,NA,NA
"1997","SL_2018SSEO_Dive_19_08-14-34.000.avi","197","8:14:45","551","799","QC","amy",NA,NA,"2018","19",NA,"Line","Good","Good Going Forward","GGF","GGF","1","AD","Passing","Start","","8:14:44","SSEO","29685",NA,NA,NA,NA,NA,NA,NA
"1998","SL_2018SSEO_Dive_19_08-14-34.000.avi","23875","8:27:54","569","921","QC","amy",NA,NA,"2018","19",NA,"Line","Bad","loitering in same area","BLA","BLA","2","AD","Passing","","","8:27:53","SSEO","30474",NA,NA,NA,NA,NA,NA,NA
"1999","SL_2018SSEO_Dive_19_08-14-34.000.avi","24271","8:28:07","551","799","QC","amy",NA,NA,"2018","19",NA,"Line","Good","Good Going Forward","GGF","GGF","3","AD","Passing","","","","SSEO","30487",NA,NA,NA,NA,NA,NA,NA
"2000","SL_2018SSEO_Dive_19_08-14-34.000.avi","41027","8:37:26","512","743","QC","amy",NA,NA,"2018","19",NA,"Line","Good","Good Going Forward","GGF","GGF","4","AD","Passing","","see in belly","8:37:25","SSEO","31046",NA,NA,NA,NA,NA,NA,NA
"2001","SL_2018SSEO_Dive_19_08-14-34.000.avi","41816","8:37:52","551","799","QC","amy",NA,NA,"2018","19",NA,"Line","Good","Good Going Forward","GGF","GGF","5","AD","Passing","","","","SSEO","31072",NA,NA,NA,NA,NA,NA,NA
"2002","SL_2018SSEO_Dive_19_08-14-34.000.avi","80139","8:59:09","643","780","QC","amy",NA,NA,"2018","19",NA,"Line","Good","Good Going Forward","GGF","GGF","6","AD","Passing","End","","8:59:09","SSEO","32349",NA,NA,NA,NA,NA,NA,NA
"2003","SL_2018SSEO_Dive_20_09-31-15.000.avi","4136","9:33:35","657","746","QC","amy",NA,NA,"2018","20",NA,"Line","Good","Good Going Forward","GGF","GGF","1","AD","Passing","Start","","9:33:35","SSEO","34415",NA,NA,NA,NA,NA,NA,NA
"2004","SL_2018SSEO_Dive_20_09-31-15.000.avi","91164","10:21:56","394","678","QC","amy",NA,NA,"2018","20",NA,"Line","Good","Good Going Forward","GGF","GGF","2","AD","Passing","End","","10:21:56","SSEO","37316",NA,NA,NA,NA,NA,NA,NA
"2005","SL_2018SSEO_Dive_21_10-59-57.000.avi","143","11:00:07","551","799","QC","amy",NA,NA,"2018","21",NA,"Line","Good","Good Going Forward","GGF","GGF","1","AD","Passing","Start","","11:00:07","SSEO","39607",NA,NA,NA,NA,NA,NA,NA
"2006","SL_2018SSEO_Dive_21_10-59-57.000.avi","74393","11:41:22","551","803","QC","amy",NA,NA,"2018","21",NA,"Line","Good","Good Going Forward","GGF","GGF","2","AD","Passing","End","","11:41:22","SSEO","42082",NA,NA,NA,NA,NA,NA,NA
"2007","SL_2018SSEO_Dive_22_14-16-23.000.avi","232","14:16:36","410","705","QC","amy",NA,NA,"2018","22",NA,"Line","Good","Good Going Forward","GGF","GGF","1","AD","Passing","Start","","14:16:36","SSEO","51396",NA,NA,NA,NA,NA,NA,NA
"2008","SL_2018SSEO_Dive_22_14-16-23.000.avi","17259","14:26:03","551","799","QC","amy",NA,NA,"2018","22",NA,"Line","Bad","loitering in same area","BLA","BLA","2","AD","Passing","","","","SSEO","51963",NA,NA,NA,NA,NA,NA,NA
"2009","SL_2018SSEO_Dive_22_14-16-23.000.avi","17597","14:26:15","420","469","QC","amy",NA,NA,"2018","22",NA,"Line","Good","Good Going Forward","GGF","GGF","3","AD","Passing","","","14:26:14","SSEO","51975",NA,NA,NA,NA,NA,NA,NA
"2010","SL_2018SSEO_Dive_22_14-16-23.000.avi","33698","14:35:11","551","799","QC","amy",NA,NA,"2018","22",NA,"Line","Bad","loitering in same area","BLA","BLA","4","AD","Passing","","","","SSEO","52511",NA,NA,NA,NA,NA,NA,NA
"2011","SL_2018SSEO_Dive_22_14-16-23.000.avi","33898","14:35:18","551","799","QC","amy",NA,NA,"2018","22",NA,"Line","Good","Good Going Forward","GGF","GGF","5","AD","Passing","","","","SSEO","52518",NA,NA,NA,NA,NA,NA,NA
"2012","SL_2018SSEO_Dive_22_14-16-23.000.avi","45498","14:41:45","551","799","QC","amy",NA,NA,"2018","22",NA,"Line","Bad","loitering in same area","BLA","BLA","6","AD","Passing","","","","SSEO","52905",NA,NA,NA,NA,NA,NA,NA
"2013","SL_2018SSEO_Dive_22_14-16-23.000.avi","45731","14:41:52","551","799","QC","amy",NA,NA,"2018","22",NA,"Line","Good","Good Going Forward","GGF","GGF","7","AD","Passing","","","","SSEO","52912",NA,NA,NA,NA,NA,NA,NA
"2014","SL_2018SSEO_Dive_22_14-16-23.000.avi","47166","14:42:40","561","579","QC","amy",NA,NA,"2018","22",NA,"Line","Bad","loitering in same area","BLA","BLA","8","AD","Passing","","","","SSEO","52960",NA,NA,NA,NA,NA,NA,NA
"2015","SL_2018SSEO_Dive_22_14-16-23.000.avi","47556","14:42:53","372","899","QC","amy",NA,NA,"2018","22",NA,"Line","Good","Good Going Forward","GGF","GGF","9","AD","Passing","","","","SSEO","52973",NA,NA,NA,NA,NA,NA,NA
"2016","SL_2018SSEO_Dive_22_14-16-23.000.avi","48900","14:43:38","336","672","QC","amy",NA,NA,"2018","22",NA,"Line","Bad","loitering in same area","BLA","BLA","10","AD","Passing","","","","SSEO","53018",NA,NA,NA,NA,NA,NA,NA
"2017","SL_2018SSEO_Dive_22_14-16-23.000.avi","49294","14:43:51","551","799","QC","amy",NA,NA,"2018","22",NA,"Line","Good","Good Going Forward","GGF","GGF","11","AD","Passing","","","","SSEO","53031",NA,NA,NA,NA,NA,NA,NA
"2018","SL_2018SSEO_Dive_22_14-16-23.000.avi","65920","14:53:05","417","714","QC","amy",NA,NA,"2018","22",NA,"Line","Bad","loitering in same area","BLA","BLA","12","AD","Passing","","","","SSEO","53585",NA,NA,NA,NA,NA,NA,NA
"2019","SL_2018SSEO_Dive_22_14-16-23.000.avi","66432","14:53:22","437","506","QC","amy",NA,NA,"2018","22",NA,"Line","Good","Good Going Forward","GGF","GGF","13","AD","Passing","","","14:53:22","SSEO","53602",NA,NA,NA,NA,NA,NA,NA
"2020","SL_2018SSEO_Dive_22_14-16-23.000.avi","71740","14:56:19","551","799","QC","amy",NA,NA,"2018","22",NA,"Line","Good","Good Going Forward","GGF","GGF","14","AD","Passing","End","","14:56:19","SSEO","53779",NA,NA,NA,NA,NA,NA,NA
"2021","SL_2018SSEO_Dive_23_15-28-33.000.avi","597","15:32:38","618","656","QC","amy",NA,NA,"2018","23",NA,"Line","Good","Good Going Forward","GGF","GGF","1","AD","Passing","Start","","15:32:38","SSEO","55958",NA,NA,NA,NA,NA,NA,NA
"2022","SL_2018SSEO_Dive_23_15-28-33.000.avi","4372","15:34:44","676","746","QC","amy",NA,NA,"2018","23",NA,"Line","Bad","loitering in same area","BLA","BLA","2","AD","Passing","","","","SSEO","56084",NA,NA,NA,NA,NA,NA,NA
"2023","SL_2018SSEO_Dive_23_15-28-33.000.avi","4755","15:34:56","551","799","QC","amy",NA,NA,"2018","23",NA,"Line","Good","Good Going Forward","GGF","GGF","3","AD","Passing","","","","SSEO","56096",NA,NA,NA,NA,NA,NA,NA
"2024","SL_2018SSEO_Dive_23_15-28-33.000.avi","5459","15:35:20","382","707","QC","amy",NA,NA,"2018","23",NA,"Line","Bad","loitering in same area","BLA","BLA","4","AD","Passing","","","","SSEO","56120",NA,NA,NA,NA,NA,NA,NA
"2025","SL_2018SSEO_Dive_23_15-28-33.000.avi","5656","15:35:27","513","698","QC","amy",NA,NA,"2018","23",NA,"Line","Good","Good Going Forward","GGF","GGF","5","AD","Passing","","","","SSEO","56127",NA,NA,NA,NA,NA,NA,NA
"2026","SL_2018SSEO_Dive_23_15-28-33.000.avi","5910","15:35:35","551","799","QC","amy",NA,NA,"2018","23",NA,"Line","Bad","loitering in same area","BLA","BLA","6","AD","Passing","","","","SSEO","56135",NA,NA,NA,NA,NA,NA,NA
"2027","SL_2018SSEO_Dive_23_15-28-33.000.avi","6215","15:35:45","551","799","QC","amy",NA,NA,"2018","23",NA,"Line","Good","Good Going Forward","GGF","GGF","7","AD","Passing","","","15:35:45","SSEO","56145",NA,NA,NA,NA,NA,NA,NA
"2028","SL_2018SSEO_Dive_23_15-28-33.000.avi","23123","15:45:09","690","781","QC","amy",NA,NA,"2018","23",NA,"Line","Good","Good Going Forward","GGF","GGF","8","AD","Passing","","can see in belly","","SSEO","56709",NA,NA,NA,NA,NA,NA,NA
"2029","SL_2018SSEO_Dive_23_15-28-33.000.avi","23339","15:45:16","556","754","QC","amy",NA,NA,"2018","23",NA,"Line","Good","Good Going Forward","GGF","GGF","9","AD","Passing","","","","SSEO","56716",NA,NA,NA,NA,NA,NA,NA
"2030","SL_2018SSEO_Dive_23_15-28-33.000.avi","24233","15:45:46","490","689","QC","amy",NA,NA,"2018","23",NA,"Line","Good","Good Going Forward","GGF","GGF","10","AD","Passing","","can see in belly","15:45:45","SSEO","56746",NA,NA,NA,NA,NA,NA,NA
"2031","SL_2018SSEO_Dive_23_15-28-33.000.avi","24522","15:45:55","478","553","QC","amy",NA,NA,"2018","23",NA,"Line","Good","Good Going Forward","GGF","GGF","11","AD","Passing","","","","SSEO","56755",NA,NA,NA,NA,NA,NA,NA
"2032","SL_2018SSEO_Dive_23_15-28-33.000.avi","32685","15:50:28","512","734","QC","amy",NA,NA,"2018","23",NA,"Line","Good","Good Going Forward","GGF","GGF","12","AD","Passing","","can see in belly","","SSEO","57028",NA,NA,NA,NA,NA,NA,NA
"2033","SL_2018SSEO_Dive_23_15-28-33.000.avi","32860","15:50:33","566","788","QC","amy",NA,NA,"2018","23",NA,"Line","Good","Good Going Forward","GGF","GGF","13","AD","Passing","","","15:50:33","SSEO","57033",NA,NA,NA,NA,NA,NA,NA
"2034","SL_2018SSEO_Dive_23_15-28-33.000.avi","41598","15:55:25","403","647","QC","amy",NA,NA,"2018","23",NA,"Line","Good","Good Going Forward","GGF","GGF","14","AD","Passing","","can see in belly","15:55:24","SSEO","57325",NA,NA,NA,NA,NA,NA,NA
"2035","SL_2018SSEO_Dive_23_15-28-33.000.avi","42432","15:55:52","360","610","QC","amy",NA,NA,"2018","23",NA,"Line","Good","Good Going Forward","GGF","GGF","15","AD","Passing","","","15:55:52","SSEO","57352",NA,NA,NA,NA,NA,NA,NA
"2036","SL_2018SSEO_Dive_23_15-28-33.000.avi","50356","16:00:17","441","489","QC","amy",NA,NA,"2018","23",NA,"Line","Good","Good Going Forward","GGF","GGF","16","AD","Passing","","can see in belly","","SSEO","57617",NA,NA,NA,NA,NA,NA,NA
"2037","SL_2018SSEO_Dive_23_15-28-33.000.avi","50504","16:00:21","551","799","QC","amy",NA,NA,"2018","23",NA,"Line","Good","Good Going Forward","GGF","GGF","17","AD","Passing","","","","SSEO","57621",NA,NA,NA,NA,NA,NA,NA
"2038","SL_2018SSEO_Dive_23_15-28-33.000.avi","59188","16:05:11","381","618","QC","amy",NA,NA,"2018","23",NA,"Line","Good","Good Going Forward","GGF","GGF","18","AD","Passing","","can see in belly","","SSEO","57911",NA,NA,NA,NA,NA,NA,NA
"2039","SL_2018SSEO_Dive_23_15-28-33.000.avi","59887","16:05:34","379","698","QC","amy",NA,NA,"2018","23",NA,"Line","Good","Good Going Forward","GGF","GGF","19","AD","Passing","","","","SSEO","57934",NA,NA,NA,NA,NA,NA,NA
"2040","SL_2018SSEO_Dive_23_15-28-33.000.avi","62088","16:06:48","389","698","QC","amy",NA,NA,"2018","23",NA,"Line","Good","Good Going Forward","GGF","GGF","20","AD","Passing","","can see in belly","","SSEO","58008",NA,NA,NA,NA,NA,NA,NA
"2041","SL_2018SSEO_Dive_23_15-28-33.000.avi","62332","16:06:56","409","597","QC","amy",NA,NA,"2018","23",NA,"Line","Good","Good Going Forward","GGF","GGF","21","AD","Passing","","","16:06:55","SSEO","58016",NA,NA,NA,NA,NA,NA,NA
"2042","SL_2018SSEO_Dive_23_15-28-33.000.avi","66122","16:09:02","568","687","QC","amy",NA,NA,"2018","23",NA,"Line","Good","Good Going Forward","GGF","GGF","22","AD","Passing","","can see in belly","16:09:02","SSEO","58142",NA,NA,NA,NA,NA,NA,NA
"2043","SL_2018SSEO_Dive_23_15-28-33.000.avi","66407","16:09:12","368","686","QC","amy",NA,NA,"2018","23",NA,"Line","Good","Good Going Forward","GGF","GGF","23","AD","Passing","","","","SSEO","58152",NA,NA,NA,NA,NA,NA,NA
"2044","SL_2018SSEO_Dive_23_15-28-33.000.avi","67661","16:09:53","394","620","QC","amy",NA,NA,"2018","23",NA,"Line","Bad","loitering in same area","BLA","BLA","24","AD","Passing","","","","SSEO","58193",NA,NA,NA,NA,NA,NA,NA
"2045","SL_2018SSEO_Dive_23_15-28-33.000.avi","68200","16:10:11","482","578","QC","amy",NA,NA,"2018","23",NA,"Line","Good","Good Going Forward","GGF","GGF","25","AD","Passing","","","16:10:11","SSEO","58211",NA,NA,NA,NA,NA,NA,NA
"2046","SL_2018SSEO_Dive_23_15-28-33.000.avi","69293","16:10:48","480","641","QC","amy",NA,NA,"2018","23",NA,"Line","Bad","loitering in same area","BLA","BLA","26","AD","Passing","","","","SSEO","58248",NA,NA,NA,NA,NA,NA,NA
"2047","SL_2018SSEO_Dive_23_15-28-33.000.avi","70017","16:11:12","478","634","QC","amy",NA,NA,"2018","23",NA,"Line","Good","Good Going Forward","GGF","GGF","27","AD","Passing","","","16:11:11","SSEO","58272",NA,NA,NA,NA,NA,NA,NA
"2048","SL_2018SSEO_Dive_23_15-28-33.000.avi","73736","16:13:16","405","590","QC","amy",NA,NA,"2018","23",NA,"Line","Good","Good Going Forward","GGF","GGF","28","AD","Passing","","","can see in belly","SSEO","58396",NA,NA,NA,NA,NA,NA,NA
"2049","SL_2018SSEO_Dive_23_15-28-33.000.avi","74649","16:13:46","551","799","QC","amy",NA,NA,"2018","23",NA,"Line","Good","Good Going Forward","GGF","GGF","29","AD","Passing","","","","SSEO","58426",NA,NA,NA,NA,NA,NA,NA
"2050","SL_2018SSEO_Dive_23_15-28-33.000.avi","75459","16:14:13","388","635","QC","amy",NA,NA,"2018","23",NA,"Line","Good","Good Going Forward","GGF","GGF","30","AD","Passing","","can see in belly","","SSEO","58453",NA,NA,NA,NA,NA,NA,NA
"2051","SL_2018SSEO_Dive_23_15-28-33.000.avi","75722","16:14:22","396","579","QC","amy",NA,NA,"2018","23",NA,"Line","Good","Good Going Forward","GGF","GGF","31","AD","Passing","","","","SSEO","58462",NA,NA,NA,NA,NA,NA,NA
"2052","SL_2018SSEO_Dive_23_15-28-33.000.avi","77131","16:15:09","680","796","QC","amy",NA,NA,"2018","23",NA,"Line","Good","Good Going Forward","GGF","GGF","32","AD","Passing","","can see in belly","","SSEO","58509",NA,NA,NA,NA,NA,NA,NA
"2053","SL_2018SSEO_Dive_23_15-28-33.000.avi","77559","16:15:23","368","622","QC","amy",NA,NA,"2018","23",NA,"Line","Good","Good Going Forward","GGF","GGF","33","AD","Passing","","","16:15:23","SSEO","58523",NA,NA,NA,NA,NA,NA,NA
"2054","SL_2018SSEO_Dive_23_15-28-33.000.avi","78218","16:15:45","580","535","QC","amy",NA,NA,"2018","23",NA,"Line","Good","Good Going Forward","GGF","GGF","34","AD","Passing","End","","16:15:45","SSEO","58545",NA,NA,NA,NA,NA,NA,NA
"2055","SL_2018SSEO_Dive_24_19-48-04.000.avi","211","19:48:13","402","669","QC","amy",NA,NA,"2018","24",NA,"Line","Good","Good Going Forward","GGF","GGF","1","AD","Passing","Start","","","SSEO","71293",NA,NA,NA,NA,NA,NA,NA
"2056","SL_2018SSEO_Dive_24_19-48-04.000.avi","27068","20:03:08","433","639","QC","amy",NA,NA,"2018","24",NA,"Line","Bad","loitering in same area","BLA","BLA","2","AD","Passing","","","20:03:08","SSEO","72188",NA,NA,NA,NA,NA,NA,NA
"2057","SL_2018SSEO_Dive_24_19-48-04.000.avi","27403","20:03:19","363","665","QC","amy",NA,NA,"2018","24",NA,"Line","Good","Good Going Forward","GGF","GGF","3","AD","Passing","","","","SSEO","72199",NA,NA,NA,NA,NA,NA,NA
"2058","SL_2018SSEO_Dive_24_19-48-04.000.avi","57636","20:20:07","551","799","QC","amy",NA,NA,"2018","24",NA,"Line","Good","Good Going Forward","GGF","GGF","4","AD","Passing","End","","20:20:07","SSEO","73207",NA,NA,NA,NA,NA,NA,NA
"2059","SL_2018SSEO_Dive_25_04-59-12.000.avi","171","4:59:21","450","667","QC","amy",NA,NA,"2018","25",NA,"Line","Good","Good Going Forward","GGF","GGF","1","AD","Passing","Start","","4:49:20","SSEO","17961",NA,NA,NA,NA,NA,NA,NA
"2060","SL_2018SSEO_Dive_25_04-59-12.000.avi","8192","5:03:48","559","759","QC","amy",NA,NA,"2018","25",NA,"Line","Bad","loitering in same area","BLA","BLA","2","AD","Passing","","","","SSEO","18228",NA,NA,NA,NA,NA,NA,NA
"2061","SL_2018SSEO_Dive_25_04-59-12.000.avi","8480","5:03:58","460","543","QC","amy",NA,NA,"2018","25",NA,"Line","Good","Good Going Forward","GGF","GGF","3","AD","Passing","","","","SSEO","18238",NA,NA,NA,NA,NA,NA,NA
"2062","SL_2018SSEO_Dive_25_04-59-12.000.avi","14032","5:07:03","497","707","QC","amy",NA,NA,"2018","25",NA,"Line","Bad","loitering in same area","BLA","BLA","4","AD","Passing","","","","SSEO","18423",NA,NA,NA,NA,NA,NA,NA
"2063","SL_2018SSEO_Dive_25_04-59-12.000.avi","14380","5:07:14","498","638","QC","amy",NA,NA,"2018","25",NA,"Line","Good","Good Going Forward","GGF","GGF","5","AD","Passing","","","5:07:14","SSEO","18434",NA,NA,NA,NA,NA,NA,NA
"2064","SL_2018SSEO_Dive_25_04-59-12.000.avi","20783","5:10:48","476","646","QC","amy",NA,NA,"2018","25",NA,"Line","Good","Good Going Forward","GGF","GGF","6","AD","Passing","","can see in belly","5:10:47","SSEO","18648",NA,NA,NA,NA,NA,NA,NA
"2065","SL_2018SSEO_Dive_25_04-59-12.000.avi","21345","5:11:07","562","794","QC","amy",NA,NA,"2018","25",NA,"Line","Good","Good Going Forward","GGF","GGF","7","AD","Passing","","","","SSEO","18667",NA,NA,NA,NA,NA,NA,NA
"2066","SL_2018SSEO_Dive_25_04-59-12.000.avi","28274","5:14:57","483","612","QC","amy",NA,NA,"2018","25",NA,"Line","Good","Good Going Forward","GGF","GGF","8","AD","Passing","","can see in belly","5:14:57","SSEO","18897",NA,NA,NA,NA,NA,NA,NA
"2067","SL_2018SSEO_Dive_25_04-59-12.000.avi","28697","5:15:12","530","787","QC","amy",NA,NA,"2018","25",NA,"Line","Good","Good Going Forward","GGF","GGF","9","AD","Passing","","","","SSEO","18912",NA,NA,NA,NA,NA,NA,NA
"2068","SL_2018SSEO_Dive_25_04-59-12.000.avi","72561","5:39:34","551","799","QC","amy",NA,NA,"2018","25",NA,"Line","Good","Good Going Forward","GGF","GGF","10","AD","Passing","End","","5:39:33","SSEO","20374",NA,NA,NA,NA,NA,NA,NA
"2069","SL_2018SSEO_Dive_26_11-56-23.000.avi","125","11:56:28","564","737","QC","amy",NA,NA,"2018","26",NA,"Line","Good","Good Going Forward","GGF","GGF","1","AD","Passing","Start","","11:56:29","SSEO","42988",NA,NA,NA,NA,NA,NA,NA
"2070","SL_2018SSEO_Dive_26_11-56-23.000.avi","27680","12:11:47","616","654","QC","amy",NA,NA,"2018","26",NA,"Line","Bad","loitering in same area","BLA","BLA","2","AD","Passing","","","12:11:47","SSEO","43907",NA,NA,NA,NA,NA,NA,NA
"2071","SL_2018SSEO_Dive_26_11-56-23.000.avi","28001","12:11:57","432","724","QC","amy",NA,NA,"2018","26",NA,"Line","Good","Good Going Forward","GGF","GGF","3","AD","Passing","","","","SSEO","43917",NA,NA,NA,NA,NA,NA,NA
"2072","SL_2018SSEO_Dive_26_11-56-23.000.avi","32890","12:14:40","447","691","QC","amy",NA,NA,"2018","26",NA,"Line","Good","Good Going Forward","GGF","GGF","4","AD","Passing","End","dive cut short","12:14:41","SSEO","44080",NA,NA,NA,NA,NA,NA,NA
"2073","SL_2018SSEO_Dive_27_07-25-46.000.avi","147","7:25:53","551","799","QC","amy",NA,NA,"2018","27",NA,"Line","Good","Good Going Forward","GGF","GGF","1","AD","Passing","Start","","7:25:52","SSEO","26753",NA,NA,NA,NA,NA,NA,NA
"2074","SL_2018SSEO_Dive_27_07-25-46.000.avi","733","7:26:12","551","799","QC","amy",NA,NA,"2018","27",NA,"Line","Bad","loitering in same area","BLA","BLA","2","AD","Passing","","","","SSEO","26772",NA,NA,NA,NA,NA,NA,NA
"2075","SL_2018SSEO_Dive_27_07-25-46.000.avi","1212","7:26:28","625","774","QC","amy",NA,NA,"2018","27",NA,"Line","Good","Good Going Forward","GGF","GGF","3","AD","Passing","","","","SSEO","26788",NA,NA,NA,NA,NA,NA,NA
"2076","SL_2018SSEO_Dive_27_07-25-46.000.avi","52439","7:54:56","582","736","QC","amy",NA,NA,"2018","27",NA,"Line","Good","Good Going Forward","GGF","GGF","4","AD","Passing","","can see in belly","7:54:55","SSEO","28496",NA,NA,NA,NA,NA,NA,NA
"2077","SL_2018SSEO_Dive_27_07-25-46.000.avi","52738","7:55:06","398","705","QC","amy",NA,NA,"2018","27",NA,"Line","Good","Good Going Forward","GGF","GGF","5","AD","Passing","","","","SSEO","28506",NA,NA,NA,NA,NA,NA,NA
"2078","SL_2018SSEO_Dive_27_07-25-46.000.avi","62127","8:00:19","684","663","QC","amy",NA,NA,"2018","27",NA,"Line","Good","Good Going Forward","GGF","GGF","6","AD","Passing","End","","8:00:18","SSEO","28819",NA,NA,NA,NA,NA,NA,NA
"2079","SL_2018SSEO_Dive_28_09-51-08.000.avi","331","9:51:21","551","799","QC","amy",NA,NA,"2018","28",NA,"Line","Good","Good Going Forward","GGF","GGF","1","AD","Passing","Start","","9:51:21","SSEO","35481",NA,NA,NA,NA,NA,NA,NA
"2080","SL_2018SSEO_Dive_28_09-51-08.000.avi","64559","10:27:02","435","638","QC","amy",NA,NA,"2018","28",NA,"Line","Good","Good Going Forward","GGF","GGF","3","AD","Passing","End","","10:27:02","SSEO","37622",NA,NA,NA,NA,NA,NA,NA
"2081","SL_2018SSEO_Dive_29_13-39-34.000.avi","190","13:39:41","290","616","QC","amy",NA,NA,"2018","29",NA,"Line","Good","Good Going Forward","GGF","GGF","1","AD","Passing","Start","","13:39:42","SSEO","49181",NA,NA,NA,NA,NA,NA,NA
"2082","SL_2018SSEO_Dive_29_13-39-34.000.avi","21669","13:51:37","551","799","QC","amy",NA,NA,"2018","29",NA,"Line","Good","Good Going Forward","GGF","GGF","2","AD","Passing","","can see in belly","","SSEO","49897",NA,NA,NA,NA,NA,NA,NA
"2083","SL_2018SSEO_Dive_29_13-39-34.000.avi","21965","13:51:47","337","611","QC","amy",NA,NA,"2018","29",NA,"Line","Good","Good Going Forward","GGF","GGF","3","AD","Passing","","","13:51:47","SSEO","49907",NA,NA,NA,NA,NA,NA,NA
"2084","SL_2018SSEO_Dive_29_13-39-34.000.avi","31395","13:57:01","412","563","QC","amy",NA,NA,"2018","29",NA,"Line","Good","Good Going Forward","GGF","GGF","4","AD","Passing","","can see in belly","","SSEO","50221",NA,NA,NA,NA,NA,NA,NA
"2085","SL_2018SSEO_Dive_29_13-39-34.000.avi","31759","13:57:14","404","766","QC","amy",NA,NA,"2018","29",NA,"Line","Good","Good Going Forward","GGF","GGF","5","AD","Passing","","","","SSEO","50234",NA,NA,NA,NA,NA,NA,NA
"2086","SL_2018SSEO_Dive_29_13-39-34.000.avi","40441","14:02:03","366","741","QC","amy",NA,NA,"2018","29",NA,"Line","Good","Good Going Forward","GGF","GGF","6","AD","Passing","","can see in belly","","SSEO","50523",NA,NA,NA,NA,NA,NA,NA
"2087","SL_2018SSEO_Dive_29_13-39-34.000.avi","40716","14:02:12","342","779","QC","amy",NA,NA,"2018","29",NA,"Line","Good","Good Going Forward","GGF","GGF","7","AD","Passing","","","","SSEO","50532",NA,NA,NA,NA,NA,NA,NA
"2088","SL_2018SSEO_Dive_29_13-39-34.000.avi","44296","14:04:12","441","706","QC","amy",NA,NA,"2018","29",NA,"Line","Good","Good Going Forward","GGF","GGF","8","AD","Passing","","can see in belly","","SSEO","50652",NA,NA,NA,NA,NA,NA,NA
"2089","SL_2018SSEO_Dive_29_13-39-34.000.avi","44629","14:04:23","359","774","QC","amy",NA,NA,"2018","29",NA,"Line","Good","Good Going Forward","GGF","GGF","9","AD","Passing","","","14:04:23","SSEO","50663",NA,NA,NA,NA,NA,NA,NA
"2090","SL_2018SSEO_Dive_29_13-39-34.000.avi","68410","14:17:35","762","857","QC","amy",NA,NA,"2018","29",NA,"Line","Good","Good Going Forward","GGF","GGF","10","AD","Passing","","can see in belly","14:17:36","SSEO","51455",NA,NA,NA,NA,NA,NA,NA
"2091","SL_2018SSEO_Dive_29_13-39-34.000.avi","68787","14:17:48","360","690","QC","amy",NA,NA,"2018","29",NA,"Line","Good","Good Going Forward","GGF","GGF","11","AD","Passing","","","14:17:48","SSEO","51468",NA,NA,NA,NA,NA,NA,NA
"2092","SL_2018SSEO_Dive_29_13-39-34.000.avi","75845","14:21:43","434","773","QC","amy",NA,NA,"2018","29",NA,"Line","Good","Good Going Forward","GGF","GGF","12","AD","Passing","End","","14:21:43","SSEO","51703",NA,NA,NA,NA,NA,NA,NA
"2093","SL_2018SSEO_Dive_30_14-57-58.000.avi","140","14:58:06","551","799","QC","amy",NA,NA,"2018","30",NA,"Line","Good","Good Going Forward","GGF","GGF","1","AD","Passing","Start","","14:58:05","SSEO","53886",NA,NA,NA,NA,NA,NA,NA
"2094","SL_2018SSEO_Dive_30_14-57-58.000.avi","24737","15:11:46","363","606","QC","amy",NA,NA,"2018","30",NA,"Line","Good","Good Going Forward","GGF","GGF","2","AD","Passing","","can see in belly","15:11:45","SSEO","54706",NA,NA,NA,NA,NA,NA,NA
"2095","SL_2018SSEO_Dive_30_14-57-58.000.avi","25246","15:12:03","573","786","QC","amy",NA,NA,"2018","30",NA,"Line","Good","Good Going Forward","GGF","GGF","3","AD","Passing","","","","SSEO","54723",NA,NA,NA,NA,NA,NA,NA
"2096","SL_2018SSEO_Dive_30_14-57-58.000.avi","26863","15:12:56","460","702","QC","amy",NA,NA,"2018","30",NA,"Line","Good","Good Going Forward","GGF","GGF","4","AD","Passing","","can see in belly","15:12:56","SSEO","54776",NA,NA,NA,NA,NA,NA,NA
"2097","SL_2018SSEO_Dive_30_14-57-58.000.avi","27097","15:13:04","367","632","QC","amy",NA,NA,"2018","30",NA,"Line","Bad","lost bottom visual","BLB","BLB","5","AD","Passing","","","","SSEO","54784",NA,NA,NA,NA,NA,NA,NA
"2098","SL_2018SSEO_Dive_30_14-57-58.000.avi","27649","15:13:23","551","799","QC","amy",NA,NA,"2018","30",NA,"Line","Good","Good Going Forward","GGF","GGF","6","AD","Passing","","can see in belly","15:13:22","SSEO","54803",NA,NA,NA,NA,NA,NA,NA
"2099","SL_2018SSEO_Dive_30_14-57-58.000.avi","27894","15:13:31","279","647","QC","amy",NA,NA,"2018","30",NA,"Line","Good","Good Going Forward","GGF","GGF","7","AD","Passing","","","15:13:30","SSEO","54811",NA,NA,NA,NA,NA,NA,NA
"2100","SL_2018SSEO_Dive_30_14-57-58.000.avi","56212","15:29:15","546","695","QC","amy",NA,NA,"2018","30",NA,"Line","Bad","loitering in same area","BLA","BLA","8","AD","Passing","","","","SSEO","55755",NA,NA,NA,NA,NA,NA,NA
"2101","SL_2018SSEO_Dive_30_14-57-58.000.avi","56962","15:29:40","327","674","QC","amy",NA,NA,"2018","30",NA,"Line","Good","Good Going Forward","GGF","GGF","9","AD","Passing","","","","SSEO","55780",NA,NA,NA,NA,NA,NA,NA
"2102","SL_2018SSEO_Dive_30_14-57-58.000.avi","58297","15:30:24","328","619","QC","amy",NA,NA,"2018","30",NA,"Line","Bad","loitering in same area","BLA","BLA","10","AD","Passing","","","","SSEO","55824",NA,NA,NA,NA,NA,NA,NA
"2103","SL_2018SSEO_Dive_30_14-57-58.000.avi","58908","15:30:45","334","623","QC","amy",NA,NA,"2018","30",NA,"Line","Good","Good Going Forward","GGF","GGF","11","AD","Passing","","","15:30:44","SSEO","55845",NA,NA,NA,NA,NA,NA,NA
"2104","SL_2018SSEO_Dive_30_14-57-58.000.avi","59100","15:30:51","335","642","QC","amy",NA,NA,"2018","30",NA,"Line","Bad","loitering in same area","BLA","BLA","13","AD","Passing","","","","SSEO","55851",NA,NA,NA,NA,NA,NA,NA
"2105","SL_2018SSEO_Dive_30_14-57-58.000.avi","59396","15:31:01","353","675","QC","amy",NA,NA,"2018","30",NA,"Line","Good","Good Going Forward","GGF","GGF","12","AD","Passing","","","15:31:00","SSEO","55861",NA,NA,NA,NA,NA,NA,NA
"2106","SL_2018SSEO_Dive_30_14-57-58.000.avi","60488","15:31:37","386","622","QC","amy",NA,NA,"2018","30",NA,"Line","Bad","loitering in same area","BLA","BLA","14","AD","Passing","","","","SSEO","55897",NA,NA,NA,NA,NA,NA,NA
"2107","SL_2018SSEO_Dive_30_14-57-58.000.avi","60843","15:31:49","372","590","QC","amy",NA,NA,"2018","30",NA,"Line","Good","Good Going Forward","GGF","GGF","15","AD","Passing","","","15:31:49","SSEO","55909",NA,NA,NA,NA,NA,NA,NA
"2108","SL_2018SSEO_Dive_30_14-57-58.000.avi","70096","15:36:58","502","672","QC","amy",NA,NA,"2018","30",NA,"Line","Good","Good Going Forward","GGF","GGF","16","AD","Passing","End","","15:36:57","SSEO","56218",NA,NA,NA,NA,NA,NA,NA
"2109","SL_2018SSEO_Dive_31_16-12-26.000.avi","141","16:12:40","405","676","QC","amy",NA,NA,"2018","31",NA,"Line","Good","Good Going Forward","GGF","GGF","1","AD","Passing","Start","","16:12:40","SSEO","58360",NA,NA,NA,NA,NA,NA,NA
"2110","SL_2018SSEO_Dive_31_16-12-26.000.avi","5730","16:15:46","571","803","QC","amy",NA,NA,"2018","31",NA,"Line","Good","Good Going Forward","GGF","GGF","2","AD","Passing","","can see in belly","","SSEO","58546",NA,NA,NA,NA,NA,NA,NA
"2111","SL_2018SSEO_Dive_31_16-12-26.000.avi","5867","16:15:51","424","595","QC","amy",NA,NA,"2018","31",NA,"Line","Good","Good Going Forward","GGF","GGF","3","AD","Passing","","","","SSEO","58551",NA,NA,NA,NA,NA,NA,NA
"2112","SL_2018SSEO_Dive_31_16-12-26.000.avi","6660","16:16:17","310","632","QC","amy",NA,NA,"2018","31",NA,"Line","Good","Good Going Forward","GGF","GGF","4","AD","Passing","","can see in belly","","SSEO","58577",NA,NA,NA,NA,NA,NA,NA
"2113","SL_2018SSEO_Dive_31_16-12-26.000.avi","6862","16:16:24","346","610","QC","amy",NA,NA,"2018","31",NA,"Line","Bad","lost bottom visual","BLB","BLB","5","AD","Passing","","","16:16:24","SSEO","58584",NA,NA,NA,NA,NA,NA,NA
"2114","SL_2018SSEO_Dive_31_16-12-26.000.avi","7134","16:16:33","455","683","QC","amy",NA,NA,"2018","31",NA,"Line","Good","Good Going Forward","GGF","GGF","6","AD","Passing","","","","SSEO","58593",NA,NA,NA,NA,NA,NA,NA
"2115","SL_2018SSEO_Dive_31_16-12-26.000.avi","31569","16:30:07","551","799","QC","amy",NA,NA,"2018","31",NA,"Line","Good","Good Going Forward","GGF","GGF","7","AD","Passing","","can see in belly","","SSEO","59407",NA,NA,NA,NA,NA,NA,NA
"2116","SL_2018SSEO_Dive_31_16-12-26.000.avi","32172","16:30:27","203","359","QC","amy",NA,NA,"2018","31",NA,"Line","Good","Good Going Forward","GGF","GGF","8","AD","Passing","","","16:30:27","SSEO","59427",NA,NA,NA,NA,NA,NA,NA
"2117","SL_2018SSEO_Dive_31_16-12-26.000.avi","45991","16:38:08","551","799","QC","amy",NA,NA,"2018","31",NA,"Line","Bad","lost bottom visual","BLB","BLB","9","AD","Passing","","","16:38:08","SSEO","59888",NA,NA,NA,NA,NA,NA,NA
"2118","SL_2018SSEO_Dive_31_16-12-26.000.avi","46603","16:38:28","551","799","QC","amy",NA,NA,"2018","31",NA,"Line","Good","Good Going Forward","GGF","GGF","11","AD","Passing","","can see in belly","","SSEO","59908",NA,NA,NA,NA,NA,NA,NA
"2119","SL_2018SSEO_Dive_31_16-12-26.000.avi","46774","16:38:34","397","836","QC","amy",NA,NA,"2018","31",NA,"Line","Good","Good Going Forward","GGF","GGF","10","AD","Passing","","","16:38:34","SSEO","59914",NA,NA,NA,NA,NA,NA,NA
"2120","SL_2018SSEO_Dive_31_16-12-26.000.avi","60366","16:46:07","547","799","QC","amy",NA,NA,"2018","31",NA,"Line","Good","Good Going Forward","GGF","GGF","12","AD","Passing","End","","16:46:07","SSEO","60367",NA,NA,NA,NA,NA,NA,NA
"2121","SL_2018SSEO_Dive_32_19-20-48.000.avi","100","19:20:56","551","799","QC","amy",NA,NA,"2018","32",NA,"Line","Good","Good Going Forward","GGF","GGF","1","AD","Passing","Start","","19:20:56","SSEO","69656",NA,NA,NA,NA,NA,NA,NA
"2122","SL_2018SSEO_Dive_32_19-20-48.000.avi","3954","19:23:05","551","798","QC","amy",NA,NA,"2018","32",NA,"Line","Bad","loitering in same area","BLA","BLA","2","AD","Passing","","","","SSEO","69785",NA,NA,NA,NA,NA,NA,NA
"2123","SL_2018SSEO_Dive_32_19-20-48.000.avi","4223","19:23:14","571","798","QC","amy",NA,NA,"2018","32",NA,"Line","Good","Good Going Forward","GGF","GGF","3","AD","Passing","","","","SSEO","69794",NA,NA,NA,NA,NA,NA,NA
"2124","SL_2018SSEO_Dive_32_19-20-48.000.avi","4868","19:23:35","646","610","QC","amy",NA,NA,"2018","32",NA,"Line","Bad","loitering in same area","BLA","BLA","4","AD","Passing","","","","SSEO","69815",NA,NA,NA,NA,NA,NA,NA
"2125","SL_2018SSEO_Dive_32_19-20-48.000.avi","5208","19:23:47","550","576","QC","amy",NA,NA,"2018","32",NA,"Line","Good","Good Going Forward","GGF","GGF","5","AD","Passing","","","","SSEO","69827",NA,NA,NA,NA,NA,NA,NA
"2126","SL_2018SSEO_Dive_32_19-20-48.000.avi","8858","19:25:48","441","566","QC","amy",NA,NA,"2018","32",NA,"Line","Bad","loitering in same area","BLA","BLA","6","AD","Passing","","","","SSEO","69948",NA,NA,NA,NA,NA,NA,NA
"2127","SL_2018SSEO_Dive_32_19-20-48.000.avi","9164","19:25:58","551","799","QC","amy",NA,NA,"2018","32",NA,"Line","Good","Good Going Forward","GGF","GGF","7","AD","Passing","","","","SSEO","69958",NA,NA,NA,NA,NA,NA,NA
"2128","SL_2018SSEO_Dive_32_19-20-48.000.avi","11071","19:27:02","553","792","QC","amy",NA,NA,"2018","32",NA,"Line","Bad","loitering in same area","BLA","BLA","8","AD","Passing","","","","SSEO","70022",NA,NA,NA,NA,NA,NA,NA
"2129","SL_2018SSEO_Dive_32_19-20-48.000.avi","11615","19:27:20","551","799","QC","amy",NA,NA,"2018","32",NA,"Line","Good","Good Going Forward","GGF","GGF","9","AD","Passing","","","19:27:20","SSEO","70040",NA,NA,NA,NA,NA,NA,NA
"2130","SL_2018SSEO_Dive_32_19-20-48.000.avi","16437","19:30:01","594","850","QC","amy",NA,NA,"2018","32",NA,"Line","Bad","loitering in same area","BLA","BLA","10","AD","Passing","","","","SSEO","70201",NA,NA,NA,NA,NA,NA,NA
"2131","SL_2018SSEO_Dive_32_19-20-48.000.avi","16858","19:30:15","422","685","QC","amy",NA,NA,"2018","32",NA,"Line","Good","Good Going Forward","GGF","GGF","11","AD","Passing","","","19:30:15","SSEO","70215",NA,NA,NA,NA,NA,NA,NA
"2132","SL_2018SSEO_Dive_32_19-20-48.000.avi","55165","19:51:32","551","799","QC","amy",NA,NA,"2018","32",NA,"Line","Bad","loitering in same area","BLA","BLA","12","AD","Passing","","","19:51:31","SSEO","71492",NA,NA,NA,NA,NA,NA,NA
"2133","SL_2018SSEO_Dive_32_19-20-48.000.avi","55373","19:51:39","444","545","QC","amy",NA,NA,"2018","32",NA,"Line","Good","Good Going Forward","GGF","GGF","13","AD","Passing","","","","SSEO","71499",NA,NA,NA,NA,NA,NA,NA
"2134","SL_2018SSEO_Dive_32_19-20-48.000.avi","66101","19:57:36","551","799","QC","amy",NA,NA,"2018","32",NA,"Line","Bad","loitering in same area","BLA","BLA","14","AD","Passing","","","19:57:36","SSEO","71856",NA,NA,NA,NA,NA,NA,NA
"2135","SL_2018SSEO_Dive_32_19-20-48.000.avi","66391","19:57:46","491","497","QC","amy",NA,NA,"2018","32",NA,"Line","Good","Good Going Forward","GGF","GGF","15","AD","Passing","","","","SSEO","71866",NA,NA,NA,NA,NA,NA,NA
"2136","SL_2018SSEO_Dive_32_19-20-48.000.avi","73181","20:01:32","524","797","QC","amy",NA,NA,"2018","32",NA,"Line","Bad","loitering in same area","BLA","BLA","16","AD","Passing","","","","SSEO","72092",NA,NA,NA,NA,NA,NA,NA
"2137","SL_2018SSEO_Dive_32_19-20-48.000.avi","73686","20:01:49","547","808","QC","amy",NA,NA,"2018","32",NA,"Line","Good","Good Going Forward","GGF","GGF","17","AD","Passing","","","20:01:49","SSEO","72109",NA,NA,NA,NA,NA,NA,NA
"2138","SL_2018SSEO_Dive_32_19-20-48.000.avi","81989","20:06:26","551","799","QC","amy",NA,NA,"2018","32",NA,"Line","Good","Good Going Forward","GGF","GGF","18","AD","Passing","End","","20:06:26","SSEO","72386",NA,NA,NA,NA,NA,NA,NA
"2139","SL_2018SSEO_Dive_33_20-39-00.000.avi","160","20:39:10","386","640","QC","amy",NA,NA,"2018","33",NA,"Line","Good","Good Going Forward","GGF","GGF","1","AD","Passing","Start","","20:39:10","SSEO","74350",NA,NA,NA,NA,NA,NA,NA
"2140","SL_2018SSEO_Dive_33_20-39-00.000.avi","45986","21:04:38","789","736","QC","amy",NA,NA,"2018","33",NA,"Line","Good","Good Going Forward","GGF","GGF","2","AD","Passing","","can see in belly","21:04:37","SSEO","75878",NA,NA,NA,NA,NA,NA,NA
"2141","SL_2018SSEO_Dive_33_20-39-00.000.avi","47082","21:05:14","732","749","QC","amy",NA,NA,"2018","33",NA,"Line","Good","Good Going Forward","GGF","GGF","3","AD","Passing","","","","SSEO","75914",NA,NA,NA,NA,NA,NA,NA
"2142","SL_2018SSEO_Dive_33_20-39-00.000.avi","83651","21:25:33","425","694","QC","amy",NA,NA,"2018","33",NA,"Line","Good","Good Going Forward","GGF","GGF","4","AD","Passing","End","","21:25:33","SSEO","77133",NA,NA,NA,NA,NA,NA,NA
"2143","SL_2019_EYKT_Dive_01_07-36-31.000.avi","265","7:36:41","570","837","QC","EricaEbert","45","N/A","2019","1","5","Line","Good","Good Going Forward","GGF","GGF","1","AD","Passing","Start","START",NA,"EYKT","27401",NA,NA,NA,NA,NA,NA,NA
"2144","SL_2019_EYKT_Dive_01_07-36-31.000.avi","83182","8:22:45","570","835","QC","EricaEbert","45","N/A","2019","1","5","Line","Good","Good Going Forward","GGF","GGF","1","AD","Passing","End","END",NA,"EYKT","30165",NA,NA,NA,NA,NA,NA,NA
"2145","SL_2019_EYKT_Dive_02_08-45-18.000.avi","178","8:45:30","574","847","QC","EricaEbert","50","N/A","2019","2","6","Line","Good","Good Going Forward","GGF","GGF","1","AD","Passing","Start","START",NA,"EYKT","31530",NA,NA,NA,NA,NA,NA,NA
"2146","SL_2019_EYKT_Dive_02_08-45-18.000.avi","27660","9:00:46","569","846","QC","EricaEbert","50","N/A","2019","2","6","Line","Bad","going over drop-off","BDO","BDO","1","AD","Passing",NA,"",NA,"EYKT","32446",NA,NA,NA,NA,NA,NA,NA
"2147","SL_2019_EYKT_Dive_02_08-45-18.000.avi","27940","9:00:55","523","803","QC","EricaEbert","50","N/A","2019","2","6","Line","Good","Good Going Forward","GGF","GGF","1","AD","Passing",NA,"",NA,"EYKT","32455",NA,NA,NA,NA,NA,NA,NA
"2148","SL_2019_EYKT_Dive_02_08-45-18.000.avi","79400","9:29:31","582","854","QC","EricaEbert","50","N/A","2019","2","6","Line","Good","Good Going Forward","GGF","GGF","1","AD","Passing","End","END",NA,"EYKT","34171",NA,NA,NA,NA,NA,NA,NA
"2149","SL_2019_EYKT_Dive_03_10-05-43.000.avi","247","10:05:53","579","850","QC","EricaEbert","65","N/A","2019","3","7","Line","Good","Good Going Forward","GGF","GGF","1","AD","Passing","Start","START",NA,"EYKT","36353",NA,NA,NA,NA,NA,NA,NA
"2150","SL_2019_EYKT_Dive_03_10-05-43.000.avi","29415","10:22:05","586","858","QC","EricaEbert","65","N/A","2019","3","7","Line","Bad","loitering in same area","BLA","BLA","1","AD","Passing",NA,"",NA,"EYKT","37325",NA,NA,NA,NA,NA,NA,NA
"2151","SL_2019_EYKT_Dive_03_10-05-43.000.avi","29611","10:22:12","548","820","QC","EricaEbert","65","N/A","2019","3","7","Line","Good","Good Going Forward","GGF","GGF","1","AD","Passing",NA,"",NA,"EYKT","37332",NA,NA,NA,NA,NA,NA,NA
"2152","SL_2019_EYKT_Dive_03_10-05-43.000.avi","77494","10:48:48","573","770","QC","EricaEbert","65","N/A","2019","3","7","Line","Good","Good Going Forward","GGF","GGF","1","AD","Passing","End","END",NA,"EYKT","38928",NA,NA,NA,NA,NA,NA,NA
"2153","SL_2019_EYKT_Dive_04_11-21-19.000.avi","134","11:21:29","563","834","QC","EricaEbert","45","N/A","2019","4","8","Line","Good","Good Going Forward","GGF","GGF","1","AD","Passing","Start","START",NA,"EYKT","40889",NA,NA,NA,NA,NA,NA,NA
"2154","SL_2019_EYKT_Dive_04_11-21-19.000.avi","47034","11:47:33","579","850","QC","EricaEbert","45","N/A","2019","4","8","Line","Bad","loitering in same area","BLA","BLA","1","AD","Passing",NA,"",NA,"EYKT","42453",NA,NA,NA,NA,NA,NA,NA
"2155","SL_2019_EYKT_Dive_04_11-21-19.000.avi","47306","11:47:42","582","855","QC","EricaEbert","45","N/A","2019","4","8","Line","Good","Good Going Forward","GGF","GGF","1","AD","Passing",NA,"",NA,"EYKT","42462",NA,NA,NA,NA,NA,NA,NA
"2156","SL_2019_EYKT_Dive_04_11-21-19.000.avi","72459","12:01:40","586","851","QC","EricaEbert","45","N/A","2019","4","8","Line","Good","Good Going Forward","GGF","GGF","1","AD","Passing","End","END",NA,"EYKT","43300",NA,NA,NA,NA,NA,NA,NA
"2157","SL_2019_EYKT_Dive_05_12-55-58.000.avi","182","12:56:16","571","841","QC","EricaEbert","80","N/A","2019","5","9","Line","Good","Good Going Forward","GGF","GGF","1","AD","Passing","Start","START",NA,"EYKT","46576",NA,NA,NA,NA,NA,NA,NA
"2158","SL_2019_EYKT_Dive_05_12-55-58.000.avi","5723","12:59:21","586","851","QC","EricaEbert","80","N/A","2019","5","9","Line","Bad","poor visibility","BPV","BPV","1","AD","Passing",NA,"",NA,"EYKT","46761",NA,NA,NA,NA,NA,NA,NA
"2159","SL_2019_EYKT_Dive_05_12-55-58.000.avi","6955","13:00:02","596","854","QC","EricaEbert","80","N/A","2019","5","9","Line","Good","Good Going Forward","GGF","GGF","1","AD","Passing",NA,"",NA,"EYKT","46802",NA,NA,NA,NA,NA,NA,NA
"2160","SL_2019_EYKT_Dive_05_12-55-58.000.avi","8478","13:00:53","588","848","QC","EricaEbert","80","N/A","2019","5","9","Line","Bad","loitering in same area","BLA","BLA","1","AD","Passing",NA,"",NA,"EYKT","46853",NA,NA,NA,NA,NA,NA,NA
"2161","SL_2019_EYKT_Dive_05_12-55-58.000.avi","8689","13:01:00","588","859","QC","EricaEbert","80","N/A","2019","5","9","Line","Good","Good Going Forward","GGF","GGF","1","AD","Passing",NA,"",NA,"EYKT","46860",NA,NA,NA,NA,NA,NA,NA
"2162","SL_2019_EYKT_Dive_05_12-55-58.000.avi","57956","13:28:22","582","838","QC","EricaEbert","80","N/A","2019","5","9","Line","Bad","poor visibility","BPV","BPV","1","AD","Passing",NA,"",NA,"EYKT","48502",NA,NA,NA,NA,NA,NA,NA
"2163","SL_2019_EYKT_Dive_05_12-55-58.000.avi","58455","13:28:38","578","846","QC","EricaEbert","80","N/A","2019","5","9","Line","Good","Good Going Forward","GGF","GGF","1","AD","Passing",NA,"",NA,"EYKT","48518",NA,NA,NA,NA,NA,NA,NA
"2164","SL_2019_EYKT_Dive_05_12-55-58.000.avi","62364","13:30:49","576","834","QC","EricaEbert","80","N/A","2019","5","9","Line","Bad","poor visibility","BPV","BPV","1","AD","Passing",NA,"",NA,"EYKT","48649",NA,NA,NA,NA,NA,NA,NA
"2165","SL_2019_EYKT_Dive_05_12-55-58.000.avi","62579","13:30:56","561","839","QC","EricaEbert","80","N/A","2019","5","9","Line","Good","Good Going Forward","GGF","GGF","1","AD","Passing",NA,"",NA,"EYKT","48656",NA,NA,NA,NA,NA,NA,NA
"2166","SL_2019_EYKT_Dive_05_12-55-58.000.avi","67705","13:33:47","582","850","QC","EricaEbert","80","N/A","2019","5","9","Line","Good","Good Going Forward","GGF","GGF","1","AD","Passing","End","END",NA,"EYKT","48827",NA,NA,NA,NA,NA,NA,NA
"2167","SL_2019_EYKT_Dive_06_14-03-14.000.avi","170","14:03:22","584","850","QC","EricaEbert","60","N/A","2019","6","10","Line","Good","Good Going Forward","GGF","GGF","1","AD","Passing","Start","START",NA,"EYKT","50602",NA,NA,NA,NA,NA,NA,NA
"2168","SL_2019_EYKT_Dive_06_14-03-14.000.avi","70341","14:42:21","586","846","QC","EricaEbert","60","N/A","2019","6","10","Line","Good","Good Going Forward","GGF","GGF","1","AD","Passing","End","END",NA,"EYKT","52941",NA,NA,NA,NA,NA,NA,NA
"2169","SL_2019_EYKT_Dive_07_15-41-45.000.avi","131","15:41:50","592","859","QC","EricaEbert","98","N/A","2019","7","6","Line","Good","Good Going Forward","GGF","GGF","1","AD","Passing","Start","START",NA,"EYKT","56510",NA,NA,NA,NA,NA,NA,NA
"2170","SL_2019_EYKT_Dive_07_15-41-45.000.avi","69494","16:20:22","580","847","QC","EricaEbert","98","N/A","2019","7","6","Line","Good","Good Going Forward","GGF","GGF","1","AD","Passing","End","END",NA,"EYKT","58822",NA,NA,NA,NA,NA,NA,NA
"2171","SL_2019_EYKT_Dive_08_16-52-49.000.avi","1396","16:53:40","571","839","QC","EricaEbert","90","N/A","2019","8","12","Line","Good","Good Going Forward","GGF","GGF","1","AD","Passing","Start","START",NA,"EYKT","60820",NA,NA,NA,NA,NA,NA,NA
"2172","SL_2019_EYKT_Dive_08_16-52-49.000.avi","69416","17:31:27","575","839","QC","EricaEbert","90","N/A","2019","8","12","Line","Good","Good Going Forward","GGF","GGF","1","AD","Passing","End","END",NA,"EYKT","63087",NA,NA,NA,NA,NA,NA,NA
"2173","SL_2019_EYKT_Dive_09_18-08-56.000.avi","349","18:09:13","579","847","QC","EricaEbert","110","N/A","2019","9","13","Line","Good","Good Going Forward","GGF","GGF","1","AD","Passing","Start","START",NA,"EYKT","65353",NA,NA,NA,NA,NA,NA,NA
"2174","SL_2019_EYKT_Dive_09_18-08-56.000.avi","43317","18:33:05","575","844","QC","EricaEbert","110","N/A","2019","9","13","Line","Bad","loitering in same area","BLA","BLA","1","AD","Passing",NA,"",NA,"EYKT","66785",NA,NA,NA,NA,NA,NA,NA
"2175","SL_2019_EYKT_Dive_09_18-08-56.000.avi","44153","18:33:33","580","852","QC","EricaEbert","110","N/A","2019","9","13","Line","Good","Good Going Forward","GGF","GGF","1","AD","Passing",NA,"",NA,"EYKT","66813",NA,NA,NA,NA,NA,NA,NA
"2176","SL_2019_EYKT_Dive_09_18-08-56.000.avi","56837","18:40:36","571","834","QC","EricaEbert","110","N/A","2019","9","13","Line","Bad","going over drop-off","BDO","BDO","1","AD","Passing",NA,"",NA,"EYKT","67236",NA,NA,NA,NA,NA,NA,NA
"2177","SL_2019_EYKT_Dive_09_18-08-56.000.avi","57306","18:40:51","571","843","QC","EricaEbert","110","N/A","2019","9","13","Line","Good","Good Going Forward","GGF","GGF","1","AD","Passing",NA,"",NA,"EYKT","67251",NA,NA,NA,NA,NA,NA,NA
"2178","SL_2019_EYKT_Dive_09_18-08-56.000.avi","67085","18:46:17","578","848","QC","EricaEbert","110","N/A","2019","9","13","Line","Good","Good Going Forward","GGF","GGF","1","AD","Passing","End","END",NA,"EYKT","67577",NA,NA,NA,NA,NA,NA,NA
"2179","SL_2019_EYKT_Dive_10_07-12-26.000.avi","481","7:12:50","591","856","QC","EricaEbert","125","N/A","2019","10","14","Line","Good","Good Going Forward","GGF","GGF","1","AD","Passing","Start","START",NA,"EYKT","25970",NA,NA,NA,NA,NA,NA,NA
"2180","SL_2019_EYKT_Dive_10_07-12-26.000.avi","51410","7:41:08","591","851","QC","EricaEbert","125","N/A","2019","10","14","Line","Good","Good Going Forward","GGF","GGF","1","AD","Passing","End","END",NA,"EYKT","27668",NA,NA,NA,NA,NA,NA,NA
"2181","SL_2019_EYKT_Dive_11_08-19-39.000.avi","148","8:19:59","582","851","QC","EricaEbert","60","N/A","2019","11","15","Line","Good","Good Going Forward","GGF","GGF","1","AD","Passing","Start","START",NA,"EYKT","29999",NA,NA,NA,NA,NA,NA,NA
"2182","SL_2019_EYKT_Dive_11_08-19-39.000.avi","63120","8:54:58","588","854","QC","EricaEbert","60","N/A","2019","11","15","Line","Good","Good Going Forward","GGF","GGF","1","AD","Passing","End","END",NA,"EYKT","32098",NA,NA,NA,NA,NA,NA,NA
"2183","SL_2019_EYKT_Dive_12_09-27-40.000.avi","872","9:28:11","590","854","QC","EricaEbert","60","N/A","2019","12","16","Line","Good","Good Going Forward","GGF","GGF","1","AD","Passing","Start","START",NA,"EYKT","34091",NA,NA,NA,NA,NA,NA,NA
"2184","SL_2019_EYKT_Dive_12_09-27-40.000.avi","16316","9:36:46","575","843","QC","EricaEbert","60","N/A","2019","12","16","Line","Bad","loitering in same area","BLA","BLA","1","AD","Passing",NA,"",NA,"EYKT","34606",NA,NA,NA,NA,NA,NA,NA
"2185","SL_2019_EYKT_Dive_12_09-27-40.000.avi","16594","9:36:55","588","855","QC","EricaEbert","60","N/A","2019","12","16","Line","Good","Good Going Forward","GGF","GGF","1","AD","Passing",NA,"",NA,"EYKT","34615",NA,NA,NA,NA,NA,NA,NA
"2186","SL_2019_EYKT_Dive_12_09-27-40.000.avi","37367","9:48:28","515","756","QC","EricaEbert","60","N/A","2019","12","16","Line","Bad","repositioned","BRP","BRP","1","AD","Passing",NA,"",NA,"EYKT","35308",NA,NA,NA,NA,NA,NA,NA
"2187","SL_2019_EYKT_Dive_12_09-27-40.000.avi","37538","9:48:33","567","827","QC","EricaEbert","60","N/A","2019","12","16","Line","Good","Good Going Forward","GGF","GGF","1","AD","Passing",NA,"",NA,"EYKT","35313",NA,NA,NA,NA,NA,NA,NA
"2188","SL_2019_EYKT_Dive_12_09-27-40.000.avi","37892","9:48:45","570","841","QC","EricaEbert","60","N/A","2019","12","16","Line","Bad","loitering in same area","BLA","BLA","1","AD","Passing",NA,"",NA,"EYKT","35325",NA,NA,NA,NA,NA,NA,NA
"2189","SL_2019_EYKT_Dive_12_09-27-40.000.avi","38183","9:48:55","567","839","QC","EricaEbert","60","N/A","2019","12","16","Line","Good","Good Going Forward","GGF","GGF","1","AD","Passing",NA,"",NA,"EYKT","35335",NA,NA,NA,NA,NA,NA,NA
"2190","SL_2019_EYKT_Dive_12_09-27-40.000.avi","38329","9:49:00","576","847","QC","EricaEbert","60","N/A","2019","12","16","Line","Bad","loitering in same area","BLA","BLA","1","AD","Passing",NA,"",NA,"EYKT","35340",NA,NA,NA,NA,NA,NA,NA
"2191","SL_2019_EYKT_Dive_12_09-27-40.000.avi","38658","9:49:11","570","837","QC","EricaEbert","60","N/A","2019","12","16","Line","Good","Good Going Forward","GGF","GGF","1","AD","Passing",NA,"",NA,"EYKT","35351",NA,NA,NA,NA,NA,NA,NA
"2192","SL_2019_EYKT_Dive_12_09-27-40.000.avi","48310","9:54:32","573","839","QC","EricaEbert","60","N/A","2019","12","16","Line","Bad","poor visibility","BPV","BPV","1","AD","Passing",NA,"",NA,"EYKT","35672",NA,NA,NA,NA,NA,NA,NA
"2193","SL_2019_EYKT_Dive_12_09-27-40.000.avi","49207","9:55:02","574","843","QC","EricaEbert","60","N/A","2019","12","16","Line","Good","Good Going Forward","GGF","GGF","1","AD","Passing",NA,"",NA,"EYKT","35702",NA,NA,NA,NA,NA,NA,NA
"2194","SL_2019_EYKT_Dive_12_09-27-40.000.avi","59489","10:00:45","574","843","QC","EricaEbert","60","N/A","2019","12","16","Line","Bad","loitering in same area","BLA","BLA","1","AD","Passing",NA,"",NA,"EYKT","36045",NA,NA,NA,NA,NA,NA,NA
"2195","SL_2019_EYKT_Dive_12_09-27-40.000.avi","59764","10:00:54","587","851","QC","EricaEbert","60","N/A","2019","12","16","Line","Good","Good Going Forward","GGF","GGF","1","AD","Passing",NA,"",NA,"EYKT","36054",NA,NA,NA,NA,NA,NA,NA
"2196","SL_2019_EYKT_Dive_12_09-27-40.000.avi","71178","10:07:15","583","850","QC","EricaEbert","60","N/A","2019","12","16","Line","Good","Good Going Forward","GGF","GGF","1","AD","Passing","End","END",NA,"EYKT","36435",NA,NA,NA,NA,NA,NA,NA
"2197","SL_2019_EYKT_Dive_13_10-39-23.000.avi","536","10:39:44","580","841","QC","EricaEbert","60","N/A","2019","13","17","Line","Good","Good Going Forward","GGF","GGF","1","AD","Passing","Start","START",NA,"EYKT","38384",NA,NA,NA,NA,NA,NA,NA
"2198","SL_2019_EYKT_Dive_13_10-39-23.000.avi","3639","10:41:27","580","838","QC","EricaEbert","60","N/A","2019","13","17","Line","Bad","loitering in same area","BLA","BLA","1","AD","Passing",NA,"",NA,"EYKT","38487",NA,NA,NA,NA,NA,NA,NA
"2199","SL_2019_EYKT_Dive_13_10-39-23.000.avi","3916","10:41:37","576","842","QC","EricaEbert","60","N/A","2019","13","17","Line","Good","Good Going Forward","GGF","GGF","1","AD","Passing",NA,"",NA,"EYKT","38497",NA,NA,NA,NA,NA,NA,NA
"2200","SL_2019_EYKT_Dive_13_10-39-23.000.avi","7553","10:43:38","576","835","QC","EricaEbert","60","N/A","2019","13","17","Line","Bad","loitering in same area","BLA","BLA","1","AD","Passing",NA,"",NA,"EYKT","38618",NA,NA,NA,NA,NA,NA,NA
"2201","SL_2019_EYKT_Dive_13_10-39-23.000.avi","8027","10:43:54","580","846","QC","EricaEbert","60","N/A","2019","13","17","Line","Good","Good Going Forward","GGF","GGF","1","AD","Passing",NA,"",NA,"EYKT","38634",NA,NA,NA,NA,NA,NA,NA
"2202","SL_2019_EYKT_Dive_13_10-39-23.000.avi","68387","11:17:26","583","846","QC","EricaEbert","60","N/A","2019","13","17","Line","Good","Good Going Forward","GGF","GGF","1","AD","Passing","End","END",NA,"EYKT","40646",NA,NA,NA,NA,NA,NA,NA
"2203","SL_2019_EYKT_Dive_14_13-20-25.000.avi","133","13:20:36","612","873","QC","EricaEbert","85","N/A","2019","14","1","Line","Good","Good Going Forward","GGF","GGF","1","AD","Passing","Start","START",NA,"EYKT","48036",NA,NA,NA,NA,NA,NA,NA
"2204","SL_2019_EYKT_Dive_14_13-20-25.000.avi","23827","13:33:46","588","851","QC","EricaEbert","85","N/A","2019","14","1","Line","Bad","loitering in same area","BLA","BLA","1","AD","Passing",NA,"",NA,"EYKT","48826",NA,NA,NA,NA,NA,NA,NA
"2205","SL_2019_EYKT_Dive_14_13-20-25.000.avi","24418","13:34:06","596","860","QC","EricaEbert","85","N/A","2019","14","1","Line","Good","Good Going Forward","GGF","GGF","1","AD","Passing",NA,"",NA,"EYKT","48846",NA,NA,NA,NA,NA,NA,NA
"2206","SL_2019_EYKT_Dive_14_13-20-25.000.avi","64181","13:56:11","584","851","QC","EricaEbert","85","N/A","2019","14","1","Line","Good","Good Going Forward","GGF","GGF","1","AD","Passing","End","END",NA,"EYKT","50171",NA,NA,NA,NA,NA,NA,NA
"2207","SL_2019_EYKT_Dive_15_14-25-35.000.avi","149","14:25:42","587","852","QC","EricaEbert","75","N/A","2019","15","4","Line","Good","Good Going Forward","GGF","GGF","1","AD","Passing","Start","START",NA,"EYKT","51942",NA,NA,NA,NA,NA,NA,NA
"2208","SL_2019_EYKT_Dive_15_14-25-35.000.avi","49656","14:53:12","587","852","QC","EricaEbert","75","N/A","2019","15","4","Line","Good","Good Going Forward","GGF","GGF","1","AD","Passing","End","END",NA,"EYKT","53592",NA,NA,NA,NA,NA,NA,NA
"2209","SL_2019_EYKT_Dive_16_15-38-57.000.avi","103","39:17.4","624","886","QC","EricaEbert","85","N/A","2019","16","2","Line","Good","Good Going Forward","GGF","GGF","1","AD","Passing","Start","START",NA,"EYKT","2357",NA,NA,NA,NA,NA,NA,NA
"2210","SL_2019_EYKT_Dive_16_15-38-57.000.avi","16842","48:35.4","614","875","QC","EricaEbert","85","N/A","2019","16","2","Line","Bad","loitering in same area","BLA","BLA","1","AD","Passing",NA,"",NA,"EYKT","2915",NA,NA,NA,NA,NA,NA,NA
"2211","SL_2019_EYKT_Dive_16_15-38-57.000.avi","17038","48:41.9","601","864","QC","EricaEbert","85","N/A","2019","16","2","Line","Good","Good Going Forward","GGF","GGF","1","AD","Passing",NA,"",NA,"EYKT","2922",NA,NA,NA,NA,NA,NA,NA
"2212","SL_2019_EYKT_Dive_16_15-38-57.000.avi","29059","55:22.6","584","854","QC","EricaEbert","85","N/A","2019","16","2","Line","Bad","poor visibility","BPV","BPV","1","AD","Passing",NA,"",NA,"EYKT","3323",NA,NA,NA,NA,NA,NA,NA
"2213","SL_2019_EYKT_Dive_16_15-38-57.000.avi","29221","55:28.0","599","859","QC","EricaEbert","85","N/A","2019","16","2","Line","Good","Good Going Forward","GGF","GGF","1","AD","Passing",NA,"",NA,"EYKT","3328",NA,NA,NA,NA,NA,NA,NA
"2214","SL_2019_EYKT_Dive_16_15-38-57.000.avi","45260","04:22.6","588","855","QC","EricaEbert","85","N/A","2019","16","2","Line","Bad","loitering in same area","BLA","BLA","1","AD","Passing",NA,"",NA,"EYKT","263",NA,NA,NA,NA,NA,NA,NA
"2215","SL_2019_EYKT_Dive_16_15-38-57.000.avi","45731","04:38.3","590","855","QC","EricaEbert","85","N/A","2019","16","2","Line","Good","Good Going Forward","GGF","GGF","1","AD","Passing",NA,"",NA,"EYKT","278",NA,NA,NA,NA,NA,NA,NA
"2216","SL_2019_EYKT_Dive_16_15-38-57.000.avi","70887","18:36.9","608","873","QC","EricaEbert","85","N/A","2019","16","2","Line","Good","Good Going Forward","GGF","GGF","1","AD","Passing","End","END",NA,"EYKT","1117",NA,NA,NA,NA,NA,NA,NA
"2217","SL_2019_EYKT_Dive_17_16-48-44.000.avi","229","16:49:12","590","852","QC","EricaEbert","80","N/A","2019","17","3","Line","Good","Good Going Forward","GGF","GGF","1","AD","Passing","Start","START",NA,"EYKT","60552",NA,NA,NA,NA,NA,NA,NA
"2218","SL_2019_EYKT_Dive_17_16-48-44.000.avi","12990","16:56:17","580","854","QC","EricaEbert","80","N/A","2019","17","3","Line","Bad","loitering in same area","BLA","BLA","1","AD","Passing",NA,"",NA,"EYKT","60977",NA,NA,NA,NA,NA,NA,NA
"2219","SL_2019_EYKT_Dive_17_16-48-44.000.avi","13205","16:56:24","591","852","QC","EricaEbert","80","N/A","2019","17","3","Line","Good","Good Going Forward","GGF","GGF","1","AD","Passing",NA,"",NA,"EYKT","60984",NA,NA,NA,NA,NA,NA,NA
"2220","SL_2019_EYKT_Dive_17_16-48-44.000.avi","21591","17:01:04","575","848","QC","EricaEbert","80","N/A","2019","17","3","Line","Bad","loitering in same area","BLA","BLA","1","AD","Passing",NA,"",NA,"EYKT","61264",NA,NA,NA,NA,NA,NA,NA
"2221","SL_2019_EYKT_Dive_17_16-48-44.000.avi","21890","17:01:14","597","864","QC","EricaEbert","80","N/A","2019","17","3","Line","Good","Good Going Forward","GGF","GGF","1","AD","Passing",NA,"",NA,"EYKT","61274",NA,NA,NA,NA,NA,NA,NA
"2222","SL_2019_EYKT_Dive_17_16-48-44.000.avi","22194","17:01:24","571","841","QC","EricaEbert","80","N/A","2019","17","3","Line","Bad","loitering in same area","BLA","BLA","1","AD","Passing",NA,"",NA,"EYKT","61284",NA,NA,NA,NA,NA,NA,NA
"2223","SL_2019_EYKT_Dive_17_16-48-44.000.avi","22551","17:01:36","588","852","QC","EricaEbert","80","N/A","2019","17","3","Line","Good","Good Going Forward","GGF","GGF","1","AD","Passing",NA,"",NA,"EYKT","61296",NA,NA,NA,NA,NA,NA,NA
"2224","SL_2019_EYKT_Dive_17_16-48-44.000.avi","52016","17:17:58","590","855","QC","EricaEbert","80","N/A","2019","17","3","Line","Good","Good Going Forward","GGF","GGF","1","AD","Passing","End","END",NA,"EYKT","62278",NA,NA,NA,NA,NA,NA,NA
"2225","SL_2019_EYKT_Dive_18_07-02-08.000.avi","223","7:02:18","592","848","QC","EricaEbert","60","N/A","2019","18","18","Line","Good","Good Going Forward","GGF","GGF","1","AD","Passing","Start","START",NA,"EYKT","25338",NA,NA,NA,NA,NA,NA,NA
"2226","SL_2019_EYKT_Dive_18_07-02-08.000.avi","24879","7:16:00","576","826","QC","EricaEbert","60","N/A","2019","18","18","Line","Bad","poor visibility","BPV","BPV","1","AD","Passing",NA,"",NA,"EYKT","26160",NA,NA,NA,NA,NA,NA,NA
"2227","SL_2019_EYKT_Dive_18_07-02-08.000.avi","25205","7:16:11","584","846","QC","EricaEbert","60","N/A","2019","18","18","Line","Good","Good Going Forward","GGF","GGF","1","AD","Passing",NA,"",NA,"EYKT","26171",NA,NA,NA,NA,NA,NA,NA
"2228","SL_2019_EYKT_Dive_18_07-02-08.000.avi","54783","7:32:37","576","835","QC","EricaEbert","60","N/A","2019","18","18","Line","Bad","loitering in same area","BLA","BLA","1","AD","Passing",NA,"",NA,"EYKT","27157",NA,NA,NA,NA,NA,NA,NA
"2229","SL_2019_EYKT_Dive_18_07-02-08.000.avi","55170","7:32:50","590","848","QC","EricaEbert","60","N/A","2019","18","18","Line","Good","Good Going Forward","GGF","GGF","1","AD","Passing",NA,"",NA,"EYKT","27170",NA,NA,NA,NA,NA,NA,NA
"2230","SL_2019_EYKT_Dive_18_07-02-08.000.avi","62939","7:37:09","591","855","QC","EricaEbert","60","N/A","2019","18","18","Line","Good","Good Going Forward","GGF","GGF","1","AD","Passing","End","END",NA,"EYKT","27429",NA,NA,NA,NA,NA,NA,NA
"2231","SL_2019_EYKT_Dive_19_08-20-26.000.avi","1441","8:21:15","586","848","QC","EricaEbert","80","N/A","2019","19","21","Line","Good","Good Going Forward","GGF","GGF","1","AD","Passing","Start","START",NA,"EYKT","30075",NA,NA,NA,NA,NA,NA,NA
"2232","SL_2019_EYKT_Dive_19_08-20-26.000.avi","52104","8:49:24","588","844","QC","EricaEbert","80","N/A","2019","19","21","Line","Bad","resting on bottom","BRB","BRB","1","AD","Passing",NA,"",NA,"EYKT","31764",NA,NA,NA,NA,NA,NA,NA
"2233","SL_2019_EYKT_Dive_19_08-20-26.000.avi","52740","8:49:45","617","869","QC","EricaEbert","80","N/A","2019","19","21","Line","Good","Good Going Forward","GGF","GGF","1","AD","Passing",NA,"",NA,"EYKT","31785",NA,NA,NA,NA,NA,NA,NA
"2234","SL_2019_EYKT_Dive_19_08-20-26.000.avi","74188","9:01:40","582","843","QC","EricaEbert","80","N/A","2019","19","21","Line","Good","Good Going Forward","GGF","GGF","1","AD","Passing","End","END",NA,"EYKT","32500",NA,NA,NA,NA,NA,NA,NA
"2235","SL_2019_EYKT_Dive_20_09-30-58.000.avi","150","9:31:04","603","852","QC","EricaEbert","80","N/A","2019","20","22","Line","Good","Good Going Forward","GGF","GGF","1","AD","Passing","Start","START",NA,"EYKT","34264",NA,NA,NA,NA,NA,NA,NA
"2236","SL_2019_EYKT_Dive_20_09-30-58.000.avi","21144","9:42:44","603","856","QC","EricaEbert","80","N/A","2019","20","22","Line","Bad","going over drop-off","BDO","BDO","1","AD","Passing",NA,"",NA,"EYKT","34964",NA,NA,NA,NA,NA,NA,NA
"2237","SL_2019_EYKT_Dive_20_09-30-58.000.avi","21674","9:43:01","591","839","QC","EricaEbert","80","N/A","2019","20","22","Line","Good","Good Going Forward","GGF","GGF","1","AD","Passing",NA,"",NA,"EYKT","34981",NA,NA,NA,NA,NA,NA,NA
"2238","SL_2019_EYKT_Dive_20_09-30-58.000.avi","61890","10:05:22","595","848","QC","EricaEbert","80","N/A","2019","20","22","Line","Good","resting on bottom with close-up image","GRBC","GRBC","1","AD","Passing",NA,"",NA,"EYKT","36322",NA,NA,NA,NA,NA,NA,NA
"2239","SL_2019_EYKT_Dive_20_09-30-58.000.avi","62248","10:05:34","593","843","QC","EricaEbert","80","N/A","2019","20","22","Line","Good","Good Going Forward","GGF","GGF","1","AD","Passing",NA,"",NA,"EYKT","36334",NA,NA,NA,NA,NA,NA,NA
"2240","SL_2019_EYKT_Dive_20_09-30-58.000.avi","64823","10:07:00","593","846","QC","EricaEbert","80","N/A","2019","20","22","Line","Good","Good Going Forward","GGF","GGF","1","AD","Passing","End","END",NA,"EYKT","36420",NA,NA,NA,NA,NA,NA,NA
"2241","SL_2019_EYKT_Dive_21_10-52-22.000.avi","205","10:52:47","613","869","QC","EricaEbert","105","N/A","2019","21","25","Line","Good","Good Going Forward","GGF","GGF","1","AD","Passing","Start","START",NA,"EYKT","39167",NA,NA,NA,NA,NA,NA,NA
"2242","SL_2019_EYKT_Dive_21_10-52-22.000.avi","46947","11:18:45","608","856","QC","EricaEbert","105","N/A","2019","21","25","Line","Bad","loitering in same area","BLA","BLA","1","AD","Passing",NA,"",NA,"EYKT","40725",NA,NA,NA,NA,NA,NA,NA
"2243","SL_2019_EYKT_Dive_21_10-52-22.000.avi","47669","11:19:09","607","865","QC","EricaEbert","105","N/A","2019","21","25","Line","Good","Good Going Forward","GGF","GGF","1","AD","Passing",NA,"",NA,"EYKT","40749",NA,NA,NA,NA,NA,NA,NA
"2244","SL_2019_EYKT_Dive_21_10-52-22.000.avi","55533","11:23:31","601","858","QC","EricaEbert","105","N/A","2019","21","25","Line","Good","Good Going Forward","GGF","GGF","1","AD","Passing","End","END",NA,"EYKT","41011",NA,NA,NA,NA,NA,NA,NA
"2245","SL_2019_EYKT_Dive_22_12-01-20.000.avi","104","12:01:27","637","893","QC","EricaEbert","115","N/A","2019","22","26","Line","Good","Good Going Forward","GGF","GGF","1","AD","Passing","Start","START",NA,"EYKT","43287",NA,NA,NA,NA,NA,NA,NA
"2246","SL_2019_EYKT_Dive_22_12-01-20.000.avi","21112","12:13:08","604","860","QC","EricaEbert","115","N/A","2019","22","26","Line","Bad","loitering in same area","BLA","BLA","1","AD","Passing",NA,"",NA,"EYKT","43988",NA,NA,NA,NA,NA,NA,NA
"2247","SL_2019_EYKT_Dive_22_12-01-20.000.avi","21354","12:13:16","596","848","QC","EricaEbert","115","N/A","2019","22","26","Line","Good","Good Going Forward","GGF","GGF","1","AD","Passing",NA,"",NA,"EYKT","43996",NA,NA,NA,NA,NA,NA,NA
"2248","SL_2019_EYKT_Dive_22_12-01-20.000.avi","34916","12:20:48","590","839","QC","EricaEbert","115","N/A","2019","22","26","Line","Bad","poor visibility","BPV","BPV","1","AD","Passing",NA,"",NA,"EYKT","44448",NA,NA,NA,NA,NA,NA,NA
"2249","SL_2019_EYKT_Dive_22_12-01-20.000.avi","35830","12:21:18","588","846","QC","EricaEbert","115","N/A","2019","22","26","Line","Good","Good Going Forward","GGF","GGF","1","AD","Passing",NA,"",NA,"EYKT","44478",NA,NA,NA,NA,NA,NA,NA
"2250","SL_2019_EYKT_Dive_22_12-01-20.000.avi","37696","12:22:21","604","861","QC","EricaEbert","115","N/A","2019","22","26","Line","Bad","poor visibility","BPV","BPV","1","AD","Passing",NA,"",NA,"EYKT","44541",NA,NA,NA,NA,NA,NA,NA
"2251","SL_2019_EYKT_Dive_22_12-01-20.000.avi","37870","12:22:26","592","848","QC","EricaEbert","115","N/A","2019","22","26","Line","Good","Good Going Forward","GGF","GGF","1","AD","Passing",NA,"",NA,"EYKT","44546",NA,NA,NA,NA,NA,NA,NA
"2252","SL_2019_EYKT_Dive_22_12-01-20.000.avi","47017","12:27:31","601","852","QC","EricaEbert","115","N/A","2019","22","26","Line","Bad","poor visibility","BPV","BPV","1","AD","Passing",NA,"",NA,"EYKT","44851",NA,NA,NA,NA,NA,NA,NA
"2253","SL_2019_EYKT_Dive_22_12-01-20.000.avi","47326","12:27:41","587","838","QC","EricaEbert","115","N/A","2019","22","26","Line","Good","Good Going Forward","GGF","GGF","1","AD","Passing",NA,"",NA,"EYKT","44861",NA,NA,NA,NA,NA,NA,NA
"2254","SL_2019_EYKT_Dive_22_12-01-20.000.avi","55833","12:32:25","580","848","QC","EricaEbert","115","N/A","2019","22","26","Line","Bad","poor visibility","BPV","BPV","1","AD","Passing",NA,"",NA,"EYKT","45145",NA,NA,NA,NA,NA,NA,NA
"2255","SL_2019_EYKT_Dive_22_12-01-20.000.avi","56136","12:32:35","583","846","QC","EricaEbert","115","N/A","2019","22","26","Line","Good","Good Going Forward","GGF","GGF","1","AD","Passing",NA,"",NA,"EYKT","45155",NA,NA,NA,NA,NA,NA,NA
"2256","SL_2019_EYKT_Dive_22_12-01-20.000.avi","57343","12:33:15","567","812","QC","EricaEbert","115","N/A","2019","22","26","Line","Bad","going over drop-off","BDO","BDO","1","AD","Passing",NA,"",NA,"EYKT","45195",NA,NA,NA,NA,NA,NA,NA
"2257","SL_2019_EYKT_Dive_22_12-01-20.000.avi","57922","12:33:35","574","829","QC","EricaEbert","115","N/A","2019","22","26","Line","Good","Good Going Forward","GGF","GGF","1","AD","Passing",NA,"",NA,"EYKT","45215",NA,NA,NA,NA,NA,NA,NA
"2258","SL_2019_EYKT_Dive_22_12-01-20.000.avi","61151","12:35:22","614","856","QC","EricaEbert","115","N/A","2019","22","26","Line","Good","Good Going Forward","GGF","GGF","1","AD","Passing","End","END",NA,"EYKT","45322",NA,NA,NA,NA,NA,NA,NA
"2259","SL_2019_EYKT_Dive_23_13-18-22.000.avi","193","13:18:31","586","846","QC","EricaEbert","100","N/A","2019","23","27","Line","Good","Good Going Forward","GGF","GGF","1","AD","Passing","Start","START",NA,"EYKT","47911",NA,NA,NA,NA,NA,NA,NA
"2260","SL_2019_EYKT_Dive_23_13-18-22.000.avi","2106","13:19:35","567","827","QC","EricaEbert","100","N/A","2019","23","27","Line","Bad","poor visibility","BPV","BPV","1","AD","Passing",NA,"",NA,"EYKT","47975",NA,NA,NA,NA,NA,NA,NA
"2261","SL_2019_EYKT_Dive_23_13-18-22.000.avi","2954","13:20:03","584","842","QC","EricaEbert","100","N/A","2019","23","27","Line","Good","Good Going Forward","GGF","GGF","1","AD","Passing",NA,"",NA,"EYKT","48003",NA,NA,NA,NA,NA,NA,NA
"2262","SL_2019_EYKT_Dive_23_13-18-22.000.avi","10804","13:24:25","597","843","QC","EricaEbert","100","N/A","2019","23","27","Line","Bad","poor visibility","BPV","BPV","1","AD","Passing",NA,"",NA,"EYKT","48265",NA,NA,NA,NA,NA,NA,NA
"2263","SL_2019_EYKT_Dive_23_13-18-22.000.avi","11222","13:24:39","599","851","QC","EricaEbert","100","N/A","2019","23","27","Line","Good","Good Going Forward","GGF","GGF","1","AD","Passing",NA,"",NA,"EYKT","48279",NA,NA,NA,NA,NA,NA,NA
"2264","SL_2019_EYKT_Dive_23_13-18-22.000.avi","18133","13:28:29","557","826","QC","EricaEbert","100","N/A","2019","23","27","Line","Bad","going over drop-off","BDO","BDO","1","AD","Passing",NA,"",NA,"EYKT","48509",NA,NA,NA,NA,NA,NA,NA
"2265","SL_2019_EYKT_Dive_23_13-18-22.000.avi","18923","13:28:56","570","833","QC","EricaEbert","100","N/A","2019","23","27","Line","Good","Good Going Forward","GGF","GGF","1","AD","Passing",NA,"",NA,"EYKT","48536",NA,NA,NA,NA,NA,NA,NA
"2266","SL_2019_EYKT_Dive_23_13-18-22.000.avi","22484","13:30:54","592","839","QC","EricaEbert","100","N/A","2019","23","27","Line","Bad","poor visibility","BPV","BPV","1","AD","Passing",NA,"",NA,"EYKT","48654",NA,NA,NA,NA,NA,NA,NA
"2267","SL_2019_EYKT_Dive_23_13-18-22.000.avi","22854","13:31:07","595","846","QC","EricaEbert","100","N/A","2019","23","27","Line","Good","Good Going Forward","GGF","GGF","1","AD","Passing",NA,"",NA,"EYKT","48667",NA,NA,NA,NA,NA,NA,NA
"2268","SL_2019_EYKT_Dive_23_13-18-22.000.avi","26224","13:32:59","583","855","QC","EricaEbert","100","N/A","2019","23","27","Line","Bad","going over drop-off","BDO","BDO","1","AD","Passing",NA,"",NA,"EYKT","48779",NA,NA,NA,NA,NA,NA,NA
"2269","SL_2019_EYKT_Dive_23_13-18-22.000.avi","26857","13:33:20","608","858","QC","EricaEbert","100","N/A","2019","23","27","Line","Good","Good Going Forward","GGF","GGF","1","AD","Passing",NA,"",NA,"EYKT","48800",NA,NA,NA,NA,NA,NA,NA
"2270","SL_2019_EYKT_Dive_23_13-18-22.000.avi","31035","13:35:39","600","852","QC","EricaEbert","100","N/A","2019","23","27","Line","Bad","loitering in same area","BLA","BLA","1","AD","Passing",NA,"",NA,"EYKT","48939",NA,NA,NA,NA,NA,NA,NA
"2271","SL_2019_EYKT_Dive_23_13-18-22.000.avi","32757","13:36:37","600","858","QC","EricaEbert","100","N/A","2019","23","27","Line","Good","Good Going Forward","GGF","GGF","1","AD","Passing",NA,"",NA,"EYKT","48997",NA,NA,NA,NA,NA,NA,NA
"2272","SL_2019_EYKT_Dive_23_13-18-22.000.avi","34389","13:37:31","584","838","QC","EricaEbert","100","N/A","2019","23","27","Line","Bad","poor visibility","BPV","BPV","1","AD","Passing",NA,"",NA,"EYKT","49051",NA,NA,NA,NA,NA,NA,NA
"2273","SL_2019_EYKT_Dive_23_13-18-22.000.avi","35119","13:37:56","605","848","QC","EricaEbert","100","N/A","2019","23","27","Line","Good","Good Going Forward","GGF","GGF","1","AD","Passing",NA,"",NA,"EYKT","49076",NA,NA,NA,NA,NA,NA,NA
"2274","SL_2019_EYKT_Dive_23_13-18-22.000.avi","40293","13:40:48","600","848","QC","EricaEbert","100","N/A","2019","23","27","Line","Bad","poor visibility","BPV","BPV","1","AD","Passing",NA,"",NA,"EYKT","49248",NA,NA,NA,NA,NA,NA,NA
"2275","SL_2019_EYKT_Dive_23_13-18-22.000.avi","40863","13:41:07","586","847","QC","EricaEbert","100","N/A","2019","23","27","Line","Good","Good Going Forward","GGF","GGF","1","AD","Passing",NA,"",NA,"EYKT","49267",NA,NA,NA,NA,NA,NA,NA
"2276","SL_2019_EYKT_Dive_23_13-18-22.000.avi","53032","13:47:53","586","860","QC","EricaEbert","100","N/A","2019","23","27","Line","Bad","poor visibility","BPV","BPV","1","AD","Passing",NA,"",NA,"EYKT","49673",NA,NA,NA,NA,NA,NA,NA
"2277","SL_2019_EYKT_Dive_23_13-18-22.000.avi","53525","13:48:09","596","854","QC","EricaEbert","100","N/A","2019","23","27","Line","Good","Good Going Forward","GGF","GGF","1","AD","Passing",NA,"",NA,"EYKT","49689",NA,NA,NA,NA,NA,NA,NA
"2278","SL_2019_EYKT_Dive_23_13-18-22.000.avi","55917","13:49:29","596","850","QC","EricaEbert","100","N/A","2019","23","27","Line","Bad","going over drop-off","BDO","BDO","1","AD","Passing",NA,"",NA,"EYKT","49769",NA,NA,NA,NA,NA,NA,NA
"2279","SL_2019_EYKT_Dive_23_13-18-22.000.avi","56263","13:49:40","597","847","QC","EricaEbert","100","N/A","2019","23","27","Line","Good","Good Going Forward","GGF","GGF","1","AD","Passing",NA,"",NA,"EYKT","49780",NA,NA,NA,NA,NA,NA,NA
"2280","SL_2019_EYKT_Dive_23_13-18-22.000.avi","63790","13:53:51","592","848","QC","EricaEbert","100","N/A","2019","23","27","Line","Bad","going over drop-off","BDO","BDO","1","AD","Passing",NA,"",NA,"EYKT","50031",NA,NA,NA,NA,NA,NA,NA
"2281","SL_2019_EYKT_Dive_23_13-18-22.000.avi","64219","13:54:06","603","861","QC","EricaEbert","100","N/A","2019","23","27","Line","Good","Good Going Forward","GGF","GGF","1","AD","Passing",NA,"",NA,"EYKT","50046",NA,NA,NA,NA,NA,NA,NA
"2282","SL_2019_EYKT_Dive_23_13-18-22.000.avi","65263","13:54:40","593","847","QC","EricaEbert","100","N/A","2019","23","27","Line","Bad","going over drop-off","BDO","BDO","1","AD","Passing",NA,"",NA,"EYKT","50080",NA,NA,NA,NA,NA,NA,NA
"2283","SL_2019_EYKT_Dive_23_13-18-22.000.avi","65542","13:54:50","621","868","QC","EricaEbert","100","N/A","2019","23","27","Line","Good","Good Going Forward","GGF","GGF","1","AD","Passing",NA,"",NA,"EYKT","50090",NA,NA,NA,NA,NA,NA,NA
"2284","SL_2019_EYKT_Dive_23_13-18-22.000.avi","82941","14:04:30","592","852","QC","EricaEbert","100","N/A","2019","23","27","Line","Bad","poor visibility","BPV","BPV","1","AD","Passing",NA,"",NA,"EYKT","50670",NA,NA,NA,NA,NA,NA,NA
"2285","SL_2019_EYKT_Dive_23_13-18-22.000.avi","83215","14:04:39","591","837","QC","EricaEbert","100","N/A","2019","23","27","Line","Good","Good Going Forward","GGF","GGF","1","AD","Passing",NA,"",NA,"EYKT","50679",NA,NA,NA,NA,NA,NA,NA
"2286","SL_2019_EYKT_Dive_23_13-18-22.000.avi","95292","14:11:21","587","851","QC","EricaEbert","100","N/A","2019","23","27","Line","Good","Good Going Forward","GGF","GGF","1","AD","Passing","End","END",NA,"EYKT","51081",NA,NA,NA,NA,NA,NA,NA
"2287","SL_2019_EYKT_Dive_24_15-43-23.000.avi","823","15:44:04","608","859","QC","EricaEbert","135","N/A","2019","24","28","Line","Good","Good Going Forward","GGF","GGF","1","AD","Passing","Start","START",NA,"EYKT","56644",NA,NA,NA,NA,NA,NA,NA
"2288","SL_2019_EYKT_Dive_24_15-43-23.000.avi","43214","16:07:37","627","884","QC","EricaEbert","135","N/A","2019","24","28","Line","Bad","loitering in same area","BLA","BLA","1","AD","Passing",NA,"",NA,"EYKT","58057",NA,NA,NA,NA,NA,NA,NA
"2289","SL_2019_EYKT_Dive_24_15-43-23.000.avi","43412","16:07:44","620","865","QC","EricaEbert","135","N/A","2019","24","28","Line","Good","Good Going Forward","GGF","GGF","1","AD","Passing",NA,"",NA,"EYKT","58064",NA,NA,NA,NA,NA,NA,NA
"2290","SL_2019_EYKT_Dive_24_15-43-23.000.avi","43741","16:07:55","610","855","QC","EricaEbert","135","N/A","2019","24","28","Line","Bad","poor visibility","BPV","BPV","1","AD","Passing",NA,"",NA,"EYKT","58075",NA,NA,NA,NA,NA,NA,NA
"2291","SL_2019_EYKT_Dive_24_15-43-23.000.avi","43920","16:08:01","621","875","QC","EricaEbert","135","N/A","2019","24","28","Line","Good","Good Going Forward","GGF","GGF","1","AD","Passing",NA,"",NA,"EYKT","58081",NA,NA,NA,NA,NA,NA,NA
"2292","SL_2019_EYKT_Dive_24_15-43-23.000.avi","89731","16:33:28","609","861","QC","EricaEbert","135","N/A","2019","24","28","Line","Bad","loitering in same area","BLA","BLA","1","AD","Passing",NA,"",NA,"EYKT","59608",NA,NA,NA,NA,NA,NA,NA
"2293","SL_2019_EYKT_Dive_24_15-43-23.000.avi","90259","16:33:46","612","869","QC","EricaEbert","135","N/A","2019","24","28","Line","Good","Good Going Forward","GGF","GGF","1","AD","Passing",NA,"",NA,"EYKT","59626",NA,NA,NA,NA,NA,NA,NA
"2294","SL_2019_EYKT_Dive_24_15-43-23.000.avi","92204","16:34:50","608","859","QC","EricaEbert","135","N/A","2019","24","28","Line","Good","Good Going Forward","GGF","GGF","1","AD","Passing","End","END",NA,"EYKT","59690",NA,NA,NA,NA,NA,NA,NA
"2295","SL_2019_EYKT_Dive_25_09-39-10.000.avi","146","9:39:20","587","848","QC","EricaEbert","105","N/A","2019","25","37","Line","Good","Good Going Forward","GGF","GGF","1","AD","Passing","Start","START",NA,"EYKT","34760",NA,NA,NA,NA,NA,NA,NA
"2296","SL_2019_EYKT_Dive_25_09-39-10.000.avi","627","9:39:36","582","843","QC","EricaEbert","105","N/A","2019","25","37","Line","Bad","loitering in same area","BLA","BLA","1","AD","Passing",NA,"",NA,"EYKT","34776",NA,NA,NA,NA,NA,NA,NA
"2297","SL_2019_EYKT_Dive_25_09-39-10.000.avi","1809","9:40:15","588","843","QC","EricaEbert","105","N/A","2019","25","37","Line","Good","Good Going Forward","GGF","GGF","1","AD","Passing",NA,"",NA,"EYKT","34815",NA,NA,NA,NA,NA,NA,NA
"2298","SL_2019_EYKT_Dive_25_09-39-10.000.avi","35531","9:58:59","582","846","QC","EricaEbert","105","N/A","2019","25","37","Line","Bad","loitering in same area","BLA","BLA","1","AD","Passing",NA,"",NA,"EYKT","35939",NA,NA,NA,NA,NA,NA,NA
"2299","SL_2019_EYKT_Dive_25_09-39-10.000.avi","36683","9:59:38","600","856","QC","EricaEbert","105","N/A","2019","25","37","Line","Good","Good Going Forward","GGF","GGF","1","AD","Passing",NA,"",NA,"EYKT","35978",NA,NA,NA,NA,NA,NA,NA
"2300","SL_2019_EYKT_Dive_25_09-39-10.000.avi","46398","10:05:02","580","844","QC","EricaEbert","105","N/A","2019","25","37","Line","Bad","loitering in same area","BLA","BLA","1","AD","Passing",NA,"",NA,"EYKT","36302",NA,NA,NA,NA,NA,NA,NA
"2301","SL_2019_EYKT_Dive_25_09-39-10.000.avi","47683","10:05:44","600","858","QC","EricaEbert","105","N/A","2019","25","37","Line","Good","Good Going Forward","GGF","GGF","1","AD","Passing",NA,"",NA,"EYKT","36344",NA,NA,NA,NA,NA,NA,NA
"2302","SL_2019_EYKT_Dive_25_09-39-10.000.avi","49932","10:06:59","580","850","QC","EricaEbert","105","N/A","2019","25","37","Line","Bad","going over drop-off","BDO","BDO","1","AD","Passing",NA,"",NA,"EYKT","36419",NA,NA,NA,NA,NA,NA,NA
"2303","SL_2019_EYKT_Dive_25_09-39-10.000.avi","51001","10:07:35","590","856","QC","EricaEbert","105","N/A","2019","25","37","Line","Good","Good Going Forward","GGF","GGF","1","AD","Passing",NA,"",NA,"EYKT","36455",NA,NA,NA,NA,NA,NA,NA
"2304","SL_2019_EYKT_Dive_25_09-39-10.000.avi","55174","10:09:54","580","842","QC","EricaEbert","105","N/A","2019","25","37","Line","Bad","poor visibility","BPV","BPV","1","AD","Passing",NA,"",NA,"EYKT","36594",NA,NA,NA,NA,NA,NA,NA
"2305","SL_2019_EYKT_Dive_25_09-39-10.000.avi","55673","10:10:11","575","839","QC","EricaEbert","105","N/A","2019","25","37","Line","Good","Good Going Forward","GGF","GGF","1","AD","Passing",NA,"",NA,"EYKT","36611",NA,NA,NA,NA,NA,NA,NA
"2306","SL_2019_EYKT_Dive_25_09-39-10.000.avi","58290","10:11:38","563","817","QC","EricaEbert","105","N/A","2019","25","37","Line","Bad","going over drop-off","BDO","BDO","1","AD","Passing",NA,"",NA,"EYKT","36698",NA,NA,NA,NA,NA,NA,NA
"2307","SL_2019_EYKT_Dive_25_09-39-10.000.avi","59196","10:12:08","579","839","QC","EricaEbert","105","N/A","2019","25","37","Line","Good","Good Going Forward","GGF","GGF","1","AD","Passing",NA,"",NA,"EYKT","36728",NA,NA,NA,NA,NA,NA,NA
"2308","SL_2019_EYKT_Dive_25_09-39-10.000.avi","62710","10:14:05","569","835","QC","EricaEbert","105","N/A","2019","25","37","Line","Bad","going over drop-off","BDO","BDO","1","AD","Passing",NA,"",NA,"EYKT","36845",NA,NA,NA,NA,NA,NA,NA
"2309","SL_2019_EYKT_Dive_25_09-39-10.000.avi","66509","10:16:12","565","841","QC","EricaEbert","105","N/A","2019","25","37","Line","Good","Good Going Forward","GGF","GGF","1","AD","Passing",NA,"",NA,"EYKT","36972",NA,NA,NA,NA,NA,NA,NA
"2310","SL_2019_EYKT_Dive_25_09-39-10.000.avi","69766","10:18:00","570","830","QC","EricaEbert","105","N/A","2019","25","37","Line","Bad","loitering in same area","BLA","BLA","1","AD","Passing",NA,"",NA,"EYKT","37080",NA,NA,NA,NA,NA,NA,NA
"2311","SL_2019_EYKT_Dive_25_09-39-10.000.avi","71074","10:18:44","576","841","QC","EricaEbert","105","N/A","2019","25","37","Line","Good","Good Going Forward","GGF","GGF","1","AD","Passing",NA,"",NA,"EYKT","37124",NA,NA,NA,NA,NA,NA,NA
"2312","SL_2019_EYKT_Dive_25_09-39-10.000.avi","76179","10:21:34","570","835","QC","EricaEbert","105","N/A","2019","25","37","Line","Bad","going over drop-off","BDO","BDO","1","AD","Passing",NA,"",NA,"EYKT","37294",NA,NA,NA,NA,NA,NA,NA
"2313","SL_2019_EYKT_Dive_25_09-39-10.000.avi","76734","10:21:53","578","838","QC","EricaEbert","105","N/A","2019","25","37","Line","Good","Good Going Forward","GGF","GGF","1","AD","Passing",NA,"",NA,"EYKT","37313",NA,NA,NA,NA,NA,NA,NA
"2314","SL_2019_EYKT_Dive_25_09-39-10.000.avi","77656","10:22:23","574","826","QC","EricaEbert","105","N/A","2019","25","37","Line","Bad","loitering in same area","BLA","BLA","1","AD","Passing",NA,"",NA,"EYKT","37343",NA,NA,NA,NA,NA,NA,NA
"2315","SL_2019_EYKT_Dive_25_09-39-10.000.avi","78452","10:22:50","583","842","QC","EricaEbert","105","N/A","2019","25","37","Line","Good","Good Going Forward","GGF","GGF","1","AD","Passing",NA,"",NA,"EYKT","37370",NA,NA,NA,NA,NA,NA,NA
"2316","SL_2019_EYKT_Dive_25_09-39-10.000.avi","84806","10:26:22","582","842","QC","EricaEbert","105","N/A","2019","25","37","Line","Good","Good Going Forward","GGF","GGF","1","AD","Passing","End","END",NA,"EYKT","37582",NA,NA,NA,NA,NA,NA,NA
"2317","SL_2019_EYKT_Dive_26_11-10-15.000.avi","309","11:10:29","612","877","QC","EricaEbert","115","N/A","2019","26","36","Line","Good","Good Going Forward","GGF","GGF","1","AD","Passing","Start","START",NA,"EYKT","40229",NA,NA,NA,NA,NA,NA,NA
"2318","SL_2019_EYKT_Dive_26_11-10-15.000.avi","18732","11:20:43","578","844","QC","EricaEbert","115","N/A","2019","26","36","Line","Bad","loitering in same area","BLA","BLA","1","AD","Passing",NA,"",NA,"EYKT","40843",NA,NA,NA,NA,NA,NA,NA
"2319","SL_2019_EYKT_Dive_26_11-10-15.000.avi","19146","11:20:57","588","852","QC","EricaEbert","115","N/A","2019","26","36","Line","Good","Good Going Forward","GGF","GGF","1","AD","Passing",NA,"",NA,"EYKT","40857",NA,NA,NA,NA,NA,NA,NA
"2320","SL_2019_EYKT_Dive_26_11-10-15.000.avi","46625","11:36:13","545","820","QC","EricaEbert","115","N/A","2019","26","36","Line","Bad","going over drop-off","BDO","BDO","1","AD","Passing",NA,"",NA,"EYKT","41773",NA,NA,NA,NA,NA,NA,NA
"2321","SL_2019_EYKT_Dive_26_11-10-15.000.avi","48029","11:37:00","548","817","QC","EricaEbert","115","N/A","2019","26","36","Line","Good","Good Going Forward","GGF","GGF","1","AD","Passing",NA,"",NA,"EYKT","41820",NA,NA,NA,NA,NA,NA,NA
"2322","SL_2019_EYKT_Dive_26_11-10-15.000.avi","63544","11:45:37","554","831","QC","EricaEbert","115","N/A","2019","26","36","Line","Bad","going over drop-off","BDO","BDO","1","AD","Passing",NA,"",NA,"EYKT","42337",NA,NA,NA,NA,NA,NA,NA
"2323","SL_2019_EYKT_Dive_26_11-10-15.000.avi","63750","11:45:44","583","842","QC","EricaEbert","115","N/A","2019","26","36","Line","Good","Good Going Forward","GGF","GGF","1","AD","Passing",NA,"",NA,"EYKT","42344",NA,NA,NA,NA,NA,NA,NA
"2324","SL_2019_EYKT_Dive_26_11-10-15.000.avi","64659","11:46:14","574","847","QC","EricaEbert","115","N/A","2019","26","36","Line","Bad","going over drop-off","BDO","BDO","1","AD","Passing",NA,"",NA,"EYKT","42374",NA,NA,NA,NA,NA,NA,NA
"2325","SL_2019_EYKT_Dive_26_11-10-15.000.avi","66974","11:47:31","567","839","QC","EricaEbert","115","N/A","2019","26","36","Line","Good","Good Going Forward","GGF","GGF","1","AD","Passing",NA,"",NA,"EYKT","42451",NA,NA,NA,NA,NA,NA,NA
"2326","SL_2019_EYKT_Dive_26_11-10-15.000.avi","72377","11:50:32","580","841","QC","EricaEbert","115","N/A","2019","26","36","Line","Bad","loitering in same area","BLA","BLA","1","AD","Passing",NA,"",NA,"EYKT","42632",NA,NA,NA,NA,NA,NA,NA
"2327","SL_2019_EYKT_Dive_26_11-10-15.000.avi","72753","11:50:44","571","837","QC","EricaEbert","115","N/A","2019","26","36","Line","Good","Good Going Forward","GGF","GGF","1","AD","Passing",NA,"",NA,"EYKT","42644",NA,NA,NA,NA,NA,NA,NA
"2328","SL_2019_EYKT_Dive_26_11-10-15.000.avi","76339","11:52:44","553","826","QC","EricaEbert","115","N/A","2019","26","36","Line","Bad","going over drop-off","BDO","BDO","1","AD","Passing",NA,"",NA,"EYKT","42764",NA,NA,NA,NA,NA,NA,NA
"2329","SL_2019_EYKT_Dive_26_11-10-15.000.avi","76594","11:52:52","573","835","QC","EricaEbert","115","N/A","2019","26","36","Line","Good","Good Going Forward","GGF","GGF","1","AD","Passing",NA,"",NA,"EYKT","42772",NA,NA,NA,NA,NA,NA,NA
"2330","SL_2019_EYKT_Dive_26_11-10-15.000.avi","77622","11:53:26","571","852","QC","EricaEbert","115","N/A","2019","26","36","Line","Bad","going over drop-off","BDO","BDO","1","AD","Passing",NA,"",NA,"EYKT","42806",NA,NA,NA,NA,NA,NA,NA
"2331","SL_2019_EYKT_Dive_26_11-10-15.000.avi","80223","11:54:53","571","847","QC","EricaEbert","115","N/A","2019","26","36","Line","Good","Good Going Forward","GGF","GGF","1","AD","Passing",NA,"",NA,"EYKT","42893",NA,NA,NA,NA,NA,NA,NA
"2332","SL_2019_EYKT_Dive_26_11-10-15.000.avi","87145","11:58:44","579","851","QC","EricaEbert","115","N/A","2019","26","36","Line","Bad","going over drop-off","BDO","BDO","1","AD","Passing",NA,"",NA,"EYKT","43124",NA,NA,NA,NA,NA,NA,NA
"2333","SL_2019_EYKT_Dive_26_11-10-15.000.avi","90088","12:00:22","563","841","QC","EricaEbert","115","N/A","2019","26","36","Line","Good","Good Going Forward","GGF","GGF","1","AD","Passing",NA,"",NA,"EYKT","43222",NA,NA,NA,NA,NA,NA,NA
"2334","SL_2019_EYKT_Dive_26_11-10-15.000.avi","92674","12:01:48","588","846","QC","EricaEbert","115","N/A","2019","26","36","Line","Good","Good Going Forward","GGF","GGF","1","AD","Passing","End","END",NA,"EYKT","43308",NA,NA,NA,NA,NA,NA,NA
"2335","SL_2019_EYKT_Dive_27_12-48-30.000.avi","127","48:35.2","587","850","QC","EricaEbert","125","N/A","2019","27","35","Line","Good","Good Going Forward","GGF","GGF","1","AD","Passing","Start","START",NA,"EYKT","2915",NA,NA,NA,NA,NA,NA,NA
"2336","SL_2019_EYKT_Dive_27_12-48-30.000.avi","91059","39:06.3","590","854","QC","EricaEbert","125","N/A","2019","27","35","Line","Good","Good Going Forward","GGF","GGF","1","AD","Passing","End","END",NA,"EYKT","2346",NA,NA,NA,NA,NA,NA,NA
"2337","SL_2019_EYKT_Dive_28_14-14-55.000.avi","265","14:15:06","593","864","QC","EricaEbert","80","N/A","2019","28","34","Line","Good","Good Going Forward","GGF","GGF","1","AD","Passing","Start","START",NA,"EYKT","51306",NA,NA,NA,NA,NA,NA,NA
"2338","SL_2019_EYKT_Dive_28_14-14-55.000.avi","1285","14:15:40","582","843","QC","EricaEbert","80","N/A","2019","28","34","Line","Bad","going over drop-off","BDO","BDO","1","AD","Passing",NA,"",NA,"EYKT","51340",NA,NA,NA,NA,NA,NA,NA
"2339","SL_2019_EYKT_Dive_28_14-14-55.000.avi","1477","14:15:46","579","851","QC","EricaEbert","80","N/A","2019","28","34","Line","Good","Good Going Forward","GGF","GGF","1","AD","Passing",NA,"",NA,"EYKT","51346",NA,NA,NA,NA,NA,NA,NA
"2340","SL_2019_EYKT_Dive_28_14-14-55.000.avi","4203","14:17:17","580","842","QC","EricaEbert","80","N/A","2019","28","34","Line","Bad","going over drop-off","BDO","BDO","1","AD","Passing",NA,"",NA,"EYKT","51437",NA,NA,NA,NA,NA,NA,NA
"2341","SL_2019_EYKT_Dive_28_14-14-55.000.avi","4392","14:17:23","584","851","QC","EricaEbert","80","N/A","2019","28","34","Line","Good","Good Going Forward","GGF","GGF","1","AD","Passing",NA,"",NA,"EYKT","51443",NA,NA,NA,NA,NA,NA,NA
"2342","SL_2019_EYKT_Dive_28_14-14-55.000.avi","9470","14:20:13","576","841","QC","EricaEbert","80","N/A","2019","28","34","Line","Bad","poor visibility","BPV","BPV","1","AD","Passing",NA,"",NA,"EYKT","51613",NA,NA,NA,NA,NA,NA,NA
"2343","SL_2019_EYKT_Dive_28_14-14-55.000.avi","9714","14:20:21","578","854","QC","EricaEbert","80","N/A","2019","28","34","Line","Good","Good Going Forward","GGF","GGF","1","AD","Passing",NA,"",NA,"EYKT","51621",NA,NA,NA,NA,NA,NA,NA
"2344","SL_2019_EYKT_Dive_28_14-14-55.000.avi","12176","14:21:43","576","829","QC","EricaEbert","80","N/A","2019","28","34","Line","Bad","poor visibility","BPV","BPV","1","AD","Passing",NA,"",NA,"EYKT","51703",NA,NA,NA,NA,NA,NA,NA
"2345","SL_2019_EYKT_Dive_28_14-14-55.000.avi","14016","14:22:44","591","846","QC","EricaEbert","80","N/A","2019","28","34","Line","Good","Good Going Forward","GGF","GGF","1","AD","Passing",NA,"",NA,"EYKT","51764",NA,NA,NA,NA,NA,NA,NA
"2346","SL_2019_EYKT_Dive_28_14-14-55.000.avi","17134","14:24:28","558","837","QC","EricaEbert","80","N/A","2019","28","34","Line","Bad","poor visibility","BPV","BPV","1","AD","Passing",NA,"",NA,"EYKT","51868",NA,NA,NA,NA,NA,NA,NA
"2347","SL_2019_EYKT_Dive_28_14-14-55.000.avi","17806","14:24:51","559","831","QC","EricaEbert","80","N/A","2019","28","34","Line","Good","Good Going Forward","GGF","GGF","1","AD","Passing",NA,"",NA,"EYKT","51891",NA,NA,NA,NA,NA,NA,NA
"2348","SL_2019_EYKT_Dive_28_14-14-55.000.avi","19406","14:25:44","574","842","QC","EricaEbert","80","N/A","2019","28","34","Line","Bad","poor visibility","BPV","BPV","1","AD","Passing",NA,"",NA,"EYKT","51944",NA,NA,NA,NA,NA,NA,NA
"2349","SL_2019_EYKT_Dive_28_14-14-55.000.avi","19570","14:25:49","580","841","QC","EricaEbert","80","N/A","2019","28","34","Line","Good","Good Going Forward","GGF","GGF","1","AD","Passing",NA,"",NA,"EYKT","51949",NA,NA,NA,NA,NA,NA,NA
"2350","SL_2019_EYKT_Dive_28_14-14-55.000.avi","19814","14:25:57","565","842","QC","EricaEbert","80","N/A","2019","28","34","Line","Bad","poor visibility","BPV","BPV","1","AD","Passing",NA,"",NA,"EYKT","51957",NA,NA,NA,NA,NA,NA,NA
"2351","SL_2019_EYKT_Dive_28_14-14-55.000.avi","21454","14:26:52","580","846","QC","EricaEbert","80","N/A","2019","28","34","Line","Good","Good Going Forward","GGF","GGF","1","AD","Passing",NA,"",NA,"EYKT","52012",NA,NA,NA,NA,NA,NA,NA
"2352","SL_2019_EYKT_Dive_28_14-14-55.000.avi","26014","14:29:24","565","844","QC","EricaEbert","80","N/A","2019","28","34","Line","Bad","loitering in same area","BLA","BLA","1","AD","Passing",NA,"",NA,"EYKT","52164",NA,NA,NA,NA,NA,NA,NA
"2353","SL_2019_EYKT_Dive_28_14-14-55.000.avi","26279","14:29:33","608","871","QC","EricaEbert","80","N/A","2019","28","34","Line","Good","Good Going Forward","GGF","GGF","1","AD","Passing",NA,"",NA,"EYKT","52173",NA,NA,NA,NA,NA,NA,NA
"2354","SL_2019_EYKT_Dive_28_14-14-55.000.avi","34811","14:34:17","587","848","QC","EricaEbert","80","N/A","2019","28","34","Line","Bad","loitering in same area","BLA","BLA","1","AD","Passing",NA,"",NA,"EYKT","52457",NA,NA,NA,NA,NA,NA,NA
"2355","SL_2019_EYKT_Dive_28_14-14-55.000.avi","35127","14:34:28","593","852","QC","EricaEbert","80","N/A","2019","28","34","Line","Good","Good Going Forward","GGF","GGF","1","AD","Passing",NA,"",NA,"EYKT","52468",NA,NA,NA,NA,NA,NA,NA
"2356","SL_2019_EYKT_Dive_28_14-14-55.000.avi","58059","14:47:12","587","855","QC","EricaEbert","80","N/A","2019","28","34","Line","Bad","poor visibility","BPV","BPV","1","AD","Passing",NA,"",NA,"EYKT","53232",NA,NA,NA,NA,NA,NA,NA
"2357","SL_2019_EYKT_Dive_28_14-14-55.000.avi","58621","14:47:31","592","865","QC","EricaEbert","80","N/A","2019","28","34","Line","Good","Good Going Forward","GGF","GGF","1","AD","Passing",NA,"",NA,"EYKT","53251",NA,NA,NA,NA,NA,NA,NA
"2358","SL_2019_EYKT_Dive_28_14-14-55.000.avi","59117","14:47:48","587","859","QC","EricaEbert","80","N/A","2019","28","34","Line","Bad","poor visibility","BPV","BPV","1","AD","Passing",NA,"",NA,"EYKT","53268",NA,NA,NA,NA,NA,NA,NA
"2359","SL_2019_EYKT_Dive_28_14-14-55.000.avi","59602","14:48:04","576","844","QC","EricaEbert","80","N/A","2019","28","34","Line","Good","Good Going Forward","GGF","GGF","1","AD","Passing",NA,"",NA,"EYKT","53284",NA,NA,NA,NA,NA,NA,NA
"2360","SL_2019_EYKT_Dive_28_14-14-55.000.avi","60272","14:48:26","596","856","QC","EricaEbert","80","N/A","2019","28","34","Line","Bad","poor visibility","BPV","BPV","1","AD","Passing",NA,"",NA,"EYKT","53306",NA,NA,NA,NA,NA,NA,NA
"2361","SL_2019_EYKT_Dive_28_14-14-55.000.avi","60446","14:48:32","582","848","QC","EricaEbert","80","N/A","2019","28","34","Line","Good","Good Going Forward","GGF","GGF","1","AD","Passing",NA,"",NA,"EYKT","53312",NA,NA,NA,NA,NA,NA,NA
"2362","SL_2019_EYKT_Dive_28_14-14-55.000.avi","62200","14:49:30","566","839","QC","EricaEbert","80","N/A","2019","28","34","Line","Bad","poor visibility","BPV","BPV","1","AD","Passing",NA,"",NA,"EYKT","53370",NA,NA,NA,NA,NA,NA,NA
"2363","SL_2019_EYKT_Dive_28_14-14-55.000.avi","62422","14:49:38","580","842","QC","EricaEbert","80","N/A","2019","28","34","Line","Good","Good Going Forward","GGF","GGF","1","AD","Passing",NA,"",NA,"EYKT","53378",NA,NA,NA,NA,NA,NA,NA
"2364","SL_2019_EYKT_Dive_28_14-14-55.000.avi","73123","14:55:34","597","863","QC","EricaEbert","80","N/A","2019","28","34","Line","Bad","poor visibility","BPV","BPV","1","AD","Passing",NA,"",NA,"EYKT","53734",NA,NA,NA,NA,NA,NA,NA
"2365","SL_2019_EYKT_Dive_28_14-14-55.000.avi","73575","14:55:49","569","835","QC","EricaEbert","80","N/A","2019","28","34","Line","Good","Good Going Forward","GGF","GGF","1","AD","Passing",NA,"",NA,"EYKT","53749",NA,NA,NA,NA,NA,NA,NA
"2366","SL_2019_EYKT_Dive_28_14-14-55.000.avi","78763","14:58:42","574","852","QC","EricaEbert","80","N/A","2019","28","34","Line","Bad","poor visibility","BPV","BPV","1","AD","Passing",NA,"",NA,"EYKT","53922",NA,NA,NA,NA,NA,NA,NA
"2367","SL_2019_EYKT_Dive_28_14-14-55.000.avi","79964","14:59:22","576","837","QC","EricaEbert","80","N/A","2019","28","34","Line","Good","Good Going Forward","GGF","GGF","1","AD","Passing",NA,"",NA,"EYKT","53962",NA,NA,NA,NA,NA,NA,NA
"2368","SL_2019_EYKT_Dive_28_14-14-55.000.avi","82507","15:00:47","584","850","QC","EricaEbert","80","N/A","2019","28","34","Line","Bad","going over drop-off","BDO","BDO","1","AD","Passing",NA,"",NA,"EYKT","54047",NA,NA,NA,NA,NA,NA,NA
"2369","SL_2019_EYKT_Dive_28_14-14-55.000.avi","82641","15:00:52","579","842","QC","EricaEbert","80","N/A","2019","28","34","Line","Good","Good Going Forward","GGF","GGF","1","AD","Passing",NA,"",NA,"EYKT","54052",NA,NA,NA,NA,NA,NA,NA
"2370","SL_2019_EYKT_Dive_28_14-14-55.000.avi","84332","15:01:48","587","841","QC","EricaEbert","80","N/A","2019","28","34","Line","Bad","poor visibility","BPV","BPV","1","AD","Passing",NA,"",NA,"EYKT","54108",NA,NA,NA,NA,NA,NA,NA
"2371","SL_2019_EYKT_Dive_28_14-14-55.000.avi","84877","15:02:06","588","851","QC","EricaEbert","80","N/A","2019","28","34","Line","Good","Good Going Forward","GGF","GGF","1","AD","Passing","End","END",NA,"EYKT","54126",NA,NA,NA,NA,NA,NA,NA
"2372","SL_2019_EYKT_Dive_29_15-55-14.000.avi","403","15:55:36","588","846","QC","EricaEbert","55","N/A","2019","29","33","Line","Good","Good Going Forward","GGF","GGF","1","AD","Passing","Start","START",NA,"EYKT","57336",NA,NA,NA,NA,NA,NA,NA
"2373","SL_2019_EYKT_Dive_29_15-55-14.000.avi","63672","16:30:45","576","834","QC","EricaEbert","55","N/A","2019","29","33","Line","Good","Good Going Forward","GGF","GGF","1","AD","Passing","End","END",NA,"EYKT","59445",NA,NA,NA,NA,NA,NA,NA
"2374","SL_2019_EYKT_Dive_30_16-58-16.000.avi","138","16:58:24","590","860","QC","EricaEbert","60","N/A","2019","30","32","Line","Good","Good Going Forward","GGF","GGF","1","AD","Passing","Start","START",NA,"EYKT","61104",NA,NA,NA,NA,NA,NA,NA
"2375","SL_2019_EYKT_Dive_30_16-58-16.000.avi","69386","17:36:52","588","851","QC","EricaEbert","60","N/A","2019","30","32","Line","Good","Good Going Forward","GGF","GGF","1","AD","Passing","End","END",NA,"EYKT","63412",NA,NA,NA,NA,NA,NA,NA
"2376","SL_2019_EYKT_Dive_31_18-11-09.000.avi","270","18:11:22","592","852","QC","EricaEbert","50","N/A","2019","31","31","Line","Good","Good Going Forward","GGF","GGF","1","AD","Passing","Start","START",NA,"EYKT","65482",NA,NA,NA,NA,NA,NA,NA
"2377","SL_2019_EYKT_Dive_31_18-11-09.000.avi","19191","18:21:53","586","846","QC","EricaEbert","50","N/A","2019","31","31","Line","Good","resting on bottom with close-up image","GRBC","GRBC","1","AD","Passing",NA,"",NA,"EYKT","66113",NA,NA,NA,NA,NA,NA,NA
"2378","SL_2019_EYKT_Dive_31_18-11-09.000.avi","19589","18:22:06","597","864","QC","EricaEbert","50","N/A","2019","31","31","Line","Good","Good Going Forward","GGF","GGF","1","AD","Passing",NA,"",NA,"EYKT","66126",NA,NA,NA,NA,NA,NA,NA
"2379","SL_2019_EYKT_Dive_31_18-11-09.000.avi","73580","18:52:06","587","854","QC","EricaEbert","50","N/A","2019","31","31","Line","Good","Good Going Forward","GGF","GGF","1","AD","Passing","End","END",NA,"EYKT","67926",NA,NA,NA,NA,NA,NA,NA
"2380","SL_2019_EYKT_Dive_32_19-17-57.000.avi","120","19:18:02","557","858","QC","EricaEbert","50","N/A","2019","32","30","Line","Good","Good Going Forward","GGF","GGF","1","AD","Passing","Start","START",NA,"EYKT","69482",NA,NA,NA,NA,NA,NA,NA
"2381","SL_2019_EYKT_Dive_32_19-17-57.000.avi","50613","19:46:05","574","824","QC","EricaEbert","50","N/A","2019","32","30","Line","Bad","loitering in same area","BLA","BLA","1","AD","Passing",NA,"",NA,"EYKT","71165",NA,NA,NA,NA,NA,NA,NA
"2382","SL_2019_EYKT_Dive_32_19-17-57.000.avi","50788","19:46:11","576","841","QC","EricaEbert","50","N/A","2019","32","30","Line","Good","Good Going Forward","GGF","GGF","1","AD","Passing",NA,"",NA,"EYKT","71171",NA,NA,NA,NA,NA,NA,NA
"2383","SL_2019_EYKT_Dive_32_19-17-57.000.avi","61235","19:51:59","591","850","QC","EricaEbert","50","N/A","2019","32","30","Line","Good","Good Going Forward","GGF","GGF","1","AD","Passing","End","END",NA,"EYKT","71519",NA,NA,NA,NA,NA,NA,NA
"2384","SL_2019_EYKT_Dive_33_20-22-48.000.avi","237","20:23:01","588","847","QC","EricaEbert","45","N/A","2018","33","29","Line","Good","Good Going Forward","GGF","GGF","1","AD","Passing","Start","START",NA,"EYKT","73381",NA,NA,NA,NA,NA,NA,NA
"2385","SL_2019_EYKT_Dive_33_20-22-48.000.avi","66254","20:59:41","584","842","QC","EricaEbert","45","N/A","2018","33","29","Line","Good","Good Going Forward","GGF","GGF","1","AD","Passing","End","END",NA,"EYKT","75581",NA,NA,NA,NA,NA,NA,NA
"2386","SL_2020_SSEO_Dive_1_12-51-24.040.avi","429","12:51:38","572","832","QC","Erica Ebert","95",NA,"2020","1","34","Line","Good","Good Going Forward","GGF","GGF","1",NA,NA,"START","start",NA,"SSEO","46298",NA,NA,NA,NA,NA,NA,NA
"2387","SL_2020_SSEO_Dive_1_12-51-24.040.avi","1759","12:52:23","568","830","QC","Erica Ebert","95",NA,"2020","1","34","Line","Bad","poor visibility","BPV","BPV","1",NA,NA,"","",NA,"SSEO","46343",NA,NA,NA,NA,NA,NA,NA
"2388","SL_2020_SSEO_Dive_1_12-51-24.040.avi","2094","12:52:34","570","832","QC","Erica Ebert","95",NA,"2020","1","34","Line","Good","Good Going Forward","GGF","GGF","1",NA,NA,"","",NA,"SSEO","46354",NA,NA,NA,NA,NA,NA,NA
"2389","SL_2020_SSEO_Dive_1_12-51-24.040.avi","72538","13:31:42","604","862","QC","Erica Ebert","95",NA,"2020","1","34","Line","Good","Good Going Forward","GGF","GGF","1",NA,NA,"END","end",NA,"SSEO","48702",NA,NA,NA,NA,NA,NA,NA
"2390","SL_2020_SSEO_Dive_10_09-55-58.000.avi","291","10:04:41","619","877","QC","Erica Ebert","60",NA,"2020","10","28","Line","Good","Good Going Forward","GGF","GGF","1",NA,NA,"START","start",NA,"SSEO","36281",NA,NA,NA,NA,NA,NA,NA
"2391","SL_2020_SSEO_Dive_10_09-55-58.000.avi","33591","10:23:11","576","847","QC","Erica Ebert","60",NA,"2020","10","28","Line","Bad","going over drop-off","BDO","BDO","1",NA,NA,"","",NA,"SSEO","37391",NA,NA,NA,NA,NA,NA,NA
"2392","SL_2020_SSEO_Dive_10_09-55-58.000.avi","33934","10:23:22","572","841","QC","Erica Ebert","60",NA,"2020","10","28","Line","Good","Good Going Forward","GGF","GGF","1",NA,NA,"","",NA,"SSEO","37402",NA,NA,NA,NA,NA,NA,NA
"2393","SL_2020_SSEO_Dive_10_09-55-58.000.avi","36768","10:24:57","538","787","QC","Erica Ebert","60",NA,"2020","10","28","Line","Bad","poor visibility","BPV","BPV","1",NA,NA,"","",NA,"SSEO","37497",NA,NA,NA,NA,NA,NA,NA
"2394","SL_2020_SSEO_Dive_10_09-55-58.000.avi","37172","10:25:10","566","830","QC","Erica Ebert","60",NA,"2020","10","28","Line","Good","Good Going Forward","GGF","GGF","1",NA,NA,"","",NA,"SSEO","37510",NA,NA,NA,NA,NA,NA,NA
"2395","SL_2020_SSEO_Dive_10_09-55-58.000.avi","67684","10:42:07","581","843","QC","Erica Ebert","60",NA,"2020","10","28","Line","Good","Good Going Forward","GGF","GGF","1",NA,NA,"END","end",NA,"SSEO","38527",NA,NA,NA,NA,NA,NA,NA
"2396","SL_2020_SSEO_Dive_12_12-24-50.000.avi","119","13:15:50","585","854","QC","Erica Ebert","110",NA,"2020","12","26","Line","Good","Good Going Forward","GGF","GGF","1",NA,NA,"START","start",NA,"SSEO","47750",NA,NA,NA,NA,NA,NA,NA
"2397","SL_2020_SSEO_Dive_12_12-24-50.000.avi","32157","13:33:38","578","852","QC","Erica Ebert","110",NA,"2020","12","26","Line","Bad","poor visibility","BPV","BPV","1",NA,NA,"","",NA,"SSEO","48818",NA,NA,NA,NA,NA,NA,NA
"2398","SL_2020_SSEO_Dive_12_12-24-50.000.avi","32414","13:33:46","557","826","QC","Erica Ebert","110",NA,"2020","12","26","Line","Good","Good Going Forward","GGF","GGF","1",NA,NA,"","",NA,"SSEO","48826",NA,NA,NA,NA,NA,NA,NA
"2399","SL_2020_SSEO_Dive_12_12-24-50.000.avi","32976","13:34:05","566","819","QC","Erica Ebert","110",NA,"2020","12","26","Line","Bad","poor visibility","BPV","BPV","1",NA,NA,"","",NA,"SSEO","48845",NA,NA,NA,NA,NA,NA,NA
"2400","SL_2020_SSEO_Dive_12_12-24-50.000.avi","33562","13:34:25","570","839","QC","Erica Ebert","110",NA,"2020","12","26","Line","Good","Good Going Forward","GGF","GGF","1",NA,NA,"","",NA,"SSEO","48865",NA,NA,NA,NA,NA,NA,NA
"2401","SL_2020_SSEO_Dive_12_12-24-50.000.avi","35772","13:35:38","568","834","QC","Erica Ebert","110",NA,"2020","12","26","Line","Bad","loitering in same area","BLA","BLA","1",NA,NA,"","",NA,"SSEO","48938",NA,NA,NA,NA,NA,NA,NA
"2402","SL_2020_SSEO_Dive_12_12-24-50.000.avi","36359","13:35:58","589","852","QC","Erica Ebert","110",NA,"2020","12","26","Line","Good","Good Going Forward","GGF","GGF","1",NA,NA,"","",NA,"SSEO","48958",NA,NA,NA,NA,NA,NA,NA
"2403","SL_2020_SSEO_Dive_12_12-24-50.000.avi","50508","13:43:50","563","815","QC","Erica Ebert","110",NA,"2020","12","26","Line","Bad","poor visibility","BPV","BPV","1",NA,NA,"","",NA,"SSEO","49430",NA,NA,NA,NA,NA,NA,NA
"2404","SL_2020_SSEO_Dive_12_12-24-50.000.avi","51709","13:44:30","570","839","QC","Erica Ebert","110",NA,"2020","12","26","Line","Good","Good Going Forward","GGF","GGF","1",NA,NA,"","",NA,"SSEO","49470",NA,NA,NA,NA,NA,NA,NA
"2405","SL_2020_SSEO_Dive_12_12-24-50.000.avi","55043","13:46:21","548","826","QC","Erica Ebert","110",NA,"2020","12","26","Line","Bad","poor visibility","BPV","BPV","1",NA,NA,"","",NA,"SSEO","49581",NA,NA,NA,NA,NA,NA,NA
"2406","SL_2020_SSEO_Dive_12_12-24-50.000.avi","55509","13:46:36","555","817","QC","Erica Ebert","110",NA,"2020","12","26","Line","Good","Good Going Forward","GGF","GGF","1",NA,NA,"","",NA,"SSEO","49596",NA,NA,NA,NA,NA,NA,NA
"2407","SL_2020_SSEO_Dive_12_12-24-50.000.avi","69768","13:54:32","576","837","QC","Erica Ebert","110",NA,"2020","12","26","Line","Good","Good Going Forward","GGF","GGF","1",NA,NA,"END","end",NA,"SSEO","50072",NA,NA,NA,NA,NA,NA,NA
"2408","SL_2020_SSEO_Dive_13_13-59-01.000.avi","355","15:21:23","578","841","QC","Erica Ebert","85",NA,"2020","13","24","Line","Good","Good Going Forward","GGF","GGF","1",NA,NA,"START","start",NA,"SSEO","55283",NA,NA,NA,NA,NA,NA,NA
"2409","SL_2020_SSEO_Dive_13_13-59-01.000.avi","1474","15:22:00","559","811","QC","Erica Ebert","85",NA,"2020","13","24","Line","Bad","poor visibility","BPV","BPV","1",NA,NA,"","",NA,"SSEO","55320",NA,NA,NA,NA,NA,NA,NA
"2410","SL_2020_SSEO_Dive_13_13-59-01.000.avi","1789","15:22:11","561","839","QC","Erica Ebert","85",NA,"2020","13","24","Line","Good","Good Going Forward","GGF","GGF","1",NA,NA,"","",NA,"SSEO","55331",NA,NA,NA,NA,NA,NA,NA
"2411","SL_2020_SSEO_Dive_13_13-59-01.000.avi","2742","15:22:42","551","828","QC","Erica Ebert","85",NA,"2020","13","24","Line","Bad","poor visibility","BPV","BPV","1",NA,NA,"","",NA,"SSEO","55362",NA,NA,NA,NA,NA,NA,NA
"2412","SL_2020_SSEO_Dive_13_13-59-01.000.avi","3740","15:23:16","587","847","QC","Erica Ebert","85",NA,"2020","13","24","Line","Good","Good Going Forward","GGF","GGF","1",NA,NA,"","",NA,"SSEO","55396",NA,NA,NA,NA,NA,NA,NA
"2413","SL_2020_SSEO_Dive_13_13-59-01.000.avi","4863","15:23:53","572","832","QC","Erica Ebert","85",NA,"2020","13","24","Line","Bad","poor visibility","BPV","BPV","1",NA,NA,"","",NA,"SSEO","55433",NA,NA,NA,NA,NA,NA,NA
"2414","SL_2020_SSEO_Dive_13_13-59-01.000.avi","5106","15:24:01","578","849","QC","Erica Ebert","85",NA,"2020","13","24","Line","Good","Good Going Forward","GGF","GGF","1",NA,NA,"","",NA,"SSEO","55441",NA,NA,NA,NA,NA,NA,NA
"2415","SL_2020_SSEO_Dive_13_13-59-01.000.avi","48166","15:47:57","555","809","QC","Erica Ebert","85",NA,"2020","13","24","Line","Bad","loitering in same area","BLA","BLA","1",NA,NA,"","",NA,"SSEO","56877",NA,NA,NA,NA,NA,NA,NA
"2416","SL_2020_SSEO_Dive_13_13-59-01.000.avi","48945","15:48:22","581","847","QC","Erica Ebert","85",NA,"2020","13","24","Line","Good","Good Going Forward","GGF","GGF","1",NA,NA,"","",NA,"SSEO","56902",NA,NA,NA,NA,NA,NA,NA
"2417","SL_2020_SSEO_Dive_13_13-59-01.000.avi","56796","15:52:44","570","843","QC","Erica Ebert","85",NA,"2020","13","24","Line","Good","Good Going Forward","GGF","GGF","1",NA,NA,"END","end",NA,"SSEO","57164",NA,NA,NA,NA,NA,NA,NA
"2418","SL_2020_SSEO_Dive_14_15-56-28.000.avi","300","16:53:56","576","839","QC","Erica Ebert","60",NA,"2020","14","25","Line","Good","Good Going Forward","GGF","GGF","1",NA,NA,"START","start",NA,"SSEO","60836",NA,NA,NA,NA,NA,NA,NA
"2419","SL_2020_SSEO_Dive_14_15-56-28.000.avi","11881","17:00:22","531","817","QC","Erica Ebert","60",NA,"2020","14","25","Line","Bad","poor visibility","BPV","BPV","1",NA,NA,"","",NA,"SSEO","61222",NA,NA,NA,NA,NA,NA,NA
"2420","SL_2020_SSEO_Dive_14_15-56-28.000.avi","12272","17:00:35","542","809","QC","Erica Ebert","60",NA,"2020","14","25","Line","Good","Good Going Forward","GGF","GGF","1",NA,NA,"","",NA,"SSEO","61235",NA,NA,NA,NA,NA,NA,NA
"2421","SL_2020_SSEO_Dive_14_15-56-28.000.avi","13630","17:01:20","551","830","QC","Erica Ebert","60",NA,"2020","14","25","Line","Bad","loitering in same area","BLA","BLA","1",NA,NA,"","",NA,"SSEO","61280",NA,NA,NA,NA,NA,NA,NA
"2422","SL_2020_SSEO_Dive_14_15-56-28.000.avi","15115","17:02:10","572","843","QC","Erica Ebert","60",NA,"2020","14","25","Line","Good","Good Going Forward","GGF","GGF","1",NA,NA,"","",NA,"SSEO","61330",NA,NA,NA,NA,NA,NA,NA
"2423","SL_2020_SSEO_Dive_14_15-56-28.000.avi","16243","17:02:47","596","865","QC","Erica Ebert","60",NA,"2020","14","25","Line","Bad","repositioned","BRP","BRP","1",NA,NA,"","REPOSITIONED",NA,"SSEO","61367",NA,NA,NA,NA,NA,NA,NA
"2424","SL_2020_SSEO_Dive_14_15-56-28.000.avi","18893","17:04:16","563","822","QC","Erica Ebert","60",NA,"2020","14","25","Line","Bad","loitering in same area","BLA","BLA","1",NA,NA,"","",NA,"SSEO","61456",NA,NA,NA,NA,NA,NA,NA
"2425","SL_2020_SSEO_Dive_14_15-56-28.000.avi","20552","17:05:11","581","834","QC","Erica Ebert","60",NA,"2020","14","25","Line","Good","Good Going Forward","GGF","GGF","1",NA,NA,"","",NA,"SSEO","61511",NA,NA,NA,NA,NA,NA,NA
"2426","SL_2020_SSEO_Dive_14_15-56-28.000.avi","20742","17:05:17","551","822","QC","Erica Ebert","60",NA,"2020","14","25","Line","Bad","poor visibility","BPV","BPV","1",NA,NA,"","CHANGED DIRECTION NE to NW",NA,"SSEO","61517",NA,NA,NA,NA,NA,NA,NA
"2427","SL_2020_SSEO_Dive_14_15-56-28.000.avi","20990","17:05:26","572","839","QC","Erica Ebert","60",NA,"2020","14","25","Line","Good","Good Going Forward","GGF","GGF","1",NA,NA,"","",NA,"SSEO","61526",NA,NA,NA,NA,NA,NA,NA
"2428","SL_2020_SSEO_Dive_14_15-56-28.000.avi","21333","17:05:37","555","824","QC","Erica Ebert","60",NA,"2020","14","25","Line","Bad","poor visibility","BPV","BPV","1",NA,NA,"","",NA,"SSEO","61537",NA,NA,NA,NA,NA,NA,NA
"2429","SL_2020_SSEO_Dive_14_15-56-28.000.avi","23513","17:06:50","576","845","QC","Erica Ebert","60",NA,"2020","14","25","Line","Good","Good Going Forward","GGF","GGF","1",NA,NA,"","",NA,"SSEO","61610",NA,NA,NA,NA,NA,NA,NA
"2430","SL_2020_SSEO_Dive_14_15-56-28.000.avi","39339","17:15:37","551","819","QC","Erica Ebert","60",NA,"2020","14","25","Line","Bad","poor visibility","BPV","BPV","1",NA,NA,"","",NA,"SSEO","62137",NA,NA,NA,NA,NA,NA,NA
"2431","SL_2020_SSEO_Dive_14_15-56-28.000.avi","40297","17:16:09","572","834","QC","Erica Ebert","60",NA,"2020","14","25","Line","Good","Good Going Forward","GGF","GGF","1",NA,NA,"","",NA,"SSEO","62169",NA,NA,NA,NA,NA,NA,NA
"2432","SL_2020_SSEO_Dive_14_15-56-28.000.avi","66899","17:30:56","581","849","QC","Erica Ebert","60",NA,"2020","14","25","Line","Good","Good Going Forward","GGF","GGF","1",NA,NA,"END","end",NA,"SSEO","63056",NA,NA,NA,NA,NA,NA,NA
"2433","SL_2020_SSEO_Dive_15_08-46-05.000.avi","1980","9:08:30","572","847","QC","Erica Ebert","70",NA,"2020","15","23","Line","Good","Good Going Forward","GGF","GGF","1",NA,NA,"START","start",NA,"SSEO","32910",NA,NA,NA,NA,NA,NA,NA
"2434","SL_2020_SSEO_Dive_15_08-46-05.000.avi","2501","9:08:47","581","843","QC","Erica Ebert","70",NA,"2020","15","23","Line","Bad","poor visibility","BPV","BPV","1",NA,NA,"","",NA,"SSEO","32927",NA,NA,NA,NA,NA,NA,NA
"2435","SL_2020_SSEO_Dive_15_08-46-05.000.avi","3089","9:09:07","563","834","QC","Erica Ebert","70",NA,"2020","15","23","Line","Good","Good Going Forward","GGF","GGF","1",NA,NA,"","",NA,"SSEO","32947",NA,NA,NA,NA,NA,NA,NA
"2436","SL_2020_SSEO_Dive_15_08-46-05.000.avi","3830","9:09:32","585","852","QC","Erica Ebert","70",NA,"2020","15","23","Line","Good","Good Going Forward","GGF","GGF","1",NA,NA,"","shake",NA,"SSEO","32972",NA,NA,NA,NA,NA,NA,NA
"2437","SL_2020_SSEO_Dive_15_08-46-05.000.avi","67198","9:44:44","578","839","QC","Erica Ebert","70",NA,"2020","15","23","Line","Good","Good Going Forward","GGF","GGF","1",NA,NA,"END","end",NA,"SSEO","35084",NA,NA,NA,NA,NA,NA,NA
"2438","SL_2020_SSEO_Dive_16_09-54-54.000.avi","1640","10:35:07","581","854","QC","Erica Ebert","21",NA,"2020","16","21","Line","Good","Good Going Forward","GGF","GGF","1",NA,NA,"START","start",NA,"SSEO","38107",NA,NA,NA,NA,NA,NA,NA
"2439","SL_2020_SSEO_Dive_16_09-54-54.000.avi","74717","11:15:43","585","847","QC","Erica Ebert","21",NA,"2020","16","21","Line","Good","Good Going Forward","GGF","GGF","1",NA,NA,"END","end",NA,"SSEO","40543",NA,NA,NA,NA,NA,NA,NA
"2440","SL_2020_SSEO_Dive_17_11-57-28.000.avi","495","11:57:47","572","843","QC","Erica Ebert","120",NA,"2020","17","22","Line","Good","Good Going Forward","GGF","GGF","1",NA,NA,"START","start",NA,"SSEO","43067",NA,NA,NA,NA,NA,NA,NA
"2441","SL_2020_SSEO_Dive_17_11-57-28.000.avi","15270","12:06:00","568","841","QC","Erica Ebert","120",NA,"2020","17","22","Line","Bad","loitering in same area","BLA","BLA","1",NA,NA,"","",NA,"SSEO","43560",NA,NA,NA,NA,NA,NA,NA
"2442","SL_2020_SSEO_Dive_17_11-57-28.000.avi","15768","12:06:17","563","854","QC","Erica Ebert","120",NA,"2020","17","22","Line","Good","Good Going Forward","GGF","GGF","1",NA,NA,"","",NA,"SSEO","43577",NA,NA,NA,NA,NA,NA,NA
"2443","SL_2020_SSEO_Dive_17_11-57-28.000.avi","24684","12:11:14","555","817","QC","Erica Ebert","120",NA,"2020","17","22","Line","Bad","poor visibility","BPV","BPV","1",NA,NA,"","",NA,"SSEO","43874",NA,NA,NA,NA,NA,NA,NA
"2444","SL_2020_SSEO_Dive_17_11-57-28.000.avi","24883","12:11:20","570","843","QC","Erica Ebert","120",NA,"2020","17","22","Line","Good","Good Going Forward","GGF","GGF","1",NA,NA,"","",NA,"SSEO","43880",NA,NA,NA,NA,NA,NA,NA
"2445","SL_2020_SSEO_Dive_17_11-57-28.000.avi","54725","12:27:55","546","841","QC","Erica Ebert","120",NA,"2020","17","22","Line","Bad","loitering in same area","BLA","BLA","1",NA,NA,"","",NA,"SSEO","44875",NA,NA,NA,NA,NA,NA,NA
"2446","SL_2020_SSEO_Dive_17_11-57-28.000.avi","54988","12:28:04","578","847","QC","Erica Ebert","120",NA,"2020","17","22","Line","Good","Good Going Forward","GGF","GGF","1",NA,NA,"","",NA,"SSEO","44884",NA,NA,NA,NA,NA,NA,NA
"2447","SL_2020_SSEO_Dive_17_11-57-28.000.avi","72131","12:37:35","576","847","QC","Erica Ebert","120",NA,"2020","17","22","Line","Good","Good Going Forward","GGF","GGF","1",NA,NA,"END","end",NA,"SSEO","45455",NA,NA,NA,NA,NA,NA,NA
"2448","SL_2020_SSEO_Dive_18_16-31-06.000.avi","256","16:41:07","578","852","QC","Erica Ebert","80",NA,"2020","18","20","Line","Good","Good Going Forward","GGF","GGF","1",NA,NA,"START","start",NA,"SSEO","60067",NA,NA,NA,NA,NA,NA,NA
"2449","SL_2020_SSEO_Dive_18_16-31-06.000.avi","1293","16:41:41","566","828","QC","Erica Ebert","80",NA,"2020","18","20","Line","Bad","lost bottom visual","BLB","BLB","1",NA,NA,"","",NA,"SSEO","60101",NA,NA,NA,NA,NA,NA,NA
"2450","SL_2020_SSEO_Dive_18_16-31-06.000.avi","1632","16:41:52","578","843","QC","Erica Ebert","80",NA,"2020","18","20","Line","Good","Good Going Forward","GGF","GGF","1",NA,NA,"","",NA,"SSEO","60112",NA,NA,NA,NA,NA,NA,NA
"2451","SL_2020_SSEO_Dive_18_16-31-06.000.avi","28120","16:56:35","553","817","QC","Erica Ebert","80",NA,"2020","18","20","Line","Bad","lost bottom visual","BLB","BLB","1",NA,NA,"","",NA,"SSEO","60995",NA,NA,NA,NA,NA,NA,NA
"2452","SL_2020_SSEO_Dive_18_16-31-06.000.avi","29031","16:57:06","566","830","QC","Erica Ebert","80",NA,"2020","18","20","Line","Good","Good Going Forward","GGF","GGF","1",NA,NA,"","",NA,"SSEO","61026",NA,NA,NA,NA,NA,NA,NA
"2453","SL_2020_SSEO_Dive_18_16-31-06.000.avi","30341","16:57:49","572","845","QC","Erica Ebert","80",NA,"2020","18","20","Line","Bad","poor visibility","BPV","BPV","1",NA,NA,"","",NA,"SSEO","61069",NA,NA,NA,NA,NA,NA,NA
"2454","SL_2020_SSEO_Dive_18_16-31-06.000.avi","30721","16:58:02","598","860","QC","Erica Ebert","80",NA,"2020","18","20","Line","Good","Good Going Forward","GGF","GGF","1",NA,NA,"","",NA,"SSEO","61082",NA,NA,NA,NA,NA,NA,NA
"2455","SL_2020_SSEO_Dive_18_16-31-06.000.avi","40277","17:03:21","583","830","QC","Erica Ebert","80",NA,"2020","18","20","Line","Bad","poor visibility","BPV","BPV","1",NA,NA,"","",NA,"SSEO","61401",NA,NA,NA,NA,NA,NA,NA
"2456","SL_2020_SSEO_Dive_18_16-31-06.000.avi","40512","17:03:28","570","837","QC","Erica Ebert","80",NA,"2020","18","20","Line","Good","Good Going Forward","GGF","GGF","1",NA,NA,"","",NA,"SSEO","61408",NA,NA,NA,NA,NA,NA,NA
"2457","SL_2020_SSEO_Dive_18_16-31-06.000.avi","41044","17:03:46","581","847","QC","Erica Ebert","80",NA,"2020","18","20","Line","Bad","going over drop-off","BDO","BDO","1",NA,NA,"","",NA,"SSEO","61426",NA,NA,NA,NA,NA,NA,NA
"2458","SL_2020_SSEO_Dive_18_16-31-06.000.avi","41642","17:04:06","578","845","QC","Erica Ebert","80",NA,"2020","18","20","Line","Good","Good Going Forward","GGF","GGF","1",NA,NA,"","",NA,"SSEO","61446",NA,NA,NA,NA,NA,NA,NA
"2459","SL_2020_SSEO_Dive_18_16-31-06.000.avi","57782","17:13:04","555","824","QC","Erica Ebert","80",NA,"2020","18","20","Line","Bad","poor visibility","BPV","BPV","1",NA,NA,"","",NA,"SSEO","61984",NA,NA,NA,NA,NA,NA,NA
"2460","SL_2020_SSEO_Dive_18_16-31-06.000.avi","58290","17:13:21","576","845","QC","Erica Ebert","80",NA,"2020","18","20","Line","Good","Good Going Forward","GGF","GGF","1",NA,NA,"","",NA,"SSEO","62001",NA,NA,NA,NA,NA,NA,NA
"2461","SL_2020_SSEO_Dive_18_16-31-06.000.avi","66728","17:18:02","598","858","QC","Erica Ebert","80",NA,"2020","18","20","Line","Bad","poor visibility","BPV","BPV","1",NA,NA,"","",NA,"SSEO","62282",NA,NA,NA,NA,NA,NA,NA
"2462","SL_2020_SSEO_Dive_18_16-31-06.000.avi","68196","17:18:51","585","849","QC","Erica Ebert","80",NA,"2020","18","20","Line","Good","Good Going Forward","GGF","GGF","1",NA,NA,"","",NA,"SSEO","62331",NA,NA,NA,NA,NA,NA,NA
"2463","SL_2020_SSEO_Dive_18_16-31-06.000.avi","70503","17:20:08","576","849","QC","Erica Ebert","80",NA,"2020","18","20","Line","Good","Good Going Forward","GGF","GGF","1",NA,NA,"END","end",NA,"SSEO","62408",NA,NA,NA,NA,NA,NA,NA
"2464","SL_2020_SSEO_Dive_19_17-36-14.000.avi","389","17:47:28","604","856","QC","Erica Ebert","90",NA,"2020","19","19","Line","Good","Good Going Forward","GGF","GGF","1",NA,NA,"START","start",NA,"SSEO","64048",NA,NA,NA,NA,NA,NA,NA
"2465","SL_2020_SSEO_Dive_19_17-36-14.000.avi","25644","18:01:30","551","811","QC","Erica Ebert","90",NA,"2020","19","19","Line","Bad","poor visibility","BPV","BPV","1",NA,NA,"","",NA,"SSEO","64890",NA,NA,NA,NA,NA,NA,NA
"2466","SL_2020_SSEO_Dive_19_17-36-14.000.avi","26399","18:01:55","561","830","QC","Erica Ebert","90",NA,"2020","19","19","Line","Good","Good Going Forward","GGF","GGF","1",NA,NA,"","",NA,"SSEO","64915",NA,NA,NA,NA,NA,NA,NA
"2467","SL_2020_SSEO_Dive_19_17-36-14.000.avi","72504","18:27:32","452","781","QC","Erica Ebert","90",NA,"2020","19","19","Line","Good","Good Going Forward","GGF","GGF","1",NA,NA,"END","end",NA,"SSEO","66452",NA,NA,NA,NA,NA,NA,NA
"2468","SL_2020_SSEO_Dive_2_13-43-10.907.avi","2601","14:29:27","572","837","QC","Erica Ebert","45",NA,"2020","2","35","Line","Good","Good Going Forward","GGF","GGF","1",NA,NA,"START","start",NA,"SSEO","52167",NA,NA,NA,NA,NA,NA,NA
"2469","SL_2020_SSEO_Dive_2_13-43-10.907.avi","40243","14:50:21","555","822","QC","Erica Ebert","45",NA,"2020","2","35","Line","Bad","loitering in same area","BLA","BLA","1",NA,NA,"","",NA,"SSEO","53421",NA,NA,NA,NA,NA,NA,NA
"2470","SL_2020_SSEO_Dive_2_13-43-10.907.avi","40747","14:50:38","568","834","QC","Erica Ebert","45",NA,"2020","2","35","Line","Good","Good Going Forward","GGF","GGF","1",NA,NA,"","",NA,"SSEO","53438",NA,NA,NA,NA,NA,NA,NA
"2471","SL_2020_SSEO_Dive_2_13-43-10.907.avi","67692","15:05:36","568","813","QC","Erica Ebert","45",NA,"2020","2","35","Line","Good","Good Going Forward","GGF","GGF","1",NA,NA,"END","end",NA,"SSEO","54336",NA,NA,NA,NA,NA,NA,NA
"2472","SL_2020_SSEO_Dive_20_09-37-11.000.avi","702","9:48:07","559","817","QC","Erica Ebert","80",NA,"2020","20","15","Line","Good","Good Going Forward","GGF","GGF","1",NA,NA,"START","start",NA,"SSEO","35287",NA,NA,NA,NA,NA,NA,NA
"2473","SL_2020_SSEO_Dive_20_09-37-11.000.avi","43898","10:12:07","518","806","QC","Erica Ebert","80",NA,"2020","20","15","Line","Bad","poor visibility","BPV","BPV","1",NA,NA,"","",NA,"SSEO","36727",NA,NA,NA,NA,NA,NA,NA
"2474","SL_2020_SSEO_Dive_20_09-37-11.000.avi","44264","10:12:19","568","837","QC","Erica Ebert","80",NA,"2020","20","15","Line","Good","Good Going Forward","GGF","GGF","1",NA,NA,"","",NA,"SSEO","36739",NA,NA,NA,NA,NA,NA,NA
"2475","SL_2020_SSEO_Dive_20_09-37-11.000.avi","55955","10:18:49","557","817","QC","Erica Ebert","80",NA,"2020","20","15","Line","Bad","poor visibility","BPV","BPV","1",NA,NA,"","",NA,"SSEO","37129",NA,NA,NA,NA,NA,NA,NA
"2476","SL_2020_SSEO_Dive_20_09-37-11.000.avi","56282","10:19:00","563","832","QC","Erica Ebert","80",NA,"2020","20","15","Line","Good","Good Going Forward","GGF","GGF","1",NA,NA,"","",NA,"SSEO","37140",NA,NA,NA,NA,NA,NA,NA
"2477","SL_2020_SSEO_Dive_20_09-37-11.000.avi","66059","10:24:26","585","841","QC","Erica Ebert","80",NA,"2020","20","15","Line","Good","Good Going Forward","GGF","GGF","1",NA,NA,"END","end",NA,"SSEO","37466",NA,NA,NA,NA,NA,NA,NA
"2478","SL_2020_SSEO_Dive_21_11-20-14.000.avi","645","11:21:34","574","841","QC","Erica Ebert","70",NA,"2020","21","14","Line","Good","Good Going Forward","GGF","GGF","1",NA,NA,"START","start",NA,"SSEO","40894",NA,NA,NA,NA,NA,NA,NA
"2479","SL_2020_SSEO_Dive_21_11-20-14.000.avi","14699","11:29:22","546","796","QC","Erica Ebert","70",NA,"2020","21","14","Line","Bad","poor visibility","BPV","BPV","1",NA,NA,"","",NA,"SSEO","41362",NA,NA,NA,NA,NA,NA,NA
"2480","SL_2020_SSEO_Dive_21_11-20-14.000.avi","14856","11:29:27","566","837","QC","Erica Ebert","70",NA,"2020","21","14","Line","Good","Good Going Forward","GGF","GGF","1",NA,NA,"","",NA,"SSEO","41367",NA,NA,NA,NA,NA,NA,NA
"2481","SL_2020_SSEO_Dive_21_11-20-14.000.avi","44492","11:45:55","576","837","QC","Erica Ebert","70",NA,"2020","21","14","Line","Bad","poor visibility","BPV","BPV","1",NA,NA,"","",NA,"SSEO","42355",NA,NA,NA,NA,NA,NA,NA
"2482","SL_2020_SSEO_Dive_21_11-20-14.000.avi","45191","11:46:18","576","849","QC","Erica Ebert","70",NA,"2020","21","14","Line","Good","Good Going Forward","GGF","GGF","1",NA,NA,"","",NA,"SSEO","42378",NA,NA,NA,NA,NA,NA,NA
"2483","SL_2020_SSEO_Dive_21_11-20-14.000.avi","67528","11:58:43","540","809","QC","Erica Ebert","70",NA,"2020","21","14","Line","Good","Good Going Forward","GGF","GGF","1",NA,NA,"END","end",NA,"SSEO","43123",NA,NA,NA,NA,NA,NA,NA
"2484","SL_2020_SSEO_Dive_22_12-08-18.000.avi","349","13:37:20","600","847","QC","Erica Ebert","120",NA,"2020","22","4","Line","Good","Good Going Forward","GGF","GGF","1",NA,NA,"START","start",NA,"SSEO","49040",NA,NA,NA,NA,NA,NA,NA
"2485","SL_2020_SSEO_Dive_22_12-08-18.000.avi","65409","14:13:28","602","865","QC","Erica Ebert","120",NA,"2020","22","4","Line","Good","Good Going Forward","GGF","GGF","1",NA,NA,"END","end",NA,"SSEO","51208",NA,NA,NA,NA,NA,NA,NA
"2486","SL_2020_SSEO_Dive_23_14-21-11.000.avi","231","14:51:10","578","843","QC","Erica Ebert","130",NA,"2020","23","3","Line","Good","Good Going Forward","GGF","GGF","1",NA,NA,"START","start",NA,"SSEO","53470",NA,NA,NA,NA,NA,NA,NA
"2487","SL_2020_SSEO_Dive_23_14-21-11.000.avi","43923","15:15:26","559","845","QC","Erica Ebert","130",NA,"2020","23","3","Line","Bad","poor visibility","BPV","BPV","1",NA,NA,"","",NA,"SSEO","54926",NA,NA,NA,NA,NA,NA,NA
"2488","SL_2020_SSEO_Dive_23_14-21-11.000.avi","44479","15:15:45","576","847","QC","Erica Ebert","130",NA,"2020","23","3","Line","Good","Good Going Forward","GGF","GGF","1",NA,NA,"","",NA,"SSEO","54945",NA,NA,NA,NA,NA,NA,NA
"2489","SL_2020_SSEO_Dive_23_14-21-11.000.avi","60205","15:24:29","589","852","QC","Erica Ebert","130",NA,"2020","23","3","Line","Good","Good Going Forward","GGF","GGF","1",NA,NA,"END","end",NA,"SSEO","55469",NA,NA,NA,NA,NA,NA,NA
"2490","SL_2020_SSEO_Dive_24_15-26-49.000.avi","274","17:00:09","583","845","QC","Erica Ebert","110",NA,"2020","24","13","Line","Good","Good Going Forward","GGF","GGF","1",NA,NA,"START","start",NA,"SSEO","61209",NA,NA,NA,NA,NA,NA,NA
"2491","SL_2020_SSEO_Dive_24_15-26-49.000.avi","5377","17:02:59","568","826","QC","Erica Ebert","110",NA,"2020","24","13","Line","Bad","loitering in same area","BLA","BLA","1",NA,NA,"","",NA,"SSEO","61379",NA,NA,NA,NA,NA,NA,NA
"2492","SL_2020_SSEO_Dive_24_15-26-49.000.avi","5877","17:03:16","594","852","QC","Erica Ebert","110",NA,"2020","24","13","Line","Good","Good Going Forward","GGF","GGF","1",NA,NA,"","",NA,"SSEO","61396",NA,NA,NA,NA,NA,NA,NA
"2493","SL_2020_SSEO_Dive_24_15-26-49.000.avi","14022","17:07:47","566","834","QC","Erica Ebert","110",NA,"2020","24","13","Line","Bad","poor visibility","BPV","BPV","1",NA,NA,"","",NA,"SSEO","61667",NA,NA,NA,NA,NA,NA,NA
"2494","SL_2020_SSEO_Dive_24_15-26-49.000.avi","18447","17:10:15","585","856","QC","Erica Ebert","110",NA,"2020","24","13","Line","Good","Good Going Forward","GGF","GGF","1",NA,NA,"","",NA,"SSEO","61815",NA,NA,NA,NA,NA,NA,NA
"2495","SL_2020_SSEO_Dive_24_15-26-49.000.avi","26631","17:14:48","594","856","QC","Erica Ebert","110",NA,"2020","24","13","Line","Bad","loitering in same area","BLA","BLA","1",NA,NA,"","",NA,"SSEO","62088",NA,NA,NA,NA,NA,NA,NA
"2496","SL_2020_SSEO_Dive_24_15-26-49.000.avi","27683","17:15:23","596","858","QC","Erica Ebert","110",NA,"2020","24","13","Line","Good","Good Going Forward","GGF","GGF","1",NA,NA,"","",NA,"SSEO","62123",NA,NA,NA,NA,NA,NA,NA
"2497","SL_2020_SSEO_Dive_24_15-26-49.000.avi","64387","17:35:46","529","804","QC","Erica Ebert","110",NA,"2020","24","13","Line","Bad","poor visibility","BPV","BPV","1",NA,NA,"","",NA,"SSEO","63346",NA,NA,NA,NA,NA,NA,NA
"2498","SL_2020_SSEO_Dive_24_15-26-49.000.avi","65143","17:36:11","589","856","QC","Erica Ebert","110",NA,"2020","24","13","Line","Good","Good Going Forward","GGF","GGF","1",NA,NA,"","",NA,"SSEO","63371",NA,NA,NA,NA,NA,NA,NA
"2499","SL_2020_SSEO_Dive_24_15-26-49.000.avi","75172","17:41:46","587","847","QC","Erica Ebert","110",NA,"2020","24","13","Line","Good","Good Going Forward","GGF","GGF","1",NA,NA,"END","end",NA,"SSEO","63706",NA,NA,NA,NA,NA,NA,NA
"2500","SL_2020_SSEO_Dive_25_07-06-42.000.avi","434","7:17:52","574","841","QC","Erica Ebert","110",NA,"2020","25","12","Line","Good","Good Going Forward","GGF","GGF","1",NA,NA,"START","start",NA,"SSEO","26272",NA,NA,NA,NA,NA,NA,NA
"2501","SL_2020_SSEO_Dive_25_07-06-42.000.avi","571","7:17:57","566","819","QC","Erica Ebert","110",NA,"2020","25","12","Line","Bad","poor visibility","BPV","BPV","1",NA,NA,"","",NA,"SSEO","26277",NA,NA,NA,NA,NA,NA,NA
"2502","SL_2020_SSEO_Dive_25_07-06-42.000.avi","1078","7:18:14","576","843","QC","Erica Ebert","110",NA,"2020","25","12","Line","Good","Good Going Forward","GGF","GGF","1",NA,NA,"","",NA,"SSEO","26294",NA,NA,NA,NA,NA,NA,NA
"2503","SL_2020_SSEO_Dive_25_07-06-42.000.avi","7380","7:21:44","574","826","QC","Erica Ebert","110",NA,"2020","25","12","Line","Bad","poor visibility","BPV","BPV","1",NA,NA,"","",NA,"SSEO","26504",NA,NA,NA,NA,NA,NA,NA
"2504","SL_2020_SSEO_Dive_25_07-06-42.000.avi","7861","7:22:00","557","813","QC","Erica Ebert","110",NA,"2020","25","12","Line","Good","Good Going Forward","GGF","GGF","1",NA,NA,"","",NA,"SSEO","26520",NA,NA,NA,NA,NA,NA,NA
"2505","SL_2020_SSEO_Dive_25_07-06-42.000.avi","15626","7:26:19","553","815","QC","Erica Ebert","110",NA,"2020","25","12","Line","Bad","poor visibility","BPV","BPV","1",NA,NA,"","",NA,"SSEO","26779",NA,NA,NA,NA,NA,NA,NA
"2506","SL_2020_SSEO_Dive_25_07-06-42.000.avi","17247","7:27:13","557","809","QC","Erica Ebert","110",NA,"2020","25","12","Line","Good","Good Going Forward","GGF","GGF","1",NA,NA,"","",NA,"SSEO","26833",NA,NA,NA,NA,NA,NA,NA
"2507","SL_2020_SSEO_Dive_25_07-06-42.000.avi","21491","7:29:34","576","837","QC","Erica Ebert","110",NA,"2020","25","12","Line","Bad","loitering in same area","BLA","BLA","1",NA,NA,"","",NA,"SSEO","26974",NA,NA,NA,NA,NA,NA,NA
"2508","SL_2020_SSEO_Dive_25_07-06-42.000.avi","21732","7:29:42","598","858","QC","Erica Ebert","110",NA,"2020","25","12","Line","Good","Good Going Forward","GGF","GGF","1",NA,NA,"","",NA,"SSEO","26982",NA,NA,NA,NA,NA,NA,NA
"2509","SL_2020_SSEO_Dive_25_07-06-42.000.avi","31929","7:35:22","559","826","QC","Erica Ebert","110",NA,"2020","25","12","Line","Bad","poor visibility","BPV","BPV","1",NA,NA,"","",NA,"SSEO","27322",NA,NA,NA,NA,NA,NA,NA
"2510","SL_2020_SSEO_Dive_25_07-06-42.000.avi","32339","7:35:36","581","837","QC","Erica Ebert","110",NA,"2020","25","12","Line","Good","Good Going Forward","GGF","GGF","1",NA,NA,"","",NA,"SSEO","27336",NA,NA,NA,NA,NA,NA,NA
"2511","SL_2020_SSEO_Dive_25_07-06-42.000.avi","48317","7:44:29","535","787","QC","Erica Ebert","110",NA,"2020","25","12","Line","Bad","poor visibility","BPV","BPV","1",NA,NA,"","",NA,"SSEO","27869",NA,NA,NA,NA,NA,NA,NA
"2512","SL_2020_SSEO_Dive_25_07-06-42.000.avi","48559","7:44:37","576","834","QC","Erica Ebert","110",NA,"2020","25","12","Line","Good","Good Going Forward","GGF","GGF","1",NA,NA,"","",NA,"SSEO","27877",NA,NA,NA,NA,NA,NA,NA
"2513","SL_2020_SSEO_Dive_25_07-06-42.000.avi","53874","7:47:34","615","873","QC","Erica Ebert","110",NA,"2020","25","12","Line","Good","Good Going Forward","GGF","GGF","1",NA,NA,"","camera shake switched directions SE to E",NA,"SSEO","28054",NA,NA,NA,NA,NA,NA,NA
"2514","SL_2020_SSEO_Dive_25_07-06-42.000.avi","55311","7:48:22","570","843","QC","Erica Ebert","110",NA,"2020","25","12","Line","Bad","poor visibility","BPV","BPV","1",NA,NA,"","",NA,"SSEO","28102",NA,NA,NA,NA,NA,NA,NA
"2515","SL_2020_SSEO_Dive_25_07-06-42.000.avi","56585","7:49:04","570","839","QC","Erica Ebert","110",NA,"2020","25","12","Line","Good","Good Going Forward","GGF","GGF","1",NA,NA,"","",NA,"SSEO","28144",NA,NA,NA,NA,NA,NA,NA
"2516","SL_2020_SSEO_Dive_25_07-06-42.000.avi","80927","8:02:36","553","826","QC","Erica Ebert","110",NA,"2020","25","12","Line","Good","Good Going Forward","GGF","GGF","1",NA,NA,"END","end",NA,"SSEO","28956",NA,NA,NA,NA,NA,NA,NA
"2517","SL_2020_SSEO_Dive_26_09-30-45.000.avi","587","10:22:57","585","856","QC","Erica Ebert","130",NA,"2020","26","2","Line","Good","Good Going Forward","GGF","GGF","1",NA,NA,"START","start",NA,"SSEO","37377",NA,NA,NA,NA,NA,NA,NA
"2518","SL_2020_SSEO_Dive_26_09-30-45.000.avi","12025","10:29:18","576","841","QC","Erica Ebert","130",NA,"2020","26","2","Line","Bad","loitering in same area","BLA","BLA","1",NA,NA,"","",NA,"SSEO","37758",NA,NA,NA,NA,NA,NA,NA
"2519","SL_2020_SSEO_Dive_26_09-30-45.000.avi","12412","10:29:31","596","858","QC","Erica Ebert","130",NA,"2020","26","2","Line","Good","Good Going Forward","GGF","GGF","1",NA,NA,"","",NA,"SSEO","37771",NA,NA,NA,NA,NA,NA,NA
"2520","SL_2020_SSEO_Dive_26_09-30-45.000.avi","35922","10:42:34","540","804","QC","Erica Ebert","130",NA,"2020","26","2","Line","Bad","loitering in same area","BLA","BLA","1",NA,NA,"","",NA,"SSEO","38554",NA,NA,NA,NA,NA,NA,NA
"2521","SL_2020_SSEO_Dive_26_09-30-45.000.avi","36875","10:43:06","568","822","QC","Erica Ebert","130",NA,"2020","26","2","Line","Good","Good Going Forward","GGF","GGF","1",NA,NA,"","",NA,"SSEO","38586",NA,NA,NA,NA,NA,NA,NA
"2522","SL_2020_SSEO_Dive_26_09-30-45.000.avi","38767","10:44:09","572","847","QC","Erica Ebert","130",NA,"2020","26","2","Line","Bad","lost bottom visual","BLB","BLB","1",NA,NA,"","",NA,"SSEO","38649",NA,NA,NA,NA,NA,NA,NA
"2523","SL_2020_SSEO_Dive_26_09-30-45.000.avi","43047","10:46:32","572","830","QC","Erica Ebert","130",NA,"2020","26","2","Line","Good","Good Going Forward","GGF","GGF","1",NA,NA,"","",NA,"SSEO","38792",NA,NA,NA,NA,NA,NA,NA
"2524","SL_2020_SSEO_Dive_26_09-30-45.000.avi","44077","10:47:06","572","834","QC","Erica Ebert","130",NA,"2020","26","2","Line","Bad","poor visibility","BPV","BPV","1",NA,NA,"","",NA,"SSEO","38826",NA,NA,NA,NA,NA,NA,NA
"2525","SL_2020_SSEO_Dive_26_09-30-45.000.avi","44514","10:47:21","568","834","QC","Erica Ebert","130",NA,"2020","26","2","Line","Good","Good Going Forward","GGF","GGF","1",NA,NA,"","",NA,"SSEO","38841",NA,NA,NA,NA,NA,NA,NA
"2526","SL_2020_SSEO_Dive_26_09-30-45.000.avi","45672","10:47:59","546","826","QC","Erica Ebert","130",NA,"2020","26","2","Line","Bad","poor visibility","BPV","BPV","1",NA,NA,"","",NA,"SSEO","38879",NA,NA,NA,NA,NA,NA,NA
"2527","SL_2020_SSEO_Dive_26_09-30-45.000.avi","52174","10:51:36","578","847","QC","Erica Ebert","130",NA,"2020","26","2","Line","Good","Good Going Forward","GGF","GGF","1",NA,NA,"","",NA,"SSEO","39096",NA,NA,NA,NA,NA,NA,NA
"2528","SL_2020_SSEO_Dive_26_09-30-45.000.avi","73941","11:03:42","540","806","QC","Erica Ebert","130",NA,"2020","26","2","Line","Bad","poor visibility","BPV","BPV","1",NA,NA,"","",NA,"SSEO","39822",NA,NA,NA,NA,NA,NA,NA
"2529","SL_2020_SSEO_Dive_26_09-30-45.000.avi","79083","11:06:33","563","815","QC","Erica Ebert","130",NA,"2020","26","2","Line","Good","Good Going Forward","GGF","GGF","1",NA,NA,"END","end",NA,"SSEO","39993",NA,NA,NA,NA,NA,NA,NA
"2530","SL_2020_SSEO_Dive_27_11-15-30.000.avi","602","12:30:23","589","847","QC","Erica Ebert","90",NA,"2020","27","5","Line","Good","Good Going Forward","GGF","GGF","1",NA,NA,"START","start",NA,"SSEO","45023",NA,NA,NA,NA,NA,NA,NA
"2531","SL_2020_SSEO_Dive_27_11-15-30.000.avi","72043","13:10:04","587","843","QC","Erica Ebert","90",NA,"2020","27","5","Line","Good","Good Going Forward","GGF","GGF","1",NA,NA,"END","end",NA,"SSEO","47404",NA,NA,NA,NA,NA,NA,NA
"2532","SL_2020_SSEO_Dive_28_15-17-12.000.avi","170","15:28:46","553","813","QC","Erica Ebert","80",NA,"2020","28","16","Line","Good","Good Going Forward","GGF","GGF","1",NA,NA,"START","start",NA,"SSEO","55726",NA,NA,NA,NA,NA,NA,NA
"2533","SL_2020_SSEO_Dive_28_15-17-12.000.avi","63794","16:04:06","555","813","QC","Erica Ebert","80",NA,"2020","28","16","Line","Bad","poor visibility","BPV","BPV","1",NA,NA,"","",NA,"SSEO","57846",NA,NA,NA,NA,NA,NA,NA
"2534","SL_2020_SSEO_Dive_28_15-17-12.000.avi","64006","16:04:14","563","828","QC","Erica Ebert","80",NA,"2020","28","16","Line","Good","Good Going Forward","GGF","GGF","1",NA,NA,"","",NA,"SSEO","57854",NA,NA,NA,NA,NA,NA,NA
"2535","SL_2020_SSEO_Dive_28_15-17-12.000.avi","69963","16:07:32","596","858","QC","Erica Ebert","80",NA,"2020","28","16","Line","Bad","poor visibility","BPV","BPV","1",NA,NA,"","",NA,"SSEO","58052",NA,NA,NA,NA,NA,NA,NA
"2536","SL_2020_SSEO_Dive_28_15-17-12.000.avi","70451","16:07:48","576","834","QC","Erica Ebert","80",NA,"2020","28","16","Line","Good","Good Going Forward","GGF","GGF","1",NA,NA,"","",NA,"SSEO","58068",NA,NA,NA,NA,NA,NA,NA
"2537","SL_2020_SSEO_Dive_28_15-17-12.000.avi","79227","16:12:41","585","843","QC","Erica Ebert","80",NA,"2020","28","16","Line","Good","Good Going Forward","GGF","GGF","1",NA,NA,"END","end",NA,"SSEO","58361",NA,NA,NA,NA,NA,NA,NA
"2538","SL_2020_SSEO_Dive_29_15-17-12.000.avi","1900","15:30:24","589","852","QC","Erica Ebert","70",NA,"2020","29","17","Line","Good","Good Going Forward","GGF","GGF","1",NA,NA,"START","start",NA,"SSEO","55824",NA,NA,NA,NA,NA,NA,NA
"2539","SL_2020_SSEO_Dive_29_15-17-12.000.avi","27672","15:53:54","566","813","QC","Erica Ebert","70",NA,"2020","29","17","Line","Bad","poor visibility","BPV","BPV","1",NA,NA,NA,"",NA,"SSEO","57234",NA,NA,NA,NA,NA,NA,NA
"2540","SL_2020_SSEO_Dive_29_15-17-12.000.avi","27815","15:54:01","572","834","QC","Erica Ebert","70",NA,"2020","29","17","Line","Good","Good Going Forward","GGF","GGF","1",NA,NA,NA,"",NA,"SSEO","57241",NA,NA,NA,NA,NA,NA,NA
"2541","SL_2020_SSEO_Dive_29_15-17-12.000.avi","52520","16:16:33","596","862","QC","Erica Ebert","70",NA,"2020","29","17","Line","Bad","poor visibility","BPV","BPV","1",NA,NA,NA,"",NA,"SSEO","58593",NA,NA,NA,NA,NA,NA,NA
"2542","SL_2020_SSEO_Dive_29_15-17-12.000.avi","52770","16:16:46","576","837","QC","Erica Ebert","70",NA,"2020","29","17","Line","Good","Good Going Forward","GGF","GGF","1",NA,NA,NA,"",NA,"SSEO","58606",NA,NA,NA,NA,NA,NA,NA
"2543","SL_2020_SSEO_Dive_29_15-17-12.000.avi","63771","16:26:48","551","826","QC","Erica Ebert","70",NA,"2020","29","17","Line","Bad","poor visibility","BPV","BPV","1",NA,NA,NA,"",NA,"SSEO","59208",NA,NA,NA,NA,NA,NA,NA
"2544","SL_2020_SSEO_Dive_29_15-17-12.000.avi","63979","16:26:59","561","834","QC","Erica Ebert","70",NA,"2020","29","17","Line","Good","Good Going Forward","GGF","GGF","1",NA,NA,NA,"",NA,"SSEO","59219",NA,NA,NA,NA,NA,NA,NA
"2545","SL_2020_SSEO_Dive_29_15-17-12.000.avi","69996","16:32:28","581","830","QC","Erica Ebert","70",NA,"2020","29","17","Line","Bad","poor visibility","BPV","BPV","1",NA,NA,NA,"",NA,"SSEO","59548",NA,NA,NA,NA,NA,NA,NA
"2546","SL_2020_SSEO_Dive_29_15-17-12.000.avi","70433","16:32:52","563","834","QC","Erica Ebert","70",NA,"2020","29","17","Line","Good","Good Going Forward","GGF","GGF","1",NA,NA,NA,"",NA,"SSEO","59572",NA,NA,NA,NA,NA,NA,NA
"2547","SL_2020_SSEO_Dive_29_15-17-12.000.avi","79311","17:52:12","585","845","QC","Erica Ebert","70",NA,"2020","29","17","Line","Good","Good Going Forward","GGF","GGF","1",NA,NA,"END","end?",NA,"SSEO","64332",NA,NA,NA,NA,NA,NA,NA
"2548","SL_2020_SSEO_Dive_3_16-11-57.226.avi","173","16:12:03","572","832","QC","Erica Ebert","190",NA,"2020","3","38","Line","Good","Good Going Forward","GGF","GGF","1",NA,NA,"START","start",NA,"SSEO","58323",NA,NA,NA,NA,NA,NA,NA
"2549","SL_2020_SSEO_Dive_3_16-11-57.226.avi","1473","16:12:46","574","834","QC","Erica Ebert","190",NA,"2020","3","38","Line","Bad","loitering in same area","BLA","BLA","1",NA,NA,NA,"",NA,"SSEO","58366",NA,NA,NA,NA,NA,NA,NA
"2550","SL_2020_SSEO_Dive_3_16-11-57.226.avi","2692","16:13:27","574","845","QC","Erica Ebert","190",NA,"2020","3","38","Line","Good","Good Going Forward","GGF","GGF","1",NA,NA,NA,"",NA,"SSEO","58407",NA,NA,NA,NA,NA,NA,NA
"2551","SL_2020_SSEO_Dive_3_16-11-57.226.avi","4816","16:14:38","566","822","QC","Erica Ebert","190",NA,"2020","3","38","Line","Bad","loitering in same area","BLA","BLA","1",NA,NA,NA,"",NA,"SSEO","58478",NA,NA,NA,NA,NA,NA,NA
"2552","SL_2020_SSEO_Dive_3_16-11-57.226.avi","5131","16:14:48","576","809","QC","Erica Ebert","190",NA,"2020","3","38","Line","Good","Good Going Forward","GGF","GGF","1",NA,NA,NA,"",NA,"SSEO","58488",NA,NA,NA,NA,NA,NA,NA
"2553","SL_2020_SSEO_Dive_3_16-11-57.226.avi","8558","16:16:42","559","830","QC","Erica Ebert","190",NA,"2020","3","38","Line","Bad","lost bottom visual","BLB","BLB","1",NA,NA,NA,"",NA,"SSEO","58602",NA,NA,NA,NA,NA,NA,NA
"2554","SL_2020_SSEO_Dive_3_16-11-57.226.avi","8816","16:16:51","555","822","QC","Erica Ebert","190",NA,"2020","3","38","Line","Good","Good Going Forward","GGF","GGF","1",NA,NA,NA,"",NA,"SSEO","58611",NA,NA,NA,NA,NA,NA,NA
"2555","SL_2020_SSEO_Dive_3_16-11-57.226.avi","10697","16:17:54","488","781","QC","Erica Ebert","190",NA,"2020","3","38","Line","Bad","lost bottom visual","BLB","BLB","1",NA,NA,NA,"",NA,"SSEO","58674",NA,NA,NA,NA,NA,NA,NA
"2556","SL_2020_SSEO_Dive_3_16-11-57.226.avi","11433","16:18:18","568","830","QC","Erica Ebert","190",NA,"2020","3","38","Line","Good","Good Going Forward","GGF","GGF","1",NA,NA,NA,"",NA,"SSEO","58698",NA,NA,NA,NA,NA,NA,NA
"2557","SL_2020_SSEO_Dive_3_16-11-57.226.avi","11615","16:18:24","546","824","QC","Erica Ebert","190",NA,"2020","3","38","Line","Bad","lost bottom visual","BLB","BLB","1",NA,NA,NA,"",NA,"SSEO","58704",NA,NA,NA,NA,NA,NA,NA
"2558","SL_2020_SSEO_Dive_3_16-11-57.226.avi","12135","16:18:41","589","854","QC","Erica Ebert","190",NA,"2020","3","38","Line","Good","Good Going Forward","GGF","GGF","1",NA,NA,NA,"",NA,"SSEO","58721",NA,NA,NA,NA,NA,NA,NA
"2559","SL_2020_SSEO_Dive_3_16-22-44.955.avi","2184","16:23:57","576","843","QC","Erica Ebert","190",NA,"2020","3","38","Line","Bad","loitering in same area","BLA","BLA","1",NA,NA,NA,"",NA,"SSEO","59037",NA,NA,NA,NA,NA,NA,NA
"2560","SL_2020_SSEO_Dive_3_16-22-44.955.avi","2552","16:24:09","585","856","QC","Erica Ebert","190",NA,"2020","3","38","Line","Good","Good Going Forward","GGF","GGF","1",NA,NA,NA,"",NA,"SSEO","59049",NA,NA,NA,NA,NA,NA,NA
"2561","SL_2020_SSEO_Dive_3_16-22-44.955.avi","14479","16:30:47","563","828","QC","Erica Ebert","190",NA,"2020","3","38","Line","Bad","lost bottom visual","BLB","BLB","1",NA,NA,NA,"",NA,"SSEO","59447",NA,NA,NA,NA,NA,NA,NA
"2562","SL_2020_SSEO_Dive_3_16-22-44.955.avi","14733","16:30:55","551","824","QC","Erica Ebert","190",NA,"2020","3","38","Line","Good","Good Going Forward","GGF","GGF","1",NA,NA,NA,"",NA,"SSEO","59455",NA,NA,NA,NA,NA,NA,NA
"2563","SL_2020_SSEO_Dive_3_16-22-44.955.avi","67094","17:00:00","559","834","QC","Erica Ebert","190",NA,"2020","3","38","Line","Good","Good Going Forward","GGF","GGF","1",NA,NA,"END","end",NA,"SSEO","61200",NA,NA,NA,NA,NA,NA,NA
"2564","SL_2020_SSEO_Dive_30_08-25-18.000.avi","810","8:38:16","587","847","QC","Erica Ebert","130",NA,"2020","30","39","Line","Good","Good Going Forward","GGF","GGF","1",NA,NA,"START","start",NA,"SSEO","31096",NA,NA,NA,NA,NA,NA,NA
"2565","SL_2020_SSEO_Dive_30_08-25-18.000.avi","10781","8:43:48","555","804","QC","Erica Ebert","130",NA,"2020","30","39","Line","Bad","poor visibility","BPV","BPV","1",NA,NA,"","",NA,"SSEO","31428",NA,NA,NA,NA,NA,NA,NA
"2566","SL_2020_SSEO_Dive_30_08-25-18.000.avi","12516","8:44:46","596","847","QC","Erica Ebert","130",NA,"2020","30","39","Line","Good","Good Going Forward","GGF","GGF","1",NA,NA,"","",NA,"SSEO","31486",NA,NA,NA,NA,NA,NA,NA
"2567","SL_2020_SSEO_Dive_30_08-25-18.000.avi","13422","8:45:16","568","830","QC","Erica Ebert","130",NA,"2020","30","39","Line","Bad","poor visibility","BPV","BPV","1",NA,NA,"","",NA,"SSEO","31516",NA,NA,NA,NA,NA,NA,NA
"2568","SL_2020_SSEO_Dive_30_08-25-18.000.avi","13766","8:45:28","583","849","QC","Erica Ebert","130",NA,"2020","30","39","Line","Good","Good Going Forward","GGF","GGF","1",NA,NA,"","",NA,"SSEO","31528",NA,NA,NA,NA,NA,NA,NA
"2569","SL_2020_SSEO_Dive_30_08-25-18.000.avi","50848","9:06:04","594","852","QC","Erica Ebert","130",NA,"2020","30","39","Line","Good","Good Going Forward","GGF","GGF","1",NA,NA,"END","end",NA,"SSEO","32764",NA,NA,NA,NA,NA,NA,NA
"2570","SL_2020_SSEO_Dive_31_09-34-49.000.avi","184","9:47:35","604","847","QC","Erica Ebert","90",NA,"2020","31","18","Line","Good","Good Going Forward","GGF","GGF","1",NA,NA,"START","start",NA,"SSEO","35255",NA,NA,NA,NA,NA,NA,NA
"2571","SL_2020_SSEO_Dive_31_09-34-49.000.avi","6650","9:51:11","585","843","QC","Erica Ebert","90",NA,"2020","31","18","Line","Bad","poor visibility","BPV","BPV","1",NA,NA,"","",NA,"SSEO","35471",NA,NA,NA,NA,NA,NA,NA
"2572","SL_2020_SSEO_Dive_31_09-34-49.000.avi","7111","9:51:26","576","843","QC","Erica Ebert","90",NA,"2020","31","18","Line","Good","Good Going Forward","GGF","GGF","1",NA,NA,"","",NA,"SSEO","35486",NA,NA,NA,NA,NA,NA,NA
"2573","SL_2020_SSEO_Dive_31_09-34-49.000.avi","18788","9:57:55","559","819","QC","Erica Ebert","90",NA,"2020","31","18","Line","Bad","poor visibility","BPV","BPV","1",NA,NA,"","",NA,"SSEO","35875",NA,NA,NA,NA,NA,NA,NA
"2574","SL_2020_SSEO_Dive_31_09-34-49.000.avi","19079","9:58:05","583","847","QC","Erica Ebert","90",NA,"2020","31","18","Line","Good","Good Going Forward","GGF","GGF","1",NA,NA,"","",NA,"SSEO","35885",NA,NA,NA,NA,NA,NA,NA
"2575","SL_2020_SSEO_Dive_31_09-34-49.000.avi","64876","10:23:32","594","852","QC","Erica Ebert","90",NA,"2020","31","18","Line","Good","Good Going Forward","GGF","GGF","1",NA,NA,"END","end",NA,"SSEO","37412",NA,NA,NA,NA,NA,NA,NA
"2576","SL_2020_SSEO_Dive_32_14-24-42.000.avi","3408","14:42:04","598","856","QC","Erica Ebert","125",NA,"2020","32","40","Line","Good","Good Going Forward","GGF","GGF","1",NA,NA,"START","start",NA,"SSEO","52924",NA,NA,NA,NA,NA,NA,NA
"2577","SL_2020_SSEO_Dive_32_14-24-42.000.avi","10168","14:45:49","576","843","QC","Erica Ebert","125",NA,"2020","32","40","Line","Bad","poor visibility","BPV","BPV","1",NA,NA,"","",NA,"SSEO","53149",NA,NA,NA,NA,NA,NA,NA
"2578","SL_2020_SSEO_Dive_32_14-24-42.000.avi","10431","14:45:58","600","865","QC","Erica Ebert","125",NA,"2020","32","40","Line","Good","Good Going Forward","GGF","GGF","1",NA,NA,"","",NA,"SSEO","53158",NA,NA,NA,NA,NA,NA,NA
"2579","SL_2020_SSEO_Dive_32_14-24-42.000.avi","72902","15:20:40","585","845","QC","Erica Ebert","125",NA,"2020","32","40","Line","Good","Good Going Forward","GGF","GGF","1",NA,NA,"END","end",NA,"SSEO","55240",NA,NA,NA,NA,NA,NA,NA
"2580","SL_2020_SSEO_Dive_33_15-37-46.000.avi","381","17:51:42","594","847","QC","Erica Ebert","70",NA,"2020","33","31","Line","Good","Good Going Forward","GGF","GGF","1",NA,NA,"START","start",NA,"SSEO","64302",NA,NA,NA,NA,NA,NA,NA
"2581","SL_2020_SSEO_Dive_33_15-37-46.000.avi","24618","18:05:10","538","802","QC","Erica Ebert","70",NA,"2020","33","31","Line","Bad","poor visibility","BPV","BPV","1",NA,NA,"","",NA,"SSEO","65110",NA,NA,NA,NA,NA,NA,NA
"2582","SL_2020_SSEO_Dive_33_15-37-46.000.avi","25338","18:05:34","566","839","QC","Erica Ebert","70",NA,"2020","33","31","Line","Good","Good Going Forward","GGF","GGF","1",NA,NA,"","",NA,"SSEO","65134",NA,NA,NA,NA,NA,NA,NA
"2583","SL_2020_SSEO_Dive_33_15-37-46.000.avi","25688","18:05:45","602","856","QC","Erica Ebert","70",NA,"2020","33","31","Line","Bad","poor visibility","BPV","BPV","1",NA,NA,"","",NA,"SSEO","65145",NA,NA,NA,NA,NA,NA,NA
"2584","SL_2020_SSEO_Dive_33_15-37-46.000.avi","26291","18:06:05","576","845","QC","Erica Ebert","70",NA,"2020","33","31","Line","Good","Good Going Forward","GGF","GGF","1",NA,NA,"","",NA,"SSEO","65165",NA,NA,NA,NA,NA,NA,NA
"2585","SL_2020_SSEO_Dive_33_15-37-46.000.avi","29412","18:07:49","576","847","QC","Erica Ebert","70",NA,"2020","33","31","Line","Bad","poor visibility","BPV","BPV","1",NA,NA,"","",NA,"SSEO","65269",NA,NA,NA,NA,NA,NA,NA
"2586","SL_2020_SSEO_Dive_33_15-37-46.000.avi","30851","18:08:37","576","841","QC","Erica Ebert","70",NA,"2020","33","31","Line","Good","Good Going Forward","GGF","GGF","1",NA,NA,"","",NA,"SSEO","65317",NA,NA,NA,NA,NA,NA,NA
"2587","SL_2020_SSEO_Dive_33_15-37-46.000.avi","72239","18:31:37","572","828","QC","Erica Ebert","70",NA,"2020","33","31","Line","Bad","poor visibility","BPV","BPV","1",NA,NA,"","",NA,"SSEO","66697",NA,NA,NA,NA,NA,NA,NA
"2588","SL_2020_SSEO_Dive_33_15-37-46.000.avi","72638","18:31:50","581","834","QC","Erica Ebert","70",NA,"2020","33","31","Line","Good","Good Going Forward","GGF","GGF","1",NA,NA,"","",NA,"SSEO","66710",NA,NA,NA,NA,NA,NA,NA
"2589","SL_2020_SSEO_Dive_33_15-37-46.000.avi","78280","18:34:58","581","839","QC","Erica Ebert","70",NA,"2020","33","31","Line","Good","Good Going Forward","GGF","GGF","1",NA,NA,"END","end",NA,"SSEO","66898",NA,NA,NA,NA,NA,NA,NA
"2590","SL_2020_SSEO_Dive_4_08-25-40.684.avi","6399","8:29:13","570","841","QC","Erica Ebert","80",NA,"2020","4","32","Line","Good","Good Going Forward","GGF","GGF","1",NA,NA,"START","start",NA,"SSEO","30553",NA,NA,NA,NA,NA,NA,NA
"2591","SL_2020_SSEO_Dive_4_08-25-40.684.avi","8819","8:30:34","570","843","QC","Erica Ebert","80",NA,"2020","4","32","Line","Bad","lost bottom visual","BLB","BLB","1",NA,NA,"","",NA,"SSEO","30634",NA,NA,NA,NA,NA,NA,NA
"2592","SL_2020_SSEO_Dive_4_08-25-40.684.avi","9370","8:30:52","566","834","QC","Erica Ebert","80",NA,"2020","4","32","Line","Good","Good Going Forward","GGF","GGF","1",NA,NA,"","",NA,"SSEO","30652",NA,NA,NA,NA,NA,NA,NA
"2593","SL_2020_SSEO_Dive_4_08-25-40.684.avi","17876","8:35:36","559","832","QC","Erica Ebert","80",NA,"2020","4","32","Line","Bad","loitering in same area","BLA","BLA","1",NA,NA,"","",NA,"SSEO","30936",NA,NA,NA,NA,NA,NA,NA
"2594","SL_2020_SSEO_Dive_4_08-25-40.684.avi","18236","8:35:48","559","839","QC","Erica Ebert","80",NA,"2020","4","32","Line","Good","Good Going Forward","GGF","GGF","1",NA,NA,"","",NA,"SSEO","30948",NA,NA,NA,NA,NA,NA,NA
"2595","SL_2020_SSEO_Dive_4_08-25-40.684.avi","19888","8:36:43","548","830","QC","Erica Ebert","80",NA,"2020","4","32","Line","Bad","lost bottom visual","BLB","BLB","1",NA,NA,"","",NA,"SSEO","31003",NA,NA,NA,NA,NA,NA,NA
"2596","SL_2020_SSEO_Dive_4_08-25-40.684.avi","20718","8:37:11","561","830","QC","Erica Ebert","80",NA,"2020","4","32","Line","Good","Good Going Forward","GGF","GGF","1",NA,NA,"","",NA,"SSEO","31031",NA,NA,NA,NA,NA,NA,NA
"2597","SL_2020_SSEO_Dive_4_08-25-40.684.avi","38466","8:47:02","563","839","QC","Erica Ebert","80",NA,"2020","4","32","Line","Bad","loitering in same area","BLA","BLA","1",NA,NA,"","",NA,"SSEO","31622",NA,NA,NA,NA,NA,NA,NA
"2598","SL_2020_SSEO_Dive_4_08-25-40.684.avi","39158","8:47:25","563","843","QC","Erica Ebert","80",NA,"2020","4","32","Line","Good","Good Going Forward","GGF","GGF","1",NA,NA,"","",NA,"SSEO","31645",NA,NA,NA,NA,NA,NA,NA
"2599","SL_2020_SSEO_Dive_4_08-25-40.684.avi","40876","8:48:23","559","832","QC","Erica Ebert","80",NA,"2020","4","32","Line","Bad","lost bottom visual","BLB","BLB","1",NA,NA,"","",NA,"SSEO","31703",NA,NA,NA,NA,NA,NA,NA
"2600","SL_2020_SSEO_Dive_4_08-25-40.684.avi","41390","8:48:40","555","824","QC","Erica Ebert","80",NA,"2020","4","32","Line","Good","Good Going Forward","GGF","GGF","1",NA,NA,"","",NA,"SSEO","31720",NA,NA,NA,NA,NA,NA,NA
"2601","SL_2020_SSEO_Dive_4_08-25-40.684.avi","55669","8:56:36","563","839","QC","Erica Ebert","80",NA,"2020","4","32","Line","Bad","lost bottom visual","BLB","BLB","1",NA,NA,"","",NA,"SSEO","32196",NA,NA,NA,NA,NA,NA,NA
"2602","SL_2020_SSEO_Dive_4_08-25-40.684.avi","56563","8:57:05","563","837","QC","Erica Ebert","80",NA,"2020","4","32","Line","Good","Good Going Forward","GGF","GGF","1",NA,NA,"","",NA,"SSEO","32225",NA,NA,NA,NA,NA,NA,NA
"2603","SL_2020_SSEO_Dive_4_08-25-40.684.avi","86632","9:13:48","583","854","QC","Erica Ebert","80",NA,"2020","4","32","Line","Good","Good Going Forward","GGF","GGF","1",NA,NA,"END","end of dive 4",NA,"SSEO","33228",NA,NA,NA,NA,NA,NA,NA
"2604","SL_2020_SSEO_Dive_4_08-25-40.684.avi","94101","10:35:44","583","843","QC","Erica Ebert","135",NA,"2020","5","33","Line","Good","Good Going Forward","GGF","GGF","1",NA,NA,"START","start Dive 5",NA,"SSEO","38144",NA,NA,NA,NA,NA,NA,NA
"2605","SL_2020_SSEO_Dive_4_08-25-40.684.avi","120774","10:50:33","555","819","QC","Erica Ebert","135",NA,"2020","5","33","Line","Bad","poor visibility","BPV","BPV","1",NA,NA,"","",NA,"SSEO","39033",NA,NA,NA,NA,NA,NA,NA
"2606","SL_2020_SSEO_Dive_4_08-25-40.684.avi","121003","10:50:50","602","856","QC","Erica Ebert","135",NA,"2020","5","33","Line","Good","Good Going Forward","GGF","GGF","1",NA,NA,"","",NA,"SSEO","39050",NA,NA,NA,NA,NA,NA,NA
"2607","SL_2020_SSEO_Dive_4_08-25-40.684.avi","123410","10:52:00","572","845","QC","Erica Ebert","135",NA,"2020","5","33","Line","Bad","loitering in same area","BLA","BLA","1",NA,NA,"","",NA,"SSEO","39120",NA,NA,NA,NA,NA,NA,NA
"2608","SL_2020_SSEO_Dive_4_08-25-40.684.avi","123844","10:52:15","581","847","QC","Erica Ebert","135",NA,"2020","5","33","Line","Good","Good Going Forward","GGF","GGF","1",NA,NA,"","",NA,"SSEO","39135",NA,NA,NA,NA,NA,NA,NA
"2609","SL_2020_SSEO_Dive_4_08-25-40.684.avi","189205","11:28:34","572","847","QC","Erica Ebert","135",NA,"2020","5","33","Line","Good","Good Going Forward","GGF","GGF","1",NA,NA,"END","end Dive 5",NA,"SSEO","41314",NA,NA,NA,NA,NA,NA,NA
"2610","SL_2020_SSEO_Dive_6_11-51-39.000.avi","213","12:43:41","572","832","QC","Erica Ebert","160",NA,"2020","6","37","Line","Good","Good Going Forward","GGF","GGF","1",NA,NA,"START","start",NA,"SSEO","45821",NA,NA,NA,NA,NA,NA,NA
"2611","SL_2020_SSEO_Dive_6_11-51-39.000.avi","15245","12:52:02","576","843","QC","Erica Ebert","160",NA,"2020","6","37","Line","Bad","loitering in same area","BLA","BLA","1",NA,NA,"","",NA,"SSEO","46322",NA,NA,NA,NA,NA,NA,NA
"2612","SL_2020_SSEO_Dive_6_11-51-39.000.avi","15755","12:52:19","581","839","QC","Erica Ebert","160",NA,"2020","6","37","Line","Good","Good Going Forward","GGF","GGF","1",NA,NA,"","",NA,"SSEO","46339",NA,NA,NA,NA,NA,NA,NA
"2613","SL_2020_SSEO_Dive_6_11-51-39.000.avi","27714","12:58:58","576","837","QC","Erica Ebert","160",NA,"2020","6","37","Line","Bad","loitering in same area","BLA","BLA","1",NA,NA,"","",NA,"SSEO","46738",NA,NA,NA,NA,NA,NA,NA
"2614","SL_2020_SSEO_Dive_6_11-51-39.000.avi","28514","12:59:24","578","841","QC","Erica Ebert","160",NA,"2020","6","37","Line","Good","Good Going Forward","GGF","GGF","1",NA,NA,"","",NA,"SSEO","46764",NA,NA,NA,NA,NA,NA,NA
"2615","SL_2020_SSEO_Dive_6_11-51-39.000.avi","28869","12:59:36","581","847","QC","Erica Ebert","160",NA,"2020","6","37","Line","Bad","loitering in same area","BLA","BLA","1",NA,NA,"","",NA,"SSEO","46776",NA,NA,NA,NA,NA,NA,NA
"2616","SL_2020_SSEO_Dive_6_11-51-39.000.avi","29511","12:59:58","585","847","QC","Erica Ebert","160",NA,"2020","6","37","Line","Good","Good Going Forward","GGF","GGF","1",NA,NA,"","",NA,"SSEO","46798",NA,NA,NA,NA,NA,NA,NA
"2617","SL_2020_SSEO_Dive_6_11-51-39.000.avi","33613","13:02:14","576","843","QC","Erica Ebert","160",NA,"2020","6","37","Line","Bad","loitering in same area","BLA","BLA","1",NA,NA,"","",NA,"SSEO","46934",NA,NA,NA,NA,NA,NA,NA
"2618","SL_2020_SSEO_Dive_6_11-51-39.000.avi","34312","13:02:38","576","843","QC","Erica Ebert","160",NA,"2020","6","37","Line","Good","Good Going Forward","GGF","GGF","1",NA,NA,"","",NA,"SSEO","46958",NA,NA,NA,NA,NA,NA,NA
"2619","SL_2020_SSEO_Dive_6_11-51-39.000.avi","53443","13:13:15","606","865","QC","Erica Ebert","160",NA,"2020","6","37","Line","Bad","poor visibility","BPV","BPV","1",NA,NA,"","",NA,"SSEO","47595",NA,NA,NA,NA,NA,NA,NA
"2620","SL_2020_SSEO_Dive_6_11-51-39.000.avi","54077","13:13:37","581","843","QC","Erica Ebert","160",NA,"2020","6","37","Line","Good","Good Going Forward","GGF","GGF","1",NA,NA,"","",NA,"SSEO","47617",NA,NA,NA,NA,NA,NA,NA
"2621","SL_2020_SSEO_Dive_6_11-51-39.000.avi","82510","13:29:24","583","847","QC","Erica Ebert","160",NA,"2020","6","37","Line","Good","Good Going Forward","GGF","GGF","1",NA,NA,"END","end",NA,"SSEO","48564",NA,NA,NA,NA,NA,NA,NA
"2622","SL_2020_SSEO_Dive_7_13-42-13.000.avi","220","13:42:20","568","837","QC","Erica Ebert","100",NA,"2020","7","36","Line","Good","Good Going Forward","GGF","GGF","1",NA,NA,"START","start",NA,"SSEO","49340",NA,NA,NA,NA,NA,NA,NA
"2623","SL_2020_SSEO_Dive_7_13-42-13.000.avi","68251","14:20:08","576","847","QC","Erica Ebert","100",NA,"2020","7","36","Line","Good","Good Going Forward","GGF","GGF","1",NA,NA,"END","end",NA,"SSEO","51608",NA,NA,NA,NA,NA,NA,NA
"2624","SL_2020_SSEO_Dive_8_17-14-12.000.avi","211","17:31:24","572","847","QC","Erica Ebert","110",NA,"2020","8","30","Line","Good","Good Going Forward","GGF","GGF","1",NA,NA,"START","start",NA,"SSEO","63084",NA,NA,NA,NA,NA,NA,NA
"2625","SL_2020_SSEO_Dive_8_17-14-12.000.avi","33947","17:50:09","533","774","QC","Erica Ebert","110",NA,"2020","8","30","Line","Bad","going over drop-off","BDO","BDO","1",NA,NA,"","",NA,"SSEO","64209",NA,NA,NA,NA,NA,NA,NA
"2626","SL_2020_SSEO_Dive_8_17-14-12.000.avi","34264","17:50:19","572","826","QC","Erica Ebert","110",NA,"2020","8","30","Line","Good","Good Going Forward","GGF","GGF","1",NA,NA,"","",NA,"SSEO","64219",NA,NA,NA,NA,NA,NA,NA
"2627","SL_2020_SSEO_Dive_8_17-14-12.000.avi","35162","17:50:49","561","826","QC","Erica Ebert","110",NA,"2020","8","30","Line","Bad","poor visibility","BPV","BPV","1",NA,NA,"","",NA,"SSEO","64249",NA,NA,NA,NA,NA,NA,NA
"2628","SL_2020_SSEO_Dive_8_17-14-12.000.avi","35343","17:50:55","581","843","QC","Erica Ebert","110",NA,"2020","8","30","Line","Good","Good Going Forward","GGF","GGF","1",NA,NA,"","",NA,"SSEO","64255",NA,NA,NA,NA,NA,NA,NA
"2629","SL_2020_SSEO_Dive_8_17-14-12.000.avi","46139","17:56:55","583","847","QC","Erica Ebert","110",NA,"2020","8","30","Line","Bad","poor visibility","BPV","BPV","1",NA,NA,"","",NA,"SSEO","64615",NA,NA,NA,NA,NA,NA,NA
"2630","SL_2020_SSEO_Dive_8_17-14-12.000.avi","46606","17:57:11","568","826","QC","Erica Ebert","110",NA,"2020","8","30","Line","Good","Good Going Forward","GGF","GGF","1",NA,NA,"","",NA,"SSEO","64631",NA,NA,NA,NA,NA,NA,NA
"2631","SL_2020_SSEO_Dive_8_17-14-12.000.avi","72474","18:11:33","598","862","QC","Erica Ebert","110",NA,"2020","8","30","Line","Good","Good Going Forward","GGF","GGF","1",NA,NA,"END","end",NA,"SSEO","65493",NA,NA,NA,NA,NA,NA,NA
"2632","SL_2020_SSEO_Dive_9_06-44-31.000.avi","285","8:42:40","576","849","QC","Erica Ebert","100",NA,"2020","9","29","Line","Good","Good Going Forward","GGF","GGF","1",NA,NA,"START","start",NA,"SSEO","31360",NA,NA,NA,NA,NA,NA,NA
"2633","SL_2020_SSEO_Dive_9_06-44-31.000.avi","79264","9:26:32","576","852","QC","Erica Ebert","100",NA,"2020","9","29","Line","Good","Good Going Forward","GGF","GGF","1",NA,NA,"END","end",NA,"SSEO","33992",NA,NA,NA,NA,NA,NA,NA
"2634","SL_2020_SSEO_Dive_11_10-55-15.000.avi","247","11:31:46","592","852","QC","Erica Ebert","110",NA,"2020","11","27","Line","Good","Good Going Forward","GGF","GGF","1",NA,NA,"START","start",NA,"SSEO","41506",NA,NA,NA,NA,NA,NA,NA
"2635","SL_2020_SSEO_Dive_11_10-55-15.000.avi","55497","12:02:28","567","838","QC","Erica Ebert","110",NA,"2020","11","27","Line","Bad","going over drop-off","BDO","BDO","1",NA,NA,"","",NA,"SSEO","43348",NA,NA,NA,NA,NA,NA,NA
"2636","SL_2020_SSEO_Dive_11_10-55-15.000.avi","55755","12:02:36","570","842","QC","Erica Ebert","110",NA,"2020","11","27","Line","Good","Good Going Forward","GGF","GGF","1",NA,NA,"","",NA,"SSEO","43356",NA,NA,NA,NA,NA,NA,NA
"2637","SL_2020_SSEO_Dive_11_10-55-15.000.avi","67167","12:08:57","573","841","QC","Erica Ebert","110",NA,"2020","11","27","Line","Good","Good Going Forward","GGF","GGF","1",NA,NA,"END","end",NA,"SSEO","43737",NA,NA,NA,NA,NA,NA,NA
"2638","SL_2022_CSEO_Dive_01_08-41-43.000.avi","58","9:16:00","557","902","QC","Ebert","135","N/A","2022","1","20","Line","Good","Good Going Forward","GGF","GGF","1","AD","Passing","Start","Start",NA,"CSEO","33360",NA,NA,NA,NA,NA,NA,NA
"2639","SL_2022_CSEO_Dive_01_08-41-43.000.avi","66864","9:53:07","518","860","QC","Ebert","135","N/A","2022","1","20","Line","Bad","loitering in same area","BLA","BLA","1","AD","Passing","","",NA,"CSEO","35587",NA,NA,NA,NA,NA,NA,NA
"2640","SL_2022_CSEO_Dive_01_08-41-43.000.avi","67009","9:53:12","524","865","QC","Ebert","135","N/A","2022","1","20","Line","Good","Good Going Forward","GGF","GGF","1","AD","Passing","","",NA,"CSEO","35592",NA,NA,NA,NA,NA,NA,NA
"2641","SL_2022_CSEO_Dive_01_08-41-43.000.avi","76880","9:58:41","524","868","QC","Ebert","135","N/A","2022","1","20","Line","Good","Good Going Forward","GGF","GGF","1","AD","Passing","End","End",NA,"CSEO","35921",NA,NA,NA,NA,NA,NA,NA
"2642","SL_2022_CSEO_Dive_02_11-04-25.000.avi","101","11:18:03","533","861","QC","EricaEbert","125","N/A","2022","2","19","Line","Good","Good Going Forward","GGF","GGF","1","AD","Passing","Start","Start",NA,"CSEO","40683",NA,NA,NA,NA,NA,NA,NA
"2643","SL_2022_CSEO_Dive_02_11-04-25.000.avi","52965","11:47:26","520","860","QC","EricaEbert","125","N/A","2022","2","19","Line","Bad","loitering in same area","BLA","BLA","1","AD","Passing","","",NA,"CSEO","42446",NA,NA,NA,NA,NA,NA,NA
"2644","SL_2022_CSEO_Dive_02_11-04-25.000.avi","53386","11:47:40","542","878","QC","EricaEbert","125","N/A","2022","2","19","Line","Good","Good Going Forward","GGF","GGF","1","AD","Passing","","",NA,"CSEO","42460",NA,NA,NA,NA,NA,NA,NA
"2645","SL_2022_CSEO_Dive_02_11-04-25.000.avi","62864","11:52:55","518","858","QC","EricaEbert","125","N/A","2022","2","19","Line","Bad","loitering in same area","BLA","BLA","1","AD","Passing","","",NA,"CSEO","42775",NA,NA,NA,NA,NA,NA,NA
"2646","SL_2022_CSEO_Dive_02_11-04-25.000.avi","63189","11:53:06","519","864","QC","EricaEbert","125","N/A","2022","2","19","Line","Good","Good Going Forward","GGF","GGF","1","AD","Passing","","",NA,"CSEO","42786",NA,NA,NA,NA,NA,NA,NA
"2647","SL_2022_CSEO_Dive_02_11-04-25.000.avi","82490","12:03:50","531","864","QC","EricaEbert","125","N/A","2022","2","19","Line","Good","Good Going Forward","GGF","GGF","1","AD","Passing","End","End",NA,"CSEO","43430",NA,NA,NA,NA,NA,NA,NA
"2648","SL_2022_CSEO_Dive_03_12-54-47.000.avi","383","13:04:20","497","846","QC","EricaEbert","95","N/A","2022","3","17","Line","Good","Good Going Forward","GGF","GGF","1","AD","Passing","Start","Start",NA,"CSEO","47060",NA,NA,NA,NA,NA,NA,NA
"2649","SL_2022_CSEO_Dive_03_12-54-47.000.avi","17071","13:13:36","510","851","QC","EricaEbert","95","N/A","2022","3","17","Line","Bad","poor visibility","BPV","BPV","1","AD","Passing","","",NA,"CSEO","47616",NA,NA,NA,NA,NA,NA,NA
"2650","SL_2022_CSEO_Dive_03_12-54-47.000.avi","17465","13:13:49","512","847","QC","EricaEbert","95","N/A","2022","3","17","Line","Good","Good Going Forward","GGF","GGF","1","AD","Passing","","",NA,"CSEO","47629",NA,NA,NA,NA,NA,NA,NA
"2651","SL_2022_CSEO_Dive_03_12-54-47.000.avi","56617","13:35:34","501","848","QC","EricaEbert","95","N/A","2022","3","17","Line","Bad","poor visibility","BPV","BPV","1","AD","Passing","","",NA,"CSEO","48934",NA,NA,NA,NA,NA,NA,NA
"2652","SL_2022_CSEO_Dive_03_12-54-47.000.avi","56957","13:35:46","503","847","QC","EricaEbert","95","N/A","2022","3","17","Line","Good","Good Going Forward","GGF","GGF","1","AD","Passing","","",NA,"CSEO","48946",NA,NA,NA,NA,NA,NA,NA
"2653","SL_2022_CSEO_Dive_03_12-54-47.000.avi","57762","13:36:12","542","882","QC","EricaEbert","95","N/A","2022","3","17","Line","Bad","lost bottom visual","BLB","BLB","1","AD","Passing","","",NA,"CSEO","48972",NA,NA,NA,NA,NA,NA,NA
"2654","SL_2022_CSEO_Dive_03_12-54-47.000.avi","58174","13:36:26","501","846","QC","EricaEbert","95","N/A","2022","3","17","Line","Good","Good Going Forward","GGF","GGF","1","AD","Passing","","",NA,"CSEO","48986",NA,NA,NA,NA,NA,NA,NA
"2655","SL_2022_CSEO_Dive_03_12-54-47.000.avi","58374","13:36:33","475","830","QC","EricaEbert","95","N/A","2022","3","17","Line","Bad","poor visibility","BPV","BPV","1","AD","Passing","","",NA,"CSEO","48993",NA,NA,NA,NA,NA,NA,NA
"2656","SL_2022_CSEO_Dive_03_12-54-47.000.avi","58993","13:36:53","501","843","QC","EricaEbert","95","N/A","2022","3","17","Line","Good","Good Going Forward","GGF","GGF","1","AD","Passing","","",NA,"CSEO","49013",NA,NA,NA,NA,NA,NA,NA
"2657","SL_2022_CSEO_Dive_03_12-54-47.000.avi","66432","13:41:01","464","835","QC","EricaEbert","95","N/A","2022","3","17","Line","Bad","lost bottom visual","BLB","BLB","1","AD","Passing","","",NA,"CSEO","49261",NA,NA,NA,NA,NA,NA,NA
"2658","SL_2022_CSEO_Dive_03_12-54-47.000.avi","66597","13:41:07","512","854","QC","EricaEbert","95","N/A","2022","3","17","Line","Good","Good Going Forward","GGF","GGF","1","AD","Passing","","",NA,"CSEO","49267",NA,NA,NA,NA,NA,NA,NA
"2659","SL_2022_CSEO_Dive_03_12-54-47.000.avi","66944","13:41:18","506","854","QC","EricaEbert","95","N/A","2022","3","17","Line","Bad","lost bottom visual","BLB","BLB","1","AD","Passing","","",NA,"CSEO","49278",NA,NA,NA,NA,NA,NA,NA
"2660","SL_2022_CSEO_Dive_03_12-54-47.000.avi","67651","13:41:42","511","850","QC","EricaEbert","95","N/A","2022","3","17","Line","Good","Good Going Forward","GGF","GGF","1","AD","Passing","","",NA,"CSEO","49302",NA,NA,NA,NA,NA,NA,NA
"2661","SL_2022_CSEO_Dive_03_12-54-47.000.avi","75414","13:46:01","494","838","QC","EricaEbert","95","N/A","2022","3","17","Line","Bad","poor visibility","BPV","BPV","1","AD","Passing","","",NA,"CSEO","49561",NA,NA,NA,NA,NA,NA,NA
"2662","SL_2022_CSEO_Dive_03_12-54-47.000.avi","76109","13:46:24","497","851","QC","EricaEbert","95","N/A","2022","3","17","Line","Good","Good Going Forward","GGF","GGF","1","AD","Passing","","",NA,"CSEO","49584",NA,NA,NA,NA,NA,NA,NA
"2663","SL_2022_CSEO_Dive_03_12-54-47.000.avi","76494","13:46:37","494","847","QC","EricaEbert","95","N/A","2022","3","17","Line","Bad","poor visibility","BPV","BPV","1","AD","Passing","","",NA,"CSEO","49597",NA,NA,NA,NA,NA,NA,NA
"2664","SL_2022_CSEO_Dive_03_12-54-47.000.avi","77358","13:47:06","503","844","QC","EricaEbert","95","N/A","2022","3","17","Line","Good","Good Going Forward","GGF","GGF","1","AD","Passing","","",NA,"CSEO","49626",NA,NA,NA,NA,NA,NA,NA
"2665","SL_2022_CSEO_Dive_03_12-54-47.000.avi","78617","13:47:48","502","846","QC","EricaEbert","95","N/A","2022","3","17","Line","Bad","lost bottom visual","BLB","BLB","1","AD","Passing","","",NA,"CSEO","49668",NA,NA,NA,NA,NA,NA,NA
"2666","SL_2022_CSEO_Dive_03_12-54-47.000.avi","79156","13:48:06","505","844","QC","EricaEbert","95","N/A","2022","3","17","Line","Good","Good Going Forward","GGF","GGF","1","AD","Passing","","",NA,"CSEO","49686",NA,NA,NA,NA,NA,NA,NA
"2667","SL_2022_CSEO_Dive_03_12-54-47.000.avi","84715","13:51:11","519","858","QC","EricaEbert","95","N/A","2022","3","17","Line","Good","Good Going Forward","GGF","GGF","1","AD","Passing","End","End",NA,"CSEO","49871",NA,NA,NA,NA,NA,NA,NA
"2668","SL_2022_CSEO_Dive_04_14-39-10.000.avi","389","14:52:22","520","863","QC","EricaEbert","135","N/A","2022","4","16","Line","Good","Good Going Forward","GGF","GGF","1","AD","Passing","Start","Start",NA,"CSEO","53542",NA,NA,NA,NA,NA,NA,NA
"2669","SL_2022_CSEO_Dive_04_14-39-10.000.avi","79755","15:36:28","502","850","QC","EricaEbert","135","N/A","2022","4","16","Line","Good","Good Going Forward","GGF","GGF","1","AD","Passing","End","End",NA,"CSEO","56188",NA,NA,NA,NA,NA,NA,NA
"2670","SL_2022_CSEO_Dive_05_16-23-30.000.avi","251","16:35:23","522","865","QC","EricaEbert","140","N/A","2022","5","11","Line","Good","Good Going Forward","GGF","GGF","1","AD","Passing","Start","Start",NA,"CSEO","59723",NA,NA,NA,NA,NA,NA,NA
"2671","SL_2022_CSEO_Dive_05_16-23-30.000.avi","36150","16:55:20","490","835","QC","EricaEbert","140","N/A","2022","5","11","Line","Bad","going over drop-off","BDO","BDO","1","AD","Passing","","",NA,"CSEO","60920",NA,NA,NA,NA,NA,NA,NA
"2672","SL_2022_CSEO_Dive_05_16-23-30.000.avi","36341","16:55:26","506","850","QC","EricaEbert","140","N/A","2022","5","11","Line","Good","Good Going Forward","GGF","GGF","1","AD","Passing","","",NA,"CSEO","60926",NA,NA,NA,NA,NA,NA,NA
"2673","SL_2022_CSEO_Dive_05_16-23-30.000.avi","39146","16:57:00","467","822","QC","EricaEbert","140","N/A","2022","5","11","Line","Bad","lost bottom visual","BLB","BLB","1","AD","Passing","","",NA,"CSEO","61020",NA,NA,NA,NA,NA,NA,NA
"2674","SL_2022_CSEO_Dive_05_16-23-30.000.avi","39775","16:57:21","506","851","QC","EricaEbert","140","N/A","2022","5","11","Line","Good","Good Going Forward","GGF","GGF","1","AD","Passing","","",NA,"CSEO","61041",NA,NA,NA,NA,NA,NA,NA
"2675","SL_2022_CSEO_Dive_05_16-23-30.000.avi","53290","17:04:51","525","867","QC","EricaEbert","140","N/A","2022","5","11","Line","Bad","poor visibility","BPV","BPV","1","AD","Passing","","",NA,"CSEO","61491",NA,NA,NA,NA,NA,NA,NA
"2676","SL_2022_CSEO_Dive_05_16-23-30.000.avi","53695","17:05:05","508","851","QC","EricaEbert","140","N/A","2022","5","11","Line","Good","Good Going Forward","GGF","GGF","1","AD","Passing","","",NA,"CSEO","61505",NA,NA,NA,NA,NA,NA,NA
"2677","SL_2022_CSEO_Dive_05_16-23-30.000.avi","53933","17:05:13","495","835","QC","EricaEbert","140","N/A","2022","5","11","Line","Bad","poor visibility","BPV","BPV","1","AD","Passing","","",NA,"CSEO","61513",NA,NA,NA,NA,NA,NA,NA
"2678","SL_2022_CSEO_Dive_05_16-23-30.000.avi","54306","17:05:25","516","856","QC","EricaEbert","140","N/A","2022","5","11","Line","Good","Good Going Forward","GGF","GGF","1","AD","Passing","","",NA,"CSEO","61525",NA,NA,NA,NA,NA,NA,NA
"2679","SL_2022_CSEO_Dive_05_16-23-30.000.avi","87756","17:24:00","533","873","QC","EricaEbert","140","N/A","2022","5","11","Line","Good","Good Going Forward","GGF","GGF","1","AD","Passing","End","End",NA,"CSEO","62640",NA,NA,NA,NA,NA,NA,NA
"2680","SL_2022_CSEO_Dive_06_08-22-23.000.avi","841","8:26:25","554","876","QC","EricaEbert","80","N/A","2022","6","14","Line","Good","Good Going Forward","GGF","GGF","1","AD","Passing","Start","Start",NA,"CSEO","30385",NA,NA,NA,NA,NA,NA,NA
"2681","SL_2022_CSEO_Dive_06_08-22-23.000.avi","80655","9:10:45","525","850","QC","EricaEbert","80","N/A","2022","6","14","Line","Good","Good Going Forward","GGF","GGF","1","AD","Passing","End","End",NA,"CSEO","33045",NA,NA,NA,NA,NA,NA,NA
"2682","SL_2022_CSEO_Dive_07_09-45-45.000.avi","410","9:55:12","661","906","QC","EricaEbert","95","N/A","2022","7","13","Line","Good","Good Going Forward","GGF","GGF","1","AD","Passing","Start","Start",NA,"CSEO","35712",NA,NA,NA,NA,NA,NA,NA
"2683","SL_2022_CSEO_Dive_07_09-45-45.000.avi","75004","10:36:38","625","867","QC","EricaEbert","95","N/A","2022","7","13","Line","Good","Good Going Forward","GGF","GGF","1","AD","Passing","End","End",NA,"CSEO","38198",NA,NA,NA,NA,NA,NA,NA
"2684","SL_2022_CSEO_Dive_08_11-20-06.000.avi","198","11:30:56","613","864","QC","EricaEbert","115","N/A","2022","8","12","Line","Good","Good Going Forward","GGF","GGF","1","AD","Passing","Start","Start",NA,"CSEO","41456",NA,NA,NA,NA,NA,NA,NA
"2685","SL_2022_CSEO_Dive_08_11-20-06.000.avi","21163","11:42:34","590","843","QC","EricaEbert","115","N/A","2022","8","12","Line","Bad","going over drop-off","BDO","BDO","1","AD","Passing","","",NA,"CSEO","42154",NA,NA,NA,NA,NA,NA,NA
"2686","SL_2022_CSEO_Dive_08_11-20-06.000.avi","21668","11:42:51","599","854","QC","EricaEbert","115","N/A","2022","8","12","Line","Good","Good Going Forward","GGF","GGF","1","AD","Passing","","",NA,"CSEO","42171",NA,NA,NA,NA,NA,NA,NA
"2687","SL_2022_CSEO_Dive_08_11-20-06.000.avi","86364","12:18:48","608","858","QC","EricaEbert","115","N/A","2022","8","12","Line","Good","Good Going Forward","GGF","GGF","1","AD","Passing","End","End",NA,"CSEO","44328",NA,NA,NA,NA,NA,NA,NA
"2688","SL_2022_CSEO_Dive_09_13-09-48.000.avi","353","13:23:14","637","892","QC","EricaEbert","100","N/A","2022","9","10","Line","Good","Good Going Forward","GGF","GGF","1","AD","Passing","Start","Start",NA,"CSEO","48194",NA,NA,NA,NA,NA,NA,NA
"2689","SL_2022_CSEO_Dive_09_13-09-48.000.avi","597","13:23:22","607","855","QC","EricaEbert","100","N/A","2022","9","10","Line","Bad","bottom stir-up","BBS","BBS","1","AD","Passing","","",NA,"CSEO","48202",NA,NA,NA,NA,NA,NA,NA
"2690","SL_2022_CSEO_Dive_09_13-09-48.000.avi","817","13:23:29","625","880","QC","EricaEbert","100","N/A","2022","9","10","Line","Good","Good Going Forward","GGF","GGF","1","AD","Passing","","",NA,"CSEO","48209",NA,NA,NA,NA,NA,NA,NA
"2691","SL_2022_CSEO_Dive_09_13-09-48.000.avi","1123","13:23:39","608","865","QC","EricaEbert","100","N/A","2022","9","10","Line","Bad","poor visibility","BPV","BPV","1","AD","Passing","","",NA,"CSEO","48219",NA,NA,NA,NA,NA,NA,NA
"2692","SL_2022_CSEO_Dive_09_13-09-48.000.avi","1926","13:24:06","616","868","QC","EricaEbert","100","N/A","2022","9","10","Line","Good","Good Going Forward","GGF","GGF","1","AD","Passing","","",NA,"CSEO","48246",NA,NA,NA,NA,NA,NA,NA
"2693","SL_2022_CSEO_Dive_09_13-09-48.000.avi","2117","13:24:13","609","876","QC","EricaEbert","100","N/A","2022","9","10","Line","Bad","poor visibility","BPV","BPV","1","AD","Passing","","",NA,"CSEO","48253",NA,NA,NA,NA,NA,NA,NA
"2694","SL_2022_CSEO_Dive_09_13-09-48.000.avi","7148","13:27:00","621","881","QC","EricaEbert","100","N/A","2022","9","10","Line","Good","Good Going Forward","GGF","GGF","1","AD","Passing","","",NA,"CSEO","48420",NA,NA,NA,NA,NA,NA,NA
"2695","SL_2022_CSEO_Dive_09_13-09-48.000.avi","8349","13:27:40","633","878","QC","EricaEbert","100","N/A","2022","9","10","Line","Bad","poor visibility","BPV","BPV","1","AD","Passing","","",NA,"CSEO","48460",NA,NA,NA,NA,NA,NA,NA
"2696","SL_2022_CSEO_Dive_09_13-09-48.000.avi","19774","13:34:01","656","899","QC","EricaEbert","100","N/A","2022","9","10","Line","Good","Good Going Forward","GGF","GGF","1","AD","Passing","","",NA,"CSEO","48841",NA,NA,NA,NA,NA,NA,NA
"2697","SL_2022_CSEO_Dive_09_13-09-48.000.avi","20250","13:34:17","641","892","QC","EricaEbert","100","N/A","2022","9","10","Line","Bad","poor visibility","BPV","BPV","1","AD","Passing","","",NA,"CSEO","48857",NA,NA,NA,NA,NA,NA,NA
"2698","SL_2022_CSEO_Dive_09_13-09-48.000.avi","20568","13:34:28","646","897","QC","EricaEbert","100","N/A","2022","9","10","Line","Good","Good Going Forward","GGF","GGF","1","AD","Passing","","",NA,"CSEO","48868",NA,NA,NA,NA,NA,NA,NA
"2699","SL_2022_CSEO_Dive_09_13-09-48.000.avi","21959","13:35:14","680","923","QC","EricaEbert","100","N/A","2022","9","10","Line","Bad","poor visibility","BPV","BPV","1","AD","Passing","","",NA,"CSEO","48914",NA,NA,NA,NA,NA,NA,NA
"2700","SL_2022_CSEO_Dive_09_13-09-48.000.avi","27333","13:38:13","637","881","QC","EricaEbert","100","N/A","2022","9","10","Line","Good","Good Going Forward","GGF","GGF","1","AD","Passing","","",NA,"CSEO","49093",NA,NA,NA,NA,NA,NA,NA
"2701","SL_2022_CSEO_Dive_09_13-09-48.000.avi","28106","13:38:39","642","892","QC","EricaEbert","100","N/A","2022","9","10","Line","Bad","poor visibility","BPV","BPV","1","AD","Passing","","",NA,"CSEO","49119",NA,NA,NA,NA,NA,NA,NA
"2702","SL_2022_CSEO_Dive_09_13-09-48.000.avi","29032","13:39:10","634","893","QC","EricaEbert","100","N/A","2022","9","10","Line","Good","Good Going Forward","GGF","GGF","1","AD","Passing","","",NA,"CSEO","49150",NA,NA,NA,NA,NA,NA,NA
"2703","SL_2022_CSEO_Dive_09_13-09-48.000.avi","30159","13:39:47","609","858","QC","EricaEbert","100","N/A","2022","9","10","Line","Bad","poor visibility","BPV","BPV","1","AD","Passing","","",NA,"CSEO","49187",NA,NA,NA,NA,NA,NA,NA
"2704","SL_2022_CSEO_Dive_09_13-09-48.000.avi","31429","13:40:30","658","915","QC","EricaEbert","100","N/A","2022","9","10","Line","Good","Good Going Forward","GGF","GGF","1","AD","Passing","","",NA,"CSEO","49230",NA,NA,NA,NA,NA,NA,NA
"2705","SL_2022_CSEO_Dive_09_13-09-48.000.avi","34082","13:41:58","603","863","QC","EricaEbert","100","N/A","2022","9","10","Line","Bad","poor visibility","BPV","BPV","1","AD","Passing","","",NA,"CSEO","49318",NA,NA,NA,NA,NA,NA,NA
"2706","SL_2022_CSEO_Dive_09_13-09-48.000.avi","35310","13:42:39","616","868","QC","EricaEbert","100","N/A","2022","9","10","Line","Good","Good Going Forward","GGF","GGF","1","AD","Passing","","",NA,"CSEO","49359",NA,NA,NA,NA,NA,NA,NA
"2707","SL_2022_CSEO_Dive_09_13-09-48.000.avi","38450","13:44:24","565","830","QC","EricaEbert","100","N/A","2022","9","10","Line","Bad","poor visibility","BPV","BPV","1","AD","Passing","","",NA,"CSEO","49464",NA,NA,NA,NA,NA,NA,NA
"2708","SL_2022_CSEO_Dive_09_13-09-48.000.avi","39689","13:45:05","600","863","QC","EricaEbert","100","N/A","2022","9","10","Line","Good","Good Going Forward","GGF","GGF","1","AD","Passing","","",NA,"CSEO","49505",NA,NA,NA,NA,NA,NA,NA
"2709","SL_2022_CSEO_Dive_09_13-09-48.000.avi","39800","13:45:09","612","880","QC","EricaEbert","100","N/A","2022","9","10","Line","Bad","poor visibility","BPV","BPV","1","AD","Passing","","",NA,"CSEO","49509",NA,NA,NA,NA,NA,NA,NA
"2710","SL_2022_CSEO_Dive_09_13-09-48.000.avi","40541","13:45:33","603","871","QC","EricaEbert","100","N/A","2022","9","10","Line","Good","Good Going Forward","GGF","GGF","1","AD","Passing","","",NA,"CSEO","49533",NA,NA,NA,NA,NA,NA,NA
"2711","SL_2022_CSEO_Dive_09_13-09-48.000.avi","47989","13:49:42","643","889","QC","EricaEbert","100","N/A","2022","9","10","Line","Bad","poor visibility","BPV","BPV","1","AD","Passing","","",NA,"CSEO","49782",NA,NA,NA,NA,NA,NA,NA
"2712","SL_2022_CSEO_Dive_09_13-09-48.000.avi","66578","14:00:01","613","865","QC","EricaEbert","100","N/A","2022","9","10","Line","Good","Good Going Forward","GGF","GGF","1","AD","Passing","","",NA,"CSEO","50401",NA,NA,NA,NA,NA,NA,NA
"2713","SL_2022_CSEO_Dive_09_13-09-48.000.avi","67574","14:00:34","630","892","QC","EricaEbert","100","N/A","2022","9","10","Line","Bad","poor visibility","BPV","BPV","1","AD","Passing","","",NA,"CSEO","50434",NA,NA,NA,NA,NA,NA,NA
"2714","SL_2022_CSEO_Dive_09_13-09-48.000.avi","70773","14:02:21","641","897","QC","EricaEbert","100","N/A","2022","9","10","Line","Good","Good Going Forward","GGF","GGF","1","AD","Passing","","",NA,"CSEO","50541",NA,NA,NA,NA,NA,NA,NA
"2715","SL_2022_CSEO_Dive_09_13-09-48.000.avi","72131","14:03:06","663","907","QC","EricaEbert","100","N/A","2022","9","10","Line","Bad","poor visibility","BPV","BPV","1","AD","Passing","","",NA,"CSEO","50586",NA,NA,NA,NA,NA,NA,NA
"2716","SL_2022_CSEO_Dive_09_13-09-48.000.avi","73487","14:03:52","641","897","QC","EricaEbert","100","N/A","2022","9","10","Line","Good","Good Going Forward","GGF","GGF","1","AD","Passing","","",NA,"CSEO","50632",NA,NA,NA,NA,NA,NA,NA
"2717","SL_2022_CSEO_Dive_09_13-09-48.000.avi","75866","14:05:11","613","873","QC","EricaEbert","100","N/A","2022","9","10","Line","Bad","poor visibility","BPV","BPV","1","AD","Passing","","",NA,"CSEO","50711",NA,NA,NA,NA,NA,NA,NA
"2718","SL_2022_CSEO_Dive_09_13-09-48.000.avi","84839","14:10:10","613","868","QC","EricaEbert","100","N/A","2022","9","10","Line","Good","Good Going Forward","GGF","GGF","1","AD","Passing","","",NA,"CSEO","51010",NA,NA,NA,NA,NA,NA,NA
"2719","SL_2022_CSEO_Dive_09_13-09-48.000.avi","86283","14:10:58","584","839","QC","EricaEbert","100","N/A","2022","9","10","Line","Bad","poor visibility","BPV","BPV","1","AD","Passing","","",NA,"CSEO","51058",NA,NA,NA,NA,NA,NA,NA
"2720","SL_2022_CSEO_Dive_09_13-09-48.000.avi","89255","14:12:37","626","882","QC","EricaEbert","100","N/A","2022","9","10","Line","Good","Good Going Forward","GGF","GGF","1","AD","Passing","","",NA,"CSEO","51157",NA,NA,NA,NA,NA,NA,NA
"2721","SL_2022_CSEO_Dive_09_13-09-48.000.avi","99303","14:18:12","593","848","QC","EricaEbert","100","N/A","2022","9","10","Line","Bad","poor visibility","BPV","BPV","1","AD","Passing","","",NA,"CSEO","51492",NA,NA,NA,NA,NA,NA,NA
"2722","SL_2022_CSEO_Dive_09_13-09-48.000.avi","101158","14:19:14","610","863","QC","EricaEbert","100","N/A","2022","9","10","Line","Good","Good Going Forward","GGF","GGF","1","AD","Passing","End","End",NA,"CSEO","51554",NA,NA,NA,NA,NA,NA,NA
"2723","SL_2022_CSEO_Dive_10_14-50-39.000.avi","116","14:59:15","651","892","QC","EricaEbert","115","N/A","2022","10","9","Line","Good","Good Going Forward","GGF","GGF","1","AD","Passing","Start","Start",NA,"CSEO","53955",NA,NA,NA,NA,NA,NA,NA
"2724","SL_2022_CSEO_Dive_10_14-50-39.000.avi","182","14:59:17","622","875","QC","EricaEbert","115","N/A","2022","10","9","Line","Bad","poor visibility","BPV","BPV","1","AD","Passing","","",NA,"CSEO","53957",NA,NA,NA,NA,NA,NA,NA
"2725","SL_2022_CSEO_Dive_10_14-50-39.000.avi","33400","15:17:44","642","888","QC","EricaEbert","115","N/A","2022","10","9","Line","Good","Good Going Forward","GGF","GGF","1","AD","Passing","","",NA,"CSEO","55064",NA,NA,NA,NA,NA,NA,NA
"2726","SL_2022_CSEO_Dive_10_14-50-39.000.avi","39063","15:20:53","587","843","QC","EricaEbert","115","N/A","2022","10","9","Line","Bad","poor visibility","BPV","BPV","1","AD","Passing","","",NA,"CSEO","55253",NA,NA,NA,NA,NA,NA,NA
"2727","SL_2022_CSEO_Dive_10_14-50-39.000.avi","39823","15:21:18","651","892","QC","EricaEbert","115","N/A","2022","10","9","Line","Good","Good Going Forward","GGF","GGF","1","AD","Passing","","",NA,"CSEO","55278",NA,NA,NA,NA,NA,NA,NA
"2728","SL_2022_CSEO_Dive_10_14-50-39.000.avi","40855","15:21:53","596","835","QC","EricaEbert","115","N/A","2022","10","9","Line","Bad","poor visibility","BPV","BPV","1","AD","Passing","","",NA,"CSEO","55313",NA,NA,NA,NA,NA,NA,NA
"2729","SL_2022_CSEO_Dive_10_14-50-39.000.avi","41832","15:22:25","614","871","QC","EricaEbert","115","N/A","2022","10","9","Line","Good","Good Going Forward","GGF","GGF","1","AD","Passing","","",NA,"CSEO","55345",NA,NA,NA,NA,NA,NA,NA
"2730","SL_2022_CSEO_Dive_10_14-50-39.000.avi","43050","15:23:06","597","846","QC","EricaEbert","115","N/A","2022","10","9","Line","Bad","poor visibility","BPV","BPV","1","AD","Passing","","",NA,"CSEO","55386",NA,NA,NA,NA,NA,NA,NA
"2731","SL_2022_CSEO_Dive_10_14-50-39.000.avi","43401","15:23:18","630","876","QC","EricaEbert","115","N/A","2022","10","9","Line","Good","Good Going Forward","GGF","GGF","1","AD","Passing","","",NA,"CSEO","55398",NA,NA,NA,NA,NA,NA,NA
"2732","SL_2022_CSEO_Dive_10_14-50-39.000.avi","44552","15:23:56","618","865","QC","EricaEbert","115","N/A","2022","10","9","Line","Bad","poor visibility","BPV","BPV","1","AD","Passing","","",NA,"CSEO","55436",NA,NA,NA,NA,NA,NA,NA
"2733","SL_2022_CSEO_Dive_10_14-50-39.000.avi","44905","15:24:08","643","894","QC","EricaEbert","115","N/A","2022","10","9","Line","Good","Good Going Forward","GGF","GGF","1","AD","Passing","","",NA,"CSEO","55448",NA,NA,NA,NA,NA,NA,NA
"2734","SL_2022_CSEO_Dive_10_14-50-39.000.avi","45535","15:24:29","610","865","QC","EricaEbert","115","N/A","2022","10","9","Line","Bad","poor visibility","BPV","BPV","1","AD","Passing","","",NA,"CSEO","55469",NA,NA,NA,NA,NA,NA,NA
"2735","SL_2022_CSEO_Dive_10_14-50-39.000.avi","47143","15:25:22","633","881","QC","EricaEbert","115","N/A","2022","10","9","Line","Good","Good Going Forward","GGF","GGF","1","AD","Passing","","",NA,"CSEO","55522",NA,NA,NA,NA,NA,NA,NA
"2736","SL_2022_CSEO_Dive_10_14-50-39.000.avi","51043","15:27:32","599","843","QC","EricaEbert","115","N/A","2022","10","9","Line","Bad","poor visibility","BPV","BPV","1","AD","Passing","","",NA,"CSEO","55652",NA,NA,NA,NA,NA,NA,NA
"2737","SL_2022_CSEO_Dive_10_14-50-39.000.avi","57243","15:30:59","629","886","QC","EricaEbert","115","N/A","2022","10","9","Line","Good","Good Going Forward","GGF","GGF","1","AD","Passing","","",NA,"CSEO","55859",NA,NA,NA,NA,NA,NA,NA
"2738","SL_2022_CSEO_Dive_10_14-50-39.000.avi","58880","15:31:54","613","868","QC","EricaEbert","115","N/A","2022","10","9","Line","Bad","poor visibility","BPV","BPV","1","AD","Passing","","",NA,"CSEO","55914",NA,NA,NA,NA,NA,NA,NA
"2739","SL_2022_CSEO_Dive_10_14-50-39.000.avi","64047","15:34:46","634","895","QC","EricaEbert","115","N/A","2022","10","9","Line","Good","Good Going Forward","GGF","GGF","1","AD","Passing","","",NA,"CSEO","56086",NA,NA,NA,NA,NA,NA,NA
"2740","SL_2022_CSEO_Dive_10_14-50-39.000.avi","68644","15:37:19","634","876","QC","EricaEbert","115","N/A","2022","10","9","Line","Bad","poor visibility","BPV","BPV","1","AD","Passing","","",NA,"CSEO","56239",NA,NA,NA,NA,NA,NA,NA
"2741","SL_2022_CSEO_Dive_10_14-50-39.000.avi","74206","15:40:25","616","872","QC","EricaEbert","115","N/A","2022","10","9","Line","Good","Good Going Forward","GGF","GGF","1","AD","Passing","","",NA,"CSEO","56425",NA,NA,NA,NA,NA,NA,NA
"2742","SL_2022_CSEO_Dive_10_14-50-39.000.avi","76201","15:41:31","614","871","QC","EricaEbert","115","N/A","2022","10","9","Line","Bad","poor visibility","BPV","BPV","1","AD","Passing","","",NA,"CSEO","56491",NA,NA,NA,NA,NA,NA,NA
"2743","SL_2022_CSEO_Dive_10_14-50-39.000.avi","77072","15:42:00","641","885","QC","EricaEbert","115","N/A","2022","10","9","Line","Good","Good Going Forward","GGF","GGF","1","AD","Passing","","",NA,"CSEO","56520",NA,NA,NA,NA,NA,NA,NA
"2744","SL_2022_CSEO_Dive_10_14-50-39.000.avi","77602","15:42:18","608","860","QC","EricaEbert","115","N/A","2022","10","9","Line","Bad","poor visibility","BPV","BPV","1","AD","Passing","","",NA,"CSEO","56538",NA,NA,NA,NA,NA,NA,NA
"2745","SL_2022_CSEO_Dive_10_14-50-39.000.avi","79807","15:43:31","620","868","QC","EricaEbert","115","N/A","2022","10","9","Line","Good","Good Going Forward","GGF","GGF","1","AD","Passing","","",NA,"CSEO","56611",NA,NA,NA,NA,NA,NA,NA
"2746","SL_2022_CSEO_Dive_10_14-50-39.000.avi","82160","15:44:50","633","875","QC","EricaEbert","115","N/A","2022","10","9","Line","Good","Good Going Forward","GGF","GGF","1","AD","Passing","End","End",NA,"CSEO","56690",NA,NA,NA,NA,NA,NA,NA
"2747","SL_2022_CSEO_Dive_11_16-18-54.000.avi","385","16:29:45","638","884","QC","EricaEbert","95","N/A","2022","11","8","Line","Good","Good Going Forward","GGF","GGF","1","AD","Passing","Start","Start",NA,"CSEO","59385",NA,NA,NA,NA,NA,NA,NA
"2748","SL_2022_CSEO_Dive_11_16-18-54.000.avi","1734","16:30:30","593","846","QC","EricaEbert","95","N/A","2022","11","8","Line","Bad","poor visibility","BPV","BPV","1","AD","Passing","","",NA,"CSEO","59430",NA,NA,NA,NA,NA,NA,NA
"2749","SL_2022_CSEO_Dive_11_16-18-54.000.avi","2232","16:30:46","622","877","QC","EricaEbert","95","N/A","2022","11","8","Line","Good","Good Going Forward","GGF","GGF","1","AD","Passing","","",NA,"CSEO","59446",NA,NA,NA,NA,NA,NA,NA
"2750","SL_2022_CSEO_Dive_11_16-18-54.000.avi","5640","16:32:40","616","865","QC","EricaEbert","95","N/A","2022","11","8","Line","Bad","poor visibility","BPV","BPV","1","AD","Passing","","",NA,"CSEO","59560",NA,NA,NA,NA,NA,NA,NA
"2751","SL_2022_CSEO_Dive_11_16-18-54.000.avi","13518","16:37:03","600","859","QC","EricaEbert","95","N/A","2022","11","8","Line","Good","Good Going Forward","GGF","GGF","1","AD","Passing","","",NA,"CSEO","59823",NA,NA,NA,NA,NA,NA,NA
"2752","SL_2022_CSEO_Dive_11_16-18-54.000.avi","16364","16:38:37","610","861","QC","EricaEbert","95","N/A","2022","11","8","Line","Bad","poor visibility","BPV","BPV","1","AD","Passing","","",NA,"CSEO","59917",NA,NA,NA,NA,NA,NA,NA
"2753","SL_2022_CSEO_Dive_11_16-18-54.000.avi","33123","16:47:56","627","875","QC","EricaEbert","95","N/A","2022","11","8","Line","Good","Good Going Forward","GGF","GGF","1","AD","Passing","","",NA,"CSEO","60476",NA,NA,NA,NA,NA,NA,NA
"2754","SL_2022_CSEO_Dive_11_16-18-54.000.avi","35944","16:49:30","590","841","QC","EricaEbert","95","N/A","2022","11","8","Line","Bad","poor visibility","BPV","BPV","1","AD","Passing","","",NA,"CSEO","60570",NA,NA,NA,NA,NA,NA,NA
"2755","SL_2022_CSEO_Dive_11_16-18-54.000.avi","36281","16:49:41","603","864","QC","EricaEbert","95","N/A","2022","11","8","Line","Good","Good Going Forward","GGF","GGF","1","AD","Passing","","",NA,"CSEO","60581",NA,NA,NA,NA,NA,NA,NA
"2756","SL_2022_CSEO_Dive_11_16-18-54.000.avi","47172","16:55:44","584","856","QC","EricaEbert","95","N/A","2022","11","8","Line","Bad","poor visibility","BPV","BPV","1","AD","Passing","","",NA,"CSEO","60944",NA,NA,NA,NA,NA,NA,NA
"2757","SL_2022_CSEO_Dive_11_16-18-54.000.avi","47546","16:55:57","599","858","QC","EricaEbert","95","N/A","2022","11","8","Line","Good","Good Going Forward","GGF","GGF","1","AD","Passing","","",NA,"CSEO","60957",NA,NA,NA,NA,NA,NA,NA
"2758","SL_2022_CSEO_Dive_11_16-18-54.000.avi","49337","16:56:57","595","851","QC","EricaEbert","95","N/A","2022","11","8","Line","Bad","poor visibility","BPV","BPV","1","AD","Passing","","",NA,"CSEO","61017",NA,NA,NA,NA,NA,NA,NA
"2759","SL_2022_CSEO_Dive_11_16-18-54.000.avi","49832","16:57:13","604","854","QC","EricaEbert","95","N/A","2022","11","8","Line","Good","Good Going Forward","GGF","GGF","1","AD","Passing","","",NA,"CSEO","61033",NA,NA,NA,NA,NA,NA,NA
"2760","SL_2022_CSEO_Dive_11_16-18-54.000.avi","81389","17:14:45","604","864","QC","EricaEbert","95","N/A","2022","11","8","Line","Good","Good Going Forward","GGF","GGF","1","AD","Passing","End","End",NA,"CSEO","62085",NA,NA,NA,NA,NA,NA,NA
"2761","SL_2022_CSEO_Dive_12_08-07-25.000.avi","529","8:24:33","775.16","869.28","QC","MadisonBargas","100","N/A","2022","12","7","Line","Bad","poor visibility","BPV","BPV","1","AD","Passing","Start","Start",NA,"CSEO","30273",NA,NA,NA,NA,NA,NA,NA
"2762","SL_2022_CSEO_Dive_12_08-07-25.000.avi","35579","8:44:01","600","800","QC","MadisonBargas","100","N/A","2022","12","7","Line","Bad","bottom stir-up","BBS","BBS","1","AD","Passing","","",NA,"CSEO","31441",NA,NA,NA,NA,NA,NA,NA
"2763","SL_2022_CSEO_Dive_12_08-07-25.000.avi","36261","8:44:24","600","800","QC","MadisonBargas","100","N/A","2022","12","7","Line","Bad","poor visibility","BPV","BPV","1","AD","Passing","","",NA,"CSEO","31464",NA,NA,NA,NA,NA,NA,NA
"2764","SL_2022_CSEO_Dive_12_08-07-25.000.avi","39676","8:46:18","577.78","801.31","QC","MadisonBargas","100","N/A","2022","12","7","Line","Good","Good Going Forward","GGF","GGF","1","AD","Passing","","",NA,"CSEO","31578",NA,NA,NA,NA,NA,NA,NA
"2765","SL_2022_CSEO_Dive_12_08-07-25.000.avi","41314","8:47:12","600","800","QC","MadisonBargas","100","N/A","2022","12","7","Line","Bad","poor visibility","BPV","BPV","1","AD","Passing","","",NA,"CSEO","31632",NA,NA,NA,NA,NA,NA,NA
"2766","SL_2022_CSEO_Dive_12_08-07-25.000.avi","46766","8:50:14","600","800","QC","MadisonBargas","100","N/A","2022","12","7","Line","Good","Good Going Forward","GGF","GGF","1","AD","Passing","","",NA,"CSEO","31814",NA,NA,NA,NA,NA,NA,NA
"2767","SL_2022_CSEO_Dive_12_08-07-25.000.avi","80340","9:08:53","449.67","793.46","QC","MadisonBargas","100","N/A","2022","12","7","Line","Bad","going over drop-off","BDO","BDO","1","AD","Passing","","",NA,"CSEO","32933",NA,NA,NA,NA,NA,NA,NA
"2768","SL_2022_CSEO_Dive_12_08-07-25.000.avi","81263","9:09:24","626.14","807.84","QC","MadisonBargas","100","N/A","2022","12","7","Line","Good","Good Going Forward","GGF","GGF","1","AD","Passing","","",NA,"CSEO","32964",NA,NA,NA,NA,NA,NA,NA
"2769","SL_2022_CSEO_Dive_12_08-07-25.000.avi","88713","9:13:32","576.47","728.1","QC","MadisonBargas","100","N/A","2022","12","7","Line","Good","Good Going Forward","GGF","GGF","1","AD","Passing","End","End",NA,"CSEO","33212",NA,NA,NA,NA,NA,NA,NA
"2770","SL_2022_CSEO_Dive_13_10-21-58.000.avi","365","10:33:42","600","800","QC","MadisonBargas","120","N/A","2022","13","6","Line","Good","Good Going Forward","GGF","GGF","1","AD","Passing","Start","Start",NA,"CSEO","38022",NA,NA,NA,NA,NA,NA,NA
"2771","SL_2022_CSEO_Dive_13_10-21-58.000.avi","29220","10:49:44","600","800","QC","MadisonBargas","120","N/A","2022","13","6","Line","Bad","going over drop-off","BDO","BDO","1","AD","Passing","","",NA,"CSEO","38984",NA,NA,NA,NA,NA,NA,NA
"2772","SL_2022_CSEO_Dive_13_10-21-58.000.avi","29684","10:49:59","627.45","824.84","QC","MadisonBargas","120","N/A","2022","13","6","Line","Good","Good Going Forward","GGF","GGF","1","AD","Passing","","",NA,"CSEO","38999",NA,NA,NA,NA,NA,NA,NA
"2773","SL_2022_CSEO_Dive_13_10-21-58.000.avi","32378","10:51:29","631.37","850.98","QC","MadisonBargas","120","N/A","2022","13","6","Line","Bad","going over drop-off","BDO","BDO","1","AD","Passing","","",NA,"CSEO","39089",NA,NA,NA,NA,NA,NA,NA
"2774","SL_2022_CSEO_Dive_13_10-21-58.000.avi","33074","10:51:52","600","800","QC","MadisonBargas","120","N/A","2022","13","6","Line","Good","Good Going Forward","GGF","GGF","1","AD","Passing","","",NA,"CSEO","39112",NA,NA,NA,NA,NA,NA,NA
"2775","SL_2022_CSEO_Dive_13_10-21-58.000.avi","45446","10:58:45","600","800","QC","MadisonBargas","120","N/A","2022","13","6","Line","Bad","going over drop-off","BDO","BDO","1","AD","Passing","","",NA,"CSEO","39525",NA,NA,NA,NA,NA,NA,NA
"2776","SL_2022_CSEO_Dive_13_10-21-58.000.avi","45801","10:58:57","600","800","QC","MadisonBargas","120","N/A","2022","13","6","Line","Good","Good Going Forward","GGF","GGF","1","AD","Passing","","",NA,"CSEO","39537",NA,NA,NA,NA,NA,NA,NA
"2777","SL_2022_CSEO_Dive_13_10-21-58.000.avi","62073","11:07:59","600","801.31","QC","MadisonBargas","120","N/A","2022","13","6","Line","Bad","going over drop-off","BDO","BDO","1","AD","Passing","","",NA,"CSEO","40079",NA,NA,NA,NA,NA,NA,NA
"2778","SL_2022_CSEO_Dive_13_10-21-58.000.avi","62526","11:08:14","593.46","803.92","QC","MadisonBargas","120","N/A","2022","13","6","Line","Good","Good Going Forward","GGF","GGF","1","AD","Passing","","",NA,"CSEO","40094",NA,NA,NA,NA,NA,NA,NA
"2779","SL_2022_CSEO_Dive_13_10-21-58.000.avi","76125","11:15:47","614.38","798.69","QC","MadisonBargas","120","N/A","2022","13","6","Line","Good","Good Going Forward","GGF","GGF","1","AD","Passing","End","End",NA,"CSEO","40547",NA,NA,NA,NA,NA,NA,NA
"2780","SL_2022_CSEO_Dive_14_12-10-34.000.avi","800","12:22:59","583.01","848.37","QC","MadisonBargas","125","N/A","2022","14","5","Line","Good","Good Going Forward","GGF","GGF","1","AD","Passing","Start","Start",NA,"CSEO","44579",NA,NA,NA,NA,NA,NA,NA
"2781","SL_2022_CSEO_Dive_14_12-10-34.000.avi","968","12:23:04","600","800","QC","MadisonBargas","125","N/A","2022","14","5","Line","Bad","poor visibility","BPV","BPV","1","AD","Passing","","",NA,"CSEO","44584",NA,NA,NA,NA,NA,NA,NA
"2782","SL_2022_CSEO_Dive_14_12-10-34.000.avi","1987","12:23:38","600","800","QC","MadisonBargas","125","N/A","2022","14","5","Line","Good","Good Going Forward","GGF","GGF","1","AD","Passing","","",NA,"CSEO","44618",NA,NA,NA,NA,NA,NA,NA
"2783","SL_2022_CSEO_Dive_14_12-10-34.000.avi","2348","12:23:50","600","800","QC","MadisonBargas","125","N/A","2022","14","5","Line","Bad","poor visibility","BPV","BPV","1","AD","Passing","","",NA,"CSEO","44630",NA,NA,NA,NA,NA,NA,NA
"2784","SL_2022_CSEO_Dive_14_12-10-34.000.avi","2755","12:24:04","800","850.98","QC","MadisonBargas","125","N/A","2022","14","5","Line","Good","Good Going Forward","GGF","GGF","1","AD","Passing","","",NA,"CSEO","44644",NA,NA,NA,NA,NA,NA,NA
"2785","SL_2022_CSEO_Dive_14_12-10-34.000.avi","3344","12:24:23","615.69","797.39","QC","MadisonBargas","125","N/A","2022","14","5","Line","Bad","poor visibility","BPV","BPV","1","AD","Passing","","",NA,"CSEO","44663",NA,NA,NA,NA,NA,NA,NA
"2786","SL_2022_CSEO_Dive_14_12-10-34.000.avi","5479","12:25:35","600","800","QC","MadisonBargas","125","N/A","2022","14","5","Line","Good","Good Going Forward","GGF","GGF","1","AD","Passing","","",NA,"CSEO","44735",NA,NA,NA,NA,NA,NA,NA
"2787","SL_2022_CSEO_Dive_14_12-10-34.000.avi","7269","12:26:34","600","800","QC","MadisonBargas","125","N/A","2022","14","5","Line","Good","Good Going Forward","GGF","GGF","1","AD","Passing","","",NA,"CSEO","44794",NA,NA,NA,NA,NA,NA,NA
"2788","SL_2022_CSEO_Dive_14_12-10-34.000.avi","7534","12:26:43","699.35","562.09","QC","MadisonBargas","125","N/A","2022","14","5","Line","Bad","poor visibility","BPV","BPV","1","AD","Passing","","",NA,"CSEO","44803",NA,NA,NA,NA,NA,NA,NA
"2789","SL_2022_CSEO_Dive_14_12-10-34.000.avi","16538","12:31:43","605.23","803.92","QC","MadisonBargas","125","N/A","2022","14","5","Line","Good","Good Going Forward","GGF","GGF","1","AD","Passing","","",NA,"CSEO","45103",NA,NA,NA,NA,NA,NA,NA
"2790","SL_2022_CSEO_Dive_14_12-10-34.000.avi","21221","12:34:19","600","800","QC","MadisonBargas","125","N/A","2022","14","5","Line","Bad","poor visibility","BPV","BPV","1","AD","Passing","","",NA,"CSEO","45259",NA,NA,NA,NA,NA,NA,NA
"2791","SL_2022_CSEO_Dive_14_12-10-34.000.avi","22616","12:35:06","600","800","QC","MadisonBargas","125","N/A","2022","14","5","Line","Good","Good Going Forward","GGF","GGF","1","AD","Passing","","",NA,"CSEO","45306",NA,NA,NA,NA,NA,NA,NA
"2792","SL_2022_CSEO_Dive_14_12-10-34.000.avi","27007","12:37:32","375.16","682.35","QC","MadisonBargas","125","N/A","2022","14","5","Line","Bad","poor visibility","BPV","BPV","1","AD","Passing","","",NA,"CSEO","45452",NA,NA,NA,NA,NA,NA,NA
"2793","SL_2022_CSEO_Dive_14_12-10-34.000.avi","29447","12:38:54","600","800","QC","MadisonBargas","125","N/A","2022","14","5","Line","Good","Good Going Forward","GGF","GGF","1","AD","Passing","","",NA,"CSEO","45534",NA,NA,NA,NA,NA,NA,NA
"2794","SL_2022_CSEO_Dive_14_12-10-34.000.avi","45187","12:47:38","513.73","636.6","QC","MadisonBargas","125","N/A","2022","14","5","Line","Good","Good Going Forward","GGF","GGF","1","AD","Passing","","",NA,"CSEO","46058",NA,NA,NA,NA,NA,NA,NA
"2795","SL_2022_CSEO_Dive_14_12-10-34.000.avi","45297","12:47:42","600","800","QC","MadisonBargas","125","N/A","2022","14","5","Line","Bad","poor visibility","BPV","BPV","1","AD","Passing","","",NA,"CSEO","46062",NA,NA,NA,NA,NA,NA,NA
"2796","SL_2022_CSEO_Dive_14_12-10-34.000.avi","46658","12:48:27","600","800","QC","MadisonBargas","125","N/A","2022","14","5","Line","Good","Good Going Forward","GGF","GGF","1","AD","Passing","","",NA,"CSEO","46107",NA,NA,NA,NA,NA,NA,NA
"2797","SL_2022_CSEO_Dive_14_12-10-34.000.avi","74391","13:03:52","600","800","QC","MadisonBargas","125","N/A","2022","14","5","Line","Bad","poor visibility","BPV","BPV","1","AD","Passing","","",NA,"CSEO","47032",NA,NA,NA,NA,NA,NA,NA
"2798","SL_2022_CSEO_Dive_14_12-10-34.000.avi","75250","13:04:20","600","800","QC","MadisonBargas","125","N/A","2022","14","5","Line","Good","Good Going Forward","GGF","GGF","1","AD","Passing","","",NA,"CSEO","47060",NA,NA,NA,NA,NA,NA,NA
"2799","SL_2022_CSEO_Dive_14_12-10-34.000.avi","86886","13:10:48","600","800","QC","MadisonBargas","125","N/A","2022","14","5","Line","Bad","poor visibility","BPV","BPV","1","AD","Passing","","",NA,"CSEO","47448",NA,NA,NA,NA,NA,NA,NA
"2800","SL_2022_CSEO_Dive_14_12-10-34.000.avi","87744","13:11:17","600","800","QC","MadisonBargas","125","N/A","2022","14","5","Line","Good","Good Going Forward","GGF","GGF","1","AD","Passing","","",NA,"CSEO","47477",NA,NA,NA,NA,NA,NA,NA
"2801","SL_2022_CSEO_Dive_14_12-10-34.000.avi","93214","13:14:19","597.39","801.31","QC","MadisonBargas","125","N/A","2022","14","5","Line","Bad","poor visibility","BPV","BPV","1","AD","Passing","","",NA,"CSEO","47659",NA,NA,NA,NA,NA,NA,NA
"2802","SL_2022_CSEO_Dive_14_12-10-34.000.avi","93606","13:14:32","600","800","QC","MadisonBargas","125","N/A","2022","14","5","Line","Good","Good Going Forward","GGF","GGF","1","AD","Passing","","",NA,"CSEO","47672",NA,NA,NA,NA,NA,NA,NA
"2803","SL_2022_CSEO_Dive_14_12-10-34.000.avi","98786","13:17:25","600","800","QC","MadisonBargas","125","N/A","2022","14","5","Line","Bad","poor visibility","BPV","BPV","1","AD","Passing","","",NA,"CSEO","47845",NA,NA,NA,NA,NA,NA,NA
"2804","SL_2022_CSEO_Dive_14_12-10-34.000.avi","100849","13:18:34","824.84","905.88","QC","MadisonBargas","125","N/A","2022","14","5","Line","Good","Good Going Forward","GGF","GGF","1","AD","Passing","","",NA,"CSEO","47914",NA,NA,NA,NA,NA,NA,NA
"2805","SL_2022_CSEO_Dive_14_12-10-34.000.avi","104664","13:20:41","563.4","762.09","QC","MadisonBargas","125","N/A","2022","14","5","Line","Good","Good Going Forward","GGF","GGF","1","AD","Passing","End","End",NA,"CSEO","48041",NA,NA,NA,NA,NA,NA,NA
"2806","SL_2022_CSEO_Dive_15_14-01-19.000.avi","330","14:21:21","499.35","467.97","QC","MadisonBargas","130","N/A","2022","15","4","Line","Good","Good Going Forward","GGF","GGF","1","AD","Passing","Start","Start",NA,"CSEO","51681",NA,NA,NA,NA,NA,NA,NA
"2807","SL_2022_CSEO_Dive_15_14-01-19.000.avi","11292","14:27:26","614.38","873.2","QC","MadisonBargas","130","N/A","2022","15","4","Line","Bad","loitering in same area","BLA","BLA","1","AD","Passing","","",NA,"CSEO","52046",NA,NA,NA,NA,NA,NA,NA
"2808","SL_2022_CSEO_Dive_15_14-01-19.000.avi","11469","14:27:32","550.33","715.03","QC","MadisonBargas","130","N/A","2022","15","4","Line","Good","Good Going Forward","GGF","GGF","1","AD","Passing","","",NA,"CSEO","52052",NA,NA,NA,NA,NA,NA,NA
"2809","SL_2022_CSEO_Dive_15_14-01-19.000.avi","86171","15:09:02","649.67","769.93","QC","MadisonBargas","130","N/A","2022","15","4","Line","Bad","loitering in same area","BLA","BLA","1","AD","Passing","","",NA,"CSEO","54542",NA,NA,NA,NA,NA,NA,NA
"2810","SL_2022_CSEO_Dive_15_14-01-19.000.avi","86579","15:09:16","600","800","QC","MadisonBargas","130","N/A","2022","15","4","Line","Good","Good Going Forward","GGF","GGF","1","AD","Passing","","",NA,"CSEO","54556",NA,NA,NA,NA,NA,NA,NA
"2811","SL_2022_CSEO_Dive_15_14-01-19.000.avi","92469","15:12:32","600","800","QC","MadisonBargas","130","N/A","2022","15","4","Line","Good","Good Going Forward","GGF","GGF","1","AD","Passing","End","End",NA,"CSEO","54752",NA,NA,NA,NA,NA,NA,NA
"2812","SL_2022_CSEO_Dive_16_16-15-41.000.avi","985","16:43:29","600","800","QC","MadisonBargas","140","N/A","2022","16","3","Line","Good","Good Going Forward","GGF","GGF","1","AD","Passing","Start","Start",NA,"CSEO","60209",NA,NA,NA,NA,NA,NA,NA
"2813","SL_2022_CSEO_Dive_16_16-15-41.000.avi","13308","16:50:20","715.03","777.78","QC","MadisonBargas","140","N/A","2022","16","3","Line","Bad","loitering in same area","BLA","BLA","1","AD","Passing","","",NA,"CSEO","60620",NA,NA,NA,NA,NA,NA,NA
"2814","SL_2022_CSEO_Dive_16_16-15-41.000.avi","13483","16:50:25","454.9","861.44","QC","MadisonBargas","140","N/A","2022","16","3","Line","Good","Good Going Forward","GGF","GGF","1","AD","Passing","","",NA,"CSEO","60625",NA,NA,NA,NA,NA,NA,NA
"2815","SL_2022_CSEO_Dive_16_16-15-41.000.avi","69235","17:21:24","256.21","415.69","QC","MadisonBargas","140","N/A","2022","16","3","Line","Good","Good Going Forward","GGF","GGF","1","AD","Passing","End","End",NA,"CSEO","62484",NA,NA,NA,NA,NA,NA,NA
"2816","SL_2022_CSEO_Dive_17b_07-57-18.000.avi","1011","8:16:17","559.48","887.58","QC","MadisonBargas","130","N/A","2022","17","2","Line","Good","Good Going Forward","GGF","GGF","1","AD","Passing","Start","Start",NA,"CSEO","29777",NA,NA,NA,NA,NA,NA,NA
"2817","SL_2022_CSEO_Dive_17b_07-57-18.000.avi","3478","8:17:39","607.84","798.69","QC","MadisonBargas","130","N/A","2022","17","2","Line","Bad","going over drop-off","BDO","BDO","1","AD","Passing","","",NA,"CSEO","29859",NA,NA,NA,NA,NA,NA,NA
"2818","SL_2022_CSEO_Dive_17b_07-57-18.000.avi","4272","8:18:05","589.54","805.23","QC","MadisonBargas","130","N/A","2022","17","2","Line","Good","Good Going Forward","GGF","GGF","1","AD","Passing","","",NA,"CSEO","29885",NA,NA,NA,NA,NA,NA,NA
"2819","SL_2022_CSEO_Dive_17b_07-57-18.000.avi","5717","8:18:54","600","800","QC","MadisonBargas","130","N/A","2022","17","2","Line","Bad","loitering in same area","BLA","BLA","1","AD","Passing","","",NA,"CSEO","29934",NA,NA,NA,NA,NA,NA,NA
"2820","SL_2022_CSEO_Dive_17b_07-57-18.000.avi","6186","8:19:09","598.69","856.21","QC","MadisonBargas","130","N/A","2022","17","2","Line","Good","Good Going Forward","GGF","GGF","1","AD","Passing","","",NA,"CSEO","29949",NA,NA,NA,NA,NA,NA,NA
"2821","SL_2022_CSEO_Dive_17b_07-57-18.000.avi","48712","8:42:47","563.4","762.09","QC","MadisonBargas","130","N/A","2022","17","2","Line","Bad","loitering in same area","BLA","BLA","1","AD","Passing","","",NA,"CSEO","31367",NA,NA,NA,NA,NA,NA,NA
"2822","SL_2022_CSEO_Dive_17b_07-57-18.000.avi","48979","8:42:56","483.66","704.58","QC","MadisonBargas","130","N/A","2022","17","2","Line","Good","Good Going Forward","GGF","GGF","1","AD","Passing","","",NA,"CSEO","31376",NA,NA,NA,NA,NA,NA,NA
"2823","SL_2022_CSEO_Dive_17b_07-57-18.000.avi","59250","8:48:38","572.55","738.56","QC","MadisonBargas","130","N/A","2022","17","2","Line","Bad","loitering in same area","BLA","BLA","1","AD","Passing","","",NA,"CSEO","31718",NA,NA,NA,NA,NA,NA,NA
"2824","SL_2022_CSEO_Dive_17b_07-57-18.000.avi","59437","8:48:44","600","800","QC","MadisonBargas","130","N/A","2022","17","2","Line","Good","Good Going Forward","GGF","GGF","1","AD","Passing","","",NA,"CSEO","31724",NA,NA,NA,NA,NA,NA,NA
"2825","SL_2022_CSEO_Dive_17b_07-57-18.000.avi","63825","8:51:11","633.99","899.35","QC","MadisonBargas","130","N/A","2022","17","2","Line","Bad","loitering in same area","BLA","BLA","1","AD","Passing","","",NA,"CSEO","31871",NA,NA,NA,NA,NA,NA,NA
"2826","SL_2022_CSEO_Dive_17b_07-57-18.000.avi","64436","8:51:31","592.16","992.16","QC","MadisonBargas","130","N/A","2022","17","2","Line","Good","Good Going Forward","GGF","GGF","1","AD","Passing","","",NA,"CSEO","31891",NA,NA,NA,NA,NA,NA,NA
"2827","SL_2022_CSEO_Dive_17b_07-57-18.000.avi","105034","9:14:04","501.96","793.46","QC","MadisonBargas","130","N/A","2022","17","2","Line","Good","Good Going Forward","GGF","GGF","1","AD","Passing","End","End",NA,"CSEO","33244",NA,NA,NA,NA,NA,NA,NA
"2828","SL_2022_CSEO_Dive_18_14-14-08.000.avi","1830","14:40:33","569.93","660.13","QC","MadisonBargas","90","N/A","2022","18","15","Line","Good","Good Going Forward","GGF","GGF","1","AD","Passing","Start","Start",NA,"CSEO","52833",NA,NA,NA,NA,NA,NA,NA
"2829","SL_2022_CSEO_Dive_18_14-14-08.000.avi","63740","15:14:57","583.01","772.55","QC","MadisonBargas","90","N/A","2022","18","15","Line","Bad","going over drop-off","BDO","BDO","1","AD","Passing","","",NA,"CSEO","54897",NA,NA,NA,NA,NA,NA,NA
"2830","SL_2022_CSEO_Dive_18_14-14-08.000.avi","64121","15:15:09","590.85","792.16","QC","MadisonBargas","90","N/A","2022","18","15","Line","Good","Good Going Forward","GGF","GGF","1","AD","Passing","","",NA,"CSEO","54909",NA,NA,NA,NA,NA,NA,NA
"2831","SL_2022_CSEO_Dive_18_14-14-08.000.avi","93003","15:31:12","600","800","QC","MadisonBargas","90","N/A","2022","18","15","Line","Good","Good Going Forward","GGF","GGF","1","AD","Passing","End","End",NA,"CSEO","55872",NA,NA,NA,NA,NA,NA,NA
"2832","SL_2022_CSEO_Dive_19_08-52-51.000.avi","399","9:06:12","600","800","QC","MadisonBargas","65","N/A","2022","19","18","Line","Good","Good Going Forward","GGF","GGF","1","AD","Passing","Start","Start",NA,"CSEO","32772",NA,NA,NA,NA,NA,NA,NA
"2833","SL_2022_CSEO_Dive_19_08-52-51.000.avi","3041","9:07:40","286.27","1281.05","QC","MadisonBargas","65","N/A","2022","19","18","Line","Bad","going over drop-off","BDO","BDO","1","AD","Passing","","",NA,"CSEO","32860",NA,NA,NA,NA,NA,NA,NA
"2834","SL_2022_CSEO_Dive_19_08-52-51.000.avi","3835","9:08:07","568.63","730.72","QC","MadisonBargas","65","N/A","2022","19","18","Line","Good","Good Going Forward","GGF","GGF","1","AD","Passing","","",NA,"CSEO","32887",NA,NA,NA,NA,NA,NA,NA
"2835","SL_2022_CSEO_Dive_19_08-52-51.000.avi","4625","9:08:33","600","800","QC","MadisonBargas","65","N/A","2022","19","18","Line","Bad","going over drop-off","BDO","BDO","1","AD","Passing","","",NA,"CSEO","32913",NA,NA,NA,NA,NA,NA,NA
"2836","SL_2022_CSEO_Dive_19_08-52-51.000.avi","5221","9:08:53","600","800","QC","MadisonBargas","65","N/A","2022","19","18","Line","Good","Good Going Forward","GGF","GGF","1","AD","Passing","","",NA,"CSEO","32933",NA,NA,NA,NA,NA,NA,NA
"2837","SL_2022_CSEO_Dive_19_08-52-51.000.avi","5961","9:09:18","600","800","QC","MadisonBargas","65","N/A","2022","19","18","Line","Bad","repositioned","BRP","BRP","1","AD","Passing","","May be stuck on umbilical. Traveling upward.",NA,"CSEO","32958",NA,NA,NA,NA,NA,NA,NA
"2838","SL_2022_CSEO_Dive_19_08-52-51.000.avi","7760","9:10:18","507.19","972.55","QC","MadisonBargas","65","N/A","2022","19","18","Line","Good","Good Going Forward","GGF","GGF","1","AD","Passing","","",NA,"CSEO","33018",NA,NA,NA,NA,NA,NA,NA
"2839","SL_2022_CSEO_Dive_19_08-52-51.000.avi","7902","9:10:22","269.28","532.03","QC","MadisonBargas","65","N/A","2022","19","18","Line","Bad","lost bottom visual","BLB","BLB","1","AD","Passing","","",NA,"CSEO","33022",NA,NA,NA,NA,NA,NA,NA
"2840","SL_2022_CSEO_Dive_19_08-52-51.000.avi","9708","9:11:23","601.31","805.23","QC","MadisonBargas","65","N/A","2022","19","18","Line","Bad","lost bottom visual","BLB","BLB","1","AD","Passing","End","End",NA,"CSEO","33083",NA,NA,NA,NA,NA,NA,NA
"2841","SL_2022_CSEO_Dive_20_12-21-57.000.avi","485","12:38:34","600","800","QC","MadisonBargas","100","N/A","2022","20","21","Line","Good","Good Going Forward","GGF","GGF","1","AD","Passing","Start","Start",NA,"CSEO","45514",NA,NA,NA,NA,NA,NA,NA
"2842","SL_2022_CSEO_Dive_20_12-21-57.000.avi","71276","13:17:54","600","800","QC","MadisonBargas","100","N/A","2022","20","21","Line","Bad","repositioned","BRP","BRP","1","AD","Passing","","Seemed like a headshake here.",NA,"CSEO","47874",NA,NA,NA,NA,NA,NA,NA
"2843","SL_2022_CSEO_Dive_20_12-21-57.000.avi","71538","13:18:03","541.18","884.97","QC","MadisonBargas","100","N/A","2022","20","21","Line","Good","Good Going Forward","GGF","GGF","1","AD","Passing","","",NA,"CSEO","47883",NA,NA,NA,NA,NA,NA,NA
"2844","SL_2022_CSEO_Dive_20_12-21-57.000.avi","82918","13:24:22","600","800","QC","MadisonBargas","100","N/A","2022","20","21","Line","Good","Good Going Forward","GGF","GGF","1","AD","Passing","End","End",NA,"CSEO","48262",NA,NA,NA,NA,NA,NA,NA
"2845","SL_2022_CSEO_Dive_21_14-01-05.000.avi","348","14:17:52","589.54","796.08","QC","MadisonBargas","100","N/A","2022","21","22","Line","Good","Good Going Forward","GGF","GGF","1","AD","Passing","Start","Start",NA,"CSEO","51472",NA,NA,NA,NA,NA,NA,NA
"2846","SL_2022_CSEO_Dive_21_14-01-05.000.avi","59195","14:50:33","590.85","797.39","QC","MadisonBargas","100","N/A","2022","21","22","Line","Bad","loitering in same area","BLA","BLA","1","AD","Passing","","",NA,"CSEO","53433",NA,NA,NA,NA,NA,NA,NA
"2847","SL_2022_CSEO_Dive_21_14-01-05.000.avi","59390","14:50:40","386.93","790.85","QC","MadisonBargas","100","N/A","2022","21","22","Line","Good","Good Going Forward","GGF","GGF","1","AD","Passing","","",NA,"CSEO","53440",NA,NA,NA,NA,NA,NA,NA
"2848","SL_2022_CSEO_Dive_21_14-01-05.000.avi","88095","15:06:37","367.32","656.21","QC","MadisonBargas","100","N/A","2022","21","22","Line","Good","Good Going Forward","GGF","GGF","1","AD","Passing","End","End",NA,"CSEO","54397",NA,NA,NA,NA,NA,NA,NA
"2849","SL_2022_CSEO_Dive_22_15-14-56.000.avi","540","16:01:30","466.67","729.41","QC","MadisonBargas","80","N/A","2022","22","23","Line","Good","Good Going Forward","GGF","GGF","1","AD","Passing","Start","Start",NA,"CSEO","57690",NA,NA,NA,NA,NA,NA,NA
"2850","SL_2022_CSEO_Dive_22_15-14-56.000.avi","49435","16:28:40","600","800","QC","MadisonBargas","80","N/A","2022","22","23","Line","Bad","resting on bottom","BRB","BRB","1","AD","Passing","","",NA,"CSEO","59320",NA,NA,NA,NA,NA,NA,NA
"2851","SL_2022_CSEO_Dive_22_15-14-56.000.avi","49644","16:28:47","443.14","1086.27","QC","MadisonBargas","80","N/A","2022","22","23","Line","Good","Good Going Forward","GGF","GGF","1","AD","Passing","","",NA,"CSEO","59327",NA,NA,NA,NA,NA,NA,NA
"2852","SL_2022_CSEO_Dive_22_15-14-56.000.avi","82684","16:47:08","364.71","786.93","QC","MadisonBargas","80","N/A","2022","22","23","Line","Good","Good Going Forward","GGF","GGF","1","AD","Passing","End","End",NA,"CSEO","60428",NA,NA,NA,NA,NA,NA,NA
"2853","SL_2022_CSEO_Dive_23_08-12-26.000.avi","966","8:28:36","600","800","QC","MadisonBargas","85","N/A","2022","23","26","Line","Good","Good Going Forward","GGF","GGF","1","AD","Passing","Start","Start",NA,"CSEO","30516",NA,NA,NA,NA,NA,NA,NA
"2854","SL_2022_CSEO_Dive_23_08-12-26.000.avi","82335","9:13:48","600","800","QC","MadisonBargas","85","N/A","2022","23","26","Line","Good","Good Going Forward","GGF","GGF","1","AD","Passing","End","End",NA,"CSEO","33228",NA,NA,NA,NA,NA,NA,NA
"2855","SL_2022_CSEO_Dive_24_09-21-18.000.avi","279","10:16:53","600","800","QC","MadisonBargas","120","N/A","2022","24","24","Line","Good","Good Going Forward","GGF","GGF","1","AD","Passing","Start","Start",NA,"CSEO","37013",NA,NA,NA,NA,NA,NA,NA
"2856","SL_2022_CSEO_Dive_24_09-21-18.000.avi","82669","11:02:40","545.1","831.37","QC","MadisonBargas","120","N/A","2022","24","24","Line","Good","Good Going Forward","GGF","GGF","1","AD","Passing","End","End",NA,"CSEO","39760",NA,NA,NA,NA,NA,NA,NA
"2857","SL_2022_CSEO_Dive_25_11-15-17.000.avi","368","11:49:08","600","800","QC","MadisonBargas","130","N/A","2022","25","25","Line","Good","Good Going Forward","GGF","GGF","1","AD","Passing","Start","Start",NA,"CSEO","42548",NA,NA,NA,NA,NA,NA,NA
"2858","SL_2022_CSEO_Dive_25_11-15-17.000.avi","74446","12:30:18","600","800","QC","MadisonBargas","130","N/A","2022","25","25","Line","Good","Good Going Forward","GGF","GGF","1","AD","Passing","End","End",NA,"CSEO","45018",NA,NA,NA,NA,NA,NA,NA
"2859","SL_2022_CSEO_Dive_26_12-40-18.000.avi","673","13:35:33","600","800","QC","MadisonBargas","115","N/A","2022","26","27","Line","Good","Good Going Forward","GGF","GGF","1","AD","Passing","Start","Start",NA,"CSEO","48933",NA,NA,NA,NA,NA,NA,NA
"2860","SL_2022_CSEO_Dive_26_12-40-18.000.avi","71343","14:14:49","600","800","QC","MadisonBargas","115","N/A","2022","26","27","Line","Good","Good Going Forward","GGF","GGF","1","AD","Passing","End","End",NA,"CSEO","51289",NA,NA,NA,NA,NA,NA,NA
"2861","SL_2022_CSEO_Dive_27_14-22-43.000.avi","880","15:18:47","600","800","QC","MadisonBargas","85","N/A","2022","27","28","Line","Good","Good Going Forward","GGF","GGF","1","AD","Passing","Start","Start",NA,"CSEO","55127",NA,NA,NA,NA,NA,NA,NA
"2862","SL_2022_CSEO_Dive_27_14-22-43.000.avi","9895","15:23:48","679.74","918.95","QC","MadisonBargas","85","N/A","2022","27","28","Line","Good","resting on bottom","GRB","GRB","1","AD","Passing","","",NA,"CSEO","55428",NA,NA,NA,NA,NA,NA,NA
"2863","SL_2022_CSEO_Dive_27_14-22-43.000.avi","10189","15:23:58","571.24","898.04","QC","MadisonBargas","85","N/A","2022","27","28","Line","Good","Good Going Forward","GGF","GGF","1","AD","Passing","","",NA,"CSEO","55438",NA,NA,NA,NA,NA,NA,NA
"2864","SL_2022_CSEO_Dive_27_14-22-43.000.avi","68321","15:56:15","533.33","750.33","QC","MadisonBargas","85","N/A","2022","27","28","Line","Good","Good Going Forward","GGF","GGF","1","AD","Passing","End","End",NA,"CSEO","57375",NA,NA,NA,NA,NA,NA,NA
"2865","SL_2022_CSEO_Dive_28_16-42-28.000.avi","421","16:50:55","558.17","831.37","QC","MadisonBargas","85","N/A","2022","28","29","Line","Good","Good Going Forward","GGF","GGF","1","AD","Passing","Start","Start",NA,"CSEO","60655",NA,NA,NA,NA,NA,NA,NA
"2866","SL_2022_CSEO_Dive_28_16-42-28.000.avi","8221","16:55:15","588.24","826.14","QC","MadisonBargas","85","N/A","2022","28","29","Line","Bad","going over drop-off","BDO","BDO","1","AD","Passing","","",NA,"CSEO","60915",NA,NA,NA,NA,NA,NA,NA
"2867","SL_2022_CSEO_Dive_28_16-42-28.000.avi","8433","16:55:22","611.76","857.52","QC","MadisonBargas","85","N/A","2022","28","29","Line","Good","Good Going Forward","GGF","GGF","1","AD","Passing","","",NA,"CSEO","60922",NA,NA,NA,NA,NA,NA,NA
"2868","SL_2022_CSEO_Dive_28_16-42-28.000.avi","21095","17:02:24","549.02","827.45","QC","MadisonBargas","85","N/A","2022","28","29","Line","Bad","going over drop-off","BDO","BDO","1","AD","Passing","","",NA,"CSEO","61344",NA,NA,NA,NA,NA,NA,NA
"2869","SL_2022_CSEO_Dive_28_16-42-28.000.avi","21615","17:02:42","584.31","806.54","QC","MadisonBargas","85","N/A","2022","28","29","Line","Good","Good Going Forward","GGF","GGF","1","AD","Passing","","",NA,"CSEO","61362",NA,NA,NA,NA,NA,NA,NA
"2870","SL_2022_CSEO_Dive_28_16-42-28.000.avi","48161","17:17:26","600","800","QC","MadisonBargas","85","N/A","2022","28","29","Line","Bad","lost bottom visual","BLB","BLB","1","AD","Passing","","",NA,"CSEO","62246",NA,NA,NA,NA,NA,NA,NA
"2871","SL_2022_CSEO_Dive_28_16-42-28.000.avi","48773","17:17:47","569.93","789.54","QC","MadisonBargas","85","N/A","2022","28","29","Line","Good","Good Going Forward","GGF","GGF","1","AD","Passing","","",NA,"CSEO","62267",NA,NA,NA,NA,NA,NA,NA
"2872","SL_2022_CSEO_Dive_28_16-42-28.000.avi","49214","17:18:01","698.04","881.05","QC","MadisonBargas","85","N/A","2022","28","29","Line","Bad","lost bottom visual","BLB","BLB","1","AD","Passing","","",NA,"CSEO","62281",NA,NA,NA,NA,NA,NA,NA
"2873","SL_2022_CSEO_Dive_28_16-42-28.000.avi","49417","17:18:08","579.08","862.75","QC","MadisonBargas","85","N/A","2022","28","29","Line","Good","Good Going Forward","GGF","GGF","1","AD","Passing","","",NA,"CSEO","62288",NA,NA,NA,NA,NA,NA,NA
"2874","SL_2022_CSEO_Dive_28_16-42-28.000.avi","53009","17:20:08","600","800","QC","MadisonBargas","85","N/A","2022","28","29","Line","Bad","going over drop-off","BDO","BDO","1","AD","Passing","","",NA,"CSEO","62408",NA,NA,NA,NA,NA,NA,NA
"2875","SL_2022_CSEO_Dive_28_16-42-28.000.avi","53387","17:20:21","600","800","QC","MadisonBargas","85","N/A","2022","28","29","Line","Good","Good Going Forward","GGF","GGF","1","AD","Passing","","",NA,"CSEO","62421",NA,NA,NA,NA,NA,NA,NA
"2876","SL_2022_CSEO_Dive_28_16-42-28.000.avi","72073","17:30:43","600","800","QC","MadisonBargas","85","N/A","2022","28","29","Line","Bad","going over drop-off","BDO","BDO","1","AD","Passing","","",NA,"CSEO","63043",NA,NA,NA,NA,NA,NA,NA
"2877","SL_2022_CSEO_Dive_28_16-42-28.000.avi","72507","17:30:58","566.01","966.01","QC","MadisonBargas","85","N/A","2022","28","29","Line","Good","Good Going Forward","GGF","GGF","1","AD","Passing","","",NA,"CSEO","63058",NA,NA,NA,NA,NA,NA,NA
"2878","SL_2022_CSEO_Dive_28_16-42-28.000.avi","78923","17:34:32","628.76","890.2","QC","MadisonBargas","85","N/A","2022","28","29","Line","Good","Good Going Forward","GGF","GGF","1","AD","Passing","End","End",NA,"CSEO","63272",NA,NA,NA,NA,NA,NA,NA
"2879","SL_2022_CSEO_Dive_29_08-13-06.000.avi","264","8:14:46","584.31","837.91","QC","MadisonBargas","70","N/A","2022","29","30","Line","Good","Good Going Forward","GGF","GGF","1","AD","Passing","Start","Start",NA,"CSEO","29686",NA,NA,NA,NA,NA,NA,NA
"2880","SL_2022_CSEO_Dive_29_08-13-06.000.avi","73951","8:55:42","573.86","792.16","QC","MadisonBargas","70","N/A","2022","29","30","Line","Good","Good Going Forward","GGF","GGF","1","AD","Passing","End","End",NA,"CSEO","32142",NA,NA,NA,NA,NA,NA,NA
"2881","SL_2022_CSEO_Dive_30_09-03-37.000.avi","235","9:33:27","457.52","870.59","QC","MadisonBargas","90","N/A","2022","30","32","Line","Good","Good Going Forward","GGF","GGF","1","AD","Passing","Start","Start",NA,"CSEO","34407",NA,NA,NA,NA,NA,NA,NA
"2882","SL_2022_CSEO_Dive_30_09-03-37.000.avi","74744","10:14:50","358.17","758.17","QC","MadisonBargas","90","N/A","2022","30","32","Line","Good","Good Going Forward","GGF","GGF","1","AD","Passing","End","End",NA,"CSEO","36890",NA,NA,NA,NA,NA,NA,NA
"2883","SL_2022_CSEO_Dive_31_11-38-24.000.avi","287","11:50:53","271.9","666.67","QC","MadisonBargas","135","N/A","2022","31","31","Line","Good","Good Going Forward","GGF","GGF","1","AD","Passing","Start","Start",NA,"CSEO","42653",NA,NA,NA,NA,NA,NA,NA
"2884","SL_2022_CSEO_Dive_31_11-38-24.000.avi","78479","12:34:19","568.63","803.92","QC","MadisonBargas","135","N/A","2022","31","31","Line","Good","Good Going Forward","GGF","GGF","1","AD","Passing","End","End",NA,"CSEO","45259",NA,NA,NA,NA,NA,NA,NA
"2885","SL_2022_NSEO_Dive_01_15-28-36.000.avi","582","15:44:12","647.06","894.12","QC","EricaEbert",NA,"N/A","2022","1","5","Line","Good","Good Going Forward","GGF","GGF","1","AD","Passing","Start","START",NA,"NSEO",NA,NA,NA,NA,NA,NA,NA,NA
"2886","SL_2022_NSEO_Dive_01_15-28-36.000.avi","7479","15:48:02","487.39","813.45","QC","EricaEbert",NA,"N/A","2022","1","5","Line","Bad","poor visibility","BPV","BPV","2","AD","Passing",NA,"",NA,"NSEO",NA,NA,NA,NA,NA,NA,NA,NA
"2887","SL_2022_NSEO_Dive_01_15-28-36.000.avi","7789","15:48:13","628.57","875.63","QC","EricaEbert",NA,"N/A","2022","1","5","Line","Good","Good Going Forward","GGF","GGF","3","AD","Passing",NA,"",NA,"NSEO",NA,NA,NA,NA,NA,NA,NA,NA
"2888","SL_2022_NSEO_Dive_01_15-28-36.000.avi","16690","15:53:09","596.64","823.53","QC","EricaEbert",NA,"N/A","2022","1","5","Line","Bad","poor visibility","BPV","BPV","4","AD","Passing",NA,"",NA,"NSEO",NA,NA,NA,NA,NA,NA,NA,NA
"2889","SL_2022_NSEO_Dive_01_15-28-36.000.avi","17617","15:53:40","631.93","889.08","QC","EricaEbert",NA,"N/A","2022","1","5","Line","Good","Good Going Forward","GGF","GGF","5","AD","Passing",NA,"",NA,"NSEO",NA,NA,NA,NA,NA,NA,NA,NA
"2890","SL_2022_NSEO_Dive_01_15-28-36.000.avi","21190","15:55:39","593.28","857.14","QC","EricaEbert",NA,"N/A","2022","1","5","Line","Bad","poor visibility","BPV","BPV","6","AD","Passing",NA,"",NA,"NSEO",NA,NA,NA,NA,NA,NA,NA,NA
"2891","SL_2022_NSEO_Dive_01_15-28-36.000.avi","24326","15:57:24","643.7","894.12","QC","EricaEbert",NA,"N/A","2022","1","5","Line","Good","Good Going Forward","GGF","GGF","7","AD","Passing",NA,"",NA,"NSEO",NA,NA,NA,NA,NA,NA,NA,NA
"2892","SL_2022_NSEO_Dive_01_15-28-36.000.avi","30580","16:00:52","489.08","726.05","QC","EricaEbert",NA,"N/A","2022","1","5","Line","Bad","poor visibility","BPV","BPV","8","AD","Passing",NA,"",NA,"NSEO",NA,NA,NA,NA,NA,NA,NA,NA
"2893","SL_2022_NSEO_Dive_01_15-28-36.000.avi","31229","16:01:14","638.66","894.12","QC","EricaEbert",NA,"N/A","2022","1","5","Line","Good","Good Going Forward","GGF","GGF","9","AD","Passing",NA,"",NA,"NSEO",NA,NA,NA,NA,NA,NA,NA,NA
"2894","SL_2022_NSEO_Dive_01_15-28-36.000.avi","37161","16:04:32","484.03","815.13","QC","EricaEbert",NA,"N/A","2022","1","5","Line","Bad","poor visibility","BPV","BPV","10","AD","Passing",NA,"",NA,"NSEO",NA,NA,NA,NA,NA,NA,NA,NA
"2895","SL_2022_NSEO_Dive_01_15-28-36.000.avi","37487","16:04:43","652.1","897.48","QC","EricaEbert",NA,"N/A","2022","1","5","Line","Good","Good Going Forward","GGF","GGF","11","AD","Passing",NA,"",NA,"NSEO",NA,NA,NA,NA,NA,NA,NA,NA
"2896","SL_2022_NSEO_Dive_01_15-28-36.000.avi","39016","16:05:34","652.1","899.16","QC","EricaEbert",NA,"N/A","2022","1","5","Line","Bad","poor visibility","BPV","BPV","12","AD","Passing",NA,"",NA,"NSEO",NA,NA,NA,NA,NA,NA,NA,NA
"2897","SL_2022_NSEO_Dive_01_15-28-36.000.avi","39707","16:05:57","640.34","892.44","QC","EricaEbert",NA,"N/A","2022","1","5","Line","Good","Good Going Forward","GGF","GGF","13","AD","Passing",NA,"",NA,"NSEO",NA,NA,NA,NA,NA,NA,NA,NA
"2898","SL_2022_NSEO_Dive_01_15-28-36.000.avi","56420","16:15:14","467.23","766.39","QC","EricaEbert",NA,"N/A","2022","1","5","Line","Bad","poor visibility","BPV","BPV","14","AD","Passing",NA,"",NA,"NSEO",NA,NA,NA,NA,NA,NA,NA,NA
"2899","SL_2022_NSEO_Dive_01_15-28-36.000.avi","56947","16:15:31","643.7","890.76","QC","EricaEbert",NA,"N/A","2022","1","5","Line","Good","Good Going Forward","GGF","GGF","15","AD","Passing",NA,"",NA,"NSEO",NA,NA,NA,NA,NA,NA,NA,NA
"2900","SL_2022_NSEO_Dive_01_15-28-36.000.avi","58031","16:16:07","465.55","754.62","QC","EricaEbert",NA,"N/A","2022","1","5","Line","Bad","poor visibility","BPV","BPV","16","AD","Passing",NA,"",NA,"NSEO",NA,NA,NA,NA,NA,NA,NA,NA
"2901","SL_2022_NSEO_Dive_01_15-28-36.000.avi","61888","16:18:16","465.55","757.98","QC","EricaEbert",NA,"N/A","2022","1","5","Line","Good","Good Going Forward","GGF","GGF","17","AD","Passing","End","END",NA,"NSEO",NA,NA,NA,NA,NA,NA,NA,NA
"2902","SL_2022_NSEO_Dive_02_08-01-39.000.avi","965","8:15:12","620.17","873.95","QC","EricaEbert","60","N/A","2022","2","2","Line","Good","Good Going Forward","GGF","GGF","1","AD","Passing","Start","START","","NSEO",NA,NA,NA,NA,NA,NA,NA,NA
"2903","SL_2022_NSEO_Dive_02_08-01-39.000.avi","43430","8:38:48","536.13","806.72","QC","EricaEbert","60","N/A","2022","2","2","Line","Bad","lost bottom visual","BLB","BLB","2","AD","Passing",NA,"going over boulder"," poor vis of botto","NSEO",NA,NA,NA,NA,NA,NA,NA,NA
"2904","SL_2022_NSEO_Dive_02_08-01-39.000.avi","43834","8:39:01","583.19","836.97","QC","EricaEbert","60","N/A","2022","2","2","Line","Good","Good Going Forward","GGF","GGF","3","AD","Passing",NA,"","","NSEO",NA,NA,NA,NA,NA,NA,NA,NA
"2905","SL_2022_NSEO_Dive_02_08-01-39.000.avi","50304","8:42:37","495.8","739.5","QC","EricaEbert","60","N/A","2022","2","2","Line","Bad","lost bottom visual","BLB","BLB","4","AD","Passing",NA,"going over boulder","","NSEO",NA,NA,NA,NA,NA,NA,NA,NA
"2906","SL_2022_NSEO_Dive_02_08-01-39.000.avi","50588","8:42:46","455.46","726.05","QC","EricaEbert","60","N/A","2022","2","2","Line","Good","Good Going Forward","GGF","GGF","5","AD","Passing",NA,"","","NSEO",NA,NA,NA,NA,NA,NA,NA,NA
"2907","SL_2022_NSEO_Dive_02_08-01-39.000.avi","56363","8:45:59","497.48","784.87","QC","EricaEbert","60","N/A","2022","2","2","Line","Bad","poor visibility","BPV","BPV","6","AD","Passing",NA,"","","NSEO",NA,NA,NA,NA,NA,NA,NA,NA
"2908","SL_2022_NSEO_Dive_02_08-01-39.000.avi","56845","8:46:15","532.77","791.6","QC","EricaEbert","60","N/A","2022","2","2","Line","Good","Good Going Forward","GGF","GGF","7","AD","Passing",NA,"","","NSEO",NA,NA,NA,NA,NA,NA,NA,NA
"2909","SL_2022_NSEO_Dive_02_08-01-39.000.avi","83006","9:00:47","589.92","850.42","QC","EricaEbert","60","N/A","2022","2","2","Line","Good","Good Going Forward","GGF","GGF","8","AD","Passing","End","END","","NSEO",NA,NA,NA,NA,NA,NA,NA,NA
"2910","SL_2022_NSEO_Dive_03_09-08-18.000.avi","189","9:41:20","594.96","852.1","QC","EricaEbert","120","N/A","2022","3","3","Line","Good","Good Going Forward","GGF","GGF","1","AD","Passing","Start","START",NA,"NSEO",NA,NA,NA,NA,NA,NA,NA,NA
"2911","SL_2022_NSEO_Dive_03_09-08-18.000.avi","4348","9:43:39","579.83","840.34","QC","EricaEbert","120","N/A","2022","3","3","Line","Bad","poor visibility","BPV","BPV","2","AD","Passing",NA,"",NA,"NSEO",NA,NA,NA,NA,NA,NA,NA,NA
"2912","SL_2022_NSEO_Dive_03_09-08-18.000.avi","4777","9:43:53","608.4","863.87","QC","EricaEbert","120","N/A","2022","3","3","Line","Good","Good Going Forward","GGF","GGF","3","AD","Passing",NA,"",NA,"NSEO",NA,NA,NA,NA,NA,NA,NA,NA
"2913","SL_2022_NSEO_Dive_03_09-08-18.000.avi","9010","9:46:14","573.11","835.29","QC","EricaEbert","120","N/A","2022","3","3","Line","Bad","poor visibility","BPV","BPV","4","AD","Passing",NA,"",NA,"NSEO",NA,NA,NA,NA,NA,NA,NA,NA
"2914","SL_2022_NSEO_Dive_03_09-08-18.000.avi","9251","9:46:22","596.64","858.82","QC","EricaEbert","120","N/A","2022","3","3","Line","Good","Good Going Forward","GGF","GGF","5","AD","Passing",NA,"",NA,"NSEO",NA,NA,NA,NA,NA,NA,NA,NA
"2915","SL_2022_NSEO_Dive_03_09-08-18.000.avi","42991","10:05:07","631.93","882.35","QC","EricaEbert","120","N/A","2022","3","3","Line","Good","Good Going Forward","GGF","GGF","7","AD","Passing","End","END",NA,"NSEO",NA,NA,NA,NA,NA,NA,NA,NA
"2916","SL_2022_NSEO_Dive_04_10-32-27.000.avi","197","10:44:31","655.46","914.29","QC","EricaEbert","120","N/A","2022","4","4","Line","Good","Good Going Forward","GGF","GGF","1","AD","Passing","Start","START",NA,"NSEO",NA,NA,NA,NA,NA,NA,NA,NA
"2917","SL_2022_NSEO_Dive_04_10-32-27.000.avi","406","10:44:38","603.36","863.87","QC","EricaEbert","120","N/A","2022","4","4","Line","Bad","poor visibility","BPV","BPV","2","AD","Passing",NA,"",NA,"NSEO",NA,NA,NA,NA,NA,NA,NA,NA
"2918","SL_2022_NSEO_Dive_04_10-32-27.000.avi","3071","10:46:06","635.29","890.76","QC","EricaEbert","120","N/A","2022","4","4","Line","Good","Good Going Forward","GGF","GGF","3","AD","Passing",NA,"",NA,"NSEO",NA,NA,NA,NA,NA,NA,NA,NA
"2919","SL_2022_NSEO_Dive_04_10-32-27.000.avi","59495","11:17:27","586.55","848.74","QC","EricaEbert","120","N/A","2022","4","4","Line","Bad","poor visibility","BPV","BPV","4","AD","Passing",NA,"",NA,"NSEO",NA,NA,NA,NA,NA,NA,NA,NA
"2920","SL_2022_NSEO_Dive_04_10-32-27.000.avi","59670","11:17:33","620.17","875.63","QC","EricaEbert","120","N/A","2022","4","4","Line","Good","Good Going Forward","GGF","GGF","5","AD","Passing",NA,"",NA,"NSEO",NA,NA,NA,NA,NA,NA,NA,NA
"2921","SL_2022_NSEO_Dive_04_10-32-27.000.avi","68842","11:22:39","620.17","873.95","QC","EricaEbert","120","N/A","2022","4","4","Line","Good","Good Going Forward","GGF","GGF","6","AD","Passing","End","END",NA,"NSEO",NA,NA,NA,NA,NA,NA,NA,NA
"2922","SL_2022_NSEO_Dive_05_11-30-57.000.avi","318","12:26:37","608.4","863.87","QC","EricaEbert","100","N/A","2022","5","6","Line","Good","Good Going Forward","GGF","GGF","1","AD","Passing","Start","START",NA,"NSEO",NA,NA,NA,NA,NA,NA,NA,NA
"2923","SL_2022_NSEO_Dive_05_11-30-57.000.avi","18829","12:36:54","524.37","761.34","QC","EricaEbert","100","N/A","2022","5","6","Line","Bad","loitering in same area","BLA","BLA","2","AD","Passing",NA,"",NA,"NSEO",NA,NA,NA,NA,NA,NA,NA,NA
"2924","SL_2022_NSEO_Dive_05_11-30-57.000.avi","19611","12:37:20","603.36","858.82","QC","EricaEbert","100","N/A","2022","5","6","Line","Good","Good Going Forward","GGF","GGF","3","AD","Passing",NA,"",NA,"NSEO",NA,NA,NA,NA,NA,NA,NA,NA
"2925","SL_2022_NSEO_Dive_05_11-30-57.000.avi","76283","13:08:49","605.04","860.5","QC","EricaEbert","100","N/A","2022","5","6","Line","Good","Good Going Forward","GGF","GGF","4","AD","Passing","End","END",NA,"NSEO",NA,NA,NA,NA,NA,NA,NA,NA
"2926","SL_2022_NSEO_Dive_06_13-20-38.000.avi","335","14:07:42","598.32","857.14","QC","EricaEbert","90","N/A","2022","6","7","Line","Good","Good Going Forward","GGF","GGF","1","AD","Passing","Start","START",NA,"NSEO",NA,NA,NA,NA,NA,NA,NA,NA
"2927","SL_2022_NSEO_Dive_06_13-20-38.000.avi","50538","14:35:36","586.55","836.97","QC","EricaEbert","90","N/A","2022","6","7","Line","Bad","poor visibility","BPV","BPV","2","AD","Passing",NA,"",NA,"NSEO",NA,NA,NA,NA,NA,NA,NA,NA
"2928","SL_2022_NSEO_Dive_06_13-20-38.000.avi","50956","14:35:50","583.19","847.06","QC","EricaEbert","90","N/A","2022","6","7","Line","Good","Good Going Forward","GGF","GGF","3","AD","Passing",NA,"",NA,"NSEO",NA,NA,NA,NA,NA,NA,NA,NA
"2929","SL_2022_NSEO_Dive_06_13-20-38.000.avi","61037","14:41:26","571.43","833.61","QC","EricaEbert","90","N/A","2022","6","7","Line","Bad","lost bottom visual","BLB","BLB","4","AD","Passing",NA,"",NA,"NSEO",NA,NA,NA,NA,NA,NA,NA,NA
"2930","SL_2022_NSEO_Dive_06_13-20-38.000.avi","61540","14:41:42","579.83","843.7","QC","EricaEbert","90","N/A","2022","6","7","Line","Good","Good Going Forward","GGF","GGF","5","AD","Passing",NA,"",NA,"NSEO",NA,NA,NA,NA,NA,NA,NA,NA
"2931","SL_2022_NSEO_Dive_06_13-20-38.000.avi","69428","14:46:05","591.6","862.18","QC","EricaEbert","90","N/A","2022","6","7","Line","Bad","lost bottom visual","BLB","BLB","6","AD","Passing",NA,"",NA,"NSEO",NA,NA,NA,NA,NA,NA,NA,NA
"2932","SL_2022_NSEO_Dive_06_13-20-38.000.avi","69878","14:46:20","586.55","848.74","QC","EricaEbert","90","N/A","2022","6","7","Line","Good","Good Going Forward","GGF","GGF","7","AD","Passing",NA,"",NA,"NSEO",NA,NA,NA,NA,NA,NA,NA,NA
"2933","SL_2022_NSEO_Dive_06_13-20-38.000.avi","72487","14:47:47","586.55","850.42","QC","EricaEbert","90","N/A","2022","6","7","Line","Bad","lost bottom visual","BLB","BLB","8","AD","Passing",NA,"",NA,"NSEO",NA,NA,NA,NA,NA,NA,NA,NA
"2934","SL_2022_NSEO_Dive_06_13-20-38.000.avi","72907","14:48:01","586.55","848.74","QC","EricaEbert","90","N/A","2022","6","7","Line","Good","Good Going Forward","GGF","GGF","9","AD","Passing",NA,"",NA,"NSEO",NA,NA,NA,NA,NA,NA,NA,NA
"2935","SL_2022_NSEO_Dive_06_13-20-38.000.avi","75612","14:49:31","566.39","830.25","QC","EricaEbert","90","N/A","2022","6","7","Line","Bad","lost bottom visual","BLB","BLB","10","AD","Passing",NA,"",NA,"NSEO",NA,NA,NA,NA,NA,NA,NA,NA
"2936","SL_2022_NSEO_Dive_06_13-20-38.000.avi","75989","14:49:44","581.51","836.97","QC","EricaEbert","90","N/A","2022","6","7","Line","Good","Good Going Forward","GGF","GGF","11","AD","Passing",NA,"",NA,"NSEO",NA,NA,NA,NA,NA,NA,NA,NA
"2937","SL_2022_NSEO_Dive_06_13-20-38.000.avi","81394","14:52:44","571.43","830.25","QC","EricaEbert","90","N/A","2022","6","7","Line","Good","Good Going Forward","GGF","GGF","12","AD","Passing","End","END",NA,"NSEO",NA,NA,NA,NA,NA,NA,NA,NA
"2938","SL_2022_NSEO_Dive_07_15-20-07.000.avi","264","15:48:24","595","850","QC","EricaEbert","120","N/A","2022","7","8","Line","Good","Good Going Forward","GGF","GGF","1","AD","Passing","Start","START",NA,"NSEO",NA,NA,NA,NA,NA,NA,NA,NA
"2939","SL_2022_NSEO_Dive_07_15-20-07.000.avi","77418","16:31:16","595","857","QC","EricaEbert","120","N/A","2022","7","8","Line","Good","Good Going Forward","GGF","GGF","2","AD","Passing","End","END",NA,"NSEO",NA,NA,NA,NA,NA,NA,NA,NA
"2940","SL_2022_NSEO_Dive_08_14-11-15.000.avi","180","14:21:49","608","859","QC","EricaEbert","100","N/A","2022","8","10","Line","Good","Good Going Forward","GGF","GGF","1","AD","Passing","Start","START",NA,"NSEO",NA,NA,NA,NA,NA,NA,NA,NA
"2941","SL_2022_NSEO_Dive_08_14-11-15.000.avi","3459","14:23:38","545","797","QC","EricaEbert","100","N/A","2022","8","10","Line","Bad","poor visibility","BPV","BPV","2","AD","Passing",NA,"",NA,"NSEO",NA,NA,NA,NA,NA,NA,NA,NA
"2942","SL_2022_NSEO_Dive_08_14-11-15.000.avi","4284","14:24:06","610","847","QC","EricaEbert","100","N/A","2022","8","10","Line","Good","Good Going Forward","GGF","GGF","3","AD","Passing",NA,"",NA,"NSEO",NA,NA,NA,NA,NA,NA,NA,NA
"2943","SL_2022_NSEO_Dive_08_14-11-15.000.avi","5679","14:24:52","595","834","QC","EricaEbert","100","N/A","2022","8","10","Line","Bad","going over drop-off","BDO","BDO","4","AD","Passing",NA,"",NA,"NSEO",NA,NA,NA,NA,NA,NA,NA,NA
"2944","SL_2022_NSEO_Dive_08_14-11-15.000.avi","6295","14:25:13","603","844","QC","EricaEbert","100","N/A","2022","8","10","Line","Good","Good Going Forward","GGF","GGF","5","AD","Passing",NA,"",NA,"NSEO",NA,NA,NA,NA,NA,NA,NA,NA
"2945","SL_2022_NSEO_Dive_08_14-11-15.000.avi","7333","14:25:47","615","855","QC","EricaEbert","100","N/A","2022","8","10","Line","Bad","going over drop-off","BDO","BDO","6","AD","Passing",NA,"",NA,"NSEO",NA,NA,NA,NA,NA,NA,NA,NA
"2946","SL_2022_NSEO_Dive_08_14-11-15.000.avi","8754","14:26:35","602","849","QC","EricaEbert","100","N/A","2022","8","10","Line","Good","Good Going Forward","GGF","GGF","7","AD","Passing",NA,"",NA,"NSEO",NA,NA,NA,NA,NA,NA,NA,NA
"2947","SL_2022_NSEO_Dive_08_14-11-15.000.avi","10653","14:27:38","576","818","QC","EricaEbert","100","N/A","2022","8","10","Line","Bad","poor visibility","BPV","BPV","8","AD","Passing",NA,"",NA,"NSEO",NA,NA,NA,NA,NA,NA,NA,NA
"2948","SL_2022_NSEO_Dive_08_14-11-15.000.avi","11085","14:27:52","605","849","QC","EricaEbert","100","N/A","2022","8","10","Line","Good","Good Going Forward","GGF","GGF","9","AD","Passing",NA,"",NA,"NSEO",NA,NA,NA,NA,NA,NA,NA,NA
"2949","SL_2022_NSEO_Dive_08_14-11-15.000.avi","13427","14:29:11","598","842","QC","EricaEbert","100","N/A","2022","8","10","Line","Bad","poor visibility","BPV","BPV","10","AD","Passing",NA,"",NA,"NSEO",NA,NA,NA,NA,NA,NA,NA,NA
"2950","SL_2022_NSEO_Dive_08_14-11-15.000.avi","14701","14:29:53","610","854","QC","EricaEbert","100","N/A","2022","8","10","Line","Good","Good Going Forward","GGF","GGF","11","AD","Passing",NA,"",NA,"NSEO",NA,NA,NA,NA,NA,NA,NA,NA
"2951","SL_2022_NSEO_Dive_08_14-11-15.000.avi","16782","14:31:02","593","832","QC","EricaEbert","100","N/A","2022","8","10","Line","Bad","poor visibility","BPV","BPV","12","AD","Passing",NA,"",NA,"NSEO",NA,NA,NA,NA,NA,NA,NA,NA
"2952","SL_2022_NSEO_Dive_08_14-11-15.000.avi","17131","14:31:14","612","854","QC","EricaEbert","100","N/A","2022","8","10","Line","Good","Good Going Forward","GGF","GGF","13","AD","Passing",NA,"",NA,"NSEO",NA,NA,NA,NA,NA,NA,NA,NA
"2953","SL_2022_NSEO_Dive_08_14-11-15.000.avi","18333","14:31:54","598","840","QC","EricaEbert","100","N/A","2022","8","10","Line","Bad","going over drop-off","BDO","BDO","14","AD","Passing",NA,"",NA,"NSEO",NA,NA,NA,NA,NA,NA,NA,NA
"2954","SL_2022_NSEO_Dive_08_14-11-15.000.avi","18708","14:32:07","600","845","QC","EricaEbert","100","N/A","2022","8","10","Line","Good","Good Going Forward","GGF","GGF","15","AD","Passing",NA,"",NA,"NSEO",NA,NA,NA,NA,NA,NA,NA,NA
"2955","SL_2022_NSEO_Dive_08_14-11-15.000.avi","20751","14:33:15","592","849","QC","EricaEbert","100","N/A","2022","8","10","Line","Bad","poor visibility","BPV","BPV","16","AD","Passing",NA,"",NA,"NSEO",NA,NA,NA,NA,NA,NA,NA,NA
"2956","SL_2022_NSEO_Dive_08_14-11-15.000.avi","21084","14:33:26","600","844","QC","EricaEbert","100","N/A","2022","8","10","Line","Good","Good Going Forward","GGF","GGF","17","AD","Passing",NA,"",NA,"NSEO",NA,NA,NA,NA,NA,NA,NA,NA
"2957","SL_2022_NSEO_Dive_08_14-11-15.000.avi","23322","14:34:40","538","787","QC","EricaEbert","100","N/A","2022","8","10","Line","Bad","going over drop-off","BDO","BDO","18","AD","Passing",NA,"",NA,"NSEO",NA,NA,NA,NA,NA,NA,NA,NA
"2958","SL_2022_NSEO_Dive_08_14-11-15.000.avi","23729","14:34:54","607","852","QC","EricaEbert","100","N/A","2022","8","10","Line","Good","Good Going Forward","GGF","GGF","19","AD","Passing",NA,"",NA,"NSEO",NA,NA,NA,NA,NA,NA,NA,NA
"2959","SL_2022_NSEO_Dive_08_14-11-15.000.avi","84737","15:08:48","625","869","QC","EricaEbert","100","N/A","2022","8","10","Line","Good","Good Going Forward","GGF","GGF","20","AD","Passing","End","END",NA,"NSEO",NA,NA,NA,NA,NA,NA,NA,NA
"2960","SL_2022_NSEO_Dive_09_15-21-43.000.avi","151","15:37:35","603","857","QC","EricaEbert","120","N/A","2022","9","9","Line","Good","Good Going Forward","GGF","GGF","1","AD","Passing","Start","START",NA,"NSEO",NA,NA,NA,NA,NA,NA,NA,NA
"2961","SL_2022_NSEO_Dive_09_15-21-43.000.avi","33569","15:56:09","598","842","QC","EricaEbert","120","N/A","2022","9","9","Line","Bad","poor visibility","BPV","BPV","2","AD","Passing",NA,"",NA,"NSEO",NA,NA,NA,NA,NA,NA,NA,NA
"2962","SL_2022_NSEO_Dive_09_15-21-43.000.avi","33909","15:56:20","613","857","QC","EricaEbert","120","N/A","2022","9","9","Line","Good","Good Going Forward","GGF","GGF","3","AD","Passing",NA,"",NA,"NSEO",NA,NA,NA,NA,NA,NA,NA,NA
"2963","SL_2022_NSEO_Dive_09_15-21-43.000.avi","90424","16:27:44","639","886","QC","EricaEbert","120","N/A","2022","9","9","Line","Good","Good Going Forward","GGF","GGF","4","AD","Passing","End","END",NA,"NSEO",NA,NA,NA,NA,NA,NA,NA,NA
"2964","SL_2022_NSEO_Dive_10_16-39-23.000.avi","281","17:16:50","607","852","QC","EricaEbert","60","N/A","2022","10","11","Line","Good","Good Going Forward","GGF","GGF","1","AD","Passing","Start","START",NA,"NSEO",NA,NA,NA,NA,NA,NA,NA,NA
"2965","SL_2022_NSEO_Dive_10_16-39-23.000.avi","2650","17:18:09","602","844","QC","EricaEbert","60","N/A","2022","10","11","Line","Bad","poor visibility","BPV","BPV","2","AD","Passing",NA,"",NA,"NSEO",NA,NA,NA,NA,NA,NA,NA,NA
"2966","SL_2022_NSEO_Dive_10_16-39-23.000.avi","2949","17:18:19","630","867","QC","EricaEbert","60","N/A","2022","10","11","Line","Good","Good Going Forward","GGF","GGF","3","AD","Passing",NA,"",NA,"NSEO",NA,NA,NA,NA,NA,NA,NA,NA
"2967","SL_2022_NSEO_Dive_10_16-39-23.000.avi","10663","17:22:36","602","839","QC","EricaEbert","60","N/A","2022","10","11","Line","Bad","poor visibility","BPV","BPV","4","AD","Passing",NA,"",NA,"NSEO",NA,NA,NA,NA,NA,NA,NA,NA
"2968","SL_2022_NSEO_Dive_10_16-39-23.000.avi","10871","17:22:43","612","852","QC","EricaEbert","60","N/A","2022","10","11","Line","Good","Good Going Forward","GGF","GGF","5","AD","Passing",NA,"",NA,"NSEO",NA,NA,NA,NA,NA,NA,NA,NA
"2969","SL_2022_NSEO_Dive_10_16-39-23.000.avi","62766","17:51:33","580","782","QC","EricaEbert","60","N/A","2022","10","11","Line","Bad","poor visibility","BPV","BPV","6","AD","Passing",NA,"",NA,"NSEO",NA,NA,NA,NA,NA,NA,NA,NA
"2970","SL_2022_NSEO_Dive_10_16-39-23.000.avi","63146","17:51:46","620","864","QC","EricaEbert","60","N/A","2022","10","11","Line","Good","Good Going Forward","GGF","GGF","7","AD","Passing",NA,"",NA,"NSEO",NA,NA,NA,NA,NA,NA,NA,NA
"2971","SL_2022_NSEO_Dive_10_16-39-23.000.avi","66221","17:53:28","607","849","QC","EricaEbert","60","N/A","2022","10","11","Line","Bad","poor visibility","BPV","BPV","8","AD","Passing",NA,"",NA,"NSEO",NA,NA,NA,NA,NA,NA,NA,NA
"2972","SL_2022_NSEO_Dive_10_16-39-23.000.avi","66894","17:53:51","607","844","QC","EricaEbert","60","N/A","2022","10","11","Line","Good","Good Going Forward","GGF","GGF","9","AD","Passing",NA,"",NA,"NSEO",NA,NA,NA,NA,NA,NA,NA,NA
"2973","SL_2022_NSEO_Dive_10_16-39-23.000.avi","81783","18:02:07","629","867","QC","EricaEbert","60","N/A","2022","10","11","Line","Good","Good Going Forward","GGF","GGF","10","AD","Passing","End","END",NA,"NSEO",NA,NA,NA,NA,NA,NA,NA,NA
"2974","SL_2022_NSEO_Dive_11_07-54-15.000.avi","415","8:00:30","608","850","QC","EricaEbert","50","N/A","2022","11","12","Line","Good","Good Going Forward","GGF","GGF","1","AD","Passing","Start","START",NA,"NSEO",NA,NA,NA,NA,NA,NA,NA,NA
"2975","SL_2022_NSEO_Dive_11_07-54-15.000.avi","1743","8:01:14","600","840","QC","EricaEbert","50","N/A","2022","11","12","Line","Bad","poor visibility","BPV","BPV","2","AD","Passing",NA,"",NA,"NSEO",NA,NA,NA,NA,NA,NA,NA,NA
"2976","SL_2022_NSEO_Dive_11_07-54-15.000.avi","2175","8:01:29","634","869","QC","EricaEbert","50","N/A","2022","11","12","Line","Good","Good Going Forward","GGF","GGF","3","AD","Passing",NA,"",NA,"NSEO",NA,NA,NA,NA,NA,NA,NA,NA
"2977","SL_2022_NSEO_Dive_11_07-54-15.000.avi","14144","8:08:07","608","847","QC","EricaEbert","50","N/A","2022","11","12","Line","Bad","poor visibility","BPV","BPV","4","AD","Passing",NA,"",NA,"NSEO",NA,NA,NA,NA,NA,NA,NA,NA
"2978","SL_2022_NSEO_Dive_11_07-54-15.000.avi","14526","8:08:20","622","859","QC","EricaEbert","50","N/A","2022","11","12","Line","Good","Good Going Forward","GGF","GGF","5","AD","Passing",NA,"",NA,"NSEO",NA,NA,NA,NA,NA,NA,NA,NA
"2979","SL_2022_NSEO_Dive_11_07-54-15.000.avi","19592","8:11:09","613","842","QC","EricaEbert","50","N/A","2022","11","12","Line","Bad","loitering in same area","BLA","BLA","6","AD","Passing",NA,"",NA,"NSEO",NA,NA,NA,NA,NA,NA,NA,NA
"2980","SL_2022_NSEO_Dive_11_07-54-15.000.avi","20397","8:11:36","607","854","QC","EricaEbert","50","N/A","2022","11","12","Line","Good","Good Going Forward","GGF","GGF","7","AD","Passing",NA,"",NA,"NSEO",NA,NA,NA,NA,NA,NA,NA,NA
"2981","SL_2022_NSEO_Dive_11_07-54-15.000.avi","20516","8:11:40","598","842","QC","EricaEbert","50","N/A","2022","11","12","Line","Bad","poor visibility","BPV","BPV","8","AD","Passing",NA,"",NA,"NSEO",NA,NA,NA,NA,NA,NA,NA,NA
"2982","SL_2022_NSEO_Dive_11_07-54-15.000.avi","20832","8:11:50","625","869","QC","EricaEbert","50","N/A","2022","11","12","Line","Good","Good Going Forward","GGF","GGF","9","AD","Passing",NA,"",NA,"NSEO",NA,NA,NA,NA,NA,NA,NA,NA
"2983","SL_2022_NSEO_Dive_11_07-54-15.000.avi","32163","8:18:08","587","820","QC","EricaEbert","50","N/A","2022","11","12","Line","Bad","going over drop-off","BDO","BDO","10","AD","Passing",NA,"",NA,"NSEO",NA,NA,NA,NA,NA,NA,NA,NA
"2984","SL_2022_NSEO_Dive_11_07-54-15.000.avi","32551","8:18:21","624","866","QC","EricaEbert","50","N/A","2022","11","12","Line","Good","Good Going Forward","GGF","GGF","11","AD","Passing",NA,"",NA,"NSEO",NA,NA,NA,NA,NA,NA,NA,NA
"2985","SL_2022_NSEO_Dive_11_07-54-15.000.avi","36080","8:20:19","590","839","QC","EricaEbert","50","N/A","2022","11","12","Line","Bad","going over drop-off","BDO","BDO","12","AD","Passing",NA,"",NA,"NSEO",NA,NA,NA,NA,NA,NA,NA,NA
"2986","SL_2022_NSEO_Dive_11_07-54-15.000.avi","36554","8:20:34","593","835","QC","EricaEbert","50","N/A","2022","11","12","Line","Good","Good Going Forward","GGF","GGF","13","AD","Passing",NA,"",NA,"NSEO",NA,NA,NA,NA,NA,NA,NA,NA
"2987","SL_2022_NSEO_Dive_11_07-54-15.000.avi","38816","8:21:50","592","839","QC","EricaEbert","50","N/A","2022","11","12","Line","Bad","poor visibility","BPV","BPV","14","AD","Passing",NA,"",NA,"NSEO",NA,NA,NA,NA,NA,NA,NA,NA
"2988","SL_2022_NSEO_Dive_11_07-54-15.000.avi","40083","8:22:32","620","854","QC","EricaEbert","50","N/A","2022","11","12","Line","Good","Good Going Forward","GGF","GGF","15","AD","Passing",NA,"",NA,"NSEO",NA,NA,NA,NA,NA,NA,NA,NA
"2989","SL_2022_NSEO_Dive_11_07-54-15.000.avi","46766","8:26:15","637","877","QC","EricaEbert","50","N/A","2022","11","12","Line","Bad","poor visibility","BPV","BPV","16","AD","Passing",NA,"",NA,"NSEO",NA,NA,NA,NA,NA,NA,NA,NA
"2990","SL_2022_NSEO_Dive_11_07-54-15.000.avi","48072","8:26:58","634","871","QC","EricaEbert","50","N/A","2022","11","12","Line","Good","Good Going Forward","GGF","GGF","17","AD","Passing",NA,"",NA,"NSEO",NA,NA,NA,NA,NA,NA,NA,NA
"2991","SL_2022_NSEO_Dive_11_07-54-15.000.avi","48516","8:27:13","583","832","QC","EricaEbert","50","N/A","2022","11","12","Line","Bad","going over drop-off","BDO","BDO","18","AD","Passing",NA,"",NA,"NSEO",NA,NA,NA,NA,NA,NA,NA,NA
"2992","SL_2022_NSEO_Dive_11_07-54-15.000.avi","49763","8:27:55","625","859","QC","EricaEbert","50","N/A","2022","11","12","Line","Good","Good Going Forward","GGF","GGF","19","AD","Passing",NA,"",NA,"NSEO",NA,NA,NA,NA,NA,NA,NA,NA
"2993","SL_2022_NSEO_Dive_11_07-54-15.000.avi","76334","8:42:40","618","861","QC","EricaEbert","50","N/A","2022","11","12","Line","Good","Good Going Forward","GGF","GGF","20","AD","Passing","End","END",NA,"NSEO",NA,NA,NA,NA,NA,NA,NA,NA
"2994","SL_2022_NSEO_Dive_12_09-49-17.000.avi","748","10:02:03","625","866","QC","EricaEbert","100","N/A","2022","12","14","Line","Good","Good Going Forward","GGF","GGF","1","AD","Passing","Start","START",NA,"NSEO",NA,NA,NA,NA,NA,NA,NA,NA
"2995","SL_2022_NSEO_Dive_12_09-49-17.000.avi","20588","10:13:04","674","911","QC","EricaEbert","100","N/A","2022","12","14","Line","Bad","resting on bottom","BRB","BRB","2","AD","Passing",NA,"",NA,"NSEO",NA,NA,NA,NA,NA,NA,NA,NA
"2996","SL_2022_NSEO_Dive_12_09-49-17.000.avi","20966","10:13:17","639","876","QC","EricaEbert","100","N/A","2022","12","14","Line","Good","Good Going Forward","GGF","GGF","3","AD","Passing",NA,"",NA,"NSEO",NA,NA,NA,NA,NA,NA,NA,NA
"2997","SL_2022_NSEO_Dive_12_09-49-17.000.avi","38199","10:22:51","593","837","QC","EricaEbert","100","N/A","2022","12","14","Line","Bad","poor visibility","BPV","BPV","4","AD","Passing",NA,"",NA,"NSEO",NA,NA,NA,NA,NA,NA,NA,NA
"2998","SL_2022_NSEO_Dive_12_09-49-17.000.avi","38610","10:23:05","629","862","QC","EricaEbert","100","N/A","2022","12","14","Line","Good","Good Going Forward","GGF","GGF","5","AD","Passing",NA,"",NA,"NSEO",NA,NA,NA,NA,NA,NA,NA,NA
"2999","SL_2022_NSEO_Dive_12_09-49-17.000.avi","44104","10:26:08","603","842","QC","EricaEbert","100","N/A","2022","12","14","Line","Bad","poor visibility","sp","","6","AD","Passing",NA,"",NA,"NSEO",NA,NA,NA,NA,NA,NA,NA,NA
"3000","SL_2022_NSEO_Dive_12_09-49-17.000.avi","44467","10:26:20","645","879","QC","EricaEbert","100","N/A","2022","12","14","Line","Good","Good Going Forward","GGF","GGF","7","AD","Passing",NA,"",NA,"NSEO",NA,NA,NA,NA,NA,NA,NA,NA
"3001","SL_2022_NSEO_Dive_12_09-49-17.000.avi","76900","10:44:21","622","867","QC","EricaEbert","100","N/A","2022","12","14","Line","Good","Good Going Forward","GGF","GGF","8","AD","Passing","End","END",NA,"NSEO",NA,NA,NA,NA,NA,NA,NA,NA
"3002","SL_2022_NSEO_Dive_13_06-33-17.000.avi","438","6:49:02","637","877","QC","EricaEbert","60","N/A","2022","13","13","Line","Good","Good Going Forward","GGF","GGF","1","AD","Passing","Start","START",NA,"NSEO",NA,NA,NA,NA,NA,NA,NA,NA
"3003","SL_2022_NSEO_Dive_13_06-33-17.000.avi","64736","7:24:45","607","857","QC","EricaEbert","60","N/A","2022","13","13","Line","Good","Good Going Forward","GGF","GGF","2","AD","Passing","End","END",NA,"NSEO",NA,NA,NA,NA,NA,NA,NA,NA
"3004","SL_2022_NSEO_Dive_14_07-31-06.000.avi","634","7:55:55","634","872","QC","EricaEbert","50","N/A","2022","14","15","Line","Good","Good Going Forward","GGF","GGF","1","AD","Passing","Start","START",NA,"NSEO",NA,NA,NA,NA,NA,NA,NA,NA
"3005","SL_2022_NSEO_Dive_14_07-31-06.000.avi","10495","8:01:24","629","861","QC","EricaEbert","50","N/A","2022","14","15","Line","Bad","repositioned","BRP","BRP","3","AD","Passing",NA,"",NA,"NSEO",NA,NA,NA,NA,NA,NA,NA,NA
"3006","SL_2022_NSEO_Dive_14_07-31-06.000.avi","15178","8:04:00","640","886","QC","EricaEbert","50","N/A","2022","14","15","Line","Good","Good Going Forward","GGF","GGF","4","AD","Passing",NA,"",NA,"NSEO",NA,NA,NA,NA,NA,NA,NA,NA
"3007","SL_2022_NSEO_Dive_14_07-31-06.000.avi","23119","8:08:25","613","847","QC","EricaEbert","50","N/A","2022","14","15","Line","Bad","going over drop-off","BDO","BDO","5","AD","Passing",NA,"",NA,"NSEO",NA,NA,NA,NA,NA,NA,NA,NA
"3008","SL_2022_NSEO_Dive_14_07-31-06.000.avi","23564","8:08:39","612","852","QC","EricaEbert","50","N/A","2022","14","15","Line","Good","Good Going Forward","GGF","GGF","6","AD","Passing",NA,"",NA,"NSEO",NA,NA,NA,NA,NA,NA,NA,NA
"3009","SL_2022_NSEO_Dive_14_07-31-06.000.avi","25617","8:09:48","610","852","QC","EricaEbert","50","N/A","2022","14","15","Line","Bad","poor visibility","BPV","BPV","7","AD","Passing",NA,"",NA,"NSEO",NA,NA,NA,NA,NA,NA,NA,NA
"3010","SL_2022_NSEO_Dive_14_07-31-06.000.avi","26690","8:10:24","625","859","QC","EricaEbert","50","N/A","2022","14","15","Line","Good","Good Going Forward","GGF","GGF","8","AD","Passing",NA,"",NA,"NSEO",NA,NA,NA,NA,NA,NA,NA,NA
"3011","SL_2022_NSEO_Dive_14_07-31-06.000.avi","32302","8:13:31","545","792","QC","EricaEbert","50","N/A","2022","14","15","Line","Bad","poor visibility","BPV","BPV","9","AD","Passing",NA,"",NA,"NSEO",NA,NA,NA,NA,NA,NA,NA,NA
"3012","SL_2022_NSEO_Dive_14_07-31-06.000.avi","34357","8:14:39","650","896","QC","EricaEbert","50","N/A","2022","14","15","Line","Good","Good Going Forward","GGF","GGF","10","AD","Passing",NA,"",NA,"NSEO",NA,NA,NA,NA,NA,NA,NA,NA
"3013","SL_2022_NSEO_Dive_14_07-31-06.000.avi","54335","8:25:45","618","854","QC","EricaEbert","50","N/A","2022","14","15","Line","Bad","going over drop-off","BDO","BDO","11","AD","Passing",NA,"",NA,"NSEO",NA,NA,NA,NA,NA,NA,NA,NA
"3014","SL_2022_NSEO_Dive_14_07-31-06.000.avi","54706","8:25:58","607","852","QC","EricaEbert","50","N/A","2022","14","15","Line","Good","Good Going Forward","GGF","GGF","12","AD","Passing",NA,"",NA,"NSEO",NA,NA,NA,NA,NA,NA,NA,NA
"3015","SL_2022_NSEO_Dive_14_07-31-06.000.avi","56067","8:26:43","597","847","QC","EricaEbert","50","N/A","2022","14","15","Line","Bad","poor visibility","BPV","BPV","14","AD","Passing",NA,"",NA,"NSEO",NA,NA,NA,NA,NA,NA,NA,NA
"3016","SL_2022_NSEO_Dive_14_07-31-06.000.avi","56440","8:26:55","605","845","QC","EricaEbert","50","N/A","2022","14","15","Line","Good","Good Going Forward","GGF","GGF","15","AD","Passing",NA,"",NA,"NSEO",NA,NA,NA,NA,NA,NA,NA,NA
"3017","SL_2022_NSEO_Dive_14_07-31-06.000.avi","57591","8:27:34","603","847","QC","EricaEbert","50","N/A","2022","14","15","Line","Bad","poor visibility","BPV","BPV","16","AD","Passing",NA,"",NA,"NSEO",NA,NA,NA,NA,NA,NA,NA,NA
"3018","SL_2022_NSEO_Dive_14_07-31-06.000.avi","58070","8:27:50","617","861","QC","EricaEbert","50","N/A","2022","14","15","Line","Good","Good Going Forward","GGF","GGF","17","AD","Passing",NA,"",NA,"NSEO",NA,NA,NA,NA,NA,NA,NA,NA
"3019","SL_2022_NSEO_Dive_14_07-31-06.000.avi","58835","8:28:15","620","862","QC","EricaEbert","50","N/A","2022","14","15","Line","Bad","poor visibility","BPV","BPV","18","AD","Passing",NA,"",NA,"NSEO",NA,NA,NA,NA,NA,NA,NA,NA
"3020","SL_2022_NSEO_Dive_14_07-31-06.000.avi","60355","8:29:06","624","855","QC","EricaEbert","50","N/A","2022","14","15","Line","Good","Good Going Forward","GGF","GGF","20","AD","Passing",NA,"",NA,"NSEO",NA,NA,NA,NA,NA,NA,NA,NA
"3021","SL_2022_NSEO_Dive_14_07-31-06.000.avi","84102","8:42:17","632","871","QC","EricaEbert","50","N/A","2022","14","15","Line","Good","Good Going Forward","GGF","GGF","21","AD","Passing","End","END",NA,"NSEO",NA,NA,NA,NA,NA,NA,NA,NA
"3022","SL_2022_NSEO_Dive_15_09-06-32.000.avi","136","9:14:48","595","835","QC","EricaEbert","50","N/A","2022","15","16","Line","Good","Good Going Forward","GGF","GGF","1","AD","Passing","Start","START",NA,"NSEO",NA,NA,NA,NA,NA,NA,NA,NA
"3023","SL_2022_NSEO_Dive_15_09-06-32.000.avi","1922","9:15:47","597","845","QC","EricaEbert","50","N/A","2022","15","16","Line","Bad","poor visibility","BPV","BPV","2","AD","Passing",NA,"",NA,"NSEO",NA,NA,NA,NA,NA,NA,NA,NA
"3024","SL_2022_NSEO_Dive_15_09-06-32.000.avi","2700","9:16:13","605","847","QC","EricaEbert","50","N/A","2022","15","16","Line","Good","Good Going Forward","GGF","GGF","3","AD","Passing",NA,"",NA,"NSEO",NA,NA,NA,NA,NA,NA,NA,NA
"3025","SL_2022_NSEO_Dive_15_09-06-32.000.avi","71431","9:54:24","615","842","QC","EricaEbert","50","N/A","2022","15","16","Line","Bad","poor visibility","BPV","BPV","4","AD","Passing",NA,"",NA,"NSEO",NA,NA,NA,NA,NA,NA,NA,NA
"3026","SL_2022_NSEO_Dive_15_09-06-32.000.avi","71929","9:54:41","598","837","QC","EricaEbert","50","N/A","2022","15","16","Line","Good","Good Going Forward","GGF","GGF","5","AD","Passing",NA,"",NA,"NSEO",NA,NA,NA,NA,NA,NA,NA,NA
"3027","SL_2022_NSEO_Dive_15_09-06-32.000.avi","72375","9:54:56","590","822","QC","EricaEbert","50","N/A","2022","15","16","Line","Bad","going over drop-off","BDO","BDO","6","AD","Passing",NA,"",NA,"NSEO",NA,NA,NA,NA,NA,NA,NA,NA
"3028","SL_2022_NSEO_Dive_15_09-06-32.000.avi","73811","9:55:43","613","852","QC","EricaEbert","50","N/A","2022","15","16","Line","Good","Good Going Forward","GGF","GGF","7","AD","Passing",NA,"",NA,"NSEO",NA,NA,NA,NA,NA,NA,NA,NA
"3029","SL_2022_NSEO_Dive_15_09-06-32.000.avi","75015","9:56:24","620","855","QC","EricaEbert","50","N/A","2022","15","16","Line","Good","Good Going Forward","GGF","GGF","8","AD","Passing","End","END",NA,"NSEO",NA,NA,NA,NA,NA,NA,NA,NA
"3030","SL_2022_NSEO_Dive_16_10-02-34.000.avi","122","10:27:53","629","871","QC","EricaEbert","100","N/A","2022","16","17","Line","Good","Good Going Forward","GGF","GGF","1","AD","Passing","Start","START",NA,"NSEO",NA,NA,NA,NA,NA,NA,NA,NA
"3031","SL_2022_NSEO_Dive_16_10-02-34.000.avi","28189","10:43:29","603","852","QC","EricaEbert","100","N/A","2022","16","17","Line","Bad","loitering in same area","BLA","BLA","2","AD","Passing",NA,"",NA,"NSEO",NA,NA,NA,NA,NA,NA,NA,NA
"3032","SL_2022_NSEO_Dive_16_10-02-34.000.avi","28421","10:43:36","634","877","QC","EricaEbert","100","N/A","2022","16","17","Line","Good","Good Going Forward","GGF","GGF","3","AD","Passing",NA,"",NA,"NSEO",NA,NA,NA,NA,NA,NA,NA,NA
"3033","SL_2022_NSEO_Dive_16_10-02-34.000.avi","61585","11:02:02","613","861","QC","EricaEbert","100","N/A","2022","16","17","Line","Good","Good Going Forward","GGF","GGF","4","AD","Passing","End","END",NA,"NSEO",NA,NA,NA,NA,NA,NA,NA,NA
"3034","SL_2022_NSEO_Dive_17_11-28-03.000.avi","256","11:44:09","631.93","868.91","QC","EricaEbert","130","N/A","2022","17","18","Line","Good","Good Going Forward","GGF","GGF","1","AD","Passing","Start","START",NA,"NSEO",NA,NA,NA,NA,NA,NA,NA,NA
"3035","SL_2022_NSEO_Dive_17_11-28-03.000.avi","2381","11:45:19","589.92","825.21","QC","EricaEbert","130","N/A","2022","17","18","Line","Bad","poor visibility","BPV","BPV","2","AD","Passing",NA,"",NA,"NSEO",NA,NA,NA,NA,NA,NA,NA,NA
"3036","SL_2022_NSEO_Dive_17_11-28-03.000.avi","3162","11:45:45","616.81","857.14","QC","EricaEbert","130","N/A","2022","17","18","Line","Good","Good Going Forward","GGF","GGF","3","AD","Passing",NA,"",NA,"NSEO",NA,NA,NA,NA,NA,NA,NA,NA
"3037","SL_2022_NSEO_Dive_17_11-28-03.000.avi","41775","12:07:12","621.85","836.97","QC","EricaEbert","130","N/A","2022","17","18","Line","Bad","poor visibility","BPV","BPV","4","AD","Passing",NA,"",NA,"NSEO",NA,NA,NA,NA,NA,NA,NA,NA
"3038","SL_2022_NSEO_Dive_17_11-28-03.000.avi","42071","12:07:22","633.61","872.27","QC","EricaEbert","130","N/A","2022","17","18","Line","Good","Good Going Forward","GGF","GGF","5","AD","Passing",NA,"",NA,"NSEO",NA,NA,NA,NA,NA,NA,NA,NA
"3039","SL_2022_NSEO_Dive_17_11-28-03.000.avi","42311","12:07:30","600","845.38","QC","EricaEbert","130","N/A","2022","17","18","Line","Bad","poor visibility","BPV","BPV","6","AD","Passing",NA,"",NA,"NSEO",NA,NA,NA,NA,NA,NA,NA,NA
"3040","SL_2022_NSEO_Dive_17_11-28-03.000.avi","42819","12:07:47","625.21","860.5","QC","EricaEbert","130","N/A","2022","17","18","Line","Good","Good Going Forward","GGF","GGF","7","AD","Passing",NA,"",NA,"NSEO",NA,NA,NA,NA,NA,NA,NA,NA
"3041","SL_2022_NSEO_Dive_17_11-28-03.000.avi","64888","12:20:03","625.21","858.82","QC","EricaEbert","130","N/A","2022","17","18","Line","Good","Good Going Forward","GGF","GGF","8","AD","Passing","End","END",NA,"NSEO",NA,NA,NA,NA,NA,NA,NA,NA
"3042","SL_2022_NSEO_Dive_18_12-30-32.000.avi","273","13:18:26","623.53","857.14","QC","EricaEbert","117","N/A","2022","18","19","Line","Good","Good Going Forward","GGF","GGF","1","AD","Passing","Start","START",NA,"NSEO",NA,NA,NA,NA,NA,NA,NA,NA
"3043","SL_2022_NSEO_Dive_18_12-30-32.000.avi","831","13:18:45","598.32","843.7","QC","EricaEbert","117","N/A","2022","18","19","Line","Bad","poor visibility","BPV","BPV","2","AD","Passing",NA,"",NA,"NSEO",NA,NA,NA,NA,NA,NA,NA,NA
"3044","SL_2022_NSEO_Dive_18_12-30-32.000.avi","1026","13:18:51","596.64","842.02","QC","EricaEbert","117","N/A","2022","18","19","Line","Good","Good Going Forward","GGF","GGF","3","AD","Passing",NA,"",NA,"NSEO",NA,NA,NA,NA,NA,NA,NA,NA
"3045","SL_2022_NSEO_Dive_18_12-30-32.000.avi","61678","13:52:33","601.68","831.93","QC","EricaEbert","117","N/A","2022","18","19","Line","Good","Good Going Forward","GGF","GGF","4","AD","Passing","End","END",NA,"NSEO",NA,NA,NA,NA,NA,NA,NA,NA
"3046","SL_2022_NSEO_Dive_19_14-03-22.000.avi","421","14:27:01","620.17","857.14","QC","EricaEbert","110","N/A","2022","19","22","Line","Good","Good Going Forward","GGF","GGF","1","AD","Passing","Start","START",NA,"NSEO",NA,NA,NA,NA,NA,NA,NA,NA
"3047","SL_2022_NSEO_Dive_19_14-03-22.000.avi","61218","15:00:48","616.81","862.18","QC","EricaEbert","110","N/A","2022","19","22","Line","Good","Good Going Forward","GGF","GGF","2","AD","Passing","End","END",NA,"NSEO",NA,NA,NA,NA,NA,NA,NA,NA
"3048","SL_2022_NSEO_Dive_20_15-28-57.000.avi","317","15:40:36","615.13","860.5","QC","EricaEbert","130","N/A","2022","20","23","Line","Good","Good Going Forward","GGF","GGF","1","AD","Passing","Start","START",NA,"NSEO",NA,NA,NA,NA,NA,NA,NA,NA
"3049","SL_2022_NSEO_Dive_20_15-28-57.000.avi","6425","15:43:59","598.32","838.66","QC","EricaEbert","130","N/A","2022","20","23","Line","Bad","poor visibility","BPV","BPV","2","AD","Passing",NA,"",NA,"NSEO",NA,NA,NA,NA,NA,NA,NA,NA
"3050","SL_2022_NSEO_Dive_20_15-28-57.000.avi","6831","15:44:13","623.53","867.23","QC","EricaEbert","130","N/A","2022","20","23","Line","Good","Good Going Forward","GGF","GGF","3","AD","Passing",NA,"",NA,"NSEO",NA,NA,NA,NA,NA,NA,NA,NA
"3051","SL_2022_NSEO_Dive_20_15-28-57.000.avi","38520","16:01:49","563.03","808.4","QC","EricaEbert","130","N/A","2022","20","23","Line","Bad","poor visibility","BPV","BPV","4","AD","Passing",NA,"",NA,"NSEO",NA,NA,NA,NA,NA,NA,NA,NA
"3052","SL_2022_NSEO_Dive_20_15-28-57.000.avi","40040","16:02:40","633.61","877.31","QC","EricaEbert","130","N/A","2022","20","23","Line","Good","Good Going Forward","GGF","GGF","5","AD","Passing",NA,"",NA,"NSEO",NA,NA,NA,NA,NA,NA,NA,NA
"3053","SL_2022_NSEO_Dive_20_15-28-57.000.avi","45531","16:05:43","593.28","843.7","QC","EricaEbert","130","N/A","2022","20","23","Line","Bad","loitering in same area","BLA","BLA","6","AD","Passing",NA,"",NA,"NSEO",NA,NA,NA,NA,NA,NA,NA,NA
"3054","SL_2022_NSEO_Dive_20_15-28-57.000.avi","46106","16:06:02","598.32","842.02","QC","EricaEbert","130","N/A","2022","20","23","Line","Good","Good Going Forward","GGF","GGF","7","AD","Passing",NA,"",NA,"NSEO",NA,NA,NA,NA,NA,NA,NA,NA
"3055","SL_2022_NSEO_Dive_20_15-28-57.000.avi","76358","16:22:50","594.96","845.38","QC","EricaEbert","130","N/A","2022","20","23","Line","Good","Good Going Forward","GGF","GGF","8","AD","Passing","End","END",NA,"NSEO",NA,NA,NA,NA,NA,NA,NA,NA
"3056","SL_2022_NSEO_Dive_21_16-44-41.000.avi","869","16:59:19","626.89","860.5","QC","EricaEbert","130","N/A","2022","21","24","Line","Good","Good Going Forward","GGF","GGF","1","AD","Passing","Start","START",NA,"NSEO",NA,NA,NA,NA,NA,NA,NA,NA
"3057","SL_2022_NSEO_Dive_21_16-44-41.000.avi","7553","17:03:02","576.47","826.89","QC","EricaEbert","130","N/A","2022","21","24","Line","Bad","poor visibility","BPV","BPV","2","AD","Passing",NA,"",NA,"NSEO",NA,NA,NA,NA,NA,NA,NA,NA
"3058","SL_2022_NSEO_Dive_21_16-44-41.000.avi","7869","17:03:12","603.36","843.7","QC","EricaEbert","130","N/A","2022","21","24","Line","Good","Good Going Forward","GGF","GGF","3","AD","Passing",NA,"",NA,"NSEO",NA,NA,NA,NA,NA,NA,NA,NA
"3059","SL_2022_NSEO_Dive_21_16-44-41.000.avi","11166","17:05:02","610.08","853.78","QC","EricaEbert","130","N/A","2022","21","24","Line","Bad","loitering in same area","BLA","BLA","4","AD","Passing",NA,"",NA,"NSEO",NA,NA,NA,NA,NA,NA,NA,NA
"3060","SL_2022_NSEO_Dive_21_16-44-41.000.avi","11955","17:05:28","630.25","875.63","QC","EricaEbert","130","N/A","2022","21","24","Line","Good","Good Going Forward","GGF","GGF","5","AD","Passing",NA,"",NA,"NSEO",NA,NA,NA,NA,NA,NA,NA,NA
"3061","SL_2022_NSEO_Dive_21_16-44-41.000.avi","19222","17:09:31","603.36","845.38","QC","EricaEbert","130","N/A","2022","21","24","Line","Bad","loitering in same area","BLA","BLA","6","AD","Passing",NA,"",NA,"NSEO",NA,NA,NA,NA,NA,NA,NA,NA
"3062","SL_2022_NSEO_Dive_21_16-44-41.000.avi","22417","17:11:17","608.4","847.06","QC","EricaEbert","130","N/A","2022","21","24","Line","Good","Good Going Forward","GGF","GGF","8","AD","Passing",NA,"",NA,"NSEO",NA,NA,NA,NA,NA,NA,NA,NA
"3063","SL_2022_NSEO_Dive_21_16-44-41.000.avi","29605","17:15:17","600","845.38","QC","EricaEbert","130","N/A","2022","21","24","Line","Bad","poor visibility","BPV","BPV","9","AD","Passing",NA,"",NA,"NSEO",NA,NA,NA,NA,NA,NA,NA,NA
"3064","SL_2022_NSEO_Dive_21_16-44-41.000.avi","30005","17:15:30","620.17","862.18","QC","EricaEbert","130","N/A","2022","21","24","Line","Good","Good Going Forward","GGF","GGF","10","AD","Passing",NA,"",NA,"NSEO",NA,NA,NA,NA,NA,NA,NA,NA
"3065","SL_2022_NSEO_Dive_21_16-44-41.000.avi","30773","17:15:56","598.32","845.38","QC","EricaEbert","130","N/A","2022","21","24","Line","Bad","loitering in same area","BLA","BLA","11","AD","Passing",NA,"",NA,"NSEO",NA,NA,NA,NA,NA,NA,NA,NA
"3066","SL_2022_NSEO_Dive_21_16-44-41.000.avi","32076","17:16:39","626.89","868.91","QC","EricaEbert","130","N/A","2022","21","24","Line","Good","Good Going Forward","GGF","GGF","13","AD","Passing",NA,"",NA,"NSEO",NA,NA,NA,NA,NA,NA,NA,NA
"3067","SL_2022_NSEO_Dive_21_16-44-41.000.avi","34656","17:18:05","596.64","840.34","QC","EricaEbert","130","N/A","2022","21","24","Line","Bad","resting on bottom","BRB","BRB","14","AD","Passing",NA,"",NA,"NSEO",NA,NA,NA,NA,NA,NA,NA,NA
"3068","SL_2022_NSEO_Dive_21_16-44-41.000.avi","39694","17:20:53","621.85","863.87","QC","EricaEbert","130","N/A","2022","21","24","Line","Good","Good Going Forward","GGF","GGF","15","AD","Passing",NA,"",NA,"NSEO",NA,NA,NA,NA,NA,NA,NA,NA
"3069","SL_2022_NSEO_Dive_21_16-44-41.000.avi","49692","17:26:26","589.92","828.57","QC","EricaEbert","130","N/A","2022","21","24","Line","Bad","poor visibility","BPV","BPV","16","AD","Passing",NA,"",NA,"NSEO",NA,NA,NA,NA,NA,NA,NA,NA
"3070","SL_2022_NSEO_Dive_21_16-44-41.000.avi","52938","17:28:15","628.57","867.23","QC","EricaEbert","130","N/A","2022","21","24","Line","Good","Good Going Forward","GGF","GGF","18","AD","Passing",NA,"",NA,"NSEO",NA,NA,NA,NA,NA,NA,NA,NA
"3071","SL_2022_NSEO_Dive_21_16-44-41.000.avi","70488","17:38:00","600","842.02","QC","EricaEbert","130","N/A","2022","21","24","Line","Bad","poor visibility","BPV","BPV","19","AD","Passing",NA,"",NA,"NSEO",NA,NA,NA,NA,NA,NA,NA,NA
"3072","SL_2022_NSEO_Dive_21_16-44-41.000.avi","70843","17:38:11","615.13","853.78","QC","EricaEbert","130","N/A","2022","21","24","Line","Good","Good Going Forward","GGF","GGF","20","AD","Passing",NA,"",NA,"NSEO",NA,NA,NA,NA,NA,NA,NA,NA
"3073","SL_2022_NSEO_Dive_21_16-44-41.000.avi","83420","17:45:11","591.6","838.66","QC","EricaEbert","130","N/A","2022","21","24","Line","Bad","poor visibility","BPV","BPV","21","AD","Passing",NA,"",NA,"NSEO",NA,NA,NA,NA,NA,NA,NA,NA
"3074","SL_2022_NSEO_Dive_21_16-44-41.000.avi","83667","17:45:19","618.49","855.46","QC","EricaEbert","130","N/A","2022","21","24","Line","Good","Good Going Forward","GGF","GGF","22","AD","Passing",NA,"",NA,"NSEO",NA,NA,NA,NA,NA,NA,NA,NA
"3075","SL_2022_NSEO_Dive_21_16-44-41.000.avi","88342","17:47:55","594.96","847.06","QC","EricaEbert","130","N/A","2022","21","24","Line","Good","Good Going Forward","GGF","GGF","23","AD","Passing","End","END",NA,"NSEO",NA,NA,NA,NA,NA,NA,NA,NA
"3076","SL_2022_NSEO_Dive_22_07-47-18.000.avi","558","8:06:46","625.21","862.18","QC","EricaEbert","50","N/A","2022","22","20","Line","Good","Good Going Forward","GGF","GGF","1","AD","Passing","Start","START",NA,"NSEO",NA,NA,NA,NA,NA,NA,NA,NA
"3077","SL_2022_NSEO_Dive_22_07-47-18.000.avi","35661","8:26:16","608.4","853.78","QC","EricaEbert","50","N/A","2022","22","20","Line","Bad","poor visibility","BPV","BPV","2","AD","Passing",NA,"",NA,"NSEO",NA,NA,NA,NA,NA,NA,NA,NA
"3078","SL_2022_NSEO_Dive_22_07-47-18.000.avi","37069","8:27:03","621.85","850.42","QC","EricaEbert","50","N/A","2022","22","20","Line","Good","Good Going Forward","GGF","GGF","3","AD","Passing",NA,"",NA,"NSEO",NA,NA,NA,NA,NA,NA,NA,NA
"3079","SL_2022_NSEO_Dive_22_07-47-18.000.avi","51255","8:34:55","618.49","865.55","QC","EricaEbert","50","N/A","2022","22","20","Line","Bad","loitering in same area","BLA","BLA","4","AD","Passing",NA,"",NA,"NSEO",NA,NA,NA,NA,NA,NA,NA,NA
"3080","SL_2022_NSEO_Dive_22_07-47-18.000.avi","51874","8:35:16","630.25","870.59","QC","EricaEbert","50","N/A","2022","22","20","Line","Good","Good Going Forward","GGF","GGF","5","AD","Passing",NA,"",NA,"NSEO",NA,NA,NA,NA,NA,NA,NA,NA
"3081","SL_2022_NSEO_Dive_22_07-47-18.000.avi","62254","8:41:02","621.85","853.78","QC","EricaEbert","50","N/A","2022","22","20","Line","Bad","loitering in same area","BLA","BLA","6","AD","Passing",NA,"",NA,"NSEO",NA,NA,NA,NA,NA,NA,NA,NA
"3082","SL_2022_NSEO_Dive_22_07-47-18.000.avi","63532","8:41:45","631.93","863.87","QC","EricaEbert","50","N/A","2022","22","20","Line","Good","Good Going Forward","GGF","GGF","7","AD","Passing",NA,"",NA,"NSEO",NA,NA,NA,NA,NA,NA,NA,NA
"3083","SL_2022_NSEO_Dive_22_07-47-18.000.avi","72948","8:46:59","611.76","853.78","QC","EricaEbert","50","N/A","2022","22","20","Line","Good","Good Going Forward","GGF","GGF","8","AD","Passing","End","END",NA,"NSEO",NA,NA,NA,NA,NA,NA,NA,NA
"3084","SL_2022_NSEO_Dive_23_09-00-25.000.avi","311","9:24:30","615.13","852.1","QC","EricaEbert","60","N/A","2022","23","21","Line","Good","Good Going Forward","GGF","GGF","1","AD","Passing","Start","START",NA,"NSEO",NA,NA,NA,NA,NA,NA,NA,NA
"3085","SL_2022_NSEO_Dive_23_09-00-25.000.avi","45101","9:49:23","589.92","826.89","QC","EricaEbert","60","N/A","2022","23","21","Line","Bad","going over drop-off","BDO","BDO","2","AD","Passing",NA,"",NA,"NSEO",NA,NA,NA,NA,NA,NA,NA,NA
"3086","SL_2022_NSEO_Dive_23_09-00-25.000.avi","45533","9:49:38","601.68","842.02","QC","EricaEbert","60","N/A","2022","23","21","Line","Good","Good Going Forward","GGF","GGF","3","AD","Passing",NA,"",NA,"NSEO",NA,NA,NA,NA,NA,NA,NA,NA
"3087","SL_2022_NSEO_Dive_23_09-00-25.000.avi","48522","9:51:17","578.15","821.85","QC","EricaEbert","60","N/A","2022","23","21","Line","Bad","poor visibility","BPV","BPV","4","AD","Passing",NA,"",NA,"NSEO",NA,NA,NA,NA,NA,NA,NA,NA
"3088","SL_2022_NSEO_Dive_23_09-00-25.000.avi","48800","9:51:27","581.51","828.57","QC","EricaEbert","60","N/A","2022","23","21","Line","Good","Good Going Forward","GGF","GGF","5","AD","Passing",NA,"",NA,"NSEO",NA,NA,NA,NA,NA,NA,NA,NA
"3089","SL_2022_NSEO_Dive_23_09-00-25.000.avi","66963","10:01:32","621.85","858.82","QC","EricaEbert","60","N/A","2022","23","21","Line","Good","Good Going Forward","GGF","GGF","6","AD","Passing","End","END",NA,"NSEO",NA,NA,NA,NA,NA,NA,NA,NA
"3090","SL_2022_NSEO_Dive_24_10-10-50.000.avi","142","10:58:29","606.72","842.02","QC","EricaEbert","100","N/A","2022","24","25","Line","Good","Good Going Forward","GGF","GGF","1","AD","Passing","Start","START",NA,"NSEO",NA,NA,NA,NA,NA,NA,NA,NA
"3091","SL_2022_NSEO_Dive_24_10-10-50.000.avi","32495","11:16:27","588.24","835.29","QC","EricaEbert","100","N/A","2022","24","25","Line","Bad","lost bottom visual","BLB","BLB","2","AD","Passing",NA,"",NA,"NSEO",NA,NA,NA,NA,NA,NA,NA,NA
"3092","SL_2022_NSEO_Dive_24_10-10-50.000.avi","33198","11:16:51","603.36","843.7","QC","EricaEbert","100","N/A","2022","24","25","Line","Good","Good Going Forward","GGF","GGF","3","AD","Passing",NA,"",NA,"NSEO",NA,NA,NA,NA,NA,NA,NA,NA
"3093","SL_2022_NSEO_Dive_24_10-10-50.000.avi","69365","11:36:56","621.85","860.5","QC","EricaEbert","100","N/A","2022","24","25","Line","Good","Good Going Forward","GGF","GGF","4","AD","Passing","End","END",NA,"NSEO",NA,NA,NA,NA,NA,NA,NA,NA
"3094","SL_2022_NSEO_Dive_25_11-47-04.000.avi","291","12:33:58","636.97","873.95","QC","EricaEbert","90","N/A","2022","25","26","Line","Good","Good Going Forward","GGF","GGF","1","AD","Passing","Start","START",NA,"NSEO",NA,NA,NA,NA,NA,NA,NA,NA
"3095","SL_2022_NSEO_Dive_25_11-47-04.000.avi","31765","12:51:27","556.3","803.36","QC","EricaEbert","90","N/A","2022","25","26","Line","Bad","poor visibility","BPV","BPV","2","AD","Passing",NA,"",NA,"NSEO",NA,NA,NA,NA,NA,NA,NA,NA
"3096","SL_2022_NSEO_Dive_25_11-47-04.000.avi","32149","12:51:40","615.13","858.82","QC","EricaEbert","90","N/A","2022","25","26","Line","Good","Good Going Forward","GGF","GGF","3","AD","Passing",NA,"",NA,"NSEO",NA,NA,NA,NA,NA,NA,NA,NA
"3097","SL_2022_NSEO_Dive_25_11-47-04.000.avi","72468","13:14:04","608.4","852.1","QC","EricaEbert","90","N/A","2022","25","26","Line","Good","Good Going Forward","GGF","GGF","4","AD","Passing","End","END",NA,"NSEO",NA,NA,NA,NA,NA,NA,NA,NA
"3098","SL_2022_NSEO_Dive_26_13-48-56.000.avi","2230","13:54:49","630.25","915.97","QC","EricaEbert","85","N/A","2022","26","27","Line","Good","Good Going Forward","GGF","GGF","1","AD","Passing","Start","START",NA,"NSEO",NA,NA,NA,NA,NA,NA,NA,NA
"3099","SL_2022_NSEO_Dive_26_13-48-56.000.avi","66584","14:30:34","628.57","867.23","QC","EricaEbert","85","N/A","2022","26","27","Line","Good","Good Going Forward","GGF","GGF","2","AD","Passing","End","END",NA,"NSEO",NA,NA,NA,NA,NA,NA,NA,NA
"3100","SL_2022_NSEO_Dive_27_14-41-51.000.avi","862","15:56:58","618.49","858.82","QC","EricaEbert","60","N/A","2022","27","28","Line","Good","Good Going Forward","GGF","GGF","1","AD","Passing","Start","START",NA,"NSEO",NA,NA,NA,NA,NA,NA,NA,NA
"3101","SL_2022_NSEO_Dive_27_14-41-51.000.avi","77148","16:39:21","621.85","858.82","QC","EricaEbert","60","N/A","2022","27","28","Line","Good","Good Going Forward","GGF","GGF","2","AD","Passing","End","END",NA,"NSEO",NA,NA,NA,NA,NA,NA,NA,NA
"3102","SL_2022_NSEO_Dive_28_07-58-11.000.avi","599","8:32:45","626.89","867.23","QC","EricaEbert","70","N/A","2022","28","1","Line","Good","Good Going Forward","GGF","GGF","1","AD","Passing","Start","START",NA,"NSEO",NA,NA,NA,NA,NA,NA,NA,NA
"3103","SL_2022_NSEO_Dive_28_07-58-11.000.avi","66382","9:09:18","616.81","852.1","QC","EricaEbert","70","N/A","2022","28","1","Line","Good","Good Going Forward","GGF","GGF","2","AD","Passing","End","END",NA,"NSEO",NA,NA,NA,NA,NA,NA,NA,NA
"3104","SL_2022_NSEO_Dive_29_09-22-56.000.avi","2146","9:38:34","634","877","QC","EricaEbert","75","N/A","2022","29","29","Line","Good","Good Going Forward","GGF","GGF","1","AD","Passing","Start","START",NA,"NSEO",NA,NA,NA,NA,NA,NA,NA,NA
"3105","SL_2022_NSEO_Dive_29_09-22-56.000.avi","40856","10:00:04","627","854","QC","EricaEbert","75","N/A","2022","29","29","Line","Bad","poor visibility","BPV","BPV","2","AD","Passing",NA,"",NA,"NSEO",NA,NA,NA,NA,NA,NA,NA,NA
"3106","SL_2022_NSEO_Dive_29_09-22-56.000.avi","41328","10:00:20","608","845","QC","EricaEbert","75","N/A","2022","29","29","Line","Good","Good Going Forward","GGF","GGF","3","AD","Passing",NA,"",NA,"NSEO",NA,NA,NA,NA,NA,NA,NA,NA
"3107","SL_2022_NSEO_Dive_29_09-22-56.000.avi","42149","10:00:47","568","897","QC","EricaEbert","75","N/A","2022","29","29","Line","Bad","poor visibility","BPV","BPV","4","AD","Passing",NA,"",NA,"NSEO",NA,NA,NA,NA,NA,NA,NA,NA
"3108","SL_2022_NSEO_Dive_29_09-22-56.000.avi","42502","10:00:59","605","845","QC","EricaEbert","75","N/A","2022","29","29","Line","Good","Good Going Forward","GGF","GGF","5","AD","Passing",NA,"",NA,"NSEO",NA,NA,NA,NA,NA,NA,NA,NA
"3109","SL_2022_NSEO_Dive_29_09-22-56.000.avi","43006","10:01:16","617","866","QC","EricaEbert","75","N/A","2022","29","29","Line","Bad","poor visibility","BPV","BPV","6","AD","Passing",NA,"",NA,"NSEO",NA,NA,NA,NA,NA,NA,NA,NA
"3110","SL_2022_NSEO_Dive_29_09-22-56.000.avi","43351","10:01:27","607","852","QC","EricaEbert","75","N/A","2022","29","29","Line","Good","Good Going Forward","GGF","GGF","7","AD","Passing",NA,"",NA,"NSEO",NA,NA,NA,NA,NA,NA,NA,NA
"3111","SL_2022_NSEO_Dive_29_09-22-56.000.avi","44258","10:01:57","600","837","QC","EricaEbert","75","N/A","2022","29","29","Line","Bad","poor visibility","BPV","BPV","8","AD","Passing",NA,"",NA,"NSEO",NA,NA,NA,NA,NA,NA,NA,NA
"3112","SL_2022_NSEO_Dive_29_09-22-56.000.avi","44487","10:02:05","618","850","QC","EricaEbert","75","N/A","2022","29","29","Line","Good","Good Going Forward","GGF","GGF","9","AD","Passing",NA,"",NA,"NSEO",NA,NA,NA,NA,NA,NA,NA,NA
"3113","SL_2022_NSEO_Dive_29_09-22-56.000.avi","64803","10:13:22","635","867","QC","EricaEbert","75","N/A","2022","29","29","Line","Good","Good Going Forward","GGF","GGF","10","AD","Passing","End","END",NA,"NSEO",NA,NA,NA,NA,NA,NA,NA,NA
"3114","SL_2022_NSEO_Dive_30_10-20-24.000.avi","129","11:20:24","638.66","875.63","QC","EricaEbert","70","N/A","2022","30","34","Line","Good","Good Going Forward","GGF","GGF","1","AD","Passing","Start","START",NA,"NSEO",NA,NA,NA,NA,NA,NA,NA,NA
"3115","SL_2022_NSEO_Dive_30_10-20-24.000.avi","1085","11:20:56","642.02","872.27","QC","EricaEbert","70","N/A","2022","30","34","Line","Bad","loitering in same area","BLA","BLA","2","AD","Passing",NA,"",NA,"NSEO",NA,NA,NA,NA,NA,NA,NA,NA
"3116","SL_2022_NSEO_Dive_30_10-20-24.000.avi","2031","11:21:28","642.02","865.55","QC","EricaEbert","70","N/A","2022","30","34","Line","Good","Good Going Forward","GGF","GGF","3","AD","Passing",NA,"",NA,"NSEO",NA,NA,NA,NA,NA,NA,NA,NA
"3117","SL_2022_NSEO_Dive_30_10-20-24.000.avi","2196","11:21:33","623.53","857.14","QC","EricaEbert","70","N/A","2022","30","34","Line","Bad","loitering in same area","BLA","BLA","4","AD","Passing",NA,"",NA,"NSEO",NA,NA,NA,NA,NA,NA,NA,NA
"3118","SL_2022_NSEO_Dive_30_10-20-24.000.avi","2672","11:21:49","642.02","872.27","QC","EricaEbert","70","N/A","2022","30","34","Line","Good","Good Going Forward","GGF","GGF","5","AD","Passing",NA,"",NA,"NSEO",NA,NA,NA,NA,NA,NA,NA,NA
"3119","SL_2022_NSEO_Dive_30_10-20-24.000.avi","6656","11:24:02","640.34","873.95","QC","EricaEbert","70","N/A","2022","30","34","Line","Bad","repositioned","BRP","BRP","6","AD","Passing",NA,"avoiding fishing gear",NA,"NSEO",NA,NA,NA,NA,NA,NA,NA,NA
"3120","SL_2022_NSEO_Dive_30_10-20-24.000.avi","7400","11:24:27","621.85","862.18","QC","EricaEbert","70","N/A","2022","30","34","Line","Good","Good Going Forward","GGF","GGF","7","AD","Passing",NA,"",NA,"NSEO",NA,NA,NA,NA,NA,NA,NA,NA
"3121","SL_2022_NSEO_Dive_30_10-20-24.000.avi","12427","11:27:14","625.21","853.78","QC","EricaEbert","70","N/A","2022","30","34","Line","Bad","poor visibility","BPV","BPV","8","AD","Passing",NA,"",NA,"NSEO",NA,NA,NA,NA,NA,NA,NA,NA
"3122","SL_2022_NSEO_Dive_30_10-20-24.000.avi","13218","11:27:41","638.66","867.23","QC","EricaEbert","70","N/A","2022","30","34","Line","Good","Good Going Forward","GGF","GGF","9","AD","Passing",NA,"",NA,"NSEO",NA,NA,NA,NA,NA,NA,NA,NA
"3123","SL_2022_NSEO_Dive_30_10-20-24.000.avi","16146","11:29:18","626.89","860.5","QC","EricaEbert","70","N/A","2022","30","34","Line","Bad","poor visibility","BPV","BPV","10","AD","Passing",NA,"",NA,"NSEO",NA,NA,NA,NA,NA,NA,NA,NA
"3124","SL_2022_NSEO_Dive_30_10-20-24.000.avi","17602","11:30:07","623.53","857.14","QC","EricaEbert","70","N/A","2022","30","34","Line","Good","Good Going Forward","GGF","GGF","11","AD","Passing",NA,"",NA,"NSEO",NA,NA,NA,NA,NA,NA,NA,NA
"3125","SL_2022_NSEO_Dive_30_10-20-24.000.avi","29046","11:36:28","613.45","852.1","QC","EricaEbert","70","N/A","2022","30","34","Line","Bad","poor visibility","BPV","BPV","12","AD","Passing",NA,"",NA,"NSEO",NA,NA,NA,NA,NA,NA,NA,NA
"3126","SL_2022_NSEO_Dive_30_10-20-24.000.avi","29416","11:36:41","628.57","863.87","QC","EricaEbert","70","N/A","2022","30","34","Line","Good","Good Going Forward","GGF","GGF","13","AD","Passing",NA,"",NA,"NSEO",NA,NA,NA,NA,NA,NA,NA,NA
"3127","SL_2022_NSEO_Dive_30_10-20-24.000.avi","30363","11:37:12","615.13","862.18","QC","EricaEbert","70","N/A","2022","30","34","Line","Bad","lost bottom visual","BLB","BLB","14","AD","Passing",NA,"",NA,"NSEO",NA,NA,NA,NA,NA,NA,NA,NA
"3128","SL_2022_NSEO_Dive_30_10-20-24.000.avi","32594","11:38:26","647.06","865.55","QC","EricaEbert","70","N/A","2022","30","34","Line","Good","Good Going Forward","GGF","GGF","15","AD","Passing",NA,"",NA,"NSEO",NA,NA,NA,NA,NA,NA,NA,NA
"3129","SL_2022_NSEO_Dive_30_10-20-24.000.avi","35120","11:39:51","626.89","855.46","QC","EricaEbert","70","N/A","2022","30","34","Line","Bad","poor visibility","BPV","BPV","16","AD","Passing",NA,"",NA,"NSEO",NA,NA,NA,NA,NA,NA,NA,NA
"3130","SL_2022_NSEO_Dive_30_10-20-24.000.avi","36123","11:40:24","631.93","852.1","QC","EricaEbert","70","N/A","2022","30","34","Line","Good","Good Going Forward","GGF","GGF","17","AD","Passing",NA,"",NA,"NSEO",NA,NA,NA,NA,NA,NA,NA,NA
"3131","SL_2022_NSEO_Dive_30_10-20-24.000.avi","49897","11:48:03","615.13","843.7","QC","EricaEbert","70","N/A","2022","30","34","Line","Bad","poor visibility","BPV","BPV","18","AD","Passing",NA,"",NA,"NSEO",NA,NA,NA,NA,NA,NA,NA,NA
"3132","SL_2022_NSEO_Dive_30_10-20-24.000.avi","50299","11:48:17","631.93","860.5","QC","EricaEbert","70","N/A","2022","30","34","Line","Good","Good Going Forward","GGF","GGF","19","AD","Passing",NA,"",NA,"NSEO",NA,NA,NA,NA,NA,NA,NA,NA
"3133","SL_2022_NSEO_Dive_30_10-20-24.000.avi","53075","11:49:49","611.76","847.06","QC","EricaEbert","70","N/A","2022","30","34","Line","Bad","poor visibility","BPV","BPV","20","AD","Passing",NA,"",NA,"NSEO",NA,NA,NA,NA,NA,NA,NA,NA
"3134","SL_2022_NSEO_Dive_30_10-20-24.000.avi","53984","11:50:19","647.06","878.99","QC","EricaEbert","70","N/A","2022","30","34","Line","Good","Good Going Forward","GGF","GGF","21","AD","Passing",NA,"",NA,"NSEO",NA,NA,NA,NA,NA,NA,NA,NA
"3135","SL_2022_NSEO_Dive_30_10-20-24.000.avi","57366","11:52:12","600","835.29","QC","EricaEbert","70","N/A","2022","30","34","Line","Bad","poor visibility","BPV","BPV","22","AD","Passing",NA,"",NA,"NSEO",NA,NA,NA,NA,NA,NA,NA,NA
"3136","SL_2022_NSEO_Dive_30_10-20-24.000.avi","58388","11:52:46","638.66","862.18","QC","EricaEbert","70","N/A","2022","30","34","Line","Good","Good Going Forward","GGF","GGF","23","AD","Passing",NA,"",NA,"NSEO",NA,NA,NA,NA,NA,NA,NA,NA
"3137","SL_2022_NSEO_Dive_30_10-20-24.000.avi","62046","11:54:48","610.08","845.38","QC","EricaEbert","70","N/A","2022","30","34","Line","Bad","poor visibility","BPV","BPV","24","AD","Passing",NA,"",NA,"NSEO",NA,NA,NA,NA,NA,NA,NA,NA
"3138","SL_2022_NSEO_Dive_30_10-20-24.000.avi","62558","11:55:05","626.89","863.87","QC","EricaEbert","70","N/A","2022","30","34","Line","Good","Good Going Forward","GGF","GGF","25","AD","Passing",NA,"",NA,"NSEO",NA,NA,NA,NA,NA,NA,NA,NA
"3139","SL_2022_NSEO_Dive_30_10-20-24.000.avi","63094","11:55:23","606.72","848.74","QC","EricaEbert","70","N/A","2022","30","34","Line","Bad","poor visibility","BPV","BPV","26","AD","Passing",NA,"",NA,"NSEO",NA,NA,NA,NA,NA,NA,NA,NA
"3140","SL_2022_NSEO_Dive_30_10-20-24.000.avi","63743","11:55:45","631.93","862.18","QC","EricaEbert","70","N/A","2022","30","34","Line","Good","Good Going Forward","GGF","GGF","27","AD","Passing",NA,"",NA,"NSEO",NA,NA,NA,NA,NA,NA,NA,NA
"3141","SL_2022_NSEO_Dive_30_10-20-24.000.avi","71947","12:00:18","605.04","840.34","QC","EricaEbert","70","N/A","2022","30","34","Line","Bad","poor visibility","BPV","BPV","28","AD","Passing",NA,"",NA,"NSEO",NA,NA,NA,NA,NA,NA,NA,NA
"3142","SL_2022_NSEO_Dive_30_10-20-24.000.avi","72307","12:00:30","630.25","870.59","QC","EricaEbert","70","N/A","2022","30","34","Line","Good","Good Going Forward","GGF","GGF","29","AD","Passing",NA,"",NA,"NSEO",NA,NA,NA,NA,NA,NA,NA,NA
"3143","SL_2022_NSEO_Dive_30_10-20-24.000.avi","73892","12:01:23","559.66","806.72","QC","EricaEbert","70","N/A","2022","30","34","Line","Bad","lost bottom visual","BLB","BLB","30","AD","Passing",NA,"",NA,"NSEO",NA,NA,NA,NA,NA,NA,NA,NA
"3144","SL_2022_NSEO_Dive_30_10-20-24.000.avi","74305","12:01:37","623.53","853.78","QC","EricaEbert","70","N/A","2022","30","34","Line","Good","Good Going Forward","GGF","GGF","31","AD","Passing",NA,"",NA,"NSEO",NA,NA,NA,NA,NA,NA,NA,NA
"3145","SL_2022_NSEO_Dive_30_10-20-24.000.avi","75141","12:02:05","611.76","840.34","QC","EricaEbert","70","N/A","2022","30","34","Line","Bad","poor visibility","BPV","BPV","32","AD","Passing",NA,"",NA,"NSEO",NA,NA,NA,NA,NA,NA,NA,NA
"3146","SL_2022_NSEO_Dive_30_10-20-24.000.avi","75889","12:02:30","626.89","852.1","QC","EricaEbert","70","N/A","2022","30","34","Line","Good","Good Going Forward","GGF","GGF","33","AD","Passing",NA,"",NA,"NSEO",NA,NA,NA,NA,NA,NA,NA,NA
"3147","SL_2022_NSEO_Dive_30_10-20-24.000.avi","93802","12:12:27","642.02","867.23","QC","EricaEbert","70","N/A","2022","30","34","Line","Good","Good Going Forward","GGF","GGF","34","AD","Passing","End","END",NA,"NSEO",NA,NA,NA,NA,NA,NA,NA,NA
"3148","SL_2022_NSEO_Dive_31_12-13-24.000.avi","431","13:31:43","601.68","835.29","QC","EricaEbert","60","N/A","2022","31","30","Line","Good","Good Going Forward","GGF","GGF","1","AD","Passing","Start","START",NA,"NSEO",NA,NA,NA,NA,NA,NA,NA,NA
"3149","SL_2022_NSEO_Dive_31_12-13-24.000.avi","939","13:32:00","588.24","821.85","QC","EricaEbert","60","N/A","2022","31","30","Line","Bad","lost bottom visual","BLB","BLB","2","AD","Passing",NA,"",NA,"NSEO",NA,NA,NA,NA,NA,NA,NA,NA
"3150","SL_2022_NSEO_Dive_31_12-13-24.000.avi","2397","13:32:49","611.76","845.38","QC","EricaEbert","60","N/A","2022","31","30","Line","Good","Good Going Forward","GGF","GGF","3","AD","Passing",NA,"",NA,"NSEO",NA,NA,NA,NA,NA,NA,NA,NA
"3151","SL_2022_NSEO_Dive_31_12-13-24.000.avi","8491","13:36:12","596.64","821.85","QC","EricaEbert","60","N/A","2022","31","30","Line","Bad","lost bottom visual","BLB","BLB","4","AD","Passing",NA,"",NA,"NSEO",NA,NA,NA,NA,NA,NA,NA,NA
"3152","SL_2022_NSEO_Dive_31_12-13-24.000.avi","9811","13:36:56","608.4","845.38","QC","EricaEbert","60","N/A","2022","31","30","Line","Good","Good Going Forward","GGF","GGF","5","AD","Passing",NA,"",NA,"NSEO",NA,NA,NA,NA,NA,NA,NA,NA
"3153","SL_2022_NSEO_Dive_31_12-13-24.000.avi","44253","13:56:04","605.04","843.7","QC","EricaEbert","60","N/A","2022","31","30","Line","Bad","poor visibility","BPV","BPV","6","AD","Passing",NA,"",NA,"NSEO",NA,NA,NA,NA,NA,NA,NA,NA
"3154","SL_2022_NSEO_Dive_31_12-13-24.000.avi","44669","13:56:18","616.81","845.38","QC","EricaEbert","60","N/A","2022","31","30","Line","Good","Good Going Forward","GGF","GGF","7","AD","Passing",NA,"",NA,"NSEO",NA,NA,NA,NA,NA,NA,NA,NA
"3155","SL_2022_NSEO_Dive_31_12-13-24.000.avi","63426","14:06:43","610.08","850.42","QC","EricaEbert","60","N/A","2022","31","30","Line","Good","Good Going Forward","GGF","GGF","8","AD","Passing","End","END",NA,"NSEO",NA,NA,NA,NA,NA,NA,NA,NA
"3156","SL_2022_NSEO_Dive_32_14-15-11.000.avi","189","15:40:59","631.93","868.91","QC","EricaEbert","130","N/A","2022","32","31","Line","Good","Good Going Forward","GGF","GGF","1","AD","Passing","Start","START",NA,"NSEO",NA,NA,NA,NA,NA,NA,NA,NA
"3157","SL_2022_NSEO_Dive_32_14-15-11.000.avi","3095","15:42:36","623.53","857.14","QC","EricaEbert","130","N/A","2022","32","31","Line","Bad","poor visibility","BPV","BPV","2","AD","Passing",NA,"",NA,"NSEO",NA,NA,NA,NA,NA,NA,NA,NA
"3158","SL_2022_NSEO_Dive_32_14-15-11.000.avi","4999","15:43:40","628.57","867.23","QC","EricaEbert","130","N/A","2022","32","31","Line","Good","Good Going Forward","GGF","GGF","3","AD","Passing",NA,"",NA,"NSEO",NA,NA,NA,NA,NA,NA,NA,NA
"3159","SL_2022_NSEO_Dive_32_14-15-11.000.avi","7964","15:45:18","615.13","847.06","QC","EricaEbert","130","N/A","2022","32","31","Line","Bad","poor visibility","BPV","BPV","4","AD","Passing",NA,"",NA,"NSEO",NA,NA,NA,NA,NA,NA,NA,NA
"3160","SL_2022_NSEO_Dive_32_14-15-11.000.avi","14441","15:48:54","631.93","872.27","QC","EricaEbert","130","N/A","2022","32","31","Line","Good","Good Going Forward","GGF","GGF","5","AD","Passing",NA,"",NA,"NSEO",NA,NA,NA,NA,NA,NA,NA,NA
"3161","SL_2022_NSEO_Dive_32_14-15-11.000.avi","14953","15:49:11","643.7","867.23","QC","EricaEbert","130","N/A","2022","32","31","Line","Bad","poor visibility","BPV","BPV","6","AD","Passing",NA,"",NA,"NSEO",NA,NA,NA,NA,NA,NA,NA,NA
"3162","SL_2022_NSEO_Dive_32_14-15-11.000.avi","20187","15:52:06","647.06","875.63","QC","EricaEbert","130","N/A","2022","32","31","Line","Good","Good Going Forward","GGF","GGF","7","AD","Passing",NA,"",NA,"NSEO",NA,NA,NA,NA,NA,NA,NA,NA
"3163","SL_2022_NSEO_Dive_32_14-15-11.000.avi","47142","16:07:04","608.4","842.02","QC","EricaEbert","130","N/A","2022","32","31","Line","Bad","poor visibility","BPV","BPV","8","AD","Passing",NA,"",NA,"NSEO",NA,NA,NA,NA,NA,NA,NA,NA
"3164","SL_2022_NSEO_Dive_32_14-15-11.000.avi","47528","16:07:17","628.57","862.18","QC","EricaEbert","130","N/A","2022","32","31","Line","Good","Good Going Forward","GGF","GGF","9","AD","Passing",NA,"",NA,"NSEO",NA,NA,NA,NA,NA,NA,NA,NA
"3165","SL_2022_NSEO_Dive_32_14-15-11.000.avi","60763","16:14:38","578.15","821.85","QC","EricaEbert","130","N/A","2022","32","31","Line","Bad","poor visibility","BPV","BPV","10","AD","Passing",NA,"",NA,"NSEO",NA,NA,NA,NA,NA,NA,NA,NA
"3166","SL_2022_NSEO_Dive_32_14-15-11.000.avi","62230","16:15:27","625.21","860.5","QC","EricaEbert","130","N/A","2022","32","31","Line","Good","Good Going Forward","GGF","GGF","11","AD","Passing",NA,"",NA,"NSEO",NA,NA,NA,NA,NA,NA,NA,NA
"3167","SL_2022_NSEO_Dive_32_14-15-11.000.avi","83069","16:27:02","631.93","860.5","QC","EricaEbert","130","N/A","2022","32","31","Line","Good","Good Going Forward","GGF","GGF","12","AD","Passing","End","END",NA,"NSEO",NA,NA,NA,NA,NA,NA,NA,NA
"3168","SL_2022_NSEO_Dive_33_09-40-39.000.avi","1810","10:02:14","642.02","885.71","QC","EricaEbert","120","N/A","2022","33","32","Line","Good","Good Going Forward","GGF","GGF","1","AD","Passing","Start","START",NA,"NSEO",NA,NA,NA,NA,NA,NA,NA,NA
"3169","SL_2022_NSEO_Dive_33_09-40-39.000.avi","1976","10:02:20","626.89","863.87","QC","EricaEbert","120","N/A","2022","33","32","Line","Bad","poor visibility","BPV","BPV","2","AD","Passing",NA,"",NA,"NSEO",NA,NA,NA,NA,NA,NA,NA,NA
"3170","SL_2022_NSEO_Dive_33_09-40-39.000.avi","2411","10:02:34","650.42","878.99","QC","EricaEbert","120","N/A","2022","33","32","Line","Good","Good Going Forward","GGF","GGF","3","AD","Passing",NA,"",NA,"NSEO",NA,NA,NA,NA,NA,NA,NA,NA
"3171","SL_2022_NSEO_Dive_33_09-40-39.000.avi","3386","10:03:07","628.57","860.5","QC","EricaEbert","120","N/A","2022","33","32","Line","Bad","poor visibility","BPV","BPV","4","AD","Passing",NA,"",NA,"NSEO",NA,NA,NA,NA,NA,NA,NA,NA
"3172","SL_2022_NSEO_Dive_33_09-40-39.000.avi","3582","10:03:13","650.42","880.67","QC","EricaEbert","120","N/A","2022","33","32","Line","Good","Good Going Forward","GGF","GGF","5","AD","Passing",NA,"",NA,"NSEO",NA,NA,NA,NA,NA,NA,NA,NA
"3173","SL_2022_NSEO_Dive_33_09-40-39.000.avi","33148","10:19:39","596.64","836.97","QC","EricaEbert","120","N/A","2022","33","32","Line","Bad","poor visibility","BPV","BPV","6","AD","Passing",NA,"",NA,"NSEO",NA,NA,NA,NA,NA,NA,NA,NA
"3174","SL_2022_NSEO_Dive_33_09-40-39.000.avi","34490","10:20:24","626.89","862.18","QC","EricaEbert","120","N/A","2022","33","32","Line","Good","Good Going Forward","GGF","GGF","7","AD","Passing",NA,"",NA,"NSEO",NA,NA,NA,NA,NA,NA,NA,NA
"3175","SL_2022_NSEO_Dive_33_09-40-39.000.avi","53679","10:31:03","584.87","810.08","QC","EricaEbert","120","N/A","2022","33","32","Line","Bad","poor visibility","BPV","BPV","9","AD","Passing",NA,"",NA,"NSEO",NA,NA,NA,NA,NA,NA,NA,NA
"3176","SL_2022_NSEO_Dive_33_09-40-39.000.avi","55016","10:31:48","636.97","860.5","QC","EricaEbert","120","N/A","2022","33","32","Line","Good","Good Going Forward","GGF","GGF","10","AD","Passing",NA,"",NA,"NSEO",NA,NA,NA,NA,NA,NA,NA,NA
"3177","SL_2022_NSEO_Dive_33_09-40-39.000.avi","55834","10:32:15","608.4","848.74","QC","EricaEbert","120","N/A","2022","33","32","Line","Bad","poor visibility","BPV","BPV","11","AD","Passing",NA,"",NA,"NSEO",NA,NA,NA,NA,NA,NA,NA,NA
"3178","SL_2022_NSEO_Dive_33_09-40-39.000.avi","56832","10:32:48","640.34","873.95","QC","EricaEbert","120","N/A","2022","33","32","Line","Good","Good Going Forward","GGF","GGF","12","AD","Passing",NA,"",NA,"NSEO",NA,NA,NA,NA,NA,NA,NA,NA
"3179","SL_2022_NSEO_Dive_33_09-40-39.000.avi","74680","10:42:43","589.92","840.34","QC","EricaEbert","120","N/A","2022","33","32","Line","Bad","lost bottom visual","BLB","BLB","13","AD","Passing",NA,"",NA,"NSEO",NA,NA,NA,NA,NA,NA,NA,NA
"3180","SL_2022_NSEO_Dive_33_09-40-39.000.avi","75534","10:43:12","610.08","848.74","QC","EricaEbert","120","N/A","2022","33","32","Line","Good","Good Going Forward","GGF","GGF","14","AD","Passing",NA,"",NA,"NSEO",NA,NA,NA,NA,NA,NA,NA,NA
"3181","SL_2022_NSEO_Dive_33_09-40-39.000.avi","86705","10:49:24","626.89","858.82","QC","EricaEbert","120","N/A","2022","33","32","Line","Good","Good Going Forward","GGF","GGF","15","AD","Passing","End","END",NA,"NSEO",NA,NA,NA,NA,NA,NA,NA,NA
"3182","SL_2022_NSEO_Dive_34_11-16-04.000.avi","104","11:24:47","666","894","QC","EricaEbert","140","N/A","2022","34","33","Line","Good","Good Going Forward","GGF","GGF","1","AD","Passing","Start","START",NA,"NSEO",NA,NA,NA,NA,NA,NA,NA,NA
"3183","SL_2022_NSEO_Dive_34_11-16-04.000.avi","18084","11:34:47","657","886","QC","EricaEbert","140","N/A","2022","34","33","Line","Bad","resting on bottom","BRB","BRB","2","AD","Passing",NA,"",NA,"NSEO",NA,NA,NA,NA,NA,NA,NA,NA
"3184","SL_2022_NSEO_Dive_34_11-16-04.000.avi","19110","11:35:21","657","891","QC","EricaEbert","140","N/A","2022","34","33","Line","Good","Good Going Forward","GGF","GGF","3","AD","Passing",NA,"",NA,"NSEO",NA,NA,NA,NA,NA,NA,NA,NA
"3185","SL_2022_NSEO_Dive_34_11-16-04.000.avi","22035","11:36:59","627","855","QC","EricaEbert","140","N/A","2022","34","33","Line","Bad","loitering in same area","BLA","BLA","4","AD","Passing",NA,"",NA,"NSEO",NA,NA,NA,NA,NA,NA,NA,NA
"3186","SL_2022_NSEO_Dive_34_11-16-04.000.avi","23544","11:37:49","647","881","QC","EricaEbert","140","N/A","2022","34","33","Line","Good","Good Going Forward","GGF","GGF","6","AD","Passing",NA,"",NA,"NSEO",NA,NA,NA,NA,NA,NA,NA,NA
"3187","SL_2022_NSEO_Dive_34_11-16-04.000.avi","30866","11:41:53","627","861","QC","EricaEbert","140","N/A","2022","34","33","Line","Bad","loitering in same area","BLA","BLA","7","AD","Passing",NA,"",NA,"NSEO",NA,NA,NA,NA,NA,NA,NA,NA
"3188","SL_2022_NSEO_Dive_34_11-16-04.000.avi","31246","11:42:06","645","881","QC","EricaEbert","140","N/A","2022","34","33","Line","Good","Good Going Forward","GGF","GGF","8","AD","Passing",NA,"",NA,"NSEO",NA,NA,NA,NA,NA,NA,NA,NA
"3189","SL_2022_NSEO_Dive_34_11-16-04.000.avi","38062","11:45:53","630","867","QC","EricaEbert","140","N/A","2022","34","33","Line","Bad","loitering in same area","BLA","BLA","9","AD","Passing",NA,"",NA,"NSEO",NA,NA,NA,NA,NA,NA,NA,NA
"3190","SL_2022_NSEO_Dive_34_11-16-04.000.avi","39411","11:46:38","644","866","QC","EricaEbert","140","N/A","2022","34","33","Line","Good","Good Going Forward","GGF","GGF","10","AD","Passing",NA,"",NA,"NSEO",NA,NA,NA,NA,NA,NA,NA,NA
"3191","SL_2022_NSEO_Dive_34_11-16-04.000.avi","57519","11:56:41","627","857","QC","EricaEbert","140","N/A","2022","34","33","Line","Bad","poor visibility","BPV","BPV","11","AD","Passing",NA,"",NA,"NSEO",NA,NA,NA,NA,NA,NA,NA,NA
"3192","SL_2022_NSEO_Dive_34_11-16-04.000.avi","57864","11:56:53","635","876","QC","EricaEbert","140","N/A","2022","34","33","Line","Good","Good Going Forward","GGF","GGF","12","AD","Passing",NA,"",NA,"NSEO",NA,NA,NA,NA,NA,NA,NA,NA
"3193","SL_2022_NSEO_Dive_34_11-16-04.000.avi","71713","12:04:34","645","881","QC","EricaEbert","140","N/A","2022","34","33","Line","Good","Good Going Forward","GGF","GGF","13","AD","Passing","End","END",NA,"NSEO",NA,NA,NA,NA,NA,NA,NA,NA
"3194","SL_2022_NSEO_Dive_35_12-09-42.000.avi","561","12:38:02","627","869","QC","EricaEbert",NA,"N/A","2022","35","35","Line","Good","Good Going Forward","GGF","GGF","1","AD","Passing","Start","START",NA,"NSEO",NA,NA,NA,NA,NA,NA,NA,NA
"3195","SL_2022_NSEO_Dive_35_12-09-42.000.avi","1296","12:38:26","602","850","QC","EricaEbert",NA,"N/A","2022","35","35","Line","Bad","poor visibility","BPV","BPV","2","AD","Passing",NA,"",NA,"NSEO",NA,NA,NA,NA,NA,NA,NA,NA
"3196","SL_2022_NSEO_Dive_35_12-09-42.000.avi","1571","12:38:35","618","864","QC","EricaEbert",NA,"N/A","2022","35","35","Line","Good","Good Going Forward","GGF","GGF","3","AD","Passing",NA,"",NA,"NSEO",NA,NA,NA,NA,NA,NA,NA,NA
"3197","SL_2022_NSEO_Dive_35_12-09-42.000.avi","3560","12:39:42","598","855","QC","EricaEbert",NA,"N/A","2022","35","35","Line","Bad","poor visibility","BPV","BPV","4","AD","Passing",NA,"",NA,"NSEO",NA,NA,NA,NA,NA,NA,NA,NA
"3198","SL_2022_NSEO_Dive_35_12-09-42.000.avi","4011","12:39:57","644","881","QC","EricaEbert",NA,"N/A","2022","35","35","Line","Good","Good Going Forward","GGF","GGF","5","AD","Passing",NA,"",NA,"NSEO",NA,NA,NA,NA,NA,NA,NA,NA
"3199","SL_2022_NSEO_Dive_35_12-09-42.000.avi","5603","12:40:50","620","862","QC","EricaEbert",NA,"N/A","2022","35","35","Line","Bad","poor visibility","BPV","BPV","6","AD","Passing",NA,"",NA,"NSEO",NA,NA,NA,NA,NA,NA,NA,NA
"3200","SL_2022_NSEO_Dive_35_12-09-42.000.avi","6028","12:41:04","625","864","QC","EricaEbert",NA,"N/A","2022","35","35","Line","Good","Good Going Forward","GGF","GGF","7","AD","Passing",NA,"",NA,"NSEO",NA,NA,NA,NA,NA,NA,NA,NA
"3201","SL_2022_NSEO_Dive_35_12-09-42.000.avi","10280","12:43:26","593","866","QC","EricaEbert",NA,"N/A","2022","35","35","Line","Bad","poor visibility","BPV","BPV","8","AD","Passing",NA,"",NA,"NSEO",NA,NA,NA,NA,NA,NA,NA,NA
"3202","SL_2022_NSEO_Dive_35_12-09-42.000.avi","10678","12:43:39","637","859","QC","EricaEbert",NA,"N/A","2022","35","35","Line","Good","Good Going Forward","GGF","GGF","9","AD","Passing",NA,"",NA,"NSEO",NA,NA,NA,NA,NA,NA,NA,NA
"3203","SL_2022_NSEO_Dive_35_12-09-42.000.avi","10909","12:43:47","647","879","QC","EricaEbert",NA,"N/A","2022","35","35","Line","Bad","poor visibility","BPV","BPV","10","AD","Passing",NA,"",NA,"NSEO",NA,NA,NA,NA,NA,NA,NA,NA
"3204","SL_2022_NSEO_Dive_35_12-09-42.000.avi","12665","12:44:45","620","864","QC","EricaEbert",NA,"N/A","2022","35","35","Line","Good","Good Going Forward","GGF","GGF","11","AD","Passing",NA,"",NA,"NSEO",NA,NA,NA,NA,NA,NA,NA,NA
"3205","SL_2022_NSEO_Dive_35_12-09-42.000.avi","13906","12:45:27","613","869","QC","EricaEbert",NA,"N/A","2022","35","35","Line","Bad","poor visibility","BPV","BPV","12","AD","Passing",NA,"",NA,"NSEO",NA,NA,NA,NA,NA,NA,NA,NA
"3206","SL_2022_NSEO_Dive_35_12-09-42.000.avi","16173","12:46:42","662","887","QC","EricaEbert",NA,"N/A","2022","35","35","Line","Good","Good Going Forward","GGF","GGF","13","AD","Passing",NA,"",NA,"NSEO",NA,NA,NA,NA,NA,NA,NA,NA
"3207","SL_2022_NSEO_Dive_35_12-09-42.000.avi","16931","12:47:07","615","847","QC","EricaEbert",NA,"N/A","2022","35","35","Line","Bad","poor visibility","BPV","BPV","14","AD","Passing",NA,"",NA,"NSEO",NA,NA,NA,NA,NA,NA,NA,NA
"3208","SL_2022_NSEO_Dive_35_12-09-42.000.avi","17782","12:47:36","637","866","QC","EricaEbert",NA,"N/A","2022","35","35","Line","Good","Good Going Forward","GGF","GGF","15","AD","Passing",NA,"",NA,"NSEO",NA,NA,NA,NA,NA,NA,NA,NA
"3209","SL_2022_NSEO_Dive_35_12-09-42.000.avi","20100","12:48:53","627","854","QC","EricaEbert",NA,"N/A","2022","35","35","Line","Bad","poor visibility","BPV","BPV","16","AD","Passing",NA,"",NA,"NSEO",NA,NA,NA,NA,NA,NA,NA,NA
"3210","SL_2022_NSEO_Dive_35_12-09-42.000.avi","20555","12:49:08","634","855","QC","EricaEbert",NA,"N/A","2022","35","35","Line","Good","Good Going Forward","GGF","GGF","17","AD","Passing",NA,"",NA,"NSEO",NA,NA,NA,NA,NA,NA,NA,NA
"3211","SL_2022_NSEO_Dive_35_12-09-42.000.avi","21326","12:49:34","625","857","QC","EricaEbert",NA,"N/A","2022","35","35","Line","Bad","poor visibility","BPV","BPV","18","AD","Passing",NA,"",NA,"NSEO",NA,NA,NA,NA,NA,NA,NA,NA
"3212","SL_2022_NSEO_Dive_35_12-09-42.000.avi","21998","12:49:56","634","862","QC","EricaEbert",NA,"N/A","2022","35","35","Line","Good","Good Going Forward","GGF","GGF","19","AD","Passing",NA,"",NA,"NSEO",NA,NA,NA,NA,NA,NA,NA,NA
"3213","SL_2022_NSEO_Dive_35_12-09-42.000.avi","22373","12:50:09","645","866","QC","EricaEbert",NA,"N/A","2022","35","35","Line","Bad","poor visibility","BPV","BPV","20","AD","Passing",NA,"",NA,"NSEO",NA,NA,NA,NA,NA,NA,NA,NA
"3214","SL_2022_NSEO_Dive_35_12-09-42.000.avi","22743","12:50:21","654","886","QC","EricaEbert",NA,"N/A","2022","35","35","Line","Good","Good Going Forward","GGF","GGF","21","AD","Passing",NA,"",NA,"NSEO",NA,NA,NA,NA,NA,NA,NA,NA
"3215","SL_2022_NSEO_Dive_35_12-09-42.000.avi","26757","12:52:35","575","827","QC","EricaEbert",NA,"N/A","2022","35","35","Line","Bad","poor visibility","BPV","BPV","22","AD","Passing",NA,"",NA,"NSEO",NA,NA,NA,NA,NA,NA,NA,NA
"3216","SL_2022_NSEO_Dive_35_12-09-42.000.avi","27438","12:52:58","632","877","QC","EricaEbert",NA,"N/A","2022","35","35","Line","Good","Good Going Forward","GGF","GGF","23","AD","Passing",NA,"",NA,"NSEO",NA,NA,NA,NA,NA,NA,NA,NA
"3217","SL_2022_NSEO_Dive_35_12-09-42.000.avi","28622","12:53:37","639","874","QC","EricaEbert",NA,"N/A","2022","35","35","Line","Bad","poor visibility","BPV","BPV","24","AD","Passing",NA,"",NA,"NSEO",NA,NA,NA,NA,NA,NA,NA,NA
"3218","SL_2022_NSEO_Dive_35_12-09-42.000.avi","36077","12:57:46","674","904","QC","EricaEbert",NA,"N/A","2022","35","35","Line","Good","Good Going Forward","GGF","GGF","25","AD","Passing",NA,"",NA,"NSEO",NA,NA,NA,NA,NA,NA,NA,NA
"3219","SL_2022_NSEO_Dive_35_12-09-42.000.avi","38425","12:59:04","613","847","QC","EricaEbert",NA,"N/A","2022","35","35","Line","Bad","loitering in same area","BLA","BLA","26","AD","Passing",NA,"",NA,"NSEO",NA,NA,NA,NA,NA,NA,NA,NA
"3220","SL_2022_NSEO_Dive_35_12-09-42.000.avi","38742","12:59:14","637","876","QC","EricaEbert",NA,"N/A","2022","35","35","Line","Good","Good Going Forward","GGF","GGF","27","AD","Passing",NA,"",NA,"NSEO",NA,NA,NA,NA,NA,NA,NA,NA
"3221","SL_2022_NSEO_Dive_35_12-09-42.000.avi","42906","13:01:33","613","855","QC","EricaEbert",NA,"N/A","2022","35","35","Line","Bad","poor visibility","BPV","BPV","28","AD","Passing",NA,"",NA,"NSEO",NA,NA,NA,NA,NA,NA,NA,NA
"3222","SL_2022_NSEO_Dive_35_12-09-42.000.avi","44539","13:02:28","629","869","QC","EricaEbert",NA,"N/A","2022","35","35","Line","Good","Good Going Forward","GGF","GGF","29","AD","Passing",NA,"",NA,"NSEO",NA,NA,NA,NA,NA,NA,NA,NA
"3223","SL_2022_NSEO_Dive_35_12-09-42.000.avi","56813","13:09:17","617","840","QC","EricaEbert",NA,"N/A","2022","35","35","Line","Bad","poor visibility","BPV","BPV","30","AD","Passing",NA,"",NA,"NSEO",NA,NA,NA,NA,NA,NA,NA,NA
"3224","SL_2022_NSEO_Dive_35_12-09-42.000.avi","57711","13:09:47","650","877","QC","EricaEbert",NA,"N/A","2022","35","35","Line","Good","Good Going Forward","GGF","GGF","31","AD","Passing",NA,"",NA,"NSEO",NA,NA,NA,NA,NA,NA,NA,NA
"3225","SL_2022_NSEO_Dive_35_12-09-42.000.avi","58247","13:10:05","602","859","QC","EricaEbert",NA,"N/A","2022","35","35","Line","Bad","poor visibility","BPV","BPV","32","AD","Passing",NA,"",NA,"NSEO",NA,NA,NA,NA,NA,NA,NA,NA
"3226","SL_2022_NSEO_Dive_35_12-09-42.000.avi","58763","13:10:22","630","855","QC","EricaEbert",NA,"N/A","2022","35","35","Line","Good","Good Going Forward","GGF","GGF","33","AD","Passing",NA,"",NA,"NSEO",NA,NA,NA,NA,NA,NA,NA,NA
"3227","SL_2022_NSEO_Dive_35_12-09-42.000.avi","61450","13:11:51","612","849","QC","EricaEbert",NA,"N/A","2022","35","35","Line","Bad","poor visibility","BPV","BPV","34","AD","Passing",NA,"",NA,"NSEO",NA,NA,NA,NA,NA,NA,NA,NA
"3228","SL_2022_NSEO_Dive_35_12-09-42.000.avi","63060","13:12:45","649","876","QC","EricaEbert",NA,"N/A","2022","35","35","Line","Good","Good Going Forward","GGF","GGF","35","AD","Passing",NA,"",NA,"NSEO",NA,NA,NA,NA,NA,NA,NA,NA
"3229","SL_2022_NSEO_Dive_35_12-09-42.000.avi","63999","13:13:16","617","857","QC","EricaEbert",NA,"N/A","2022","35","35","Line","Bad","poor visibility","BPV","BPV","36","AD","Passing",NA,"",NA,"NSEO",NA,NA,NA,NA,NA,NA,NA,NA
"3230","SL_2022_NSEO_Dive_35_12-09-42.000.avi","64771","13:13:42","644","864","QC","EricaEbert",NA,"N/A","2022","35","35","Line","Good","Good Going Forward","GGF","GGF","37","AD","Passing",NA,"",NA,"NSEO",NA,NA,NA,NA,NA,NA,NA,NA
"3231","SL_2022_NSEO_Dive_35_12-09-42.000.avi","65885","13:14:19","624","850","QC","EricaEbert",NA,"N/A","2022","35","35","Line","Bad","poor visibility","BPV","BPV","38","AD","Passing",NA,"",NA,"NSEO",NA,NA,NA,NA,NA,NA,NA,NA
"3232","SL_2022_NSEO_Dive_35_12-09-42.000.avi","66312","13:14:33","669","903","QC","EricaEbert",NA,"N/A","2022","35","35","Line","Good","Good Going Forward","GGF","GGF","39","AD","Passing",NA,"",NA,"NSEO",NA,NA,NA,NA,NA,NA,NA,NA
"3233","SL_2022_NSEO_Dive_35_12-09-42.000.avi","66733","13:14:47","615","861","QC","EricaEbert",NA,"N/A","2022","35","35","Line","Bad","poor visibility","BPV","BPV","40","AD","Passing",NA,"",NA,"NSEO",NA,NA,NA,NA,NA,NA,NA,NA
"3234","SL_2022_NSEO_Dive_35_12-09-42.000.avi","67326","13:15:07","620","859","QC","EricaEbert",NA,"N/A","2022","35","35","Line","Good","Good Going Forward","GGF","GGF","41","AD","Passing",NA,"",NA,"NSEO",NA,NA,NA,NA,NA,NA,NA,NA
"3235","SL_2022_NSEO_Dive_35_12-09-42.000.avi","70001","13:16:36","600","837","QC","EricaEbert",NA,"N/A","2022","35","35","Line","Bad","poor visibility","BPV","BPV","42","AD","Passing",NA,"",NA,"NSEO",NA,NA,NA,NA,NA,NA,NA,NA
"3236","SL_2022_NSEO_Dive_35_12-09-42.000.avi","70728","13:17:01","637","866","QC","EricaEbert",NA,"N/A","2022","35","35","Line","Good","Good Going Forward","GGF","GGF","43","AD","Passing",NA,"",NA,"NSEO",NA,NA,NA,NA,NA,NA,NA,NA
"3237","SL_2022_NSEO_Dive_35_12-09-42.000.avi","72248","13:17:51","634","872","QC","EricaEbert",NA,"N/A","2022","35","35","Line","Bad","poor visibility","BPV","BPV","44","AD","Passing",NA,"",NA,"NSEO",NA,NA,NA,NA,NA,NA,NA,NA
"3238","SL_2022_NSEO_Dive_35_12-09-42.000.avi","73339","13:18:28","639","861","QC","EricaEbert",NA,"N/A","2022","35","35","Line","Good","Good Going Forward","GGF","GGF","45","AD","Passing",NA,"",NA,"NSEO",NA,NA,NA,NA,NA,NA,NA,NA
"3239","SL_2022_NSEO_Dive_35_12-09-42.000.avi","75182","13:19:29","607","859","QC","EricaEbert",NA,"N/A","2022","35","35","Line","Bad","loitering in same area","BLA","BLA","46","AD","Passing",NA,"",NA,"NSEO",NA,NA,NA,NA,NA,NA,NA,NA
"3240","SL_2022_NSEO_Dive_35_12-09-42.000.avi","76507","13:20:13","632","857","QC","EricaEbert",NA,"N/A","2022","35","35","Line","Good","Good Going Forward","GGF","GGF","47","AD","Passing",NA,"",NA,"NSEO",NA,NA,NA,NA,NA,NA,NA,NA
"3241","SL_2022_NSEO_Dive_35_12-09-42.000.avi","81173","13:22:49","632","867","QC","EricaEbert",NA,"N/A","2022","35","35","Line","Bad","poor visibility","BPV","BPV","48","AD","Passing",NA,"",NA,"NSEO",NA,NA,NA,NA,NA,NA,NA,NA
"3242","SL_2022_NSEO_Dive_35_12-09-42.000.avi","82224","13:23:24","655","869","QC","EricaEbert",NA,"N/A","2022","35","35","Line","Good","Good Going Forward","GGF","GGF","49","AD","Passing",NA,"",NA,"NSEO",NA,NA,NA,NA,NA,NA,NA,NA
"3243","SL_2022_NSEO_Dive_35_12-09-42.000.avi","86328","13:25:41","617","869","QC","EricaEbert",NA,"N/A","2022","35","35","Line","Bad","poor visibility","BPV","BPV","50","AD","Passing",NA,"",NA,"NSEO",NA,NA,NA,NA,NA,NA,NA,NA
"3244","SL_2022_NSEO_Dive_35_12-09-42.000.avi","86885","13:25:59","649","876","QC","EricaEbert",NA,"N/A","2022","35","35","Line","Good","Good Going Forward","GGF","GGF","51","AD","Passing",NA,"",NA,"NSEO",NA,NA,NA,NA,NA,NA,NA,NA
"3245","SL_2022_NSEO_Dive_35_12-09-42.000.avi","87367","13:26:15","602","855","QC","EricaEbert",NA,"N/A","2022","35","35","Line","Bad","poor visibility","BPV","BPV","52","AD","Passing",NA,"",NA,"NSEO",NA,NA,NA,NA,NA,NA,NA,NA
"3246","SL_2022_NSEO_Dive_35_12-09-42.000.avi","88947","13:27:08","629","867","QC","EricaEbert",NA,"N/A","2022","35","35","Line","Good","Good Going Forward","GGF","GGF","53","AD","Passing",NA,"",NA,"NSEO",NA,NA,NA,NA,NA,NA,NA,NA
"3247","SL_2022_NSEO_Dive_35_12-09-42.000.avi","90024","13:27:44","608","827","QC","EricaEbert",NA,"N/A","2022","35","35","Line","Bad","poor visibility","BPV","BPV","54","AD","Passing",NA,"",NA,"NSEO",NA,NA,NA,NA,NA,NA,NA,NA
"3248","SL_2022_NSEO_Dive_35_12-09-42.000.avi","90786","13:28:09","642","886","QC","EricaEbert",NA,"N/A","2022","35","35","Line","Good","Good Going Forward","GGF","GGF","55","AD","Passing",NA,"",NA,"NSEO",NA,NA,NA,NA,NA,NA,NA,NA
"3249","SL_2022_NSEO_Dive_35_12-09-42.000.avi","91834","13:28:44","630","852","QC","EricaEbert",NA,"N/A","2022","35","35","Line","Bad","poor visibility","BPV","BPV","56","AD","Passing",NA,"",NA,"NSEO",NA,NA,NA,NA,NA,NA,NA,NA
"3250","SL_2022_NSEO_Dive_35_12-09-42.000.avi","92464","13:29:05","642","886","QC","EricaEbert",NA,"N/A","2022","35","35","Line","Good","Good Going Forward","GGF","GGF","57","AD","Passing",NA,"",NA,"NSEO",NA,NA,NA,NA,NA,NA,NA,NA
"3251","SL_2022_NSEO_Dive_35_12-09-42.000.avi","94001","13:29:56","624","896","QC","EricaEbert",NA,"N/A","2022","35","35","Line","Bad","poor visibility","BPV","BPV","58","AD","Passing",NA,"",NA,"NSEO",NA,NA,NA,NA,NA,NA,NA,NA
"3252","SL_2022_NSEO_Dive_35_12-09-42.000.avi","95090","13:30:33","647","877","QC","EricaEbert",NA,"N/A","2022","35","35","Line","Good","Good Going Forward","GGF","GGF","59","AD","Passing",NA,"",NA,"NSEO",NA,NA,NA,NA,NA,NA,NA,NA
"3253","SL_2022_NSEO_Dive_35_12-09-42.000.avi","98195","13:32:16","625","857","QC","EricaEbert",NA,"N/A","2022","35","35","Line","Bad","poor visibility","BPV","BPV","60","AD","Passing",NA,"",NA,"NSEO",NA,NA,NA,NA,NA,NA,NA,NA
"3254","SL_2022_NSEO_Dive_35_12-09-42.000.avi","98411","13:32:23","652","879","QC","EricaEbert",NA,"N/A","2022","35","35","Line","Good","Good Going Forward","GGF","GGF","61","AD","Passing",NA,"",NA,"NSEO",NA,NA,NA,NA,NA,NA,NA,NA
"3255","SL_2022_NSEO_Dive_35_12-09-42.000.avi","101152","13:33:55","634","874","QC","EricaEbert",NA,"N/A","2022","35","35","Line","Good","Good Going Forward","GGF","GGF","62","AD","Passing","End","END",NA,"NSEO",NA,NA,NA,NA,NA,NA,NA,NA
"3256","SL_2023_EYKT_Dive_01_07-30-33.000.avi","192","7:35:29","655.46","867.23","QC","LauraColeman","86","N/A","2023","1","2","Line","Good","Good Going Forward","GGF","GGF","1","AD","Passing","Start",NA,NA,"EYKT",NA,NA,NA,NA,NA,NA,NA,NA
"3257","SL_2023_EYKT_Dive_01_07-30-33.000.avi","68566","8:13:29","636.97","880.67","QC","LauraColeman","86","N/A","2023","1","2","Line","Good","Good Going Forward","GGF","GGF","2","AD","Passing","End",NA,NA,"EYKT",NA,NA,NA,NA,NA,NA,NA,NA
"3258","SL_2023_EYKT_Dive_02_08-25-53.000.avi","494","8:40:34","568.63","648.37","QC","AnaVinson",NA,"N/A","2023","2","1","Line","Good","Good Going Forward","GGF","GGF","1","AD","Passing","Start",NA,NA,"EYKT",NA,NA,NA,NA,NA,NA,NA,NA
"3259","SL_2023_EYKT_Dive_02_08-25-53.000.avi","72162","9:20:23","631.37","841.83","QC","AnaVinson",NA,"N/A","2023","2","1","Line","Good","Good Going Forward","GGF","GGF","1","AD","Passing","End",NA,NA,"EYKT",NA,NA,NA,NA,NA,NA,NA,NA
"3260","SL_2023_EYKT_Dive_03_10-42-08.000.avi","469","10:43:17","653.59","884.97","QC","AnaVinson",NA,"N/A","2023","3","11","Line","Good","Good Going Forward","GGF","GGF","1","AD","Passing","Start",NA,NA,"EYKT",NA,NA,NA,NA,NA,NA,NA,NA
"3261","SL_2023_EYKT_Dive_03_10-42-08.000.avi","74854","11:24:36","660.13","898.04","QC","AnaVinson",NA,"N/A","2023","3","11","Line","Good","Good Going Forward","GGF","GGF","1","AD","Passing","End",NA,NA,"EYKT",NA,NA,NA,NA,NA,NA,NA,NA
"3262","SL_2023_EYKT_Dive_04_12-01-54.000.avi","483","12:08:33","614.38","871.9","QC","AnaVinson",NA,"N/A","2023","4","18","Line","Good","Good Going Forward","GGF","GGF","1","AD","Passing","Start",NA,NA,"EYKT",NA,NA,NA,NA,NA,NA,NA,NA
"3263","SL_2023_EYKT_Dive_04_12-01-54.000.avi","75771","12:50:23","656.21","856.21","QC","AnaVinson",NA,"N/A","2023","4","18","Line","Bad","loitering in same area","BLA","BLA","1","AD","Passing","",NA,NA,"EYKT",NA,NA,NA,NA,NA,NA,NA,NA
"3264","SL_2023_EYKT_Dive_04_12-01-54.000.avi","75916","12:50:28","643.14","850.98","QC","AnaVinson",NA,"N/A","2023","4","18","Line","Good","Good Going Forward","GGF","GGF","1","AD","Passing","",NA,NA,"EYKT",NA,NA,NA,NA,NA,NA,NA,NA
"3265","SL_2023_EYKT_Dive_04_12-01-54.000.avi","77476","12:51:20","620.92","854.9","QC","AnaVinson",NA,"N/A","2023","4","18","Line","Good","Good Going Forward","GGF","GGF","1","AD","Passing","End",NA,NA,"EYKT",NA,NA,NA,NA,NA,NA,NA,NA
"3266","SL_2023_EYKT_Dive_05_13-23-09.000.avi","1412","13:32:20","644.44","854.9","QC","AnaVinson",NA,"N/A","2023","5","12","Line","Good","Good Going Forward","GGF","GGF","1","AD","Passing","Start",NA,NA,"EYKT",NA,NA,NA,NA,NA,NA,NA,NA
"3267","SL_2023_EYKT_Dive_05_13-23-09.000.avi","2678","13:33:02","627.45","539.87","QC","AnaVinson",NA,"N/A","2023","5","12","Line","Bad","loitering in same area","BLA","BLA","1","AD","Passing","",NA,NA,"EYKT",NA,NA,NA,NA,NA,NA,NA,NA
"3268","SL_2023_EYKT_Dive_05_13-23-09.000.avi","2842","13:33:08","615.69","583.01","QC","AnaVinson",NA,"N/A","2023","5","12","Line","Good","Good Going Forward","GGF","GGF","1","AD","Passing","",NA,NA,"EYKT",NA,NA,NA,NA,NA,NA,NA,NA
"3269","SL_2023_EYKT_Dive_05_13-23-09.000.avi","61883","14:05:56","555.56","396.08","QC","AnaVinson",NA,"N/A","2023","5","12","Line","Bad","lost bottom visual","BLB","BLB","1","AD","Passing","",NA,NA,"EYKT",NA,NA,NA,NA,NA,NA,NA,NA
"3270","SL_2023_EYKT_Dive_05_13-23-09.000.avi","62284","14:06:09","555.56","428.76","QC","AnaVinson",NA,"N/A","2023","5","12","Line","Good","Good Going Forward","GGF","GGF","1","AD","Passing","",NA,NA,"EYKT",NA,NA,NA,NA,NA,NA,NA,NA
"3271","SL_2023_EYKT_Dive_05_13-23-09.000.avi","85963","14:19:18","546.41","461.44","QC","AnaVinson",NA,"N/A","2023","5","12","Line","Good","Good Going Forward","GGF","GGF","1","AD","Passing","End",NA,NA,"EYKT",NA,NA,NA,NA,NA,NA,NA,NA
"3272","SL_2023_EYKT_Dive_06_15-09-36.000.avi","2217","15:12:42","460.13","454.9","QC","AnaVinson",NA,"N/A","2023","6","9","Line","Good","Good Going Forward","GGF","GGF","1","AD","Passing","Start",NA,NA,"EYKT",NA,NA,NA,NA,NA,NA,NA,NA
"3273","SL_2023_EYKT_Dive_06_15-09-36.000.avi","71574","15:51:14","520.26","388.24","QC","AnaVinson",NA,"N/A","2023","6","9","Line","Good","Good Going Forward","GGF","GGF","1","AD","Passing","End",NA,NA,"EYKT",NA,NA,NA,NA,NA,NA,NA,NA
"3274","SL_2023_EYKT_Dive_07_16-27-17.000.avi","917","16:29:39","500.65","419.61","QC","AnaVinson",NA,"N/A","2023","7","10","Line","Good","Good Going Forward","GGF","GGF","1","AD","Passing","Start",NA,NA,"EYKT",NA,NA,NA,NA,NA,NA,NA,NA
"3275","SL_2023_EYKT_Dive_07_16-27-17.000.avi","8907","16:34:05","598.69","461.44","QC","AnaVinson",NA,"N/A","2023","7","10","Line","Bad","loitering in same area","BLA","BLA","1","AD","Passing","",NA,NA,"EYKT",NA,NA,NA,NA,NA,NA,NA,NA
"3276","SL_2023_EYKT_Dive_07_16-27-17.000.avi","9148","16:34:13","610.46","453.59","QC","AnaVinson",NA,"N/A","2023","7","10","Line","Good","Good Going Forward","GGF","GGF","1","AD","Passing","",NA,NA,"EYKT",NA,NA,NA,NA,NA,NA,NA,NA
"3277","SL_2023_EYKT_Dive_07_16-27-17.000.avi","69406","17:07:42","618.3","475.82","QC","AnaVinson",NA,"N/A","2023","7","10","Line","Good","Good Going Forward","GGF","GGF","1","AD","Passing","End",NA,NA,"EYKT",NA,NA,NA,NA,NA,NA,NA,NA
"3278","SL_2023_EYKT_Dive_08_17-56-45.000.avi","1383","18:07:39","532.03","407.84","QC","AnaVinson",NA,"N/A","2023","8","6","Line","Good","Good Going Forward","GGF","GGF","1","AD","Passing","Start",NA,NA,"EYKT",NA,NA,NA,NA,NA,NA,NA,NA
"3279","SL_2023_EYKT_Dive_08_17-56-45.000.avi","19156","18:17:32","620.92","326.8","QC","AnaVinson",NA,"N/A","2023","8","6","Line","Bad","going over drop-off","BDO","BDO","1","AD","Passing","",NA,NA,"EYKT",NA,NA,NA,NA,NA,NA,NA,NA
"3280","SL_2023_EYKT_Dive_08_17-56-45.000.avi","19577","18:17:46","620.92","452.29","QC","AnaVinson",NA,"N/A","2023","8","6","Line","Good","Good Going Forward","GGF","GGF","1","AD","Passing","",NA,NA,"EYKT",NA,NA,NA,NA,NA,NA,NA,NA
"3281","SL_2023_EYKT_Dive_08_17-56-45.000.avi","60089","18:40:16","607.84","372.55","QC","AnaVinson",NA,"N/A","2023","8","6","Line","Bad","loitering in same area","BLA","BLA","1","AD","Passing","",NA,NA,"EYKT",NA,NA,NA,NA,NA,NA,NA,NA
"3282","SL_2023_EYKT_Dive_08_17-56-45.000.avi","60407","18:40:27","533.33","475.82","QC","AnaVinson",NA,"N/A","2023","8","6","Line","Good","Good Going Forward","GGF","GGF","1","AD","Passing","",NA,NA,"EYKT",NA,NA,NA,NA,NA,NA,NA,NA
"3283","SL_2023_EYKT_Dive_08_17-56-45.000.avi","61636","18:41:08","644.44","443.14","QC","AnaVinson",NA,"N/A","2023","8","6","Line","Bad","going over drop-off","BDO","BDO","1","AD","Passing","",NA,NA,"EYKT",NA,NA,NA,NA,NA,NA,NA,NA
"3284","SL_2023_EYKT_Dive_08_17-56-45.000.avi","63480","18:42:09","662.75","454.9","QC","AnaVinson",NA,"N/A","2023","8","6","Line","Good","Good Going Forward","GGF","GGF","1","AD","Passing","",NA,NA,"EYKT",NA,NA,NA,NA,NA,NA,NA,NA
"3285","SL_2023_EYKT_Dive_08_17-56-45.000.avi","64738","18:42:51","648.37","445.75","QC","AnaVinson",NA,"N/A","2023","8","6","Line","Bad","going backwards","BGB","BGB","1","AD","Passing","",NA,NA,"EYKT",NA,NA,NA,NA,NA,NA,NA,NA
"3286","SL_2023_EYKT_Dive_08_17-56-45.000.avi","65768","18:43:25","550.33","418.3","QC","AnaVinson",NA,"N/A","2023","8","6","Line","Good","Good Going Forward","GGF","GGF","1","AD","Passing","",NA,NA,"EYKT",NA,NA,NA,NA,NA,NA,NA,NA
"3287","SL_2023_EYKT_Dive_08_17-56-45.000.avi","68453","18:44:55","615.69","403.92","QC","AnaVinson",NA,"N/A","2023","8","6","Line","Bad","going over drop-off","BDO","BDO","1","AD","Passing","",NA,NA,"EYKT",NA,NA,NA,NA,NA,NA,NA,NA
"3288","SL_2023_EYKT_Dive_08_17-56-45.000.avi","69605","18:45:33","588.24","411.76","QC","AnaVinson",NA,"N/A","2023","8","6","Line","Good","Good Going Forward","GGF","GGF","1","AD","Passing","",NA,NA,"EYKT",NA,NA,NA,NA,NA,NA,NA,NA
"3289","SL_2023_EYKT_Dive_08_17-56-45.000.avi","72460","18:47:08","491.5","375.16","QC","AnaVinson",NA,"N/A","2023","8","6","Line","Bad","going over drop-off","BDO","BDO","1","AD","Passing","",NA,NA,"EYKT",NA,NA,NA,NA,NA,NA,NA,NA
"3290","SL_2023_EYKT_Dive_08_17-56-45.000.avi","73206","18:47:33","581.7","413.07","QC","AnaVinson",NA,"N/A","2023","8","6","Line","Good","Good Going Forward","GGF","GGF","1","AD","Passing","",NA,NA,"EYKT",NA,NA,NA,NA,NA,NA,NA,NA
"3291","SL_2023_EYKT_Dive_08_17-56-45.000.avi","74755","18:48:25","618.3","414.38","QC","AnaVinson",NA,"N/A","2023","8","6","Line","Bad","going over drop-off","BDO","BDO","1","AD","Passing","",NA,NA,"EYKT",NA,NA,NA,NA,NA,NA,NA,NA
"3292","SL_2023_EYKT_Dive_08_17-56-45.000.avi","75792","18:48:59","618.3","384.31","QC","AnaVinson",NA,"N/A","2023","8","6","Line","Good","Good Going Forward","GGF","GGF","1","AD","Passing","",NA,NA,"EYKT",NA,NA,NA,NA,NA,NA,NA,NA
"3293","SL_2023_EYKT_Dive_08_17-56-45.000.avi","79651","18:51:08","600","800","QC","AnaVinson",NA,"N/A","2023","8","6","Line","Good","Good Going Forward","GGF","GGF","1","AD","Passing","End",NA,NA,"EYKT",NA,NA,NA,NA,NA,NA,NA,NA
"3294","SL_2023_EYKT_Dive_09_06-48-39.000.avi","2553","7:05:01","598.69","745.1","QC","AnaVinson",NA,"N/A","2023","9","4","Line","Good","Good Going Forward","GGF","GGF","1","AD","Passing","Start",NA,NA,"EYKT",NA,NA,NA,NA,NA,NA,NA,NA
"3295","SL_2023_EYKT_Dive_09_06-48-39.000.avi","71357","7:43:15","632.68","871.9","QC","AnaVinson",NA,"N/A","2023","9","4","Line","Good","Good Going Forward","GGF","GGF","1","AD","Passing","End",NA,NA,"EYKT",NA,NA,NA,NA,NA,NA,NA,NA
"3296","SL_2023_EYKT_Dive_10_08-14-17.000.avi","1446","8:25:30","603.92","796.08","QC","AnaVinson",NA,"N/A","2023","10","3","Line","Good","Good Going Forward","GGF","GGF","1","AD","Passing","Start",NA,NA,"EYKT",NA,NA,NA,NA,NA,NA,NA,NA
"3297","SL_2023_EYKT_Dive_10_08-14-17.000.avi","1590","8:25:35","552.94","801.31","QC","AnaVinson",NA,"N/A","2023","10","3","Line","Bad","lost bottom visual","BLB","BLB","1","AD","Passing","",NA,NA,"EYKT",NA,NA,NA,NA,NA,NA,NA,NA
"3298","SL_2023_EYKT_Dive_10_08-14-17.000.avi","2060","8:25:51","600","800","QC","AnaVinson",NA,"N/A","2023","10","3","Line","Good","Good Going Forward","GGF","GGF","1","AD","Passing","",NA,NA,"EYKT",NA,NA,NA,NA,NA,NA,NA,NA
"3299","SL_2023_EYKT_Dive_10_08-14-17.000.avi","2998","8:26:22","566.01","800","QC","AnaVinson",NA,"N/A","2023","10","3","Line","Bad","lost bottom visual","BLB","BLB","1","AD","Passing","",NA,NA,"EYKT",NA,NA,NA,NA,NA,NA,NA,NA
"3300","SL_2023_EYKT_Dive_10_08-14-17.000.avi","4372","8:27:08","607.84","887.58","QC","AnaVinson",NA,"N/A","2023","10","3","Line","Good","Good Going Forward","GGF","GGF","1","AD","Passing","",NA,NA,"EYKT",NA,NA,NA,NA,NA,NA,NA,NA
"3301","SL_2023_EYKT_Dive_10_08-14-17.000.avi","6135","8:28:06","588.24","861.44","QC","AnaVinson",NA,"N/A","2023","10","3","Line","Bad","going over drop-off","BDO","BDO","1","AD","Passing","",NA,NA,"EYKT",NA,NA,NA,NA,NA,NA,NA,NA
"3302","SL_2023_EYKT_Dive_10_08-14-17.000.avi","6945","8:28:33","653.59","866.67","QC","AnaVinson",NA,"N/A","2023","10","3","Line","Good","Good Going Forward","GGF","GGF","1","AD","Passing","",NA,NA,"EYKT",NA,NA,NA,NA,NA,NA,NA,NA
"3303","SL_2023_EYKT_Dive_10_08-14-17.000.avi","7061","8:28:37","600","800","QC","AnaVinson",NA,"N/A","2023","10","3","Line","Bad","lost bottom visual","BLB","BLB","1","AD","Passing","",NA,NA,"EYKT",NA,NA,NA,NA,NA,NA,NA,NA
"3304","SL_2023_EYKT_Dive_10_08-14-17.000.avi","8268","8:29:18","600","800","QC","AnaVinson",NA,"N/A","2023","10","3","Line","Good","Good Going Forward","GGF","GGF","1","AD","Passing","",NA,NA,"EYKT",NA,NA,NA,NA,NA,NA,NA,NA
"3305","SL_2023_EYKT_Dive_10_08-14-17.000.avi","12902","8:31:52","637.91","823.53","QC","AnaVinson",NA,"N/A","2023","10","3","Line","Bad","going over drop-off","BDO","BDO","1","AD","Passing","",NA,NA,"EYKT",NA,NA,NA,NA,NA,NA,NA,NA
"3306","SL_2023_EYKT_Dive_10_08-14-17.000.avi","13541","8:32:13","613.07","814.38","QC","AnaVinson",NA,"N/A","2023","10","3","Line","Good","Good Going Forward","GGF","GGF","1","AD","Passing","",NA,NA,"EYKT",NA,NA,NA,NA,NA,NA,NA,NA
"3307","SL_2023_EYKT_Dive_10_08-14-17.000.avi","17080","8:34:11","563.4","777.78","QC","AnaVinson",NA,"N/A","2023","10","3","Line","Bad","lost bottom visual","BLB","BLB","1","AD","Passing","",NA,NA,"EYKT",NA,NA,NA,NA,NA,NA,NA,NA
"3308","SL_2023_EYKT_Dive_10_08-14-17.000.avi","17844","8:34:37","600","798.69","QC","AnaVinson",NA,"N/A","2023","10","3","Line","Good","Good Going Forward","GGF","GGF","1","AD","Passing","",NA,NA,"EYKT",NA,NA,NA,NA,NA,NA,NA,NA
"3309","SL_2023_EYKT_Dive_10_08-14-17.000.avi","49828","8:52:23","639.22","802.61","QC","AnaVinson",NA,"N/A","2023","10","3","Line","Bad","lost bottom visual","BLB","BLB","1","AD","Passing","",NA,NA,"EYKT",NA,NA,NA,NA,NA,NA,NA,NA
"3310","SL_2023_EYKT_Dive_10_08-14-17.000.avi","50468","8:52:44","637.91","790.85","QC","AnaVinson",NA,"N/A","2023","10","3","Line","Good","Good Going Forward","GGF","GGF","1","AD","Passing","",NA,NA,"EYKT",NA,NA,NA,NA,NA,NA,NA,NA
"3311","SL_2023_EYKT_Dive_10_08-14-17.000.avi","54607","8:55:02","602.61","800","QC","AnaVinson",NA,"N/A","2023","10","3","Line","Bad","lost bottom visual","BLB","BLB","1","AD","Passing","",NA,NA,"EYKT",NA,NA,NA,NA,NA,NA,NA,NA
"3312","SL_2023_EYKT_Dive_10_08-14-17.000.avi","57023","8:56:23","616.99","785.62","QC","AnaVinson",NA,"N/A","2023","10","3","Line","Good","Good Going Forward","GGF","GGF","1","AD","Passing","",NA,NA,"EYKT",NA,NA,NA,NA,NA,NA,NA,NA
"3313","SL_2023_EYKT_Dive_10_08-14-17.000.avi","57989","8:56:55","665.36","796.08","QC","AnaVinson",NA,"N/A","2023","10","3","Line","Bad","going over drop-off","BDO","BDO","1","AD","Passing","",NA,NA,"EYKT",NA,NA,NA,NA,NA,NA,NA,NA
"3314","SL_2023_EYKT_Dive_10_08-14-17.000.avi","58260","8:57:04","508.5","905.88","QC","AnaVinson",NA,"N/A","2023","10","3","Line","Good","Good Going Forward","GGF","GGF","1","AD","Passing","",NA,NA,"EYKT",NA,NA,NA,NA,NA,NA,NA,NA
"3315","SL_2023_EYKT_Dive_10_08-14-17.000.avi","58765","8:57:21","603.92","796.08","QC","AnaVinson",NA,"N/A","2023","10","3","Line","Bad","lost bottom visual","BLB","BLB","1","AD","Passing","",NA,NA,"EYKT",NA,NA,NA,NA,NA,NA,NA,NA
"3316","SL_2023_EYKT_Dive_10_08-14-17.000.avi","59296","8:57:39","580.39","779.08","QC","AnaVinson",NA,"N/A","2023","10","3","Line","Good","Good Going Forward","GGF","GGF","1","AD","Passing","",NA,NA,"EYKT",NA,NA,NA,NA,NA,NA,NA,NA
"3317","SL_2023_EYKT_Dive_10_08-14-17.000.avi","60677","8:58:25","633.99","732.03","QC","AnaVinson",NA,"N/A","2023","10","3","Line","Bad","lost bottom visual","BLB","BLB","1","AD","Passing","",NA,NA,"EYKT",NA,NA,NA,NA,NA,NA,NA,NA
"3318","SL_2023_EYKT_Dive_10_08-14-17.000.avi","61057","8:58:37","533.33","819.61","QC","AnaVinson",NA,"N/A","2023","10","3","Line","Good","Good Going Forward","GGF","GGF","1","AD","Passing","",NA,NA,"EYKT",NA,NA,NA,NA,NA,NA,NA,NA
"3319","SL_2023_EYKT_Dive_10_08-14-17.000.avi","68983","9:03:01","600","806.54","QC","AnaVinson",NA,"N/A","2023","10","3","Line","Good","Good Going Forward","GGF","GGF","1","AD","Passing","End",NA,NA,"EYKT",NA,NA,NA,NA,NA,NA,NA,NA
"3320","SL_2023_EYKT_Dive_11_09-12-50.000.avi","1497","10:11:05","690.2","776.47","QC","AnaVinson",NA,"N/A","2023","11","7","Line","Good","Good Going Forward","GGF","GGF","1","AD","Passing","Start",NA,NA,"EYKT",NA,NA,NA,NA,NA,NA,NA,NA
"3321","SL_2023_EYKT_Dive_11_09-12-50.000.avi","4948","10:13:00","671.9","790.85","QC","AnaVinson",NA,"N/A","2023","11","7","Line","Bad","going over drop-off","BDO","BDO","1","AD","Passing","",NA,NA,"EYKT",NA,NA,NA,NA,NA,NA,NA,NA
"3322","SL_2023_EYKT_Dive_11_09-12-50.000.avi","5571","10:13:21","657.52","899.35","QC","AnaVinson",NA,"N/A","2023","11","7","Line","Good","Good Going Forward","GGF","GGF","1","AD","Passing","",NA,NA,"EYKT",NA,NA,NA,NA,NA,NA,NA,NA
"3323","SL_2023_EYKT_Dive_11_09-12-50.000.avi","34027","10:29:09","525.49","837.91","QC","AnaVinson",NA,"N/A","2023","11","7","Line","Bad","going over drop-off","BDO","BDO","1","AD","Passing","",NA,NA,"EYKT",NA,NA,NA,NA,NA,NA,NA,NA
"3324","SL_2023_EYKT_Dive_11_09-12-50.000.avi","34388","10:29:21","596.08","803.92","QC","AnaVinson",NA,"N/A","2023","11","7","Line","Good","Good Going Forward","GGF","GGF","1","AD","Passing","",NA,NA,"EYKT",NA,NA,NA,NA,NA,NA,NA,NA
"3325","SL_2023_EYKT_Dive_11_09-12-50.000.avi","38169","10:31:27","577.78","708.5","QC","AnaVinson",NA,"N/A","2023","11","7","Line","Bad","going over drop-off","BDO","BDO","1","AD","Passing","",NA,NA,"EYKT",NA,NA,NA,NA,NA,NA,NA,NA
"3326","SL_2023_EYKT_Dive_11_09-12-50.000.avi","38931","10:31:53","627.45","790.85","QC","AnaVinson",NA,"N/A","2023","11","7","Line","Good","Good Going Forward","GGF","GGF","1","AD","Passing","",NA,NA,"EYKT",NA,NA,NA,NA,NA,NA,NA,NA
"3327","SL_2023_EYKT_Dive_11_09-12-50.000.avi","46031","10:35:49","600","800","QC","AnaVinson",NA,"N/A","2023","11","7","Line","Bad","going over drop-off","BDO","BDO","1","AD","Passing","",NA,NA,"EYKT",NA,NA,NA,NA,NA,NA,NA,NA
"3328","SL_2023_EYKT_Dive_11_09-12-50.000.avi","46622","10:36:09","623.53","818.3","QC","AnaVinson",NA,"N/A","2023","11","7","Line","Good","Good Going Forward","GGF","GGF","1","AD","Passing","",NA,NA,"EYKT",NA,NA,NA,NA,NA,NA,NA,NA
"3329","SL_2023_EYKT_Dive_11_09-12-50.000.avi","49386","10:37:41","588.24","766.01","QC","AnaVinson",NA,"N/A","2023","11","7","Line","Bad","going over drop-off","BDO","BDO","1","AD","Passing","",NA,NA,"EYKT",NA,NA,NA,NA,NA,NA,NA,NA
"3330","SL_2023_EYKT_Dive_11_09-12-50.000.avi","50048","10:38:03","600","801.31","QC","AnaVinson",NA,"N/A","2023","11","7","Line","Good","Good Going Forward","GGF","GGF","1","AD","Passing","",NA,NA,"EYKT",NA,NA,NA,NA,NA,NA,NA,NA
"3331","SL_2023_EYKT_Dive_11_09-12-50.000.avi","68348","10:48:13","652.29","913.73","QC","AnaVinson",NA,"N/A","2023","11","7","Line","Good","Good Going Forward","GGF","GGF","1","AD","Passing","End",NA,NA,"EYKT",NA,NA,NA,NA,NA,NA,NA,NA
"3332","SL_2023_EYKT_Dive_12_11-11-25.000.avi","281","11:20:17","316.34","656.21","QC","AnaVinson",NA,"N/A","2023","12","8","Line","Good","Good Going Forward","GGF","GGF","1","AD","Passing","Start",NA,NA,"EYKT",NA,NA,NA,NA,NA,NA,NA,NA
"3333","SL_2023_EYKT_Dive_12_11-11-25.000.avi","10168","11:25:47","270.59","658.82","QC","AnaVinson",NA,"N/A","2023","12","8","Line","Bad","going over drop-off","BDO","BDO","1","AD","Passing","",NA,NA,"EYKT",NA,NA,NA,NA,NA,NA,NA,NA
"3334","SL_2023_EYKT_Dive_12_11-11-25.000.avi","10455","11:25:57","328.1","768.63","QC","AnaVinson",NA,"N/A","2023","12","8","Line","Good","Good Going Forward","GGF","GGF","1","AD","Passing","",NA,NA,"EYKT",NA,NA,NA,NA,NA,NA,NA,NA
"3335","SL_2023_EYKT_Dive_12_11-11-25.000.avi","37961","11:41:13","546.41","568.63","QC","AnaVinson",NA,"N/A","2023","12","8","Line","Bad","going over drop-off","BDO","BDO","1","AD","Passing","",NA,NA,"EYKT",NA,NA,NA,NA,NA,NA,NA,NA
"3336","SL_2023_EYKT_Dive_12_11-11-25.000.avi","38473","11:41:30","520.26","530.72","QC","AnaVinson",NA,"N/A","2023","12","8","Line","Good","Good Going Forward","GGF","GGF","1","AD","Passing","",NA,NA,"EYKT",NA,NA,NA,NA,NA,NA,NA,NA
"3337","SL_2023_EYKT_Dive_12_11-11-25.000.avi","43916","11:44:32","433.99","427.45","QC","AnaVinson",NA,"N/A","2023","12","8","Line","Bad","going over drop-off","BDO","BDO","1","AD","Passing","",NA,NA,"EYKT",NA,NA,NA,NA,NA,NA,NA,NA
"3338","SL_2023_EYKT_Dive_12_11-11-25.000.avi","45174","11:45:14","431.37","534.64","QC","AnaVinson",NA,"N/A","2023","12","8","Line","Good","Good Going Forward","GGF","GGF","1","AD","Passing","",NA,NA,"EYKT",NA,NA,NA,NA,NA,NA,NA,NA
"3339","SL_2023_EYKT_Dive_12_11-11-25.000.avi","45806","11:45:35","576.47","500.65","QC","AnaVinson",NA,"N/A","2023","12","8","Line","Bad","lost bottom visual","BLB","BLB","1","AD","Passing","",NA,NA,"EYKT",NA,NA,NA,NA,NA,NA,NA,NA
"3340","SL_2023_EYKT_Dive_12_11-11-25.000.avi","46884","11:46:11","462.75","315.03","QC","AnaVinson",NA,"N/A","2023","12","8","Line","Good","Good Going Forward","GGF","GGF","1","AD","Passing","",NA,NA,"EYKT",NA,NA,NA,NA,NA,NA,NA,NA
"3341","SL_2023_EYKT_Dive_12_11-11-25.000.avi","47929","11:46:46","475.82","584.31","QC","AnaVinson",NA,"N/A","2023","12","8","Line","Bad","going backwards","BGB","BGB","1","AD","Passing","",NA,NA,"EYKT",NA,NA,NA,NA,NA,NA,NA,NA
"3342","SL_2023_EYKT_Dive_12_11-11-25.000.avi","49115","11:47:25","422.22","566.01","QC","AnaVinson",NA,"N/A","2023","12","8","Line","Good","Good Going Forward","GGF","GGF","1","AD","Passing","",NA,NA,"EYKT",NA,NA,NA,NA,NA,NA,NA,NA
"3343","SL_2023_EYKT_Dive_12_11-11-25.000.avi","54092","11:50:11","483.66","532.03","QC","AnaVinson",NA,"N/A","2023","12","8","Line","Bad","going over drop-off","BDO","BDO","1","AD","Passing","",NA,NA,"EYKT",NA,NA,NA,NA,NA,NA,NA,NA
"3344","SL_2023_EYKT_Dive_12_11-11-25.000.avi","54380","11:50:21","335.95","670.59","QC","AnaVinson",NA,"N/A","2023","12","8","Line","Good","Good Going Forward","GGF","GGF","1","AD","Passing","",NA,NA,"EYKT",NA,NA,NA,NA,NA,NA,NA,NA
"3345","SL_2023_EYKT_Dive_12_11-11-25.000.avi","69094","11:58:31","508.5","563.4","QC","AnaVinson",NA,"N/A","2023","12","8","Line","Good","Good Going Forward","GGF","GGF","1","AD","Passing","End",NA,NA,"EYKT",NA,NA,NA,NA,NA,NA,NA,NA
"3346","SL_2023_EYKT_Dive_13_14-08-25.000.avi","1019","14:11:22","368.63","673.2","QC","AnaVinson",NA,"N/A","2023","13","15","Line","Good","Good Going Forward","GGF","GGF","1","AD","Passing","Start",NA,NA,"EYKT",NA,NA,NA,NA,NA,NA,NA,NA
"3347","SL_2023_EYKT_Dive_13_14-08-25.000.avi","9549","14:16:06","401.31","797.39","QC","AnaVinson",NA,"N/A","2023","13","15","Line","Bad","going backwards","BGB","BGB","1","AD","Passing","",NA,NA,"EYKT",NA,NA,NA,NA,NA,NA,NA,NA
"3348","SL_2023_EYKT_Dive_13_14-08-25.000.avi","10163","14:16:27","298.04","545.1","QC","AnaVinson",NA,"N/A","2023","13","15","Line","Good","Good Going Forward","GGF","GGF","1","AD","Passing","",NA,NA,"EYKT",NA,NA,NA,NA,NA,NA,NA,NA
"3349","SL_2023_EYKT_Dive_13_14-08-25.000.avi","59578","14:43:54","346.41","665.36","QC","AnaVinson",NA,"N/A","2023","13","15","Line","Bad","going backwards","BGB","BGB","1","AD","Passing","",NA,NA,"EYKT",NA,NA,NA,NA,NA,NA,NA,NA
"3350","SL_2023_EYKT_Dive_13_14-08-25.000.avi","60303","14:44:18","375.16","703.27","QC","AnaVinson",NA,"N/A","2023","13","15","Line","Good","Good Going Forward","GGF","GGF","1","AD","Passing","",NA,NA,"EYKT",NA,NA,NA,NA,NA,NA,NA,NA
"3351","SL_2023_EYKT_Dive_13_14-08-25.000.avi","68481","14:48:51","457.52","600","QC","AnaVinson",NA,"N/A","2023","13","15","Line","Good","Good Going Forward","GGF","GGF","1","AD","Passing","End",NA,NA,"EYKT",NA,NA,NA,NA,NA,NA,NA,NA
"3352","SL_2023_EYKT_Dive_14_15-20-34.000.avi","380","15:22:45","596.08","807.84","QC","AnaVinson",NA,"N/A","2023","14","13","Line","Good","Good Going Forward","GGF","GGF","1","AD","Passing","Start",NA,NA,"EYKT",NA,NA,NA,NA,NA,NA,NA,NA
"3353","SL_2023_EYKT_Dive_14_15-20-34.000.avi","73967","16:03:38","635.29","742.48","QC","AnaVinson",NA,"N/A","2023","14","13","Line","Good","Good Going Forward","GGF","GGF","1","AD","Passing","End",NA,NA,"EYKT",NA,NA,NA,NA,NA,NA,NA,NA
"3354","SL_2023_EYKT_Dive_15_16-09-49.000.avi","1388","16:11:23","631.37","779.08","QC","AnaVinson",NA,"N/A","2023","15","14","Groundtruth","Good","Good Going Forward","GGF","GGF","1","AD","Passing","Start",NA,NA,"EYKT",NA,NA,NA,NA,NA,NA,NA,NA
"3355","SL_2023_EYKT_Dive_15_16-09-49.000.avi","54574","16:40:56","619.61","883.66","QC","AnaVinson",NA,"N/A","2023","15","14","Groundtruth","Good","Good Going Forward","GGF","GGF","1","AD","Passing","End",NA,NA,"EYKT",NA,NA,NA,NA,NA,NA,NA,NA
"3356","SL_2023_EYKT_Dive_16_17-28-40.000.avi","315","17:39:08","626.14","777.78","QC","AnaVinson",NA,"N/A","2023","16","22","Line","Good","Good Going Forward","GGF","GGF","1","AD","Passing","Start",NA,NA,"EYKT",NA,NA,NA,NA,NA,NA,NA,NA
"3357","SL_2023_EYKT_Dive_16_17-28-40.000.avi","64946","18:15:03","636.6","887.58","QC","AnaVinson",NA,"N/A","2023","16","22","Line","Bad","loitering in same area","BLA","BLA","1","AD","Passing","",NA,NA,"EYKT",NA,NA,NA,NA,NA,NA,NA,NA
"3358","SL_2023_EYKT_Dive_16_17-28-40.000.avi","65336","18:15:16","436.6","698.04","QC","AnaVinson",NA,"N/A","2023","16","22","Line","Good","Good Going Forward","GGF","GGF","1","AD","Passing","",NA,NA,"EYKT",NA,NA,NA,NA,NA,NA,NA,NA
"3359","SL_2023_EYKT_Dive_16_17-28-40.000.avi","83607","18:25:25","596.08","805.23","QC","AnaVinson",NA,"N/A","2023","16","22","Line","Good","Good Going Forward","GGF","GGF","1","AD","Passing","End",NA,NA,"EYKT",NA,NA,NA,NA,NA,NA,NA,NA
"3360","SL_2023_EYKT_Dive_17_17-28-40.000.avi","462","19:14:54","483.66","695.42","QC","AnaVinson",NA,"N/A","2023","17","23","Line","Good","Good Going Forward","GGF","GGF","1","AD","Passing","Start",NA,NA,"EYKT",NA,NA,NA,NA,NA,NA,NA,NA
"3361","SL_2023_EYKT_Dive_17_17-28-40.000.avi","2616","19:16:06","600","800","QC","AnaVinson",NA,"N/A","2023","17","23","Line","Bad","going over drop-off","BDO","BDO","1","AD","Passing","",NA,NA,"EYKT",NA,NA,NA,NA,NA,NA,NA,NA
"3362","SL_2023_EYKT_Dive_17_17-28-40.000.avi","3042","19:16:20","600","800","QC","AnaVinson",NA,"N/A","2023","17","23","Line","Good","Good Going Forward","GGF","GGF","1","AD","Passing","",NA,NA,"EYKT",NA,NA,NA,NA,NA,NA,NA,NA
"3363","SL_2023_EYKT_Dive_17_17-28-40.000.avi","3527","19:16:37","563.4","785.62","QC","AnaVinson",NA,"N/A","2023","17","23","Line","Bad","going over drop-off","BDO","BDO","1","AD","Passing","",NA,NA,"EYKT",NA,NA,NA,NA,NA,NA,NA,NA
"3364","SL_2023_EYKT_Dive_17_17-28-40.000.avi","4084","19:16:55","707.19","704.58","QC","AnaVinson",NA,"N/A","2023","17","23","Line","Good","Good Going Forward","GGF","GGF","1","AD","Passing","",NA,NA,"EYKT",NA,NA,NA,NA,NA,NA,NA,NA
"3365","SL_2023_EYKT_Dive_17_17-28-40.000.avi","16562","19:23:51","600","800","QC","AnaVinson",NA,"N/A","2023","17","23","Line","Bad","going over drop-off","BDO","BDO","1","AD","Passing","",NA,NA,"EYKT",NA,NA,NA,NA,NA,NA,NA,NA
"3366","SL_2023_EYKT_Dive_17_17-28-40.000.avi","17497","19:24:22","600","800","QC","AnaVinson",NA,"N/A","2023","17","23","Line","Good","Good Going Forward","GGF","GGF","1","AD","Passing","",NA,NA,"EYKT",NA,NA,NA,NA,NA,NA,NA,NA
"3367","SL_2023_EYKT_Dive_17_17-28-40.000.avi","24877","19:28:28","569.93","692.81","QC","AnaVinson",NA,"N/A","2023","17","23","Line","Bad","going over drop-off","BDO","BDO","1","AD","Passing","",NA,NA,"EYKT",NA,NA,NA,NA,NA,NA,NA,NA
"3368","SL_2023_EYKT_Dive_17_17-28-40.000.avi","25270","19:28:41","508.5","801.31","QC","AnaVinson",NA,"N/A","2023","17","23","Line","Good","Good Going Forward","GGF","GGF","1","AD","Passing","",NA,NA,"EYKT",NA,NA,NA,NA,NA,NA,NA,NA
"3369","SL_2023_EYKT_Dive_17_17-28-40.000.avi","58823","19:47:20","667.97","900.65","QC","AnaVinson",NA,"N/A","2023","17","23","Line","Good","Good Going Forward","GGF","GGF","1","AD","Passing","End",NA,NA,"EYKT",NA,NA,NA,NA,NA,NA,NA,NA
"3370","SL_2023_EYKT_Dive_18_06-44-17.000.avi","428","7:01:55","695.42","688.89","QC","AnaVinson",NA,"N/A","2023","18","20","Line","Good","Good Going Forward","GGF","GGF","1","AD","Passing","Start","",NA,"EYKT",NA,NA,NA,NA,NA,NA,NA,NA
"3371","SL_2023_EYKT_Dive_18_06-44-17.000.avi","41334","7:24:39","551.63","796.08","QC","AnaVinson",NA,"N/A","2023","18","20","Line","Bad","repositioned","BRP","BRP","1","AD","Passing","","umbilical hang up",NA,"EYKT",NA,NA,NA,NA,NA,NA,NA,NA
"3372","SL_2023_EYKT_Dive_18_06-44-17.000.avi","48273","7:28:30","550.33","784.31","QC","AnaVinson",NA,"N/A","2023","18","20","Line","Good","Good Going Forward","GGF","GGF","1","AD","Passing","","repositioned",NA,"EYKT",NA,NA,NA,NA,NA,NA,NA,NA
"3373","SL_2023_EYKT_Dive_18_06-44-17.000.avi","68077","7:39:30","580.39","745.1","QC","AnaVinson",NA,"N/A","2023","18","20","Line","Good","Good Going Forward","GGF","GGF","1","AD","Passing","End","",NA,"EYKT",NA,NA,NA,NA,NA,NA,NA,NA
"3374","SL_2023_EYKT_Dive_19_07-47-42.000.avi","233","8:21:07","609.15","754.25","QC","AnaVinson",NA,"N/A","2023","19","24","Line","Good","Good Going Forward","GGF","GGF","1","AD","Passing","Start",NA,NA,"EYKT",NA,NA,NA,NA,NA,NA,NA,NA
"3375","SL_2023_EYKT_Dive_19_07-47-42.000.avi","3205","8:22:46","543.79","823.53","QC","AnaVinson",NA,"N/A","2023","19","24","Line","Bad","going over drop-off","BDO","BDO","1","AD","Passing","",NA,NA,"EYKT",NA,NA,NA,NA,NA,NA,NA,NA
"3376","SL_2023_EYKT_Dive_19_07-47-42.000.avi","3575","8:22:58","597.39","758.17","QC","AnaVinson",NA,"N/A","2023","19","24","Line","Good","Good Going Forward","GGF","GGF","1","AD","Passing","",NA,NA,"EYKT",NA,NA,NA,NA,NA,NA,NA,NA
"3377","SL_2023_EYKT_Dive_19_07-47-42.000.avi","11797","8:27:32","588.24","806.54","QC","AnaVinson",NA,"N/A","2023","19","24","Line","Bad","going backwards","BGB","BGB","1","AD","Passing","",NA,NA,"EYKT",NA,NA,NA,NA,NA,NA,NA,NA
"3378","SL_2023_EYKT_Dive_19_07-47-42.000.avi","13662","8:28:34","643.14","862.75","QC","AnaVinson",NA,"N/A","2023","19","24","Line","Good","Good Going Forward","GGF","GGF","1","AD","Passing","",NA,NA,"EYKT",NA,NA,NA,NA,NA,NA,NA,NA
"3379","SL_2023_EYKT_Dive_19_07-47-42.000.avi","14770","8:29:11","584.31","794.77","QC","AnaVinson",NA,"N/A","2023","19","24","Line","Bad","going backwards","BGB","BGB","1","AD","Passing","",NA,NA,"EYKT",NA,NA,NA,NA,NA,NA,NA,NA
"3380","SL_2023_EYKT_Dive_19_07-47-42.000.avi","15796","8:29:46","637.91","749.02","QC","AnaVinson",NA,"N/A","2023","19","24","Line","Good","Good Going Forward","GGF","GGF","1","AD","Passing","",NA,NA,"EYKT",NA,NA,NA,NA,NA,NA,NA,NA
"3381","SL_2023_EYKT_Dive_19_07-47-42.000.avi","46943","8:47:04","600","800","QC","AnaVinson",NA,"N/A","2023","19","24","Line","Bad","going over drop-off","BDO","BDO","1","AD","Passing","",NA,NA,"EYKT",NA,NA,NA,NA,NA,NA,NA,NA
"3382","SL_2023_EYKT_Dive_19_07-47-42.000.avi","47433","8:47:20","611.76","775.16","QC","AnaVinson",NA,"N/A","2023","19","24","Line","Good","Good Going Forward","GGF","GGF","1","AD","Passing","",NA,NA,"EYKT",NA,NA,NA,NA,NA,NA,NA,NA
"3383","SL_2023_EYKT_Dive_19_07-47-42.000.avi","51367","8:49:31","479.74","649.67","QC","AnaVinson",NA,"N/A","2023","19","24","Line","Bad","going over drop-off","BDO","BDO","1","AD","Passing","",NA,NA,"EYKT",NA,NA,NA,NA,NA,NA,NA,NA
"3384","SL_2023_EYKT_Dive_19_07-47-42.000.avi","52020","8:49:53","593.46","798.69","QC","AnaVinson",NA,"N/A","2023","19","24","Line","Good","Good Going Forward","GGF","GGF","1","AD","Passing","",NA,NA,"EYKT",NA,NA,NA,NA,NA,NA,NA,NA
"3385","SL_2023_EYKT_Dive_19_07-47-42.000.avi","57620","8:53:00","549.02","813.07","QC","AnaVinson",NA,"N/A","2023","19","24","Line","Bad","going over drop-off","BDO","BDO","1","AD","Passing","",NA,NA,"EYKT",NA,NA,NA,NA,NA,NA,NA,NA
"3386","SL_2023_EYKT_Dive_19_07-47-42.000.avi","58714","8:53:36","600","800","QC","AnaVinson",NA,"N/A","2023","19","24","Line","Good","Good Going Forward","GGF","GGF","1","AD","Passing","",NA,NA,"EYKT",NA,NA,NA,NA,NA,NA,NA,NA
"3387","SL_2023_EYKT_Dive_19_07-47-42.000.avi","66634","8:58:00","601.31","798.69","QC","AnaVinson",NA,"N/A","2023","19","24","Line","Bad","going over drop-off","BDO","BDO","1","AD","Passing","",NA,NA,"EYKT",NA,NA,NA,NA,NA,NA,NA,NA
"3388","SL_2023_EYKT_Dive_19_07-47-42.000.avi","67466","8:58:28","598.69","779.08","QC","AnaVinson",NA,"N/A","2023","19","24","Line","Good","Good Going Forward","GGF","GGF","1","AD","Passing","",NA,NA,"EYKT",NA,NA,NA,NA,NA,NA,NA,NA
"3389","SL_2023_EYKT_Dive_19_07-47-42.000.avi","68323","8:58:56","580.39","780.39","QC","AnaVinson",NA,"N/A","2023","19","24","Line","Good","Good Going Forward","GGF","GGF","1","AD","Passing","End",NA,NA,"EYKT",NA,NA,NA,NA,NA,NA,NA,NA
"3390","SL_2023_EYKT_Dive_20_10-01-20.000.avi","279","10:11:24","649.67","890.2","QC","AnaVinson",NA,"N/A","2023","20","28","Line","Good","Good Going Forward","GGF","GGF","1","AD","Passing","Start","",NA,"EYKT",NA,NA,NA,NA,NA,NA,NA,NA
"3391","SL_2023_EYKT_Dive_20_10-01-20.000.avi","9544","10:16:33","852.29","867.97","QC","AnaVinson",NA,"N/A","2023","20","28","Line","Good","Good Going Forward","GGF","GGF","1","AD","Passing","End","Short dive",NA,"EYKT",NA,NA,NA,NA,NA,NA,NA,NA
"3392","SL_2023_EYKT_Dive_21_11-20-03.000.avi","672","11:25:22","551.63","661.44","QC","AnaVinson",NA,"N/A","2023","21","27","Line","Good","Good Going Forward","GGF","GGF","1","AD","Passing","Start",NA,NA,"EYKT",NA,NA,NA,NA,NA,NA,NA,NA
"3393","SL_2023_EYKT_Dive_21_11-20-03.000.avi","1394","11:25:46","558.17","819.61","QC","AnaVinson",NA,"N/A","2023","21","27","Line","Bad","loitering in same area","BLA","BLA","1","AD","Passing","",NA,NA,"EYKT",NA,NA,NA,NA,NA,NA,NA,NA
"3394","SL_2023_EYKT_Dive_21_11-20-03.000.avi","1996","11:26:07","602.61","768.63","QC","AnaVinson",NA,"N/A","2023","21","27","Line","Good","Good Going Forward","GGF","GGF","1","AD","Passing","",NA,NA,"EYKT",NA,NA,NA,NA,NA,NA,NA,NA
"3395","SL_2023_EYKT_Dive_21_11-20-03.000.avi","17752","11:34:52","627.45","803.92","QC","AnaVinson",NA,"N/A","2023","21","27","Line","Bad","going over drop-off","BDO","BDO","1","AD","Passing","",NA,NA,"EYKT",NA,NA,NA,NA,NA,NA,NA,NA
"3396","SL_2023_EYKT_Dive_21_11-20-03.000.avi","18217","11:35:07","657.52","605.23","QC","AnaVinson",NA,"N/A","2023","21","27","Line","Good","Good Going Forward","GGF","GGF","1","AD","Passing","",NA,NA,"EYKT",NA,NA,NA,NA,NA,NA,NA,NA
"3397","SL_2023_EYKT_Dive_21_11-20-03.000.avi","19866","11:36:02","600","800","QC","AnaVinson",NA,"N/A","2023","21","27","Line","Bad","going over drop-off","BDO","BDO","1","AD","Passing","",NA,NA,"EYKT",NA,NA,NA,NA,NA,NA,NA,NA
"3398","SL_2023_EYKT_Dive_21_11-20-03.000.avi","20203","11:36:13","600","789.54","QC","AnaVinson",NA,"N/A","2023","21","27","Line","Good","Good Going Forward","GGF","GGF","1","AD","Passing","",NA,NA,"EYKT",NA,NA,NA,NA,NA,NA,NA,NA
"3399","SL_2023_EYKT_Dive_21_11-20-03.000.avi","38766","11:46:32","635.29","789.54","QC","AnaVinson",NA,"N/A","2023","21","27","Line","Bad","going backwards","BGB","BGB","1","AD","Passing","",NA,NA,"EYKT",NA,NA,NA,NA,NA,NA,NA,NA
"3400","SL_2023_EYKT_Dive_21_11-20-03.000.avi","39260","11:46:49","568.63","1043.14","QC","AnaVinson",NA,"N/A","2023","21","27","Line","Good","Good Going Forward","GGF","GGF","1","AD","Passing","",NA,NA,"EYKT",NA,NA,NA,NA,NA,NA,NA,NA
"3401","SL_2023_EYKT_Dive_21_11-20-03.000.avi","58710","11:57:37","718.95","755.56","QC","AnaVinson",NA,"N/A","2023","21","27","Line","Bad","lost bottom visual","BLB","BLB","1","AD","Passing","",NA,NA,"EYKT",NA,NA,NA,NA,NA,NA,NA,NA
"3402","SL_2023_EYKT_Dive_21_11-20-03.000.avi","59014","11:57:47","555.56","813.07","QC","AnaVinson",NA,"N/A","2023","21","27","Line","Good","Good Going Forward","GGF","GGF","1","AD","Passing","",NA,NA,"EYKT",NA,NA,NA,NA,NA,NA,NA,NA
"3403","SL_2023_EYKT_Dive_21_11-20-03.000.avi","61865","11:59:22","622.22","858.82","QC","AnaVinson",NA,"N/A","2023","21","27","Line","Good","Good Going Forward","GGF","GGF","1","AD","Passing","End",NA,NA,"EYKT",NA,NA,NA,NA,NA,NA,NA,NA
"3404","SL_2023_EYKT_Dive_22_12-33-17.000.avi","800","0:45:18","600","800","QC","AnaVinson",NA,"N/A","2023","22","31","Groundtruth","Good","Good Going Forward","GGF","GGF","1","AD","Passing","Start",NA,NA,"EYKT",NA,NA,NA,NA,NA,NA,NA,NA
"3405","SL_2023_EYKT_Dive_22_12-33-17.000.avi","60613","0:18:31","572.55","781.7","QC","AnaVinson",NA,"N/A","2023","22","31","Groundtruth","Good","Good Going Forward","GGF","GGF","1","AD","Passing","End",NA,NA,"EYKT",NA,NA,NA,NA,NA,NA,NA,NA
"3406","SL_2023_EYKT_Dive_23_15-35-57.000.avi","801","15:44:37","563.4","805.23","QC","AnaVinson",NA,"N/A","2023","23","33","Line","Good","Good Going Forward","GGF","GGF","1","AD","Passing","Start",NA,NA,"EYKT",NA,NA,NA,NA,NA,NA,NA,NA
"3407","SL_2023_EYKT_Dive_23_15-35-57.000.avi","2851","15:45:45","600","800","QC","AnaVinson",NA,"N/A","2023","23","33","Line","Bad","lost bottom visual","BLB","BLB","1","AD","Passing","",NA,NA,"EYKT",NA,NA,NA,NA,NA,NA,NA,NA
"3408","SL_2023_EYKT_Dive_23_15-35-57.000.avi","3050","15:45:52","600","768.63","QC","AnaVinson",NA,"N/A","2023","23","33","Line","Good","Good Going Forward","GGF","GGF","1","AD","Passing","",NA,NA,"EYKT",NA,NA,NA,NA,NA,NA,NA,NA
"3409","SL_2023_EYKT_Dive_23_15-35-57.000.avi","7352","15:48:15","600","800","QC","AnaVinson",NA,"N/A","2023","23","33","Line","Bad","loitering in same area","BLA","BLA","1","AD","Passing","",NA,NA,"EYKT",NA,NA,NA,NA,NA,NA,NA,NA
"3410","SL_2023_EYKT_Dive_23_15-35-57.000.avi","7676","15:48:26","592.16","867.97","QC","AnaVinson",NA,"N/A","2023","23","33","Line","Good","Good Going Forward","GGF","GGF","1","AD","Passing","",NA,NA,"EYKT",NA,NA,NA,NA,NA,NA,NA,NA
"3411","SL_2023_EYKT_Dive_23_15-35-57.000.avi","53562","16:13:55","605.23","664.05","QC","AnaVinson",NA,"N/A","2023","23","33","Line","Good","Good Going Forward","GGF","GGF","1","AD","Passing","End",NA,NA,"EYKT",NA,NA,NA,NA,NA,NA,NA,NA
"3412","SL_2023_EYKT_Dive_24_16-36-46.000.avi","1297","16:44:48","666.67","776.47","QC","AnaVinson",NA,"N/A","2023","24","34","Line","Good","Good Going Forward","GGF","GGF","1","AD","Passing","Start",NA,NA,"EYKT",NA,NA,NA,NA,NA,NA,NA,NA
"3413","SL_2023_EYKT_Dive_24_16-36-46.000.avi","59063","17:16:54","600","800","QC","AnaVinson",NA,"N/A","2023","24","34","Line","Bad","going over drop-off","BDO","BDO","1","AD","Passing","",NA,NA,"EYKT",NA,NA,NA,NA,NA,NA,NA,NA
"3414","SL_2023_EYKT_Dive_24_16-36-46.000.avi","59711","17:17:15","712.42","683.66","QC","AnaVinson",NA,"N/A","2023","24","34","Line","Good","Good Going Forward","GGF","GGF","1","AD","Passing","",NA,NA,"EYKT",NA,NA,NA,NA,NA,NA,NA,NA
"3415","SL_2023_EYKT_Dive_24_16-36-46.000.avi","60565","17:17:44","530.72","726.8","QC","AnaVinson",NA,"N/A","2023","24","34","Line","Good","Good Going Forward","GGF","GGF","1","AD","Passing","End",NA,NA,"EYKT",NA,NA,NA,NA,NA,NA,NA,NA
